日期,开盘,收盘,最高,最低,涨跌幅,涨跌额,成交量,成交额,振幅,换手率
2010-01-04,977.85,977.85,977.85,977.85,-2.22,-22.15,206287,356864648.0,0.0,0.13
2010-01-05,985.6,985.6,985.6,985.6,0.79,7.75,298177,481027463.0,0.0,0.18
2010-01-06,973.76,973.76,973.76,973.76,-1.2,-11.84,311488,529791600.0,0.0,0.19
2010-01-07,988.0,988.0,988.0,988.0,1.46,14.24,498208,805652629.0,0.0,0.31
2010-01-08,974.55,974.55,974.55,974.55,-1.36,-13.45,229991,357808068.0,0.0,0.14
2010-01-11,977.99,977.99,977.99,977.99,0.35,3.44,402067,687835150.0,0.0,0.25
2010-01-12,1005.07,1005.07,1005.07,1005.07,2.77,27.08,379979,676361089.0,0.0,0.23
2010-01-13,988.78,988.78,988.78,988.78,-1.62,-16.29,395162,715729421.0,0.0,0.24
2010-01-14,1013.02,1013.02,1013.02,1013.02,2.45,24.24,360597,650947837.0,0.0,0.22
2010-01-15,1018.75,1018.75,1018.75,1018.75,0.57,5.73,335139,594185665.0,0.0,0.21
2010-01-18,1004.8,1004.8,1004.8,1004.8,-1.37,-13.95,217670,418871412.0,0.0,0.13
2010-01-19,1017.34,1017.34,1017.34,1017.34,1.25,12.54,492261,856052449.0,0.0,0.3
2010-01-20,1001.74,1001.74,1001.74,1001.74,-1.53,-15.6,498344,897319646.0,0.0,0.31
2010-01-21,1054.09,1054.09,1054.09,1054.09,5.23,52.35,539022,914727160.0,0.0,0.33
2010-01-22,1002.41,1002.41,1002.41,1002.41,-4.9,-51.68,447101,743407394.0,0.0,0.27
2010-01-25,974.54,974.54,974.54,974.54,-2.78,-27.87,194092,315457830.0,0.0,0.12
2010-01-26,940.67,940.67,940.67,940.67,-3.48,-33.87,215391,335940038.0,0.0,0.13
2010-01-27,934.56,934.56,934.56,934.56,-0.65,-6.11,230940,353735438.0,0.0,0.14
2010-01-28,932.36,932.36,932.36,932.36,-0.24,-2.2,185837,278317590.0,0.0,0.11
2010-01-29,930.14,930.14,930.14,930.14,-0.24,-2.22,147130,226310090.0,0.0,0.09
2010-02-01,904.22,904.22,904.22,904.22,-2.79,-25.92,193531,299035928.0,0.0,0.12
2010-02-02,889.17,889.17,889.17,889.17,-1.66,-15.05,144066,217141239.0,0.0,0.09
2010-02-03,910.22,910.22,910.22,910.22,2.37,21.05,172804,260602756.0,0.0,0.11
2010-02-04,919.49,919.49,919.49,919.49,1.02,9.27,174017,258683722.0,0.0,0.11
2010-02-05,895.77,895.77,895.77,895.77,-2.58,-23.72,143451,216148749.0,0.0,0.09
2010-02-08,902.49,902.49,902.49,902.49,0.75,6.72,120795,183211877.0,0.0,0.07
2010-02-09,905.76,905.76,905.76,905.76,0.36,3.27,97104,145181224.0,0.0,0.06
2010-02-10,922.09,922.09,922.09,922.09,1.8,16.33,133726,202407734.0,0.0,0.08
2010-02-11,917.03,917.03,917.03,917.03,-0.55,-5.06,90928,138441118.0,0.0,0.06
2010-02-12,923.35,923.35,923.35,923.35,0.69,6.32,80781,123278605.0,0.0,0.05
2010-02-22,927.22,927.22,927.22,927.22,0.42,3.87,124023,185055549.0,0.0,0.08
2010-02-23,927.89,927.89,927.89,927.89,0.07,0.67,127451,197137675.0,0.0,0.08
2010-02-24,949.25,949.25,949.25,949.25,2.3,21.36,152772,237386953.0,0.0,0.09
2010-02-25,963.1,963.1,963.1,963.1,1.46,13.85,234305,375829431.0,0.0,0.14
2010-02-26,976.41,976.41,976.41,976.41,1.38,13.31,249684,391952850.0,0.0,0.15
2010-03-01,980.88,980.88,980.88,980.88,0.46,4.47,308910,496309373.0,0.0,0.19
2010-03-02,991.66,991.66,991.66,991.66,1.1,10.78,230606,367160598.0,0.0,0.14
2010-03-03,1011.56,1011.56,1011.56,1011.56,2.01,19.9,302877,510105102.0,0.0,0.19
2010-03-04,967.94,967.94,967.94,967.94,-4.31,-43.62,256278,411107293.0,0.0,0.16
2010-03-05,976.11,976.11,976.11,976.11,0.84,8.17,219478,350506651.0,0.0,0.13
2010-03-08,1014.93,1014.93,1014.93,1014.93,3.98,38.82,300831,491607253.0,0.0,0.18
2010-03-09,1010.85,1010.85,1010.85,1010.85,-0.4,-4.08,190641,316028797.0,0.0,0.12
2010-03-10,979.91,979.91,979.91,979.91,-3.06,-30.94,180935,293664045.0,0.0,0.11
2010-03-11,1012.96,1012.96,1012.96,1012.96,3.37,33.05,419916,761842939.0,0.0,0.26
2010-03-12,988.94,988.94,988.94,988.94,-2.37,-24.02,325297,570985898.0,0.0,0.2
2010-03-15,986.26,986.26,986.26,986.26,-0.27,-2.68,238103,423675563.0,0.0,0.15
2010-03-16,988.35,988.35,988.35,988.35,0.21,2.09,187311,329788336.0,0.0,0.11
2010-03-17,1003.97,1003.97,1003.97,1003.97,1.58,15.62,193640,348861631.0,0.0,0.12
2010-03-18,1005.22,1005.22,1005.22,1005.22,0.12,1.25,195223,350178086.0,0.0,0.12
2010-03-19,1005.74,1005.74,1005.74,1005.74,0.05,0.52,138497,237998484.0,0.0,0.08
2010-03-22,1009.83,1009.83,1009.83,1009.83,0.41,4.09,191831,334002452.0,0.0,0.12
2010-03-23,981.73,981.73,981.73,981.73,-2.78,-28.1,220664,382319544.0,0.0,0.14
2010-03-24,977.92,977.92,977.92,977.92,-0.39,-3.81,188568,315869122.0,0.0,0.12
2010-03-25,964.43,964.43,964.43,964.43,-1.38,-13.49,162486,266334725.0,0.0,0.1
2010-03-26,982.66,982.66,982.66,982.66,1.89,18.23,143110,243636181.0,0.0,0.09
2010-03-29,985.79,985.79,985.79,985.79,0.32,3.13,195356,328424499.0,0.0,0.12
2010-03-30,988.59,988.59,988.59,988.59,0.28,2.8,178261,302458049.0,0.0,0.11
2010-03-31,983.82,983.82,983.82,983.82,-0.48,-4.77,189891,313310644.0,0.0,0.12
2010-04-01,994.3,994.3,994.3,994.3,1.07,10.48,284784,471016789.0,0.0,0.17
2010-04-02,991.42,991.42,991.42,991.42,-0.29,-2.88,199752,334391691.0,0.0,0.12
2010-04-06,1004.89,1004.89,1004.89,1004.89,1.36,13.47,233581,380577853.0,0.0,0.14
2010-04-07,1005.6,1005.6,1005.6,1005.6,0.07,0.71,255289,434614270.0,0.0,0.16
2010-04-08,996.19,996.19,996.19,996.19,-0.94,-9.41,215618,361594189.0,0.0,0.13
2010-04-09,1006.18,1006.18,1006.18,1006.18,1.0,9.99,208387,363972462.0,0.0,0.13
2010-04-12,998.28,998.28,998.28,998.28,-0.79,-7.9,218361,391045901.0,0.0,0.13
2010-04-13,1016.19,1016.19,1016.19,1016.19,1.79,17.91,366023,627135796.0,0.0,0.22
2010-04-14,1015.46,1015.46,1015.46,1015.46,-0.07,-0.73,287482,526129039.0,0.0,0.18
2010-04-15,1003.54,1003.54,1003.54,1003.54,-1.17,-11.92,196796,344085585.0,0.0,0.12
2010-04-16,988.89,988.89,988.89,988.89,-1.46,-14.65,170852,297258824.0,0.0,0.1
2010-04-19,911.27,911.27,911.27,911.27,-7.85,-77.62,246123,394565331.0,0.0,0.15
2010-04-20,919.22,919.22,919.22,919.22,0.87,7.95,192964,309459312.0,0.0,0.12
2010-04-21,931.1,931.1,931.1,931.1,1.29,11.88,232795,375072114.0,0.0,0.14
2010-04-22,916.11,916.11,916.11,916.11,-1.61,-14.99,243872,400101532.0,0.0,0.15
2010-04-23,914.84,914.84,914.84,914.84,-0.14,-1.27,231142,375376430.0,0.0,0.14
2010-04-26,912.26,912.26,912.26,912.26,-0.28,-2.58,141814,229584990.0,0.0,0.09
2010-04-27,894.46,894.46,894.46,894.46,-1.95,-17.8,238318,384227843.0,0.0,0.15
2010-04-28,897.08,897.08,897.08,897.08,0.29,2.62,167849,277433175.0,0.0,0.1
2010-04-29,887.35,887.35,887.35,887.35,-1.08,-9.73,229324,383202778.0,0.0,0.14
2010-04-30,891.13,891.13,891.13,891.13,0.43,3.78,209817,331377201.0,0.0,0.13
2010-05-04,865.13,865.13,865.13,865.13,-2.92,-26.0,133502,196693193.0,0.0,0.08
2010-05-05,890.08,890.08,890.08,890.08,2.88,24.95,159472,239780727.0,0.0,0.1
2010-05-06,858.62,858.62,858.62,858.62,-3.53,-31.46,75430,104624554.0,0.0,0.05
2010-05-07,833.86,833.86,833.86,833.86,-2.88,-24.76,236082,379942786.0,0.0,0.14
2010-05-10,838.6,838.6,838.6,838.6,0.57,4.74,177981,282853689.0,0.0,0.11
2010-05-11,800.94,800.94,800.94,800.94,-4.49,-37.66,192332,282601334.0,0.0,0.12
2010-05-12,783.82,783.82,783.82,783.82,-2.14,-17.12,157625,227061139.0,0.0,0.1
2010-05-13,810.89,810.89,810.89,810.89,3.45,27.07,199931,290197692.0,0.0,0.12
2010-05-14,812.56,812.56,812.56,812.56,0.21,1.67,141084,209370403.0,0.0,0.09
2010-05-17,773.82,773.82,773.82,773.82,-4.77,-38.74,37007,62105736.0,0.0,0.02
2010-05-18,782.31,782.31,782.31,782.31,1.1,8.49,200607,271204024.0,0.0,0.12
2010-05-19,770.36,770.36,770.36,770.36,-1.53,-11.95,152756,201582331.0,0.0,0.09
2010-05-20,742.4,742.4,742.4,742.4,-3.63,-27.96,104497,138933434.0,0.0,0.06
2010-05-21,757.15,757.15,757.15,757.15,1.99,14.75,183213,267122894.0,0.0,0.11
2010-05-24,788.33,788.33,788.33,788.33,4.12,31.18,227232,350936941.0,0.0,0.14
2010-05-25,783.86,783.86,783.86,783.86,-0.57,-4.47,161302,248902268.0,0.0,0.1
2010-05-26,783.35,783.35,783.35,783.35,-0.07,-0.51,145754,212105978.0,0.0,0.09
2010-05-27,794.51,794.51,794.51,794.51,1.42,11.16,160523,238556567.0,0.0,0.1
2010-05-28,799.66,799.66,799.66,799.66,0.65,5.15,205317,319855722.0,0.0,0.13
2010-05-31,798.41,798.41,798.41,798.41,-0.16,-1.25,359734,594707407.0,0.0,0.22
2010-06-01,774.52,774.52,774.52,774.52,-2.99,-23.89,202046,318983641.0,0.0,0.12
2010-06-02,798.46,798.46,798.46,798.46,3.09,23.94,181003,301705409.0,0.0,0.11
2010-06-03,793.2,793.2,793.2,793.2,-0.66,-5.26,146432,242463356.0,0.0,0.09
2010-06-04,802.09,802.09,802.09,802.09,1.12,8.89,102432,149081474.0,0.0,0.06
2010-06-07,782.82,782.82,782.82,782.82,-2.4,-19.27,119100,188077973.0,0.0,0.07
2010-06-08,793.51,793.51,793.51,793.51,1.37,10.69,77741,126081089.0,0.0,0.05
2010-06-09,830.46,830.46,830.46,830.46,4.66,36.95,203276,296371124.0,0.0,0.12
2010-06-10,815.23,815.23,815.23,815.23,-1.83,-15.23,119612,166709547.0,0.0,0.07
2010-06-11,814.15,814.15,814.15,814.15,-0.13,-1.08,103037,169048255.0,0.0,0.06
2010-06-17,801.96,801.96,801.96,801.96,-1.5,-12.19,69304,101306225.0,0.0,0.04
2010-06-18,778.48,778.48,778.48,778.48,-2.93,-23.48,121634,188681307.0,0.0,0.07
2010-06-21,793.51,793.51,793.51,793.51,1.93,15.03,91265,135872428.0,0.0,0.06
2010-06-22,788.83,788.83,788.83,788.83,-0.59,-4.68,77276,114067430.0,0.0,0.05
2010-06-23,780.42,780.42,780.42,780.42,-1.07,-8.41,86464,128715621.0,0.0,0.05
2010-06-24,793.88,793.88,793.88,793.88,1.72,13.46,74724,107753347.0,0.0,0.05
2010-06-25,783.47,783.47,783.47,783.47,-1.31,-10.41,66219,99352288.0,0.0,0.04
2010-06-28,760.37,760.37,760.37,760.37,-2.95,-23.1,67602,99039908.0,0.0,0.04
2010-06-29,726.31,726.31,726.31,726.31,-4.48,-34.06,110442,157078982.0,0.0,0.07
2010-06-30,735.84,735.84,735.84,735.84,1.31,9.53,88017,125566400.0,0.0,0.05
2010-07-01,712.85,712.85,712.85,712.85,-3.12,-22.99,65087,96398304.0,0.0,0.04
2010-07-02,725.2,725.2,725.2,725.2,1.73,12.35,103573,146051542.0,0.0,0.06
2010-07-05,718.46,718.46,718.46,718.46,-0.93,-6.74,55807,77152588.0,0.0,0.03
2010-07-06,728.44,728.44,728.44,728.44,1.39,9.98,62293,83526984.0,0.0,0.04
2010-07-07,733.14,733.14,733.14,733.14,0.65,4.7,47664,63198669.0,0.0,0.03
2010-07-08,725.39,725.39,725.39,725.39,-1.06,-7.75,74790,94848860.0,0.0,0.05
2010-07-09,740.87,740.87,740.87,740.87,2.13,15.48,87322,109675921.0,0.0,0.05
2010-07-12,748.63,748.63,748.63,748.63,1.05,7.76,82266,112480035.0,0.0,0.05
2010-07-13,747.57,747.57,747.57,747.57,-0.14,-1.06,83482,129631725.0,0.0,0.05
2010-07-14,749.27,749.27,749.27,749.27,0.23,1.7,68402,97233424.0,0.0,0.04
2010-07-15,727.31,727.31,727.31,727.31,-2.93,-21.96,73740,106097290.0,0.0,0.05
2010-07-16,729.76,729.76,729.76,729.76,0.34,2.45,81964,116460184.0,0.0,0.05
2010-07-19,738.76,738.76,738.76,738.76,1.23,9.0,71497,99477808.0,0.0,0.04
2010-07-20,757.06,757.06,757.06,757.06,2.48,18.3,146923,201015029.0,0.0,0.09
2010-07-21,755.92,755.92,755.92,755.92,-0.15,-1.14,91891,128431455.0,0.0,0.06
2010-07-22,766.13,766.13,766.13,766.13,1.35,10.21,92531,117292396.0,0.0,0.06
2010-07-23,770.34,770.34,770.34,770.34,0.55,4.21,124735,152150422.0,0.0,0.08
2010-07-26,780.47,780.47,780.47,780.47,1.32,10.13,100711,145965878.0,0.0,0.06
2010-07-27,785.33,785.33,785.33,785.33,0.62,4.86,91950,115153094.0,0.0,0.06
2010-07-28,799.28,799.28,799.28,799.28,1.78,13.95,112538,159558169.0,0.0,0.07
2010-07-29,802.36,802.36,802.36,802.36,0.39,3.08,114951,162851438.0,0.0,0.07
2010-07-30,795.86,795.86,795.86,795.86,-0.81,-6.5,78259,113572200.0,0.0,0.05
2010-08-02,802.19,802.19,802.19,802.19,0.8,6.33,114292,173907453.0,0.0,0.07
2010-08-03,776.04,776.04,776.04,776.04,-3.26,-26.15,100100,145196526.0,0.0,0.06
2010-08-04,777.01,777.01,777.01,777.01,0.12,0.97,87588,126523527.0,0.0,0.05
2010-08-05,784.59,784.59,784.59,784.59,0.98,7.58,113662,169916461.0,0.0,0.07
2010-08-06,802.78,802.78,802.78,802.78,2.32,18.19,164091,225798038.0,0.0,0.1
2010-08-09,801.71,801.71,801.71,801.71,-0.13,-1.07,143763,210873590.0,0.0,0.09
2010-08-10,775.07,775.07,775.07,775.07,-3.32,-26.64,141266,211217585.0,0.0,0.09
2010-08-11,766.79,766.79,766.79,766.79,-1.07,-8.28,103746,161331281.0,0.0,0.06
2010-08-12,760.35,760.35,760.35,760.35,-0.84,-6.44,95843,141739740.0,0.0,0.06
2010-08-13,778.57,778.57,778.57,778.57,2.4,18.22,118630,183939276.0,0.0,0.07
2010-08-16,797.74,797.74,797.74,797.74,2.46,19.17,173484,282524699.0,0.0,0.11
2010-08-17,805.44,805.44,805.44,805.44,0.97,7.7,148309,237164850.0,0.0,0.09
2010-08-18,801.2,801.2,801.2,801.2,-0.53,-4.24,114180,168803653.0,0.0,0.07
2010-08-19,816.38,816.38,816.38,816.38,1.89,15.18,193490,299774320.0,0.0,0.12
2010-08-20,803.04,803.04,803.04,803.04,-1.63,-13.34,158862,256507851.0,0.0,0.1
2010-08-23,802.11,802.11,802.11,802.11,-0.12,-0.93,86087,137479643.0,0.0,0.05
2010-08-24,821.8,821.8,821.8,821.8,2.45,19.69,143841,210519083.0,0.0,0.09
2010-08-25,805.27,805.27,805.27,805.27,-2.01,-16.53,155322,213500022.0,0.0,0.1
2010-08-26,821.54,821.54,821.54,821.54,2.02,16.27,155928,207728207.0,0.0,0.1
2010-08-27,815.66,815.66,815.66,815.66,-0.72,-5.88,56482,62872696.0,0.0,0.03
2010-08-30,826.48,826.48,826.48,826.48,1.33,10.82,161719,230878773.0,0.0,0.1
2010-08-31,835.11,835.11,835.11,835.11,1.04,8.63,187057,255938841.0,0.0,0.11
2010-09-01,831.13,831.13,831.13,831.13,-0.48,-3.98,272617,452139268.0,0.0,0.17
2010-09-02,836.56,836.56,836.56,836.56,0.65,5.43,207164,350940929.0,0.0,0.13
2010-09-03,851.16,851.16,851.16,851.16,1.75,14.6,181027,302043421.0,0.0,0.11
2010-09-06,849.75,849.75,849.75,849.75,-0.17,-1.41,214052,329681237.0,0.0,0.13
2010-09-07,839.56,839.56,839.56,839.56,-1.2,-10.19,176630,282612932.0,0.0,0.11
2010-09-08,840.51,840.51,840.51,840.51,0.11,0.95,121884,191678925.0,0.0,0.07
2010-09-09,817.19,817.19,817.19,817.19,-2.77,-23.32,159342,238802288.0,0.0,0.1
2010-09-10,826.67,826.67,826.67,826.67,1.16,9.48,135548,215755239.0,0.0,0.08
2010-09-13,841.01,841.01,841.01,841.01,1.73,14.34,171743,298006353.0,0.0,0.11
2010-09-14,839.37,839.37,839.37,839.37,-0.2,-1.64,206807,362578646.0,0.0,0.13
2010-09-15,831.92,831.92,831.92,831.92,-0.89,-7.45,142825,240956770.0,0.0,0.09
2010-09-16,819.38,819.38,819.38,819.38,-1.51,-12.54,147641,239081042.0,0.0,0.09
2010-09-17,816.38,816.38,816.38,816.38,-0.37,-3.0,101686,155051266.0,0.0,0.06
2010-09-20,796.78,796.78,796.78,796.78,-2.4,-19.6,75120,117551361.0,0.0,0.05
2010-09-21,795.79,795.79,795.79,795.79,-0.12,-0.99,64378,99410861.0,0.0,0.04
2010-09-27,818.07,818.07,818.07,818.07,2.8,22.28,80433,111284308.0,0.0,0.05
2010-09-28,817.24,817.24,817.24,817.24,-0.1,-0.83,88661,145792570.0,0.0,0.05
2010-09-29,798.61,798.61,798.61,798.61,-2.28,-18.63,76059,123269739.0,0.0,0.05
2010-09-30,815.35,815.35,815.35,815.35,2.1,16.74,85064,137847798.0,0.0,0.05
2010-10-08,832.94,832.94,832.94,832.94,2.16,17.59,109904,170767372.0,0.0,0.07
2010-10-11,842.19,842.19,842.19,842.19,1.11,9.25,272723,419710398.0,0.0,0.17
2010-10-12,828.44,828.44,828.44,828.44,-1.63,-13.75,176304,278164051.0,0.0,0.11
2010-10-13,839.37,839.37,839.37,839.37,1.32,10.93,186782,299343538.0,0.0,0.11
2010-10-14,834.35,834.35,834.35,834.35,-0.6,-5.02,238654,337497599.0,0.0,0.15
2010-10-15,860.69,860.69,860.69,860.69,3.16,26.34,356129,532886200.0,0.0,0.22
2010-10-18,831.66,831.66,831.66,831.66,-3.37,-29.03,403726,599983351.0,0.0,0.25
2010-10-19,844.58,844.58,844.58,844.58,1.55,12.92,245732,373207657.0,0.0,0.15
2010-10-20,842.25,842.25,842.25,842.25,-0.28,-2.33,86589,154906844.0,0.0,0.05
2010-10-21,829.86,829.86,829.86,829.86,-1.47,-12.39,148400,218416721.0,0.0,0.09
2010-10-22,836.22,836.22,836.22,836.22,0.77,6.36,221189,354970680.0,0.0,0.14
2010-10-25,856.09,856.09,856.09,856.09,2.38,19.87,239360,366382518.0,0.0,0.15
2010-10-26,868.82,868.82,868.82,868.82,1.49,12.73,251399,371606445.0,0.0,0.15
2010-10-27,850.78,850.78,850.78,850.78,-2.08,-18.04,174836,269441031.0,0.0,0.11
2010-10-28,847.95,847.95,847.95,847.95,-0.33,-2.83,157592,251352799.0,0.0,0.1
2010-10-29,861.58,861.58,861.58,861.58,1.61,13.63,237053,407003573.0,0.0,0.15
2010-11-01,870.48,870.48,870.48,870.48,1.03,8.9,245914,432163249.0,0.0,0.15
2010-11-02,873.61,873.61,873.61,873.61,0.36,3.13,322286,564866758.0,0.0,0.2
2010-11-03,862.46,862.46,862.46,862.46,-1.28,-11.15,208121,338069652.0,0.0,0.13
2010-11-04,873.47,873.47,873.47,873.47,1.28,11.01,156157,249183396.0,0.0,0.1
2010-11-05,882.25,882.25,882.25,882.25,1.01,8.78,191934,282063083.0,0.0,0.12
2010-11-08,902.68,902.68,902.68,902.68,2.32,20.43,213830,358828083.0,0.0,0.13
2010-11-09,892.91,892.91,892.91,892.91,-1.08,-9.77,185029,297929190.0,0.0,0.11
2010-11-10,900.1,900.1,900.1,900.1,0.81,7.19,227792,344311725.0,0.0,0.14
2010-11-11,887.9,887.9,887.9,887.9,-1.36,-12.2,245076,397621205.0,0.0,0.15
2010-11-12,826.92,826.92,826.92,826.92,-6.87,-60.98,263927,424123183.0,0.0,0.16
2010-11-15,838.93,838.93,838.93,838.93,1.45,12.01,139882,226929750.0,0.0,0.09
2010-11-16,810.79,810.79,810.79,810.79,-3.35,-28.14,179046,287552755.0,0.0,0.11
2010-11-17,813.1,813.1,813.1,813.1,0.28,2.31,109153,163482246.0,0.0,0.07
2010-11-18,814.54,814.54,814.54,814.54,0.18,1.44,74188,112992420.0,0.0,0.05
2010-11-19,830.46,830.46,830.46,830.46,1.95,15.92,152425,238026828.0,0.0,0.09
2010-11-22,823.5,823.5,823.5,823.5,-0.84,-6.96,109892,174641729.0,0.0,0.07
2010-11-23,812.33,812.33,812.33,812.33,-1.36,-11.17,143422,239577568.0,0.0,0.09
2010-11-24,831.07,831.07,831.07,831.07,2.31,18.74,152437,262815960.0,0.0,0.09
2010-11-25,849.79,849.79,849.79,849.79,2.25,18.72,189815,322769797.0,0.0,0.12
2010-11-26,834.5,834.5,834.5,834.5,-1.8,-15.29,114876,189774058.0,0.0,0.07
2010-11-29,845.08,845.08,845.08,845.08,1.27,10.58,131479,233249018.0,0.0,0.08
2010-11-30,817.31,817.31,817.31,817.31,-3.29,-27.77,132217,222523206.0,0.0,0.08
2010-12-01,812.77,812.77,812.77,812.77,-0.56,-4.54,78316,128589075.0,0.0,0.05
2010-12-02,814.57,814.57,814.57,814.57,0.22,1.8,93347,149274928.0,0.0,0.06
2010-12-03,807.94,807.94,807.94,807.94,-0.81,-6.63,56252,88240433.0,0.0,0.03
2010-12-06,809.08,809.08,809.08,809.08,0.14,1.14,82819,125326612.0,0.0,0.05
2010-12-07,809.39,809.39,809.39,809.39,0.04,0.31,72310,110173650.0,0.0,0.04
2010-12-08,798.21,798.21,798.21,798.21,-1.38,-11.18,79240,129586722.0,0.0,0.05
2010-12-09,770.47,770.47,770.47,770.47,-3.48,-27.74,90305,131313295.0,0.0,0.06
2010-12-10,783.9,783.9,783.9,783.9,1.74,13.43,67674,103960162.0,0.0,0.04
2010-12-13,796.82,796.82,796.82,796.82,1.65,12.92,107483,170953074.0,0.0,0.07
2010-12-14,796.98,796.98,796.98,796.98,0.02,0.16,78047,122666377.0,0.0,0.05
2010-12-15,796.32,796.32,796.32,796.32,-0.08,-0.66,75629,112323576.0,0.0,0.05
2010-12-16,790.81,790.81,790.81,790.81,-0.69,-5.51,75050,120011010.0,0.0,0.05
2010-12-17,789.39,789.39,789.39,789.39,-0.18,-1.42,56952,85403069.0,0.0,0.03
2010-12-20,776.64,776.64,776.64,776.64,-1.62,-12.75,95935,148521505.0,0.0,0.06
2010-12-21,785.79,785.79,785.79,785.79,1.18,9.15,89264,138447139.0,0.0,0.05
2010-12-22,779.93,779.93,779.93,779.93,-0.75,-5.86,70188,99450736.0,0.0,0.04
2010-12-23,771.44,771.44,771.44,771.44,-1.09,-8.49,97702,144062437.0,0.0,0.06
2010-12-24,760.33,760.33,760.33,760.33,-1.44,-11.11,117213,187427668.0,0.0,0.07
2010-12-27,754.65,754.65,754.65,754.65,-0.75,-5.68,80953,117869564.0,0.0,0.05
2010-12-28,741.08,741.08,741.08,741.08,-1.8,-13.57,80859,123601176.0,0.0,0.05
2010-12-29,742.53,742.53,742.53,742.53,0.2,1.45,71957,111397851.0,0.0,0.04
2010-12-30,725.26,725.26,725.26,725.26,-2.33,-17.27,143838,227852840.0,0.0,0.09
2010-12-31,739.57,739.57,739.57,739.57,1.97,14.31,99688,151883565.0,0.0,0.06
2011-01-04,747.41,747.41,747.41,747.41,1.06,7.84,102458,155161024.0,0.0,0.06
2011-01-05,744.69,744.69,744.69,744.69,-0.36,-2.72,99177,141488096.0,0.0,0.06
2011-01-06,773.11,773.11,773.11,773.11,3.82,28.42,344425,545070149.0,0.0,0.21
2011-01-07,770.57,770.57,770.57,770.57,-0.33,-2.54,135176,195834292.0,0.0,0.08
2011-01-10,758.71,758.71,758.71,758.71,-1.54,-11.86,122361,178543250.0,0.0,0.08
2011-01-11,754.62,754.62,754.62,754.62,-0.54,-4.09,89024,131718988.0,0.0,0.05
2011-01-12,755.38,755.38,755.38,755.38,0.1,0.76,61236,87143335.0,0.0,0.04
2011-01-13,757.77,757.77,757.77,757.77,0.32,2.39,142241,178519170.0,0.0,0.09
2011-01-14,759.05,759.05,759.05,759.05,0.17,1.28,170783,217762598.0,0.0,0.1
2011-01-17,733.08,733.08,733.08,733.08,-3.42,-25.97,155348,194409479.0,0.0,0.1
2011-01-18,703.01,703.01,703.01,703.01,-4.1,-30.07,114767,135704773.0,0.0,0.07
2011-01-19,715.63,715.63,715.63,715.63,1.8,12.62,107288,138198830.0,0.0,0.07
2011-01-20,686.75,686.75,686.75,686.75,-4.04,-28.88,129289,166676861.0,0.0,0.08
2011-01-21,688.51,688.51,688.51,688.51,0.26,1.76,92644,116361955.0,0.0,0.06
2011-01-24,666.07,666.07,666.07,666.07,-3.26,-22.44,88717,108663632.0,0.0,0.05
2011-01-25,659.8,659.8,659.8,659.8,-0.94,-6.27,83555,106508293.0,0.0,0.05
2011-01-26,676.36,676.36,676.36,676.36,2.51,16.56,80996,106748438.0,0.0,0.05
2011-01-27,686.28,686.28,686.28,686.28,1.47,9.92,80159,106137061.0,0.0,0.05
2011-01-28,688.68,688.68,688.68,688.68,0.35,2.4,72262,95833914.0,0.0,0.04
2011-01-31,692.86,692.86,692.86,692.86,0.61,4.18,59161,75797933.0,0.0,0.04
2011-02-01,697.61,697.61,697.61,697.61,0.69,4.75,58262,71114183.0,0.0,0.04
2011-02-09,699.5,699.5,699.5,699.5,0.27,1.89,40186,58925515.0,0.0,0.02
2011-02-10,706.71,706.71,706.71,706.71,1.03,7.21,73356,94055549.0,0.0,0.05
2011-02-11,718.79,718.79,718.79,718.79,1.71,12.08,99523,134858750.0,0.0,0.06
2011-02-14,733.22,733.22,733.22,733.22,2.01,14.43,136899,179173960.0,0.0,0.08
2011-02-15,722.35,722.35,722.35,722.35,-1.48,-10.87,121354,161032375.0,0.0,0.07
2011-02-16,729.2,729.2,729.2,729.2,0.95,6.85,77918,104094191.0,0.0,0.05
2011-02-17,740.08,740.08,740.08,740.08,1.49,10.88,121963,164403863.0,0.0,0.07
2011-02-18,734.12,734.12,734.12,734.12,-0.81,-5.96,93292,130386011.0,0.0,0.06
2011-02-21,748.48,748.48,748.48,748.48,1.96,14.36,109703,144636790.0,0.0,0.07
2011-02-22,722.7,722.7,722.7,722.7,-3.44,-25.78,113949,156792841.0,0.0,0.07
2011-02-23,740.35,740.35,740.35,740.35,2.44,17.65,144226,181949298.0,0.0,0.09
2011-02-24,745.92,745.92,745.92,745.92,0.75,5.57,118582,152481646.0,0.0,0.07
2011-02-25,752.24,752.24,752.24,752.24,0.85,6.32,120799,157327187.0,0.0,0.07
2011-02-28,755.53,755.53,755.53,755.53,0.44,3.29,111336,149581835.0,0.0,0.07
2011-03-01,754.56,754.56,754.56,754.56,-0.13,-0.97,125460,173187762.0,0.0,0.08
2011-03-02,749.47,749.47,749.47,749.47,-0.67,-5.09,97421,135117094.0,0.0,0.06
2011-03-03,745.32,745.32,745.32,745.32,-0.55,-4.15,164731,217476555.0,0.0,0.1
2011-03-04,762.19,762.19,762.19,762.19,2.26,16.87,119923,158646780.0,0.0,0.07
2011-03-07,765.58,765.58,765.58,765.58,0.44,3.39,160716,224659314.0,0.0,0.1
2011-03-08,775.95,775.95,775.95,775.95,1.35,10.37,142096,205053050.0,0.0,0.09
2011-03-09,774.15,774.15,774.15,774.15,-0.23,-1.8,106670,149210238.0,0.0,0.07
2011-03-10,759.06,759.06,759.06,759.06,-1.95,-15.09,103302,140713620.0,0.0,0.06
2011-03-11,760.64,760.64,760.64,760.64,0.21,1.58,131523,177275706.0,0.0,0.08
2011-03-14,769.39,769.39,769.39,769.39,1.15,8.75,132089,179599296.0,0.0,0.08
2011-03-15,764.94,764.94,764.94,764.94,-0.58,-4.45,155834,210742539.0,0.0,0.1
2011-03-16,767.58,767.58,767.58,767.58,0.35,2.64,114808,155590036.0,0.0,0.07
2011-03-17,761.26,761.26,761.26,761.26,-0.82,-6.32,160113,231372255.0,0.0,0.1
2011-03-18,794.41,794.41,794.41,794.41,4.35,33.15,239977,346449627.0,0.0,0.15
2011-03-21,786.23,786.23,786.23,786.23,-1.03,-8.18,185038,277332925.0,0.0,0.11
2011-03-22,791.19,791.19,791.19,791.19,0.63,4.96,126734,174450400.0,0.0,0.08
2011-03-23,801.48,801.48,801.48,801.48,1.3,10.29,168100,252878359.0,0.0,0.1
2011-03-24,796.95,796.95,796.95,796.95,-0.57,-4.53,123744,185814214.0,0.0,0.08
2011-03-25,795.28,795.28,795.28,795.28,-0.21,-1.67,138077,199613083.0,0.0,0.08
2011-03-28,794.78,794.78,794.78,794.78,-0.06,-0.5,81229,130675774.0,0.0,0.05
2011-03-29,783.55,783.55,783.55,783.55,-1.41,-11.23,166155,230582754.0,0.0,0.1
2011-03-30,774.9,774.9,774.9,774.9,-1.1,-8.65,121651,173406492.0,0.0,0.07
2011-03-31,785.89,785.89,785.89,785.89,1.42,10.99,110838,155100337.0,0.0,0.07
2011-04-01,795.95,795.95,795.95,795.95,1.28,10.06,137685,179806139.0,0.0,0.08
2011-04-06,794.95,794.95,794.95,794.95,-0.13,-1.0,123855,168440169.0,0.0,0.08
2011-04-07,791.99,791.99,791.99,791.99,-0.37,-2.96,94423,131730370.0,0.0,0.06
2011-04-08,809.44,809.44,809.44,809.44,2.2,17.45,131316,185522963.0,0.0,0.08
2011-04-11,828.06,828.06,828.06,828.06,2.3,18.62,195953,264276645.0,0.0,0.12
2011-04-12,811.69,811.69,811.69,811.69,-1.98,-16.37,160557,229294664.0,0.0,0.1
2011-04-13,821.87,821.87,821.87,821.87,1.25,10.18,121731,172448056.0,0.0,0.07
2011-04-14,815.51,815.51,815.51,815.51,-0.77,-6.36,117419,162244094.0,0.0,0.07
2011-04-15,812.2,812.2,812.2,812.2,-0.41,-3.31,94418,135847083.0,0.0,0.06
2011-04-18,817.47,817.47,817.47,817.47,0.65,5.27,106554,148869557.0,0.0,0.07
2011-04-19,791.41,791.41,791.41,791.41,-3.19,-26.06,163346,223920407.0,0.0,0.1
2011-04-20,799.75,799.75,799.75,799.75,1.05,8.34,42030,52139120.0,0.0,0.03
2011-04-21,803.12,803.12,803.12,803.12,0.42,3.37,112118,155709618.0,0.0,0.07
2011-04-22,798.91,798.91,798.91,798.91,-0.52,-4.21,79543,110900088.0,0.0,0.05
2011-04-25,796.57,796.57,796.57,796.57,-0.29,-2.34,97121,127963544.0,0.0,0.06
2011-04-26,821.89,821.89,821.89,821.89,3.18,25.32,134645,177964993.0,0.0,0.08
2011-04-27,827.76,827.76,827.76,827.76,0.71,5.87,280244,373284179.0,0.0,0.17
2011-04-28,825.87,825.87,825.87,825.87,-0.23,-1.89,228371,292946045.0,0.0,0.14
2011-04-29,854.1,854.1,854.1,854.1,3.42,28.23,154299,216572863.0,0.0,0.09
2011-05-03,866.64,866.64,866.64,866.64,1.47,12.54,657507,1260850924.0,0.0,0.4
2011-05-04,834.68,834.68,834.68,834.68,-3.69,-31.96,428333,791449835.0,0.0,0.26
2011-05-05,834.57,834.57,834.57,834.57,-0.01,-0.11,242361,423032371.0,0.0,0.15
2011-05-06,843.38,843.38,843.38,843.38,1.06,8.81,255325,454199071.0,0.0,0.16
2011-05-09,859.96,859.96,859.96,859.96,1.97,16.58,277374,490686845.0,0.0,0.17
2011-05-10,856.27,856.27,856.27,856.27,-0.43,-3.69,178295,314815438.0,0.0,0.11
2011-05-11,850.41,850.41,850.41,850.41,-0.68,-5.86,191009,337604479.0,0.0,0.12
2011-05-12,871.14,871.14,871.14,871.14,2.44,20.73,475157,921265854.0,0.0,0.29
2011-05-13,884.88,884.88,884.88,884.88,1.58,13.74,271594,463002509.0,0.0,0.17
2011-05-16,894.68,894.68,894.68,894.68,1.11,9.8,119783,151019235.0,0.0,0.07
2011-05-17,906.42,906.42,906.42,906.42,1.31,11.74,434418,824743748.0,0.0,0.27
2011-05-18,885.38,885.38,885.38,885.38,-2.32,-21.04,268900,474198164.0,0.0,0.16
2011-05-19,886.65,886.65,886.65,886.65,0.14,1.27,208638,331805372.0,0.0,0.13
2011-05-20,880.57,880.57,880.57,880.57,-0.69,-6.08,182367,307410384.0,0.0,0.11
2011-05-23,839.38,839.38,839.38,839.38,-4.68,-41.19,195461,318767926.0,0.0,0.12
2011-05-24,837.75,837.75,837.75,837.75,-0.19,-1.63,142994,230459403.0,0.0,0.09
2011-05-25,836.87,836.87,836.87,836.87,-0.11,-0.88,157765,275551491.0,0.0,0.1
2011-05-26,836.7,836.7,836.7,836.7,-0.02,-0.17,150329,255643882.0,0.0,0.09
2011-05-27,809.37,809.37,809.37,809.37,-3.27,-27.33,161099,253636750.0,0.0,0.1
2011-05-30,803.68,803.68,803.68,803.68,-0.7,-5.69,89936,137077743.0,0.0,0.06
2011-05-31,822.5,822.5,822.5,822.5,2.34,18.82,117818,175997229.0,0.0,0.07
2011-06-01,827.11,827.11,827.11,827.11,0.56,4.61,88393,137146995.0,0.0,0.05
2011-06-02,799.48,799.48,799.48,799.48,-3.34,-27.63,155714,247333859.0,0.0,0.1
2011-06-03,810.48,810.48,810.48,810.48,1.38,11.0,86918,130669374.0,0.0,0.05
2011-06-07,816.36,816.36,816.36,816.36,0.73,5.88,63041,93754536.0,0.0,0.04
2011-06-08,820.42,820.42,820.42,820.42,0.5,4.06,151791,230845732.0,0.0,0.09
2011-06-09,799.86,799.86,799.86,799.86,-2.51,-20.56,123894,200798333.0,0.0,0.08
2011-06-10,801.12,801.12,801.12,801.12,0.16,1.26,86956,135535031.0,0.0,0.05
2011-06-13,803.99,803.99,803.99,803.99,0.36,2.87,88655,139527924.0,0.0,0.05
2011-06-14,814.83,814.83,814.83,814.83,1.35,10.84,82891,119602809.0,0.0,0.05
2011-06-15,800.89,800.89,800.89,800.89,-1.71,-13.94,67988,99262163.0,0.0,0.04
2011-06-16,788.6,788.6,788.6,788.6,-1.53,-12.29,97197,151654398.0,0.0,0.06
2011-06-17,777.6,777.6,777.6,777.6,-1.39,-11.0,73232,106922076.0,0.0,0.04
2011-06-20,776.48,776.48,776.48,776.48,-0.14,-1.12,92994,142656298.0,0.0,0.06
2011-06-21,784.64,784.64,784.64,784.64,1.05,8.16,81794,129878709.0,0.0,0.05
2011-06-22,780.63,780.63,780.63,780.63,-0.51,-4.01,50996,74210508.0,0.0,0.03
2011-06-23,793.35,793.35,793.35,793.35,1.63,12.72,102170,150068724.0,0.0,0.06
2011-06-24,820.12,820.12,820.12,820.12,3.37,26.77,176388,254378689.0,0.0,0.11
2011-06-27,835.63,835.63,835.63,835.63,1.89,15.51,187951,269011667.0,0.0,0.12
2011-06-28,831.47,831.47,831.47,831.47,-0.5,-4.16,64558,107197659.0,0.0,0.04
2011-06-29,814.21,814.21,814.21,814.21,-2.08,-17.26,93442,152962787.0,0.0,0.06
2011-06-30,827.26,827.26,827.26,827.26,1.6,13.05,114751,178015932.0,0.0,0.07
2011-07-01,830.97,830.97,830.97,830.97,0.45,3.71,72233,108330627.0,0.0,0.04
2011-07-04,854.05,854.05,854.05,854.05,2.78,23.08,127845,195462985.0,0.0,0.08
2011-07-05,855.62,855.62,855.62,855.62,0.18,1.57,94463,153915037.0,0.0,0.06
2011-07-06,848.41,848.41,848.41,848.41,-0.84,-7.21,60098,97526677.0,0.0,0.04
2011-07-07,864.35,864.35,864.35,864.35,1.88,15.94,298890,588865423.0,0.0,0.18
2011-07-08,860.4,860.4,860.4,860.4,-0.46,-3.95,142836,252521485.0,0.0,0.09
2011-07-11,864.93,864.93,864.93,864.93,0.53,4.53,92115,167290409.0,0.0,0.06
2011-07-12,882.84,882.84,882.84,882.84,2.07,17.91,175088,254585414.0,0.0,0.11
2011-07-13,911.85,911.85,911.85,911.85,3.29,29.01,420230,590981432.0,0.0,0.26
2011-07-14,904.98,904.98,904.98,904.98,-0.75,-6.87,266993,397922060.0,0.0,0.16
2011-07-15,908.91,908.91,908.91,908.91,0.43,3.93,177222,250388332.0,0.0,0.11
2011-07-18,925.89,925.89,925.89,925.89,1.87,16.98,295610,430181485.0,0.0,0.18
2011-07-19,906.53,906.53,906.53,906.53,-2.09,-19.36,178441,262001037.0,0.0,0.11
2011-07-20,913.49,913.49,913.49,913.49,0.77,6.96,151203,216032101.0,0.0,0.09
2011-07-21,899.21,899.21,899.21,899.21,-1.56,-14.28,241002,372991731.0,0.0,0.15
2011-07-22,900.46,900.46,900.46,900.46,0.14,1.25,154703,233123105.0,0.0,0.09
2011-07-25,870.58,870.58,870.58,870.58,-3.32,-29.88,220709,342057224.0,0.0,0.14
2011-07-26,867.24,867.24,867.24,867.24,-0.38,-3.34,95260,140551523.0,0.0,0.06
2011-07-27,875.8,875.8,875.8,875.8,0.99,8.56,104940,146999994.0,0.0,0.06
2011-07-28,870.03,870.03,870.03,870.03,-0.66,-5.77,41432,64501098.0,0.0,0.03
2011-07-29,865.81,865.81,865.81,865.81,-0.49,-4.22,113932,165728560.0,0.0,0.07
2011-08-01,871.62,871.62,871.62,871.62,0.67,5.81,84056,119403986.0,0.0,0.05
2011-08-02,867.14,867.14,867.14,867.14,-0.51,-4.48,117691,183879406.0,0.0,0.07
2011-08-03,875.62,875.62,875.62,875.62,0.98,8.48,148566,255110739.0,0.0,0.09
2011-08-04,875.33,875.33,875.33,875.33,-0.03,-0.29,73409,117290384.0,0.0,0.05
2011-08-05,850.5,850.5,850.5,850.5,-2.84,-24.83,122820,185073230.0,0.0,0.08
2011-08-08,803.48,803.48,803.48,803.48,-5.53,-47.02,152158,210819678.0,0.0,0.09
2011-08-09,811.04,811.04,811.04,811.04,0.94,7.56,146572,199492631.0,0.0,0.09
2011-08-10,823.46,823.46,823.46,823.46,1.53,12.42,140334,210144734.0,0.0,0.09
2011-08-11,842.89,842.89,842.89,842.89,2.36,19.43,173780,267989805.0,0.0,0.11
2011-08-12,860.43,860.43,860.43,860.43,2.08,17.54,190879,257653391.0,0.0,0.12
2011-08-15,870.46,870.46,870.46,870.46,1.17,10.03,115510,180530767.0,0.0,0.07
2011-08-16,862.65,862.65,862.65,862.65,-0.9,-7.81,179712,242614508.0,0.0,0.11
2011-08-17,874.72,874.72,874.72,874.72,1.4,12.07,227486,366621130.0,0.0,0.14
2011-08-18,856.72,856.72,856.72,856.72,-2.06,-18.0,142819,212865826.0,0.0,0.09
2011-08-19,846.35,846.35,846.35,846.35,-1.21,-10.37,115701,170901855.0,0.0,0.07
2011-08-22,836.34,836.34,836.34,836.34,-1.18,-10.01,70563,108725917.0,0.0,0.04
2011-08-23,849.51,849.51,849.51,849.51,1.57,13.17,93013,138084391.0,0.0,0.06
2011-08-24,842.75,842.75,842.75,842.75,-0.8,-6.76,83614,120811066.0,0.0,0.05
2011-08-25,899.54,899.54,899.54,899.54,6.74,56.79,307872,462224925.0,0.0,0.19
2011-08-26,900.35,900.35,900.35,900.35,0.09,0.81,204357,308070817.0,0.0,0.13
2011-08-29,900.35,900.35,900.35,900.35,0.0,0.0,223670,335191837.0,0.0,0.14
2011-08-30,923.61,923.61,923.61,923.61,2.58,23.26,437956,664180081.0,0.0,0.27
2011-08-31,937.96,937.96,937.96,937.96,1.55,14.35,113522,144657968.0,0.0,0.07
2011-09-01,910.16,910.16,910.16,910.16,-2.96,-27.8,141319,240410217.0,0.0,0.09
2011-09-02,908.9,908.9,908.9,908.9,-0.14,-1.26,142609,214786655.0,0.0,0.09
2011-09-05,878.84,878.84,878.84,878.84,-3.31,-30.06,83627,125550042.0,0.0,0.05
2011-09-06,889.12,889.12,889.12,889.12,1.17,10.28,83576,127807005.0,0.0,0.05
2011-09-07,929.63,929.63,929.63,929.63,4.56,40.51,153935,231507197.0,0.0,0.09
2011-09-08,929.71,929.71,929.71,929.71,0.01,0.08,208531,303546453.0,0.0,0.13
2011-09-09,940.8,940.8,940.8,940.8,1.19,11.09,199930,301444773.0,0.0,0.12
2011-09-13,955.45,955.45,955.45,955.45,1.56,14.65,225133,330369876.0,0.0,0.14
2011-09-14,952.75,952.75,952.75,952.75,-0.28,-2.7,217230,324989112.0,0.0,0.13
2011-09-15,932.48,932.48,932.48,932.48,-2.13,-20.27,185166,277848371.0,0.0,0.11
2011-09-16,947.84,947.84,947.84,947.84,1.65,15.36,223220,329824368.0,0.0,0.14
2011-09-19,892.75,892.75,892.75,892.75,-5.81,-55.09,203953,318907535.0,0.0,0.13
2011-09-20,903.45,903.45,903.45,903.45,1.2,10.7,123747,180633620.0,0.0,0.08
2011-09-21,964.88,964.88,964.88,964.88,6.8,61.43,479923,726593749.0,0.0,0.29
2011-09-22,945.36,945.36,945.36,945.36,-2.02,-19.52,376323,576058730.0,0.0,0.23
2011-09-23,921.74,921.74,921.74,921.74,-2.5,-23.62,264672,381247460.0,0.0,0.16
2011-09-26,914.06,914.06,914.06,914.06,-0.83,-7.68,179087,263655145.0,0.0,0.11
2011-09-27,902.41,902.41,902.41,902.41,-1.27,-11.65,199408,282275529.0,0.0,0.12
2011-09-28,859.38,859.38,859.38,859.38,-4.77,-43.03,170432,237026066.0,0.0,0.1
2011-09-29,801.56,801.56,801.56,801.56,-6.73,-57.82,163297,234682813.0,0.0,0.1
2011-09-30,784.83,784.83,784.83,784.83,-2.09,-16.73,127831,180805829.0,0.0,0.08
2011-10-10,804.57,804.57,804.57,804.57,2.52,19.74,99036,133250620.0,0.0,0.06
2011-10-11,806.64,806.64,806.64,806.64,0.26,2.07,151506,209222579.0,0.0,0.09
2011-10-12,850.95,850.95,850.95,850.95,5.49,44.31,248414,350705956.0,0.0,0.15
2011-10-13,853.32,853.32,853.32,853.32,0.28,2.37,204950,293301478.0,0.0,0.13
2011-10-14,856.16,856.16,856.16,856.16,0.33,2.84,152093,213205969.0,0.0,0.09
2011-10-17,857.45,857.45,857.45,857.45,0.15,1.29,133649,189727892.0,0.0,0.08
2011-10-18,808.56,808.56,808.56,808.56,-5.7,-48.89,166937,227633751.0,0.0,0.1
2011-10-19,811.16,811.16,811.16,811.16,0.32,2.6,131498,178057749.0,0.0,0.08
2011-10-20,781.41,781.41,781.41,781.41,-3.67,-29.75,115578,151606670.0,0.0,0.07
2011-10-21,748.45,748.45,748.45,748.45,-4.22,-32.96,124460,163313986.0,0.0,0.08
2011-10-24,764.88,764.88,764.88,764.88,2.2,16.43,137948,178892089.0,0.0,0.08
2011-10-25,783.26,783.26,783.26,783.26,2.4,18.38,160831,213428819.0,0.0,0.1
2011-10-26,801.82,801.82,801.82,801.82,2.37,18.56,175470,246293059.0,0.0,0.11
2011-10-27,794.67,794.67,794.67,794.67,-0.89,-7.15,84180,113497870.0,0.0,0.05
2011-10-28,818.72,818.72,818.72,818.72,3.03,24.05,136696,184398115.0,0.0,0.08
2011-10-31,822.1,822.1,822.1,822.1,0.41,3.38,114242,155020466.0,0.0,0.07
2011-11-01,832.02,832.02,832.02,832.02,1.21,9.92,138642,190225411.0,0.0,0.09
2011-11-02,840.64,840.64,840.64,840.64,1.04,8.62,133878,182893815.0,0.0,0.08
2011-11-03,838.38,838.38,838.38,838.38,-0.27,-2.26,200558,288903938.0,0.0,0.12
2011-11-04,849.6,849.6,849.6,849.6,1.34,11.22,105867,148425584.0,0.0,0.06
2011-11-07,837.04,837.04,837.04,837.04,-1.48,-12.56,85444,119546519.0,0.0,0.05
2011-11-08,825.14,825.14,825.14,825.14,-1.42,-11.9,83000,117444085.0,0.0,0.05
2011-11-09,855.58,855.58,855.58,855.58,3.69,30.44,206063,283268382.0,0.0,0.13
2011-11-10,834.39,834.39,834.39,834.39,-2.48,-21.19,135015,185827631.0,0.0,0.08
2011-11-11,840.82,840.82,840.82,840.82,0.77,6.43,93687,129891132.0,0.0,0.06
2011-11-14,872.97,872.97,872.97,872.97,3.82,32.15,159201,233771329.0,0.0,0.1
2011-11-15,867.61,867.61,867.61,867.61,-0.61,-5.36,123012,179930927.0,0.0,0.08
2011-11-16,876.69,876.69,876.69,876.69,1.05,9.08,144495,201610802.0,0.0,0.09
2011-11-17,908.69,908.69,908.69,908.69,3.65,32.0,119928,174010734.0,0.0,0.07
2011-11-18,937.58,937.58,937.58,937.58,3.18,28.89,1011255,1609655423.0,0.0,0.62
2011-11-21,954.34,954.34,954.34,954.34,1.79,16.76,517513,851855057.0,0.0,0.32
2011-11-22,958.1,958.1,958.1,958.1,0.39,3.76,340935,557770602.0,0.0,0.21
2011-11-23,951.1,951.1,951.1,951.1,-0.73,-7.0,270567,445495286.0,0.0,0.17
2011-11-24,946.76,946.76,946.76,946.76,-0.46,-4.34,247936,392471650.0,0.0,0.15
2011-11-25,970.1,970.1,970.1,970.1,2.47,23.34,440002,731073685.0,0.0,0.27
2011-11-28,986.68,986.68,986.68,986.68,1.71,16.58,360986,592290308.0,0.0,0.22
2011-11-29,994.21,994.21,994.21,994.21,0.76,7.53,301234,490335081.0,0.0,0.18
2011-11-30,949.94,949.94,949.94,949.94,-4.45,-44.27,390156,622910223.0,0.0,0.24
2011-12-01,981.19,981.19,981.19,981.19,3.29,31.25,354376,573226706.0,0.0,0.22
2011-12-02,971.42,971.42,971.42,971.42,-1.0,-9.77,261957,408791036.0,0.0,0.16
2011-12-05,909.95,909.95,909.95,909.95,-6.33,-61.47,246370,383098282.0,0.0,0.15
2011-12-06,894.86,894.86,894.86,894.86,-1.66,-15.09,225622,320315657.0,0.0,0.14
2011-12-07,897.33,897.33,897.33,897.33,0.28,2.47,144561,215521153.0,0.0,0.09
2011-12-08,901.52,901.52,901.52,901.52,0.47,4.19,148661,222391953.0,0.0,0.09
2011-12-09,898.66,898.66,898.66,898.66,-0.32,-2.86,147206,224841730.0,0.0,0.09
2011-12-12,860.61,860.61,860.61,860.61,-4.23,-38.05,131857,195558675.0,0.0,0.08
2011-12-13,824.86,824.86,824.86,824.86,-4.15,-35.75,173058,243580726.0,0.0,0.11
2011-12-14,820.69,820.69,820.69,820.69,-0.51,-4.17,142538,201527362.0,0.0,0.09
2011-12-15,806.65,806.65,806.65,806.65,-1.71,-14.04,143435,199611214.0,0.0,0.09
2011-12-16,843.88,843.88,843.88,843.88,4.62,37.23,153500,221930174.0,0.0,0.09
2011-12-19,835.6,835.6,835.6,835.6,-0.98,-8.28,178676,258297131.0,0.0,0.11
2011-12-20,821.85,821.85,821.85,821.85,-1.65,-13.75,256600,378394218.0,0.0,0.16
2011-12-21,804.0,804.0,804.0,804.0,-2.17,-17.85,131163,177328907.0,0.0,0.08
2011-12-22,806.17,806.17,806.17,806.17,0.27,2.17,95307,123028277.0,0.0,0.06
2011-12-23,787.52,787.52,787.52,787.52,-2.31,-18.65,110861,147395490.0,0.0,0.07
2011-12-26,784.46,784.46,784.46,784.46,-0.39,-3.06,67055,85957148.0,0.0,0.04
2011-12-27,764.8,764.8,764.8,764.8,-2.51,-19.66,95100,120359618.0,0.0,0.06
2011-12-28,753.07,753.07,753.07,753.07,-1.53,-11.73,145023,190007121.0,0.0,0.09
2011-12-29,737.2,737.2,737.2,737.2,-2.11,-15.87,109436,143309505.0,0.0,0.07
2011-12-30,749.16,749.16,749.16,749.16,1.62,11.96,150178,196214549.0,0.0,0.09
2012-01-04,737.38,737.38,737.38,737.38,-1.57,-11.78,130292,170761753.0,0.0,0.08
2012-01-05,725.0,725.0,725.0,725.0,-1.68,-12.38,165713,212503327.0,0.0,0.1
2012-01-06,733.55,733.55,733.55,733.55,1.18,8.55,115486,134242633.0,0.0,0.07
2012-01-09,758.34,758.34,758.34,758.34,3.38,24.79,168322,214558125.0,0.0,0.1
2012-01-10,779.22,779.22,779.22,779.22,2.75,20.88,227117,290687859.0,0.0,0.14
2012-01-11,774.97,774.97,774.97,774.97,-0.55,-4.25,100146,117682759.0,0.0,0.06
2012-01-12,788.25,788.25,788.25,788.25,1.71,13.28,126272,155943429.0,0.0,0.08
2012-01-13,744.61,744.61,744.61,744.61,-5.54,-43.64,99738,120994352.0,0.0,0.06
2012-01-16,698.86,698.86,698.86,698.86,-6.14,-45.75,204806,251090240.0,0.0,0.13
2012-01-17,742.31,742.31,742.31,742.31,6.22,43.45,108790,127146705.0,0.0,0.07
2012-01-18,716.1,716.1,716.1,716.1,-3.53,-26.21,132121,154523271.0,0.0,0.08
2012-01-19,726.2,726.2,726.2,726.2,1.41,10.1,86890,98324353.0,0.0,0.05
2012-01-20,741.1,741.1,741.1,741.1,2.05,14.9,77067,88359095.0,0.0,0.05
2012-01-30,738.4,738.4,738.4,738.4,-0.36,-2.7,56118,66143251.0,0.0,0.03
2012-01-31,733.05,733.05,733.05,733.05,-0.72,-5.35,52303,61434154.0,0.0,0.03
2012-02-01,738.56,738.56,738.56,738.56,0.75,5.51,63450,76159217.0,0.0,0.04
2012-02-02,750.46,750.46,750.46,750.46,1.61,11.9,60659,70111465.0,0.0,0.04
2012-02-03,768.67,768.67,768.67,768.67,2.43,18.21,117888,144020433.0,0.0,0.07
2012-02-06,772.56,772.56,772.56,772.56,0.51,3.89,80442,98355715.0,0.0,0.05
2012-02-07,753.09,753.09,753.09,753.09,-2.52,-19.47,59225,69354007.0,0.0,0.04
2012-02-08,775.1,775.1,775.1,775.1,2.92,22.01,73009,86140472.0,0.0,0.04
2012-02-09,782.07,782.07,782.07,782.07,0.9,6.97,100234,124028701.0,0.0,0.06
2012-02-10,787.4,787.4,787.4,787.4,0.68,5.33,106332,127865068.0,0.0,0.07
2012-02-13,787.35,787.35,787.35,787.35,-0.01,-0.05,101714,122218711.0,0.0,0.06
2012-02-14,788.84,788.84,788.84,788.84,0.19,1.49,84591,102156491.0,0.0,0.05
2012-02-15,796.15,796.15,796.15,796.15,0.93,7.31,166654,202968156.0,0.0,0.1
2012-02-16,793.79,793.79,793.79,793.79,-0.3,-2.36,94017,118048128.0,0.0,0.06
2012-02-17,800.2,800.2,800.2,800.2,0.81,6.41,101936,129181086.0,0.0,0.06
2012-02-20,800.49,800.49,800.49,800.49,0.04,0.29,121251,154294885.0,0.0,0.07
2012-02-21,804.66,804.66,804.66,804.66,0.52,4.17,75953,93241891.0,0.0,0.05
2012-02-22,831.87,831.87,831.87,831.87,3.38,27.21,174380,228617442.0,0.0,0.11
2012-02-23,829.11,829.11,829.11,829.11,-0.33,-2.76,101816,131836301.0,0.0,0.06
2012-02-24,845.24,845.24,845.24,845.24,1.95,16.13,159154,206735256.0,0.0,0.1
2012-02-27,847.52,847.52,847.52,847.52,0.27,2.28,174819,223100701.0,0.0,0.11
2012-02-28,884.91,884.91,884.91,884.91,4.41,37.39,345243,494655998.0,0.0,0.21
2012-02-29,887.83,887.83,887.83,887.83,0.33,2.92,365758,583720589.0,0.0,0.22
2012-03-01,889.47,889.47,889.47,889.47,0.18,1.64,165983,249232897.0,0.0,0.1
2012-03-02,896.9,896.9,896.9,896.9,0.84,7.43,197888,301269966.0,0.0,0.12
2012-03-05,895.93,895.93,895.93,895.93,-0.11,-0.97,229024,351521878.0,0.0,0.14
2012-03-06,871.86,871.86,871.86,871.86,-2.69,-24.07,178535,261540038.0,0.0,0.11
2012-03-07,867.85,867.85,867.85,867.85,-0.46,-4.01,174453,257230095.0,0.0,0.11
2012-03-08,883.71,883.71,883.71,883.71,1.83,15.86,191265,273059504.0,0.0,0.12
2012-03-09,893.61,893.61,893.61,893.61,1.12,9.9,152490,220893436.0,0.0,0.09
2012-03-12,894.64,894.64,894.64,894.64,0.12,1.03,148154,218452195.0,0.0,0.09
2012-03-13,901.4,901.4,901.4,901.4,0.76,6.76,162979,233660751.0,0.0,0.1
2012-03-14,863.17,863.17,863.17,863.17,-4.24,-38.23,293702,420914129.0,0.0,0.18
2012-03-15,857.12,857.12,857.12,857.12,-0.7,-6.05,153725,212428940.0,0.0,0.09
2012-03-16,888.48,888.48,888.48,888.48,3.66,31.36,160805,220033675.0,0.0,0.1
2012-03-19,892.26,892.26,892.26,892.26,0.43,3.78,150939,214604795.0,0.0,0.09
2012-03-20,860.91,860.91,860.91,860.91,-3.51,-31.35,134168,188019903.0,0.0,0.08
2012-03-21,868.62,868.62,868.62,868.62,0.9,7.71,109969,147786277.0,0.0,0.07
2012-03-22,872.57,872.57,872.57,872.57,0.45,3.95,189740,246995152.0,0.0,0.12
2012-03-23,866.46,866.46,866.46,866.46,-0.7,-6.11,134499,188610559.0,0.0,0.08
2012-03-26,867.2,867.2,867.2,867.2,0.09,0.74,95219,138044014.0,0.0,0.06
2012-03-27,873.38,873.38,873.38,873.38,0.71,6.18,111426,149505994.0,0.0,0.07
2012-03-28,836.88,836.88,836.88,836.88,-4.18,-36.5,192460,250368030.0,0.0,0.12
2012-03-29,809.61,809.61,809.61,809.61,-3.26,-27.27,115163,142229134.0,0.0,0.07
2012-03-30,805.68,805.68,805.68,805.68,-0.49,-3.93,56595,68427762.0,0.0,0.03
2012-04-05,855.93,855.93,855.93,855.93,6.24,50.25,129728,171423758.0,0.0,0.08
2012-04-06,859.69,859.69,859.69,859.69,0.44,3.76,108016,142544496.0,0.0,0.07
2012-04-09,869.16,869.16,869.16,869.16,1.1,9.47,191667,264013851.0,0.0,0.12
2012-04-10,883.68,883.68,883.68,883.68,1.67,14.52,175731,240116618.0,0.0,0.11
2012-04-11,874.05,874.05,874.05,874.05,-1.09,-9.63,156700,212414697.0,0.0,0.1
2012-04-12,930.65,930.65,930.65,930.65,6.48,56.6,403476,584414286.0,0.0,0.25
2012-04-13,931.25,931.25,931.25,931.25,0.06,0.6,556370,811803125.0,0.0,0.34
2012-04-16,948.76,948.76,948.76,948.76,1.88,17.51,460053,682728323.0,0.0,0.28
2012-04-17,901.42,901.42,901.42,901.42,-4.99,-47.34,310260,446832262.0,0.0,0.19
2012-04-18,944.7,944.7,944.7,944.7,4.8,43.28,420304,638673954.0,0.0,0.26
2012-04-19,975.78,975.78,975.78,975.78,3.29,31.08,571227,900898260.0,0.0,0.35
2012-04-20,1005.35,1005.35,1005.35,1005.35,3.03,29.57,780170,1322505523.0,0.0,0.48
2012-04-23,1000.02,1000.02,1000.02,1000.02,-0.53,-5.33,630865,1083833377.0,0.0,0.39
2012-04-24,1000.74,1000.74,1000.74,1000.74,0.07,0.72,657902,1087092191.0,0.0,0.4
2012-04-25,983.34,983.34,983.34,983.34,-1.74,-17.4,534470,917238782.0,0.0,0.33
2012-04-26,991.42,991.42,991.42,991.42,0.82,8.08,542144,912448875.0,0.0,0.33
2012-04-27,970.54,970.54,970.54,970.54,-2.11,-20.88,289165,472046704.0,0.0,0.18
2012-05-02,972.81,972.81,972.81,972.81,0.23,2.27,286730,466629711.0,0.0,0.18
2012-05-03,988.43,988.43,988.43,988.43,1.61,15.62,321332,525146914.0,0.0,0.2
2012-05-04,983.06,983.06,983.06,983.06,-0.54,-5.37,275719,456158740.0,0.0,0.17
2012-05-07,986.37,986.37,986.37,986.37,0.34,3.31,227485,365071700.0,0.0,0.14
2012-05-08,984.54,984.54,984.54,984.54,-0.19,-1.83,231227,372959671.0,0.0,0.14
2012-05-09,957.77,957.77,957.77,957.77,-2.72,-26.77,193038,304548786.0,0.0,0.12
2012-05-10,968.89,968.89,968.89,968.89,1.16,11.12,201941,320612228.0,0.0,0.12
2012-05-11,986.26,986.26,986.26,986.26,1.79,17.37,410254,690329847.0,0.0,0.25
2012-05-14,974.4,974.4,974.4,974.4,-1.2,-11.86,282012,464019467.0,0.0,0.17
2012-05-15,957.18,957.18,957.18,957.18,-1.77,-17.22,249007,389125507.0,0.0,0.15
2012-05-16,940.29,940.29,940.29,940.29,-1.76,-16.89,119880,177947334.0,0.0,0.07
2012-05-17,968.02,968.02,968.02,968.02,2.95,27.73,281472,454363401.0,0.0,0.17
2012-05-18,946.12,946.12,946.12,946.12,-2.26,-21.9,70290,116811812.0,0.0,0.04
2012-05-21,905.24,905.24,905.24,905.24,-4.32,-40.88,242486,359683647.0,0.0,0.15
2012-05-22,913.99,913.99,913.99,913.99,0.97,8.75,156502,229263106.0,0.0,0.1
2012-05-23,915.85,915.85,915.85,915.85,0.2,1.86,205376,308195211.0,0.0,0.13
2012-05-24,898.04,898.04,898.04,898.04,-1.94,-17.81,204062,295686226.0,0.0,0.13
2012-05-25,906.31,906.31,906.31,906.31,0.92,8.27,145078,209564776.0,0.0,0.09
2012-05-28,913.01,913.01,913.01,913.01,0.74,6.7,172503,249608500.0,0.0,0.11
2012-05-29,933.2,933.2,933.2,933.2,2.21,20.19,234034,359621559.0,0.0,0.14
2012-05-30,929.67,929.67,929.67,929.67,-0.38,-3.53,155222,231875415.0,0.0,0.1
2012-05-31,928.6,928.6,928.6,928.6,-0.12,-1.07,137487,215980610.0,0.0,0.08
2012-06-01,923.96,923.96,923.96,923.96,-0.5,-4.64,143207,225280976.0,0.0,0.09
2012-06-04,887.53,887.53,887.53,887.53,-3.94,-36.43,145483,215755445.0,0.0,0.09
2012-06-05,885.1,885.1,885.1,885.1,-0.27,-2.43,100724,148517954.0,0.0,0.06
2012-06-06,859.1,859.1,859.1,859.1,-2.94,-26.0,153561,223848487.0,0.0,0.09
2012-06-07,850.7,850.7,850.7,850.7,-0.98,-8.4,124977,182403764.0,0.0,0.08
2012-06-08,852.11,852.11,852.11,852.11,0.17,1.41,133453,190340200.0,0.0,0.08
2012-06-11,860.13,860.13,860.13,860.13,0.94,8.02,109925,159881568.0,0.0,0.07
2012-06-12,844.57,844.57,844.57,844.57,-1.81,-15.56,103224,149159689.0,0.0,0.06
2012-06-13,902.61,902.61,902.61,902.61,6.87,58.04,336165,500869915.0,0.0,0.21
2012-06-14,911.68,911.68,911.68,911.68,1.0,9.07,446663,685535335.0,0.0,0.27
2012-06-15,914.89,914.89,914.89,914.89,0.35,3.21,283238,425512421.0,0.0,0.17
2012-06-18,912.01,912.01,912.01,912.01,-0.31,-2.88,182666,275821956.0,0.0,0.11
2012-06-19,913.03,913.03,913.03,913.03,0.11,1.02,203688,307562214.0,0.0,0.12
2012-06-20,894.67,894.67,894.67,894.67,-2.01,-18.36,143075,217448140.0,0.0,0.09
2012-06-21,864.99,864.99,864.99,864.99,-3.32,-29.68,150611,217542340.0,0.0,0.09
2012-06-25,843.77,843.77,843.77,843.77,-2.45,-21.22,40334,58383421.0,0.0,0.02
2012-06-26,837.7,837.7,837.7,837.7,-0.72,-6.07,120105,163630439.0,0.0,0.07
2012-06-27,827.07,827.07,827.07,827.07,-1.27,-10.63,94563,130164228.0,0.0,0.06
2012-06-28,824.26,824.26,824.26,824.26,-0.34,-2.81,106358,146390630.0,0.0,0.07
2012-06-29,846.5,846.5,846.5,846.5,2.7,22.24,167180,231946995.0,0.0,0.1
2012-07-02,856.11,856.11,856.11,856.11,1.14,9.61,130835,179645726.0,0.0,0.08
2012-07-03,857.1,857.1,857.1,857.1,0.12,0.99,125873,177199018.0,0.0,0.08
2012-07-04,840.97,840.97,840.97,840.97,-1.88,-16.13,119759,162167117.0,0.0,0.07
2012-07-05,821.8,821.8,821.8,821.8,-2.28,-19.17,123050,166165624.0,0.0,0.08
2012-07-06,852.1,852.1,852.1,852.1,3.69,30.3,159228,211264237.0,0.0,0.1
2012-07-09,841.6,841.6,841.6,841.6,-1.23,-10.5,147116,198121263.0,0.0,0.09
2012-07-10,844.21,844.21,844.21,844.21,0.31,2.61,99118,132424803.0,0.0,0.06
2012-07-11,851.65,851.65,851.65,851.65,0.88,7.44,90361,120678057.0,0.0,0.06
2012-07-12,882.35,882.35,882.35,882.35,3.6,30.7,210331,290968315.0,0.0,0.13
2012-07-13,877.25,877.25,877.25,877.25,-0.58,-5.1,165291,226521625.0,0.0,0.1
2012-07-16,848.65,848.65,848.65,848.65,-3.26,-28.6,181059,243526609.0,0.0,0.11
2012-07-17,860.23,860.23,860.23,860.23,1.36,11.58,153127,209065356.0,0.0,0.09
2012-07-18,877.89,877.89,877.89,877.89,2.05,17.66,162714,225323177.0,0.0,0.1
2012-07-19,925.44,925.44,925.44,925.44,5.42,47.55,411991,608143307.0,0.0,0.25
2012-07-20,915.23,915.23,915.23,915.23,-1.1,-10.21,223545,327113242.0,0.0,0.14
2012-07-23,925.31,925.31,925.31,925.31,1.1,10.08,235045,347388377.0,0.0,0.14
2012-07-24,937.66,937.66,937.66,937.66,1.33,12.35,278076,428137974.0,0.0,0.17
2012-07-25,928.72,928.72,928.72,928.72,-0.95,-8.94,238066,355840562.0,0.0,0.15
2012-07-26,938.06,938.06,938.06,938.06,1.01,9.34,285598,435448639.0,0.0,0.18
2012-07-27,931.09,931.09,931.09,931.09,-0.74,-6.97,253763,382746329.0,0.0,0.16
2012-07-30,880.04,880.04,880.04,880.04,-5.48,-51.05,248399,356635445.0,0.0,0.15
2012-07-31,884.83,884.83,884.83,884.83,0.54,4.79,165804,234705233.0,0.0,0.1
2012-08-01,898.71,898.71,898.71,898.71,1.57,13.88,154932,215136918.0,0.0,0.1
2012-08-02,904.26,904.26,904.26,904.26,0.62,5.55,124462,171759944.0,0.0,0.08
2012-08-03,923.21,923.21,923.21,923.21,2.1,18.95,197355,279725551.0,0.0,0.12
2012-08-06,941.35,941.35,941.35,941.35,1.96,18.14,233382,339473530.0,0.0,0.14
2012-08-07,936.14,936.14,936.14,936.14,-0.55,-5.21,162504,238261177.0,0.0,0.1
2012-08-08,933.21,933.21,933.21,933.21,-0.31,-2.93,143389,210359278.0,0.0,0.09
2012-08-09,929.16,929.16,929.16,929.16,-0.43,-4.05,153249,225094069.0,0.0,0.09
2012-08-10,916.64,916.64,916.64,916.64,-1.35,-12.52,137182,198916317.0,0.0,0.08
2012-08-13,889.19,889.19,889.19,889.19,-2.99,-27.45,170006,242294078.0,0.0,0.1
2012-08-14,903.99,903.99,903.99,903.99,1.66,14.8,132515,184867682.0,0.0,0.08
2012-08-15,900.82,900.82,900.82,900.82,-0.35,-3.17,84554,117929175.0,0.0,0.05
2012-08-16,899.76,899.76,899.76,899.76,-0.12,-1.06,88783,122567207.0,0.0,0.05
2012-08-17,893.83,893.83,893.83,893.83,-0.66,-5.93,94840,129539430.0,0.0,0.06
2012-08-20,894.88,894.88,894.88,894.88,0.12,1.05,87251,120006106.0,0.0,0.05
2012-08-21,906.22,906.22,906.22,906.22,1.27,11.34,109296,154083555.0,0.0,0.07
2012-08-22,902.36,902.36,902.36,902.36,-0.43,-3.86,99774,139130684.0,0.0,0.06
2012-08-23,904.59,904.59,904.59,904.59,0.25,2.23,81408,113609219.0,0.0,0.05
2012-08-24,867.54,867.54,867.54,867.54,-4.1,-37.05,121191,163742861.0,0.0,0.07
2012-08-27,838.11,838.11,838.11,838.11,-3.39,-29.43,81563,106170210.0,0.0,0.05
2012-08-28,846.78,846.78,846.78,846.78,1.03,8.67,97529,127547269.0,0.0,0.06
2012-08-29,832.21,832.21,832.21,832.21,-1.72,-14.57,81063,103900106.0,0.0,0.05
2012-08-30,853.52,853.52,853.52,853.52,2.56,21.31,123034,160962714.0,0.0,0.08
2012-08-31,869.76,869.76,869.76,869.76,1.9,16.24,78046,103176586.0,0.0,0.05
2012-09-03,885.14,885.14,885.14,885.14,1.77,15.38,127803,173359801.0,0.0,0.08
2012-09-04,869.84,869.84,869.84,869.84,-1.73,-15.3,85729,115018379.0,0.0,0.05
2012-09-05,870.48,870.48,870.48,870.48,0.07,0.64,70174,92791321.0,0.0,0.04
2012-09-06,870.58,870.58,870.58,870.58,0.01,0.1,49082,65266768.0,0.0,0.03
2012-09-07,904.02,904.02,904.02,904.02,3.84,33.44,423128,629314788.0,0.0,0.26
2012-09-10,892.15,892.15,892.15,892.15,-1.31,-11.87,267151,398229296.0,0.0,0.16
2012-09-11,879.19,879.19,879.19,879.19,-1.45,-12.96,208500,306466401.0,0.0,0.13
2012-09-12,886.18,886.18,886.18,886.18,0.8,6.99,196078,286895465.0,0.0,0.12
2012-09-13,865.92,865.92,865.92,865.92,-2.29,-20.26,198768,290344052.0,0.0,0.12
2012-09-14,875.77,875.77,875.77,875.77,1.14,9.85,78529,108994949.0,0.0,0.05
2012-09-17,863.78,863.78,863.78,863.78,-1.37,-11.99,226866,327978877.0,0.0,0.14
2012-09-18,851.04,851.04,851.04,851.04,-1.47,-12.74,146729,202539441.0,0.0,0.09
2012-09-19,853.56,853.56,853.56,853.56,0.3,2.52,103362,141874393.0,0.0,0.06
2012-09-20,842.91,842.91,842.91,842.91,-1.25,-10.65,144374,198632294.0,0.0,0.09
2012-09-21,848.48,848.48,848.48,848.48,0.66,5.57,136219,187644149.0,0.0,0.08
2012-09-24,854.69,854.69,854.69,854.69,0.73,6.21,103721,142455825.0,0.0,0.06
2012-09-25,839.74,839.74,839.74,839.74,-1.75,-14.95,79618,108642201.0,0.0,0.05
2012-09-26,830.21,830.21,830.21,830.21,-1.13,-9.53,85477,116428064.0,0.0,0.05
2012-09-27,853.71,853.71,853.71,853.71,2.83,23.5,172570,238350264.0,0.0,0.11
2012-09-28,864.3,864.3,864.3,864.3,1.24,10.59,166257,231203265.0,0.0,0.1
2012-10-08,865.71,865.71,865.71,865.71,0.16,1.41,100712,140958044.0,0.0,0.06
2012-10-09,878.56,878.56,878.56,878.56,1.48,12.85,180370,258989519.0,0.0,0.11
2012-10-10,887.7,887.7,887.7,887.7,1.04,9.14,218068,315302911.0,0.0,0.13
2012-10-11,871.34,871.34,871.34,871.34,-1.84,-16.36,149708,213687965.0,0.0,0.09
2012-10-12,863.73,863.73,863.73,863.73,-0.87,-7.61,107133,151019367.0,0.0,0.07
2012-10-15,869.67,869.67,869.67,869.67,0.69,5.94,136647,194498115.0,0.0,0.08
2012-10-16,861.53,861.53,861.53,861.53,-0.94,-8.14,142530,204501454.0,0.0,0.09
2012-10-17,866.08,866.08,866.08,866.08,0.53,4.55,187366,265618163.0,0.0,0.11
2012-10-18,869.51,869.51,869.51,869.51,0.4,3.43,202770,287059881.0,0.0,0.12
2012-10-19,860.06,860.06,860.06,860.06,-1.09,-9.45,133010,187737728.0,0.0,0.08
2012-10-22,860.37,860.37,860.37,860.37,0.04,0.31,104144,146079296.0,0.0,0.06
2012-10-23,837.79,837.79,837.79,837.79,-2.62,-22.58,157437,218005559.0,0.0,0.1
2012-10-24,836.77,836.77,836.77,836.77,-0.12,-1.02,92878,126989684.0,0.0,0.06
2012-10-25,828.87,828.87,828.87,828.87,-0.94,-7.9,78341,107244682.0,0.0,0.05
2012-10-26,829.82,829.82,829.82,829.82,0.11,0.95,103973,140151781.0,0.0,0.06
2012-10-29,824.62,824.62,824.62,824.62,-0.63,-5.2,85449,115834404.0,0.0,0.05
2012-10-30,829.91,829.91,829.91,829.91,0.64,5.29,116909,161385565.0,0.0,0.07
2012-10-31,817.65,817.65,817.65,817.65,-1.48,-12.26,100226,135126420.0,0.0,0.06
2012-11-01,830.16,830.16,830.16,830.16,1.53,12.51,147986,204576941.0,0.0,0.09
2012-11-02,834.17,834.17,834.17,834.17,0.48,4.01,74613,102864943.0,0.0,0.05
2012-11-05,831.08,831.08,831.08,831.08,-0.37,-3.09,83672,115834029.0,0.0,0.05
2012-11-06,824.97,824.97,824.97,824.97,-0.74,-6.11,105887,143949646.0,0.0,0.06
2012-11-07,820.1,820.1,820.1,820.1,-0.59,-4.87,57641,78590339.0,0.0,0.04
2012-11-08,792.69,792.69,792.69,792.69,-3.34,-27.41,113654,151727556.0,0.0,0.07
2012-11-09,762.48,762.48,762.48,762.48,-3.81,-30.21,135371,170286246.0,0.0,0.08
2012-11-12,763.8,763.8,763.8,763.8,0.17,1.32,74888,94031222.0,0.0,0.05
2012-11-13,748.99,748.99,748.99,748.99,-1.94,-14.81,87810,107172958.0,0.0,0.05
2012-11-14,750.94,750.94,750.94,750.94,0.26,1.95,63292,77813586.0,0.0,0.04
2012-11-15,720.19,720.19,720.19,720.19,-4.09,-30.75,102550,126995016.0,0.0,0.06
2012-11-16,713.08,713.08,713.08,713.08,-0.99,-7.11,118676,140302401.0,0.0,0.07
2012-11-19,712.99,712.99,712.99,712.99,-0.01,-0.09,70021,81499846.0,0.0,0.04
2012-11-20,705.1,705.1,705.1,705.1,-1.11,-7.89,67124,77876859.0,0.0,0.04
2012-11-21,725.72,725.72,725.72,725.72,2.92,20.62,129164,149450445.0,0.0,0.08
2012-11-22,719.25,719.25,719.25,719.25,-0.89,-6.47,66924,78103697.0,0.0,0.04
2012-11-23,719.87,719.87,719.87,719.87,0.09,0.62,63063,73384386.0,0.0,0.04
2012-11-26,728.11,728.11,728.11,728.11,1.14,8.24,128086,148758155.0,0.0,0.08
2012-11-27,694.93,694.93,694.93,694.93,-4.56,-33.18,111961,126825979.0,0.0,0.07
2012-11-28,677.6,677.6,677.6,677.6,-2.49,-17.33,89414,95815388.0,0.0,0.05
2012-11-29,650.27,650.27,650.27,650.27,-4.03,-27.33,93693,98679945.0,0.0,0.06
2012-11-30,658.8,658.8,658.8,658.8,1.31,8.53,84858,87587796.0,0.0,0.05
2012-12-03,640.69,640.69,640.69,640.69,-2.75,-18.11,73289,75713471.0,0.0,0.04
2012-12-04,649.07,649.07,649.07,649.07,1.31,8.38,86318,86350237.0,0.0,0.05
2012-12-05,691.78,691.78,691.78,691.78,6.58,42.71,193035,209532957.0,0.0,0.12
2012-12-06,689.7,689.7,689.7,689.7,-0.3,-2.08,126082,136296770.0,0.0,0.08
2012-12-07,708.2,708.2,708.2,708.2,2.68,18.5,156603,174369888.0,0.0,0.1
2012-12-10,715.93,715.93,715.93,715.93,1.09,7.73,119292,132441058.0,0.0,0.07
2012-12-11,703.08,703.08,703.08,703.08,-1.79,-12.85,91636,101124942.0,0.0,0.06
2012-12-12,711.47,711.47,711.47,711.47,1.19,8.39,70973,78138528.0,0.0,0.04
2012-12-13,698.38,698.38,698.38,698.38,-1.84,-13.09,75068,82037746.0,0.0,0.05
2012-12-14,768.16,768.16,768.16,768.16,9.99,69.78,292288,343128639.0,0.0,0.18
2012-12-17,800.97,800.97,800.97,800.97,4.27,32.81,492994,613063639.0,0.0,0.3
2012-12-18,849.85,849.85,849.85,849.85,6.1,48.88,497882,649583997.0,0.0,0.31
2012-12-19,835.39,835.39,835.39,835.39,-1.7,-14.46,124107,156923315.0,0.0,0.08
2012-12-20,836.62,836.62,836.62,836.62,0.15,1.23,124954,158183512.0,0.0,0.08
2012-12-21,810.68,810.68,810.68,810.68,-3.1,-25.94,404776,532421677.0,0.0,0.25
2012-12-24,814.22,814.22,814.22,814.22,0.44,3.54,271417,354515499.0,0.0,0.17
2012-12-25,830.76,830.76,830.76,830.76,2.03,16.54,451843,590204902.0,0.0,0.28
2012-12-26,839.22,839.22,839.22,839.22,1.02,8.46,310742,408563407.0,0.0,0.19
2012-12-27,824.84,824.84,824.84,824.84,-1.71,-14.38,227091,296169157.0,0.0,0.14
2012-12-28,841.48,841.48,841.48,841.48,2.02,16.64,383788,507906938.0,0.0,0.24
2012-12-31,845.45,845.45,845.45,845.45,0.47,3.97,307116,404894674.0,0.0,0.19
2013-01-04,844.25,844.25,844.25,844.25,-0.14,-1.2,293536,388960925.0,0.0,0.18
2013-01-07,833.94,833.94,833.94,833.94,-1.22,-10.31,272967,354041759.0,0.0,0.17
2013-01-08,838.35,838.35,838.35,838.35,0.53,4.41,348989,451543585.0,0.0,0.21
2013-01-09,835.28,835.28,835.28,835.28,-0.37,-3.07,255760,334696976.0,0.0,0.16
2013-01-10,837.81,837.81,837.81,837.81,0.3,2.53,314494,414348839.0,0.0,0.19
2013-01-11,808.39,808.39,808.39,808.39,-3.51,-29.42,269297,342615891.0,0.0,0.17
2013-01-14,845.05,845.05,845.05,845.05,4.53,36.66,337057,437627371.0,0.0,0.21
2013-01-15,853.12,853.12,853.12,853.12,0.95,8.07,370050,485087448.0,0.0,0.23
2013-01-16,844.39,844.39,844.39,844.39,-1.02,-8.73,264136,345293053.0,0.0,0.16
2013-01-17,858.27,858.27,858.27,858.27,1.64,13.88,369386,488887691.0,0.0,0.23
2013-01-18,859.81,859.81,859.81,859.81,0.18,1.54,429581,583019574.0,0.0,0.26
2013-01-21,838.65,838.65,838.65,838.65,-2.46,-21.16,438646,573133287.0,0.0,0.27
2013-01-22,819.76,819.76,819.76,819.76,-2.25,-18.89,341112,441910668.0,0.0,0.21
2013-01-23,835.09,835.09,835.09,835.09,1.87,15.33,262758,339628667.0,0.0,0.16
2013-01-24,821.85,821.85,821.85,821.85,-1.59,-13.24,447928,599074927.0,0.0,0.27
2013-01-25,798.79,798.79,798.79,798.79,-2.81,-23.06,260032,332438266.0,0.0,0.16
2013-01-28,820.71,820.71,820.71,820.71,2.74,21.92,251860,323721881.0,0.0,0.15
2013-01-29,840.27,840.27,840.27,840.27,2.38,19.56,354982,466746827.0,0.0,0.22
2013-01-30,836.93,836.93,836.93,836.93,-0.4,-3.34,435333,590852498.0,0.0,0.27
2013-01-31,847.75,847.75,847.75,847.75,1.29,10.82,343649,460899145.0,0.0,0.21
2013-02-01,900.35,900.35,900.35,900.35,6.2,52.6,739292,1052546711.0,0.0,0.45
2013-02-04,924.18,924.18,924.18,924.18,2.65,23.83,1029951,1611886897.0,0.0,0.63
2013-02-05,915.68,915.68,915.68,915.68,-0.92,-8.5,467132,717216415.0,0.0,0.29
2013-02-06,920.75,920.75,920.75,920.75,0.55,5.07,429687,667297333.0,0.0,0.26
2013-02-07,897.96,897.96,897.96,897.96,-2.48,-22.79,414839,623146147.0,0.0,0.25
2013-02-08,919.7,919.7,919.7,919.7,2.42,21.74,359425,538663270.0,0.0,0.22
2013-02-18,914.83,914.83,914.83,914.83,-0.53,-4.87,248859,366193700.0,0.0,0.15
2013-02-19,908.73,908.73,908.73,908.73,-0.67,-6.1,327356,484598288.0,0.0,0.2
2013-02-20,938.15,938.15,938.15,938.15,3.24,29.42,432859,652961308.0,0.0,0.27
2013-02-21,911.06,911.06,911.06,911.06,-2.89,-27.09,475904,740818618.0,0.0,0.29
2013-02-22,899.42,899.42,899.42,899.42,-1.28,-11.64,267207,400189853.0,0.0,0.16
2013-02-25,903.02,903.02,903.02,903.02,0.4,3.6,222078,328811313.0,0.0,0.14
2013-02-26,887.97,887.97,887.97,887.97,-1.67,-15.05,321580,477237309.0,0.0,0.2
2013-02-27,927.04,927.04,927.04,927.04,4.4,39.07,416677,634865015.0,0.0,0.26
2013-02-28,943.8,943.8,943.8,943.8,1.81,16.76,419873,646819977.0,0.0,0.26
2013-03-01,941.83,941.83,941.83,941.83,-0.21,-1.97,343071,540448187.0,0.0,0.21
2013-03-04,883.82,883.82,883.82,883.82,-6.16,-58.01,409657,606667103.0,0.0,0.25
2013-03-05,926.45,926.45,926.45,926.45,4.82,42.63,410860,596185292.0,0.0,0.25
2013-03-06,917.15,917.15,917.15,917.15,-1.0,-9.3,333484,493500493.0,0.0,0.2
2013-03-07,921.34,921.34,921.34,921.34,0.46,4.19,364078,539231209.0,0.0,0.22
2013-03-08,904.73,904.73,904.73,904.73,-1.8,-16.61,326774,521784392.0,0.0,0.2
2013-03-11,887.82,887.82,887.82,887.82,-1.87,-16.91,208256,304370169.0,0.0,0.13
2013-03-12,870.42,870.42,870.42,870.42,-1.96,-17.4,235626,337386602.0,0.0,0.14
2013-03-13,872.81,872.81,872.81,872.81,0.27,2.39,195003,269985142.0,0.0,0.12
2013-03-14,865.97,865.97,865.97,865.97,-0.78,-6.84,151054,208437944.0,0.0,0.09
2013-03-15,864.1,864.1,864.1,864.1,-0.22,-1.87,209705,301406702.0,0.0,0.13
2013-03-18,825.71,825.71,825.71,825.71,-4.44,-38.39,279574,365949960.0,0.0,0.17
2013-03-19,839.36,839.36,839.36,839.36,1.65,13.65,189279,247920857.0,0.0,0.12
2013-03-20,863.44,863.44,863.44,863.44,2.87,24.08,281824,389638264.0,0.0,0.17
2013-03-21,866.2,866.2,866.2,866.2,0.32,2.76,250922,340807906.0,0.0,0.15
2013-03-22,874.57,874.57,874.57,874.57,0.97,8.37,280255,383657258.0,0.0,0.17
2013-03-25,863.04,863.04,863.04,863.04,-1.32,-11.53,216097,292807049.0,0.0,0.13
2013-03-26,836.14,836.14,836.14,836.14,-3.12,-26.9,195058,261081847.0,0.0,0.12
2013-03-27,838.36,838.36,838.36,838.36,0.27,2.22,130986,178231238.0,0.0,0.08
2013-03-28,782.89,782.89,782.89,782.89,-6.62,-55.47,269840,354045126.0,0.0,0.17
2013-03-29,784.07,784.07,784.07,784.07,0.15,1.18,132198,168732922.0,0.0,0.08
2013-04-01,792.59,792.59,792.59,792.59,1.09,8.52,110285,138412421.0,0.0,0.07
2013-04-02,796.55,796.55,796.55,796.55,0.5,3.96,129334,166010947.0,0.0,0.08
2013-04-03,792.35,792.35,792.35,792.35,-0.53,-4.2,111166,140571629.0,0.0,0.07
2013-04-08,780.91,780.91,780.91,780.91,-1.44,-11.44,109740,134579199.0,0.0,0.07
2013-04-09,794.49,794.49,794.49,794.49,1.74,13.58,109822,140212216.0,0.0,0.07
2013-04-10,793.49,793.49,793.49,793.49,-0.13,-1.0,120479,150947464.0,0.0,0.07
2013-04-11,791.23,791.23,791.23,791.23,-0.28,-2.26,142973,177379436.0,0.0,0.09
2013-04-12,780.65,780.65,780.65,780.65,-1.34,-10.58,93132,116498628.0,0.0,0.06
2013-04-15,779.51,779.51,779.51,779.51,-0.15,-1.14,100018,123384263.0,0.0,0.06
2013-04-16,800.05,800.05,800.05,800.05,2.63,20.54,111143,139677298.0,0.0,0.07
2013-04-17,801.07,801.07,801.07,801.07,0.13,1.02,106383,137223398.0,0.0,0.07
2013-04-18,805.87,805.87,805.87,805.87,0.6,4.8,138506,178741481.0,0.0,0.08
2013-04-19,823.89,823.89,823.89,823.89,2.24,18.02,202148,266106571.0,0.0,0.12
2013-04-22,823.07,823.07,823.07,823.07,-0.1,-0.82,128325,168781436.0,0.0,0.08
2013-04-23,789.75,789.75,789.75,789.75,-4.05,-33.32,147608,189237365.0,0.0,0.09
2013-04-24,836.13,836.13,836.13,836.13,5.87,46.38,279327,390912424.0,0.0,0.17
2013-04-25,833.23,833.23,833.23,833.23,-0.35,-2.9,291762,412507137.0,0.0,0.18
2013-04-26,863.93,863.93,863.93,863.93,3.68,30.7,717885,1129538257.0,0.0,0.44
2013-05-02,871.35,871.35,871.35,871.35,0.86,7.42,410040,639236529.0,0.0,0.25
2013-05-03,902.25,902.25,902.25,902.25,3.55,30.9,522689,849723313.0,0.0,0.32
2013-05-06,927.44,927.44,927.44,927.44,2.79,25.19,561109,913409152.0,0.0,0.34
2013-05-07,940.61,940.61,940.61,940.61,1.42,13.17,440621,721902713.0,0.0,0.27
2013-05-08,935.33,935.33,935.33,935.33,-0.56,-5.28,505278,876524424.0,0.0,0.31
2013-05-09,947.1,947.1,947.1,947.1,1.26,11.77,430176,750345687.0,0.0,0.26
2013-05-10,946.91,946.91,946.91,946.91,-0.02,-0.19,388377,649966795.0,0.0,0.24
2013-05-13,958.41,958.41,958.41,958.41,1.21,11.5,320568,526809133.0,0.0,0.2
2013-05-14,947.77,947.77,947.77,947.77,-1.11,-10.64,204382,333237330.0,0.0,0.13
2013-05-15,939.9,939.9,939.9,939.9,-0.83,-7.87,450302,758666285.0,0.0,0.28
2013-05-16,996.22,996.22,996.22,996.22,5.99,56.32,643035,1075589951.0,0.0,0.39
2013-05-17,1014.94,1014.94,1014.94,1014.94,1.88,18.72,561890,901408492.0,0.0,0.34
2013-05-20,1072.39,1072.39,1072.39,1072.39,5.66,57.45,680670,1191858878.0,0.0,0.42
2013-05-21,1097.38,1097.38,1097.38,1097.38,2.33,24.99,502348,906288888.0,0.0,0.31
2013-05-22,1076.15,1076.15,1076.15,1076.15,-1.93,-21.23,362485,671395036.0,0.0,0.22
2013-05-23,1069.26,1069.26,1069.26,1069.26,-0.64,-6.89,492305,935953520.0,0.0,0.3
2013-05-24,1099.55,1099.55,1099.55,1099.55,2.83,30.29,380804,738743581.0,0.0,0.23
2013-05-27,1105.29,1105.29,1105.29,1105.29,0.52,5.74,300763,578377907.0,0.0,0.18
2013-05-28,1120.62,1120.62,1120.62,1120.62,1.39,15.33,384224,718322712.0,0.0,0.24
2013-05-29,1099.02,1099.02,1099.02,1099.02,-1.93,-21.6,321452,609498252.0,0.0,0.2
2013-05-30,1134.44,1134.44,1134.44,1134.44,3.22,35.42,407970,751162874.0,0.0,0.25
2013-05-31,1123.71,1123.71,1123.71,1123.71,-0.95,-10.73,395603,754963416.0,0.0,0.24
2013-06-03,1125.0,1125.0,1125.0,1125.0,0.11,1.29,328120,625502908.0,0.0,0.2
2013-06-04,1105.01,1105.01,1105.01,1105.01,-1.78,-19.99,360182,696626620.0,0.0,0.22
2013-06-05,1101.2,1101.2,1101.2,1101.2,-0.34,-3.81,244145,491056971.0,0.0,0.15
2013-06-06,1087.13,1087.13,1087.13,1087.13,-1.28,-14.07,220583,422641356.0,0.0,0.14
2013-06-07,1016.76,1016.76,1016.76,1016.76,-6.47,-70.37,434061,784453488.0,0.0,0.27
2013-06-13,990.73,990.73,990.73,990.73,-2.56,-26.03,310201,505068133.0,0.0,0.19
2013-06-14,1025.85,1025.85,1025.85,1025.85,3.54,35.12,264165,448395685.0,0.0,0.16
2013-06-17,1012.97,1012.97,1012.97,1012.97,-1.26,-12.88,203255,349805573.0,0.0,0.12
2013-06-18,1029.19,1029.19,1029.19,1029.19,1.6,16.22,214552,369831468.0,0.0,0.13
2013-06-19,1011.03,1011.03,1011.03,1011.03,-1.76,-18.16,235837,397493691.0,0.0,0.14
2013-06-20,993.6,993.6,993.6,993.6,-1.72,-17.43,268937,433127195.0,0.0,0.16
2013-06-21,1005.09,1005.09,1005.09,1005.09,1.16,11.49,364597,596828992.0,0.0,0.22
2013-06-24,928.85,928.85,928.85,928.85,-7.59,-76.24,372613,589148820.0,0.0,0.23
2013-06-25,927.62,927.62,927.62,927.62,-0.13,-1.23,391384,582259972.0,0.0,0.24
2013-06-26,952.82,952.82,952.82,952.82,2.72,25.2,265973,412909789.0,0.0,0.16
2013-06-27,898.27,898.27,898.27,898.27,-5.73,-54.55,382210,584584584.0,0.0,0.23
2013-06-28,910.96,910.96,910.96,910.96,1.41,12.69,332505,503738544.0,0.0,0.2
2013-07-01,916.81,916.81,916.81,916.81,0.64,5.85,230163,341701537.0,0.0,0.14
2013-07-02,925.22,925.22,925.22,925.22,0.92,8.41,284645,435299641.0,0.0,0.17
2013-07-03,925.05,925.05,925.05,925.05,-0.02,-0.17,271258,406765277.0,0.0,0.17
2013-07-04,940.22,940.22,940.22,940.22,1.64,15.17,303874,476402215.0,0.0,0.19
2013-07-05,937.44,937.44,937.44,937.44,-0.3,-2.78,332191,533528211.0,0.0,0.2
2013-07-08,945.78,945.78,945.78,945.78,0.89,8.34,367476,565084514.0,0.0,0.23
2013-07-09,938.65,938.65,938.65,938.65,-0.75,-7.13,265966,397672097.0,0.0,0.16
2013-07-10,997.77,997.77,997.77,997.77,6.3,59.12,509948,818984869.0,0.0,0.31
2013-07-11,1020.29,1020.29,1020.29,1020.29,2.26,22.52,1226884,1221484052.0,0.0,0.75
2013-07-12,1006.45,1006.45,1006.45,1006.45,-1.36,-13.84,721393,728449773.0,0.0,0.44
2013-07-15,1019.9,1019.9,1019.9,1019.9,1.34,13.45,684074,690314791.0,0.0,0.42
2013-07-16,1036.83,1036.83,1036.83,1036.83,1.66,16.93,561541,574813637.0,0.0,0.34
2013-07-17,1004.94,1004.94,1004.94,1004.94,-3.08,-31.89,428817,434595945.0,0.0,0.26
2013-07-18,997.28,997.28,997.28,997.28,-0.76,-7.66,336728,331587188.0,0.0,0.21
2013-07-19,963.49,963.49,963.49,963.49,-3.39,-33.79,444167,417325767.0,0.0,0.27
2013-07-22,937.64,937.64,937.64,937.64,-2.68,-25.85,474029,452281373.0,0.0,0.29
2013-07-23,951.51,951.51,951.51,951.51,1.48,13.87,533421,554809659.0,0.0,0.33
2013-07-24,935.37,935.37,935.37,935.37,-1.7,-16.14,471278,462748350.0,0.0,0.29
2013-07-25,943.44,943.44,943.44,943.44,0.86,8.07,706553,688128997.0,0.0,0.43
2013-07-26,946.5,946.5,946.5,946.5,0.32,3.06,397302,384822176.0,0.0,0.24
2013-07-29,936.06,936.06,936.06,936.06,-1.1,-10.44,371397,376327266.0,0.0,0.23
2013-07-30,961.55,961.55,961.55,961.55,2.72,25.49,544115,528514334.0,0.0,0.33
2013-07-31,957.32,957.32,957.32,957.32,-0.44,-4.23,365872,371286543.0,0.0,0.22
2013-08-01,987.26,987.26,987.26,987.26,3.13,29.94,416472,427873222.0,0.0,0.26
2013-08-02,972.32,972.32,972.32,972.32,-1.51,-14.94,353185,371278977.0,0.0,0.22
2013-08-05,983.58,983.58,983.58,983.58,1.16,11.26,312227,317825463.0,0.0,0.19
2013-08-06,987.81,987.81,987.81,987.81,0.43,4.23,416440,406501227.0,0.0,0.26
2013-08-07,983.64,983.64,983.64,983.64,-0.42,-4.17,454843,450820330.0,0.0,0.28
2013-08-08,967.14,967.14,967.14,967.14,-1.68,-16.5,323499,322397495.0,0.0,0.2
2013-08-09,970.76,970.76,970.76,970.76,0.37,3.62,266540,268939988.0,0.0,0.16
2013-08-12,1011.59,1011.59,1011.59,1011.59,4.21,40.83,650545,679428299.0,0.0,0.4
2013-08-13,1010.31,1010.31,1010.31,1010.31,-0.13,-1.28,497527,515429638.0,0.0,0.31
2013-08-14,1012.19,1012.19,1012.19,1012.19,0.19,1.88,494441,541278549.0,0.0,0.3
2013-08-15,1002.06,1002.06,1002.06,1002.06,-1.0,-10.13,410952,425893194.0,0.0,0.25
2013-08-16,977.54,977.54,977.54,977.54,-2.45,-24.52,796886,802033660.0,0.0,0.49
2013-08-19,970.13,970.13,970.13,970.13,-0.76,-7.41,428529,424116735.0,0.0,0.26
2013-08-20,965.27,965.27,965.27,965.27,-0.5,-4.86,283000,282935466.0,0.0,0.17
2013-08-21,975.16,975.16,975.16,975.16,1.02,9.89,219099,217143782.0,0.0,0.13
2013-08-22,971.55,971.55,971.55,971.55,-0.37,-3.61,287760,293505640.0,0.0,0.18
2013-08-23,955.39,955.39,955.39,955.39,-1.66,-16.16,351557,352093605.0,0.0,0.22
2013-08-26,981.95,981.95,981.95,981.95,2.78,26.56,363579,368241418.0,0.0,0.22
2013-08-27,996.11,996.11,996.11,996.11,1.44,14.16,417624,465484355.0,0.0,0.26
2013-08-28,1016.97,1016.97,1016.97,1016.97,2.09,20.86,685369,786122032.0,0.0,0.42
2013-08-29,1054.0,1054.0,1054.0,1054.0,3.64,37.03,1488574,1614055752.0,0.0,0.91
2013-08-30,1124.74,1124.74,1124.74,1124.74,6.71,70.74,1931265,2169256459.0,0.0,1.18
2013-09-02,1139.01,1139.01,1139.01,1139.01,1.27,14.27,1854753,2451630398.0,0.0,1.14
2013-09-03,1115.27,1115.27,1115.27,1115.27,-2.08,-23.74,1061116,1371962117.0,0.0,0.65
2013-09-04,1126.12,1126.12,1126.12,1126.12,0.97,10.85,1069850,1401192941.0,0.0,0.66
2013-09-05,1106.34,1106.34,1106.34,1106.34,-1.76,-19.78,804844,1035910778.0,0.0,0.49
2013-09-06,1137.61,1137.61,1137.61,1137.61,2.83,31.27,894305,1217990721.0,0.0,0.55
2013-09-09,1178.71,1178.71,1178.71,1178.71,3.61,41.1,1673282,2250992013.0,0.0,1.03
2013-09-10,1176.81,1176.81,1176.81,1176.81,-0.16,-1.9,1216619,1705322568.0,0.0,0.75
2013-09-11,1134.2,1134.2,1134.2,1134.2,-3.62,-42.61,903852,1222712264.0,0.0,0.55
2013-09-12,1159.22,1159.22,1159.22,1159.22,2.21,25.02,1108935,1447415239.0,0.0,0.68
2013-09-13,1134.76,1134.76,1134.76,1134.76,-2.11,-24.46,734276,956536966.0,0.0,0.45
2013-09-16,1126.98,1126.98,1126.98,1126.98,-0.69,-7.78,499578,643877390.0,0.0,0.31
2013-09-17,1114.21,1114.21,1114.21,1114.21,-1.13,-12.77,471883,600966427.0,0.0,0.29
2013-09-18,1115.92,1115.92,1115.92,1115.92,0.15,1.71,366627,450806913.0,0.0,0.22
2013-09-23,1138.36,1138.36,1138.36,1138.36,2.01,22.44,497867,643813033.0,0.0,0.31
2013-09-24,1113.86,1113.86,1113.86,1113.86,-2.15,-24.5,523665,680198442.0,0.0,0.32
2013-09-25,1124.83,1124.83,1124.83,1124.83,0.98,10.97,780298,1062569584.0,0.0,0.48
2013-09-26,1057.08,1057.08,1057.08,1057.08,-6.02,-67.75,567533,733758212.0,0.0,0.35
2013-09-27,1048.47,1048.47,1048.47,1048.47,-0.81,-8.61,305900,379899539.0,0.0,0.19
2013-09-30,1055.63,1055.63,1055.63,1055.63,0.68,7.16,269445,324947041.0,0.0,0.17
2013-10-08,1069.24,1069.24,1069.24,1069.24,1.29,13.61,304254,367377100.0,0.0,0.19
2013-10-09,1073.05,1073.05,1073.05,1073.05,0.36,3.81,297637,362272446.0,0.0,0.18
2013-10-10,1055.44,1055.44,1055.44,1055.44,-1.64,-17.61,362247,445847725.0,0.0,0.22
2013-10-11,1087.52,1087.52,1087.52,1087.52,3.04,32.08,540809,670403790.0,0.0,0.33
2013-10-14,1111.12,1111.12,1111.12,1111.12,2.17,23.6,613679,774034763.0,0.0,0.38
2013-10-15,1094.4,1094.4,1094.4,1094.4,-1.5,-16.72,390897,492873186.0,0.0,0.24
2013-10-16,1042.14,1042.14,1042.14,1042.14,-4.78,-52.26,424230,513579601.0,0.0,0.26
2013-10-17,1036.2,1036.2,1036.2,1036.2,-0.57,-5.94,266996,316301593.0,0.0,0.16
2013-10-18,1046.32,1046.32,1046.32,1046.32,0.98,10.12,217642,261718701.0,0.0,0.13
2013-10-21,1063.79,1063.79,1063.79,1063.79,1.67,17.47,263433,324776510.0,0.0,0.16
2013-10-22,1054.47,1054.47,1054.47,1054.47,-0.88,-9.32,280674,332396063.0,0.0,0.17
2013-10-23,1042.56,1042.56,1042.56,1042.56,-1.13,-11.91,283169,346855047.0,0.0,0.17
2013-10-24,1025.95,1025.95,1025.95,1025.95,-1.59,-16.61,180219,214155869.0,0.0,0.11
2013-10-25,976.27,976.27,976.27,976.27,-4.84,-49.68,458751,461428050.0,0.0,0.28
2013-10-28,992.86,992.86,992.86,992.86,1.7,16.59,303686,315429229.0,0.0,0.19
2013-10-29,970.76,970.76,970.76,970.76,-2.23,-22.1,291849,304871199.0,0.0,0.18
2013-10-30,969.1,969.1,969.1,969.1,-0.17,-1.66,201771,226859784.0,0.0,0.12
2013-10-31,950.76,950.76,950.76,950.76,-1.89,-18.34,176773,189249447.0,0.0,0.11
2013-11-01,961.0,961.0,961.0,961.0,1.08,10.24,202508,208232484.0,0.0,0.12
2013-11-04,965.19,965.19,965.19,965.19,0.44,4.19,166716,178572154.0,0.0,0.1
2013-11-05,968.84,968.84,968.84,968.84,0.38,3.65,159504,174612822.0,0.0,0.1
2013-11-06,951.81,951.81,951.81,951.81,-1.76,-17.03,166956,184242205.0,0.0,0.1
2013-11-07,952.68,952.68,952.68,952.68,0.09,0.87,193134,215441059.0,0.0,0.12
2013-11-08,941.85,941.85,941.85,941.85,-1.14,-10.83,204276,234801084.0,0.0,0.13
2013-11-11,942.65,942.65,942.65,942.65,0.08,0.8,114298,132082375.0,0.0,0.07
2013-11-12,951.15,951.15,951.15,951.15,0.9,8.5,142638,162298074.0,0.0,0.09
2013-11-13,930.84,930.84,930.84,930.84,-2.14,-20.31,171247,181890254.0,0.0,0.11
2013-11-14,929.33,929.33,929.33,929.33,-0.16,-1.51,162249,163113208.0,0.0,0.1
2013-11-15,961.49,961.49,961.49,961.49,3.46,32.16,376074,416540272.0,0.0,0.23
2013-11-18,992.94,992.94,992.94,992.94,3.27,31.45,450118,502115488.0,0.0,0.28
2013-11-19,993.34,993.34,993.34,993.34,0.04,0.4,273189,310225537.0,0.0,0.17
2013-11-20,994.71,994.71,994.71,994.71,0.14,1.37,203675,232104572.0,0.0,0.12
2013-11-21,983.61,983.61,983.61,983.61,-1.12,-11.1,222282,240183997.0,0.0,0.14
2013-11-22,989.9,989.9,989.9,989.9,0.64,6.29,258327,309264690.0,0.0,0.16
2013-11-25,990.2,990.2,990.2,990.2,0.03,0.3,174574,197512408.0,0.0,0.11
2013-11-26,1006.83,1006.83,1006.83,1006.83,1.68,16.63,203546,238495794.0,0.0,0.12
2013-11-27,1030.84,1030.84,1030.84,1030.84,2.38,24.01,361751,425650721.0,0.0,0.22
2013-11-28,1029.47,1029.47,1029.47,1029.47,-0.13,-1.37,312514,359542690.0,0.0,0.19
2013-11-29,1020.78,1020.78,1020.78,1020.78,-0.84,-8.69,247243,291831172.0,0.0,0.15
2013-12-02,1013.53,1013.53,1013.53,1013.53,-0.71,-7.25,602584,667446342.0,0.0,0.37
2013-12-03,1027.9,1027.9,1027.9,1027.9,1.42,14.37,323749,361781214.0,0.0,0.2
2013-12-04,1043.2,1043.2,1043.2,1043.2,1.49,15.3,454167,536924877.0,0.0,0.28
2013-12-05,1043.71,1043.71,1043.71,1043.71,0.05,0.51,237920,277937608.0,0.0,0.15
2013-12-06,1038.03,1038.03,1038.03,1038.03,-0.54,-5.68,219083,257996601.0,0.0,0.13
2013-12-09,1039.66,1039.66,1039.66,1039.66,0.16,1.63,180758,224345621.0,0.0,0.11
2013-12-10,1038.6,1038.6,1038.6,1038.6,-0.1,-1.06,135216,158838952.0,0.0,0.08
2013-12-11,1007.01,1007.01,1007.01,1007.01,-3.04,-31.59,220740,255420490.0,0.0,0.14
2013-12-12,1010.75,1010.75,1010.75,1010.75,0.37,3.74,130743,153484101.0,0.0,0.08
2013-12-13,1014.34,1014.34,1014.34,1014.34,0.36,3.59,114215,132581358.0,0.0,0.07
2013-12-16,1002.78,1002.78,1002.78,1002.78,-1.14,-11.56,149305,167793725.0,0.0,0.09
2013-12-17,1002.85,1002.85,1002.85,1002.85,0.01,0.07,101387,116230180.0,0.0,0.06
2013-12-18,1007.08,1007.08,1007.08,1007.08,0.42,4.23,112282,135219040.0,0.0,0.07
2013-12-19,1015.31,1015.31,1015.31,1015.31,0.82,8.23,133506,164886277.0,0.0,0.08
2013-12-20,1006.56,1006.56,1006.56,1006.56,-0.86,-8.75,150440,188390012.0,0.0,0.09
2013-12-23,984.12,984.12,984.12,984.12,-2.23,-22.44,140805,159811363.0,0.0,0.09
2013-12-24,983.98,983.98,983.98,983.98,-0.01,-0.14,106070,105624788.0,0.0,0.07
2013-12-25,994.55,994.55,994.55,994.55,1.07,10.57,98239,105847808.0,0.0,0.06
2013-12-26,964.12,964.12,964.12,964.12,-3.06,-30.43,140444,158932936.0,0.0,0.09
2013-12-27,989.29,989.29,989.29,989.29,2.61,25.17,133244,161494021.0,0.0,0.08
2013-12-30,992.96,992.96,992.96,992.96,0.37,3.67,121608,147466302.0,0.0,0.07
2013-12-31,1003.32,1003.32,1003.32,1003.32,1.04,10.36,147323,162162038.0,0.0,0.09
2014-01-02,1004.66,1004.66,1004.66,1004.66,0.13,1.34,111061,126772653.0,0.0,0.07
2014-01-03,995.02,995.02,995.02,995.02,-0.96,-9.64,134024,160672182.0,0.0,0.08
2014-01-06,973.03,973.03,973.03,973.03,-2.21,-21.99,131276,146868699.0,0.0,0.08
2014-01-07,1003.14,1003.14,1003.14,1003.14,3.09,30.11,164147,216508978.0,0.0,0.1
2014-01-08,1001.68,1001.68,1001.68,1001.68,-0.15,-1.46,137663,164868530.0,0.0,0.08
2014-01-09,1001.22,1001.22,1001.22,1001.22,-0.05,-0.46,169317,220016949.0,0.0,0.1
2014-01-10,988.13,988.13,988.13,988.13,-1.31,-13.09,151662,174350032.0,0.0,0.09
2014-01-13,985.46,985.46,985.46,985.46,-0.27,-2.67,156436,194343863.0,0.0,0.1
2014-01-14,1001.93,1001.93,1001.93,1001.93,1.67,16.47,131107,163700111.0,0.0,0.08
2014-01-15,1014.45,1014.45,1014.45,1014.45,1.25,12.52,137969,184970514.0,0.0,0.08
2014-01-16,1015.18,1015.18,1015.18,1015.18,0.07,0.73,121248,158125931.0,0.0,0.07
2014-01-17,998.84,998.84,998.84,998.84,-1.61,-16.34,109052,132069604.0,0.0,0.07
2014-01-20,986.56,986.56,986.56,986.56,-1.23,-12.28,108362,144969365.0,0.0,0.07
2014-01-21,1013.49,1013.49,1013.49,1013.49,2.73,26.93,177451,251726500.0,0.0,0.11
2014-01-22,1040.91,1040.91,1040.91,1040.91,2.71,27.42,200751,243375941.0,0.0,0.12
2014-01-23,1043.02,1043.02,1043.02,1043.02,0.2,2.11,208898,279688382.0,0.0,0.13
2014-01-24,1047.84,1047.84,1047.84,1047.84,0.46,4.82,174608,230965389.0,0.0,0.11
2014-01-27,1058.7,1058.7,1058.7,1058.7,1.04,10.86,148259,201163035.0,0.0,0.09
2014-01-28,1055.89,1055.89,1055.89,1055.89,-0.27,-2.81,81395,109422627.0,0.0,0.05
2014-01-29,1076.05,1076.05,1076.05,1076.05,1.91,20.16,76702,101219872.0,0.0,0.05
2014-01-30,1072.52,1072.52,1072.52,1072.52,-0.33,-3.53,72379,98594519.0,0.0,0.04
2014-02-07,1073.56,1073.56,1073.56,1073.56,0.1,1.04,83662,92083063.0,0.0,0.05
2014-02-10,1080.65,1080.65,1080.65,1080.65,0.66,7.09,178470,214784661.0,0.0,0.11
2014-02-11,1091.76,1091.76,1091.76,1091.76,1.03,11.11,225770,223413927.0,0.0,0.14
2014-02-12,1097.26,1097.26,1097.26,1097.26,0.5,5.5,290895,377385914.0,0.0,0.18
2014-02-13,1124.2,1124.2,1124.2,1124.2,2.46,26.94,368500,523602620.0,0.0,0.23
2014-02-14,1145.25,1145.25,1145.25,1145.25,1.87,21.05,297215,442109486.0,0.0,0.18
2014-02-17,1152.58,1152.58,1152.58,1152.58,0.64,7.33,257925,351292208.0,0.0,0.16
2014-02-18,1142.9,1142.9,1142.9,1142.9,-0.84,-9.68,289343,412461591.0,0.0,0.18
2014-02-19,1155.45,1155.45,1155.45,1155.45,1.1,12.55,328557,405998694.0,0.0,0.2
2014-02-20,1128.06,1128.06,1128.06,1128.06,-2.37,-27.39,266348,335733027.0,0.0,0.16
2014-02-21,1111.81,1111.81,1111.81,1111.81,-1.44,-16.25,190570,235761966.0,0.0,0.12
2014-02-24,1102.5,1102.5,1102.5,1102.5,-0.84,-9.31,234718,310914280.0,0.0,0.14
2014-02-25,1063.9,1063.9,1063.9,1063.9,-3.5,-38.6,229952,323400251.0,0.0,0.14
2014-02-26,1067.45,1067.45,1067.45,1067.45,0.33,3.55,196243,279236199.0,0.0,0.12
2014-02-27,1061.33,1061.33,1061.33,1061.33,-0.57,-6.12,170240,232219888.0,0.0,0.1
2014-02-28,1082.86,1082.86,1082.86,1082.86,2.03,21.53,185083,211329448.0,0.0,0.11
2014-03-03,1102.22,1102.22,1102.22,1102.22,1.79,19.36,197110,275792893.0,0.0,0.12
2014-03-04,1095.47,1095.47,1095.47,1095.47,-0.61,-6.75,154657,198045256.0,0.0,0.09
2014-03-05,1079.73,1079.73,1079.73,1079.73,-1.44,-15.74,121320,163779320.0,0.0,0.07
2014-03-06,1093.08,1093.08,1093.08,1093.08,1.24,13.35,164847,217354674.0,0.0,0.1
2014-03-07,1079.68,1079.68,1079.68,1079.68,-1.23,-13.4,111768,139615232.0,0.0,0.07
2014-03-10,1035.79,1035.79,1035.79,1035.79,-4.07,-43.89,165166,195546230.0,0.0,0.1
2014-03-11,1026.71,1026.71,1026.71,1026.71,-0.88,-9.08,168283,247349096.0,0.0,0.1
2014-03-12,1022.03,1022.03,1022.03,1022.03,-0.46,-4.68,112664,143414332.0,0.0,0.07
2014-03-13,1029.8,1029.8,1029.8,1029.8,0.76,7.77,104108,125018834.0,0.0,0.06
2014-03-14,1025.75,1025.75,1025.75,1025.75,-0.39,-4.05,102543,125163565.0,0.0,0.06
2014-03-17,1051.7,1051.7,1051.7,1051.7,2.53,25.95,113465,124209526.0,0.0,0.07
2014-03-18,1056.7,1056.7,1056.7,1056.7,0.48,5.0,109670,122281620.0,0.0,0.07
2014-03-19,1055.24,1055.24,1055.24,1055.24,-0.14,-1.46,122726,170989950.0,0.0,0.08
2014-03-20,1036.4,1036.4,1036.4,1036.4,-1.79,-18.84,87221,110481974.0,0.0,0.05
2014-03-21,1066.97,1066.97,1066.97,1066.97,2.95,30.57,146176,165285513.0,0.0,0.09
2014-03-24,1075.25,1075.25,1075.25,1075.25,0.78,8.28,151876,173609131.0,0.0,0.09
2014-03-25,1073.68,1073.68,1073.68,1073.68,-0.15,-1.57,142993,176783198.0,0.0,0.09
2014-03-26,1059.77,1059.77,1059.77,1059.77,-1.3,-13.91,110670,150414104.0,0.0,0.07
2014-03-27,1091.7,1091.7,1091.7,1091.7,3.01,31.93,385444,383008713.0,0.0,0.24
2014-03-28,1061.21,1061.21,1061.21,1061.21,-2.79,-30.49,221821,248385452.0,0.0,0.14
2014-03-31,1033.01,1033.01,1033.01,1033.01,-2.66,-28.2,153203,192210306.0,0.0,0.09
2014-04-01,1048.59,1048.59,1048.59,1048.59,1.51,15.58,204992,219361224.0,0.0,0.13
2014-04-02,1050.3,1050.3,1050.3,1050.3,0.16,1.71,132419,151377240.0,0.0,0.08
2014-04-03,1059.63,1059.63,1059.63,1059.63,0.89,9.33,232351,234345238.0,0.0,0.14
2014-04-04,1072.13,1072.13,1072.13,1072.13,1.18,12.5,128805,157422621.0,0.0,0.08
2014-04-08,1085.05,1085.05,1085.05,1085.05,1.21,12.92,211707,223321666.0,0.0,0.13
2014-04-09,1088.29,1088.29,1088.29,1088.29,0.3,3.24,159942,173799222.0,0.0,0.1
2014-04-10,1111.29,1111.29,1111.29,1111.29,2.11,23.0,296821,334193948.0,0.0,0.18
2014-04-11,1096.4,1096.4,1096.4,1096.4,-1.34,-14.89,150468,167086278.0,0.0,0.09
2014-04-14,1098.85,1098.85,1098.85,1098.85,0.22,2.45,126400,132824058.0,0.0,0.08
2014-04-15,1090.94,1090.94,1090.94,1090.94,-0.72,-7.91,117315,130691919.0,0.0,0.07
2014-04-16,1087.8,1087.8,1087.8,1087.8,-0.29,-3.14,124616,165562836.0,0.0,0.08
2014-04-17,1079.57,1079.57,1079.57,1079.57,-0.76,-8.23,94693,114397028.0,0.0,0.06
2014-04-18,1086.04,1086.04,1086.04,1086.04,0.6,6.47,93866,105854088.0,0.0,0.06
2014-04-21,1064.32,1064.32,1064.32,1064.32,-2.0,-21.72,111246,132720092.0,0.0,0.07
2014-04-22,1060.36,1060.36,1060.36,1060.36,-0.37,-3.96,101148,113129660.0,0.0,0.06
2014-04-23,1050.49,1050.49,1050.49,1050.49,-0.93,-9.87,68073,80765425.0,0.0,0.04
2014-04-24,1045.95,1045.95,1045.95,1045.95,-0.43,-4.54,89695,104328868.0,0.0,0.06
2014-04-25,1038.05,1038.05,1038.05,1038.05,-0.76,-7.9,112366,132672847.0,0.0,0.07
2014-04-28,1055.55,1055.55,1055.55,1055.55,1.69,17.5,296419,403729221.0,0.0,0.18
2014-04-29,1064.12,1064.12,1064.12,1064.12,0.81,8.57,174673,237347063.0,0.0,0.11
2014-04-30,1064.98,1064.98,1064.98,1064.98,0.08,0.86,151521,205183725.0,0.0,0.09
2014-05-05,1064.87,1064.87,1064.87,1064.87,-0.01,-0.11,196340,268063931.0,0.0,0.12
2014-05-06,1059.13,1059.13,1059.13,1059.13,-0.54,-5.74,151800,196136435.0,0.0,0.09
2014-05-07,1036.38,1036.38,1036.38,1036.38,-2.15,-22.75,159100,232704623.0,0.0,0.1
2014-05-08,1027.41,1027.41,1027.41,1027.41,-0.87,-8.97,224449,307140077.0,0.0,0.14
2014-05-09,1021.53,1021.53,1021.53,1021.53,-0.57,-5.88,180645,258086940.0,0.0,0.11
2014-05-12,1054.63,1054.63,1054.63,1054.63,3.24,33.1,308368,398457602.0,0.0,0.19
2014-05-13,1050.96,1050.96,1050.96,1050.96,-0.35,-3.67,186606,229561722.0,0.0,0.11
2014-05-14,1042.41,1042.41,1042.41,1042.41,-0.81,-8.55,116648,147027456.0,0.0,0.07
2014-05-15,1020.21,1020.21,1020.21,1020.21,-2.13,-22.2,164864,215073513.0,0.0,0.1
2014-05-16,1031.03,1031.03,1031.03,1031.03,1.06,10.82,153514,201057989.0,0.0,0.09
2014-05-19,1021.52,1021.52,1021.52,1021.52,-0.92,-9.51,194554,254500051.0,0.0,0.12
2014-05-20,1021.64,1021.64,1021.64,1021.64,0.01,0.12,107336,141078941.0,0.0,0.07
2014-05-21,1036.88,1036.88,1036.88,1036.88,1.49,15.24,158527,225163724.0,0.0,0.1
2014-05-22,1028.92,1028.92,1028.92,1028.92,-0.77,-7.96,189122,271956579.0,0.0,0.12
2014-05-23,1038.0,1038.0,1038.0,1038.0,0.88,9.08,113842,157697893.0,0.0,0.07
2014-05-26,1046.14,1046.14,1046.14,1046.14,0.78,8.14,158996,228293749.0,0.0,0.1
2014-05-27,1050.67,1050.67,1050.67,1050.67,0.43,4.53,172880,243481999.0,0.0,0.11
2014-05-28,1054.67,1054.67,1054.67,1054.67,0.38,4.0,146828,195401550.0,0.0,0.09
2014-05-29,1032.74,1032.74,1032.74,1032.74,-2.08,-21.93,152113,204667318.0,0.0,0.09
2014-05-30,1033.11,1033.11,1033.11,1033.11,0.04,0.37,99637,130444377.0,0.0,0.06
2014-06-03,1024.62,1024.62,1024.62,1024.62,-0.82,-8.49,109048,130514117.0,0.0,0.07
2014-06-04,1018.83,1018.83,1018.83,1018.83,-0.57,-5.79,145831,163367759.0,0.0,0.09
2014-06-05,1025.95,1025.95,1025.95,1025.95,0.7,7.12,101555,121676274.0,0.0,0.06
2014-06-06,1018.1,1018.1,1018.1,1018.1,-0.77,-7.85,89224,113129270.0,0.0,0.05
2014-06-09,1012.64,1012.64,1012.64,1012.64,-0.54,-5.46,94619,119792157.0,0.0,0.06
2014-06-10,1022.54,1022.54,1022.54,1022.54,0.98,9.9,98152,125689727.0,0.0,0.06
2014-06-11,1027.56,1027.56,1027.56,1027.56,0.49,5.02,105241,136038351.0,0.0,0.06
2014-06-12,1021.38,1021.38,1021.38,1021.38,-0.6,-6.18,90238,114616570.0,0.0,0.06
2014-06-13,1034.96,1034.96,1034.96,1034.96,1.33,13.58,117727,152598268.0,0.0,0.07
2014-06-16,1043.94,1043.94,1043.94,1043.94,0.87,8.98,146613,182970867.0,0.0,0.09
2014-06-17,1029.19,1029.19,1029.19,1029.19,-1.41,-14.75,121542,155025700.0,0.0,0.07
2014-06-18,1019.39,1019.39,1019.39,1019.39,-0.95,-9.8,212891,227572826.0,0.0,0.13
2014-06-19,995.48,995.48,995.48,995.48,-2.35,-23.91,148246,184759790.0,0.0,0.09
2014-06-20,1010.35,1010.35,1010.35,1010.35,1.49,14.87,135286,161680222.0,0.0,0.08
2014-06-23,1015.54,1015.54,1015.54,1015.54,0.51,5.19,133255,186327051.0,0.0,0.08
2014-06-24,1019.86,1019.86,1019.86,1019.86,0.43,4.32,107480,139542651.0,0.0,0.07
2014-06-25,1018.85,1018.85,1018.85,1018.85,-0.1,-1.01,79282,102837969.0,0.0,0.05
2014-06-26,1035.55,1035.55,1035.55,1035.55,1.64,16.7,127048,120645609.0,0.0,0.08
2014-06-27,1027.08,1027.08,1027.08,1027.08,-0.82,-8.47,177638,167398643.0,0.0,0.11
2014-06-30,1036.92,1036.92,1036.92,1036.92,0.96,9.84,187089,186713920.0,0.0,0.11
2014-07-01,1033.8,1033.8,1033.8,1033.8,-0.3,-3.12,152251,140529345.0,0.0,0.09
2014-07-02,1051.09,1051.09,1051.09,1051.09,1.67,17.29,202116,194103457.0,0.0,0.12
2014-07-03,1055.24,1055.24,1055.24,1055.24,0.39,4.15,190934,188662196.0,0.0,0.12
2014-07-04,1048.53,1048.53,1048.53,1048.53,-0.64,-6.71,197797,198490564.0,0.0,0.12
2014-07-07,1056.76,1056.76,1056.76,1056.76,0.78,8.23,177961,180314716.0,0.0,0.11
2014-07-08,1057.73,1057.73,1057.73,1057.73,0.09,0.97,141660,133628875.0,0.0,0.09
2014-07-09,1053.6,1053.6,1053.6,1053.6,-0.39,-4.13,234099,270646644.0,0.0,0.14
2014-07-10,1062.23,1062.23,1062.23,1062.23,0.82,8.63,275996,329325587.0,0.0,0.17
2014-07-11,1058.36,1058.36,1058.36,1058.36,-0.36,-3.87,194063,225557306.0,0.0,0.12
2014-07-14,1067.48,1067.48,1067.48,1067.48,0.86,9.12,253877,310230420.0,0.0,0.16
2014-07-15,1069.86,1069.86,1069.86,1069.86,0.22,2.38,192656,221980508.0,0.0,0.12
2014-07-16,1064.87,1064.87,1064.87,1064.87,-0.47,-4.99,171591,175986049.0,0.0,0.11
2014-07-17,1055.18,1055.18,1055.18,1055.18,-0.91,-9.69,156713,168750097.0,0.0,0.1
2014-07-18,1063.16,1063.16,1063.16,1063.16,0.76,7.98,170158,198118898.0,0.0,0.1
2014-07-21,1053.14,1053.14,1053.14,1053.14,-0.94,-10.02,149846,164992492.0,0.0,0.09
2014-07-22,1069.3,1069.3,1069.3,1069.3,1.53,16.16,214115,217832618.0,0.0,0.13
2014-07-23,1073.36,1073.36,1073.36,1073.36,0.38,4.06,278857,336651970.0,0.0,0.17
2014-07-24,1090.61,1090.61,1090.61,1090.61,1.61,17.25,493298,469527385.0,0.0,0.3
2014-07-25,1090.0,1090.0,1090.0,1090.0,-0.06,-0.61,299142,300713382.0,0.0,0.18
2014-07-28,1141.68,1141.68,1141.68,1141.68,4.74,51.68,762326,813107942.0,0.0,0.47
2014-07-29,1159.13,1159.13,1159.13,1159.13,1.53,17.45,635363,790501851.0,0.0,0.39
2014-07-30,1157.78,1157.78,1157.78,1157.78,-0.12,-1.35,398432,446383304.0,0.0,0.24
2014-07-31,1184.73,1184.73,1184.73,1184.73,2.33,26.95,524628,630804038.0,0.0,0.32
2014-08-01,1164.92,1164.92,1164.92,1164.92,-1.67,-19.81,426485,493048043.0,0.0,0.26
2014-08-04,1190.94,1190.94,1190.94,1190.94,2.23,26.02,438439,516173752.0,0.0,0.27
2014-08-05,1187.93,1187.93,1187.93,1187.93,-0.25,-3.01,361860,443790413.0,0.0,0.22
2014-08-06,1184.08,1184.08,1184.08,1184.08,-0.32,-3.85,359951,398804865.0,0.0,0.22
2014-08-07,1162.58,1162.58,1162.58,1162.58,-1.82,-21.5,310034,343794026.0,0.0,0.19
2014-08-08,1163.7,1163.7,1163.7,1163.7,0.1,1.12,286700,333716763.0,0.0,0.18
2014-08-11,1188.72,1188.72,1188.72,1188.72,2.15,25.02,333710,418148324.0,0.0,0.2
2014-08-12,1226.43,1226.43,1226.43,1226.43,3.17,37.71,440542,532892518.0,0.0,0.27
2014-08-13,1211.88,1211.88,1211.88,1211.88,-1.19,-14.55,408401,505853580.0,0.0,0.25
2014-08-14,1238.62,1238.62,1238.62,1238.62,2.21,26.74,839767,1050374846.0,0.0,0.52
2014-08-15,1249.36,1249.36,1249.36,1249.36,0.87,10.74,634530,762301529.0,0.0,0.39
2014-08-18,1252.09,1252.09,1252.09,1252.09,0.22,2.73,260466,320443034.0,0.0,0.16
2014-08-19,1247.28,1247.28,1247.28,1247.28,-0.38,-4.81,550479,669252095.0,0.0,0.34
2014-08-20,1244.71,1244.71,1244.71,1244.71,-0.21,-2.57,472225,592083703.0,0.0,0.29
2014-08-21,1245.02,1245.02,1245.02,1245.02,0.02,0.31,365623,428344461.0,0.0,0.22
2014-08-22,1239.09,1239.09,1239.09,1239.09,-0.48,-5.93,284429,338324257.0,0.0,0.17
2014-08-25,1230.61,1230.61,1230.61,1230.61,-0.68,-8.48,261819,326156948.0,0.0,0.16
2014-08-26,1207.77,1207.77,1207.77,1207.77,-1.86,-22.84,316171,372156414.0,0.0,0.19
2014-08-27,1220.68,1220.68,1220.68,1220.68,1.07,12.91,193383,230758123.0,0.0,0.12
2014-08-28,1197.96,1197.96,1197.96,1197.96,-1.86,-22.72,217776,257341012.0,0.0,0.13
2014-08-29,1204.5,1204.5,1204.5,1204.5,0.55,6.54,159054,185353032.0,0.0,0.1
2014-09-01,1233.02,1233.02,1233.02,1233.02,2.37,28.52,323448,386982267.0,0.0,0.2
2014-09-02,1249.46,1249.46,1249.46,1249.46,1.33,16.44,419350,492930924.0,0.0,0.26
2014-09-03,1248.16,1248.16,1248.16,1248.16,-0.1,-1.3,440291,516037019.0,0.0,0.27
2014-09-04,1260.42,1260.42,1260.42,1260.42,0.98,12.26,413938,452452459.0,0.0,0.25
2014-09-05,1275.63,1275.63,1275.63,1275.63,1.21,15.21,563654,644280677.0,0.0,0.35
2014-09-09,1271.7,1271.7,1271.7,1271.7,-0.31,-3.93,347477,415248830.0,0.0,0.21
2014-09-10,1259.15,1259.15,1259.15,1259.15,-0.99,-12.55,329358,398338837.0,0.0,0.2
2014-09-11,1269.66,1269.66,1269.66,1269.66,0.83,10.51,580663,620932003.0,0.0,0.36
2014-09-12,1273.8,1273.8,1273.8,1273.8,0.33,4.14,216333,218298319.0,0.0,0.13
2014-09-15,1324.93,1324.93,1324.93,1324.93,4.01,51.13,634395,680279936.0,0.0,0.39
2014-09-16,1281.23,1281.23,1281.23,1281.23,-3.3,-43.7,640159,758660368.0,0.0,0.39
2014-09-17,1290.52,1290.52,1290.52,1290.52,0.73,9.29,315368,343491977.0,0.0,0.19
2014-09-18,1307.47,1307.47,1307.47,1307.47,1.31,16.95,327351,335084119.0,0.0,0.2
2014-09-19,1353.88,1353.88,1353.88,1353.88,3.55,46.41,377461,541134214.0,0.0,0.23
2014-09-22,1313.97,1313.97,1313.97,1313.97,-2.95,-39.91,285750,364634447.0,0.0,0.18
2014-09-23,1325.04,1325.04,1325.04,1325.04,0.84,11.07,233077,286917910.0,0.0,0.14
2014-09-24,1364.98,1364.98,1364.98,1364.98,3.01,39.94,514080,583747760.0,0.0,0.32
2014-09-25,1382.29,1382.29,1382.29,1382.29,1.27,17.31,658401,668666127.0,0.0,0.4
2014-09-26,1365.53,1365.53,1365.53,1365.53,-1.21,-16.76,388146,392786532.0,0.0,0.24
2014-09-29,1403.82,1403.82,1403.82,1403.82,2.8,38.29,445554,516009223.0,0.0,0.27
2014-09-30,1464.27,1464.27,1464.27,1464.27,4.31,60.45,541219,724985232.0,0.0,0.33
2014-10-08,1550.56,1550.56,1550.56,1550.56,5.89,86.29,632317,993206352.0,0.0,0.39
2014-10-09,1550.89,1550.89,1550.89,1550.89,0.02,0.33,626829,1062595146.0,0.0,0.38
2014-10-10,1547.95,1547.95,1547.95,1547.95,-0.19,-2.94,518524,887529339.0,0.0,0.32
2014-10-13,1534.78,1534.78,1534.78,1534.78,-0.85,-13.17,338170,579660391.0,0.0,0.21
2014-10-14,1530.86,1530.86,1530.86,1530.86,-0.26,-3.92,345328,600026103.0,0.0,0.21
2014-10-15,1633.51,1633.51,1633.51,1633.51,6.71,102.65,646938,1098294022.0,0.0,0.4
2014-10-16,1572.78,1572.78,1572.78,1572.78,-3.72,-60.73,506866,882806118.0,0.0,0.31
2014-10-17,1687.85,1687.85,1687.85,1687.85,7.32,115.07,297916,775648560.0,0.0,0.18
2014-10-20,1751.01,1751.01,1751.01,1751.01,3.74,63.16,395068,1123523904.0,0.0,0.24
2014-10-21,1872.33,1872.33,1872.33,1872.33,6.93,121.32,437687,1263216112.0,0.0,0.27
2014-10-22,1810.42,1810.42,1810.42,1810.42,-3.31,-61.91,356292,1034451984.0,0.0,0.22
2014-10-23,1667.84,1667.84,1667.84,1667.84,-7.88,-142.58,462617,1268049392.0,0.0,0.28
2014-10-24,1636.57,1636.57,1636.57,1636.57,-1.87,-31.27,326675,860667184.0,0.0,0.2
2014-10-27,1651.58,1651.58,1651.58,1651.58,0.92,15.01,264161,700362256.0,0.0,0.16
2014-10-28,1683.47,1683.47,1683.47,1683.47,1.93,31.89,263897,703536560.0,0.0,0.16
2014-10-29,1760.39,1760.39,1760.39,1760.39,4.57,76.92,473474,1306652896.0,0.0,0.29
2014-10-30,1705.98,1705.98,1705.98,1705.98,-3.09,-54.41,279714,771696928.0,0.0,0.17
2014-10-31,1720.37,1720.37,1720.37,1720.37,0.84,14.39,282082,782582880.0,0.0,0.17
2014-11-03,1797.93,1791.9,1815.04,1781.27,4.16,71.53,359974,693226395.0,1.96,0.22
2014-11-04,1822.44,1779.59,1822.44,1765.04,-0.69,-12.31,861508,1216957632.0,3.2,0.53
2014-11-05,1770.02,1779.44,1815.45,1766.42,-0.01,-0.15,603110,879582128.0,2.76,0.37
2014-11-06,1770.4,1744.02,1777.58,1712.85,-1.99,-35.42,503868,918913472.0,3.64,0.31
2014-11-07,1742.41,1795.37,1829.09,1730.46,2.94,51.35,888706,1422555408.0,5.66,0.55
2014-11-10,1811.59,1806.41,1818.27,1759.2,0.61,11.04,576802,937120240.0,3.29,0.35
2014-11-11,1796.91,1735.78,1836.34,1720.13,-3.91,-70.63,661477,1009932512.0,6.43,0.41
2014-11-12,1725.16,1751.43,1753.44,1703.96,0.9,15.65,369400,572358457.0,2.85,0.23
2014-11-13,1746.45,1806.51,1872.85,1724.88,3.14,55.08,1061947,1613681488.0,8.45,0.65
2014-11-14,1770.01,1749.79,1773.99,1729.55,-3.14,-56.72,434930,645402692.0,2.46,0.27
2014-11-17,1760.4,1763.74,1812.2,1743.51,0.8,13.95,398758,713723191.0,3.93,0.24
2014-11-18,1758.35,1776.45,1790.69,1753.15,0.72,12.71,289111,529065957.0,2.13,0.18
2014-11-19,1779.04,1774.69,1807.94,1769.78,-0.1,-1.76,349063,592739781.0,2.15,0.21
2014-11-20,1763.82,1775.39,1797.09,1756.29,0.04,0.7,320935,533853806.0,2.3,0.2
2014-11-21,1767.77,1834.18,1834.18,1753.15,3.31,58.79,758576,1156293616.0,4.56,0.47
2014-11-24,1864.05,1921.79,1961.95,1837.5,4.78,87.61,1238965,2067504336.0,6.79,0.76
2014-11-25,1904.19,1960.68,2012.15,1902.22,2.02,38.89,896638,1640010000.0,5.72,0.55
2014-11-26,1966.39,1975.43,2032.11,1947.1,0.75,14.75,861049,1492620432.0,4.34,0.53
2014-11-27,2006.72,2106.85,2121.64,1954.18,6.65,131.42,1549193,2475453808.0,8.48,0.95
2014-11-28,2089.81,2091.05,2165.38,2060.99,-0.75,-15.8,1548589,2395232848.0,4.95,0.95
2014-12-01,2075.22,2010.09,2078.81,1989.47,-3.87,-80.96,927117,1511164256.0,4.27,0.57
2014-12-02,1990.41,2108.48,2138.45,1986.29,4.89,98.39,1129920,1806604496.0,7.57,0.69
2014-12-03,2110.41,2045.07,2171.81,2030.79,-3.01,-63.41,1361218,2264708528.0,6.69,0.84
2014-12-04,2023.89,2233.67,2236.55,2006.32,9.22,188.6,1737507,2977409920.0,11.26,1.07
2014-12-05,2224.75,2274.63,2377.82,2151.01,1.83,40.96,2125308,3847708320.0,10.15,1.3
2014-12-08,2222.92,2454.05,2483.28,2170.05,7.89,179.42,1856564,3525683712.0,13.77,1.14
2014-12-09,2455.72,2226.84,2574.93,2212.88,-9.26,-227.21,2002544,4324395824.0,14.75,1.23
2014-12-10,2187.66,2242.68,2260.17,2081.43,0.71,15.84,1187047,2123796352.0,8.03,0.73
2014-12-11,2189.77,2125.71,2220.01,2118.72,-5.22,-116.97,768570,1409299088.0,4.52,0.47
2014-12-12,2129.59,2165.7,2216.38,2129.59,1.88,39.99,599312,1085647856.0,4.08,0.37
2014-12-15,2139.8,2202.41,2212.44,2127.08,1.7,36.71,477607,847716928.0,3.94,0.29
2014-12-16,2231.68,2412.34,2420.94,2219.69,9.53,209.93,1241412,2361646304.0,9.14,0.76
2014-12-17,2434.85,2380.24,2468.49,2299.59,-1.33,-32.1,1405711,2644999552.0,7.0,0.86
2014-12-18,2446.29,2391.68,2446.29,2391.68,0.48,11.44,689685,1241832067.0,2.29,0.42
2014-12-19,2475.72,2364.82,2513.86,2357.54,-1.12,-26.86,1095160,1794886848.0,6.54,0.67
2014-12-22,2383.09,2314.68,2406.38,2289.64,-2.12,-50.14,1046470,1760421904.0,4.94,0.64
2014-12-23,2310.04,2229.08,2340.38,2225.77,-3.7,-85.6,914469,1420686736.0,4.95,0.56
2014-12-24,2231.65,2141.87,2255.65,2103.64,-3.91,-87.21,768722,1210710400.0,6.82,0.47
2014-12-25,2152.79,2200.55,2205.91,2152.79,2.74,58.68,634532,1025576625.0,2.48,0.39
2014-12-26,2211.36,2280.72,2298.23,2190.95,3.64,80.17,1006441,1752529854.0,4.88,0.62
2014-12-29,2312.67,2215.11,2316.47,2187.44,-2.88,-65.61,1567340,2524500288.0,5.66,0.96
2014-12-30,2188.49,2176.69,2226.37,2157.09,-1.73,-38.42,884362,1502330917.0,3.13,0.54
2014-12-31,2172.39,2165.05,2217.56,2151.64,-0.53,-11.64,787208,1257992674.0,3.03,0.48
2015-01-05,2173.79,2172.27,2188.57,2111.01,0.33,7.22,831789,1276174592.0,3.58,0.51
2015-01-06,2154.71,2171.4,2193.07,2134.52,-0.04,-0.87,879257,1377001264.0,2.7,0.54
2015-01-07,2157.92,2185.79,2219.91,2156.53,0.66,14.39,621140,1034952806.0,2.92,0.38
2015-01-08,2187.25,2134.49,2190.66,2132.34,-2.35,-51.3,584606,912584984.0,2.67,0.36
2015-01-09,2129.73,2132.23,2187.49,2120.57,-0.11,-2.26,602571,1072068412.0,3.14,0.37
2015-01-12,2118.26,2049.74,2118.26,2049.74,-3.87,-82.49,542242,948255543.0,3.21,0.33
2015-01-13,2044.27,2057.99,2068.35,2042.81,0.4,8.25,382256,595676886.0,1.25,0.23
2015-01-14,2060.24,2075.22,2090.44,2056.48,0.84,17.23,378265,560860543.0,1.65,0.23
2015-01-15,2079.98,2116.83,2116.83,2070.84,2.01,41.61,476394,746066193.0,2.22,0.29
2015-01-16,2120.8,2123.53,2134.41,2096.33,0.32,6.7,489849,750306978.0,1.8,0.3
2015-01-19,2001.51,1966.53,2037.33,1954.73,-7.39,-157.0,717510,1111098986.0,3.89,0.44
2015-01-20,1966.25,2011.15,2019.39,1947.21,2.27,44.62,587704,875173366.0,3.67,0.36
2015-01-21,2028.98,2161.67,2162.25,2028.98,7.48,150.52,807542,1283963732.0,6.63,0.5
2015-01-22,2213.03,2263.1,2289.38,2197.49,4.69,101.43,1532051,3009691420.0,4.25,0.94
2015-01-23,2251.47,2229.91,2269.69,2218.96,-1.47,-33.19,937692,1747735095.0,2.24,0.58
2015-01-26,2237.37,2256.28,2264.81,2209.04,1.18,26.37,752267,1418565068.0,2.5,0.46
2015-01-27,2265.45,2235.2,2273.3,2183.27,-0.93,-21.08,766542,1444040087.0,3.99,0.47
2015-01-28,2219.39,2212.19,2245.03,2195.97,-1.03,-23.01,536385,889747557.0,2.19,0.33
2015-01-29,2180.61,2225.42,2268.33,2165.88,0.6,13.23,723327,1245104409.0,4.63,0.44
2015-01-30,2204.59,2175.62,2233.36,2170.78,-2.24,-49.8,448073,735027457.0,2.81,0.27
2015-02-02,2131.98,2139.7,2186.03,2111.35,-1.65,-35.92,494377,852567060.0,3.43,0.3
2015-02-03,2149.2,2181.78,2181.78,2140.02,1.97,42.08,502366,959591052.0,1.95,0.31
2015-02-04,2180.92,2120.12,2180.92,2116.39,-2.83,-61.66,535236,964612826.0,2.96,0.33
2015-02-05,2167.92,2088.35,2167.92,2087.49,-1.5,-31.77,520569,857585438.0,3.79,0.32
2015-02-06,2076.53,2042.73,2101.89,2033.54,-2.18,-45.62,392314,667872075.0,3.27,0.24
2015-02-09,2045.09,2081.58,2109.57,2044.05,1.9,38.85,363245,600717047.0,3.21,0.22
2015-02-10,2091.7,2093.69,2097.6,2062.39,0.58,12.11,400447,729270146.0,1.69,0.25
2015-02-11,2094.9,2106.77,2119.28,2087.02,0.62,13.08,352662,589494015.0,1.54,0.22
2015-02-12,2107.38,2202.43,2215.92,2095.13,4.54,95.66,692130,1245839230.0,5.73,0.42
2015-02-13,2214.45,2207.93,2279.28,2207.93,0.25,5.5,830119,1524052972.0,3.24,0.51
2015-02-16,2202.87,2229.26,2242.1,2202.87,0.97,21.33,514673,960055295.0,1.78,0.32
2015-02-17,2240.39,2301.63,2353.79,2240.39,3.25,72.37,940471,1936482698.0,5.09,0.58
2015-02-25,2306.5,2273.25,2306.5,2249.16,-1.23,-28.38,540902,1058089410.0,2.49,0.33
2015-02-26,2272.95,2311.71,2332.33,2255.45,1.69,38.46,627085,1215152133.0,3.38,0.38
2015-02-27,2314.23,2291.84,2314.85,2283.2,-0.86,-19.87,572665,1032191115.0,1.37,0.35
2015-03-02,2317.44,2347.47,2353.09,2312.8,2.43,55.63,887345,1493908800.0,1.76,0.54
2015-03-03,2334.08,2321.8,2374.17,2312.97,-1.09,-25.67,933701,1571994208.0,2.61,0.57
2015-03-04,2314.45,2403.51,2428.44,2314.45,3.52,81.71,1050645,1915933712.0,4.91,0.64
2015-03-05,2389.25,2377.78,2406.96,2365.64,-1.07,-25.73,730260,1284872496.0,1.72,0.45
2015-03-06,2379.66,2336.52,2419.09,2336.52,-1.74,-41.26,611806,1108150606.0,3.47,0.38
2015-03-09,2316.33,2356.38,2368.35,2272.58,0.85,19.86,555192,958398573.0,4.1,0.34
2015-03-10,2346.92,2345.66,2376.1,2321.5,-0.45,-10.72,466695,747846343.0,2.32,0.29
2015-03-11,2345.17,2355.58,2379.81,2338.74,0.42,9.92,538383,872412501.0,1.75,0.33
2015-03-12,2361.09,2435.76,2470.17,2361.09,3.4,80.18,1147707,1804011920.0,4.63,0.7
2015-03-13,2429.68,2431.44,2467.34,2410.54,-0.18,-4.32,770585,1251588228.0,2.33,0.47
2015-03-16,2453.31,2486.42,2487.28,2437.73,2.26,54.98,917695,1563589360.0,2.04,0.56
2015-03-17,2503.13,2514.85,2522.64,2472.18,1.14,28.43,1070565,1945332672.0,2.03,0.66
2015-03-18,2521.72,2560.77,2577.15,2481.92,1.83,45.92,1121747,2181939952.0,3.79,0.69
2015-03-19,2581.93,2584.13,2587.58,2536.15,0.91,23.36,1108211,2094392112.0,2.01,0.68
2015-03-20,2595.14,2631.46,2698.58,2569.85,1.83,47.33,1259001,2361893808.0,4.98,0.77
2015-03-23,2643.3,2654.4,2664.17,2619.92,0.87,22.94,974932,1810569888.0,1.68,0.6
2015-03-24,2656.7,2580.76,2656.7,2519.09,-2.77,-73.64,1117089,2120653872.0,5.18,0.69
2015-03-25,2575.34,2552.69,2584.2,2535.98,-1.09,-28.07,759971,1359783568.0,1.87,0.47
2015-03-26,2538.95,2542.47,2566.99,2512.81,-0.4,-10.22,803529,1398299568.0,2.12,0.49
2015-03-27,2541.82,2578.61,2588.25,2530.2,1.42,36.14,778726,1323718208.0,2.28,0.48
2015-03-30,2583.34,2637.94,2656.98,2583.34,2.3,59.33,1123672,1981803920.0,2.86,0.69
2015-03-31,2652.32,2588.71,2678.38,2585.74,-1.87,-49.23,1040928,1959096064.0,3.51,0.64
2015-04-01,2586.59,2756.37,2768.09,2579.99,6.48,167.66,1379433,2697637744.0,7.27,0.85
2015-04-02,2808.31,2781.31,2817.02,2727.44,0.9,24.94,1780440,3252819088.0,3.25,1.09
2015-04-03,2746.24,2798.17,2817.46,2736.13,0.61,16.86,1244213,2269194192.0,2.92,0.76
2015-04-07,2810.72,2884.25,2904.78,2804.22,3.08,86.08,1342566,2756801984.0,3.59,0.82
2015-04-08,2888.59,2923.53,2952.73,2808.36,1.36,39.28,1526807,3298044288.0,5.01,0.94
2015-04-09,2906.02,2911.21,3006.9,2870.01,-0.42,-12.32,1568208,3564478272.0,4.68,0.96
2015-04-10,2869.43,2934.25,2943.8,2848.1,0.79,23.04,1008810,2282788816.0,3.29,0.62
2015-04-13,2912.11,2960.42,2967.72,2906.28,0.89,26.17,1223404,2461685312.0,2.09,0.75
2015-04-14,2974.27,2948.52,3003.09,2914.01,-0.4,-11.9,1109419,2214908224.0,3.01,0.68
2015-04-15,2933.87,2817.39,2933.87,2803.58,-4.45,-131.13,961040,1876236032.0,4.42,0.59
2015-04-16,2790.09,2845.16,2874.27,2787.81,0.99,27.77,976976,1847889376.0,3.07,0.6
2015-04-17,2872.2,2860.06,2896.64,2825.87,0.52,14.9,1008347,1936146272.0,2.49,0.62
2015-04-20,2854.91,2714.83,2854.91,2705.84,-5.08,-145.23,1083124,2205636208.0,5.21,0.66
2015-04-21,2714.31,2794.66,2799.42,2705.25,2.94,79.83,698315,1352039392.0,3.47,0.43
2015-04-22,2810.49,2904.13,2909.6,2806.14,3.92,109.47,1191608,2245220608.0,3.7,0.73
2015-04-23,2912.99,2850.7,2916.56,2825.91,-1.84,-53.43,1036432,2018352960.0,3.12,0.64
2015-04-24,2802.05,2819.87,2860.58,2774.72,-1.08,-30.83,800287,1545647136.0,3.01,0.49
2015-04-27,2836.05,2848.8,2878.77,2812.54,1.03,28.93,932859,1775015568.0,2.35,0.57
2015-04-28,2856.19,2901.7,2901.7,2817.29,1.86,52.9,1393362,2965873040.0,2.96,0.85
2015-04-29,2884.77,2867.73,2889.76,2819.75,-1.17,-33.97,785913,1642922208.0,2.41,0.48
2015-04-30,2875.97,2865.53,2915.6,2863.5,-0.08,-2.2,874558,1763889552.0,1.82,0.54
2015-05-04,2885.17,2873.41,2885.88,2813.34,0.27,7.88,719319,1379203520.0,2.53,0.44
2015-05-05,2870.47,2729.28,2870.47,2720.45,-5.02,-144.13,726261,1402698560.0,5.22,0.45
2015-05-06,2729.96,2672.15,2812.91,2652.96,-2.09,-57.13,681231,1308387264.0,5.86,0.42
2015-05-07,2660.16,2623.41,2692.68,2609.65,-1.82,-48.74,502991,906674224.0,3.11,0.31
2015-05-08,2657.87,2678.05,2678.91,2630.24,2.08,54.64,442829,808054127.0,1.86,0.27
2015-05-11,2698.96,2804.02,2808.59,2680.98,4.7,125.97,793550,1699399968.0,4.77,0.49
2015-05-12,2793.16,2831.66,2854.23,2764.05,0.99,27.64,906799,1947226784.0,3.22,0.56
2015-05-13,2818.16,2866.45,2876.66,2770.15,1.23,34.79,1017044,2291985728.0,3.76,0.62
2015-05-14,2835.69,2863.7,2878.93,2829.51,-0.1,-2.75,892248,2152879408.0,1.72,0.55
2015-05-15,2853.09,2833.9,2904.74,2819.86,-1.04,-29.8,994021,1891000832.0,2.96,0.61
2015-05-18,2834.99,2845.26,2875.74,2820.84,0.4,11.36,727302,1350801746.0,1.94,0.45
2015-05-19,2848.24,2909.99,2946.51,2821.21,2.28,64.73,999812,1963248368.0,4.4,0.61
2015-05-20,2931.81,2915.45,2970.54,2910.77,0.19,5.46,1073396,2133657520.0,2.05,0.66
2015-05-21,2907.74,2949.21,2957.02,2899.94,1.16,33.76,789344,1596429600.0,1.96,0.48
2015-05-22,2975.59,3082.17,3095.57,2969.91,4.51,132.96,1564867,3568879632.0,4.26,0.96
2015-05-25,3113.57,3165.17,3166.5,3094.06,2.69,83.0,1770685,4147606784.0,2.35,1.09
2015-05-26,3170.89,3257.22,3277.38,3104.47,2.91,92.05,1573457,3471555296.0,5.46,0.97
2015-05-27,3240.35,3338.47,3399.97,3161.56,2.49,81.25,1385128,3239958096.0,7.32,0.85
2015-05-28,3302.91,3043.27,3410.3,3042.61,-8.84,-295.2,1387303,3136887360.0,11.01,0.85
2015-05-29,3022.78,3034.65,3102.19,2919.02,-0.28,-8.62,894027,1945662576.0,6.02,0.55
2015-06-01,3053.31,3222.0,3226.52,3053.31,6.17,187.35,977799,2203053776.0,5.71,0.6
2015-06-02,3223.97,3310.86,3319.26,3194.01,2.76,88.86,1094858,2483216592.0,3.89,0.67
2015-06-03,3341.02,3493.22,3502.71,3318.84,5.51,182.36,1448436,3490764640.0,5.55,0.89
2015-06-04,3507.35,3570.41,3598.36,3254.38,2.21,77.19,1536217,3488477824.0,9.85,0.94
2015-06-05,3611.4,3640.82,3672.19,3523.23,1.97,70.41,1615129,3732605520.0,4.17,0.99
2015-06-08,3636.5,3737.35,3739.54,3548.41,2.65,96.53,1506701,3482862960.0,5.25,0.92
2015-06-09,3704.6,3620.45,3704.6,3598.5,-3.13,-116.9,1071276,2513821712.0,2.84,0.66
2015-06-10,3598.58,3622.35,3670.29,3566.32,0.05,1.9,872231,2068229584.0,2.87,0.54
2015-06-11,3634.04,3721.62,3726.71,3576.26,2.74,99.27,1004230,2404915168.0,4.15,0.62
2015-06-12,3750.13,3741.89,3783.97,3713.33,0.54,20.27,1039776,2594532432.0,1.9,0.64
2015-06-15,3770.35,3649.03,3792.23,3632.8,-2.48,-92.86,881824,2203974576.0,4.26,0.54
2015-06-16,3620.92,3530.51,3627.17,3487.51,-3.25,-118.52,860353,2006419872.0,3.83,0.53
2015-06-17,3564.73,3671.4,3700.41,3493.92,3.99,140.89,892809,2181974816.0,5.85,0.55
2015-06-18,3670.92,3461.18,3679.4,3450.72,-5.73,-210.22,765417,1815598544.0,6.23,0.47
2015-06-19,3374.06,3232.8,3501.14,3232.8,-6.6,-228.38,678744,1680224624.0,7.75,0.42
2015-06-23,3234.75,3328.45,3330.96,3063.67,2.96,95.65,716300,1677859856.0,8.27,0.44
2015-06-24,3344.06,3390.03,3406.14,3275.81,1.85,61.58,814423,2103381616.0,3.92,0.5
2015-06-25,3434.62,3486.74,3645.81,3408.43,2.85,96.71,1281461,3655316976.0,7.0,0.79
2015-06-26,3358.71,3138.61,3379.22,3138.15,-9.98,-348.13,1006398,2752719808.0,6.91,0.62
2015-06-29,3257.54,2915.92,3257.54,2828.24,-7.1,-222.69,1126825,2673072528.0,13.68,0.69
2015-06-30,2846.98,3140.09,3142.29,2643.15,7.69,224.17,1080189,2370536192.0,17.12,0.66
2015-07-01,3116.21,2919.5,3261.65,2913.83,-7.02,-220.59,1016162,2720969664.0,11.08,0.62
2015-07-02,2935.86,2674.73,3005.33,2652.5,-8.38,-244.77,1092601,2648749024.0,12.09,0.67
2015-07-03,2535.89,2407.71,2719.0,2407.71,-9.98,-267.02,1065331,2142525632.0,11.64,0.65
2015-07-06,2648.22,2313.06,2648.22,2174.45,-3.93,-94.65,1415654,2966598400.0,19.68,0.87
2015-07-07,2215.43,2081.55,2232.69,2081.55,-10.01,-231.51,708857,1063731156.0,6.53,0.43
2015-07-08,1873.28,1938.4,2048.55,1873.28,-6.88,-143.15,1941014,1688748976.0,8.42,1.19
2015-07-09,1920.11,2132.25,2132.25,1920.11,10.0,193.85,604746,558319881.0,10.94,0.37
2015-07-10,2238.15,2345.02,2345.02,2235.42,9.98,212.77,367191,383391527.0,5.14,0.23
2015-07-13,2537.88,2579.9,2579.9,2502.79,10.02,234.88,823980,991375976.0,3.29,0.51
2015-07-14,2696.21,2700.29,2782.38,2617.27,4.67,120.39,1432120,2572121344.0,6.4,0.88
2015-07-15,2618.43,2449.33,2644.6,2434.01,-9.29,-250.96,883148,1527330848.0,7.8,0.54
2015-07-16,2449.33,2490.17,2577.64,2282.35,1.67,40.84,691253,1116120959.0,12.06,0.42
2015-07-17,2507.12,2639.96,2676.33,2507.12,6.02,149.79,659397,1156976394.0,6.8,0.4
2015-07-20,2660.93,2644.65,2721.51,2598.25,0.18,4.69,697358,1161752638.0,4.67,0.43
2015-07-21,2621.99,2780.9,2808.39,2572.97,5.15,136.25,827415,1649267028.0,8.9,0.51
2015-07-22,2762.96,2780.5,2815.09,2699.64,-0.01,-0.4,856445,1993419124.0,4.15,0.53
2015-07-23,2770.84,2865.89,2877.58,2763.86,3.07,85.39,942910,2016848688.0,4.09,0.58
2015-07-24,2870.19,2861.02,2996.4,2835.88,-0.17,-4.87,969123,2066563904.0,5.6,0.59
2015-07-27,2770.62,2575.35,2876.99,2575.35,-9.98,-285.67,816022,1941689056.0,10.54,0.5
2015-07-28,2515.17,2544.08,2621.34,2343.48,-1.21,-31.27,863299,1742356983.0,10.79,0.53
2015-07-29,2584.54,2722.4,2723.22,2521.5,7.01,178.32,608588,1443301372.0,7.93,0.37
2015-07-30,2713.05,2675.33,2828.84,2654.55,-1.73,-47.07,703070,1691211845.0,6.4,0.43
2015-07-31,2683.41,2714.02,2791.93,2683.41,1.45,38.69,943368,2416438009.0,4.06,0.58
2015-08-03,2672.83,2648.73,2708.18,2596.42,-2.41,-65.29,989367,1814117547.0,4.12,0.61
2015-08-04,2630.92,2842.6,2855.84,2630.92,7.32,193.87,904516,1638440501.0,8.49,0.55
2015-08-05,2776.68,2744.44,2834.57,2730.42,-3.45,-98.16,715729,1267884853.0,3.66,0.44
2015-08-06,2665.82,2723.95,2766.9,2647.79,-0.75,-20.49,414796,717771986.0,4.34,0.25
2015-08-07,2798.14,2867.36,2888.9,2798.14,5.26,143.41,446844,843547058.0,3.33,0.27
2015-08-10,2919.45,3050.6,3083.14,2919.45,6.39,183.24,1126365,2061618512.0,5.71,0.69
2015-08-11,3030.58,3098.53,3193.76,3016.85,1.57,47.93,1145324,2110543472.0,5.8,0.7
2015-08-12,3045.96,3148.79,3212.57,3044.7,1.62,50.26,1071350,2061557360.0,5.42,0.66
2015-08-13,3137.88,3297.85,3308.47,3124.49,4.73,149.06,1085392,2331551856.0,5.84,0.67
2015-08-14,3330.28,3329.29,3450.99,3297.61,0.95,31.44,1167791,2694414080.0,4.65,0.72
2015-08-17,3277.71,3516.28,3516.28,3277.71,5.62,186.99,980736,2519943749.0,7.17,0.6
2015-08-18,3533.42,3165.6,3535.07,3164.69,-9.97,-350.68,1131270,2708543168.0,10.53,0.69
2015-08-19,3013.57,3198.95,3241.27,2857.3,1.05,33.35,983252,2225264664.0,12.13,0.6
2015-08-20,3126.3,2940.24,3140.18,2940.24,-8.09,-258.71,666470,1556049604.0,6.25,0.41
2015-08-21,2858.33,2821.74,2990.65,2756.17,-4.03,-118.5,689189,1495525271.0,7.97,0.42
2015-08-24,2677.91,2539.42,2688.04,2539.42,-10.01,-282.32,522168,1253044540.0,5.27,0.32
2015-08-25,2293.91,2285.26,2405.48,2285.26,-10.01,-254.16,716987,1402943898.0,4.73,0.44
2015-08-26,2332.89,2188.64,2426.0,2151.68,-4.23,-96.62,880808,1478192832.0,12.0,0.54
2015-08-27,2269.24,2362.06,2362.06,2166.88,7.92,173.42,657789,1085395214.0,8.92,0.4
2015-08-28,2395.71,2538.23,2538.23,2372.12,7.46,176.17,783726,1462281986.0,7.03,0.48
2015-08-31,2506.48,2490.34,2566.41,2418.86,-1.89,-47.89,658065,1082414494.0,5.81,0.4
2015-09-01,2466.87,2274.55,2466.87,2274.51,-8.67,-215.79,611632,1114238651.0,7.72,0.38
2015-09-02,2134.58,2330.52,2343.7,2126.54,2.46,55.97,723500,1128210639.0,9.55,0.44
2015-09-07,2353.43,2309.26,2461.0,2295.48,-0.91,-21.26,531436,776059001.0,7.1,0.33
2015-09-08,2285.43,2423.35,2428.34,2233.75,4.94,114.09,413498,608114843.0,8.43,0.25
2015-09-09,2452.21,2480.66,2542.91,2401.03,2.36,57.31,1023164,1422508176.0,5.85,0.63
2015-09-10,2423.7,2403.02,2472.29,2390.83,-3.13,-77.64,425493,654394666.0,3.28,0.26
2015-09-11,2394.91,2406.39,2434.7,2357.33,0.14,3.37,319560,492541595.0,3.22,0.2
2015-09-14,2424.34,2220.94,2430.29,2170.93,-7.71,-185.45,603717,971381710.0,10.78,0.37
2015-09-15,2177.94,2015.66,2211.51,2010.14,-9.24,-205.28,469952,618670010.0,9.07,0.29
2015-09-16,2018.42,2201.83,2213.48,2010.97,9.24,186.17,470537,665730443.0,10.05,0.29
2015-09-17,2195.84,2147.62,2278.42,2147.62,-2.46,-54.21,479849,712938808.0,5.94,0.29
2015-09-18,2181.06,2203.64,2217.5,2157.71,2.61,56.02,296515,436637477.0,2.78,0.18
2015-09-21,2182.67,2305.06,2307.89,2175.55,4.6,101.42,383430,643845439.0,6.01,0.24
2015-09-22,2310.68,2309.18,2363.72,2290.79,0.18,4.12,426227,715626075.0,3.16,0.26
2015-09-23,2274.55,2276.51,2337.25,2267.85,-1.41,-32.67,368777,429089964.0,3.01,0.23
2015-09-24,2264.65,2290.65,2294.42,2260.14,0.62,14.14,418779,524108890.0,1.51,0.26
2015-09-25,2273.94,2203.51,2299.22,2168.06,-3.8,-87.14,510614,587248383.0,5.73,0.31
2015-09-28,2222.56,2236.21,2246.04,2187.68,1.48,32.7,408440,451629780.0,2.65,0.25
2015-09-29,2173.27,2132.34,2192.87,2125.21,-4.64,-103.87,398926,436156017.0,3.03,0.24
2015-09-30,2154.59,2132.97,2172.25,2124.92,0.03,0.63,287193,319500871.0,2.22,0.18
2015-10-08,2224.26,2278.92,2294.6,2194.33,6.84,145.95,554312,619296620.0,4.7,0.34
2015-10-09,2277.93,2299.15,2316.54,2257.01,0.89,20.23,570627,620147895.0,2.61,0.35
2015-10-12,2327.26,2414.09,2447.2,2317.23,5.0,114.94,743540,883633050.0,5.65,0.46
2015-10-13,2390.39,2478.22,2483.03,2375.99,2.66,64.13,652060,828824262.0,4.43,0.4
2015-10-14,2493.44,2413.5,2518.66,2413.5,-2.61,-64.72,689547,858097706.0,4.24,0.42
2015-10-15,2396.61,2489.51,2498.51,2396.61,3.15,76.01,660193,824277170.0,4.22,0.4
2015-10-16,2500.86,2649.86,2659.79,2490.97,6.44,160.35,1197871,1655630080.0,6.78,0.73
2015-10-19,2644.54,2644.66,2734.2,2600.6,-0.2,-5.2,623480,703795344.0,5.04,0.38
2015-10-20,2640.99,2700.36,2705.38,2610.63,2.11,55.7,475483,553000790.0,3.58,0.29
2015-10-21,2705.38,2430.26,2708.66,2430.26,-10.0,-270.1,642724,716308081.0,10.31,0.39
2015-10-22,2457.56,2540.45,2552.23,2408.0,4.53,110.19,402806,432506176.0,5.93,0.25
2015-10-23,2548.27,2607.87,2636.23,2526.49,2.65,67.42,448632,500116794.0,4.32,0.28
2015-10-26,2670.74,2732.21,2764.5,2654.56,4.77,124.34,714010,857271529.0,4.22,0.44
2015-10-27,2713.22,2713.22,2729.5,2596.55,-0.7,-18.99,141809,139976689.0,4.87,0.09
2015-10-28,2691.51,2650.81,2756.63,2634.53,-2.3,-62.41,124628,124134452.0,4.5,0.08
2015-10-29,2664.38,2729.5,2762.06,2664.38,2.97,78.69,153979,154923474.0,3.68,0.09
2015-10-30,2734.92,2748.49,2813.61,2664.38,0.7,18.99,189686,192368633.0,5.47,0.12
2015-11-02,2724.3,2659.69,2811.6,2643.1,-3.23,-88.8,688724,1083767040.0,6.13,0.42
2015-11-03,2668.38,2640.26,2693.69,2580.41,-0.73,-19.43,375116,527026443.0,4.26,0.23
2015-11-04,2567.53,2845.6,2853.07,2567.53,7.78,205.34,1333727,1780649792.0,10.81,0.82
2015-11-05,2831.98,2863.43,2989.61,2828.46,0.63,17.83,1846434,2679790592.0,5.66,1.13
2015-11-06,2837.29,2937.53,2968.8,2832.25,2.59,74.1,1329754,1901010256.0,4.77,0.82
2015-11-09,2908.05,2895.68,3003.76,2895.68,-1.42,-41.85,1349907,1974693424.0,3.68,0.83
2015-11-10,2867.64,2822.56,3002.64,2822.56,-2.53,-73.12,1254484,1761537424.0,6.22,0.77
2015-11-11,2842.99,2907.69,2907.69,2782.11,3.02,85.13,1055482,1451528496.0,4.45,0.65
2015-11-12,2894.62,2962.37,3005.47,2888.91,1.88,54.68,1406429,1931070688.0,4.01,0.86
2015-11-13,2934.97,2978.03,3041.62,2914.7,0.53,15.66,1243064,1785370112.0,4.28,0.76
2015-11-16,2913.42,3075.14,3078.47,2913.42,3.26,97.11,1112068,1671342159.0,5.54,0.68
2015-11-17,3109.72,3046.92,3184.24,3029.9,-0.92,-28.22,1401805,2093738176.0,5.02,0.86
2015-11-18,3032.41,2963.58,3100.26,2938.51,-2.74,-83.34,791546,1148576144.0,5.31,0.49
2015-11-19,2982.14,3101.39,3107.2,2961.76,4.65,137.81,948535,1360012992.0,4.91,0.58
2015-11-20,3139.5,3208.51,3208.51,3073.48,3.45,107.12,1365547,2168161008.0,4.35,0.84
2015-11-23,3218.8,3190.71,3298.17,3171.95,-0.55,-17.8,1370792,2100825120.0,3.93,0.84
2015-11-24,3200.64,3196.27,3206.95,3097.86,0.17,5.56,860376,1271227648.0,3.42,0.53
2015-11-25,3174.92,3212.08,3233.81,3148.72,0.49,15.81,755789,1150067456.0,2.66,0.46
2015-11-26,3223.9,3107.61,3273.62,3106.93,-3.25,-104.47,923298,1393400096.0,5.19,0.57
2015-11-27,3104.41,2846.74,3104.41,2825.15,-8.39,-260.87,899454,1307981392.0,8.99,0.55
2015-11-30,2874.89,2877.34,2920.58,2683.31,1.07,30.6,801309,1091207248.0,8.33,0.49
2015-12-01,2897.95,2861.88,2907.62,2820.94,-0.54,-15.46,634704,864434433.0,3.01,0.39
2015-12-02,2854.2,2891.82,2909.73,2785.19,1.05,29.94,723535,1013570751.0,4.35,0.44
2015-12-03,2873.7,2935.4,2945.8,2872.13,1.51,43.58,702807,987263184.0,2.55,0.43
2015-12-04,2898.71,2864.31,2910.86,2849.61,-2.42,-71.09,518175,718530851.0,2.09,0.32
2015-12-07,2864.74,2887.67,2896.05,2849.07,0.82,23.36,466565,644596604.0,1.64,0.29
2015-12-08,2870.21,2794.46,2876.61,2793.64,-3.23,-93.21,548446,742421936.0,2.87,0.34
2015-12-09,2789.42,2764.34,2809.61,2747.41,-1.08,-30.12,484526,636658191.0,2.23,0.3
2015-12-10,2771.96,2772.83,2820.89,2756.69,0.31,8.49,439862,577031459.0,2.32,0.27
2015-12-11,2750.85,2760.46,2794.77,2717.48,-0.45,-12.37,415550,539599176.0,2.79,0.25
2015-12-14,2734.86,2876.49,2877.34,2729.37,4.2,116.03,486985,665160010.0,5.36,0.3
2015-12-15,2893.04,2904.13,2952.68,2882.67,0.96,27.64,644305,969013441.0,2.43,0.4
2015-12-16,2913.16,2938.4,2960.7,2913.16,1.18,34.27,669470,1038358276.0,1.64,0.41
2015-12-17,2971.65,2986.19,3015.37,2968.06,1.63,47.79,735588,1131167818.0,1.61,0.45
2015-12-18,2988.87,2984.78,3015.99,2961.81,-0.05,-1.41,649579,968186224.0,1.81,0.4
2015-12-21,3027.38,3131.45,3134.39,2997.19,4.91,146.67,927735,1369610976.0,4.6,0.57
2015-12-22,3156.27,3223.78,3251.96,3155.41,2.95,92.33,1248432,1871727920.0,3.08,0.77
2015-12-23,3200.15,3204.67,3283.42,3197.66,-0.59,-19.11,968616,1545625568.0,2.66,0.59
2015-12-24,3216.26,3208.55,3225.57,3144.26,0.12,3.88,811598,1248390192.0,2.54,0.5
2015-12-25,3266.34,3365.8,3365.8,3232.18,4.9,157.25,1014772,1710517440.0,4.16,0.62
2015-12-28,3385.68,3360.33,3504.43,3354.53,-0.16,-5.47,1279562,2356899472.0,4.45,0.78
2015-12-29,3358.56,3504.9,3508.73,3337.58,4.3,144.57,1066108,2102356272.0,5.09,0.65
2015-12-30,3501.87,3426.23,3525.12,3407.61,-2.24,-78.67,1114188,2250467661.0,3.35,0.68
2015-12-31,3418.21,3372.58,3434.74,3355.77,-1.57,-53.65,748823,1415398646.0,2.3,0.46
2016-01-04,3360.9,3060.99,3360.9,3042.55,-9.24,-311.59,748659,1267892355.0,9.44,0.46
2016-01-05,2932.92,3179.47,3193.52,2908.46,3.87,118.48,1243440,2136297596.0,9.31,0.76
2016-01-06,3146.05,3269.2,3305.15,3129.08,2.82,89.73,1155657,2220893823.0,5.54,0.71
2016-01-07,3190.99,2942.57,3190.99,2942.57,-9.99,-326.63,236477,424270341.0,7.6,0.15
2016-01-08,3040.32,3083.78,3132.34,2793.25,4.8,141.21,1052000,1905037992.0,11.52,0.65
2016-01-11,3000.08,3003.77,3204.98,2965.9,-2.59,-80.01,1278626,2314389734.0,7.75,0.78
2016-01-12,3028.3,3107.12,3152.26,2995.17,3.44,103.35,1034118,1844850064.0,5.23,0.63
2016-01-13,3087.86,2886.93,3087.86,2886.93,-7.09,-220.19,1153182,1956206950.0,6.47,0.71
2016-01-14,2719.48,2902.68,2918.79,2719.48,0.55,15.75,875858,1382552451.0,6.9,0.54
2016-01-15,2871.68,2789.5,2936.39,2763.67,-3.9,-113.18,637450,1033002779.0,5.95,0.39
2016-01-18,2738.07,2806.69,2822.74,2688.48,0.62,17.19,647731,990578298.0,4.81,0.4
2016-01-19,2786.18,2902.63,2919.93,2776.98,3.42,95.94,668782,1011108176.0,5.09,0.41
2016-01-20,2908.68,2824.0,2948.75,2817.73,-2.71,-78.63,637960,946112504.0,4.51,0.39
2016-01-21,2755.52,2656.56,2841.72,2656.56,-5.93,-167.44,505122,741514704.0,6.56,0.31
2016-01-22,2696.4,2662.85,2719.43,2606.27,0.24,6.29,410285,556553429.0,4.26,0.25
2016-01-25,2703.14,2713.46,2725.63,2675.54,1.9,50.61,350636,476976373.0,1.88,0.22
2016-01-26,2668.92,2526.2,2749.95,2515.51,-6.9,-187.26,617913,824626982.0,8.64,0.38
2016-01-27,2540.24,2461.18,2557.73,2311.66,-2.57,-65.02,533734,647131879.0,9.74,0.33
2016-01-28,2411.33,2329.48,2495.67,2326.34,-5.35,-131.7,391490,481639670.0,6.88,0.24
2016-01-29,2352.4,2440.03,2475.19,2337.33,4.75,110.55,428481,522879572.0,5.92,0.26
2016-02-01,2419.03,2340.17,2450.01,2314.42,-4.09,-99.86,453304,528143681.0,5.56,0.28
2016-02-02,2337.56,2423.15,2429.06,2337.56,3.55,82.98,483116,544909037.0,3.91,0.3
2016-02-03,2377.51,2398.08,2423.29,2345.04,-1.03,-25.07,405446,452610444.0,3.23,0.25
2016-02-04,2407.39,2476.18,2486.96,2401.15,3.26,78.1,485133,575678523.0,3.58,0.3
2016-02-05,2499.13,2442.58,2527.09,2442.58,-1.36,-33.6,373540,435951149.0,3.41,0.23
2016-02-15,2335.01,2398.41,2425.21,2318.15,-1.81,-44.17,260759,295058537.0,4.38,0.16
2016-02-16,2418.03,2499.59,2513.73,2418.03,4.22,101.18,420187,503325596.0,3.99,0.26
2016-02-17,2492.67,2546.41,2574.89,2481.57,1.87,46.82,603319,745444213.0,3.73,0.37
2016-02-18,2551.81,2543.06,2585.92,2525.53,-0.13,-3.35,510827,636318775.0,2.37,0.31
2016-02-19,2530.0,2535.79,2554.18,2512.73,-0.29,-7.27,316753,386006276.0,1.63,0.19
2016-02-22,2579.74,2642.88,2652.12,2550.81,4.22,107.09,567335,750486457.0,4.0,0.35
2016-02-23,2633.55,2609.37,2641.19,2573.81,-1.27,-33.51,508184,658449573.0,2.55,0.31
2016-02-24,2589.51,2593.5,2634.51,2542.53,-0.61,-15.87,358698,452677265.0,3.52,0.22
2016-02-25,2600.83,2341.75,2602.76,2336.16,-9.71,-251.75,548331,658641919.0,10.28,0.34
2016-02-26,2397.42,2401.69,2452.97,2336.68,2.56,59.94,667547,763040641.0,4.97,0.41
2016-02-29,2378.27,2240.55,2379.84,2192.12,-6.71,-161.14,576450,622653813.0,7.82,0.35
2016-03-01,2262.31,2303.21,2337.03,2206.66,2.8,62.66,429232,478887199.0,5.82,0.26
2016-03-02,2297.9,2421.7,2423.31,2290.25,5.14,118.49,632307,725975273.0,5.78,0.39
2016-03-03,2420.3,2416.68,2461.33,2402.72,-0.21,-5.02,566630,663236279.0,2.42,0.35
2016-03-04,2413.6,2390.98,2436.9,2332.54,-1.06,-25.7,590916,714941463.0,4.32,0.36
2016-03-07,2412.63,2428.07,2455.19,2398.6,1.55,37.09,432033,515863513.0,2.37,0.27
2016-03-08,2422.99,2410.43,2422.99,2306.26,-0.73,-17.64,421598,478229409.0,4.81,0.26
2016-03-09,2352.54,2349.19,2371.99,2322.18,-2.54,-61.24,281711,327464880.0,2.07,0.17
2016-03-10,2343.15,2279.89,2369.34,2279.89,-2.95,-69.3,289110,328867188.0,3.81,0.18
2016-03-11,2251.26,2290.9,2315.4,2245.77,0.48,11.01,246728,275834737.0,3.05,0.15
2016-03-14,2324.7,2378.04,2407.99,2324.7,3.8,87.14,429137,488348559.0,3.64,0.26
2016-03-15,2370.99,2379.49,2408.26,2361.62,0.06,1.45,320928,385627252.0,1.96,0.2
2016-03-16,2390.77,2351.01,2399.66,2343.87,-1.2,-28.48,321879,390293498.0,2.34,0.2
2016-03-17,2374.06,2441.08,2448.41,2359.01,3.83,90.07,574664,672811855.0,3.8,0.35
2016-03-18,2443.98,2531.56,2548.93,2443.98,3.71,90.48,718548,874591184.0,4.3,0.44
2016-03-21,2587.44,2679.84,2717.94,2574.75,5.86,148.28,956837,1299717723.0,5.66,0.59
2016-03-22,2641.03,2624.37,2646.57,2615.44,-2.07,-55.47,605435,796229306.0,1.16,0.37
2016-03-23,2624.37,2692.95,2700.47,2589.49,2.61,68.58,691134,871924256.0,4.23,0.42
2016-03-24,2655.55,2595.23,2662.58,2595.23,-3.63,-97.72,766585,981390098.0,2.5,0.47
2016-03-25,2595.0,2596.74,2621.68,2572.62,0.06,1.51,401940,509815420.0,1.89,0.25
2016-03-28,2611.51,2592.39,2638.75,2573.32,-0.17,-4.35,472873,586373236.0,2.52,0.29
2016-03-29,2594.11,2576.54,2627.41,2546.18,-0.61,-15.85,696070,889326267.0,3.13,0.43
2016-03-30,2613.65,2734.37,2741.4,2610.29,6.13,157.83,997423,1331611722.0,5.09,0.61
2016-03-31,2743.19,2739.56,2793.49,2729.94,0.19,5.19,961080,1331708197.0,2.32,0.59
2016-04-01,2731.32,2732.74,2739.34,2678.56,-0.25,-6.82,665452,875862600.0,2.22,0.41
2016-04-05,2733.94,2796.0,2829.27,2728.95,2.31,63.26,906194,1251190505.0,3.67,0.56
2016-04-06,2771.11,2814.72,2841.0,2765.72,0.67,18.72,1485590,1235276955.0,2.69,0.91
2016-04-07,2837.13,2768.86,2882.93,2768.84,-1.63,-45.86,1507236,1380219966.0,4.05,0.92
2016-04-08,2711.95,2674.4,2712.57,2634.28,-3.41,-94.46,1242382,981890620.0,2.83,0.76
2016-04-11,2714.28,2715.46,2758.8,2709.16,1.54,41.06,1018371,887622288.0,1.86,0.62
2016-04-12,2735.71,2716.19,2735.71,2662.43,0.03,0.73,918497,771009045.0,2.7,0.56
2016-04-13,2730.08,2743.77,2786.87,2723.52,1.02,27.58,1313231,1164477638.0,2.33,0.81
2016-04-14,2761.53,2754.57,2773.3,2729.01,0.39,10.8,709919,662850392.0,1.61,0.44
2016-04-15,2756.23,2722.89,2757.94,2715.28,-1.15,-31.68,589527,524670164.0,1.55,0.36
2016-04-18,2725.71,2734.11,2747.03,2702.45,0.41,11.22,723737,721939502.0,1.64,0.44
2016-04-19,2756.99,2740.31,2765.65,2716.5,0.23,6.2,538433,562492576.0,1.8,0.33
2016-04-20,2748.51,2611.71,2753.88,2546.59,-4.69,-128.6,1007991,919575666.0,7.56,0.62
2016-04-21,2589.72,2546.63,2607.4,2542.83,-2.49,-65.08,537964,486925338.0,2.47,0.33
2016-04-22,2541.8,2573.07,2574.94,2532.26,1.04,26.44,345568,288580183.0,1.68,0.21
2016-04-25,2579.78,2541.65,2579.78,2510.96,-1.22,-31.42,360396,325894728.0,2.67,0.22
2016-04-26,2547.82,2560.57,2567.33,2522.03,0.74,18.92,347301,293008227.0,1.78,0.21
2016-04-27,2569.06,2534.27,2573.17,2530.86,-1.03,-26.3,374200,309914379.0,1.65,0.23
2016-04-28,2538.47,2534.29,2545.14,2496.96,0.0,0.02,402987,347580640.0,1.9,0.25
2016-04-29,2531.39,2518.81,2537.28,2506.28,-0.61,-15.48,323522,287338487.0,1.22,0.2
2016-05-03,2528.05,2606.56,2620.34,2513.5,3.48,87.75,685722,654151753.0,4.24,0.42
2016-05-04,2603.88,2594.75,2615.47,2586.26,-0.45,-11.81,515990,456356003.0,1.12,0.32
2016-05-05,2593.83,2598.38,2603.76,2573.02,0.14,3.63,370838,334364575.0,1.18,0.23
2016-05-06,2599.57,2496.41,2605.72,2496.41,-3.92,-101.97,612575,535182733.0,4.21,0.38
2016-05-09,2488.43,2407.83,2488.43,2379.1,-3.55,-88.58,523939,447163502.0,4.38,0.32
2016-05-10,2391.67,2416.67,2422.71,2390.56,0.37,8.84,291747,244215786.0,1.34,0.18
2016-05-11,2429.32,2394.24,2435.75,2392.16,-0.93,-22.43,259468,220873384.0,1.8,0.16
2016-05-12,2375.19,2398.65,2403.02,2336.42,0.18,4.41,257071,213835087.0,2.78,0.16
2016-05-13,2403.11,2388.25,2425.18,2374.57,-0.43,-10.4,240044,192745380.0,2.11,0.15
2016-05-16,2385.74,2413.72,2413.72,2358.44,1.07,25.47,262056,211834191.0,2.31,0.16
2016-05-17,2413.94,2411.97,2432.78,2380.56,-0.07,-1.75,336375,285845903.0,2.16,0.21
2016-05-18,2391.74,2355.66,2394.15,2335.85,-2.33,-56.31,407281,334023509.0,2.42,0.25
2016-05-19,2352.46,2351.1,2398.38,2348.67,-0.19,-4.56,314978,277474440.0,2.11,0.19
2016-05-20,2334.83,2372.44,2372.44,2320.72,0.91,21.34,261382,205381120.0,2.2,0.16
2016-05-23,2368.8,2397.58,2402.6,2368.8,1.06,25.14,339216,285465291.0,1.42,0.21
2016-05-24,2400.07,2372.72,2400.07,2348.16,-1.04,-24.86,300306,275388987.0,2.17,0.18
2016-05-25,2388.4,2363.53,2396.25,2355.58,-0.39,-9.19,234261,199668386.0,1.71,0.14
2016-05-26,2364.19,2365.56,2374.83,2308.35,0.09,2.03,293238,242639423.0,2.81,0.18
2016-05-27,2373.9,2373.65,2387.21,2358.74,0.34,8.09,316128,240650763.0,1.2,0.19
2016-05-30,2359.31,2366.94,2387.43,2329.9,-0.28,-6.71,268810,206454722.0,2.42,0.16
2016-05-31,2363.94,2507.73,2513.94,2363.94,5.95,140.79,913742,813815591.0,6.34,0.56
2016-06-01,2494.51,2494.13,2517.99,2489.46,-0.54,-13.6,630021,537598829.0,1.14,0.39
2016-06-02,2485.16,2500.53,2510.03,2477.78,0.26,6.4,438794,370817845.0,1.29,0.27
2016-06-03,2499.91,2501.93,2526.81,2491.03,0.06,1.4,482206,426627265.0,1.43,0.3
2016-06-06,2509.02,2491.3,2517.37,2485.49,-0.42,-10.63,303314,279859919.0,1.27,0.19
2016-06-07,2491.3,2482.12,2502.92,2476.34,-0.37,-9.18,338038,292677111.0,1.07,0.21
2016-06-08,2489.97,2471.72,2489.97,2439.81,-0.42,-10.4,416142,399637998.0,2.02,0.26
2016-06-13,2440.81,2342.15,2449.49,2342.15,-5.24,-129.57,440601,372205316.0,4.34,0.27
2016-06-14,2341.67,2365.52,2375.1,2333.82,1.0,23.37,306677,260575012.0,1.76,0.19
2016-06-15,2340.0,2429.54,2450.63,2339.16,2.71,64.02,508331,400562111.0,4.71,0.31
2016-06-16,2444.83,2452.08,2481.6,2440.61,0.93,22.54,507627,484585166.0,1.69,0.31
2016-06-17,2450.94,2452.34,2490.94,2434.52,0.01,0.26,405275,350167319.0,2.3,0.25
2016-06-20,2454.94,2441.6,2455.59,2429.11,-0.44,-10.74,287419,248319152.0,1.08,0.18
2016-06-21,2455.61,2442.7,2512.03,2431.94,0.05,1.1,495820,419639184.0,3.28,0.3
2016-06-22,2430.67,2470.9,2470.9,2427.12,1.15,28.2,276487,239246597.0,1.79,0.17
2016-06-23,2476.06,2451.4,2476.06,2433.76,-0.79,-19.5,275998,253169782.0,1.71,0.17
2016-06-24,2454.76,2407.41,2471.64,2368.29,-1.79,-43.99,460816,404135634.0,4.22,0.28
2016-06-27,2392.8,2443.42,2444.83,2392.8,1.5,36.01,340221,279959592.0,2.16,0.21
2016-06-28,2437.05,2473.73,2476.8,2427.34,1.24,30.31,543398,439864784.0,2.02,0.33
2016-06-29,2486.48,2586.81,2637.21,2486.48,4.57,113.08,1177997,1069598104.0,6.09,0.72
2016-06-30,2575.08,2556.08,2605.57,2537.93,-1.19,-30.73,592843,524053211.0,2.61,0.36
2016-07-01,2560.91,2554.36,2582.8,2544.14,-0.07,-1.72,396457,366342825.0,1.51,0.24
2016-07-04,2536.03,2620.0,2641.39,2536.03,2.57,65.64,732526,711824431.0,4.12,0.45
2016-07-05,2617.37,2619.7,2631.74,2609.09,-0.01,-0.3,449179,420248046.0,0.86,0.28
2016-07-06,2647.2,2627.94,2647.2,2600.83,0.31,8.24,504493,489817220.0,1.77,0.31
2016-07-07,2623.95,2601.89,2623.95,2577.78,-0.99,-26.05,488947,443440095.0,1.76,0.3
2016-07-08,2611.73,2596.96,2614.1,2586.71,-0.19,-4.93,468008,454183858.0,1.05,0.29
2016-07-11,2602.96,2586.55,2619.18,2580.92,-0.4,-10.41,451453,434364681.0,1.47,0.28
2016-07-12,2591.67,2641.17,2643.47,2576.22,2.11,54.62,696765,706638700.0,2.6,0.43
2016-07-13,2650.3,2667.41,2684.17,2650.3,0.99,26.24,862327,841429224.0,1.28,0.53
2016-07-14,2655.75,2651.82,2664.87,2636.99,-0.58,-15.59,399062,375024440.0,1.05,0.24
2016-07-15,2654.01,2666.64,2684.73,2652.08,0.56,14.82,650799,538953084.0,1.23,0.4
2016-07-18,2655.52,2637.93,2669.18,2631.72,-1.08,-28.71,499719,456234585.0,1.4,0.31
2016-07-19,2634.57,2620.86,2636.83,2605.29,-0.65,-17.07,409100,449363513.0,1.2,0.25
2016-07-20,2629.14,2614.52,2635.82,2603.74,-0.24,-6.34,338334,318578993.0,1.22,0.21
2016-07-21,2614.58,2626.23,2652.5,2614.58,0.45,11.71,386697,356030108.0,1.45,0.24
2016-07-22,2629.31,2603.08,2630.5,2596.86,-0.88,-23.15,468912,413650055.0,1.28,0.29
2016-07-25,2601.64,2617.98,2630.46,2597.4,0.57,14.9,381692,351189179.0,1.27,0.23
2016-07-26,2617.98,2650.6,2650.6,2617.83,1.25,32.62,397503,388570611.0,1.25,0.24
2016-07-27,2651.99,2551.56,2651.99,2506.63,-3.74,-99.04,706524,710009120.0,5.48,0.43
2016-07-28,2563.08,2703.95,2726.25,2563.08,5.97,152.39,1308777,1310537593.0,6.39,0.8
2016-07-29,2713.57,2743.17,2826.21,2690.07,1.45,39.22,3225638,2517203614.0,5.03,1.98
2016-08-01,2712.29,2715.42,2802.23,2696.01,-1.01,-27.75,2458527,1959150217.0,3.87,1.51
2016-08-02,2697.13,2790.91,2790.91,2671.87,2.78,75.49,2132023,1827922640.0,4.38,1.31
2016-08-03,2763.96,2786.64,2812.22,2749.53,-0.15,-4.27,1714302,1456583433.0,2.25,1.05
2016-08-04,2776.59,2851.9,2881.7,2739.34,2.34,65.26,2571622,2158945828.0,5.11,1.58
2016-08-05,2830.57,2823.11,2839.0,2796.74,-1.01,-28.79,1595790,1344875653.0,1.48,0.98
2016-08-08,2809.86,2844.33,2844.33,2787.12,0.75,21.22,1152149,944155646.0,2.03,0.71
2016-08-09,2841.5,2858.89,2858.89,2793.31,0.51,14.56,1619914,1301807577.0,2.31,0.99
2016-08-10,2847.51,2803.46,2848.9,2802.47,-1.94,-55.43,1034303,906862396.0,1.62,0.63
2016-08-11,2798.61,2761.16,2837.69,2757.27,-1.51,-42.3,1232994,1007041380.0,2.87,0.76
2016-08-12,2778.54,2929.22,2942.77,2778.54,6.09,168.06,2314726,1962609872.0,5.95,1.42
2016-08-15,2910.76,2987.74,3055.9,2905.83,2.0,58.52,2837429,2631927744.0,5.12,1.74
2016-08-16,2973.04,2946.03,2994.12,2945.03,-1.4,-41.71,1451468,1436001041.0,1.64,0.89
2016-08-17,2946.97,3008.18,3035.35,2933.71,2.11,62.15,1945196,1673167412.0,3.45,1.19
2016-08-18,2997.06,2962.52,3024.89,2955.27,-1.52,-45.66,1655197,1496299616.0,2.31,1.02
2016-08-19,2955.83,2957.15,2992.49,2922.73,-0.18,-5.37,1070197,927277173.0,2.35,0.66
2016-08-22,2950.68,2961.73,2997.81,2943.1,0.15,4.58,1081347,965035247.0,1.85,0.66
2016-08-23,2963.11,2998.54,3010.64,2953.95,1.24,36.81,847487,878337429.0,1.91,0.52
2016-08-24,2989.23,2964.78,2993.16,2951.99,-1.13,-33.76,676891,626020163.0,1.37,0.42
2016-08-25,2940.33,2934.3,2940.33,2903.89,-1.03,-30.48,903298,928835575.0,1.23,0.55
2016-08-26,2935.74,2908.41,2947.6,2903.04,-0.88,-25.89,636886,681079141.0,1.52,0.39
2016-08-29,2894.79,2920.96,2934.16,2888.83,0.43,12.55,500399,497238063.0,1.56,0.31
2016-08-30,2922.1,2972.8,2995.56,2922.1,1.77,51.84,799042,820846277.0,2.51,0.49
2016-08-31,2966.5,2969.01,2989.06,2953.66,-0.13,-3.79,710157,739282077.0,1.19,0.44
2016-09-01,2975.7,2982.62,3027.02,2974.27,0.46,13.61,960127,973109974.0,1.78,0.59
2016-09-02,2967.08,2961.7,3003.01,2929.2,-0.7,-20.92,788288,796102897.0,2.47,0.48
2016-09-05,2975.2,2960.87,3001.15,2949.1,-0.03,-0.83,552109,545584371.0,1.76,0.34
2016-09-06,2950.33,2998.76,2998.76,2894.8,1.28,37.89,875874,905488748.0,3.51,0.54
2016-09-07,3000.79,2990.71,3040.02,2986.71,-0.27,-8.05,767609,738161340.0,1.78,0.47
2016-09-08,2985.72,3049.27,3068.44,2979.47,1.96,58.56,865316,956652188.0,2.97,0.53
2016-09-09,3049.8,3009.22,3059.79,3009.22,-1.31,-40.05,683079,692943179.0,1.66,0.42
2016-09-12,2953.72,2985.37,2989.76,2930.54,-0.79,-23.85,868101,905930616.0,1.97,0.53
2016-09-13,2987.02,2942.3,3008.23,2920.23,-1.44,-43.07,726312,829584825.0,2.95,0.45
2016-09-14,2924.23,2889.11,2931.15,2873.84,-1.81,-53.19,536101,590201723.0,1.95,0.33
2016-09-19,2894.35,2930.52,2930.52,2892.8,1.43,41.41,406354,428444801.0,1.31,0.25
2016-09-20,2923.54,2907.32,2930.37,2901.68,-0.79,-23.2,345616,405339360.0,0.98,0.21
2016-09-21,2911.23,2924.13,2943.76,2909.22,0.58,16.81,428146,443083882.0,1.19,0.26
2016-09-22,2948.01,2948.43,2967.65,2943.62,0.83,24.3,533023,525726777.0,0.82,0.33
2016-09-23,2944.31,2967.13,2974.74,2935.7,0.63,18.7,412256,420918394.0,1.32,0.25
2016-09-26,2962.04,2896.98,2977.86,2887.89,-2.36,-70.15,517727,561475362.0,3.03,0.32
2016-09-27,2884.81,2900.33,2902.46,2837.47,0.12,3.35,557353,600993902.0,2.24,0.34
2016-09-28,2906.26,3001.07,3050.98,2892.24,3.47,100.74,1670778,1402145412.0,5.47,1.02
2016-09-29,2971.19,3002.91,3009.57,2967.5,0.06,1.84,1104004,887315190.0,1.4,0.68
2016-09-30,2980.32,3001.87,3032.86,2980.32,-0.03,-1.04,1036793,831782724.0,1.75,0.64
2016-10-10,3021.0,3078.61,3078.61,2998.64,2.56,76.74,1185744,1017688386.0,2.66,0.73
2016-10-11,3132.49,3192.99,3220.58,3123.88,3.72,114.38,2481956,2227548069.0,3.14,1.52
2016-10-12,3169.1,3163.07,3180.72,3136.29,-0.94,-29.92,1393611,1222347704.0,1.39,0.85
2016-10-13,3144.19,3248.65,3320.79,3144.19,2.71,85.58,3057301,2681022517.0,5.58,1.88
2016-10-14,3248.12,3218.72,3248.12,3176.17,-0.92,-29.93,257598,428539106.0,2.21,0.16
2016-10-17,3217.29,3142.4,3230.17,3142.27,-2.37,-76.32,258575,393170674.0,2.73,0.16
2016-10-18,3134.59,3222.28,3233.29,3134.59,2.54,79.88,255676,369625874.0,3.14,0.16
2016-10-19,3224.63,3200.25,3236.83,3187.41,-0.68,-22.03,172324,266126925.0,1.53,0.11
2016-10-20,3202.61,3199.27,3222.98,3193.14,-0.03,-0.98,182094,282349220.0,0.93,0.11
2016-10-21,3253.8,3194.62,3267.89,3173.56,-0.15,-4.65,360418,608823659.0,2.95,0.22
2016-10-24,3190.05,3226.49,3251.36,3190.05,1.0,31.87,320159,541734641.0,1.92,0.2
2016-10-25,3227.33,3235.61,3251.55,3205.54,0.28,9.12,201130,351890170.0,1.43,0.12
2016-10-26,3228.29,3242.7,3279.24,3224.6,0.22,7.09,443411,778118193.0,1.69,0.27
2016-10-27,3247.95,3306.88,3318.08,3229.31,1.98,64.18,354508,664364085.0,2.74,0.22
2016-10-28,3303.07,3274.13,3320.16,3259.9,-0.99,-32.75,309462,604274007.0,1.82,0.19
2016-10-31,3255.3,3371.06,3372.54,3255.3,2.96,96.93,342806,631868278.0,3.58,0.21
2016-11-01,3381.69,3380.72,3395.51,3343.01,0.29,9.66,286084,530325540.0,1.56,0.18
2016-11-02,3360.62,3280.9,3366.61,3278.76,-2.95,-99.82,343931,654005940.0,2.6,0.21
2016-11-03,3285.37,3351.62,3353.26,3277.08,2.16,70.72,344521,592025072.0,2.32,0.21
2016-11-04,3353.96,3363.35,3378.38,3340.19,0.35,11.73,542239,801196992.0,1.14,0.33
2016-11-07,3385.57,3398.39,3415.82,3366.97,1.04,35.04,401516,590645049.0,1.45,0.25
2016-11-08,3422.35,3420.5,3462.92,3358.81,0.65,22.11,400212,739074243.0,3.06,0.25
2016-11-09,3409.27,3397.99,3454.93,3344.86,-0.66,-22.51,349844,609198558.0,3.22,0.21
2016-11-10,3425.0,3465.96,3493.48,3425.0,2.0,67.97,339069,630350820.0,2.02,0.21
2016-11-11,3464.48,3437.05,3482.24,3404.41,-0.83,-28.91,351546,591213653.0,2.25,0.22
2016-11-14,3428.35,3373.11,3430.71,3360.6,-1.86,-63.94,453996,786300904.0,2.04,0.28
2016-11-15,3364.23,3396.44,3397.23,3364.23,0.69,23.33,166016,270435238.0,0.98,0.1
2016-11-16,3403.81,3383.63,3403.81,3372.58,-0.38,-12.81,172275,284881484.0,0.92,0.11
2016-11-17,3376.9,3339.16,3382.68,3313.15,-1.31,-44.47,353145,485629557.0,2.05,0.22
2016-11-18,3342.99,3317.46,3343.2,3303.5,-0.65,-21.7,196329,289912025.0,1.19,0.12
2016-11-21,3315.4,3311.19,3363.02,3284.43,-0.19,-6.27,322482,624343221.0,2.37,0.2
2016-11-22,3311.04,3303.38,3311.04,3274.88,-0.24,-7.81,257378,465509522.0,1.09,0.16
2016-11-23,3321.12,3293.36,3322.53,3285.17,-0.3,-10.02,220170,375245758.0,1.13,0.14
2016-11-24,3289.71,3301.03,3330.41,3284.0,0.23,7.67,265683,418013480.0,1.41,0.16
2016-11-25,3295.17,3345.66,3351.98,3280.0,1.35,44.63,260138,503795631.0,2.18,0.16
2016-11-28,3351.61,3328.72,3361.87,3321.71,-0.51,-16.94,228572,423514027.0,1.2,0.14
2016-11-29,3332.64,3338.74,3348.65,3309.79,0.3,10.02,266614,450459246.0,1.17,0.16
2016-11-30,3328.29,3370.86,3394.65,3328.29,0.96,32.12,274110,555483486.0,1.99,0.17
2016-12-01,3366.56,3413.11,3425.35,3359.22,1.25,42.25,352182,698995424.0,1.96,0.22
2016-12-02,3422.39,3328.98,3425.1,3326.98,-2.46,-84.13,279412,548909210.0,2.87,0.17
2016-12-05,3296.84,3300.17,3377.43,3277.28,-0.87,-28.81,274465,486177665.0,3.01,0.17
2016-12-06,3298.38,3394.75,3415.28,3298.38,2.87,94.58,380161,779641620.0,3.54,0.23
2016-12-07,3398.44,3403.98,3407.24,3366.53,0.27,9.23,228573,471707754.0,1.2,0.14
2016-12-08,3412.56,3386.0,3430.05,3381.17,-0.53,-17.98,216660,481666158.0,1.44,0.13
2016-12-09,3412.38,3355.72,3448.78,3352.94,-0.89,-30.28,381938,865281259.0,2.83,0.23
2016-12-12,3333.29,3190.41,3338.14,3159.89,-4.93,-165.31,467464,865331296.0,5.31,0.29
2016-12-13,3178.12,3197.21,3231.25,3165.3,0.21,6.8,178131,328295638.0,2.07,0.11
2016-12-14,3197.21,3211.26,3260.07,3174.22,0.44,14.05,210382,346570898.0,2.69,0.13
2016-12-15,3202.06,3194.37,3240.29,3181.46,-0.53,-16.89,166131,291262487.0,1.83,0.1
2016-12-16,3195.77,3206.82,3217.5,3185.42,0.39,12.45,96314,166154986.0,1.0,0.06
2016-12-19,3217.44,3229.96,3243.21,3196.69,0.72,23.14,141925,262056527.0,1.45,0.09
2016-12-20,3227.64,3223.35,3256.46,3198.67,-0.2,-6.61,151729,294468628.0,1.79,0.09
2016-12-21,3222.66,3241.94,3264.55,3222.66,0.58,18.59,157672,270936520.0,1.3,0.1
2016-12-22,3238.05,3333.63,3342.52,3238.05,2.83,91.69,226986,330245729.0,3.22,0.14
2016-12-23,3320.18,3282.99,3326.49,3269.18,-1.52,-50.64,134320,215281532.0,1.72,0.08
2016-12-26,3310.58,3304.44,3323.12,3260.11,0.65,21.45,217850,401352802.0,1.92,0.13
2016-12-27,3294.51,3273.73,3308.33,3272.66,-0.93,-30.71,154195,301610856.0,1.08,0.09
2016-12-28,3275.78,3262.4,3275.78,3238.42,-0.35,-11.33,129377,229362662.0,1.14,0.08
2016-12-29,3228.86,3227.45,3253.07,3205.5,-1.07,-34.95,161103,321686950.0,1.46,0.1
2016-12-30,3227.76,3215.61,3249.84,3211.41,-0.37,-11.84,134118,203674034.0,1.19,0.08
2017-01-03,3217.94,3244.19,3256.25,3217.94,0.89,28.58,140684,233218444.0,1.19,0.09
2017-01-04,3237.87,3297.72,3297.72,3234.56,1.65,53.53,201677,356887918.0,1.95,0.12
2017-01-05,3296.87,3282.77,3296.87,3273.63,-0.45,-14.95,124892,199600664.0,0.7,0.08
2017-01-06,3294.38,3336.94,3357.25,3294.38,1.65,54.17,311508,457213921.0,1.92,0.19
2017-01-09,3329.06,3360.51,3370.92,3322.58,0.71,23.57,243007,348536844.0,1.45,0.15
2017-01-10,3361.41,3336.09,3361.41,3329.88,-0.73,-24.42,144971,209684357.0,0.94,0.09
2017-01-11,3336.09,3276.01,3345.31,3271.64,-1.8,-60.08,195959,345604792.0,2.21,0.12
2017-01-12,3271.97,3292.24,3300.19,3270.82,0.5,16.23,144294,235075731.0,0.9,0.09
2017-01-13,3282.93,3263.47,3289.19,3248.63,-0.87,-28.77,151144,229888924.0,1.23,0.09
2017-01-16,3275.45,3233.33,3275.45,3166.5,-0.92,-30.14,275088,498309095.0,3.34,0.17
2017-01-17,3227.93,3223.15,3227.93,3167.87,-0.31,-10.18,144041,245169290.0,1.86,0.09
2017-01-18,3115.68,3092.63,3130.26,3090.67,-4.05,-130.52,275751,381871691.0,1.23,0.17
2017-01-19,2994.46,2954.76,2994.46,2936.9,-4.46,-137.87,2557099,1771273345.0,1.86,1.57
2017-01-20,2916.29,2981.8,2990.05,2916.29,0.92,27.04,1371519,940327153.0,2.5,0.84
2017-01-23,2968.78,2987.73,3003.12,2968.78,0.2,5.93,979702,699420253.0,1.15,0.6
2017-01-24,2983.37,2936.79,2998.89,2936.79,-1.7,-50.94,932267,716616262.0,2.08,0.57
2017-01-25,2955.45,3042.39,3055.61,2952.67,3.6,105.6,1545741,1728628878.0,3.51,0.95
2017-01-26,3041.38,3055.36,3096.05,3033.62,0.43,12.97,934296,1227975316.0,2.05,0.57
2017-02-03,3058.81,3096.55,3127.0,3058.81,1.35,41.19,1083398,1493413544.0,2.23,0.66
2017-02-06,3107.27,3117.91,3117.91,3072.39,0.69,21.36,813779,1031320204.0,1.47,0.5
2017-02-07,3107.94,3138.96,3138.96,3094.71,0.68,21.05,1213501,1200237958.0,1.42,0.74
2017-02-08,3126.69,3134.94,3139.43,3099.47,-0.13,-4.02,1031734,1084183391.0,1.27,0.63
2017-02-09,3130.42,3160.09,3185.91,3130.42,0.8,25.15,1091170,1379967577.0,1.77,0.67
2017-02-10,3160.06,3148.56,3183.23,3143.0,-0.36,-11.53,872597,1000542245.0,1.27,0.54
2017-02-13,3144.78,3190.99,3193.97,3142.73,1.35,42.43,942844,1265215131.0,1.63,0.58
2017-02-14,3195.32,3185.53,3203.97,3178.72,-0.17,-5.46,790167,1085839087.0,0.79,0.48
2017-02-15,3184.92,3159.03,3248.29,3140.87,-0.83,-26.5,1744170,1927715051.0,3.37,1.07
2017-02-16,3154.24,3222.91,3266.17,3150.6,2.02,63.88,2034963,1782629091.0,3.66,1.25
2017-02-17,3212.98,3164.52,3243.33,3164.52,-1.81,-58.39,1569026,1355152734.0,2.45,0.96
2017-02-20,3161.42,3198.13,3198.13,3153.76,1.06,33.61,248387,513894322.0,1.4,0.15
2017-02-21,3200.59,3250.32,3253.8,3200.17,1.63,52.19,336211,793126423.0,1.68,0.21
2017-02-22,3241.63,3224.26,3249.45,3208.19,-0.8,-26.06,276246,570790705.0,1.27,0.17
2017-02-23,3210.84,3189.11,3210.84,3163.84,-1.09,-35.15,1422411,1173685835.0,1.46,0.87
2017-02-24,3184.04,3187.39,3195.17,3170.89,-0.05,-1.72,835975,874817490.0,0.76,0.51
2017-02-27,3208.33,3182.98,3217.6,3179.82,-0.14,-4.41,732595,1011170893.0,1.19,0.45
2017-02-28,3183.99,3230.75,3230.75,3176.39,1.5,47.77,1014964,977135674.0,1.71,0.62
2017-03-01,3225.61,3259.46,3265.02,3220.33,0.89,28.71,1082844,1501563771.0,1.38,0.66
2017-03-02,3260.37,3241.62,3287.43,3239.91,-0.55,-17.84,1374576,1430624008.0,1.46,0.84
2017-03-03,3218.27,3336.31,3354.28,3218.27,2.92,94.69,2086995,2756424973.0,4.2,1.28
2017-03-06,3341.48,3311.58,3356.57,3290.39,-0.74,-24.73,1535581,1414548852.0,1.98,0.94
2017-03-07,3265.37,3231.27,3269.25,3225.37,-2.43,-80.31,2028850,1986053183.0,1.33,1.24
2017-03-08,3235.19,3239.43,3261.4,3212.94,0.25,8.16,1161791,1064689389.0,1.5,0.71
2017-03-09,3227.47,3195.31,3227.47,3176.35,-1.36,-44.12,1036351,906591704.0,1.58,0.64
2017-03-10,3190.38,3288.72,3311.45,3189.32,2.92,93.41,2136782,2046500041.0,3.82,1.31
2017-03-13,3269.07,3292.83,3293.4,3227.54,0.12,4.11,1420490,1322319485.0,2.0,0.87
2017-03-14,3290.74,3266.13,3316.34,3257.45,-0.81,-26.7,1323876,1226332540.0,1.79,0.81
2017-03-15,3247.35,3233.7,3249.2,3222.64,-0.99,-32.43,1010720,936880495.0,0.81,0.62
2017-03-16,3244.69,3292.12,3297.5,3244.31,1.81,58.42,1582274,1305751777.0,1.64,0.97
2017-03-17,3280.66,3226.69,3289.68,3226.69,-1.99,-65.43,1298119,1114704534.0,1.91,0.8
2017-03-20,3218.18,3236.62,3237.17,3193.39,0.31,9.93,1182828,1018950723.0,1.36,0.73
2017-03-21,3231.35,3226.78,3238.39,3209.4,-0.3,-9.84,903354,748700515.0,0.9,0.55
2017-03-22,3209.26,3193.72,3226.31,3189.63,-1.02,-33.06,1016483,855492230.0,1.14,0.62
2017-03-23,3191.82,3191.49,3232.29,3141.64,-0.07,-2.23,1317214,1048580347.0,2.84,0.81
2017-03-24,3180.37,3189.32,3203.06,3155.11,-0.07,-2.17,880221,711926036.0,1.5,0.54
2017-03-27,3185.79,3207.49,3226.58,3183.01,0.57,18.17,955615,881886820.0,1.37,0.59
2017-03-28,3207.44,3167.39,3207.59,3163.13,-1.25,-40.1,857012,692468661.0,1.39,0.53
2017-03-29,3165.11,3132.95,3175.7,3126.37,-1.09,-34.44,778944,628429666.0,1.56,0.48
2017-03-30,3133.44,3088.16,3138.22,3080.47,-1.43,-44.79,851048,677866790.0,1.84,0.52
2017-03-31,3092.77,3110.43,3112.92,3090.75,0.72,22.27,496643,403881662.0,0.72,0.3
2017-04-05,3132.84,3179.48,3182.43,3111.7,2.22,69.05,917942,743644108.0,2.27,0.56
2017-04-06,3206.4,3184.09,3206.4,3177.48,0.14,4.61,1051642,841409648.0,0.91,0.65
2017-04-07,3199.64,3192.3,3208.16,3183.1,0.26,8.21,1088620,837330809.0,0.79,0.67
2017-04-10,3199.94,3201.82,3235.16,3168.99,0.3,9.52,1406219,1062160658.0,2.07,0.86
2017-04-11,3197.65,3233.59,3240.18,3183.71,0.99,31.77,1628573,1213173768.0,1.76,1.0
2017-04-12,3222.51,3205.79,3244.97,3199.33,-0.86,-27.8,1058276,822513654.0,1.41,0.65
2017-04-13,3195.13,3242.87,3261.38,3187.06,1.16,37.08,1574728,1160344414.0,2.32,0.97
2017-04-14,3234.17,3183.92,3237.75,3181.82,-1.82,-58.95,991400,749245948.0,1.72,0.61
2017-04-17,3188.68,3131.99,3188.68,3114.25,-1.63,-51.93,947650,699546910.0,2.34,0.58
2017-04-18,3129.56,3124.91,3154.14,3119.77,-0.23,-7.08,556005,426655169.0,1.1,0.34
2017-04-19,3116.52,3092.53,3118.18,3063.16,-1.04,-32.38,661919,534735683.0,1.76,0.41
2017-04-20,3083.91,3072.31,3106.73,3039.39,-0.65,-20.22,750956,559436447.0,2.18,0.46
2017-04-21,3070.63,3068.6,3085.3,3055.14,-0.12,-3.71,414635,331903376.0,0.98,0.25
2017-04-24,3070.28,3011.34,3070.28,2982.34,-1.87,-57.26,809864,685184814.0,2.87,0.5
2017-04-25,3027.1,3000.2,3036.48,2999.96,-0.37,-11.14,485461,425337967.0,1.21,0.3
2017-04-26,2998.68,2996.71,3023.68,2989.83,-0.12,-3.49,538487,438583512.0,1.13,0.33
2017-04-27,2999.35,3011.36,3025.91,2937.45,0.49,14.65,791528,628494829.0,2.95,0.49
2017-04-28,2992.45,2987.65,2993.16,2969.86,-0.79,-23.71,513520,426833961.0,0.77,0.32
2017-05-02,2985.69,2976.9,2985.69,2961.29,-0.36,-10.75,378390,316397739.0,0.82,0.23
2017-05-03,2976.11,2955.56,2978.81,2945.26,-0.72,-21.34,406778,349270169.0,1.13,0.25
2017-05-04,2950.19,2934.41,2962.08,2925.18,-0.72,-21.15,410458,314624217.0,1.25,0.25
2017-05-05,2926.76,2883.9,2926.76,2883.9,-1.72,-50.51,673120,481667292.0,1.46,0.41
2017-05-08,2879.64,2850.26,2885.68,2848.59,-1.17,-33.64,492023,390547448.0,1.29,0.3
2017-05-09,2847.83,2833.11,2857.98,2828.66,-0.6,-17.15,501278,374610244.0,1.03,0.31
2017-05-10,2842.88,2798.69,2863.22,2794.11,-1.21,-34.42,598100,436259982.0,2.44,0.37
2017-05-11,2776.29,2670.3,2776.29,2615.45,-4.59,-128.39,1364934,1055800650.0,5.75,0.84
2017-05-12,2664.87,2658.4,2675.93,2639.37,-0.45,-11.9,674396,449207996.0,1.37,0.41
2017-05-15,2662.41,2662.18,2696.51,2659.04,0.14,3.78,533316,375229168.0,1.41,0.33
2017-05-16,2651.87,2694.75,2695.59,2622.4,1.22,32.57,594994,395371797.0,2.75,0.36
2017-05-17,2698.45,2712.43,2738.88,2692.13,0.66,17.68,567824,410078013.0,1.73,0.35
2017-05-18,2690.7,2689.25,2714.88,2680.68,-0.85,-23.18,400341,279738912.0,1.26,0.25
2017-05-19,2689.55,2697.18,2718.96,2688.31,0.29,7.93,291417,203430055.0,1.14,0.18
2017-05-22,2712.0,2645.1,2712.0,2632.72,-1.93,-52.08,497200,351582803.0,2.94,0.31
2017-05-23,2622.84,2525.06,2640.24,2525.06,-4.54,-120.04,904566,528127032.0,4.35,0.55
2017-05-24,2518.31,2541.67,2545.88,2488.35,0.66,16.61,514609,335243047.0,2.28,0.32
2017-05-25,2540.03,2614.5,2626.09,2521.86,2.87,72.83,686079,454709143.0,4.1,0.42
2017-05-26,2618.22,2609.59,2635.55,2606.21,-0.19,-4.91,450878,340720002.0,1.12,0.28
2017-05-31,2630.69,2628.66,2670.74,2625.69,0.73,19.07,473585,340261334.0,1.73,0.29
2017-06-01,2628.51,2604.29,2646.95,2604.29,-0.93,-24.37,500446,362896027.0,1.62,0.31
2017-06-02,2606.17,2659.01,2662.21,2591.48,2.1,54.72,508813,385099382.0,2.72,0.31
2017-06-05,2666.96,2655.78,2681.97,2643.68,-0.12,-3.23,339507,236000317.0,1.44,0.21
2017-06-06,2654.64,2670.22,2670.22,2648.32,0.54,14.44,251240,183099425.0,0.82,0.15
2017-06-07,2674.01,2715.33,2719.99,2663.37,1.69,45.11,457711,322810447.0,2.12,0.28
2017-06-08,2722.22,2695.28,2722.22,2692.8,-0.74,-20.05,367891,264093455.0,1.08,0.23
2017-06-09,2699.28,2700.18,2705.28,2677.3,0.18,4.9,368133,270411506.0,1.04,0.23
2017-06-12,2701.3,2666.18,2701.3,2657.17,-1.26,-34.0,322875,246078291.0,1.63,0.2
2017-06-13,2665.67,2685.75,2695.28,2660.03,0.73,19.57,310336,226069253.0,1.32,0.19
2017-06-14,2693.66,2678.43,2693.66,2666.92,-0.27,-7.32,254301,184461291.0,1.0,0.16
2017-06-15,2675.24,2714.39,2720.81,2675.24,1.34,35.96,506263,353839375.0,1.7,0.31
2017-06-16,2704.86,2702.79,2721.46,2691.88,-0.43,-11.6,337391,258368506.0,1.09,0.21
2017-06-19,2706.18,2722.26,2730.84,2706.18,0.72,19.47,340279,240416523.0,0.91,0.21
2017-06-20,2725.43,2761.46,2775.67,2724.93,1.44,39.2,360008,395365314.0,1.86,0.22
2017-06-21,2785.5,2776.21,2794.87,2758.34,0.53,14.75,379557,427115749.0,1.32,0.23
2017-06-22,2779.22,2818.36,2872.48,2769.03,1.52,42.15,717533,839724286.0,3.73,0.44
2017-06-23,2814.21,2825.33,2846.71,2780.4,0.25,6.97,557417,656298257.0,2.35,0.34
2017-06-26,2831.97,2986.77,2986.77,2831.97,5.71,161.44,1004646,1284712639.0,5.48,0.62
2017-06-27,3035.77,3026.68,3083.53,3012.76,1.34,39.91,1750560,1577934470.0,2.37,1.07
2017-06-28,3008.62,3054.09,3107.09,3002.93,0.91,27.41,1731835,1718174144.0,3.44,1.06
2017-06-29,3045.34,3049.27,3072.71,3013.58,-0.16,-4.82,1005452,994572678.0,1.94,0.62
2017-06-30,3036.82,3018.5,3040.11,3006.78,-1.01,-30.77,712074,745063761.0,1.09,0.44
2017-07-03,3009.83,3042.26,3044.95,2998.7,0.79,23.76,813336,843535080.0,1.53,0.5
2017-07-04,3037.04,3051.62,3051.62,3008.66,0.31,9.36,878435,890987791.0,1.41,0.54
2017-07-05,3039.05,3104.33,3104.73,3024.59,1.73,52.71,1163055,1262028133.0,2.63,0.71
2017-07-06,3105.08,3082.64,3113.92,3061.15,-0.7,-21.69,982526,1075468606.0,1.7,0.6
2017-07-07,3074.33,3077.68,3095.33,3053.56,-0.16,-4.96,793923,856631642.0,1.36,0.49
2017-07-10,3076.52,3054.32,3095.67,3045.08,-0.76,-23.36,1513828,1440100241.0,1.64,0.93
2017-07-11,3047.88,3022.6,3081.36,3022.6,-1.04,-31.72,822152,762622662.0,1.92,0.5
2017-07-12,3019.84,3006.44,3038.23,2974.73,-0.53,-16.16,743184,690042951.0,2.1,0.46
2017-07-13,3010.21,3114.26,3114.26,3004.88,3.59,107.82,1451828,1459737607.0,3.64,0.89
2017-07-14,3101.52,3080.38,3101.69,3050.81,-1.09,-33.88,1000037,1045359394.0,1.63,0.61
2017-07-17,3085.06,3049.02,3156.25,2992.18,-1.02,-31.36,2305125,2120373206.0,5.33,1.41
2017-07-18,2979.5,3130.63,3142.85,2978.96,2.68,81.61,2337407,1933991573.0,5.38,1.43
2017-07-19,3101.24,3165.2,3167.12,3077.97,1.1,34.57,2227548,1947938619.0,2.85,1.37
2017-07-20,3153.29,3160.86,3215.69,3135.92,-0.14,-4.34,2048108,1799755530.0,2.52,1.26
2017-07-21,3138.73,3121.11,3155.86,3112.84,-1.26,-39.75,1452176,1306124637.0,1.36,0.89
2017-07-24,3114.07,3169.79,3208.12,3114.07,1.56,48.68,1886517,1613859105.0,3.01,1.16
2017-07-25,3150.69,3113.16,3164.18,3086.36,-1.79,-56.63,1427762,1199449611.0,2.46,0.88
2017-07-26,3105.92,3088.4,3110.55,3055.72,-0.8,-24.76,1021010,1005549553.0,1.76,0.63
2017-07-27,3087.16,3074.19,3090.53,3019.55,-0.46,-14.21,1012914,901244666.0,2.3,0.62
2017-07-28,3064.02,3080.15,3102.19,3056.83,0.19,5.96,636847,592029715.0,1.48,0.39
2017-07-31,3068.53,3131.16,3136.28,3047.74,1.66,51.01,944736,867163502.0,2.87,0.58
2017-08-01,3132.7,3132.25,3158.67,3094.12,0.03,1.09,987109,872124507.0,2.06,0.61
2017-08-02,3139.42,3144.9,3172.81,3131.29,0.4,12.65,1308854,1304047332.0,1.33,0.8
2017-08-03,3129.56,3100.83,3129.56,3092.95,-1.4,-44.07,835467,779287678.0,1.16,0.51
2017-08-04,3095.42,3059.43,3104.02,3059.43,-1.34,-41.4,725159,696026211.0,1.44,0.44
2017-08-07,3041.94,3068.92,3079.85,3033.59,0.31,9.49,531692,494455420.0,1.51,0.33
2017-08-08,3065.64,3076.99,3087.57,3052.88,0.26,8.07,473454,423451817.0,1.13,0.29
2017-08-09,3064.96,3069.65,3117.91,3049.02,-0.24,-7.34,568251,463572495.0,2.24,0.35
2017-08-10,3069.65,3045.17,3089.7,3025.53,-0.8,-24.48,514016,453904439.0,2.09,0.32
2017-08-11,3021.42,3006.33,3045.11,2997.66,-1.28,-38.84,611425,567475620.0,1.56,0.38
2017-08-14,3010.38,3050.33,3050.33,3010.38,1.46,44.0,462625,419346246.0,1.33,0.28
2017-08-15,3050.32,3083.13,3097.65,3047.52,1.08,32.8,680431,734643657.0,1.64,0.42
2017-08-16,3014.21,2996.69,3029.27,2981.51,-2.8,-86.44,1242047,1507355736.0,1.55,0.76
2017-08-17,2981.43,3012.35,3014.19,2981.43,0.52,15.66,511209,506765671.0,1.09,0.31
2017-08-18,2992.17,3018.2,3024.57,2986.35,0.19,5.85,498099,476937372.0,1.27,0.31
2017-08-21,3015.19,3033.35,3033.35,3014.25,0.5,15.15,438583,423819088.0,0.63,0.27
2017-08-22,3033.94,3005.25,3034.74,2997.72,-0.93,-28.1,468927,421294393.0,1.22,0.29
2017-08-23,3008.02,2993.56,3010.62,2986.82,-0.39,-11.69,335880,290890650.0,0.79,0.21
2017-08-24,2994.48,2916.7,3004.28,2909.16,-2.57,-76.86,745854,811575924.0,3.18,0.46
2017-08-25,2917.29,2955.84,2960.59,2913.2,1.34,39.14,542679,481610899.0,1.62,0.33
2017-08-28,2961.19,3024.78,3034.8,2948.68,2.33,68.94,1149773,943724053.0,2.91,0.71
2017-08-29,3025.56,2986.93,3025.56,2983.59,-1.25,-37.85,620821,511686287.0,1.39,0.38
2017-08-30,2985.13,2995.48,3027.22,2981.79,0.29,8.55,558119,451332960.0,1.52,0.34
2017-08-31,2987.76,3004.71,3012.54,2986.15,0.31,9.23,448146,395719639.0,0.88,0.27
2017-09-01,3001.35,2983.12,3009.04,2974.66,-0.72,-21.59,535117,465140522.0,1.14,0.33
2017-09-04,2978.61,2977.32,2979.66,2955.21,-0.19,-5.8,561062,481823205.0,0.82,0.34
2017-09-05,2982.27,2989.02,2989.02,2970.41,0.39,11.7,469044,418587470.0,0.63,0.29
2017-09-06,2982.23,2972.23,2984.02,2937.09,-0.56,-16.79,605543,521755228.0,1.57,0.37
2017-09-07,2973.63,2968.74,2996.07,2964.28,-0.12,-3.49,420342,361089580.0,1.07,0.26
2017-09-08,2965.96,2978.68,2982.47,2955.78,0.33,9.94,417091,395955836.0,0.9,0.26
2017-09-11,2988.4,2986.7,3002.69,2972.64,0.27,8.02,459877,436707908.0,1.01,0.28
2017-09-12,3001.77,2992.09,3023.02,2972.45,0.18,5.39,785603,619518683.0,1.69,0.48
2017-09-13,2988.33,2972.01,2988.33,2963.42,-0.67,-20.08,425281,340283589.0,0.83,0.26
2017-09-14,2978.73,2976.74,2993.25,2963.95,0.16,4.73,495431,374277843.0,0.99,0.3
2017-09-15,2981.85,3004.7,3015.88,2975.72,0.94,27.96,621078,430544090.0,1.35,0.38
2017-09-18,3001.1,3002.56,3015.03,2987.86,-0.07,-2.14,507191,378213815.0,0.9,0.31
2017-09-19,2995.82,2987.28,3011.33,2970.06,-0.51,-15.28,980809,788112359.0,1.37,0.6
2017-09-20,2988.48,2976.12,2991.87,2960.59,-0.37,-11.16,561946,467301434.0,1.05,0.34
2017-09-21,2967.26,2972.44,2996.74,2965.26,-0.12,-3.68,615080,467777827.0,1.06,0.38
2017-09-22,2960.15,2953.39,2970.44,2927.83,-0.64,-19.05,523584,385356297.0,1.43,0.32
2017-09-25,2938.14,2918.04,2945.41,2909.37,-1.2,-35.35,508560,422659839.0,1.22,0.31
2017-09-26,2915.12,2914.51,2930.64,2900.97,-0.12,-3.53,263337,219020596.0,1.02,0.16
2017-09-27,2918.65,2913.57,2928.01,2913.57,-0.03,-0.94,204990,165941655.0,0.5,0.13
2017-09-28,2914.63,2889.3,2914.63,2889.3,-0.83,-24.27,264719,222815963.0,0.87,0.16
2017-09-29,2890.08,2912.98,2920.94,2890.08,0.82,23.68,310811,280164992.0,1.07,0.19
2017-10-09,2956.46,2944.45,2966.27,2932.17,1.08,31.47,487294,493521125.0,1.17,0.3
2017-10-10,2947.99,2986.49,2987.57,2940.61,1.43,42.04,491548,490197609.0,1.59,0.3
2017-10-11,2992.28,2975.32,2992.28,2967.58,-0.37,-11.17,386276,345718184.0,0.83,0.24
2017-10-12,2979.32,2977.6,2983.74,2945.15,0.08,2.28,373023,358272852.0,1.3,0.23
2017-10-13,2996.94,3005.86,3026.11,2996.94,0.95,28.26,500807,540153942.0,0.98,0.31
2017-10-16,3010.77,2981.9,3010.77,2972.31,-0.8,-23.96,496061,504877449.0,1.28,0.3
2017-10-17,2988.12,3025.57,3039.62,2988.12,1.46,43.67,721897,861735417.0,1.73,0.44
2017-10-18,3027.95,3017.78,3042.09,3011.5,-0.26,-7.79,658785,773199211.0,1.01,0.4
2017-10-19,3022.73,2975.3,3022.73,2951.88,-1.41,-42.48,740439,811351678.0,2.35,0.45
2017-10-20,2963.15,2958.46,2971.46,2948.55,-0.57,-16.84,433654,485255252.0,0.77,0.27
2017-10-23,2957.07,2957.54,2963.99,2940.73,-0.03,-0.92,338060,369622519.0,0.79,0.21
2017-10-24,2951.36,2956.62,2965.49,2938.3,-0.03,-0.92,490573,546199101.0,0.92,0.3
2017-10-25,2946.49,2951.1,2958.78,2937.67,-0.19,-5.52,373154,415340921.0,0.71,0.23
2017-10-26,2951.34,3011.44,3021.59,2939.68,2.04,60.34,809707,899956752.0,2.78,0.5
2017-10-27,3003.28,2977.95,3005.78,2975.32,-1.11,-33.49,440145,485661333.0,1.01,0.27
2017-10-30,2972.63,2902.98,2981.61,2892.84,-2.52,-74.97,631017,637142967.0,2.98,0.39
2017-10-31,2903.76,2912.4,2921.18,2894.53,0.32,9.42,331811,337620892.0,0.92,0.2
2017-11-01,2947.83,3010.35,3037.03,2947.83,3.36,97.95,667936,614667013.0,3.06,0.41
2017-11-02,3016.99,3104.7,3107.39,2983.08,3.13,94.35,1134394,1001114108.0,4.13,0.7
2017-11-03,3115.01,3138.73,3186.91,3074.86,1.1,34.03,1214286,1120706700.0,3.61,0.74
2017-11-06,3157.78,3128.14,3157.78,3096.48,-0.34,-10.59,986438,980844912.0,1.95,0.61
2017-11-07,3107.64,3222.76,3237.59,3088.53,3.02,94.62,1213485,1147991589.0,4.77,0.74
2017-11-08,3198.75,3174.48,3220.72,3167.85,-1.5,-48.28,957923,915226917.0,1.64,0.59
2017-11-09,3165.02,3165.9,3188.35,3130.27,-0.27,-8.58,853554,801826322.0,1.83,0.52
2017-11-10,3153.55,3182.82,3186.74,3150.57,0.53,16.92,707458,702853227.0,1.14,0.43
2017-11-13,3176.27,3200.97,3216.26,3162.64,0.57,18.15,849121,776335533.0,1.68,0.52
2017-11-14,3194.84,3197.34,3199.3,3152.97,-0.11,-3.63,737120,771515154.0,1.45,0.45
2017-11-15,3180.45,3114.31,3189.23,3108.91,-2.6,-83.03,794617,809027795.0,2.51,0.49
2017-11-16,3122.1,3096.95,3138.35,3090.45,-0.56,-17.36,739363,655172530.0,1.54,0.45
2017-11-17,3103.55,3036.97,3126.94,3010.38,-1.94,-59.98,1454613,1608711473.0,3.76,0.89
2017-11-20,3024.4,2952.0,3035.03,2919.17,-2.8,-84.97,1283902,1391132102.0,3.81,0.79
2017-11-21,2934.39,2935.16,2986.67,2919.13,-0.57,-16.84,914915,919576936.0,2.29,0.56
2017-11-22,2933.04,2895.22,2945.79,2887.68,-1.36,-39.94,697164,655049696.0,1.98,0.43
2017-11-23,2890.28,2810.94,2908.69,2801.9,-2.91,-84.28,787750,707701814.0,3.69,0.48
2017-11-24,2800.49,2810.38,2822.59,2790.02,-0.02,-0.56,440111,390662649.0,1.16,0.27
2017-11-27,2828.13,2812.96,2837.75,2798.9,0.09,2.58,495414,433871041.0,1.38,0.3
2017-11-28,2799.54,2836.45,2837.79,2794.83,0.84,23.49,343896,328051277.0,1.53,0.21
2017-11-29,2830.2,2827.54,2835.21,2796.27,-0.31,-8.91,358727,309754328.0,1.37,0.22
2017-11-30,2821.38,2831.2,2863.98,2808.2,0.13,3.66,375154,310032226.0,1.97,0.23
2017-12-01,2820.74,2827.7,2832.54,2804.8,-0.12,-3.5,305816,260457650.0,0.98,0.19
2017-12-04,2829.07,2787.41,2829.07,2774.31,-1.42,-40.29,418800,334139340.0,1.94,0.26
2017-12-05,2779.7,2765.52,2801.71,2750.23,-0.79,-21.89,601571,607305602.0,1.85,0.37
2017-12-06,2755.35,2747.57,2765.77,2704.57,-0.65,-17.95,403482,327243682.0,2.21,0.25
2017-12-07,2744.21,2772.07,2772.07,2735.74,0.89,24.5,364273,298423245.0,1.32,0.22
2017-12-08,2768.8,2831.6,2844.55,2763.91,2.15,59.53,412441,308273419.0,2.91,0.25
2017-12-11,2823.22,2833.26,2851.28,2814.26,0.06,1.66,388494,299488105.0,1.31,0.24
2017-12-12,2840.25,2777.96,2845.11,2776.62,-1.95,-55.3,355145,337904419.0,2.42,0.22
2017-12-13,2776.59,2823.58,2832.65,2771.74,1.64,45.62,291604,235552706.0,2.19,0.18
2017-12-14,2823.58,2853.56,2865.27,2820.77,1.06,29.98,483086,382051505.0,1.58,0.3
2017-12-15,2897.41,2836.25,2899.98,2836.19,-0.61,-17.31,539387,442518067.0,2.24,0.33
2017-12-18,2853.97,2812.67,2853.97,2800.12,-0.83,-23.58,458656,358103692.0,1.9,0.28
2017-12-19,2814.84,2788.26,2827.26,2767.75,-0.87,-24.41,399023,306675125.0,2.12,0.24
2017-12-20,2812.33,2779.01,2816.99,2768.0,-0.33,-9.25,423267,339166903.0,1.76,0.26
2017-12-21,2770.89,2739.3,2770.89,2706.93,-1.43,-39.71,376124,270676429.0,2.3,0.23
2017-12-22,2751.05,2726.2,2751.05,2724.78,-0.48,-13.1,188645,139639190.0,0.96,0.12
2017-12-25,2721.32,2674.58,2728.96,2663.7,-1.89,-51.62,375817,284231726.0,2.39,0.23
2017-12-26,2680.3,2668.39,2681.53,2639.66,-0.23,-6.19,326666,241317595.0,1.57,0.2
2017-12-27,2663.39,2654.38,2666.53,2643.94,-0.53,-14.01,276703,226819935.0,0.85,0.17
2017-12-28,2652.27,2671.57,2685.61,2642.71,0.65,17.19,327475,260228384.0,1.62,0.2
2017-12-29,2677.15,2691.51,2693.65,2666.01,0.75,19.94,269656,193459123.0,1.03,0.17
2018-01-02,2699.89,2706.07,2710.93,2680.34,0.54,14.56,276559,216907280.0,1.14,0.17
2018-01-03,2704.65,2719.2,2725.46,2691.39,0.49,13.13,317968,240113867.0,1.26,0.2
2018-01-04,2722.61,2726.23,2735.86,2715.69,0.26,7.03,292243,222787832.0,0.74,0.18
2018-01-05,2720.6,2713.27,2728.45,2711.69,-0.48,-12.96,303695,224520238.0,0.61,0.19
2018-01-08,2711.17,2693.89,2711.21,2671.55,-0.71,-19.38,386891,286350387.0,1.46,0.24
2018-01-09,2693.2,2700.61,2708.2,2689.02,0.25,6.72,323116,295673765.0,0.71,0.2
2018-01-10,2696.57,2673.46,2704.78,2657.41,-1.01,-27.15,295724,230363508.0,1.75,0.18
2018-01-11,2671.44,2670.24,2685.65,2648.29,-0.12,-3.22,241875,175267202.0,1.4,0.15
2018-01-12,2666.13,2661.4,2675.15,2661.24,-0.33,-8.84,223458,177662975.0,0.52,0.14
2018-01-15,2660.77,2605.6,2660.77,2597.91,-2.1,-55.8,360155,301485421.0,2.36,0.22
2018-01-16,2605.6,2611.89,2618.06,2597.13,0.24,6.29,261064,188653978.0,0.8,0.16
2018-01-17,2616.83,2716.22,2724.77,2610.45,3.99,104.33,1382166,874254143.0,4.38,0.85
2018-01-18,2699.7,2728.15,2732.78,2687.06,0.44,11.93,1063263,613413922.0,1.68,0.65
2018-01-19,2721.94,2766.85,2798.73,2710.04,1.42,38.7,1188716,772770139.0,3.25,0.73
2018-01-22,2755.66,2752.95,2756.99,2719.94,-0.5,-13.9,644640,429068382.0,1.34,0.4
2018-01-23,2750.44,2750.93,2760.64,2735.72,-0.07,-2.02,444483,300063517.0,0.91,0.27
2018-01-24,2752.87,2768.71,2770.08,2730.27,0.65,17.78,653738,458086117.0,1.45,0.4
2018-01-25,2769.33,2742.74,2769.33,2730.21,-0.94,-25.97,481895,330872614.0,1.41,0.3
2018-01-26,2727.11,2720.26,2740.73,2714.95,-0.82,-22.48,430360,296014048.0,0.94,0.26
2018-01-29,2719.15,2684.93,2732.82,2679.28,-1.3,-35.33,505455,377208850.0,1.97,0.31
2018-01-30,2680.21,2670.88,2699.34,2663.87,-0.52,-14.05,339198,243583752.0,1.32,0.21
2018-01-31,2671.47,2577.19,2671.47,2572.29,-3.51,-93.69,544247,330177858.0,3.71,0.33
2018-02-01,2580.12,2485.35,2589.48,2450.28,-3.56,-91.84,789279,658281737.0,5.4,0.48
2018-02-02,2438.06,2467.16,2472.87,2398.29,-0.73,-18.19,365671,251674521.0,3.0,0.22
2018-02-05,2445.7,2459.71,2459.71,2420.2,-0.3,-7.45,296399,231447563.0,1.6,0.18
2018-02-06,2410.59,2363.24,2431.97,2363.24,-3.92,-96.47,520523,375105021.0,2.79,0.32
2018-02-07,2399.55,2385.19,2414.9,2334.18,0.93,21.95,333629,229508860.0,3.42,0.2
2018-02-08,2402.53,2408.37,2432.51,2401.45,0.97,23.18,299921,270655339.0,1.3,0.18
2018-02-09,2354.09,2342.53,2361.45,2280.67,-2.73,-65.84,481333,376415445.0,3.35,0.3
2018-02-12,2356.73,2363.98,2381.49,2339.3,0.92,21.45,207192,147974594.0,1.8,0.13
2018-02-13,2376.52,2357.22,2388.01,2352.42,-0.29,-6.76,229059,173875533.0,1.51,0.14
2018-02-14,2362.64,2364.38,2372.07,2342.65,0.3,7.16,186551,143385539.0,1.25,0.11
2018-02-22,2373.83,2401.66,2401.66,2373.83,1.58,37.28,207624,143659961.0,1.18,0.13
2018-02-23,2396.98,2400.46,2410.59,2383.8,-0.05,-1.2,192751,136060695.0,1.12,0.12
2018-02-26,2411.84,2434.58,2436.58,2394.95,1.42,34.12,281905,200740904.0,1.73,0.17
2018-02-27,2429.88,2451.6,2468.29,2429.88,0.7,17.02,274644,189670827.0,1.58,0.17
2018-02-28,2445.47,2469.88,2479.54,2421.96,0.75,18.28,314809,231296037.0,2.35,0.19
2018-03-01,2460.32,2468.78,2475.96,2447.75,-0.04,-1.1,242491,167752737.0,1.14,0.15
2018-03-02,2460.6,2455.21,2475.76,2446.0,-0.55,-13.57,318904,183095612.0,1.21,0.2
2018-03-05,2447.35,2485.29,2490.32,2447.35,1.23,30.08,273622,157955116.0,1.75,0.17
2018-03-06,2490.25,2495.73,2495.73,2471.62,0.42,10.44,253413,160890476.0,0.97,0.16
2018-03-07,2483.74,2466.73,2495.45,2458.68,-1.16,-29.0,240719,162490533.0,1.47,0.15
2018-03-08,2465.52,2459.34,2474.33,2451.1,-0.3,-7.39,200339,148545372.0,0.94,0.12
2018-03-09,2463.51,2484.88,2490.42,2457.37,1.04,25.54,268142,168794785.0,1.34,0.16
2018-03-12,2495.92,2523.5,2529.9,2493.25,1.55,38.62,390390,262848541.0,1.47,0.24
2018-03-13,2510.89,2525.82,2543.95,2510.89,0.09,2.32,382331,283773272.0,1.31,0.23
2018-03-14,2529.55,2476.27,2529.55,2465.22,-1.96,-49.55,370106,244802920.0,2.55,0.23
2018-03-15,2477.23,2466.87,2480.44,2450.98,-0.38,-9.4,245495,163411368.0,1.19,0.15
2018-03-16,2463.69,2464.54,2484.48,2456.24,-0.09,-2.33,214094,146067032.0,1.14,0.13
2018-03-19,2465.49,2466.86,2505.91,2436.8,0.09,2.32,348443,198975016.0,2.8,0.21
2018-03-20,2452.54,2468.67,2479.0,2448.36,0.07,1.81,300351,190280811.0,1.24,0.18
2018-03-21,2473.56,2466.0,2502.06,2461.17,-0.11,-2.67,310373,190156944.0,1.66,0.19
2018-03-22,2457.85,2526.12,2534.04,2428.63,2.44,60.12,322307,212366821.0,4.27,0.2
2018-03-23,2464.49,2429.53,2529.36,2411.37,-3.82,-96.59,946253,602628345.0,4.67,0.58
2018-03-26,2368.6,2395.83,2401.43,2306.32,-1.39,-33.7,535928,334322943.0,3.91,0.33
2018-03-27,2413.89,2441.3,2473.46,2413.89,1.9,45.47,469216,293671478.0,2.49,0.29
2018-03-28,2407.38,2406.89,2428.63,2394.84,-1.41,-34.41,308433,193063632.0,1.38,0.19
2018-03-29,2413.73,2460.59,2474.2,2389.27,2.23,53.7,461405,288417932.0,3.53,0.28
2018-03-30,2449.38,2448.74,2462.71,2443.85,-0.48,-11.85,320103,207380908.0,0.77,0.2
2018-04-02,2444.46,2433.07,2463.23,2422.51,-0.64,-15.67,334904,207629855.0,1.66,0.21
2018-04-03,2400.21,2397.13,2409.83,2386.13,-1.48,-35.94,249219,166266774.0,0.97,0.15
2018-04-04,2406.54,2373.71,2407.83,2370.97,-0.98,-23.42,249625,174227177.0,1.54,0.15
2018-04-09,2368.89,2372.28,2385.4,2348.45,-0.06,-1.43,226443,147205996.0,1.56,0.14
2018-04-10,2376.45,2376.59,2378.04,2357.72,0.18,4.31,264428,174564484.0,0.86,0.16
2018-04-11,2381.73,2388.44,2404.88,2378.32,0.5,11.85,334964,240525624.0,1.12,0.21
2018-04-12,2379.76,2452.83,2509.11,2379.76,2.7,64.39,1433628,779798633.0,5.42,0.88
2018-04-13,2449.14,2410.02,2449.14,2407.98,-1.75,-42.81,1052383,534244923.0,1.68,0.65
2018-04-16,2400.72,2351.9,2400.72,2344.21,-2.41,-58.12,537667,313850679.0,2.34,0.33
2018-04-17,2361.14,2304.96,2366.99,2304.96,-2.0,-46.94,445114,246648938.0,2.64,0.27
2018-04-18,2326.06,2327.32,2335.12,2285.98,0.97,22.36,325351,183656604.0,2.13,0.2
2018-04-19,2325.89,2355.45,2362.12,2319.51,1.21,28.13,352182,191180843.0,1.83,0.22
2018-04-20,2372.28,2303.4,2372.28,2300.16,-2.21,-52.05,386520,225345100.0,3.06,0.24
2018-04-23,2293.49,2294.37,2307.23,2270.22,-0.39,-9.03,213665,120480863.0,1.61,0.13
2018-04-24,2302.73,2329.21,2339.87,2294.11,1.52,34.84,267160,157631093.0,1.99,0.16
2018-04-25,2330.57,2328.33,2345.82,2324.32,-0.04,-0.88,242788,159648733.0,0.92,0.15
2018-04-26,2336.93,2307.31,2343.15,2306.01,-0.9,-21.02,269673,161878203.0,1.6,0.17
2018-04-27,2304.6,2309.34,2312.08,2278.48,0.09,2.03,294029,196084995.0,1.46,0.18
2018-05-02,2323.85,2300.25,2324.6,2290.21,-0.39,-9.09,222707,145942009.0,1.49,0.14
2018-05-03,2307.06,2320.58,2325.5,2287.39,0.88,20.33,310173,189542989.0,1.66,0.19
2018-05-04,2318.54,2307.83,2336.01,2300.66,-0.55,-12.75,217940,125721820.0,1.52,0.13
2018-05-07,2308.61,2331.7,2332.21,2306.82,1.03,23.87,256200,149908176.0,1.1,0.16
2018-05-08,2334.98,2344.65,2349.19,2327.26,0.56,12.95,309032,181791841.0,0.94,0.19
2018-05-09,2344.59,2334.8,2346.31,2325.48,-0.42,-9.85,197479,116631139.0,0.89,0.12
2018-05-10,2340.83,2335.81,2344.33,2317.64,0.04,1.01,267634,163926162.0,1.14,0.16
2018-05-11,2338.6,2315.73,2341.98,2315.73,-0.86,-20.08,237746,137149756.0,1.12,0.15
2018-05-14,2313.23,2312.03,2324.2,2300.02,-0.16,-3.7,181650,108493111.0,1.04,0.11
2018-05-15,2310.91,2307.28,2314.83,2291.64,-0.21,-4.75,173264,102523915.0,1.0,0.11
2018-05-16,2303.3,2305.46,2314.01,2297.97,-0.08,-1.82,179625,108986458.0,0.7,0.11
2018-05-17,2307.5,2289.54,2307.6,2289.54,-0.69,-15.92,140702,86875980.0,0.78,0.09
2018-05-18,2291.13,2305.09,2305.09,2281.82,0.68,15.55,165639,98500480.0,1.02,0.1
2018-05-21,2309.95,2327.61,2334.81,2309.95,0.98,22.52,235427,139423256.0,1.08,0.14
2018-05-22,2324.48,2332.34,2337.26,2317.68,0.2,4.73,300504,167289670.0,0.84,0.18
2018-05-23,2324.7,2302.71,2324.7,2302.71,-1.27,-29.63,235629,134993700.0,0.94,0.14
2018-05-24,2310.23,2276.58,2319.05,2269.7,-1.13,-26.13,350112,227919151.0,2.14,0.21
2018-05-25,2278.99,2222.85,2278.99,2208.33,-2.36,-53.73,364302,253039040.0,3.1,0.22
2018-05-28,2223.08,2212.01,2224.98,2188.11,-0.49,-10.84,210221,135794435.0,1.66,0.13
2018-05-29,2210.41,2184.73,2218.79,2182.14,-1.23,-27.28,237006,121938935.0,1.66,0.15
2018-05-30,2156.16,2117.14,2160.9,2109.32,-3.09,-67.59,312774,164135678.0,2.36,0.19
2018-05-31,2128.52,2122.33,2141.93,2111.25,0.25,5.19,279421,177578764.0,1.45,0.17
2018-06-01,2116.11,2126.07,2130.43,2100.63,0.18,3.74,215715,130527346.0,1.4,0.13
2018-06-04,2125.96,2111.19,2131.36,2103.45,-0.7,-14.88,180755,107343646.0,1.31,0.11
2018-06-05,2113.64,2137.16,2141.76,2111.75,1.23,25.97,226918,129743903.0,1.42,0.14
2018-06-06,2137.9,2131.61,2137.9,2121.23,-0.26,-5.55,152707,86308743.0,0.78,0.09
2018-06-07,2129.91,2111.38,2137.85,2111.38,-0.95,-20.23,205035,111605148.0,1.24,0.13
2018-06-08,2109.79,2048.74,2112.4,2046.58,-2.97,-62.64,322475,180670660.0,3.12,0.2
2018-06-11,2042.94,2045.66,2056.83,2018.47,-0.15,-3.08,177687,105567790.0,1.87,0.11
2018-06-12,2042.06,2057.65,2060.12,2034.08,0.59,11.99,159570,92768993.0,1.27,0.1
2018-06-13,2057.65,2018.95,2057.7,2010.65,-1.88,-38.7,281196,155396131.0,2.29,0.17
2018-06-14,2013.52,1997.05,2025.61,1993.72,-1.08,-21.9,189558,101447944.0,1.58,0.12
2018-06-15,2000.35,1939.36,2003.98,1933.09,-2.89,-57.69,312193,158940878.0,3.55,0.19
2018-06-19,1919.55,1764.38,1919.55,1747.07,-9.02,-174.98,560080,261851792.0,8.89,0.34
2018-06-20,1762.68,1805.03,1817.73,1761.19,2.3,40.65,315115,161228466.0,3.2,0.19
2018-06-21,1813.85,1789.55,1862.65,1787.08,-0.86,-15.48,367953,216116382.0,4.19,0.23
2018-06-22,1788.1,1837.12,1867.1,1782.33,2.66,47.57,444831,206198660.0,4.74,0.27
2018-06-25,1896.2,1885.56,1920.82,1871.15,2.64,48.44,813440,335108412.0,2.7,0.5
2018-06-26,1826.91,1878.84,1880.29,1815.37,-0.36,-6.72,606318,250473350.0,3.44,0.37
2018-06-27,1860.92,1860.13,1873.91,1839.68,-1.0,-18.71,373523,160865529.0,1.82,0.23
2018-06-28,1848.4,1871.1,1894.97,1845.23,0.59,10.97,325458,147149722.0,2.67,0.2
2018-06-29,1871.68,1877.95,1887.75,1863.29,0.37,6.85,493438,211854314.0,1.31,0.3
2018-07-02,1874.27,1839.21,1875.21,1820.26,-2.06,-38.74,322638,150822802.0,2.93,0.2
2018-07-03,1835.01,1854.68,1856.57,1816.35,0.84,15.47,287821,130422412.0,2.19,0.18
2018-07-04,1846.83,1859.32,1865.57,1837.4,0.25,4.64,295704,157570564.0,1.52,0.18
2018-07-05,1849.26,1804.96,1867.85,1804.96,-2.92,-54.36,247851,125744665.0,3.38,0.15
2018-07-06,1799.08,1813.76,1837.72,1766.88,0.49,8.8,293017,150982353.0,3.92,0.18
2018-07-09,1814.62,1838.56,1841.3,1814.62,1.37,24.8,244592,121034299.0,1.47,0.15
2018-07-10,1835.22,1842.7,1842.7,1820.97,0.23,4.14,188179,98213184.0,1.18,0.12
2018-07-11,1822.0,1790.95,1822.0,1769.81,-2.81,-51.75,267379,132842050.0,2.83,0.16
2018-07-12,1778.53,1819.74,1836.67,1778.53,1.61,28.79,455968,195951669.0,3.25,0.28
2018-07-13,1813.51,1787.12,1816.38,1787.12,-1.79,-32.62,415159,164350391.0,1.61,0.25
2018-07-16,1787.88,1771.83,1790.55,1743.57,-0.86,-15.29,473330,198761101.0,2.63,0.29
2018-07-17,1764.46,1732.73,1764.46,1683.96,-2.21,-39.1,330755,195942410.0,4.54,0.2
2018-07-18,1734.09,1726.77,1746.86,1725.41,-0.34,-5.96,141920,83187111.0,1.24,0.09
2018-07-19,1733.68,1722.89,1750.3,1720.17,-0.22,-3.88,290408,181488357.0,1.74,0.18
2018-07-20,1724.23,1815.52,1822.55,1704.83,5.38,92.63,528263,349803123.0,6.83,0.32
2018-07-23,1855.27,1881.84,1908.89,1834.87,3.65,66.32,861994,635497864.0,4.08,0.53
2018-07-24,1878.12,1889.43,1920.65,1878.08,0.4,7.59,626167,438606868.0,2.26,0.38
2018-07-25,1949.51,1943.2,1964.96,1929.39,2.85,53.77,1336748,567293948.0,1.88,0.82
2018-07-26,1927.42,1969.78,2017.73,1925.17,1.37,26.58,1397471,596643964.0,4.76,0.86
2018-07-27,1951.43,1965.45,1995.35,1951.43,-0.22,-4.33,898682,427714605.0,2.23,0.55
2018-07-30,1952.62,1945.26,1989.42,1935.52,-1.03,-20.19,848605,438129446.0,2.74,0.52
2018-07-31,2002.47,2015.94,2020.61,1982.87,3.63,70.68,873933,447085156.0,1.94,0.54
2018-08-01,1993.71,1935.6,1993.71,1932.57,-3.99,-80.34,768551,351589113.0,3.03,0.47
2018-08-02,1939.34,1865.78,1939.34,1831.86,-3.61,-69.82,727371,326184778.0,5.55,0.45
2018-08-03,1856.06,1807.67,1866.36,1807.67,-3.11,-58.11,473860,229888703.0,3.15,0.29
2018-08-06,1803.82,1803.69,1843.73,1793.75,-0.22,-3.98,616218,325587667.0,2.76,0.38
2018-08-07,1812.65,1838.43,1840.16,1793.0,1.93,34.74,578159,295320177.0,2.61,0.35
2018-08-08,1837.45,1831.8,1859.37,1822.29,-0.36,-6.63,535772,298769131.0,2.02,0.33
2018-08-09,1827.17,1843.77,1862.35,1806.79,0.65,11.97,518141,255720107.0,3.03,0.32
2018-08-10,1837.71,1823.37,1844.29,1814.85,-1.11,-20.4,370119,193110797.0,1.6,0.23
2018-08-13,1807.2,1804.62,1808.33,1766.21,-1.03,-18.75,398064,201229482.0,2.31,0.24
2018-08-14,1794.53,1827.13,1829.22,1793.45,1.25,22.51,277289,117936164.0,1.98,0.17
2018-08-15,1823.96,1795.02,1832.91,1787.18,-1.76,-32.11,524578,207370857.0,2.5,0.32
2018-08-16,1768.94,1782.9,1810.64,1758.63,-0.68,-12.12,355539,146054613.0,2.9,0.22
2018-08-17,1796.17,1735.75,1803.97,1734.62,-2.64,-47.15,311157,129858756.0,3.89,0.19
2018-08-20,1740.31,1772.46,1772.46,1731.02,2.11,36.71,274913,120488273.0,2.39,0.17
2018-08-21,1777.68,1781.79,1793.08,1763.12,0.53,9.33,288846,133933826.0,1.69,0.18
2018-08-22,1769.96,1755.66,1775.39,1754.92,-1.47,-26.13,190847,82589588.0,1.15,0.12
2018-08-23,1756.57,1757.2,1772.12,1741.25,0.09,1.54,190472,84096983.0,1.76,0.12
2018-08-24,1754.26,1773.33,1792.33,1747.86,0.92,16.13,325878,146712935.0,2.53,0.2
2018-08-27,1718.39,1750.68,1758.5,1718.39,-1.28,-22.65,688173,346596981.0,2.26,0.42
2018-08-28,1745.26,1747.38,1753.15,1738.65,-0.19,-3.3,353464,173700878.0,0.83,0.22
2018-08-29,1740.93,1741.12,1746.67,1727.39,-0.36,-6.26,231840,105404678.0,1.1,0.14
2018-08-30,1729.09,1706.34,1740.71,1701.22,-2.0,-34.78,293174,133236417.0,2.27,0.18
2018-08-31,1702.44,1648.43,1703.79,1648.43,-3.39,-57.91,424726,206953674.0,3.24,0.26
2018-09-03,1649.43,1638.78,1654.06,1615.26,-0.59,-9.65,460045,208801943.0,2.35,0.28
2018-09-04,1643.04,1664.79,1671.74,1638.42,1.59,26.01,358108,152038138.0,2.03,0.22
2018-09-05,1660.21,1639.83,1671.45,1639.83,-1.5,-24.96,329868,137021803.0,1.9,0.2
2018-09-06,1639.83,1644.4,1681.32,1632.82,0.28,4.57,491301,241324174.0,2.96,0.3
2018-09-07,1647.97,1632.3,1660.97,1627.8,-0.74,-12.1,355408,154155289.0,2.02,0.22
2018-09-10,1642.4,1631.04,1661.49,1628.5,-0.08,-1.26,352594,150568366.0,2.02,0.22
2018-09-11,1624.02,1599.87,1625.05,1576.68,-1.91,-31.17,468399,209547404.0,2.97,0.29
2018-09-12,1598.45,1621.14,1634.81,1591.14,1.33,21.27,611197,284772523.0,2.73,0.37
2018-09-13,1631.89,1626.41,1638.31,1611.45,0.33,5.27,349141,150242109.0,1.66,0.21
2018-09-14,1630.32,1639.94,1666.19,1624.45,0.83,13.53,372482,153405089.0,2.57,0.23
2018-09-17,1628.99,1633.14,1638.19,1612.95,-0.41,-6.8,446408,186901570.0,1.54,0.27
2018-09-18,1639.94,1653.57,1657.48,1619.25,1.25,20.43,397423,161631683.0,2.34,0.24
2018-09-19,1643.13,1657.72,1675.59,1640.37,0.25,4.15,494510,202057485.0,2.13,0.3
2018-09-20,1647.52,1649.17,1660.77,1642.7,-0.52,-8.55,349754,140101149.0,1.09,0.21
2018-09-21,1650.24,1681.07,1690.94,1636.94,1.93,31.9,515821,218079867.0,3.27,0.32
2018-09-25,1669.8,1657.14,1672.32,1649.84,-1.42,-23.93,338063,139012801.0,1.34,0.21
2018-09-26,1660.17,1663.95,1698.21,1657.64,0.41,6.81,504202,212155940.0,2.45,0.31
2018-09-27,1663.01,1636.58,1668.86,1635.51,-1.64,-27.37,329520,134550194.0,2.0,0.2
2018-09-28,1638.7,1652.63,1657.52,1638.7,0.98,16.05,277173,114225783.0,1.15,0.17
2018-10-08,1592.83,1646.48,1654.37,1584.78,-0.37,-6.15,808318,358843205.0,4.21,0.5
2018-10-09,1636.8,1641.36,1649.85,1622.17,-0.31,-5.12,409913,189626389.0,1.68,0.25
2018-10-10,1639.65,1619.65,1647.19,1617.14,-1.32,-21.71,261945,116982964.0,1.83,0.16
2018-10-11,1573.08,1467.56,1573.47,1458.26,-9.39,-152.09,729050,267325154.0,7.11,0.45
2018-10-12,1448.63,1419.54,1461.22,1371.13,-3.27,-48.02,521677,186522208.0,6.14,0.32
2018-10-15,1428.35,1378.11,1446.01,1378.11,-2.92,-41.43,288664,105923756.0,4.78,0.18
2018-10-16,1379.03,1316.74,1392.78,1309.37,-4.45,-61.37,570224,205857096.0,6.05,0.35
2018-10-17,1340.94,1341.85,1345.99,1312.79,1.91,25.11,376791,125891486.0,2.52,0.23
2018-10-18,1334.4,1313.78,1345.0,1313.78,-2.09,-28.07,395845,136072270.0,2.33,0.24
2018-10-19,1306.91,1386.88,1395.83,1300.43,5.56,73.1,628215,221802411.0,7.26,0.39
2018-10-22,1417.1,1501.53,1510.42,1417.1,8.27,114.65,866465,303207297.0,6.73,0.53
2018-10-23,1564.23,1516.52,1567.11,1494.2,1.0,14.99,2256650,1004615736.0,4.86,1.38
2018-10-24,1481.15,1520.51,1564.32,1481.15,0.26,3.99,1935282,808836939.0,5.48,1.19
2018-10-25,1471.5,1578.71,1586.98,1467.58,3.83,58.2,1796384,701896289.0,7.85,1.1
2018-10-26,1558.46,1551.6,1590.35,1539.8,-1.72,-27.11,1319807,524931305.0,3.2,0.81
2018-10-29,1537.31,1528.38,1564.72,1513.86,-1.5,-23.22,685203,264779529.0,3.28,0.42
2018-10-30,1530.59,1583.6,1618.33,1508.6,3.61,55.22,1574185,639212362.0,7.18,0.97
2018-10-31,1564.78,1569.88,1584.88,1551.74,-0.87,-13.72,1048189,427991068.0,2.09,0.64
2018-11-01,1570.65,1568.3,1622.39,1562.92,-0.1,-1.58,1207944,502469331.0,3.79,0.74
2018-11-02,1594.57,1598.96,1603.67,1576.63,1.95,30.66,1005358,413577627.0,1.72,0.62
2018-11-05,1601.93,1632.69,1646.06,1586.48,2.11,33.73,1377554,599168374.0,3.73,0.85
2018-11-06,1615.34,1615.11,1620.75,1587.38,-1.08,-17.58,956158,409763639.0,2.04,0.59
2018-11-07,1617.75,1600.35,1629.11,1596.12,-0.91,-14.76,776782,338682105.0,2.04,0.48
2018-11-08,1614.6,1578.28,1617.29,1577.51,-1.38,-22.07,742916,324475091.0,2.49,0.46
2018-11-09,1566.15,1568.41,1581.74,1562.91,-0.63,-9.87,518227,214416278.0,1.19,0.32
2018-11-12,1570.73,1610.71,1614.1,1562.54,2.7,42.3,527622,209278261.0,3.29,0.32
2018-11-13,1591.41,1706.44,1739.4,1591.41,5.94,95.73,2079613,898942059.0,9.19,1.28
2018-11-14,1685.81,1703.78,1737.12,1685.81,-0.16,-2.66,1326520,595361187.0,3.01,0.81
2018-11-15,1701.37,1735.79,1742.96,1693.74,1.88,32.01,1054156,464573549.0,2.89,0.65
2018-11-16,1734.49,1768.36,1802.62,1731.06,1.88,32.57,1561727,680664430.0,4.12,0.96
2018-11-19,1755.11,1769.34,1790.61,1741.92,0.06,0.98,1152534,507952572.0,2.75,0.71
2018-11-20,1755.02,1700.86,1758.75,1699.27,-3.87,-68.48,907859,379826377.0,3.36,0.56
2018-11-21,1679.41,1723.72,1730.24,1679.41,1.34,22.86,589632,248773671.0,2.99,0.36
2018-11-22,1733.17,1710.53,1737.12,1705.65,-0.77,-13.19,503800,207119158.0,1.83,0.31
2018-11-23,1710.53,1625.04,1717.48,1622.23,-5.0,-85.49,836338,337434944.0,5.57,0.51
2018-11-26,1619.54,1623.07,1644.56,1610.42,-0.12,-1.97,500540,204188319.0,2.1,0.31
2018-11-27,1642.96,1627.87,1645.51,1615.91,0.3,4.8,378085,150531727.0,1.82,0.23
2018-11-28,1632.0,1652.24,1652.24,1596.18,1.5,24.37,490043,195407145.0,3.44,0.3
2018-11-29,1658.21,1600.47,1660.81,1599.73,-3.13,-51.77,463081,183478192.0,3.7,0.28
2018-11-30,1597.79,1643.19,1646.19,1597.79,2.67,42.72,453192,188280655.0,3.02,0.28
2018-12-03,1683.91,1679.46,1702.56,1670.17,2.21,36.27,698680,283290679.0,1.97,0.43
2018-12-04,1669.78,1680.21,1684.69,1659.01,0.04,0.75,417937,170419282.0,1.53,0.26
2018-12-05,1637.75,1639.21,1656.01,1632.53,-2.44,-41.0,411406,159608050.0,1.4,0.25
2018-12-06,1638.51,1612.79,1642.58,1609.47,-1.61,-26.42,343430,136541399.0,2.02,0.21
2018-12-07,1613.97,1602.53,1624.76,1598.73,-0.64,-10.26,188832,72006609.0,1.61,0.12
2018-12-10,1591.32,1567.11,1595.06,1565.64,-2.21,-35.42,247033,94877362.0,1.84,0.15
2018-12-11,1582.46,1575.37,1586.55,1564.94,0.53,8.26,251689,97354006.0,1.38,0.15
2018-12-12,1582.48,1566.02,1595.53,1561.58,-0.59,-9.35,246961,92628027.0,2.16,0.15
2018-12-13,1587.57,1610.08,1629.96,1587.27,2.81,44.06,741293,281443863.0,2.73,0.45
2018-12-14,1589.72,1592.41,1638.46,1581.18,-1.1,-17.67,1232908,489752146.0,3.56,0.76
2018-12-17,1564.41,1563.91,1569.34,1527.53,-1.79,-28.5,759694,287269959.0,2.63,0.47
2018-12-18,1548.98,1566.5,1579.53,1543.19,0.17,2.59,553988,232787629.0,2.32,0.34
2018-12-19,1567.0,1539.9,1568.04,1533.84,-1.7,-26.6,340902,142560962.0,2.18,0.21
2018-12-20,1539.79,1569.47,1580.5,1528.19,1.92,29.57,595106,253099851.0,3.4,0.37
2018-12-21,1558.71,1544.61,1567.83,1538.16,-1.58,-24.86,375242,149236697.0,1.89,0.23
2018-12-24,1529.8,1533.01,1554.43,1521.89,-0.75,-11.6,360610,153475650.0,2.11,0.22
2018-12-25,1517.05,1474.89,1517.05,1447.94,-3.79,-58.12,744015,296610606.0,4.51,0.46
2018-12-26,1477.84,1479.64,1496.63,1473.69,0.32,4.75,365545,138249165.0,1.56,0.22
2018-12-27,1502.35,1449.22,1502.35,1445.46,-2.06,-30.42,361327,138813803.0,3.84,0.22
2018-12-28,1449.95,1464.24,1486.1,1449.95,1.04,15.02,367484,141454219.0,2.49,0.23
2019-01-02,1474.02,1465.77,1475.69,1457.95,0.1,1.53,242590,90637036.0,1.21,0.15
2019-01-03,1472.18,1484.5,1506.29,1462.44,1.28,18.73,477199,176271419.0,2.99,0.29
2019-01-04,1466.71,1598.76,1617.93,1462.71,7.7,114.26,1289815,472541481.0,10.46,0.79
2019-01-07,1636.29,1652.0,1656.83,1622.88,3.33,53.24,1008644,384224040.0,2.12,0.62
2019-01-08,1697.76,1650.13,1697.76,1631.28,-0.11,-1.87,1162160,460212069.0,4.02,0.71
2019-01-09,1632.38,1638.6,1679.57,1626.28,-0.7,-11.53,946940,363337765.0,3.23,0.58
2019-01-10,1635.39,1675.02,1690.4,1633.0,2.22,36.42,993574,397159206.0,3.5,0.61
2019-01-11,1715.25,1651.54,1715.25,1645.72,-1.4,-23.48,906172,370948529.0,4.15,0.56
2019-01-14,1643.14,1649.76,1661.44,1627.69,-0.11,-1.78,563932,215814970.0,2.04,0.35
2019-01-15,1640.43,1655.67,1670.58,1629.78,0.36,5.91,681200,262508602.0,2.47,0.42
2019-01-16,1649.15,1631.45,1664.02,1629.35,-1.46,-24.22,480433,187449519.0,2.09,0.29
2019-01-17,1626.6,1606.96,1633.95,1600.57,-1.5,-24.49,465954,178538004.0,2.05,0.29
2019-01-18,1608.15,1623.33,1632.58,1591.66,1.02,16.37,487053,185648024.0,2.55,0.3
2019-01-21,1631.14,1620.73,1641.55,1616.49,-0.16,-2.6,398246,151410511.0,1.54,0.24
2019-01-22,1620.03,1588.17,1622.63,1583.45,-2.01,-32.56,382947,148598399.0,2.42,0.23
2019-01-23,1583.75,1594.58,1594.58,1576.88,0.4,6.41,217733,80850583.0,1.11,0.13
2019-01-24,1581.96,1593.72,1608.62,1580.35,-0.05,-0.86,370496,137680722.0,1.77,0.23
2019-01-25,1595.14,1578.55,1602.67,1574.98,-0.95,-15.17,335206,123102966.0,1.74,0.21
2019-01-28,1577.35,1558.29,1589.78,1548.74,-1.28,-20.26,796446,308220805.0,2.6,0.49
2019-01-29,1551.38,1534.74,1551.38,1478.31,-1.51,-23.55,574795,201846250.0,4.69,0.35
2019-01-30,1523.51,1511.59,1549.32,1511.59,-1.51,-23.15,275960,98869343.0,2.46,0.17
2019-01-31,1492.54,1490.88,1527.29,1486.61,-1.37,-20.71,479085,171011604.0,2.69,0.29
2019-02-01,1501.85,1538.72,1539.37,1501.85,3.21,47.84,330164,115331706.0,2.52,0.2
2019-02-11,1543.85,1584.11,1585.94,1543.85,2.95,45.39,368193,133650083.0,2.74,0.23
2019-02-12,1587.32,1597.02,1614.42,1581.98,0.81,12.91,496810,180325190.0,2.05,0.3
2019-02-13,1596.35,1643.45,1651.13,1592.43,2.91,46.43,1089637,398549310.0,3.68,0.67
2019-02-14,1639.43,1639.9,1653.64,1628.02,-0.22,-3.55,562272,209959346.0,1.56,0.34
2019-02-15,1637.13,1634.14,1663.4,1629.94,-0.35,-5.76,631628,242381087.0,2.04,0.39
2019-02-18,1653.08,1758.91,1761.72,1653.08,7.64,124.77,1904125,686949705.0,6.65,1.17
2019-02-19,1857.25,1881.72,1889.04,1847.44,6.98,122.81,3019738,1106007475.0,2.37,1.85
2019-02-20,1901.96,1866.14,1937.0,1859.92,-0.83,-15.58,4134026,1867672966.0,4.1,2.54
2019-02-21,1871.7,1975.8,2000.76,1854.35,5.88,109.66,4814544,2184478993.0,7.85,2.95
2019-02-22,1975.13,2111.43,2111.43,1953.12,6.86,135.63,4979230,2378883981.0,8.01,3.05
2019-02-25,2239.24,2284.8,2286.56,2225.29,8.21,173.37,2165848,972640502.0,2.9,1.33
2019-02-26,2436.71,2449.41,2500.18,2427.65,7.2,164.61,5758348,3496464774.0,3.17,3.53
2019-02-27,2544.8,2555.75,2632.02,2496.08,4.34,106.34,7948053,6143647822.0,5.55,4.88
2019-02-28,2409.24,2394.63,2426.63,2374.63,-6.3,-161.12,1439210,762139741.0,2.03,0.88
2019-03-01,2282.42,2447.69,2523.01,2242.95,2.22,53.06,11531456,6749019365.0,11.7,7.07
2019-03-04,2384.41,2542.86,2622.52,2373.51,3.89,95.17,11001300,6951463184.0,10.17,6.75
2019-03-05,2471.25,2615.34,2641.01,2460.24,2.85,72.48,9947652,6316753633.0,7.11,6.1
2019-03-06,2580.53,2844.12,2860.2,2558.26,8.75,228.78,11033873,7665509550.0,11.54,6.77
2019-03-07,2823.97,2808.52,2961.02,2766.8,-1.25,-35.6,10807368,8122956967.0,6.83,6.63
2019-03-08,2600.35,2562.74,2704.72,2562.74,-8.75,-245.78,6595942,4348160858.0,5.06,4.05
2019-03-11,2554.25,2619.22,2623.51,2478.0,2.2,56.48,4562821,2907874773.0,5.68,2.8
2019-03-12,2718.36,2736.94,2772.14,2685.59,4.49,117.72,4942822,3243495306.0,3.3,3.03
2019-03-13,2708.07,2586.56,2727.3,2558.11,-5.49,-150.38,4628331,2862311616.0,6.18,2.84
2019-03-14,2517.47,2478.02,2563.68,2436.12,-4.2,-108.54,3204481,1907191208.0,4.93,1.97
2019-03-15,2514.44,2531.08,2570.27,2509.63,2.14,53.06,3332094,2052490971.0,2.45,2.04
2019-03-18,2528.6,2554.85,2558.37,2381.86,0.94,23.77,3246846,1937107168.0,6.97,1.99
2019-03-19,2509.02,2522.96,2582.58,2502.13,-1.25,-31.89,2628072,1608075424.0,3.15,1.61
2019-03-20,2499.1,2725.77,2737.85,2499.1,8.04,202.81,5675366,3534917920.0,9.46,3.48
2019-03-21,2735.32,2797.14,2930.88,2720.95,2.62,71.37,8364652,5601408816.0,7.7,5.13
2019-03-22,2752.38,2657.97,2780.06,2617.88,-4.98,-139.17,5257759,3283020608.0,5.8,3.23
2019-03-25,2595.12,2547.91,2662.49,2534.21,-4.14,-110.06,3986620,2397362080.0,4.83,2.45
2019-03-26,2555.8,2460.1,2568.5,2444.12,-3.45,-87.81,3433894,1959999248.0,4.88,2.11
2019-03-27,2476.51,2468.9,2494.95,2409.55,0.36,8.8,2902682,1660254240.0,3.47,1.78
2019-03-28,2424.36,2387.58,2472.92,2384.04,-3.29,-81.32,2218776,1258884656.0,3.6,1.36
2019-03-29,2380.24,2543.53,2560.31,2380.24,6.53,155.95,3992308,2360414400.0,7.54,2.45
2019-04-01,2621.31,2659.8,2693.82,2621.31,4.57,116.27,3871142,2361541158.0,2.85,2.37
2019-04-02,2748.2,2804.76,2899.42,2735.61,5.45,144.96,5714508,3658050540.0,6.16,3.51
2019-04-03,2885.54,2923.68,2939.45,2856.44,4.24,118.92,4215060,2645154432.0,2.96,2.59
2019-04-04,3034.33,2975.08,3043.8,2970.81,1.76,51.4,3125222,1977704915.0,2.5,1.92
2019-04-08,3077.24,3050.59,3092.39,3027.46,2.54,75.51,2996739,1852822509.0,2.18,1.84
2019-04-09,3130.96,3166.61,3200.16,3130.63,3.8,116.02,2232037,1366864116.0,2.28,1.37
2019-04-10,3248.74,3213.08,3256.35,3193.59,1.47,46.47,2000726,1237869808.0,1.98,1.23
2019-04-11,3307.23,3309.23,3361.85,3263.06,2.99,96.15,2320305,1402150835.0,3.07,1.42
2019-04-12,3398.98,3485.3,3499.68,3398.98,5.32,176.07,3351324,2047724505.0,3.04,2.06
2019-04-15,3672.07,3464.31,3672.07,3464.31,-0.6,-20.99,6030970,5303102688.0,5.96,3.7
2019-04-16,3351.51,3396.0,3425.55,3273.12,-1.97,-68.31,4279664,3401437328.0,4.4,2.63
2019-04-17,3415.62,3414.12,3460.63,3371.96,0.53,18.12,3708713,3117563360.0,2.61,2.28
2019-04-18,3343.38,3346.74,3400.92,3305.92,-1.97,-67.38,2804779,2344105472.0,2.78,1.72
2019-04-19,3365.74,3391.44,3453.91,3359.08,1.34,44.7,2755711,2490329600.0,2.83,1.69
2019-04-22,3381.94,3352.42,3444.43,3338.28,-1.15,-39.02,2950783,2566258192.0,3.13,1.81
2019-04-23,3294.32,3271.76,3343.67,3199.72,-2.41,-80.66,3216881,2417926912.0,4.29,1.97
2019-04-24,3229.66,3252.93,3261.98,3171.63,-0.58,-18.83,2765941,1927932128.0,2.76,1.7
2019-04-25,3255.06,3119.57,3277.76,3110.65,-4.1,-133.36,3317924,2186469184.0,5.14,2.04
2019-04-26,3066.34,2973.8,3089.3,2969.52,-4.67,-145.77,3047860,1903077312.0,3.84,1.87
2019-04-29,2963.19,2699.87,2963.19,2685.77,-9.21,-273.93,3057630,1770867952.0,9.33,1.88
2019-04-30,2694.42,2756.44,2794.3,2694.42,2.1,56.57,1182315,711546528.0,3.7,0.73
2019-05-06,2593.6,2549.95,2687.98,2506.13,-7.49,-206.49,2309970,1241697056.0,6.6,1.42
2019-05-07,2590.18,2627.14,2645.12,2562.06,3.03,77.19,1883023,1052624400.0,3.26,1.16
2019-05-08,2544.82,2646.23,2700.34,2544.82,0.73,19.09,1860815,1083373136.0,5.92,1.14
2019-05-09,2586.2,2615.23,2676.6,2586.2,-1.17,-31.0,1473844,843769371.0,3.42,0.9
2019-05-10,2652.99,2760.12,2787.25,2585.57,5.54,144.89,2818838,1609871664.0,7.71,1.73
2019-05-13,2716.5,2701.43,2747.11,2681.19,-2.13,-58.69,1525876,890820016.0,2.39,0.94
2019-05-14,2659.09,2687.08,2754.12,2659.09,-0.53,-14.35,1442463,851557085.0,3.52,0.88
2019-05-15,2719.56,2764.91,2787.47,2705.13,2.9,77.83,1828841,1120480192.0,3.06,1.12
2019-05-16,2743.2,2735.51,2777.84,2718.0,-1.06,-29.4,1547677,941710005.0,2.16,0.95
2019-05-17,2737.37,2555.95,2743.06,2530.95,-6.56,-179.56,2013655,1128570528.0,7.75,1.24
2019-05-20,2561.6,2603.75,2621.11,2526.6,1.87,47.8,1293583,705852095.0,3.7,0.79
2019-05-21,2599.71,2660.5,2713.07,2589.83,2.18,56.75,2072167,1094148739.0,4.73,1.27
2019-05-22,2664.07,2575.7,2664.96,2551.82,-3.19,-84.8,1600338,852075390.0,4.25,0.98
2019-05-23,2518.48,2527.24,2626.44,2511.37,-1.88,-48.46,1960828,1009257436.0,4.47,1.2
2019-05-24,2515.59,2561.2,2595.23,2515.59,1.34,33.96,1553487,805287655.0,3.15,0.95
2019-05-27,2567.1,2645.43,2652.29,2543.21,3.29,84.23,1908362,991473849.0,4.26,1.17
2019-05-28,2635.01,2621.08,2672.94,2603.96,-0.92,-24.35,1510071,829638890.0,2.61,0.93
2019-05-29,2610.49,2632.27,2677.95,2597.97,0.43,11.19,1642400,857388108.0,3.05,1.01
2019-05-30,2610.7,2554.67,2610.7,2522.29,-2.95,-77.6,1308352,699670355.0,3.36,0.8
2019-05-31,2570.68,2546.98,2612.44,2545.28,-0.3,-7.69,1011467,564238003.0,2.63,0.62
2019-06-03,2556.64,2490.78,2571.18,2486.94,-2.21,-56.2,1073774,576587097.0,3.31,0.66
2019-06-04,2490.78,2442.68,2508.58,2427.41,-1.93,-48.1,930579,493131497.0,3.26,0.57
2019-06-05,2480.69,2442.91,2482.55,2440.97,0.01,0.23,854229,437055607.0,1.7,0.52
2019-06-06,2443.62,2372.85,2443.62,2359.05,-2.87,-70.06,977220,486331700.0,3.46,0.6
2019-06-10,2355.98,2254.07,2362.25,2226.97,-5.01,-118.78,2066411,912639257.0,5.7,1.27
2019-06-11,2232.91,2434.18,2439.84,2232.91,7.99,180.11,2616436,1301264016.0,9.18,1.61
2019-06-12,2412.08,2394.53,2451.86,2388.4,-1.63,-39.65,1709342,882028039.0,2.61,1.05
2019-06-13,2418.99,2404.9,2433.75,2377.13,0.43,10.37,1239618,633152111.0,2.36,0.76
2019-06-14,2431.77,2352.84,2457.39,2346.61,-2.16,-52.06,1508746,742904349.0,4.61,0.93
2019-06-17,2342.56,2355.93,2387.77,2342.56,0.13,3.09,869092,424158220.0,1.92,0.53
2019-06-18,2364.05,2345.2,2374.99,2330.31,-0.46,-10.73,721254,352601481.0,1.9,0.44
2019-06-19,2487.65,2388.64,2487.65,2384.56,1.85,43.44,1778435,944550911.0,4.4,1.09
2019-06-20,2384.87,2579.61,2603.06,2371.12,7.99,190.97,4565917,2270437200.0,9.71,2.8
2019-06-21,2597.57,2705.74,2726.31,2588.99,4.89,126.13,5425607,2760018096.0,5.32,3.33
2019-06-24,2680.11,2631.17,2680.57,2615.65,-2.76,-74.57,1580681,786494084.0,2.4,0.97
2019-06-25,2581.02,2607.92,2607.92,2510.28,-0.88,-23.25,3453368,1788995595.0,3.71,2.12
2019-06-26,2524.33,2515.77,2554.59,2513.28,-3.53,-92.15,1815995,928109202.0,1.58,1.11
2019-06-27,2531.23,2554.01,2613.28,2531.23,1.52,38.24,2246944,1146430886.0,3.26,1.38
2019-06-28,2535.36,2496.31,2540.58,2475.27,-2.26,-57.7,1434722,737996016.0,2.56,0.88
2019-07-01,2586.25,2563.87,2598.52,2552.1,2.71,67.56,2368284,1214566105.0,1.86,1.45
2019-07-02,2561.08,2587.32,2600.78,2543.44,0.91,23.45,2205663,1132025958.0,2.24,1.35
2019-07-03,2589.42,2569.97,2610.62,2563.63,-0.67,-17.35,2189072,1097755657.0,1.82,1.34
2019-07-04,2579.43,2528.31,2585.25,2514.5,-1.62,-41.66,1428399,723121295.0,2.75,0.88
2019-07-05,2519.47,2539.31,2549.09,2497.25,0.44,11.0,1065038,538595870.0,2.05,0.65
2019-07-08,2528.31,2405.91,2528.31,2388.7,-5.25,-133.4,1636187,795600566.0,5.5,1.0
2019-07-09,2399.46,2418.75,2425.64,2360.02,0.53,12.84,1025060,492180080.0,2.73,0.63
2019-07-10,2419.0,2377.75,2427.42,2368.04,-1.7,-41.0,768020,377162705.0,2.45,0.47
2019-07-11,2399.21,2395.83,2442.32,2379.41,0.76,18.08,1008946,491376829.0,2.65,0.62
2019-07-12,2400.62,2410.48,2426.54,2379.28,0.61,14.65,860192,416950570.0,1.97,0.53
2019-07-15,2410.55,2477.05,2507.54,2371.66,2.76,66.57,1441382,706966028.0,5.64,0.88
2019-07-16,2474.1,2463.72,2489.17,2456.89,-0.54,-13.33,825614,414348991.0,1.3,0.51
2019-07-17,2456.16,2462.15,2485.95,2446.24,-0.06,-1.57,926961,456418570.0,1.61,0.57
2019-07-18,2435.73,2384.09,2437.57,2384.09,-3.17,-78.06,886611,428703815.0,2.17,0.54
2019-07-19,2395.79,2425.69,2483.31,2395.79,1.74,41.6,1196692,575152676.0,3.67,0.73
2019-07-22,2432.64,2350.14,2432.64,2341.56,-3.11,-75.55,1203498,574604066.0,3.75,0.74
2019-07-23,2348.11,2367.47,2372.63,2340.22,0.74,17.33,779439,368810922.0,1.38,0.48
2019-07-24,2374.34,2386.47,2427.11,2374.34,0.8,19.0,985679,467805298.0,2.23,0.6
2019-07-25,2380.01,2388.11,2401.39,2373.03,0.07,1.64,733929,348071252.0,1.19,0.45
2019-07-26,2376.51,2373.0,2380.83,2354.06,-0.63,-15.11,570019,271294297.0,1.12,0.35
2019-07-29,2370.31,2328.98,2370.31,2324.4,-1.86,-44.02,714607,333595907.0,1.93,0.44
2019-07-30,2352.39,2450.48,2506.76,2352.39,5.22,121.5,3521754,1680208650.0,6.63,2.16
2019-07-31,2430.36,2415.67,2432.65,2405.33,-1.42,-34.81,2053110,961214924.0,1.11,1.26
2019-08-01,2412.36,2406.38,2453.06,2396.89,-0.38,-9.29,1690911,800479159.0,2.33,1.04
2019-08-02,2340.98,2338.55,2365.2,2301.25,-2.82,-67.83,1518727,710549959.0,2.66,0.93
2019-08-05,2321.04,2285.78,2341.42,2281.74,-2.26,-52.77,1306629,593418527.0,2.55,0.8
2019-08-06,2213.95,2204.73,2235.88,2122.85,-3.55,-81.05,1762101,780200588.0,4.94,1.08
2019-08-07,2213.51,2177.78,2229.79,2177.78,-1.22,-26.95,843820,374933251.0,2.36,0.52
2019-08-08,2225.33,2199.94,2231.16,2195.38,1.02,22.16,861570,389693234.0,1.64,0.53
2019-08-09,2218.5,2157.56,2218.5,2151.16,-1.93,-42.38,751910,334840685.0,3.06,0.46
2019-08-12,2179.06,2240.43,2249.02,2179.06,3.84,82.87,1048397,494997284.0,3.24,0.64
2019-08-13,2207.56,2202.76,2215.67,2185.93,-1.68,-37.67,659294,302700183.0,1.33,0.4
2019-08-14,2242.11,2196.23,2245.07,2193.37,-0.3,-6.53,697973,321002500.0,2.35,0.43
2019-08-15,2135.78,2200.17,2203.61,2126.3,0.18,3.94,763953,340190057.0,3.52,0.47
2019-08-16,2191.97,2222.26,2252.1,2191.97,1.0,22.09,1074333,483020045.0,2.73,0.66
2019-08-19,2239.63,2356.3,2362.11,2231.5,6.03,134.04,2291670,1075571210.0,5.88,1.41
2019-08-20,2350.11,2311.84,2359.64,2304.62,-1.89,-44.46,1673278,788317716.0,2.34,1.03
2019-08-21,2303.1,2287.61,2312.32,2276.46,-1.05,-24.23,958777,444083798.0,1.55,0.59
2019-08-22,2299.53,2324.76,2325.35,2279.75,1.62,37.15,901190,447119875.0,1.99,0.55
2019-08-23,2320.77,2328.09,2367.97,2317.97,0.14,3.33,1571232,732601968.0,2.15,0.96
2019-08-26,2252.72,2291.01,2308.26,2252.72,-1.59,-37.08,1061620,484775542.0,2.39,0.65
2019-08-27,2315.69,2331.85,2361.75,2304.27,1.78,40.84,1290663,609121025.0,2.51,0.79
2019-08-28,2318.47,2342.28,2353.65,2316.09,0.45,10.43,871545,433215412.0,1.61,0.53
2019-08-29,2349.17,2323.29,2354.16,2314.24,-0.81,-18.99,794522,389718750.0,1.7,0.49
2019-08-30,2359.33,2290.48,2362.42,2261.47,-1.41,-32.81,1266941,594524142.0,4.35,0.78
2019-09-02,2254.11,2329.01,2346.11,2254.11,1.68,38.53,1378719,641985942.0,4.02,0.85
2019-09-03,2332.51,2344.29,2344.29,2305.6,0.66,15.28,1077564,503169637.0,1.66,0.66
2019-09-04,2325.94,2411.09,2411.09,2323.01,2.85,66.8,2191070,1051390146.0,3.76,1.34
2019-09-05,2426.57,2533.08,2605.11,2426.57,5.06,121.99,5552435,2808394368.0,7.4,3.41
2019-09-06,2526.43,2510.44,2530.91,2483.6,-0.89,-22.64,2904653,1459722982.0,1.87,1.78
2019-09-09,2549.76,2536.78,2554.05,2491.71,1.05,26.34,2541423,1281860750.0,2.48,1.56
2019-09-10,2523.32,2579.21,2601.54,2506.57,1.67,42.43,2426853,1291475616.0,3.74,1.49
2019-09-11,2610.22,2609.82,2672.91,2595.71,1.19,30.61,3101266,1668828240.0,2.99,1.9
2019-09-12,2622.06,2644.29,2649.24,2559.15,1.32,34.47,2196663,1167889090.0,3.45,1.35
2019-09-16,2638.37,2584.18,2638.37,2567.37,-2.27,-60.11,1618891,849324000.0,2.69,0.99
2019-09-17,2559.68,2504.2,2559.68,2490.24,-3.09,-79.98,1460822,753621592.0,2.69,0.9
2019-09-18,2506.11,2480.33,2516.0,2474.0,-0.95,-23.87,952637,478747593.0,1.68,0.58
2019-09-19,2484.65,2508.44,2509.73,2464.81,1.13,28.11,910435,454585682.0,1.81,0.56
2019-09-20,2507.05,2514.95,2528.69,2495.73,0.26,6.51,874906,460131880.0,1.31,0.54
2019-09-23,2491.46,2456.38,2491.46,2433.28,-2.33,-58.57,928341,446568729.0,2.31,0.57
2019-09-24,2536.24,2531.02,2562.57,2529.11,3.04,74.64,754213,366428391.0,1.36,0.46
2019-09-25,2605.89,2526.34,2605.89,2526.22,-0.18,-4.68,1981737,1434175032.0,3.15,1.22
2019-09-26,2519.12,2528.06,2589.37,2519.12,0.07,1.72,1700257,1161636909.0,2.78,1.04
2019-09-27,2508.43,2498.56,2523.25,2475.67,-1.17,-29.5,1115631,733233716.0,1.88,0.68
2019-09-30,2489.05,2402.89,2490.75,2402.89,-3.83,-95.67,807567,484281664.0,3.52,0.5
2019-10-08,2401.24,2358.96,2404.99,2358.96,-1.83,-43.93,722912,398714116.0,1.92,0.44
2019-10-09,2347.55,2404.89,2407.94,2337.64,1.95,45.93,721575,391289530.0,2.98,0.44
2019-10-10,2407.0,2406.51,2427.65,2376.76,0.07,1.62,876097,441591540.0,2.12,0.54
2019-10-11,2408.92,2441.0,2467.53,2361.33,1.43,34.49,1285823,658779804.0,4.41,0.79
2019-10-14,2467.45,2523.21,2578.98,2458.6,3.37,82.21,2169497,1146365520.0,4.93,1.33
2019-10-15,2501.82,2502.52,2529.08,2457.55,-0.82,-20.69,1442718,835472253.0,2.83,0.89
2019-10-16,2490.88,2489.57,2540.13,2484.82,-0.52,-12.95,1348141,739938889.0,2.21,0.83
2019-10-17,2502.71,2474.62,2538.51,2472.39,-0.6,-14.95,1486201,913637433.0,2.66,0.91
2019-10-18,2470.26,2389.66,2483.95,2379.72,-3.43,-84.96,1180517,675792036.0,4.21,0.72
2019-10-21,2379.07,2338.79,2379.07,2321.57,-2.13,-50.87,801329,444966190.0,2.41,0.49
2019-10-22,2342.37,2355.34,2355.41,2318.15,0.71,16.55,631460,330518057.0,1.59,0.39
2019-10-23,2352.12,2327.84,2360.43,2323.47,-1.17,-27.5,442787,228458217.0,1.57,0.27
2019-10-24,2329.3,2343.47,2358.72,2320.63,0.67,15.63,574955,283172283.0,1.64,0.35
2019-10-25,2343.84,2383.22,2384.3,2320.18,1.7,39.75,823100,404701046.0,2.74,0.5
2019-10-28,2371.73,2416.32,2427.12,2363.3,1.39,33.1,1042359,517438541.0,2.68,0.64
2019-10-29,2408.23,2341.25,2408.23,2341.25,-3.11,-75.07,839444,414452194.0,2.77,0.51
2019-10-30,2336.24,2302.56,2336.6,2292.42,-1.65,-38.69,774571,374074434.0,1.89,0.48
2019-10-31,2278.82,2280.85,2305.21,2276.18,-0.94,-21.71,560937,262706290.0,1.26,0.34
2019-11-01,2277.23,2324.12,2331.0,2273.7,1.9,43.27,764644,361026206.0,2.51,0.47
2019-11-04,2323.03,2314.69,2348.95,2307.79,-0.41,-9.43,600177,286218802.0,1.77,0.37
2019-11-05,2327.98,2346.85,2376.24,2315.67,1.39,32.16,1080182,497044294.0,2.62,0.66
2019-11-06,2346.69,2312.15,2347.44,2294.67,-1.48,-34.7,686969,321358869.0,2.25,0.42
2019-11-07,2309.66,2306.11,2333.1,2300.62,-0.26,-6.04,451594,213819773.0,1.4,0.28
2019-11-08,2322.51,2315.63,2351.26,2311.16,0.41,9.52,886413,398448065.0,1.74,0.54
2019-11-11,2302.91,2245.9,2302.91,2239.73,-3.01,-69.73,734263,343151890.0,2.73,0.45
2019-11-12,2243.06,2268.15,2268.15,2225.67,0.99,22.25,567163,259644222.0,1.89,0.35
2019-11-13,2274.32,2241.9,2274.32,2233.82,-1.16,-26.25,420637,190877850.0,1.79,0.26
2019-11-14,2242.33,2235.12,2253.39,2216.26,-0.3,-6.78,514997,226956475.0,1.66,0.32
2019-11-15,2227.55,2198.67,2231.48,2198.58,-1.63,-36.45,443446,204165001.0,1.47,0.27
2019-11-18,2203.69,2214.4,2226.04,2181.98,0.72,15.73,431767,193586311.0,2.0,0.26
2019-11-19,2209.08,2250.06,2255.49,2209.08,1.61,35.66,585332,274853297.0,2.1,0.36
2019-11-20,2254.63,2235.45,2276.94,2235.45,-0.65,-14.61,503902,254965946.0,1.84,0.31
2019-11-21,2227.09,2241.26,2247.85,2216.24,0.26,5.81,390093,186338669.0,1.41,0.24
2019-11-22,2245.98,2213.82,2261.3,2206.3,-1.22,-27.44,548923,250720824.0,2.45,0.34
2019-11-25,2221.46,2211.84,2221.46,2192.28,-0.09,-1.98,467458,203889577.0,1.32,0.29
2019-11-26,2206.06,2236.78,2259.24,2200.59,1.13,24.94,527364,271039107.0,2.65,0.32
2019-11-27,2231.78,2227.59,2235.23,2208.61,-0.41,-9.19,418015,208685222.0,1.19,0.26
2019-11-28,2216.57,2164.37,2222.87,2159.88,-2.84,-63.22,883119,362337301.0,2.83,0.54
2019-11-29,2169.73,2213.21,2222.44,2169.73,2.26,48.84,791396,333299337.0,2.44,0.49
2019-12-02,2225.05,2193.96,2235.13,2192.91,-0.87,-19.25,563091,244014002.0,1.91,0.35
2019-12-03,2173.62,2195.18,2196.23,2161.66,0.06,1.22,424165,182554911.0,1.58,0.26
2019-12-04,2184.63,2190.47,2202.07,2180.66,-0.21,-4.71,298220,129547766.0,0.98,0.18
2019-12-05,2194.19,2221.98,2239.87,2194.19,1.44,31.51,724058,321603249.0,2.09,0.44
2019-12-06,2218.27,2222.18,2224.05,2203.73,0.01,0.2,413946,184655677.0,0.91,0.25
2019-12-09,2223.19,2230.81,2234.9,2217.67,0.39,8.63,459413,220132433.0,0.78,0.28
2019-12-10,2225.01,2211.09,2226.05,2193.89,-0.88,-19.72,413436,191198424.0,1.44,0.25
2019-12-11,2209.02,2209.87,2229.39,2193.94,-0.06,-1.22,549501,245077785.0,1.6,0.34
2019-12-12,2225.74,2202.09,2236.65,2197.74,-0.35,-7.78,555540,291813509.0,1.76,0.34
2019-12-13,2216.39,2306.43,2321.9,2216.39,4.74,104.34,2086235,947717529.0,4.79,1.28
2019-12-16,2311.4,2340.76,2348.65,2281.82,1.49,34.33,1774916,813097912.0,2.9,1.09
2019-12-17,2328.76,2451.05,2529.65,2317.87,4.71,110.29,3708305,1766821200.0,9.05,2.27
2019-12-18,2419.2,2459.93,2476.47,2419.2,0.36,8.88,2593153,1282966112.0,2.34,1.59
2019-12-19,2484.38,2455.68,2499.76,2455.68,-0.17,-4.25,1636040,904568898.0,1.79,1.0
2019-12-20,2468.28,2437.92,2514.77,2437.92,-0.72,-17.76,1922393,984230832.0,3.13,1.18
2019-12-23,2420.59,2369.44,2475.71,2361.49,-2.81,-68.48,1473669,759589844.0,4.69,0.9
2019-12-24,2391.85,2401.65,2404.56,2361.9,1.36,32.21,945832,493945503.0,1.8,0.58
2019-12-25,2390.13,2407.39,2430.35,2375.8,0.24,5.74,745818,311823425.0,2.27,0.46
2019-12-26,2405.49,2412.26,2417.24,2349.0,0.2,4.87,1518350,836253296.0,2.83,0.93
2019-12-27,2401.68,2489.98,2602.42,2401.68,3.22,77.72,4863597,2432839088.0,8.32,2.98
2019-12-30,2419.67,2530.47,2577.7,2409.02,1.63,40.49,3679866,1807080608.0,6.77,2.26
2019-12-31,2528.15,2511.93,2541.25,2498.21,-0.73,-18.54,1934562,977621567.0,1.7,1.19
2020-01-02,2567.98,2512.51,2569.14,2505.11,0.02,0.58,2300123,1156473856.0,2.55,1.41
2020-01-03,2510.42,2515.97,2552.86,2492.7,0.14,3.46,2341527,1158467279.0,2.39,1.44
2020-01-06,2477.01,2490.19,2536.11,2464.61,-1.02,-25.78,2038834,996183631.0,2.84,1.25
2020-01-07,2496.83,2506.36,2514.26,2472.15,0.65,16.17,1695386,823582059.0,1.69,1.04
2020-01-08,2481.68,2410.65,2485.65,2408.78,-3.82,-95.71,1733390,846212440.0,3.07,1.06
2020-01-09,2446.58,2436.11,2467.04,2429.27,1.06,25.46,1132984,558149460.0,1.57,0.7
2020-01-10,2455.17,2434.97,2471.18,2425.44,-0.05,-1.14,921028,459233703.0,1.88,0.56
2020-01-13,2421.66,2458.06,2458.06,2397.72,0.95,23.09,1039046,497251245.0,2.48,0.64
2020-01-14,2459.13,2422.05,2463.42,2421.03,-1.46,-36.01,1080389,521749411.0,1.72,0.66
2020-01-15,2419.22,2388.0,2419.22,2376.52,-1.41,-34.05,906862,432860096.0,1.76,0.56
2020-01-16,2398.8,2361.75,2398.8,2356.94,-1.1,-26.25,711279,340777775.0,1.75,0.44
2020-01-17,2370.23,2372.61,2409.55,2365.62,0.46,10.86,810428,386219631.0,1.86,0.5
2020-01-20,2378.1,2402.21,2406.52,2353.43,1.25,29.6,795665,393374433.0,2.24,0.49
2020-01-21,2384.24,2357.41,2396.99,2357.41,-1.86,-44.8,798853,374464678.0,1.65,0.49
2020-01-22,2338.83,2367.77,2391.92,2309.46,0.44,10.36,884104,401253285.0,3.5,0.54
2020-01-23,2273.36,2222.32,2282.9,2205.21,-6.14,-145.45,963037,439537243.0,3.28,0.59
2020-02-03,2000.9,2000.9,2000.9,2000.9,-9.96,-221.42,207290,85692085.0,0.0,0.13
2020-02-04,1808.35,1868.07,1889.2,1808.35,-6.64,-132.83,1253719,509220705.0,4.04,0.77
2020-02-05,1844.64,1880.75,1931.69,1844.64,0.68,12.68,2481103,830600727.0,4.66,1.52
2020-02-06,1872.24,1914.88,1919.33,1847.32,1.81,34.13,2293441,776067826.0,3.83,1.41
2020-02-07,1939.84,1934.8,1950.16,1912.03,1.04,19.92,1550751,582495619.0,1.99,0.95
2020-02-10,1916.32,1967.61,1968.36,1909.52,1.7,32.81,1505616,542533804.0,3.04,0.92
2020-02-11,1972.46,1951.59,2007.16,1947.3,-0.81,-16.02,1608962,568180672.0,3.04,0.99
2020-02-12,1939.57,1972.1,1980.82,1928.27,1.05,20.51,1321636,470126538.0,2.69,0.81
2020-02-13,1965.45,1921.79,1978.39,1920.08,-2.55,-50.31,1223226,446787742.0,2.96,0.75
2020-02-14,1928.01,2017.46,2065.69,1928.01,4.98,95.67,3112124,1175842739.0,7.16,1.91
2020-02-17,2031.3,2090.51,2101.84,2028.87,3.62,73.05,2638617,1015701987.0,3.62,1.62
2020-02-18,2076.67,2084.92,2091.22,2049.12,-0.27,-5.59,1848169,726968734.0,2.01,1.13
2020-02-19,2078.8,2110.69,2155.38,2067.11,1.24,25.77,2494676,1001405828.0,4.23,1.53
2020-02-20,2098.93,2230.65,2265.32,2074.65,5.68,119.96,3788574,1539978559.0,9.03,2.32
2020-02-21,2201.48,2211.7,2278.2,2176.77,-0.85,-18.95,3168016,1354639680.0,4.55,1.94
2020-02-24,2182.16,2200.1,2222.51,2160.69,-0.52,-11.6,2336728,987766802.0,2.8,1.43
2020-02-25,2139.94,2160.19,2180.91,2082.06,-1.81,-39.91,2386428,1010349973.0,4.49,1.46
2020-02-26,2107.12,2112.72,2180.19,2107.12,-2.2,-47.47,2001080,824103477.0,3.38,1.23
2020-02-27,2136.42,2123.07,2160.13,2113.33,0.49,10.35,1557589,657721059.0,2.22,0.96
2020-02-28,2047.07,1985.28,2077.23,1985.28,-6.49,-137.79,2012400,782711587.0,4.33,1.23
2020-03-02,2007.88,2073.6,2091.46,2002.5,4.45,88.32,1353268,556692925.0,4.48,0.83
2020-03-03,2108.2,2082.12,2137.61,2065.51,0.41,8.52,1533800,651145524.0,3.48,0.94
2020-03-04,2064.14,2112.59,2112.59,2059.66,1.46,30.47,1349500,561799703.0,2.54,0.83
2020-03-05,2139.26,2249.38,2266.44,2123.59,6.47,136.79,3857116,1793588016.0,6.76,2.37
2020-03-06,2226.68,2217.16,2274.22,2205.91,-1.43,-32.22,2897728,1691676714.0,3.04,1.78
2020-03-09,2159.25,2138.74,2209.37,2133.76,-3.54,-78.42,2140286,1110194236.0,3.41,1.31
2020-03-10,2115.27,2184.57,2198.09,2077.6,2.14,45.83,2054529,1004339953.0,5.63,1.26
2020-03-11,2171.06,2111.67,2184.58,2111.67,-3.34,-72.9,1494964,732840990.0,3.34,0.92
2020-03-12,2098.23,2116.46,2146.83,2079.83,0.23,4.79,1292706,594432565.0,3.17,0.79
2020-03-13,2020.48,2120.16,2133.66,2020.48,0.17,3.7,1754978,889435412.0,5.35,1.08
2020-03-16,2120.51,2023.04,2148.8,2009.24,-4.58,-97.12,1529656,733005020.0,6.58,0.94
2020-03-17,2051.17,2003.41,2071.08,1931.57,-0.97,-19.63,1548730,654662701.0,6.9,0.95
2020-03-18,1992.83,1882.61,2003.2,1880.03,-6.03,-120.8,1640640,719401502.0,6.15,1.01
2020-03-19,1871.49,1846.28,1876.74,1799.63,-1.93,-36.33,1477184,573867920.0,4.1,0.91
2020-03-20,1864.13,1836.72,1865.88,1808.9,-0.52,-9.56,1026574,383099130.0,3.09,0.63
2020-03-23,1779.52,1778.41,1822.0,1763.73,-3.17,-58.31,1361179,459222472.0,3.17,0.84
2020-03-24,1825.09,1814.28,1825.09,1771.74,2.02,35.87,449779,212210883.0,3.0,0.28
2020-03-25,1852.45,1863.24,1875.63,1846.44,2.7,48.96,520913,245717572.0,1.61,0.32
2020-03-26,1843.47,1850.55,1879.73,1843.47,-0.68,-12.69,345616,170132392.0,1.95,0.21
2020-03-27,1868.79,1840.82,1881.24,1836.73,-0.53,-9.73,402560,196273545.0,2.41,0.25
2020-03-30,1813.01,1795.99,1813.01,1773.25,-2.44,-44.83,351357,163598082.0,2.16,0.22
2020-03-31,1824.23,1803.29,1841.89,1796.42,0.41,7.3,371905,170788193.0,2.53,0.23
2020-04-01,1802.26,1780.63,1824.27,1779.26,-1.26,-22.66,307706,137530171.0,2.5,0.19
2020-04-02,1769.87,1817.45,1817.45,1763.22,2.07,36.82,340333,149941885.0,3.05,0.21
2020-04-03,1810.98,1785.92,1813.73,1776.72,-1.73,-31.53,311113,133070209.0,2.04,0.19
2020-04-07,1817.82,1847.17,1852.46,1812.35,3.43,61.25,458835,209780607.0,2.25,0.28
2020-04-08,1832.67,1844.6,1859.24,1829.96,-0.14,-2.57,361699,163925664.0,1.59,0.22
2020-04-09,1849.62,1871.02,1897.58,1849.62,1.43,26.42,583505,263065490.0,2.6,0.36
2020-04-10,1865.48,1828.61,1865.74,1824.68,-2.27,-42.41,361082,160697577.0,2.19,0.22
2020-04-13,1823.48,1823.78,1837.06,1810.19,-0.26,-4.83,220105,98193733.0,1.47,0.14
2020-04-14,1831.65,1863.36,1869.89,1831.65,2.17,39.58,346199,158787979.0,2.1,0.21
2020-04-15,1871.34,1858.29,1888.54,1856.83,-0.27,-5.07,377005,174216387.0,1.7,0.23
2020-04-16,1855.77,1898.36,1899.62,1842.28,2.16,40.07,449117,234643161.0,3.09,0.28
2020-04-17,1919.48,1894.38,1936.65,1879.86,-0.21,-3.98,479015,253794204.0,2.99,0.29
2020-04-20,1915.45,1910.2,1920.66,1891.76,0.84,15.82,321188,175819543.0,1.53,0.2
2020-04-21,1904.86,1896.76,1908.59,1873.11,-0.7,-13.44,406603,199647425.0,1.86,0.25
2020-04-22,1878.55,1933.29,1942.33,1878.55,1.93,36.53,413980,234307192.0,3.36,0.25
2020-04-23,1928.0,1896.8,1928.0,1894.06,-1.89,-36.49,314661,166781603.0,1.76,0.19
2020-04-24,1899.5,1860.05,1900.66,1846.9,-1.94,-36.75,369623,181654758.0,2.83,0.23
2020-04-27,1865.23,1856.38,1880.99,1849.58,-0.2,-3.67,287334,137040878.0,1.69,0.18
2020-04-28,1861.73,1875.77,1882.42,1814.15,1.04,19.39,386291,195652754.0,3.68,0.24
2020-04-29,1834.27,1812.82,1853.03,1808.81,-3.36,-62.95,368498,206636958.0,2.36,0.23
2020-04-30,1830.02,1892.15,1892.15,1830.02,4.38,79.33,608149,264745650.0,3.43,0.37
2020-05-06,1884.17,1964.04,1969.33,1884.17,3.8,71.89,750436,383892297.0,4.5,0.46
2020-05-07,1950.53,1959.32,1979.23,1946.34,-0.24,-4.72,535579,302760611.0,1.67,0.33
2020-05-08,1968.89,1945.55,1983.43,1925.62,-0.7,-13.77,823217,432411029.0,2.95,0.5
2020-05-11,1944.25,1916.58,1948.25,1903.39,-1.49,-28.97,464292,242387922.0,2.31,0.28
2020-05-12,1912.59,1931.94,1938.54,1896.52,0.8,15.36,326305,174589837.0,2.19,0.2
2020-05-13,1913.66,1934.68,1948.77,1909.64,0.14,2.74,306052,181516311.0,2.03,0.19
2020-05-14,1912.2,1894.07,1922.63,1890.06,-2.1,-40.61,330279,170445663.0,1.68,0.2
2020-05-15,1924.18,1908.29,1924.18,1896.66,0.75,14.22,281835,152628878.0,1.45,0.17
2020-05-18,1908.79,1879.3,1913.32,1875.28,-1.52,-28.99,375677,183414764.0,1.99,0.23
2020-05-19,1899.13,1887.31,1903.12,1876.71,0.43,8.01,271563,132405522.0,1.41,0.17
2020-05-20,1880.69,1862.17,1883.31,1854.24,-1.33,-25.14,278575,141218061.0,1.54,0.17
2020-05-21,1871.45,1850.23,1875.41,1847.58,-0.64,-11.94,309137,139141973.0,1.49,0.19
2020-05-22,1846.21,1795.91,1848.95,1795.91,-2.94,-54.32,309257,138088162.0,2.87,0.19
2020-05-25,1798.59,1789.27,1809.25,1782.69,-0.37,-6.64,188387,82445415.0,1.48,0.12
2020-05-26,1794.63,1811.87,1814.62,1794.63,1.26,22.6,189464,83169861.0,1.12,0.12
2020-05-27,1811.92,1804.13,1828.0,1797.45,-0.43,-7.74,240758,106643147.0,1.69,0.15
2020-05-28,1804.13,1824.05,1850.55,1793.63,1.1,19.92,383825,158200900.0,3.15,0.24
2020-05-29,1812.12,1797.54,1822.73,1797.54,-1.45,-26.51,236997,107115697.0,1.38,0.15
2020-06-01,1787.36,1815.62,1820.88,1787.36,1.01,18.08,734177,286990125.0,1.86,0.45
2020-06-02,1780.79,1779.93,1788.52,1774.8,-1.97,-35.69,385726,157048674.0,0.76,0.24
2020-06-03,1756.99,1740.88,1763.7,1740.88,-2.19,-39.05,425097,170606018.0,1.28,0.26
2020-06-04,1717.02,1700.38,1717.9,1698.73,-2.33,-40.5,523234,167796874.0,1.1,0.32
2020-06-05,1677.04,1685.6,1721.81,1672.19,-0.87,-14.78,2171155,497069686.0,2.92,1.33
2020-06-08,1673.09,1654.1,1685.65,1652.5,-1.87,-31.5,1541892,346151108.0,1.97,0.95
2020-06-09,1645.35,1630.24,1650.42,1628.61,-1.44,-23.86,1280609,302035671.0,1.32,0.79
2020-06-10,1621.99,1647.19,1650.35,1594.4,1.04,16.95,1607349,342594840.0,3.43,0.99
2020-06-11,1645.05,1660.58,1684.54,1640.61,0.81,13.39,1501844,369572836.0,2.67,0.92
2020-06-12,1629.21,1668.26,1676.37,1629.21,0.46,7.68,1286245,363435461.0,2.84,0.79
2020-06-15,1650.71,1644.39,1670.31,1644.39,-1.43,-23.87,784297,223184270.0,1.55,0.48
2020-06-16,1652.8,1658.56,1672.61,1652.48,0.86,14.17,597775,168248076.0,1.22,0.37
2020-06-17,1657.28,1680.4,1682.03,1643.13,1.32,21.84,604574,168600392.0,2.35,0.37
2020-06-18,1694.34,1717.36,1724.71,1694.34,2.2,36.96,717699,216857761.0,1.81,0.44
2020-06-19,1739.35,1742.36,1756.32,1716.28,1.46,25.0,1794248,530826453.0,2.33,1.1
2020-06-22,1736.96,1741.88,1789.92,1728.9,-0.03,-0.48,1595893,536462629.0,3.5,0.98
2020-06-23,1732.16,1770.87,1770.93,1719.87,1.66,28.99,1028028,317708269.0,2.93,0.63
2020-06-24,1763.41,1788.3,1795.68,1762.72,0.98,17.43,1013677,312286929.0,1.86,0.62
2020-06-29,1783.37,1756.75,1786.51,1751.1,-1.76,-31.55,846188,276843402.0,1.98,0.52
2020-06-30,1756.63,1773.66,1778.5,1738.21,0.96,16.91,1227398,410494227.0,2.29,0.75
2020-07-01,1778.62,1770.77,1790.88,1754.25,-0.16,-2.89,1115326,382699854.0,2.07,0.68
2020-07-02,1773.04,1848.35,1861.04,1769.0,4.38,77.58,2020147,808830708.0,5.2,1.24
2020-07-03,1859.13,1926.09,1937.66,1821.98,4.21,77.74,3039837,1357091222.0,6.26,1.86
2020-07-06,1953.72,2024.36,2038.99,1931.9,5.1,98.27,3630756,1757241449.0,5.56,2.23
2020-07-07,2046.15,1984.73,2046.15,1961.77,-1.96,-39.63,3420079,1643963528.0,4.17,2.1
2020-07-08,1962.87,2023.62,2050.98,1962.87,1.96,38.89,3230358,1566288508.0,4.44,1.98
2020-07-09,2000.3,2068.5,2081.17,1977.78,2.22,44.88,3188836,1471581721.0,5.11,1.96
2020-07-10,2045.19,2062.22,2107.49,2037.39,-0.3,-6.28,2653837,1307971126.0,3.39,1.63
2020-07-13,2071.2,2076.12,2103.66,2030.13,0.67,13.9,2485764,1235104288.0,3.57,1.52
2020-07-14,2060.51,2067.64,2089.57,2017.73,-0.41,-8.48,2584761,1262718876.0,3.46,1.59
2020-07-15,2082.87,2061.19,2141.9,2003.79,-0.31,-6.45,3288202,1603419289.0,6.68,2.02
2020-07-16,2060.19,1940.79,2083.75,1940.79,-5.84,-120.4,2605537,1260835718.0,6.94,1.6
2020-07-17,1955.01,1891.97,1967.49,1877.94,-2.52,-48.82,1694462,763897392.0,4.61,1.04
2020-07-20,1909.46,1971.73,1974.77,1903.9,4.22,79.76,1615443,741313242.0,3.75,0.99
2020-07-21,1961.48,1950.12,1987.23,1940.0,-1.1,-21.61,1197287,554663732.0,2.4,0.73
2020-07-22,1959.46,1959.54,1998.6,1937.52,0.48,9.42,1518596,707306506.0,3.13,0.93
2020-07-23,1937.44,1921.69,1958.57,1887.89,-1.93,-37.85,1354637,627356310.0,3.61,0.83
2020-07-24,1911.37,1807.16,1926.2,1807.16,-5.96,-114.53,1623310,691222339.0,6.19,1.0
2020-07-27,1804.91,1767.44,1812.96,1754.69,-2.2,-39.72,857962,326985230.0,3.22,0.53
2020-07-28,1765.07,1797.99,1810.62,1765.07,1.73,30.55,704656,277150867.0,2.58,0.43
2020-07-29,1802.51,1842.81,1848.37,1788.54,2.49,44.82,1125077,449978370.0,3.33,0.69
2020-07-30,1836.58,1814.0,1841.62,1811.63,-1.56,-28.81,817920,337762783.0,1.63,0.5
2020-07-31,1811.63,1835.38,1856.76,1811.63,1.18,21.38,1001558,428493487.0,2.49,0.61
2020-08-03,1861.04,1886.03,1887.95,1847.88,2.76,50.65,1610406,707570752.0,2.18,0.99
2020-08-04,1873.18,1870.51,1889.89,1860.88,-0.82,-15.52,1174884,508116330.0,1.54,0.72
2020-08-05,1859.4,1864.34,1872.71,1849.08,-0.33,-6.17,914526,376573462.0,1.26,0.56
2020-08-06,1862.27,1866.64,1875.24,1824.89,0.12,2.3,1114635,465531897.0,2.7,0.68
2020-08-07,1853.89,1828.06,1853.89,1802.07,-2.07,-38.58,960551,408104895.0,2.78,0.59
2020-08-10,1814.63,1822.5,1842.18,1807.09,-0.3,-5.56,775687,321472236.0,1.92,0.48
2020-08-11,1820.99,1792.28,1838.1,1786.98,-1.66,-30.22,871837,368136806.0,2.8,0.53
2020-08-12,1787.5,1781.83,1789.98,1757.47,-0.58,-10.45,733727,293935161.0,1.81,0.45
2020-08-13,1786.49,1800.04,1813.25,1778.66,1.02,18.21,625502,248076409.0,1.94,0.38
2020-08-14,1792.05,1818.58,1820.86,1781.55,1.03,18.54,603274,259973280.0,2.18,0.37
2020-08-17,1828.69,1862.39,1896.72,1826.63,2.41,43.81,1665561,804458233.0,3.85,1.02
2020-08-18,1859.16,1848.89,1863.87,1843.49,-0.72,-13.5,1112434,515290574.0,1.09,0.68
2020-08-19,1849.39,1825.74,1856.73,1823.17,-1.25,-23.15,904347,397577688.0,1.82,0.55
2020-08-20,1822.52,1820.73,1840.02,1809.83,-0.27,-5.01,811654,346886461.0,1.65,0.5
2020-08-21,1826.03,1826.75,1839.24,1811.24,0.33,6.02,604860,254191322.0,1.54,0.37
2020-08-24,1818.78,1812.6,1824.99,1808.53,-0.77,-14.15,595986,249130741.0,0.9,0.37
2020-08-25,1815.7,1827.66,1849.34,1815.7,0.83,15.06,956981,338751169.0,1.86,0.59
2020-08-26,1823.7,1780.31,1823.7,1771.56,-2.59,-47.35,893754,341232546.0,2.85,0.55
2020-08-27,1774.67,1784.31,1790.42,1770.21,0.22,4.0,475285,186998391.0,1.14,0.29
2020-08-28,1779.79,1804.09,1808.74,1775.14,1.11,19.78,580731,236425673.0,1.88,0.36
2020-08-31,1804.09,1801.94,1842.1,1801.12,-0.12,-2.15,820944,323626028.0,2.27,0.5
2020-09-01,1798.63,1815.92,1819.91,1796.31,0.78,13.98,568302,199382008.0,1.31,0.35
2020-09-02,1810.55,1806.34,1816.76,1790.74,-0.53,-9.58,527285,204560001.0,1.43,0.32
2020-09-03,1807.14,1802.4,1822.74,1796.21,-0.22,-3.94,603617,220726213.0,1.47,0.37
2020-09-04,1780.5,1818.06,1821.13,1775.61,0.87,15.66,768131,247531823.0,2.53,0.47
2020-09-07,1822.08,1815.29,1849.82,1807.65,-0.15,-2.77,1053045,337723779.0,2.32,0.65
2020-09-08,1809.86,1803.93,1814.7,1781.38,-0.63,-11.36,908717,299322260.0,1.84,0.56
2020-09-09,1790.56,1803.92,1826.17,1790.26,0.0,-0.01,746721,266768441.0,1.99,0.46
2020-09-10,1818.12,1745.44,1818.12,1745.44,-3.24,-58.48,713654,253327678.0,4.03,0.44
2020-09-11,1741.31,1765.79,1770.34,1741.31,1.17,20.35,378197,136211421.0,1.66,0.23
2020-09-14,1767.31,1754.78,1772.76,1753.04,-0.62,-11.01,382827,137626558.0,1.12,0.23
2020-09-15,1758.62,1769.74,1772.33,1755.95,0.85,14.96,340492,128384816.0,0.93,0.21
2020-09-16,1765.61,1767.65,1777.17,1759.04,-0.12,-2.09,296381,107638209.0,1.02,0.18
2020-09-17,1767.46,1753.31,1767.65,1746.99,-0.81,-14.34,326791,122930995.0,1.17,0.2
2020-09-18,1759.82,1809.45,1809.45,1753.89,3.2,56.14,734589,295465640.0,3.17,0.45
2020-09-21,1824.32,1790.52,1825.19,1785.14,-1.05,-18.93,574502,229514269.0,2.21,0.35
2020-09-22,1770.54,1778.06,1811.87,1770.54,-0.7,-12.46,586389,232536621.0,2.31,0.36
2020-09-23,1780.9,1770.12,1782.8,1765.2,-0.45,-7.94,301286,113878537.0,0.99,0.18
2020-09-24,1763.68,1729.89,1766.71,1729.89,-2.27,-40.23,460224,160076614.0,2.08,0.28
2020-09-25,1733.96,1739.54,1746.44,1727.06,0.56,9.65,312437,116381233.0,1.12,0.19
2020-09-28,1732.07,1728.16,1746.09,1724.95,-0.65,-11.38,229815,81975937.0,1.22,0.14
2020-09-29,1735.7,1746.61,1748.8,1726.61,1.07,18.45,295313,100917795.0,1.28,0.18
2020-09-30,1751.97,1745.66,1764.62,1741.79,-0.05,-0.95,392668,128384546.0,1.31,0.24
2020-10-09,1762.35,1763.94,1773.42,1755.33,1.05,18.28,326726,115685692.0,1.04,0.2
2020-10-12,1770.29,1803.2,1809.63,1769.21,2.23,39.26,603564,242201423.0,2.29,0.37
2020-10-13,1791.36,1780.55,1793.92,1774.96,-1.26,-22.65,413221,151115317.0,1.05,0.25
2020-10-14,1785.2,1777.45,1790.48,1770.33,-0.17,-3.1,354298,128634102.0,1.13,0.22
2020-10-15,1773.39,1764.58,1788.25,1760.71,-0.72,-12.87,302728,115087213.0,1.55,0.19
2020-10-16,1767.22,1768.15,1781.9,1756.5,0.2,3.57,336425,127644002.0,1.44,0.21
2020-10-19,1774.01,1759.4,1782.53,1753.17,-0.49,-8.75,319297,122113988.0,1.66,0.2
2020-10-20,1754.64,1755.8,1758.18,1739.22,-0.2,-3.6,250620,85637271.0,1.08,0.15
2020-10-21,1752.78,1741.58,1755.58,1733.83,-0.81,-14.22,226347,81635491.0,1.24,0.14
2020-10-22,1737.27,1737.7,1743.31,1728.64,-0.22,-3.88,273945,97321828.0,0.84,0.17
2020-10-23,1736.2,1724.55,1746.53,1724.55,-0.76,-13.15,227940,83557381.0,1.26,0.14
2020-10-26,1727.59,1707.22,1732.82,1697.96,-1.0,-17.33,325816,129795545.0,2.02,0.2
2020-10-27,1702.7,1691.54,1707.45,1681.83,-0.92,-15.68,294941,107308649.0,1.5,0.18
2020-10-28,1690.68,1685.33,1693.76,1666.64,-0.37,-6.21,372325,124009226.0,1.6,0.23
2020-10-29,1676.43,1694.93,1707.38,1671.47,0.57,9.6,355332,130475020.0,2.13,0.22
2020-10-30,1694.22,1661.32,1710.04,1659.13,-1.98,-33.61,390858,137094094.0,3.0,0.24
2020-11-02,1659.24,1636.51,1663.72,1631.67,-1.49,-24.81,474264,137166281.0,1.93,0.29
2020-11-03,1616.98,1657.43,1662.38,1616.38,1.28,20.92,419369,130031880.0,2.81,0.26
2020-11-04,1654.18,1631.43,1656.86,1625.15,-1.57,-26.0,428011,121189510.0,1.91,0.26
2020-11-05,1640.9,1646.12,1648.59,1628.82,0.9,14.69,401204,123667678.0,1.21,0.25
2020-11-06,1645.29,1615.25,1646.95,1608.27,-1.88,-30.87,534115,146128460.0,2.35,0.33
2020-11-09,1603.56,1617.73,1629.02,1596.66,0.15,2.48,990575,276242271.0,2.0,0.61
2020-11-10,1605.98,1591.46,1623.14,1588.97,-1.62,-26.27,532076,171826048.0,2.11,0.33
2020-11-11,1587.38,1546.87,1587.38,1544.64,-2.8,-44.59,445565,134755871.0,2.69,0.27
2020-11-12,1534.33,1564.99,1568.6,1511.76,1.17,18.12,850716,171621368.0,3.67,0.52
2020-11-13,1538.25,1536.46,1563.11,1529.37,-1.82,-28.53,540657,127099868.0,2.16,0.33
2020-11-16,1532.28,1510.81,1532.28,1499.05,-1.67,-25.65,692704,299207346.0,2.16,0.42
2020-11-17,1505.72,1505.79,1517.75,1497.1,-0.33,-5.02,387420,135497455.0,1.37,0.24
2020-11-18,1498.97,1512.14,1518.61,1498.97,0.42,6.35,419773,146918818.0,1.3,0.26
2020-11-19,1502.55,1538.35,1540.56,1502.55,1.73,26.21,460172,134712490.0,2.51,0.28
2020-11-20,1536.96,1551.04,1555.23,1527.13,0.82,12.69,527782,142155699.0,1.83,0.32
2020-11-23,1543.14,1557.18,1573.32,1526.46,0.4,6.14,702232,243238769.0,3.02,0.43
2020-11-24,1550.45,1541.03,1555.4,1537.7,-1.04,-16.15,426973,148060931.0,1.14,0.26
2020-11-25,1540.47,1535.73,1561.86,1533.16,-0.34,-5.3,451788,157885159.0,1.86,0.28
2020-11-26,1539.7,1548.57,1572.16,1534.68,0.84,12.84,545086,241694847.0,2.44,0.33
2020-11-27,1538.76,1542.8,1544.66,1517.04,-0.37,-5.77,558247,212475095.0,1.78,0.34
2020-11-30,1524.79,1536.6,1571.62,1524.79,-0.4,-6.2,1015732,456896655.0,3.04,0.62
2020-12-01,1526.21,1564.15,1589.7,1516.05,1.79,27.55,1561213,663473641.0,4.79,0.96
2020-12-02,1558.03,1564.49,1569.77,1542.51,0.02,0.34,1201403,544515832.0,1.74,0.74
2020-12-03,1564.65,1604.26,1614.67,1564.65,2.54,39.77,1511901,693319770.0,3.2,0.93
2020-12-04,1597.69,1589.55,1597.69,1573.8,-0.92,-14.71,790801,340831330.0,1.49,0.49
2020-12-07,1588.19,1553.76,1588.19,1553.24,-2.25,-35.79,649958,280801168.0,2.2,0.4
2020-12-08,1551.56,1537.07,1557.33,1533.91,-1.07,-16.69,439044,189086062.0,1.51,0.27
2020-12-09,1537.91,1513.05,1550.11,1513.05,-1.56,-24.02,478647,192578680.0,2.41,0.29
2020-12-10,1511.7,1510.85,1520.92,1502.21,-0.15,-2.2,394946,161248756.0,1.24,0.24
2020-12-11,1512.21,1467.52,1513.05,1455.0,-2.87,-43.33,719548,294703766.0,3.84,0.44
2020-12-14,1471.87,1436.69,1474.03,1434.03,-2.1,-30.83,511804,160820848.0,2.73,0.31
2020-12-15,1417.79,1402.98,1435.39,1399.98,-2.35,-33.71,635947,168214021.0,2.46,0.39
2020-12-16,1400.54,1361.26,1407.21,1361.26,-2.97,-41.72,545540,177801593.0,3.28,0.33
2020-12-17,1366.74,1399.42,1400.27,1366.74,2.8,38.16,516517,183417524.0,2.46,0.32
2020-12-18,1417.8,1421.24,1427.57,1414.44,1.56,21.82,295103,125812043.0,0.94,0.18
2020-12-21,1465.6,1494.84,1498.65,1457.42,5.18,73.6,559989,284043886.0,2.9,0.34
2020-12-22,1523.61,1482.32,1541.17,1482.32,-0.84,-12.52,1148560,544080297.0,3.94,0.7
2020-12-23,1503.3,1514.0,1533.82,1490.26,2.14,31.68,1587507,462155529.0,2.94,0.97
2020-12-24,1501.79,1521.21,1544.12,1501.79,0.48,7.21,996166,345284329.0,2.8,0.61
2020-12-25,1544.41,1543.59,1579.66,1538.55,1.47,22.38,1721862,501565814.0,2.7,1.06
2020-12-28,1554.64,1531.87,1565.04,1518.92,-0.76,-11.72,1017896,341846456.0,2.99,0.62
2020-12-29,1530.26,1497.77,1541.41,1492.74,-2.23,-34.1,862646,296241254.0,3.18,0.53
2020-12-30,1493.51,1491.3,1510.7,1479.88,-0.43,-6.47,693453,230784305.0,2.06,0.43
2020-12-31,1499.06,1532.9,1555.58,1496.11,2.79,41.6,1293513,473327834.0,3.99,0.79
2021-01-04,1532.74,1536.26,1545.7,1515.04,0.22,3.36,1006406,387336750.0,2.0,0.62
2021-01-05,1527.69,1511.05,1531.06,1491.65,-1.64,-25.21,838872,302429211.0,2.57,0.51
2021-01-06,1520.59,1505.73,1524.77,1489.03,-0.35,-5.32,754802,291804035.0,2.37,0.46
2021-01-07,1500.0,1471.19,1507.2,1451.48,-2.29,-34.54,852656,326618975.0,3.7,0.52
2021-01-08,1462.96,1492.55,1500.81,1440.43,1.45,21.36,688624,211364459.0,4.1,0.42
2021-01-11,1509.38,1471.55,1509.38,1468.14,-1.41,-21.0,874781,278520517.0,2.76,0.54
2021-01-12,1477.83,1501.86,1510.59,1475.09,2.06,30.31,1223755,329490814.0,2.41,0.75
2021-01-13,1499.96,1464.73,1499.96,1458.63,-2.47,-37.13,781416,244839632.0,2.75,0.48
2021-01-14,1455.14,1476.27,1489.89,1455.14,0.79,11.54,573221,167311811.0,2.37,0.35
2021-01-15,1490.11,1543.35,1550.36,1490.11,4.54,67.08,698700,262566474.0,4.08,0.43
2021-01-18,1563.94,1547.17,1580.25,1541.84,0.25,3.82,1168768,462479000.0,2.49,0.72
2021-01-19,1546.54,1561.74,1587.97,1541.77,0.94,14.57,1173797,524177516.0,2.99,0.72
2021-01-20,1566.44,1554.25,1567.68,1542.46,-0.48,-7.49,618014,249458003.0,1.61,0.38
2021-01-21,1557.38,1552.8,1573.66,1541.77,-0.09,-1.45,728549,291803027.0,2.05,0.45
2021-01-22,1553.4,1544.14,1560.76,1534.22,-0.56,-8.66,633065,287147788.0,1.71,0.39
2021-01-25,1541.95,1514.48,1544.41,1507.1,-1.92,-29.66,665863,272944547.0,2.42,0.41
2021-01-26,1510.58,1493.85,1518.37,1489.77,-1.36,-20.63,457890,183597484.0,1.89,0.28
2021-01-27,1492.2,1482.42,1505.06,1477.65,-0.77,-11.43,402646,166784277.0,1.83,0.25
2021-01-28,1470.14,1509.92,1518.45,1470.14,1.86,27.5,632808,235480132.0,3.26,0.39
2021-01-29,1506.82,1501.49,1523.98,1483.59,-0.56,-8.43,585774,200169713.0,2.67,0.36
2021-02-01,1482.61,1483.04,1500.34,1470.53,-1.23,-18.45,651747,198609292.0,1.99,0.4
2021-02-02,1485.95,1485.04,1498.12,1467.67,0.13,2.0,413727,139038359.0,2.05,0.25
2021-02-03,1478.4,1488.95,1509.99,1477.79,0.26,3.91,729182,199393087.0,2.17,0.45
2021-02-04,1496.47,1511.5,1539.38,1471.34,1.51,22.55,951885,320265757.0,4.57,0.58
2021-02-05,1513.39,1525.56,1545.81,1513.39,0.93,14.06,905875,250007178.0,2.14,0.56
2021-02-08,1550.64,1527.79,1550.64,1501.87,0.15,2.23,736259,188783015.0,3.2,0.45
2021-02-09,1533.2,1569.25,1574.69,1526.98,2.71,41.46,634577,192163191.0,3.12,0.39
2021-02-10,1588.53,1589.67,1600.23,1586.91,1.3,20.42,409864,136263300.0,0.85,0.25
2021-02-18,1626.71,1622.84,1638.67,1590.39,2.09,33.17,1034508,280836719.0,3.04,0.63
2021-02-19,1617.37,1663.42,1663.42,1611.4,2.5,40.58,635557,220335862.0,3.21,0.39
2021-02-22,1665.99,1694.75,1722.79,1657.95,1.88,31.33,1031585,365937562.0,3.9,0.63
2021-02-23,1698.3,1716.86,1730.36,1695.41,1.3,22.11,841956,272510064.0,2.06,0.52
2021-02-24,1736.05,1745.81,1761.74,1736.05,1.69,28.95,468655,190686859.0,1.5,0.29
2021-02-25,1780.56,1732.94,1781.54,1723.55,-0.74,-12.87,1548695,458387122.0,3.32,0.95
2021-02-26,1701.64,1693.02,1725.84,1684.92,-2.3,-39.92,902397,331282431.0,2.36,0.55
2021-03-01,1686.42,1706.71,1721.16,1678.08,0.81,13.69,1001335,354220674.0,2.54,0.61
2021-03-02,1725.53,1785.49,1790.52,1725.53,4.62,78.78,898523,299337136.0,3.81,0.55
2021-03-03,1843.67,1813.77,1843.67,1794.41,1.58,28.28,2131949,1271238429.0,2.76,1.31
2021-03-04,1810.21,1831.7,1847.88,1807.85,0.99,17.93,1875841,1089192265.0,2.21,1.15
2021-03-05,1805.37,1838.65,1885.94,1805.37,0.38,6.95,1798455,907814377.0,4.4,1.1
2021-03-08,1851.71,1818.7,1866.64,1815.97,-1.09,-19.95,1649706,778285418.0,2.76,1.01
2021-03-09,1793.58,1758.19,1804.58,1726.6,-3.33,-60.51,1315516,615556608.0,4.29,0.81
2021-03-10,1759.05,1819.51,1840.3,1745.92,3.49,61.32,2209522,1267024680.0,5.37,1.36
2021-03-11,1813.76,1835.87,1854.58,1804.14,0.9,16.36,2170395,1373498470.0,2.77,1.33
2021-03-12,1830.55,1898.49,1920.2,1830.55,3.41,62.62,2589423,1744509260.0,4.88,1.59
2021-03-15,1871.86,1827.94,1872.08,1811.01,-3.72,-70.55,2081796,1286016413.0,3.22,1.28
2021-03-16,1813.0,1862.24,1866.64,1813.0,1.88,34.3,1887897,1190777737.0,2.93,1.16
2021-03-17,1847.88,1847.8,1852.32,1822.38,-0.78,-14.44,1307083,786318290.0,1.61,0.8
2021-03-18,1868.82,1858.97,1898.53,1855.5,0.6,11.17,1783169,1181486293.0,2.33,1.09
2021-03-19,1827.51,1833.73,1873.98,1815.43,-1.36,-25.24,1656236,1033119631.0,3.15,1.02
2021-03-22,1856.53,1863.5,1894.2,1844.04,1.62,29.77,1977304,1349291919.0,2.74,1.21
2021-03-23,1853.21,1854.18,1866.86,1813.92,-0.5,-9.32,1902752,1146348169.0,2.84,1.17
2021-03-24,1839.23,1921.22,1940.05,1839.23,3.62,67.04,1986964,1128519192.0,5.44,1.22
2021-03-25,1935.78,1903.75,1957.56,1883.45,-0.91,-17.47,2259400,1549268835.0,3.86,1.39
2021-03-26,1895.1,1913.49,1942.62,1871.57,0.51,9.74,1895593,1246171121.0,3.73,1.16
2021-03-29,1895.07,1894.56,1936.79,1884.81,-0.99,-18.93,1680208,1133312897.0,2.72,1.03
2021-03-30,1870.72,1834.79,1870.72,1825.77,-3.15,-59.77,1500179,860448342.0,2.37,0.92
2021-03-31,1789.13,1796.36,1815.69,1782.73,-2.09,-38.43,1493147,800864845.0,1.8,0.92
2021-04-01,1778.49,1836.04,1855.09,1778.49,2.21,39.68,1659621,1021939037.0,4.26,1.02
2021-04-02,1831.01,1800.73,1841.91,1800.73,-1.92,-35.31,1283501,836566353.0,2.24,0.79
2021-04-06,1798.32,1800.93,1814.8,1783.72,0.01,0.2,1153930,754050737.0,1.73,0.71
2021-04-07,1794.43,1813.37,1823.84,1791.81,0.69,12.44,1081382,689194026.0,1.78,0.66
2021-04-08,1803.64,1786.97,1816.34,1782.29,-1.46,-26.4,1275718,755666296.0,1.88,0.78
2021-04-09,1779.84,1779.57,1789.53,1773.46,-0.41,-7.4,677688,380996249.0,0.9,0.42
2021-04-12,1774.56,1739.34,1780.31,1738.39,-2.26,-40.23,926177,487296359.0,2.36,0.57
2021-04-13,1738.98,1681.67,1738.98,1680.83,-3.32,-57.67,961886,449242175.0,3.34,0.59
2021-04-14,1674.13,1705.67,1711.16,1674.13,1.43,24.0,549122,266401440.0,2.2,0.34
2021-04-15,1696.78,1715.98,1721.12,1677.39,0.6,10.31,710551,322934205.0,2.56,0.44
2021-04-16,1715.83,1765.6,1770.86,1715.83,2.89,49.62,760454,336966021.0,3.21,0.47
2021-04-19,1778.91,1777.79,1789.4,1763.43,0.69,12.19,823960,406763329.0,1.47,0.51
2021-04-20,1774.36,1787.28,1804.48,1774.36,0.53,9.49,937761,488009092.0,1.69,0.58
2021-04-21,1773.09,1785.74,1787.81,1764.69,-0.09,-1.54,550773,286564115.0,1.29,0.34
2021-04-22,1785.84,1761.24,1793.8,1752.39,-1.37,-24.5,702661,310423726.0,2.32,0.43
2021-04-23,1755.6,1759.49,1768.67,1737.46,-0.1,-1.75,717524,350897784.0,1.77,0.44
2021-04-26,1755.14,1745.67,1765.58,1743.03,-0.79,-13.82,540675,280475615.0,1.28,0.33
2021-04-27,1729.25,1668.25,1729.25,1668.25,-4.43,-77.42,874555,441411728.0,3.49,0.54
2021-04-28,1658.3,1662.97,1677.47,1655.7,-0.32,-5.28,518195,246556902.0,1.3,0.32
2021-04-29,1658.53,1650.06,1670.88,1648.33,-0.78,-12.91,508704,200166118.0,1.36,0.31
2021-04-30,1666.73,1665.53,1676.13,1654.02,0.94,15.47,563741,250262121.0,1.34,0.35
2021-05-06,1688.63,1659.47,1690.46,1659.47,-0.36,-6.06,603248,235068981.0,1.86,0.37
2021-05-07,1660.29,1659.38,1667.49,1644.99,-0.01,-0.09,457454,199953029.0,1.36,0.28
2021-05-10,1663.81,1676.67,1682.84,1650.43,1.04,17.29,488432,203856139.0,1.95,0.3
2021-05-11,1653.41,1683.02,1688.36,1653.41,0.38,6.35,557878,255056198.0,2.08,0.34
2021-05-12,1674.01,1695.53,1700.99,1673.17,0.74,12.51,507570,242221227.0,1.65,0.31
2021-05-13,1691.07,1697.45,1724.35,1691.07,0.11,1.92,533637,219841131.0,1.96,0.33
2021-05-14,1702.79,1747.4,1752.9,1700.14,2.94,49.95,1072508,472912129.0,3.11,0.66
2021-05-17,1736.85,1714.26,1736.85,1710.21,-1.9,-33.14,550611,275852798.0,1.52,0.34
2021-05-18,1737.4,1754.35,1758.83,1725.72,2.34,40.09,1023580,373870484.0,1.93,0.63
2021-05-19,1751.66,1786.6,1789.37,1751.66,1.84,32.25,886110,350627580.0,2.15,0.54
2021-05-20,1822.04,1856.93,1875.14,1809.99,3.94,70.33,1616111,810801432.0,3.65,0.99
2021-05-21,1857.15,1849.75,1868.95,1835.26,-0.39,-7.18,825207,508236676.0,1.81,0.51
2021-05-24,1873.65,1862.25,1912.72,1858.24,0.68,12.5,1066040,693152578.0,2.95,0.65
2021-05-25,1882.01,1920.63,1936.29,1882.01,3.13,58.38,1614654,861785479.0,2.91,0.99
2021-05-26,1960.84,1887.59,1960.84,1885.13,-1.72,-33.04,2649900,1133955933.0,3.94,1.63
2021-05-27,1888.96,1891.88,1910.85,1862.64,0.23,4.29,1430584,661219250.0,2.55,0.88
2021-05-28,1898.05,1913.27,1931.36,1890.38,1.13,21.39,1413403,642586271.0,2.17,0.87
2021-05-31,1896.55,1867.23,1896.55,1858.09,-2.41,-46.04,1348460,593947080.0,2.01,0.83
2021-06-01,1853.52,1847.62,1866.77,1827.61,-1.05,-19.61,1111052,501545021.0,2.1,0.68
2021-06-02,1844.4,1828.43,1864.59,1825.0,-1.04,-19.19,869387,411001047.0,2.14,0.53
2021-06-03,1828.03,1844.72,1851.81,1826.85,0.89,16.29,837209,428587204.0,1.37,0.51
2021-06-04,1842.87,1872.13,1887.7,1833.28,1.49,27.41,1183816,468939558.0,2.95,0.73
2021-06-07,1863.54,1861.71,1883.76,1851.08,-0.56,-10.42,967377,397734182.0,1.75,0.59
2021-06-08,1856.7,1872.93,1875.73,1846.72,0.6,11.22,1145726,494591030.0,1.56,0.7
2021-06-09,1873.49,1854.7,1880.36,1849.56,-0.97,-18.23,718628,273749624.0,1.64,0.44
2021-06-10,1847.55,1868.45,1883.58,1847.55,0.74,13.75,691746,292200580.0,1.94,0.42
2021-06-11,1861.35,1871.26,1890.6,1848.8,0.15,2.81,971917,499876181.0,2.24,0.6
2021-06-15,1878.17,1844.13,1878.17,1840.36,-1.45,-27.13,708944,326696142.0,2.02,0.43
2021-06-16,1837.04,1815.43,1838.02,1809.67,-1.56,-28.7,643681,299805319.0,1.54,0.39
2021-06-17,1816.88,1798.87,1826.3,1797.42,-0.91,-16.56,454901,215871149.0,1.59,0.28
2021-06-18,1804.81,1868.73,1873.54,1801.93,3.88,69.86,820490,378482274.0,3.98,0.5
2021-06-21,1859.27,1863.98,1876.79,1855.04,-0.25,-4.75,885473,449547958.0,1.16,0.54
2021-06-22,1870.66,1880.25,1883.98,1861.14,0.87,16.27,817002,429119482.0,1.23,0.5
2021-06-23,1879.14,1885.74,1902.42,1875.68,0.29,5.49,1006184,563119249.0,1.42,0.62
2021-06-24,1874.93,1910.03,1916.39,1868.48,1.29,24.29,1145385,642459722.0,2.54,0.7
2021-06-25,1899.28,1935.46,1947.29,1899.28,1.33,25.43,1223046,601012258.0,2.51,0.75
2021-06-28,1923.88,1932.46,1958.94,1899.75,-0.16,-3.0,1320430,788286986.0,3.06,0.81
2021-06-29,1907.54,1884.27,1914.02,1880.71,-2.49,-48.19,999316,564331398.0,1.72,0.61
2021-06-30,1884.82,1887.15,1904.24,1873.83,0.15,2.88,670959,339316084.0,1.61,0.41
2021-07-01,1894.31,1842.05,1896.79,1834.0,-2.39,-45.1,866888,413055958.0,3.33,0.53
2021-07-02,1833.93,1840.62,1843.96,1821.52,-0.08,-1.43,488732,215963242.0,1.22,0.3
2021-07-05,1843.51,1831.16,1843.51,1816.93,-0.51,-9.46,408596,198033052.0,1.44,0.25
2021-07-06,1829.73,1841.59,1844.46,1818.78,0.57,10.43,499437,245677325.0,1.4,0.31
2021-07-07,1835.18,1835.03,1844.45,1828.33,-0.36,-6.56,464640,218985321.0,0.88,0.29
2021-07-08,1853.58,1854.74,1872.77,1844.21,1.07,19.71,743146,417291130.0,1.56,0.46
2021-07-09,1846.81,1888.91,1888.91,1846.81,1.84,34.17,896580,527679798.0,2.27,0.55
2021-07-12,1902.55,1877.74,1902.55,1871.71,-0.59,-11.17,829847,463034372.0,1.63,0.51
2021-07-13,1881.32,1888.79,1909.66,1867.04,0.59,11.05,1161071,708586832.0,2.27,0.71
2021-07-14,1894.81,1860.29,1894.95,1855.14,-1.51,-28.5,1071638,632957192.0,2.11,0.66
2021-07-15,1849.87,1870.99,1876.22,1846.44,0.58,10.7,797355,433817016.0,1.6,0.49
2021-07-16,1885.56,1871.66,1909.43,1869.71,0.04,0.67,1013444,582302672.0,2.12,0.62
2021-07-19,1877.07,1842.8,1884.95,1842.8,-1.54,-28.86,558636,352414206.0,2.25,0.34
2021-07-20,1829.15,1834.79,1845.71,1824.88,-0.43,-8.01,385711,236351678.0,1.13,0.24
2021-07-21,1837.67,1843.17,1854.44,1837.54,0.46,8.38,423132,246499872.0,0.92,0.26
2021-07-22,1843.17,1853.35,1867.52,1833.42,0.55,10.18,588496,306972382.0,1.85,0.36
2021-07-23,1853.35,1846.64,1871.85,1828.05,-0.36,-6.71,717235,379632176.0,2.36,0.44
2021-07-26,1878.27,1851.08,1878.27,1846.39,0.24,4.44,682013,365679187.0,1.73,0.42
2021-07-27,1884.13,1864.91,1888.94,1861.06,0.75,13.83,542788,293127176.0,1.51,0.33
2021-07-28,1892.17,1871.5,1899.05,1866.58,0.35,6.59,570317,281416023.0,1.74,0.35
2021-07-29,1912.56,1909.61,1917.61,1902.52,2.04,38.11,364477,176929523.0,0.81,0.22
2021-07-30,1941.63,1940.75,1946.87,1924.28,1.63,31.14,551466,262085775.0,1.18,0.34
2021-08-02,1971.77,1988.39,2004.06,1930.17,2.45,47.64,1234873,490705342.0,3.81,0.76
2021-08-03,2018.53,2013.43,2032.39,2012.32,1.26,25.04,773801,338555700.0,1.01,0.47
2021-08-04,2049.49,2043.04,2058.03,2035.54,1.47,29.61,382580,189126224.0,1.12,0.23
2021-08-05,2073.28,2059.25,2077.73,2057.04,0.79,16.21,825912,367732629.0,1.01,0.51
2021-08-06,2090.2,2044.01,2090.2,2025.58,-0.74,-15.24,1721403,697748880.0,3.14,1.06
2021-08-09,2022.23,2027.45,2063.76,2021.26,-0.81,-16.56,1149170,459118987.0,2.08,0.7
2021-08-10,2009.84,2047.68,2050.93,2009.84,1.0,20.23,925744,384433999.0,2.03,0.57
2021-08-11,2046.59,2045.06,2054.9,2039.96,-0.13,-2.62,765507,358949325.0,0.73,0.47
2021-08-12,2082.73,2076.26,2082.73,2069.79,1.53,31.2,483767,232049273.0,0.63,0.3
2021-08-13,2109.23,2109.19,2119.04,2088.06,1.59,32.93,1369682,597788378.0,1.49,0.84
2021-08-16,2109.66,2149.61,2155.19,2089.68,1.92,40.42,1196815,530706563.0,3.11,0.73
2021-08-17,2140.56,2178.22,2200.41,2140.56,1.33,28.61,1706085,817289295.0,2.78,1.05
2021-08-18,2173.53,2262.89,2265.23,2167.02,3.89,84.67,1659153,763015483.0,4.51,1.02
2021-08-19,2279.99,2264.77,2295.97,2260.25,0.08,1.88,1376938,656874533.0,1.58,0.84
2021-08-20,2280.25,2310.44,2315.18,2280.25,2.02,45.67,1240974,604157373.0,1.54,0.76
2021-08-23,2363.31,2316.07,2373.56,2302.2,0.24,5.63,2077906,1102602475.0,3.09,1.27
2021-08-24,2324.58,2362.69,2371.85,2313.21,2.01,46.62,1990264,1071507486.0,2.53,1.22
2021-08-25,2378.14,2390.95,2399.02,2348.42,1.2,28.26,1281960,686463649.0,2.14,0.79
2021-08-26,2408.89,2442.38,2456.92,2405.78,2.15,51.43,1373091,693731958.0,2.14,0.84
2021-08-27,2471.19,2411.38,2473.26,2376.35,-1.27,-31.0,2009689,1111851575.0,3.97,1.23
2021-08-30,2412.8,2440.6,2453.75,2381.63,1.21,29.22,1626332,968766881.0,2.99,1.0
2021-08-31,2421.09,2499.12,2506.33,2421.09,2.4,58.52,1594806,938926140.0,3.49,0.98
2021-09-01,2510.65,2545.68,2598.74,2498.04,1.86,46.56,2731726,1623108900.0,4.03,1.68
2021-09-02,2524.21,2532.5,2568.77,2523.42,-0.52,-13.18,1913288,1128235190.0,1.78,1.17
2021-09-03,2602.96,2462.68,2602.96,2455.71,-2.76,-69.82,2217167,1241445657.0,5.81,1.36
2021-09-06,2430.09,2428.24,2448.84,2415.66,-1.4,-34.44,1279221,688750312.0,1.35,0.78
2021-09-07,2389.11,2399.85,2403.27,2382.15,-1.17,-28.39,1159999,625173353.0,0.87,0.71
2021-09-08,2359.43,2500.86,2532.42,2359.43,4.21,101.01,2487025,1431643932.0,7.21,1.53
2021-09-09,2476.14,2439.18,2476.14,2430.38,-2.47,-61.68,2432014,1532637563.0,1.83,1.49
2021-09-10,2448.62,2452.17,2481.23,2442.73,0.53,12.99,1784582,1047934231.0,1.58,1.09
2021-09-13,2474.29,2461.67,2487.44,2440.92,0.39,9.5,1722557,1083151879.0,1.9,1.06
2021-09-14,2456.65,2371.61,2456.65,2367.12,-3.66,-90.06,1463153,827350824.0,3.64,0.9
2021-09-15,2364.73,2418.4,2426.16,2331.84,1.97,46.79,1642456,840766505.0,3.98,1.01
2021-09-16,2407.89,2363.47,2446.32,2353.75,-2.27,-54.93,1189996,665098051.0,3.83,0.73
2021-09-17,2365.49,2379.8,2393.81,2337.07,0.69,16.33,968950,535624557.0,2.4,0.59
2021-09-22,2338.94,2378.56,2392.21,2338.94,-0.05,-1.24,1016395,616450342.0,2.24,0.62
2021-09-23,2385.18,2422.54,2457.25,2385.18,1.85,43.98,1424155,923175328.0,3.03,0.87
2021-09-24,2446.13,2435.84,2469.02,2425.56,0.55,13.3,1089114,644359172.0,1.79,0.67
2021-09-27,2476.89,2430.34,2490.01,2408.14,-0.23,-5.5,1540759,888853518.0,3.36,0.95
2021-09-28,2420.72,2519.39,2527.63,2420.72,3.66,89.05,1598475,1033832821.0,4.4,0.98
2021-09-29,2502.03,2472.33,2507.8,2460.77,-1.87,-47.06,1634287,1048739292.0,1.87,1.0
2021-09-30,2467.7,2535.55,2543.54,2467.7,2.56,63.22,1528086,1059769333.0,3.07,0.94
2021-10-08,2568.93,2539.26,2586.27,2535.27,0.15,3.71,1352101,950899888.0,2.01,0.83
2021-10-11,2553.85,2418.63,2553.85,2412.74,-4.75,-120.63,1557354,1035370474.0,5.56,0.96
2021-10-12,2396.77,2340.55,2402.97,2318.16,-3.23,-78.08,1050213,606388237.0,3.51,0.64
2021-10-13,2338.93,2380.09,2397.26,2320.65,1.69,39.54,800382,442480747.0,3.27,0.49
2021-10-14,2385.28,2375.41,2388.99,2326.88,-0.2,-4.68,771535,419483898.0,2.61,0.47
2021-10-15,2367.16,2359.42,2382.1,2351.41,-0.67,-15.99,495411,260878775.0,1.29,0.3
2021-10-18,2357.38,2353.61,2375.43,2346.11,-0.25,-5.81,494102,257377060.0,1.24,0.3
2021-10-19,2363.47,2362.95,2388.86,2355.99,0.4,9.34,521355,293203187.0,1.4,0.32
2021-10-20,2360.25,2339.68,2365.1,2337.83,-0.98,-23.27,545409,299890942.0,1.15,0.33
2021-10-21,2336.09,2302.16,2342.07,2293.75,-1.6,-37.52,726523,391880856.0,2.07,0.45
2021-10-22,2290.03,2298.31,2319.57,2271.61,-0.17,-3.85,594582,310068600.0,2.08,0.36
2021-10-25,2304.86,2328.06,2335.31,2304.86,1.29,29.75,547214,295474698.0,1.32,0.34
2021-10-26,2330.36,2323.5,2341.38,2316.46,-0.2,-4.56,491633,260523955.0,1.07,0.3
2021-10-27,2314.89,2273.37,2314.89,2269.3,-2.16,-50.13,530018,277793776.0,1.96,0.33
2021-10-28,2267.03,2268.96,2287.07,2259.45,-0.19,-4.41,515690,262751152.0,1.21,0.32
2021-10-29,2269.63,2290.29,2298.24,2257.43,0.94,21.33,457505,240607852.0,1.8,0.28
2021-11-01,2289.92,2267.09,2289.92,2260.81,-1.01,-23.2,682852,351607486.0,1.27,0.42
2021-11-02,2246.08,2199.14,2247.4,2193.49,-3.0,-67.95,817917,411993889.0,2.38,0.5
2021-11-03,2207.8,2213.74,2219.79,2198.85,0.66,14.6,458625,226622151.0,0.95,0.28
2021-11-04,2212.07,2226.23,2237.15,2212.07,0.56,12.49,418405,216467133.0,1.13,0.26
2021-11-05,2221.6,2179.69,2227.34,2179.69,-2.09,-46.54,538020,284909206.0,2.14,0.33
2021-11-08,2175.73,2175.01,2193.73,2157.1,-0.21,-4.68,545637,247236355.0,1.68,0.33
2021-11-09,2183.47,2196.6,2208.29,2183.47,0.99,21.59,482700,255208450.0,1.14,0.3
2021-11-10,2188.58,2227.18,2230.63,2188.58,1.39,30.58,471294,233752613.0,1.91,0.29
2021-11-11,2249.4,2282.49,2292.83,2249.4,2.48,55.31,780278,376120028.0,1.95,0.48
2021-11-12,2301.46,2298.89,2324.07,2290.53,0.72,16.4,990946,537767323.0,1.47,0.61
2021-11-15,2316.16,2302.45,2329.57,2294.27,0.15,3.56,619002,334369796.0,1.54,0.38
2021-11-16,2290.02,2263.81,2306.35,2263.81,-1.68,-38.64,479097,254225885.0,1.85,0.29
2021-11-17,2306.61,2313.34,2318.0,2304.19,2.19,49.53,299184,168502616.0,0.61,0.18
2021-11-18,2346.36,2322.34,2350.38,2312.13,0.39,9.0,796678,411514499.0,1.65,0.49
2021-11-19,2317.33,2338.69,2340.96,2311.64,0.7,16.35,553340,293005445.0,1.26,0.34
2021-11-22,2335.73,2313.3,2335.73,2306.69,-1.09,-25.39,512967,273848801.0,1.24,0.31
2021-11-23,2302.17,2311.79,2331.9,2301.28,-0.07,-1.51,483142,254947422.0,1.32,0.3
2021-11-24,2313.42,2298.22,2313.42,2280.51,-0.59,-13.57,474096,259396916.0,1.42,0.29
2021-11-25,2322.72,2403.99,2412.96,2318.92,4.6,105.77,2078289,1377134977.0,4.09,1.27
2021-11-26,2381.71,2350.56,2395.78,2350.56,-2.22,-53.43,1414388,945379380.0,1.88,0.87
2021-11-29,2346.3,2359.73,2374.33,2345.04,0.39,9.17,981727,628875804.0,1.25,0.6
2021-11-30,2374.66,2366.78,2391.76,2353.25,0.3,7.05,938555,616712673.0,1.63,0.58
2021-12-01,2348.01,2392.38,2394.1,2348.01,1.08,25.6,859843,525233143.0,1.95,0.53
2021-12-02,2389.65,2360.32,2393.19,2359.25,-1.34,-32.06,691181,408116854.0,1.42,0.42
2021-12-03,2369.77,2375.85,2386.03,2359.95,0.66,15.53,676264,417330932.0,1.1,0.41
2021-12-06,2430.2,2372.19,2430.2,2368.58,-0.15,-3.66,1096343,675102798.0,2.59,0.67
2021-12-07,2387.07,2365.35,2390.56,2343.19,-0.29,-6.84,719982,421604301.0,2.0,0.44
2021-12-08,2376.97,2379.81,2380.91,2356.26,0.61,14.46,518211,286866597.0,1.04,0.32
2021-12-09,2376.52,2422.53,2439.66,2367.66,1.8,42.72,1117995,605485467.0,3.03,0.69
2021-12-10,2414.68,2415.28,2425.65,2401.58,-0.3,-7.25,640929,366446754.0,0.99,0.39
2021-12-13,2416.03,2389.48,2418.3,2383.32,-1.07,-25.8,957621,539267174.0,1.45,0.59
2021-12-14,2385.53,2366.5,2385.53,2362.66,-0.96,-22.98,592048,331479096.0,0.96,0.36
2021-12-15,2390.75,2393.73,2417.87,2364.53,1.15,27.23,980771,654885916.0,2.25,0.6
2021-12-16,2388.4,2396.61,2417.73,2388.16,0.12,2.88,820212,537643866.0,1.24,0.5
2021-12-17,2413.36,2400.73,2421.9,2386.46,0.17,4.12,890593,563336892.0,1.48,0.55
2021-12-20,2392.71,2349.16,2406.79,2347.29,-2.15,-51.57,839731,501808785.0,2.48,0.52
2021-12-21,2350.57,2380.86,2385.39,2338.3,1.35,31.7,922841,447264293.0,2.0,0.57
2021-12-22,2383.28,2374.25,2391.48,2348.39,-0.28,-6.61,891123,464142729.0,1.81,0.55
2021-12-23,2366.95,2365.73,2382.04,2363.3,-0.36,-8.52,526772,292087819.0,0.79,0.32
2021-12-24,2362.33,2353.75,2365.6,2332.76,-0.51,-11.98,672827,402765665.0,1.39,0.41
2021-12-27,2352.82,2349.31,2370.56,2343.2,-0.19,-4.44,554596,328531319.0,1.16,0.34
2021-12-28,2330.68,2322.9,2339.88,2317.57,-1.12,-26.41,495378,273701770.0,0.95,0.3
2021-12-29,2317.24,2313.35,2320.75,2302.47,-0.41,-9.55,394451,206054719.0,0.79,0.24
2021-12-30,2317.93,2330.82,2346.96,2317.93,0.76,17.47,450108,230746210.0,1.25,0.28
2021-12-31,2364.93,2371.68,2391.85,2353.65,1.75,40.86,744003,452470027.0,1.64,0.46
2022-01-04,2363.28,2376.42,2384.82,2358.41,0.2,4.74,645020,346549111.0,1.11,0.4
2022-01-05,2375.08,2347.66,2379.52,2340.26,-1.21,-28.76,618538,336000981.0,1.65,0.38
2022-01-06,2348.31,2345.26,2354.42,2339.17,-0.1,-2.4,413349,221298465.0,0.65,0.25
2022-01-07,2349.41,2394.67,2416.91,2338.93,2.11,49.41,1459740,753876940.0,3.33,0.9
2022-01-10,2389.56,2393.88,2400.27,2359.98,-0.03,-0.79,1128269,631269365.0,1.68,0.69
2022-01-11,2387.28,2363.69,2393.31,2357.38,-1.26,-30.19,670584,356758786.0,1.5,0.41
2022-01-12,2377.64,2370.75,2388.04,2358.32,0.3,7.06,619265,361820657.0,1.26,0.38
2022-01-13,2371.59,2354.15,2376.67,2350.78,-0.7,-16.6,668633,358577390.0,1.09,0.41
2022-01-14,2346.3,2327.45,2373.69,2320.88,-1.13,-26.7,693531,366289130.0,2.24,0.43
2022-01-17,2320.44,2321.85,2336.55,2315.2,-0.24,-5.6,503994,254290193.0,0.92,0.31
2022-01-18,2323.88,2321.99,2332.47,2300.66,0.01,0.14,604885,312357260.0,1.37,0.37
2022-01-19,2309.62,2306.98,2328.12,2296.91,-0.65,-15.01,519909,260233027.0,1.34,0.32
2022-01-20,2309.32,2256.7,2317.64,2255.63,-2.18,-50.28,997430,473638543.0,2.69,0.61
2022-01-21,2264.22,2228.49,2264.22,2211.34,-1.25,-28.21,837091,377378733.0,2.34,0.51
2022-01-24,2213.51,2232.86,2259.59,2178.71,0.2,4.37,791171,336690058.0,3.63,0.49
2022-01-25,2219.18,2162.8,2239.69,2159.57,-3.14,-70.06,647546,305832881.0,3.59,0.4
2022-01-26,2170.59,2218.55,2223.75,2170.59,2.58,55.75,513148,234769894.0,2.46,0.31
2022-01-27,2215.95,2189.81,2254.08,2189.14,-1.3,-28.74,592701,268834480.0,2.93,0.36
2022-01-28,2219.05,2208.57,2233.23,2196.35,0.86,18.76,457484,211810932.0,1.68,0.28
2022-02-07,2264.32,2270.05,2275.87,2258.59,2.78,61.48,308301,142875701.0,0.78,0.19
2022-02-08,2305.02,2356.62,2360.24,2301.5,3.81,86.57,559869,233364628.0,2.59,0.34
2022-02-09,2399.86,2363.44,2399.86,2337.16,0.29,6.82,931360,440561188.0,2.66,0.57
2022-02-10,2368.64,2374.64,2386.22,2350.22,0.47,11.2,578213,279488545.0,1.52,0.35
2022-02-11,2374.19,2352.41,2377.74,2345.5,-0.94,-22.23,572700,281233877.0,1.36,0.35
2022-02-14,2342.04,2322.55,2353.63,2304.57,-1.27,-29.86,566719,264466114.0,2.09,0.35
2022-02-15,2327.75,2329.01,2339.66,2311.6,0.28,6.46,440792,219153609.0,1.21,0.27
2022-02-16,2337.25,2336.69,2346.48,2322.8,0.33,7.68,360963,174433912.0,1.02,0.22
2022-02-17,2325.82,2325.55,2337.74,2308.88,-0.48,-11.14,518278,260211248.0,1.24,0.32
2022-02-18,2326.21,2332.52,2338.19,2311.26,0.3,6.97,407556,198580998.0,1.16,0.25
2022-02-21,2328.96,2308.55,2328.96,2289.75,-1.03,-23.97,625392,307442375.0,1.68,0.38
2022-02-22,2272.35,2271.09,2286.77,2262.55,-1.62,-37.46,503182,246683454.0,1.05,0.31
2022-02-23,2276.84,2304.03,2307.07,2276.84,1.45,32.94,580897,258578312.0,1.33,0.36
2022-02-24,2301.83,2231.8,2302.4,2212.89,-3.13,-72.23,800753,378024093.0,3.88,0.49
2022-02-25,2239.3,2250.3,2266.37,2235.03,0.83,18.5,533607,253987238.0,1.4,0.33
2022-02-28,2240.27,2238.76,2247.53,2223.85,-0.51,-11.54,430821,212302918.0,1.05,0.26
2022-03-01,2249.12,2245.09,2254.82,2234.17,0.28,6.33,344584,168965850.0,0.92,0.21
2022-03-02,2241.65,2273.08,2276.53,2236.38,1.25,27.99,494559,253834096.0,1.79,0.3
2022-03-03,2285.45,2273.33,2294.14,2263.58,0.01,0.25,428408,202289586.0,1.34,0.26
2022-03-04,2261.85,2259.64,2268.81,2245.76,-0.6,-13.69,418071,184739941.0,1.01,0.26
2022-03-07,2250.92,2218.24,2250.92,2214.81,-1.83,-41.4,421443,190888159.0,1.6,0.26
2022-03-08,2218.84,2139.4,2220.53,2138.88,-3.55,-78.84,603235,274795134.0,3.68,0.37
2022-03-09,2148.62,2102.68,2151.58,2024.19,-1.72,-36.72,734710,311253249.0,5.95,0.45
2022-03-10,2140.22,2112.46,2140.73,2107.88,0.47,9.78,463145,206850222.0,1.56,0.28
2022-03-11,2089.16,2158.79,2159.96,2062.72,2.19,46.33,566596,247362822.0,4.6,0.35
2022-03-14,2141.35,2143.17,2182.14,2134.32,-0.72,-15.62,495162,218018158.0,2.22,0.3
2022-03-15,2132.52,2056.88,2141.63,2056.88,-4.03,-86.29,603535,259074079.0,3.95,0.37
2022-03-16,2086.57,2117.98,2121.03,2031.36,2.97,61.1,675564,278753074.0,4.36,0.41
2022-03-17,2126.39,2122.39,2146.41,2113.33,0.21,4.41,516203,227962454.0,1.56,0.32
2022-03-18,2125.32,2126.02,2138.97,2107.42,0.17,3.63,488823,209344638.0,1.49,0.3
2022-03-21,2113.63,2100.25,2113.63,2086.7,-1.21,-25.77,504383,216711530.0,1.27,0.31
2022-03-22,2094.63,2102.91,2117.33,2086.59,0.13,2.66,389988,173428209.0,1.46,0.24
2022-03-23,2104.12,2107.45,2116.06,2096.38,0.22,4.54,309144,138722651.0,0.94,0.19
2022-03-24,2100.62,2078.36,2100.62,2077.31,-1.38,-29.09,337564,144629235.0,1.11,0.21
2022-03-25,2081.25,2096.79,2116.42,2081.25,0.89,18.43,424700,179263817.0,1.69,0.26
2022-03-28,2078.31,2095.63,2108.96,2063.69,-0.06,-1.16,334286,140790732.0,2.16,0.21
2022-03-29,2090.66,2071.72,2096.65,2068.23,-1.14,-23.91,246735,107359593.0,1.36,0.15
2022-03-30,2072.31,2106.05,2110.77,2072.31,1.66,34.33,410962,166856173.0,1.86,0.25
2022-03-31,2093.85,2099.21,2113.19,2093.85,-0.32,-6.84,317111,129682289.0,0.92,0.19
2022-04-01,2094.26,2139.33,2143.05,2090.1,1.91,40.12,903438,325465965.0,2.52,0.55
2022-04-06,2140.25,2152.74,2157.07,2128.41,0.63,13.41,1033234,378553735.0,1.34,0.63
2022-04-07,2140.48,2109.02,2153.21,2108.62,-2.03,-43.72,620250,241894542.0,2.07,0.38
2022-04-08,2115.85,2099.64,2115.85,2074.99,-0.44,-9.38,549598,212287921.0,1.94,0.34
2022-04-11,2101.76,2044.93,2101.76,2032.19,-2.61,-54.71,553363,221238001.0,3.31,0.34
2022-04-12,2044.49,2099.76,2106.14,2032.23,2.68,54.83,618569,237972909.0,3.61,0.38
2022-04-13,2099.4,2084.14,2106.64,2075.14,-0.74,-15.62,473442,179521473.0,1.5,0.29
2022-04-14,2097.75,2088.81,2097.75,2079.48,0.22,4.67,365323,142508817.0,0.88,0.22
2022-04-15,2088.4,2091.12,2107.74,2076.95,0.11,2.31,435590,175646185.0,1.47,0.27
2022-04-18,2070.75,2052.84,2073.24,2048.52,-1.83,-38.28,376142,142761050.0,1.18,0.23
2022-04-19,2057.88,2052.54,2072.48,2042.79,-0.01,-0.3,309731,125089718.0,1.45,0.19
2022-04-20,2057.65,2039.29,2069.63,2032.9,-0.65,-13.25,327474,132444131.0,1.79,0.2
2022-04-21,2041.44,1997.08,2048.45,1988.53,-2.07,-42.21,617857,237363772.0,2.94,0.38
2022-04-22,2020.69,2029.4,2042.88,2010.38,1.62,32.32,654926,258833091.0,1.63,0.4
2022-04-25,2009.83,1938.17,2014.3,1936.02,-4.5,-91.23,841164,328835169.0,3.86,0.52
2022-04-26,1957.05,1862.21,1957.05,1856.51,-3.92,-75.96,641378,235731904.0,5.19,0.39
2022-04-27,1851.01,1901.21,1902.72,1831.15,2.09,39.0,625476,230832199.0,3.84,0.38
2022-04-28,1885.52,1870.33,1898.28,1847.5,-1.62,-30.88,431739,159347256.0,2.67,0.26
2022-04-29,1898.42,1921.19,1928.49,1881.1,2.72,50.86,468236,173378199.0,2.53,0.29
2022-05-05,1950.28,1955.2,1965.03,1945.91,1.77,34.01,324841,118251417.0,1.0,0.2
2022-05-06,1972.77,1931.83,1972.77,1921.05,-1.2,-23.37,616242,251621298.0,2.65,0.38
2022-05-09,1927.5,1938.34,1946.83,1914.95,0.34,6.51,326030,123787818.0,1.65,0.2
2022-05-10,1925.54,1984.11,1985.99,1919.41,2.36,45.77,490694,191977011.0,3.43,0.3
2022-05-11,1984.39,1992.36,2026.89,1984.39,0.42,8.25,543592,216051407.0,2.14,0.33
2022-05-12,1981.46,2012.2,2018.83,1981.46,1.0,19.84,447709,182444873.0,1.88,0.27
2022-05-13,2013.06,2021.46,2030.83,2009.08,0.46,9.26,331393,136644804.0,1.08,0.2
2022-05-16,2028.7,2031.76,2045.25,2025.24,0.51,10.3,414708,175012280.0,0.99,0.25
2022-05-17,2034.71,2030.86,2035.39,2017.92,-0.04,-0.9,370888,153848810.0,0.86,0.23
2022-05-18,2034.97,2030.1,2048.3,2027.87,-0.04,-0.76,385743,157405747.0,1.01,0.24
2022-05-19,2000.31,2016.59,2025.33,1985.6,-0.67,-13.51,554883,240109414.0,1.96,0.34
2022-05-20,2027.87,2066.52,2072.85,2027.87,2.48,49.93,595119,258938972.0,2.23,0.37
2022-05-23,2093.19,2070.79,2093.19,2057.89,0.21,4.27,514491,222572052.0,1.71,0.32
2022-05-24,2076.88,2032.13,2085.41,2028.88,-1.87,-38.66,545866,227267410.0,2.73,0.33
2022-05-25,2029.82,2090.49,2090.53,2029.82,2.87,58.36,535438,233629729.0,2.99,0.33
2022-05-26,2087.06,2069.32,2090.42,2046.21,-1.01,-21.17,719822,319015555.0,2.11,0.44
2022-05-27,2042.37,2031.51,2056.24,2022.08,-1.83,-37.81,863667,364248647.0,1.65,0.53
2022-05-30,2004.14,2001.0,2005.62,1988.01,-1.5,-30.51,515311,211278753.0,0.87,0.32
2022-05-31,2005.86,2032.48,2034.42,2004.62,1.57,31.48,654827,283587981.0,1.49,0.4
2022-06-01,2023.1,2047.03,2050.59,2022.46,0.72,14.55,426358,181075304.0,1.38,0.26
2022-06-02,2047.71,2066.06,2070.26,2037.6,0.93,19.03,395640,161243516.0,1.6,0.24
2022-06-06,2061.9,2043.87,2084.18,2035.52,-1.07,-22.19,719972,301570634.0,2.36,0.44
2022-06-07,2041.55,2039.47,2053.94,2032.68,-0.22,-4.4,488903,209520124.0,1.04,0.3
2022-06-08,2035.62,2043.42,2045.67,2010.0,0.19,3.95,448566,184540887.0,1.75,0.28
2022-06-09,2046.61,2056.79,2087.58,2028.52,0.65,13.37,864147,312245787.0,2.89,0.53
2022-06-10,2043.65,2088.44,2096.63,2035.45,1.54,31.65,900450,338243781.0,2.97,0.55
2022-06-13,2070.72,2061.01,2092.08,2034.53,-1.31,-27.43,780587,305534494.0,2.76,0.48
2022-06-14,2045.83,2103.01,2108.18,2019.85,2.04,42.0,925057,362367718.0,4.29,0.57
2022-06-15,2098.78,2162.47,2217.88,2098.78,2.83,59.46,2652201,1032921593.0,5.66,1.63
2022-06-16,2142.77,2098.49,2145.07,2092.97,-2.96,-63.98,1566788,584061935.0,2.41,0.96
2022-06-17,2074.88,2097.7,2120.84,2061.77,-0.04,-0.79,949522,359203246.0,2.81,0.58
2022-06-20,2101.34,2077.62,2102.61,2074.8,-0.96,-20.08,682993,264196640.0,1.33,0.42
2022-06-21,2078.62,2074.75,2089.06,2059.56,-0.14,-2.87,642795,253433336.0,1.42,0.39
2022-06-22,2078.26,2042.95,2078.26,2037.78,-1.53,-31.8,654209,251265257.0,1.95,0.4
2022-06-23,2039.44,2077.67,2082.83,2039.44,1.7,34.72,712971,273575155.0,2.12,0.44
2022-06-24,2083.78,2075.86,2089.78,2071.06,-0.09,-1.81,535221,208985550.0,0.9,0.33
2022-06-27,2081.54,2058.53,2087.52,2057.21,-0.83,-17.33,549651,218254195.0,1.46,0.34
2022-06-28,2058.53,2101.52,2103.36,2052.56,2.09,42.99,625010,253438879.0,2.47,0.38
2022-06-29,2092.98,2061.54,2101.76,2058.89,-1.9,-39.98,565633,231252985.0,2.04,0.35
2022-06-30,2059.91,2071.01,2096.73,2059.91,0.46,9.47,568907,233501458.0,1.79,0.35
2022-07-01,2074.7,2084.7,2091.2,2045.52,0.66,13.69,737798,333408841.0,2.21,0.45
2022-07-04,2095.05,2150.02,2154.49,2089.21,3.13,65.32,828582,407144883.0,3.13,0.51
2022-07-05,2190.9,2183.42,2220.34,2177.33,1.55,33.4,2185879,1271499746.0,2.0,1.34
2022-07-06,2180.5,2166.4,2205.81,2144.56,-0.78,-17.02,1556633,878964988.0,2.81,0.95
2022-07-07,2141.22,2154.18,2198.23,2141.22,-0.56,-12.22,1184208,674169707.0,2.63,0.73
2022-07-08,2150.66,2128.78,2150.66,2122.41,-1.18,-25.4,888067,477061541.0,1.31,0.54
2022-07-11,2128.78,2140.8,2158.14,2125.16,0.56,12.02,1087115,580760485.0,1.55,0.67
2022-07-12,2137.25,2178.1,2197.52,2126.6,1.74,37.3,1375900,800178348.0,3.31,0.84
2022-07-13,2162.06,2159.71,2171.43,2143.2,-0.84,-18.39,1071065,549208754.0,1.3,0.66
2022-07-14,2167.3,2186.9,2194.03,2152.63,1.26,27.19,1385369,592935794.0,1.92,0.85
2022-07-15,2154.4,2115.32,2168.03,2115.32,-3.27,-71.58,1186307,499859696.0,2.41,0.73
2022-07-18,2116.46,2171.58,2173.99,2116.46,2.66,56.26,989639,464840942.0,2.72,0.61
2022-07-19,2169.78,2151.35,2169.78,2132.66,-0.93,-20.23,769872,359959925.0,1.71,0.47
2022-07-20,2154.33,2161.82,2168.85,2142.67,0.49,10.47,926884,487956651.0,1.22,0.57
2022-07-21,2151.32,2154.35,2180.08,2146.64,-0.35,-7.47,1033110,566732528.0,1.55,0.63
2022-07-22,2157.96,2143.12,2168.89,2129.05,-0.52,-11.23,744360,375687328.0,1.85,0.46
2022-07-25,2147.76,2092.59,2147.76,2089.03,-2.36,-50.53,655681,325138620.0,2.74,0.4
2022-07-26,2098.83,2121.51,2127.98,2087.13,1.38,28.92,545044,250547239.0,1.95,0.33
2022-07-27,2126.46,2120.27,2127.46,2111.1,-0.06,-1.24,360966,166884165.0,0.77,0.22
2022-07-28,2126.75,2123.35,2142.0,2117.62,0.15,3.08,551735,232326606.0,1.15,0.34
2022-07-29,2126.36,2129.86,2157.74,2123.39,0.31,6.51,606848,298744860.0,1.62,0.37
2022-08-01,2131.6,2103.97,2131.6,2100.55,-1.22,-25.89,486832,222288903.0,1.46,0.3
2022-08-02,2091.82,2039.03,2091.82,2019.64,-3.09,-64.94,791700,334781015.0,3.43,0.49
2022-08-03,2034.55,2018.24,2074.2,2011.65,-1.02,-20.79,565251,238209881.0,3.07,0.35
2022-08-04,2030.64,2040.68,2055.05,2023.46,1.11,22.44,487738,213071886.0,1.57,0.3
2022-08-05,2042.49,2059.13,2060.94,2025.22,0.9,18.45,443014,188286815.0,1.75,0.27
2022-08-08,2054.11,2056.2,2059.72,2043.65,-0.14,-2.93,367752,157488668.0,0.78,0.23
2022-08-09,2051.22,2048.26,2063.45,2043.02,-0.39,-7.94,293190,132194438.0,0.99,0.18
2022-08-10,2042.79,2040.06,2055.44,2035.99,-0.4,-8.2,286324,123596778.0,0.95,0.18
2022-08-11,2048.26,2094.45,2094.45,2042.88,2.67,54.39,750205,309653324.0,2.53,0.46
2022-08-12,2080.26,2093.72,2099.16,2072.07,-0.03,-0.73,616270,238939462.0,1.29,0.38
2022-08-15,2084.74,2122.4,2130.33,2079.05,1.37,28.68,732168,301435777.0,2.45,0.45
2022-08-16,2125.23,2172.83,2180.59,2120.39,2.38,50.43,803169,358551041.0,2.84,0.49
2022-08-17,2173.02,2196.14,2200.56,2168.23,1.07,23.31,791320,354275201.0,1.49,0.49
2022-08-18,2191.32,2183.98,2200.35,2176.63,-0.55,-12.16,501622,227875132.0,1.08,0.31
2022-08-19,2195.92,2190.05,2207.04,2183.13,0.28,6.07,566311,255389750.0,1.09,0.35
2022-08-22,2171.41,2181.88,2195.59,2171.41,-0.37,-8.17,542180,237138823.0,1.1,0.33
2022-08-23,2181.88,2187.99,2198.22,2171.48,0.28,6.11,592970,258925279.0,1.23,0.36
2022-08-24,2184.6,2135.85,2196.94,2135.85,-2.38,-52.14,750290,321068118.0,2.79,0.46
2022-08-25,2151.37,2137.82,2151.37,2114.73,0.09,1.97,628457,255032413.0,1.72,0.39
2022-08-26,2144.12,2165.61,2180.66,2144.12,1.3,27.79,878393,384108097.0,1.71,0.54
2022-08-29,2147.52,2192.54,2198.85,2140.35,1.24,26.93,624673,276845339.0,2.7,0.38
2022-08-30,2202.41,2201.33,2212.67,2182.66,0.4,8.79,741921,307851607.0,1.37,0.46
2022-08-31,2191.77,2168.08,2192.25,2147.26,-1.51,-33.25,651727,272304034.0,2.04,0.4
2022-09-01,2210.36,2177.25,2210.36,2177.25,0.42,9.17,415136,175204333.0,1.53,0.25
2022-09-02,2215.99,2181.44,2215.99,2171.93,0.19,4.19,890218,392201688.0,2.02,0.55
2022-09-05,2185.99,2197.35,2198.69,2173.85,0.73,15.91,531257,220215725.0,1.14,0.33
2022-09-06,2201.4,2222.4,2226.01,2191.74,1.14,25.05,622306,271675482.0,1.56,0.38
2022-09-07,2221.09,2189.38,2221.09,2189.38,-1.49,-33.02,452641,192883489.0,1.43,0.28
2022-09-08,2196.23,2178.91,2204.1,2177.63,-0.48,-10.47,379220,160083523.0,1.21,0.23
2022-09-09,2192.55,2206.36,2219.68,2192.55,1.26,27.45,763626,293937083.0,1.25,0.47
2022-09-13,2206.36,2188.48,2212.41,2180.99,-0.81,-17.88,629868,254767396.0,1.42,0.39
2022-09-14,2170.42,2166.69,2170.42,2144.5,-1.0,-21.79,571754,239023129.0,1.18,0.35
2022-09-15,2175.73,2136.25,2177.76,2122.87,-1.4,-30.44,585447,235793380.0,2.53,0.36
2022-09-16,2144.35,2104.0,2144.35,2093.58,-1.51,-32.25,614765,246290991.0,2.38,0.38
2022-09-19,2106.72,2084.33,2106.72,2076.99,-0.93,-19.67,461386,174517142.0,1.41,0.28
2022-09-20,2091.69,2100.99,2116.37,2090.43,0.8,16.66,463502,183545132.0,1.24,0.28
2022-09-21,2101.59,2127.92,2135.36,2080.28,1.28,26.93,532318,210137117.0,2.62,0.33
2022-09-22,2116.95,2121.71,2140.58,2116.95,-0.29,-6.21,370636,148858167.0,1.11,0.23
2022-09-23,2118.9,2103.75,2135.27,2092.57,-0.85,-17.96,419727,170073001.0,2.01,0.26
2022-09-26,2092.91,2033.7,2097.99,2033.7,-3.33,-70.05,594644,227412984.0,3.06,0.36
2022-09-27,2040.57,2054.89,2060.11,2035.82,1.04,21.19,402790,147167835.0,1.19,0.25
2022-09-28,2058.75,2021.44,2059.02,2020.55,-1.63,-33.45,449914,172541416.0,1.87,0.28
2022-09-29,2033.9,2000.03,2039.41,1994.8,-1.06,-21.41,450744,170623917.0,2.21,0.28
2022-09-30,2000.03,1999.33,2017.64,1995.52,-0.04,-0.7,322559,124561416.0,1.11,0.2
2022-10-10,2002.16,1964.36,2004.22,1961.16,-1.75,-34.97,530412,205321916.0,2.15,0.33
2022-10-11,1963.21,1969.91,1995.71,1958.23,0.28,5.55,593437,221434935.0,1.91,0.36
2022-10-12,1969.06,1996.28,1998.74,1957.52,1.34,26.37,508271,189871953.0,2.09,0.31
2022-10-13,1990.6,1983.61,1996.73,1981.97,-0.63,-12.67,438006,162737281.0,0.74,0.27
2022-10-14,1994.34,1996.44,2013.73,1992.12,0.65,12.83,433819,164927276.0,1.09,0.27
2022-10-17,1992.55,2005.22,2008.79,1972.24,0.44,8.78,461637,175283274.0,1.83,0.28
2022-10-18,2013.53,2018.64,2019.45,2002.66,0.67,13.42,448321,167765493.0,0.84,0.28
2022-10-19,2019.97,1996.8,2019.97,1996.8,-1.08,-21.84,380497,150196572.0,1.15,0.23
2022-10-20,1994.56,1991.04,2014.0,1976.63,-0.29,-5.76,429512,166510819.0,1.87,0.26
2022-10-21,2002.61,1998.77,2019.29,1985.51,0.39,7.73,475414,187222076.0,1.7,0.29
2022-10-24,1997.46,1959.2,2020.81,1958.06,-1.98,-39.57,519681,196443394.0,3.14,0.32
2022-10-25,1949.28,1917.69,1952.02,1902.8,-2.12,-41.51,608493,223862834.0,2.51,0.37
2022-10-26,1918.61,1933.02,1950.35,1918.61,0.8,15.33,424384,161903343.0,1.66,0.26
2022-10-27,1933.02,1927.41,1940.44,1926.53,-0.29,-5.61,382728,140774243.0,0.72,0.23
2022-10-28,1927.41,1884.98,1927.41,1878.47,-2.2,-42.43,494819,178034275.0,2.54,0.3
2022-10-31,1883.4,1875.7,1894.62,1856.02,-0.49,-9.28,440870,157664806.0,2.05,0.27
2022-11-01,1882.18,1915.09,1918.14,1879.1,2.1,39.39,492976,185864208.0,2.08,0.3
2022-11-02,1912.93,1890.73,1916.36,1886.03,-1.27,-24.36,609760,216173092.0,1.58,0.37
2022-11-03,1879.88,1916.74,1923.49,1868.54,1.38,26.01,420332,147526449.0,2.91,0.26
2022-11-04,1930.79,1940.71,1976.22,1930.79,1.25,23.97,826270,310953250.0,2.37,0.51
2022-11-07,1941.61,1930.18,1956.26,1927.11,-0.54,-10.53,532223,197268874.0,1.5,0.33
2022-11-08,1924.94,1932.02,1936.29,1918.16,0.1,1.84,375656,135646079.0,0.94,0.23
2022-11-09,1935.41,1910.13,1948.19,1904.32,-1.13,-21.89,558854,201224927.0,2.27,0.34
2022-11-10,1901.38,1918.59,1922.96,1898.91,0.44,8.46,391222,140739060.0,1.26,0.24
2022-11-11,1936.61,1923.05,1950.43,1920.35,0.23,4.46,675883,245597584.0,1.57,0.41
2022-11-14,1922.61,1919.03,1941.44,1908.12,-0.21,-4.02,715122,252646153.0,1.73,0.44
2022-11-15,1913.0,1980.14,1983.76,1912.06,3.18,61.11,974102,359535992.0,3.74,0.6
2022-11-16,1976.79,2006.65,2015.51,1976.79,1.34,26.51,843755,314739499.0,1.96,0.52
2022-11-17,2025.69,2021.06,2032.57,2001.47,0.72,14.41,758120,286823236.0,1.55,0.47
2022-11-18,2023.66,2049.67,2059.61,2023.03,1.42,28.61,724915,284124774.0,1.81,0.44
2022-11-21,2037.02,2000.98,2037.02,1994.01,-2.38,-48.69,629279,237383218.0,2.1,0.39
2022-11-22,1993.47,2008.65,2013.91,1987.97,0.38,7.67,507299,196712132.0,1.3,0.31
2022-11-23,2005.86,2017.34,2026.92,1997.6,0.43,8.69,455256,188704445.0,1.46,0.28
2022-11-24,1988.07,1970.81,1998.91,1966.09,-2.31,-46.53,590856,224049224.0,1.63,0.36
2022-11-25,1960.31,1993.13,2001.64,1955.08,1.13,22.32,512728,187811908.0,2.36,0.31
2022-11-28,1977.23,1995.7,2003.87,1954.06,0.13,2.57,552516,208052674.0,2.5,0.34
2022-11-29,1990.82,2043.38,2056.96,1990.82,2.39,47.68,980585,365530552.0,3.31,0.6
2022-11-30,2039.72,2034.76,2059.5,2032.93,-0.42,-8.62,742931,280001291.0,1.3,0.46
2022-12-01,2048.8,2023.13,2056.93,2019.22,-0.57,-11.63,598905,225441462.0,1.85,0.37
2022-12-02,2021.56,2027.33,2032.01,2015.01,0.21,4.2,440933,165059141.0,0.84,0.27
2022-12-05,2034.1,2125.5,2151.11,2030.74,4.84,98.17,2227218,875356901.0,5.94,1.37
2022-12-06,2102.4,2087.99,2128.05,2082.97,-1.76,-37.51,1380251,542346493.0,2.12,0.85
2022-12-07,2082.5,2062.76,2092.67,2057.27,-1.21,-25.23,758633,302482565.0,1.7,0.47
2022-12-08,2091.86,2078.01,2096.82,2073.81,0.74,15.25,652273,255695395.0,1.12,0.4
2022-12-09,2078.95,2094.98,2105.52,2071.12,0.82,16.97,1081944,428093649.0,1.66,0.66
2022-12-12,2081.31,2077.67,2099.43,2069.41,-0.83,-17.31,650304,257170729.0,1.43,0.4
2022-12-13,2074.61,2072.63,2089.04,2060.4,-0.24,-5.04,541662,212016660.0,1.38,0.33
2022-12-14,2065.72,2037.4,2071.51,2026.17,-1.7,-35.23,767968,295887804.0,2.19,0.47
2022-12-15,2032.59,2019.44,2043.56,2009.41,-0.88,-17.96,572132,217595637.0,1.68,0.35
2022-12-16,2015.03,2008.77,2019.73,1996.62,-0.53,-10.67,510764,195124187.0,1.14,0.31
2022-12-19,2004.89,1937.56,2013.57,1934.88,-3.54,-71.21,648963,242270086.0,3.92,0.4
2022-12-20,1933.44,1944.88,1959.3,1933.44,0.38,7.32,418716,150569543.0,1.33,0.26
2022-12-21,1950.52,1926.43,1950.52,1909.31,-0.95,-18.45,369202,133211170.0,2.12,0.23
2022-12-22,1940.11,1919.48,1941.91,1905.93,-0.36,-6.95,333144,119133334.0,1.87,0.2
2022-12-23,1910.84,1902.69,1922.47,1890.18,-0.87,-16.79,379624,132843768.0,1.68,0.23
2022-12-26,1935.31,1939.09,1943.25,1929.6,1.91,36.4,559166,205061955.0,0.72,0.34
2022-12-27,1934.11,1917.01,1935.06,1908.7,-1.14,-22.08,514626,183939727.0,1.36,0.32
2022-12-28,1909.98,1904.31,1919.16,1898.06,-0.66,-12.7,411828,144705080.0,1.1,0.25
2022-12-29,1907.7,1906.12,1921.49,1895.92,0.1,1.81,430884,147414487.0,1.34,0.26
2022-12-30,1905.94,1931.45,1934.08,1905.77,1.33,25.33,321041,115998998.0,1.49,0.2
2023-01-03,1939.42,1953.86,1959.08,1923.31,1.16,22.41,551874,192915138.0,1.85,0.34
2023-01-04,1955.62,1982.32,1989.31,1945.54,1.46,28.46,572858,206985136.0,2.24,0.35
2023-01-05,1984.89,1977.33,1996.68,1977.33,-0.25,-4.99,432520,156739559.0,0.98,0.27
2023-01-06,1976.39,1987.5,1997.55,1976.39,0.51,10.17,384968,146374053.0,1.07,0.24
2023-01-09,2023.08,2011.69,2041.34,2008.01,1.22,24.19,1244090,422770308.0,1.68,0.76
2023-01-10,2005.41,1994.71,2025.18,1990.86,-0.84,-16.98,1219521,422058602.0,1.71,0.75
2023-01-11,2003.99,2000.03,2017.5,1993.37,0.27,5.32,641967,224909571.0,1.21,0.39
2023-01-12,2007.03,1994.09,2007.03,1984.63,-0.3,-5.94,554330,195843107.0,1.12,0.34
2023-01-13,1995.94,2026.46,2026.46,1995.94,1.62,32.37,626581,221463729.0,1.53,0.38
2023-01-16,2020.16,2035.67,2053.74,2013.55,0.45,9.21,920885,346870081.0,1.98,0.56
2023-01-17,2031.64,2041.55,2044.75,2022.24,0.29,5.88,582528,213231783.0,1.11,0.36
2023-01-18,2041.4,2073.36,2080.43,2041.4,1.56,31.81,637451,243500539.0,1.91,0.39
2023-01-19,2063.42,2092.78,2097.18,2058.21,0.94,19.42,642300,250971276.0,1.88,0.39
2023-01-20,2101.81,2101.94,2107.82,2089.69,0.44,9.16,620313,240042887.0,0.87,0.38
2023-01-30,2108.99,2114.11,2129.97,2108.99,0.58,12.17,758978,297443614.0,1.0,0.47
2023-01-31,2124.88,2098.07,2140.59,2098.07,-0.76,-16.04,746757,292390287.0,2.01,0.46
2023-02-01,2107.42,2132.52,2135.3,2096.87,1.64,34.45,706534,276262160.0,1.83,0.43
2023-02-02,2150.44,2110.7,2150.44,2106.41,-1.02,-21.82,571804,225079615.0,2.06,0.35
2023-02-03,2109.31,2110.66,2112.72,2080.39,0.0,-0.04,550047,214846012.0,1.53,0.34
2023-02-06,2108.56,2103.74,2109.87,2093.31,-0.33,-6.92,408127,159741529.0,0.78,0.25
2023-02-07,2102.33,2107.21,2107.21,2093.31,0.16,3.47,391359,149158164.0,0.66,0.24
2023-02-08,2108.96,2105.31,2118.87,2092.97,-0.09,-1.9,534334,206698448.0,1.23,0.33
2023-02-09,2101.75,2120.9,2121.25,2101.75,0.74,15.59,424371,169994980.0,0.93,0.26
2023-02-10,2122.99,2133.36,2141.32,2122.99,0.59,12.46,571463,230002773.0,0.86,0.35
2023-02-13,2138.48,2135.18,2147.33,2129.85,0.09,1.82,501366,204299325.0,0.82,0.31
2023-02-14,2137.31,2155.0,2160.31,2136.55,0.93,19.82,614615,268465711.0,1.11,0.38
2023-02-15,2151.01,2156.15,2161.38,2146.95,0.05,1.15,467890,193098117.0,0.67,0.29
2023-02-16,2153.76,2106.13,2172.03,2097.69,-2.32,-50.02,1195286,487413757.0,3.45,0.73
2023-02-17,2095.28,2073.2,2102.26,2066.44,-1.56,-32.93,790337,308755067.0,1.7,0.48
2023-02-20,2081.52,2080.72,2086.35,2049.77,0.36,7.52,918611,352418593.0,1.76,0.56
2023-02-21,2080.47,2088.85,2100.0,2076.8,0.39,8.13,566829,221558282.0,1.11,0.35
2023-02-22,2084.29,2073.24,2090.93,2068.88,-0.75,-15.61,417688,164920280.0,1.06,0.26
2023-02-23,2078.3,2093.4,2094.74,2076.67,0.97,20.16,503917,195039788.0,0.87,0.31
2023-02-24,2093.7,2099.16,2101.45,2081.29,0.28,5.76,397588,154045498.0,0.96,0.24
2023-02-27,2098.11,2089.92,2103.01,2079.81,-0.44,-9.24,426612,169600622.0,1.11,0.26
2023-02-28,2089.92,2106.56,2108.68,2089.15,0.8,16.64,318383,124913335.0,0.93,0.2
2023-03-01,2107.25,2121.04,2124.9,2104.8,0.69,14.48,425898,171592214.0,0.95,0.26
2023-03-02,2120.01,2105.0,2124.07,2101.55,-0.76,-16.04,606919,236868487.0,1.06,0.37
2023-03-03,2108.54,2137.35,2142.04,2099.97,1.54,32.35,604239,238028167.0,2.0,0.37
2023-03-06,2133.19,2124.19,2139.45,2120.68,-0.62,-13.16,491043,199399526.0,0.88,0.3
2023-03-07,2123.77,2112.06,2149.31,2107.74,-0.57,-12.13,620434,254379327.0,1.96,0.38
2023-03-08,2110.86,2116.73,2116.73,2099.12,0.22,4.67,410530,162410202.0,0.83,0.25
2023-03-09,2118.07,2101.9,2118.07,2094.92,-0.7,-14.83,369420,144840613.0,1.09,0.23
2023-03-10,2100.15,2080.43,2100.18,2074.79,-1.02,-21.47,351036,135465943.0,1.21,0.22
2023-03-13,2069.55,2073.84,2083.12,2062.57,-0.32,-6.59,394917,154179455.0,0.99,0.24
2023-03-14,2072.07,2047.24,2072.07,2026.6,-1.28,-26.6,467673,185820919.0,2.19,0.29
2023-03-15,2057.34,2061.97,2067.99,2053.64,0.72,14.73,359761,143404946.0,0.7,0.22
2023-03-16,2056.35,2030.0,2057.91,2028.24,-1.55,-31.97,361469,140823743.0,1.44,0.22
2023-03-17,2043.54,2058.54,2078.12,2043.54,1.41,28.54,511261,197354560.0,1.7,0.31
2023-03-20,2053.93,2039.05,2066.17,2027.24,-0.95,-19.49,561797,215912000.0,1.89,0.34
2023-03-21,2040.87,2053.47,2055.59,2035.93,0.71,14.42,407720,157642109.0,0.96,0.25
2023-03-22,2054.08,2051.95,2057.42,2043.49,-0.07,-1.52,349903,138892716.0,0.68,0.21
2023-03-23,2049.35,2071.06,2078.66,2034.9,0.93,19.11,593718,222696113.0,2.13,0.36
2023-03-24,2071.7,2069.94,2075.99,2057.5,-0.05,-1.12,401650,156352966.0,0.89,0.25
2023-03-27,2067.32,2064.03,2072.25,2047.62,-0.29,-5.91,527785,207767545.0,1.19,0.32
2023-03-28,2069.72,2052.77,2069.72,2049.01,-0.55,-11.26,458031,175846648.0,1.0,0.28
2023-03-29,2053.07,2037.2,2054.08,2031.18,-0.76,-15.57,439369,163715314.0,1.12,0.27
2023-03-30,2034.94,2034.73,2038.18,2020.93,-0.12,-2.47,372557,137805956.0,0.85,0.23
2023-03-31,2039.46,2032.24,2042.13,2026.35,-0.12,-2.49,373276,139390158.0,0.78,0.23
2023-04-03,2030.41,2056.7,2059.13,2024.33,1.2,24.46,585632,217092548.0,1.71,0.36
2023-04-04,2054.84,2044.6,2058.57,2038.06,-0.59,-12.1,446803,170472273.0,1.0,0.27
2023-04-06,2044.36,2033.85,2045.08,2026.5,-0.53,-10.75,370351,140559645.0,0.91,0.23
2023-04-07,2034.42,2043.19,2054.97,2032.55,0.46,9.34,449646,170014579.0,1.1,0.28
2023-04-10,2049.72,2024.8,2053.44,2024.01,-0.9,-18.39,440082,167647832.0,1.44,0.27
2023-04-11,2026.34,2020.91,2034.75,2015.91,-0.19,-3.89,421899,163306509.0,0.93,0.26
2023-04-12,2032.81,2037.57,2043.07,2027.02,0.82,16.66,398515,149845920.0,0.79,0.24
2023-04-13,2035.24,2036.9,2059.2,2031.81,-0.03,-0.67,446381,169476585.0,1.34,0.27
2023-04-14,2045.73,2035.96,2050.51,2030.71,-0.05,-0.94,313897,119785072.0,0.97,0.19
2023-04-17,2034.16,2054.37,2062.89,2027.6,0.9,18.41,487708,188494612.0,1.73,0.3
2023-04-18,2056.7,2043.86,2056.7,2026.07,-0.51,-10.51,475601,182204799.0,1.49,0.29
2023-04-19,2040.49,2021.26,2042.03,2021.26,-1.11,-22.6,423222,152934872.0,1.02,0.26
2023-04-20,2026.51,2002.8,2026.51,1998.53,-0.91,-18.46,423141,163247907.0,1.38,0.26
2023-04-21,2004.62,1957.32,2008.56,1957.32,-2.27,-45.48,558007,210873288.0,2.56,0.34
2023-04-24,1980.54,1987.54,2003.28,1964.61,1.54,30.22,582497,211548438.0,1.98,0.36
2023-04-25,1989.68,1965.43,1996.68,1947.98,-1.11,-22.11,472664,176674228.0,2.45,0.29
2023-04-26,1961.55,1977.26,1982.2,1959.67,0.6,11.83,358096,133428393.0,1.15,0.22
2023-04-27,2027.06,2028.06,2034.13,2013.31,2.57,50.8,835026,372061537.0,1.05,0.51
2023-04-28,2040.08,2085.63,2088.78,2036.32,2.84,57.57,1147300,493196096.0,2.59,0.7
2023-05-04,2087.17,2141.08,2145.0,2085.87,2.66,55.45,1153572,489813823.0,2.84,0.71
2023-05-05,2140.25,2162.95,2164.81,2126.0,1.02,21.87,899159,367264715.0,1.81,0.55
2023-05-08,2163.27,2189.5,2201.06,2152.17,1.23,26.55,1120916,458583840.0,2.26,0.69
2023-05-09,2188.2,2215.76,2275.38,2182.41,1.2,26.26,2039963,827931444.0,4.25,1.25
2023-05-10,2204.79,2200.55,2215.21,2190.6,-0.69,-15.21,1217666,501267978.0,1.11,0.75
2023-05-11,2202.29,2200.39,2218.21,2188.58,-0.01,-0.16,817995,349269369.0,1.35,0.5
2023-05-12,2199.7,2190.74,2214.79,2188.26,-0.44,-9.65,574968,236042911.0,1.21,0.35
2023-05-15,2192.03,2211.08,2212.93,2158.13,0.93,20.34,920398,368667402.0,2.5,0.56
2023-05-16,2208.28,2199.64,2223.69,2192.28,-0.52,-11.44,550536,238012599.0,1.42,0.34
2023-05-17,2200.93,2198.15,2211.59,2183.27,-0.07,-1.49,589965,244245183.0,1.29,0.36
2023-05-18,2205.53,2194.53,2205.61,2185.27,-0.16,-3.62,454455,189774297.0,0.93,0.28
2023-05-19,2189.26,2187.07,2205.19,2167.52,-0.34,-7.46,544336,223771862.0,1.72,0.33
2023-05-22,2189.64,2165.83,2195.17,2161.83,-0.97,-21.24,478995,196120702.0,1.52,0.29
2023-05-23,2177.61,2151.91,2180.69,2150.07,-0.64,-13.92,630118,257221723.0,1.41,0.39
2023-05-24,2142.0,2129.53,2151.77,2126.05,-1.04,-22.38,580575,233814332.0,1.2,0.36
2023-05-25,2134.27,2144.36,2146.58,2119.8,0.7,14.83,557965,222544763.0,1.26,0.34
2023-05-26,2139.3,2139.54,2147.07,2125.15,-0.22,-4.82,433090,176870997.0,1.02,0.27
2023-05-29,2143.99,2143.04,2155.85,2138.76,0.16,3.5,441668,177382967.0,0.8,0.27
2023-05-30,2136.48,2143.48,2145.27,2121.62,0.02,0.44,372391,152227761.0,1.1,0.23
2023-05-31,2145.1,2142.72,2154.4,2132.99,-0.04,-0.76,403310,166304045.0,1.0,0.25
2023-06-01,2146.49,2121.98,2146.49,2115.21,-0.97,-20.74,523192,207811623.0,1.46,0.32
2023-06-02,2126.97,2129.27,2138.6,2123.81,0.34,7.29,377729,151222352.0,0.7,0.23
2023-06-05,2124.39,2133.91,2143.1,2120.36,0.22,4.64,560884,227778793.0,1.07,0.34
2023-06-06,2133.12,2108.04,2141.48,2103.4,-1.21,-25.87,499557,198566764.0,1.78,0.31
2023-06-07,2104.98,2088.24,2111.82,2082.46,-0.94,-19.8,503183,196411812.0,1.39,0.31
2023-06-08,2089.51,2064.75,2092.58,2047.46,-1.12,-23.49,729241,271021724.0,2.16,0.45
2023-06-09,2065.42,2069.22,2070.82,2049.55,0.22,4.47,611897,230188995.0,1.03,0.38
2023-06-12,2068.87,2103.46,2113.44,2061.36,1.65,34.24,641433,270991569.0,2.52,0.39
2023-06-13,2091.67,2105.12,2105.12,2090.44,0.08,1.66,403614,164543340.0,0.7,0.25
2023-06-14,2097.09,2083.53,2108.18,2073.62,-1.03,-21.59,494223,191481281.0,1.64,0.3
2023-06-15,2081.3,2102.5,2105.35,2079.7,0.91,18.97,469064,180497862.0,1.23,0.29
2023-06-16,2105.6,2134.5,2136.36,2105.6,1.52,32.0,560259,227009165.0,1.46,0.34
2023-06-19,2131.03,2111.53,2131.04,2110.29,-1.08,-22.97,501310,195197390.0,0.97,0.31
2023-06-20,2113.36,2091.82,2113.54,2091.82,-0.93,-19.71,394055,152349430.0,1.03,0.24
2023-06-21,2093.04,2072.07,2093.04,2071.66,-0.94,-19.75,423955,162625469.0,1.02,0.26
2023-06-26,2062.4,2049.95,2066.74,2044.6,-1.07,-22.12,614753,224303436.0,1.07,0.38
2023-06-27,2049.49,2090.76,2094.88,2049.49,1.99,40.81,519177,202336261.0,2.21,0.32
2023-06-28,2096.11,2093.12,2100.19,2066.22,0.11,2.36,450553,176019367.0,1.62,0.28
2023-06-29,2083.44,2098.49,2106.27,2075.18,0.26,5.37,636757,255731310.0,1.49,0.39
2023-06-30,2098.61,2093.43,2105.25,2087.43,-0.24,-5.06,643748,236798712.0,0.85,0.39
2023-07-03,2087.43,2112.99,2120.03,2087.43,0.93,19.56,746834,292137385.0,1.56,0.46
2023-07-04,2115.68,2095.62,2118.23,2092.28,-0.82,-17.37,693633,258351656.0,1.23,0.43
2023-07-05,2089.57,2073.07,2094.94,2073.07,-1.08,-22.55,473399,180581737.0,1.04,0.29
2023-07-06,2074.29,2065.16,2083.14,2063.55,-0.38,-7.91,405939,155626534.0,0.94,0.25
2023-07-07,2058.55,2066.28,2075.97,2047.37,0.05,1.12,535417,195138886.0,1.38,0.33
2023-07-10,2070.95,2070.97,2081.01,2064.91,0.23,4.69,431314,161098801.0,0.78,0.26
2023-07-11,2074.44,2083.27,2087.42,2066.99,0.59,12.3,391350,151028193.0,0.99,0.24
2023-07-12,2086.34,2066.04,2100.3,2062.58,-0.83,-17.23,721217,307580804.0,1.81,0.44
2023-07-13,2069.54,2075.97,2086.08,2066.44,0.48,9.93,680301,257932217.0,0.95,0.42
2023-07-14,2076.69,2067.87,2077.9,2064.42,-0.39,-8.1,473933,186547031.0,0.65,0.29
2023-07-17,2079.78,2097.48,2100.61,2070.8,1.43,29.61,589501,237070864.0,1.44,0.36
2023-07-18,2093.19,2100.04,2100.45,2080.01,0.12,2.56,393885,157977821.0,0.97,0.24
2023-07-19,2100.18,2096.71,2103.69,2085.4,-0.16,-3.33,335375,132705506.0,0.87,0.21
2023-07-20,2097.38,2069.52,2097.78,2064.82,-1.3,-27.19,452112,180667923.0,1.57,0.28
2023-07-21,2069.52,2065.71,2081.28,2058.47,-0.18,-3.81,462157,175911806.0,1.1,0.28
2023-07-24,2061.35,2077.91,2082.88,2060.74,0.59,12.2,460247,186467523.0,1.07,0.28
2023-07-25,2105.65,2123.9,2130.49,2095.35,2.21,45.99,1179720,416045105.0,1.69,0.72
2023-07-26,2115.77,2109.91,2123.9,2098.9,-0.66,-13.99,622763,226537433.0,1.18,0.38
2023-07-27,2103.98,2114.49,2129.22,2103.67,0.22,4.58,715575,256785362.0,1.21,0.44
2023-07-28,2116.61,2193.7,2199.37,2106.99,3.75,79.21,2334936,876863610.0,4.37,1.43
2023-07-31,2199.11,2209.38,2236.68,2196.27,0.71,15.68,2099406,817985924.0,1.84,1.29
2023-08-01,2202.92,2192.12,2218.5,2180.58,-0.78,-17.26,1375933,530526472.0,1.72,0.84
2023-08-02,2178.29,2211.8,2214.58,2178.29,0.9,19.68,1044940,413372567.0,1.66,0.64
2023-08-03,2206.14,2234.36,2240.1,2191.7,1.02,22.56,1718227,678835868.0,2.19,1.05
2023-08-04,2262.17,2272.08,2307.01,2248.46,1.69,37.72,3249168,1367944030.0,2.62,1.99
2023-08-07,2243.3,2187.52,2243.3,2178.53,-3.72,-84.56,2057154,903786010.0,2.85,1.26
2023-08-08,2186.7,2164.07,2186.7,2143.43,-1.07,-23.45,1437045,596018746.0,1.98,0.88
2023-08-09,2156.98,2141.76,2159.58,2135.96,-1.03,-22.31,927285,376460326.0,1.09,0.57
2023-08-10,2137.86,2151.68,2158.88,2136.0,0.46,9.92,879263,359674607.0,1.07,0.54
2023-08-11,2151.44,2092.66,2151.44,2087.35,-2.74,-59.02,1178007,472991052.0,2.98,0.72
2023-08-14,2047.58,2074.84,2076.15,2047.58,-0.85,-17.82,1119455,419443603.0,1.37,0.69
2023-08-15,2073.09,2075.4,2080.15,2055.84,0.03,0.56,791194,293162400.0,1.17,0.49
2023-08-16,2060.29,2093.41,2118.62,2052.95,0.87,18.01,1003884,371921574.0,3.16,0.62
2023-08-17,2085.01,2091.78,2098.61,2072.43,-0.08,-1.63,790545,299647087.0,1.25,0.48
2023-08-18,2091.78,2056.82,2100.76,2056.82,-1.67,-34.96,630106,236875250.0,2.1,0.39
2023-08-21,2059.71,2036.13,2075.01,2034.0,-1.01,-20.69,750474,286231155.0,1.99,0.46
2023-08-22,2046.68,2034.46,2048.07,1999.68,-0.08,-1.67,832278,304004141.0,2.38,0.51
2023-08-23,2029.27,1981.98,2029.27,1979.86,-2.58,-52.48,653373,232115040.0,2.43,0.4
2023-08-24,1986.22,1980.9,2003.04,1965.78,-0.05,-1.08,641224,230346475.0,1.88,0.39
2023-08-25,1972.37,1977.06,2002.86,1966.42,-0.19,-3.84,637812,231681176.0,1.84,0.39
2023-08-28,2115.42,2025.51,2115.42,2018.9,2.45,48.45,1910754,749125792.0,4.88,1.17
2023-08-29,2023.07,2016.51,2031.5,1990.44,-0.44,-9.0,1572920,587860561.0,2.03,0.96
2023-08-30,2006.53,1972.89,2013.8,1971.4,-2.16,-43.62,1320826,475681079.0,2.1,0.81
2023-08-31,1975.87,1943.69,1976.5,1943.69,-1.48,-29.2,1036538,358215552.0,1.66,0.64
2023-09-01,1947.96,1953.49,1962.02,1943.69,0.5,9.8,700085,250704274.0,0.94,0.43
2023-09-04,1959.05,1987.74,1987.74,1956.24,1.75,34.25,905947,318030614.0,1.61,0.56
2023-09-05,1981.12,1978.35,1985.94,1972.32,-0.47,-9.39,853830,294886065.0,0.69,0.52
2023-09-06,1977.06,1975.29,1981.21,1965.22,-0.15,-3.06,647190,221162224.0,0.81,0.4
2023-09-07,1973.39,1950.38,1975.29,1948.49,-1.26,-24.91,847894,289228833.0,1.36,0.52
2023-09-08,1950.38,1963.08,1969.95,1947.21,0.65,12.7,628192,221782287.0,1.17,0.39
2023-09-11,1963.08,1971.7,1980.2,1957.19,0.44,8.62,788098,276222833.0,1.17,0.48
2023-09-12,1967.67,1966.22,1971.09,1959.6,-0.28,-5.48,515786,182398899.0,0.58,0.32
2023-09-13,1963.03,1941.29,1963.65,1934.67,-1.27,-24.93,539684,190655094.0,1.47,0.33
2023-09-14,1939.61,1939.61,1943.02,1932.99,-0.09,-1.68,542386,182895493.0,0.52,0.33
2023-09-15,1944.93,1949.43,1949.83,1933.2,0.51,9.82,575201,201644378.0,0.86,0.35
2023-09-18,1947.53,1951.22,1959.96,1934.35,0.09,1.79,697321,249471087.0,1.31,0.43
2023-09-19,1948.04,1943.8,1952.31,1937.87,-0.38,-7.42,446405,156230612.0,0.74,0.27
2023-09-20,1941.9,1940.75,1945.86,1935.89,-0.16,-3.05,416412,144245933.0,0.51,0.26
2023-09-21,1938.15,1923.38,1943.36,1923.38,-0.9,-17.37,611370,205237953.0,1.03,0.38
2023-09-22,1922.09,1945.57,1948.99,1922.09,1.15,22.19,692868,234877034.0,1.4,0.43
2023-09-25,1943.65,1894.17,1943.65,1892.88,-2.64,-51.4,790220,271048687.0,2.61,0.48
2023-09-26,1884.33,1857.58,1887.7,1857.58,-1.93,-36.59,652323,217856334.0,1.59,0.4
2023-09-27,1860.89,1864.94,1878.41,1860.89,0.4,7.36,568309,191067917.0,0.94,0.35
2023-09-28,1868.26,1865.49,1870.76,1846.02,0.03,0.55,619608,207007259.0,1.33,0.38
2023-10-09,1858.11,1828.08,1858.11,1825.08,-2.01,-37.41,670327,220208879.0,1.77,0.41
2023-10-10,1823.83,1807.82,1823.83,1791.86,-1.11,-20.26,861595,268852007.0,1.75,0.53
2023-10-11,1802.38,1795.44,1819.43,1792.45,-0.68,-12.38,545926,180903556.0,1.49,0.33
2023-10-12,1805.28,1817.51,1820.76,1805.12,1.23,22.07,591431,200098792.0,0.87,0.36
2023-10-13,1810.13,1820.32,1839.34,1806.78,0.15,2.81,451876,146309318.0,1.79,0.28
2023-10-16,1814.96,1787.67,1814.96,1781.15,-1.79,-32.65,496861,159733412.0,1.86,0.3
2023-10-17,1776.15,1796.16,1808.21,1769.29,0.47,8.49,566824,181010830.0,2.18,0.35
2023-10-18,1793.85,1757.46,1793.85,1757.46,-2.15,-38.7,641346,201262380.0,2.03,0.39
2023-10-19,1749.59,1743.05,1757.31,1733.11,-0.82,-14.41,631407,195326085.0,1.38,0.39
2023-10-20,1738.4,1746.95,1761.9,1735.18,0.22,3.9,465752,151681196.0,1.53,0.29
2023-10-23,1740.35,1687.91,1740.35,1682.31,-3.38,-59.04,699203,225023192.0,3.32,0.43
2023-10-24,1687.91,1711.05,1716.6,1672.99,1.37,23.14,677131,211728397.0,2.58,0.42
2023-10-25,1720.77,1748.37,1753.39,1720.77,2.18,37.32,662185,211025151.0,1.91,0.41
2023-10-26,1752.12,1781.05,1784.2,1747.75,1.87,32.68,624164,198304793.0,2.08,0.38
2023-10-27,1788.78,1822.72,1830.36,1787.74,2.34,41.67,629772,212508209.0,2.39,0.39
2023-10-30,1837.38,1864.49,1867.74,1837.38,2.29,41.77,745386,252401482.0,1.67,0.46
2023-10-31,1897.88,1889.55,1899.43,1887.52,1.34,25.06,396020,138375572.0,0.64,0.24
2023-11-01,1930.61,1925.98,1932.68,1921.34,1.93,36.43,415644,148699632.0,0.6,0.25
2023-11-02,1959.26,1897.05,1959.26,1887.41,-1.5,-28.93,1194861,407947279.0,3.73,0.73
2023-11-03,1895.93,1932.78,1943.48,1895.93,1.88,35.73,510917,178676488.0,2.51,0.31
2023-11-06,1956.21,1980.04,1980.04,1950.26,2.45,47.26,691586,246840019.0,1.54,0.42
2023-11-07,2029.85,2043.01,2048.56,2011.04,3.18,62.97,1138838,415004712.0,1.89,0.7
2023-11-08,2062.0,2019.73,2099.22,2015.6,-1.14,-23.28,1925802,730916195.0,4.09,1.18
2023-11-09,2012.99,1990.32,2012.99,1974.88,-1.46,-29.41,1319369,471484039.0,1.89,0.81
2023-11-10,1977.79,1980.17,2002.61,1958.24,-0.51,-10.15,965590,339868902.0,2.23,0.59
2023-11-13,1972.67,1971.89,1975.92,1958.18,-0.42,-8.28,714203,251591963.0,0.9,0.44
2023-11-14,1970.21,1976.81,1986.54,1951.93,0.25,4.92,997374,348196096.0,1.76,0.61
2023-11-15,1993.78,1969.45,2002.66,1964.68,-0.37,-7.36,780216,276335214.0,1.92,0.48
2023-11-16,1967.51,1956.85,1982.08,1956.05,-0.64,-12.6,533644,191381335.0,1.32,0.33
2023-11-17,1953.41,1954.29,1960.99,1946.8,-0.13,-2.56,447559,157508316.0,0.73,0.27
2023-11-20,1963.41,1962.41,1966.37,1950.86,0.42,8.12,492267,176361235.0,0.79,0.3
2023-11-21,1960.46,1952.52,1972.7,1952.52,-0.5,-9.89,597115,211188686.0,1.03,0.37
2023-11-22,1949.88,1952.44,1972.36,1946.56,0.0,-0.08,697971,247230950.0,1.32,0.43
2023-11-23,1949.77,1965.4,1970.77,1949.77,0.66,12.96,745663,262000435.0,1.08,0.46
2023-11-24,1965.59,1939.9,1965.59,1938.56,-1.3,-25.5,569898,198811692.0,1.38,0.35
2023-11-27,1931.41,1932.9,1937.51,1912.89,-0.36,-7.0,667776,225468648.0,1.27,0.41
2023-11-28,1930.19,1922.3,1937.6,1918.89,-0.55,-10.6,495467,171558042.0,0.97,0.3
2023-11-29,1920.96,1902.86,1926.38,1901.54,-1.01,-19.44,545417,183811247.0,1.29,0.33
2023-11-30,1894.22,1906.93,1919.79,1894.22,0.21,4.07,641476,215685873.0,1.34,0.39
2023-12-01,1908.92,1916.48,1922.54,1898.25,0.5,9.55,550338,187197149.0,1.27,0.34
2023-12-04,1921.78,1907.2,1921.78,1904.54,-0.48,-9.28,474148,161141856.0,0.9,0.29
2023-12-05,1910.58,1886.55,1910.58,1886.55,-1.08,-20.65,617027,206778887.0,1.26,0.38
2023-12-06,1885.23,1896.62,1905.96,1879.17,0.53,10.07,486878,164435422.0,1.42,0.3
2023-12-07,1892.57,1900.09,1908.78,1887.26,0.18,3.47,534251,179402317.0,1.13,0.33
2023-12-08,1898.07,1887.38,1904.77,1885.33,-0.67,-12.71,625935,209069914.0,1.02,0.38
2023-12-11,1880.72,1913.59,1916.91,1871.23,1.39,26.21,911819,302814109.0,2.42,0.56
2023-12-12,1910.93,1900.23,1913.62,1895.49,-0.7,-13.36,591939,197964306.0,0.95,0.36
2023-12-13,1898.89,1883.88,1900.23,1879.81,-0.86,-16.35,540415,179021765.0,1.07,0.33
2023-12-14,1883.83,1881.76,1900.64,1879.74,-0.11,-2.12,520023,176243852.0,1.11,0.32
2023-12-15,1880.46,1875.92,1902.18,1870.53,-0.31,-5.84,626541,207094403.0,1.68,0.38
2023-12-18,1873.85,1848.33,1875.16,1840.15,-1.47,-27.59,594648,197816951.0,1.87,0.36
2023-12-19,1845.54,1840.93,1853.02,1830.15,-0.4,-7.4,486785,161093200.0,1.24,0.3
2023-12-20,1840.15,1808.58,1840.22,1808.58,-1.76,-32.35,583616,192625696.0,1.72,0.36
2023-12-21,1807.29,1817.93,1822.03,1789.87,0.52,9.35,579344,188269711.0,1.78,0.36
2023-12-22,1817.93,1804.99,1823.27,1796.81,-0.71,-12.94,637833,213628460.0,1.46,0.39
2023-12-25,1796.21,1802.97,1815.87,1796.21,-0.11,-2.02,402113,136150919.0,1.09,0.25
2023-12-26,1802.97,1779.54,1802.97,1776.97,-1.3,-23.43,387914,130380240.0,1.44,0.24
2023-12-27,1780.82,1796.77,1813.46,1774.61,0.97,17.23,586549,190602312.0,2.18,0.36
2023-12-28,1795.41,1841.9,1848.13,1794.13,2.51,45.13,658790,220110552.0,3.01,0.4
2023-12-29,1838.53,1828.79,1847.72,1823.44,-0.71,-13.11,622700,212972669.0,1.32,0.38
2024-01-02,1825.5,1819.01,1832.38,1819.01,-0.53,-9.78,580705,208930368.0,0.73,0.36
2024-01-03,1816.87,1830.24,1837.64,1816.87,0.62,11.23,521938,175213937.0,1.14,0.32
2024-01-04,1826.97,1815.27,1830.96,1805.01,-0.82,-14.97,389008,131499942.0,1.42,0.24
2024-01-05,1817.27,1805.01,1830.1,1798.17,-0.57,-10.26,531451,173001644.0,1.76,0.33
2024-01-08,1802.85,1775.75,1802.85,1773.76,-1.62,-29.26,536482,176683034.0,1.61,0.33
2024-01-09,1780.27,1778.79,1798.47,1763.65,0.17,3.04,477268,152347914.0,1.96,0.29
2024-01-10,1776.65,1780.07,1794.15,1760.55,0.07,1.28,452430,146712949.0,1.89,0.28
2024-01-11,1778.8,1809.6,1817.0,1778.8,1.66,29.53,511396,162194258.0,2.15,0.31
2024-01-12,1807.48,1789.33,1817.45,1788.05,-1.12,-20.27,442773,144754608.0,1.62,0.27
2024-01-15,1784.63,1800.34,1811.35,1784.63,0.62,11.01,401013,128928454.0,1.49,0.25
2024-01-16,1802.49,1796.04,1814.59,1775.98,-0.24,-4.3,518130,165173365.0,2.14,0.32
2024-01-17,1798.2,1767.34,1810.83,1767.34,-1.6,-28.7,689320,219839943.0,2.42,0.42
2024-01-18,1755.93,1757.97,1757.97,1705.89,-0.53,-9.37,1145138,358423562.0,2.95,0.7
2024-01-19,1750.42,1735.75,1753.92,1732.31,-1.26,-22.22,540504,171053463.0,1.23,0.33
2024-01-22,1732.92,1655.4,1739.86,1648.04,-4.63,-80.35,849962,266931731.0,5.29,0.52
2024-01-23,1657.55,1735.94,1743.75,1639.15,4.87,80.54,712700,219904817.0,6.32,0.44
2024-01-24,1799.19,1881.91,1893.92,1794.53,8.41,145.97,1909611,632743904.0,5.73,1.17
2024-01-25,1929.03,1959.99,1959.99,1925.68,4.15,78.08,2031438,693053541.0,1.82,1.25
2024-01-26,1985.92,1980.76,2027.26,1958.94,1.06,20.77,4693450,1661951607.0,3.49,2.88
2024-01-29,1924.04,1881.48,1924.04,1875.95,-5.01,-99.28,1486259,503160833.0,2.43,0.91
2024-01-30,1802.81,1794.71,1840.48,1788.65,-4.61,-86.77,2667459,802103301.0,2.75,1.64
2024-01-31,1777.49,1763.15,1846.68,1752.34,-1.76,-31.56,2206832,673853452.0,5.26,1.35
2024-02-01,1747.49,1728.5,1772.55,1721.77,-1.97,-34.65,1604996,489121894.0,2.88,0.98
2024-02-02,1727.85,1672.24,1731.13,1618.15,-3.25,-56.26,1677765,500394581.0,6.54,1.03
2024-02-05,1657.85,1575.6,1657.85,1535.47,-5.78,-96.64,1701705,492947805.0,7.32,1.04
2024-02-06,1555.22,1700.35,1709.85,1555.22,7.92,124.75,1681349,495662723.0,9.81,1.03
2024-02-07,1693.88,1760.06,1777.47,1693.88,3.51,59.71,2259371,732877380.0,4.92,1.39
2024-02-08,1764.58,1788.47,1814.39,1764.58,1.61,28.41,2100493,696708530.0,2.83,1.29
2024-02-19,1802.77,1788.74,1806.4,1769.96,0.02,0.27,1658165,530110442.0,2.04,1.02
2024-02-20,1780.99,1799.54,1805.23,1768.83,0.6,10.8,1143248,356437688.0,2.03,0.7
2024-02-21,1788.45,1801.36,1838.8,1783.22,0.1,1.82,1606940,508519445.0,3.09,0.99
2024-02-22,1795.04,1827.86,1827.86,1789.8,1.47,26.5,1115239,351996703.0,2.11,0.68
2024-02-23,1849.32,1821.29,1849.32,1800.12,-0.36,-6.57,1348332,428276089.0,2.69,0.83
2024-02-26,1822.0,1813.02,1829.9,1802.87,-0.45,-8.27,1049158,342962124.0,1.48,0.64
2024-02-27,1809.73,1848.19,1849.48,1809.73,1.94,35.17,1142868,367435775.0,2.19,0.7
2024-02-28,1851.51,1834.32,1895.98,1834.23,-0.75,-13.87,2252566,745302254.0,3.34,1.38
2024-02-29,1827.72,1866.64,1866.64,1827.72,1.76,32.32,1389533,458693138.0,2.12,0.85
2024-03-01,1864.63,1874.72,1885.03,1855.73,0.43,8.08,1258358,419635620.0,1.57,0.77
2024-03-04,1872.97,1849.09,1873.08,1840.26,-1.37,-25.63,1024411,336901672.0,1.75,0.63
2024-03-05,1843.65,1830.87,1854.93,1828.73,-0.99,-18.22,845342,279911180.0,1.42,0.52
2024-03-06,1828.85,1832.61,1852.26,1813.59,0.1,1.74,817712,270985606.0,2.11,0.5
2024-03-07,1829.52,1808.6,1843.21,1808.6,-1.31,-24.01,769776,250584531.0,1.89,0.47
2024-03-08,1810.63,1812.37,1819.24,1796.92,0.21,3.77,623102,199572230.0,1.23,0.38
2024-03-11,1809.87,1843.56,1846.84,1809.87,1.72,31.19,838535,274180837.0,2.04,0.51
2024-03-12,1850.63,1843.09,1853.47,1830.4,-0.03,-0.47,771459,255728891.0,1.25,0.47
2024-03-13,1842.72,1830.93,1848.38,1823.44,-0.66,-12.16,733315,238378871.0,1.35,0.45
2024-03-14,1831.41,1836.22,1859.02,1827.36,0.29,5.29,859143,270871971.0,1.73,0.53
2024-03-15,1834.1,1855.1,1855.1,1824.47,1.03,18.88,981479,317630907.0,1.67,0.6
2024-03-18,1855.48,1868.79,1872.7,1851.26,0.74,13.69,1100931,362705375.0,1.16,0.68
2024-03-19,1863.34,1837.75,1863.34,1837.75,-1.66,-31.04,822861,270854227.0,1.37,0.5
2024-03-20,1835.6,1840.68,1845.46,1829.78,0.16,2.93,561189,185317438.0,0.85,0.34
2024-03-21,1843.99,1839.21,1855.66,1833.26,-0.08,-1.47,944764,303302923.0,1.22,0.58
2024-03-22,1838.7,1812.1,1838.7,1801.83,-1.47,-27.11,855259,274847604.0,2.0,0.52
2024-03-25,1807.94,1781.88,1816.22,1781.88,-1.67,-30.22,749187,240938880.0,1.9,0.46
2024-03-26,1781.88,1780.98,1796.2,1769.71,-0.05,-0.9,705085,220615649.0,1.49,0.43
2024-03-27,1780.98,1749.65,1782.24,1748.39,-1.76,-31.33,665724,208033387.0,1.9,0.41
2024-03-28,1748.39,1759.73,1783.66,1748.39,0.58,10.08,739405,234371140.0,2.02,0.45
2024-03-29,1759.73,1774.73,1774.73,1751.14,0.85,15.0,527228,168902819.0,1.34,0.32
2024-04-01,1784.88,1805.62,1808.53,1784.88,1.74,30.89,679248,220280618.0,1.33,0.42
2024-04-02,1807.64,1803.58,1814.35,1797.98,-0.11,-2.04,622094,199264765.0,0.91,0.38
2024-04-03,1804.83,1790.99,1808.55,1786.49,-0.7,-12.59,631972,199120639.0,1.22,0.39
2024-04-08,1790.99,1773.14,1799.73,1770.14,-1.0,-17.85,813741,256773537.0,1.65,0.5
2024-04-09,1773.14,1845.17,1849.13,1773.14,4.06,72.03,752716,243769187.0,4.29,0.46
2024-04-10,1860.98,1820.63,1860.98,1808.77,-1.33,-24.54,1232809,378176062.0,2.83,0.76
2024-04-11,1815.58,1810.19,1831.85,1802.79,-0.57,-10.44,888139,283731450.0,1.6,0.54
2024-04-12,1810.67,1787.05,1810.67,1787.05,-1.28,-23.14,811781,254377659.0,1.3,0.5
2024-04-15,1786.93,1875.4,1883.65,1786.93,4.94,88.35,2111811,673442789.0,5.41,1.3
2024-04-16,1874.12,1864.82,1925.59,1863.54,-0.56,-10.58,3175451,1014798800.0,3.31,1.95
2024-04-17,1845.61,1889.98,1893.34,1844.05,1.35,25.16,2107185,679364780.0,2.64,1.29
2024-04-18,1884.18,1900.02,1922.67,1884.18,0.53,10.04,2056992,672618549.0,2.04,1.26
2024-04-19,1880.6,1897.81,1932.52,1880.6,-0.12,-2.21,1878814,619657350.0,2.73,1.15
2024-04-22,1886.94,1832.29,1898.56,1826.85,-3.45,-65.52,1438273,491860523.0,3.78,0.88
2024-04-23,1826.79,1833.69,1849.37,1825.52,0.08,1.4,1070172,352107173.0,1.3,0.66
2024-04-24,1831.54,1842.52,1847.39,1818.09,0.48,8.83,948639,300645623.0,1.6,0.58
2024-04-25,1837.83,1817.24,1850.3,1812.45,-1.37,-25.28,1034148,325810121.0,2.05,0.63
2024-04-26,1846.78,1909.14,1913.34,1833.62,5.06,91.9,2410404,779098940.0,4.39,1.48
2024-04-29,1897.55,1932.87,1932.87,1888.73,1.24,23.73,1985121,653885007.0,2.31,1.22
2024-04-30,1930.09,1907.04,1930.09,1902.23,-1.34,-25.83,1353472,450377512.0,1.44,0.83
2024-05-06,1929.38,1920.8,1938.57,1905.38,0.72,13.76,1329688,451092952.0,1.74,0.82
2024-05-07,1924.72,1919.28,1924.72,1904.89,-0.08,-1.52,1070125,362913039.0,1.03,0.66
2024-05-08,1915.14,1884.6,1915.14,1881.18,-1.81,-34.68,1163602,380897168.0,1.77,0.71
2024-05-09,1888.84,1905.19,1919.04,1888.84,1.09,20.59,974516,328136683.0,1.6,0.6
2024-05-10,1911.93,1930.54,1933.85,1893.74,1.33,25.35,1105005,377645434.0,2.11,0.68
2024-05-13,1919.26,1932.07,1947.67,1906.69,0.08,1.53,1229794,443283840.0,2.12,0.75
2024-05-14,1935.07,1928.7,1943.48,1922.81,-0.17,-3.37,990941,356431512.0,1.07,0.61
2024-05-15,1932.01,1903.67,1934.56,1898.21,-1.3,-25.03,789082,275258263.0,1.88,0.48
2024-05-16,1900.37,1880.02,1908.25,1873.28,-1.24,-23.65,908083,305748810.0,1.84,0.56
2024-05-17,1881.3,1900.24,1900.24,1867.64,1.08,20.22,972746,322197101.0,1.73,0.6
2024-05-20,1893.75,1887.45,1911.95,1880.71,-0.67,-12.79,997713,338997393.0,1.64,0.61
2024-05-21,1880.71,1857.47,1880.71,1850.73,-1.59,-29.98,948394,305931104.0,1.59,0.58
2024-05-22,1860.77,1860.24,1870.27,1854.78,0.15,2.77,823518,270391833.0,0.83,0.51
2024-05-23,1854.78,1811.84,1854.78,1808.24,-2.6,-48.4,1152625,370575805.0,2.5,0.71
2024-05-24,1810.57,1817.83,1830.4,1810.57,0.33,5.99,721282,238930032.0,1.09,0.44
2024-05-27,1814.74,1837.96,1839.98,1805.07,1.11,20.13,910163,303171286.0,1.92,0.56
2024-05-28,1842.14,1831.02,1850.1,1827.59,-0.38,-6.94,699333,233719159.0,1.22,0.43
2024-05-29,1828.83,1831.83,1851.36,1826.31,0.04,0.81,647241,216469884.0,1.37,0.4
2024-05-30,1830.91,1836.33,1848.75,1824.58,0.25,4.5,618190,202290932.0,1.32,0.38
2024-05-31,1836.33,1834.44,1846.1,1830.01,-0.1,-1.89,567768,185827680.0,0.88,0.35
2024-06-03,1837.04,1847.24,1867.2,1830.66,0.7,12.8,1665970,527868111.0,1.99,1.02
2024-06-04,1844.39,1864.28,1868.44,1820.08,0.92,17.04,909927,294718203.0,2.62,0.56
2024-06-05,1863.52,1865.12,1883.52,1863.06,0.05,0.84,955540,308808018.0,1.1,0.59
2024-06-06,1863.91,1842.46,1864.41,1833.72,-1.21,-22.66,1015101,327401754.0,1.65,0.62
2024-06-07,1850.71,1832.07,1850.84,1811.56,-0.56,-10.39,910158,292859962.0,2.13,0.56
2024-06-11,1823.22,1817.56,1832.06,1806.77,-0.79,-14.51,769329,241888195.0,1.38,0.47
2024-06-12,1818.88,1805.57,1818.88,1803.52,-0.66,-11.99,616562,201192141.0,0.85,0.38
2024-06-13,1804.24,1807.26,1819.55,1790.62,0.09,1.69,1106966,340829501.0,1.6,0.68
2024-06-14,1801.2,1793.03,1833.06,1764.5,-0.79,-14.23,2167303,647244141.0,3.79,1.33
2024-06-17,1775.77,1783.93,1807.23,1757.94,-0.51,-9.1,1124339,344062942.0,2.75,0.69
2024-06-18,1782.6,1785.72,1791.22,1772.9,0.1,1.79,768811,236252089.0,1.03,0.47
2024-06-19,1793.83,1767.1,1800.55,1767.1,-1.04,-18.62,620693,193670900.0,1.87,0.38
2024-06-20,1766.64,1734.46,1772.14,1734.46,-1.85,-32.64,764888,232181917.0,2.13,0.47
2024-06-21,1734.81,1738.13,1750.14,1734.81,0.21,3.67,582116,184283252.0,0.88,0.36
2024-06-24,1736.88,1713.53,1736.88,1694.61,-1.42,-24.6,696693,217679677.0,2.43,0.43
2024-06-25,1713.59,1700.17,1727.95,1689.18,-0.78,-13.36,639491,201961812.0,2.26,0.39
2024-06-26,1698.06,1722.72,1726.89,1691.25,1.33,22.55,628120,192763376.0,2.1,0.39
2024-06-27,1722.72,1696.27,1722.72,1694.16,-1.54,-26.45,603155,181203299.0,1.66,0.37
2024-06-28,1700.98,1709.77,1737.19,1700.98,0.8,13.5,854404,263416248.0,2.13,0.52
2024-07-01,1711.87,1707.1,1721.84,1702.17,-0.16,-2.67,576811,180512012.0,1.15,0.35
2024-07-02,1707.89,1704.37,1716.72,1697.56,-0.16,-2.73,621120,187386082.0,1.12,0.38
2024-07-03,1705.62,1699.0,1716.59,1694.83,-0.32,-5.37,557543,169794590.0,1.28,0.34
2024-07-04,1701.66,1663.43,1702.99,1662.73,-2.09,-35.57,713613,211950299.0,2.37,0.44
2024-07-05,1661.31,1670.43,1679.89,1645.39,0.42,7.0,749027,218941293.0,2.07,0.46
2024-07-08,1673.09,1628.77,1673.09,1618.52,-2.49,-41.66,635111,189542401.0,3.27,0.39
2024-07-09,1626.66,1650.4,1661.44,1615.85,1.33,21.63,763175,218704115.0,2.8,0.47
2024-07-10,1651.83,1643.17,1662.29,1638.39,-0.44,-7.23,505681,147195350.0,1.45,0.31
2024-07-11,1662.29,1676.7,1682.81,1656.17,2.04,33.53,736796,215782740.0,1.62,0.45
2024-07-12,1680.07,1669.04,1691.67,1665.74,-0.46,-7.66,580456,172204258.0,1.55,0.36
2024-07-15,1664.35,1658.23,1664.95,1649.22,-0.65,-10.81,574101,168876564.0,0.94,0.35
2024-07-16,1656.11,1648.74,1663.71,1645.28,-0.57,-9.49,453446,136465577.0,1.11,0.28
2024-07-17,1652.12,1650.01,1658.99,1641.77,0.08,1.27,533628,159284237.0,1.04,0.33
2024-07-18,1645.27,1654.1,1654.1,1624.01,0.25,4.09,597341,172667246.0,1.82,0.37
2024-07-19,1647.24,1660.82,1666.33,1638.91,0.41,6.72,702885,204670847.0,1.66,0.43
2024-07-22,1666.92,1664.33,1686.48,1655.46,0.21,3.51,757843,222575942.0,1.87,0.46
2024-07-23,1662.96,1635.95,1670.34,1635.95,-1.71,-28.38,633060,187490929.0,2.07,0.39
2024-07-24,1638.1,1625.1,1639.15,1618.54,-0.66,-10.85,803384,231605911.0,1.26,0.49
2024-07-25,1621.55,1642.39,1660.49,1621.55,1.06,17.29,795647,229525825.0,2.4,0.49
2024-07-26,1645.72,1681.7,1685.03,1645.72,2.39,39.31,875690,258648665.0,2.39,0.54
2024-07-29,1687.21,1689.37,1699.58,1684.24,0.46,7.67,615542,183528017.0,0.91,0.38
2024-07-30,1684.65,1694.11,1699.61,1679.76,0.28,4.74,591356,174562820.0,1.17,0.36
2024-07-31,1694.89,1762.07,1771.51,1694.89,4.01,67.96,1414657,434158858.0,4.52,0.87
2024-08-01,1762.67,1759.17,1773.68,1748.79,-0.16,-2.9,988053,304936981.0,1.41,0.61
2024-08-02,1749.57,1730.6,1756.59,1729.39,-1.62,-28.57,761189,232215456.0,1.55,0.47
2024-08-05,1725.09,1711.96,1753.02,1709.98,-1.08,-18.64,945395,293674200.0,2.49,0.58
2024-08-06,1726.48,1713.53,1731.98,1698.98,0.09,1.57,647209,197663460.0,1.93,0.4
2024-08-07,1714.71,1704.83,1720.78,1697.39,-0.51,-8.7,535017,161724012.0,1.37,0.33
2024-08-08,1704.95,1713.79,1723.98,1690.88,0.53,8.96,603927,180832430.0,1.94,0.37
2024-08-09,1720.66,1697.63,1731.08,1697.03,-0.94,-16.16,556263,168599491.0,1.99,0.34
2024-08-12,1698.4,1689.08,1700.1,1682.2,-0.5,-8.55,485277,143957343.0,1.05,0.3
2024-08-13,1687.13,1706.72,1708.93,1679.99,1.04,17.64,493461,147176169.0,1.71,0.3
2024-08-14,1708.07,1689.11,1708.07,1685.82,-1.03,-17.61,442020,139090673.0,1.3,0.27
2024-08-15,1682.24,1706.36,1723.8,1682.24,1.02,17.25,620893,190790839.0,2.46,0.38
2024-08-16,1709.95,1682.47,1709.95,1676.94,-1.4,-23.89,568131,170421919.0,1.93,0.35
2024-08-19,1682.17,1687.7,1701.44,1680.23,0.31,5.23,567613,170167886.0,1.26,0.35
2024-08-20,1686.8,1661.86,1686.8,1652.75,-1.53,-25.84,667539,194725857.0,2.02,0.41
2024-08-21,1652.76,1642.01,1658.28,1638.14,-1.19,-19.85,449726,129099872.0,1.21,0.28
2024-08-22,1646.65,1623.21,1649.94,1621.27,-1.14,-18.8,464706,131965751.0,1.75,0.29
2024-08-23,1624.55,1624.24,1635.6,1610.21,0.06,1.03,483209,137914973.0,1.56,0.3
2024-08-26,1627.52,1623.72,1642.07,1614.91,-0.03,-0.52,494316,143652540.0,1.67,0.3
2024-08-27,1624.59,1608.32,1624.59,1601.44,-0.95,-15.4,446310,129016929.0,1.43,0.27
2024-08-28,1638.7,1617.04,1638.7,1612.87,0.54,8.72,734223,240264902.0,1.61,0.45
2024-08-29,1625.84,1656.44,1669.17,1625.84,2.44,39.4,914671,318225115.0,2.68,0.56
2024-08-30,1654.82,1680.28,1706.39,1654.82,1.44,23.84,1180857,371266384.0,3.11,0.72
2024-09-02,1685.53,1663.68,1688.15,1662.37,-0.99,-16.6,1024082,331893209.0,1.53,0.63
2024-09-03,1662.4,1661.2,1675.86,1657.58,-0.15,-2.48,606324,186203713.0,1.1,0.37
2024-09-04,1655.63,1644.87,1667.24,1644.87,-0.98,-16.33,558480,173816465.0,1.35,0.34
2024-09-05,1649.73,1653.68,1662.81,1640.66,0.54,8.81,549082,170837719.0,1.35,0.34
2024-09-06,1661.57,1648.62,1679.94,1648.62,-0.31,-5.06,755699,221692485.0,1.89,0.46
2024-09-09,1646.65,1648.94,1673.77,1638.14,0.02,0.32,677169,203226994.0,2.16,0.42
2024-09-10,1660.36,1638.46,1660.36,1610.04,-0.64,-10.48,804080,229458574.0,3.05,0.49
2024-09-11,1631.28,1625.29,1645.32,1615.17,-0.8,-13.17,589759,169326997.0,1.84,0.36
2024-09-12,1626.34,1648.74,1660.02,1626.34,1.44,23.45,612129,181770542.0,2.07,0.38
2024-09-13,1651.06,1648.63,1666.42,1645.87,-0.01,-0.11,592622,180425662.0,1.25,0.36
2024-09-18,1648.99,1663.95,1668.63,1611.87,0.93,15.32,883964,261015144.0,3.44,0.54
2024-09-19,1665.21,1674.93,1689.88,1649.52,0.66,10.98,897460,269955376.0,2.43,0.55
2024-09-20,1674.93,1667.66,1675.15,1650.92,-0.43,-7.27,603049,180371294.0,1.45,0.37
2024-09-23,1668.92,1656.1,1668.92,1650.51,-0.69,-11.56,572745,175025334.0,1.1,0.35
2024-09-24,1662.27,1784.78,1786.73,1662.27,7.77,128.68,2491373,760641142.0,7.52,1.53
2024-09-25,1857.8,1872.16,1932.06,1852.54,4.9,87.38,4935483,1593357612.0,4.46,3.03
2024-09-26,1838.57,1915.96,1922.47,1838.57,2.34,43.8,4322126,1379108616.0,4.48,2.65
2024-09-27,1980.31,2001.2,2001.2,1940.44,4.45,85.24,3682019,1245695896.0,3.17,2.26
2024-09-30,2147.05,2201.86,2201.86,2079.6,10.03,200.66,7341535,2739595646.0,6.11,4.5
2024-10-08,2421.8,2411.98,2421.8,2284.24,9.54,210.12,7875877,3291267795.0,6.25,4.83
2024-10-09,2314.84,2188.17,2368.08,2184.12,-9.28,-223.81,6107699,2444644922.0,7.63,3.75
2024-10-10,2181.05,2109.71,2233.27,2072.92,-3.59,-78.46,4334103,1601893003.0,7.33,2.66
2024-10-11,2095.79,2057.54,2119.53,2031.43,-2.47,-52.17,2680759,974466095.0,4.18,1.64
2024-10-14,2134.73,2182.91,2188.65,2099.23,6.09,125.37,5270912,1968059284.0,4.35,3.23
2024-10-15,2168.7,2080.67,2194.34,2080.67,-4.68,-102.24,5206244,1948699643.0,5.21,3.19
2024-10-16,2038.04,2069.05,2112.21,2038.04,-0.56,-11.62,2944027,1057879256.0,3.56,1.81
2024-10-17,2082.84,2051.09,2117.03,2051.09,-0.87,-17.96,2653126,962751073.0,3.19,1.63
2024-10-18,2045.51,2111.34,2169.97,2026.32,2.94,60.25,3795376,1381914383.0,7.0,2.33
2024-10-21,2104.22,2081.28,2104.22,2064.6,-1.42,-30.06,2948308,1079952194.0,1.88,1.81
2024-10-22,2075.43,2097.85,2100.12,2065.66,0.8,16.57,2083853,772991289.0,1.66,1.28
2024-10-23,2093.59,2102.03,2142.0,2090.94,0.2,4.18,2194630,806748926.0,2.43,1.35
2024-10-24,2091.23,2096.89,2107.93,2079.84,-0.24,-5.14,1615957,587138224.0,1.34,0.99
2024-10-25,2094.62,2125.26,2165.05,2094.62,1.35,28.37,2369426,862281425.0,3.36,1.45
2024-10-28,2125.01,2172.07,2179.86,2116.81,2.2,46.81,2545544,964087739.0,2.97,1.56
2024-10-29,2180.94,2148.9,2213.23,2142.7,-1.07,-23.17,2878472,1110332255.0,3.25,1.77
2024-10-30,2146.64,2160.18,2173.95,2131.07,0.52,11.28,2324440,906895824.0,2.0,1.43
2024-10-31,2157.22,2312.28,2339.8,2148.69,7.04,152.1,5370352,2188155678.0,8.85,3.29
2024-11-01,2359.15,2288.59,2395.94,2268.04,-1.02,-23.69,9751047,4242021462.0,5.53,5.98
2024-11-04,2339.16,2464.07,2464.07,2271.17,7.67,175.48,8745892,3708986160.0,8.43,5.37
2024-11-05,2463.01,2492.04,2564.91,2448.48,1.14,27.97,9181238,4129505485.0,4.73,5.63
2024-11-06,2479.87,2433.07,2505.27,2412.68,-2.37,-58.97,6332978,2806551902.0,3.72,3.88
2024-11-07,2391.51,2613.73,2629.78,2382.98,7.43,180.66,9206462,4146329828.0,10.14,5.65
2024-11-08,2612.99,2517.47,2612.99,2510.07,-3.68,-96.26,7542612,3411099783.0,3.94,4.63
2024-11-11,2538.41,2609.72,2617.78,2538.41,3.66,92.25,6008895,2681258726.0,3.15,3.69
2024-11-12,2633.75,2518.24,2657.81,2493.29,-3.51,-91.48,6287580,2745091156.0,6.3,3.86
2024-11-13,2504.72,2492.24,2543.98,2459.93,-1.03,-26.0,3903706,1647913463.0,3.34,2.39
2024-11-14,2480.46,2464.25,2533.98,2457.32,-1.12,-27.99,3292557,1388352553.0,3.08,2.02
2024-11-15,2455.91,2361.83,2473.67,2360.42,-4.16,-102.42,3138037,1284153613.0,4.6,1.92
2024-11-18,2380.99,2340.56,2388.75,2324.74,-0.9,-21.27,2515679,1025124553.0,2.71,1.54
2024-11-19,2349.19,2408.94,2414.92,2335.79,2.92,68.38,2829647,1132135640.0,3.38,1.74
2024-11-20,2388.96,2412.77,2419.53,2371.43,0.16,3.83,2187636,893369691.0,2.0,1.34
2024-11-21,2413.6,2396.44,2413.6,2366.51,-0.68,-16.33,2001931,811662694.0,1.95,1.23
2024-11-22,2392.31,2289.77,2404.25,2287.78,-4.45,-106.67,2533550,1016350991.0,4.86,1.55
2024-11-25,2307.34,2299.15,2311.17,2249.94,0.41,9.38,1996487,769144052.0,2.67,1.22
2024-11-26,2282.52,2276.04,2312.83,2272.55,-1.01,-23.11,1496884,578320917.0,1.75,0.92
2024-11-27,2274.88,2307.82,2311.23,2243.53,1.4,31.78,1529726,598726999.0,2.97,0.94
2024-11-28,2305.05,2305.68,2332.64,2301.53,-0.09,-2.14,1517750,601186951.0,1.35,0.93
2024-11-29,2307.07,2337.96,2371.44,2287.83,1.4,32.28,2351784,938739715.0,3.63,1.44
2024-12-02,2333.95,2392.92,2397.85,2324.25,2.35,54.96,2272639,925246854.0,3.15,1.39
2024-12-03,2391.54,2401.86,2405.26,2363.19,0.37,8.94,1812414,746996968.0,1.76,1.11
2024-12-04,2401.09,2358.4,2419.39,2351.61,-1.81,-43.46,1952785,787205926.0,2.82,1.2
2024-12-05,2359.17,2376.83,2384.48,2359.17,0.78,18.43,1506691,601924377.0,1.07,0.92
2024-12-06,2381.08,2420.19,2441.64,2352.45,1.82,43.36,2588539,1045294187.0,3.75,1.59
2024-12-09,2416.04,2397.38,2438.91,2371.08,-0.94,-22.81,1924467,787438074.0,2.8,1.18
2024-12-10,2492.85,2394.59,2492.85,2386.92,-0.12,-2.79,2596672,1097928581.0,4.42,1.59
2024-12-11,2394.71,2471.9,2497.82,2394.71,3.23,77.31,3929618,1613261880.0,4.31,2.41
2024-12-12,2458.35,2479.65,2483.13,2427.88,0.31,7.75,2766465,1141323713.0,2.24,1.7
2024-12-13,2464.42,2407.64,2470.56,2404.91,-2.9,-72.01,2593299,1057808534.0,2.65,1.59
2024-12-16,2407.73,2382.72,2409.8,2373.04,-1.04,-24.92,1460850,597298393.0,1.53,0.9
2024-12-17,2378.57,2357.83,2385.52,2347.39,-1.04,-24.89,1309360,527028542.0,1.6,0.8
2024-12-18,2367.53,2359.87,2387.66,2352.24,0.09,2.04,1004114,411495443.0,1.5,0.62
2024-12-19,2342.53,2358.46,2371.07,2325.16,-0.06,-1.41,1347625,531203722.0,1.95,0.83
2024-12-20,2352.25,2368.54,2391.69,2348.16,0.43,10.08,1359711,543061347.0,1.85,0.83
2024-12-23,2362.37,2311.73,2367.26,2306.18,-2.4,-56.81,1567344,616147779.0,2.58,0.96
2024-12-24,2313.12,2337.32,2339.41,2310.99,1.11,25.59,1232134,499820780.0,1.23,0.76
2024-12-25,2329.61,2315.46,2329.61,2280.96,-0.94,-21.86,1114561,443868693.0,2.08,0.68
2024-12-26,2307.78,2319.57,2338.39,2307.78,0.18,4.11,714387,291664417.0,1.32,0.44
2024-12-27,2325.89,2346.7,2383.0,2325.89,1.17,27.13,1310167,526821216.0,2.46,0.8
2024-12-30,2344.6,2336.13,2344.6,2318.67,-0.45,-10.57,916678,364876553.0,1.1,0.56
2024-12-31,2338.26,2237.43,2345.24,2237.43,-4.22,-98.7,1542454,602466076.0,4.61,0.95
2025-01-02,2241.55,2166.89,2244.46,2146.09,-3.15,-70.54,1664850,628632696.0,4.4,1.02
2025-01-03,2166.81,2099.08,2166.81,2091.42,-3.13,-67.81,1371057,495065635.0,3.48,0.84
2025-01-06,2094.94,2109.42,2120.97,2082.42,0.49,10.34,1112101,397241939.0,1.84,0.68
2025-01-07,2114.53,2126.0,2133.65,2102.87,0.79,16.58,1099344,403041750.0,1.46,0.67
2025-01-08,2124.51,2102.25,2124.51,2043.88,-1.12,-23.75,1284836,461567662.0,3.79,0.79
2025-01-09,2088.14,2087.57,2107.82,2076.98,-0.7,-14.68,831699,297552831.0,1.47,0.51
2025-01-10,2086.32,2044.44,2107.69,2044.44,-2.07,-43.13,826274,296076679.0,3.03,0.51
2025-01-13,2033.39,2059.83,2064.81,2017.35,0.75,15.39,913238,321296648.0,2.32,0.56
2025-01-14,2062.68,2122.07,2129.01,2062.68,3.02,62.24,1558837,578884656.0,3.22,0.96
2025-01-15,2123.27,2153.5,2188.47,2123.27,1.48,31.43,3620091,1348785331.0,3.07,2.22
2025-01-16,2149.81,2160.74,2189.77,2144.32,0.34,7.24,2267405,841218504.0,2.11,1.39
2025-01-17,2158.16,2147.4,2167.7,2142.24,-0.62,-13.34,1285962,472807539.0,1.18,0.79
2025-01-20,2167.5,2158.23,2191.78,2152.66,0.5,10.83,1421720,524946403.0,1.82,0.87
2025-01-21,2171.37,2142.5,2171.37,2128.58,-0.73,-15.73,1198704,442565418.0,1.98,0.74
2025-01-22,2136.3,2122.83,2136.3,2102.59,-0.92,-19.67,938198,346247106.0,1.57,0.58
2025-01-23,2156.91,2155.64,2221.38,2154.27,1.55,32.81,2060510,766044940.0,3.16,1.26
2025-01-24,2150.12,2158.45,2173.91,2143.12,0.13,2.81,1323835,493278440.0,1.43,0.81
2025-01-27,2166.82,2127.09,2183.69,2127.09,-1.45,-31.36,1337173,495914963.0,2.62,0.82
2025-02-05,2146.58,2139.05,2146.75,2127.32,0.56,11.96,965230,365532897.0,0.91,0.59
2025-02-06,2134.87,2163.19,2169.55,2118.8,1.13,24.14,1413646,524374921.0,2.37,0.87
2025-02-07,2161.2,2206.11,2235.92,2161.2,1.98,42.92,2110701,798248477.0,3.45,1.29
2025-02-10,2212.28,2209.37,2227.75,2203.95,0.15,3.26,1382504,527264247.0,1.08,0.85
2025-02-11,2204.57,2168.5,2204.57,2153.34,-1.85,-40.87,1254970,475654734.0,2.32,0.77
2025-02-12,2160.13,2199.53,2203.12,2158.19,1.43,31.03,1338688,501390374.0,2.07,0.82
2025-02-13,2194.15,2182.8,2204.88,2168.91,-0.76,-16.73,1394145,523062873.0,1.64,0.86
2025-02-14,2179.23,2178.89,2189.94,2159.8,-0.18,-3.91,1110613,413342061.0,1.38,0.68
2025-02-17,2194.63,2200.78,2219.64,2170.8,1.0,21.89,2035622,762188481.0,2.24,1.25
2025-02-18,2200.59,2128.82,2200.59,2120.43,-3.27,-71.96,1874159,693144973.0,3.64,1.15
2025-02-19,2124.04,2143.35,2154.66,2122.48,0.68,14.53,1087042,399670617.0,1.51,0.67
2025-02-20,2139.18,2131.0,2145.52,2123.85,-0.58,-12.35,1015112,371220941.0,1.01,0.62
2025-02-21,2128.83,2159.93,2165.65,2107.19,1.36,28.93,1490235,554868795.0,2.74,0.91
2025-02-24,2148.17,2124.7,2159.32,2117.13,-1.63,-35.23,1480422,544411403.0,1.95,0.91
2025-02-25,2110.79,2097.5,2120.96,2091.92,-1.28,-27.2,1210085,438794907.0,1.37,0.74
2025-02-26,2103.28,2136.0,2136.0,2098.32,1.84,38.5,1364477,496641883.0,1.8,0.84
2025-02-27,2132.61,2119.12,2138.79,2085.07,-0.79,-16.88,1452984,537429455.0,2.51,0.89
2025-02-28,2106.58,2053.68,2133.64,2046.52,-3.09,-65.44,1706571,600640029.0,4.11,1.05
2025-03-03,2050.93,2044.22,2075.32,2033.31,-0.46,-9.46,1348176,484332094.0,2.05,0.83
2025-03-04,2040.63,2059.41,2067.24,2039.28,0.74,15.19,1009310,355821056.0,1.37,0.62
2025-03-05,2058.3,2055.27,2058.3,2023.39,-0.2,-4.14,1055274,378618988.0,1.7,0.65
2025-03-06,2059.29,2105.66,2108.13,2046.08,2.45,50.39,2020821,750292523.0,3.02,1.24
2025-03-07,2107.44,2045.32,2107.44,2041.99,-2.87,-60.34,1824473,661395605.0,3.11,1.12
2025-03-10,2035.98,2031.05,2044.94,2019.83,-0.7,-14.27,1034395,369137148.0,1.23,0.63
2025-03-11,2013.83,2040.52,2041.46,2007.93,0.47,9.47,1076224,374874942.0,1.65,0.66
2025-03-12,2041.44,2047.75,2062.0,2033.57,0.35,7.23,1215030,439962585.0,1.39,0.75
2025-03-13,2043.71,2036.28,2051.46,2015.88,-0.56,-11.47,1018911,358080147.0,1.74,0.63
2025-03-14,2034.3,2103.43,2119.31,2034.3,3.3,67.15,2633782,970381430.0,4.17,1.62
2025-03-17,2117.62,2100.93,2129.2,2096.04,-0.12,-2.5,1502818,564621848.0,1.58,0.92
2025-03-18,2109.17,2094.71,2119.09,2081.77,-0.3,-6.22,1197285,443443653.0,1.78,0.73
2025-03-19,2089.37,2086.76,2095.68,2075.54,-0.38,-7.95,959664,351599208.0,0.96,0.59
2025-03-20,2084.47,2070.95,2093.71,2067.32,-0.76,-15.81,888058,314820972.0,1.26,0.54
2025-03-21,2065.34,2050.82,2090.12,2044.21,-0.97,-20.13,1367224,504931875.0,2.22,0.84
2025-03-24,2045.2,2040.23,2052.12,2014.78,-0.52,-10.59,1092671,387678521.0,1.82,0.67
2025-03-25,2044.92,2062.1,2069.79,2035.64,1.07,21.87,1060255,378867681.0,1.67,0.65
2025-03-26,2057.11,2068.29,2075.31,2052.81,0.3,6.19,949135,342007202.0,1.09,0.58
2025-03-27,2067.66,2066.05,2091.83,2043.54,-0.11,-2.24,1198590,426500591.0,2.33,0.74
2025-03-28,2074.02,2067.38,2077.3,2051.52,0.06,1.33,1021578,372343114.0,1.25,0.63
2025-03-31,2059.41,2013.76,2067.71,2000.55,-2.59,-53.62,1350711,484313563.0,3.25,0.83
2025-04-01,2013.76,2018.88,2033.4,2009.98,0.25,5.12,1067080,386579326.0,1.16,0.65
2025-04-02,2016.36,2033.97,2039.26,2014.28,0.75,15.09,782922,286021797.0,1.24,0.48
2025-04-03,2023.74,2042.14,2056.05,2023.74,0.4,8.17,1097515,390809052.0,1.59,0.67
2025-04-07,1942.11,1838.18,1971.99,1838.18,-9.99,-203.96,2012590,666113405.0,6.55,1.23
2025-04-08,1837.44,1857.56,1859.91,1812.14,1.05,19.38,1895758,609530785.0,2.6,1.16
2025-04-09,1839.37,1905.67,1912.28,1804.84,2.59,48.11,1988891,643380578.0,5.78,1.22
2025-04-10,1927.51,1924.27,1950.94,1915.34,0.98,18.6,1436820,491845133.0,1.87,0.88
2025-04-11,1912.69,1902.67,1926.83,1899.35,-1.12,-21.6,1037842,360226794.0,1.43,0.64
2025-04-14,1919.32,1940.78,1950.63,1917.8,2.0,38.11,1361716,459100631.0,1.73,0.84
2025-04-15,1944.46,1925.89,1944.46,1917.78,-0.77,-14.89,816842,275645938.0,1.37,0.5
2025-04-16,1917.0,1905.79,1917.96,1876.97,-1.04,-20.1,903544,302280575.0,2.13,0.55
2025-04-17,1903.86,1906.16,1919.31,1894.57,0.02,0.37,656557,223322168.0,1.3,0.4
2025-04-18,1899.2,1925.7,1933.65,1897.27,1.03,19.54,751164,250362290.0,1.91,0.46
2025-04-21,1928.62,1942.72,1960.52,1916.8,0.88,17.02,1152736,398837437.0,2.27,0.71
2025-04-22,1940.8,1964.13,1973.43,1940.8,1.1,21.41,1146317,403214997.0,1.68,0.7
2025-04-23,1966.26,1948.97,1982.54,1943.35,-0.77,-15.16,928524,317843643.0,2.0,0.57
2025-04-24,1951.64,1944.68,1959.06,1932.85,-0.22,-4.29,742748,257569381.0,1.34,0.46
2025-04-25,1950.93,1976.98,1986.32,1950.93,1.66,32.3,1099634,400287987.0,1.82,0.67
2025-04-28,1977.67,1949.41,1977.67,1946.79,-1.39,-27.57,821693,290975377.0,1.56,0.5
2025-04-29,1941.78,1951.37,1966.58,1941.78,0.1,1.96,810449,277177273.0,1.27,0.5
2025-04-30,1951.37,1933.93,1967.65,1931.56,-0.89,-17.44,794206,283063532.0,1.85,0.49
2025-05-06,1940.89,1982.63,1985.42,1940.89,2.52,48.7,1369337,474433735.0,2.3,0.84
2025-05-07,2023.04,1978.88,2038.15,1971.32,-0.19,-3.75,1407591,486581687.0,3.37,0.86
2025-05-08,1972.36,1983.02,1994.27,1968.96,0.21,4.14,902402,321255576.0,1.28,0.55
2025-05-09,1983.64,1956.37,1983.64,1953.11,-1.34,-26.65,762055,256351167.0,1.54,0.47
2025-05-12,1963.32,1975.22,1977.61,1951.35,0.96,18.85,916838,313671350.0,1.34,0.56
2025-05-13,1990.2,1958.93,1990.2,1957.0,-0.82,-16.29,831026,284323230.0,1.68,0.51
2025-05-14,1960.25,2009.66,2037.71,1945.01,2.59,50.73,2261185,776093047.0,4.73,1.39
2025-05-15,2005.08,1961.97,2005.08,1960.04,-2.37,-47.69,1281683,437315085.0,2.24,0.79
2025-05-16,1957.66,1942.42,1969.39,1939.43,-1.0,-19.55,1057273,353049397.0,1.53,0.65
2025-05-19,1941.82,1955.48,1961.11,1936.78,0.67,13.06,831469,277707979.0,1.25,0.51
2025-05-20,1958.46,1958.28,1966.29,1948.07,0.14,2.8,700702,244254810.0,0.93,0.43
2025-05-21,1957.68,1952.17,1963.91,1950.25,-0.31,-6.11,640594,218559342.0,0.7,0.39
2025-05-22,1951.58,1928.3,1951.58,1928.3,-1.22,-23.87,835614,279990377.0,1.19,0.51
2025-05-23,1929.62,1906.69,1941.49,1905.61,-1.12,-21.61,884700,302003123.0,1.86,0.54
2025-05-26,1909.1,1916.24,1928.09,1905.54,0.5,9.55,708371,235389132.0,1.18,0.43
2025-05-27,1914.2,1920.08,1928.12,1899.68,0.2,3.84,690632,234625617.0,1.48,0.42
2025-05-28,1918.75,1916.59,1927.04,1907.71,-0.18,-3.49,546713,184170813.0,1.01,0.34
2025-05-29,1917.9,1939.16,1942.9,1914.68,1.18,22.57,892251,295215209.0,1.47,0.55
2025-05-30,1942.78,1941.81,1948.06,1924.88,0.14,2.65,919584,321254871.0,1.2,0.56
2025-06-03,1934.12,1956.77,1962.42,1934.12,0.77,14.96,1497017,505054238.0,1.46,0.92
2025-06-04,1958.2,1979.35,1983.68,1954.36,1.15,22.58,1222956,404552348.0,1.5,0.75
2025-06-05,1982.61,1990.67,2003.32,1972.62,0.57,11.32,1269083,428030662.0,1.55,0.78
2025-06-06,1990.07,1980.68,1998.26,1973.1,-0.5,-9.99,893078,303034777.0,1.26,0.55
2025-06-09,1980.21,1996.6,2003.33,1980.21,0.8,15.92,995782,349203466.0,1.17,0.61
2025-06-10,1995.27,1978.54,1997.67,1963.7,-0.9,-18.06,998799,348052523.0,1.7,0.61
2025-06-11,1976.61,1991.81,2019.55,1975.89,0.67,13.27,1135656,389247200.0,2.21,0.7
2025-06-12,1988.55,1997.72,2008.81,1982.89,0.3,5.91,915896,316161263.0,1.3,0.56
2025-06-13,1988.8,1969.37,1990.72,1965.12,-1.42,-28.35,1646176,547655988.0,1.28,1.01
2025-06-16,1961.87,1987.2,1987.2,1961.87,0.91,17.83,1000561,342441967.0,1.29,0.61
2025-06-17,1989.84,1999.27,1999.27,1974.74,0.61,12.07,896739,314046084.0,1.23,0.55
2025-06-18,1993.59,1967.14,1996.64,1962.79,-1.61,-32.13,931454,310496786.0,1.69,0.57
2025-06-19,1965.83,1925.45,1965.83,1920.38,-2.12,-41.69,1230989,404853872.0,2.31,0.76
2025-06-20,1925.45,1919.23,1931.91,1913.55,-0.32,-6.22,798235,259360011.0,0.95,0.49
2025-06-23,1909.64,1933.58,1943.04,1909.64,0.75,14.35,906400,295656137.0,1.74,0.56
2025-06-24,1941.1,1981.83,1992.41,1937.34,2.5,48.25,1373812,468014191.0,2.85,0.84
2025-06-25,1986.38,2116.31,2123.38,1986.38,6.79,134.48,6432326,2193099299.0,6.91,3.95
2025-06-26,2126.72,2088.08,2126.72,2081.97,-1.33,-28.23,5174539,1728116704.0,2.11,3.17
2025-06-27,2096.62,2115.87,2171.24,2091.33,1.33,27.79,4290983,1461218676.0,3.83,2.63
2025-06-30,2110.63,2083.74,2110.63,2069.14,-1.52,-32.13,2418061,818115662.0,1.96,1.48
2025-07-01,2084.11,2062.41,2084.11,2050.72,-1.02,-21.33,1754689,591215968.0,1.6,1.08
2025-07-02,2057.65,2063.76,2073.43,2051.98,0.07,1.35,1506761,505214083.0,1.04,0.92
2025-07-03,2061.66,2059.6,2070.03,2050.63,-0.2,-4.16,1134683,393653772.0,0.94,0.7
2025-07-04,2066.62,2064.69,2091.71,2047.2,0.25,5.09,1731918,590404638.0,2.16,1.06
2025-07-07,2061.7,2078.44,2086.34,2061.7,0.67,13.75,1309396,467580519.0,1.19,0.8
2025-07-08,2074.71,2113.26,2121.33,2072.31,1.68,34.82,2146806,760185603.0,2.36,1.32
2025-07-09,2113.26,2161.07,2195.17,2113.26,2.26,47.81,4833950,1809816438.0,3.88,2.97
2025-07-10,2149.09,2202.48,2247.73,2149.09,1.92,41.41,4456696,1723022830.0,4.56,2.73
2025-07-11,2201.13,2233.52,2266.76,2164.57,1.41,31.04,4967822,1873535362.0,4.64,3.05
2025-07-14,2229.64,2162.05,2229.64,2156.95,-3.2,-71.47,3102981,1142493536.0,3.25,1.9
2025-07-15,2167.73,2136.89,2167.73,2120.91,-1.16,-25.16,1921435,706344192.0,2.17,1.18
2025-07-16,2138.82,2140.5,2149.37,2122.01,0.17,3.61,1451467,542934075.0,1.28,0.89
2025-07-17,2138.59,2153.66,2170.21,2138.59,0.61,13.16,1813630,664890605.0,1.48,1.11
2025-07-18,2155.0,2157.14,2171.18,2144.23,0.16,3.48,1922358,686464127.0,1.25,1.18
2025-07-21,2162.05,2184.0,2191.48,2160.87,1.25,26.86,2015374,770260537.0,1.42,1.24
2025-07-22,2182.06,2182.68,2189.98,2144.12,-0.06,-1.32,1951079,748810889.0,2.1,1.2
2025-07-23,2191.34,2163.94,2207.34,2158.86,-0.86,-18.74,2538602,973715105.0,2.22,1.56
2025-07-24,2153.61,2221.29,2221.79,2153.61,2.65,57.35,3154019,1148288405.0,3.15,1.93
2025-07-25,2223.7,2191.11,2223.7,2183.47,-1.36,-30.18,2026050,757865570.0,1.81,1.24
2025-07-28,2193.51,2181.88,2208.8,2172.46,-0.42,-9.23,1680827,628336591.0,1.66,1.03
2025-07-29,2180.55,2176.9,2180.55,2142.08,-0.23,-4.98,1893432,687736028.0,1.76,1.16
2025-07-30,2170.95,2147.13,2173.6,2135.75,-1.37,-29.77,1618132,585724221.0,1.74,0.99
2025-07-31,2142.76,2109.45,2149.53,2101.79,-1.75,-37.68,1685293,609473641.0,2.22,1.03
2025-08-01,2108.13,2111.85,2126.53,2103.76,0.11,2.4,1055921,371720350.0,1.08,0.65
2025-08-04,2108.56,2116.87,2118.19,2100.87,0.24,5.02,1085827,392427575.0,0.82,0.67
2025-08-05,2121.55,2139.88,2139.88,2118.46,1.09,23.01,1145185,421463324.0,1.01,0.7
2025-08-06,2131.8,2133.39,2139.08,2120.42,-0.3,-6.49,960661,349445249.0,0.87,0.59
2025-08-07,2131.42,2122.45,2137.12,2111.7,-0.51,-10.94,1089678,399183928.0,1.19,0.67
2025-08-08,2119.81,2128.37,2132.75,2111.06,0.28,5.92,1019200,367384662.0,1.02,0.63
2025-08-11,2132.31,2156.43,2159.71,2124.64,1.32,28.06,1440879,512679005.0,1.65,0.88
2025-08-12,2159.73,2167.55,2176.54,2151.4,0.52,11.12,1395306,501862723.0,1.17,0.86
2025-08-13,2172.19,2179.08,2191.78,2150.78,0.53,11.53,2097133,769580241.0,1.89,1.29
2025-08-14,2177.76,2151.28,2192.68,2143.37,-1.28,-27.8,2090943,771047500.0,2.26,1.28
2025-08-15,2140.54,2205.84,2211.54,2138.57,2.54,54.56,3020536,1128195199.0,3.39,1.85
2025-08-18,2219.87,2214.41,2236.1,2195.55,0.39,8.57,2691361,1008884605.0,1.84,1.65
2025-08-19,2212.45,2205.64,2219.44,2184.39,-0.4,-8.77,2181289,823498557.0,1.58,1.34
2025-08-20,2199.95,2222.96,2223.41,2176.49,0.79,17.32,1966477,737860251.0,2.13,1.21
2025-08-21,2228.88,2218.81,2248.42,2206.1,-0.19,-4.15,2287329,852868005.0,1.9,1.4
2025-08-22,2209.39,2250.59,2251.24,2202.81,1.43,31.78,2582370,982632023.0,2.18,1.58
2025-08-25,2266.59,2301.1,2348.47,2266.59,2.24,50.51,3748813,1589267222.0,3.64,2.3
2025-08-26,2329.77,2307.53,2348.42,2306.82,0.28,6.43,2736190,1276578321.0,1.81,1.68
2025-08-27,2306.79,2261.02,2315.44,2258.49,-2.02,-46.51,3172213,1363073748.0,2.47,1.95
2025-08-28,2248.64,2275.73,2275.73,2207.04,0.65,14.71,2978525,1203030701.0,3.04,1.83
2025-08-29,2271.96,2235.23,2271.96,2221.28,-1.78,-40.5,2227585,895144319.0,2.23,1.37
2025-09-01,2239.85,2227.35,2239.85,2213.27,-0.35,-7.88,1812706,718641705.0,1.19,1.11
2025-09-02,2225.32,2186.09,2225.32,2170.55,-1.85,-41.26,1960950,747292272.0,2.46,1.2
2025-09-03,2188.55,2128.13,2188.55,2123.15,-2.65,-57.96,1718100,633825547.0,2.99,1.05
2025-09-04,2126.36,2123.94,2145.17,2100.42,-0.2,-4.19,1636597,603290457.0,2.1,1.0
2025-09-05,2125.94,2151.25,2151.25,2105.48,1.29,27.31,1383320,514707407.0,2.15,0.85
2025-09-08,2147.24,2172.04,2172.04,2141.78,0.97,20.79,1356835,530864265.0,1.41,0.83
2025-09-09,2164.61,2174.72,2178.61,2151.48,0.12,2.68,1593449,613927787.0,1.25,0.98
2025-09-10,2171.39,2154.71,2172.38,2145.16,-0.92,-20.01,901103,351722629.0,1.25,0.55
2025-09-11,2151.71,2209.32,2209.32,2140.7,2.53,54.61,1817035,717177414.0,3.18,1.11
2025-09-12,2199.76,2192.82,2207.08,2181.3,-0.75,-16.5,1370771,528127113.0,1.17,0.84
2025-09-15,2190.36,2192.27,2216.24,2185.27,-0.03,-0.55,1547616,569550070.0,1.41,0.95
2025-09-16,2197.71,2289.89,2290.36,2189.0,4.45,97.62,3327562,1181470940.0,4.62,2.04
2025-09-17,2335.74,2423.67,2439.29,2335.74,5.84,133.78,5214561,2072106249.0,4.52,3.2
2025-09-18,2454.09,2370.69,2481.76,2357.07,-2.19,-52.98,9191768,3545791458.0,5.14,5.64
2025-09-19,2334.97,2262.59,2334.97,2259.98,-4.56,-108.1,5619329,1962548718.0,3.16,3.45
2025-09-22,2264.16,2279.23,2294.59,2248.06,0.74,16.64,3536250,1239384342.0,2.06,2.17
2025-09-23,2260.58,2218.13,2260.58,2185.45,-2.68,-61.1,3621239,1239831049.0,3.3,2.22
2025-09-24,2203.03,2231.21,2233.57,2201.67,0.59,13.08,2242938,781798958.0,1.44,1.38
2025-09-25,2220.5,2222.8,2234.78,2214.98,-0.38,-8.41,1790046,650354803.0,0.89,1.1
2025-09-26,2217.04,2203.69,2232.25,2203.69,-0.86,-19.11,1763103,636773390.0,1.28,1.08
2025-09-29,2199.08,2262.07,2281.21,2183.75,2.65,58.38,2744648,995376555.0,4.42,1.68
2025-09-30,2251.54,2235.89,2257.6,2227.74,-1.16,-26.18,1868325,669372782.0,1.32,1.15
2025-10-09,2239.69,2255.32,2258.18,2218.43,0.87,19.43,1902557,718836284.0,1.78,1.17
2025-10-10,2247.48,2264.96,2275.23,2244.96,0.43,9.64,1901463,742723101.0,1.34,1.17
2025-10-13,2206.37,2231.9,2236.85,2202.98,-1.46,-33.06,1843054,696327010.0,1.5,1.13
2025-10-14,2231.09,2219.09,2270.81,2210.8,-0.57,-12.81,1833048,699653307.0,2.69,1.12
2025-10-15,2222.81,2240.25,2240.25,2195.4,0.95,21.16,1712653,664511566.0,2.02,1.05
2025-10-16,2231.96,2210.92,2231.96,2205.56,-1.31,-29.33,1281040,472665362.0,1.18,0.79
2025-10-17,2210.92,2157.68,2223.22,2153.96,-2.41,-53.24,1737854,666318225.0,3.13,1.07
2025-10-20,2169.19,2159.65,2180.09,2152.61,0.09,1.97,1257110,455079373.0,1.27,0.77
2025-10-21,2165.41,2204.66,2220.01,2162.86,2.08,45.01,1880224,697355107.0,2.65,1.15
2025-10-22,2200.17,2199.35,2207.77,2181.72,-0.24,-5.31,1217285,439771056.0,1.18,0.75
2025-10-23,2193.18,2223.24,2224.54,2175.21,1.09,23.89,1407427,520207131.0,2.24,0.86
2025-10-24,2223.24,2215.05,2235.17,2203.55,-0.37,-8.19,1217470,450837590.0,1.42,0.75
2025-10-27,2231.17,2224.83,2234.32,2215.76,0.44,9.78,1453733,543795135.0,0.84,0.89
2025-10-28,2224.09,2213.63,2229.74,2206.58,-0.5,-11.2,1278215,478077257.0,1.04,0.78
2025-10-29,2245.08,2327.26,2327.68,2245.08,5.13,113.63,2932933,1233324805.0,3.73,1.8
2025-10-30,2351.36,2307.81,2362.82,2307.4,-0.84,-19.45,4311931,2261071190.0,2.38,2.65
2025-10-31,2319.39,2299.79,2329.05,2290.18,-0.35,-8.02,2384103,1220246707.0,1.68,1.46
2025-11-03,2296.22,2316.6,2321.09,2279.86,0.73,16.81,2069957,1012880907.0,1.79,1.27
2025-11-04,2317.56,2320.66,2354.0,2307.98,0.18,4.06,2041986,1079064963.0,1.99,1.25
2025-11-05,2295.26,2342.37,2359.65,2293.63,0.94,21.71,2130088,1069981235.0,2.84,1.31
2025-11-06,2336.46,2372.81,2390.2,2336.46,1.3,30.44,2487213,1376299797.0,2.29,1.53
2025-11-07,2365.68,2350.29,2365.76,2345.89,-0.95,-22.52,1721304,883106084.0,0.84,1.06
2025-11-10,2351.8,2353.54,2359.2,2334.42,0.14,3.25,1749477,833233195.0,1.05,1.07
2025-11-11,2354.69,2340.12,2367.82,2331.91,-0.57,-13.42,1725787,822906072.0,1.53,1.06
2025-11-12,2336.59,2317.58,2342.47,2299.27,-0.96,-22.54,1517159,655854171.0,1.85,0.93
2025-11-13,2315.23,2348.34,2348.34,2312.89,1.33,30.76,1615097,681349561.0,1.53,0.99
2025-11-14,2330.72,2321.75,2346.17,2321.75,-1.13,-26.59,1561793,639636887.0,1.04,0.96
2025-11-17,2315.62,2316.81,2320.1,2297.16,-0.21,-4.94,1307415,529659347.0,0.99,0.8
2025-11-18,2310.8,2279.07,2316.65,2263.8,-1.63,-37.74,1800754,689624883.0,2.28,1.1
2025-11-19,2274.58,2251.82,2289.85,2242.67,-1.2,-27.25,1203482,465509179.0,2.07,0.74
2025-11-20,2271.59,2247.05,2279.83,2243.47,-0.21,-4.77,1126722,451793273.0,1.61,0.69
2025-11-21,2229.37,2157.45,2233.86,2157.45,-3.99,-89.6,1946069,742440171.0,3.4,1.19
2025-11-24,2170.32,2161.11,2176.4,2150.32,0.17,3.66,1075878,419243478.0,1.21,0.66
2025-11-25,2171.8,2168.95,2191.64,2166.86,0.36,7.84,987746,398130405.0,1.15,0.61
2025-11-26,2173.47,2151.63,2186.94,2149.54,-0.8,-17.32,1183384,439173939.0,1.72,0.73
2025-11-27,2152.85,2169.01,2208.79,2145.76,0.81,17.38,1653389,615748422.0,2.93,1.01
2025-11-28,2158.68,2174.47,2181.97,2143.3,0.25,5.46,1270502,468852676.0,1.78,0.78
2025-12-01,2174.87,2189.01,2191.1,2168.7,0.67,14.54,1112964,425654732.0,1.03,0.68
2025-12-02,2183.19,2184.12,2187.36,2159.23,-0.22,-4.89,1120188,399534555.0,1.29,0.69
2025-12-03,2181.65,2178.33,2190.8,2171.28,-0.27,-5.79,980047,371602278.0,0.89,0.6
2025-12-04,2179.59,2173.0,2182.53,2160.53,-0.24,-5.33,832509,312406155.0,1.01,0.51
2025-12-05,2170.91,2218.51,2225.55,2163.83,2.09,45.51,1648853,632379207.0,2.84,1.01
2025-12-08,2225.51,2215.64,2251.23,2213.15,-0.13,-2.87,1638285,628473606.0,1.72,1.0
2025-12-09,2201.15,2172.97,2203.65,2170.87,-1.93,-42.67,1165175,431514144.0,1.48,0.71
2025-12-10,2170.89,2188.0,2191.67,2159.03,0.69,15.03,847397,330278299.0,1.5,0.52
2025-12-11,2188.0,2156.46,2188.0,2154.37,-1.44,-31.54,1077939,400183095.0,1.54,0.66
2025-12-12,2153.94,2184.88,2191.56,2153.94,1.32,28.42,1492364,558495877.0,1.74,0.92
2025-12-15,2186.75,2173.65,2192.79,2161.98,-0.51,-11.23,1024139,394843567.0,1.41,0.63
2025-12-16,2177.07,2150.47,2177.07,2139.48,-1.07,-23.18,1116517,429196587.0,1.73,0.68
2025-12-17,2146.74,2160.45,2175.47,2113.58,0.46,9.98,1408365,524695137.0,2.88,0.86
2025-12-18,2152.18,2149.76,2160.24,2142.7,-0.49,-10.69,916635,353304177.0,0.81,0.56
2025-12-19,2147.33,2173.77,2187.24,2147.33,1.12,24.01,1310560,499519561.0,1.86,0.8
2025-12-22,2171.68,2173.68,2191.54,2170.4,0.0,-0.09,972160,374873492.0,0.97,0.6
2025-12-23,2171.23,2158.26,2174.47,2149.97,-0.71,-15.42,955359,356895851.0,1.13,0.59
2025-12-24,2157.04,2186.86,2190.17,2154.95,1.33,28.6,965108,375926562.0,1.63,0.59
2025-12-25,2185.55,2192.95,2203.32,2176.93,0.28,6.09,928582,369190801.0,1.21,0.57
2025-12-26,2187.99,2194.93,2213.69,2183.35,0.09,1.98,1147567,441251634.0,1.38,0.7
2025-12-29,2201.28,2202.04,2223.22,2197.08,0.32,7.11,1332381,582741956.0,1.19,0.82
2025-12-30,2198.45,2179.84,2198.45,2178.47,-1.01,-22.2,1039999,416680314.0,0.91,0.64
2025-12-31,2177.28,2170.37,2184.04,2167.82,-0.43,-9.47,867778,341260768.0,0.74,0.53
2026-01-05,2176.98,2200.27,2206.27,2176.98,1.38,29.9,1380774,549171029.0,1.35,0.85
2026-01-06,2196.98,2249.91,2249.91,2196.98,2.26,49.64,2201380,853290234.0,2.41,1.35
2026-01-07,2241.65,2220.41,2255.71,2219.21,-1.31,-29.5,1726544,708910851.0,1.62,1.06
2026-01-08,2217.82,2219.49,2227.74,2207.2,-0.04,-0.92,1308227,536990616.0,0.93,0.8
2026-01-09,2215.98,2241.64,2251.07,2215.98,1.0,22.15,1608555,654748363.0,1.58,0.99
2026-01-12,2255.24,2273.37,2275.48,2241.59,1.42,31.73,2624088,1019303360.0,1.51,1.61
2026-01-13,2275.97,2308.6,2350.6,2245.62,1.55,35.23,4746944,1776797501.0,4.62,2.91
2026-01-14,2290.52,2291.43,2352.43,2271.18,-0.74,-17.17,4010153,1568686252.0,3.52,2.46
2026-01-15,2282.94,2257.96,2284.02,2239.98,-1.46,-33.47,2201251,848122883.0,1.92,1.35
2026-01-16,2309.3,2278.98,2331.47,2267.0,0.93,21.02,2493255,1225144178.0,2.86,1.53
2026-01-19,2280.14,2327.3,2330.6,2280.14,2.12,48.32,2146288,1091302664.0,2.21,1.32
2026-01-20,2332.84,2342.46,2355.91,2316.05,0.65,15.16,2156682,1123031199.0,1.71,1.32
2026-01-21,2327.62,2328.5,2340.66,2319.24,-0.6,-13.96,1633549,802405676.0,0.91,1.0
2026-01-22,2321.82,2339.23,2357.23,2321.82,0.46,10.73,1851162,805447130.0,1.52,1.14
2026-01-23,2343.36,2364.69,2371.69,2343.36,1.09,25.46,1797447,775692888.0,1.21,1.1
2026-01-26,2364.33,2353.93,2383.67,2342.53,-0.46,-10.76,1874567,841914950.0,1.74,1.15
2026-01-27,2347.27,2331.19,2347.27,2294.29,-0.97,-22.74,1822125,765228172.0,2.25,1.12
2026-01-28,2329.44,2351.3,2359.51,2319.85,0.86,20.11,1828506,814685811.0,1.7,1.12
2026-01-29,2341.97,2336.23,2346.79,2318.8,-0.64,-15.07,1554881,655293123.0,1.19,0.95
2026-01-30,2330.29,2290.37,2331.43,2265.35,-1.96,-45.86,1852758,758910260.0,2.83,1.14
2026-02-02,2292.42,2245.86,2310.53,2244.72,-1.94,-44.51,2018844,862624245.0,2.87,1.24
2026-02-03,2260.61,2288.6,2288.6,2256.31,1.9,42.74,1303887,573638597.0,1.44,0.8
2026-02-04,2281.52,2323.88,2325.0,2275.48,1.54,35.28,1737791,725489907.0,2.16,1.07
2026-02-05,2320.06,2285.99,2320.06,2265.31,-1.63,-37.89,1688141,752986532.0,2.36,1.04
2026-02-06,2267.03,2272.96,2295.18,2250.94,-0.57,-13.03,1330932,567874992.0,1.94,0.82
2026-02-09,2288.16,2294.54,2302.67,2283.75,0.95,21.58,1424095,598341519.0,0.83,0.87
2026-02-10,2297.03,2287.08,2303.73,2276.76,-0.33,-7.46,1204279,507698037.0,1.18,0.74
2026-02-11,2290.16,2289.76,2300.27,2282.85,0.12,2.68,1213344,468520529.0,0.76,0.74
2026-02-12,2291.08,2298.21,2316.97,2278.99,0.37,8.45,1639693,758260763.0,1.66,1.01
2026-02-13,2294.84,2250.49,2294.84,2247.22,-2.08,-47.72,1503850,664770219.0,2.07,0.92
2026-02-24,2265.35,2290.35,2300.11,2265.35,1.77,39.86,1160285,551831809.0,1.54,0.71
2026-02-25,2290.35,2329.05,2346.55,2288.19,1.69,38.7,1972569,837208482.0,2.55,1.21
2026-02-26,2329.05,2338.17,2340.88,2315.62,0.39,9.12,1439835,686489614.0,1.08,0.88
2026-02-27,2332.73,2390.49,2392.67,2326.72,2.24,52.32,2257712,1068673377.0,2.82,1.38
2026-03-02,2360.62,2366.53,2388.88,2335.47,-1.0,-23.96,2190823,1002461433.0,2.23,1.34
2026-03-03,2366.53,2298.42,2378.1,2292.45,-2.88,-68.11,2355742,1016702731.0,3.62,1.45
2026-03-04,2281.01,2279.01,2314.01,2262.65,-0.84,-19.41,1934479,825814452.0,2.23,1.19
2026-03-05,2305.0,2305.73,2325.74,2293.26,1.17,26.72,1518347,723546906.0,1.43,0.93
2026-03-06,2291.2,2353.65,2370.51,2289.4,2.08,47.92,1854059,908509009.0,3.52,1.14
2026-03-09,2334.5,2333.79,2353.47,2301.87,-0.84,-19.86,1690814,852264487.0,2.19,1.04
2026-03-10,2343.93,2341.88,2373.82,2331.89,0.35,8.09,1352719,712722726.0,1.8,0.83
2026-03-11,2345.9,2338.66,2345.9,2307.99,-0.14,-3.22,1578644,786720180.0,1.62,0.97
2026-03-12,2334.51,2354.27,2363.47,2330.68,0.67,15.61,1838169,815056149.0,1.4,1.13
2026-03-13,2341.84,2303.45,2344.01,2296.32,-2.16,-50.82,1766576,798919503.0,2.03,1.08
2026-03-16,2309.86,2297.75,2318.75,2288.85,-0.25,-5.7,1393142,633162524.0,1.3,0.85
2026-03-17,2299.9,2289.38,2336.78,2285.93,-0.36,-8.37,1918960,774994395.0,2.21,1.18
2026-03-18,2286.16,2278.03,2297.73,2256.2,-0.5,-11.35,1318058,550056787.0,1.81,0.81
2026-03-19,2254.01,2246.79,2269.77,2224.88,-1.37,-31.24,1602871,626271112.0,1.97,0.98
2026-03-20,2248.45,2196.8,2258.88,2195.14,-2.22,-49.99,1685027,661505336.0,2.84,1.03
2026-03-23,2162.8,2089.54,2167.58,2080.8,-4.88,-107.26,2094643,817341300.0,3.95,1.28
2026-03-24,2119.05,2140.8,2146.81,2091.2,2.45,51.26,1330708,520294198.0,2.66,0.82
2026-03-25,2140.21,2179.97,2195.87,2137.01,1.83,39.17,1336019,552055637.0,2.75,0.82
2026-03-26,2178.25,2143.29,2189.27,2134.02,-1.68,-36.68,952181,384430964.0,2.53,0.58
2026-03-27,2123.63,2160.33,2168.49,2121.5,0.8,17.04,905010,359402939.0,2.19,0.56
2026-03-30,2141.75,2157.59,2159.72,2117.05,-0.13,-2.74,961675,380967354.0,1.98,0.59
2026-03-31,2155.38,2134.46,2185.41,2134.46,-1.07,-23.13,993022,380001486.0,2.36,0.61
2026-04-01,2161.23,2161.79,2173.78,2150.79,1.28,27.33,974679,375852199.0,1.08,0.6
2026-04-02,2154.57,2114.69,2156.21,2103.26,-2.18,-47.1,949859,363937121.0,2.45,0.58
2026-04-03,2116.78,2085.17,2135.49,2073.16,-1.4,-29.52,905109,346786127.0,2.95,0.56
2026-04-07,2085.17,2094.59,2106.18,2080.14,0.45,9.42,718273,276600751.0,1.25,0.44
2026-04-08,2128.39,2164.76,2164.76,2128.39,3.35,70.17,1286515,495321120.0,1.74,0.79
2026-04-09,2147.2,2110.53,2149.98,2107.32,-2.51,-54.23,899034,341274761.0,1.97,0.55
2026-04-10,2125.87,2146.24,2181.65,2125.87,1.69,35.71,1295960,477210177.0,2.64,0.79
2026-04-13,2131.03,2136.9,2149.58,2129.92,-0.44,-9.34,749305,283970455.0,0.92,0.46
2026-04-14,2146.24,2153.49,2155.45,2125.48,0.78,16.59,878328,332826533.0,1.4,0.54
2026-04-15,2156.82,2143.15,2166.82,2137.16,-0.48,-10.34,878992,365995922.0,1.38,0.54
2026-04-16,2147.47,2149.26,2155.27,2129.52,0.29,6.11,869424,348721928.0,1.2,0.53
2026-04-17,2144.26,2132.92,2146.46,2121.91,-0.76,-16.34,795956,294192537.0,1.14,0.49
2026-04-20,2135.72,2128.53,2141.74,2120.92,-0.21,-4.39,871372,355152937.0,0.98,0.53
2026-04-21,2123.62,2116.93,2130.22,2107.19,-0.54,-11.6,832658,322548619.0,1.08,0.51
2026-04-22,2112.54,2186.5,2202.05,2108.72,3.29,69.57,2566937,806674826.0,4.41,1.57
2026-04-23,2170.96,2159.11,2180.33,2137.83,-1.25,-27.39,1910356,633121718.0,1.94,1.17
2026-04-24,2156.49,2150.23,2161.79,2131.32,-0.41,-8.88,1485693,503610245.0,1.41,0.91
2026-04-27,2136.17,2121.58,2136.75,2105.22,-1.33,-28.65,1517168,521418048.0,1.47,0.93
2026-04-28,2118.42,2125.55,2145.83,2111.28,0.19,3.97,1108336,394120161.0,1.63,0.68
2026-04-29,2189.7,2182.93,2193.71,2161.45,2.7,57.38,2329550,768274707.0,1.52,1.43
2026-04-30,2158.78,2171.49,2218.09,2137.65,-0.52,-11.44,4430173,1599020267.0,3.68,2.72
2026-05-06,2170.03,2178.63,2195.63,2144.41,0.33,7.14,3424631,1156969737.0,2.36,2.1
2026-05-07,2177.41,2195.05,2213.45,2175.65,0.75,16.42,2406772,841958111.0,1.74,1.48
2026-05-08,2190.17,2205.91,2238.48,2187.75,0.49,10.86,2262556,792534771.0,2.31,1.39
2026-05-11,2207.23,2234.52,2244.03,2202.62,1.3,28.61,2513132,910266787.0,1.88,1.54
2026-05-12,2234.52,2219.39,2248.94,2211.01,-0.68,-15.13,1973441,721781005.0,1.7,1.21
2026-05-13,2212.4,2250.7,2259.92,2211.1,1.41,31.31,2769851,1010658227.0,2.2,1.7
2026-05-14,2250.9,2192.1,2252.15,2192.1,-2.6,-58.6,2003515,765535529.0,2.67,1.23
2026-05-15,2192.1,2159.58,2210.68,2146.75,-1.48,-32.52,2066847,750997038.0,2.92,1.27
2026-05-18,2154.79,2140.4,2180.49,2124.87,-0.89,-19.18,1740296,605989000.0,2.58,1.07
2026-05-19,2138.08,2164.09,2171.02,2119.06,1.11,23.69,1630115,573805366.0,2.43,1.0
2026-05-20,2158.0,2167.76,2179.7,2135.13,0.17,3.67,1594431,561799244.0,2.06,0.98
2026-05-21,2170.0,2135.14,2215.78,2128.31,-1.5,-32.62,2011695,721176558.0,4.04,1.23
2026-05-22,2136.34,2124.98,2144.77,2099.51,-0.48,-10.16,1522843,531571448.0,2.12,0.93
2026-05-25,2131.37,2144.17,2150.44,2121.89,0.9,19.19,1276988,453364161.0,1.34,0.78
2026-05-26,2139.27,2129.0,2141.63,2105.49,-0.71,-15.17,1360651,472820861.0,1.69,0.83
2026-05-27,2119.61,2103.32,2155.06,2094.22,-1.21,-25.68,1429859,496950161.0,2.86,0.88
2026-05-28,2094.41,2071.82,2104.94,2050.18,-1.5,-31.5,1187823,414753571.0,2.6,0.73
2026-05-29,2073.09,2078.66,2110.81,2070.74,0.33,6.84,1384450,480526886.0,1.93,0.85
2026-06-01,2077.7,2083.8,2096.71,2049.81,0.25,5.14,1295839,450763381.0,2.26,0.79
2026-06-02,2086.07,2060.84,2091.93,2052.42,-1.1,-22.96,1140045,402850900.0,1.9,0.7
2026-06-03,2057.28,2038.13,2060.52,2033.28,-1.1,-22.71,1086748,378690955.0,1.32,0.67
2026-06-04,2034.57,1992.1,2038.15,1983.66,-2.26,-46.03,1174966,392174425.0,2.67,0.72
2026-06-05,1996.95,1970.54,1999.24,1958.84,-1.08,-21.56,1306134,431267376.0,2.03,0.8
2026-06-08,1941.98,1900.86,1955.89,1887.87,-3.54,-69.68,1422231,470127990.0,3.45,0.87
2026-06-09,1909.07,1899.52,1911.24,1879.64,-0.07,-1.34,1035172,320158436.0,1.66,0.64
2026-06-10,1891.09,1898.94,1902.8,1865.46,-0.03,-0.58,1260716,390885507.0,1.97,0.77
2026-06-11,1888.37,1859.78,1913.23,1849.38,-2.06,-39.16,1137589,358025238.0,3.36,0.7
2026-06-12,1874.48,1906.43,1910.29,1863.26,2.51,46.65,1681100,552783585.0,2.53,1.03
2026-06-15,1912.72,1937.2,1968.39,1912.72,1.61,30.77,1793476,581999182.0,2.92,1.1
2026-06-16,1933.52,1939.33,1947.76,1904.94,0.11,2.13,1266565,405028231.0,2.21,0.78
2026-06-17,1932.4,1921.11,1949.76,1908.04,-0.94,-18.22,1222667,380037451.0,2.15,0.75
2026-06-18,1967.78,1922.34,1967.78,1900.48,0.06,1.23,2076698,810205616.0,3.5,1.27
2026-06-22,1900.53,1961.73,1964.19,1850.13,2.05,39.39,2534060,899423348.0,5.93,1.55
2026-06-23,1948.53,1950.25,1999.65,1940.67,-0.59,-11.48,2458705,830765935.0,3.01,1.51
2026-06-24,1941.44,1894.48,1949.87,1882.15,-2.86,-55.77,1693418,544991257.0,3.47,1.04
2026-06-25,1885.68,1896.07,1920.3,1866.02,0.08,1.59,1542108,497924885.0,2.87,0.95
2026-06-26,1885.61,1820.08,1900.03,1816.37,-4.01,-75.99,1744145,537656445.0,4.41,1.07
2026-06-29,1815.03,1823.2,1831.26,1781.38,0.17,3.13,1279971,381481816.0,2.74,0.79
2026-06-30,1819.35,1801.02,1823.98,1792.54,-1.22,0,1049560.0,309793299.0,0,0
2026-07-01,1802.31,1857.85,1874.72,1787.23,3.16,0,1740053.0,535702684.0,0,0
2026-07-02,1854.10,1834.78,1875.30,1827.29,-1.24,0,1304087.0,400328285.0,0,0
2026-07-03,0.00,1845.43,0.00,0.00,0.58,0,0,0,0,0
