日期,开盘,收盘,最高,最低,涨跌幅,涨跌额,成交量,成交额,振幅,换手率
2010-01-04,1005.93,1005.93,1005.93,1005.93,0.59,5.93,679319,1069449156.0,0.0,0.27
2010-01-05,1017.68,1017.68,1017.68,1017.68,1.17,11.75,612931,1050096010.0,0.0,0.24
2010-01-06,1007.66,1007.66,1007.66,1007.66,-0.98,-10.02,542698,840445712.0,0.0,0.21
2010-01-07,992.88,992.88,992.88,992.88,-1.47,-14.78,602861,960386275.0,0.0,0.24
2010-01-08,997.33,997.33,997.33,997.33,0.45,4.45,424550,629182195.0,0.0,0.17
2010-01-11,1000.57,1000.57,1000.57,1000.57,0.32,3.24,595795,914840084.0,0.0,0.23
2010-01-12,1024.07,1024.07,1024.07,1024.07,2.35,23.5,616661,971692685.0,0.0,0.24
2010-01-13,1016.87,1016.87,1016.87,1016.87,-0.7,-7.2,605789,974145722.0,0.0,0.24
2010-01-14,1039.87,1039.87,1039.87,1039.87,2.26,23.0,607427,942153571.0,0.0,0.24
2010-01-15,1047.92,1047.92,1047.92,1047.92,0.77,8.05,621929,960377997.0,0.0,0.24
2010-01-18,1050.07,1050.07,1050.07,1050.07,0.21,2.15,680174,1267849828.0,0.0,0.27
2010-01-19,1052.43,1052.43,1052.43,1052.43,0.22,2.36,770826,1329750259.0,0.0,0.3
2010-01-20,1005.96,1005.96,1005.96,1005.96,-4.42,-46.47,842697,1404178978.0,0.0,0.33
2010-01-21,1005.91,1005.91,1005.91,1005.91,0.0,-0.05,437877,744639328.0,0.0,0.17
2010-01-22,971.87,971.87,971.87,971.87,-3.38,-34.04,579205,942264228.0,0.0,0.23
2010-01-25,957.93,957.93,957.93,957.93,-1.43,-13.94,302369,472484795.0,0.0,0.12
2010-01-26,926.59,926.59,926.59,926.59,-3.27,-31.34,372131,597933048.0,0.0,0.15
2010-01-27,925.15,925.15,925.15,925.15,-0.16,-1.44,344855,566067228.0,0.0,0.14
2010-01-28,932.32,932.32,932.32,932.32,0.78,7.17,311562,525899239.0,0.0,0.12
2010-01-29,931.26,931.26,931.26,931.26,-0.11,-1.06,254264,437985280.0,0.0,0.1
2010-02-01,909.72,909.72,909.72,909.72,-2.31,-21.54,396585,661495782.0,0.0,0.16
2010-02-02,904.99,904.99,904.99,904.99,-0.52,-4.73,310373,511741475.0,0.0,0.12
2010-02-03,916.25,916.25,916.25,916.25,1.24,11.26,375176,573469802.0,0.0,0.15
2010-02-04,913.97,913.97,913.97,913.97,-0.25,-2.28,312978,469938685.0,0.0,0.12
2010-02-05,892.19,892.19,892.19,892.19,-2.38,-21.78,373131,598765624.0,0.0,0.15
2010-02-08,895.08,895.08,895.08,895.08,0.32,2.89,206488,322680988.0,0.0,0.08
2010-02-09,895.66,895.66,895.66,895.66,0.06,0.58,267651,456546231.0,0.0,0.1
2010-02-10,911.63,911.63,911.63,911.63,1.78,15.97,205102,346637769.0,0.0,0.08
2010-02-11,919.78,919.78,919.78,919.78,0.89,8.15,262641,411024142.0,0.0,0.1
2010-02-12,927.32,927.32,927.32,927.32,0.82,7.54,205717,315224316.0,0.0,0.08
2010-02-22,924.33,924.33,924.33,924.33,-0.32,-2.99,227361,383054498.0,0.0,0.09
2010-02-23,934.58,934.58,934.58,934.58,1.11,10.25,235477,360265090.0,0.0,0.09
2010-02-24,959.4,959.4,959.4,959.4,2.66,24.82,387038,663459767.0,0.0,0.15
2010-02-25,968.62,968.62,968.62,968.62,0.96,9.22,459904,678861889.0,0.0,0.18
2010-02-26,982.4,982.4,982.4,982.4,1.42,13.78,508566,772436918.0,0.0,0.2
2010-03-01,987.88,987.88,987.88,987.88,0.56,5.48,503804,800590748.0,0.0,0.2
2010-03-02,1001.34,1001.34,1001.34,1001.34,1.36,13.46,538015,767665841.0,0.0,0.21
2010-03-03,1011.3,1011.3,1011.3,1011.3,0.99,9.96,623444,1015275420.0,0.0,0.24
2010-03-04,966.79,966.79,966.79,966.79,-4.4,-44.51,675627,1065882381.0,0.0,0.26
2010-03-05,972.3,972.3,972.3,972.3,0.57,5.51,415636,624169824.0,0.0,0.16
2010-03-08,995.11,995.11,995.11,995.11,2.35,22.81,494036,748770200.0,0.0,0.19
2010-03-09,999.1,999.1,999.1,999.1,0.4,3.99,466267,725456222.0,0.0,0.18
2010-03-10,987.28,987.28,987.28,987.28,-1.18,-11.82,372939,510657575.0,0.0,0.15
2010-03-11,982.8,982.8,982.8,982.8,-0.45,-4.48,370068,594563928.0,0.0,0.15
2010-03-12,975.86,975.86,975.86,975.86,-0.71,-6.94,379794,649840922.0,0.0,0.15
2010-03-15,967.1,967.1,967.1,967.1,-0.9,-8.76,278339,488252828.0,0.0,0.11
2010-03-16,972.87,972.87,972.87,972.87,0.6,5.77,243342,414040017.0,0.0,0.1
2010-03-17,998.48,998.48,998.48,998.48,2.63,25.61,489393,808228558.0,0.0,0.19
2010-03-18,1002.49,1002.49,1002.49,1002.49,0.4,4.01,498400,807890527.0,0.0,0.2
2010-03-19,1011.39,1011.39,1011.39,1011.39,0.89,8.9,449332,744736082.0,0.0,0.18
2010-03-22,1025.32,1025.32,1025.32,1025.32,1.38,13.93,614240,1047587741.0,0.0,0.24
2010-03-23,1024.4,1024.4,1024.4,1024.4,-0.09,-0.92,385975,584389926.0,0.0,0.15
2010-03-24,1033.87,1033.87,1033.87,1033.87,0.92,9.47,399928,683527891.0,0.0,0.16
2010-03-25,1026.96,1026.96,1026.96,1026.96,-0.67,-6.91,417881,704769266.0,0.0,0.16
2010-03-26,1041.36,1041.36,1041.36,1041.36,1.4,14.4,298253,553600472.0,0.0,0.12
2010-03-29,1051.05,1051.05,1051.05,1051.05,0.93,9.69,463325,733383917.0,0.0,0.18
2010-03-30,1058.11,1058.11,1058.11,1058.11,0.67,7.06,425658,673523829.0,0.0,0.17
2010-03-31,1078.65,1078.65,1078.65,1078.65,1.94,20.54,595697,962809570.0,0.0,0.23
2010-04-01,1085.87,1085.87,1085.87,1085.87,0.67,7.22,569646,916630109.0,0.0,0.22
2010-04-02,1082.63,1082.63,1082.63,1082.63,-0.3,-3.24,525591,879191194.0,0.0,0.21
2010-04-06,1089.19,1089.19,1089.19,1089.19,0.61,6.56,467077,709270713.0,0.0,0.18
2010-04-07,1098.87,1098.87,1098.87,1098.87,0.89,9.68,734147,1048447367.0,0.0,0.29
2010-04-08,1092.9,1092.9,1092.9,1092.9,-0.54,-5.97,643694,991495729.0,0.0,0.25
2010-04-09,1122.84,1122.84,1122.84,1122.84,2.74,29.94,706623,1130998326.0,0.0,0.28
2010-04-12,1144.57,1144.57,1144.57,1144.57,1.94,21.73,744208,1211214468.0,0.0,0.29
2010-04-13,1099.63,1099.63,1099.63,1099.63,-3.93,-44.94,649266,1107158700.0,0.0,0.25
2010-04-14,1105.48,1105.48,1105.48,1105.48,0.53,5.85,489313,780004357.0,0.0,0.19
2010-04-15,1106.05,1106.05,1106.05,1106.05,0.05,0.57,540813,998132390.0,0.0,0.21
2010-04-16,1112.71,1112.71,1112.71,1112.71,0.6,6.66,524842,871446971.0,0.0,0.21
2010-04-19,1081.17,1081.17,1081.17,1081.17,-2.83,-31.54,550429,909890301.0,0.0,0.22
2010-04-20,1099.14,1099.14,1099.14,1099.14,1.66,17.97,519184,833301867.0,0.0,0.2
2010-04-21,1139.78,1139.78,1139.78,1139.78,3.7,40.64,908658,1472782648.0,0.0,0.36
2010-04-22,1139.62,1139.62,1139.62,1139.62,-0.01,-0.16,684493,1093114834.0,0.0,0.27
2010-04-23,1138.93,1138.93,1138.93,1138.93,-0.06,-0.69,535870,875080014.0,0.0,0.21
2010-04-26,1142.72,1142.72,1142.72,1142.72,0.33,3.79,425521,748515706.0,0.0,0.17
2010-04-27,1109.98,1109.98,1109.98,1109.98,-2.87,-32.74,562876,873105382.0,0.0,0.22
2010-04-28,1098.46,1098.46,1098.46,1098.46,-1.04,-11.52,448048,697672335.0,0.0,0.18
2010-04-29,1073.65,1073.65,1073.65,1073.65,-2.26,-24.81,484055,775072133.0,0.0,0.19
2010-04-30,1037.67,1037.67,1037.67,1037.67,-3.35,-35.98,747173,1395341846.0,0.0,0.29
2010-05-04,1030.9,1030.9,1030.9,1030.9,-0.65,-6.77,394946,681326944.0,0.0,0.15
2010-05-05,1061.47,1061.47,1061.47,1061.47,2.97,30.57,539585,979937688.0,0.0,0.21
2010-05-06,1034.2,1034.2,1034.2,1034.2,-2.57,-27.27,525068,1002721212.0,0.0,0.21
2010-05-07,1017.76,1017.76,1017.76,1017.76,-1.59,-16.44,495878,945588145.0,0.0,0.19
2010-05-10,980.59,980.59,980.59,980.59,-3.65,-37.17,453352,796965447.0,0.0,0.18
2010-05-11,940.79,940.79,940.79,940.79,-4.06,-39.8,417855,683504441.0,0.0,0.16
2010-05-12,914.75,914.75,914.75,914.75,-2.77,-26.04,450196,609504835.0,0.0,0.18
2010-05-13,938.11,938.11,938.11,938.11,2.55,23.36,469448,623027415.0,0.0,0.18
2010-05-14,943.47,943.47,943.47,943.47,0.57,5.36,435449,653155844.0,0.0,0.17
2010-05-17,885.41,885.41,885.41,885.41,-6.15,-58.06,379807,615839159.0,0.0,0.15
2010-05-18,881.56,881.56,881.56,881.56,-0.43,-3.85,370902,548083578.0,0.0,0.15
2010-05-19,883.95,883.95,883.95,883.95,0.27,2.39,499855,690856478.0,0.0,0.2
2010-05-20,876.12,876.12,876.12,876.12,-0.89,-7.83,452932,645863348.0,0.0,0.18
2010-05-21,887.98,887.98,887.98,887.98,1.35,11.86,389157,470209093.0,0.0,0.15
2010-05-24,926.26,926.26,926.26,926.26,4.31,38.28,463738,616823158.0,0.0,0.18
2010-05-25,928.89,928.89,928.89,928.89,0.28,2.63,473506,696614946.0,0.0,0.19
2010-05-26,927.37,927.37,927.37,927.37,-0.16,-1.52,370867,521498086.0,0.0,0.15
2010-05-27,947.44,947.44,947.44,947.44,2.16,20.07,438176,668441868.0,0.0,0.17
2010-05-28,954.48,954.48,954.48,954.48,0.74,7.04,429062,674790968.0,0.0,0.17
2010-05-31,921.44,921.44,921.44,921.44,-3.46,-33.04,414650,638881093.0,0.0,0.16
2010-06-01,903.3,903.3,903.3,903.3,-1.97,-18.14,394570,609849115.0,0.0,0.15
2010-06-02,911.75,911.75,911.75,911.75,0.94,8.45,269361,445863568.0,0.0,0.11
2010-06-03,910.12,910.12,910.12,910.12,-0.18,-1.63,337470,613216505.0,0.0,0.13
2010-06-04,914.17,914.17,914.17,914.17,0.44,4.05,216482,364110905.0,0.0,0.08
2010-06-07,911.81,911.81,911.81,911.81,-0.26,-2.36,315734,554894533.0,0.0,0.12
2010-06-08,928.06,928.06,928.06,928.06,1.78,16.25,429849,693531708.0,0.0,0.17
2010-06-09,948.32,948.32,948.32,948.32,2.18,20.26,453412,711380805.0,0.0,0.18
2010-06-10,951.14,951.14,951.14,951.14,0.3,2.82,405411,708265464.0,0.0,0.16
2010-06-11,956.84,956.84,956.84,956.84,0.6,5.7,389484,640167452.0,0.0,0.15
2010-06-17,946.78,946.78,946.78,946.78,-1.05,-10.06,331768,535840267.0,0.0,0.13
2010-06-18,902.05,902.05,902.05,902.05,-4.72,-44.73,407884,690304623.0,0.0,0.16
2010-06-21,930.44,930.44,930.44,930.44,3.15,28.39,255104,426685205.0,0.0,0.1
2010-06-22,942.02,942.02,942.02,942.02,1.24,11.58,242443,365471611.0,0.0,0.1
2010-06-23,945.98,945.98,945.98,945.98,0.42,3.96,320053,504947573.0,0.0,0.13
2010-06-24,944.03,944.03,944.03,944.03,-0.21,-1.95,195351,328127785.0,0.0,0.08
2010-06-25,942.19,942.19,942.19,942.19,-0.19,-1.84,335798,569860197.0,0.0,0.13
2010-06-28,925.34,925.34,925.34,925.34,-1.79,-16.85,271770,450679105.0,0.0,0.11
2010-06-29,859.13,859.13,859.13,859.13,-7.16,-66.21,375287,609980056.0,0.0,0.15
2010-06-30,839.69,839.69,839.69,839.69,-2.26,-19.44,229009,366812465.0,0.0,0.09
2010-07-01,825.27,825.27,825.27,825.27,-1.72,-14.42,335878,496120772.0,0.0,0.13
2010-07-02,824.03,824.03,824.03,824.03,-0.15,-1.24,470854,729595501.0,0.0,0.18
2010-07-05,822.41,822.41,822.41,822.41,-0.2,-1.62,251702,357775367.0,0.0,0.1
2010-07-06,843.22,843.22,843.22,843.22,2.53,20.81,448273,694702537.0,0.0,0.18
2010-07-07,854.98,854.98,854.98,854.98,1.39,11.76,450426,687541615.0,0.0,0.18
2010-07-08,847.18,847.18,847.18,847.18,-0.91,-7.8,328000,484978954.0,0.0,0.13
2010-07-09,879.48,879.48,879.48,879.48,3.81,32.3,432052,605136675.0,0.0,0.17
2010-07-12,885.17,885.17,885.17,885.17,0.65,5.69,419207,630902490.0,0.0,0.16
2010-07-13,871.07,871.07,871.07,871.07,-1.59,-14.1,324969,486662920.0,0.0,0.13
2010-07-14,876.97,876.97,876.97,876.97,0.68,5.9,307327,456126206.0,0.0,0.12
2010-07-15,861.66,861.66,861.66,861.66,-1.75,-15.31,368315,529860116.0,0.0,0.14
2010-07-16,874.76,874.76,874.76,874.76,1.52,13.1,400298,610316459.0,0.0,0.16
2010-07-19,891.26,891.26,891.26,891.26,1.89,16.5,386978,602138214.0,0.0,0.15
2010-07-20,914.49,914.49,914.49,914.49,2.61,23.23,483545,731494541.0,0.0,0.19
2010-07-21,914.06,914.06,914.06,914.06,-0.05,-0.43,507412,825350102.0,0.0,0.2
2010-07-22,922.13,922.13,922.13,922.13,0.88,8.07,356017,537078764.0,0.0,0.14
2010-07-23,923.49,923.49,923.49,923.49,0.15,1.36,409806,604770228.0,0.0,0.16
2010-07-26,936.73,936.73,936.73,936.73,1.43,13.24,409444,610156149.0,0.0,0.16
2010-07-27,934.89,934.89,934.89,934.89,-0.2,-1.84,378275,556663072.0,0.0,0.15
2010-07-28,951.64,951.64,951.64,951.64,1.79,16.75,445149,657509890.0,0.0,0.17
2010-07-29,965.77,965.77,965.77,965.77,1.48,14.13,609722,912555630.0,0.0,0.24
2010-07-30,961.88,961.88,961.88,961.88,-0.4,-3.89,440370,615087002.0,0.0,0.17
2010-08-02,978.38,978.38,978.38,978.38,1.72,16.5,459850,660579474.0,0.0,0.18
2010-08-03,954.2,954.2,954.2,954.2,-2.47,-24.18,455644,668525367.0,0.0,0.18
2010-08-04,964.68,964.68,964.68,964.68,1.1,10.48,408055,563854218.0,0.0,0.16
2010-08-05,966.25,966.25,966.25,966.25,0.16,1.57,427274,614811565.0,0.0,0.17
2010-08-06,986.9,986.9,986.9,986.9,2.14,20.65,546111,830351748.0,0.0,0.21
2010-08-09,1000.61,1000.61,1000.61,1000.61,1.39,13.71,483543,747422031.0,0.0,0.19
2010-08-10,960.88,960.88,960.88,960.88,-3.97,-39.73,561619,900878498.0,0.0,0.22
2010-08-11,974.42,974.42,974.42,974.42,1.41,13.54,357536,550214987.0,0.0,0.14
2010-08-12,965.55,965.55,965.55,965.55,-0.91,-8.87,465486,714524878.0,0.0,0.18
2010-08-13,979.24,979.24,979.24,979.24,1.42,13.69,557193,973068572.0,0.0,0.22
2010-08-16,1001.96,1001.96,1001.96,1001.96,2.32,22.72,694422,1115133984.0,0.0,0.27
2010-08-17,1009.27,1009.27,1009.27,1009.27,0.73,7.31,637375,1102349908.0,0.0,0.25
2010-08-18,1000.87,1000.87,1000.87,1000.87,-0.83,-8.4,522091,906793507.0,0.0,0.2
2010-08-19,1004.15,1004.15,1004.15,1004.15,0.33,3.28,510815,806044687.0,0.0,0.2
2010-08-20,990.45,990.45,990.45,990.45,-1.36,-13.7,498153,790934138.0,0.0,0.2
2010-08-23,1004.5,1004.5,1004.5,1004.5,1.42,14.05,575596,970052345.0,0.0,0.23
2010-08-24,1008.61,1008.61,1008.61,1008.61,0.41,4.11,494454,798091864.0,0.0,0.19
2010-08-25,991.84,991.84,991.84,991.84,-1.66,-16.77,493101,709630737.0,0.0,0.19
2010-08-26,988.32,988.32,988.32,988.32,-0.35,-3.52,337565,524048612.0,0.0,0.13
2010-08-27,999.36,999.36,999.36,999.36,1.12,11.04,345506,536135099.0,0.0,0.14
2010-08-30,1020.75,1020.75,1020.75,1020.75,2.14,21.39,538775,815117192.0,0.0,0.21
2010-08-31,1031.88,1031.88,1031.88,1031.88,1.09,11.13,629319,991656827.0,0.0,0.25
2010-09-01,1012.7,1012.7,1012.7,1012.7,-1.86,-19.18,596304,931215633.0,0.0,0.23
2010-09-02,1028.56,1028.56,1028.56,1028.56,1.57,15.86,565390,877374477.0,0.0,0.22
2010-09-03,1039.49,1039.49,1039.49,1039.49,1.06,10.93,667644,1099846744.0,0.0,0.26
2010-09-06,1029.08,1029.08,1029.08,1029.08,-1.0,-10.41,502180,811666763.0,0.0,0.2
2010-09-07,1036.06,1036.06,1036.06,1036.06,0.68,6.98,436505,657384246.0,0.0,0.17
2010-09-08,1046.09,1046.09,1046.09,1046.09,0.97,10.03,508437,803316171.0,0.0,0.2
2010-09-09,1046.87,1046.87,1046.87,1046.87,0.07,0.78,700907,1075630983.0,0.0,0.27
2010-09-10,1059.03,1059.03,1059.03,1059.03,1.16,12.16,575250,885091780.0,0.0,0.23
2010-09-13,1078.32,1078.32,1078.32,1078.32,1.82,19.29,680755,1118558433.0,0.0,0.27
2010-09-14,1084.67,1084.67,1084.67,1084.67,0.59,6.35,788249,1303761439.0,0.0,0.31
2010-09-15,1052.68,1052.68,1052.68,1052.68,-2.95,-31.99,476285,832777051.0,0.0,0.19
2010-09-16,1010.34,1010.34,1010.34,1010.34,-4.02,-42.34,551781,877793871.0,0.0,0.22
2010-09-17,1001.69,1001.69,1001.69,1001.69,-0.86,-8.65,421167,653109629.0,0.0,0.17
2010-09-20,999.26,999.26,999.26,999.26,-0.24,-2.43,376638,554686714.0,0.0,0.15
2010-09-21,1005.44,1005.44,1005.44,1005.44,0.62,6.18,284755,455820554.0,0.0,0.11
2010-09-27,1025.19,1025.19,1025.19,1025.19,1.96,19.75,499198,724381952.0,0.0,0.2
2010-09-28,1020.06,1020.06,1020.06,1020.06,-0.5,-5.13,493281,742254382.0,0.0,0.19
2010-09-29,1000.09,1000.09,1000.09,1000.09,-1.96,-19.97,420454,616496370.0,0.0,0.16
2010-09-30,1011.17,1011.17,1011.17,1011.17,1.11,11.08,328283,473084599.0,0.0,0.13
2010-10-08,1029.0,1029.0,1029.0,1029.0,1.76,17.83,466384,688397910.0,0.0,0.18
2010-10-11,1026.75,1026.75,1026.75,1026.75,-0.22,-2.25,740104,1101461821.0,0.0,0.29
2010-10-12,1030.39,1030.39,1030.39,1030.39,0.35,3.64,680715,1015595684.0,0.0,0.27
2010-10-13,1036.26,1036.26,1036.26,1036.26,0.57,5.87,617740,988529110.0,0.0,0.24
2010-10-14,1008.54,1008.54,1008.54,1008.54,-2.68,-27.72,831671,1362934300.0,0.0,0.33
2010-10-15,1014.09,1014.09,1014.09,1014.09,0.55,5.55,805673,1292362577.0,0.0,0.32
2010-10-18,997.33,997.33,997.33,997.33,-1.65,-16.76,843592,1361041507.0,0.0,0.33
2010-10-19,1038.41,1038.41,1038.41,1038.41,4.12,41.08,799385,1183632467.0,0.0,0.31
2010-10-20,1042.03,1042.03,1042.03,1042.03,0.35,3.62,916823,1417741300.0,0.0,0.36
2010-10-21,1039.7,1039.7,1039.7,1039.7,-0.22,-2.33,662600,980644170.0,0.0,0.26
2010-10-22,1044.41,1044.41,1044.41,1044.41,0.45,4.71,648968,1006624256.0,0.0,0.25
2010-10-25,1068.3,1068.3,1068.3,1068.3,2.29,23.89,894878,1415422318.0,0.0,0.35
2010-10-26,1066.12,1066.12,1066.12,1066.12,-0.2,-2.18,834010,1353656955.0,0.0,0.33
2010-10-27,1052.37,1052.37,1052.37,1052.37,-1.29,-13.75,675173,1065653838.0,0.0,0.26
2010-10-28,1058.1,1058.1,1058.1,1058.1,0.54,5.73,659513,957825723.0,0.0,0.26
2010-10-29,1094.6,1094.6,1094.6,1094.6,3.45,36.5,907979,1567081950.0,0.0,0.36
2010-11-01,1139.32,1139.32,1139.32,1139.32,4.09,44.72,1145522,2080628242.0,0.0,0.45
2010-11-02,1145.82,1145.82,1145.82,1145.82,0.57,6.5,1366217,2507798048.0,0.0,0.54
2010-11-03,1124.83,1124.83,1124.83,1124.83,-1.83,-20.99,907710,1524975483.0,0.0,0.36
2010-11-04,1162.21,1162.21,1162.21,1162.21,3.32,37.38,866761,1463025474.0,0.0,0.34
2010-11-05,1190.62,1190.62,1190.62,1190.62,2.44,28.41,886993,1652348459.0,0.0,0.35
2010-11-08,1221.9,1221.9,1221.9,1221.9,2.63,31.28,1246186,2282503026.0,0.0,0.49
2010-11-09,1211.74,1211.74,1211.74,1211.74,-0.83,-10.16,913054,1795397160.0,0.0,0.36
2010-11-10,1214.94,1214.94,1214.94,1214.94,0.26,3.2,826373,1544807259.0,0.0,0.32
2010-11-11,1209.3,1209.3,1209.3,1209.3,-0.46,-5.64,1008714,1878031089.0,0.0,0.4
2010-11-12,1141.2,1141.2,1141.2,1141.2,-5.63,-68.1,1126775,2057470351.0,0.0,0.44
2010-11-15,1194.06,1194.06,1194.06,1194.06,4.63,52.86,876696,1715288563.0,0.0,0.34
2010-11-16,1171.13,1171.13,1171.13,1171.13,-1.92,-22.93,890711,1911705015.0,0.0,0.35
2010-11-17,1150.37,1150.37,1150.37,1150.37,-1.77,-20.76,715465,1483126612.0,0.0,0.28
2010-11-18,1165.68,1165.68,1165.68,1165.68,1.33,15.31,661839,1345351970.0,0.0,0.26
2010-11-19,1221.12,1221.12,1221.12,1221.12,4.76,55.44,848969,1800929441.0,0.0,0.33
2010-11-22,1241.7,1241.7,1241.7,1241.7,1.69,20.58,793761,1634360152.0,0.0,0.31
2010-11-23,1232.92,1232.92,1232.92,1232.92,-0.71,-8.78,674917,1228439998.0,0.0,0.26
2010-11-24,1246.51,1246.51,1246.51,1246.51,1.1,13.59,614087,1246639656.0,0.0,0.24
2010-11-25,1251.66,1251.66,1251.66,1251.66,0.41,5.15,802548,1554608183.0,0.0,0.31
2010-11-26,1253.01,1253.01,1253.01,1253.01,0.11,1.35,651887,1169331460.0,0.0,0.26
2010-11-29,1256.83,1256.83,1256.83,1256.83,0.3,3.82,517531,992395884.0,0.0,0.2
2010-11-30,1235.45,1235.45,1235.45,1235.45,-1.7,-21.38,880600,2068766796.0,0.0,0.35
2010-12-01,1247.08,1247.08,1247.08,1247.08,0.94,11.63,617519,1536075805.0,0.0,0.24
2010-12-02,1252.96,1252.96,1252.96,1252.96,0.47,5.88,653428,1480033896.0,0.0,0.26
2010-12-03,1239.09,1239.09,1239.09,1239.09,-1.11,-13.87,493479,1102539417.0,0.0,0.19
2010-12-06,1224.02,1224.02,1224.02,1224.02,-1.22,-15.07,419398,857741605.0,0.0,0.16
2010-12-07,1244.67,1244.67,1244.67,1244.67,1.69,20.65,351625,748152052.0,0.0,0.14
2010-12-08,1254.93,1254.93,1254.93,1254.93,0.82,10.26,451022,1094980949.0,0.0,0.18
2010-12-09,1249.56,1249.56,1249.56,1249.56,-0.43,-5.37,529358,1290028627.0,0.0,0.21
2010-12-10,1265.14,1265.14,1265.14,1265.14,1.25,15.58,357569,837410340.0,0.0,0.14
2010-12-13,1310.84,1310.84,1310.84,1310.84,3.61,45.7,530429,1184348322.0,0.0,0.21
2010-12-14,1333.18,1333.18,1333.18,1333.18,1.7,22.34,776058,1857748361.0,0.0,0.3
2010-12-15,1331.92,1331.92,1331.92,1331.92,-0.09,-1.26,496826,1262864712.0,0.0,0.19
2010-12-16,1340.63,1340.63,1340.63,1340.63,0.65,8.71,502608,1013201577.0,0.0,0.2
2010-12-17,1350.62,1350.62,1350.62,1350.62,0.75,9.99,373131,847565570.0,0.0,0.15
2010-12-20,1363.48,1363.48,1363.48,1363.48,0.95,12.86,884143,2064562395.0,0.0,0.35
2010-12-21,1365.27,1365.27,1365.27,1365.27,0.13,1.79,636181,1620221523.0,0.0,0.25
2010-12-22,1349.8,1349.8,1349.8,1349.8,-1.13,-15.47,414181,994078516.0,0.0,0.16
2010-12-23,1312.78,1312.78,1312.78,1312.78,-2.74,-37.02,446241,1009227999.0,0.0,0.17
2010-12-24,1276.3,1276.3,1276.3,1276.3,-2.78,-36.48,506575,1295340218.0,0.0,0.2
2010-12-27,1228.34,1228.34,1228.34,1228.34,-3.76,-47.96,618849,1481199038.0,0.0,0.24
2010-12-28,1198.01,1198.01,1198.01,1198.01,-2.47,-30.33,467655,1047949609.0,0.0,0.18
2010-12-29,1226.88,1226.88,1226.88,1226.88,2.41,28.87,417251,1062415797.0,0.0,0.16
2010-12-30,1230.67,1230.67,1230.67,1230.67,0.31,3.79,439813,1195929951.0,0.0,0.17
2010-12-31,1249.05,1249.05,1249.05,1249.05,1.49,18.38,415791,1067193369.0,0.0,0.16
2011-01-04,1264.75,1264.75,1264.75,1264.75,1.26,15.7,504917,1218140398.0,0.0,0.2
2011-01-05,1279.82,1279.82,1279.82,1279.82,1.19,15.07,545081,1496573741.0,0.0,0.21
2011-01-06,1270.99,1270.99,1270.99,1270.99,-0.69,-8.83,516745,1307297982.0,0.0,0.2
2011-01-07,1261.41,1261.41,1261.41,1261.41,-0.75,-9.58,459632,1110252965.0,0.0,0.18
2011-01-10,1237.11,1237.11,1237.11,1237.11,-1.93,-24.3,449434,996908882.0,0.0,0.18
2011-01-11,1229.03,1229.03,1229.03,1229.03,-0.65,-8.08,463315,1016119567.0,0.0,0.18
2011-01-12,1233.28,1233.28,1233.28,1233.28,0.35,4.25,400264,880418643.0,0.0,0.16
2011-01-13,1239.76,1239.76,1239.76,1239.76,0.53,6.48,348452,677779394.0,0.0,0.14
2011-01-14,1213.61,1213.61,1213.61,1213.61,-2.11,-26.15,463023,991742056.0,0.0,0.18
2011-01-17,1178.13,1178.13,1178.13,1178.13,-2.92,-35.48,527050,1123978092.0,0.0,0.21
2011-01-18,1173.07,1173.07,1173.07,1173.07,-0.43,-5.06,234995,487983017.0,0.0,0.09
2011-01-19,1197.06,1197.06,1197.06,1197.06,2.05,23.99,311823,682081937.0,0.0,0.12
2011-01-20,1159.67,1159.67,1159.67,1159.67,-3.12,-37.39,330081,713881823.0,0.0,0.13
2011-01-21,1172.67,1172.67,1172.67,1172.67,1.12,13.0,340446,709591297.0,0.0,0.13
2011-01-24,1150.89,1150.89,1150.89,1150.89,-1.86,-21.78,366194,796050647.0,0.0,0.14
2011-01-25,1132.65,1132.65,1132.65,1132.65,-1.58,-18.24,290653,581538516.0,0.0,0.11
2011-01-26,1160.01,1160.01,1160.01,1160.01,2.42,27.36,226003,470798275.0,0.0,0.09
2011-01-27,1177.79,1177.79,1177.79,1177.79,1.53,17.78,258828,531783836.0,0.0,0.1
2011-01-28,1193.07,1193.07,1193.07,1193.07,1.3,15.28,291944,588916869.0,0.0,0.11
2011-01-31,1198.78,1198.78,1198.78,1198.78,0.48,5.71,279653,541932006.0,0.0,0.11
2011-02-01,1204.33,1204.33,1204.33,1204.33,0.46,5.55,246539,467938760.0,0.0,0.1
2011-02-09,1192.87,1192.87,1192.87,1192.87,-0.95,-11.46,268516,511406508.0,0.0,0.11
2011-02-10,1222.12,1222.12,1222.12,1222.12,2.45,29.25,273607,582276883.0,0.0,0.11
2011-02-11,1233.26,1233.26,1233.26,1233.26,0.91,11.14,344349,724049129.0,0.0,0.14
2011-02-14,1245.38,1245.38,1245.38,1245.38,0.98,12.12,466970,987931755.0,0.0,0.18
2011-02-15,1254.4,1254.4,1254.4,1254.4,0.72,9.02,545089,1129394471.0,0.0,0.21
2011-02-16,1275.48,1275.48,1275.48,1275.48,1.68,21.08,600403,1218495298.0,0.0,0.24
2011-02-17,1280.6,1280.6,1280.6,1280.6,0.4,5.12,617794,1239342568.0,0.0,0.24
2011-02-18,1274.88,1274.88,1274.88,1274.88,-0.45,-5.72,708493,1778684610.0,0.0,0.28
2011-02-21,1307.6,1307.6,1307.6,1307.6,2.57,32.72,707588,1829387735.0,0.0,0.28
2011-02-22,1288.07,1288.07,1288.07,1288.07,-1.49,-19.53,806694,2110615791.0,0.0,0.32
2011-02-23,1305.39,1305.39,1305.39,1305.39,1.34,17.32,616865,1696552237.0,0.0,0.24
2011-02-24,1303.0,1303.0,1303.0,1303.0,-0.18,-2.39,478008,1266037781.0,0.0,0.19
2011-02-25,1299.22,1299.22,1299.22,1299.22,-0.29,-3.78,518250,1283102286.0,0.0,0.2
2011-02-28,1307.8,1307.8,1307.8,1307.8,0.66,8.58,586677,1451241457.0,0.0,0.23
2011-03-01,1315.11,1315.11,1315.11,1315.11,0.56,7.31,507243,1248503648.0,0.0,0.2
2011-03-02,1296.07,1296.07,1296.07,1296.07,-1.45,-19.04,479179,1264121822.0,0.0,0.19
2011-03-03,1279.4,1279.4,1279.4,1279.4,-1.29,-16.67,534294,1240735801.0,0.0,0.21
2011-03-04,1293.23,1293.23,1293.23,1293.23,1.08,13.83,469187,976802627.0,0.0,0.18
2011-03-07,1301.93,1301.93,1301.93,1301.93,0.67,8.7,548629,1195480060.0,0.0,0.22
2011-03-08,1305.78,1305.78,1305.78,1305.78,0.3,3.85,586302,1221547387.0,0.0,0.23
2011-03-09,1323.48,1323.48,1323.48,1323.48,1.36,17.7,789646,1917465923.0,0.0,0.31
2011-03-10,1315.18,1315.18,1315.18,1315.18,-0.63,-8.3,614781,1459834606.0,0.0,0.24
2011-03-11,1316.1,1316.1,1316.1,1316.1,0.07,0.92,587919,1363132691.0,0.0,0.23
2011-03-14,1315.76,1315.76,1315.76,1315.76,-0.03,-0.34,570372,1405048987.0,0.0,0.22
2011-03-15,1294.03,1294.03,1294.03,1294.03,-1.65,-21.73,491096,902332452.0,0.0,0.19
2011-03-16,1321.2,1321.2,1321.2,1321.2,2.1,27.17,657573,1714815736.0,0.0,0.26
2011-03-17,1296.4,1296.4,1296.4,1296.4,-1.88,-24.8,749361,2099395511.0,0.0,0.29
2011-03-18,1306.87,1306.87,1306.87,1306.87,0.81,10.47,505522,1476783439.0,0.0,0.2
2011-03-21,1298.08,1298.08,1298.08,1298.08,-0.67,-8.79,558514,1326067438.0,0.0,0.22
2011-03-22,1293.2,1293.2,1293.2,1293.2,-0.38,-4.88,463762,1103737533.0,0.0,0.18
2011-03-23,1307.21,1307.21,1307.21,1307.21,1.08,14.01,551817,1329378893.0,0.0,0.22
2011-03-24,1302.08,1302.08,1302.08,1302.08,-0.39,-5.13,430171,954667625.0,0.0,0.17
2011-03-25,1312.08,1312.08,1312.08,1312.08,0.77,10.0,535915,1310922625.0,0.0,0.21
2011-03-28,1315.29,1315.29,1315.29,1315.29,0.24,3.21,849462,1954481373.0,0.0,0.33
2011-03-29,1290.46,1290.46,1290.46,1290.46,-1.89,-24.83,650066,1404292440.0,0.0,0.25
2011-03-30,1277.73,1277.73,1277.73,1277.73,-0.99,-12.73,458941,1128639111.0,0.0,0.18
2011-03-31,1271.06,1271.06,1271.06,1271.06,-0.52,-6.67,485394,946032384.0,0.0,0.19
2011-04-01,1283.53,1283.53,1283.53,1283.53,0.98,12.47,411862,959134499.0,0.0,0.16
2011-04-06,1285.08,1285.08,1285.08,1285.08,0.12,1.55,398542,851694497.0,0.0,0.16
2011-04-07,1295.48,1295.48,1295.48,1295.48,0.81,10.4,400058,751111287.0,0.0,0.16
2011-04-08,1308.88,1308.88,1308.88,1308.88,1.03,13.4,453107,1020082951.0,0.0,0.18
2011-04-11,1293.36,1293.36,1293.36,1293.36,-1.19,-15.52,507042,1019086290.0,0.0,0.2
2011-04-12,1286.2,1286.2,1286.2,1286.2,-0.55,-7.16,407406,841001257.0,0.0,0.16
2011-04-13,1294.3,1294.3,1294.3,1294.3,0.63,8.1,271300,547790493.0,0.0,0.11
2011-04-14,1287.07,1287.07,1287.07,1287.07,-0.56,-7.23,321794,837197551.0,0.0,0.13
2011-04-15,1292.95,1292.95,1292.95,1292.95,0.46,5.88,346237,814309581.0,0.0,0.14
2011-04-18,1297.6,1297.6,1297.6,1297.6,0.36,4.65,425507,884236483.0,0.0,0.17
2011-04-19,1286.66,1286.66,1286.66,1286.66,-0.84,-10.94,475093,998217888.0,0.0,0.19
2011-04-20,1290.58,1290.58,1290.58,1290.58,0.3,3.92,352834,718105555.0,0.0,0.14
2011-04-21,1291.34,1291.34,1291.34,1291.34,0.06,0.76,346317,670985446.0,0.0,0.14
2011-04-22,1295.03,1295.03,1295.03,1295.03,0.29,3.69,304813,620195985.0,0.0,0.12
2011-04-25,1272.17,1272.17,1272.17,1272.17,-1.77,-22.86,335470,634613920.0,0.0,0.13
2011-04-26,1242.18,1242.18,1242.18,1242.18,-2.36,-29.99,331087,631126945.0,0.0,0.13
2011-04-27,1213.16,1213.16,1213.16,1213.16,-2.34,-29.02,361263,694052727.0,0.0,0.14
2011-04-28,1173.92,1173.92,1173.92,1173.92,-3.23,-39.24,337748,809760573.0,0.0,0.13
2011-04-29,1185.65,1185.65,1185.65,1185.65,1.0,11.73,277490,638969642.0,0.0,0.11
2011-05-03,1210.03,1210.03,1210.03,1210.03,2.06,24.38,318150,993700275.0,0.0,0.12
2011-05-04,1192.93,1192.93,1192.93,1192.93,-1.41,-17.1,364033,926634955.0,0.0,0.14
2011-05-05,1192.02,1192.02,1192.02,1192.02,-0.08,-0.91,279183,664874476.0,0.0,0.11
2011-05-06,1198.21,1198.21,1198.21,1198.21,0.52,6.19,273539,697967264.0,0.0,0.11
2011-05-09,1201.54,1201.54,1201.54,1201.54,0.28,3.33,395681,991042135.0,0.0,0.16
2011-05-10,1201.7,1201.7,1201.7,1201.7,0.01,0.16,276294,639018132.0,0.0,0.11
2011-05-11,1203.93,1203.93,1203.93,1203.93,0.19,2.23,355844,738914740.0,0.0,0.14
2011-05-12,1181.67,1181.67,1181.67,1181.67,-1.85,-22.26,284486,585136058.0,0.0,0.11
2011-05-13,1195.19,1195.19,1195.19,1195.19,1.14,13.52,242284,637501799.0,0.0,0.1
2011-05-16,1199.96,1199.96,1199.96,1199.96,0.4,4.77,219999,300317436.0,0.0,0.09
2011-05-17,1190.51,1190.51,1190.51,1190.51,-0.79,-9.45,432124,1128310730.0,0.0,0.17
2011-05-18,1190.98,1190.98,1190.98,1190.98,0.04,0.47,254266,625260894.0,0.0,0.1
2011-05-19,1187.81,1187.81,1187.81,1187.81,-0.27,-3.17,222661,565136036.0,0.0,0.09
2011-05-20,1179.2,1179.2,1179.2,1179.2,-0.72,-8.61,206406,494216323.0,0.0,0.08
2011-05-23,1136.3,1136.3,1136.3,1136.3,-3.64,-42.9,280286,619134504.0,0.0,0.11
2011-05-24,1130.09,1130.09,1130.09,1130.09,-0.55,-6.21,259400,566006390.0,0.0,0.1
2011-05-25,1113.28,1113.28,1113.28,1113.28,-1.49,-16.81,240783,567486410.0,0.0,0.09
2011-05-26,1095.29,1095.29,1095.29,1095.29,-1.62,-17.99,210328,438385176.0,0.0,0.08
2011-05-27,1073.88,1073.88,1073.88,1073.88,-1.95,-21.41,245754,502691426.0,0.0,0.1
2011-05-30,1060.16,1060.16,1060.16,1060.16,-1.28,-13.72,238019,478882609.0,0.0,0.09
2011-05-31,1077.38,1077.38,1077.38,1077.38,1.62,17.22,254030,492720218.0,0.0,0.1
2011-06-01,1083.58,1083.58,1083.58,1083.58,0.58,6.2,163088,323940432.0,0.0,0.06
2011-06-02,1063.37,1063.37,1063.37,1063.37,-1.87,-20.21,254708,452654322.0,0.0,0.1
2011-06-03,1087.49,1087.49,1087.49,1087.49,2.27,24.12,239927,507365842.0,0.0,0.09
2011-06-07,1101.63,1101.63,1101.63,1101.63,1.3,14.14,184408,383212747.0,0.0,0.07
2011-06-08,1106.87,1106.87,1106.87,1106.87,0.48,5.24,165258,357286181.0,0.0,0.06
2011-06-09,1089.66,1089.66,1089.66,1089.66,-1.55,-17.21,230715,434936043.0,0.0,0.09
2011-06-10,1086.91,1086.91,1086.91,1086.91,-0.25,-2.75,184694,319303306.0,0.0,0.07
2011-06-13,1093.82,1093.82,1093.82,1093.82,0.64,6.91,250715,440542925.0,0.0,0.1
2011-06-14,1105.87,1105.87,1105.87,1105.87,1.1,12.05,220571,395155162.0,0.0,0.09
2011-06-15,1094.82,1094.82,1094.82,1094.82,-1.0,-11.05,167583,342274655.0,0.0,0.07
2011-06-16,1063.25,1063.25,1063.25,1063.25,-2.88,-31.57,170014,298140042.0,0.0,0.07
2011-06-17,1050.69,1050.69,1050.69,1050.69,-1.18,-12.56,178320,355248664.0,0.0,0.07
2011-06-20,1042.19,1042.19,1042.19,1042.19,-0.81,-8.5,197573,365688248.0,0.0,0.08
2011-06-21,1057.15,1057.15,1057.15,1057.15,1.44,14.96,214102,365181806.0,0.0,0.08
2011-06-22,1051.09,1051.09,1051.09,1051.09,-0.57,-6.06,192479,351309919.0,0.0,0.08
2011-06-23,1068.87,1068.87,1068.87,1068.87,1.69,17.78,287607,499909961.0,0.0,0.11
2011-06-24,1103.11,1103.11,1103.11,1103.11,3.2,34.24,410179,819855491.0,0.0,0.16
2011-06-27,1120.68,1120.68,1120.68,1120.68,1.59,17.57,309788,622254993.0,0.0,0.12
2011-06-28,1124.32,1124.32,1124.32,1124.32,0.32,3.64,312165,542197691.0,0.0,0.12
2011-06-29,1120.97,1120.97,1120.97,1120.97,-0.3,-3.35,581244,1169496513.0,0.0,0.23
2011-06-30,1130.93,1130.93,1130.93,1130.93,0.89,9.96,465357,936799860.0,0.0,0.18
2011-07-01,1134.9,1134.9,1134.9,1134.9,0.35,3.97,383420,761009552.0,0.0,0.15
2011-07-04,1156.42,1156.42,1156.42,1156.42,1.9,21.52,487975,1034684399.0,0.0,0.19
2011-07-05,1158.33,1158.33,1158.33,1158.33,0.17,1.91,420942,833324216.0,0.0,0.17
2011-07-06,1164.28,1164.28,1164.28,1164.28,0.51,5.95,390943,850999347.0,0.0,0.15
2011-07-07,1171.51,1171.51,1171.51,1171.51,0.62,7.23,547855,1209726547.0,0.0,0.21
2011-07-08,1174.29,1174.29,1174.29,1174.29,0.24,2.78,432505,1039667954.0,0.0,0.17
2011-07-11,1196.39,1196.39,1196.39,1196.39,1.88,22.1,470694,1009926931.0,0.0,0.18
2011-07-12,1180.51,1180.51,1180.51,1180.51,-1.33,-15.88,462810,1063789236.0,0.0,0.18
2011-07-13,1212.13,1212.13,1212.13,1212.13,2.68,31.62,406233,871281203.0,0.0,0.16
2011-07-14,1225.51,1225.51,1225.51,1225.51,1.1,13.38,437453,960512890.0,0.0,0.17
2011-07-15,1247.65,1247.65,1247.65,1247.65,1.81,22.14,712989,1186698733.0,0.0,0.28
2011-07-18,1242.56,1242.56,1242.56,1242.56,-0.41,-5.09,544141,923563242.0,0.0,0.21
2011-07-19,1242.22,1242.22,1242.22,1242.22,-0.03,-0.34,692935,1310179572.0,0.0,0.27
2011-07-20,1250.28,1250.28,1250.28,1250.28,0.65,8.06,666150,1242625733.0,0.0,0.26
2011-07-21,1227.41,1227.41,1227.41,1227.41,-1.83,-22.87,503069,933680886.0,0.0,0.2
2011-07-22,1235.54,1235.54,1235.54,1235.54,0.66,8.13,420802,818508175.0,0.0,0.17
2011-07-25,1187.45,1187.45,1187.45,1187.45,-3.89,-48.09,507173,970768999.0,0.0,0.2
2011-07-26,1185.65,1185.65,1185.65,1185.65,-0.15,-1.8,320210,641072328.0,0.0,0.13
2011-07-27,1211.87,1211.87,1211.87,1211.87,2.21,26.22,476694,877613427.0,0.0,0.19
2011-07-28,1219.22,1219.22,1219.22,1219.22,0.61,7.35,440812,782310033.0,0.0,0.17
2011-07-29,1221.21,1221.21,1221.21,1221.21,0.16,1.99,570899,1125565157.0,0.0,0.22
2011-08-01,1237.41,1237.41,1237.41,1237.41,1.33,16.2,492755,1061143910.0,0.0,0.19
2011-08-02,1239.65,1239.65,1239.65,1239.65,0.18,2.24,449544,961688823.0,0.0,0.18
2011-08-03,1235.39,1235.39,1235.39,1235.39,-0.34,-4.26,399623,1028809473.0,0.0,0.16
2011-08-04,1234.3,1234.3,1234.3,1234.3,-0.09,-1.09,328743,740086808.0,0.0,0.13
2011-08-05,1208.14,1208.14,1208.14,1208.14,-2.12,-26.16,404630,869176840.0,0.0,0.16
2011-08-08,1141.9,1141.9,1141.9,1141.9,-5.48,-66.24,582980,1228198148.0,0.0,0.23
2011-08-09,1143.09,1143.09,1143.09,1143.09,0.1,1.19,541860,1200380950.0,0.0,0.21
2011-08-10,1167.42,1167.42,1167.42,1167.42,2.13,24.33,534076,1158714276.0,0.0,0.21
2011-08-11,1183.7,1183.7,1183.7,1183.7,1.39,16.28,422142,604938264.0,0.0,0.17
2011-08-12,1194.92,1194.92,1194.92,1194.92,0.95,11.22,538868,1481025263.0,0.0,0.21
2011-08-15,1213.33,1213.33,1213.33,1213.33,1.54,18.41,328803,821644607.0,0.0,0.13
2011-08-16,1208.7,1208.7,1208.7,1208.7,-0.38,-4.63,398794,1254722166.0,0.0,0.16
2011-08-17,1209.51,1209.51,1209.51,1209.51,0.07,0.81,372298,1123136464.0,0.0,0.15
2011-08-18,1184.07,1184.07,1184.07,1184.07,-2.1,-25.44,333510,904679214.0,0.0,0.13
2011-08-19,1178.07,1178.07,1178.07,1178.07,-0.51,-6.0,323436,837868986.0,0.0,0.13
2011-08-22,1178.82,1178.82,1178.82,1178.82,0.06,0.75,309219,990304001.0,0.0,0.12
2011-08-23,1208.9,1208.9,1208.9,1208.9,2.55,30.08,279317,721571034.0,0.0,0.11
2011-08-24,1211.99,1211.99,1211.99,1211.99,0.26,3.09,324835,782297218.0,0.0,0.13
2011-08-25,1224.48,1224.48,1224.48,1224.48,1.03,12.49,343105,872574039.0,0.0,0.13
2011-08-26,1230.7,1230.7,1230.7,1230.7,0.51,6.22,340348,900592816.0,0.0,0.13
2011-08-29,1223.12,1223.12,1223.12,1223.12,-0.62,-7.58,312660,780346136.0,0.0,0.12
2011-08-30,1204.08,1204.08,1204.08,1204.08,-1.56,-19.04,319360,714530996.0,0.0,0.13
2011-08-31,1193.29,1193.29,1193.29,1193.29,-0.9,-10.79,240271,383777955.0,0.0,0.09
2011-09-01,1202.76,1202.76,1202.76,1202.76,0.79,9.47,330612,631911200.0,0.0,0.13
2011-09-02,1190.38,1190.38,1190.38,1190.38,-1.03,-12.38,229357,492102874.0,0.0,0.09
2011-09-05,1151.74,1151.74,1151.74,1151.74,-3.25,-38.64,268382,642165407.0,0.0,0.11
2011-09-06,1136.87,1136.87,1136.87,1136.87,-1.29,-14.87,215246,660759745.0,0.0,0.08
2011-09-07,1164.79,1164.79,1164.79,1164.79,2.46,27.92,192572,476260007.0,0.0,0.08
2011-09-08,1151.68,1151.68,1151.68,1151.68,-1.13,-13.11,194147,476893511.0,0.0,0.08
2011-09-09,1147.68,1147.68,1147.68,1147.68,-0.35,-4.0,233060,526315779.0,0.0,0.09
2011-09-13,1140.82,1140.82,1140.82,1140.82,-0.6,-6.86,297846,607410707.0,0.0,0.12
2011-09-14,1159.32,1159.32,1159.32,1159.32,1.62,18.5,417202,926768830.0,0.0,0.16
2011-09-15,1166.56,1166.56,1166.56,1166.56,0.62,7.24,435589,848212414.0,0.0,0.17
2011-09-16,1163.94,1163.94,1163.94,1163.94,-0.22,-2.62,399292,670091187.0,0.0,0.16
2011-09-19,1140.25,1140.25,1140.25,1140.25,-2.04,-23.69,326115,553559614.0,0.0,0.13
2011-09-20,1141.62,1141.62,1141.62,1141.62,0.12,1.37,375479,579016595.0,0.0,0.15
2011-09-21,1172.27,1172.27,1172.27,1172.27,2.68,30.65,429435,730407127.0,0.0,0.17
2011-09-22,1144.91,1144.91,1144.91,1144.91,-2.33,-27.36,424349,728640350.0,0.0,0.17
2011-09-23,1144.33,1144.33,1144.33,1144.33,-0.05,-0.58,433465,674198801.0,0.0,0.17
2011-09-26,1116.21,1116.21,1116.21,1116.21,-2.46,-28.12,332790,606498378.0,0.0,0.13
2011-09-27,1116.54,1116.54,1116.54,1116.54,0.03,0.33,313152,535109266.0,0.0,0.12
2011-09-28,1098.18,1098.18,1098.18,1098.18,-1.64,-18.36,378114,714571611.0,0.0,0.15
2011-09-29,1051.76,1051.76,1051.76,1051.76,-4.23,-46.42,375905,630510409.0,0.0,0.15
2011-09-30,1049.8,1049.8,1049.8,1049.8,-0.19,-1.96,235140,385937024.0,0.0,0.09
2011-10-10,1056.24,1056.24,1056.24,1056.24,0.61,6.44,212216,414376943.0,0.0,0.08
2011-10-11,1052.57,1052.57,1052.57,1052.57,-0.35,-3.67,370981,691727529.0,0.0,0.15
2011-10-12,1086.96,1086.96,1086.96,1086.96,3.27,34.39,398706,712729611.0,0.0,0.16
2011-10-13,1094.3,1094.3,1094.3,1094.3,0.68,7.34,443098,813167766.0,0.0,0.17
2011-10-14,1091.54,1091.54,1091.54,1091.54,-0.25,-2.76,388185,650543515.0,0.0,0.15
2011-10-17,1098.69,1098.69,1098.69,1098.69,0.66,7.15,360339,635747199.0,0.0,0.14
2011-10-18,1076.21,1076.21,1076.21,1076.21,-2.05,-22.48,496975,986572064.0,0.0,0.19
2011-10-19,1067.17,1067.17,1067.17,1067.17,-0.84,-9.04,315652,675968774.0,0.0,0.12
2011-10-20,1031.42,1031.42,1031.42,1031.42,-3.35,-35.75,326465,611688478.0,0.0,0.13
2011-10-21,1002.98,1002.98,1002.98,1002.98,-2.76,-28.44,254335,492869103.0,0.0,0.1
2011-10-24,1013.98,1013.98,1013.98,1013.98,1.1,11.0,357966,606269108.0,0.0,0.14
2011-10-25,1042.74,1042.74,1042.74,1042.74,2.84,28.76,397422,650497277.0,0.0,0.16
2011-10-26,1062.46,1062.46,1062.46,1062.46,1.89,19.72,453414,742851126.0,0.0,0.18
2011-10-27,1062.04,1062.04,1062.04,1062.04,-0.04,-0.42,506343,898422057.0,0.0,0.2
2011-10-28,1073.34,1073.34,1073.34,1073.34,1.06,11.3,551469,959483153.0,0.0,0.22
2011-10-31,1079.4,1079.4,1079.4,1079.4,0.56,6.06,542149,1007039587.0,0.0,0.21
2011-11-01,1078.16,1078.16,1078.16,1078.16,-0.11,-1.24,659189,977910192.0,0.0,0.26
2011-11-02,1097.55,1097.55,1097.55,1097.55,1.8,19.39,661242,1064533016.0,0.0,0.26
2011-11-03,1097.42,1097.42,1097.42,1097.42,-0.01,-0.13,868085,1401421578.0,0.0,0.34
2011-11-04,1110.19,1110.19,1110.19,1110.19,1.16,12.77,627751,1102552647.0,0.0,0.25
2011-11-07,1108.01,1108.01,1108.01,1108.01,-0.2,-2.18,524583,856610338.0,0.0,0.21
2011-11-08,1097.45,1097.45,1097.45,1097.45,-0.95,-10.56,463555,732409260.0,0.0,0.18
2011-11-09,1111.05,1111.05,1111.05,1111.05,1.24,13.6,450187,687394088.0,0.0,0.18
2011-11-10,1102.2,1102.2,1102.2,1102.2,-0.8,-8.85,463134,737986714.0,0.0,0.18
2011-11-11,1106.54,1106.54,1106.54,1106.54,0.39,4.34,318829,507521378.0,0.0,0.13
2011-11-14,1134.49,1134.49,1134.49,1134.49,2.53,27.95,515461,839300943.0,0.0,0.2
2011-11-15,1146.92,1146.92,1146.92,1146.92,1.1,12.43,690729,1079197315.0,0.0,0.27
2011-11-16,1124.29,1124.29,1124.29,1124.29,-1.97,-22.63,737278,1434233899.0,0.0,0.29
2011-11-17,1135.25,1135.25,1135.25,1135.25,0.97,10.96,578441,906180851.0,0.0,0.23
2011-11-18,1105.84,1105.84,1105.84,1105.84,-2.59,-29.41,723877,1066510232.0,0.0,0.28
2011-11-21,1103.67,1103.67,1103.67,1103.67,-0.2,-2.17,461567,635944120.0,0.0,0.18
2011-11-22,1103.61,1103.61,1103.61,1103.61,-0.01,-0.06,369053,534794080.0,0.0,0.14
2011-11-23,1103.42,1103.42,1103.42,1103.42,-0.02,-0.19,320199,513111765.0,0.0,0.13
2011-11-24,1100.04,1100.04,1100.04,1100.04,-0.31,-3.38,278330,433615981.0,0.0,0.11
2011-11-25,1086.72,1086.72,1086.72,1086.72,-1.21,-13.32,234531,370386968.0,0.0,0.09
2011-11-28,1079.36,1079.36,1079.36,1079.36,-0.68,-7.36,338207,557818729.0,0.0,0.13
2011-11-29,1098.32,1098.32,1098.32,1098.32,1.76,18.96,367289,578868247.0,0.0,0.14
2011-11-30,1047.07,1047.07,1047.07,1047.07,-4.67,-51.25,541539,801461319.0,0.0,0.21
2011-12-01,1061.74,1061.74,1061.74,1061.74,1.4,14.67,506438,746332612.0,0.0,0.2
2011-12-02,1044.65,1044.65,1044.65,1044.65,-1.61,-17.09,341902,489678440.0,0.0,0.13
2011-12-05,1008.97,1008.97,1008.97,1008.97,-3.42,-35.68,345733,523269482.0,0.0,0.14
2011-12-06,1002.21,1002.21,1002.21,1002.21,-0.67,-6.76,231389,338266634.0,0.0,0.09
2011-12-07,998.61,998.61,998.61,998.61,-0.36,-3.6,232356,324396103.0,0.0,0.09
2011-12-08,997.97,997.97,997.97,997.97,-0.06,-0.64,300538,382594643.0,0.0,0.12
2011-12-09,986.64,986.64,986.64,986.64,-1.14,-11.33,191048,259467500.0,0.0,0.07
2011-12-12,963.59,963.59,963.59,963.59,-2.34,-23.05,201743,277597170.0,0.0,0.08
2011-12-13,920.81,920.81,920.81,920.81,-4.44,-42.78,305320,424056538.0,0.0,0.12
2011-12-14,891.81,891.81,891.81,891.81,-3.15,-29.0,305498,373722783.0,0.0,0.12
2011-12-15,867.14,867.14,867.14,867.14,-2.77,-24.67,333106,413470278.0,0.0,0.13
2011-12-16,891.11,891.11,891.11,891.11,2.76,23.97,391726,543958259.0,0.0,0.15
2011-12-19,891.24,891.24,891.24,891.24,0.01,0.13,457344,714132905.0,0.0,0.18
2011-12-20,889.09,889.09,889.09,889.09,-0.24,-2.15,345764,493384628.0,0.0,0.14
2011-12-21,872.3,872.3,872.3,872.3,-1.89,-16.79,436181,677892143.0,0.0,0.17
2011-12-22,857.62,857.62,857.62,857.62,-1.68,-14.68,453026,737011227.0,0.0,0.18
2011-12-23,859.56,859.56,859.56,859.56,0.23,1.94,377724,634103688.0,0.0,0.15
2011-12-26,845.34,845.34,845.34,845.34,-1.65,-14.22,316210,504708146.0,0.0,0.12
2011-12-27,821.24,821.24,821.24,821.24,-2.85,-24.1,427980,607891389.0,0.0,0.17
2011-12-28,812.75,812.75,812.75,812.75,-1.03,-8.49,426231,538360636.0,0.0,0.17
2011-12-29,812.63,812.63,812.63,812.63,-0.01,-0.12,454827,619616969.0,0.0,0.18
2011-12-30,828.36,828.36,828.36,828.36,1.94,15.73,538098,705066422.0,0.0,0.21
2012-01-04,807.23,807.23,807.23,807.23,-2.55,-21.13,475475,730507731.0,0.0,0.19
2012-01-05,764.69,764.69,764.69,764.69,-5.27,-42.54,463303,716211877.0,0.0,0.18
2012-01-06,765.04,765.04,765.04,765.04,0.05,0.35,471941,638758602.0,0.0,0.19
2012-01-09,797.9,797.9,797.9,797.9,4.3,32.86,504919,652929666.0,0.0,0.2
2012-01-10,830.36,830.36,830.36,830.36,4.07,32.46,713739,999675229.0,0.0,0.28
2012-01-11,837.91,837.91,837.91,837.91,0.91,7.55,627184,830396977.0,0.0,0.25
2012-01-12,833.62,833.62,833.62,833.62,-0.51,-4.29,515330,721325469.0,0.0,0.2
2012-01-13,796.6,796.6,796.6,796.6,-4.44,-37.02,508819,681672700.0,0.0,0.2
2012-01-16,767.15,767.15,767.15,767.15,-3.7,-29.45,404745,611958868.0,0.0,0.16
2012-01-17,807.48,807.48,807.48,807.48,5.26,40.33,504779,769767518.0,0.0,0.2
2012-01-18,777.89,777.89,777.89,777.89,-3.66,-29.59,486581,714931904.0,0.0,0.19
2012-01-19,781.25,781.25,781.25,781.25,0.43,3.36,396826,553783882.0,0.0,0.16
2012-01-20,794.38,794.38,794.38,794.38,1.68,13.13,333737,423869466.0,0.0,0.13
2012-01-30,801.36,801.36,801.36,801.36,0.88,6.98,315008,403239167.0,0.0,0.12
2012-01-31,800.2,800.2,800.2,800.2,-0.14,-1.16,373701,419641674.0,0.0,0.15
2012-02-01,797.57,797.57,797.57,797.57,-0.33,-2.63,376110,455342114.0,0.0,0.15
2012-02-02,814.24,814.24,814.24,814.24,2.09,16.67,466255,566923787.0,0.0,0.18
2012-02-03,833.34,833.34,833.34,833.34,2.35,19.1,617869,701669224.0,0.0,0.24
2012-02-06,852.46,852.46,852.46,852.46,2.29,19.12,789618,1057938840.0,0.0,0.31
2012-02-07,838.15,838.15,838.15,838.15,-1.68,-14.31,594601,748284742.0,0.0,0.23
2012-02-08,858.14,858.14,858.14,858.14,2.39,19.99,671722,840411979.0,0.0,0.26
2012-02-09,861.94,861.94,861.94,861.94,0.44,3.8,730589,1012963543.0,0.0,0.29
2012-02-10,865.47,865.47,865.47,865.47,0.41,3.53,578282,769785857.0,0.0,0.23
2012-02-13,878.85,878.85,878.85,878.85,1.55,13.38,638778,853345387.0,0.0,0.25
2012-02-14,884.22,884.22,884.22,884.22,0.61,5.37,567112,705703835.0,0.0,0.22
2012-02-15,900.49,900.49,900.49,900.49,1.84,16.27,656575,820338180.0,0.0,0.26
2012-02-16,897.93,897.93,897.93,897.93,-0.28,-2.56,690102,836975424.0,0.0,0.27
2012-02-17,892.55,892.55,892.55,892.55,-0.6,-5.38,482993,576113690.0,0.0,0.19
2012-02-20,893.57,893.57,893.57,893.57,0.11,1.02,587093,792049638.0,0.0,0.23
2012-02-21,910.07,910.07,910.07,910.07,1.85,16.5,639539,823433488.0,0.0,0.25
2012-02-22,929.96,929.96,929.96,929.96,2.19,19.89,919982,1253480314.0,0.0,0.36
2012-02-23,936.06,936.06,936.06,936.06,0.66,6.1,934513,1216039424.0,0.0,0.37
2012-02-24,939.24,939.24,939.24,939.24,0.34,3.18,815553,1097595638.0,0.0,0.32
2012-02-27,944.04,944.04,944.04,944.04,0.51,4.8,1030967,1470974069.0,0.0,0.4
2012-02-28,935.56,935.56,935.56,935.56,-0.9,-8.48,783746,1111482195.0,0.0,0.31
2012-02-29,925.36,925.36,925.36,925.36,-1.09,-10.2,576412,859926699.0,0.0,0.23
2012-03-01,922.79,922.79,922.79,922.79,-0.28,-2.57,486787,668821024.0,0.0,0.19
2012-03-02,946.93,946.93,946.93,946.93,2.62,24.14,600724,830115059.0,0.0,0.24
2012-03-05,956.4,956.4,956.4,956.4,1.0,9.47,758667,1011427481.0,0.0,0.3
2012-03-06,941.63,941.63,941.63,941.63,-1.54,-14.77,678398,914282300.0,0.0,0.27
2012-03-07,939.42,939.42,939.42,939.42,-0.23,-2.21,643827,771191183.0,0.0,0.25
2012-03-08,955.25,955.25,955.25,955.25,1.69,15.83,694756,854458289.0,0.0,0.27
2012-03-09,973.23,973.23,973.23,973.23,1.88,17.98,800008,1220052254.0,0.0,0.31
2012-03-12,980.92,980.92,980.92,980.92,0.79,7.69,884097,1292791197.0,0.0,0.35
2012-03-13,996.14,996.14,996.14,996.14,1.55,15.22,1054005,1798368051.0,0.0,0.41
2012-03-14,946.48,946.48,946.48,946.48,-4.99,-49.66,1362503,2150090795.0,0.0,0.53
2012-03-15,934.78,934.78,934.78,934.78,-1.24,-11.7,912584,1318224611.0,0.0,0.36
2012-03-16,952.28,952.28,952.28,952.28,1.87,17.5,752830,1117685352.0,0.0,0.3
2012-03-19,963.73,963.73,963.73,963.73,1.2,11.45,613925,928454724.0,0.0,0.24
2012-03-20,937.14,937.14,937.14,937.14,-2.76,-26.59,645478,918688168.0,0.0,0.25
2012-03-21,927.06,927.06,927.06,927.06,-1.08,-10.08,604780,835481624.0,0.0,0.24
2012-03-22,922.78,922.78,922.78,922.78,-0.46,-4.28,385162,539900713.0,0.0,0.15
2012-03-23,912.45,912.45,912.45,912.45,-1.12,-10.33,520955,633722412.0,0.0,0.2
2012-03-26,914.16,914.16,914.16,914.16,0.19,1.71,402480,522464036.0,0.0,0.16
2012-03-27,918.51,918.51,918.51,918.51,0.48,4.35,571200,737013327.0,0.0,0.22
2012-03-28,865.36,865.36,865.36,865.36,-5.79,-53.15,706664,870382241.0,0.0,0.28
2012-03-29,836.88,836.88,836.88,836.88,-3.29,-28.48,599106,698700284.0,0.0,0.23
2012-03-30,836.46,836.46,836.46,836.46,-0.05,-0.42,455109,537204325.0,0.0,0.18
2012-04-05,861.85,861.85,861.85,861.85,3.04,25.39,675891,905419236.0,0.0,0.27
2012-04-06,865.68,865.68,865.68,865.68,0.44,3.83,471968,616736613.0,0.0,0.19
2012-04-09,862.12,862.12,862.12,862.12,-0.41,-3.56,528158,735112505.0,0.0,0.21
2012-04-10,873.77,873.77,873.77,873.77,1.35,11.65,483480,647835948.0,0.0,0.19
2012-04-11,875.09,875.09,875.09,875.09,0.15,1.32,453196,577218071.0,0.0,0.18
2012-04-12,887.33,887.33,887.33,887.33,1.4,12.24,509367,644632403.0,0.0,0.2
2012-04-13,893.72,893.72,893.72,893.72,0.72,6.39,720600,880025458.0,0.0,0.28
2012-04-16,887.3,887.3,887.3,887.3,-0.72,-6.42,531869,667767096.0,0.0,0.21
2012-04-17,873.5,873.5,873.5,873.5,-1.56,-13.8,467847,571862027.0,0.0,0.18
2012-04-18,892.04,892.04,892.04,892.04,2.12,18.54,613493,745455371.0,0.0,0.24
2012-04-19,898.59,898.59,898.59,898.59,0.73,6.55,529524,653023712.0,0.0,0.21
2012-04-20,906.12,906.12,906.12,906.12,0.84,7.53,479022,532602982.0,0.0,0.19
2012-04-23,880.27,880.27,880.27,880.27,-2.85,-25.85,826148,1072224768.0,0.0,0.32
2012-04-24,861.89,861.89,861.89,861.89,-2.09,-18.38,947078,1069387886.0,0.0,0.37
2012-04-25,861.66,861.66,861.66,861.66,-0.03,-0.23,689908,774476998.0,0.0,0.27
2012-04-26,845.72,845.72,845.72,845.72,-1.85,-15.94,713170,873377825.0,0.0,0.28
2012-04-27,845.95,845.95,845.95,845.95,0.03,0.23,394791,417055777.0,0.0,0.15
2012-05-02,848.93,848.93,848.93,848.93,0.35,2.98,440686,560932654.0,0.0,0.17
2012-05-03,857.24,857.24,857.24,857.24,0.98,8.31,595138,696877724.0,0.0,0.23
2012-05-04,866.34,866.34,866.34,866.34,1.06,9.1,854560,935225306.0,0.0,0.34
2012-05-07,879.25,879.25,879.25,879.25,1.49,12.91,726787,827403570.0,0.0,0.28
2012-05-08,887.82,887.82,887.82,887.82,0.97,8.57,761524,1003044374.0,0.0,0.3
2012-05-09,880.1,880.1,880.1,880.1,-0.87,-7.72,824223,1098211722.0,0.0,0.32
2012-05-10,888.81,888.81,888.81,888.81,0.99,8.71,562078,721701256.0,0.0,0.22
2012-05-11,882.37,882.37,882.37,882.37,-0.72,-6.44,566460,650126420.0,0.0,0.22
2012-05-14,880.04,880.04,880.04,880.04,-0.26,-2.33,533311,637578358.0,0.0,0.21
2012-05-15,880.13,880.13,880.13,880.13,0.01,0.09,614261,829574384.0,0.0,0.24
2012-05-16,865.91,865.91,865.91,865.91,-1.62,-14.22,680458,786586140.0,0.0,0.27
2012-05-17,880.75,880.75,880.75,880.75,1.71,14.84,683169,817268384.0,0.0,0.27
2012-05-18,870.94,870.94,870.94,870.94,-1.11,-9.81,489334,569331143.0,0.0,0.19
2012-05-21,863.74,863.74,863.74,863.74,-0.83,-7.2,623060,714853918.0,0.0,0.24
2012-05-22,875.3,875.3,875.3,875.3,1.34,11.56,628370,727635612.0,0.0,0.25
2012-05-23,869.54,869.54,869.54,869.54,-0.66,-5.76,587629,689361530.0,0.0,0.23
2012-05-24,862.1,862.1,862.1,862.1,-0.86,-7.44,705739,822038044.0,0.0,0.28
2012-05-25,846.61,846.61,846.61,846.61,-1.8,-15.49,432995,503285709.0,0.0,0.17
2012-05-28,862.65,862.65,862.65,862.65,1.89,16.04,541165,612511141.0,0.0,0.21
2012-05-29,875.44,875.44,875.44,875.44,1.48,12.79,653866,795371291.0,0.0,0.26
2012-05-30,879.66,879.66,879.66,879.66,0.48,4.22,587680,690803091.0,0.0,0.23
2012-05-31,882.05,882.05,882.05,882.05,0.27,2.39,640495,791344003.0,0.0,0.25
2012-06-01,878.85,878.85,878.85,878.85,-0.36,-3.2,630639,776008659.0,0.0,0.25
2012-06-04,855.51,855.51,855.51,855.51,-2.66,-23.34,615736,707072626.0,0.0,0.24
2012-06-05,854.02,854.02,854.02,854.02,-0.17,-1.49,541996,631118786.0,0.0,0.21
2012-06-06,854.6,854.6,854.6,854.6,0.07,0.58,549905,579818943.0,0.0,0.22
2012-06-07,840.33,840.33,840.33,840.33,-1.67,-14.27,594994,648994860.0,0.0,0.23
2012-06-08,831.46,831.46,831.46,831.46,-1.06,-8.87,470709,525512160.0,0.0,0.18
2012-06-11,846.28,846.28,846.28,846.28,1.78,14.82,525901,583791307.0,0.0,0.21
2012-06-12,840.15,840.15,840.15,840.15,-0.72,-6.13,398392,446805407.0,0.0,0.16
2012-06-13,854.24,854.24,854.24,854.24,1.68,14.09,594814,681698050.0,0.0,0.23
2012-06-14,848.29,848.29,848.29,848.29,-0.7,-5.95,496067,560999833.0,0.0,0.19
2012-06-15,853.57,853.57,853.57,853.57,0.62,5.28,519889,604218566.0,0.0,0.2
2012-06-18,862.53,862.53,862.53,862.53,1.05,8.96,495600,586800509.0,0.0,0.19
2012-06-19,860.25,860.25,860.25,860.25,-0.26,-2.28,478672,528908814.0,0.0,0.19
2012-06-20,865.39,865.39,865.39,865.39,0.6,5.14,470724,578389125.0,0.0,0.18
2012-06-21,843.22,843.22,843.22,843.22,-2.56,-22.17,439680,494508375.0,0.0,0.17
2012-06-25,819.34,819.34,819.34,819.34,-2.83,-23.88,506935,550422373.0,0.0,0.2
2012-06-26,817.38,817.38,817.38,817.38,-0.24,-1.96,465464,491174898.0,0.0,0.18
2012-06-27,812.11,812.11,812.11,812.11,-0.64,-5.27,427011,487118052.0,0.0,0.17
2012-06-28,796.83,796.83,796.83,796.83,-1.88,-15.28,364174,399529520.0,0.0,0.14
2012-06-29,800.23,800.23,800.23,800.23,0.43,3.4,708080,704409700.0,0.0,0.28
2012-07-02,803.07,803.07,803.07,803.07,0.35,2.84,596487,666690266.0,0.0,0.23
2012-07-03,809.44,809.44,809.44,809.44,0.79,6.37,548616,609069478.0,0.0,0.22
2012-07-04,807.21,807.21,807.21,807.21,-0.28,-2.23,528864,614209873.0,0.0,0.21
2012-07-05,785.03,785.03,785.03,785.03,-2.75,-22.18,565401,591827923.0,0.0,0.22
2012-07-06,791.76,791.76,791.76,791.76,0.86,6.73,777381,763503989.0,0.0,0.3
2012-07-09,764.3,764.3,764.3,764.3,-3.47,-27.46,643951,646643169.0,0.0,0.25
2012-07-10,756.53,756.53,756.53,756.53,-1.02,-7.77,419264,388049961.0,0.0,0.16
2012-07-11,751.31,751.31,751.31,751.31,-0.69,-5.22,406029,382459747.0,0.0,0.16
2012-07-12,758.61,758.61,758.61,758.61,0.97,7.3,587346,523156064.0,0.0,0.23
2012-07-13,759.27,759.27,759.27,759.27,0.09,0.66,486932,458481234.0,0.0,0.19
2012-07-16,726.97,726.97,726.97,726.97,-4.25,-32.3,467471,435547711.0,0.0,0.18
2012-07-17,740.41,740.41,740.41,740.41,1.85,13.44,629633,536213531.0,0.0,0.25
2012-07-18,747.57,747.57,747.57,747.57,0.97,7.16,613770,528317795.0,0.0,0.24
2012-07-19,755.81,755.81,755.81,755.81,1.1,8.24,568911,515708151.0,0.0,0.22
2012-07-20,751.13,751.13,751.13,751.13,-0.62,-4.68,441581,396883458.0,0.0,0.17
2012-07-23,735.18,735.18,735.18,735.18,-2.12,-15.95,394392,345080384.0,0.0,0.15
2012-07-24,740.94,740.94,740.94,740.94,0.78,5.76,379879,334264322.0,0.0,0.15
2012-07-25,734.98,734.98,734.98,734.98,-0.8,-5.96,310602,273896430.0,0.0,0.12
2012-07-26,728.77,728.77,728.77,728.77,-0.84,-6.21,374704,341439161.0,0.0,0.15
2012-07-27,727.94,727.94,727.94,727.94,-0.11,-0.83,516597,430806492.0,0.0,0.2
2012-07-30,708.62,708.62,708.62,708.62,-2.65,-19.32,366112,309350098.0,0.0,0.14
2012-07-31,688.8,688.8,688.8,688.8,-2.8,-19.82,434190,359547135.0,0.0,0.17
2012-08-01,693.82,693.82,693.82,693.82,0.73,5.02,453400,449224563.0,0.0,0.18
2012-08-02,688.55,688.55,688.55,688.55,-0.76,-5.27,341444,354105563.0,0.0,0.13
2012-08-03,706.73,706.73,706.73,706.73,2.64,18.18,439567,462633234.0,0.0,0.17
2012-08-06,730.54,730.54,730.54,730.54,3.37,23.81,606256,595371915.0,0.0,0.24
2012-08-07,743.76,743.76,743.76,743.76,1.81,13.22,654468,664808005.0,0.0,0.26
2012-08-08,749.35,749.35,749.35,749.35,0.75,5.59,601016,657296331.0,0.0,0.24
2012-08-09,770.86,770.86,770.86,770.86,2.87,21.51,979149,1050395227.0,0.0,0.38
2012-08-10,766.16,766.16,766.16,766.16,-0.61,-4.7,702476,789039412.0,0.0,0.28
2012-08-13,746.73,746.73,746.73,746.73,-2.54,-19.43,518718,547246997.0,0.0,0.2
2012-08-14,757.54,757.54,757.54,757.54,1.45,10.81,562477,604797679.0,0.0,0.22
2012-08-15,750.23,750.23,750.23,750.23,-0.96,-7.31,493700,541668034.0,0.0,0.19
2012-08-16,745.09,745.09,745.09,745.09,-0.69,-5.14,390387,407622080.0,0.0,0.15
2012-08-17,745.48,745.48,745.48,745.48,0.05,0.39,425404,464573795.0,0.0,0.17
2012-08-20,753.12,753.12,753.12,753.12,1.02,7.64,479599,521462745.0,0.0,0.19
2012-08-21,767.77,767.77,767.77,767.77,1.95,14.65,589278,673259789.0,0.0,0.23
2012-08-22,769.0,769.0,769.0,769.0,0.16,1.23,566975,673278595.0,0.0,0.22
2012-08-23,776.65,776.65,776.65,776.65,0.99,7.65,494678,560692589.0,0.0,0.19
2012-08-24,762.7,762.7,762.7,762.7,-1.8,-13.95,494713,600468617.0,0.0,0.19
2012-08-27,741.99,741.99,741.99,741.99,-2.72,-20.71,479676,554141374.0,0.0,0.19
2012-08-28,750.41,750.41,750.41,750.41,1.13,8.42,343338,404747455.0,0.0,0.13
2012-08-29,756.51,756.51,756.51,756.51,0.81,6.1,421079,546950117.0,0.0,0.17
2012-08-30,748.62,748.62,748.62,748.62,-1.04,-7.89,540194,637310724.0,0.0,0.21
2012-08-31,758.06,758.06,758.06,758.06,1.26,9.44,450122,587385729.0,0.0,0.18
2012-09-03,777.9,777.9,777.9,777.9,2.62,19.84,544324,634563001.0,0.0,0.21
2012-09-04,772.17,772.17,772.17,772.17,-0.74,-5.73,508598,657676858.0,0.0,0.2
2012-09-05,773.24,773.24,773.24,773.24,0.14,1.07,464446,541789700.0,0.0,0.18
2012-09-06,783.6,783.6,783.6,783.6,1.34,10.36,514211,559743071.0,0.0,0.2
2012-09-07,805.57,805.57,805.57,805.57,2.8,21.97,982096,1011870304.0,0.0,0.39
2012-09-10,825.43,825.43,825.43,825.43,2.47,19.86,918014,1000584771.0,0.0,0.36
2012-09-11,829.61,829.61,829.61,829.61,0.51,4.18,1118827,1155233165.0,0.0,0.44
2012-09-12,841.13,841.13,841.13,841.13,1.39,11.52,1154467,1237911955.0,0.0,0.45
2012-09-13,833.61,833.61,833.61,833.61,-0.89,-7.52,1296033,1344217338.0,0.0,0.51
2012-09-14,839.35,839.35,839.35,839.35,0.69,5.74,1437690,1543332857.0,0.0,0.56
2012-09-17,810.27,810.27,810.27,810.27,-3.46,-29.08,976108,1024425030.0,0.0,0.38
2012-09-18,811.15,811.15,811.15,811.15,0.11,0.88,732351,827955520.0,0.0,0.29
2012-09-19,815.78,815.78,815.78,815.78,0.57,4.63,849935,894115917.0,0.0,0.33
2012-09-20,789.0,789.0,789.0,789.0,-3.28,-26.78,757682,787155660.0,0.0,0.3
2012-09-21,773.08,773.08,773.08,773.08,-2.02,-15.92,862268,842207324.0,0.0,0.34
2012-09-24,781.77,781.77,781.77,781.77,1.12,8.69,766278,723990714.0,0.0,0.3
2012-09-25,776.38,776.38,776.38,776.38,-0.69,-5.39,654609,622418080.0,0.0,0.26
2012-09-26,750.72,750.72,750.72,750.72,-3.31,-25.66,622320,572359532.0,0.0,0.24
2012-09-27,768.73,768.73,768.73,768.73,2.4,18.01,773561,701625153.0,0.0,0.3
2012-09-28,786.29,786.29,786.29,786.29,2.28,17.56,680775,638311956.0,0.0,0.27
2012-10-08,785.22,785.22,785.22,785.22,-0.14,-1.07,475825,451334773.0,0.0,0.19
2012-10-09,810.6,810.6,810.6,810.6,3.23,25.38,944908,929476967.0,0.0,0.37
2012-10-10,816.21,816.21,816.21,816.21,0.69,5.61,830045,842374850.0,0.0,0.33
2012-10-11,795.52,795.52,795.52,795.52,-2.53,-20.69,796664,806817855.0,0.0,0.31
2012-10-12,790.09,790.09,790.09,790.09,-0.68,-5.43,703714,682119232.0,0.0,0.28
2012-10-15,781.14,781.14,781.14,781.14,-1.13,-8.95,604677,585643495.0,0.0,0.24
2012-10-16,782.5,782.5,782.5,782.5,0.17,1.36,526647,506115680.0,0.0,0.21
2012-10-17,786.14,786.14,786.14,786.14,0.47,3.64,484550,448806389.0,0.0,0.19
2012-10-18,804.36,804.36,804.36,804.36,2.32,18.22,690229,664479185.0,0.0,0.27
2012-10-19,800.39,800.39,800.39,800.39,-0.49,-3.97,633709,583771702.0,0.0,0.25
2012-10-22,797.43,797.43,797.43,797.43,-0.37,-2.96,543835,503655244.0,0.0,0.21
2012-10-23,792.53,792.53,792.53,792.53,-0.61,-4.9,639670,586763248.0,0.0,0.25
2012-10-24,794.65,794.65,794.65,794.65,0.27,2.12,577406,514390390.0,0.0,0.23
2012-10-25,778.77,778.77,778.77,778.77,-2.0,-15.88,651901,608063185.0,0.0,0.26
2012-10-26,760.08,760.08,760.08,760.08,-2.4,-18.69,621365,569974820.0,0.0,0.24
2012-10-29,757.33,757.33,757.33,757.33,-0.36,-2.75,383914,332595093.0,0.0,0.15
2012-10-30,758.51,758.51,758.51,758.51,0.16,1.18,365068,318002300.0,0.0,0.14
2012-10-31,762.39,762.39,762.39,762.39,0.51,3.88,312800,283198779.0,0.0,0.12
2012-11-01,772.25,772.25,772.25,772.25,1.29,9.86,570869,481178673.0,0.0,0.22
2012-11-02,773.27,773.27,773.27,773.27,0.13,1.02,438547,392475569.0,0.0,0.17
2012-11-05,769.79,769.79,769.79,769.79,-0.45,-3.48,560285,509049084.0,0.0,0.22
2012-11-06,760.76,760.76,760.76,760.76,-1.17,-9.03,490541,425831109.0,0.0,0.19
2012-11-07,766.2,766.2,766.2,766.2,0.72,5.44,484177,411338609.0,0.0,0.19
2012-11-08,745.27,745.27,745.27,745.27,-2.73,-20.93,907265,731071402.0,0.0,0.36
2012-11-09,743.02,743.02,743.02,743.02,-0.3,-2.25,646870,518143237.0,0.0,0.25
2012-11-12,751.74,751.74,751.74,751.74,1.17,8.72,506028,424420477.0,0.0,0.2
2012-11-13,732.0,732.0,732.0,732.0,-2.63,-19.74,567625,456078931.0,0.0,0.22
2012-11-14,740.16,740.16,740.16,740.16,1.11,8.16,427282,359860053.0,0.0,0.17
2012-11-15,727.67,727.67,727.67,727.67,-1.69,-12.49,524076,462788746.0,0.0,0.21
2012-11-16,718.42,718.42,718.42,718.42,-1.27,-9.25,473075,412330642.0,0.0,0.19
2012-11-19,721.34,721.34,721.34,721.34,0.41,2.92,369216,305587600.0,0.0,0.14
2012-11-20,721.99,721.99,721.99,721.99,0.09,0.65,386371,331073508.0,0.0,0.15
2012-11-21,732.99,732.99,732.99,732.99,1.52,11.0,529215,432419904.0,0.0,0.21
2012-11-22,728.04,728.04,728.04,728.04,-0.68,-4.95,669270,508448621.0,0.0,0.26
2012-11-23,726.93,726.93,726.93,726.93,-0.15,-1.11,505831,385853396.0,0.0,0.2
2012-11-26,715.04,715.04,715.04,715.04,-1.64,-11.89,376338,289542808.0,0.0,0.15
2012-11-27,679.74,679.74,679.74,679.74,-4.94,-35.3,622936,481980830.0,0.0,0.24
2012-11-28,661.99,661.99,661.99,661.99,-2.61,-17.75,482960,350945805.0,0.0,0.19
2012-11-29,654.94,654.94,654.94,654.94,-1.06,-7.05,460247,346102090.0,0.0,0.18
2012-11-30,668.13,668.13,668.13,668.13,2.01,13.19,682921,500350507.0,0.0,0.27
2012-12-03,646.96,646.96,646.96,646.96,-3.17,-21.17,626670,422141998.0,0.0,0.25
2012-12-04,660.43,660.43,660.43,660.43,2.08,13.47,621800,408195377.0,0.0,0.24
2012-12-05,687.06,687.06,687.06,687.06,4.03,26.63,831247,599739484.0,0.0,0.33
2012-12-06,687.27,687.27,687.27,687.27,0.03,0.21,554877,404849297.0,0.0,0.22
2012-12-07,703.12,703.12,703.12,703.12,2.31,15.85,693424,509224450.0,0.0,0.27
2012-12-10,720.56,720.56,720.56,720.56,2.48,17.44,1144749,936792111.0,0.0,0.45
2012-12-11,712.03,712.03,712.03,712.03,-1.18,-8.53,942503,756928477.0,0.0,0.37
2012-12-12,713.74,713.74,713.74,713.74,0.24,1.71,819780,704313368.0,0.0,0.32
2012-12-13,699.32,699.32,699.32,699.32,-2.02,-14.42,730728,627172499.0,0.0,0.29
2012-12-14,730.91,730.91,730.91,730.91,4.52,31.59,1351510,1176017426.0,0.0,0.53
2012-12-17,741.71,741.71,741.71,741.71,1.48,10.8,1169180,982235043.0,0.0,0.46
2012-12-18,740.47,740.47,740.47,740.47,-0.17,-1.24,1111238,946766794.0,0.0,0.44
2012-12-19,742.2,742.2,742.2,742.2,0.23,1.73,830179,733724261.0,0.0,0.33
2012-12-20,753.24,753.24,753.24,753.24,1.49,11.04,1006725,986494647.0,0.0,0.39
2012-12-21,758.84,758.84,758.84,758.84,0.74,5.6,1101145,1166476872.0,0.0,0.43
2012-12-24,773.68,773.68,773.68,773.68,1.96,14.84,1192817,1113330728.0,0.0,0.47
2012-12-25,784.23,784.23,784.23,784.23,1.36,10.55,1316002,1265740316.0,0.0,0.52
2012-12-26,798.9,798.9,798.9,798.9,1.87,14.67,1091855,1130713051.0,0.0,0.43
2012-12-27,784.98,784.98,784.98,784.98,-1.74,-13.92,1320844,1247704800.0,0.0,0.52
2012-12-28,791.92,791.92,791.92,791.92,0.88,6.94,1155167,1049498086.0,0.0,0.45
2012-12-31,801.36,801.36,801.36,801.36,1.19,9.44,1057952,958317643.0,0.0,0.41
2013-01-04,806.33,806.33,806.33,806.33,0.62,4.97,1179994,1134773229.0,0.0,0.46
2013-01-07,817.89,817.89,817.89,817.89,1.43,11.56,1027325,1000352445.0,0.0,0.4
2013-01-08,827.54,827.54,827.54,827.54,1.18,9.65,1209667,1152136489.0,0.0,0.47
2013-01-09,827.36,827.36,827.36,827.36,-0.02,-0.18,1343613,1252149093.0,0.0,0.53
2013-01-10,833.81,833.81,833.81,833.81,0.78,6.45,1302068,1277363053.0,0.0,0.51
2013-01-11,822.35,822.35,822.35,822.35,-1.37,-11.46,1375588,1356248937.0,0.0,0.54
2013-01-14,856.5,856.5,856.5,856.5,4.15,34.15,1333007,1347276155.0,0.0,0.52
2013-01-15,869.15,869.15,869.15,869.15,1.48,12.65,1599002,1596195445.0,0.0,0.63
2013-01-16,865.05,865.05,865.05,865.05,-0.47,-4.1,1512177,1492447666.0,0.0,0.59
2013-01-17,860.14,860.14,860.14,860.14,-0.57,-4.91,1055169,1046842335.0,0.0,0.41
2013-01-18,881.38,881.38,881.38,881.38,2.47,21.24,1248351,1321389748.0,0.0,0.49
2013-01-21,891.92,891.92,891.92,891.92,1.2,10.54,1401675,1531260263.0,0.0,0.55
2013-01-22,871.12,871.12,871.12,871.12,-2.33,-20.8,1206856,1317033705.0,0.0,0.47
2013-01-23,864.89,864.89,864.89,864.89,-0.72,-6.23,868438,920181006.0,0.0,0.34
2013-01-24,841.09,841.09,841.09,841.09,-2.75,-23.8,1161980,1162632777.0,0.0,0.46
2013-01-25,841.13,841.13,841.13,841.13,0.0,0.04,674736,681022446.0,0.0,0.26
2013-01-28,864.84,864.84,864.84,864.84,2.82,23.71,810565,813577000.0,0.0,0.32
2013-01-29,879.97,879.97,879.97,879.97,1.75,15.13,865686,914007527.0,0.0,0.34
2013-01-30,881.76,881.76,881.76,881.76,0.2,1.79,931086,977494933.0,0.0,0.37
2013-01-31,887.02,887.02,887.02,887.02,0.6,5.26,860461,858303991.0,0.0,0.34
2013-02-01,907.21,907.21,907.21,907.21,2.28,20.19,1396584,1463154007.0,0.0,0.55
2013-02-04,894.34,894.34,894.34,894.34,-1.42,-12.87,1403189,1479812218.0,0.0,0.55
2013-02-05,895.81,895.81,895.81,895.81,0.16,1.47,829722,879041055.0,0.0,0.33
2013-02-06,906.56,906.56,906.56,906.56,1.2,10.75,837580,923450117.0,0.0,0.33
2013-02-07,914.12,914.12,914.12,914.12,0.83,7.56,786898,805719625.0,0.0,0.31
2013-02-08,925.0,925.0,925.0,925.0,1.19,10.88,821499,869937912.0,0.0,0.32
2013-02-18,937.14,937.14,937.14,937.14,1.31,12.14,1044732,1083521738.0,0.0,0.41
2013-02-19,926.26,926.26,926.26,926.26,-1.16,-10.88,1359346,1460133372.0,0.0,0.53
2013-02-20,942.82,942.82,942.82,942.82,1.79,16.56,956464,1041984046.0,0.0,0.38
2013-02-21,930.2,930.2,930.2,930.2,-1.34,-12.62,1291386,1461217117.0,0.0,0.51
2013-02-22,932.01,932.01,932.01,932.01,0.19,1.81,1107628,1241108429.0,0.0,0.43
2013-02-25,951.57,951.57,951.57,951.57,2.1,19.56,1018848,1169597731.0,0.0,0.4
2013-02-26,950.91,950.91,950.91,950.91,-0.07,-0.66,1809897,2034846621.0,0.0,0.71
2013-02-27,960.06,960.06,960.06,960.06,0.96,9.15,1474657,1614829598.0,0.0,0.58
2013-02-28,969.48,969.48,969.48,969.48,0.98,9.42,1465491,1666327360.0,0.0,0.57
2013-03-01,985.19,985.19,985.19,985.19,1.62,15.71,1402593,1583237906.0,0.0,0.55
2013-03-04,949.87,949.87,949.87,949.87,-3.59,-35.32,1290201,1473168990.0,0.0,0.51
2013-03-05,965.96,965.96,965.96,965.96,1.69,16.09,1067162,1157223387.0,0.0,0.42
2013-03-06,983.0,983.0,983.0,983.0,1.76,17.04,1376063,1592071726.0,0.0,0.54
2013-03-07,963.95,963.95,963.95,963.95,-1.94,-19.05,1380200,1588849698.0,0.0,0.54
2013-03-08,949.78,949.78,949.78,949.78,-1.47,-14.17,1016673,1142530265.0,0.0,0.4
2013-03-11,945.27,945.27,945.27,945.27,-0.47,-4.51,905460,978087659.0,0.0,0.36
2013-03-12,921.42,921.42,921.42,921.42,-2.52,-23.85,1558964,1624776696.0,0.0,0.61
2013-03-13,922.23,922.23,922.23,922.23,0.09,0.81,1083881,1111481916.0,0.0,0.43
2013-03-14,920.84,920.84,920.84,920.84,-0.15,-1.39,679356,710314281.0,0.0,0.27
2013-03-15,923.79,923.79,923.79,923.79,0.32,2.95,1072940,1168443621.0,0.0,0.42
2013-03-18,910.78,910.78,910.78,910.78,-1.41,-13.01,690744,746162352.0,0.0,0.27
2013-03-19,918.78,918.78,918.78,918.78,0.88,8.0,851662,911422113.0,0.0,0.33
2013-03-20,945.73,945.73,945.73,945.73,2.93,26.95,1178908,1322080211.0,0.0,0.46
2013-03-21,960.43,960.43,960.43,960.43,1.55,14.7,1233551,1354566191.0,0.0,0.48
2013-03-22,954.06,954.06,954.06,954.06,-0.66,-6.37,806467,870118375.0,0.0,0.32
2013-03-25,940.72,940.72,940.72,940.72,-1.4,-13.34,732826,801667818.0,0.0,0.29
2013-03-26,933.84,933.84,933.84,933.84,-0.73,-6.88,788501,809628369.0,0.0,0.31
2013-03-27,933.65,933.65,933.65,933.65,-0.02,-0.19,605876,634116985.0,0.0,0.24
2013-03-28,908.74,908.74,908.74,908.74,-2.67,-24.91,1079442,1120964375.0,0.0,0.42
2013-03-29,910.03,910.03,910.03,910.03,0.14,1.29,789683,802110312.0,0.0,0.31
2013-04-01,910.87,910.87,910.87,910.87,0.09,0.84,813454,811869808.0,0.0,0.32
2013-04-02,897.02,897.02,897.02,897.02,-1.52,-13.85,732733,733377132.0,0.0,0.29
2013-04-03,878.81,878.81,878.81,878.81,-2.03,-18.21,823125,771722216.0,0.0,0.32
2013-04-08,881.66,881.66,881.66,881.66,0.32,2.85,764698,772961550.0,0.0,0.3
2013-04-09,887.07,887.07,887.07,887.07,0.61,5.41,648243,637358092.0,0.0,0.25
2013-04-10,883.39,883.39,883.39,883.39,-0.41,-3.68,578541,573591921.0,0.0,0.23
2013-04-11,879.1,879.1,879.1,879.1,-0.49,-4.29,510028,492350709.0,0.0,0.2
2013-04-12,878.06,878.06,878.06,878.06,-0.12,-1.04,589570,566526587.0,0.0,0.23
2013-04-15,867.51,867.51,867.51,867.51,-1.2,-10.55,464166,452351991.0,0.0,0.18
2013-04-16,881.48,881.48,881.48,881.48,1.61,13.97,505142,537718276.0,0.0,0.2
2013-04-17,884.42,884.42,884.42,884.42,0.33,2.94,482517,503756423.0,0.0,0.19
2013-04-18,887.08,887.08,887.08,887.08,0.3,2.66,581871,622610231.0,0.0,0.23
2013-04-19,914.65,914.65,914.65,914.65,3.11,27.57,921893,968822972.0,0.0,0.36
2013-04-22,928.55,928.55,928.55,928.55,1.52,13.9,980242,1025651962.0,0.0,0.38
2013-04-23,901.08,901.08,901.08,901.08,-2.96,-27.47,829356,859229314.0,0.0,0.33
2013-04-24,919.02,919.02,919.02,919.02,1.99,17.94,832278,907722897.0,0.0,0.33
2013-04-25,903.78,903.78,903.78,903.78,-1.66,-15.24,1042880,1180461014.0,0.0,0.41
2013-04-26,887.09,887.09,887.09,887.09,-1.85,-16.69,699117,717121586.0,0.0,0.27
2013-05-02,894.37,894.37,894.37,894.37,0.82,7.28,561361,538032667.0,0.0,0.22
2013-05-03,909.86,909.86,909.86,909.86,1.73,15.49,683211,694012099.0,0.0,0.27
2013-05-06,929.07,929.07,929.07,929.07,2.11,19.21,842646,891808732.0,0.0,0.33
2013-05-07,931.37,931.37,931.37,931.37,0.25,2.3,720588,783301986.0,0.0,0.28
2013-05-08,937.06,937.06,937.06,937.06,0.61,5.69,884993,926998222.0,0.0,0.35
2013-05-09,941.43,941.43,941.43,941.43,0.47,4.37,998761,1083245392.0,0.0,0.39
2013-05-10,955.59,955.59,955.59,955.59,1.5,14.16,1072192,1330672340.0,0.0,0.42
2013-05-13,959.18,959.18,959.18,959.18,0.38,3.59,777837,884076773.0,0.0,0.31
2013-05-14,946.6,946.6,946.6,946.6,-1.31,-12.58,809681,878653192.0,0.0,0.32
2013-05-15,959.26,959.26,959.26,959.26,1.34,12.66,749768,850600056.0,0.0,0.29
2013-05-16,958.42,958.42,958.42,958.42,-0.09,-0.84,1008687,1184853888.0,0.0,0.4
2013-05-17,978.37,978.37,978.37,978.37,2.08,19.95,992277,1114182958.0,0.0,0.39
2013-05-20,1000.4,1000.4,1000.4,1000.4,2.25,22.03,1193230,1355351272.0,0.0,0.47
2013-05-21,1007.8,1007.8,1007.8,1007.8,0.74,7.4,1330564,1477949434.0,0.0,0.52
2013-05-22,992.65,992.65,992.65,992.65,-1.5,-15.15,1399587,1543165989.0,0.0,0.55
2013-05-23,1000.05,1000.05,1000.05,1000.05,0.75,7.4,1148609,1236284467.0,0.0,0.45
2013-05-24,1020.07,1020.07,1020.07,1020.07,2.0,20.02,1028062,1213147583.0,0.0,0.4
2013-05-27,1040.1,1040.1,1040.1,1040.1,1.96,20.03,1136416,1407895386.0,0.0,0.45
2013-05-28,1022.42,1022.42,1022.42,1022.42,-1.7,-17.68,1131058,1326901926.0,0.0,0.44
2013-05-29,1036.03,1036.03,1036.03,1036.03,1.33,13.61,1126866,1312323741.0,0.0,0.44
2013-05-30,1047.19,1047.19,1047.19,1047.19,1.08,11.16,1175484,1304198603.0,0.0,0.46
2013-05-31,1043.01,1043.01,1043.01,1043.01,-0.4,-4.18,1036958,1211465549.0,0.0,0.41
2013-06-03,1030.31,1030.31,1030.31,1030.31,-1.22,-12.7,1297103,1422737781.0,0.0,0.51
2013-06-04,1013.62,1013.62,1013.62,1013.62,-1.62,-16.69,1430775,1539684418.0,0.0,0.56
2013-06-05,1015.03,1015.03,1015.03,1015.03,0.14,1.41,935738,1004455734.0,0.0,0.37
2013-06-06,985.95,985.95,985.95,985.95,-2.86,-29.08,924828,981323503.0,0.0,0.36
2013-06-07,966.69,966.69,966.69,966.69,-1.95,-19.26,815691,869857977.0,0.0,0.32
2013-06-13,934.69,934.69,934.69,934.69,-3.31,-32.0,710654,719486125.0,0.0,0.28
2013-06-14,956.51,956.51,956.51,956.51,2.33,21.82,715435,788888216.0,0.0,0.28
2013-06-17,958.45,958.45,958.45,958.45,0.2,1.94,714054,773092645.0,0.0,0.28
2013-06-18,962.12,962.12,962.12,962.12,0.38,3.67,673640,719561211.0,0.0,0.26
2013-06-19,962.35,962.35,962.35,962.35,0.02,0.23,712378,756212429.0,0.0,0.28
2013-06-20,926.39,926.39,926.39,926.39,-3.74,-35.96,833219,924215535.0,0.0,0.33
2013-06-21,922.44,922.44,922.44,922.44,-0.43,-3.95,759566,775770064.0,0.0,0.3
2013-06-24,868.49,868.49,868.49,868.49,-5.85,-53.95,955454,980544914.0,0.0,0.37
2013-06-25,869.08,869.08,869.08,869.08,0.07,0.59,1225557,1194563373.0,0.0,0.48
2013-06-26,890.4,890.4,890.4,890.4,2.45,21.32,967259,994072860.0,0.0,0.38
2013-06-27,867.95,867.95,867.95,867.95,-2.52,-22.45,1173225,1258279717.0,0.0,0.46
2013-06-28,862.78,862.78,862.78,862.78,-0.6,-5.17,818932,817335644.0,0.0,0.32
2013-07-01,886.37,886.37,886.37,886.37,2.73,23.59,723922,749638503.0,0.0,0.28
2013-07-02,906.2,906.2,906.2,906.2,2.24,19.83,966031,1072191153.0,0.0,0.38
2013-07-03,914.03,914.03,914.03,914.03,0.86,7.83,1038755,1094874822.0,0.0,0.41
2013-07-04,915.12,915.12,915.12,915.12,0.12,1.09,1043769,1110341187.0,0.0,0.41
2013-07-05,905.31,905.31,905.31,905.31,-1.07,-9.81,682202,701964697.0,0.0,0.27
2013-07-08,861.11,861.11,861.11,861.11,-4.88,-44.2,646774,620447734.0,0.0,0.25
2013-07-09,870.12,870.12,870.12,870.12,1.05,9.01,406384,397430888.0,0.0,0.16
2013-07-10,902.0,902.0,902.0,902.0,3.66,31.88,603122,599540509.0,0.0,0.24
2013-07-11,921.4,921.4,921.4,921.4,2.15,19.4,885983,867835039.0,0.0,0.35
2013-07-12,922.16,922.16,922.16,922.16,0.08,0.76,818799,837178357.0,0.0,0.32
2013-07-15,955.17,955.17,955.17,955.17,3.58,33.01,1179168,1240997918.0,0.0,0.46
2013-07-16,967.9,967.9,967.9,967.9,1.33,12.73,1028570,1150728692.0,0.0,0.4
2013-07-17,951.54,951.54,951.54,951.54,-1.69,-16.36,944409,1093351105.0,0.0,0.37
2013-07-18,967.57,967.57,967.57,967.57,1.68,16.03,1056546,1206475475.0,0.0,0.41
2013-07-19,956.62,956.62,956.62,956.62,-1.13,-10.95,1632080,2024242276.0,0.0,0.64
2013-07-22,991.23,991.23,991.23,991.23,3.62,34.61,1231446,1533137723.0,0.0,0.48
2013-07-23,1008.24,1008.24,1008.24,1008.24,1.72,17.01,1233903,1577876040.0,0.0,0.48
2013-07-24,1017.47,1017.47,1017.47,1017.47,0.92,9.23,1139295,1422432101.0,0.0,0.45
2013-07-25,996.58,996.58,996.58,996.58,-2.05,-20.89,1191760,1420657858.0,0.0,0.47
2013-07-26,988.98,988.98,988.98,988.98,-0.76,-7.6,859638,1011321398.0,0.0,0.34
2013-07-29,975.11,975.11,975.11,975.11,-1.4,-13.87,768577,858126130.0,0.0,0.3
2013-07-30,962.42,962.42,962.42,962.42,-1.3,-12.69,834050,925560606.0,0.0,0.33
2013-07-31,965.96,965.96,965.96,965.96,0.37,3.54,756830,808242047.0,0.0,0.3
2013-08-01,1008.25,1008.25,1008.25,1008.25,4.38,42.29,1141196,1273593974.0,0.0,0.45
2013-08-02,1020.19,1020.19,1020.19,1020.19,1.18,11.94,1198888,1540164343.0,0.0,0.47
2013-08-05,1043.82,1043.82,1043.82,1043.82,2.32,23.63,1019703,1335233786.0,0.0,0.4
2013-08-06,1046.96,1046.96,1046.96,1046.96,0.3,3.14,973686,1178960456.0,0.0,0.38
2013-08-07,1026.8,1026.8,1026.8,1026.8,-1.93,-20.16,1225920,1426011487.0,0.0,0.48
2013-08-08,1036.52,1036.52,1036.52,1036.52,0.95,9.72,913400,1005632480.0,0.0,0.36
2013-08-09,1037.26,1037.26,1037.26,1037.26,0.07,0.74,783566,930182659.0,0.0,0.31
2013-08-12,1044.63,1044.63,1044.63,1044.63,0.71,7.37,830796,954813099.0,0.0,0.33
2013-08-13,1057.93,1057.93,1057.93,1057.93,1.27,13.3,926706,1027938155.0,0.0,0.36
2013-08-14,1053.59,1053.59,1053.59,1053.59,-0.41,-4.34,922210,1023486848.0,0.0,0.36
2013-08-15,1043.28,1043.28,1043.28,1043.28,-0.98,-10.31,777824,883014746.0,0.0,0.31
2013-08-16,1021.23,1021.23,1021.23,1021.23,-2.11,-22.05,850545,938368909.0,0.0,0.33
2013-08-19,1047.95,1047.95,1047.95,1047.95,2.62,26.72,669851,753322509.0,0.0,0.26
2013-08-20,1055.8,1055.8,1055.8,1055.8,0.75,7.85,825865,1002201766.0,0.0,0.32
2013-08-21,1061.28,1061.28,1061.28,1061.28,0.52,5.48,897242,1011005973.0,0.0,0.35
2013-08-22,1057.06,1057.06,1057.06,1057.06,-0.4,-4.22,721694,844140304.0,0.0,0.28
2013-08-23,1050.71,1050.71,1050.71,1050.71,-0.6,-6.35,1587387,1612241506.0,0.0,0.62
2013-08-26,1072.77,1072.77,1072.77,1072.77,2.1,22.06,1097489,1145994183.0,0.0,0.43
2013-08-27,1083.07,1083.07,1083.07,1083.07,0.96,10.3,1019557,1098136549.0,0.0,0.4
2013-08-28,1062.18,1062.18,1062.18,1062.18,-1.93,-20.89,1032485,1117353386.0,0.0,0.4
2013-08-29,1063.41,1063.41,1063.41,1063.41,0.12,1.23,743331,791074330.0,0.0,0.29
2013-08-30,1040.59,1040.59,1040.59,1040.59,-2.15,-22.82,1227195,1381125438.0,0.0,0.48
2013-09-02,1054.28,1054.28,1054.28,1054.28,1.32,13.69,903414,983261643.0,0.0,0.35
2013-09-03,1069.98,1069.98,1069.98,1069.98,1.49,15.7,924381,1069314312.0,0.0,0.36
2013-09-04,1069.19,1069.19,1069.19,1069.19,-0.07,-0.79,721629,834449469.0,0.0,0.28
2013-09-05,1082.61,1082.61,1082.61,1082.61,1.26,13.42,912009,1011592260.0,0.0,0.36
2013-09-06,1098.2,1098.2,1098.2,1098.2,1.44,15.59,1100970,1299132286.0,0.0,0.43
2013-09-09,1106.9,1106.9,1106.9,1106.9,0.79,8.7,1055816,1221327936.0,0.0,0.41
2013-09-10,1106.23,1106.23,1106.23,1106.23,-0.06,-0.67,1203805,1391871058.0,0.0,0.47
2013-09-11,1082.69,1082.69,1082.69,1082.69,-2.13,-23.54,1271761,1444216139.0,0.0,0.5
2013-09-12,1086.55,1086.55,1086.55,1086.55,0.36,3.86,772628,860157766.0,0.0,0.3
2013-09-13,1090.6,1090.6,1090.6,1090.6,0.37,4.05,721939,809973586.0,0.0,0.28
2013-09-16,1096.94,1096.94,1096.94,1096.94,0.58,6.34,829558,955068970.0,0.0,0.33
2013-09-17,1081.16,1081.16,1081.16,1081.16,-1.44,-15.78,829266,957231979.0,0.0,0.33
2013-09-18,1095.77,1095.77,1095.77,1095.77,1.35,14.61,678784,789568565.0,0.0,0.27
2013-09-23,1122.51,1122.51,1122.51,1122.51,2.44,26.74,983160,1138850747.0,0.0,0.39
2013-09-24,1119.61,1119.61,1119.61,1119.61,-0.26,-2.9,1052679,1145099026.0,0.0,0.41
2013-09-25,1110.2,1110.2,1110.2,1110.2,-0.84,-9.41,1180861,1362467166.0,0.0,0.46
2013-09-26,1096.36,1096.36,1096.36,1096.36,-1.25,-13.84,1077316,1144731572.0,0.0,0.42
2013-09-27,1092.68,1092.68,1092.68,1092.68,-0.34,-3.68,771324,818260323.0,0.0,0.3
2013-09-30,1098.49,1098.49,1098.49,1098.49,0.53,5.81,672673,736582171.0,0.0,0.26
2013-10-08,1119.72,1119.72,1119.72,1119.72,1.93,21.23,925568,1062352942.0,0.0,0.36
2013-10-09,1142.13,1142.13,1142.13,1142.13,2.0,22.41,1173506,1363353689.0,0.0,0.46
2013-10-10,1133.32,1133.32,1133.32,1133.32,-0.77,-8.81,1163994,1309350488.0,0.0,0.46
2013-10-11,1150.22,1150.22,1150.22,1150.22,1.49,16.9,963027,1173839358.0,0.0,0.38
2013-10-14,1170.11,1170.11,1170.11,1170.11,1.73,19.89,1013866,1266356308.0,0.0,0.4
2013-10-15,1161.67,1161.67,1161.67,1161.67,-0.72,-8.44,1046978,1347489679.0,0.0,0.41
2013-10-16,1130.3,1130.3,1130.3,1130.3,-2.7,-31.37,1148541,1433131504.0,0.0,0.45
2013-10-17,1147.18,1147.18,1147.18,1147.18,1.49,16.88,875408,1190328750.0,0.0,0.34
2013-10-18,1151.27,1151.27,1151.27,1151.27,0.36,4.09,766630,918142273.0,0.0,0.3
2013-10-21,1179.68,1179.68,1179.68,1179.68,2.47,28.41,966129,1229620434.0,0.0,0.38
2013-10-22,1172.27,1172.27,1172.27,1172.27,-0.63,-7.41,1367522,1623673494.0,0.0,0.54
2013-10-23,1128.0,1128.0,1128.0,1128.0,-3.78,-44.27,1065840,1288560517.0,0.0,0.42
2013-10-24,1128.16,1128.16,1128.16,1128.16,0.01,0.16,776476,1126672083.0,0.0,0.3
2013-10-25,1117.38,1117.38,1117.38,1117.38,-0.96,-10.78,899206,1192406245.0,0.0,0.35
2013-10-28,1109.14,1109.14,1109.14,1109.14,-0.74,-8.24,939383,1134118403.0,0.0,0.37
2013-10-29,1064.98,1064.98,1064.98,1064.98,-3.98,-44.16,1012544,1292144999.0,0.0,0.4
2013-10-30,1078.18,1078.18,1078.18,1078.18,1.24,13.2,525003,719371701.0,0.0,0.21
2013-10-31,1062.88,1062.88,1062.88,1062.88,-1.42,-15.3,466053,582361120.0,0.0,0.18
2013-11-01,1061.77,1061.77,1061.77,1061.77,-0.1,-1.11,469002,642685320.0,0.0,0.18
2013-11-04,1075.64,1075.64,1075.64,1075.64,1.31,13.87,455252,573733207.0,0.0,0.18
2013-11-05,1095.39,1095.39,1095.39,1095.39,1.84,19.75,461400,613843751.0,0.0,0.18
2013-11-06,1089.85,1089.85,1089.85,1089.85,-0.51,-5.54,535682,736399973.0,0.0,0.21
2013-11-07,1063.95,1063.95,1063.95,1063.95,-2.38,-25.9,498065,694359622.0,0.0,0.2
2013-11-08,1042.43,1042.43,1042.43,1042.43,-2.02,-21.52,603858,809542574.0,0.0,0.24
2013-11-11,1055.14,1055.14,1055.14,1055.14,1.22,12.71,355642,467660702.0,0.0,0.14
2013-11-12,1065.68,1065.68,1065.68,1065.68,1.0,10.54,336913,430497592.0,0.0,0.13
2013-11-13,1046.48,1046.48,1046.48,1046.48,-1.8,-19.2,468060,532812268.0,0.0,0.18
2013-11-14,1072.85,1072.85,1072.85,1072.85,2.52,26.37,532323,669480382.0,0.0,0.21
2013-11-15,1093.29,1093.29,1093.29,1093.29,1.91,20.44,638050,819297925.0,0.0,0.25
2013-11-18,1115.73,1115.73,1115.73,1115.73,2.05,22.44,736011,997005976.0,0.0,0.29
2013-11-19,1128.01,1128.01,1128.01,1128.01,1.1,12.28,604919,780695065.0,0.0,0.24
2013-11-20,1145.78,1145.78,1145.78,1145.78,1.58,17.77,731457,1072728697.0,0.0,0.29
2013-11-21,1139.53,1139.53,1139.53,1139.53,-0.55,-6.25,677911,911258669.0,0.0,0.27
2013-11-22,1135.56,1135.56,1135.56,1135.56,-0.35,-3.97,557548,780450254.0,0.0,0.22
2013-11-25,1149.74,1149.74,1149.74,1149.74,1.25,14.18,541749,718851525.0,0.0,0.21
2013-11-26,1157.1,1157.1,1157.1,1157.1,0.64,7.36,548689,723689370.0,0.0,0.22
2013-11-27,1164.97,1164.97,1164.97,1164.97,0.68,7.87,549766,723516514.0,0.0,0.22
2013-11-28,1182.71,1182.71,1182.71,1182.71,1.52,17.74,744403,1065299767.0,0.0,0.29
2013-11-29,1205.02,1205.02,1205.02,1205.02,1.89,22.31,823706,1220502732.0,0.0,0.32
2013-12-02,1126.85,1126.85,1126.85,1126.85,-6.49,-78.17,1382982,1768543232.0,0.0,0.54
2013-12-03,1144.78,1144.78,1144.78,1144.78,1.59,17.93,1015235,1342948079.0,0.0,0.4
2013-12-04,1153.54,1153.54,1153.54,1153.54,0.77,8.76,1099752,1474305064.0,0.0,0.43
2013-12-05,1148.2,1148.2,1148.2,1148.2,-0.46,-5.34,1194673,1457720602.0,0.0,0.47
2013-12-06,1157.87,1157.87,1157.87,1157.87,0.84,9.67,1061992,1311008867.0,0.0,0.42
2013-12-09,1179.66,1179.66,1179.66,1179.66,1.88,21.79,836058,1135747033.0,0.0,0.33
2013-12-10,1175.34,1175.34,1175.34,1175.34,-0.37,-4.32,787247,1031511735.0,0.0,0.31
2013-12-11,1166.51,1166.51,1166.51,1166.51,-0.75,-8.83,824911,956947044.0,0.0,0.32
2013-12-12,1173.25,1173.25,1173.25,1173.25,0.58,6.74,516751,603408284.0,0.0,0.2
2013-12-13,1200.01,1200.01,1200.01,1200.01,2.28,26.76,859743,962022926.0,0.0,0.34
2013-12-16,1189.84,1189.84,1189.84,1189.84,-0.85,-10.17,944897,1193463113.0,0.0,0.37
2013-12-17,1172.55,1172.55,1172.55,1172.55,-1.45,-17.29,839621,972278544.0,0.0,0.33
2013-12-18,1174.97,1174.97,1174.97,1174.97,0.21,2.42,659494,738383615.0,0.0,0.26
2013-12-19,1155.77,1155.77,1155.77,1155.77,-1.63,-19.2,562172,625685251.0,0.0,0.22
2013-12-20,1129.42,1129.42,1129.42,1129.42,-2.28,-26.35,585915,720747955.0,0.0,0.23
2013-12-23,1119.64,1119.64,1119.64,1119.64,-0.87,-9.78,433678,529382370.0,0.0,0.17
2013-12-24,1137.13,1137.13,1137.13,1137.13,1.56,17.49,501928,653257288.0,0.0,0.2
2013-12-25,1168.11,1168.11,1168.11,1168.11,2.72,30.98,633656,846019545.0,0.0,0.25
2013-12-26,1147.44,1147.44,1147.44,1147.44,-1.77,-20.67,692487,881876228.0,0.0,0.27
2013-12-27,1190.65,1190.65,1190.65,1190.65,3.77,43.21,864554,1072765481.0,0.0,0.34
2013-12-30,1220.96,1220.96,1220.96,1220.96,2.55,30.31,1251920,1570898962.0,0.0,0.49
2013-12-31,1204.76,1204.76,1204.76,1204.76,-1.33,-16.2,908739,1262836534.0,0.0,0.36
2014-01-02,1224.02,1224.02,1224.02,1224.02,1.6,19.26,975632,1261440221.0,0.0,0.38
2014-01-03,1222.64,1222.64,1222.64,1222.64,-0.11,-1.38,1067285,1459929290.0,0.0,0.42
2014-01-06,1186.58,1186.58,1186.58,1186.58,-2.95,-36.06,996565,1195786877.0,0.0,0.39
2014-01-07,1199.41,1199.41,1199.41,1199.41,1.08,12.83,895395,1107442289.0,0.0,0.35
2014-01-08,1211.95,1211.95,1211.95,1211.95,1.05,12.54,1063303,1299436457.0,0.0,0.42
2014-01-09,1173.49,1173.49,1173.49,1173.49,-3.17,-38.46,876749,1186504895.0,0.0,0.34
2014-01-10,1151.46,1151.46,1151.46,1151.46,-1.88,-22.03,781738,964403386.0,0.0,0.31
2014-01-13,1153.57,1153.57,1153.57,1153.57,0.18,2.11,902886,1138754687.0,0.0,0.35
2014-01-14,1198.29,1198.29,1198.29,1198.29,3.88,44.72,1217752,1376096339.0,0.0,0.48
2014-01-15,1222.15,1222.15,1222.15,1222.15,1.99,23.86,1238338,1550737791.0,0.0,0.49
2014-01-16,1224.69,1224.69,1224.69,1224.69,0.21,2.54,1308693,1590774188.0,0.0,0.51
2014-01-17,1219.52,1219.52,1219.52,1219.52,-0.42,-5.17,1037385,1229587895.0,0.0,0.41
2014-01-20,1203.49,1203.49,1203.49,1203.49,-1.31,-16.03,827693,1026529022.0,0.0,0.32
2014-01-21,1237.37,1237.37,1237.37,1237.37,2.82,33.88,1048569,1249057869.0,0.0,0.41
2014-01-22,1259.66,1259.66,1259.66,1259.66,1.8,22.29,1414142,1874981845.0,0.0,0.55
2014-01-23,1267.7,1267.7,1267.7,1267.7,0.64,8.04,1188513,1622347481.0,0.0,0.47
2014-01-24,1274.78,1274.78,1274.78,1274.78,0.56,7.08,1121946,1587121771.0,0.0,0.44
2014-01-27,1262.27,1262.27,1262.27,1262.27,-0.98,-12.51,1085167,1622253388.0,0.0,0.43
2014-01-28,1255.54,1255.54,1255.54,1255.54,-0.53,-6.73,820429,1117332223.0,0.0,0.32
2014-01-29,1270.91,1270.91,1270.91,1270.91,1.22,15.37,987093,1256865879.0,0.0,0.39
2014-01-30,1258.86,1258.86,1258.86,1258.86,-0.95,-12.05,766881,1181235761.0,0.0,0.3
2014-02-07,1289.91,1289.91,1289.91,1289.91,2.47,31.05,1091625,1526645369.0,0.0,0.43
2014-02-10,1335.76,1335.76,1335.76,1335.76,3.55,45.85,1577581,2256016838.0,0.0,0.62
2014-02-11,1331.79,1331.79,1331.79,1331.79,-0.3,-3.97,1790312,2457819016.0,0.0,0.7
2014-02-12,1359.93,1359.93,1359.93,1359.93,2.11,28.14,1378549,1768690858.0,0.0,0.54
2014-02-13,1317.06,1317.06,1317.06,1317.06,-3.15,-42.87,1449963,2055435770.0,0.0,0.57
2014-02-14,1348.43,1348.43,1348.43,1348.43,2.38,31.37,1309522,1761575470.0,0.0,0.51
2014-02-17,1386.66,1386.66,1386.66,1386.66,2.84,38.23,1673054,2339837925.0,0.0,0.66
2014-02-18,1379.05,1379.05,1379.05,1379.05,-0.55,-7.61,1398616,1958217562.0,0.0,0.55
2014-02-19,1375.25,1375.25,1375.25,1375.25,-0.28,-3.8,1380068,2107311357.0,0.0,0.54
2014-02-20,1350.67,1350.67,1350.67,1350.67,-1.79,-24.58,1430919,2067302767.0,0.0,0.56
2014-02-21,1349.12,1349.12,1349.12,1349.12,-0.11,-1.55,930018,1361443332.0,0.0,0.36
2014-02-24,1359.57,1359.57,1359.57,1359.57,0.77,10.45,1024450,1561922878.0,0.0,0.4
2014-02-25,1287.67,1287.67,1287.67,1287.67,-5.29,-71.9,1641531,2403600781.0,0.0,0.64
2014-02-26,1287.88,1287.88,1287.88,1287.88,0.02,0.21,997226,1410556849.0,0.0,0.39
2014-02-27,1257.74,1257.74,1257.74,1257.74,-2.34,-30.14,1086844,1543781085.0,0.0,0.43
2014-02-28,1284.94,1284.94,1284.94,1284.94,2.16,27.2,865465,1166268088.0,0.0,0.34
2014-03-03,1309.36,1309.36,1309.36,1309.36,1.9,24.42,805684,1186727082.0,0.0,0.32
2014-03-04,1312.78,1312.78,1312.78,1312.78,0.26,3.42,895588,1222185422.0,0.0,0.35
2014-03-05,1305.72,1305.72,1305.72,1305.72,-0.54,-7.06,877399,1212934191.0,0.0,0.34
2014-03-06,1311.95,1311.95,1311.95,1311.95,0.48,6.23,750132,1056654981.0,0.0,0.29
2014-03-07,1311.07,1311.07,1311.07,1311.07,-0.07,-0.88,785432,1117106769.0,0.0,0.31
2014-03-10,1253.69,1253.69,1253.69,1253.69,-4.38,-57.38,958080,1236165011.0,0.0,0.38
2014-03-11,1266.11,1266.11,1266.11,1266.11,0.99,12.42,883116,939845900.0,0.0,0.35
2014-03-12,1267.2,1267.2,1267.2,1267.2,0.09,1.09,915471,982508645.0,0.0,0.36
2014-03-13,1278.68,1278.68,1278.68,1278.68,0.91,11.48,698801,831978612.0,0.0,0.27
2014-03-14,1272.07,1272.07,1272.07,1272.07,-0.52,-6.61,584687,772186438.0,0.0,0.23
2014-03-17,1308.76,1308.76,1308.76,1308.76,2.88,36.69,715103,956683923.0,0.0,0.28
2014-03-18,1324.09,1324.09,1324.09,1324.09,1.17,15.33,813595,1173978888.0,0.0,0.32
2014-03-19,1331.0,1331.0,1331.0,1331.0,0.52,6.91,848086,1081594617.0,0.0,0.33
2014-03-20,1299.25,1299.25,1299.25,1299.25,-2.39,-31.75,1215960,1267513548.0,0.0,0.48
2014-03-21,1314.44,1314.44,1314.44,1314.44,1.17,15.19,982812,1119281398.0,0.0,0.39
2014-03-24,1326.56,1326.56,1326.56,1326.56,0.92,12.12,858563,1065895285.0,0.0,0.34
2014-03-25,1320.64,1320.64,1320.64,1320.64,-0.45,-5.92,900621,993804803.0,0.0,0.35
2014-03-26,1343.4,1343.4,1343.4,1343.4,1.72,22.76,948525,1062023776.0,0.0,0.37
2014-03-27,1313.44,1313.44,1313.44,1313.44,-2.23,-29.96,1177942,1217128533.0,0.0,0.46
2014-03-28,1255.91,1255.91,1255.91,1255.91,-4.38,-57.53,983234,1056263175.0,0.0,0.39
2014-03-31,1242.88,1242.88,1242.88,1242.88,-1.04,-13.03,710166,783858823.0,0.0,0.28
2014-04-01,1276.39,1276.39,1276.39,1276.39,2.7,33.51,652624,669778205.0,0.0,0.26
2014-04-02,1271.39,1271.39,1271.39,1271.39,-0.39,-5.0,868892,935515189.0,0.0,0.34
2014-04-03,1267.07,1267.07,1267.07,1267.07,-0.34,-4.32,773087,900141525.0,0.0,0.3
2014-04-04,1280.37,1280.37,1280.37,1280.37,1.05,13.3,670713,791557837.0,0.0,0.26
2014-04-08,1280.14,1280.14,1280.14,1280.14,-0.02,-0.23,777416,949142772.0,0.0,0.3
2014-04-09,1308.7,1308.7,1308.7,1308.7,2.23,28.56,901780,995970267.0,0.0,0.35
2014-04-10,1313.5,1313.5,1313.5,1313.5,0.37,4.8,996409,1162039998.0,0.0,0.39
2014-04-11,1308.03,1308.03,1308.03,1308.03,-0.42,-5.47,846230,920241031.0,0.0,0.33
2014-04-14,1337.67,1337.67,1337.67,1337.67,2.27,29.64,847656,991037669.0,0.0,0.33
2014-04-15,1340.49,1340.49,1340.49,1340.49,0.21,2.82,1020369,1239277736.0,0.0,0.4
2014-04-16,1342.07,1342.07,1342.07,1342.07,0.12,1.58,795773,1025521252.0,0.0,0.31
2014-04-17,1342.88,1342.88,1342.88,1342.88,0.06,0.81,876854,1049223952.0,0.0,0.34
2014-04-18,1340.88,1340.88,1340.88,1340.88,-0.15,-2.0,744829,938741925.0,0.0,0.29
2014-04-21,1316.89,1316.89,1316.89,1316.89,-1.79,-23.99,732380,975672956.0,0.0,0.29
2014-04-22,1302.44,1302.44,1302.44,1302.44,-1.1,-14.45,725460,928254641.0,0.0,0.28
2014-04-23,1302.82,1302.82,1302.82,1302.82,0.03,0.38,539510,655410716.0,0.0,0.21
2014-04-24,1297.67,1297.67,1297.67,1297.67,-0.4,-5.15,507657,646567013.0,0.0,0.2
2014-04-25,1263.08,1263.08,1263.08,1263.08,-2.67,-34.59,593048,739345256.0,0.0,0.23
2014-04-28,1213.3,1213.3,1213.3,1213.3,-3.94,-49.78,578548,728368375.0,0.0,0.23
2014-04-29,1226.44,1226.44,1226.44,1226.44,1.08,13.14,505690,622315956.0,0.0,0.2
2014-04-30,1241.58,1241.58,1241.58,1241.58,1.23,15.14,571135,662740071.0,0.0,0.22
2014-05-05,1256.4,1256.4,1256.4,1256.4,1.19,14.82,497897,694922587.0,0.0,0.2
2014-05-06,1254.1,1254.1,1254.1,1254.1,-0.18,-2.3,444632,583012323.0,0.0,0.17
2014-05-07,1233.87,1233.87,1233.87,1233.87,-1.61,-20.23,468622,595778008.0,0.0,0.18
2014-05-08,1245.28,1245.28,1245.28,1245.28,0.92,11.41,523962,584421354.0,0.0,0.21
2014-05-09,1225.34,1225.34,1225.34,1225.34,-1.6,-19.94,523595,591359051.0,0.0,0.21
2014-05-12,1256.1,1256.1,1256.1,1256.1,2.51,30.76,581308,741912009.0,0.0,0.23
2014-05-13,1248.75,1248.75,1248.75,1248.75,-0.59,-7.35,480862,565360080.0,0.0,0.19
2014-05-14,1248.28,1248.28,1248.28,1248.28,-0.04,-0.47,442704,627845742.0,0.0,0.17
2014-05-15,1220.18,1220.18,1220.18,1220.18,-2.25,-28.1,497855,641206732.0,0.0,0.2
2014-05-16,1210.44,1210.44,1210.44,1210.44,-0.8,-9.74,428873,561891904.0,0.0,0.17
2014-05-19,1200.75,1200.75,1200.75,1200.75,-0.8,-9.69,457090,609172220.0,0.0,0.18
2014-05-20,1197.49,1197.49,1197.49,1197.49,-0.27,-3.26,542431,750827029.0,0.0,0.21
2014-05-21,1201.32,1201.32,1201.32,1201.32,0.32,3.83,365701,473555737.0,0.0,0.14
2014-05-22,1205.34,1205.34,1205.34,1205.34,0.33,4.02,508451,574581873.0,0.0,0.2
2014-05-23,1223.27,1223.27,1223.27,1223.27,1.49,17.93,458748,505881056.0,0.0,0.18
2014-05-26,1242.65,1242.65,1242.65,1242.65,1.58,19.38,513385,663346998.0,0.0,0.2
2014-05-27,1239.69,1239.69,1239.69,1239.69,-0.24,-2.96,415679,518052545.0,0.0,0.16
2014-05-28,1258.91,1258.91,1258.91,1258.91,1.55,19.22,541671,685715387.0,0.0,0.21
2014-05-29,1244.71,1244.71,1244.71,1244.71,-1.13,-14.2,506581,641522094.0,0.0,0.2
2014-05-30,1254.07,1254.07,1254.07,1254.07,0.75,9.36,436270,588386617.0,0.0,0.17
2014-06-03,1258.13,1258.13,1258.13,1258.13,0.32,4.06,375993,515492990.0,0.0,0.15
2014-06-04,1245.64,1245.64,1245.64,1245.64,-0.99,-12.49,382727,503287629.0,0.0,0.15
2014-06-05,1260.9,1260.9,1260.9,1260.9,1.23,15.26,386242,474683528.0,0.0,0.15
2014-06-06,1265.03,1265.03,1265.03,1265.03,0.33,4.13,532388,594312669.0,0.0,0.21
2014-06-09,1251.85,1251.85,1251.85,1251.85,-1.04,-13.18,439246,538439610.0,0.0,0.17
2014-06-10,1267.57,1267.57,1267.57,1267.57,1.26,15.72,616071,702827231.0,0.0,0.24
2014-06-11,1276.01,1276.01,1276.01,1276.01,0.67,8.44,662271,832626959.0,0.0,0.26
2014-06-12,1275.76,1275.76,1275.76,1275.76,-0.02,-0.25,1013428,1099720783.0,0.0,0.4
2014-06-13,1291.92,1291.92,1291.92,1291.92,1.27,16.16,909908,1036108276.0,0.0,0.36
2014-06-16,1307.41,1307.41,1307.41,1307.41,1.2,15.49,1104885,1386883098.0,0.0,0.43
2014-06-17,1310.72,1310.72,1310.72,1310.72,0.25,3.31,1333919,1532019897.0,0.0,0.52
2014-06-18,1284.66,1284.66,1284.66,1284.66,-1.99,-26.06,1373665,1614587809.0,0.0,0.54
2014-06-19,1244.52,1244.52,1244.52,1244.52,-3.12,-40.14,1002246,1204551415.0,0.0,0.39
2014-06-20,1265.13,1265.13,1265.13,1265.13,1.66,20.61,963631,1147703045.0,0.0,0.38
2014-06-23,1287.29,1287.29,1287.29,1287.29,1.75,22.16,879514,1130421482.0,0.0,0.34
2014-06-24,1297.84,1297.84,1297.84,1297.84,0.82,10.55,886175,1075270540.0,0.0,0.35
2014-06-25,1290.15,1290.15,1290.15,1290.15,-0.59,-7.69,714831,884646564.0,0.0,0.28
2014-06-26,1311.07,1311.07,1311.07,1311.07,1.62,20.92,900575,1182832805.0,0.0,0.35
2014-06-27,1312.12,1312.12,1312.12,1312.12,0.08,1.05,840852,1005035234.0,0.0,0.33
2014-06-30,1339.21,1339.21,1339.21,1339.21,2.06,27.09,1193993,1413230037.0,0.0,0.47
2014-07-01,1349.78,1349.78,1349.78,1349.78,0.79,10.57,1400588,1658924340.0,0.0,0.55
2014-07-02,1362.21,1362.21,1362.21,1362.21,0.92,12.43,1362290,1654535505.0,0.0,0.53
2014-07-03,1357.84,1357.84,1357.84,1357.84,-0.32,-4.37,1054437,1231653026.0,0.0,0.41
2014-07-04,1378.47,1378.47,1378.47,1378.47,1.52,20.63,1266959,1481631258.0,0.0,0.5
2014-07-07,1381.58,1381.58,1381.58,1381.58,0.23,3.11,1145388,1379194745.0,0.0,0.45
2014-07-08,1387.86,1387.86,1387.86,1387.86,0.45,6.28,873697,1191399608.0,0.0,0.34
2014-07-09,1385.45,1385.45,1385.45,1385.45,-0.17,-2.41,1190774,1525501399.0,0.0,0.47
2014-07-10,1389.91,1389.91,1389.91,1389.91,0.32,4.46,1483169,1928097768.0,0.0,0.58
2014-07-11,1401.73,1401.73,1401.73,1401.73,0.85,11.82,1299727,1832106880.0,0.0,0.51
2014-07-14,1412.26,1412.26,1412.26,1412.26,0.75,10.53,1375258,1763872178.0,0.0,0.54
2014-07-15,1398.78,1398.78,1398.78,1398.78,-0.95,-13.48,1302840,1655599040.0,0.0,0.51
2014-07-16,1378.59,1378.59,1378.59,1378.59,-1.44,-20.19,1236076,1601759967.0,0.0,0.48
2014-07-17,1375.11,1375.11,1375.11,1375.11,-0.25,-3.48,900747,1159221202.0,0.0,0.35
2014-07-18,1377.22,1377.22,1377.22,1377.22,0.15,2.11,693184,878338871.0,0.0,0.27
2014-07-21,1374.24,1374.24,1374.24,1374.24,-0.22,-2.98,1018681,1215699708.0,0.0,0.4
2014-07-22,1382.21,1382.21,1382.21,1382.21,0.58,7.97,916146,1092729105.0,0.0,0.36
2014-07-23,1353.29,1353.29,1353.29,1353.29,-2.09,-28.92,1045893,1305382396.0,0.0,0.41
2014-07-24,1335.12,1335.12,1335.12,1335.12,-1.34,-18.17,927727,1136072878.0,0.0,0.36
2014-07-25,1343.66,1343.66,1343.66,1343.66,0.64,8.54,660680,874858618.0,0.0,0.26
2014-07-28,1368.62,1368.62,1368.62,1368.62,1.86,24.96,868210,1095575029.0,0.0,0.34
2014-07-29,1389.15,1389.15,1389.15,1389.15,1.5,20.53,1126443,1427557192.0,0.0,0.44
2014-07-30,1398.86,1398.86,1398.86,1398.86,0.7,9.71,1259193,1573216085.0,0.0,0.49
2014-07-31,1414.08,1414.08,1414.08,1414.08,1.09,15.22,1003218,1206852934.0,0.0,0.39
2014-08-01,1401.26,1401.26,1401.26,1401.26,-0.91,-12.82,1203618,1385331649.0,0.0,0.47
2014-08-04,1411.93,1411.93,1411.93,1411.93,0.76,10.67,912950,1091328564.0,0.0,0.36
2014-08-05,1439.96,1439.96,1439.96,1439.96,1.99,28.03,1259671,1573046779.0,0.0,0.49
2014-08-06,1454.14,1454.14,1454.14,1454.14,0.98,14.18,1196049,1496452159.0,0.0,0.47
2014-08-07,1440.28,1440.28,1440.28,1440.28,-0.95,-13.86,1032454,1331038752.0,0.0,0.4
2014-08-08,1467.63,1467.63,1467.63,1467.63,1.9,27.35,1088787,1482919353.0,0.0,0.43
2014-08-11,1488.33,1488.33,1488.33,1488.33,1.41,20.7,1158988,1573751384.0,0.0,0.45
2014-08-12,1496.7,1496.7,1496.7,1496.7,0.56,8.37,1461773,2074676109.0,0.0,0.57
2014-08-13,1496.3,1496.3,1496.3,1496.3,-0.03,-0.4,1252080,1711310286.0,0.0,0.49
2014-08-14,1484.97,1484.97,1484.97,1484.97,-0.76,-11.33,1233716,1627055508.0,0.0,0.48
2014-08-15,1502.39,1502.39,1502.39,1502.39,1.17,17.42,1181154,1465574446.0,0.0,0.46
2014-08-18,1528.87,1528.87,1528.87,1528.87,1.76,26.48,1257189,1682981125.0,0.0,0.49
2014-08-19,1539.45,1539.45,1539.45,1539.45,0.69,10.58,1397348,1773818263.0,0.0,0.55
2014-08-20,1541.12,1541.12,1541.12,1541.12,0.11,1.67,1352416,1727191742.0,0.0,0.53
2014-08-21,1547.18,1547.18,1547.18,1547.18,0.39,6.06,1201321,1520359741.0,0.0,0.47
2014-08-22,1567.3,1567.3,1567.3,1567.3,1.3,20.12,1286280,1620853723.0,0.0,0.5
2014-08-25,1553.12,1553.12,1553.12,1553.12,-0.9,-14.18,917177,1190408072.0,0.0,0.36
2014-08-26,1518.56,1518.56,1518.56,1518.56,-2.23,-34.56,757008,998493394.0,0.0,0.3
2014-08-27,1535.06,1535.06,1535.06,1535.06,1.09,16.5,598211,825866721.0,0.0,0.23
2014-08-28,1528.36,1528.36,1528.36,1528.36,-0.44,-6.7,633085,929105914.0,0.0,0.25
2014-08-29,1546.43,1546.43,1546.43,1546.43,1.18,18.07,579819,855032426.0,0.0,0.23
2014-09-01,1580.61,1580.61,1580.61,1580.61,2.21,34.18,754521,1089228896.0,0.0,0.3
2014-09-02,1607.17,1607.17,1607.17,1607.17,1.68,26.56,1265029,1834188519.0,0.0,0.5
2014-09-03,1620.01,1620.01,1620.01,1620.01,0.8,12.84,1321916,1974939205.0,0.0,0.52
2014-09-04,1653.15,1653.15,1653.15,1653.15,2.05,33.14,1356596,2128162889.0,0.0,0.53
2014-09-05,1668.16,1668.16,1668.16,1668.16,0.91,15.01,1289378,1948612363.0,0.0,0.51
2014-09-09,1671.72,1671.72,1671.72,1671.72,0.21,3.56,1196730,1777654663.0,0.0,0.47
2014-09-10,1695.52,1695.52,1695.52,1695.52,1.42,23.8,1254365,2155994716.0,0.0,0.49
2014-09-11,1698.89,1698.89,1698.89,1698.89,0.2,3.37,1281619,2202093916.0,0.0,0.5
2014-09-12,1721.05,1721.05,1721.05,1721.05,1.3,22.16,1007760,1665614862.0,0.0,0.4
2014-09-15,1740.25,1740.25,1740.25,1740.25,1.12,19.2,1306500,2086878774.0,0.0,0.51
2014-09-16,1674.46,1674.46,1674.46,1674.46,-3.78,-65.79,1419737,2217653335.0,0.0,0.56
2014-09-17,1688.66,1688.66,1688.66,1688.66,0.85,14.2,884357,1408959666.0,0.0,0.35
2014-09-18,1702.54,1702.54,1702.54,1702.54,0.82,13.88,701435,1112115179.0,0.0,0.28
2014-09-19,1723.36,1723.36,1723.36,1723.36,1.22,20.82,761557,1190341895.0,0.0,0.3
2014-09-22,1710.59,1710.59,1710.59,1710.59,-0.74,-12.77,827832,1221275566.0,0.0,0.32
2014-09-23,1740.58,1740.58,1740.58,1740.58,1.75,29.99,917592,1382074525.0,0.0,0.36
2014-09-24,1782.83,1782.83,1782.83,1782.83,2.43,42.25,1249524,1848262285.0,0.0,0.49
2014-09-25,1785.2,1785.2,1785.2,1785.2,0.13,2.37,1840206,2671200330.0,0.0,0.72
2014-09-26,1803.32,1803.32,1803.32,1803.32,1.02,18.12,1602737,2322710100.0,0.0,0.63
2014-09-29,1826.9,1826.9,1826.9,1826.9,1.31,23.58,1447203,2178621664.0,0.0,0.57
2014-09-30,1845.77,1845.77,1845.77,1845.77,1.03,18.87,1230916,1857797241.0,0.0,0.48
2014-10-08,1867.32,1867.32,1867.32,1867.32,1.17,21.55,1365546,2148736825.0,0.0,0.54
2014-10-09,1858.31,1858.31,1858.31,1858.31,-0.48,-9.01,1538607,2421165268.0,0.0,0.6
2014-10-10,1842.35,1842.35,1842.35,1842.35,-0.86,-15.96,1057057,1776142248.0,0.0,0.41
2014-10-13,1838.67,1838.67,1838.67,1838.67,-0.2,-3.68,1124973,1843873542.0,0.0,0.44
2014-10-14,1849.55,1849.55,1849.55,1849.55,0.59,10.88,1241322,2024404594.0,0.0,0.49
2014-10-15,1872.61,1872.61,1872.61,1872.61,1.25,23.06,1057378,1566320141.0,0.0,0.41
2014-10-16,1854.59,1854.59,1854.59,1854.59,-0.96,-18.02,1320222,2051561823.0,0.0,0.52
2014-10-17,1844.27,1844.27,1844.27,1844.27,-0.56,-10.32,1339883,2046600088.0,0.0,0.53
2014-10-20,1864.14,1864.14,1864.14,1864.14,1.08,19.87,952559,1557435865.0,0.0,0.37
2014-10-21,1850.95,1850.95,1850.95,1850.95,-0.71,-13.19,957689,1480311698.0,0.0,0.38
2014-10-22,1845.26,1845.26,1845.26,1845.26,-0.31,-5.69,1288710,1908982331.0,0.0,0.51
2014-10-23,1801.22,1801.22,1801.22,1801.22,-2.39,-44.04,1110558,1642118540.0,0.0,0.44
2014-10-24,1803.9,1803.9,1803.9,1803.9,0.15,2.68,866960,1304521725.0,0.0,0.34
2014-10-27,1855.55,1855.55,1855.55,1855.55,2.86,51.65,1147115,1707872094.0,0.0,0.45
2014-10-28,1900.97,1900.97,1900.97,1900.97,2.45,45.42,1286880,2008344077.0,0.0,0.5
2014-10-29,1916.2,1916.2,1916.2,1916.2,0.8,15.23,1387252,2216544557.0,0.0,0.54
2014-10-30,1895.71,1895.71,1895.71,1895.71,-1.07,-20.49,1160298,1837520444.0,0.0,0.45
2014-10-31,1879.13,1879.13,1879.13,1879.13,-0.87,-16.58,939096,1502572586.0,0.0,0.37
2014-11-03,1880.42,1921.15,1921.15,1880.42,2.24,42.02,1185004,1914160426.0,2.17,0.46
2014-11-04,1927.34,1926.67,1938.86,1910.91,0.29,5.52,1179199,1995785587.0,1.45,0.46
2014-11-05,1922.95,1931.31,1934.64,1915.93,0.24,4.64,880692,1446348152.0,0.97,0.35
2014-11-06,1930.85,1955.59,1955.59,1921.34,1.26,24.28,1037615,1797867392.0,1.77,0.41
2014-11-07,1966.17,1934.85,1980.1,1929.38,-1.06,-20.74,1323611,2313115269.0,2.59,0.52
2014-11-10,1936.32,1940.3,1942.02,1927.05,0.28,5.45,958133,1632830235.0,0.77,0.38
2014-11-11,1942.04,1889.12,1942.48,1855.98,-2.64,-51.18,1378046,2317041815.0,4.46,0.54
2014-11-12,1875.66,1915.22,1915.34,1868.23,1.38,26.1,792831,1377062336.0,2.49,0.31
2014-11-13,1910.99,1880.28,1913.51,1870.23,-1.82,-34.94,1048521,1794906193.0,2.26,0.41
2014-11-14,1867.65,1863.13,1869.88,1846.75,-0.91,-17.15,799965,1371120766.0,1.23,0.31
2014-11-17,1860.46,1900.98,1907.34,1855.54,2.03,37.85,1022635,1754275005.0,2.78,0.4
2014-11-18,1895.95,1908.81,1910.15,1888.84,0.41,7.83,715285,1287002807.0,1.12,0.28
2014-11-19,1909.54,1919.08,1923.21,1901.46,0.54,10.27,830576,1409139761.0,1.14,0.33
2014-11-20,1911.9,1899.72,1912.77,1897.21,-1.01,-19.36,663336,1143679691.0,0.81,0.26
2014-11-21,1897.33,1918.57,1919.87,1893.44,0.99,18.85,873686,1456353796.0,1.39,0.34
2014-11-24,1935.27,1931.62,1935.72,1915.09,0.68,13.05,1079408,1781599078.0,1.08,0.42
2014-11-25,1936.55,1980.62,1980.62,1932.91,2.54,49.0,1131119,1956797544.0,2.47,0.44
2014-11-26,1992.55,2014.75,2017.69,1992.55,1.72,34.13,1369841,2322727899.0,1.27,0.54
2014-11-27,2029.91,2040.12,2040.12,2009.05,1.26,25.37,1640743,2961256882.0,1.54,0.64
2014-11-28,2038.37,2053.65,2062.93,2032.4,0.66,13.53,1783205,3211382791.0,1.5,0.7
2014-12-01,2054.42,2002.21,2054.42,1990.04,-2.5,-51.44,1876127,3305788784.0,3.13,0.74
2014-12-02,2004.04,2010.15,2018.49,1998.51,0.4,7.94,1329878,2443683684.0,1.0,0.52
2014-12-03,2007.57,2008.37,2009.56,1971.58,-0.09,-1.78,1189661,2021307389.0,1.89,0.47
2014-12-04,2010.11,2040.81,2049.06,2006.51,1.62,32.44,1180005,2164790082.0,2.12,0.46
2014-12-05,2052.05,2023.84,2052.05,1949.06,-0.83,-16.97,2162503,3984776255.0,5.05,0.85
2014-12-08,2017.97,2018.6,2035.17,1984.49,-0.26,-5.24,1878551,3611989712.0,2.5,0.74
2014-12-09,1990.69,1875.92,1993.18,1875.92,-7.07,-142.68,1887014,3403003736.0,5.81,0.74
2014-12-10,1861.18,1937.24,1937.9,1850.16,3.27,61.32,1541665,2879432622.0,4.68,0.6
2014-12-11,1938.44,1996.88,1996.88,1933.98,3.08,59.64,1471560,2772995766.0,3.25,0.58
2014-12-12,1993.68,2005.66,2007.75,1981.7,0.44,8.78,1234589,2327007302.0,1.3,0.48
2014-12-15,1995.93,2021.22,2023.13,1984.59,0.78,15.56,1362813,2585518883.0,1.92,0.53
2014-12-16,2020.58,2006.27,2021.62,1987.04,-0.74,-14.95,1529165,2765013351.0,1.71,0.6
2014-12-17,1998.57,1985.8,1999.39,1963.28,-1.02,-20.47,1513058,2745399438.0,1.8,0.59
2014-12-18,1979.81,1975.71,1989.95,1970.06,-0.51,-10.09,1322224,2397868488.0,1.0,0.52
2014-12-19,1971.12,1920.96,1971.12,1905.53,-2.77,-54.75,1257264,2231375046.0,3.32,0.49
2014-12-22,1893.4,1789.42,1903.39,1785.08,-6.85,-131.54,1284047,2158743571.0,6.16,0.5
2014-12-23,1771.31,1761.2,1798.02,1750.86,-1.58,-28.22,1020391,1650398022.0,2.64,0.4
2014-12-24,1759.55,1800.29,1800.29,1759.55,2.22,39.09,894972,1448143863.0,2.31,0.35
2014-12-25,1812.13,1843.84,1843.84,1809.11,2.42,43.55,882639,1555518170.0,1.93,0.35
2014-12-26,1849.8,1842.87,1852.65,1833.99,-0.05,-0.97,806652,1346561244.0,1.01,0.32
2014-12-29,1848.76,1785.43,1848.76,1781.83,-3.12,-57.44,1286200,2307521819.0,3.63,0.5
2014-12-30,1784.23,1754.83,1793.8,1748.12,-1.71,-30.6,1014219,1844351026.0,2.56,0.4
2014-12-31,1750.96,1778.26,1778.26,1735.1,1.34,23.43,774965,1372950754.0,2.46,0.3
2015-01-05,1776.47,1764.73,1776.47,1736.24,-0.76,-13.53,969466,1613631554.0,2.26,0.38
2015-01-06,1749.77,1811.56,1811.72,1742.46,2.65,46.83,1063650,1828197233.0,3.92,0.42
2015-01-07,1819.98,1814.46,1822.22,1794.33,0.16,2.9,937244,1880230319.0,1.54,0.37
2015-01-08,1811.53,1818.88,1837.06,1804.47,0.24,4.42,837804,1519123046.0,1.8,0.33
2015-01-09,1814.33,1826.93,1857.27,1812.78,0.44,8.05,1147248,2072127699.0,2.45,0.45
2015-01-12,1811.72,1779.59,1812.08,1774.12,-2.59,-47.34,1278041,2483579995.0,2.08,0.5
2015-01-13,1774.76,1834.01,1834.33,1767.43,3.06,54.42,1282429,2759177294.0,3.76,0.5
2015-01-14,1827.32,1821.91,1833.22,1812.9,-0.66,-12.1,1115485,2540511472.0,1.11,0.44
2015-01-15,1819.98,1832.91,1851.76,1818.29,0.6,11.0,1059304,2389616097.0,1.84,0.42
2015-01-16,1838.04,1867.92,1876.94,1838.04,1.91,35.01,1079803,2352764202.0,2.12,0.42
2015-01-19,1847.65,1840.52,1908.97,1813.22,-1.47,-27.4,1482323,3255435223.0,5.13,0.58
2015-01-20,1851.4,1941.63,1941.63,1851.4,5.49,101.11,1626565,3376388810.0,4.9,0.64
2015-01-21,1962.01,1983.23,1990.05,1959.12,2.14,41.6,1806432,3869448626.0,1.59,0.71
2015-01-22,1981.18,2024.8,2025.11,1981.18,2.1,41.57,1531888,3445799584.0,2.22,0.6
2015-01-23,2025.1,2002.5,2025.94,1996.44,-1.1,-22.3,1467599,3237854417.0,1.46,0.58
2015-01-26,1996.39,2025.13,2025.48,1995.62,1.13,22.63,1287274,2581126465.0,1.49,0.5
2015-01-27,2023.4,2028.24,2035.85,1992.81,0.15,3.11,1136417,2386196687.0,2.13,0.45
2015-01-28,2032.93,2047.52,2054.95,2025.18,0.95,19.28,1380586,2890758628.0,1.47,0.54
2015-01-29,2031.6,2021.35,2049.13,2018.53,-1.28,-26.17,1644093,3214857240.0,1.49,0.64
2015-01-30,2022.9,1978.69,2026.94,1977.84,-2.11,-42.66,1557783,2920903916.0,2.43,0.61
2015-02-02,1949.19,1961.36,1976.81,1937.17,-0.88,-17.33,1016272,1886964875.0,2.0,0.4
2015-02-03,1959.23,1979.47,1982.84,1957.17,0.92,18.11,1243497,2405143678.0,1.31,0.49
2015-02-04,1980.82,2007.45,2014.88,1980.74,1.41,27.98,2000576,3776490805.0,1.72,0.78
2015-02-05,2009.21,1975.17,2009.82,1975.17,-1.61,-32.28,1918509,3907983190.0,1.73,0.75
2015-02-06,1965.55,1907.65,1965.55,1896.74,-3.42,-67.52,1454202,2773838450.0,3.48,0.57
2015-02-09,1896.01,1885.08,1909.59,1879.48,-1.18,-22.57,1144916,2121865941.0,1.58,0.45
2015-02-10,1885.59,1908.6,1908.6,1885.59,1.25,23.52,887569,1597294050.0,1.22,0.35
2015-02-11,1909.2,1926.69,1933.15,1907.54,0.95,18.09,934793,1750549870.0,1.34,0.37
2015-02-12,1929.5,1952.16,1954.14,1925.48,1.32,25.47,1022232,1946133234.0,1.49,0.4
2015-02-13,1959.51,1990.26,1994.04,1959.51,1.95,38.1,1245896,2436897227.0,1.77,0.49
2015-02-16,1987.91,2018.82,2021.24,1985.09,1.43,28.56,1328883,2751251619.0,1.82,0.52
2015-02-17,2020.24,2021.72,2024.38,2001.97,0.14,2.9,1249766,2423239779.0,1.11,0.49
2015-02-25,2023.24,2021.71,2027.9,2009.21,0.0,-0.01,1208882,2401779808.0,0.92,0.47
2015-02-26,2016.44,2032.19,2032.38,2012.88,0.52,10.48,1142814,2209101399.0,0.96,0.45
2015-02-27,2030.49,2056.52,2056.52,2030.49,1.2,24.33,1700593,3373495956.0,1.28,0.67
2015-03-02,2063.48,2131.16,2131.16,2062.85,3.63,74.64,2249206,4848089799.0,3.32,0.88
2015-03-03,2128.73,2103.25,2141.83,2103.25,-1.31,-27.91,2005823,4390905279.0,1.81,0.79
2015-03-04,2107.78,2144.89,2145.82,2107.78,1.98,41.64,1676754,3934892946.0,1.81,0.66
2015-03-05,2157.14,2151.69,2158.93,2127.14,0.32,6.8,1678426,3763028883.0,1.48,0.66
2015-03-06,2160.79,2143.86,2172.01,2134.44,-0.36,-7.83,2425441,4324447465.0,1.75,0.95
2015-03-09,2130.76,2194.31,2197.14,2115.14,2.35,50.45,2713309,4620471977.0,3.82,1.06
2015-03-10,2192.95,2216.48,2225.16,2187.77,1.01,22.17,2422608,4254274857.0,1.7,0.95
2015-03-11,2210.44,2202.71,2222.94,2191.8,-0.62,-13.77,1795440,3158659986.0,1.4,0.7
2015-03-12,2197.66,2186.4,2215.93,2165.4,-0.74,-16.31,1933567,3506509270.0,2.29,0.76
2015-03-13,2188.69,2218.83,2218.83,2173.68,1.48,32.43,1523345,2827471856.0,2.07,0.6
2015-03-16,2236.54,2292.64,2292.64,2235.86,3.33,73.81,2658689,4839413256.0,2.56,1.04
2015-03-17,2310.76,2342.89,2355.21,2307.36,2.19,50.25,3621093,6672270848.0,2.09,1.42
2015-03-18,2345.49,2402.34,2403.98,2339.92,2.54,59.45,3636726,6862085916.0,2.73,1.43
2015-03-19,2406.48,2442.25,2443.74,2391.88,1.66,39.91,3330284,6562543315.0,2.16,1.31
2015-03-20,2449.28,2476.07,2500.97,2447.51,1.38,33.82,2940751,6121741799.0,2.19,1.15
2015-03-23,2486.07,2556.8,2556.8,2486.07,3.26,80.73,3154975,6780833517.0,2.86,1.24
2015-03-24,2563.39,2580.47,2585.14,2466.85,0.93,23.67,4430005,9715554679.0,4.63,1.74
2015-03-25,2577.52,2616.93,2639.94,2563.71,1.41,36.46,3653271,8486868806.0,2.95,1.43
2015-03-26,2618.51,2562.06,2637.02,2532.88,-2.1,-54.87,3531339,8203604073.0,3.98,1.38
2015-03-27,2552.28,2599.43,2607.12,2536.07,1.46,37.37,2515345,5581409669.0,2.77,0.99
2015-03-30,2589.85,2591.01,2603.56,2568.93,-0.32,-8.42,2719136,6016999189.0,1.33,1.07
2015-03-31,2600.11,2639.26,2657.35,2584.23,1.86,48.25,2773242,6064137454.0,2.82,1.09
2015-04-01,2651.63,2723.56,2729.77,2651.63,3.19,84.3,2581315,6083174661.0,2.96,1.01
2015-04-02,2747.55,2810.02,2810.02,2747.15,3.17,86.46,3511933,8121420339.0,2.31,1.38
2015-04-03,2794.53,2875.08,2882.78,2771.64,2.32,65.06,2981719,6841297821.0,3.96,1.17
2015-04-07,2904.18,2942.23,2943.76,2880.71,2.34,67.15,4105462,8864796586.0,2.19,1.61
2015-04-08,2976.48,2973.13,2994.7,2875.56,1.05,30.9,4425836,10997500619.0,4.05,1.74
2015-04-09,2972.85,2947.61,2974.11,2802.07,-0.86,-25.52,4019306,10026666819.0,5.79,1.58
2015-04-10,2919.4,2997.98,3010.86,2908.02,1.71,50.37,3140267,7639687706.0,3.49,1.23
2015-04-13,2994.87,3074.53,3076.39,2989.91,2.55,76.55,3193895,7605747518.0,2.88,1.25
2015-04-14,3081.42,3082.59,3118.88,3051.54,0.26,8.06,3335038,7793492823.0,2.19,1.31
2015-04-15,3064.97,2945.98,3064.97,2945.88,-4.43,-136.61,3276556,7628938099.0,3.86,1.28
2015-04-16,2887.44,2957.11,3011.47,2837.77,0.38,11.13,2406146,5703326945.0,5.9,0.94
2015-04-17,2979.41,2940.96,2993.19,2940.47,-0.55,-16.15,2646296,6046690996.0,1.78,1.04
2015-04-20,2909.92,2833.33,2928.56,2823.67,-3.66,-107.63,3087282,6705833998.0,3.57,1.21
2015-04-21,2825.88,2955.49,2956.86,2825.88,4.31,122.16,2365848,5190144787.0,4.62,0.93
2015-04-22,2977.77,3050.54,3050.75,2977.44,3.22,95.05,2648334,6203297921.0,2.48,1.04
2015-04-23,3075.96,3143.64,3156.74,3054.2,3.05,93.1,3464219,8287067019.0,3.36,1.36
2015-04-24,3122.3,3111.02,3144.25,3069.07,-1.04,-32.62,3250569,7563409154.0,2.39,1.27
2015-04-27,3128.02,3126.21,3172.54,3099.57,0.49,15.19,3171125,7328706896.0,2.35,1.24
2015-04-28,3118.15,2987.03,3118.35,2969.31,-4.45,-139.18,2923801,6412233656.0,4.77,1.15
2015-04-29,2976.99,3073.61,3082.52,2971.55,2.9,86.58,2079382,4676069049.0,3.72,0.82
2015-04-30,3069.07,3088.75,3143.24,3068.4,0.49,15.14,2357484,5453311652.0,2.43,0.92
2015-05-04,3101.19,3146.83,3146.83,3061.9,1.88,58.08,2531653,5724339678.0,2.75,0.99
2015-05-05,3135.85,3086.5,3176.88,3064.51,-1.92,-60.33,2826831,6601066178.0,3.57,1.11
2015-05-06,3094.03,3075.86,3162.6,3059.77,-0.34,-10.64,2862646,6586388662.0,3.33,1.12
2015-05-07,3060.46,2964.65,3066.33,2954.17,-3.62,-111.21,2184100,4748478998.0,3.65,0.86
2015-05-08,2992.43,3134.5,3134.5,2990.51,5.73,169.85,2476822,5455924470.0,4.86,0.97
2015-05-11,3166.3,3327.18,3329.2,3162.81,6.15,192.68,3318347,8011361655.0,5.31,1.3
2015-05-12,3339.15,3455.71,3455.71,3323.12,3.86,128.53,3467850,8897927276.0,3.99,1.36
2015-05-13,3417.94,3473.2,3521.03,3372.34,0.51,17.49,3264427,8773275512.0,4.3,1.28
2015-05-14,3458.4,3549.88,3575.33,3451.36,2.21,76.68,3410128,8439243978.0,3.57,1.34
2015-05-15,3532.05,3533.86,3573.54,3467.47,-0.45,-16.02,2997235,7482309965.0,2.99,1.18
2015-05-18,3537.73,3658.01,3668.14,3524.78,3.51,124.15,2785492,7269582203.0,4.06,1.09
2015-05-19,3681.07,3748.4,3751.76,3642.53,2.47,90.39,2943857,7669295290.0,2.99,1.15
2015-05-20,3785.18,3911.15,3972.09,3785.18,4.34,162.75,3729220,10083295940.0,4.99,1.46
2015-05-21,3921.69,4129.28,4130.81,3921.69,5.58,218.13,4040379,11283605485.0,5.35,1.58
2015-05-22,4201.08,4163.51,4239.48,4003.93,0.83,34.23,4032768,11408581667.0,5.7,1.58
2015-05-25,4064.57,4231.13,4257.01,4031.19,1.62,67.62,3514703,9653697147.0,5.42,1.38
2015-05-26,4246.95,4501.49,4501.5,4246.95,6.39,270.36,4341745,12212961807.0,6.02,1.7
2015-05-27,4536.76,4573.71,4607.84,4396.13,1.6,72.22,3748565,11084804165.0,4.7,1.47
2015-05-28,4608.34,4259.11,4711.13,4259.11,-6.88,-314.6,4255921,12154901412.0,9.88,1.67
2015-05-29,4236.29,4268.88,4380.53,4000.98,0.23,9.77,3630642,9902114684.0,8.91,1.42
2015-06-01,4302.97,4484.74,4484.74,4302.97,5.06,215.86,2924488,8209975453.0,4.26,1.15
2015-06-02,4552.26,4744.15,4744.15,4513.97,5.78,259.41,3702803,10872498647.0,5.13,1.45
2015-06-03,4734.85,4787.53,4855.18,4633.18,0.91,43.38,4325681,12529862571.0,4.68,1.7
2015-06-04,4758.25,4677.35,4783.2,4399.29,-2.3,-110.18,3829313,10909879694.0,8.02,1.5
2015-06-05,4776.5,4736.55,4825.15,4617.73,1.27,59.2,4429375,12572314345.0,4.43,1.74
2015-06-08,4728.02,4618.65,4731.06,4556.71,-2.49,-117.9,4505208,12003904688.0,3.68,1.77
2015-06-09,4610.34,4618.45,4697.93,4526.23,0.0,-0.2,3243826,8898306296.0,3.72,1.27
2015-06-10,4583.1,4788.27,4837.68,4522.28,3.68,169.82,3216561,8922970032.0,6.83,1.26
2015-06-11,4783.11,4896.23,4896.23,4777.16,2.25,107.96,3032072,8649486237.0,2.49,1.19
2015-06-12,4921.61,4991.76,5008.53,4904.62,1.95,95.53,3161304,9190502328.0,2.12,1.24
2015-06-15,4985.26,4851.63,5016.24,4838.35,-2.81,-140.13,3276397,9541217005.0,3.56,1.28
2015-06-16,4767.49,4638.32,4767.49,4553.92,-4.4,-213.31,2870241,8396368698.0,4.4,1.13
2015-06-17,4589.36,4798.14,4811.97,4478.66,3.45,159.82,2600330,7165102217.0,7.19,1.02
2015-06-18,4772.16,4535.52,4804.56,4525.15,-5.47,-262.62,2187736,6130947421.0,5.82,0.86
2015-06-19,4361.85,4155.8,4399.12,4155.8,-8.37,-379.72,2093914,5520258992.0,5.36,0.82
2015-06-23,4144.69,4163.23,4209.05,3865.15,0.18,7.43,2261297,5890114343.0,8.28,0.89
2015-06-24,4227.38,4273.92,4301.29,4127.92,2.66,110.69,2288373,6382400348.0,4.16,0.9
2015-06-25,4299.02,4135.43,4320.74,4064.82,-3.24,-138.49,2566879,7835847434.0,5.99,1.01
2015-06-26,3966.34,3731.95,3974.68,3731.23,-9.76,-403.48,2125187,5345117432.0,5.89,0.83
2015-06-29,3825.33,3400.38,3825.33,3366.86,-8.88,-331.57,2573297,6079756802.0,12.28,1.01
2015-06-30,3231.84,3588.48,3589.24,3086.35,5.53,188.1,3045914,6807228646.0,14.79,1.19
2015-07-01,3517.16,3331.12,3687.02,3316.52,-7.17,-257.36,2775688,6837674356.0,10.32,1.09
2015-07-02,3299.54,3051.76,3304.65,3037.16,-8.39,-279.36,2387530,5186941918.0,8.03,0.94
2015-07-03,2874.85,2831.15,3100.02,2780.5,-7.23,-220.61,2301956,4758911924.0,10.47,0.9
2015-07-06,3084.62,2665.72,3084.62,2594.57,-5.84,-165.43,2896912,5863049561.0,17.31,1.14
2015-07-07,2483.42,2412.0,2483.42,2411.76,-9.52,-253.72,918690,1616399218.0,2.69,0.36
2015-07-08,2179.38,2222.05,2236.2,2179.38,-7.88,-189.95,2681385,4293997818.0,2.36,1.05
2015-07-09,2146.7,2430.26,2431.95,2146.7,9.37,208.21,1172179,2081433373.0,12.84,0.46
2015-07-10,2577.26,2659.83,2659.83,2577.26,9.45,229.57,660826,1341881780.0,3.4,0.26
2015-07-13,2874.32,2914.45,2914.45,2842.4,9.57,254.62,1474540,3103863466.0,2.71,0.58
2015-07-14,3098.35,3119.97,3174.99,3068.89,7.05,205.52,1800322,3934409653.0,3.64,0.71
2015-07-15,3258.91,3014.86,3258.91,3014.86,-3.37,-105.11,3580740,6374762898.0,7.82,1.4
2015-07-16,2908.39,3098.95,3191.53,2798.44,2.79,84.09,3423687,6032084892.0,13.04,1.34
2015-07-17,3140.58,3364.72,3376.16,3138.07,8.58,265.77,2834010,5271417813.0,7.68,1.11
2015-07-20,3401.64,3495.11,3560.63,3373.23,3.88,130.39,3474858,6906890371.0,5.57,1.36
2015-07-21,3445.89,3624.35,3651.26,3384.61,3.7,129.24,2904618,6197653242.0,7.63,1.14
2015-07-22,3632.15,3699.1,3724.86,3559.12,2.06,74.75,3100043,6558071013.0,4.57,1.22
2015-07-23,3728.3,3882.25,3899.09,3681.31,4.95,183.15,3239889,6940378943.0,5.89,1.27
2015-07-24,3900.08,3786.97,3969.95,3753.45,-2.45,-95.28,3601305,8117354010.0,5.58,1.41
2015-07-27,3672.79,3457.61,3843.42,3450.57,-8.7,-329.36,3021026,6401719377.0,10.37,1.18
2015-07-28,3195.77,3292.48,3500.53,3151.67,-4.78,-165.13,3468492,6520408046.0,10.09,1.36
2015-07-29,3343.21,3519.52,3519.52,3157.42,6.9,227.04,3476628,7164147655.0,11.0,1.36
2015-07-30,3493.2,3355.81,3595.83,3349.01,-4.65,-163.71,3117580,6658660073.0,7.01,1.22
2015-07-31,3274.68,3297.07,3420.49,3231.08,-1.75,-58.74,2356941,4852706931.0,5.64,0.92
2015-08-03,3218.79,3111.29,3254.59,3055.73,-5.63,-185.78,2384351,4554818643.0,6.03,0.93
2015-08-04,3088.64,3352.15,3352.17,3062.43,7.74,240.86,2882040,5673481207.0,9.31,1.13
2015-08-05,3342.37,3363.06,3457.73,3299.48,0.33,10.91,3125991,6431350007.0,4.72,1.23
2015-08-06,3260.56,3336.92,3373.71,3241.64,-0.78,-26.14,2233050,4556462834.0,3.93,0.88
2015-08-07,3362.99,3452.45,3474.32,3362.99,3.46,115.53,2487299,4918940031.0,3.34,0.98
2015-08-10,3513.18,3664.8,3692.62,3487.44,6.15,212.35,3084560,6354181240.0,5.94,1.21
2015-08-11,3678.8,3696.03,3751.44,3644.2,0.85,31.23,3649838,7291278933.0,2.93,1.43
2015-08-12,3645.54,3627.24,3733.03,3625.16,-1.86,-68.79,2912642,6054310900.0,2.92,1.14
2015-08-13,3597.84,3730.81,3730.81,3514.28,2.86,103.57,2767628,5439197770.0,5.97,1.09
2015-08-14,3755.08,3732.0,3794.7,3710.14,0.03,1.19,2945801,5880022706.0,2.27,1.16
2015-08-17,3698.49,3725.94,3729.52,3627.08,-0.16,-6.06,2466238,5118718809.0,2.74,0.97
2015-08-18,3729.13,3388.79,3777.03,3381.49,-9.05,-337.15,3447644,6827898018.0,10.62,1.35
2015-08-19,3259.91,3491.09,3521.77,3119.89,3.02,102.3,2758067,5047681699.0,11.86,1.08
2015-08-20,3436.92,3390.24,3528.13,3389.78,-2.89,-100.85,2597123,4968586530.0,3.96,1.02
2015-08-21,3318.9,3218.9,3398.33,3183.13,-5.05,-171.34,2574856,4722142636.0,6.35,1.01
2015-08-24,3064.96,2932.14,3087.21,2924.35,-8.91,-286.76,1909022,3367191187.0,5.06,0.75
2015-08-25,2652.06,2651.71,2750.78,2646.27,-9.56,-280.43,1760979,2826269299.0,3.56,0.69
2015-08-26,2624.45,2510.49,2753.61,2460.88,-5.33,-141.22,3229074,4866472784.0,11.04,1.27
2015-08-27,2555.58,2617.91,2624.96,2413.95,4.28,107.42,2780323,4254620327.0,8.41,1.09
2015-08-28,2671.32,2827.84,2827.84,2642.15,8.02,209.93,3005534,4841978116.0,7.09,1.18
2015-08-31,2807.91,2650.63,2807.91,2650.63,-6.27,-177.21,2338002,3729263249.0,5.56,0.92
2015-09-01,2614.16,2416.1,2614.18,2412.48,-8.85,-234.53,2111710,3015195297.0,7.61,0.83
2015-09-02,2240.81,2288.81,2500.47,2239.74,-5.27,-127.29,2241240,2993566384.0,10.79,0.88
2015-09-07,2324.43,2355.11,2431.95,2322.62,2.9,66.3,2044700,2820713320.0,4.78,0.8
2015-09-08,2333.23,2520.59,2524.8,2311.05,7.03,165.48,2027986,2788664918.0,9.08,0.8
2015-09-09,2547.3,2663.68,2680.35,2535.66,5.68,143.09,2818327,4225025953.0,5.74,1.11
2015-09-10,2603.98,2634.4,2692.31,2591.04,-1.1,-29.28,2353345,3577727591.0,3.8,0.92
2015-09-11,2618.62,2661.51,2687.35,2604.39,1.03,27.11,2019808,3029760968.0,3.15,0.79
2015-09-14,2680.13,2410.38,2689.57,2404.07,-9.44,-251.13,2146686,3001313829.0,10.73,0.84
2015-09-15,2293.34,2237.51,2365.74,2221.23,-7.17,-172.87,1721054,2151630616.0,6.0,0.67
2015-09-16,2254.97,2449.72,2454.99,2254.97,9.48,212.21,2107036,2754421158.0,8.94,0.83
2015-09-17,2443.12,2421.84,2573.15,2413.32,-1.14,-27.88,2757418,3845038051.0,6.52,1.08
2015-09-18,2439.41,2469.07,2486.44,2397.16,1.95,47.23,1651366,2253851151.0,3.69,0.65
2015-09-21,2425.28,2604.73,2604.73,2421.57,5.49,135.66,2318532,3410299229.0,7.42,0.91
2015-09-22,2603.21,2619.86,2640.33,2548.23,0.58,15.13,2777993,4383443952.0,3.54,1.09
2015-09-23,2539.71,2589.95,2634.11,2535.03,-1.14,-29.91,2234258,3567261080.0,3.78,0.88
2015-09-24,2589.82,2636.03,2643.77,2586.43,1.78,46.08,2301067,3717694711.0,2.21,0.9
2015-09-25,2605.55,2483.7,2620.58,2456.71,-5.78,-152.33,2020729,3190586007.0,6.22,0.79
2015-09-28,2478.28,2568.41,2575.0,2441.89,3.41,84.71,1418697,2241957124.0,5.36,0.56
2015-09-29,2510.03,2522.11,2564.69,2489.35,-1.8,-46.3,1621688,2956042392.0,2.93,0.64
2015-09-30,2533.33,2526.64,2547.0,2485.64,0.18,4.53,1576994,2579712899.0,2.43,0.62
2015-10-08,2625.39,2655.6,2673.51,2594.99,5.1,128.96,2139574,3474391228.0,3.11,0.84
2015-10-09,2651.85,2719.75,2738.13,2642.21,2.42,64.15,2423755,3880446511.0,3.61,0.95
2015-10-12,2752.61,2884.27,2898.07,2750.67,6.05,164.52,2978595,4992550036.0,5.42,1.17
2015-10-13,2871.22,2960.07,2960.96,2856.35,2.63,75.8,3144555,5542046115.0,3.63,1.23
2015-10-14,2945.63,2894.88,2971.78,2889.9,-2.2,-65.19,2604138,4661347840.0,2.77,1.02
2015-10-15,2882.81,3014.49,3014.49,2881.05,4.13,119.61,2728026,4850119430.0,4.61,1.07
2015-10-16,3033.93,3058.95,3062.21,2983.34,1.47,44.46,3098670,5576981449.0,2.62,1.22
2015-10-19,3070.67,3025.38,3070.67,2974.16,-1.1,-33.57,2918642,5307300726.0,3.16,1.14
2015-10-20,3036.61,3132.07,3139.38,3032.5,3.53,106.69,3229742,5616014862.0,3.53,1.27
2015-10-21,3133.05,2866.43,3133.86,2858.92,-8.48,-265.64,3614967,6245895092.0,8.78,1.42
2015-10-22,2848.85,2979.12,2985.94,2831.26,3.93,112.69,2566390,4473833184.0,5.4,1.01
2015-10-23,2992.06,3108.16,3123.83,2985.46,4.33,129.04,3156054,5634789790.0,4.64,1.24
2015-10-26,3154.76,3201.45,3219.24,3112.95,3.0,93.29,3923189,7203120314.0,3.42,1.54
2015-10-27,3176.34,3221.06,3243.61,3060.68,0.61,19.61,3957529,7192075723.0,5.71,1.55
2015-10-28,3221.76,3186.14,3256.6,3171.86,-1.08,-34.92,5014711,9672193159.0,2.63,1.97
2015-10-29,3235.58,3222.15,3255.21,3156.9,1.13,36.01,3635139,7121372406.0,3.09,1.43
2015-10-30,3207.76,3179.74,3238.75,3128.35,-1.32,-42.41,4087941,7224166958.0,3.43,1.6
2015-11-02,3083.63,3121.85,3230.3,3060.68,-1.82,-57.89,3196844,5915456836.0,5.33,1.25
2015-11-03,3136.72,3146.48,3180.06,3091.07,0.79,24.63,2631659,5030920061.0,2.85,1.03
2015-11-04,3167.95,3340.01,3340.01,3166.83,6.15,193.53,3722983,7179907533.0,5.5,1.46
2015-11-05,3346.24,3322.33,3384.36,3291.22,-0.53,-17.68,3726448,7342137948.0,2.79,1.46
2015-11-06,3334.93,3467.72,3470.9,3334.93,4.38,145.39,3785527,7733714965.0,4.09,1.48
2015-11-09,3450.96,3549.16,3571.76,3410.16,2.35,81.44,4496731,9053729065.0,4.66,1.76
2015-11-10,3512.52,3565.19,3595.91,3501.44,0.45,16.03,3815233,7602373040.0,2.66,1.5
2015-11-11,3567.86,3751.72,3751.72,3567.86,5.23,186.53,4123599,8770214384.0,5.16,1.62
2015-11-12,3787.55,3837.12,3878.33,3741.19,2.28,85.4,4128138,9353525768.0,3.66,1.62
2015-11-13,3794.86,3690.46,3828.44,3633.82,-3.82,-146.66,3622550,8517159363.0,5.07,1.42
2015-11-16,3587.71,3851.54,3851.54,3572.18,4.36,161.08,3864458,8051891469.0,7.57,1.52
2015-11-17,3919.38,3757.39,3954.06,3750.0,-2.44,-94.15,4871220,10502424518.0,5.3,1.91
2015-11-18,3754.49,3607.64,3778.49,3597.59,-3.99,-149.75,2859581,6203008955.0,4.81,1.12
2015-11-19,3638.4,3771.43,3771.43,3627.4,4.54,163.79,2854425,6292914150.0,3.99,1.12
2015-11-20,3772.34,3830.89,3835.51,3738.5,1.58,59.46,3292630,7535642029.0,2.57,1.29
2015-11-23,3822.36,3805.14,3919.64,3785.12,-0.67,-25.75,3301299,7573751399.0,3.51,1.29
2015-11-24,3824.74,3898.96,3898.96,3799.7,2.47,93.82,3313884,7659986652.0,2.61,1.3
2015-11-25,3895.04,3987.27,3987.27,3869.23,2.26,88.31,3674792,8619070458.0,3.03,1.44
2015-11-26,3975.79,3929.85,4004.55,3917.59,-1.44,-57.42,3363728,7672933151.0,2.18,1.32
2015-11-27,3907.39,3634.45,3938.51,3602.47,-7.52,-295.4,3496236,7661287672.0,8.55,1.37
2015-11-30,3637.54,3669.82,3677.5,3412.04,0.97,35.37,3256844,6857837451.0,7.3,1.28
2015-12-01,3672.18,3661.78,3712.55,3595.63,-0.22,-8.04,2633846,5806931895.0,3.19,1.03
2015-12-02,3658.4,3598.99,3661.06,3448.06,-1.71,-62.79,2458017,5056397864.0,5.82,0.96
2015-12-03,3605.37,3769.3,3769.3,3605.37,4.73,170.31,2604043,5630063227.0,4.55,1.02
2015-12-04,3763.13,3767.74,3824.9,3726.24,-0.04,-1.56,2886925,6255312563.0,2.62,1.13
2015-12-07,3769.84,3819.91,3827.85,3727.94,1.38,52.17,2295982,4999210190.0,2.65,0.9
2015-12-08,3803.76,3787.51,3835.11,3737.4,-0.85,-32.4,2560982,5631941802.0,2.56,1.0
2015-12-09,3761.59,3733.3,3784.42,3696.76,-1.43,-54.21,2317492,4991971701.0,2.31,0.91
2015-12-10,3728.4,3733.62,3792.29,3716.0,0.01,0.32,2185933,4836041503.0,2.04,0.86
2015-12-11,3714.22,3708.54,3747.12,3694.51,-0.67,-25.08,1725560,3739222201.0,1.41,0.68
2015-12-14,3646.71,3793.08,3793.08,3646.71,2.28,84.54,1658051,3607889764.0,3.95,0.65
2015-12-15,3793.28,3835.3,3863.71,3793.28,1.11,42.22,1945367,4261939465.0,1.86,0.76
2015-12-16,3862.26,3867.79,3912.37,3853.66,0.85,32.49,1961748,4446371627.0,1.53,0.77
2015-12-17,3893.62,4032.75,4032.97,3893.62,4.26,164.96,2600219,6055797870.0,3.6,1.02
2015-12-18,4036.47,4002.46,4056.58,3969.5,-0.75,-30.29,2340360,5688558124.0,2.16,0.92
2015-12-21,3993.71,4029.1,4035.55,3976.8,0.67,26.64,2031265,4799610771.0,1.47,0.8
2015-12-22,4027.57,4085.11,4085.11,4010.83,1.39,56.01,2004379,4655785687.0,1.84,0.79
2015-12-23,4082.59,3999.59,4084.91,3983.54,-2.09,-85.52,1954856,4687546727.0,2.48,0.77
2015-12-24,3981.31,3998.96,4011.89,3904.83,-0.02,-0.63,1587473,3754517581.0,2.68,0.62
2015-12-25,3998.2,4044.77,4059.16,3998.2,1.15,45.81,1399601,3482451010.0,1.52,0.55
2015-12-28,4063.46,3957.52,4101.53,3956.08,-2.16,-87.25,2077210,5017016103.0,3.6,0.81
2015-12-29,3946.73,3986.57,3986.57,3888.32,0.73,29.05,1617777,3758400452.0,2.48,0.63
2015-12-30,3993.65,4074.55,4077.86,3985.86,2.21,87.98,2202638,5191369939.0,2.31,0.86
2015-12-31,4092.57,4011.95,4102.97,4010.13,-1.54,-62.6,2055646,5869852884.0,2.28,0.81
2016-01-04,3987.09,3642.11,3987.09,3640.48,-9.22,-369.84,1750046,4553306724.0,8.64,0.69
2016-01-05,3399.8,3536.29,3632.73,3378.19,-2.91,-105.82,2617364,6176728755.0,6.99,1.03
2016-01-06,3537.25,3642.43,3642.43,3524.17,3.0,106.14,2356103,5738348353.0,3.34,0.92
2016-01-07,3558.56,3293.58,3558.56,3293.58,-9.58,-348.85,613902,1616493050.0,7.27,0.24
2016-01-08,3346.2,3279.59,3404.16,3083.36,-0.42,-13.99,2567971,5657709801.0,9.74,1.01
2016-01-11,3172.74,2979.26,3202.7,2971.16,-9.16,-300.33,2166937,4279386261.0,7.06,0.85
2016-01-12,2952.11,2950.86,3002.32,2866.22,-0.95,-28.4,2032933,4584511673.0,4.57,0.8
2016-01-13,2957.96,2785.99,2996.19,2785.99,-5.59,-164.87,1704084,3551013006.0,7.12,0.67
2016-01-14,2671.86,2926.59,2934.42,2664.78,5.05,140.6,1904572,4094341702.0,9.68,0.75
2016-01-15,2906.59,2777.46,2927.98,2757.15,-5.1,-149.13,1733285,3511223630.0,5.84,0.68
2016-01-18,2701.49,2848.63,2892.7,2700.0,2.56,71.17,1701718,3431070034.0,6.94,0.67
2016-01-19,2848.98,2992.49,3004.11,2845.56,5.05,143.86,2109290,3995378403.0,5.57,0.83
2016-01-20,2965.29,2985.9,3030.63,2955.07,-0.22,-6.59,2054501,4178004239.0,2.52,0.81
2016-01-21,2922.93,2829.92,3012.6,2829.92,-5.22,-155.98,1818809,3648350960.0,6.12,0.71
2016-01-22,2876.87,2892.18,2904.91,2781.17,2.2,62.26,1467137,2954292257.0,4.37,0.58
2016-01-25,2921.82,2936.11,2958.07,2895.87,1.52,43.93,1243853,2529674411.0,2.15,0.49
2016-01-26,2891.06,2685.35,2901.44,2676.06,-8.54,-250.76,1729302,3214726238.0,7.68,0.68
2016-01-27,2687.78,2656.63,2691.56,2492.6,-1.07,-28.72,2059732,3506345282.0,7.41,0.81
2016-01-28,2602.16,2468.6,2632.63,2462.81,-7.08,-188.03,1413397,2419607900.0,6.39,0.55
2016-01-29,2464.67,2593.33,2620.14,2464.67,5.05,124.73,1359824,2415435335.0,6.3,0.53
2016-02-01,2598.56,2585.88,2631.01,2527.73,-0.29,-7.45,1189825,2268497103.0,3.98,0.47
2016-02-02,2587.74,2706.05,2710.47,2587.74,4.65,120.17,1423788,2714186422.0,4.75,0.56
2016-02-03,2660.43,2726.63,2747.04,2632.63,0.76,20.58,1247634,2338483379.0,4.23,0.49
2016-02-04,2739.8,2816.16,2833.59,2739.8,3.28,89.53,1530781,3122407394.0,3.44,0.6
2016-02-05,2832.18,2768.45,2842.09,2767.03,-1.69,-47.71,1111681,2350146098.0,2.67,0.44
2016-02-15,2643.68,2775.02,2790.82,2639.35,0.24,6.57,1036609,1866151635.0,5.47,0.41
2016-02-16,2798.33,2919.59,2934.9,2798.33,5.21,144.57,1684903,3002435560.0,4.92,0.66
2016-02-17,2913.0,2974.72,2974.72,2900.93,1.89,55.13,2013571,3646047989.0,2.53,0.79
2016-02-18,2995.68,2970.21,3006.53,2946.77,-0.15,-4.51,1939865,3936025920.0,2.01,0.76
2016-02-19,2945.41,2996.57,3015.76,2945.41,0.89,26.36,1503148,3012829555.0,2.37,0.59
2016-02-22,3038.8,3069.18,3069.18,3015.23,2.42,72.61,1959956,3950294951.0,1.8,0.77
2016-02-23,3069.36,3060.35,3081.03,3005.22,-0.29,-8.83,1994393,4032828901.0,2.47,0.78
2016-02-24,3048.53,3038.01,3075.2,2954.67,-0.73,-22.34,1671811,3567592501.0,3.94,0.66
2016-02-25,3031.02,2782.75,3031.02,2775.77,-8.4,-255.26,2019601,4122076015.0,8.4,0.79
2016-02-26,2793.76,2733.93,2822.0,2673.05,-1.75,-48.82,1535690,3222505780.0,5.35,0.6
2016-02-29,2699.23,2497.73,2699.23,2479.82,-8.64,-236.2,1559544,2565011476.0,8.03,0.61
2016-03-01,2486.34,2555.83,2580.97,2426.95,2.33,58.1,1463578,2677583284.0,6.17,0.57
2016-03-02,2563.65,2695.6,2697.94,2550.49,5.47,139.77,1752861,3287676337.0,5.77,0.69
2016-03-03,2689.44,2692.57,2761.32,2687.58,-0.11,-3.03,1818802,3528228793.0,2.74,0.71
2016-03-04,2671.11,2541.36,2686.31,2507.64,-5.62,-151.21,1606887,2902264400.0,6.64,0.63
2016-03-07,2573.97,2624.29,2652.72,2573.97,3.26,82.93,1216451,2212286861.0,3.1,0.48
2016-03-08,2611.25,2659.01,2659.99,2482.55,1.32,34.72,1485190,2590559608.0,6.76,0.58
2016-03-09,2584.45,2600.26,2643.68,2565.36,-2.21,-58.75,1125997,2063948230.0,2.95,0.44
2016-03-10,2606.49,2555.27,2639.74,2551.78,-1.73,-44.99,1074854,1859328413.0,3.38,0.42
2016-03-11,2518.66,2572.49,2586.03,2507.92,0.67,17.22,826712,1532533966.0,3.06,0.32
2016-03-14,2614.85,2698.93,2735.91,2614.85,4.92,126.44,1409126,2680064097.0,4.71,0.55
2016-03-15,2686.56,2670.83,2708.42,2653.04,-1.04,-28.1,1183928,2267464019.0,2.05,0.46
2016-03-16,2726.13,2661.29,2737.88,2638.29,-0.36,-9.54,1207282,2212106300.0,3.73,0.47
2016-03-17,2671.39,2773.09,2780.25,2670.65,4.2,111.8,1724411,3019786676.0,4.12,0.68
2016-03-18,2782.88,2886.54,2900.7,2781.71,4.09,113.45,2117942,3935118536.0,4.29,0.83
2016-03-21,2932.8,2972.4,2972.4,2904.32,2.97,85.86,2150240,4240600737.0,2.36,0.84
2016-03-22,2940.54,2952.84,2985.63,2921.31,-0.66,-19.56,2319027,4270963800.0,2.16,0.91
2016-03-23,2941.11,2983.97,2984.44,2931.16,1.05,31.13,1691078,3147752676.0,1.8,0.66
2016-03-24,2951.63,2919.86,2990.57,2919.86,-2.15,-64.11,1885716,3662674857.0,2.37,0.74
2016-03-25,2914.74,2947.9,2947.9,2902.02,0.96,28.04,1484690,2754235955.0,1.57,0.58
2016-03-28,2980.73,2947.84,3028.51,2933.55,0.0,-0.06,1930648,3593446196.0,3.22,0.76
2016-03-29,2933.74,2869.24,2943.01,2838.2,-2.67,-78.6,2190146,3675370557.0,3.56,0.86
2016-03-30,2897.71,2996.79,2996.79,2897.71,4.45,127.55,2295607,3985405757.0,3.45,0.9
2016-03-31,3025.2,3034.33,3060.98,3011.09,1.25,37.54,2090649,4080509038.0,1.66,0.82
2016-04-01,3032.49,3023.78,3045.24,2966.52,-0.35,-10.55,3369538,5974891630.0,2.59,1.32
2016-04-05,3035.58,3154.81,3154.81,3030.14,4.33,131.03,3490849,6363902927.0,4.12,1.37
2016-04-06,3138.28,3199.99,3206.27,3128.94,1.43,45.18,3608328,6665502823.0,2.45,1.41
2016-04-07,3201.38,3102.01,3201.38,3102.01,-3.06,-97.98,3436619,6217800932.0,3.11,1.35
2016-04-08,3065.31,3090.94,3096.9,3027.69,-0.36,-11.07,2459261,4484584729.0,2.23,0.96
2016-04-11,3109.89,3173.45,3187.47,3109.89,2.67,82.51,3221977,5973628699.0,2.51,1.26
2016-04-12,3180.04,3136.68,3191.71,3093.54,-1.16,-36.77,2508784,4570824920.0,3.09,0.98
2016-04-13,3157.95,3209.3,3241.64,3157.95,2.32,72.62,2839403,5611726356.0,2.67,1.11
2016-04-14,3244.76,3280.28,3280.67,3224.49,2.21,70.98,2513269,5515518128.0,1.75,0.99
2016-04-15,3279.53,3293.32,3314.44,3265.73,0.4,13.04,2362658,5013634971.0,1.48,0.93
2016-04-18,3263.18,3247.92,3271.02,3219.23,-1.38,-45.4,2504068,5230917653.0,1.57,0.98
2016-04-19,3262.26,3271.73,3288.02,3241.32,0.73,23.81,2122948,4677787582.0,1.44,0.83
2016-04-20,3273.68,3083.72,3282.39,3022.55,-5.75,-188.01,3323742,6467106315.0,7.94,1.3
2016-04-21,3068.7,3010.82,3100.52,3009.05,-2.36,-72.9,2819281,5330599500.0,2.97,1.11
2016-04-22,2980.42,3030.7,3030.7,2970.06,0.66,19.88,1880785,3607187856.0,2.01,0.74
2016-04-25,3023.97,3014.89,3026.5,2964.55,-0.52,-15.81,1660072,3582712164.0,2.04,0.65
2016-04-26,3006.07,3071.15,3071.15,3006.07,1.87,56.26,1785991,3534662695.0,2.16,0.7
2016-04-27,3079.88,3059.58,3113.14,3054.37,-0.38,-11.57,1865513,3642049300.0,1.91,0.73
2016-04-28,3061.05,3073.41,3073.41,2994.95,0.45,13.83,1963671,3528323597.0,2.56,0.77
2016-04-29,3056.01,3065.64,3090.27,3053.49,-0.25,-7.77,1520267,3093994918.0,1.2,0.6
2016-05-03,3060.84,3168.28,3168.28,3047.05,3.35,102.64,2008217,3830131348.0,3.95,0.79
2016-05-04,3151.22,3186.81,3215.04,3151.22,0.58,18.53,2193622,4372802418.0,2.01,0.86
2016-05-05,3180.28,3221.09,3221.26,3161.69,1.08,34.28,2006356,4129822964.0,1.87,0.79
2016-05-06,3223.22,3060.81,3237.75,3059.96,-4.98,-160.28,2532073,5089547599.0,5.52,0.99
2016-05-09,3012.76,2913.54,3012.77,2900.38,-4.81,-147.27,1947825,3588400946.0,3.67,0.76
2016-05-10,2903.02,2884.09,2936.48,2868.69,-1.01,-29.45,1228390,2453185719.0,2.33,0.48
2016-05-11,2905.66,2822.66,2913.01,2819.12,-2.13,-61.43,1315047,2573573220.0,3.26,0.52
2016-05-12,2769.34,2812.35,2815.84,2719.29,-0.37,-10.31,1487914,2783810377.0,3.42,0.58
2016-05-13,2812.53,2805.27,2851.74,2787.35,-0.25,-7.08,1266587,2314199934.0,2.29,0.5
2016-05-16,2799.74,2869.38,2869.38,2778.19,2.29,64.11,1225107,2406339543.0,3.25,0.48
2016-05-17,2873.16,2873.59,2904.58,2837.64,0.15,4.21,1389317,2874987057.0,2.33,0.54
2016-05-18,2848.26,2779.19,2848.26,2738.74,-3.29,-94.4,1540511,3092285848.0,3.81,0.6
2016-05-19,2774.33,2784.43,2842.64,2774.33,0.19,5.24,1311219,2772812882.0,2.46,0.51
2016-05-20,2762.35,2843.85,2843.85,2745.65,2.13,59.42,1288465,2771633922.0,3.53,0.51
2016-05-23,2861.61,2918.68,2924.78,2861.61,2.63,74.83,1522952,3326333842.0,2.22,0.6
2016-05-24,2914.18,2901.96,2918.3,2878.88,-0.57,-16.72,1230081,2974976098.0,1.35,0.48
2016-05-25,2918.05,2902.34,2940.77,2883.81,0.01,0.38,1451065,3019884965.0,1.96,0.57
2016-05-26,2893.2,2904.78,2908.84,2812.39,0.08,2.44,1410919,2929566658.0,3.32,0.55
2016-05-27,2899.39,2927.26,2944.1,2898.09,0.77,22.48,1251510,2987174360.0,1.58,0.49
2016-05-30,2915.51,2915.87,2945.47,2872.42,-0.39,-11.39,1210023,2756605650.0,2.5,0.47
2016-05-31,2923.41,3058.84,3058.85,2923.41,4.9,142.97,2541439,4811512054.0,4.64,1.0
2016-06-01,3053.38,3087.25,3113.88,3053.38,0.93,28.41,2579885,5059215625.0,1.98,1.01
2016-06-02,3083.74,3153.49,3153.49,3083.74,2.15,66.24,2729808,5476073187.0,2.26,1.07
2016-06-03,3155.74,3167.78,3201.16,3125.35,0.45,14.29,2615633,5578357934.0,2.4,1.03
2016-06-06,3169.25,3167.0,3179.67,3134.14,-0.02,-0.78,1842920,3781959406.0,1.44,0.72
2016-06-07,3167.98,3205.82,3209.33,3147.93,1.23,38.82,2145642,4785377253.0,1.94,0.84
2016-06-08,3188.95,3232.02,3257.51,3173.05,0.82,26.2,2187775,4937297387.0,2.63,0.86
2016-06-13,3169.71,3015.55,3193.04,3015.55,-6.7,-216.47,2284422,4659545675.0,5.49,0.9
2016-06-14,2973.01,3002.68,3014.24,2955.91,-0.43,-12.87,1506675,3052745642.0,1.93,0.59
2016-06-15,2964.0,3142.56,3145.99,2961.68,4.66,139.88,2182025,4369186209.0,6.14,0.86
2016-06-16,3146.75,3158.98,3186.71,3131.0,0.52,16.42,2410205,4905596759.0,1.77,0.95
2016-06-17,3164.84,3206.1,3222.1,3164.84,1.49,47.12,2189483,4358469808.0,1.81,0.86
2016-06-20,3193.67,3241.58,3253.14,3173.01,1.11,35.48,2350101,4577398685.0,2.5,0.92
2016-06-21,3257.27,3167.89,3274.48,3149.14,-2.27,-73.69,2156403,4311006467.0,3.87,0.85
2016-06-22,3166.62,3256.69,3256.69,3157.42,2.8,88.8,2088732,3903398272.0,3.13,0.82
2016-06-23,3254.43,3251.43,3269.02,3214.4,-0.16,-5.26,2376214,4147163118.0,1.68,0.93
2016-06-24,3247.41,3233.87,3283.72,3105.12,-0.54,-17.56,2836667,5465416596.0,5.49,1.11
2016-06-27,3217.55,3355.89,3355.89,3217.55,3.77,122.02,2888203,5957952555.0,4.28,1.13
2016-06-28,3335.52,3364.1,3371.8,3314.61,0.24,8.21,2621843,5416480828.0,1.7,1.03
2016-06-29,3372.16,3378.99,3382.07,3340.72,0.44,14.89,2698071,5586233881.0,1.23,1.06
2016-06-30,3363.27,3341.69,3371.36,3326.69,-1.1,-37.3,2685096,4403642569.0,1.32,1.05
2016-07-01,3345.85,3328.49,3377.42,3315.62,-0.4,-13.2,2544683,3685056598.0,1.85,1.0
2016-07-04,3297.73,3391.99,3392.47,3295.91,1.91,63.5,2473665,4044746639.0,2.9,0.97
2016-07-05,3392.82,3412.02,3413.66,3372.66,0.59,20.03,2666028,4735307650.0,1.21,1.05
2016-07-06,3402.46,3432.55,3432.55,3375.23,0.6,20.53,2406354,4320460307.0,1.68,0.94
2016-07-07,3428.52,3419.88,3440.25,3382.49,-0.37,-12.67,2764444,4798894755.0,1.68,1.08
2016-07-08,3423.5,3410.91,3441.37,3406.1,-0.26,-8.97,2272075,4096001902.0,1.03,0.89
2016-07-11,3406.25,3343.18,3423.38,3338.7,-1.99,-67.73,2505803,4442893292.0,2.48,0.98
2016-07-12,3332.71,3369.3,3369.3,3259.26,0.78,26.12,2224906,3838929170.0,3.29,0.87
2016-07-13,3372.96,3386.1,3396.48,3355.28,0.5,16.8,2078618,3439895688.0,1.22,0.82
2016-07-14,3381.78,3400.06,3400.06,3373.75,0.41,13.96,2080146,3025154038.0,0.78,0.82
2016-07-15,3393.31,3371.86,3408.55,3367.27,-0.83,-28.2,1774931,2947949833.0,1.21,0.7
2016-07-18,3360.48,3345.42,3365.97,3324.72,-0.78,-26.44,1568662,2703864450.0,1.22,0.62
2016-07-19,3344.51,3374.75,3374.75,3326.79,0.88,29.33,1803663,2961022837.0,1.43,0.71
2016-07-20,3375.77,3385.19,3397.92,3367.98,0.31,10.44,1652400,2926779626.0,0.89,0.65
2016-07-21,3386.59,3372.66,3398.48,3360.0,-0.37,-12.53,1664478,2755636961.0,1.14,0.65
2016-07-22,3374.49,3335.49,3379.47,3335.2,-1.1,-37.17,1712749,2779878069.0,1.31,0.67
2016-07-25,3330.24,3349.92,3359.28,3321.03,0.43,14.43,1602967,2435348550.0,1.15,0.63
2016-07-26,3345.44,3386.88,3386.88,3345.44,1.1,36.96,1748121,2451421322.0,1.24,0.69
2016-07-27,3392.5,3168.83,3392.5,3153.56,-6.44,-218.05,3162709,4271760085.0,7.05,1.24
2016-07-28,3168.62,3149.95,3188.62,3082.81,-0.6,-18.88,1835075,2453873128.0,3.34,0.72
2016-07-29,3149.59,3109.35,3152.13,3091.62,-1.29,-40.6,1217565,1594412919.0,1.92,0.48
2016-08-01,3093.18,3048.57,3093.18,3007.56,-1.95,-60.78,1367725,1772529578.0,2.75,0.54
2016-08-02,3048.64,3084.69,3084.77,3048.64,1.18,36.12,898090,1244712989.0,1.19,0.35
2016-08-03,3080.68,3098.77,3109.73,3069.85,0.46,14.08,1018932,1522202658.0,1.29,0.4
2016-08-04,3095.05,3119.48,3127.07,3082.67,0.67,20.71,1084189,1465780190.0,1.43,0.43
2016-08-05,3116.47,3105.21,3142.2,3105.21,-0.46,-14.27,1451327,1653667003.0,1.19,0.57
2016-08-08,3099.65,3141.92,3141.99,3067.5,1.18,36.71,1067747,1385094280.0,2.4,0.42
2016-08-09,3141.76,3182.29,3182.45,3141.76,1.28,40.37,1098721,1657163729.0,1.3,0.43
2016-08-10,3187.51,3187.44,3202.02,3177.8,0.16,5.15,1230177,2170514458.0,0.76,0.48
2016-08-11,3178.22,3146.56,3184.47,3144.6,-1.28,-40.88,1209416,2059331341.0,1.25,0.47
2016-08-12,3134.05,3178.16,3178.16,3134.05,1.0,31.6,1097746,1811480896.0,1.4,0.43
2016-08-15,3177.11,3241.43,3251.64,3160.71,1.99,63.27,1748690,2692792331.0,2.86,0.69
2016-08-16,3242.02,3259.99,3263.03,3239.9,0.57,18.56,1755958,2504190940.0,0.71,0.69
2016-08-17,3259.15,3285.13,3291.95,3246.13,0.77,25.14,1638418,2833449291.0,1.41,0.64
2016-08-18,3278.55,3284.37,3295.83,3271.17,-0.02,-0.76,1748050,3133855066.0,0.75,0.69
2016-08-19,3280.55,3292.16,3300.67,3273.89,0.24,7.79,1292302,2179919413.0,0.82,0.51
2016-08-22,3295.06,3236.68,3295.06,3231.22,-1.69,-55.48,1363386,2133223317.0,1.94,0.53
2016-08-23,3236.76,3245.34,3254.87,3225.84,0.27,8.66,1167581,1695986914.0,0.9,0.46
2016-08-24,3248.28,3260.75,3274.23,3244.74,0.47,15.41,1149677,1840219758.0,0.91,0.45
2016-08-25,3245.2,3251.92,3253.63,3200.3,-0.27,-8.83,1361688,2496928461.0,1.64,0.53
2016-08-26,3263.81,3274.47,3294.65,3263.81,0.69,22.55,1302880,2324979251.0,0.95,0.51
2016-08-29,3275.22,3309.03,3309.03,3267.13,1.06,34.56,1832728,2917310615.0,1.28,0.72
2016-08-30,3301.07,3315.3,3332.38,3301.07,0.19,6.27,1915191,2833554854.0,0.95,0.75
2016-08-31,3312.92,3333.88,3333.88,3299.98,0.56,18.58,1512562,2598635230.0,1.02,0.59
2016-09-01,3333.06,3302.82,3341.43,3302.82,-0.93,-31.06,2198468,2814701274.0,1.16,0.86
2016-09-02,3289.55,3281.47,3307.33,3268.98,-0.65,-21.35,1250911,1861758797.0,1.16,0.49
2016-09-05,3288.64,3294.38,3313.18,3285.19,0.39,12.91,1110608,1882056581.0,0.85,0.44
2016-09-06,3288.72,3340.54,3340.54,3254.22,1.4,46.16,1164411,1976221166.0,2.62,0.46
2016-09-07,3339.49,3337.66,3366.76,3333.15,-0.09,-2.88,1529657,2574216983.0,1.01,0.6
2016-09-08,3332.16,3340.52,3349.25,3318.64,0.09,2.86,1338946,2901688309.0,0.92,0.53
2016-09-09,3335.22,3304.92,3340.57,3304.31,-1.07,-35.6,1241523,2362910728.0,1.09,0.49
2016-09-12,3222.42,3204.25,3259.79,3203.56,-3.05,-100.67,1621973,3366596422.0,1.7,0.64
2016-09-13,3224.31,3233.98,3238.53,3206.16,0.93,29.73,1073175,2735701383.0,1.01,0.42
2016-09-14,3209.39,3208.61,3243.6,3199.83,-0.78,-25.37,947947,2330181775.0,1.35,0.37
2016-09-19,3215.46,3256.71,3260.11,3215.46,1.5,48.1,1007126,2349104918.0,1.39,0.39
2016-09-20,3262.87,3265.39,3271.73,3255.21,0.27,8.68,1208179,2603407500.0,0.51,0.47
2016-09-21,3263.76,3266.58,3277.34,3263.29,0.04,1.19,1797232,2898457561.0,0.43,0.7
2016-09-22,3278.8,3287.19,3297.26,3278.8,0.63,20.61,1566911,2844383646.0,0.57,0.61
2016-09-23,3288.17,3278.04,3293.3,3276.0,-0.28,-9.15,1486140,2590575430.0,0.53,0.58
2016-09-26,3268.67,3175.69,3268.67,3174.79,-3.12,-102.35,1639850,2648595497.0,2.86,0.64
2016-09-27,3165.04,3225.08,3225.08,3161.4,1.56,49.39,1588386,2504065806.0,2.01,0.62
2016-09-28,3217.01,3217.18,3233.13,3210.05,-0.24,-7.9,1126446,2099697824.0,0.72,0.44
2016-09-29,3221.98,3225.97,3242.66,3218.41,0.27,8.79,1052740,1909815122.0,0.75,0.41
2016-09-30,3219.23,3233.86,3241.05,3219.23,0.24,7.89,941009,1657399572.0,0.68,0.37
2016-10-10,3245.33,3312.94,3312.95,3243.29,2.45,79.08,1567934,2598444528.0,2.15,0.61
2016-10-11,3311.84,3327.87,3329.69,3308.75,0.45,14.93,1311143,2294877577.0,0.63,0.51
2016-10-12,3316.36,3339.67,3340.38,3307.96,0.35,11.8,1422961,2206276011.0,0.97,0.56
2016-10-13,3339.02,3345.87,3355.36,3332.15,0.19,6.2,1349402,2363990735.0,0.69,0.53
2016-10-14,3337.12,3348.8,3352.93,3309.48,0.09,2.93,1395291,2386668227.0,1.3,0.55
2016-10-17,3351.14,3323.09,3377.07,3317.51,-0.77,-25.71,1584185,2794208905.0,1.78,0.62
2016-10-18,3322.73,3380.56,3380.56,3320.91,1.73,57.47,1448327,2613630529.0,1.8,0.57
2016-10-19,3382.58,3379.91,3388.12,3370.13,-0.02,-0.65,1496159,2674327442.0,0.53,0.59
2016-10-20,3379.49,3396.79,3403.73,3376.03,0.5,16.88,2553649,3374157837.0,0.82,1.0
2016-10-21,3386.34,3364.01,3391.64,3328.28,-0.97,-32.78,1863865,2759554371.0,1.87,0.73
2016-10-24,3361.18,3393.64,3399.83,3350.22,0.88,29.63,1569873,2738217593.0,1.47,0.62
2016-10-25,3390.86,3426.08,3430.52,3388.74,0.96,32.44,1626545,3522568752.0,1.23,0.64
2016-10-26,3423.25,3433.71,3442.0,3412.34,0.22,7.63,1978361,4032457747.0,0.87,0.78
2016-10-27,3435.89,3446.68,3446.68,3414.47,0.38,12.97,2449321,3822252757.0,0.94,0.96
2016-10-28,3440.8,3386.12,3449.88,3383.87,-1.76,-60.56,2666150,3885331369.0,1.92,1.05
2016-10-31,3388.4,3406.13,3406.13,3368.79,0.59,20.01,1759665,3668518574.0,1.1,0.69
2016-11-01,3415.52,3473.51,3481.96,3413.49,1.98,67.38,2090408,4510530043.0,2.01,0.82
2016-11-02,3476.81,3484.41,3506.81,3465.85,0.31,10.9,2738386,5589314429.0,1.18,1.07
2016-11-03,3486.0,3528.81,3567.14,3485.63,1.27,44.4,2886912,6041732156.0,2.34,1.13
2016-11-04,3531.17,3560.63,3572.88,3531.17,0.9,31.82,2232868,5291567364.0,1.18,0.88
2016-11-07,3564.6,3555.52,3576.32,3540.54,-0.14,-5.11,2161349,5039199911.0,1.0,0.85
2016-11-08,3570.06,3583.89,3586.36,3559.22,0.8,28.37,2261625,4973754632.0,0.76,0.89
2016-11-09,3582.56,3572.96,3596.21,3506.94,-0.3,-10.93,2542569,5873540506.0,2.49,1.0
2016-11-10,3596.42,3635.95,3646.81,3596.42,1.76,62.99,2301735,5761932798.0,1.41,0.9
2016-11-11,3633.26,3653.85,3664.74,3629.54,0.49,17.9,2255577,5671392066.0,0.97,0.88
2016-11-14,3654.67,3685.46,3685.46,3646.67,0.87,31.61,2335850,5035528544.0,1.06,0.92
2016-11-15,3700.54,3709.59,3709.73,3665.49,0.65,24.13,1825941,4110757919.0,1.2,0.72
2016-11-16,3734.55,3715.26,3741.0,3713.1,0.15,5.67,2021171,4363418942.0,0.75,0.79
2016-11-17,3721.3,3691.75,3721.3,3674.83,-0.63,-23.51,2193528,5346698184.0,1.25,0.86
2016-11-18,3707.25,3742.25,3763.56,3701.77,1.37,50.5,2970905,6690088043.0,1.67,1.16
2016-11-21,3728.81,3774.49,3779.62,3725.54,0.86,32.24,2472978,6334103886.0,1.45,0.97
2016-11-22,3779.46,3817.05,3817.05,3779.27,1.13,42.56,2575499,7163412376.0,1.0,1.01
2016-11-23,3808.03,3753.98,3815.58,3747.15,-1.65,-63.07,2439434,5777257665.0,1.79,0.96
2016-11-24,3748.54,3709.77,3760.87,3694.41,-1.18,-44.21,2269386,5173149157.0,1.77,0.89
2016-11-25,3700.19,3708.68,3708.68,3609.08,-0.03,-1.09,2018330,4600281429.0,2.68,0.79
2016-11-28,3704.14,3670.57,3704.97,3667.93,-1.03,-38.11,1720010,3700063088.0,1.0,0.67
2016-11-29,3662.85,3608.64,3676.44,3606.52,-1.69,-61.93,1929043,4282818690.0,1.9,0.76
2016-11-30,3599.36,3600.39,3634.95,3587.14,-0.23,-8.25,1667169,3582103108.0,1.32,0.65
2016-12-01,3601.42,3624.59,3624.59,3601.42,0.67,24.2,1444874,3183390516.0,0.64,0.57
2016-12-02,3624.99,3550.13,3634.34,3550.13,-2.05,-74.46,1805639,4231736059.0,2.32,0.71
2016-12-05,3509.46,3522.73,3549.81,3497.37,-0.77,-27.4,1334143,2774960024.0,1.48,0.52
2016-12-06,3531.44,3531.9,3551.91,3529.89,0.26,9.17,1026071,2428042482.0,0.63,0.4
2016-12-07,3530.52,3585.16,3585.16,3526.32,1.51,53.26,1242395,3071030439.0,1.67,0.49
2016-12-08,3584.19,3540.67,3587.74,3538.52,-1.24,-44.49,1276721,3398422273.0,1.37,0.5
2016-12-09,3528.59,3499.98,3533.14,3493.36,-1.15,-40.69,1219302,2906721461.0,1.12,0.48
2016-12-12,3508.4,3291.5,3510.82,3282.51,-5.96,-208.48,2147452,4236782009.0,6.52,0.84
2016-12-13,3262.37,3296.72,3306.63,3231.55,0.16,5.22,1529299,3075116628.0,2.28,0.6
2016-12-14,3291.21,3282.7,3320.43,3264.8,-0.43,-14.02,1285024,2847046223.0,1.69,0.5
2016-12-15,3265.85,3320.5,3358.28,3264.15,1.15,37.8,1304351,3172283704.0,2.87,0.51
2016-12-16,3319.21,3371.18,3371.32,3319.21,1.53,50.68,1502004,3349159415.0,1.57,0.59
2016-12-19,3363.76,3363.81,3371.67,3348.65,-0.22,-7.37,1186712,2746486389.0,0.68,0.47
2016-12-20,3357.91,3371.14,3381.99,3352.95,0.22,7.33,1146465,2755229045.0,0.86,0.45
2016-12-21,3378.08,3410.12,3410.12,3378.08,1.16,38.98,1297542,2905171259.0,0.95,0.51
2016-12-22,3398.47,3381.49,3405.79,3378.57,-0.84,-28.63,1099156,2414514497.0,0.8,0.43
2016-12-23,3369.28,3324.24,3374.12,3317.96,-1.69,-57.25,1198784,2515249620.0,1.66,0.47
2016-12-26,3308.12,3368.07,3372.0,3271.43,1.32,43.83,1128685,2431046502.0,3.03,0.44
2016-12-27,3366.94,3380.72,3390.75,3362.66,0.38,12.65,1121093,2586192256.0,0.83,0.44
2016-12-28,3385.69,3365.01,3392.54,3362.25,-0.46,-15.71,1048846,2197836659.0,0.9,0.41
2016-12-29,3362.03,3367.52,3392.84,3359.5,0.07,2.51,1143278,2456438619.0,0.99,0.45
2016-12-30,3371.69,3373.71,3383.15,3358.2,0.18,6.19,1430581,2572426363.0,0.74,0.56
2017-01-03,3381.9,3429.58,3430.4,3379.71,1.66,55.87,1286528,2768372280.0,1.5,0.5
2017-01-04,3434.07,3457.17,3463.7,3411.72,0.8,27.59,1840070,4291540447.0,1.52,0.72
2017-01-05,3453.18,3441.5,3462.7,3441.2,-0.45,-15.67,1661155,3771052877.0,0.62,0.65
2017-01-06,3436.77,3382.14,3436.77,3381.79,-1.72,-59.36,1404421,3339875120.0,1.6,0.55
2017-01-09,3367.58,3387.02,3390.41,3353.61,0.14,4.88,1303202,2726741994.0,1.09,0.51
2017-01-10,3389.28,3365.23,3392.42,3359.63,-0.64,-21.79,1260224,2357403058.0,0.97,0.49
2017-01-11,3355.82,3316.69,3370.48,3316.69,-1.44,-48.54,1027683,2112365967.0,1.6,0.4
2017-01-12,3326.64,3263.98,3326.64,3262.3,-1.59,-52.71,1174764,2694743234.0,1.94,0.46
2017-01-13,3259.83,3195.65,3261.43,3188.45,-2.09,-68.33,1521903,3688694143.0,2.24,0.6
2017-01-16,3167.09,3031.85,3167.09,2951.93,-5.13,-163.8,1903271,3717577398.0,6.73,0.75
2017-01-17,3007.1,3072.9,3082.44,2945.41,1.35,41.05,1636063,3445572861.0,4.52,0.64
2017-01-18,3058.68,3027.17,3058.68,3025.23,-1.49,-45.73,1165791,2657917664.0,1.09,0.46
2017-01-19,3011.09,3018.88,3052.4,2997.48,-0.27,-8.29,1023356,2220027922.0,1.81,0.4
2017-01-20,3018.78,3084.23,3097.24,3018.25,2.16,65.35,1223238,2649002206.0,2.62,0.48
2017-01-23,3095.64,3124.24,3134.35,3095.64,1.3,40.01,1309236,3006849173.0,1.26,0.51
2017-01-24,3114.15,3110.62,3129.92,3102.42,-0.44,-13.62,1174174,2582238239.0,0.88,0.46
2017-01-25,3111.42,3131.39,3138.61,3095.96,0.67,20.77,1278340,2742378935.0,1.37,0.5
2017-01-26,3130.81,3144.28,3144.35,3127.01,0.41,12.89,964043,2096483149.0,0.55,0.38
2017-02-03,3152.13,3120.38,3152.13,3109.09,-0.76,-23.9,771760,1660042837.0,1.37,0.3
2017-02-06,3127.07,3179.42,3179.43,3125.23,1.89,59.04,1174250,2447175809.0,1.74,0.46
2017-02-07,3181.83,3179.5,3188.52,3160.3,0.0,0.08,1214582,2497506633.0,0.89,0.48
2017-02-08,3170.87,3227.61,3228.98,3154.27,1.51,48.11,1253987,2986717152.0,2.35,0.49
2017-02-09,3229.55,3253.54,3261.28,3229.55,0.8,25.93,1590145,3743191747.0,0.98,0.62
2017-02-10,3250.9,3229.14,3252.59,3225.33,-0.75,-24.4,1619545,3326605074.0,0.84,0.64
2017-02-13,3220.52,3247.34,3257.88,3208.78,0.56,18.2,1385735,3010343349.0,1.52,0.54
2017-02-14,3245.18,3230.01,3245.7,3219.5,-0.53,-17.33,1167814,2547687862.0,0.81,0.46
2017-02-15,3227.35,3209.35,3246.43,3205.95,-0.64,-20.66,1419446,3192141510.0,1.25,0.56
2017-02-16,3200.3,3222.36,3228.61,3190.46,0.41,13.01,1483854,2581899366.0,1.19,0.58
2017-02-17,3213.52,3174.66,3232.48,3167.14,-1.48,-47.7,1256977,2537124966.0,2.03,0.49
2017-02-20,3168.01,3176.81,3176.81,3135.19,0.07,2.15,1168991,2266376441.0,1.31,0.46
2017-02-21,3178.25,3231.0,3231.0,3175.29,1.71,54.19,1488244,2804981799.0,1.75,0.58
2017-02-22,3227.87,3242.66,3243.62,3218.32,0.36,11.66,1410052,2765675221.0,0.78,0.55
2017-02-23,3245.15,3250.32,3255.53,3229.2,0.24,7.66,1403287,2712492170.0,0.81,0.55
2017-02-24,3245.32,3270.66,3274.8,3244.51,0.63,20.34,1243276,2383022551.0,0.93,0.49
2017-02-27,3267.28,3240.13,3268.16,3235.58,-0.93,-30.53,1193986,2153531728.0,1.0,0.47
2017-02-28,3243.58,3275.57,3275.57,3239.42,1.09,35.44,1158361,2417965124.0,1.12,0.45
2017-03-01,3270.8,3302.99,3306.39,3268.26,0.84,27.42,1532857,3354040412.0,1.16,0.6
2017-03-02,3304.58,3277.7,3306.47,3271.46,-0.77,-25.29,1443074,2954017152.0,1.06,0.57
2017-03-03,3264.34,3295.68,3303.84,3250.24,0.55,17.98,1234763,2414719294.0,1.64,0.48
2017-03-06,3297.2,3371.88,3371.88,3297.2,2.31,76.2,1918320,3487120473.0,2.27,0.75
2017-03-07,3377.14,3380.18,3383.68,3357.01,0.25,8.3,2408682,4200753445.0,0.79,0.94
2017-03-08,3375.13,3365.86,3379.79,3348.05,-0.42,-14.32,1649500,3530842520.0,0.94,0.65
2017-03-09,3357.58,3346.67,3357.58,3332.89,-0.57,-19.19,1638921,3250022752.0,0.73,0.64
2017-03-10,3340.89,3348.8,3359.53,3332.08,0.06,2.13,1263884,2866599148.0,0.82,0.5
2017-03-13,3343.05,3377.09,3377.09,3318.21,0.84,28.29,1317315,2860885921.0,1.76,0.52
2017-03-14,3373.89,3384.3,3396.0,3368.47,0.21,7.21,2711629,3812240266.0,0.82,1.06
2017-03-15,3382.76,3385.58,3395.85,3375.79,0.04,1.28,4135261,4095738089.0,0.59,1.62
2017-03-16,3396.03,3427.93,3429.27,3396.03,1.25,42.35,3912971,4527205594.0,0.98,1.53
2017-03-17,3425.92,3406.35,3459.04,3405.02,-0.63,-21.58,3821025,5012803394.0,1.58,1.5
2017-03-20,3396.75,3419.97,3419.97,3387.63,0.4,13.62,2416788,3474176916.0,0.95,0.95
2017-03-21,3416.31,3426.01,3429.9,3410.05,0.18,6.04,1789415,2966896805.0,0.58,0.7
2017-03-22,3409.59,3423.43,3425.67,3381.84,-0.08,-2.58,1878022,3464067358.0,1.28,0.74
2017-03-23,3427.51,3427.83,3450.7,3376.85,0.13,4.4,2566490,4820515325.0,2.16,1.01
2017-03-24,3424.24,3436.89,3447.7,3418.13,0.26,9.06,2026329,3998432711.0,0.86,0.79
2017-03-27,3446.59,3432.54,3452.7,3423.97,-0.13,-4.35,2247256,4099961284.0,0.84,0.88
2017-03-28,3421.53,3399.52,3430.54,3399.52,-0.96,-33.02,1715910,3195217782.0,0.9,0.67
2017-03-29,3391.65,3343.7,3397.84,3340.11,-1.64,-55.82,1916335,3659529755.0,1.7,0.75
2017-03-30,3327.82,3244.97,3327.82,3244.06,-2.95,-98.73,1935509,3184857530.0,2.51,0.76
2017-03-31,3254.69,3245.48,3278.28,3214.27,0.02,0.51,1467404,2828407845.0,1.97,0.58
2017-04-05,3252.96,3317.45,3318.98,3250.41,2.22,71.97,1848216,3432945654.0,2.11,0.72
2017-04-06,3314.1,3335.37,3339.03,3306.04,0.54,17.92,1520146,3072673022.0,0.99,0.6
2017-04-07,3355.16,3342.67,3357.37,3339.64,0.22,7.3,1627353,3229690348.0,0.53,0.64
2017-04-10,3341.71,3275.26,3341.71,3261.73,-2.02,-67.41,2046199,3859187688.0,2.39,0.8
2017-04-11,3272.63,3324.99,3324.99,3255.19,1.52,49.73,2025440,4060646908.0,2.13,0.79
2017-04-12,3320.41,3300.98,3323.68,3295.25,-0.72,-24.01,1945896,3119184417.0,0.86,0.76
2017-04-13,3286.06,3305.22,3312.05,3286.06,0.13,4.24,1250247,2088347182.0,0.79,0.49
2017-04-14,3297.45,3242.16,3297.45,3238.17,-1.91,-63.06,1275668,2180194029.0,1.79,0.5
2017-04-17,3216.36,3167.81,3216.36,3158.66,-2.29,-74.35,1851374,3934382226.0,1.78,0.73
2017-04-18,3172.39,3136.83,3190.23,3131.56,-0.98,-30.98,1616671,3257959801.0,1.85,0.63
2017-04-19,3123.85,3120.9,3129.61,3084.83,-0.51,-15.93,2110015,4335624735.0,1.43,0.83
2017-04-20,3111.43,3071.13,3128.59,3028.51,-1.59,-49.77,1855658,4064780129.0,3.21,0.73
2017-04-21,3061.57,3057.64,3086.5,3053.94,-0.44,-13.49,1435735,3012754802.0,1.06,0.56
2017-04-24,3049.32,2972.87,3049.32,2955.06,-2.77,-84.77,1769459,3308258545.0,3.08,0.69
2017-04-25,2969.78,3008.3,3019.8,2969.78,1.19,35.43,1648082,3363379818.0,1.68,0.65
2017-04-26,3016.56,3027.39,3040.97,3014.41,0.63,19.09,1691124,4109867690.0,0.88,0.66
2017-04-27,3033.29,3069.47,3077.72,2956.83,1.39,42.08,2264986,5326708720.0,3.99,0.89
2017-04-28,3059.13,3087.39,3088.18,3053.34,0.58,17.92,1893835,4638939596.0,1.14,0.74
2017-05-02,3095.52,3091.34,3112.14,3076.53,0.13,3.95,1795981,4387838774.0,1.15,0.7
2017-05-03,3089.64,3097.41,3115.03,3083.5,0.2,6.07,2153789,5635480559.0,1.02,0.84
2017-05-04,3084.85,3073.31,3108.99,3064.54,-0.78,-24.1,2268890,5981437128.0,1.44,0.89
2017-05-05,3056.2,3036.21,3073.23,3036.21,-1.21,-37.1,1821056,4495059988.0,1.2,0.71
2017-05-08,3022.32,2951.1,3028.2,2951.1,-2.8,-85.11,1978866,4779700206.0,2.54,0.78
2017-05-09,2938.0,2995.15,2995.15,2927.54,1.49,44.05,1892942,4994300858.0,2.29,0.74
2017-05-10,2997.59,2963.95,3030.05,2963.95,-1.04,-31.2,2022464,5808831650.0,2.21,0.79
2017-05-11,2943.45,2964.17,2964.56,2867.03,0.01,0.22,2029499,5017646550.0,3.29,0.8
2017-05-12,2958.78,2956.78,2973.83,2935.02,-0.25,-7.39,1708296,4992497581.0,1.31,0.67
2017-05-15,2961.6,2955.88,2978.03,2953.89,-0.03,-0.9,1606182,4787211595.0,0.82,0.63
2017-05-16,2947.94,3037.48,3037.48,2919.72,2.76,81.6,1834047,4803473036.0,3.98,0.72
2017-05-17,3033.43,3055.59,3080.27,3033.43,0.6,18.11,1885968,4992174222.0,1.54,0.74
2017-05-18,3027.98,3018.85,3064.1,3012.27,-1.2,-36.74,1689464,4337506094.0,1.7,0.66
2017-05-19,3020.36,3012.38,3034.73,2988.46,-0.21,-6.47,1419221,3719602960.0,1.53,0.56
2017-05-22,2998.04,2907.11,3000.66,2901.62,-3.49,-105.27,1501460,3570968885.0,3.29,0.59
2017-05-23,2894.18,2806.07,2907.34,2801.78,-3.48,-101.04,1704478,3841545364.0,3.63,0.67
2017-05-24,2779.8,2824.12,2827.79,2751.48,0.64,18.05,1244471,2637260179.0,2.72,0.49
2017-05-25,2825.98,2830.76,2843.18,2765.42,0.24,6.64,1460499,3244977849.0,2.75,0.57
2017-05-26,2828.92,2836.01,2853.84,2825.84,0.19,5.25,1226833,2936824840.0,0.99,0.48
2017-05-31,2890.43,2843.08,2903.65,2843.08,0.25,7.07,1590157,4097580212.0,2.14,0.62
2017-06-01,2829.4,2735.24,2829.4,2731.86,-3.79,-107.84,1524080,3208638228.0,3.43,0.6
2017-06-02,2713.04,2759.35,2769.16,2680.66,0.88,24.11,1442514,2798485809.0,3.24,0.57
2017-06-05,2766.15,2792.07,2802.31,2766.15,1.19,32.72,1211942,2592126953.0,1.31,0.48
2017-06-06,2784.89,2815.91,2819.61,2778.99,0.85,23.84,1822148,4121305824.0,1.45,0.71
2017-06-07,2819.52,2920.11,2920.8,2819.42,3.7,104.2,2361327,5302055123.0,3.6,0.93
2017-06-08,2932.67,2907.01,2937.73,2897.11,-0.45,-13.1,1998007,4701259761.0,1.39,0.78
2017-06-09,2897.78,2908.2,2910.39,2875.1,0.04,1.19,1797332,4296506681.0,1.21,0.7
2017-06-12,2876.46,2844.54,2879.97,2840.34,-2.19,-63.66,2123562,5446342407.0,1.36,0.83
2017-06-13,2839.06,2910.35,2910.35,2839.06,2.31,65.81,1857805,4527229737.0,2.51,0.73
2017-06-14,2895.97,2899.79,2910.94,2886.73,-0.36,-10.56,1813241,4173014671.0,0.83,0.71
2017-06-15,2885.8,2950.33,2964.09,2885.8,1.74,50.54,2003679,4280161290.0,2.7,0.79
2017-06-16,2947.34,2937.34,2952.4,2929.55,-0.44,-12.99,1802508,4342495595.0,0.77,0.71
2017-06-19,2933.42,2953.45,2953.45,2922.35,0.55,16.11,1514289,3327444899.0,1.06,0.59
2017-06-20,2960.22,2940.78,2968.63,2938.49,-0.43,-12.67,1854565,3920913167.0,1.02,0.73
2017-06-21,2942.18,2936.14,2947.89,2915.57,-0.16,-4.64,1666558,3712611783.0,1.1,0.65
2017-06-22,2932.57,2893.58,2946.24,2891.66,-1.45,-42.56,1939657,3511028420.0,1.86,0.76
2017-06-23,2875.62,2873.69,2884.83,2818.57,-0.69,-19.89,1742912,3197562439.0,2.29,0.68
2017-06-26,2859.83,2896.14,2896.14,2848.27,0.78,22.45,1374895,2599876652.0,1.67,0.54
2017-06-27,2887.73,2887.98,2906.8,2873.69,-0.28,-8.16,1315046,2486338766.0,1.14,0.52
2017-06-28,2875.62,2854.09,2875.62,2845.04,-1.17,-33.89,1447230,2830464169.0,1.06,0.57
2017-06-29,2852.45,2871.3,2884.54,2852.45,0.6,17.21,1717960,3557882021.0,1.12,0.67
2017-06-30,2861.21,2882.28,2882.48,2844.02,0.38,10.98,1345859,2925351077.0,1.34,0.53
2017-07-03,2882.06,2902.39,2902.39,2874.16,0.7,20.11,1239070,2666818463.0,0.98,0.49
2017-07-04,2899.91,2905.09,2908.18,2894.85,0.09,2.7,1418539,3506340550.0,0.46,0.56
2017-07-05,2908.5,2940.01,2940.01,2897.5,1.2,34.92,1679362,3575562029.0,1.46,0.66
2017-07-06,2936.68,2954.15,2957.19,2923.39,0.48,14.14,1945674,3818683523.0,1.15,0.76
2017-07-07,2943.63,2973.01,2978.36,2943.63,0.64,18.86,1741170,3696085112.0,1.18,0.68
2017-07-10,2960.85,2922.28,2966.78,2917.93,-1.71,-50.73,1858451,3749466740.0,1.64,0.73
2017-07-11,2913.92,2860.01,2918.16,2860.01,-2.13,-62.27,1687844,3208166648.0,1.99,0.66
2017-07-12,2846.05,2866.28,2866.28,2796.34,0.22,6.27,1701289,3380158798.0,2.45,0.67
2017-07-13,2861.0,2843.28,2861.0,2833.76,-0.8,-23.0,1221006,2348709659.0,0.95,0.48
2017-07-14,2842.3,2829.92,2850.07,2823.5,-0.47,-13.36,1076646,1949256834.0,0.93,0.42
2017-07-17,2809.61,2634.37,2809.61,2631.8,-6.91,-195.55,1906991,2986216134.0,6.28,0.75
2017-07-18,2611.99,2652.99,2655.92,2593.17,0.71,18.62,1329347,2153696784.0,2.38,0.52
2017-07-19,2648.91,2676.61,2677.23,2630.79,0.89,23.62,1397073,2293778710.0,1.75,0.55
2017-07-20,2669.87,2687.73,2717.58,2669.83,0.42,11.12,1590190,2600708875.0,1.78,0.62
2017-07-21,2678.02,2691.74,2708.48,2678.02,0.15,4.01,2172928,2903489131.0,1.13,0.85
2017-07-24,2677.77,2703.6,2703.6,2662.16,0.44,11.86,1704548,2480349763.0,1.54,0.67
2017-07-25,2696.83,2701.55,2708.49,2686.96,-0.08,-2.05,1389373,2271811772.0,0.8,0.54
2017-07-26,2704.27,2693.86,2705.7,2678.68,-0.28,-7.69,1520002,2576634637.0,1.0,0.6
2017-07-27,2692.13,2748.54,2752.0,2681.84,2.03,54.68,1888350,3065601056.0,2.6,0.74
2017-07-28,2740.6,2715.93,2749.85,2715.66,-1.19,-32.61,1414540,2351339555.0,1.24,0.55
2017-07-31,2711.06,2718.27,2722.43,2700.76,0.09,2.34,1345533,1981014784.0,0.8,0.53
2017-08-01,2720.76,2716.4,2720.98,2699.71,-0.07,-1.87,1456530,2434330682.0,0.78,0.57
2017-08-02,2713.49,2678.93,2713.49,2673.84,-1.38,-37.47,2321497,3313381291.0,1.46,0.91
2017-08-03,2670.42,2702.4,2719.09,2669.14,0.88,23.47,2322742,3306098897.0,1.86,0.91
2017-08-04,2702.19,2690.02,2705.05,2686.1,-0.46,-12.38,1858444,2737972362.0,0.7,0.73
2017-08-07,2686.64,2706.31,2706.31,2686.64,0.61,16.29,1727791,2302642153.0,0.73,0.68
2017-08-08,2706.21,2714.17,2717.25,2686.34,0.29,7.86,1612720,2279456013.0,1.14,0.63
2017-08-09,2710.91,2720.8,2722.04,2705.05,0.24,6.63,1575506,2227622629.0,0.63,0.62
2017-08-10,2715.54,2689.68,2720.15,2667.81,-1.14,-31.12,1588309,2333836290.0,1.92,0.62
2017-08-11,2671.92,2658.83,2680.84,2656.4,-1.15,-30.85,1560394,2212573653.0,0.91,0.61
2017-08-14,2652.27,2711.47,2711.47,2652.27,1.98,52.64,1357918,2114251094.0,2.23,0.53
2017-08-15,2716.33,2720.61,2726.69,2705.95,0.34,9.14,1533688,2165235688.0,0.76,0.6
2017-08-16,2716.87,2746.93,2752.6,2707.15,0.97,26.32,1887374,2554907710.0,1.67,0.74
2017-08-17,2747.5,2773.87,2776.92,2743.8,0.98,26.94,2312380,2561696380.0,1.21,0.91
2017-08-18,2749.45,2750.66,2756.83,2741.34,-0.84,-23.21,1891916,2572579465.0,0.56,0.74
2017-08-21,2748.93,2776.73,2776.73,2748.93,0.95,26.07,1492459,2171790029.0,1.01,0.59
2017-08-22,2770.89,2755.33,2774.25,2752.17,-0.77,-21.4,1417192,2031770132.0,0.8,0.56
2017-08-23,2760.02,2763.66,2774.34,2748.08,0.3,8.33,1471300,1996128041.0,0.95,0.58
2017-08-24,2758.24,2746.27,2770.49,2741.92,-0.63,-17.39,1476154,2142342716.0,1.03,0.58
2017-08-25,2745.01,2782.69,2783.89,2745.01,1.33,36.42,1565832,2500381094.0,1.42,0.61
2017-08-28,2794.78,2822.98,2829.58,2787.71,1.45,40.29,1891146,2855869227.0,1.5,0.74
2017-08-29,2819.93,2830.18,2843.11,2819.17,0.26,7.2,2039905,3205254298.0,0.85,0.8
2017-08-30,2822.23,2821.74,2830.67,2815.96,-0.3,-8.44,1556076,2576747332.0,0.52,0.61
2017-08-31,2819.22,2844.71,2846.68,2819.22,0.81,22.97,1655960,2449280427.0,0.97,0.65
2017-09-01,2845.11,2868.03,2868.03,2841.21,0.82,23.32,1722978,2557578903.0,0.94,0.68
2017-09-04,2866.17,2891.43,2891.43,2854.86,0.82,23.4,1762843,2660124889.0,1.28,0.69
2017-09-05,2890.31,2883.46,2890.58,2871.97,-0.28,-7.97,2055372,2758710777.0,0.64,0.81
2017-09-06,2880.43,2894.68,2894.68,2866.18,0.39,11.22,2197150,3092676815.0,0.99,0.86
2017-09-07,2888.64,2884.56,2919.18,2883.87,-0.35,-10.12,2019995,2997215956.0,1.22,0.79
2017-09-08,2883.72,2892.53,2903.34,2870.97,0.28,7.97,1771027,2629553949.0,1.12,0.69
2017-09-11,2896.83,2939.4,2939.4,2896.11,1.62,46.87,2515937,3477831300.0,1.5,0.99
2017-09-12,2938.09,2913.07,2947.32,2908.94,-0.9,-26.33,3143942,4482612183.0,1.31,1.23
2017-09-13,2904.79,2945.22,2945.22,2904.79,1.1,32.15,2680074,3658886623.0,1.39,1.05
2017-09-14,2945.17,2937.11,2957.47,2925.67,-0.28,-8.11,2643862,3683184397.0,1.08,1.04
2017-09-15,2935.07,2919.95,2937.8,2911.32,-0.58,-17.16,2229637,3041271731.0,0.9,0.87
2017-09-18,2917.68,2938.62,2938.62,2909.86,0.64,18.67,1970793,2727304846.0,0.98,0.77
2017-09-19,2936.39,2933.57,2947.28,2919.92,-0.17,-5.05,2653734,3584145154.0,0.93,1.04
2017-09-20,2938.03,2965.52,2965.52,2918.34,1.09,31.95,3600873,5519534665.0,1.61,1.41
2017-09-21,2962.22,2912.88,2962.22,2912.88,-1.78,-52.64,3185479,4891099984.0,1.66,1.25
2017-09-22,2915.31,2923.95,2933.97,2892.81,0.38,11.07,2277635,3672270836.0,1.41,0.89
2017-09-25,2916.32,2889.94,2925.07,2888.86,-1.16,-34.01,2119943,3245184984.0,1.24,0.83
2017-09-26,2882.39,2870.87,2892.14,2853.37,-0.66,-19.07,1923714,2913094418.0,1.34,0.75
2017-09-27,2870.26,2901.3,2904.02,2869.24,1.06,30.43,1866684,2795567222.0,1.21,0.73
2017-09-28,2896.91,2899.51,2919.71,2896.91,-0.06,-1.79,1669580,2660197275.0,0.79,0.65
2017-09-29,2900.66,2913.82,2916.75,2899.85,0.49,14.31,1713624,2544401076.0,0.58,0.67
2017-10-09,2939.58,2948.54,2954.62,2924.95,1.19,34.72,1774482,2605155599.0,1.02,0.7
2017-10-10,2944.23,2979.06,2979.06,2941.61,1.04,30.52,2015877,2980168750.0,1.27,0.79
2017-10-11,2986.96,2978.71,2986.96,2969.79,-0.01,-0.35,1864478,2844633859.0,0.58,0.73
2017-10-12,2978.04,2977.8,2991.73,2955.35,-0.03,-0.91,1778600,2645782732.0,1.22,0.7
2017-10-13,2978.15,3010.42,3010.42,2971.7,1.1,32.62,2654816,3716097977.0,1.3,1.04
2017-10-16,3004.14,2917.74,3004.14,2917.74,-3.08,-92.68,2576226,3805293358.0,2.87,1.01
2017-10-17,2910.56,2918.3,2932.38,2898.82,0.02,0.56,1721094,2511664288.0,1.15,0.67
2017-10-18,2927.96,2894.87,2944.97,2894.52,-0.8,-23.43,1741695,2611735926.0,1.73,0.68
2017-10-19,2894.97,2874.64,2907.44,2866.63,-0.7,-20.23,2628274,3858820327.0,1.41,1.03
2017-10-20,2865.52,2905.31,2905.31,2865.52,1.07,30.67,1794135,2868362326.0,1.38,0.7
2017-10-23,2900.76,2916.73,2917.7,2897.17,0.39,11.42,1737004,2721755614.0,0.71,0.68
2017-10-24,2910.18,2882.99,2910.18,2864.54,-1.16,-33.74,1667266,2523474449.0,1.56,0.65
2017-10-25,2878.51,2906.71,2906.93,2869.92,0.82,23.72,1252365,1971251375.0,1.28,0.49
2017-10-26,2900.07,2921.87,2921.88,2896.33,0.52,15.16,1484983,2256799224.0,0.88,0.58
2017-10-27,2916.84,2894.4,2923.32,2894.4,-0.94,-27.47,1815518,2719489306.0,0.99,0.71
2017-10-30,2881.29,2786.41,2888.32,2782.3,-3.73,-107.99,1959827,2831195836.0,3.66,0.77
2017-10-31,2778.3,2810.52,2810.73,2777.79,0.87,24.11,1419399,2221150731.0,1.18,0.56
2017-11-01,2807.35,2821.52,2829.59,2803.2,0.39,11.0,1620252,2463502920.0,0.94,0.64
2017-11-02,2813.78,2820.81,2828.64,2798.56,-0.03,-0.71,2827589,4036955857.0,1.07,1.11
2017-11-03,2821.22,2809.58,2828.25,2793.67,-0.4,-11.23,2198003,3100298763.0,1.23,0.86
2017-11-06,2810.66,2842.81,2842.81,2803.83,1.18,33.23,2173282,3270666736.0,1.39,0.85
2017-11-07,2839.52,2859.95,2859.95,2831.36,0.6,17.14,1955784,3076737330.0,1.01,0.77
2017-11-08,2870.78,2861.2,2880.84,2858.82,0.04,1.25,2292877,3578170965.0,0.77,0.9
2017-11-09,2866.21,2880.37,2881.47,2857.11,0.67,19.17,2033623,3383646143.0,0.85,0.8
2017-11-10,2866.66,2884.86,2894.34,2866.26,0.16,4.49,1953244,3214183305.0,0.97,0.77
2017-11-13,2879.99,2867.95,2882.39,2863.3,-0.59,-16.91,1796718,2773173140.0,0.66,0.7
2017-11-14,2872.54,2856.65,2876.13,2849.87,-0.39,-11.3,2391234,4204249489.0,0.92,0.94
2017-11-15,2842.73,2830.93,2849.25,2823.48,-0.9,-25.72,2101495,3567616235.0,0.9,0.82
2017-11-16,2826.98,2806.2,2835.56,2806.2,-0.87,-24.73,2512153,3783047137.0,1.04,0.99
2017-11-17,2798.64,2668.4,2798.64,2665.24,-4.91,-137.8,2542606,3776120015.0,4.75,1.0
2017-11-20,2649.54,2680.53,2681.92,2594.91,0.45,12.13,1624087,2342256896.0,3.26,0.64
2017-11-21,2683.74,2672.96,2700.69,2647.16,-0.28,-7.57,1752109,3016803357.0,2.0,0.69
2017-11-22,2677.41,2691.48,2696.88,2666.53,0.69,18.52,1806822,3211314097.0,1.14,0.71
2017-11-23,2675.34,2619.6,2676.58,2615.85,-2.67,-71.88,1763873,2988705445.0,2.26,0.69
2017-11-24,2597.92,2620.7,2631.45,2597.92,0.04,1.1,1562217,2583553877.0,1.28,0.61
2017-11-27,2606.5,2567.35,2607.99,2566.43,-2.04,-53.35,1511946,2490485452.0,1.59,0.59
2017-11-28,2562.26,2604.67,2604.67,2562.26,1.45,37.32,1176269,1840811080.0,1.65,0.46
2017-11-29,2598.82,2593.44,2599.05,2555.42,-0.43,-11.23,1265028,1967850393.0,1.68,0.5
2017-11-30,2585.88,2604.48,2613.62,2584.03,0.43,11.04,1268146,2050939618.0,1.14,0.5
2017-12-01,2596.19,2628.97,2629.48,2591.79,0.94,24.49,1150394,1831079198.0,1.45,0.45
2017-12-04,2622.04,2569.05,2622.04,2565.91,-2.28,-59.92,1483942,2167982700.0,2.14,0.58
2017-12-05,2561.22,2488.28,2573.13,2470.62,-3.14,-80.77,1404584,1900208647.0,3.99,0.55
2017-12-06,2484.09,2520.62,2520.92,2464.68,1.3,32.34,1449644,2089099677.0,2.26,0.57
2017-12-07,2512.83,2512.71,2527.95,2506.24,-0.31,-7.91,1087583,1588587139.0,0.86,0.43
2017-12-08,2511.96,2546.1,2554.67,2511.96,1.33,33.39,1107974,1631314434.0,1.7,0.43
2017-12-11,2554.58,2580.44,2580.44,2554.58,1.35,34.34,1192245,1732635772.0,1.02,0.47
2017-12-12,2580.37,2555.59,2583.78,2555.24,-0.96,-24.85,1443597,2045962228.0,1.11,0.57
2017-12-13,2556.14,2573.83,2574.06,2546.43,0.71,18.24,1238916,1848233005.0,1.08,0.49
2017-12-14,2574.88,2577.52,2583.57,2565.71,0.14,3.69,1223685,1774097496.0,0.69,0.48
2017-12-15,2580.43,2602.96,2603.45,2579.87,0.99,25.44,1676581,2772283277.0,0.91,0.66
2017-12-18,2602.4,2575.87,2604.9,2574.05,-1.04,-27.09,1400808,2403248490.0,1.19,0.55
2017-12-19,2573.63,2602.86,2602.86,2573.63,1.05,26.99,1162552,1981278079.0,1.13,0.46
2017-12-20,2601.79,2579.13,2603.06,2577.55,-0.91,-23.73,1824338,2701458097.0,0.98,0.72
2017-12-21,2567.38,2583.95,2588.3,2541.02,0.19,4.82,1459800,2268260918.0,1.83,0.57
2017-12-22,2574.91,2569.99,2586.99,2565.56,-0.54,-13.96,1331115,2111151791.0,0.83,0.52
2017-12-25,2562.6,2543.23,2564.36,2526.68,-1.04,-26.76,1417772,2196875887.0,1.47,0.56
2017-12-26,2537.18,2587.51,2587.51,2537.18,1.74,44.28,1408474,2428743703.0,1.98,0.55
2017-12-27,2591.45,2590.13,2604.68,2585.13,0.1,2.62,2088827,3461085659.0,0.76,0.82
2017-12-28,2578.78,2593.04,2601.07,2574.62,0.11,2.91,1600516,2683259893.0,1.02,0.63
2017-12-29,2589.49,2615.83,2615.83,2585.86,0.88,22.79,1337910,2261977899.0,1.16,0.52
2018-01-02,2629.18,2628.8,2629.18,2609.6,0.5,12.97,1671214,2651088900.0,0.75,0.66
2018-01-03,2628.16,2645.56,2645.56,2618.81,0.64,16.76,1976348,3255561954.0,1.02,0.77
2018-01-04,2642.47,2635.49,2651.06,2628.99,-0.38,-10.07,2068697,3690778511.0,0.83,0.81
2018-01-05,2631.35,2635.28,2635.38,2624.48,-0.01,-0.21,2140695,3534049522.0,0.41,0.84
2018-01-08,2630.59,2620.34,2630.81,2602.14,-0.57,-14.94,1908918,2940690796.0,1.09,0.75
2018-01-09,2620.9,2614.42,2621.9,2607.99,-0.23,-5.92,1586242,2653340518.0,0.53,0.62
2018-01-10,2608.16,2589.98,2611.78,2575.45,-0.93,-24.44,1652688,2647950950.0,1.39,0.65
2018-01-11,2575.96,2606.27,2611.22,2566.15,0.63,16.29,1793974,2786586551.0,1.74,0.7
2018-01-12,2598.95,2585.75,2604.67,2582.36,-0.79,-20.52,1637535,2540531871.0,0.86,0.64
2018-01-15,2572.45,2518.71,2572.45,2517.63,-2.59,-67.04,2056371,3103427415.0,2.12,0.81
2018-01-16,2507.03,2519.03,2531.74,2506.84,0.01,0.32,1721857,2745244102.0,0.99,0.68
2018-01-17,2508.6,2511.79,2512.62,2466.62,-0.29,-7.24,1960359,2922354340.0,1.83,0.77
2018-01-18,2500.77,2511.64,2522.0,2500.37,-0.01,-0.15,1511267,2367217827.0,0.86,0.59
2018-01-19,2508.88,2502.09,2523.88,2497.93,-0.38,-9.55,1353954,2060798429.0,1.03,0.53
2018-01-22,2500.36,2520.31,2522.82,2471.01,0.73,18.22,1413734,2008380547.0,2.07,0.55
2018-01-23,2514.51,2534.19,2534.19,2513.2,0.55,13.88,1382899,1980198239.0,0.83,0.54
2018-01-24,2520.67,2549.49,2552.96,2519.64,0.6,15.3,1788056,2544267694.0,1.31,0.7
2018-01-25,2542.49,2546.97,2563.85,2538.4,-0.1,-2.52,1707023,2421765256.0,1.0,0.67
2018-01-26,2535.75,2531.44,2545.83,2527.51,-0.61,-15.53,1485669,2170248749.0,0.72,0.58
2018-01-29,2525.23,2502.39,2528.2,2494.3,-1.15,-29.05,1493955,2165946399.0,1.34,0.59
2018-01-30,2493.78,2498.86,2505.54,2493.46,-0.14,-3.53,1275300,1749134873.0,0.48,0.5
2018-01-31,2490.54,2439.54,2490.54,2430.54,-2.37,-59.32,1822857,2820189664.0,2.4,0.71
2018-02-01,2428.31,2332.44,2432.29,2326.95,-4.39,-107.1,2037325,3079254730.0,4.32,0.8
2018-02-02,2302.93,2282.7,2305.08,2243.41,-2.13,-49.74,1461408,2266119369.0,2.64,0.57
2018-02-05,2241.45,2250.05,2261.47,2222.33,-1.43,-32.65,923073,1392342594.0,1.71,0.36
2018-02-06,2200.29,2111.09,2208.01,2104.11,-6.18,-138.96,1321716,1843791255.0,4.62,0.52
2018-02-07,2148.03,2127.36,2161.78,2075.81,0.77,16.27,1254719,1861871944.0,4.07,0.49
2018-02-08,2103.18,2155.65,2155.65,2103.18,1.33,28.29,1099234,1698475463.0,2.47,0.43
2018-02-09,2092.69,2086.8,2116.96,2065.18,-3.19,-68.85,1378549,2036529313.0,2.4,0.54
2018-02-12,2104.45,2150.29,2162.71,2104.45,3.04,63.49,1614727,1786126187.0,2.79,0.63
2018-02-13,2160.72,2144.08,2163.2,2140.81,-0.29,-6.21,1517887,2040535279.0,1.04,0.6
2018-02-14,2143.99,2145.62,2150.3,2136.33,0.07,1.54,850343,1311568177.0,0.65,0.33
2018-02-22,2162.34,2199.42,2199.9,2162.34,2.51,53.8,1296379,1947308868.0,1.75,0.51
2018-02-23,2204.49,2218.43,2219.17,2199.4,0.86,19.01,1971917,2756463319.0,0.9,0.77
2018-02-26,2230.41,2284.29,2284.29,2227.26,2.97,65.86,2466098,3344320431.0,2.57,0.97
2018-02-27,2276.66,2293.55,2301.7,2271.34,0.41,9.26,2133899,2923158550.0,1.33,0.84
2018-02-28,2283.95,2285.49,2294.47,2258.57,-0.35,-8.06,2262830,2892114618.0,1.57,0.89
2018-03-01,2262.65,2322.21,2322.21,2262.52,1.61,36.72,2055475,2627632930.0,2.61,0.81
2018-03-02,2299.43,2302.44,2331.6,2296.48,-0.85,-19.77,1756437,2344256549.0,1.51,0.69
2018-03-05,2299.94,2332.38,2332.38,2299.94,1.3,29.94,1669580,2377125131.0,1.41,0.65
2018-03-06,2336.14,2357.6,2364.67,2331.12,1.08,25.22,1963981,2914349916.0,1.44,0.77
2018-03-07,2350.22,2338.86,2350.69,2330.9,-0.79,-18.74,1687321,2350368684.0,0.84,0.66
2018-03-08,2329.64,2367.46,2367.46,2329.64,1.22,28.6,1897259,2844600848.0,1.62,0.74
2018-03-09,2374.68,2422.4,2422.77,2374.51,2.32,54.94,2628070,4055873617.0,2.04,1.03
2018-03-12,2425.14,2469.27,2469.27,2425.14,1.93,46.87,4009725,4794948515.0,1.82,1.57
2018-03-13,2458.65,2439.45,2461.68,2436.22,-1.21,-29.82,2944400,3720969254.0,1.03,1.15
2018-03-14,2425.52,2406.92,2436.07,2404.28,-1.33,-32.53,2522345,3034886757.0,1.3,0.99
2018-03-15,2386.8,2369.87,2390.98,2334.41,-1.54,-37.05,2092111,2938940830.0,2.35,0.82
2018-03-16,2367.66,2362.95,2383.05,2362.51,-0.29,-6.92,1610419,2007168901.0,0.87,0.63
2018-03-19,2355.61,2378.68,2385.98,2355.61,0.67,15.73,1353684,1825388500.0,1.29,0.53
2018-03-20,2359.13,2400.58,2400.81,2350.75,0.92,21.9,1574698,2140655693.0,2.1,0.62
2018-03-21,2404.65,2390.58,2433.25,2390.48,-0.42,-10.0,1729008,2466598888.0,1.78,0.68
2018-03-22,2387.31,2406.29,2417.65,2382.78,0.66,15.71,1959394,2754239962.0,1.46,0.77
2018-03-23,2331.15,2242.2,2345.98,2228.17,-6.82,-164.09,2742231,3474225920.0,4.9,1.08
2018-03-26,2192.44,2269.51,2270.91,2152.36,1.22,27.31,1805512,2431137716.0,5.29,0.71
2018-03-27,2286.45,2342.8,2349.39,2286.45,3.23,73.29,1995766,2886530888.0,2.77,0.78
2018-03-28,2310.48,2355.62,2364.75,2301.95,0.55,12.82,1937189,2953744863.0,2.68,0.76
2018-03-29,2364.94,2400.37,2402.2,2364.94,1.9,44.75,1739801,2766696626.0,1.58,0.68
2018-03-30,2406.03,2457.86,2457.86,2406.03,2.4,57.49,2414151,3788150214.0,2.16,0.95
2018-04-02,2457.24,2465.26,2489.1,2448.83,0.3,7.4,2618429,3980887997.0,1.64,1.03
2018-04-03,2426.16,2421.8,2426.47,2397.3,-1.76,-43.46,2241601,3056270852.0,1.18,0.88
2018-04-04,2433.25,2390.76,2443.68,2390.64,-1.28,-31.04,1877083,2810698618.0,2.19,0.74
2018-04-09,2369.91,2401.64,2408.05,2350.53,0.46,10.88,1631344,2529669287.0,2.41,0.64
2018-04-10,2398.62,2393.36,2403.29,2359.96,-0.34,-8.28,1727220,2709710703.0,1.8,0.68
2018-04-11,2401.54,2409.59,2416.11,2387.78,0.68,16.23,1766504,2675721385.0,1.18,0.69
2018-04-12,2410.59,2408.11,2426.3,2399.79,-0.06,-1.48,1747459,2597998902.0,1.1,0.69
2018-04-13,2418.21,2398.93,2423.71,2395.72,-0.38,-9.18,1483060,2405733529.0,1.16,0.58
2018-04-16,2382.28,2363.4,2382.68,2340.62,-1.48,-35.53,1350406,2064872369.0,1.75,0.53
2018-04-17,2367.44,2305.42,2378.48,2303.06,-2.45,-57.98,1432839,2016779189.0,3.19,0.56
2018-04-18,2316.89,2343.36,2345.39,2262.38,1.65,37.94,1507672,2151752387.0,3.6,0.59
2018-04-19,2333.88,2346.7,2358.46,2332.36,0.14,3.34,1393681,2076536506.0,1.11,0.55
2018-04-20,2338.33,2279.8,2345.53,2278.16,-2.85,-66.9,1557625,2281935457.0,2.87,0.61
2018-04-23,2268.76,2274.51,2288.79,2245.43,-0.23,-5.29,1420958,1992446879.0,1.9,0.56
2018-04-24,2279.3,2346.44,2346.44,2279.3,3.16,71.93,1356825,1942094596.0,2.95,0.53
2018-04-25,2342.88,2373.39,2379.14,2342.88,1.15,26.95,1634039,2295898150.0,1.55,0.64
2018-04-26,2366.52,2322.54,2367.76,2322.54,-2.14,-50.85,1789610,2437642752.0,1.91,0.7
2018-04-27,2322.93,2313.4,2333.25,2298.0,-0.39,-9.14,1331386,1779141677.0,1.52,0.52
2018-05-02,2305.81,2268.68,2311.15,2255.34,-1.93,-44.72,1357806,1777189390.0,2.41,0.53
2018-05-03,2262.0,2304.27,2304.27,2231.74,1.57,35.59,1321009,1683499194.0,3.2,0.52
2018-05-04,2299.53,2296.45,2311.39,2291.65,-0.34,-7.82,1172386,1545418837.0,0.86,0.46
2018-05-07,2292.07,2354.76,2354.76,2292.07,2.54,58.31,1745456,2292448006.0,2.73,0.68
2018-05-08,2357.81,2371.42,2372.45,2352.85,0.71,16.66,1951413,2545065315.0,0.83,0.77
2018-05-09,2361.87,2384.62,2387.56,2360.12,0.56,13.2,1712848,2286338569.0,1.16,0.67
2018-05-10,2382.45,2396.97,2396.97,2378.44,0.52,12.35,2369049,2757209620.0,0.78,0.93
2018-05-11,2397.16,2350.0,2397.16,2348.75,-1.96,-46.97,2166373,2573179419.0,2.02,0.85
2018-05-14,2335.05,2343.92,2356.09,2332.04,-0.26,-6.08,1595472,1988416931.0,1.02,0.63
2018-05-15,2340.88,2367.45,2367.45,2335.48,1.0,23.53,1456662,2065834056.0,1.36,0.57
2018-05-16,2355.81,2340.26,2361.64,2337.85,-1.15,-27.19,1509164,1912263969.0,1.0,0.59
2018-05-17,2337.17,2338.11,2341.47,2327.86,-0.09,-2.15,1294972,1759360102.0,0.58,0.51
2018-05-18,2335.23,2351.02,2351.02,2316.99,0.55,12.91,1347053,1742874393.0,1.46,0.53
2018-05-21,2369.5,2397.26,2398.82,2369.5,1.97,46.24,1799009,2316766420.0,1.25,0.71
2018-05-22,2408.75,2427.34,2427.34,2401.49,1.25,30.08,2237992,3294711941.0,1.08,0.88
2018-05-23,2426.63,2402.57,2428.16,2402.16,-1.02,-24.77,2251272,3091398522.0,1.07,0.88
2018-05-24,2399.34,2414.13,2422.07,2399.24,0.48,11.56,1945983,3158694636.0,0.95,0.76
2018-05-25,2411.64,2406.94,2418.56,2396.09,-0.3,-7.19,2281254,3352350627.0,0.93,0.89
2018-05-28,2402.47,2385.06,2402.47,2365.22,-0.91,-21.88,2265774,3049003564.0,1.55,0.89
2018-05-29,2368.91,2344.19,2384.19,2343.6,-1.71,-40.87,1690880,2242022536.0,1.7,0.66
2018-05-30,2307.4,2217.97,2307.4,2211.14,-5.38,-126.22,1897702,2264395897.0,4.11,0.74
2018-05-31,2242.8,2268.59,2268.59,2234.18,2.28,50.62,1468840,1860468176.0,1.55,0.58
2018-06-01,2249.92,2238.91,2277.99,2226.84,-1.31,-29.68,1589713,2065691830.0,2.25,0.62
2018-06-04,2233.8,2227.93,2245.1,2220.2,-0.49,-10.98,1418712,1905490802.0,1.11,0.56
2018-06-05,2222.86,2260.65,2260.65,2222.11,1.47,32.72,1439637,1957535228.0,1.73,0.56
2018-06-06,2259.17,2254.35,2259.22,2246.65,-0.28,-6.3,1720634,2519695001.0,0.56,0.67
2018-06-07,2249.82,2224.45,2257.34,2224.21,-1.33,-29.9,1482687,1945292775.0,1.47,0.58
2018-06-08,2214.88,2199.46,2214.88,2178.66,-1.12,-24.99,1638456,2041434294.0,1.63,0.64
2018-06-11,2188.08,2186.54,2200.78,2175.18,-0.59,-12.92,1314922,1828960088.0,1.16,0.52
2018-06-12,2174.37,2208.22,2209.79,2155.71,0.99,21.68,1656680,2295210369.0,2.47,0.65
2018-06-13,2196.72,2165.6,2201.5,2165.6,-1.93,-42.62,1615835,2258520238.0,1.63,0.63
2018-06-14,2151.54,2156.91,2177.95,2141.79,-0.4,-8.69,1415753,1838650117.0,1.67,0.56
2018-06-15,2151.3,2081.69,2160.92,2072.53,-3.49,-75.22,1622002,1935808620.0,4.1,0.64
2018-06-19,2032.61,1908.55,2032.61,1891.37,-8.32,-173.14,1997121,1979659438.0,6.78,0.78
2018-06-20,1887.92,1937.34,1948.35,1876.83,1.51,28.79,1576282,1615493980.0,3.75,0.62
2018-06-21,1926.72,1871.48,1938.26,1869.71,-3.4,-65.86,1877804,1949953218.0,3.54,0.74
2018-06-22,1847.97,1900.58,1903.63,1841.82,1.55,29.1,1594261,1674284391.0,3.3,0.63
2018-06-25,1917.89,1899.65,1926.12,1896.22,-0.05,-0.93,1542231,1708301231.0,1.57,0.6
2018-06-26,1867.19,1930.99,1931.18,1860.28,1.65,31.34,1460632,1560519248.0,3.73,0.57
2018-06-27,1935.24,1918.79,1949.81,1912.74,-0.63,-12.2,1425417,1563381961.0,1.92,0.56
2018-06-28,1920.36,1912.5,1942.63,1910.11,-0.33,-6.29,1308499,1446820110.0,1.69,0.51
2018-06-29,1912.1,1970.7,1971.83,1902.62,3.04,58.2,2076313,2140282071.0,3.62,0.81
2018-07-02,1971.51,1943.29,1977.03,1926.81,-1.39,-27.41,1736134,1808477080.0,2.55,0.68
2018-07-03,1949.71,1989.13,1989.13,1931.56,2.36,45.84,1992459,2119270986.0,2.96,0.78
2018-07-04,1983.28,1951.05,1983.28,1933.63,-1.91,-38.08,1646002,1883646109.0,2.5,0.65
2018-07-05,1944.04,1892.86,1950.51,1892.86,-2.98,-58.19,1471148,1576159086.0,2.95,0.58
2018-07-06,1896.29,1913.49,1932.68,1862.26,1.09,20.63,1764686,2121347734.0,3.72,0.69
2018-07-09,1922.51,1964.19,1964.19,1922.4,2.65,50.7,1725988,2100233584.0,2.18,0.68
2018-07-10,1968.01,1982.66,1982.72,1963.72,0.94,18.47,1574761,1807995095.0,0.97,0.62
2018-07-11,1958.24,1927.39,1958.24,1895.94,-2.79,-55.27,1943643,2445353071.0,3.14,0.76
2018-07-12,1922.58,1980.93,1987.02,1922.58,2.78,53.54,2153606,2590419380.0,3.34,0.84
2018-07-13,1976.96,1971.36,1985.4,1966.4,-0.48,-9.57,1832373,2021022734.0,0.96,0.72
2018-07-16,1963.46,1966.11,1968.53,1947.72,-0.27,-5.25,1614781,1701243463.0,1.06,0.63
2018-07-17,1962.74,1966.4,1966.4,1941.54,0.01,0.29,1340803,1501655309.0,1.26,0.53
2018-07-18,1964.37,1955.98,1978.9,1955.98,-0.53,-10.42,1420112,1492989357.0,1.17,0.56
2018-07-19,1953.41,1942.26,1966.41,1932.4,-0.7,-13.72,1415399,1581353292.0,1.74,0.56
2018-07-20,1941.57,1960.67,1964.42,1928.17,0.95,18.41,1459847,1678119418.0,1.87,0.57
2018-07-23,1953.9,1976.87,1976.87,1946.73,0.83,16.2,1380195,1550595534.0,1.54,0.54
2018-07-24,1982.13,2015.21,2015.64,1976.71,1.94,38.34,2119481,2068680083.0,1.97,0.83
2018-07-25,2021.94,2029.15,2031.13,2012.73,0.69,13.94,2580930,2535440638.0,0.91,1.01
2018-07-26,2033.73,2030.45,2033.73,2014.17,0.06,1.3,2926428,2868029295.0,0.96,1.15
2018-07-27,2020.52,2001.08,2020.52,1997.63,-1.45,-29.37,2150412,2066140744.0,1.13,0.84
2018-07-30,1993.36,1959.99,1997.27,1951.93,-2.05,-41.09,1943307,1914155069.0,2.27,0.76
2018-07-31,1954.85,1970.76,1974.63,1954.85,0.55,10.77,1411493,1391590429.0,1.01,0.55
2018-08-01,1975.69,1940.11,1988.68,1940.11,-1.56,-30.65,2162612,2188464550.0,2.46,0.85
2018-08-02,1934.64,1870.5,1934.64,1828.37,-3.59,-69.61,2165192,1904572729.0,5.48,0.85
2018-08-03,1869.92,1852.4,1880.75,1852.4,-0.97,-18.1,1523287,1386083429.0,1.52,0.6
2018-08-06,1846.91,1821.95,1855.62,1811.27,-1.64,-30.45,2457557,2090692307.0,2.39,0.96
2018-08-07,1823.65,1865.62,1865.62,1810.06,2.4,43.67,2239359,1941685917.0,3.05,0.88
2018-08-08,1861.6,1831.11,1866.05,1827.4,-1.85,-34.51,2513776,2113894526.0,2.07,0.99
2018-08-09,1823.51,1873.47,1879.29,1821.18,2.31,42.36,2329148,2021023199.0,3.17,0.91
2018-08-10,1873.35,1887.66,1889.27,1871.02,0.76,14.19,2091884,1823165601.0,0.97,0.82
2018-08-13,1864.14,1889.51,1889.51,1849.78,0.1,1.85,1805812,1723184431.0,2.1,0.71
2018-08-14,1880.4,1882.19,1889.97,1872.31,-0.39,-7.32,1572640,1424619932.0,0.93,0.62
2018-08-15,1880.19,1838.36,1881.04,1836.53,-2.33,-43.83,1502985,1373388071.0,2.36,0.59
2018-08-16,1811.9,1822.07,1838.35,1793.6,-0.89,-16.29,1416771,1347226675.0,2.43,0.56
2018-08-17,1833.75,1791.66,1838.2,1789.36,-1.67,-30.41,1607997,1408479129.0,2.68,0.63
2018-08-20,1786.53,1792.87,1797.81,1751.5,0.07,1.21,1436036,1267898386.0,2.58,0.56
2018-08-21,1791.29,1815.07,1817.1,1781.44,1.24,22.2,1393426,1291933379.0,1.99,0.55
2018-08-22,1809.64,1794.87,1814.48,1792.25,-1.11,-20.2,1936666,1642824985.0,1.22,0.76
2018-08-23,1790.46,1801.39,1808.99,1783.9,0.36,6.52,1810905,1514639476.0,1.4,0.71
2018-08-24,1795.7,1789.49,1802.5,1787.6,-0.66,-11.9,1482900,1341835396.0,0.83,0.58
2018-08-27,1793.02,1826.44,1826.44,1792.67,2.06,36.95,1671738,1490604679.0,1.89,0.66
2018-08-28,1826.73,1828.75,1832.7,1820.44,0.13,2.31,1613910,1474435547.0,0.67,0.63
2018-08-29,1823.89,1817.67,1823.89,1811.18,-0.61,-11.08,1576537,1433201263.0,0.7,0.62
2018-08-30,1822.14,1788.52,1823.33,1787.68,-1.6,-29.15,1604845,1389111639.0,1.96,0.63
2018-08-31,1782.89,1757.7,1782.89,1757.47,-1.72,-30.82,1381981,1229317995.0,1.42,0.54
2018-09-03,1752.96,1761.47,1761.47,1728.0,0.21,3.77,1285029,1175267475.0,1.9,0.5
2018-09-04,1760.94,1786.11,1788.38,1758.99,1.4,24.64,1371641,1160740231.0,1.67,0.54
2018-09-05,1787.48,1767.75,1798.18,1767.75,-1.03,-18.36,1693017,1342623493.0,1.7,0.66
2018-09-06,1767.42,1777.16,1791.94,1767.42,0.53,9.41,2291327,1935082042.0,1.39,0.9
2018-09-07,1771.71,1789.75,1803.82,1771.71,0.71,12.59,2192292,1969022882.0,1.81,0.86
2018-09-10,1785.03,1745.45,1785.04,1741.39,-2.48,-44.3,1871771,1670906006.0,2.44,0.73
2018-09-11,1743.3,1761.17,1770.11,1738.82,0.9,15.72,2092521,1832752449.0,1.79,0.82
2018-09-12,1760.19,1754.2,1769.3,1750.73,-0.4,-6.97,1766989,1567235533.0,1.05,0.69
2018-09-13,1762.91,1767.56,1767.56,1744.57,0.76,13.36,1727043,1498967362.0,1.31,0.68
2018-09-14,1767.68,1738.66,1768.62,1738.66,-1.64,-28.9,1527739,1334337210.0,1.69,0.6
2018-09-17,1735.69,1715.54,1735.69,1709.41,-1.33,-23.12,1436127,1165581407.0,1.51,0.56
2018-09-18,1707.93,1751.07,1751.07,1707.93,2.07,35.53,1847231,1445714700.0,2.51,0.72
2018-09-19,1751.62,1780.62,1790.18,1749.45,1.69,29.55,2404410,1918498502.0,2.33,0.94
2018-09-20,1782.04,1773.04,1792.25,1770.81,-0.43,-7.58,2835650,2220340265.0,1.2,1.11
2018-09-21,1771.31,1788.05,1788.97,1770.31,0.85,15.01,2587128,1973496299.0,1.05,1.01
2018-09-25,1776.45,1783.72,1793.94,1773.19,-0.24,-4.33,2384583,1798092604.0,1.16,0.94
2018-09-26,1782.62,1787.96,1795.42,1778.11,0.24,4.24,2010227,1598134194.0,0.97,0.79
2018-09-27,1786.61,1740.58,1788.0,1740.58,-2.65,-47.38,2080010,1700804277.0,2.65,0.82
2018-09-28,1745.01,1757.66,1757.84,1741.8,0.98,17.08,1517810,1233457752.0,0.92,0.6
2018-10-08,1733.8,1698.21,1733.8,1695.1,-3.38,-59.45,1406851,1134535745.0,2.2,0.55
2018-10-09,1707.14,1719.13,1723.26,1707.14,1.23,20.92,1539666,1273829412.0,0.95,0.6
2018-10-10,1721.57,1736.34,1741.16,1715.29,1.0,17.21,2016584,1644252314.0,1.5,0.79
2018-10-11,1677.5,1604.91,1683.82,1596.15,-7.57,-131.43,2641062,1989066137.0,5.05,1.04
2018-10-12,1585.21,1583.28,1593.55,1515.44,-1.35,-21.63,2759976,1941671060.0,4.87,1.08
2018-10-15,1587.57,1552.74,1597.81,1548.81,-1.93,-30.54,2151881,1596442504.0,3.09,0.84
2018-10-16,1550.05,1529.09,1566.41,1517.26,-1.52,-23.65,1705942,1245932082.0,3.17,0.67
2018-10-17,1550.26,1536.99,1556.16,1503.71,0.52,7.9,1955626,1582148435.0,3.43,0.77
2018-10-18,1527.41,1491.59,1527.41,1489.78,-2.95,-45.4,1864568,1460257786.0,2.45,0.73
2018-10-19,1459.79,1514.65,1516.64,1453.35,1.55,23.06,1874248,1398844966.0,4.24,0.73
2018-10-22,1530.72,1588.08,1599.23,1529.54,4.85,73.43,2354329,1806465799.0,4.6,0.92
2018-10-23,1581.57,1568.6,1590.14,1558.77,-1.23,-19.48,2040457,1510955259.0,1.98,0.8
2018-10-24,1562.69,1579.74,1590.93,1561.4,0.71,11.14,1702558,1255246097.0,1.88,0.67
2018-10-25,1531.48,1559.61,1563.46,1514.68,-1.27,-20.13,1800908,1266440518.0,3.09,0.71
2018-10-26,1574.33,1577.07,1591.23,1567.32,1.12,17.46,1586031,1116020406.0,1.53,0.62
2018-10-29,1576.02,1562.35,1582.1,1556.8,-0.93,-14.72,1376436,986857734.0,1.6,0.54
2018-10-30,1558.15,1582.73,1584.88,1540.01,1.3,20.38,1538855,1167863531.0,2.87,0.6
2018-10-31,1586.65,1607.52,1616.99,1586.65,1.57,24.79,1707854,1406198379.0,1.92,0.67
2018-11-01,1632.13,1627.07,1649.34,1625.34,1.22,19.55,2342053,1747310466.0,1.49,0.92
2018-11-02,1638.64,1670.98,1670.98,1638.64,2.7,43.91,2451347,2061376764.0,1.99,0.96
2018-11-05,1673.13,1689.41,1699.82,1664.97,1.1,18.43,2815551,2118612121.0,2.09,1.1
2018-11-06,1677.95,1682.64,1683.08,1657.1,-0.4,-6.77,2342512,1680971536.0,1.54,0.92
2018-11-07,1677.07,1668.92,1689.68,1668.56,-0.82,-13.72,2077675,1577291499.0,1.26,0.81
2018-11-08,1676.83,1670.18,1688.4,1667.29,0.08,1.26,1829865,1443813515.0,1.26,0.72
2018-11-09,1659.68,1670.76,1681.01,1659.68,0.03,0.58,1567709,1233026066.0,1.28,0.61
2018-11-12,1675.73,1719.02,1719.02,1675.21,2.89,48.26,2397740,1757587197.0,2.62,0.94
2018-11-13,1701.19,1761.77,1768.41,1699.8,2.49,42.75,3680245,2551671707.0,3.99,1.44
2018-11-14,1768.57,1760.19,1779.51,1756.01,-0.09,-1.58,3127340,2221940052.0,1.33,1.23
2018-11-15,1766.07,1805.24,1805.51,1764.51,2.56,45.05,3032752,2496533639.0,2.33,1.19
2018-11-16,1798.89,1815.25,1826.72,1798.49,0.55,10.01,3345666,2722847862.0,1.56,1.31
2018-11-19,1810.54,1822.88,1822.88,1792.76,0.42,7.63,2850774,2249890995.0,1.66,1.12
2018-11-20,1813.33,1794.4,1828.44,1791.2,-1.56,-28.48,3457891,2891765401.0,2.04,1.36
2018-11-21,1775.31,1822.63,1822.63,1772.99,1.57,28.23,3232382,2752332009.0,2.77,1.27
2018-11-22,1828.31,1829.83,1839.3,1824.46,0.4,7.2,2875828,2466731174.0,0.81,1.13
2018-11-23,1828.44,1747.59,1829.75,1744.97,-4.49,-82.24,3435411,2779088419.0,4.63,1.35
2018-11-26,1747.98,1743.8,1766.73,1731.9,-0.22,-3.79,2915261,2442215663.0,1.99,1.14
2018-11-27,1756.06,1761.33,1767.69,1747.58,1.01,17.53,2906110,2362777300.0,1.15,1.14
2018-11-28,1755.87,1779.61,1779.68,1726.71,1.04,18.28,2831204,2137015344.0,3.01,1.11
2018-11-29,1786.66,1730.53,1792.03,1730.53,-2.76,-49.08,2730115,2081943529.0,3.46,1.07
2018-11-30,1719.51,1742.88,1743.42,1697.42,0.71,12.35,2399249,1773799434.0,2.66,0.94
2018-12-03,1783.17,1803.63,1806.56,1776.63,3.49,60.75,2877612,2270685770.0,1.72,1.13
2018-12-04,1801.84,1821.18,1821.39,1799.53,0.97,17.55,2824885,2397936395.0,1.21,1.11
2018-12-05,1778.41,1803.05,1808.71,1772.94,-1.0,-18.13,2895812,2477823327.0,1.96,1.14
2018-12-06,1795.06,1769.22,1803.96,1765.97,-1.88,-33.83,2310399,1998183013.0,2.11,0.91
2018-12-07,1772.65,1775.52,1782.8,1766.8,0.36,6.3,1809703,1732546113.0,0.9,0.71
2018-12-10,1761.58,1746.52,1768.1,1745.09,-1.63,-29.0,1685796,1499299664.0,1.3,0.66
2018-12-11,1750.32,1766.77,1766.77,1750.07,1.16,20.25,1488683,1317359374.0,0.96,0.58
2018-12-12,1771.74,1762.07,1779.38,1757.9,-0.27,-4.7,1739917,1413303602.0,1.22,0.68
2018-12-13,1765.45,1779.59,1790.52,1760.61,0.99,17.52,1993749,1691312721.0,1.7,0.78
2018-12-14,1774.47,1723.97,1774.47,1719.15,-3.13,-55.62,2123531,1747600517.0,3.11,0.83
2018-12-17,1711.89,1724.24,1724.24,1695.18,0.02,0.27,1874526,1448103024.0,1.69,0.74
2018-12-18,1712.65,1712.62,1726.58,1698.02,-0.67,-11.62,1537069,1246034606.0,1.66,0.6
2018-12-19,1719.17,1699.68,1720.59,1689.16,-0.76,-12.94,1551888,1314922166.0,1.84,0.61
2018-12-20,1693.37,1717.45,1719.16,1693.37,1.05,17.77,1648778,1417308531.0,1.52,0.65
2018-12-21,1706.14,1702.38,1710.77,1686.43,-0.88,-15.07,1465524,1297376272.0,1.42,0.57
2018-12-24,1705.46,1722.49,1722.75,1703.64,1.18,20.11,1513378,1435481214.0,1.12,0.59
2018-12-25,1700.64,1689.51,1700.64,1642.82,-1.91,-32.98,2025739,1772058594.0,3.36,0.79
2018-12-26,1685.89,1687.53,1698.12,1684.28,-0.12,-1.98,1504220,1369370218.0,0.82,0.59
2018-12-27,1708.52,1649.89,1711.65,1649.89,-2.23,-37.64,1647865,1354583505.0,3.66,0.65
2018-12-28,1652.59,1646.72,1660.91,1640.16,-0.19,-3.17,1641996,1272628000.0,1.26,0.64
2019-01-02,1646.27,1646.72,1652.01,1640.32,0.0,0.0,1431885,1143726713.0,0.71,0.56
2019-01-03,1645.63,1646.69,1670.42,1644.58,0.0,-0.03,1944070,1909342456.0,1.57,0.76
2019-01-04,1633.24,1695.23,1695.65,1627.39,2.95,48.54,2402224,2094497202.0,4.15,0.94
2019-01-07,1710.02,1740.64,1742.93,1705.28,2.68,45.41,2600143,2170610614.0,2.22,1.02
2019-01-08,1743.43,1743.84,1750.36,1734.97,0.18,3.2,2324164,2156096399.0,0.88,0.91
2019-01-09,1743.61,1743.6,1766.21,1740.81,-0.01,-0.24,3171752,2603902245.0,1.46,1.24
2019-01-10,1738.13,1734.06,1752.42,1730.04,-0.55,-9.54,2856762,2375719348.0,1.28,1.12
2019-01-11,1732.31,1752.66,1752.87,1729.99,1.07,18.6,2406938,2195689257.0,1.32,0.94
2019-01-14,1750.87,1738.21,1756.2,1734.24,-0.82,-14.45,2010928,1868049334.0,1.25,0.79
2019-01-15,1735.86,1776.58,1777.52,1730.13,2.21,38.37,2886719,2388392079.0,2.73,1.13
2019-01-16,1776.61,1761.78,1777.2,1760.46,-0.83,-14.8,2657085,2437930279.0,0.94,1.04
2019-01-17,1759.25,1745.87,1761.5,1742.53,-0.9,-15.91,2254717,1978392957.0,1.08,0.88
2019-01-18,1742.72,1748.47,1759.24,1735.33,0.15,2.6,1959330,1785420005.0,1.37,0.77
2019-01-21,1749.42,1762.9,1766.23,1749.4,0.83,14.43,1754820,1609103805.0,0.96,0.69
2019-01-22,1757.71,1748.13,1758.37,1740.26,-0.84,-14.77,1873390,1682147372.0,1.03,0.73
2019-01-23,1742.48,1752.57,1752.58,1740.2,0.25,4.44,1577616,1520963215.0,0.71,0.62
2019-01-24,1752.75,1751.82,1758.36,1741.82,-0.04,-0.75,1609377,1507891083.0,0.94,0.63
2019-01-25,1750.85,1739.24,1761.5,1738.99,-0.72,-12.58,1773217,1692505218.0,1.28,0.7
2019-01-28,1752.01,1728.89,1759.91,1726.36,-0.6,-10.35,2710800,1986681456.0,1.93,1.06
2019-01-29,1716.92,1679.05,1716.92,1656.28,-2.88,-49.84,2557329,1891706609.0,3.51,1.0
2019-01-30,1663.67,1647.79,1675.35,1647.79,-1.86,-31.26,1868596,1465295766.0,1.64,0.73
2019-01-31,1631.47,1602.64,1644.96,1591.75,-2.74,-45.15,2091865,1581889724.0,3.23,0.82
2019-02-01,1605.92,1646.28,1646.37,1605.92,2.72,43.64,1429905,1173287862.0,2.52,0.56
2019-02-11,1651.86,1693.63,1693.63,1651.86,2.88,47.35,1602568,1291211171.0,2.54,0.63
2019-02-12,1693.81,1716.86,1722.42,1691.87,1.37,23.23,1837012,1528694681.0,1.8,0.72
2019-02-13,1719.53,1747.92,1751.61,1715.34,1.81,31.06,2391665,2065160085.0,2.11,0.94
2019-02-14,1745.93,1756.0,1764.4,1739.18,0.46,8.08,2511719,2025624428.0,1.44,0.98
2019-02-15,1759.63,1760.63,1771.24,1754.87,0.26,4.63,3037049,2051405518.0,0.93,1.19
2019-02-18,1773.81,1827.47,1827.47,1773.81,3.8,66.84,4062259,2904641220.0,3.05,1.59
2019-02-19,1842.64,1837.68,1852.38,1811.58,0.56,10.21,5412007,3489443119.0,2.23,2.12
2019-02-20,1832.4,1838.98,1839.57,1815.27,0.07,1.3,3998615,2709482442.0,1.32,1.57
2019-02-21,1842.53,1840.82,1873.35,1830.09,0.1,1.84,5252636,3897024632.0,2.35,2.06
2019-02-22,1828.36,1876.94,1876.94,1827.78,1.96,36.12,4249497,3223186264.0,2.67,1.67
2019-02-25,1894.23,1965.37,1965.37,1891.37,4.71,88.43,6060704,5236263200.0,3.94,2.38
2019-02-26,1961.75,1952.35,1992.68,1935.39,-0.66,-13.02,6008895,5212448426.0,2.91,2.36
2019-02-27,1948.33,1951.33,1978.69,1928.72,-0.05,-1.02,4822996,4419123536.0,2.56,1.89
2019-02-28,1951.3,1968.04,1978.45,1951.3,0.86,16.71,3822209,3373684017.0,1.39,1.5
2019-03-01,1972.72,1986.51,1986.79,1955.29,0.94,18.47,3706533,3385343998.0,1.6,1.45
2019-03-04,2005.9,2023.98,2047.7,1994.56,1.89,37.47,5656619,5229564863.0,2.68,2.22
2019-03-05,2020.54,2096.26,2096.26,2015.79,3.57,72.28,6160584,5351665386.0,3.98,2.42
2019-03-06,2114.64,2148.9,2149.04,2084.91,2.51,52.64,8357092,6773013703.0,3.06,3.28
2019-03-07,2150.82,2199.13,2210.85,2143.06,2.34,50.23,7623394,6883856826.0,3.15,2.99
2019-03-08,2162.27,2086.07,2198.94,2086.07,-5.14,-113.06,7228726,6406606017.0,5.13,2.83
2019-03-11,2108.17,2172.63,2172.63,2097.3,4.15,86.56,5736129,5091116962.0,3.61,2.25
2019-03-12,2187.01,2210.78,2226.77,2172.77,1.76,38.15,6769013,6048875679.0,2.49,2.65
2019-03-13,2217.51,2182.83,2235.74,2168.64,-1.26,-27.95,6650668,6709029592.0,3.04,2.61
2019-03-14,2160.5,2114.12,2176.87,2090.95,-3.15,-68.71,5294713,5381961229.0,3.94,2.08
2019-03-15,2125.22,2149.26,2159.37,2115.57,1.66,35.14,4194996,4577724891.0,2.07,1.64
2019-03-18,2159.96,2199.78,2199.78,2144.0,2.35,50.52,3927668,4422206390.0,2.6,1.54
2019-03-19,2214.94,2223.14,2230.14,2206.32,1.06,23.36,5363719,5434388985.0,1.08,2.1
2019-03-20,2227.13,2228.24,2231.46,2186.71,0.23,5.1,5223544,5685801570.0,2.01,2.05
2019-03-21,2229.28,2240.67,2264.06,2226.33,0.56,12.43,6217132,6732663916.0,1.69,2.44
2019-03-22,2237.06,2248.3,2249.24,2202.44,0.34,7.63,5609444,6081396265.0,2.09,2.2
2019-03-25,2211.11,2233.84,2260.21,2204.92,-0.64,-14.46,6013057,5890432184.0,2.46,2.36
2019-03-26,2244.61,2192.75,2252.04,2188.27,-1.84,-41.09,6113644,5921917775.0,2.85,2.4
2019-03-27,2208.38,2212.39,2212.41,2169.71,0.9,19.64,4661725,4908623026.0,1.95,1.83
2019-03-28,2200.48,2175.23,2227.16,2172.05,-1.68,-37.16,4531790,5111293265.0,2.49,1.78
2019-03-29,2172.27,2222.37,2223.89,2154.3,2.17,47.14,4728764,5194983165.0,3.2,1.85
2019-04-01,2230.87,2300.71,2300.72,2230.87,3.53,78.34,5012616,5730489217.0,3.14,1.97
2019-04-02,2314.62,2319.51,2341.86,2301.48,0.82,18.8,5798914,6624567779.0,1.76,2.27
2019-04-03,2308.59,2350.48,2350.56,2303.21,1.34,30.97,5110622,5840632664.0,2.04,2.0
2019-04-04,2366.35,2358.8,2370.99,2339.27,0.35,8.32,5153660,6279112793.0,1.35,2.02
2019-04-08,2367.49,2348.59,2372.37,2304.68,-0.43,-10.21,5236681,6726111888.0,2.87,2.05
2019-04-09,2338.78,2339.14,2343.58,2313.29,-0.4,-9.45,4354597,5228023656.0,1.29,1.71
2019-04-10,2316.72,2320.9,2342.01,2302.73,-0.78,-18.24,4327222,4843829580.0,1.68,1.7
2019-04-11,2322.66,2302.29,2334.18,2292.88,-0.8,-18.61,4337927,4805212578.0,1.78,1.7
2019-04-12,2297.4,2295.35,2308.42,2275.46,-0.3,-6.94,3486682,3937741668.0,1.43,1.37
2019-04-15,2316.35,2270.54,2325.16,2269.67,-1.08,-24.81,3441292,4046177991.0,2.42,1.35
2019-04-16,2252.3,2310.67,2310.67,2230.75,1.77,40.13,3569356,4103678516.0,3.52,1.4
2019-04-17,2309.06,2333.44,2343.52,2305.76,0.99,22.77,4067703,4729330557.0,1.63,1.6
2019-04-18,2333.3,2316.55,2339.87,2310.71,-0.72,-16.89,3359513,3926790957.0,1.25,1.32
2019-04-19,2311.5,2350.26,2350.26,2299.49,1.46,33.71,4093122,4758751971.0,2.19,1.61
2019-04-22,2350.27,2313.5,2350.27,2304.6,-1.56,-36.76,3875454,4726903885.0,1.94,1.52
2019-04-23,2301.13,2257.48,2302.73,2256.27,-2.42,-56.02,3334086,3863065127.0,2.01,1.31
2019-04-24,2260.87,2279.81,2280.05,2240.49,0.99,22.33,2533226,2977940001.0,1.75,0.99
2019-04-25,2274.62,2172.07,2277.42,2170.33,-4.73,-107.74,3297308,3771747064.0,4.7,1.29
2019-04-26,2163.03,2140.54,2171.32,2140.07,-1.45,-31.53,2511875,2811945913.0,1.44,0.98
2019-04-29,2135.81,2058.62,2139.38,2057.7,-3.83,-81.92,2934969,3076267482.0,3.82,1.15
2019-04-30,2046.03,2076.44,2094.72,2046.03,0.87,17.82,2111482,2237450319.0,2.37,0.83
2019-05-06,2017.54,1913.63,2017.54,1898.39,-7.84,-162.81,2749472,2601397997.0,5.74,1.08
2019-05-07,1928.66,1950.19,1961.55,1913.92,1.91,36.56,2077599,2092040787.0,2.49,0.81
2019-05-08,1913.72,1964.46,1981.61,1902.35,0.73,14.27,2020193,2122118183.0,4.06,0.79
2019-05-09,1952.13,1960.7,1980.97,1950.63,-0.19,-3.76,1846449,2051922491.0,1.54,0.72
2019-05-10,1986.13,2030.5,2030.5,1948.88,3.56,69.8,2788413,2739459145.0,4.16,1.09
2019-05-13,2014.34,2019.99,2032.3,2005.52,-0.52,-10.51,2324358,2152430715.0,1.32,0.91
2019-05-14,1989.79,2000.02,2020.87,1989.79,-0.99,-19.97,1907342,1864711391.0,1.54,0.75
2019-05-15,2017.41,2045.38,2048.25,2013.07,2.27,45.36,2008935,2112351034.0,1.76,0.79
2019-05-16,2049.31,2064.25,2069.8,2041.61,0.92,18.87,2450552,2366789225.0,1.38,0.96
2019-05-17,2064.76,1978.32,2064.76,1969.99,-4.16,-85.93,2892272,2624445271.0,4.59,1.13
2019-05-20,1975.09,1978.32,1979.52,1935.19,0.0,0.0,1806902,1736362884.0,2.24,0.71
2019-05-21,1976.49,2011.81,2018.06,1973.71,1.69,33.49,2141461,2043000735.0,2.24,0.84
2019-05-22,2015.49,2007.76,2027.33,1989.64,-0.2,-4.05,1936622,1994742010.0,1.87,0.76
2019-05-23,2007.17,1961.09,2007.17,1955.0,-2.32,-46.67,1806328,1837744554.0,2.6,0.71
2019-05-24,1954.81,1969.21,1977.06,1954.39,0.41,8.12,2098845,2260598501.0,1.16,0.82
2019-05-27,1961.24,2018.69,2019.61,1952.75,2.51,49.48,2666151,2808562459.0,3.4,1.05
2019-05-28,2012.15,2010.68,2034.37,2002.56,-0.4,-8.01,2388856,2549018571.0,1.58,0.94
2019-05-29,2004.71,2018.16,2031.1,2000.43,0.37,7.48,1960314,2126451966.0,1.53,0.77
2019-05-30,2009.43,2004.29,2010.26,1979.53,-0.69,-13.87,1919900,2080173055.0,1.52,0.75
2019-05-31,2006.57,2012.34,2025.96,2001.95,0.4,8.05,2198749,2438179787.0,1.2,0.86
2019-06-03,2018.41,1973.99,2020.62,1967.73,-1.91,-38.35,1999886,2196744596.0,2.63,0.78
2019-06-04,1972.61,1944.25,1974.87,1927.31,-1.51,-29.74,1817235,1921743682.0,2.41,0.71
2019-06-05,1961.16,1944.14,1963.08,1936.97,-0.01,-0.11,1688938,1780035802.0,1.34,0.66
2019-06-06,1940.2,1886.09,1940.2,1878.9,-2.99,-58.05,1779973,1667703556.0,3.15,0.7
2019-06-10,1886.33,1897.14,1904.38,1874.17,0.59,11.05,1403686,1397224104.0,1.6,0.55
2019-06-11,1898.46,1967.93,1969.38,1897.43,3.73,70.79,2464743,2477462514.0,3.79,0.97
2019-06-12,1966.23,1962.64,1979.12,1960.17,-0.27,-5.29,2074632,2096131857.0,0.96,0.81
2019-06-13,1962.08,1995.51,2001.72,1962.08,1.67,32.87,2899392,2749068157.0,2.02,1.14
2019-06-14,1996.6,1943.36,1998.75,1940.03,-2.61,-52.15,2370436,2214439430.0,2.94,0.93
2019-06-17,1942.02,1943.46,1951.63,1931.51,0.01,0.1,1516768,1426676891.0,1.04,0.59
2019-06-18,1942.96,1943.67,1952.55,1930.78,0.01,0.21,1467141,1392655645.0,1.12,0.58
2019-06-19,1976.93,1965.24,1985.27,1962.82,1.11,21.57,2119023,2102983231.0,1.16,0.83
2019-06-20,1965.94,2000.76,2004.02,1960.51,1.81,35.52,2727438,2633171937.0,2.21,1.07
2019-06-21,2037.82,2051.47,2057.34,2031.89,2.53,50.71,3814835,3651133397.0,1.27,1.5
2019-06-24,2052.05,2036.36,2052.05,2028.86,-0.74,-15.11,2913500,2767617767.0,1.13,1.14
2019-06-25,2033.75,2027.48,2034.89,2007.64,-0.44,-8.88,2826700,2742533453.0,1.34,1.11
2019-06-26,2018.99,2029.55,2036.89,2013.38,0.1,2.07,2294852,2094723138.0,1.16,0.9
2019-06-27,2035.71,2032.93,2042.78,2029.08,0.17,3.38,2252337,2164510205.0,0.68,0.88
2019-06-28,2028.3,1995.14,2028.3,1980.3,-1.86,-37.79,2090619,2001720284.0,2.36,0.82
2019-07-01,2028.96,2045.24,2045.24,2023.35,2.51,50.1,2474878,2453911239.0,1.1,0.97
2019-07-02,2043.14,2050.51,2051.27,2037.47,0.26,5.27,2144966,2144881191.0,0.67,0.84
2019-07-03,2042.16,2031.69,2042.16,2026.1,-0.92,-18.82,2017581,1956923022.0,0.78,0.79
2019-07-04,2033.85,2025.12,2041.01,2016.53,-0.32,-6.57,1959426,2020068963.0,1.2,0.77
2019-07-05,2026.57,2035.71,2039.02,2019.21,0.52,10.59,1582429,1666958561.0,0.98,0.62
2019-07-08,2026.97,1949.84,2026.97,1946.37,-4.22,-85.87,2104085,2052611956.0,3.96,0.83
2019-07-09,1946.97,1955.94,1961.15,1937.09,0.31,6.1,1403436,1324473994.0,1.23,0.55
2019-07-10,1958.55,1940.46,1960.55,1933.47,-0.79,-15.48,1349046,1278290143.0,1.38,0.53
2019-07-11,1944.77,1938.36,1963.48,1926.48,-0.11,-2.1,1279351,1208029589.0,1.91,0.5
2019-07-12,1940.68,1937.63,1943.47,1925.07,-0.04,-0.73,1120205,1013043683.0,0.95,0.44
2019-07-15,1932.07,1953.48,1956.34,1902.46,0.82,15.85,1502788,1351375247.0,2.78,0.59
2019-07-16,1949.65,1953.95,1955.36,1944.83,0.02,0.47,1244620,1100740411.0,0.54,0.49
2019-07-17,1952.94,1960.47,1965.59,1947.08,0.33,6.52,1372412,1271140729.0,0.95,0.54
2019-07-18,1954.7,1919.22,1954.7,1919.22,-2.1,-41.25,1310951,1179405834.0,1.81,0.51
2019-07-19,1923.9,1924.78,1945.46,1923.28,0.29,5.56,1124380,1043598911.0,1.16,0.44
2019-07-22,1924.6,1862.42,1924.6,1862.42,-3.24,-62.36,1433840,1265415831.0,3.23,0.56
2019-07-23,1855.99,1894.83,1894.83,1855.99,1.74,32.41,1250919,1399943181.0,2.09,0.49
2019-07-24,1905.41,1929.87,1935.42,1905.41,1.85,35.04,1635476,1908403857.0,1.58,0.64
2019-07-25,1935.71,1935.44,1947.57,1930.91,0.29,5.57,1680013,2119452101.0,0.86,0.66
2019-07-26,1929.75,1931.11,1933.96,1919.93,-0.22,-4.33,1601613,1761852895.0,0.72,0.63
2019-07-29,1935.01,1936.98,1944.85,1928.93,0.3,5.87,1459037,1945907684.0,0.82,0.57
2019-07-30,1934.39,1956.95,1962.15,1934.39,1.03,19.97,1841249,2505460089.0,1.43,0.72
2019-07-31,1948.78,1947.95,1950.73,1934.89,-0.46,-9.0,1623350,2266235023.0,0.81,0.64
2019-08-01,1937.35,1956.06,1956.33,1931.42,0.42,8.11,1692100,2432751003.0,1.28,0.66
2019-08-02,1918.45,1920.78,1933.4,1907.76,-1.8,-35.28,1929868,2916082463.0,1.31,0.76
2019-08-05,1911.67,1908.03,1935.67,1905.25,-0.66,-12.75,1553564,2213980220.0,1.58,0.61
2019-08-06,1870.39,1846.48,1870.39,1805.97,-3.23,-61.55,2088801,2704885586.0,3.38,0.82
2019-08-07,1854.0,1850.87,1863.96,1844.46,0.24,4.39,1461350,2031514709.0,1.06,0.57
2019-08-08,1853.99,1857.18,1861.44,1848.79,0.34,6.31,1383100,1777246579.0,0.68,0.54
2019-08-09,1864.08,1838.78,1871.47,1835.17,-0.99,-18.4,1369919,1779110131.0,1.95,0.54
2019-08-12,1837.69,1868.25,1868.25,1835.36,1.6,29.47,1621307,1912496009.0,1.79,0.64
2019-08-13,1854.04,1858.68,1859.84,1847.15,-0.51,-9.57,1448953,1795436008.0,0.68,0.57
2019-08-14,1881.97,1871.89,1892.31,1870.41,0.71,13.21,1416427,1946546176.0,1.18,0.56
2019-08-15,1827.82,1880.48,1880.8,1821.0,0.46,8.59,1756988,2140956646.0,3.19,0.69
2019-08-16,1878.07,1884.63,1898.19,1878.07,0.22,4.15,1659209,2353549177.0,1.07,0.65
2019-08-19,1902.12,1940.39,1940.49,1902.12,2.96,55.76,2329732,2801737730.0,2.04,0.91
2019-08-20,1944.86,1935.04,1950.29,1930.06,-0.28,-5.35,2388171,2772656298.0,1.04,0.94
2019-08-21,1929.01,1933.45,1938.83,1925.59,-0.08,-1.59,1787989,2124582450.0,0.68,0.7
2019-08-22,1934.57,1946.83,1947.19,1924.45,0.69,13.38,1923421,2110495495.0,1.18,0.75
2019-08-23,1949.38,1954.56,1961.49,1947.49,0.4,7.73,2438616,2900489877.0,0.72,0.96
2019-08-26,1908.79,1937.68,1944.36,1908.42,-0.86,-16.88,2275156,2219866063.0,1.84,0.89
2019-08-27,1943.48,1968.2,1971.72,1943.48,1.58,30.52,2508801,2505650608.0,1.46,0.98
2019-08-28,1960.57,1960.36,1965.9,1954.19,-0.4,-7.84,2133945,2343697900.0,0.59,0.84
2019-08-29,1963.16,1955.73,1963.29,1948.63,-0.24,-4.63,2017369,2434602484.0,0.75,0.79
2019-08-30,1962.89,1920.82,1963.66,1912.31,-1.79,-34.91,2354781,2480761512.0,2.63,0.92
2019-09-02,1918.42,1964.55,1966.04,1918.42,2.28,43.73,2356752,2398170765.0,2.48,0.92
2019-09-03,1967.13,1975.03,1975.26,1960.77,0.53,10.48,2091031,2490078977.0,0.74,0.82
2019-09-04,1971.72,1983.83,1983.83,1964.77,0.45,8.8,2217427,2377713839.0,0.97,0.87
2019-09-05,1992.04,2002.26,2020.32,1991.71,0.93,18.43,2927641,2961223921.0,1.44,1.15
2019-09-06,2007.8,2009.9,2014.88,1995.6,0.38,7.64,2422128,2347375888.0,0.96,0.95
2019-09-09,2029.7,2060.36,2060.36,2020.19,2.51,50.46,3298777,3258946360.0,2.0,1.29
2019-09-10,2058.37,2070.48,2071.66,2046.67,0.49,10.12,3771509,3250823619.0,1.21,1.48
2019-09-11,2071.11,2063.58,2079.82,2061.31,-0.33,-6.9,3668545,3074987814.0,0.89,1.44
2019-09-12,2062.1,2068.79,2069.43,2046.51,0.25,5.21,2634342,2345923030.0,1.11,1.03
2019-09-16,2073.41,2070.71,2079.95,2064.5,0.09,1.92,2215327,2138664092.0,0.75,0.87
2019-09-17,2067.62,2015.32,2067.62,2006.46,-2.67,-55.39,2232716,2169189761.0,2.95,0.88
2019-09-18,2020.76,2027.41,2034.51,2017.17,0.6,12.09,1968288,2052136063.0,0.86,0.77
2019-09-19,2035.14,2062.48,2062.48,2032.16,1.73,35.07,2154723,2485078544.0,1.5,0.84
2019-09-20,2067.56,2061.46,2069.63,2051.56,-0.05,-1.02,2239951,2363699123.0,0.88,0.88
2019-09-23,2056.72,2056.52,2056.72,2030.09,-0.24,-4.94,2425723,2556873952.0,1.29,0.95
2019-09-24,2060.5,2067.22,2076.92,2058.78,0.52,10.7,2355983,2501187039.0,0.88,0.92
2019-09-25,2055.9,2040.9,2061.73,2038.42,-1.27,-26.32,3063433,3430669713.0,1.13,1.2
2019-09-26,2044.41,1993.52,2047.51,1993.45,-2.32,-47.38,3048340,3552179356.0,2.65,1.2
2019-09-27,1993.89,2028.16,2029.56,1993.89,1.74,34.64,2398527,3015935267.0,1.79,0.94
2019-09-30,2020.57,1996.35,2024.33,1995.63,-1.57,-31.81,1955578,2374807038.0,1.42,0.77
2019-10-08,1986.2,1992.56,2005.38,1986.2,-0.19,-3.79,1939273,2294444586.0,0.96,0.76
2019-10-09,1982.82,2003.46,2003.47,1971.33,0.55,10.9,1648636,1912023416.0,1.61,0.65
2019-10-10,2004.09,2019.97,2019.97,2004.0,0.82,16.51,1932313,2050334585.0,0.8,0.76
2019-10-11,2023.28,2028.32,2030.98,2006.38,0.41,8.35,2186182,2336695245.0,1.22,0.86
2019-10-14,2039.04,2066.2,2066.2,2038.7,1.87,37.88,3107541,2754278782.0,1.36,1.22
2019-10-15,2062.14,2036.78,2062.14,2033.76,-1.42,-29.42,3802130,2769322469.0,1.37,1.49
2019-10-16,2031.43,2019.22,2033.44,2015.47,-0.86,-17.56,2706511,2226929660.0,0.88,1.06
2019-10-17,2021.27,2020.63,2032.39,2013.51,0.07,1.41,2172940,2207310658.0,0.94,0.85
2019-10-18,2015.49,1991.77,2023.58,1981.86,-1.43,-28.86,2204529,2278257054.0,2.06,0.86
2019-10-21,1993.07,1984.91,1993.07,1964.17,-0.34,-6.86,1984157,2040404084.0,1.45,0.78
2019-10-22,1983.27,2000.5,2000.61,1978.67,0.79,15.59,1782304,1886241008.0,1.11,0.7
2019-10-23,1996.68,1983.63,1996.68,1977.94,-0.84,-16.87,1770333,1822356132.0,0.94,0.69
2019-10-24,1982.98,1986.19,1989.21,1973.58,0.13,2.56,1708913,1848638425.0,0.79,0.67
2019-10-25,1981.53,1985.61,1988.74,1960.7,-0.03,-0.58,1729315,1787546915.0,1.41,0.68
2019-10-28,1982.45,2019.51,2020.13,1982.45,1.71,33.9,2182148,2218596749.0,1.9,0.86
2019-10-29,2016.52,1987.2,2016.52,1986.71,-1.6,-32.31,2120080,2377521836.0,1.48,0.83
2019-10-30,1982.21,1947.38,1982.21,1943.85,-2.0,-39.82,1988150,1820175693.0,1.93,0.78
2019-10-31,1938.46,1923.42,1944.48,1922.23,-1.23,-23.96,1786711,1749123878.0,1.14,0.7
2019-11-01,1908.96,1930.43,1933.33,1901.61,0.36,7.01,2447776,2080583038.0,1.65,0.96
2019-11-04,1929.44,1933.2,1943.58,1929.44,0.14,2.77,2002545,1814027083.0,0.73,0.79
2019-11-05,1934.71,1920.49,1934.71,1913.96,-0.66,-12.71,1667856,1585618450.0,1.07,0.65
2019-11-06,1918.43,1895.02,1918.46,1891.14,-1.33,-25.47,2028970,2035358528.0,1.42,0.8
2019-11-07,1891.99,1911.33,1911.33,1886.93,0.86,16.31,1797187,2009551799.0,1.29,0.7
2019-11-08,1917.62,1911.82,1924.57,1909.04,0.03,0.49,1863579,2070845365.0,0.81,0.73
2019-11-11,1901.5,1857.44,1901.5,1853.22,-2.84,-54.38,2012416,1966931181.0,2.53,0.79
2019-11-12,1854.81,1871.28,1871.72,1844.99,0.75,13.84,1932723,1874217647.0,1.44,0.76
2019-11-13,1871.33,1867.26,1872.32,1855.68,-0.21,-4.02,1894676,1876975204.0,0.89,0.74
2019-11-14,1865.87,1872.97,1878.06,1863.46,0.31,5.71,1709922,1817090322.0,0.78,0.67
2019-11-15,1870.46,1852.82,1877.58,1852.82,-1.08,-20.15,2021929,2023093155.0,1.32,0.79
2019-11-18,1853.99,1873.73,1873.73,1847.05,1.13,20.91,1911843,1955016216.0,1.44,0.75
2019-11-19,1874.96,1905.15,1905.34,1873.81,1.68,31.42,2047039,2152103821.0,1.68,0.8
2019-11-20,1903.79,1893.19,1903.79,1887.6,-0.63,-11.96,2051337,2052586765.0,0.85,0.8
2019-11-21,1890.54,1889.29,1901.49,1883.45,-0.21,-3.9,2015550,1912948023.0,0.95,0.79
2019-11-22,1889.41,1872.65,1904.8,1861.8,-0.88,-16.64,1875995,1836020671.0,2.28,0.74
2019-11-25,1871.82,1859.66,1871.82,1846.46,-0.69,-12.99,1744039,1802304746.0,1.35,0.68
2019-11-26,1858.17,1854.54,1862.06,1850.21,-0.28,-5.12,1344649,1402236276.0,0.64,0.53
2019-11-27,1853.13,1852.43,1857.49,1842.07,-0.11,-2.11,1365048,1348670081.0,0.83,0.54
2019-11-28,1852.13,1849.88,1859.63,1845.81,-0.14,-2.55,1333799,1402693238.0,0.75,0.52
2019-11-29,1848.11,1846.08,1848.11,1831.35,-0.21,-3.8,1369071,1429202479.0,0.91,0.54
2019-12-02,1843.3,1843.84,1851.17,1839.81,-0.12,-2.24,1240471,1235956701.0,0.62,0.49
2019-12-03,1839.72,1855.08,1855.08,1827.16,0.61,11.24,1496634,1543942677.0,1.51,0.59
2019-12-04,1844.27,1864.46,1869.87,1841.87,0.51,9.38,1473246,1438675355.0,1.51,0.58
2019-12-05,1865.49,1880.29,1881.33,1865.49,0.85,15.83,2069583,1899403414.0,0.85,0.81
2019-12-06,1878.91,1886.79,1887.37,1873.66,0.35,6.5,1869465,1663877799.0,0.73,0.73
2019-12-09,1889.51,1897.15,1897.71,1888.17,0.55,10.36,1747286,1638054093.0,0.51,0.69
2019-12-10,1891.36,1911.37,1911.69,1889.33,0.75,14.22,1951597,2030681805.0,1.18,0.77
2019-12-11,1909.6,1898.38,1912.45,1892.6,-0.68,-12.99,1755784,1739739936.0,1.04,0.69
2019-12-12,1896.18,1889.64,1901.94,1888.67,-0.46,-8.74,1588247,1502536443.0,0.7,0.62
2019-12-13,1900.07,1911.92,1911.92,1898.52,1.18,22.28,2072427,1959366284.0,0.71,0.81
2019-12-16,1914.62,1948.15,1948.15,1913.64,1.89,36.23,2552591,2366837329.0,1.8,1.0
2019-12-17,1951.39,1966.03,1968.51,1946.19,0.92,17.88,2735170,2667630887.0,1.15,1.07
2019-12-18,1967.17,1966.77,1973.21,1960.45,0.04,0.74,2485398,2397179071.0,0.65,0.97
2019-12-19,1965.57,1976.53,1978.57,1962.9,0.5,9.76,2150889,2115028579.0,0.8,0.84
2019-12-20,1976.97,1961.0,1980.63,1961.0,-0.79,-15.53,2230981,2188938424.0,0.99,0.87
2019-12-23,1957.52,1917.62,1957.52,1917.47,-2.21,-43.38,2118870,1944122931.0,2.04,0.83
2019-12-24,1916.57,1950.01,1950.01,1916.57,1.69,32.39,1845326,1646228548.0,1.74,0.72
2019-12-25,1950.11,1952.06,1959.15,1942.64,0.11,2.05,1869043,1786715219.0,0.85,0.73
2019-12-26,1951.74,1972.84,1972.84,1951.74,1.06,20.78,2074004,2053628115.0,1.08,0.81
2019-12-27,1974.98,1951.24,1980.72,1950.16,-1.09,-21.6,2251480,2113033105.0,1.55,0.88
2019-12-30,1942.35,1957.63,1957.75,1913.58,0.33,6.39,2054063,1919320908.0,2.26,0.81
2019-12-31,1956.75,1962.38,1962.38,1948.17,0.24,4.75,1741628,1653862054.0,0.73,0.68
2020-01-02,1971.09,1988.9,1988.9,1965.51,1.35,26.52,2368135,2339695934.0,1.19,0.93
2020-01-03,1990.74,1996.0,1998.5,1982.71,0.36,7.1,2326287,2400790578.0,0.79,0.91
2020-01-06,1987.13,2019.1,2027.53,1980.49,1.16,23.1,3216867,3001286788.0,2.36,1.26
2020-01-07,2020.06,2054.48,2054.48,2020.06,1.75,35.38,3591472,3164076792.0,1.7,1.41
2020-01-08,2046.12,2041.14,2069.57,2034.13,-0.65,-13.34,3688913,3581908097.0,1.73,1.45
2020-01-09,2049.13,2078.3,2078.3,2049.13,1.82,37.16,2997607,2953523477.0,1.43,1.18
2020-01-10,2077.59,2070.85,2077.99,2056.33,-0.36,-7.45,2980289,3000881212.0,1.04,1.17
2020-01-13,2074.32,2081.14,2081.56,2045.3,0.5,10.29,2718225,2881727356.0,1.75,1.07
2020-01-14,2083.41,2087.87,2093.65,2080.34,0.32,6.73,3109187,3249751062.0,0.64,1.22
2020-01-15,2085.58,2065.13,2085.58,2056.45,-1.09,-22.74,2743657,3035133234.0,1.4,1.08
2020-01-16,2072.51,2072.64,2087.71,2070.45,0.36,7.51,3044651,3176209727.0,0.84,1.19
2020-01-17,2081.93,2064.11,2088.55,2064.11,-0.41,-8.53,3112979,3853333212.0,1.18,1.22
2020-01-20,2062.92,2077.9,2080.2,2049.45,0.67,13.79,3243076,3839851464.0,1.49,1.27
2020-01-21,2069.43,2058.61,2075.44,2054.01,-0.93,-19.29,3082619,3654395899.0,1.03,1.21
2020-01-22,2043.76,2054.5,2061.1,2007.05,-0.2,-4.11,2794294,3245668889.0,2.63,1.1
2020-01-23,2043.58,1992.82,2055.2,1972.54,-3.0,-61.68,3241861,3535528476.0,4.02,1.27
2020-02-03,1792.73,1795.09,1802.98,1788.12,-9.92,-197.73,1097157,1292321701.0,0.75,0.43
2020-02-04,1659.78,1763.37,1770.28,1659.78,-1.77,-31.72,3724084,3546498985.0,6.16,1.46
2020-02-05,1773.53,1811.11,1836.49,1773.53,2.71,47.74,3272564,3614648235.0,3.57,1.28
2020-02-06,1810.07,1850.99,1861.5,1796.58,2.2,39.88,3385739,3816643390.0,3.58,1.33
2020-02-07,1856.63,1876.93,1877.7,1840.92,1.4,25.94,3489740,4016724507.0,1.99,1.37
2020-02-10,1886.61,1908.1,1910.05,1876.81,1.66,31.17,3047920,3958039791.0,1.77,1.2
2020-02-11,1907.73,1901.82,1914.51,1888.2,-0.33,-6.28,2970901,3772430594.0,1.38,1.16
2020-02-12,1897.92,1937.6,1937.6,1896.56,1.88,35.78,3663913,4359881418.0,2.16,1.44
2020-02-13,1933.53,1917.43,1943.65,1913.19,-1.04,-20.17,3575417,4414493004.0,1.57,1.4
2020-02-14,1912.44,1921.17,1933.97,1906.13,0.2,3.74,3065273,3942612392.0,1.45,1.2
2020-02-17,1934.28,2000.56,2000.56,1934.28,4.13,79.39,3787550,4403199840.0,3.45,1.49
2020-02-18,2014.94,2051.77,2051.77,2007.16,2.56,51.21,4134074,4506735261.0,2.23,1.62
2020-02-19,2057.86,2047.27,2073.65,2045.58,-0.22,-4.5,4777501,5346813980.0,1.37,1.87
2020-02-20,2056.48,2093.92,2095.27,2046.49,2.28,46.65,4794848,5044103547.0,2.38,1.88
2020-02-21,2092.87,2105.82,2120.59,2091.38,0.57,11.9,5445861,5650985030.0,1.39,2.14
2020-02-24,2094.66,2137.29,2139.3,2090.75,1.49,31.47,5281568,5592635557.0,2.31,2.07
2020-02-25,2092.85,2135.74,2138.02,2044.08,-0.07,-1.55,6477610,6488052257.0,4.4,2.54
2020-02-26,2098.33,2106.86,2150.17,2098.33,-1.35,-28.88,5929814,5769520530.0,2.43,2.33
2020-02-27,2118.15,2120.9,2133.42,2083.57,0.67,14.04,4551283,4670889588.0,2.37,1.78
2020-02-28,2061.83,2016.0,2086.44,2014.3,-4.95,-104.9,4939111,4908991704.0,3.4,1.94
2020-03-02,2042.48,2113.98,2115.54,2042.48,4.86,97.98,4576946,4845900289.0,3.62,1.79
2020-03-03,2145.45,2152.58,2179.6,2132.75,1.83,38.6,5834472,6225699434.0,2.22,2.29
2020-03-04,2150.12,2179.66,2180.22,2146.99,1.26,27.08,5019097,5287170922.0,1.54,1.97
2020-03-05,2204.57,2226.88,2227.94,2202.46,2.17,47.22,5778656,6227422393.0,1.17,2.27
2020-03-06,2204.9,2248.26,2265.77,2198.02,0.96,21.38,6787707,6268913208.0,3.04,2.66
2020-03-09,2227.81,2183.89,2242.09,2183.76,-2.86,-64.37,6877459,6707385989.0,2.59,2.7
2020-03-10,2139.17,2215.66,2215.66,2101.63,1.45,31.77,7406565,5853277531.0,5.22,2.9
2020-03-11,2213.11,2193.59,2239.61,2191.9,-1.0,-22.07,8285880,6949261983.0,2.15,3.25
2020-03-12,2157.22,2119.27,2166.95,2101.35,-3.39,-74.32,5339065,4582360685.0,2.99,2.09
2020-03-13,2001.29,2079.31,2096.52,2001.29,-1.89,-39.96,4812090,4213505665.0,4.49,1.89
2020-03-16,2107.18,2002.45,2112.92,1995.21,-3.7,-76.86,5210879,4453264724.0,5.66,2.04
2020-03-17,2004.06,1994.75,2019.34,1927.83,-0.38,-7.7,3877714,3271932299.0,4.57,1.52
2020-03-18,2016.88,1978.71,2053.56,1978.71,-0.8,-16.04,4293937,3877510111.0,3.75,1.68
2020-03-19,1983.09,2000.92,2007.69,1945.55,1.12,22.21,3722077,3385243909.0,3.14,1.46
2020-03-20,2022.49,2024.6,2029.49,1989.22,1.18,23.68,2940360,2770302713.0,2.01,1.15
2020-03-23,1980.5,1951.17,2000.0,1943.53,-3.63,-73.43,3653830,3724163869.0,2.79,1.43
2020-03-24,1984.38,1987.88,2002.73,1935.63,1.88,36.71,3676203,3737267110.0,3.44,1.44
2020-03-25,2029.13,2041.66,2041.77,2021.78,2.71,53.78,3707070,3697308281.0,1.01,1.45
2020-03-26,2034.74,2019.5,2034.74,2005.45,-1.09,-22.16,3526151,3202412750.0,1.43,1.38
2020-03-27,2040.31,2017.81,2040.31,2011.74,-0.08,-1.69,3459558,3457495966.0,1.41,1.36
2020-03-30,1977.8,1955.27,1977.8,1936.12,-3.1,-62.54,3728403,3657896336.0,2.07,1.46
2020-03-31,1965.81,1925.2,1965.93,1925.2,-1.54,-30.07,2876932,2865209014.0,2.08,1.13
2020-04-01,1919.51,1904.06,1931.95,1899.96,-1.1,-21.14,2717886,2611974918.0,1.66,1.07
2020-04-02,1891.9,1946.53,1946.53,1887.05,2.23,42.47,2772202,2711282962.0,3.12,1.09
2020-04-03,1946.28,1932.47,1952.39,1926.95,-0.72,-14.06,2822097,2751389029.0,1.31,1.11
2020-04-07,1958.53,1991.21,1991.71,1957.63,3.04,58.74,3350015,3190625534.0,1.76,1.31
2020-04-08,1987.47,2009.56,2012.27,1986.37,0.92,18.35,3073806,2861402163.0,1.3,1.21
2020-04-09,2028.24,2023.42,2030.37,2013.9,0.69,13.86,3490092,3357030257.0,0.82,1.37
2020-04-10,2018.19,1964.81,2018.19,1956.86,-2.9,-58.61,3265296,3134758433.0,3.03,1.28
2020-04-13,1951.46,1952.97,1956.65,1934.45,-0.6,-11.84,2748051,2629311085.0,1.13,1.08
2020-04-14,1955.08,1975.4,1976.75,1947.63,1.15,22.43,2673087,2445465905.0,1.49,1.05
2020-04-15,1975.07,1954.33,1975.07,1951.3,-1.07,-21.07,2812127,2733157503.0,1.2,1.1
2020-04-16,1942.27,1961.93,1965.43,1933.49,0.39,7.6,2683335,2568123059.0,1.63,1.05
2020-04-17,1973.87,1966.46,1987.41,1966.46,0.23,4.53,3073833,3265405071.0,1.07,1.21
2020-04-20,1971.19,1992.15,1992.47,1965.75,1.31,25.69,2487315,2971741137.0,1.36,0.98
2020-04-21,1992.65,1984.29,1992.65,1967.27,-0.39,-7.86,3075337,3561904436.0,1.27,1.21
2020-04-22,1963.96,1994.52,1994.52,1958.26,0.52,10.23,2663267,2777638818.0,1.83,1.04
2020-04-23,2001.62,1995.36,2003.92,1987.52,0.04,0.84,2645012,2919426465.0,0.82,1.04
2020-04-24,1998.71,1967.72,1999.91,1960.87,-1.39,-27.64,3917591,4321221363.0,1.96,1.54
2020-04-27,1962.01,1938.43,1962.01,1934.85,-1.49,-29.29,3141894,3203925808.0,1.38,1.23
2020-04-28,1934.31,1880.56,1934.31,1827.07,-2.99,-57.87,3266140,3221848823.0,5.53,1.28
2020-04-29,1866.99,1871.92,1895.84,1862.14,-0.46,-8.64,2314464,2338902448.0,1.79,0.91
2020-04-30,1877.06,1920.38,1924.41,1877.06,2.59,48.46,2272044,2407961189.0,2.53,0.89
2020-05-06,1901.53,1959.74,1959.74,1901.53,2.05,39.36,2453438,2629885243.0,3.03,0.96
2020-05-07,1958.57,1954.65,1965.17,1948.76,-0.26,-5.09,2513705,2686347052.0,0.84,0.99
2020-05-08,1960.51,1981.15,1988.12,1959.5,1.36,26.5,2577755,2756305347.0,1.46,1.01
2020-05-11,1987.05,1982.03,1993.15,1970.08,0.04,0.88,2419526,2730423266.0,1.16,0.95
2020-05-12,1980.05,1993.49,1994.23,1965.62,0.58,11.46,2517017,2730024465.0,1.44,0.99
2020-05-13,1988.15,2002.43,2002.87,1986.65,0.45,8.94,2505357,3025342177.0,0.81,0.98
2020-05-14,1994.99,1982.06,1998.05,1982.06,-1.02,-20.37,2271959,2707222641.0,0.8,0.89
2020-05-15,1990.68,1995.86,2004.93,1981.15,0.7,13.8,2543226,2868280985.0,1.2,1.0
2020-05-18,2008.03,1994.57,2008.72,1980.48,-0.06,-1.29,3539046,3604394973.0,1.41,1.39
2020-05-19,2005.62,2018.45,2018.45,2003.43,1.2,23.88,2843060,3062301715.0,0.75,1.11
2020-05-20,2016.58,2011.73,2027.68,2006.97,-0.33,-6.72,3209324,3513886557.0,1.03,1.26
2020-05-21,2008.94,1982.91,2012.2,1981.48,-1.43,-28.82,2691928,2939893553.0,1.53,1.06
2020-05-22,1984.35,1965.27,1988.67,1951.65,-0.89,-17.64,2519776,2689087475.0,1.87,0.99
2020-05-25,1959.83,1964.54,1967.43,1948.49,-0.04,-0.73,2217599,2810301474.0,0.96,0.87
2020-05-26,1963.01,2003.95,2004.14,1960.46,2.01,39.41,2457800,3345917830.0,2.22,0.96
2020-05-27,2005.2,1998.14,2012.1,1995.56,-0.29,-5.81,2558310,3349635436.0,0.83,1.0
2020-05-28,1994.34,1974.4,1994.35,1948.38,-1.19,-23.74,2354750,3037315787.0,2.3,0.92
2020-05-29,1968.32,1997.33,1999.16,1964.82,1.16,22.93,2078016,2608556536.0,1.74,0.81
2020-06-01,2006.67,2048.68,2049.99,2006.67,2.57,51.35,2971273,3435371994.0,2.17,1.17
2020-06-02,2056.22,2060.84,2065.11,2044.96,0.59,12.16,2990699,3493421109.0,0.98,1.17
2020-06-03,2062.71,2057.47,2077.99,2057.01,-0.16,-3.37,2963986,3347849504.0,1.02,1.16
2020-06-04,2062.95,2079.24,2079.99,2052.99,1.06,21.77,2751258,3287280543.0,1.31,1.08
2020-06-05,2082.25,2084.43,2085.88,2070.89,0.25,5.19,3130397,3830657149.0,0.72,1.23
2020-06-08,2092.46,2080.86,2092.46,2076.45,-0.17,-3.57,2729844,3439946005.0,0.77,1.07
2020-06-09,2078.95,2090.04,2090.04,2067.32,0.44,9.18,2661523,3791954716.0,1.09,1.04
2020-06-10,2094.75,2089.19,2094.75,2080.74,-0.04,-0.85,2540022,3457012099.0,0.67,1.0
2020-06-11,2091.51,2082.33,2108.98,2071.05,-0.33,-6.86,3119700,4202230123.0,1.82,1.22
2020-06-12,2035.68,2075.54,2087.32,2032.78,-0.33,-6.79,2756670,3747810924.0,2.62,1.08
2020-06-15,2076.03,2080.91,2094.18,2076.03,0.26,5.37,2943682,3940866969.0,0.87,1.15
2020-06-16,2087.04,2108.56,2108.92,2087.04,1.33,27.65,2792047,3722924336.0,1.05,1.09
2020-06-17,2111.89,2120.08,2120.08,2097.7,0.55,11.52,2691965,3966981727.0,1.06,1.06
2020-06-18,2115.42,2118.58,2119.5,2106.8,-0.07,-1.5,2547354,3754656843.0,0.6,1.0
2020-06-19,2114.76,2122.86,2126.27,2114.06,0.2,4.28,2513581,3496669618.0,0.58,0.99
2020-06-22,2126.9,2136.66,2141.11,2126.9,0.65,13.8,2540095,3435510066.0,0.67,1.0
2020-06-23,2132.22,2132.32,2134.7,2125.88,-0.2,-4.34,2673794,3742366496.0,0.41,1.05
2020-06-24,2130.93,2126.84,2138.39,2119.65,-0.26,-5.48,2423442,3529058887.0,0.88,0.95
2020-06-29,2119.57,2109.03,2120.36,2103.03,-0.84,-17.81,2377438,3298040116.0,0.81,0.93
2020-06-30,2116.39,2141.18,2142.48,2116.39,1.52,32.15,2479999,3637249486.0,1.24,0.97
2020-07-01,2144.57,2137.31,2146.76,2118.3,-0.18,-3.87,2758686,4135960100.0,1.33,1.08
2020-07-02,2137.44,2159.83,2160.8,2130.04,1.05,22.52,2811047,3828384487.0,1.44,1.1
2020-07-03,2164.95,2178.1,2180.1,2157.91,0.85,18.27,3486417,4464164900.0,1.03,1.37
2020-07-06,2182.3,2249.25,2249.25,2182.3,3.27,71.15,5004757,6262424942.0,3.07,1.96
2020-07-07,2258.84,2283.41,2306.07,2231.16,1.52,34.16,5643563,7221494362.0,3.33,2.21
2020-07-08,2283.21,2332.93,2332.93,2271.23,2.17,49.52,5058839,6420243597.0,2.7,1.98
2020-07-09,2337.19,2392.68,2395.67,2335.37,2.56,59.75,5740697,7584705219.0,2.58,2.25
2020-07-10,2396.9,2364.94,2407.25,2361.52,-1.16,-27.74,5009934,7095318545.0,1.91,1.96
2020-07-13,2370.67,2448.64,2448.64,2370.67,3.54,83.7,5292399,7793895890.0,3.3,2.08
2020-07-14,2453.18,2444.54,2464.77,2394.3,-0.17,-4.1,6012150,8536785667.0,2.88,2.36
2020-07-15,2443.43,2364.17,2444.12,2359.46,-3.29,-80.37,4894398,6857216627.0,3.46,1.92
2020-07-16,2367.92,2262.0,2378.82,2258.58,-4.32,-102.17,4210763,5754751988.0,5.09,1.65
2020-07-17,2265.76,2270.34,2291.92,2241.44,0.37,8.34,3189987,4387088678.0,2.23,1.25
2020-07-20,2289.94,2359.66,2359.66,2289.94,3.93,89.32,3516822,4819140897.0,3.07,1.38
2020-07-21,2368.88,2371.43,2378.23,2348.8,0.5,11.77,3646668,4824020804.0,1.25,1.43
2020-07-22,2371.79,2375.1,2394.16,2363.3,0.15,3.67,3432943,5030292475.0,1.3,1.35
2020-07-23,2368.69,2380.18,2380.81,2315.5,0.21,5.08,4050017,5595491174.0,2.75,1.59
2020-07-24,2380.21,2287.25,2398.55,2287.15,-3.9,-92.93,5044483,6815192013.0,4.68,1.98
2020-07-27,2284.16,2286.1,2292.84,2250.55,-0.05,-1.15,3534402,4395763566.0,1.85,1.39
2020-07-28,2293.08,2312.0,2314.8,2293.08,1.13,25.9,3425119,4464098117.0,0.95,1.34
2020-07-29,2312.82,2375.59,2375.59,2292.52,2.75,63.59,3794233,5059725178.0,3.59,1.49
2020-07-30,2383.51,2378.25,2397.57,2370.9,0.11,2.66,4028926,5669550380.0,1.12,1.58
2020-07-31,2368.52,2408.44,2408.85,2364.22,1.27,30.19,3690141,5110035968.0,1.88,1.45
2020-08-03,2431.88,2477.97,2477.97,2429.12,2.89,69.53,4598773,6357618233.0,2.03,1.8
2020-08-04,2487.68,2455.96,2487.68,2447.08,-0.89,-22.01,4400734,5975826557.0,1.64,1.73
2020-08-05,2462.16,2492.09,2492.09,2445.47,1.47,36.13,4047743,5053553652.0,1.9,1.59
2020-08-06,2495.93,2493.88,2503.27,2466.61,0.07,1.79,5259144,6209558981.0,1.47,2.06
2020-08-07,2484.16,2467.84,2484.16,2442.12,-1.04,-26.04,5285730,6727723949.0,1.69,2.07
2020-08-10,2456.54,2486.07,2500.15,2455.06,0.74,18.23,4630391,5667108724.0,1.83,1.82
2020-08-11,2484.45,2437.1,2486.87,2437.1,-1.97,-48.97,4367723,5454483789.0,2.0,1.71
2020-08-12,2425.69,2421.83,2425.69,2359.01,-0.63,-15.27,4065339,5259837874.0,2.74,1.59
2020-08-13,2432.07,2438.27,2446.23,2422.57,0.68,16.44,5066564,4414545492.0,0.98,1.99
2020-08-14,2440.26,2454.5,2455.62,2414.18,0.67,16.23,5463367,5461496988.0,1.7,2.14
2020-08-17,2449.29,2496.29,2496.29,2444.95,1.7,41.79,4539369,5279451654.0,2.09,1.78
2020-08-18,2494.81,2504.47,2507.25,2488.88,0.33,8.18,4229071,4805178553.0,0.74,1.66
2020-08-19,2502.52,2475.72,2505.38,2475.72,-1.15,-28.75,4671142,5177882819.0,1.18,1.83
2020-08-20,2458.56,2448.24,2467.9,2441.18,-1.11,-27.48,3314218,3756216784.0,1.08,1.3
2020-08-21,2458.84,2457.67,2481.05,2446.26,0.39,9.43,3134177,4680098856.0,1.42,1.23
2020-08-24,2464.66,2481.91,2490.96,2431.28,0.99,24.24,3324038,4818395517.0,2.43,1.3
2020-08-25,2481.45,2502.56,2508.22,2479.11,0.83,20.65,3947270,5636364968.0,1.17,1.55
2020-08-26,2490.57,2446.35,2497.17,2439.54,-2.25,-56.21,4098404,5341663698.0,2.3,1.61
2020-08-27,2432.55,2481.28,2485.87,2416.71,1.43,34.93,4643171,5929476135.0,2.83,1.82
2020-08-28,2484.69,2509.55,2513.55,2477.4,1.14,28.27,4749142,7059447636.0,1.46,1.86
2020-08-31,2528.32,2523.99,2556.81,2522.88,0.58,14.44,4992942,6906039307.0,1.35,1.96
2020-09-01,2522.84,2555.49,2555.49,2513.95,1.25,31.5,4873239,6689147241.0,1.65,1.91
2020-09-02,2553.0,2581.39,2587.7,2548.86,1.01,25.9,5770544,7336360432.0,1.52,2.26
2020-09-03,2586.91,2576.71,2596.12,2566.59,-0.18,-4.68,5723793,7759445691.0,1.14,2.24
2020-09-04,2523.14,2577.45,2581.9,2517.35,0.03,0.74,4828274,6464301843.0,2.51,1.89
2020-09-07,2572.85,2558.59,2597.31,2544.24,-0.73,-18.86,6280130,7683447831.0,2.06,2.46
2020-09-08,2558.43,2604.28,2606.44,2536.85,1.79,45.69,6289254,7338743599.0,2.72,2.47
2020-09-09,2595.46,2571.86,2631.42,2571.17,-1.24,-32.42,7600076,8703808055.0,2.31,2.98
2020-09-10,2572.75,2401.47,2573.24,2395.63,-6.63,-170.39,8130542,7556919208.0,6.91,3.19
2020-09-11,2374.05,2441.79,2448.59,2374.05,1.68,40.32,5281047,5185463342.0,3.1,2.07
2020-09-14,2447.66,2518.14,2518.14,2446.87,3.13,76.35,5308898,5713841084.0,2.92,2.08
2020-09-15,2516.34,2527.84,2535.25,2502.2,0.39,9.7,5139874,6284954992.0,1.31,2.02
2020-09-16,2524.09,2512.13,2524.09,2485.27,-0.62,-15.71,4621089,5973534223.0,1.54,1.81
2020-09-17,2511.84,2530.65,2549.08,2501.6,0.74,18.52,4372247,6121861846.0,1.89,1.71
2020-09-18,2521.48,2541.56,2542.3,2514.69,0.43,10.91,4553966,6332936533.0,1.09,1.79
2020-09-21,2532.36,2524.02,2536.79,2515.85,-0.69,-17.54,3852144,5086197122.0,0.82,1.51
2020-09-22,2501.75,2477.37,2509.01,2463.15,-1.85,-46.65,3779947,4812573597.0,1.82,1.48
2020-09-23,2476.12,2501.62,2501.75,2471.54,0.98,24.25,3306993,4685242730.0,1.22,1.3
2020-09-24,2489.22,2428.14,2489.22,2426.77,-2.94,-73.48,3403172,4221248722.0,2.5,1.33
2020-09-25,2436.16,2406.71,2439.99,2399.66,-0.88,-21.43,3165489,4014648066.0,1.66,1.24
2020-09-28,2406.21,2369.16,2410.54,2367.69,-1.56,-37.55,2604440,3324304681.0,1.78,1.02
2020-09-29,2380.02,2386.38,2401.6,2361.13,0.73,17.22,2682311,3483457642.0,1.71,1.05
2020-09-30,2393.36,2380.2,2400.88,2367.45,-0.26,-6.18,2514076,3199611443.0,1.4,0.99
2020-10-09,2414.13,2456.44,2457.48,2414.13,3.2,76.24,3098163,3993317146.0,1.82,1.21
2020-10-12,2471.53,2536.36,2536.98,2471.53,3.25,79.92,4384942,5594990605.0,2.66,1.72
2020-10-13,2535.83,2554.88,2558.88,2523.68,0.73,18.52,4453344,6386886811.0,1.39,1.75
2020-10-14,2552.61,2560.11,2560.96,2542.45,0.2,5.23,4245567,6521140819.0,0.72,1.66
2020-10-15,2554.53,2523.64,2556.95,2522.87,-1.42,-36.47,3689675,5652556818.0,1.33,1.45
2020-10-16,2519.64,2530.39,2536.3,2511.31,0.27,6.75,3264297,4923568695.0,0.99,1.28
2020-10-19,2533.65,2511.4,2540.89,2505.26,-0.75,-18.99,3144415,4396164274.0,1.41,1.23
2020-10-20,2504.52,2539.78,2539.78,2489.75,1.13,28.38,2832447,3995349061.0,1.99,1.11
2020-10-21,2540.56,2500.95,2540.56,2500.15,-1.53,-38.83,3067940,4457415788.0,1.59,1.2
2020-10-22,2494.88,2512.78,2522.33,2472.5,0.47,11.83,2876983,4218437656.0,1.99,1.13
2020-10-23,2510.87,2483.0,2524.01,2475.58,-1.19,-29.78,3361816,5009277977.0,1.93,1.32
2020-10-26,2477.84,2506.56,2516.72,2461.22,0.95,23.56,2946224,4364543598.0,2.24,1.16
2020-10-27,2495.59,2511.62,2516.93,2490.22,0.2,5.06,3348360,4599004314.0,1.07,1.31
2020-10-28,2515.25,2538.55,2538.55,2491.83,1.07,26.93,3487024,5313929755.0,1.86,1.37
2020-10-29,2502.74,2527.9,2544.2,2495.83,-0.42,-10.65,3539774,5562245304.0,1.91,1.39
2020-10-30,2524.59,2446.15,2530.87,2446.15,-3.23,-81.75,4356540,7335855004.0,3.35,1.71
2020-11-02,2453.14,2489.65,2494.45,2449.23,1.78,43.5,4031545,6594588165.0,1.85,1.58
2020-11-03,2499.13,2541.68,2541.68,2488.26,2.09,52.03,4526908,7261571353.0,2.15,1.78
2020-11-04,2538.24,2523.68,2542.55,2511.45,-0.71,-18.0,4047067,6669353164.0,1.22,1.59
2020-11-05,2536.22,2561.75,2561.75,2527.46,1.51,38.07,4029602,6418944404.0,1.36,1.58
2020-11-06,2561.69,2508.52,2561.69,2496.52,-2.08,-53.23,3894922,6128214201.0,2.54,1.53
2020-11-09,2521.36,2546.63,2562.44,2519.39,1.52,38.11,4017615,6519592417.0,1.72,1.58
2020-11-10,2548.83,2501.43,2548.83,2493.38,-1.77,-45.2,3696868,6733513509.0,2.18,1.45
2020-11-11,2495.77,2452.88,2498.92,2447.59,-1.94,-48.55,3280439,5420668153.0,2.05,1.29
2020-11-12,2452.53,2438.69,2454.1,2427.8,-0.58,-14.19,3141073,4371475511.0,1.07,1.23
2020-11-13,2436.08,2453.24,2462.15,2428.45,0.6,14.55,2744020,4009190045.0,1.38,1.08
2020-11-16,2457.42,2464.24,2466.73,2442.12,0.45,11.0,2927444,4190775628.0,1.0,1.15
2020-11-17,2462.57,2454.83,2462.57,2433.34,-0.38,-9.41,3382302,5082463358.0,1.19,1.33
2020-11-18,2456.51,2472.12,2479.92,2456.45,0.7,17.29,2999016,4461167908.0,0.96,1.18
2020-11-19,2467.5,2469.52,2471.28,2451.51,-0.11,-2.6,2757457,4300103098.0,0.8,1.08
2020-11-20,2469.33,2488.8,2490.27,2463.36,0.78,19.28,3374552,4733284833.0,1.09,1.32
2020-11-23,2485.19,2476.74,2489.62,2470.62,-0.48,-12.06,3326316,4637144487.0,0.76,1.3
2020-11-24,2477.52,2484.46,2492.94,2475.89,0.31,7.72,2991196,3936508023.0,0.69,1.17
2020-11-25,2485.45,2467.31,2492.28,2467.31,-0.69,-17.15,3901984,5152554549.0,1.01,1.53
2020-11-26,2463.48,2457.54,2467.0,2440.28,-0.4,-9.77,3378182,4466195594.0,1.08,1.32
2020-11-27,2459.74,2443.12,2461.61,2423.45,-0.59,-14.42,3429827,4159631041.0,1.55,1.34
2020-11-30,2442.4,2423.11,2447.81,2422.92,-0.82,-20.01,3369435,4094243568.0,1.02,1.32
2020-12-01,2419.82,2464.14,2465.7,2414.08,1.69,41.03,3131590,3938839327.0,2.13,1.23
2020-12-02,2465.75,2464.69,2469.37,2450.55,0.02,0.55,3503768,4344830080.0,0.76,1.37
2020-12-03,2457.71,2455.77,2470.86,2451.02,-0.36,-8.92,3003583,3909146325.0,0.8,1.18
2020-12-04,2457.22,2460.35,2464.15,2450.11,0.19,4.58,2842996,3520503982.0,0.57,1.11
2020-12-07,2460.35,2452.77,2462.06,2448.51,-0.31,-7.58,2737784,3471476248.0,0.55,1.07
2020-12-08,2452.31,2445.0,2461.06,2442.8,-0.32,-7.77,2847039,3467537330.0,0.74,1.12
2020-12-09,2448.47,2397.71,2448.47,2396.55,-1.93,-47.29,3488684,3991280302.0,2.12,1.37
2020-12-10,2388.65,2397.1,2415.79,2378.29,-0.03,-0.61,2581027,3176174251.0,1.56,1.01
2020-12-11,2400.76,2333.72,2400.76,2318.74,-2.64,-63.38,2922650,3497246039.0,3.42,1.15
2020-12-14,2333.65,2348.37,2349.79,2313.28,0.63,14.65,2203089,2655493855.0,1.56,0.86
2020-12-15,2343.58,2346.96,2355.91,2335.48,-0.06,-1.41,2082830,2589913473.0,0.87,0.82
2020-12-16,2347.22,2295.58,2347.22,2294.26,-2.19,-51.38,2787349,3198649914.0,2.26,1.09
2020-12-17,2294.14,2313.44,2314.01,2251.42,0.78,17.86,2805524,3128132224.0,2.73,1.1
2020-12-18,2315.08,2302.37,2326.66,2293.07,-0.48,-11.07,2477980,2800187446.0,1.45,0.97
2020-12-21,2302.7,2327.71,2335.43,2298.19,1.1,25.34,2819205,3243379709.0,1.62,1.11
2020-12-22,2326.3,2287.08,2328.37,2284.1,-1.75,-40.63,3307815,4007615074.0,1.9,1.3
2020-12-23,2285.33,2287.69,2306.64,2278.53,0.03,0.61,3308695,3733783688.0,1.23,1.3
2020-12-24,2291.28,2235.65,2291.28,2231.76,-2.27,-52.04,3260297,3515779589.0,2.6,1.28
2020-12-25,2227.53,2252.86,2265.41,2222.94,0.77,17.21,2872617,3064616683.0,1.9,1.13
2020-12-28,2251.61,2208.01,2251.61,2202.74,-1.99,-44.85,3355234,3793792070.0,2.17,1.32
2020-12-29,2207.85,2195.98,2224.25,2193.69,-0.54,-12.03,3017140,3205734132.0,1.38,1.18
2020-12-30,2192.11,2207.35,2213.49,2188.36,0.52,11.37,2817711,3033061727.0,1.14,1.1
2020-12-31,2208.89,2245.01,2246.2,2208.89,1.71,37.66,2766646,3235232433.0,1.69,1.08
2021-01-04,2247.66,2290.88,2292.47,2247.66,2.04,45.87,3411682,4007269442.0,2.0,1.34
2021-01-05,2290.88,2287.46,2294.5,2273.67,-0.15,-3.42,4748231,5408465177.0,0.91,1.86
2021-01-06,2280.7,2240.85,2284.62,2234.22,-2.04,-46.61,3924817,4513186784.0,2.2,1.54
2021-01-07,2236.32,2153.2,2236.32,2140.99,-3.91,-87.65,4159529,4657394811.0,4.25,1.63
2021-01-08,2150.39,2138.81,2165.41,2098.81,-0.67,-14.39,3264533,3596829728.0,3.09,1.28
2021-01-11,2136.63,2067.03,2137.18,2061.01,-3.36,-71.78,3317822,3687279347.0,3.56,1.3
2021-01-12,2061.84,2076.91,2099.32,2057.11,0.48,9.88,2634084,3049962713.0,2.04,1.03
2021-01-13,2079.73,2034.32,2079.73,2023.8,-2.05,-42.59,3382277,3727953151.0,2.69,1.33
2021-01-14,2025.82,2053.65,2063.44,2008.22,0.95,19.33,3048510,3608167221.0,2.71,1.2
2021-01-15,2052.23,2102.79,2102.79,2051.65,2.39,49.14,2799525,3505052001.0,2.49,1.1
2021-01-18,2107.25,2146.75,2147.46,2107.25,2.09,43.96,3248774,3820765770.0,1.91,1.27
2021-01-19,2142.69,2166.1,2176.77,2142.69,0.9,19.35,3135284,3924317730.0,1.59,1.23
2021-01-20,2164.47,2176.36,2177.18,2152.74,0.47,10.26,3040392,3769207878.0,1.13,1.19
2021-01-21,2172.43,2190.37,2196.65,2169.88,0.64,14.01,3189313,4078139258.0,1.23,1.25
2021-01-22,2184.39,2178.05,2190.37,2162.23,-0.56,-12.32,3055136,3808941508.0,1.28,1.2
2021-01-25,2177.81,2136.47,2177.81,2134.05,-1.91,-41.58,3305244,3877526981.0,2.01,1.3
2021-01-26,2133.5,2132.71,2163.41,2122.16,-0.18,-3.76,2902143,3553224041.0,1.93,1.14
2021-01-27,2135.88,2130.17,2137.65,2118.47,-0.12,-2.54,2626023,3171985818.0,0.9,1.03
2021-01-28,2114.52,2113.96,2150.87,2112.57,-0.76,-16.21,3280664,3894985372.0,1.8,1.29
2021-01-29,2120.87,2078.81,2125.55,2053.76,-1.66,-35.15,3183711,3525334734.0,3.4,1.25
2021-02-01,2063.8,2089.05,2089.31,2059.38,0.49,10.24,3032724,3283349526.0,1.44,1.19
2021-02-02,2086.87,2095.47,2102.6,2067.19,0.31,6.42,2782491,3408492717.0,1.7,1.09
2021-02-03,2090.7,2058.19,2090.7,2053.99,-1.78,-37.28,2789316,3416272551.0,1.75,1.09
2021-02-04,2050.26,2008.8,2050.26,1983.86,-2.4,-49.39,2941116,3634573311.0,3.23,1.15
2021-02-05,2004.55,1971.51,2038.16,1969.98,-1.86,-37.29,2512173,2968870771.0,3.39,0.99
2021-02-08,1968.85,1970.46,1979.7,1956.38,-0.05,-1.05,2031902,2426011867.0,1.18,0.8
2021-02-09,1974.07,2003.1,2007.08,1969.63,1.66,32.64,2320372,2781222420.0,1.9,0.91
2021-02-10,2002.9,2013.38,2016.09,1999.39,0.51,10.28,2071212,2505085423.0,0.83,0.81
2021-02-18,2035.43,2076.11,2076.11,2035.43,3.12,62.73,2464145,2926561077.0,2.02,0.97
2021-02-19,2072.99,2125.5,2125.78,2067.63,2.38,49.39,2498354,2949893143.0,2.8,0.98
2021-02-22,2133.12,2154.09,2191.41,2133.12,1.35,28.59,3318965,3818458126.0,2.74,1.3
2021-02-23,2145.74,2135.08,2158.05,2123.57,-0.88,-19.01,2542541,3015536872.0,1.6,1.0
2021-02-24,2133.14,2161.11,2169.1,2133.14,1.22,26.03,2755812,3632147064.0,1.68,1.08
2021-02-25,2166.28,2139.63,2166.28,2135.89,-0.99,-21.48,2607617,3740523067.0,1.41,1.02
2021-02-26,2113.97,2149.77,2161.58,2109.87,0.47,10.14,3430236,3661794128.0,2.42,1.35
2021-03-01,2157.02,2211.08,2211.08,2157.02,2.85,61.31,3296083,3856665841.0,2.51,1.29
2021-03-02,2214.27,2196.86,2214.27,2184.36,-0.64,-14.22,2658729,3418591396.0,1.35,1.04
2021-03-03,2194.03,2227.21,2228.79,2193.28,1.38,30.35,2634464,3307687414.0,1.62,1.03
2021-03-04,2219.59,2221.23,2238.86,2214.42,-0.27,-5.98,3090372,3673345394.0,1.1,1.21
2021-03-05,2207.4,2257.3,2257.3,2207.4,1.62,36.07,2821068,3757881759.0,2.25,1.11
2021-03-08,2269.36,2242.29,2279.5,2242.29,-0.66,-15.01,3270013,4399708073.0,1.65,1.28
2021-03-09,2239.56,2178.58,2242.08,2152.65,-2.84,-63.71,3649624,4529705200.0,3.99,1.43
2021-03-10,2191.58,2131.57,2192.22,2128.57,-2.16,-47.01,2651467,3129187429.0,2.92,1.04
2021-03-11,2127.81,2169.49,2169.49,2116.07,1.78,37.92,2372920,3077716149.0,2.51,0.93
2021-03-12,2171.87,2171.64,2176.76,2154.52,0.1,2.15,2573305,3117913251.0,1.03,1.01
2021-03-15,2163.55,2173.41,2181.95,2157.2,0.08,1.77,2552604,3048120325.0,1.14,1.0
2021-03-16,2174.97,2203.11,2203.77,2172.33,1.37,29.7,2692386,3258407020.0,1.45,1.06
2021-03-17,2202.75,2218.41,2219.4,2196.41,0.69,15.3,2810139,3272990577.0,1.04,1.1
2021-03-18,2214.01,2226.13,2227.11,2209.95,0.35,7.72,3131528,3698861568.0,0.77,1.23
2021-03-19,2206.59,2228.89,2246.45,2202.31,0.12,2.76,2748319,3359628222.0,1.98,1.08
2021-03-22,2232.32,2263.42,2263.42,2232.32,1.55,34.53,3289466,4315164957.0,1.4,1.29
2021-03-23,2264.8,2235.18,2268.11,2228.72,-1.25,-28.24,3114328,4068188824.0,1.74,1.22
2021-03-24,2228.2,2217.6,2246.08,2213.89,-0.79,-17.58,2636545,3199400112.0,1.44,1.03
2021-03-25,2211.26,2188.86,2219.26,2186.98,-1.3,-28.74,2346731,2849641773.0,1.46,0.92
2021-03-26,2184.28,2214.1,2218.25,2184.28,1.15,25.24,2581573,3024589159.0,1.55,1.01
2021-03-29,2221.88,2211.23,2227.02,2206.54,-0.13,-2.87,2970815,3610620824.0,0.92,1.16
2021-03-30,2208.29,2180.44,2208.29,2178.7,-1.39,-30.79,2597405,3131716600.0,1.34,1.02
2021-03-31,2177.51,2189.59,2189.83,2172.46,0.42,9.15,2218279,2891424080.0,0.8,0.87
2021-04-01,2195.01,2196.74,2198.4,2178.6,0.33,7.15,2405875,2812409991.0,0.9,0.94
2021-04-02,2198.95,2192.73,2198.95,2186.39,-0.18,-4.01,2604759,2911486493.0,0.57,1.02
2021-04-06,2197.95,2226.6,2226.92,2197.95,1.54,33.87,2794735,4066474616.0,1.32,1.1
2021-04-07,2224.72,2248.85,2249.14,2222.18,1.0,22.25,2906014,4102501990.0,1.21,1.14
2021-04-08,2244.8,2226.45,2246.45,2225.37,-1.0,-22.4,3160721,4370168830.0,0.94,1.24
2021-04-09,2221.28,2230.81,2238.48,2217.36,0.2,4.36,2609808,3529842387.0,0.95,1.02
2021-04-12,2227.54,2197.46,2227.54,2193.93,-1.49,-33.35,2814721,3799192164.0,1.51,1.1
2021-04-13,2192.64,2166.14,2195.64,2160.86,-1.43,-31.32,2124518,2887468024.0,1.58,0.83
2021-04-14,2173.24,2196.82,2196.95,2162.24,1.42,30.68,2371984,3025147721.0,1.6,0.93
2021-04-15,2190.77,2180.89,2190.77,2170.2,-0.73,-15.93,2384320,2937805092.0,0.94,0.93
2021-04-16,2175.75,2230.4,2230.4,2175.18,2.27,49.51,2948074,3936337533.0,2.53,1.16
2021-04-19,2236.22,2287.76,2288.31,2236.22,2.57,57.36,3874722,5140456669.0,2.34,1.52
2021-04-20,2294.62,2278.77,2305.37,2278.13,-0.39,-8.99,3333341,5080659356.0,1.19,1.31
2021-04-21,2267.67,2273.13,2287.56,2259.14,-0.25,-5.64,3251325,4376783729.0,1.25,1.27
2021-04-22,2282.65,2281.18,2296.44,2277.06,0.35,8.05,3348926,4601299999.0,0.85,1.31
2021-04-23,2274.89,2277.26,2284.41,2261.14,-0.17,-3.92,3679957,4876768053.0,1.02,1.44
2021-04-26,2272.99,2258.05,2285.74,2253.57,-0.84,-19.21,3513688,4611813504.0,1.41,1.38
2021-04-27,2257.65,2234.49,2257.65,2217.31,-1.04,-23.56,2938343,3787977476.0,1.79,1.15
2021-04-28,2227.45,2226.43,2236.95,2219.87,-0.36,-8.06,3072664,4152885767.0,0.76,1.2
2021-04-29,2211.35,2213.08,2226.64,2210.9,-0.6,-13.35,3004183,4498051896.0,0.71,1.18
2021-04-30,2211.53,2205.19,2216.67,2195.08,-0.36,-7.89,2854973,4178486034.0,0.98,1.12
2021-05-06,2205.11,2226.28,2227.68,2204.98,0.96,21.09,3621129,5508301726.0,1.03,1.42
2021-05-07,2233.65,2206.2,2233.65,2204.25,-0.9,-20.08,3602769,5735336932.0,1.32,1.41
2021-05-10,2203.52,2208.88,2211.44,2192.85,0.12,2.68,3105702,4753721314.0,0.84,1.22
2021-05-11,2206.11,2226.1,2227.85,2192.41,0.78,17.22,3309242,4575949448.0,1.6,1.3
2021-05-12,2222.26,2238.39,2238.39,2216.71,0.55,12.29,3072094,4347165253.0,0.97,1.2
2021-05-13,2218.89,2227.59,2241.46,2218.89,-0.48,-10.8,3407165,5199722075.0,1.01,1.34
2021-05-14,2227.66,2269.54,2270.26,2226.74,1.88,41.95,3419807,5188499410.0,1.95,1.34
2021-05-17,2266.33,2248.91,2267.32,2246.12,-0.91,-20.63,3455244,5506026202.0,0.93,1.35
2021-05-18,2241.62,2258.56,2259.12,2238.14,0.43,9.65,3573473,5501712911.0,0.93,1.4
2021-05-19,2254.62,2262.64,2265.84,2249.52,0.18,4.08,3712378,5563168267.0,0.72,1.46
2021-05-20,2262.4,2253.77,2262.4,2248.14,-0.39,-8.87,3680530,5316751440.0,0.63,1.44
2021-05-21,2250.65,2245.17,2255.79,2242.73,-0.38,-8.6,2977141,4328532317.0,0.58,1.17
2021-05-24,2240.65,2258.61,2258.61,2237.73,0.6,13.44,2902965,4112637848.0,0.93,1.14
2021-05-25,2257.73,2270.34,2270.87,2246.19,0.52,11.73,3120103,4509006103.0,1.09,1.22
2021-05-26,2274.78,2288.3,2289.28,2270.76,0.79,17.96,3543171,4803466257.0,0.82,1.39
2021-05-27,2287.4,2320.4,2323.87,2287.4,1.4,32.1,3424953,5165744490.0,1.59,1.34
2021-05-28,2318.2,2305.83,2329.96,2299.64,-0.63,-14.57,3886345,5457228300.0,1.31,1.52
2021-05-31,2306.2,2349.05,2349.05,2306.2,1.87,43.22,3769770,5531360560.0,1.86,1.48
2021-06-01,2348.93,2359.25,2359.25,2340.7,0.43,10.2,3977442,6017967851.0,0.79,1.56
2021-06-02,2354.96,2350.35,2361.25,2339.79,-0.38,-8.9,4373091,6623906703.0,0.91,1.71
2021-06-03,2345.96,2352.37,2372.88,2345.13,0.09,2.02,3980264,5678200455.0,1.18,1.56
2021-06-04,2343.13,2356.14,2360.69,2340.74,0.16,3.77,3766388,5457432700.0,0.85,1.48
2021-06-07,2363.08,2376.07,2379.25,2363.08,0.85,19.93,3247701,5155148102.0,0.69,1.27
2021-06-08,2376.36,2366.48,2377.59,2355.52,-0.4,-9.59,3216304,4888678211.0,0.93,1.26
2021-06-09,2364.82,2365.65,2377.41,2361.51,-0.04,-0.83,3205704,4446279909.0,0.67,1.26
2021-06-10,2367.31,2367.34,2368.9,2358.83,0.07,1.69,3595995,4938463870.0,0.43,1.41
2021-06-11,2369.66,2338.35,2371.25,2338.11,-1.22,-28.99,3340634,4552041513.0,1.4,1.31
2021-06-15,2348.11,2343.95,2348.14,2325.46,0.24,5.6,3161071,4454771453.0,0.97,1.24
2021-06-16,2339.66,2318.06,2350.34,2311.48,-1.1,-25.89,3301876,4708251067.0,1.66,1.29
2021-06-17,2317.11,2348.91,2348.91,2316.47,1.33,30.85,3274482,5029177155.0,1.4,1.28
2021-06-18,2347.66,2378.51,2378.51,2335.48,1.26,29.6,4424381,6355798368.0,1.83,1.73
2021-06-21,2370.53,2418.69,2418.69,2370.53,1.69,40.18,3817189,6018697018.0,2.02,1.5
2021-06-22,2425.0,2428.56,2434.73,2417.61,0.41,9.87,3928638,5692776795.0,0.71,1.54
2021-06-23,2428.32,2451.96,2456.84,2428.32,0.96,23.4,4507782,6687490990.0,1.17,1.77
2021-06-24,2451.43,2439.89,2451.43,2437.44,-0.49,-12.07,4343485,6178944977.0,0.57,1.7
2021-06-25,2437.69,2428.07,2440.1,2413.58,-0.48,-11.82,3441865,4881599626.0,1.09,1.35
2021-06-28,2434.08,2457.95,2464.28,2433.15,1.23,29.88,3780302,5675460998.0,1.28,1.48
2021-06-29,2462.34,2460.91,2467.14,2453.81,0.12,2.96,4375429,6891836441.0,0.54,1.72
2021-06-30,2461.37,2489.47,2490.01,2458.59,1.16,28.56,4826548,7791577290.0,1.28,1.89
2021-07-01,2496.02,2431.27,2496.02,2431.27,-2.34,-58.2,4546498,7293188294.0,2.6,1.78
2021-07-02,2422.78,2428.16,2432.38,2410.51,-0.13,-3.11,4302053,6856437057.0,0.9,1.69
2021-07-05,2437.84,2479.3,2479.31,2434.57,2.11,51.14,4469573,7729604831.0,1.84,1.75
2021-07-06,2475.98,2472.01,2486.73,2447.12,-0.29,-7.29,4700230,8059872935.0,1.6,1.84
2021-07-07,2457.94,2506.71,2508.51,2457.94,1.4,34.7,4508305,7476227055.0,2.05,1.77
2021-07-08,2505.54,2504.15,2516.4,2500.7,-0.1,-2.56,5004945,8053378118.0,0.63,1.96
2021-07-09,2489.85,2521.61,2525.2,2480.54,0.7,17.46,5064162,7981792993.0,1.78,1.99
2021-07-12,2529.99,2557.31,2562.58,2529.99,1.42,35.7,5589397,8738034531.0,1.29,2.19
2021-07-13,2555.25,2573.26,2573.93,2547.16,0.62,15.95,5509788,8356278002.0,1.05,2.16
2021-07-14,2564.69,2546.86,2572.98,2545.71,-1.03,-26.4,6925316,7987032672.0,1.06,2.72
2021-07-15,2530.82,2517.03,2531.77,2474.41,-1.17,-29.83,6033713,7585445293.0,2.25,2.37
2021-07-16,2516.09,2518.21,2533.28,2511.98,0.05,1.18,5356785,7572837410.0,0.85,2.1
2021-07-19,2518.19,2524.55,2531.63,2503.17,0.25,6.34,5273072,7407543559.0,1.13,2.07
2021-07-20,2518.68,2571.29,2571.38,2518.68,1.85,46.74,4701262,7303685067.0,2.09,1.84
2021-07-21,2584.06,2616.99,2622.22,2584.06,1.78,45.7,5590794,9598387026.0,1.48,2.19
2021-07-22,2619.09,2632.87,2639.28,2618.64,0.61,15.88,5620532,10101149372.0,0.79,2.2
2021-07-23,2628.0,2600.91,2637.6,2592.82,-1.21,-31.96,5721247,9447405950.0,1.7,2.24
2021-07-26,2596.04,2578.34,2603.17,2523.67,-0.87,-22.57,5923732,9287237296.0,3.06,2.32
2021-07-27,2582.75,2528.92,2600.21,2528.92,-1.92,-49.42,5784311,9758356238.0,2.76,2.27
2021-07-28,2505.85,2455.11,2520.98,2416.52,-2.92,-73.81,4694052,7443685548.0,4.13,1.84
2021-07-29,2485.09,2551.92,2559.96,2485.09,3.94,96.81,4576044,8114470109.0,3.05,1.79
2021-07-30,2558.26,2594.76,2597.77,2555.71,1.68,42.84,6228014,11083552315.0,1.65,2.44
2021-08-02,2602.03,2670.91,2671.07,2599.57,2.93,76.15,6787858,11923670782.0,2.76,2.66
2021-08-03,2672.72,2653.32,2705.95,2645.95,-0.66,-17.59,7154183,12785683759.0,2.25,2.81
2021-08-04,2647.91,2718.5,2718.75,2647.91,2.46,65.18,6841426,12810653292.0,2.67,2.68
2021-08-05,2710.68,2713.48,2719.31,2690.92,-0.18,-5.02,6795279,12336388901.0,1.04,2.66
2021-08-06,2718.66,2720.34,2726.62,2693.55,0.25,6.86,6264532,11694286671.0,1.22,2.46
2021-08-09,2721.91,2757.43,2757.98,2709.41,1.36,37.09,7395805,13189751740.0,1.79,2.9
2021-08-10,2748.95,2790.27,2794.53,2748.95,1.19,32.84,7979590,13427478323.0,1.65,3.13
2021-08-11,2783.07,2825.67,2825.67,2772.34,1.27,35.4,6829181,12271538911.0,1.91,2.68
2021-08-12,2829.53,2853.55,2855.62,2826.06,0.99,27.88,7593845,14110044794.0,1.05,2.98
2021-08-13,2843.36,2880.32,2885.9,2843.36,0.94,26.77,6930118,13113361196.0,1.49,2.72
2021-08-16,2879.44,2876.73,2904.35,2865.92,-0.12,-3.59,6652404,12980186616.0,1.33,2.61
2021-08-17,2878.22,2798.75,2884.38,2792.43,-2.71,-77.98,7285172,14763898017.0,3.2,2.86
2021-08-18,2783.13,2811.65,2829.5,2783.13,0.46,12.9,6495945,12346418484.0,1.66,2.55
2021-08-19,2801.45,2810.88,2827.12,2773.78,-0.03,-0.77,6256737,11839298737.0,1.9,2.45
2021-08-20,2803.37,2825.31,2828.2,2763.41,0.51,14.43,5995978,11361641907.0,2.3,2.35
2021-08-23,2834.42,2966.35,2966.35,2834.42,4.99,141.04,8225928,15179952730.0,4.67,3.23
2021-08-24,2974.6,2965.76,2976.62,2950.44,-0.02,-0.59,7853923,14203697211.0,0.88,3.08
2021-08-25,2960.53,2993.14,2993.66,2943.4,0.92,27.38,6554398,12720681500.0,1.69,2.57
2021-08-26,2985.61,2974.22,3003.89,2966.73,-0.63,-18.92,6681686,13043034144.0,1.24,2.62
2021-08-27,2958.4,2962.78,2970.38,2943.04,-0.38,-11.44,6494294,12652391249.0,0.92,2.55
2021-08-30,2961.85,2972.93,2983.43,2955.96,0.34,10.15,7156539,13226137179.0,0.93,2.81
2021-08-31,2970.83,2944.13,2981.15,2927.88,-0.97,-28.8,6737402,12099249768.0,1.79,2.64
2021-09-01,2946.27,2877.42,2948.98,2844.94,-2.27,-66.71,6782031,11741202718.0,3.53,2.66
2021-09-02,2868.95,2909.72,2909.72,2852.05,1.12,32.3,5284429,9293728734.0,2.0,2.07
2021-09-03,2918.71,2896.82,2956.13,2870.76,-0.44,-12.9,5829671,10009905146.0,2.93,2.29
2021-09-06,2899.9,2968.28,2969.01,2888.86,2.47,71.46,5299300,9140026140.0,2.77,2.08
2021-09-07,2974.68,2990.12,2991.51,2957.35,0.74,21.84,5415647,9628822034.0,1.15,2.12
2021-09-08,2995.46,2974.32,2995.46,2965.56,-0.53,-15.8,5610328,9433321368.0,1.0,2.2
2021-09-09,2969.1,2948.2,2969.1,2928.77,-0.88,-26.12,4823520,8463003578.0,1.36,1.89
2021-09-10,2953.32,2928.11,2953.32,2900.41,-0.68,-20.09,5334455,9109993266.0,1.79,2.09
2021-09-13,2932.33,2934.29,2934.29,2901.16,0.21,6.18,4675445,8757282059.0,1.13,1.83
2021-09-14,2933.08,2922.34,2954.05,2917.36,-0.41,-11.95,7018678,12655166132.0,1.25,2.75
2021-09-15,2914.24,2937.85,2938.54,2903.04,0.53,15.51,6429846,11898920513.0,1.21,2.52
2021-09-16,2938.28,2865.69,2960.2,2863.82,-2.46,-72.16,6459373,10936217518.0,3.28,2.53
2021-09-17,2864.88,2848.7,2876.47,2795.96,-0.59,-16.99,5880381,9301969860.0,2.81,2.31
2021-09-22,2819.53,2862.17,2862.76,2819.53,0.47,13.47,4492187,6725097176.0,1.52,1.76
2021-09-23,2878.86,2868.13,2892.37,2865.04,0.21,5.96,5619614,8274675483.0,0.95,2.2
2021-09-24,2863.48,2832.93,2863.48,2829.75,-1.23,-35.2,5402162,8398841564.0,1.18,2.12
2021-09-27,2830.03,2732.38,2836.74,2704.12,-3.55,-100.55,6299153,9195849138.0,4.68,2.47
2021-09-28,2732.69,2732.41,2740.45,2716.54,0.0,0.03,3998977,6298534309.0,0.88,1.57
2021-09-29,2717.94,2649.44,2718.23,2649.44,-3.04,-82.97,3990286,6209635136.0,2.52,1.56
2021-09-30,2667.01,2741.25,2746.21,2667.01,3.47,91.81,3834746,6037351609.0,2.99,1.5
2021-10-08,2768.49,2763.07,2779.99,2743.95,0.8,21.82,4070883,6222348004.0,1.31,1.6
2021-10-11,2764.44,2761.42,2766.52,2732.34,-0.06,-1.65,3536685,5607377986.0,1.24,1.39
2021-10-12,2764.29,2705.29,2765.63,2677.95,-2.03,-56.13,3983533,6366680380.0,3.18,1.56
2021-10-13,2706.94,2732.5,2732.66,2681.49,1.01,27.21,3167584,4964217496.0,1.89,1.24
2021-10-14,2732.54,2789.75,2797.54,2724.01,2.1,57.25,4439495,7280582867.0,2.69,1.74
2021-10-15,2785.32,2777.38,2785.42,2766.33,-0.44,-12.37,4552796,7817644252.0,0.68,1.79
2021-10-18,2771.59,2822.41,2822.41,2768.28,1.62,45.03,4715847,8266924989.0,1.95,1.85
2021-10-19,2818.57,2838.48,2843.86,2818.57,0.57,16.07,5273364,9171641763.0,0.9,2.07
2021-10-20,2837.45,2848.35,2858.41,2825.78,0.35,9.87,5547004,9911235536.0,1.15,2.18
2021-10-21,2847.53,2831.78,2847.53,2820.02,-0.58,-16.57,4730524,8748816830.0,0.97,1.85
2021-10-22,2834.42,2805.53,2834.42,2801.91,-0.93,-26.25,5929775,9887902710.0,1.15,2.33
2021-10-25,2804.35,2836.03,2836.03,2789.54,1.09,30.5,5286042,9769173576.0,1.66,2.07
2021-10-26,2844.19,2826.74,2856.01,2816.83,-0.33,-9.29,6329767,12435695726.0,1.38,2.48
2021-10-27,2817.51,2770.31,2817.51,2756.19,-2.0,-56.43,5471157,10375483758.0,2.17,2.15
2021-10-28,2753.77,2687.28,2760.66,2680.33,-3.0,-83.03,5254317,9729308690.0,2.9,2.06
2021-10-29,2697.58,2748.3,2748.3,2676.63,2.27,61.02,4935273,9151256738.0,2.67,1.94
2021-11-01,2749.78,2821.57,2831.58,2746.37,2.67,73.27,5419984,10750761656.0,3.1,2.13
2021-11-02,2822.99,2808.82,2854.09,2779.43,-0.45,-12.75,5419377,10613337685.0,2.65,2.13
2021-11-03,2809.66,2829.67,2831.12,2797.22,0.74,20.85,4271298,8503019893.0,1.21,1.67
2021-11-04,2831.74,2890.83,2890.83,2831.74,2.16,61.16,5331383,10802569538.0,2.09,2.09
2021-11-05,2888.83,2888.57,2913.13,2885.41,-0.08,-2.26,5844989,11477054308.0,0.96,2.29
2021-11-08,2893.48,2934.84,2935.21,2889.34,1.6,46.27,5164945,10838255909.0,1.59,2.03
2021-11-09,2944.22,2999.09,3001.18,2944.22,2.19,64.25,5255607,11597891513.0,1.94,2.06
2021-11-10,2996.26,3024.39,3024.39,2977.52,0.84,25.3,6288048,11917624494.0,1.56,2.47
2021-11-11,3015.27,3051.19,3063.4,3015.27,0.89,26.8,6189151,13388124179.0,1.59,2.43
2021-11-12,3052.45,3124.61,3125.42,3052.45,2.41,73.42,6283176,13394959128.0,2.39,2.46
2021-11-15,3136.67,3151.12,3153.09,3129.24,0.85,26.51,6452432,14198901280.0,0.76,2.53
2021-11-16,3143.11,3087.41,3143.11,3081.96,-2.02,-63.71,6143265,12593037352.0,1.94,2.41
2021-11-17,3088.03,3163.2,3163.5,3088.03,2.45,75.79,5721564,11663712621.0,2.44,2.24
2021-11-18,3174.7,3134.52,3174.7,3134.52,-0.91,-28.68,6642112,13933625378.0,1.27,2.6
2021-11-19,3131.12,3183.71,3190.31,3131.12,1.57,49.19,6873816,14892879528.0,1.89,2.7
2021-11-22,3186.83,3234.27,3240.89,3186.83,1.59,50.56,5766590,13014370181.0,1.7,2.26
2021-11-23,3243.04,3263.17,3265.22,3239.82,0.89,28.9,7052541,15274802820.0,0.79,2.77
2021-11-24,3269.57,3294.03,3316.24,3269.57,0.95,30.86,6821522,15020657881.0,1.43,2.67
2021-11-25,3294.55,3273.44,3294.55,3268.41,-0.63,-20.59,5948886,13379370348.0,0.79,2.33
2021-11-26,3264.13,3260.08,3274.32,3246.62,-0.41,-13.36,5680880,12486719656.0,0.85,2.23
2021-11-29,3212.11,3277.61,3285.17,3212.11,0.54,17.53,5924376,13254265433.0,2.24,2.32
2021-11-30,3303.8,3313.33,3342.94,3295.03,1.09,35.72,6699716,15254156934.0,1.46,2.63
2021-12-01,3312.92,3382.6,3382.6,3312.92,2.09,69.27,7787095,16395276554.0,2.1,3.05
2021-12-02,3377.08,3335.19,3377.08,3333.63,-1.4,-47.41,7405604,16364886677.0,1.28,2.9
2021-12-03,3339.39,3352.95,3365.75,3339.39,0.53,17.76,5761357,13353512820.0,0.79,2.26
2021-12-06,3349.37,3271.46,3349.37,3267.6,-2.43,-81.49,5677886,12818199495.0,2.44,2.23
2021-12-07,3279.72,3185.66,3279.72,3166.42,-2.62,-85.8,5623670,12735259880.0,3.46,2.21
2021-12-08,3193.55,3236.84,3237.66,3183.91,1.61,51.18,4570109,10068717956.0,1.69,1.79
2021-12-09,3242.98,3247.23,3264.04,3241.84,0.32,10.39,5551680,11823332624.0,0.69,2.18
2021-12-10,3238.09,3283.9,3283.9,3238.09,1.13,36.67,5371082,12193859377.0,1.41,2.11
2021-12-13,3286.69,3270.95,3286.69,3251.63,-0.39,-12.95,5141976,11197478827.0,1.07,2.02
2021-12-14,3264.18,3311.48,3313.8,3255.15,1.24,40.53,5897288,11148973645.0,1.79,2.31
2021-12-15,3307.55,3314.25,3332.35,3305.66,0.08,2.77,5801947,11455992385.0,0.81,2.28
2021-12-16,3313.19,3365.85,3366.38,3313.19,1.56,51.6,5677493,11738151660.0,1.6,2.23
2021-12-17,3359.39,3307.94,3359.39,3304.53,-1.72,-57.91,5724526,11299644675.0,1.63,2.24
2021-12-20,3292.67,3248.76,3306.63,3248.47,-1.79,-59.18,6230840,10661954197.0,1.76,2.44
2021-12-21,3252.24,3276.9,3277.58,3249.5,0.87,28.14,5677134,8569419621.0,0.86,2.23
2021-12-22,3283.73,3300.9,3306.88,3270.87,0.73,24.0,5414264,9498616448.0,1.1,2.12
2021-12-23,3299.43,3271.19,3299.43,3257.34,-0.9,-29.71,4769435,9009608894.0,1.28,1.87
2021-12-24,3275.56,3183.16,3285.17,3183.16,-2.69,-88.03,5652844,9644842449.0,3.12,2.22
2021-12-27,3180.09,3196.14,3216.85,3158.08,0.41,12.98,5010448,8510669524.0,1.85,1.96
2021-12-28,3206.58,3255.94,3255.97,3206.58,1.87,59.8,6008043,10087222163.0,1.55,2.36
2021-12-29,3269.05,3264.22,3276.34,3249.8,0.25,8.28,5834751,10054753243.0,0.82,2.29
2021-12-30,3268.14,3307.58,3327.99,3268.14,1.33,43.36,6070283,10786548263.0,1.83,2.38
2021-12-31,3315.12,3328.24,3338.13,3301.69,0.62,20.66,5743234,10985820307.0,1.1,2.25
2022-01-04,3339.71,3331.37,3340.34,3310.36,0.09,3.13,6273931,11544191315.0,0.9,2.46
2022-01-05,3327.73,3246.37,3327.73,3215.83,-2.55,-85.0,6568863,10817426394.0,3.36,2.58
2022-01-06,3221.74,3289.41,3300.03,3221.74,1.33,43.04,5835457,9593449006.0,2.41,2.29
2022-01-07,3290.01,3213.87,3298.51,3210.62,-2.3,-75.54,5330340,8633550235.0,2.67,2.09
2022-01-10,3206.83,3252.86,3252.86,3182.72,1.21,38.99,4145083,7442193281.0,2.18,1.63
2022-01-11,3253.24,3210.0,3277.79,3203.27,-1.32,-42.86,4286965,7858613035.0,2.29,1.68
2022-01-12,3218.01,3267.63,3267.63,3218.01,1.8,57.63,4270909,7351284762.0,1.55,1.67
2022-01-13,3269.62,3214.26,3269.62,3211.59,-1.63,-53.37,5100948,8119254892.0,1.78,2.0
2022-01-14,3202.76,3200.39,3232.41,3179.12,-0.43,-13.87,4965645,8922827599.0,1.66,1.95
2022-01-17,3201.22,3290.97,3292.76,3201.22,2.83,90.58,4998948,8828926613.0,2.86,1.96
2022-01-18,3294.65,3230.25,3294.65,3224.92,-1.85,-60.72,4806811,8710660716.0,2.12,1.88
2022-01-19,3220.92,3233.33,3239.51,3209.76,0.1,3.08,4096209,7249831437.0,0.92,1.61
2022-01-20,3227.69,3108.45,3227.69,3108.45,-3.86,-124.88,4392461,7261114992.0,3.69,1.72
2022-01-21,3101.98,3083.23,3119.81,3071.48,-0.81,-25.22,3883732,5922742668.0,1.55,1.52
2022-01-24,3080.47,3083.62,3100.55,3062.79,0.01,0.39,3858809,6513690432.0,1.22,1.51
2022-01-25,3073.6,2954.05,3089.63,2954.05,-4.2,-129.57,4340624,6605514474.0,4.4,1.7
2022-01-26,2964.13,2978.98,2994.62,2939.19,0.84,24.93,3640197,5298207423.0,1.88,1.43
2022-01-27,2980.32,2885.92,2981.65,2884.75,-3.12,-93.06,3786443,5720745669.0,3.25,1.48
2022-01-28,2901.76,2926.24,2954.34,2871.5,1.4,40.32,3352971,5030242220.0,2.87,1.31
2022-02-07,2978.86,2959.66,2981.57,2942.28,1.14,33.42,3641429,5042953255.0,1.34,1.43
2022-02-08,2965.52,2972.95,2991.9,2924.86,0.45,13.29,3420504,4881372643.0,2.27,1.34
2022-02-09,2979.16,3030.2,3031.13,2964.41,1.93,57.25,3615972,5629716903.0,2.24,1.42
2022-02-10,3035.24,2984.11,3035.45,2969.81,-1.52,-46.09,3475596,5823162007.0,2.17,1.36
2022-02-11,2974.75,2903.24,2974.75,2895.06,-2.71,-80.87,4559051,7049125169.0,2.67,1.79
2022-02-14,2888.06,2933.13,2957.59,2875.04,1.03,29.89,4475726,7016932039.0,2.84,1.76
2022-02-15,2937.97,2953.13,2954.17,2897.09,0.68,20.0,4701864,6942439599.0,1.95,1.84
2022-02-16,2961.36,3002.01,3009.42,2956.65,1.66,48.88,4533433,7424143328.0,1.79,1.78
2022-02-17,2997.42,3010.26,3040.77,2986.5,0.27,8.25,5045910,8463137975.0,1.81,1.98
2022-02-18,2992.99,3007.37,3007.87,2973.94,-0.1,-2.89,4539085,7542744804.0,1.13,1.78
2022-02-21,3019.89,3057.2,3057.2,3010.77,1.66,49.83,4926085,8502994215.0,1.54,1.93
2022-02-22,3044.17,3042.68,3056.32,3003.45,-0.47,-14.52,6003869,11009256154.0,1.73,2.35
2022-02-23,3042.6,3123.63,3124.46,3042.6,2.66,80.95,5662413,10490361540.0,2.69,2.22
2022-02-24,3106.81,3030.46,3133.58,2987.8,-2.98,-93.17,7151097,11942894049.0,4.67,2.8
2022-02-25,3050.57,3068.16,3092.97,3050.57,1.24,37.7,5518910,8923152857.0,1.4,2.16
2022-02-28,3055.18,3059.1,3060.66,3004.37,-0.3,-9.06,4922630,8573022239.0,1.83,1.93
2022-03-01,3064.6,3084.91,3090.2,3063.99,0.84,25.81,5030954,10022687463.0,0.86,1.97
2022-03-02,3060.79,3078.9,3080.82,3049.78,-0.19,-6.01,4388153,8185683915.0,1.01,1.72
2022-03-03,3087.73,3040.94,3087.73,3034.01,-1.23,-37.96,4700551,8542597867.0,1.74,1.84
2022-03-04,3023.94,3012.89,3057.15,3001.08,-0.92,-28.05,4029516,7460289950.0,1.84,1.58
2022-03-07,2999.58,2958.42,3002.47,2939.87,-1.81,-54.47,4077574,7452982249.0,2.08,1.6
2022-03-08,2958.77,2868.35,2963.91,2860.28,-3.04,-90.07,5398393,8817983629.0,3.5,2.12
2022-03-09,2880.2,2842.1,2897.62,2725.31,-0.92,-26.25,5605384,8712675208.0,6.01,2.2
2022-03-10,2894.83,2878.2,2918.89,2876.17,1.27,36.1,4790138,8420091833.0,1.5,1.88
2022-03-11,2838.43,2867.67,2872.32,2787.2,-0.37,-10.53,4584193,7701577510.0,2.96,1.8
2022-03-14,2848.01,2768.02,2848.01,2768.02,-3.47,-99.65,4205583,7138647755.0,2.79,1.65
2022-03-15,2757.05,2633.52,2769.72,2633.52,-4.86,-134.5,5123743,7958333140.0,4.92,2.01
2022-03-16,2677.82,2724.78,2725.27,2596.06,3.47,91.26,5439794,8639326024.0,4.91,2.13
2022-03-17,2753.63,2795.98,2840.09,2753.63,2.61,71.2,5686883,9797504055.0,3.17,2.23
2022-03-18,2784.72,2810.02,2819.19,2777.46,0.5,14.04,4406523,7158330060.0,1.49,1.73
2022-03-21,2819.61,2866.33,2866.33,2813.57,2.0,56.31,4458328,7607348236.0,1.88,1.75
2022-03-22,2869.05,2853.34,2874.41,2837.54,-0.45,-12.99,4710560,7959982516.0,1.29,1.85
2022-03-23,2863.29,2863.17,2880.15,2848.36,0.34,9.83,4387453,7643640036.0,1.11,1.72
2022-03-24,2845.55,2808.57,2845.55,2793.56,-1.91,-54.6,4160827,7019875537.0,1.82,1.63
2022-03-25,2800.88,2764.43,2819.96,2763.79,-1.57,-44.14,3250241,5538426518.0,2.0,1.27
2022-03-28,2750.03,2741.01,2767.92,2708.28,-0.85,-23.42,3247469,5063022447.0,2.16,1.27
2022-03-29,2752.79,2709.5,2764.25,2703.82,-1.15,-31.51,3230534,5228252548.0,2.2,1.27
2022-03-30,2723.98,2762.11,2762.11,2709.89,1.94,52.61,3149366,5328802423.0,1.93,1.23
2022-03-31,2759.68,2765.52,2783.36,2743.86,0.12,3.41,3907078,6716494120.0,1.43,1.53
2022-04-01,2758.64,2745.32,2758.64,2731.83,-0.73,-20.2,3597012,6188277948.0,0.97,1.41
2022-04-06,2742.85,2765.87,2765.87,2725.66,0.75,20.55,3825063,6624694480.0,1.46,1.5
2022-04-07,2753.62,2695.77,2753.62,2693.33,-2.53,-70.1,3869343,6581403253.0,2.18,1.52
2022-04-08,2698.14,2663.64,2698.14,2633.08,-1.19,-32.13,3605155,5807715890.0,2.41,1.41
2022-04-11,2643.45,2557.1,2643.45,2540.71,-4.0,-106.54,3869386,5747961280.0,3.86,1.52
2022-04-12,2550.73,2603.81,2603.81,2533.47,1.83,46.71,3333647,4763988585.0,2.75,1.31
2022-04-13,2589.39,2549.97,2589.39,2541.03,-2.07,-53.84,3167695,4703121293.0,1.86,1.24
2022-04-14,2560.88,2552.66,2574.65,2545.3,0.11,2.69,2826082,4355942942.0,1.15,1.11
2022-04-15,2538.46,2499.86,2538.46,2475.41,-2.07,-52.8,3176870,4822290659.0,2.47,1.25
2022-04-18,2490.69,2536.53,2542.4,2452.4,1.47,36.67,2627109,4040745021.0,3.6,1.03
2022-04-19,2545.58,2550.73,2581.45,2537.41,0.56,14.2,3051452,4713606322.0,1.74,1.2
2022-04-20,2548.53,2525.87,2568.8,2511.87,-0.97,-24.86,3162702,4575988413.0,2.23,1.24
2022-04-21,2521.07,2408.18,2521.07,2400.29,-4.66,-117.69,3770428,5046272672.0,4.78,1.48
2022-04-22,2391.99,2368.56,2398.52,2353.89,-1.65,-39.62,2867689,3768699377.0,1.85,1.12
2022-04-25,2325.53,2157.95,2325.53,2155.81,-8.89,-210.61,4106025,5065593532.0,7.17,1.61
2022-04-26,2166.48,2077.96,2171.64,2071.17,-3.71,-79.99,3779683,4637566330.0,4.66,1.48
2022-04-27,2050.24,2160.43,2160.57,2024.94,3.97,82.47,4166199,5073549009.0,6.53,1.63
2022-04-28,2154.81,2141.78,2177.14,2115.54,-0.86,-18.65,3870513,4916608853.0,2.85,1.52
2022-04-29,2158.61,2244.1,2251.23,2152.22,4.78,102.32,3861455,5030557546.0,4.62,1.51
2022-05-05,2249.67,2299.85,2316.98,2241.84,2.48,55.75,3519274,4647653996.0,3.35,1.38
2022-05-06,2255.7,2283.94,2301.56,2243.62,-0.69,-15.91,3091694,4327275921.0,2.52,1.21
2022-05-09,2284.35,2318.05,2328.84,2284.35,1.49,34.11,2629905,3642513112.0,1.95,1.03
2022-05-10,2290.02,2377.72,2378.63,2284.26,2.57,59.67,3241644,4688141332.0,4.07,1.27
2022-05-11,2381.24,2387.25,2445.07,2381.24,0.4,9.53,4263662,6130912635.0,2.68,1.67
2022-05-12,2377.71,2408.11,2413.44,2373.73,0.87,20.86,2851344,4115349916.0,1.66,1.12
2022-05-13,2416.05,2435.62,2436.33,2405.96,1.14,27.51,2691085,4178615585.0,1.26,1.06
2022-05-16,2447.77,2429.14,2467.78,2417.42,-0.27,-6.48,2794361,4465405298.0,2.07,1.1
2022-05-17,2427.94,2431.28,2431.28,2394.21,0.09,2.14,2978278,4582075888.0,1.53,1.17
2022-05-18,2433.69,2455.43,2476.06,2431.31,0.99,24.15,3194242,4456117384.0,1.84,1.25
2022-05-19,2425.53,2479.72,2479.72,2425.53,0.99,24.29,2949242,4277991428.0,2.21,1.16
2022-05-20,2495.56,2511.23,2514.64,2478.64,1.27,31.51,3376012,4996077276.0,1.45,1.32
2022-05-23,2521.6,2561.29,2561.48,2521.21,1.99,50.06,3450436,5345633989.0,1.6,1.35
2022-05-24,2562.26,2448.43,2575.07,2448.43,-4.41,-112.86,4427957,6782559996.0,4.94,1.74
2022-05-25,2444.28,2488.59,2488.59,2444.28,1.64,40.16,4442823,6103927255.0,1.81,1.74
2022-05-26,2489.56,2485.51,2498.42,2443.31,-0.12,-3.08,3822131,5230727372.0,2.21,1.5
2022-05-27,2497.71,2479.71,2504.14,2458.33,-0.23,-5.8,4633472,6185731539.0,1.84,1.82
2022-05-30,2494.37,2517.46,2517.46,2460.6,1.52,37.75,4460505,6141004613.0,2.29,1.75
2022-05-31,2516.96,2562.59,2565.88,2493.26,1.79,45.13,4219842,6279165961.0,2.88,1.65
2022-06-01,2560.83,2598.15,2612.11,2560.83,1.39,35.56,4513021,6461092405.0,2.0,1.77
2022-06-02,2593.23,2674.37,2675.62,2579.01,2.93,76.22,4493113,6839997938.0,3.72,1.76
2022-06-06,2678.88,2722.16,2733.53,2678.88,1.79,47.79,4920583,8244692988.0,2.04,1.93
2022-06-07,2718.07,2681.35,2719.13,2661.3,-1.5,-40.81,4381998,6973628781.0,2.12,1.72
2022-06-08,2681.34,2670.0,2706.71,2615.9,-0.42,-11.35,4515216,7410119148.0,3.39,1.77
2022-06-09,2668.22,2591.3,2668.22,2578.44,-2.95,-78.7,3641790,5683160858.0,3.36,1.43
2022-06-10,2578.93,2651.84,2653.02,2578.93,2.34,60.54,4068824,6251123302.0,2.86,1.6
2022-06-13,2638.44,2680.55,2688.7,2638.44,1.08,28.71,4876938,7261960993.0,1.9,1.91
2022-06-14,2661.83,2660.8,2661.83,2586.18,-0.74,-19.75,4390330,6405588363.0,2.82,1.72
2022-06-15,2661.07,2633.49,2685.89,2633.49,-1.03,-27.31,4126140,6381806990.0,1.97,1.62
2022-06-16,2638.93,2677.37,2693.15,2638.93,1.67,43.88,3642030,5887057423.0,2.06,1.43
2022-06-17,2661.48,2704.63,2705.66,2652.77,1.02,27.26,4593534,7177156420.0,1.98,1.8
2022-06-20,2715.22,2749.64,2760.17,2714.46,1.66,45.01,5765514,8885811021.0,1.69,2.26
2022-06-21,2755.49,2753.56,2781.92,2721.92,0.14,3.92,7761402,9945413800.0,2.18,3.04
2022-06-22,2749.34,2713.92,2755.31,2713.92,-1.44,-39.64,7862985,8386489314.0,1.5,3.08
2022-06-23,2710.91,2806.23,2806.23,2710.91,3.4,92.31,8316578,9533682804.0,3.51,3.26
2022-06-24,2819.96,2838.42,2851.93,2813.26,1.15,32.19,10687320,10048488084.0,1.38,4.19
2022-06-27,2851.01,2887.47,2892.45,2846.23,1.73,49.05,8783432,10519050063.0,1.63,3.44
2022-06-28,2894.21,2981.38,2981.38,2888.88,3.25,93.91,7651049,11118540888.0,3.2,3.0
2022-06-29,2978.96,2880.72,2978.96,2879.04,-3.38,-100.66,8205945,10761506571.0,3.35,3.22
2022-06-30,2871.25,2878.79,2900.21,2857.84,-0.07,-1.93,16338409,12980248994.0,1.47,6.41
2022-07-01,2871.98,2896.15,2912.53,2856.15,0.6,17.36,14684810,12465856143.0,1.96,5.76
2022-07-04,2892.63,2909.9,2914.33,2864.77,0.47,13.75,15385492,12714589069.0,1.71,6.03
2022-07-05,2908.62,2843.9,2908.62,2810.04,-2.27,-66.0,13525191,11290713045.0,3.39,5.3
2022-07-06,2840.87,2855.27,2883.56,2818.2,0.4,11.37,9316176,9788635612.0,2.3,3.65
2022-07-07,2861.41,2885.21,2894.72,2856.81,1.05,29.94,15874765,14526959544.0,1.33,6.22
2022-07-08,2897.11,2910.95,2924.71,2896.33,0.89,25.74,16228482,14570918992.0,0.98,6.36
2022-07-11,2907.53,2878.04,2907.53,2847.35,-1.13,-32.91,15018124,13499976341.0,2.07,5.89
2022-07-12,2876.32,2800.82,2876.32,2800.82,-2.68,-77.22,12249937,11254360215.0,2.62,4.8
2022-07-13,2805.98,2861.45,2867.95,2805.98,2.16,60.63,11963826,10640670734.0,2.21,4.69
2022-07-14,2858.85,2918.46,2929.32,2856.73,1.99,57.01,12791771,12240201597.0,2.54,5.02
2022-07-15,2916.26,2882.55,2930.5,2882.55,-1.23,-35.91,15131058,14345909477.0,1.64,5.93
2022-07-18,2887.31,2968.27,2968.27,2887.31,2.97,85.72,14597547,13798927150.0,2.81,5.72
2022-07-19,2974.95,3007.84,3014.52,2965.05,1.33,39.57,17485879,15921452670.0,1.67,6.86
2022-07-20,3012.24,3043.91,3043.91,3001.78,1.2,36.07,13476348,13248974698.0,1.4,5.28
2022-07-21,3038.92,3060.59,3089.03,3035.11,0.55,16.68,13589270,13935332213.0,1.77,5.33
2022-07-22,3056.77,3071.01,3087.43,3035.1,0.34,10.42,12583749,13280403935.0,1.71,4.93
2022-07-25,3071.58,3021.89,3086.89,3016.08,-1.6,-49.12,13900922,14996158509.0,2.31,5.45
2022-07-26,3013.04,3046.44,3046.44,2948.58,0.81,24.55,11416074,12441671164.0,3.24,4.48
2022-07-27,3037.66,3129.96,3135.47,3036.79,2.74,83.52,11023097,13590855228.0,3.24,4.32
2022-07-28,3144.98,3193.9,3201.81,3143.19,2.04,63.94,15129598,16521366653.0,1.87,5.93
2022-07-29,3197.2,3194.84,3210.54,3186.65,0.03,0.94,12810879,15264589385.0,0.75,5.02
2022-08-01,3191.01,3216.27,3217.67,3170.11,0.67,21.43,12725379,14028038206.0,1.49,4.99
2022-08-02,3180.39,3109.36,3180.39,3071.85,-3.32,-106.91,13971606,14963123810.0,3.37,5.48
2022-08-03,3130.25,3079.06,3190.22,3066.5,-0.97,-30.3,14204608,15627487642.0,3.98,5.57
2022-08-04,3092.15,3125.03,3125.03,3048.54,1.49,45.97,14046370,13784436584.0,2.48,5.51
2022-08-05,3121.2,3139.05,3147.42,3097.02,0.45,14.02,15456439,14973380051.0,1.61,6.06
2022-08-08,3134.07,3222.41,3222.41,3118.9,2.66,83.36,13064874,14061383485.0,3.3,5.12
2022-08-09,3214.69,3250.41,3259.89,3214.69,0.87,28.0,12269822,14163641452.0,1.4,4.81
2022-08-10,3246.58,3298.3,3298.3,3242.4,1.47,47.89,10605707,13269188956.0,1.72,4.16
2022-08-11,3314.62,3333.65,3340.37,3310.35,1.07,35.35,11335746,14580526935.0,0.91,4.44
2022-08-12,3340.2,3293.59,3358.27,3292.93,-1.2,-40.06,10234183,13959788340.0,1.96,4.01
2022-08-15,3279.81,3323.61,3327.18,3270.86,0.91,30.02,9880696,13075192002.0,1.71,3.87
2022-08-16,3328.05,3375.02,3376.49,3317.15,1.55,51.41,12154809,15142143146.0,1.79,4.77
2022-08-17,3378.35,3388.01,3402.51,3362.16,0.38,12.99,10524621,16619661602.0,1.2,4.13
2022-08-18,3375.47,3430.06,3435.6,3364.29,1.24,42.05,11208892,15719966938.0,2.1,4.4
2022-08-19,3431.07,3323.32,3431.07,3323.16,-3.11,-106.74,10776253,14988669549.0,3.15,4.23
2022-08-22,3308.42,3317.49,3320.26,3277.75,-0.18,-5.83,9146037,13463010212.0,1.28,3.59
2022-08-23,3307.8,3370.81,3374.95,3307.8,1.61,53.32,9182713,13262169635.0,2.02,3.6
2022-08-24,3369.26,3210.95,3369.26,3202.55,-4.74,-159.86,10422697,14723805310.0,4.95,4.09
2022-08-25,3215.44,3133.03,3220.23,3106.39,-2.43,-77.92,8244693,11264117669.0,3.55,3.23
2022-08-26,3133.43,3084.2,3159.79,3077.62,-1.56,-48.83,7022407,9837198671.0,2.62,2.75
2022-08-29,3042.34,3116.14,3126.08,3025.18,1.04,31.94,5660256,8366776188.0,3.27,2.22
2022-08-30,3124.4,3068.53,3131.99,3052.23,-1.53,-47.61,5533230,7753136852.0,2.56,2.17
2022-08-31,3064.89,2936.21,3064.89,2927.39,-4.31,-132.32,6498925,9146693377.0,4.48,2.55
2022-09-01,2941.34,2906.62,2960.98,2900.69,-1.01,-29.59,5122824,6888252854.0,2.05,2.01
2022-09-02,2920.43,2977.05,2979.12,2898.88,2.42,70.43,5745422,7068054120.0,2.76,2.25
2022-09-05,2977.12,2987.96,3014.82,2966.11,0.37,10.91,5586914,7253744195.0,1.64,2.19
2022-09-06,2996.66,3034.79,3034.79,2964.72,1.57,46.83,6921804,8825858982.0,2.35,2.71
2022-09-07,3029.42,3065.61,3086.37,3028.94,1.02,30.82,6689008,8629878509.0,1.89,2.62
2022-09-08,3068.31,3019.85,3074.62,3016.29,-1.49,-45.76,5425614,6923179949.0,1.9,2.13
2022-09-09,3024.05,2990.25,3025.69,2970.78,-0.98,-29.6,4378972,6040149182.0,1.82,1.72
2022-09-13,2995.54,3016.86,3039.74,2995.54,0.89,26.61,4229048,5930562227.0,1.48,1.66
2022-09-14,2971.02,2987.27,2997.68,2956.6,-0.98,-29.59,4317317,6031823559.0,1.36,1.69
2022-09-15,2997.27,2875.21,2997.27,2835.24,-3.75,-112.06,6323186,8171691245.0,5.42,2.48
2022-09-16,2866.73,2824.05,2887.53,2824.05,-1.78,-51.16,4333311,5593880385.0,2.21,1.7
2022-09-19,2819.14,2787.05,2843.81,2769.11,-1.31,-37.0,4000330,5088753100.0,2.65,1.57
2022-09-20,2808.62,2864.72,2868.76,2804.41,2.79,77.67,6333465,6681899570.0,2.31,2.48
2022-09-21,2858.41,2865.94,2876.49,2816.23,0.04,1.22,8604068,7497063541.0,2.1,3.37
2022-09-22,2846.66,2880.23,2915.65,2845.25,0.5,14.29,6228364,6552896040.0,2.46,2.44
2022-09-23,2885.87,2816.07,2891.95,2797.76,-2.23,-64.16,5705324,6418745383.0,3.27,2.24
2022-09-26,2791.09,2785.32,2834.73,2777.31,-1.09,-30.75,5426073,6323441134.0,2.04,2.13
2022-09-27,2794.96,2845.8,2845.8,2788.83,2.17,60.48,5432929,6181787908.0,2.05,2.13
2022-09-28,2846.43,2753.85,2846.43,2753.85,-3.23,-91.95,4777504,5852313207.0,3.25,1.87
2022-09-29,2776.38,2746.15,2783.93,2732.31,-0.28,-7.7,4614394,5642295393.0,1.87,1.81
2022-09-30,2745.56,2677.3,2750.12,2676.81,-2.51,-68.85,3938165,4858987568.0,2.67,1.54
2022-10-10,2675.02,2595.33,2682.29,2581.55,-3.06,-81.97,3662618,4629794220.0,3.76,1.44
2022-10-11,2599.74,2623.54,2640.5,2579.92,1.09,28.21,3485074,4523337240.0,2.33,1.37
2022-10-12,2626.83,2724.97,2724.97,2592.31,3.87,101.43,4959252,5860567330.0,5.06,1.94
2022-10-13,2713.33,2743.6,2771.95,2709.5,0.68,18.63,4522977,5962886307.0,2.29,1.77
2022-10-14,2766.41,2816.69,2824.1,2762.44,2.66,73.09,5227289,7029335537.0,2.25,2.05
2022-10-17,2811.77,2887.1,2887.1,2811.77,2.5,70.41,6444708,7307656254.0,2.67,2.53
2022-10-18,2897.29,2906.2,2926.05,2872.56,0.66,19.1,5977050,7736818186.0,1.85,2.34
2022-10-19,2900.18,2886.87,2920.23,2886.19,-0.67,-19.33,5440794,6792914308.0,1.17,2.13
2022-10-20,2874.5,2888.26,2921.31,2834.31,0.05,1.39,4990109,6945860340.0,3.01,1.96
2022-10-21,2894.03,2898.62,2914.39,2860.83,0.36,10.36,4477428,6258324707.0,1.85,1.76
2022-10-24,2920.15,2889.17,2950.54,2873.72,-0.33,-9.45,5730531,8001236354.0,2.65,2.25
2022-10-25,2868.74,2905.12,2925.81,2839.94,0.55,15.95,7033119,8477626263.0,2.97,2.76
2022-10-26,2905.04,2963.2,2968.47,2891.12,2.0,58.08,6726578,9245396912.0,2.66,2.64
2022-10-27,2963.04,2922.36,2996.82,2921.11,-1.38,-40.84,6394152,8988606156.0,2.56,2.51
2022-10-28,2921.42,2814.94,2928.37,2800.06,-3.68,-107.42,6599225,8930527352.0,4.39,2.59
2022-10-31,2804.32,2858.85,2884.62,2804.32,1.56,43.91,4414683,6335246566.0,2.85,1.73
2022-11-01,2866.23,2943.43,2943.43,2860.86,2.96,84.58,6319017,8770205801.0,2.89,2.48
2022-11-02,2946.4,2986.41,2998.58,2938.83,1.46,42.98,7166855,9485989641.0,2.03,2.81
2022-11-03,2970.61,3018.44,3019.66,2970.61,1.07,32.03,6268153,8361049801.0,1.64,2.46
2022-11-04,3021.83,3060.87,3068.08,3020.37,1.41,42.43,7278553,9999554053.0,1.58,2.85
2022-11-07,3066.14,3061.82,3080.15,3039.5,0.03,0.95,6199160,9491870121.0,1.33,2.43
2022-11-08,3065.09,3058.47,3065.09,3021.36,-0.11,-3.35,4836714,7318061591.0,1.43,1.9
2022-11-09,3057.07,3074.46,3083.73,3049.07,0.52,15.99,6270855,7658863127.0,1.13,2.46
2022-11-10,3059.85,3023.11,3076.4,3019.33,-1.67,-51.35,6376243,8643332808.0,1.86,2.5
2022-11-11,3081.21,3008.38,3091.13,3008.38,-0.49,-14.73,6508835,9641024986.0,2.74,2.55
2022-11-14,2999.28,2969.71,3011.8,2960.2,-1.29,-38.67,5258415,7798473530.0,1.72,2.06
2022-11-15,2963.35,3075.86,3075.86,2962.31,3.57,106.15,6167928,8758974569.0,3.82,2.42
2022-11-16,3081.86,3060.44,3087.71,3046.8,-0.5,-15.42,5626213,7882219629.0,1.33,2.21
2022-11-17,3055.34,3069.51,3069.51,3019.58,0.3,9.07,4862721,7200762074.0,1.63,1.91
2022-11-18,3071.66,3028.98,3084.51,3025.06,-1.32,-40.53,5359727,7492915749.0,1.94,2.1
2022-11-21,3031.47,3080.87,3080.87,3010.31,1.71,51.89,5039502,7509277108.0,2.33,1.98
2022-11-22,3083.27,3023.77,3084.46,3008.8,-1.85,-57.1,6002045,7894972988.0,2.46,2.35
2022-11-23,3011.74,3003.82,3015.8,2936.8,-0.66,-19.95,5458240,7594252349.0,2.61,2.14
2022-11-24,3004.07,3020.02,3031.19,3001.81,0.54,16.2,4417204,6703364795.0,0.98,1.73
2022-11-25,3015.03,2952.59,3015.03,2951.56,-2.23,-67.43,4161304,6232299572.0,2.1,1.63
2022-11-28,2925.0,2933.57,2945.13,2917.91,-0.64,-19.02,3692662,5998082571.0,0.92,1.45
2022-11-29,2933.56,2983.1,2989.69,2933.56,1.69,49.53,4735481,7465728159.0,1.91,1.86
2022-11-30,2982.17,2974.02,2993.08,2950.46,-0.3,-9.08,5326450,7415700738.0,1.43,2.09
2022-12-01,3003.29,2992.18,3018.35,2986.84,0.61,18.16,5335199,7847950339.0,1.06,2.09
2022-12-02,2984.3,3016.44,3029.96,2984.3,0.81,24.26,4774444,7200704262.0,1.53,1.87
2022-12-05,3030.51,3012.53,3030.51,2994.99,-0.13,-3.91,5002912,7391552026.0,1.18,1.96
2022-12-06,3008.78,2999.93,3018.96,2982.06,-0.42,-12.6,4733520,7098704367.0,1.22,1.86
2022-12-07,2992.21,2988.76,3009.92,2977.85,-0.37,-11.17,4364543,6559504315.0,1.07,1.71
2022-12-08,2981.89,2971.93,2993.59,2961.36,-0.56,-16.83,3936286,6151125887.0,1.08,1.54
2022-12-09,2975.43,2965.46,2987.91,2959.5,-0.22,-6.47,4305412,7145407143.0,0.96,1.69
2022-12-12,2960.37,2956.76,2966.76,2936.35,-0.29,-8.7,4306273,6376206475.0,1.03,1.69
2022-12-13,2955.48,2911.44,2955.48,2908.14,-1.53,-45.32,3890149,5769365376.0,1.6,1.53
2022-12-14,2918.41,2911.58,2941.98,2903.97,0.0,0.14,6890076,6367965899.0,1.31,2.7
2022-12-15,2911.36,2955.02,2955.02,2899.1,1.49,43.44,7509580,6798684516.0,1.92,2.94
2022-12-16,2942.73,2883.1,2942.73,2877.36,-2.43,-71.92,5524870,6251046378.0,2.21,2.17
2022-12-19,2875.99,2831.82,2883.38,2823.58,-1.78,-51.28,4747614,5579369388.0,2.07,1.86
2022-12-20,2829.36,2846.49,2860.03,2814.63,0.52,14.67,6508569,5944306421.0,1.6,2.55
2022-12-21,2849.43,2802.4,2849.43,2788.16,-1.55,-44.09,9661389,6596275358.0,2.15,3.79
2022-12-22,2812.42,2738.5,2812.42,2732.6,-2.28,-63.9,7791109,5782997802.0,2.85,3.06
2022-12-23,2728.04,2711.78,2738.48,2690.96,-0.98,-26.72,5688111,5135783345.0,1.74,2.23
2022-12-26,2710.76,2789.92,2791.92,2710.76,2.88,78.14,5545223,5026664928.0,2.99,2.17
2022-12-27,2793.8,2800.51,2807.12,2762.44,0.38,10.59,5093427,5153835049.0,1.6,2.0
2022-12-28,2793.72,2755.24,2793.72,2749.52,-1.62,-45.27,4777164,4339451642.0,1.58,1.87
2022-12-29,2751.13,2741.63,2774.8,2741.63,-0.49,-13.61,4884111,4380852519.0,1.2,1.92
2022-12-30,2751.09,2758.49,2769.25,2743.93,0.61,16.86,3859915,3958546227.0,0.92,1.51
2023-01-03,2758.65,2842.24,2845.89,2758.65,3.04,83.75,6065763,5986293901.0,3.16,2.38
2023-01-04,2851.16,2864.07,2875.89,2838.47,0.77,21.83,8661322,7561167267.0,1.32,3.4
2023-01-05,2866.57,2888.63,2893.43,2858.34,0.86,24.56,10264781,8121593007.0,1.23,4.03
2023-01-06,2888.2,2896.64,2926.24,2888.2,0.28,8.01,7215532,7342700356.0,1.32,2.83
2023-01-09,2909.19,2916.87,2931.39,2902.08,0.7,20.23,7094340,7014914674.0,1.01,2.78
2023-01-10,2917.63,2920.11,2924.54,2901.23,0.11,3.24,5257546,6130392153.0,0.8,2.06
2023-01-11,2928.74,2880.39,2928.82,2879.43,-1.36,-39.72,5035772,6098299243.0,1.69,1.97
2023-01-12,2890.54,2903.55,2917.53,2885.77,0.8,23.16,6762749,6410845531.0,1.1,2.65
2023-01-13,2909.89,2891.98,2909.89,2881.31,-0.4,-11.57,5090379,5472421968.0,0.98,2.0
2023-01-16,2897.2,2937.42,2946.28,2897.2,1.57,45.44,4607395,5688392377.0,1.7,1.81
2023-01-17,2947.44,2957.03,2961.49,2945.47,0.67,19.61,4910712,6105604474.0,0.55,1.93
2023-01-18,2960.48,2969.64,2975.39,2948.21,0.43,12.61,5018441,5440883817.0,0.92,1.97
2023-01-19,2969.22,2994.52,2996.55,2957.43,0.84,24.88,4314948,5296674762.0,1.32,1.69
2023-01-20,3007.24,3023.26,3023.8,3007.24,0.96,28.74,4516154,5344892815.0,0.55,1.77
2023-01-30,3063.0,3084.43,3090.56,3063.0,2.02,61.17,7483030,8945157172.0,0.91,2.93
2023-01-31,3073.62,3104.96,3104.96,3069.57,0.67,20.53,8672392,8640692159.0,1.15,3.4
2023-02-01,3109.07,3167.73,3167.73,3109.07,2.02,62.77,9242736,9766853736.0,1.89,3.62
2023-02-02,3171.35,3182.34,3194.94,3159.53,0.46,14.61,7939085,9703786058.0,1.12,3.11
2023-02-03,3176.62,3175.1,3180.92,3132.11,-0.23,-7.24,7101535,8660275620.0,1.53,2.78
2023-02-06,3170.75,3179.55,3189.73,3165.73,0.14,4.45,6200869,7978528440.0,0.76,2.43
2023-02-07,3185.24,3204.12,3204.12,3166.37,0.77,24.57,8565093,9560057759.0,1.19,3.36
2023-02-08,3204.87,3195.9,3208.77,3192.75,-0.26,-8.22,6563768,8101710618.0,0.5,2.57
2023-02-09,3200.93,3243.67,3243.67,3186.49,1.49,47.77,5863960,8656669268.0,1.79,2.3
2023-02-10,3235.62,3225.48,3246.21,3210.39,-0.56,-18.19,5758975,7758075675.0,1.1,2.26
2023-02-13,3229.05,3270.64,3270.64,3229.05,1.4,45.16,6389172,8402236650.0,1.29,2.51
2023-02-14,3276.22,3255.4,3276.22,3241.62,-0.47,-15.24,5500164,7906028380.0,1.06,2.16
2023-02-15,3256.45,3272.44,3273.42,3255.36,0.52,17.04,5597811,8004914397.0,0.55,2.2
2023-02-16,3274.34,3168.96,3274.34,3150.81,-3.16,-103.48,6933020,9624159504.0,3.77,2.72
2023-02-17,3172.4,3154.36,3198.95,3145.77,-0.46,-14.6,5074038,7129300888.0,1.68,1.99
2023-02-20,3154.13,3193.14,3193.14,3138.17,1.23,38.78,4624241,7151142280.0,1.74,1.81
2023-02-21,3195.43,3203.81,3212.16,3182.43,0.33,10.67,4384064,6518488126.0,0.93,1.72
2023-02-22,3192.17,3200.33,3209.23,3187.88,-0.11,-3.48,4416311,6421008019.0,0.67,1.73
2023-02-23,3206.98,3215.87,3224.88,3201.63,0.49,15.54,4309601,6581597307.0,0.73,1.69
2023-02-24,3217.21,3205.4,3221.68,3183.15,-0.33,-10.47,3714258,5576054118.0,1.2,1.46
2023-02-27,3194.76,3161.71,3201.11,3158.12,-1.36,-43.69,5596386,7538580018.0,1.34,2.19
2023-02-28,3167.61,3177.65,3190.22,3142.08,0.5,15.94,4024732,5575641235.0,1.52,1.58
2023-03-01,3176.61,3199.2,3199.2,3167.82,0.68,21.55,4887523,6521696740.0,0.99,1.92
2023-03-02,3200.87,3164.39,3207.57,3161.3,-1.09,-34.81,4924144,6831469750.0,1.45,1.93
2023-03-03,3166.04,3160.24,3183.78,3138.79,-0.13,-4.15,4070046,5855376665.0,1.42,1.6
2023-03-06,3165.0,3188.75,3188.9,3148.2,0.9,28.51,4050275,6316742466.0,1.29,1.59
2023-03-07,3185.59,3100.22,3185.59,3100.22,-2.78,-88.53,4314161,6075523485.0,2.68,1.69
2023-03-08,3094.5,3135.41,3135.41,3094.5,1.14,35.19,3451739,4803781732.0,1.32,1.35
2023-03-09,3138.97,3159.92,3164.45,3127.76,0.78,24.51,3862867,5910855283.0,1.17,1.51
2023-03-10,3151.83,3114.96,3154.05,3114.45,-1.42,-44.96,3698063,5867082656.0,1.25,1.45
2023-03-13,3112.42,3104.22,3124.46,3077.02,-0.34,-10.74,3931427,5975363648.0,1.52,1.54
2023-03-14,3100.55,3068.32,3100.56,3018.34,-1.16,-35.9,4584829,6636179945.0,2.65,1.8
2023-03-15,3081.68,3095.59,3123.52,3079.95,0.89,27.27,4007855,5701502058.0,1.42,1.57
2023-03-16,3085.94,3045.73,3094.04,3036.3,-1.61,-49.86,3623923,5321796281.0,1.87,1.42
2023-03-17,3065.18,3064.54,3081.86,3053.17,0.62,18.81,3978735,6100597334.0,0.94,1.56
2023-03-20,3065.56,3059.79,3071.34,3015.92,-0.15,-4.75,3953282,6394777955.0,1.81,1.55
2023-03-21,3052.7,3107.26,3107.27,3046.72,1.55,47.47,3737242,5373173916.0,1.98,1.47
2023-03-22,3112.34,3125.73,3130.65,3105.66,0.59,18.47,3825877,6083008559.0,0.8,1.5
2023-03-23,3120.38,3125.77,3127.39,3109.42,0.0,0.04,3858133,6490318177.0,0.57,1.51
2023-03-24,3127.27,3129.72,3139.84,3116.91,0.13,3.95,4401993,6641563954.0,0.73,1.73
2023-03-27,3129.23,3131.79,3138.43,3106.34,0.07,2.07,6548071,7608056064.0,1.03,2.57
2023-03-28,3129.34,3097.92,3134.21,3093.15,-1.08,-33.87,5171069,6550545278.0,1.31,2.03
2023-03-29,3100.81,3116.03,3128.05,3095.37,0.58,18.11,5100298,7453335350.0,1.05,2.0
2023-03-30,3117.31,3092.79,3117.31,3080.32,-0.75,-23.24,4218864,6063083215.0,1.19,1.65
2023-03-31,3094.91,3117.73,3125.11,3094.91,0.81,24.94,4091291,6503571401.0,0.98,1.6
2023-04-03,3121.51,3148.14,3148.5,3111.38,0.98,30.41,5336468,9620900929.0,1.19,2.09
2023-04-04,3142.77,3104.48,3142.77,3092.13,-1.39,-43.66,5515009,9654673693.0,1.61,2.16
2023-04-06,3089.75,3120.43,3120.43,3077.7,0.51,15.95,4798646,9243271739.0,1.38,1.88
2023-04-07,3124.95,3131.92,3134.72,3114.97,0.37,11.49,4506963,8237258781.0,0.63,1.77
2023-04-10,3144.08,3115.79,3163.52,3101.77,-0.52,-16.13,5297045,9864776889.0,1.97,2.08
2023-04-11,3121.42,3101.95,3121.42,3080.27,-0.44,-13.84,4209412,7868420482.0,1.32,1.65
2023-04-12,3105.56,3133.28,3133.29,3098.52,1.01,31.33,5288011,9001417670.0,1.12,2.07
2023-04-13,3128.81,3092.59,3128.81,3090.47,-1.3,-40.69,5107344,9443282017.0,1.22,2.0
2023-04-14,3096.25,3127.59,3128.63,3076.77,1.13,35.0,4727418,9215269716.0,1.68,1.85
2023-04-17,3134.14,3127.21,3158.61,3114.61,-0.01,-0.38,4488801,8764127637.0,1.41,1.76
2023-04-18,3123.98,3104.71,3123.98,3088.62,-0.72,-22.5,4465942,8028085621.0,1.13,1.75
2023-04-19,3094.96,3083.18,3101.15,3079.45,-0.69,-21.53,4796199,8834333581.0,0.7,1.88
2023-04-20,3079.87,3059.01,3079.87,3039.98,-0.78,-24.17,4717921,8991144134.0,1.29,1.85
2023-04-21,3054.75,2968.43,3066.35,2967.92,-2.96,-90.58,5335425,9503400851.0,3.22,2.09
2023-04-24,2967.56,2941.0,2967.56,2916.11,-0.92,-27.43,4366310,8146845529.0,1.73,1.71
2023-04-25,2930.66,2857.06,2930.66,2822.74,-2.85,-83.94,5673881,10102655170.0,3.67,2.22
2023-04-26,2856.7,2920.27,2927.69,2856.7,2.21,63.21,5462900,10878546165.0,2.48,2.14
2023-04-27,2915.17,2903.69,2940.6,2893.43,-0.57,-16.58,4966170,9193981316.0,1.62,1.95
2023-04-28,2895.98,2959.38,2959.38,2895.98,1.92,55.69,5397053,9425059678.0,2.18,2.12
2023-05-04,2956.24,2978.97,2988.27,2956.24,0.66,19.59,5303700,9444562229.0,1.08,2.08
2023-05-05,2973.38,2931.14,2973.38,2913.72,-1.61,-47.83,4627174,7825608569.0,2.0,1.81
2023-05-08,2935.15,2948.88,2948.99,2922.52,0.61,17.74,4019042,6802705503.0,0.9,1.58
2023-05-09,2947.64,2870.29,2947.64,2870.29,-2.67,-78.59,4149319,6860013466.0,2.62,1.63
2023-05-10,2868.32,2905.12,2915.79,2860.76,1.21,34.83,3303710,5673724583.0,1.92,1.3
2023-05-11,2914.28,2910.11,2922.84,2896.2,0.17,4.99,3780741,5534719645.0,0.92,1.48
2023-05-12,2906.63,2876.81,2922.69,2875.43,-1.14,-33.3,3011664,4633071024.0,1.62,1.18
2023-05-15,2877.49,2935.41,2935.41,2877.49,2.04,58.6,3317298,5604405201.0,2.01,1.3
2023-05-16,2935.41,2925.35,2941.76,2917.36,-0.34,-10.06,3102595,5261777547.0,0.83,1.22
2023-05-17,2923.14,2985.82,2985.82,2923.14,2.07,60.47,4374866,6172178930.0,2.14,1.72
2023-05-18,2988.12,3028.82,3028.82,2988.12,1.44,43.0,5856776,7780368868.0,1.36,2.3
2023-05-19,3032.34,3056.36,3065.54,3030.84,0.91,27.54,5555262,8147646151.0,1.15,2.18
2023-05-22,3046.61,3091.67,3091.67,3041.2,1.16,35.31,6015691,7873314237.0,1.65,2.36
2023-05-23,3087.62,3088.07,3112.42,3068.28,-0.12,-3.6,5205431,7129954243.0,1.43,2.04
2023-05-24,3077.98,3114.97,3133.88,3077.25,0.87,26.9,6797591,8086629707.0,1.83,2.67
2023-05-25,3113.01,3132.97,3150.64,3095.93,0.58,18.0,6492917,9019504929.0,1.76,2.55
2023-05-26,3139.76,3141.45,3145.88,3098.5,0.27,8.48,5598274,8286295139.0,1.51,2.2
2023-05-29,3141.04,3112.43,3142.3,3109.54,-0.92,-29.02,5173126,8150000620.0,1.04,2.03
2023-05-30,3102.83,3111.14,3111.14,3075.1,-0.04,-1.29,4773334,7253049600.0,1.16,1.87
2023-05-31,3114.4,3093.78,3114.4,3089.64,-0.56,-17.36,4404766,6516887151.0,0.8,1.73
2023-06-01,3095.02,3115.53,3130.33,3079.02,0.7,21.75,5039259,7875653549.0,1.66,1.98
2023-06-02,3124.42,3124.92,3139.22,3113.92,0.3,9.39,4158839,6786092377.0,0.81,1.63
2023-06-05,3129.71,3139.62,3142.52,3122.78,0.47,14.7,3960621,7036380430.0,0.63,1.55
2023-06-06,3147.46,3064.24,3147.46,3061.25,-2.4,-75.38,5305031,9101526411.0,2.75,2.08
2023-06-07,3065.79,3072.87,3079.31,3051.93,0.28,8.63,4142467,8011730274.0,0.89,1.62
2023-06-08,3066.98,3034.09,3071.81,3025.31,-1.26,-38.78,4120898,7672254125.0,1.51,1.62
2023-06-09,3034.46,3049.44,3049.55,3020.23,0.51,15.35,4074260,7353542242.0,0.97,1.6
2023-06-12,3057.3,3110.37,3117.16,3045.84,2.0,60.93,4847684,8529355500.0,2.34,1.9
2023-06-13,3111.32,3142.64,3142.64,3107.29,1.04,32.27,4887092,8631383246.0,1.14,1.92
2023-06-14,3146.38,3140.15,3146.38,3109.8,-0.08,-2.49,5672624,9427140618.0,1.16,2.22
2023-06-15,3136.96,3169.57,3176.08,3123.94,0.94,29.42,7351764,10299216308.0,1.66,2.88
2023-06-16,3172.47,3212.0,3213.14,3162.02,1.34,42.43,7354093,10759972650.0,1.61,2.88
2023-06-19,3212.03,3237.9,3245.47,3212.03,0.81,25.9,7537856,12215701786.0,1.04,2.96
2023-06-20,3234.33,3256.63,3267.52,3213.55,0.58,18.73,9648337,12245667681.0,1.67,3.78
2023-06-21,3253.83,3217.39,3268.66,3217.39,-1.2,-39.24,11800566,12186182781.0,1.57,4.63
2023-06-26,3191.63,3167.32,3224.28,3159.76,-1.56,-50.07,10328794,11293587615.0,2.01,4.05
2023-06-27,3165.09,3221.18,3226.15,3165.09,1.7,53.86,8765429,9721049928.0,1.93,3.44
2023-06-28,3214.97,3229.36,3237.59,3126.04,0.25,8.18,9650243,10742311927.0,3.46,3.78
2023-06-29,3230.95,3310.7,3320.16,3230.95,2.52,81.34,6847305,10448540592.0,2.76,2.68
2023-06-30,3311.06,3357.87,3359.15,3293.91,1.42,47.17,10750007,12926919707.0,1.97,4.22
2023-07-03,3366.39,3337.13,3385.44,3331.04,-0.62,-20.74,15844961,15429692837.0,1.62,6.21
2023-07-04,3332.5,3372.77,3373.79,3325.51,1.07,35.64,13160596,13323942268.0,1.45,5.16
2023-07-05,3358.22,3319.77,3360.34,3316.39,-1.57,-53.0,11679861,11555041686.0,1.3,4.58
2023-07-06,3321.84,3321.22,3345.46,3296.55,0.04,1.45,9941525,9799320780.0,1.47,3.9
2023-07-07,3315.19,3277.4,3315.19,3271.21,-1.32,-43.82,7512609,8203604152.0,1.32,2.95
2023-07-10,3282.45,3259.16,3291.98,3249.57,-0.56,-18.24,6138518,6879470375.0,1.29,2.41
2023-07-11,3258.15,3296.02,3296.02,3251.16,1.13,36.86,6674836,7431225694.0,1.38,2.62
2023-07-12,3294.97,3254.08,3305.47,3248.75,-1.27,-41.94,7011822,8585930196.0,1.72,2.75
2023-07-13,3261.19,3291.33,3292.43,3258.92,1.14,37.25,6466551,8451984726.0,1.03,2.54
2023-07-14,3291.52,3284.34,3298.23,3265.42,-0.21,-6.99,7413081,8442099810.0,1.0,2.91
2023-07-17,3277.07,3289.51,3289.51,3256.45,0.16,5.17,5828063,7152951333.0,1.01,2.29
2023-07-18,3292.63,3306.76,3321.61,3279.49,0.52,17.25,8814156,9085202083.0,1.28,3.46
2023-07-19,3301.55,3271.66,3303.13,3254.39,-1.06,-35.1,6541029,7512099551.0,1.47,2.56
2023-07-20,3276.59,3222.11,3276.59,3217.85,-1.51,-49.55,9326548,9905571466.0,1.8,3.66
2023-07-21,3208.87,3159.29,3208.87,3157.71,-1.95,-62.82,7364999,7980284252.0,1.59,2.89
2023-07-24,3161.23,3163.78,3181.73,3137.13,0.14,4.49,4532177,5473202276.0,1.41,1.78
2023-07-25,3185.5,3200.62,3200.62,3172.17,1.16,36.84,5020165,7230911717.0,0.9,1.97
2023-07-26,3198.01,3148.12,3198.02,3139.99,-1.64,-52.5,5078143,6220367057.0,1.81,1.99
2023-07-27,3154.84,3121.24,3171.98,3117.08,-0.85,-26.88,4275095,5303277516.0,1.74,1.68
2023-07-28,3118.06,3123.46,3128.43,3087.87,0.07,2.22,4361860,5253606156.0,1.3,1.71
2023-07-31,3126.96,3142.25,3150.47,3122.76,0.6,18.79,4530392,5777756140.0,0.89,1.78
2023-08-01,3146.29,3128.98,3146.3,3115.67,-0.42,-13.27,4488982,5309299734.0,0.97,1.76
2023-08-02,3124.26,3136.71,3143.34,3115.83,0.25,7.73,5093037,5677353869.0,0.88,2.0
2023-08-03,3130.46,3122.72,3135.47,3109.54,-0.45,-13.99,3966197,5010634418.0,0.83,1.56
2023-08-04,3125.18,3126.23,3137.52,3114.51,0.11,3.51,4494722,4944103539.0,0.74,1.76
2023-08-07,3122.85,3108.92,3131.18,3100.09,-0.55,-17.31,3783226,4984795643.0,0.99,1.48
2023-08-08,3109.06,3093.26,3115.09,3079.22,-0.5,-15.66,3306668,4438753503.0,1.15,1.3
2023-08-09,3086.04,3059.74,3086.04,3055.96,-1.08,-33.52,3071163,4017829600.0,0.97,1.2
2023-08-10,3058.57,3066.95,3078.97,3054.73,0.24,7.21,2756795,3591662249.0,0.79,1.08
2023-08-11,3068.17,3017.23,3068.17,3017.23,-1.62,-49.72,3716317,4527361495.0,1.66,1.46
2023-08-14,3005.59,3025.75,3025.75,2979.87,0.28,8.52,4085326,4640884306.0,1.52,1.6
2023-08-15,3025.24,2982.56,3029.01,2964.27,-1.43,-43.19,4115521,4776414153.0,2.14,1.61
2023-08-16,2973.39,2940.49,2982.72,2939.6,-1.41,-42.07,3657984,4131577098.0,1.45,1.43
2023-08-17,2933.64,3015.54,3016.92,2923.3,2.55,75.05,6127325,5784820258.0,3.18,2.4
2023-08-18,3015.13,2993.39,3045.16,2993.39,-0.73,-22.15,4675788,4896057635.0,1.72,1.83
2023-08-21,2993.24,2966.51,3013.58,2965.12,-0.9,-26.88,3801175,4231145714.0,1.62,1.49
2023-08-22,2973.02,2970.86,2985.86,2910.19,0.15,4.35,4190417,5250390400.0,2.55,1.64
2023-08-23,2972.15,2926.48,2972.15,2925.77,-1.49,-44.38,5094503,5315557161.0,1.56,2.0
2023-08-24,2928.61,2909.15,2938.66,2885.32,-0.59,-17.33,4465783,5059230535.0,1.82,1.75
2023-08-25,2896.04,2828.89,2896.04,2817.18,-2.76,-80.26,4993484,5417404530.0,2.71,1.96
2023-08-28,2980.93,2835.72,2980.93,2827.74,0.24,6.83,5444386,6470339160.0,5.42,2.13
2023-08-29,2836.55,2998.07,3001.29,2836.55,5.73,162.35,8393161,8561937120.0,5.81,3.29
2023-08-30,3020.84,3057.93,3081.79,3020.84,2.0,59.86,9172023,10284405883.0,2.03,3.6
2023-08-31,3056.06,3060.79,3075.57,3047.6,0.09,2.86,6338022,8270344301.0,0.91,2.49
2023-09-01,3063.36,3060.91,3070.23,3031.04,0.0,0.12,6306380,6914460741.0,1.28,2.47
2023-09-04,3075.21,3085.34,3085.34,3050.01,0.8,24.43,6112698,7132252260.0,1.15,2.4
2023-09-05,3081.04,3076.29,3103.46,3066.38,-0.29,-9.05,5033799,6784442853.0,1.2,1.97
2023-09-06,3068.91,3116.28,3118.27,3067.42,1.3,39.99,4725676,7089728538.0,1.65,1.85
2023-09-07,3115.4,3051.26,3115.4,3048.07,-2.09,-65.02,5757840,7776475854.0,2.16,2.26
2023-09-08,3047.34,3074.94,3085.73,3047.34,0.78,23.68,4595894,6745036315.0,1.26,1.8
2023-09-11,3080.08,3090.32,3103.53,3050.34,0.5,15.38,5092586,7859671608.0,1.73,2.0
2023-09-12,3095.4,3097.66,3102.7,3076.81,0.24,7.34,5641104,7841563138.0,0.84,2.21
2023-09-13,3089.78,3060.8,3096.58,3027.92,-1.19,-36.86,5729263,8644959122.0,2.22,2.25
2023-09-14,3050.38,3020.61,3050.38,3002.72,-1.31,-40.19,4716399,7260186311.0,1.56,1.85
2023-09-15,3027.28,3011.41,3047.44,2998.06,-0.3,-9.2,4219063,7108750617.0,1.63,1.65
2023-09-18,3003.32,3031.65,3063.23,2983.27,0.67,20.24,4335648,6753179601.0,2.66,1.7
2023-09-19,3027.27,2989.46,3027.27,2980.43,-1.39,-42.19,4327452,6414377494.0,1.55,1.7
2023-09-20,2978.39,2950.9,2987.71,2950.57,-1.29,-38.56,4273020,5976525090.0,1.24,1.68
2023-09-21,2944.48,2937.49,2967.29,2933.33,-0.45,-13.41,3741172,5223029556.0,1.15,1.47
2023-09-22,2935.19,3009.38,3009.39,2924.9,2.45,71.89,5059356,6646370783.0,2.88,1.98
2023-09-25,3020.65,3007.86,3036.07,3001.84,-0.05,-1.52,5198739,7566044646.0,1.14,2.04
2023-09-26,3003.53,3027.54,3049.8,2993.35,0.65,19.68,5962253,7848216110.0,1.88,2.34
2023-09-27,3031.8,3047.15,3069.61,3025.6,0.65,19.61,5757805,8110807341.0,1.45,2.26
2023-09-28,3061.15,3071.91,3076.91,3052.81,0.81,24.76,5888060,8262189440.0,0.79,2.31
2023-10-09,3064.91,3052.39,3064.91,3042.69,-0.64,-19.52,5874915,8617461342.0,0.72,2.3
2023-10-10,3062.75,3042.54,3064.4,3033.8,-0.32,-9.85,5447369,8438916147.0,1.0,2.14
2023-10-11,3041.3,3057.59,3070.8,3022.66,0.49,15.05,6108038,8792868445.0,1.58,2.4
2023-10-12,3061.86,3055.83,3061.86,3029.53,-0.06,-1.76,5212094,7673879808.0,1.06,2.04
2023-10-13,3042.67,3028.27,3044.1,3022.18,-0.9,-27.56,6018197,8046758829.0,0.72,2.36
2023-10-16,3029.29,2978.64,3029.29,2960.97,-1.64,-49.63,5495480,7800760761.0,2.26,2.15
2023-10-17,2980.42,2978.78,2981.67,2956.27,0.0,0.14,5316685,7324239538.0,0.85,2.08
2023-10-18,2977.13,2939.86,2977.13,2939.86,-1.31,-38.92,4769247,6834387466.0,1.25,1.87
2023-10-19,2931.14,2924.08,2982.3,2923.6,-0.54,-15.78,5522714,7459201850.0,2.0,2.17
2023-10-20,2918.81,2898.32,2955.96,2892.15,-0.88,-25.76,5282538,7168825945.0,2.18,2.07
2023-10-23,2895.72,2835.23,2895.72,2822.79,-2.18,-63.09,4859560,6586690787.0,2.52,1.91
2023-10-24,2845.39,2903.08,2914.74,2841.09,2.39,67.85,6623984,9583870053.0,2.6,2.6
2023-10-25,2913.13,2941.1,2960.53,2913.13,1.31,38.02,5745904,7354823453.0,1.63,2.25
2023-10-26,2920.11,2953.15,2953.79,2892.06,0.41,12.05,6304800,9170065160.0,2.1,2.47
2023-10-27,2940.55,2996.44,3012.01,2917.63,1.47,43.29,6475084,9788612674.0,3.2,2.54
2023-10-30,2974.82,3042.7,3045.14,2974.82,1.54,46.26,6314890,10170229405.0,2.35,2.48
2023-10-31,3035.43,3009.04,3041.84,2991.56,-1.11,-33.66,6618579,9859079683.0,1.65,2.6
2023-11-01,3014.06,3029.73,3042.5,2995.99,0.69,20.69,5492921,8739845282.0,1.55,2.15
2023-11-02,3030.14,2975.77,3040.28,2973.98,-1.78,-53.96,5594618,8199372118.0,2.19,2.19
2023-11-03,2998.06,3062.38,3068.23,2998.06,2.91,86.61,6579234,9596674601.0,2.36,2.58
2023-11-06,3079.47,3131.08,3131.08,3079.47,2.24,68.7,8786839,11273992442.0,1.69,3.45
2023-11-07,3130.03,3148.91,3152.45,3118.07,0.57,17.83,11325698,12229543039.0,1.1,4.44
2023-11-08,3149.44,3166.9,3178.0,3139.72,0.57,17.99,9598636,12181344944.0,1.22,3.76
2023-11-09,3163.5,3140.99,3177.7,3132.72,-0.82,-25.91,8083422,11052225937.0,1.42,3.17
2023-11-10,3130.87,3138.93,3157.25,3121.19,-0.07,-2.06,6424085,9508609749.0,1.15,2.52
2023-11-13,3148.65,3176.81,3176.81,3140.35,1.21,37.88,5542283,9028408261.0,1.16,2.17
2023-11-14,3176.84,3202.14,3202.14,3162.84,0.8,25.33,7967909,11439948697.0,1.24,3.12
2023-11-15,3224.73,3229.46,3241.2,3210.23,0.85,27.32,6918900,12254974196.0,0.97,2.71
2023-11-16,3231.63,3198.29,3231.99,3196.86,-0.97,-31.17,5518048,10293593581.0,1.09,2.16
2023-11-17,3189.59,3247.53,3247.58,3189.59,1.54,49.24,6414583,11408074855.0,1.81,2.52
2023-11-20,3261.36,3307.68,3307.68,3251.59,1.85,60.15,7407398,11446901913.0,1.73,2.9
2023-11-21,3310.16,3270.45,3315.11,3266.69,-1.13,-37.23,6708878,10788032861.0,1.46,2.63
2023-11-22,3260.97,3257.1,3283.26,3244.14,-0.41,-13.35,7450110,11852636419.0,1.2,2.92
2023-11-23,3255.44,3284.98,3289.33,3243.26,0.86,27.88,5529365,8865896048.0,1.41,2.17
2023-11-24,3278.44,3256.19,3278.44,3233.91,-0.88,-28.79,6091751,9155138446.0,1.36,2.39
2023-11-27,3265.29,3335.03,3335.18,3265.29,2.42,78.84,6094117,9071291173.0,2.15,2.39
2023-11-28,3312.45,3360.82,3367.24,3303.41,0.77,25.79,5210697,7348438157.0,1.91,2.04
2023-11-29,3367.51,3336.45,3385.04,3329.43,-0.73,-24.37,5633733,9297828961.0,1.65,2.21
2023-11-30,3343.04,3321.91,3355.46,3281.92,-0.44,-14.54,8899768,11442222478.0,2.2,3.49
2023-12-01,3313.98,3305.7,3318.62,3272.36,-0.49,-16.21,10117980,11196809474.0,1.39,3.97
2023-12-04,3305.6,3305.19,3315.4,3294.08,-0.02,-0.51,7616869,10174028093.0,0.64,2.99
2023-12-05,3305.3,3276.74,3305.3,3276.74,-0.86,-28.45,7087469,9692216472.0,0.86,2.78
2023-12-06,3262.95,3301.25,3316.46,3262.95,0.75,24.51,6499285,9683924322.0,1.63,2.55
2023-12-07,3305.34,3288.61,3311.47,3284.17,-0.38,-12.64,6571879,10700789022.0,0.83,2.58
2023-12-08,3289.55,3256.63,3314.5,3251.49,-0.97,-31.98,6345605,8990472582.0,1.92,2.49
2023-12-11,3233.41,3279.23,3279.27,3211.51,0.69,22.6,7079972,8980725767.0,2.08,2.78
2023-12-12,3278.72,3290.79,3290.79,3261.04,0.35,11.56,5960143,8205810538.0,0.91,2.34
2023-12-13,3288.26,3297.52,3333.06,3272.39,0.2,6.73,9832425,10400473465.0,1.84,3.86
2023-12-14,3306.8,3304.07,3332.12,3297.83,0.2,6.55,12403149,11146987561.0,1.04,4.86
2023-12-15,3313.94,3296.57,3317.48,3287.52,-0.23,-7.5,9216836,9327365534.0,0.91,3.61
2023-12-18,3281.73,3260.65,3294.97,3252.44,-1.09,-35.92,7804334,8998751117.0,1.29,3.06
2023-12-19,3253.85,3296.16,3302.79,3243.56,1.09,35.51,7391317,8897937851.0,1.82,2.9
2023-12-20,3297.15,3300.07,3339.34,3297.15,0.12,3.91,7612944,10041874679.0,1.28,2.99
2023-12-21,3290.33,3290.88,3312.94,3238.3,-0.28,-9.19,7878092,10507039072.0,2.26,3.09
2023-12-22,3280.02,3249.35,3287.41,3230.78,-1.26,-41.53,8480210,10593619864.0,1.72,3.33
2023-12-25,3246.03,3270.47,3270.47,3228.9,0.65,21.12,7489978,9033702948.0,1.28,2.94
2023-12-26,3263.66,3218.62,3263.66,3199.75,-1.59,-51.85,7422191,10615117204.0,1.95,2.91
2023-12-27,3213.53,3251.82,3256.84,3196.55,1.03,33.2,6553249,9171975671.0,1.87,2.57
2023-12-28,3247.44,3328.24,3345.91,3224.59,2.35,76.42,7896276,10809492579.0,3.73,3.1
2023-12-29,3321.34,3407.34,3407.34,3317.97,2.38,79.1,7727981,10880262032.0,2.69,3.03
2024-01-02,3412.9,3422.87,3433.96,3405.48,0.46,15.53,8301398,10468248367.0,0.84,3.26
2024-01-03,3411.2,3383.9,3411.47,3344.88,-1.14,-38.97,7810231,9884175679.0,1.95,3.06
2024-01-04,3379.21,3380.85,3383.11,3354.16,-0.09,-3.05,6424079,8228649734.0,0.86,2.52
2024-01-05,3393.52,3291.16,3401.82,3275.37,-2.65,-89.69,7003648,9009211798.0,3.74,2.75
2024-01-08,3284.89,3223.73,3289.64,3223.73,-2.05,-67.43,5931084,7659939452.0,2.0,2.33
2024-01-09,3234.18,3251.44,3305.13,3218.1,0.86,27.71,8427596,10510482722.0,2.7,3.3
2024-01-10,3245.47,3213.02,3255.91,3183.53,-1.18,-38.42,7255127,9270412019.0,2.23,2.84
2024-01-11,3207.35,3278.67,3287.75,3207.07,2.04,65.65,6811944,8750812071.0,2.51,2.67
2024-01-12,3269.24,3204.06,3273.18,3204.06,-2.28,-74.61,5657574,7405327847.0,2.11,2.22
2024-01-15,3191.28,3176.89,3207.24,3160.35,-0.85,-27.17,4958284,6392007365.0,1.46,1.94
2024-01-16,3181.56,3185.62,3186.08,3120.68,0.27,8.73,5895569,6997487807.0,2.06,2.31
2024-01-17,3174.52,3090.11,3175.79,3090.11,-3.0,-95.51,5367888,6197938895.0,2.69,2.1
2024-01-18,3072.04,3079.22,3088.37,2994.4,-0.35,-10.89,6265631,7314022560.0,3.04,2.46
2024-01-19,3086.68,3045.1,3101.2,3040.81,-1.11,-34.12,4734081,6254842967.0,1.96,1.86
2024-01-22,3041.08,2849.12,3041.08,2829.09,-6.44,-195.98,5713622,7027676819.0,6.96,2.24
2024-01-23,2833.3,2838.55,2851.4,2785.42,-0.37,-10.57,4835730,5627831302.0,2.32,1.9
2024-01-24,2852.87,2863.01,2873.06,2761.15,0.86,24.46,5022670,5730478699.0,3.94,1.97
2024-01-25,2865.01,2957.99,2962.88,2846.5,3.32,94.98,5233320,6341518575.0,4.06,2.05
2024-01-26,2959.14,2930.38,2987.43,2924.48,-0.93,-27.61,4597236,5687392544.0,2.13,1.8
2024-01-29,2945.2,2811.61,2954.34,2811.61,-4.05,-118.77,4600922,5894458222.0,4.87,1.8
2024-01-30,2797.51,2717.55,2813.2,2711.83,-3.35,-94.06,3892867,4889538979.0,3.61,1.53
2024-01-31,2706.66,2582.91,2717.86,2578.49,-4.95,-134.64,5061560,5911715518.0,5.13,1.98
2024-02-01,2570.72,2535.82,2585.69,2489.75,-1.82,-47.09,6392629,6240447245.0,3.71,2.51
2024-02-02,2539.95,2404.39,2569.24,2314.74,-5.18,-131.43,6723860,6620448631.0,10.04,2.64
2024-02-05,2377.65,2176.29,2377.65,2123.34,-9.49,-228.1,7352692,6790955973.0,10.58,2.88
2024-02-06,2117.72,2237.31,2293.04,2024.54,2.8,61.02,8237657,7443610959.0,12.34,3.23
2024-02-07,2251.37,2169.59,2275.17,2137.44,-3.03,-67.72,8268362,7933754030.0,6.16,3.24
2024-02-08,2169.17,2345.41,2345.41,2145.56,8.1,175.82,8838403,8278043389.0,9.21,3.47
2024-02-19,2380.71,2430.68,2447.69,2376.96,3.64,85.27,7976117,7877656323.0,3.02,3.13
2024-02-20,2426.74,2495.32,2499.87,2398.17,2.66,64.64,6406269,6537255198.0,4.18,2.51
2024-02-21,2486.43,2556.01,2619.69,2477.23,2.43,60.69,7815549,8053928738.0,5.71,3.06
2024-02-22,2562.21,2634.74,2634.74,2552.22,3.08,78.73,8330937,9029103819.0,3.23,3.27
2024-02-23,2644.39,2718.6,2721.76,2633.0,3.18,83.86,10714246,11031533341.0,3.37,4.2
2024-02-26,2774.7,2829.15,2872.81,2765.78,4.07,110.55,12630659,13545761985.0,3.94,4.95
2024-02-27,2806.63,2917.38,2917.38,2786.56,3.12,88.23,11189803,12659415972.0,4.62,4.39
2024-02-28,2918.77,2712.96,2961.8,2712.8,-7.01,-204.42,14896646,16744382324.0,8.54,5.84
2024-02-29,2665.15,2840.18,2840.18,2665.15,4.69,127.22,11434071,13565283387.0,6.45,4.48
2024-03-01,2851.19,2878.18,2885.18,2843.6,1.34,38.0,10734082,13946653340.0,1.46,4.21
2024-03-04,2875.24,2870.17,2892.74,2803.99,-0.28,-8.01,10727612,13520450943.0,3.08,4.21
2024-03-05,2843.26,2811.77,2855.16,2800.97,-2.03,-58.4,9948536,13178985598.0,1.89,3.9
2024-03-06,2800.0,2888.08,2901.71,2800.0,2.71,76.31,10275858,12229970321.0,3.62,4.03
2024-03-07,2914.16,2901.88,2969.05,2900.92,0.48,13.8,11071821,13074404780.0,2.36,4.34
2024-03-08,2895.78,2910.67,2916.55,2869.63,0.3,8.79,10456439,12831789047.0,1.62,4.1
2024-03-11,2890.16,2951.13,2951.13,2878.27,1.39,40.46,9077602,11543925877.0,2.5,3.56
2024-03-12,2952.38,2997.31,2997.38,2934.37,1.56,46.18,11469797,13885533951.0,2.14,4.5
2024-03-13,2990.59,2993.46,3019.17,2978.29,-0.13,-3.85,10005487,13139769412.0,1.36,3.92
2024-03-14,2986.85,2968.6,3009.91,2928.44,-0.83,-24.86,8591490,11202587741.0,2.72,3.37
2024-03-15,2962.03,3039.96,3039.96,2952.59,2.4,71.36,9261592,11311676880.0,2.94,3.63
2024-03-18,3051.48,3115.67,3115.67,3047.01,2.49,75.71,9666889,12946443318.0,2.26,3.79
2024-03-19,3102.91,3092.49,3137.69,3092.07,-0.74,-23.18,10884314,14121690207.0,1.46,4.27
2024-03-20,3084.78,3116.69,3116.69,3084.76,0.78,24.2,8720955,11634155334.0,1.03,3.42
2024-03-21,3113.53,3121.99,3132.6,3082.44,0.17,5.3,9319779,12748478830.0,1.61,3.65
2024-03-22,3111.83,3069.53,3113.93,3051.98,-1.68,-52.46,9274555,12315484433.0,1.98,3.64
2024-03-25,3053.13,2974.53,3063.54,2972.55,-3.09,-95.0,8157790,10978753217.0,2.96,3.2
2024-03-26,2967.4,2964.3,2996.47,2912.15,-0.34,-10.23,7552249,9996778728.0,2.83,2.96
2024-03-27,2959.21,2861.33,2962.97,2861.33,-3.47,-102.97,6973112,9025805882.0,3.43,2.73
2024-03-28,2861.28,2957.24,2982.9,2861.28,3.35,95.91,7439714,10208423920.0,4.25,2.92
2024-03-29,2969.8,2995.71,2996.47,2951.15,1.3,38.47,6308537,9271187444.0,1.53,2.47
2024-04-01,3001.01,3054.48,3054.48,3001.01,1.96,58.77,6719664,9880827570.0,1.78,2.63
2024-04-02,3050.78,3029.78,3050.78,3009.8,-0.81,-24.7,6253682,9122277566.0,1.34,2.45
2024-04-03,3017.96,2973.91,3017.96,2950.78,-1.84,-55.87,5645211,7819827429.0,2.22,2.21
2024-04-08,2962.01,2879.57,2962.01,2879.28,-3.17,-94.34,5414730,6833569072.0,2.78,2.12
2024-04-09,2878.35,2922.96,2923.09,2869.96,1.51,43.39,4731461,5984327759.0,1.85,1.86
2024-04-10,2924.83,2889.31,2936.1,2859.75,-1.15,-33.65,6067845,7655493060.0,2.61,2.38
2024-04-11,2865.78,2898.61,2934.66,2859.11,0.32,9.3,5837612,7152710774.0,2.61,2.29
2024-04-12,2908.43,2879.53,2933.03,2872.73,-0.66,-19.08,5929023,7680604953.0,2.08,2.32
2024-04-15,2861.15,2751.7,2883.24,2715.94,-4.44,-127.83,7845229,9517726162.0,5.81,3.08
2024-04-16,2719.11,2527.61,2719.11,2527.11,-8.14,-224.09,7495355,8579763530.0,6.98,2.94
2024-04-17,2547.52,2719.91,2719.91,2547.52,7.61,192.3,7870295,9464135975.0,6.82,3.09
2024-04-18,2723.98,2724.82,2768.58,2676.21,0.18,4.91,7700867,9753400949.0,3.4,3.02
2024-04-19,2711.41,2700.65,2732.38,2672.99,-0.89,-24.17,6577550,8765032003.0,2.18,2.58
2024-04-22,2689.35,2693.13,2715.81,2637.49,-0.28,-7.52,5496157,7292854681.0,2.9,2.16
2024-04-23,2698.6,2741.52,2753.83,2698.6,1.8,48.39,5831788,7678316884.0,2.05,2.29
2024-04-24,2751.18,2805.71,2805.71,2751.18,2.34,64.19,6348556,8639045377.0,1.99,2.49
2024-04-25,2793.32,2782.6,2807.21,2775.21,-0.82,-23.11,5782992,7730870088.0,1.14,2.27
2024-04-26,2775.98,2831.35,2845.14,2771.77,1.75,48.75,7016644,9438774255.0,2.64,2.75
2024-04-29,2841.16,2907.71,2907.71,2841.16,2.7,76.36,8008486,10604544127.0,2.35,3.14
2024-04-30,2906.95,2885.92,2909.92,2859.12,-0.75,-21.79,7240056,9421796818.0,1.75,2.84
2024-05-06,2915.51,2936.51,2936.51,2914.14,1.75,50.59,5928876,8237773773.0,0.78,2.32
2024-05-07,2934.82,2966.15,2966.15,2923.7,1.01,29.64,6937089,9045813201.0,1.45,2.72
2024-05-08,2962.03,2935.44,2969.58,2928.74,-1.04,-30.71,6264909,8567042983.0,1.38,2.46
2024-05-09,2933.89,2978.54,2990.63,2933.89,1.47,43.1,5679990,8208151780.0,1.93,2.23
2024-05-10,2979.84,2924.66,2979.84,2917.64,-1.81,-53.88,5601266,7671771216.0,2.09,2.2
2024-05-13,2903.39,2869.7,2903.91,2857.71,-1.88,-54.96,5798461,7274531953.0,1.58,2.27
2024-05-14,2872.72,2885.46,2899.01,2866.1,0.55,15.76,5182426,6400573649.0,1.15,2.03
2024-05-15,2877.14,2867.35,2907.43,2855.46,-0.63,-18.11,4787159,6428804450.0,1.8,1.88
2024-05-16,2870.43,2880.14,2902.77,2870.41,0.45,12.79,4775381,6309229338.0,1.13,1.87
2024-05-17,2877.15,2914.15,2914.15,2860.87,1.18,34.01,4528602,6578509007.0,1.85,1.78
2024-05-20,2918.57,2914.13,2928.36,2901.27,0.0,-0.02,5358806,7447060182.0,0.93,2.1
2024-05-21,2906.86,2873.5,2906.86,2866.52,-1.39,-40.63,4118241,5781008117.0,1.38,1.61
2024-05-22,2877.88,2898.32,2902.34,2871.72,0.86,24.82,3951437,5831973983.0,1.07,1.55
2024-05-23,2893.06,2845.64,2893.06,2842.93,-1.82,-52.68,4183718,5783213176.0,1.73,1.64
2024-05-24,2838.06,2809.97,2853.35,2809.97,-1.25,-35.67,3947155,5478318681.0,1.52,1.55
2024-05-27,2809.33,2830.91,2830.91,2765.25,0.75,20.94,4836495,6106603321.0,2.34,1.9
2024-05-28,2821.72,2806.62,2841.41,2801.78,-0.86,-24.29,5507940,6009310843.0,1.4,2.16
2024-05-29,2804.43,2817.19,2837.56,2800.49,0.38,10.57,5861451,6040931009.0,1.32,2.3
2024-05-30,2811.45,2817.26,2833.7,2792.21,0.0,0.07,5613327,6457259651.0,1.47,2.2
2024-05-31,2818.26,2850.7,2860.18,2818.26,1.19,33.44,6316134,7270456984.0,1.49,2.48
2024-06-03,2856.82,2800.6,2856.82,2779.91,-1.76,-50.1,6569179,7992442557.0,2.7,2.58
2024-06-04,2785.04,2754.43,2785.04,2724.34,-1.65,-46.17,6301612,7462719363.0,2.17,2.47
2024-06-05,2740.41,2689.79,2740.72,2689.55,-2.35,-64.64,5497987,6259259425.0,1.86,2.16
2024-06-06,2681.26,2564.77,2688.3,2549.89,-4.65,-125.02,8376126,10417564079.0,5.15,3.28
2024-06-07,2581.04,2619.73,2636.48,2580.74,2.14,54.96,5997459,7875194888.0,2.17,2.35
2024-06-11,2611.76,2647.18,2648.59,2572.22,1.05,27.45,5249776,7003434416.0,2.92,2.06
2024-06-12,2648.78,2698.67,2704.87,2648.78,1.95,51.49,4903085,6669072752.0,2.12,1.92
2024-06-13,2697.1,2700.49,2720.34,2679.02,0.07,1.82,6009463,7080463645.0,1.53,2.36
2024-06-14,2695.34,2691.57,2698.17,2667.74,-0.33,-8.92,5078868,6933986363.0,1.13,1.99
2024-06-17,2679.29,2686.49,2699.04,2670.73,-0.19,-5.08,4551946,6644459927.0,1.05,1.78
2024-06-18,2687.34,2738.43,2738.43,2685.19,1.93,51.94,5580933,7773315988.0,1.98,2.19
2024-06-19,2743.84,2744.27,2760.19,2718.84,0.21,5.84,5857778,8567856136.0,1.51,2.3
2024-06-20,2735.78,2692.35,2744.57,2686.89,-1.89,-51.92,5544459,8220344273.0,2.1,2.17
2024-06-21,2678.34,2682.58,2705.16,2655.68,-0.36,-9.77,4037757,5702846176.0,1.84,1.58
2024-06-24,2665.09,2568.82,2667.99,2566.37,-4.24,-113.76,5158311,5834031618.0,3.79,2.02
2024-06-25,2572.39,2594.52,2621.78,2572.27,1.0,25.7,5236412,6055425459.0,1.93,2.05
2024-06-26,2589.33,2663.64,2663.64,2561.61,2.66,69.12,5729237,6591937508.0,3.93,2.25
2024-06-27,2651.48,2625.31,2684.51,2624.38,-1.44,-38.33,5471167,6499450993.0,2.26,2.15
2024-06-28,2612.94,2639.35,2678.31,2612.25,0.53,14.04,5670056,6857520242.0,2.52,2.22
2024-07-01,2645.98,2634.87,2650.53,2593.39,-0.17,-4.48,4763258,5769405145.0,2.16,1.87
2024-07-02,2630.64,2616.84,2637.23,2603.79,-0.68,-18.03,5926769,5903421580.0,1.27,2.32
2024-07-03,2608.48,2574.15,2608.48,2572.95,-1.63,-42.69,4733086,5048046457.0,1.36,1.86
2024-07-04,2573.53,2507.55,2591.15,2502.85,-2.59,-66.6,5299173,5600210600.0,3.43,2.08
2024-07-05,2511.42,2517.21,2532.04,2466.52,0.39,9.66,4432004,4877074561.0,2.61,1.74
2024-07-08,2504.71,2440.39,2504.71,2433.22,-3.05,-76.82,4551853,4869154375.0,2.84,1.78
2024-07-09,2441.95,2494.27,2496.15,2399.07,2.21,53.88,5131533,6018268815.0,3.98,2.01
2024-07-10,2482.56,2480.05,2508.4,2471.59,-0.57,-14.22,4082054,4881440051.0,1.48,1.6
2024-07-11,2516.95,2572.05,2572.06,2516.95,3.71,92.0,5396436,6390566954.0,2.22,2.12
2024-07-12,2566.03,2554.83,2575.54,2541.98,-0.67,-17.22,4485169,5549669910.0,1.3,1.76
2024-07-15,2550.93,2504.77,2550.93,2495.16,-1.96,-50.06,3785312,4760350250.0,2.18,1.48
2024-07-16,2498.03,2520.58,2520.58,2476.23,0.63,15.81,3328048,4245340945.0,1.77,1.31
2024-07-17,2516.73,2499.63,2521.34,2494.38,-0.83,-20.95,3545622,4292324654.0,1.07,1.39
2024-07-18,2484.02,2482.37,2493.7,2429.23,-0.69,-17.26,4209574,5364905030.0,2.58,1.65
2024-07-19,2477.59,2506.12,2527.26,2473.58,0.96,23.75,3903282,5443648100.0,2.16,1.53
2024-07-22,2508.82,2526.53,2528.11,2498.67,0.81,20.41,3898827,5098480569.0,1.17,1.53
2024-07-23,2529.9,2467.46,2538.29,2467.46,-2.34,-59.07,5669668,6296159331.0,2.8,2.22
2024-07-24,2463.07,2430.58,2488.01,2428.4,-1.49,-36.88,5402959,6532854771.0,2.42,2.12
2024-07-25,2416.67,2448.89,2476.07,2410.01,0.75,18.31,4619863,5430182502.0,2.72,1.81
2024-07-26,2459.32,2515.36,2515.61,2459.32,2.71,66.47,5523717,5957687935.0,2.3,2.17
2024-07-29,2522.19,2519.62,2534.95,2509.29,0.17,4.26,5214839,6180157273.0,1.02,2.04
2024-07-30,2513.08,2525.5,2547.77,2498.19,0.23,5.88,6323856,7067551931.0,1.97,2.48
2024-07-31,2520.15,2620.45,2620.45,2516.78,3.76,94.95,8448333,9593896840.0,4.1,3.31
2024-08-01,2625.67,2629.58,2647.62,2619.52,0.35,9.13,7235138,8502380636.0,1.07,2.84
2024-08-02,2611.87,2571.04,2632.94,2569.85,-2.23,-58.54,7381430,8561237943.0,2.4,2.89
2024-08-05,2552.91,2486.49,2580.86,2486.49,-3.29,-84.55,7553246,9777669893.0,3.67,2.96
2024-08-06,2510.58,2543.25,2544.54,2510.58,2.28,56.76,6150481,7512059506.0,1.37,2.41
2024-08-07,2544.24,2545.69,2562.25,2536.21,0.1,2.44,5846565,6873303280.0,1.02,2.29
2024-08-08,2533.8,2509.94,2533.8,2479.04,-1.4,-35.75,5943356,6179634187.0,2.15,2.33
2024-08-09,2516.29,2485.4,2528.9,2485.23,-0.98,-24.54,4741730,5187100829.0,1.74,1.86
2024-08-12,2479.49,2474.58,2490.11,2459.93,-0.44,-10.82,5027623,5074646503.0,1.21,1.97
2024-08-13,2468.56,2492.25,2492.25,2451.8,0.71,17.67,4069322,4468398844.0,1.63,1.6
2024-08-14,2491.77,2482.05,2497.36,2479.45,-0.41,-10.2,3816158,4575721893.0,0.72,1.5
2024-08-15,2472.84,2508.99,2514.88,2458.67,1.09,26.94,5436452,5863008086.0,2.26,2.13
2024-08-16,2515.81,2510.29,2530.65,2505.47,0.05,1.3,6082608,6146506148.0,1.0,2.39
2024-08-19,2502.7,2478.02,2511.69,2477.12,-1.29,-32.27,5417655,5788630148.0,1.38,2.12
2024-08-20,2481.52,2448.04,2485.01,2437.04,-1.21,-29.98,5773651,5884398636.0,1.94,2.26
2024-08-21,2438.31,2446.56,2459.2,2438.31,-0.06,-1.48,4986241,4961341071.0,0.85,1.96
2024-08-22,2440.35,2400.42,2447.26,2397.11,-1.89,-46.14,5566605,5685696414.0,2.05,2.18
2024-08-23,2389.67,2380.22,2397.38,2356.54,-0.84,-20.2,4909171,5094166823.0,1.7,1.92
2024-08-26,2378.46,2414.68,2424.39,2378.46,1.45,34.46,4435382,4677315766.0,1.93,1.74
2024-08-27,2407.39,2367.15,2407.39,2363.08,-1.97,-47.53,3837700,3885748257.0,1.84,1.5
2024-08-28,2357.74,2385.26,2409.89,2357.74,0.77,18.11,3553355,3751937178.0,2.2,1.39
2024-08-29,2377.42,2435.72,2443.27,2370.09,2.12,50.46,4890196,5501578354.0,3.07,1.92
2024-08-30,2438.12,2482.79,2514.6,2435.25,1.93,47.07,6510509,7509198970.0,3.26,2.55
2024-09-02,2480.92,2432.92,2494.45,2431.53,-2.01,-49.87,4779866,5693114722.0,2.53,1.87
2024-09-03,2432.69,2461.7,2475.06,2429.91,1.18,28.78,4004055,4476585030.0,1.86,1.57
2024-09-04,2442.13,2447.75,2469.06,2434.74,-0.57,-13.95,4701765,4858780843.0,1.39,1.84
2024-09-05,2449.33,2465.35,2474.35,2447.54,0.72,17.6,4847272,4994693402.0,1.1,1.9
2024-09-06,2463.96,2409.8,2463.96,2408.7,-2.25,-55.55,4715130,5045242910.0,2.24,1.85
2024-09-09,2401.69,2407.82,2429.47,2389.08,-0.08,-1.98,4246645,4546595351.0,1.68,1.67
2024-09-10,2413.09,2432.14,2441.59,2391.92,1.01,24.32,5541418,5644908090.0,2.06,2.17
2024-09-11,2425.72,2428.21,2441.5,2414.57,-0.16,-3.93,4434962,4469316705.0,1.11,1.74
2024-09-12,2435.44,2420.41,2461.11,2420.41,-0.32,-7.8,5786073,4903599172.0,1.68,2.27
2024-09-13,2418.88,2380.43,2418.88,2380.18,-1.65,-39.98,5247897,4729892078.0,1.6,2.06
2024-09-18,2382.4,2376.39,2385.72,2341.14,-0.17,-4.04,7472982,5641405129.0,1.87,2.93
2024-09-19,2382.73,2417.57,2434.41,2372.58,1.73,41.18,8433605,6460199560.0,2.6,3.31
2024-09-20,2418.8,2397.75,2418.8,2386.34,-0.82,-19.82,7335763,5747880158.0,1.34,2.88
2024-09-23,2394.72,2398.71,2411.45,2381.3,0.04,0.96,6988504,5578607134.0,1.26,2.74
2024-09-24,2404.41,2478.53,2478.53,2390.86,3.33,79.82,8191639,7756859762.0,3.65,3.21
2024-09-25,2501.26,2511.55,2555.86,2501.26,1.33,33.02,9333795,9121673384.0,2.2,3.66
2024-09-26,2512.2,2589.15,2589.15,2509.45,3.09,77.6,8990346,8875758434.0,3.17,3.53
2024-09-27,2624.66,2724.76,2741.62,2616.16,5.24,135.61,11392021,11205854006.0,4.85,4.47
2024-09-30,2840.34,3083.25,3103.85,2795.47,13.16,358.49,17021741,19666037989.0,11.32,6.67
2024-10-08,3562.21,3434.89,3562.21,3175.33,11.4,351.64,19932424,27070952836.0,12.55,7.82
2024-10-09,3293.68,3070.39,3311.9,3068.09,-10.61,-364.5,14386408,19817323266.0,7.1,5.64
2024-10-10,3103.03,3093.52,3192.07,3036.57,0.75,23.13,10476985,14175643579.0,5.06,4.11
2024-10-11,3069.82,2919.31,3069.82,2884.49,-5.63,-174.21,8566220,11219604035.0,5.99,3.36
2024-10-14,2935.88,3034.67,3034.67,2887.53,3.95,115.36,8584239,11975074396.0,5.04,3.37
2024-10-15,3027.54,2992.55,3093.2,2992.49,-1.39,-42.12,9054946,13721826077.0,3.32,3.55
2024-10-16,2957.31,2999.9,3037.68,2957.31,0.25,7.35,7454474,11271547704.0,2.69,2.92
2024-10-17,3017.45,3020.24,3081.93,3016.83,0.68,20.34,9006458,12366132485.0,2.17,3.53
2024-10-18,3022.24,3176.55,3232.49,3022.24,5.18,156.31,13426709,18401287997.0,6.96,5.26
2024-10-21,3215.53,3291.71,3331.16,3215.53,3.63,115.16,15176245,21197859262.0,3.64,5.95
2024-10-22,3289.82,3316.55,3360.45,3259.22,0.75,24.84,14494640,20836470215.0,3.08,5.68
2024-10-23,3310.45,3342.06,3382.32,3298.39,0.77,25.51,18538521,23608885267.0,2.53,7.27
2024-10-24,3332.81,3354.44,3374.31,3305.61,0.37,12.38,12881110,16593133846.0,2.06,5.05
2024-10-25,3374.18,3443.66,3499.97,3374.18,2.66,89.22,14515034,19655350412.0,3.75,5.69
2024-10-28,3475.21,3538.42,3538.42,3446.76,2.75,94.76,15800777,22696456162.0,2.66,6.2
2024-10-29,3573.83,3506.44,3585.1,3505.23,-0.9,-31.98,16833381,26128767774.0,2.26,6.6
2024-10-30,3479.73,3517.9,3551.48,3470.9,0.33,11.46,13952172,21587800374.0,2.3,5.47
2024-10-31,3499.06,3544.67,3568.69,3471.03,0.76,26.77,15515877,23654164065.0,2.78,6.08
2024-11-01,3520.1,3393.72,3543.72,3392.25,-4.26,-150.95,13199101,20052686687.0,4.27,5.18
2024-11-04,3381.52,3512.14,3512.14,3381.52,3.49,118.42,9313023,15186603822.0,3.85,3.65
2024-11-05,3532.77,3662.37,3662.37,3532.77,4.28,150.23,17509684,23805934417.0,3.69,6.87
2024-11-06,3676.44,3684.82,3734.93,3646.77,0.61,22.45,18605756,24928697059.0,2.41,7.3
2024-11-07,3671.04,3747.98,3747.98,3662.64,1.71,63.16,15249055,20610228780.0,2.32,5.98
2024-11-08,3778.07,3760.43,3822.06,3744.89,0.33,12.45,15271028,22814294736.0,2.06,5.99
2024-11-11,3758.26,3908.75,3908.92,3758.26,3.94,148.32,15477911,24300118771.0,4.01,6.07
2024-11-12,3925.34,3852.51,3933.52,3810.08,-1.44,-56.24,16918577,25118019254.0,3.16,6.63
2024-11-13,3826.87,3867.68,3869.53,3752.56,0.39,15.17,13053289,17768857952.0,3.04,5.12
2024-11-14,3868.14,3759.78,3882.89,3756.77,-2.79,-107.9,11685606,16665366662.0,3.26,4.58
2024-11-15,3765.6,3692.49,3803.86,3692.49,-1.79,-67.29,10145547,15595067038.0,2.96,3.98
2024-11-18,3726.94,3595.24,3739.04,3569.91,-2.63,-97.25,10170665,14715392362.0,4.58,3.99
2024-11-19,3589.14,3714.85,3714.85,3577.38,3.33,119.61,11939240,15973434874.0,3.82,4.68
2024-11-20,3709.85,3841.91,3841.91,3709.85,3.42,127.06,14303304,19511306151.0,3.55,5.61
2024-11-21,3833.55,3894.78,3910.16,3826.71,1.38,52.87,14955370,20707118681.0,2.17,5.86
2024-11-22,3884.82,3720.82,3896.77,3720.67,-4.47,-173.96,14359660,20377130796.0,4.52,5.63
2024-11-25,3728.66,3787.78,3787.78,3675.75,1.8,66.96,11080529,15777588290.0,3.01,4.34
2024-11-26,3772.72,3694.05,3799.79,3688.5,-2.47,-93.73,9248101,13020494809.0,2.94,3.63
2024-11-27,3671.48,3787.25,3787.25,3592.79,2.52,93.2,9526083,14124874904.0,5.26,3.74
2024-11-28,3792.23,3792.14,3858.49,3787.18,0.13,4.89,9908539,15338298818.0,1.88,3.89
2024-11-29,3777.81,3860.53,3884.41,3755.86,1.8,68.39,12294966,16429339584.0,3.39,4.82
2024-12-02,3875.54,3973.6,3973.6,3875.54,2.93,113.07,10194908,17440258802.0,2.54,4.0
2024-12-03,4007.58,4003.76,4030.55,3974.93,0.76,30.16,12223781,19687637370.0,1.4,4.79
2024-12-04,4004.51,3954.73,4035.19,3932.91,-1.22,-49.03,16708387,23036077861.0,2.55,6.55
2024-12-05,3941.79,4002.97,4022.84,3941.79,1.22,48.24,12125606,17728658819.0,2.05,4.75
2024-12-06,4013.89,3982.69,4013.89,3929.21,-0.51,-20.28,20439480,23338006166.0,2.12,8.01
2024-12-09,3971.86,3930.18,3994.83,3902.21,-1.32,-52.51,15862185,18998863561.0,2.33,6.22
2024-12-10,4052.93,3992.47,4062.59,3985.35,1.58,62.29,15694516,22622372581.0,1.97,6.15
2024-12-11,3984.75,4028.31,4031.86,3963.69,0.9,35.84,20982531,24267693329.0,1.71,8.23
2024-12-12,4025.5,4051.76,4051.76,3973.34,0.58,23.45,20143107,23562436567.0,1.95,7.9
2024-12-13,4030.18,4008.86,4061.23,4007.06,-1.06,-42.9,18887832,23066176179.0,1.34,7.41
2024-12-16,4016.76,3974.28,4024.07,3948.48,-0.86,-34.58,14948650,18972957079.0,1.89,5.86
2024-12-17,3961.62,3789.77,3961.62,3782.39,-4.64,-184.51,13135743,15803061582.0,4.51,5.15
2024-12-18,3801.3,3789.24,3835.3,3739.01,-0.01,-0.53,11467374,13497551497.0,2.54,4.5
2024-12-19,3747.95,3806.67,3821.78,3736.81,0.46,17.43,11149808,14667610734.0,2.24,4.37
2024-12-20,3804.19,3876.51,3907.68,3796.46,1.83,69.84,10985823,16423216054.0,2.92,4.31
2024-12-23,3871.31,3705.76,3871.38,3698.22,-4.4,-170.75,12474509,18174559916.0,4.47,4.89
2024-12-24,3727.6,3739.6,3766.13,3668.38,0.91,33.84,9553254,14166965083.0,2.64,3.75
2024-12-25,3726.31,3635.24,3726.95,3607.37,-2.79,-104.36,10280123,15050779269.0,3.2,4.03
2024-12-26,3616.65,3696.8,3725.12,3616.65,1.69,61.56,8510556,14156917330.0,2.98,3.34
2024-12-27,3695.16,3710.91,3755.31,3685.59,0.38,14.11,10515584,15617361436.0,1.89,4.12
2024-12-30,3695.02,3629.78,3695.02,3617.27,-2.19,-81.13,8232727,12392383399.0,2.1,3.23
2024-12-31,3637.76,3558.71,3653.11,3553.49,-1.96,-71.07,8551960,12973417052.0,2.74,3.35
2025-01-02,3544.78,3499.53,3612.92,3465.63,-1.66,-59.18,9503507,13585882447.0,4.14,3.73
2025-01-03,3510.28,3362.13,3510.28,3355.28,-3.93,-137.4,8745199,11937684858.0,4.43,3.43
2025-01-06,3350.06,3354.68,3399.51,3273.34,-0.22,-7.45,7257083,9625407117.0,3.75,2.85
2025-01-07,3361.36,3451.89,3451.89,3348.73,2.9,97.21,8537628,10894178084.0,3.08,3.35
2025-01-08,3434.77,3457.82,3481.58,3336.13,0.17,5.93,10471958,12545992420.0,4.21,4.11
2025-01-09,3448.45,3492.29,3512.99,3448.45,1.0,34.47,12713463,15257005854.0,1.87,4.99
2025-01-10,3484.05,3394.1,3524.04,3394.1,-2.81,-98.19,11722841,13802439107.0,3.72,4.6
2025-01-13,3344.74,3388.1,3433.3,3305.44,-0.18,-6.0,9594825,10969523170.0,3.77,3.76
2025-01-14,3406.84,3598.61,3598.61,3406.84,6.21,210.51,9665015,13305684493.0,5.66,3.79
2025-01-15,3607.53,3608.47,3646.48,3579.24,0.27,9.86,13283870,15009626238.0,1.87,5.21
2025-01-16,3616.51,3606.55,3678.98,3569.97,-0.05,-1.92,14709874,16936384245.0,3.02,5.77
2025-01-17,3592.65,3617.7,3646.34,3582.91,0.31,11.15,14806278,16160788651.0,1.76,5.81
2025-01-20,3632.98,3653.4,3671.16,3613.87,0.99,35.7,13541341,15650071342.0,1.58,5.31
2025-01-21,3676.53,3665.09,3679.19,3611.18,0.32,11.69,12387019,14806131542.0,1.86,4.86
2025-01-22,3644.07,3612.17,3649.69,3598.65,-1.44,-52.92,11051125,14451965681.0,1.39,4.33
2025-01-23,3653.57,3620.01,3713.27,3620.01,0.22,7.84,11915350,16864153243.0,2.58,4.67
2025-01-24,3611.64,3683.24,3687.89,3611.64,1.75,63.23,11128554,14624953051.0,2.11,4.36
2025-01-27,3683.68,3596.65,3683.68,3596.65,-2.35,-86.59,11615384,15526999117.0,2.36,4.55
2025-02-05,3625.35,3643.83,3659.63,3602.27,1.31,47.18,11041595,15088254721.0,1.59,4.33
2025-02-06,3633.83,3782.96,3782.96,3629.57,3.82,139.13,15382100,20300652843.0,4.21,6.03
2025-02-07,3781.59,3836.61,3874.35,3773.69,1.42,53.65,17484585,23393018387.0,2.66,6.86
2025-02-10,3833.37,3888.74,3888.74,3814.88,1.36,52.13,14326663,19374440255.0,1.93,5.62
2025-02-11,3886.26,3904.35,3917.77,3845.35,0.4,15.61,13117217,18693206530.0,1.86,5.14
2025-02-12,3901.85,3952.47,3952.47,3882.96,1.23,48.12,16637606,22288208177.0,1.78,6.52
2025-02-13,3957.38,3885.28,3969.46,3885.28,-1.7,-67.19,16475444,22603331906.0,2.13,6.46
2025-02-14,3869.65,3882.46,3901.4,3861.95,-0.07,-2.82,10429019,15305944514.0,1.02,4.09
2025-02-17,3889.32,3976.88,3976.88,3889.32,2.43,94.42,17173923,24059060144.0,2.26,6.73
2025-02-18,3978.23,3911.86,4005.51,3893.37,-1.63,-65.02,14828892,22664544108.0,2.82,5.81
2025-02-19,3899.18,4054.18,4054.18,3899.18,3.64,142.32,17647958,27060859347.0,3.96,6.92
2025-02-20,4047.15,4126.27,4129.23,4046.79,1.78,72.09,21802331,30958791441.0,2.03,8.55
2025-02-21,4114.49,4164.39,4164.9,4088.49,0.92,38.12,20250500,31817726525.0,1.85,7.94
2025-02-24,4164.45,4175.52,4225.53,4122.47,0.27,11.13,18965427,31031854037.0,2.47,7.44
2025-02-25,4111.55,4203.31,4239.03,4111.55,0.67,27.79,17609936,29415374727.0,3.05,6.91
2025-02-26,4217.01,4275.46,4303.77,4217.01,1.72,72.15,21308069,33857144698.0,2.06,8.36
2025-02-27,4276.43,4262.21,4284.65,4182.46,-0.31,-13.25,18755934,30392384720.0,2.39,7.35
2025-02-28,4244.14,4112.44,4244.14,4104.2,-3.51,-149.77,15099062,25968389979.0,3.28,5.92
2025-03-03,4139.69,4162.88,4225.74,4104.7,1.23,50.44,13030294,21837796469.0,2.94,5.11
2025-03-04,4143.85,4252.75,4253.6,4143.85,2.16,89.87,15331991,24092220403.0,2.64,6.01
2025-03-05,4243.8,4297.82,4297.82,4219.94,1.06,45.07,16379692,26622854866.0,1.83,6.42
2025-03-06,4306.92,4397.22,4398.11,4306.92,2.31,99.4,16307341,27595822606.0,2.12,6.39
2025-03-07,4368.22,4389.69,4416.82,4353.86,-0.17,-7.53,14256521,23988988614.0,1.43,5.59
2025-03-10,4396.06,4439.59,4454.93,4391.73,1.14,49.9,12726984,23028308919.0,1.44,4.99
2025-03-11,4381.68,4448.3,4448.3,4372.73,0.2,8.71,12845551,22961886322.0,1.7,5.04
2025-03-12,4466.46,4453.62,4488.52,4445.94,0.12,5.32,13993360,24330438128.0,0.96,5.49
2025-03-13,4439.98,4351.93,4442.65,4307.48,-2.28,-101.69,14259337,23226299198.0,3.04,5.59
2025-03-14,4338.19,4406.47,4414.78,4279.11,1.25,54.54,12798185,20869885831.0,3.12,5.02
2025-03-17,4415.95,4437.33,4443.74,4389.68,0.7,30.86,11959132,19430415100.0,1.23,4.69
2025-03-18,4440.57,4472.0,4485.29,4430.31,0.78,34.67,11841670,19617097789.0,1.24,4.64
2025-03-19,4449.39,4436.01,4474.5,4411.93,-0.8,-35.99,11319493,19375859456.0,1.4,4.44
2025-03-20,4428.03,4421.69,4481.49,4412.18,-0.32,-14.32,11661769,19623512131.0,1.56,4.57
2025-03-21,4393.94,4322.77,4404.91,4311.26,-2.24,-98.92,12728252,19516705506.0,2.12,4.99
2025-03-24,4321.33,4232.05,4321.33,4121.4,-2.1,-90.72,11757896,17552581378.0,4.63,4.61
2025-03-25,4240.67,4247.05,4281.65,4222.87,0.35,15.0,10993476,16538821950.0,1.39,4.31
2025-03-26,4227.16,4290.71,4314.77,4227.16,1.03,43.66,10731854,15906372418.0,2.06,4.21
2025-03-27,4269.3,4239.68,4304.47,4200.38,-1.19,-51.03,11767298,18746466969.0,2.43,4.61
2025-03-28,4222.3,4145.54,4251.99,4144.41,-2.22,-94.14,9988258,15795183794.0,2.54,3.92
2025-03-31,4109.31,4084.65,4109.31,4006.06,-1.47,-60.89,11421479,16602431291.0,2.49,4.48
2025-04-01,4092.57,4116.13,4147.97,4092.57,0.77,31.48,9343057,13979972723.0,1.36,3.66
2025-04-02,4110.63,4130.95,4180.68,4110.63,0.36,14.82,9834360,14669221428.0,1.7,3.86
2025-04-03,4091.1,4080.77,4161.22,4049.05,-1.21,-50.18,11856854,17062735487.0,2.72,4.65
2025-04-07,3796.64,3460.05,3798.1,3428.16,-15.21,-620.72,9217104,13572347603.0,9.07,3.61
2025-04-08,3441.29,3475.77,3573.5,3388.1,0.45,15.72,13167392,16712795878.0,5.36,5.16
2025-04-09,3392.37,3619.85,3648.38,3219.69,4.15,144.08,15153343,19420162520.0,12.33,5.94
2025-04-10,3706.82,3740.21,3822.47,3706.82,3.33,120.36,13050223,18162273300.0,3.19,5.12
2025-04-11,3698.78,3795.76,3841.43,3698.78,1.49,55.55,9497389,13783902545.0,3.81,3.72
2025-04-14,3861.74,3884.79,3909.91,3861.74,2.35,89.03,8979647,13335706182.0,1.27,3.52
2025-04-15,3895.31,3883.13,3908.23,3840.88,-0.04,-1.66,7925216,11784090831.0,1.73,3.11
2025-04-16,3869.49,3809.64,3876.81,3750.7,-1.89,-73.49,10424857,14058491555.0,3.25,4.09
2025-04-17,3787.38,3834.47,3874.15,3787.38,0.65,24.83,8970721,12356709026.0,2.28,3.52
2025-04-18,3823.55,3831.16,3853.17,3791.84,-0.09,-3.31,7104288,10247945206.0,1.6,2.79
2025-04-21,3835.99,3902.7,3902.7,3799.53,1.87,71.54,8004238,12247919831.0,2.69,3.14
2025-04-22,3897.77,3875.08,3897.77,3865.58,-0.71,-27.62,7450935,11661099678.0,0.82,2.92
2025-04-23,3901.87,3947.66,3967.18,3901.87,1.87,72.58,10918659,16091442891.0,1.69,4.28
2025-04-24,3935.35,3879.4,3952.76,3858.98,-1.73,-68.26,9915887,13948260343.0,2.38,3.89
2025-04-25,3878.52,3885.18,3907.29,3852.36,0.15,5.78,8084140,12234230463.0,1.42,3.17
2025-04-28,3893.37,3829.97,3893.37,3824.98,-1.42,-55.21,7759580,11623808643.0,1.76,3.04
2025-04-29,3823.22,3895.2,3913.57,3820.26,1.7,65.23,8062370,12117761371.0,2.44,3.16
2025-04-30,3911.21,3981.38,3998.63,3911.21,2.21,86.18,9545943,14205264923.0,2.24,3.74
2025-05-06,4032.2,4142.6,4142.6,4032.2,4.05,161.22,11951809,18421133065.0,2.77,4.69
2025-05-07,4183.4,4166.37,4208.21,4124.63,0.57,23.77,14003173,20843509820.0,2.02,5.49
2025-05-08,4154.59,4233.53,4234.23,4154.59,1.61,67.16,12250750,17171511258.0,1.91,4.8
2025-05-09,4229.24,4179.26,4229.24,4148.11,-1.28,-54.27,12213810,17027781761.0,1.92,4.79
2025-05-12,4215.16,4281.58,4281.58,4215.16,2.45,102.32,11553895,17885319416.0,1.59,4.53
2025-05-13,4329.24,4251.74,4329.25,4249.93,-0.7,-29.84,10642747,17018021218.0,1.85,4.17
2025-05-14,4251.07,4244.57,4272.23,4222.57,-0.17,-7.17,10182004,16758389794.0,1.17,3.99
2025-05-15,4237.5,4197.78,4237.5,4179.47,-1.1,-46.79,8975946,14310963189.0,1.37,3.52
2025-05-16,4188.19,4252.93,4284.27,4188.19,1.31,55.15,9385431,15537989203.0,2.29,3.68
2025-05-19,4265.36,4307.28,4307.28,4221.98,1.28,54.35,9876158,16173603072.0,2.01,3.87
2025-05-20,4311.58,4374.98,4374.98,4288.76,1.57,67.7,10005483,16455900471.0,2.0,3.92
2025-05-21,4359.9,4323.85,4363.64,4304.72,-1.17,-51.13,8930944,14871918479.0,1.35,3.5
2025-05-22,4312.93,4257.67,4358.99,4253.37,-1.53,-66.18,8365805,14099780777.0,2.44,3.28
2025-05-23,4252.57,4231.23,4317.06,4224.74,-0.62,-26.44,9098440,14599362458.0,2.17,3.57
2025-05-26,4223.34,4312.35,4312.35,4223.34,1.92,81.12,8692115,14212094142.0,2.1,3.41
2025-05-27,4313.6,4294.19,4313.6,4267.35,-0.42,-18.16,8294245,14479598701.0,1.07,3.25
2025-05-28,4303.82,4292.8,4323.04,4278.57,-0.03,-1.39,8474176,14804677229.0,1.04,3.32
2025-05-29,4287.46,4388.68,4400.69,4287.46,2.23,95.88,8875170,15195707629.0,2.64,3.48
2025-05-30,4375.93,4303.27,4375.93,4295.18,-1.95,-85.41,9506488,16125047003.0,1.84,3.73
2025-06-03,4281.09,4311.47,4325.74,4281.09,0.19,8.2,8100129,13413889595.0,1.04,3.18
2025-06-04,4322.39,4353.53,4361.49,4322.39,0.98,42.06,8930244,14872886577.0,0.91,3.5
2025-06-05,4353.1,4377.25,4380.06,4319.1,0.54,23.72,10378404,17477492725.0,1.4,4.07
2025-06-06,4370.25,4373.72,4380.21,4347.04,-0.08,-3.53,8239445,14126551542.0,0.76,3.23
2025-06-09,4392.72,4447.48,4447.48,4392.72,1.69,73.76,8299701,15444986930.0,1.25,3.25
2025-06-10,4449.49,4391.62,4449.63,4342.25,-1.26,-55.86,9547535,16999875905.0,2.41,3.74
2025-06-11,4389.29,4423.9,4437.9,4383.2,0.74,32.28,8047987,14301442305.0,1.25,3.16
2025-06-12,4412.52,4418.81,4428.56,4390.88,-0.12,-5.09,7643059,14560380172.0,0.85,3.0
2025-06-13,4397.09,4324.66,4413.39,4319.32,-2.13,-94.15,8327422,14746863804.0,2.13,3.27
2025-06-16,4306.93,4359.69,4368.48,4306.93,0.81,35.03,6282053,11903946147.0,1.42,2.46
2025-06-17,4358.85,4344.12,4375.75,4324.71,-0.36,-15.57,6321937,11364411906.0,1.17,2.48
2025-06-18,4336.66,4359.28,4359.28,4302.62,0.35,15.16,6857177,12111922791.0,1.3,2.69
2025-06-19,4344.87,4269.68,4373.89,4259.03,-2.06,-89.6,7050745,12722343116.0,2.63,2.76
2025-06-20,4259.5,4213.94,4306.15,4213.94,-1.31,-55.74,6218179,11521282465.0,2.16,2.44
2025-06-23,4187.34,4276.42,4279.96,4187.34,1.48,62.48,6117363,11379314404.0,2.2,2.4
2025-06-24,4293.18,4406.88,4406.88,4293.18,3.05,130.46,8553061,14413013831.0,2.66,3.35
2025-06-25,4420.68,4435.85,4439.81,4392.38,0.66,28.97,8766539,14696040208.0,1.08,3.44
2025-06-26,4431.19,4417.18,4457.64,4415.79,-0.42,-18.67,8824689,14221852286.0,0.94,3.46
2025-06-27,4428.42,4434.83,4443.61,4420.4,0.4,17.65,7085783,12416575516.0,0.53,2.78
2025-06-30,4442.54,4516.52,4516.6,4442.54,1.84,81.69,8173807,14559999135.0,1.67,3.21
2025-07-01,4542.72,4549.88,4558.94,4503.27,0.74,33.36,10075419,18536185847.0,1.23,3.95
2025-07-02,4542.46,4507.24,4542.46,4486.9,-0.94,-42.64,9177501,15607602943.0,1.22,3.6
2025-07-03,4507.07,4524.76,4532.24,4492.0,0.39,17.52,7662565,12501225664.0,0.89,3.0
2025-07-04,4516.88,4468.52,4518.01,4462.62,-1.24,-56.24,7886200,13956772773.0,1.22,3.09
2025-07-07,4452.21,4480.91,4482.08,4449.16,0.28,12.39,6194764,10674470355.0,0.74,2.43
2025-07-08,4481.6,4521.97,4521.97,4472.65,0.92,41.06,6766350,12551194418.0,1.1,2.65
2025-07-09,4549.96,4527.3,4559.66,4517.01,0.12,5.33,9609944,16512599034.0,0.94,3.77
2025-07-10,4529.77,4541.13,4548.59,4500.02,0.31,13.83,9405344,15625339691.0,1.07,3.69
2025-07-11,4539.38,4579.01,4586.0,4521.01,0.83,37.88,10313034,16579334389.0,1.43,4.04
2025-07-14,4574.65,4607.51,4613.61,4568.35,0.62,28.5,10199276,16211844509.0,0.99,4.0
2025-07-15,4607.23,4593.32,4629.17,4552.9,-0.31,-14.19,10100799,17225921650.0,1.66,3.96
2025-07-16,4600.88,4617.69,4630.75,4583.47,0.53,24.37,8567615,15750288694.0,1.03,3.36
2025-07-17,4608.07,4649.18,4649.18,4593.46,0.68,31.49,8156515,15649956087.0,1.21,3.2
2025-07-18,4659.3,4661.06,4669.02,4633.69,0.26,11.88,10094528,17500819755.0,0.76,3.96
2025-07-21,4674.57,4728.58,4728.74,4663.83,1.45,67.52,11293454,19747701347.0,1.39,4.43
2025-07-22,4730.32,4741.29,4750.27,4711.11,0.27,12.71,12859993,22248392508.0,0.83,5.04
2025-07-23,4738.61,4681.59,4738.61,4673.12,-1.26,-59.7,11371059,19407514530.0,1.38,4.46
2025-07-24,4673.83,4742.47,4742.7,4673.83,1.3,60.88,9249542,18024102467.0,1.47,3.63
2025-07-25,4744.45,4780.92,4782.13,4724.59,0.81,38.45,8670643,17736950668.0,1.21,3.4
2025-07-28,4797.65,4842.46,4842.7,4791.97,1.29,61.54,8195350,18968065117.0,1.06,3.21
2025-07-29,4842.99,4859.4,4859.4,4821.06,0.35,16.94,9032369,19371201860.0,0.79,3.54
2025-07-30,4853.64,4828.71,4853.64,4782.29,-0.63,-30.69,9266153,20432104612.0,1.47,3.63
2025-07-31,4840.98,4821.36,4890.48,4805.54,-0.15,-7.35,9975518,22263444021.0,1.76,3.91
2025-08-01,4819.94,4826.04,4843.57,4805.93,0.1,4.68,9409476,23720629921.0,0.78,3.69
2025-08-04,4802.4,4916.54,4916.54,4800.47,1.88,90.5,9509104,21843329347.0,2.41,3.73
2025-08-05,4929.31,4968.34,4968.34,4923.86,1.05,51.8,10052457,23316469081.0,0.9,3.94
2025-08-06,4964.02,5068.77,5068.77,4956.61,2.02,100.43,14304247,30405599371.0,2.26,5.61
2025-08-07,5091.31,5044.56,5094.16,5027.83,-0.48,-24.21,11596064,25721425037.0,1.31,4.55
2025-08-08,5024.51,5064.49,5072.31,5020.07,0.4,19.93,10154665,24832072906.0,1.04,3.98
2025-08-11,5068.39,5136.76,5143.92,5068.39,1.43,72.27,10554633,26553416541.0,1.49,4.14
2025-08-12,5140.51,5149.39,5149.39,5100.23,0.25,12.63,10531381,26314576966.0,0.96,4.13
2025-08-13,5145.71,5209.3,5213.0,5139.44,1.16,59.91,11501550,29012111396.0,1.43,4.51
2025-08-14,5224.22,5083.1,5224.22,5082.36,-2.42,-126.2,12781253,32042747088.0,2.72,5.01
2025-08-15,5081.31,5214.23,5214.23,5081.31,2.58,131.13,11201708,29549529732.0,2.61,4.39
2025-08-18,5257.29,5350.42,5369.46,5257.29,2.61,136.19,14244274,36011135611.0,2.15,5.59
2025-08-19,5358.75,5392.56,5434.99,5323.62,0.79,42.14,16079687,40122668221.0,2.08,6.31
2025-08-20,5370.55,5434.19,5434.19,5335.68,0.77,41.63,13230719,31423958639.0,1.83,5.19
2025-08-21,5434.61,5368.51,5444.94,5339.28,-1.21,-65.68,12449913,31610821478.0,1.94,4.88
2025-08-22,5364.19,5402.9,5402.9,5348.8,0.64,34.39,11588108,31674976194.0,1.01,4.54
2025-08-25,5433.07,5454.62,5466.25,5395.43,0.96,51.72,15680401,39317445648.0,1.31,6.15
2025-08-26,5448.59,5479.69,5519.65,5434.31,0.46,25.07,13184855,34207837528.0,1.56,5.17
2025-08-27,5485.12,5335.4,5504.58,5335.35,-2.63,-144.29,16033664,40375141899.0,3.09,6.29
2025-08-28,5330.05,5367.44,5382.56,5195.03,0.6,32.04,15062604,39822095679.0,3.51,5.91
2025-08-29,5367.45,5318.15,5385.3,5299.28,-0.92,-49.29,11731781,35192177738.0,1.6,4.6
2025-09-01,5326.75,5354.27,5366.99,5305.8,0.68,36.12,10305900,30207464966.0,1.15,4.04
2025-09-02,5366.32,5291.65,5366.32,5201.83,-1.17,-62.62,14732546,35605085024.0,3.07,5.78
2025-09-03,5312.81,5194.07,5324.93,5176.77,-1.84,-97.58,15620262,32053458099.0,2.8,6.13
2025-09-04,5196.73,5114.18,5235.32,5032.81,-1.54,-79.89,13922837,31506769590.0,3.9,5.46
2025-09-05,5126.54,5299.03,5299.03,5125.57,3.61,184.85,12735229,28617479308.0,3.39,4.99
2025-09-08,5328.81,5403.85,5403.85,5323.67,1.98,104.82,15644732,31980976856.0,1.51,6.13
2025-09-09,5397.43,5338.35,5397.43,5313.77,-1.21,-65.5,13151617,27061634449.0,1.55,5.16
2025-09-10,5333.14,5347.4,5390.28,5307.74,0.17,9.05,11107163,28849273491.0,1.55,4.36
2025-09-11,5345.33,5464.68,5464.68,5303.01,2.19,117.28,12390559,34028086174.0,3.02,4.86
2025-09-12,5469.62,5435.46,5477.59,5410.67,-0.53,-29.22,12697440,31972119243.0,1.22,4.98
2025-09-15,5430.54,5464.03,5468.69,5413.03,0.53,28.57,11318199,27146323179.0,1.02,4.44
2025-09-16,5463.03,5547.51,5547.51,5450.82,1.53,83.48,13791712,31628381236.0,1.77,5.41
2025-09-17,5548.19,5613.6,5627.54,5546.63,1.19,66.09,12438574,32048414505.0,1.46,4.88
2025-09-18,5609.25,5569.22,5716.37,5507.9,-0.79,-44.38,20435468,48116383552.0,3.71,8.01
2025-09-19,5558.08,5512.13,5585.57,5480.27,-1.03,-57.09,14968217,34872858139.0,1.89,5.87
2025-09-22,5521.77,5557.61,5557.61,5498.36,0.83,45.48,12522844,32131142196.0,1.07,4.91
2025-09-23,5571.73,5469.43,5571.73,5348.97,-1.59,-88.18,14148503,39189671859.0,4.01,5.55
2025-09-24,5454.37,5541.1,5541.53,5416.58,1.31,71.67,11276417,31676129103.0,2.28,4.42
2025-09-25,5534.68,5516.29,5578.65,5506.64,-0.45,-24.81,10709276,31802917744.0,1.3,4.2
2025-09-26,5510.18,5423.17,5513.23,5423.17,-1.69,-93.12,10110672,29178150142.0,1.63,3.96
2025-09-29,5425.97,5489.79,5508.93,5376.45,1.23,66.62,9425749,25384412011.0,2.44,3.7
2025-09-30,5509.24,5497.3,5527.58,5492.21,0.14,7.51,9405946,26094972734.0,0.64,3.69
2025-10-09,5536.77,5544.8,5567.25,5519.37,0.86,47.5,10398036,28224870948.0,0.87,4.08
2025-10-10,5545.54,5519.08,5574.17,5506.24,-0.46,-25.72,9566305,26040487424.0,1.23,3.75
2025-10-13,5306.87,5531.25,5538.93,5306.27,0.22,12.17,10863510,30129604458.0,4.22,4.26
2025-10-14,5565.73,5436.63,5587.99,5418.01,-1.71,-94.62,12312158,37510655255.0,3.07,4.83
2025-10-15,5433.0,5490.95,5490.95,5372.82,1.0,54.32,9746950,26784589761.0,2.17,3.82
2025-10-16,5479.21,5389.04,5479.21,5370.75,-1.86,-101.91,8160765,22525174543.0,1.98,3.2
2025-10-17,5394.53,5207.76,5394.53,5205.8,-3.36,-181.28,8509305,22028006278.0,3.5,3.34
2025-10-20,5263.18,5279.98,5313.04,5238.4,1.39,72.22,6778791,17892814861.0,1.43,2.66
2025-10-21,5305.15,5377.46,5378.87,5273.23,1.85,97.48,7185158,19746210663.0,2.0,2.82
2025-10-22,5372.29,5393.72,5434.67,5359.28,0.3,16.26,7723280,18987376113.0,1.4,3.03
2025-10-23,5377.12,5407.86,5412.6,5317.17,0.26,14.14,8421940,19281867035.0,1.77,3.3
2025-10-24,5419.5,5481.81,5481.81,5407.9,1.37,73.95,9775652,23633563505.0,1.37,3.83
2025-10-27,5527.7,5551.91,5575.34,5513.46,1.28,70.1,11780395,28450447022.0,1.13,4.62
2025-10-28,5533.61,5552.54,5582.82,5517.75,0.01,0.63,10815100,26738524841.0,1.17,4.24
2025-10-29,5552.01,5605.83,5605.83,5512.23,0.96,53.29,11614560,29017122464.0,1.69,4.55
2025-10-30,5580.41,5490.04,5583.76,5488.89,-2.07,-115.79,11413815,28757493406.0,1.69,4.48
2025-10-31,5465.97,5508.48,5544.28,5461.61,0.34,18.44,9031618,22288174882.0,1.51,3.54
2025-11-03,5518.16,5544.78,5544.78,5474.96,0.66,36.3,9402233,22157598413.0,1.27,3.69
2025-11-04,5537.99,5479.44,5537.99,5443.79,-1.18,-65.34,7777755,17825979748.0,1.7,3.05
2025-11-05,5415.83,5498.71,5519.56,5415.83,0.35,19.27,7948072,17360482248.0,1.89,3.12
2025-11-06,5513.27,5530.55,5536.03,5488.63,0.58,31.84,7736143,18141962201.0,0.86,3.03
2025-11-07,5509.65,5477.59,5513.36,5471.82,-0.96,-52.96,6978363,16224007524.0,0.75,2.74
2025-11-10,5490.17,5491.11,5497.96,5462.65,0.25,13.52,7200622,16549628217.0,0.64,2.82
2025-11-11,5501.67,5489.36,5519.91,5462.7,-0.03,-1.75,6872451,15453189246.0,1.04,2.69
2025-11-12,5481.51,5437.44,5481.51,5403.06,-0.95,-51.92,7018993,15737981065.0,1.43,2.75
2025-11-13,5441.76,5482.04,5505.26,5427.65,0.82,44.6,8166698,20882581197.0,1.43,3.2
2025-11-14,5453.48,5459.13,5514.77,5425.77,-0.42,-22.91,8319801,19447476225.0,1.62,3.26
2025-11-17,5470.59,5470.81,5492.88,5446.16,0.21,11.68,7868219,20202998716.0,0.86,3.09
2025-11-18,5462.79,5422.76,5462.79,5399.27,-0.88,-48.05,8509858,20269308466.0,1.16,3.34
2025-11-19,5415.38,5348.19,5434.4,5332.5,-1.38,-74.57,8128275,17323463545.0,1.88,3.19
2025-11-20,5374.98,5303.11,5386.53,5290.69,-0.84,-45.08,7680923,17318026747.0,1.79,3.01
2025-11-21,5247.97,5102.97,5283.94,5098.99,-3.77,-200.14,8510125,18482020768.0,3.49,3.34
2025-11-24,5135.32,5193.53,5213.7,5105.4,1.77,90.56,6995604,16309882498.0,2.12,2.74
2025-11-25,5201.6,5250.02,5307.58,5201.6,1.09,56.49,7518512,21936541966.0,2.04,2.95
2025-11-26,5240.8,5217.31,5277.7,5207.59,-0.62,-32.71,6516360,17829835179.0,1.34,2.56
2025-11-27,5231.55,5247.09,5303.02,5231.55,0.57,29.78,6686616,17228967004.0,1.37,2.62
2025-11-28,5240.92,5303.0,5303.0,5231.13,1.07,55.91,6376401,14687153874.0,1.37,2.5
2025-12-01,5307.65,5343.89,5351.48,5305.25,0.77,40.89,7199863,16663719345.0,0.87,2.82
2025-12-02,5340.58,5278.75,5340.58,5270.52,-1.22,-65.14,5823656,13532253826.0,1.31,2.28
2025-12-03,5278.89,5228.38,5283.4,5213.8,-0.95,-50.37,5775688,13169415528.0,1.32,2.26
2025-12-04,5237.51,5204.38,5250.42,5175.52,-0.46,-24.0,8023563,14532172544.0,1.43,3.15
2025-12-05,5198.36,5295.65,5295.76,5171.44,1.75,91.27,10220179,17917817175.0,2.39,4.01
2025-12-08,5324.39,5367.73,5382.63,5324.39,1.36,72.08,9794480,22552363964.0,1.1,3.84
2025-12-09,5354.01,5342.82,5384.21,5341.77,-0.46,-24.91,8453810,21044587276.0,0.79,3.31
2025-12-10,5332.53,5337.76,5343.82,5295.23,-0.09,-5.06,8093712,18397758592.0,0.91,3.17
2025-12-11,5347.05,5315.01,5356.28,5297.83,-0.43,-22.75,9174148,20303465518.0,1.1,3.6
2025-12-12,5303.37,5335.07,5372.28,5271.49,0.38,20.06,9361094,23352887813.0,1.9,3.67
2025-12-15,5313.22,5299.75,5346.53,5288.6,-0.66,-35.32,8265049,21934025298.0,1.09,3.24
2025-12-16,5299.03,5232.14,5299.03,5199.08,-1.28,-67.61,8771804,23132019839.0,1.89,3.44
2025-12-17,5222.86,5284.25,5288.41,5184.49,1.0,52.11,9155642,25563589520.0,1.99,3.59
2025-12-18,5272.93,5267.33,5339.67,5267.33,-0.32,-16.92,7783180,26669149237.0,1.37,3.05
2025-12-19,5282.06,5329.23,5338.11,5282.06,1.18,61.9,7186287,21371303885.0,1.06,2.82
2025-12-22,5346.81,5383.73,5402.02,5346.29,1.02,54.5,7442433,21113440099.0,1.05,2.92
2025-12-23,5373.05,5364.91,5386.75,5339.18,-0.35,-18.82,7738685,25081215351.0,0.88,3.03
2025-12-24,5364.51,5430.51,5435.22,5354.29,1.22,65.6,7180801,24938757362.0,1.51,2.82
2025-12-25,5438.74,5523.39,5533.86,5437.2,1.71,92.88,11445748,29142991153.0,1.78,4.49
2025-12-26,5525.04,5500.64,5541.98,5468.0,-0.41,-22.75,9570068,24868935435.0,1.34,3.75
2025-12-29,5515.89,5497.77,5515.89,5471.74,-0.05,-2.87,9346579,25417716437.0,0.8,3.67
2025-12-30,5472.87,5531.68,5556.54,5462.79,0.62,33.91,11048511,30260900055.0,1.71,4.33
2025-12-31,5546.37,5523.7,5546.37,5493.03,-0.14,-7.98,11085420,29593831267.0,0.96,4.35
2026-01-05,5548.42,5599.55,5599.55,5527.21,1.37,75.85,10929205,30458094490.0,1.31,4.29
2026-01-06,5606.51,5662.79,5662.79,5606.51,1.13,63.24,11426152,31832492588.0,1.01,4.48
2026-01-07,5658.44,5709.69,5736.33,5647.32,0.83,46.9,13038657,37074512945.0,1.57,5.11
2026-01-08,5702.33,5763.46,5769.65,5702.33,0.94,53.77,14517051,34004307219.0,1.18,5.69
2026-01-09,5763.81,5818.98,5820.22,5747.01,0.96,55.52,14488767,36523285456.0,1.27,5.68
2026-01-12,5847.25,5919.83,5932.59,5805.93,1.73,100.85,16150612,41246918715.0,2.18,6.33
2026-01-13,5917.9,5804.6,5917.9,5790.09,-1.95,-115.23,14268424,35250630256.0,2.16,5.59
2026-01-14,5804.46,5881.27,5951.38,5793.98,1.32,76.67,15418889,41671474307.0,2.71,6.05
2026-01-15,5859.64,5887.77,5901.19,5828.6,0.11,6.5,10453574,32372333178.0,1.23,4.1
2026-01-16,5922.98,5942.33,5967.42,5884.12,0.93,54.56,11156855,32538118163.0,1.41,4.37
2026-01-19,5922.78,5984.36,6000.32,5922.78,0.71,42.03,10144916,29523973608.0,1.3,3.98
2026-01-20,5994.42,5914.83,6006.82,5864.2,-1.16,-69.53,9735986,28668179087.0,2.38,3.82
2026-01-21,5889.66,6012.56,6014.12,5887.91,1.65,97.73,8532689,27049157092.0,2.13,3.35
2026-01-22,6019.35,6026.35,6041.73,5994.11,0.23,13.79,8404977,25164392664.0,0.79,3.3
2026-01-23,6034.51,6129.6,6129.6,6034.51,1.71,103.25,9717170,27661907545.0,1.58,3.81
2026-01-26,6143.34,6017.74,6143.34,5980.46,-1.82,-111.86,10048424,27181423463.0,2.66,3.94
2026-01-27,5997.65,6039.46,6042.56,5857.83,0.36,21.72,9201287,26328576932.0,3.07,3.61
2026-01-28,6025.6,5931.21,6025.6,5909.77,-1.79,-108.25,9761381,31497881118.0,1.92,3.83
2026-01-29,5897.6,5819.44,5951.84,5805.4,-1.88,-111.77,9279818,27624535081.0,2.47,3.64
2026-01-30,5797.25,5857.29,5880.42,5725.83,0.65,37.85,10183463,31146660571.0,2.66,3.99
2026-02-02,5834.08,5733.64,5879.67,5732.98,-2.11,-123.65,8692355,25744379227.0,2.5,3.41
2026-02-03,5797.9,5907.52,5907.57,5778.58,3.03,173.88,8954596,28624440613.0,2.25,3.51
2026-02-04,5898.71,5907.6,5935.85,5862.55,0.0,0.08,8740472,26012756417.0,1.24,3.43
2026-02-05,5871.94,5820.86,5885.12,5813.06,-1.47,-86.74,7317267,21818416597.0,1.22,2.87
2026-02-06,5789.97,5847.56,5899.36,5769.0,0.46,26.7,6688842,20298136634.0,2.24,2.62
2026-02-09,5918.9,5941.95,5956.41,5905.46,1.61,94.39,7143342,22206257411.0,0.87,2.8
2026-02-10,5944.77,5929.18,5962.68,5921.95,-0.21,-12.77,6822833,20459506949.0,0.69,2.68
2026-02-11,5930.63,5915.7,5951.53,5913.59,-0.23,-13.48,6056060,19023652384.0,0.64,2.37
2026-02-12,5927.7,5945.01,5986.78,5909.84,0.5,29.31,7627595,27424364853.0,1.3,2.99
2026-02-13,5932.9,5936.92,5996.9,5922.98,-0.14,-8.09,7280702,27246361547.0,1.24,2.85
2026-02-24,6001.12,5999.95,6019.9,5951.02,1.06,63.03,7884193,25833081448.0,1.16,3.09
2026-02-25,6005.49,6027.52,6033.08,5973.27,0.46,27.57,7022050,22403405071.0,1.0,2.75
2026-02-26,6032.82,6091.97,6096.31,6000.59,1.07,64.45,8627595,30916436265.0,1.59,3.38
2026-02-27,6058.49,6096.28,6096.3,6038.81,0.07,4.31,7776306,25837312751.0,0.94,3.05
2026-03-02,6001.65,5961.98,6062.45,5930.37,-2.2,-134.3,9870728,30499943558.0,2.17,3.87
2026-03-03,5981.9,5737.21,5990.24,5732.63,-3.77,-224.77,10731393,31521980630.0,4.32,4.21
2026-03-04,5674.91,5687.08,5769.89,5658.63,-0.87,-50.13,7554420,20412368198.0,1.94,2.96
2026-03-05,5779.26,5795.36,5838.78,5765.28,1.9,108.28,7784301,24097074455.0,1.29,3.05
2026-03-06,5776.2,5862.0,5875.02,5771.07,1.15,66.64,6658491,20700388623.0,1.79,2.61
2026-03-09,5772.5,5783.14,5801.31,5650.33,-1.35,-78.86,7675631,23267079969.0,2.58,3.01
2026-03-10,5831.41,5952.36,5952.9,5831.41,2.93,169.22,7589230,24494153455.0,2.1,2.98
2026-03-11,5956.06,5935.42,6021.21,5918.34,-0.28,-16.94,7194946,24949919338.0,1.73,2.82
2026-03-12,5935.48,5855.72,5935.48,5825.04,-1.34,-79.7,6662901,20921487559.0,1.86,2.61
2026-03-13,5834.63,5799.85,5894.82,5790.43,-0.95,-55.87,6175676,19378054204.0,1.78,2.42
2026-03-16,5797.11,5819.85,5820.16,5714.45,0.34,20.0,7594844,25693477421.0,1.82,2.98
2026-03-17,5834.07,5684.45,5839.56,5683.15,-2.33,-135.4,6825152,21118367778.0,2.69,2.68
2026-03-18,5707.22,5808.52,5811.68,5682.79,2.18,124.07,6601129,24754363544.0,2.27,2.59
2026-03-19,5734.84,5645.77,5752.85,5627.29,-2.8,-162.75,6618718,21379441557.0,2.16,2.6
2026-03-20,5665.67,5517.5,5696.94,5517.02,-2.27,-128.27,7347319,24862366901.0,3.19,2.88
2026-03-23,5416.3,5187.72,5434.45,5154.0,-5.98,-329.78,8421289,23767094764.0,5.08,3.3
2026-03-24,5288.84,5369.04,5369.04,5202.49,3.5,181.32,7150638,19902878883.0,3.21,2.8
2026-03-25,5393.89,5464.05,5488.36,5393.89,1.77,95.01,6781165,19929444439.0,1.76,2.66
2026-03-26,5460.19,5365.35,5493.77,5344.65,-1.81,-98.7,5561850,16805510094.0,2.73,2.18
2026-03-27,5302.56,5433.01,5449.5,5297.32,1.26,67.66,5324678,17076257295.0,2.84,2.09
2026-03-30,5365.65,5447.77,5447.77,5346.6,0.27,14.76,5396678,17494883895.0,1.86,2.12
2026-03-31,5448.27,5377.84,5507.1,5375.34,-1.28,-69.93,6207716,22089767823.0,2.42,2.43
2026-04-01,5475.87,5504.99,5505.15,5443.25,2.36,127.15,6004872,20544218784.0,1.15,2.35
2026-04-02,5483.39,5396.5,5492.34,5365.84,-1.97,-108.49,5966372,18333168524.0,2.3,2.34
2026-04-03,5410.39,5295.39,5418.81,5295.39,-1.87,-101.11,5808464,17133340090.0,2.29,2.28
2026-04-07,5311.05,5386.39,5401.05,5311.05,1.72,91.0,5079721,17001209059.0,1.7,1.99
2026-04-08,5507.42,5666.31,5666.68,5507.42,5.2,279.92,7474075,26736643910.0,2.96,2.93
2026-04-09,5621.49,5615.04,5667.12,5603.48,-0.9,-51.27,6033860,24878789233.0,1.12,2.37
2026-04-10,5650.8,5686.03,5730.26,5650.8,1.26,70.99,6980338,28134853054.0,1.42,2.74
2026-04-13,5667.71,5707.84,5715.65,5664.15,0.38,21.81,5786261,24388269992.0,0.91,2.27
2026-04-14,5752.05,5791.21,5791.55,5735.15,1.46,83.37,6494902,27955906825.0,0.99,2.55
2026-04-15,5816.51,5749.66,5825.64,5733.18,-0.72,-41.55,6333414,25790228596.0,1.6,2.48
2026-04-16,5771.95,5839.57,5844.56,5747.86,1.56,89.91,5946564,21900608737.0,1.68,2.33
2026-04-17,5831.4,5941.63,5944.95,5823.85,1.75,102.06,7551177,30277802927.0,2.07,2.96
2026-04-20,5935.77,5988.27,6000.0,5921.96,0.78,46.64,7548470,32909470272.0,1.31,2.96
2026-04-21,5968.86,5958.78,5968.86,5924.7,-0.49,-29.49,6725601,23668461625.0,0.74,2.64
2026-04-22,5929.99,6029.52,6030.47,5925.97,1.19,70.74,8440377,40246476126.0,1.75,3.31
2026-04-23,6020.32,5910.04,6023.4,5884.05,-1.98,-119.48,7928757,31964621085.0,2.31,3.11
2026-04-24,5892.73,5885.69,5922.77,5840.11,-0.41,-24.35,7477896,27704994863.0,1.4,2.93
2026-04-27,5879.62,5956.18,5960.57,5832.37,1.2,70.49,7592501,26260266662.0,2.18,2.98
2026-04-28,5930.11,5886.4,5968.78,5860.31,-1.17,-69.78,7266294,24228414666.0,1.82,2.85
2026-04-29,5852.35,5965.28,5979.22,5852.35,1.34,78.88,7761852,24990843050.0,2.16,3.04
2026-04-30,5967.01,6024.53,6034.33,5960.09,0.99,59.25,8106554,28578089156.0,1.24,3.18
2026-05-06,6059.15,6106.76,6130.43,6059.15,1.36,82.23,9176557,35820586646.0,1.18,3.6
2026-05-07,6104.29,6193.34,6199.57,6088.22,1.42,86.58,9863510,36900045503.0,1.82,3.87
2026-05-08,6170.22,6258.61,6260.64,6146.01,1.05,65.27,10992415,35326540430.0,1.85,4.31
2026-05-11,6292.18,6339.47,6355.01,6255.89,1.29,80.86,13602617,42805432209.0,1.58,5.33
2026-05-12,6340.29,6311.78,6347.73,6269.31,-0.44,-27.69,11526166,37159805148.0,1.24,4.52
2026-05-13,6286.56,6385.43,6388.16,6261.45,1.17,73.65,10743389,39782959946.0,2.01,4.21
2026-05-14,6399.04,6306.1,6403.98,6288.23,-1.24,-79.33,13599715,41185388622.0,1.81,5.33
2026-05-15,6306.65,6332.11,6422.23,6268.22,0.41,26.01,14402579,42474679465.0,2.44,5.65
2026-05-18,6309.78,6338.2,6357.17,6257.92,0.1,6.09,16429486,41647529253.0,1.57,6.44
2026-05-19,6318.61,6413.74,6413.74,6290.3,1.19,75.54,13638598,37750110953.0,1.95,5.35
2026-05-20,6392.72,6418.17,6420.28,6334.83,0.07,4.43,13181154,42927989213.0,1.33,5.17
2026-05-21,6426.5,6195.54,6467.52,6182.95,-3.47,-222.63,14358822,47118275448.0,4.43,5.63
2026-05-22,6235.02,6366.12,6386.56,6186.07,2.75,170.58,11707504,39775258726.0,3.24,4.59
2026-05-25,6402.93,6343.16,6412.24,6282.87,-0.36,-22.96,11501529,40664843328.0,2.03,4.51
2026-05-26,6335.24,6203.94,6335.24,6115.77,-2.19,-139.22,12826307,41898387573.0,3.46,5.03
2026-05-27,6196.08,6035.49,6219.5,5991.29,-2.72,-168.45,12061725,39360405251.0,3.68,4.73
2026-05-28,6021.8,6126.99,6156.99,5974.97,1.52,91.5,10412858,35793769825.0,3.02,4.08
2026-05-29,6140.2,5923.93,6175.29,5899.87,-3.31,-203.06,10475390,39985309523.0,4.5,4.11
2026-06-01,5909.1,5954.92,6041.55,5903.55,0.52,30.99,8512397,32852823885.0,2.33,3.34
2026-06-02,5962.32,5951.65,5982.48,5824.95,-0.05,-3.27,9895892,34984126824.0,2.65,3.88
2026-06-03,5941.68,5932.56,6008.02,5870.33,-0.32,-19.09,9888597,36750475661.0,2.31,3.88
2026-06-04,5898.85,5917.67,5944.92,5878.99,-0.25,-14.89,10455176,35770257814.0,1.11,4.1
2026-06-05,5893.67,5980.56,6072.31,5803.11,1.06,62.89,11347363,37784697926.0,4.55,4.45
2026-06-08,5814.9,5833.41,5982.01,5742.8,-2.46,-147.15,11153011,35894422695.0,4.0,4.37
2026-06-09,5879.44,5934.7,5934.7,5834.49,1.74,101.29,10552814,37181779605.0,1.72,4.14
2026-06-10,5896.72,5835.99,5913.69,5765.67,-1.66,-98.71,10660743,35895131379.0,2.49,4.18
2026-06-11,5775.95,5726.16,5802.78,5678.67,-1.88,-109.83,8892931,31140036533.0,2.13,3.49
2026-06-12,5804.23,5707.48,5847.63,5686.67,-0.33,-18.68,9628335,36626991043.0,2.81,3.78
2026-06-15,5754.11,5884.82,5884.82,5754.11,3.11,177.34,8665922,33641156010.0,2.29,3.4
2026-06-16,5899.8,5973.29,5989.36,5857.28,1.5,88.47,9192848,37548849801.0,2.24,3.6
2026-06-17,5930.25,5958.49,5975.9,5904.75,-0.25,-14.8,8555895,36487940746.0,1.19,3.35
2026-06-18,5926.95,5981.15,6006.06,5898.03,0.38,22.66,9539349,37339750351.0,1.81,3.74
2026-06-22,5982.17,5952.32,5982.38,5753.06,-0.48,-28.83,11608533,44163361992.0,3.83,4.55
2026-06-23,5955.19,5953.81,6039.86,5909.43,0.03,1.49,10950189,46117486854.0,2.19,4.29
2026-06-24,5928.69,5893.73,5950.07,5778.95,-1.01,-60.08,11983005,43074165570.0,2.87,4.7
2026-06-25,5885.69,5818.67,5920.28,5798.93,-1.27,-75.06,11559621,46686154385.0,2.06,4.53
2026-06-26,5795.86,5734.25,5844.19,5722.21,-1.45,-84.42,11329945,44915272357.0,2.1,4.44
2026-06-29,5738.62,5697.52,5749.13,5585.5,-0.64,-36.73,11776125,45103148559.0,2.85,4.62
2026-06-30,5703.60,5876.08,5876.38,5684.08,3.13,0,11114280.0,41432240405.0,0,0
2026-07-01,5885.35,5928.11,5980.15,5885.20,0.89,0,11389029.0,46206098742.0,0,0
2026-07-02,5850.77,5845.60,6004.93,5830.40,-1.39,0,10480068.0,38110513646.0,0,0
2026-07-03,0.00,5976.72,0.00,0.00,2.24,0,0,0,0,0
