日期,开盘,收盘,最高,最低,涨跌幅,涨跌额,成交量,成交额,振幅,换手率
2010-01-04,997.58,997.58,997.58,997.58,-0.24,-2.42,1370220,1952879611.0,0.0,0.51
2010-01-05,992.65,992.65,992.65,992.65,-0.49,-4.93,1497834,2195441596.0,0.0,0.55
2010-01-06,983.97,983.97,983.97,983.97,-0.87,-8.68,2173420,3633019118.0,0.0,0.8
2010-01-07,947.7,947.7,947.7,947.7,-3.69,-36.27,2351294,3606049034.0,0.0,0.87
2010-01-08,944.82,944.82,944.82,944.82,-0.3,-2.88,1697327,2608297414.0,0.0,0.63
2010-01-11,930.48,930.48,930.48,930.48,-1.52,-14.34,1582503,2257790258.0,0.0,0.58
2010-01-12,961.09,961.09,961.09,961.09,3.29,30.61,1461236,2156750419.0,0.0,0.54
2010-01-13,945.78,945.78,945.78,945.78,-1.59,-15.31,1472133,2205167293.0,0.0,0.54
2010-01-14,969.98,969.98,969.98,969.98,2.56,24.2,1384433,2150516386.0,0.0,0.51
2010-01-15,995.79,995.79,995.79,995.79,2.66,25.81,1653869,2535048266.0,0.0,0.61
2010-01-18,1003.74,1003.74,1003.74,1003.74,0.8,7.95,1328683,2091174257.0,0.0,0.49
2010-01-19,1006.89,1006.89,1006.89,1006.89,0.31,3.15,1699370,2378266944.0,0.0,0.63
2010-01-20,978.45,978.45,978.45,978.45,-2.82,-28.44,2039788,2847695796.0,0.0,0.75
2010-01-21,974.31,974.31,974.31,974.31,-0.42,-4.14,1272458,1599134506.0,0.0,0.47
2010-01-22,941.73,941.73,941.73,941.73,-3.34,-32.58,1309016,1692142152.0,0.0,0.48
2010-01-25,919.99,919.99,919.99,919.99,-2.31,-21.74,789308,1074057464.0,0.0,0.29
2010-01-26,886.99,886.99,886.99,886.99,-3.59,-33.0,947868,1322958006.0,0.0,0.35
2010-01-27,872.48,872.48,872.48,872.48,-1.64,-14.51,730267,887442106.0,0.0,0.27
2010-01-28,882.51,882.51,882.51,882.51,1.15,10.03,497208,625867670.0,0.0,0.18
2010-01-29,883.61,883.61,883.61,883.61,0.12,1.1,765587,1011859734.0,0.0,0.28
2010-02-01,870.72,870.72,870.72,870.72,-1.46,-12.89,725267,955399602.0,0.0,0.27
2010-02-02,864.41,864.41,864.41,864.41,-0.72,-6.31,580728,761351244.0,0.0,0.21
2010-02-03,891.83,891.83,891.83,891.83,3.17,27.42,965581,1270798590.0,0.0,0.36
2010-02-04,895.54,895.54,895.54,895.54,0.42,3.71,903412,1187922228.0,0.0,0.33
2010-02-05,872.21,872.21,872.21,872.21,-2.61,-23.33,650313,839440311.0,0.0,0.24
2010-02-08,869.87,869.87,869.87,869.87,-0.27,-2.34,397871,566391142.0,0.0,0.15
2010-02-09,874.09,874.09,874.09,874.09,0.49,4.22,499577,631094020.0,0.0,0.18
2010-02-10,885.77,885.77,885.77,885.77,1.34,11.68,498490,683426671.0,0.0,0.18
2010-02-11,884.47,884.47,884.47,884.47,-0.15,-1.3,459458,589611945.0,0.0,0.17
2010-02-12,896.04,896.04,896.04,896.04,1.31,11.57,489066,598379150.0,0.0,0.18
2010-02-22,893.81,893.81,893.81,893.81,-0.25,-2.23,596295,758899092.0,0.0,0.22
2010-02-23,912.79,912.79,912.79,912.79,2.12,18.98,1043423,1468642853.0,0.0,0.38
2010-02-24,943.44,943.44,943.44,943.44,3.36,30.65,1289806,1713271269.0,0.0,0.48
2010-02-25,960.94,960.94,960.94,960.94,1.85,17.5,1305767,1791057361.0,0.0,0.48
2010-02-26,968.33,968.33,968.33,968.33,0.77,7.39,1539682,2132216847.0,0.0,0.57
2010-03-01,976.36,976.36,976.36,976.36,0.83,8.03,1353483,1991679998.0,0.0,0.5
2010-03-02,975.11,975.11,975.11,975.11,-0.13,-1.25,1338489,1823863263.0,0.0,0.49
2010-03-03,990.59,990.59,990.59,990.59,1.59,15.48,1652199,2234770565.0,0.0,0.61
2010-03-04,965.86,965.86,965.86,965.86,-2.5,-24.73,1988543,2867014783.0,0.0,0.73
2010-03-05,983.46,983.46,983.46,983.46,1.82,17.6,1245613,1932296722.0,0.0,0.46
2010-03-08,998.95,998.95,998.95,998.95,1.58,15.49,1412618,2068299153.0,0.0,0.52
2010-03-09,1000.76,1000.76,1000.76,1000.76,0.18,1.81,1403439,1998478126.0,0.0,0.52
2010-03-10,977.58,977.58,977.58,977.58,-2.32,-23.18,1106943,1526028862.0,0.0,0.41
2010-03-11,965.58,965.58,965.58,965.58,-1.23,-12.0,961668,1368033700.0,0.0,0.35
2010-03-12,951.72,951.72,951.72,951.72,-1.44,-13.86,826610,1165573129.0,0.0,0.3
2010-03-15,941.1,941.1,941.1,941.1,-1.12,-10.62,683337,949590403.0,0.0,0.25
2010-03-16,950.01,950.01,950.01,950.01,0.95,8.91,577114,799247884.0,0.0,0.21
2010-03-17,974.38,974.38,974.38,974.38,2.57,24.37,854953,1262217892.0,0.0,0.32
2010-03-18,975.97,975.97,975.97,975.97,0.16,1.59,817335,1208117946.0,0.0,0.3
2010-03-19,980.04,980.04,980.04,980.04,0.42,4.07,709871,1043197931.0,0.0,0.26
2010-03-22,990.81,990.81,990.81,990.81,1.1,10.77,799591,1093331587.0,0.0,0.29
2010-03-23,977.63,977.63,977.63,977.63,-1.33,-13.18,763581,1040099464.0,0.0,0.28
2010-03-24,1006.02,1006.02,1006.02,1006.02,2.9,28.39,1423498,1959705541.0,0.0,0.53
2010-03-25,984.1,984.1,984.1,984.1,-2.18,-21.92,1236211,1653418530.0,0.0,0.46
2010-03-26,1003.69,1003.69,1003.69,1003.69,1.99,19.59,1118072,1574250276.0,0.0,0.41
2010-03-29,1012.02,1012.02,1012.02,1012.02,0.83,8.33,1350842,1977811810.0,0.0,0.5
2010-03-30,1021.71,1021.71,1021.71,1021.71,0.96,9.69,1371490,2024624862.0,0.0,0.51
2010-03-31,1014.92,1014.92,1014.92,1014.92,-0.66,-6.79,991254,1449081761.0,0.0,0.37
2010-04-01,1029.04,1029.04,1029.04,1029.04,1.39,14.12,1120203,1669550522.0,0.0,0.41
2010-04-02,1050.1,1050.1,1050.1,1050.1,2.05,21.06,1681565,2325413778.0,0.0,0.62
2010-04-06,1057.13,1057.13,1057.13,1057.13,0.67,7.03,1450159,2231934228.0,0.0,0.53
2010-04-07,1055.15,1055.15,1055.15,1055.15,-0.19,-1.98,1384737,2283787855.0,0.0,0.51
2010-04-08,1047.35,1047.35,1047.35,1047.35,-0.74,-7.8,1386321,2197895247.0,0.0,0.51
2010-04-09,1055.22,1055.22,1055.22,1055.22,0.75,7.87,1046601,1682546903.0,0.0,0.39
2010-04-12,1043.14,1043.14,1043.14,1043.14,-1.14,-12.08,1913702,3083316578.0,0.0,0.71
2010-04-13,1029.45,1029.45,1029.45,1029.45,-1.31,-13.69,1410018,2165610334.0,0.0,0.52
2010-04-14,1042.75,1042.75,1042.75,1042.75,1.29,13.3,1215002,1549631668.0,0.0,0.45
2010-04-15,1049.31,1049.31,1049.31,1049.31,0.63,6.56,1427056,1850848533.0,0.0,0.53
2010-04-16,1043.82,1043.82,1043.82,1043.82,-0.52,-5.49,843953,1174519788.0,0.0,0.31
2010-04-19,989.42,989.42,989.42,989.42,-5.21,-54.4,1490724,2134347792.0,0.0,0.55
2010-04-20,985.48,985.48,985.48,985.48,-0.4,-3.94,1212697,1661478518.0,0.0,0.45
2010-04-21,1023.05,1023.05,1023.05,1023.05,3.81,37.57,1370231,1846412597.0,0.0,0.51
2010-04-22,1013.25,1013.25,1013.25,1013.25,-0.96,-9.8,1403958,1887329365.0,0.0,0.52
2010-04-23,1003.72,1003.72,1003.72,1003.72,-0.94,-9.53,1046434,1480541779.0,0.0,0.39
2010-04-26,1020.69,1020.69,1020.69,1020.69,1.69,16.97,1215638,1730225745.0,0.0,0.45
2010-04-27,994.91,994.91,994.91,994.91,-2.53,-25.78,960655,1359462468.0,0.0,0.35
2010-04-28,991.65,991.65,991.65,991.65,-0.33,-3.26,798706,1175891466.0,0.0,0.29
2010-04-29,972.16,972.16,972.16,972.16,-1.97,-19.49,918499,1445717784.0,0.0,0.34
2010-04-30,957.12,957.12,957.12,957.12,-1.55,-15.04,1065211,1420853246.0,0.0,0.39
2010-05-04,939.26,939.26,939.26,939.26,-1.87,-17.86,758383,1035454414.0,0.0,0.28
2010-05-05,948.92,948.92,948.92,948.92,1.03,9.66,1110439,1566070793.0,0.0,0.41
2010-05-06,913.67,913.67,913.67,913.67,-3.71,-35.25,1106223,1569170129.0,0.0,0.41
2010-05-07,889.23,889.23,889.23,889.23,-2.67,-24.44,1002243,1383323880.0,0.0,0.37
2010-05-10,888.02,888.02,888.02,888.02,-0.14,-1.21,807129,1131307080.0,0.0,0.3
2010-05-11,858.77,858.77,858.77,858.77,-3.29,-29.25,825979,1177487107.0,0.0,0.3
2010-05-12,847.47,847.47,847.47,847.47,-1.32,-11.3,1043301,1245287025.0,0.0,0.38
2010-05-13,880.68,880.68,880.68,880.68,3.92,33.21,1478772,1654206960.0,0.0,0.55
2010-05-14,877.62,877.62,877.62,877.62,-0.35,-3.06,1081208,1268193991.0,0.0,0.4
2010-05-17,815.13,815.13,815.13,815.13,-7.12,-62.49,1044384,1202962697.0,0.0,0.39
2010-05-18,820.19,820.19,820.19,820.19,0.62,5.06,1021601,1164075054.0,0.0,0.38
2010-05-19,816.39,816.39,816.39,816.39,-0.46,-3.8,840962,971771757.0,0.0,0.31
2010-05-20,808.36,808.36,808.36,808.36,-0.98,-8.03,984704,1173509980.0,0.0,0.36
2010-05-21,829.18,829.18,829.18,829.18,2.58,20.82,1142244,1272775211.0,0.0,0.42
2010-05-24,868.06,868.06,868.06,868.06,4.69,38.88,1399460,1758667551.0,0.0,0.52
2010-05-25,855.8,855.8,855.8,855.8,-1.41,-12.26,1093305,1293601901.0,0.0,0.4
2010-05-26,870.68,870.68,870.68,870.68,1.74,14.88,1085258,1286907733.0,0.0,0.4
2010-05-27,877.71,877.71,877.71,877.71,0.81,7.03,1122770,1351305386.0,0.0,0.41
2010-05-28,874.26,874.26,874.26,874.26,-0.39,-3.45,1040572,1245725549.0,0.0,0.38
2010-05-31,844.29,844.29,844.29,844.29,-3.43,-29.97,763901,901525779.0,0.0,0.28
2010-06-01,822.25,822.25,822.25,822.25,-2.61,-22.04,889811,1056243455.0,0.0,0.33
2010-06-02,851.37,851.37,851.37,851.37,3.54,29.12,1732221,2011148976.0,0.0,0.64
2010-06-03,832.12,832.12,832.12,832.12,-2.26,-19.25,1128836,1337456979.0,0.0,0.42
2010-06-04,828.36,828.36,828.36,828.36,-0.45,-3.76,785516,986065817.0,0.0,0.29
2010-06-07,813.78,813.78,813.78,813.78,-1.76,-14.58,743770,888492310.0,0.0,0.27
2010-06-08,823.36,823.36,823.36,823.36,1.18,9.58,828729,931478733.0,0.0,0.31
2010-06-09,846.17,846.17,846.17,846.17,2.77,22.81,1124474,1295105420.0,0.0,0.41
2010-06-10,842.13,842.13,842.13,842.13,-0.48,-4.04,777784,913154606.0,0.0,0.29
2010-06-11,843.4,843.4,843.4,843.4,0.15,1.27,795597,938836701.0,0.0,0.29
2010-06-17,846.14,846.14,846.14,846.14,0.32,2.74,826556,987339036.0,0.0,0.3
2010-06-18,817.01,817.01,817.01,817.01,-3.44,-29.13,687073,789965308.0,0.0,0.25
2010-06-21,838.54,838.54,838.54,838.54,2.64,21.53,697914,814987037.0,0.0,0.26
2010-06-22,846.18,846.18,846.18,846.18,0.91,7.64,991065,1145613056.0,0.0,0.37
2010-06-23,838.0,838.0,838.0,838.0,-0.97,-8.18,659097,671723175.0,0.0,0.24
2010-06-24,836.68,836.68,836.68,836.68,-0.16,-1.32,548809,628853318.0,0.0,0.2
2010-06-25,824.48,824.48,824.48,824.48,-1.46,-12.2,501229,569071085.0,0.0,0.18
2010-06-28,812.81,812.81,812.81,812.81,-1.42,-11.67,428183,504411518.0,0.0,0.16
2010-06-29,769.72,769.72,769.72,769.72,-5.3,-43.09,834278,906594748.0,0.0,0.31
2010-06-30,751.56,751.56,751.56,751.56,-2.36,-18.16,540017,592884981.0,0.0,0.2
2010-07-01,744.24,744.24,744.24,744.24,-0.97,-7.32,539349,543308699.0,0.0,0.2
2010-07-02,741.37,741.37,741.37,741.37,-0.39,-2.87,776808,797125498.0,0.0,0.29
2010-07-05,749.16,749.16,749.16,749.16,1.05,7.79,634159,642024272.0,0.0,0.23
2010-07-06,762.18,762.18,762.18,762.18,1.74,13.02,669977,717385345.0,0.0,0.25
2010-07-07,771.6,771.6,771.6,771.6,1.24,9.42,570322,613142094.0,0.0,0.21
2010-07-08,776.22,776.22,776.22,776.22,0.6,4.62,958180,925695478.0,0.0,0.35
2010-07-09,808.63,808.63,808.63,808.63,4.18,32.41,1358837,1427488680.0,0.0,0.5
2010-07-12,826.81,826.81,826.81,826.81,2.25,18.18,1570329,1775524839.0,0.0,0.58
2010-07-13,828.95,828.95,828.95,828.95,0.26,2.14,1441063,1559868271.0,0.0,0.53
2010-07-14,840.33,840.33,840.33,840.33,1.37,11.38,1823867,2259610599.0,0.0,0.67
2010-07-15,817.01,817.01,817.01,817.01,-2.78,-23.32,962234,1108892893.0,0.0,0.35
2010-07-16,824.39,824.39,824.39,824.39,0.9,7.38,805922,944442843.0,0.0,0.3
2010-07-19,847.79,847.79,847.79,847.79,2.84,23.4,1404122,1699715326.0,0.0,0.52
2010-07-20,872.3,872.3,872.3,872.3,2.89,24.51,1175850,1637579676.0,0.0,0.43
2010-07-21,877.09,877.09,877.09,877.09,0.55,4.79,1890269,2216713791.0,0.0,0.7
2010-07-22,888.78,888.78,888.78,888.78,1.33,11.69,1259941,1456239378.0,0.0,0.46
2010-07-23,888.24,888.24,888.24,888.24,-0.06,-0.54,1377056,1684769545.0,0.0,0.51
2010-07-26,895.36,895.36,895.36,895.36,0.8,7.12,1223321,1531854143.0,0.0,0.45
2010-07-27,887.48,887.48,887.48,887.48,-0.88,-7.88,986608,1197575062.0,0.0,0.36
2010-07-28,916.18,916.18,916.18,916.18,3.23,28.7,1505846,1889854325.0,0.0,0.56
2010-07-29,931.73,931.73,931.73,931.73,1.7,15.55,1861981,2529560444.0,0.0,0.69
2010-07-30,926.01,926.01,926.01,926.01,-0.61,-5.72,1003280,1265944798.0,0.0,0.37
2010-08-02,943.25,943.25,943.25,943.25,1.86,17.24,1413887,1715837330.0,0.0,0.52
2010-08-03,927.56,927.56,927.56,927.56,-1.66,-15.69,1632176,2176307635.0,0.0,0.6
2010-08-04,951.53,951.53,951.53,951.53,2.58,23.97,2201793,2629664301.0,0.0,0.81
2010-08-05,948.34,948.34,948.34,948.34,-0.34,-3.19,1506128,1927463718.0,0.0,0.56
2010-08-06,973.85,973.85,973.85,973.85,2.69,25.51,1880321,2586193269.0,0.0,0.69
2010-08-09,979.04,979.04,979.04,979.04,0.53,5.19,1500118,2005384025.0,0.0,0.55
2010-08-10,957.55,957.55,957.55,957.55,-2.2,-21.49,2272416,2614182095.0,0.0,0.84
2010-08-11,964.03,964.03,964.03,964.03,0.68,6.48,1417350,1738752138.0,0.0,0.52
2010-08-12,948.96,948.96,948.96,948.96,-1.56,-15.07,1130642,1455628947.0,0.0,0.42
2010-08-13,971.01,971.01,971.01,971.01,2.32,22.05,1207141,1536958831.0,0.0,0.45
2010-08-16,999.45,999.45,999.45,999.45,2.93,28.44,1744597,2286672962.0,0.0,0.64
2010-08-17,1017.38,1017.38,1017.38,1017.38,1.79,17.93,1940658,2408192769.0,0.0,0.72
2010-08-18,1020.97,1020.97,1020.97,1020.97,0.35,3.59,1502310,2023352592.0,0.0,0.55
2010-08-19,1027.68,1027.68,1027.68,1027.68,0.66,6.71,1405101,1840839649.0,0.0,0.52
2010-08-20,1001.75,1001.75,1001.75,1001.75,-2.52,-25.93,1179923,1544674142.0,0.0,0.44
2010-08-23,1001.95,1001.95,1001.95,1001.95,0.02,0.2,863916,1088265967.0,0.0,0.32
2010-08-24,1021.98,1021.98,1021.98,1021.98,2.0,20.03,1295368,1688617757.0,0.0,0.48
2010-08-25,990.13,990.13,990.13,990.13,-3.12,-31.85,1097843,1446236361.0,0.0,0.4
2010-08-26,996.23,996.23,996.23,996.23,0.62,6.1,890973,1169932706.0,0.0,0.33
2010-08-27,1001.85,1001.85,1001.85,1001.85,0.56,5.62,902715,1230096845.0,0.0,0.33
2010-08-30,1044.39,1044.39,1044.39,1044.39,4.25,42.54,1505439,2132116733.0,0.0,0.56
2010-08-31,1046.05,1046.05,1046.05,1046.05,0.16,1.66,1215856,1700845502.0,0.0,0.45
2010-09-01,1029.38,1029.38,1029.38,1029.38,-1.59,-16.67,1387281,1860985219.0,0.0,0.51
2010-09-02,1079.31,1079.31,1079.31,1079.31,4.85,49.93,2413149,3450672046.0,0.0,0.89
2010-09-03,1094.32,1094.32,1094.32,1094.32,1.39,15.01,2784242,4274990088.0,0.0,1.03
2010-09-06,1087.98,1087.98,1087.98,1087.98,-0.58,-6.34,1719348,2449222542.0,0.0,0.63
2010-09-07,1101.27,1101.27,1101.27,1101.27,1.22,13.29,1267927,1972790052.0,0.0,0.47
2010-09-08,1105.87,1105.87,1105.87,1105.87,0.42,4.6,1172369,1780377637.0,0.0,0.43
2010-09-09,1068.31,1068.31,1068.31,1068.31,-3.4,-37.56,1489313,2208733795.0,0.0,0.55
2010-09-10,1067.8,1067.8,1067.8,1067.8,-0.05,-0.51,1040249,1531381732.0,0.0,0.38
2010-09-13,1118.55,1118.55,1118.55,1118.55,4.75,50.75,1802286,2452618620.0,0.0,0.66
2010-09-14,1123.53,1123.53,1123.53,1123.53,0.45,4.98,2287361,3278268671.0,0.0,0.84
2010-09-15,1088.33,1088.33,1088.33,1088.33,-3.13,-35.2,1419499,2036773145.0,0.0,0.52
2010-09-16,1052.68,1052.68,1052.68,1052.68,-3.28,-35.65,1504478,2109768415.0,0.0,0.55
2010-09-17,1047.88,1047.88,1047.88,1047.88,-0.46,-4.8,1078535,1447339499.0,0.0,0.4
2010-09-20,1030.46,1030.46,1030.46,1030.46,-1.66,-17.42,1100734,1387197517.0,0.0,0.41
2010-09-21,1044.09,1044.09,1044.09,1044.09,1.32,13.63,766525,1002875569.0,0.0,0.28
2010-09-27,1073.26,1073.26,1073.26,1073.26,2.79,29.17,1039213,1427216368.0,0.0,0.38
2010-09-28,1056.69,1056.69,1056.69,1056.69,-1.54,-16.57,863170,1199913520.0,0.0,0.32
2010-09-29,1045.5,1045.5,1045.5,1045.5,-1.06,-11.19,782756,1141491247.0,0.0,0.29
2010-09-30,1067.37,1067.37,1067.37,1067.37,2.09,21.87,796248,1157447203.0,0.0,0.29
2010-10-08,1098.85,1098.85,1098.85,1098.85,2.95,31.48,1270929,1874966414.0,0.0,0.47
2010-10-11,1126.81,1126.81,1126.81,1126.81,2.54,27.96,2159506,3232251750.0,0.0,0.8
2010-10-12,1169.54,1169.54,1169.54,1169.54,3.79,42.73,2678272,4166198676.0,0.0,0.99
2010-10-13,1175.02,1175.02,1175.02,1175.02,0.47,5.48,2572030,4327012424.0,0.0,0.95
2010-10-14,1126.93,1126.93,1126.93,1126.93,-4.09,-48.09,2509143,3964735912.0,0.0,0.93
2010-10-15,1139.19,1139.19,1139.19,1139.19,1.09,12.26,1898802,3052516672.0,0.0,0.7
2010-10-18,1114.95,1114.95,1114.95,1114.95,-2.13,-24.24,1994114,2993760309.0,0.0,0.74
2010-10-19,1168.35,1168.35,1168.35,1168.35,4.79,53.4,1819953,2688435919.0,0.0,0.67
2010-10-20,1203.72,1203.72,1203.72,1203.72,3.03,35.37,2865997,4518821216.0,0.0,1.06
2010-10-21,1214.69,1214.69,1214.69,1214.69,0.91,10.97,2196001,3645520593.0,0.0,0.81
2010-10-22,1247.0,1247.0,1247.0,1247.0,2.66,32.31,2181403,3513378470.0,0.0,0.8
2010-10-25,1277.8,1277.8,1277.8,1277.8,2.47,30.8,2431139,4070147094.0,0.0,0.9
2010-10-26,1266.63,1266.63,1266.63,1266.63,-0.87,-11.17,2017241,3354330211.0,0.0,0.74
2010-10-27,1234.21,1234.21,1234.21,1234.21,-2.56,-32.42,1559875,2697574260.0,0.0,0.58
2010-10-28,1229.52,1229.52,1229.52,1229.52,-0.38,-4.69,1379493,2343579642.0,0.0,0.51
2010-10-29,1239.13,1239.13,1239.13,1239.13,0.78,9.61,1248427,2187598483.0,0.0,0.46
2010-11-01,1272.29,1272.29,1272.29,1272.29,2.68,33.16,1641623,2780496601.0,0.0,0.61
2010-11-02,1247.93,1247.93,1247.93,1247.93,-1.91,-24.36,1650487,2889452637.0,0.0,0.61
2010-11-03,1214.76,1214.76,1214.76,1214.76,-2.66,-33.17,1690349,2787306326.0,0.0,0.62
2010-11-04,1231.57,1231.57,1231.57,1231.57,1.38,16.81,1419516,2366173367.0,0.0,0.52
2010-11-05,1234.96,1234.96,1234.96,1234.96,0.28,3.39,1397000,2381133772.0,0.0,0.52
2010-11-08,1285.74,1285.74,1285.74,1285.74,4.11,50.78,2407450,4023390395.0,0.0,0.89
2010-11-09,1262.76,1262.76,1262.76,1262.76,-1.79,-22.98,1622045,2716911160.0,0.0,0.6
2010-11-10,1238.76,1238.76,1238.76,1238.76,-1.9,-24.0,1687419,2887850196.0,0.0,0.62
2010-11-11,1238.24,1238.24,1238.24,1238.24,-0.04,-0.52,1909697,3314482788.0,0.0,0.7
2010-11-12,1138.33,1138.33,1138.33,1138.33,-8.07,-99.91,2385771,3899123742.0,0.0,0.88
2010-11-15,1156.37,1156.37,1156.37,1156.37,1.58,18.04,1125985,2011694984.0,0.0,0.42
2010-11-16,1094.73,1094.73,1094.73,1094.73,-5.33,-61.64,1418392,2260307441.0,0.0,0.52
2010-11-17,1066.9,1066.9,1066.9,1066.9,-2.54,-27.83,1134571,1788691055.0,0.0,0.42
2010-11-18,1091.41,1091.41,1091.41,1091.41,2.3,24.51,868678,1411888988.0,0.0,0.32
2010-11-19,1105.26,1105.26,1105.26,1105.26,1.27,13.85,1256536,1797734995.0,0.0,0.46
2010-11-22,1106.9,1106.9,1106.9,1106.9,0.15,1.64,1095052,1698034844.0,0.0,0.4
2010-11-23,1102.16,1102.16,1102.16,1102.16,-0.43,-4.74,1131987,1806584775.0,0.0,0.42
2010-11-24,1139.43,1139.43,1139.43,1139.43,3.38,37.27,1195068,1965070667.0,0.0,0.44
2010-11-25,1144.19,1144.19,1144.19,1144.19,0.42,4.76,1163637,1950843753.0,0.0,0.43
2010-11-26,1135.69,1135.69,1135.69,1135.69,-0.74,-8.5,1176337,1995172144.0,0.0,0.43
2010-11-29,1139.88,1139.88,1139.88,1139.88,0.37,4.19,1003044,1727663414.0,0.0,0.37
2010-11-30,1149.66,1149.66,1149.66,1149.66,0.86,9.78,1986371,2940229854.0,0.0,0.73
2010-12-01,1142.1,1142.1,1142.1,1142.1,-0.66,-7.56,908544,1386698454.0,0.0,0.34
2010-12-02,1141.0,1141.0,1141.0,1141.0,-0.1,-1.1,939078,1522197906.0,0.0,0.35
2010-12-03,1146.83,1146.83,1146.83,1146.83,0.51,5.83,827756,1273032181.0,0.0,0.31
2010-12-06,1141.58,1141.58,1141.58,1141.58,-0.46,-5.25,650675,1084687144.0,0.0,0.24
2010-12-07,1146.51,1146.51,1146.51,1146.51,0.43,4.93,902876,1360308105.0,0.0,0.33
2010-12-08,1138.42,1138.42,1138.42,1138.42,-0.71,-8.09,1074580,1669781145.0,0.0,0.4
2010-12-09,1094.89,1094.89,1094.89,1094.89,-3.82,-43.53,1020600,1557170584.0,0.0,0.38
2010-12-10,1107.12,1107.12,1107.12,1107.12,1.12,12.23,737880,1126361803.0,0.0,0.27
2010-12-13,1156.97,1156.97,1156.97,1156.97,4.5,49.85,1383357,2383513089.0,0.0,0.51
2010-12-14,1170.97,1170.97,1170.97,1170.97,1.21,14.0,1079678,1873844352.0,0.0,0.4
2010-12-15,1157.88,1157.88,1157.88,1157.88,-1.12,-13.09,1030254,1657526350.0,0.0,0.38
2010-12-16,1151.32,1151.32,1151.32,1151.32,-0.57,-6.56,705697,1226909767.0,0.0,0.26
2010-12-17,1153.02,1153.02,1153.02,1153.02,0.15,1.7,540250,929623924.0,0.0,0.2
2010-12-20,1133.29,1133.29,1133.29,1133.29,-1.71,-19.73,957960,1587303243.0,0.0,0.35
2010-12-21,1155.48,1155.48,1155.48,1155.48,1.96,22.19,963814,1624193912.0,0.0,0.36
2010-12-22,1147.41,1147.41,1147.41,1147.41,-0.7,-8.07,1034674,1604400744.0,0.0,0.38
2010-12-23,1130.81,1130.81,1130.81,1130.81,-1.45,-16.6,710896,1124675673.0,0.0,0.26
2010-12-24,1103.75,1103.75,1103.75,1103.75,-2.39,-27.06,537684,937297435.0,0.0,0.2
2010-12-27,1067.56,1067.56,1067.56,1067.56,-3.28,-36.19,897632,1358176106.0,0.0,0.33
2010-12-28,1035.9,1035.9,1035.9,1035.9,-2.97,-31.66,643257,863873346.0,0.0,0.24
2010-12-29,1050.77,1050.77,1050.77,1050.77,1.44,14.87,519289,792026989.0,0.0,0.19
2010-12-30,1047.98,1047.98,1047.98,1047.98,-0.27,-2.79,660132,946276551.0,0.0,0.24
2010-12-31,1069.37,1069.37,1069.37,1069.37,2.04,21.39,587603,903622545.0,0.0,0.22
2011-01-04,1082.16,1082.16,1082.16,1082.16,1.2,12.79,1067264,1562251856.0,0.0,0.39
2011-01-05,1086.52,1086.52,1086.52,1086.52,0.4,4.36,1086221,1667489287.0,0.0,0.4
2011-01-06,1091.95,1091.95,1091.95,1091.95,0.5,5.43,1096387,1744243869.0,0.0,0.4
2011-01-07,1098.2,1098.2,1098.2,1098.2,0.57,6.25,1156023,1816384776.0,0.0,0.43
2011-01-10,1070.43,1070.43,1070.43,1070.43,-2.53,-27.77,928321,1414299296.0,0.0,0.34
2011-01-11,1065.87,1065.87,1065.87,1065.87,-0.43,-4.56,647022,1001835081.0,0.0,0.24
2011-01-12,1083.46,1083.46,1083.46,1083.46,1.65,17.59,781909,1143690998.0,0.0,0.29
2011-01-13,1086.48,1086.48,1086.48,1086.48,0.28,3.02,1003773,1528103713.0,0.0,0.37
2011-01-14,1074.96,1074.96,1074.96,1074.96,-1.06,-11.52,822663,1216406617.0,0.0,0.3
2011-01-17,1032.82,1032.82,1032.82,1032.82,-3.92,-42.14,947485,1283410636.0,0.0,0.35
2011-01-18,1027.95,1027.95,1027.95,1027.95,-0.47,-4.87,807792,1169557355.0,0.0,0.3
2011-01-19,1054.97,1054.97,1054.97,1054.97,2.63,27.02,1016888,1413183073.0,0.0,0.38
2011-01-20,1020.45,1020.45,1020.45,1020.45,-3.27,-34.52,918703,1365418888.0,0.0,0.34
2011-01-21,1043.35,1043.35,1043.35,1043.35,2.24,22.9,1080936,1594734598.0,0.0,0.4
2011-01-24,1019.03,1019.03,1019.03,1019.03,-2.33,-24.32,1070047,1692643495.0,0.0,0.39
2011-01-25,1008.32,1008.32,1008.32,1008.32,-1.05,-10.71,661208,978872725.0,0.0,0.24
2011-01-26,1022.33,1022.33,1022.33,1022.33,1.39,14.01,617281,870091307.0,0.0,0.23
2011-01-27,1065.78,1065.78,1065.78,1065.78,4.25,43.45,1363949,2100489068.0,0.0,0.5
2011-01-28,1090.66,1090.66,1090.66,1090.66,2.33,24.88,1345556,2225161949.0,0.0,0.5
2011-01-31,1102.35,1102.35,1102.35,1102.35,1.07,11.69,963990,1596246604.0,0.0,0.36
2011-02-01,1090.38,1090.38,1090.38,1090.38,-1.09,-11.97,627683,1028441819.0,0.0,0.23
2011-02-09,1077.19,1077.19,1077.19,1077.19,-1.21,-13.19,723210,1126539158.0,0.0,0.27
2011-02-10,1144.43,1144.43,1144.43,1144.43,6.24,67.24,1673601,2574443719.0,0.0,0.62
2011-02-11,1150.47,1150.47,1150.47,1150.47,0.53,6.04,1428694,2314243200.0,0.0,0.53
2011-02-14,1171.94,1171.94,1171.94,1171.94,1.87,21.47,1627011,2668920641.0,0.0,0.6
2011-02-15,1167.64,1167.64,1167.64,1167.64,-0.37,-4.3,1474971,2375191134.0,0.0,0.54
2011-02-16,1210.11,1210.11,1210.11,1210.11,3.64,42.47,1569727,2659794129.0,0.0,0.58
2011-02-17,1212.71,1212.71,1212.71,1212.71,0.21,2.6,1541204,2539228759.0,0.0,0.57
2011-02-18,1193.18,1193.18,1193.18,1193.18,-1.61,-19.53,1047888,1657520468.0,0.0,0.39
2011-02-21,1216.57,1216.57,1216.57,1216.57,1.96,23.39,1048712,1735165193.0,0.0,0.39
2011-02-22,1158.8,1158.8,1158.8,1158.8,-4.75,-57.77,1528510,2571670692.0,0.0,0.56
2011-02-23,1158.68,1158.68,1158.68,1158.68,-0.01,-0.12,966794,1587565526.0,0.0,0.36
2011-02-24,1160.87,1160.87,1160.87,1160.87,0.19,2.19,889223,1553267531.0,0.0,0.33
2011-02-25,1166.56,1166.56,1166.56,1166.56,0.49,5.69,851591,1340557743.0,0.0,0.31
2011-02-28,1203.2,1203.2,1203.2,1203.2,3.14,36.64,1322366,2134684425.0,0.0,0.49
2011-03-01,1202.8,1202.8,1202.8,1202.8,-0.03,-0.4,1413308,2438184108.0,0.0,0.52
2011-03-02,1194.77,1194.77,1194.77,1194.77,-0.67,-8.03,953612,1453151165.0,0.0,0.35
2011-03-03,1213.82,1213.82,1213.82,1213.82,1.59,19.05,1788019,2957357656.0,0.0,0.66
2011-03-04,1239.03,1239.03,1239.03,1239.03,2.08,25.21,1480927,2495643045.0,0.0,0.55
2011-03-07,1251.9,1251.9,1251.9,1251.9,1.04,12.87,1559310,2577352899.0,0.0,0.58
2011-03-08,1261.21,1261.21,1261.21,1261.21,0.74,9.31,1426132,2558175614.0,0.0,0.53
2011-03-09,1255.1,1255.1,1255.1,1255.1,-0.48,-6.11,1182856,2171574088.0,0.0,0.44
2011-03-10,1228.92,1228.92,1228.92,1228.92,-2.09,-26.18,1044556,1818770940.0,0.0,0.39
2011-03-11,1222.57,1222.57,1222.57,1222.57,-0.52,-6.35,958006,1651496144.0,0.0,0.35
2011-03-14,1230.32,1230.32,1230.32,1230.32,0.63,7.75,1089379,1905883829.0,0.0,0.4
2011-03-15,1214.75,1214.75,1214.75,1214.75,-1.27,-15.57,1293305,2141594265.0,0.0,0.48
2011-03-16,1221.41,1221.41,1221.41,1221.41,0.55,6.66,898832,1454333855.0,0.0,0.33
2011-03-17,1189.76,1189.76,1189.76,1189.76,-2.59,-31.65,793428,1319332930.0,0.0,0.29
2011-03-18,1205.8,1205.8,1205.8,1205.8,1.35,16.04,760802,1293381968.0,0.0,0.28
2011-03-21,1206.21,1206.21,1206.21,1206.21,0.03,0.41,833399,1409989270.0,0.0,0.31
2011-03-22,1220.19,1220.19,1220.19,1220.19,1.16,13.98,889611,1515413067.0,0.0,0.33
2011-03-23,1232.02,1232.02,1232.02,1232.02,0.97,11.83,844745,1577472267.0,0.0,0.31
2011-03-24,1230.96,1230.96,1230.96,1230.96,-0.09,-1.06,1249562,2487074289.0,0.0,0.46
2011-03-25,1251.51,1251.51,1251.51,1251.51,1.67,20.55,1248438,2230216200.0,0.0,0.46
2011-03-28,1233.2,1233.2,1233.2,1233.2,-1.46,-18.31,1332648,2427428473.0,0.0,0.49
2011-03-29,1208.02,1208.02,1208.02,1208.02,-2.04,-25.18,1298587,2238593158.0,0.0,0.48
2011-03-30,1199.16,1199.16,1199.16,1199.16,-0.73,-8.86,722507,1218449750.0,0.0,0.27
2011-03-31,1186.23,1186.23,1186.23,1186.23,-1.08,-12.93,650518,1018016979.0,0.0,0.24
2011-04-01,1199.29,1199.29,1199.29,1199.29,1.1,13.06,547538,903847133.0,0.0,0.2
2011-04-06,1197.53,1197.53,1197.53,1197.53,-0.15,-1.76,866930,1281027363.0,0.0,0.32
2011-04-07,1189.67,1189.67,1189.67,1189.67,-0.66,-7.86,1183707,1716291305.0,0.0,0.44
2011-04-08,1220.31,1220.31,1220.31,1220.31,2.58,30.64,1329740,1985329749.0,0.0,0.49
2011-04-11,1194.02,1194.02,1194.02,1194.02,-2.15,-26.29,1212205,1923339308.0,0.0,0.45
2011-04-12,1180.18,1180.18,1180.18,1180.18,-1.16,-13.84,854807,1372318373.0,0.0,0.32
2011-04-13,1189.66,1189.66,1189.66,1189.66,0.8,9.48,918312,1311335832.0,0.0,0.34
2011-04-14,1182.42,1182.42,1182.42,1182.42,-0.61,-7.24,719637,1134829430.0,0.0,0.27
2011-04-15,1178.18,1178.18,1178.18,1178.18,-0.36,-4.24,789941,1130166215.0,0.0,0.29
2011-04-18,1170.64,1170.64,1170.64,1170.64,-0.64,-7.54,939172,1329296781.0,0.0,0.35
2011-04-19,1149.51,1149.51,1149.51,1149.51,-1.8,-21.13,903885,1295902187.0,0.0,0.33
2011-04-20,1162.52,1162.52,1162.52,1162.52,1.13,13.01,739190,1133986917.0,0.0,0.27
2011-04-21,1173.95,1173.95,1173.95,1173.95,0.98,11.43,823058,1351396543.0,0.0,0.3
2011-04-22,1159.97,1159.97,1159.97,1159.97,-1.19,-13.98,789986,1125134395.0,0.0,0.29
2011-04-25,1136.73,1136.73,1136.73,1136.73,-2.0,-23.24,837869,1187663765.0,0.0,0.31
2011-04-26,1134.95,1134.95,1134.95,1134.95,-0.16,-1.78,589783,982997417.0,0.0,0.22
2011-04-27,1102.11,1102.11,1102.11,1102.11,-2.89,-32.84,1056098,1590381006.0,0.0,0.39
2011-04-28,1063.27,1063.27,1063.27,1063.27,-3.52,-38.84,808140,1154534420.0,0.0,0.3
2011-04-29,1073.89,1073.89,1073.89,1073.89,1.0,10.62,534314,751057376.0,0.0,0.2
2011-05-03,1076.31,1076.31,1076.31,1076.31,0.23,2.42,682149,911254963.0,0.0,0.25
2011-05-04,1037.85,1037.85,1037.85,1037.85,-3.57,-38.46,830918,1211024038.0,0.0,0.31
2011-05-05,1038.74,1038.74,1038.74,1038.74,0.09,0.89,456382,666812040.0,0.0,0.17
2011-05-06,1043.39,1043.39,1043.39,1043.39,0.45,4.65,542319,809683490.0,0.0,0.2
2011-05-09,1049.27,1049.27,1049.27,1049.27,0.56,5.88,572026,912537457.0,0.0,0.21
2011-05-10,1057.23,1057.23,1057.23,1057.23,0.76,7.96,529712,894624048.0,0.0,0.2
2011-05-11,1047.83,1047.83,1047.83,1047.83,-0.89,-9.4,529822,793788285.0,0.0,0.2
2011-05-12,1037.7,1037.7,1037.7,1037.7,-0.97,-10.13,595365,907213605.0,0.0,0.22
2011-05-13,1045.41,1045.41,1045.41,1045.41,0.74,7.71,507485,788921376.0,0.0,0.19
2011-05-16,1040.34,1040.34,1040.34,1040.34,-0.48,-5.07,487546,635446981.0,0.0,0.18
2011-05-17,1044.43,1044.43,1044.43,1044.43,0.39,4.09,704992,905551015.0,0.0,0.26
2011-05-18,1045.95,1045.95,1045.95,1045.95,0.15,1.52,649318,834615272.0,0.0,0.24
2011-05-19,1034.54,1034.54,1034.54,1034.54,-1.09,-11.41,579332,672158098.0,0.0,0.21
2011-05-20,1022.18,1022.18,1022.18,1022.18,-1.19,-12.36,507745,552326037.0,0.0,0.19
2011-05-23,980.63,980.63,980.63,980.63,-4.06,-41.55,721609,780272549.0,0.0,0.27
2011-05-24,977.01,977.01,977.01,977.01,-0.37,-3.62,536508,534007174.0,0.0,0.2
2011-05-25,965.94,965.94,965.94,965.94,-1.13,-11.07,431785,464717093.0,0.0,0.16
2011-05-26,958.48,958.48,958.48,958.48,-0.77,-7.46,426238,460767655.0,0.0,0.16
2011-05-27,937.68,937.68,937.68,937.68,-2.17,-20.8,513411,531448085.0,0.0,0.19
2011-05-30,929.77,929.77,929.77,929.77,-0.84,-7.91,436312,446203597.0,0.0,0.16
2011-05-31,955.54,955.54,955.54,955.54,2.77,25.77,549660,571948098.0,0.0,0.2
2011-06-01,979.36,979.36,979.36,979.36,2.49,23.82,895410,984323845.0,0.0,0.33
2011-06-02,960.14,960.14,960.14,960.14,-1.96,-19.22,689979,771809734.0,0.0,0.25
2011-06-03,972.88,972.88,972.88,972.88,1.33,12.74,452131,502686488.0,0.0,0.17
2011-06-07,972.45,972.45,972.45,972.45,-0.04,-0.43,351440,396719341.0,0.0,0.13
2011-06-08,975.27,975.27,975.27,975.27,0.29,2.82,416438,442409364.0,0.0,0.15
2011-06-09,949.96,949.96,949.96,949.96,-2.6,-25.31,415056,418505039.0,0.0,0.15
2011-06-10,946.83,946.83,946.83,946.83,-0.33,-3.13,415927,436450388.0,0.0,0.15
2011-06-13,943.8,943.8,943.8,943.8,-0.32,-3.03,331666,318313464.0,0.0,0.12
2011-06-14,957.85,957.85,957.85,957.85,1.49,14.05,652581,685433899.0,0.0,0.24
2011-06-15,950.05,950.05,950.05,950.05,-0.81,-7.8,490501,499250727.0,0.0,0.18
2011-06-16,945.23,945.23,945.23,945.23,-0.51,-4.82,600857,577170376.0,0.0,0.22
2011-06-17,928.91,928.91,928.91,928.91,-1.73,-16.32,487032,504818839.0,0.0,0.18
2011-06-20,916.54,916.54,916.54,916.54,-1.33,-12.37,430495,435874921.0,0.0,0.16
2011-06-21,941.16,941.16,941.16,941.16,2.69,24.62,574963,625275398.0,0.0,0.21
2011-06-22,943.12,943.12,943.12,943.12,0.21,1.96,509756,548489674.0,0.0,0.19
2011-06-23,972.4,972.4,972.4,972.4,3.1,29.28,824740,894232716.0,0.0,0.3
2011-06-24,998.86,998.86,998.86,998.86,2.72,26.46,1545271,1778860672.0,0.0,0.57
2011-06-27,1005.31,1005.31,1005.31,1005.31,0.65,6.45,927769,1050172987.0,0.0,0.34
2011-06-28,1002.77,1002.77,1002.77,1002.77,-0.25,-2.54,641757,670492796.0,0.0,0.24
2011-06-29,994.81,994.81,994.81,994.81,-0.79,-7.96,573230,600822589.0,0.0,0.21
2011-06-30,1003.83,1003.83,1003.83,1003.83,0.91,9.02,755459,817058551.0,0.0,0.28
2011-07-01,1012.45,1012.45,1012.45,1012.45,0.86,8.62,886334,955860001.0,0.0,0.33
2011-07-04,1065.37,1065.37,1065.37,1065.37,5.23,52.92,2138065,2418462885.0,0.0,0.79
2011-07-05,1057.21,1057.21,1057.21,1057.21,-0.77,-8.16,1310760,1536710949.0,0.0,0.48
2011-07-06,1050.15,1050.15,1050.15,1050.15,-0.67,-7.06,776551,944561969.0,0.0,0.29
2011-07-07,1038.9,1038.9,1038.9,1038.9,-1.07,-11.25,938068,1137390043.0,0.0,0.35
2011-07-08,1026.32,1026.32,1026.32,1026.32,-1.21,-12.58,685329,827737309.0,0.0,0.25
2011-07-11,1034.13,1034.13,1034.13,1034.13,0.76,7.81,808418,977521485.0,0.0,0.3
2011-07-12,1015.09,1015.09,1015.09,1015.09,-1.84,-19.04,678120,779432664.0,0.0,0.25
2011-07-13,1026.63,1026.63,1026.63,1026.63,1.14,11.54,863152,980150747.0,0.0,0.32
2011-07-14,1025.79,1025.79,1025.79,1025.79,-0.08,-0.84,771093,879905138.0,0.0,0.28
2011-07-15,1033.91,1033.91,1033.91,1033.91,0.79,8.12,765389,897156824.0,0.0,0.28
2011-07-18,1033.03,1033.03,1033.03,1033.03,-0.09,-0.88,797117,897719037.0,0.0,0.29
2011-07-19,1014.1,1014.1,1014.1,1014.1,-1.83,-18.93,762348,869805930.0,0.0,0.28
2011-07-20,1015.64,1015.64,1015.64,1015.64,0.15,1.54,529808,600296331.0,0.0,0.2
2011-07-21,995.78,995.78,995.78,995.78,-1.96,-19.86,584934,635901716.0,0.0,0.22
2011-07-22,994.31,994.31,994.31,994.31,-0.15,-1.47,464101,518170938.0,0.0,0.17
2011-07-25,956.84,956.84,956.84,956.84,-3.77,-37.47,729297,795096668.0,0.0,0.27
2011-07-26,966.89,966.89,966.89,966.89,1.05,10.05,504882,555981148.0,0.0,0.19
2011-07-27,976.91,976.91,976.91,976.91,1.04,10.02,606638,667302085.0,0.0,0.22
2011-07-28,966.88,966.88,966.88,966.88,-1.03,-10.03,440372,467431140.0,0.0,0.16
2011-07-29,961.98,961.98,961.98,961.98,-0.51,-4.9,373405,396742136.0,0.0,0.14
2011-08-01,968.23,968.23,968.23,968.23,0.65,6.25,407349,430010749.0,0.0,0.15
2011-08-02,967.18,967.18,967.18,967.18,-0.11,-1.05,579352,662292537.0,0.0,0.21
2011-08-03,972.19,972.19,972.19,972.19,0.52,5.01,556843,646001504.0,0.0,0.21
2011-08-04,977.16,977.16,977.16,977.16,0.51,4.97,620541,683720970.0,0.0,0.23
2011-08-05,957.16,957.16,957.16,957.16,-2.05,-20.0,678082,762961721.0,0.0,0.25
2011-08-08,913.65,913.65,913.65,913.65,-4.55,-43.51,731787,828954410.0,0.0,0.27
2011-08-09,901.04,901.04,901.04,901.04,-1.38,-12.61,785773,756248522.0,0.0,0.29
2011-08-10,906.73,906.73,906.73,906.73,0.63,5.69,815464,796528850.0,0.0,0.3
2011-08-11,912.1,912.1,912.1,912.1,0.59,5.37,644034,634682898.0,0.0,0.24
2011-08-12,912.7,912.7,912.7,912.7,0.07,0.6,684318,685539486.0,0.0,0.25
2011-08-15,930.69,930.69,930.69,930.69,1.97,17.99,807465,817786252.0,0.0,0.3
2011-08-16,916.04,916.04,916.04,916.04,-1.57,-14.65,619822,632399646.0,0.0,0.23
2011-08-17,910.1,910.1,910.1,910.1,-0.65,-5.94,380736,375805109.0,0.0,0.14
2011-08-18,890.36,890.36,890.36,890.36,-2.17,-19.74,519461,536649212.0,0.0,0.19
2011-08-19,883.91,883.91,883.91,883.91,-0.72,-6.45,653212,651628611.0,0.0,0.24
2011-08-22,870.9,870.9,870.9,870.9,-1.47,-13.01,431683,418730037.0,0.0,0.16
2011-08-23,881.75,881.75,881.75,881.75,1.25,10.85,443471,454765423.0,0.0,0.16
2011-08-24,877.11,877.11,877.11,877.11,-0.53,-4.64,488166,475604162.0,0.0,0.18
2011-08-25,901.71,901.71,901.71,901.71,2.8,24.6,678895,679620950.0,0.0,0.25
2011-08-26,895.23,895.23,895.23,895.23,-0.72,-6.48,550324,530308633.0,0.0,0.2
2011-08-29,884.5,884.5,884.5,884.5,-1.2,-10.73,558202,516258752.0,0.0,0.21
2011-08-30,885.81,885.81,885.81,885.81,0.15,1.31,660539,639330930.0,0.0,0.24
2011-08-31,877.97,877.97,877.97,877.97,-0.89,-7.84,399136,380845373.0,0.0,0.15
2011-09-01,874.87,874.87,874.87,874.87,-0.35,-3.1,507361,507109763.0,0.0,0.19
2011-09-02,867.16,867.16,867.16,867.16,-0.88,-7.71,411186,388054548.0,0.0,0.15
2011-09-05,859.62,859.62,859.62,859.62,-0.87,-7.54,1094209,903174291.0,0.0,0.4
2011-09-06,844.25,844.25,844.25,844.25,-1.79,-15.37,824799,694112149.0,0.0,0.3
2011-09-07,864.62,864.62,864.62,864.62,2.41,20.37,883414,785472772.0,0.0,0.33
2011-09-08,854.11,854.11,854.11,854.11,-1.22,-10.51,632308,579907987.0,0.0,0.23
2011-09-09,844.81,844.81,844.81,844.81,-1.09,-9.3,459462,448767352.0,0.0,0.17
2011-09-13,827.21,827.21,827.21,827.21,-2.08,-17.6,456081,409571567.0,0.0,0.17
2011-09-14,842.62,842.62,842.62,842.62,1.86,15.41,798584,683271430.0,0.0,0.29
2011-09-15,846.29,846.29,846.29,846.29,0.44,3.67,1143189,993551021.0,0.0,0.42
2011-09-16,843.64,843.64,843.64,843.64,-0.31,-2.65,725538,635178902.0,0.0,0.27
2011-09-19,830.16,830.16,830.16,830.16,-1.6,-13.48,861505,741540473.0,0.0,0.32
2011-09-20,837.45,837.45,837.45,837.45,0.88,7.29,760398,688396387.0,0.0,0.28
2011-09-21,868.95,868.95,868.95,868.95,3.76,31.5,1757581,1658519898.0,0.0,0.65
2011-09-22,846.97,846.97,846.97,846.97,-2.53,-21.98,1129474,1077020660.0,0.0,0.42
2011-09-23,843.9,843.9,843.9,843.9,-0.36,-3.07,1115791,1021686685.0,0.0,0.41
2011-09-26,836.45,836.45,836.45,836.45,-0.88,-7.45,1125869,1011981538.0,0.0,0.42
2011-09-27,857.68,857.68,857.68,857.68,2.54,21.23,1658701,1449018953.0,0.0,0.61
2011-09-28,840.02,840.02,840.02,840.02,-2.06,-17.66,1021356,891161176.0,0.0,0.38
2011-09-29,822.29,822.29,822.29,822.29,-2.11,-17.73,1164490,1019876812.0,0.0,0.43
2011-09-30,824.43,824.43,824.43,824.43,0.26,2.14,713708,612963419.0,0.0,0.26
2011-10-10,816.64,816.64,816.64,816.64,-0.94,-7.79,666844,555189123.0,0.0,0.25
2011-10-11,810.54,810.54,810.54,810.54,-0.75,-6.1,941780,818797349.0,0.0,0.35
2011-10-12,844.1,844.1,844.1,844.1,4.14,33.56,1444177,1288269214.0,0.0,0.53
2011-10-13,860.06,860.06,860.06,860.06,1.89,15.96,1392555,1275017892.0,0.0,0.51
2011-10-14,854.09,854.09,854.09,854.09,-0.69,-5.97,1003531,898500219.0,0.0,0.37
2011-10-17,854.02,854.02,854.02,854.02,-0.01,-0.07,699325,642206888.0,0.0,0.26
2011-10-18,819.94,819.94,819.94,819.94,-3.99,-34.08,890793,793610108.0,0.0,0.33
2011-10-19,813.78,813.78,813.78,813.78,-0.75,-6.16,625319,556555957.0,0.0,0.23
2011-10-20,788.79,788.79,788.79,788.79,-3.07,-24.99,624421,547127732.0,0.0,0.23
2011-10-21,781.39,781.39,781.39,781.39,-0.94,-7.4,462839,408186769.0,0.0,0.17
2011-10-24,797.97,797.97,797.97,797.97,2.12,16.58,764746,658461546.0,0.0,0.28
2011-10-25,817.5,817.5,817.5,817.5,2.45,19.53,1159936,1008465757.0,0.0,0.43
2011-10-26,824.85,824.85,824.85,824.85,0.9,7.35,1328881,1193670045.0,0.0,0.49
2011-10-27,826.66,826.66,826.66,826.66,0.22,1.81,824649,773937893.0,0.0,0.3
2011-10-28,847.25,847.25,847.25,847.25,2.49,20.59,898419,842708245.0,0.0,0.33
2011-10-31,848.7,848.7,848.7,848.7,0.17,1.45,1149202,1030371732.0,0.0,0.42
2011-11-01,863.94,863.94,863.94,863.94,1.8,15.24,2138495,1934306088.0,0.0,0.79
2011-11-02,867.15,867.15,867.15,867.15,0.37,3.21,1602700,1482470409.0,0.0,0.59
2011-11-03,869.41,869.41,869.41,869.41,0.26,2.26,1751596,1653739781.0,0.0,0.65
2011-11-04,875.61,875.61,875.61,875.61,0.71,6.2,1274245,1210302070.0,0.0,0.47
2011-11-07,860.13,860.13,860.13,860.13,-1.77,-15.48,798842,740735538.0,0.0,0.29
2011-11-08,857.18,857.18,857.18,857.18,-0.34,-2.95,931055,884494082.0,0.0,0.34
2011-11-09,868.2,868.2,868.2,868.2,1.29,11.02,949653,921995626.0,0.0,0.35
2011-11-10,851.03,851.03,851.03,851.03,-1.98,-17.17,890856,848229095.0,0.0,0.33
2011-11-11,849.2,849.2,849.2,849.2,-0.22,-1.83,749227,698429459.0,0.0,0.28
2011-11-14,875.04,875.04,875.04,875.04,3.04,25.84,1664123,1611023482.0,0.0,0.61
2011-11-15,877.05,877.05,877.05,877.05,0.23,2.01,1214453,1168619762.0,0.0,0.45
2011-11-16,850.86,850.86,850.86,850.86,-2.99,-26.19,1049554,999764400.0,0.0,0.39
2011-11-17,849.1,849.1,849.1,849.1,-0.21,-1.76,694924,704009692.0,0.0,0.26
2011-11-18,833.24,833.24,833.24,833.24,-1.87,-15.86,861885,917599932.0,0.0,0.32
2011-11-21,846.8,846.8,846.8,846.8,1.63,13.56,1305249,1379582083.0,0.0,0.48
2011-11-22,827.6,827.6,827.6,827.6,-2.27,-19.2,942268,933491418.0,0.0,0.35
2011-11-23,812.13,812.13,812.13,812.13,-1.87,-15.47,709513,673178641.0,0.0,0.26
2011-11-24,809.04,809.04,809.04,809.04,-0.38,-3.09,657195,617043465.0,0.0,0.24
2011-11-25,795.3,795.3,795.3,795.3,-1.7,-13.74,483783,439565740.0,0.0,0.18
2011-11-28,807.32,807.32,807.32,807.32,1.51,12.02,781917,822403405.0,0.0,0.29
2011-11-29,825.36,825.36,825.36,825.36,2.23,18.04,882645,925343264.0,0.0,0.33
2011-11-30,787.46,787.46,787.46,787.46,-4.59,-37.9,751439,777798919.0,0.0,0.28
2011-12-01,808.07,808.07,808.07,808.07,2.62,20.61,1164974,1097727243.0,0.0,0.43
2011-12-02,791.66,791.66,791.66,791.66,-2.03,-16.41,717831,635187582.0,0.0,0.26
2011-12-05,769.09,769.09,769.09,769.09,-2.85,-22.57,581912,497703404.0,0.0,0.21
2011-12-06,770.59,770.59,770.59,770.59,0.2,1.5,580561,501283291.0,0.0,0.21
2011-12-07,771.34,771.34,771.34,771.34,0.1,0.75,534184,436381442.0,0.0,0.2
2011-12-08,768.75,768.75,768.75,768.75,-0.34,-2.59,603507,506611408.0,0.0,0.22
2011-12-09,760.39,760.39,760.39,760.39,-1.09,-8.36,538625,457390709.0,0.0,0.2
2011-12-12,754.77,754.77,754.77,754.77,-0.74,-5.62,575613,512611951.0,0.0,0.21
2011-12-13,738.88,738.88,738.88,738.88,-2.11,-15.89,764998,632079267.0,0.0,0.28
2011-12-14,729.95,729.95,729.95,729.95,-1.21,-8.93,538239,448814688.0,0.0,0.2
2011-12-15,719.73,719.73,719.73,719.73,-1.4,-10.22,640884,531346445.0,0.0,0.24
2011-12-16,740.33,740.33,740.33,740.33,2.86,20.6,707008,621659023.0,0.0,0.26
2011-12-19,741.78,741.78,741.78,741.78,0.2,1.45,628622,527568993.0,0.0,0.23
2011-12-20,734.78,734.78,734.78,734.78,-0.94,-7.0,492270,427715620.0,0.0,0.18
2011-12-21,716.09,716.09,716.09,716.09,-2.54,-18.69,487964,415464531.0,0.0,0.18
2011-12-22,705.21,705.21,705.21,705.21,-1.52,-10.88,481434,392988648.0,0.0,0.18
2011-12-23,715.57,715.57,715.57,715.57,1.47,10.36,523260,425125482.0,0.0,0.19
2011-12-26,716.44,716.44,716.44,716.44,0.12,0.87,507415,416044076.0,0.0,0.19
2011-12-27,700.42,700.42,700.42,700.42,-2.24,-16.02,384584,308801444.0,0.0,0.14
2011-12-28,699.8,699.8,699.8,699.8,-0.09,-0.62,331023,298884885.0,0.0,0.12
2011-12-29,707.81,707.81,707.81,707.81,1.14,8.01,614070,485638283.0,0.0,0.23
2011-12-30,725.3,725.3,725.3,725.3,2.47,17.49,846436,723177674.0,0.0,0.31
2012-01-04,709.96,709.96,709.96,709.96,-2.11,-15.34,613598,515537583.0,0.0,0.23
2012-01-05,696.78,696.78,696.78,696.78,-1.86,-13.18,668258,590378344.0,0.0,0.25
2012-01-06,701.04,701.04,701.04,701.04,0.61,4.26,577695,468515094.0,0.0,0.21
2012-01-09,729.22,729.22,729.22,729.22,4.02,28.18,806036,667334904.0,0.0,0.3
2012-01-10,755.22,755.22,755.22,755.22,3.57,26.0,1157685,954705928.0,0.0,0.43
2012-01-11,754.11,754.11,754.11,754.11,-0.15,-1.11,848483,749650457.0,0.0,0.31
2012-01-12,751.82,751.82,751.82,751.82,-0.3,-2.29,604924,526191014.0,0.0,0.22
2012-01-13,730.68,730.68,730.68,730.68,-2.81,-21.14,665363,550072904.0,0.0,0.25
2012-01-16,723.56,723.56,723.56,723.56,-0.97,-7.12,499567,412944003.0,0.0,0.18
2012-01-17,760.47,760.47,760.47,760.47,5.1,36.91,877985,707960285.0,0.0,0.32
2012-01-18,751.34,751.34,751.34,751.34,-1.2,-9.13,833024,711006619.0,0.0,0.31
2012-01-19,766.22,766.22,766.22,766.22,1.98,14.88,687724,615322064.0,0.0,0.25
2012-01-20,774.3,774.3,774.3,774.3,1.05,8.08,918651,784388193.0,0.0,0.34
2012-01-30,770.46,770.46,770.46,770.46,-0.5,-3.84,620491,613009010.0,0.0,0.23
2012-01-31,765.37,765.37,765.37,765.37,-0.66,-5.09,428124,379772651.0,0.0,0.16
2012-02-01,754.57,754.57,754.57,754.57,-1.41,-10.8,496278,453954834.0,0.0,0.18
2012-02-02,768.28,768.28,768.28,768.28,1.82,13.71,554331,488598881.0,0.0,0.2
2012-02-03,772.44,772.44,772.44,772.44,0.54,4.16,660732,562125944.0,0.0,0.24
2012-02-06,776.78,776.78,776.78,776.78,0.56,4.34,767313,654235338.0,0.0,0.28
2012-02-07,757.42,757.42,757.42,757.42,-2.49,-19.36,603346,513662356.0,0.0,0.22
2012-02-08,770.47,770.47,770.47,770.47,1.72,13.05,646207,700838821.0,0.0,0.24
2012-02-09,779.25,779.25,779.25,779.25,1.14,8.78,995066,868396322.0,0.0,0.37
2012-02-10,781.31,781.31,781.31,781.31,0.26,2.06,781365,730000925.0,0.0,0.29
2012-02-13,787.41,787.41,787.41,787.41,0.78,6.1,697871,576306980.0,0.0,0.26
2012-02-14,796.96,796.96,796.96,796.96,1.21,9.55,1226973,958960033.0,0.0,0.45
2012-02-15,812.05,812.05,812.05,812.05,1.89,15.09,1332617,963100414.0,0.0,0.49
2012-02-16,808.49,808.49,808.49,808.49,-0.44,-3.56,939134,702465935.0,0.0,0.35
2012-02-17,806.49,806.49,806.49,806.49,-0.25,-2.0,601919,455300641.0,0.0,0.22
2012-02-20,807.94,807.94,807.94,807.94,0.18,1.45,833776,635164217.0,0.0,0.31
2012-02-21,813.41,813.41,813.41,813.41,0.68,5.47,663648,659901672.0,0.0,0.24
2012-02-22,830.27,830.27,830.27,830.27,2.07,16.86,909221,885367074.0,0.0,0.34
2012-02-23,832.73,832.73,832.73,832.73,0.3,2.46,1323168,1117234583.0,0.0,0.49
2012-02-24,844.75,844.75,844.75,844.75,1.44,12.02,1213232,1115560993.0,0.0,0.45
2012-02-27,868.43,868.43,868.43,868.43,2.8,23.68,2542923,2419207894.0,0.0,0.94
2012-02-28,888.08,888.08,888.08,888.08,2.26,19.65,3212711,2815555197.0,0.0,1.19
2012-02-29,874.19,874.19,874.19,874.19,-1.56,-13.89,1637665,1455087143.0,0.0,0.6
2012-03-01,877.52,877.52,877.52,877.52,0.38,3.33,1150287,1093686387.0,0.0,0.42
2012-03-02,898.66,898.66,898.66,898.66,2.41,21.14,1774408,1635108561.0,0.0,0.65
2012-03-05,884.57,884.57,884.57,884.57,-1.57,-14.09,1568697,1555146944.0,0.0,0.58
2012-03-06,877.14,877.14,877.14,877.14,-0.84,-7.43,1320039,1275549163.0,0.0,0.49
2012-03-07,880.53,880.53,880.53,880.53,0.39,3.39,1374674,1289677841.0,0.0,0.51
2012-03-08,887.44,887.44,887.44,887.44,0.78,6.91,1091284,1023004210.0,0.0,0.4
2012-03-09,895.6,895.6,895.6,895.6,0.92,8.16,811634,758505856.0,0.0,0.3
2012-03-12,902.7,902.7,902.7,902.7,0.79,7.1,1297926,1335554255.0,0.0,0.48
2012-03-13,912.31,912.31,912.31,912.31,1.06,9.61,1478848,1341624291.0,0.0,0.55
2012-03-14,871.39,871.39,871.39,871.39,-4.49,-40.92,2022048,1940462945.0,0.0,0.75
2012-03-15,862.09,862.09,862.09,862.09,-1.07,-9.3,1544995,1411803187.0,0.0,0.57
2012-03-16,877.81,877.81,877.81,877.81,1.82,15.72,1270443,1202124277.0,0.0,0.47
2012-03-19,878.74,878.74,878.74,878.74,0.11,0.93,1205965,1082028016.0,0.0,0.44
2012-03-20,854.93,854.93,854.93,854.93,-2.71,-23.81,1714854,1458651466.0,0.0,0.63
2012-03-21,852.01,852.01,852.01,852.01,-0.34,-2.92,1152159,978580442.0,0.0,0.43
2012-03-22,852.83,852.83,852.83,852.83,0.1,0.82,521232,513967819.0,0.0,0.19
2012-03-23,834.75,834.75,834.75,834.75,-2.12,-18.08,718143,646438443.0,0.0,0.26
2012-03-26,839.72,839.72,839.72,839.72,0.6,4.97,530750,472091119.0,0.0,0.2
2012-03-27,845.78,845.78,845.78,845.78,0.72,6.06,680350,710312500.0,0.0,0.25
2012-03-28,813.61,813.61,813.61,813.61,-3.8,-32.17,788833,725431155.0,0.0,0.29
2012-03-29,809.42,809.42,809.42,809.42,-0.51,-4.19,638147,600381962.0,0.0,0.24
2012-03-30,810.17,810.17,810.17,810.17,0.09,0.75,699093,670919994.0,0.0,0.26
2012-04-05,829.48,829.48,829.48,829.48,2.38,19.31,720553,658097700.0,0.0,0.27
2012-04-06,837.86,837.86,837.86,837.86,1.01,8.38,851326,722982866.0,0.0,0.31
2012-04-09,825.85,825.85,825.85,825.85,-1.43,-12.01,741341,668797756.0,0.0,0.27
2012-04-10,830.32,830.32,830.32,830.32,0.54,4.47,836723,727788845.0,0.0,0.31
2012-04-11,839.34,839.34,839.34,839.34,1.09,9.02,911147,864210119.0,0.0,0.34
2012-04-12,850.94,850.94,850.94,850.94,1.38,11.6,917431,808311872.0,0.0,0.34
2012-04-13,856.73,856.73,856.73,856.73,0.68,5.79,1048420,923732801.0,0.0,0.39
2012-04-16,860.21,860.21,860.21,860.21,0.41,3.48,720884,673460626.0,0.0,0.27
2012-04-17,844.48,844.48,844.48,844.48,-1.83,-15.73,588240,514238312.0,0.0,0.22
2012-04-18,864.4,864.4,864.4,864.4,2.36,19.92,987880,866151892.0,0.0,0.36
2012-04-19,866.11,866.11,866.11,866.11,0.2,1.71,1591355,1318893449.0,0.0,0.59
2012-04-20,868.91,868.91,868.91,868.91,0.32,2.8,1030478,838147240.0,0.0,0.38
2012-04-23,857.29,857.29,857.29,857.29,-1.34,-11.62,1080283,984250821.0,0.0,0.4
2012-04-24,854.5,854.5,854.5,854.5,-0.33,-2.79,1016494,912075408.0,0.0,0.37
2012-04-25,857.21,857.21,857.21,857.21,0.32,2.71,737537,672240723.0,0.0,0.27
2012-04-26,853.21,853.21,853.21,853.21,-0.47,-4.0,786056,674200912.0,0.0,0.29
2012-04-27,841.05,841.05,841.05,841.05,-1.43,-12.16,920575,829823841.0,0.0,0.34
2012-05-02,860.12,860.12,860.12,860.12,2.27,19.07,1458971,1154855926.0,0.0,0.54
2012-05-03,861.88,861.88,861.88,861.88,0.2,1.76,1515264,1719834618.0,0.0,0.56
2012-05-04,866.98,866.98,866.98,866.98,0.59,5.1,1213297,1220254337.0,0.0,0.45
2012-05-07,880.37,880.37,880.37,880.37,1.54,13.39,1939760,1870592472.0,0.0,0.72
2012-05-08,873.73,873.73,873.73,873.73,-0.75,-6.64,1413627,1395436538.0,0.0,0.52
2012-05-09,852.3,852.3,852.3,852.3,-2.45,-21.43,1144675,1034177759.0,0.0,0.42
2012-05-10,848.65,848.65,848.65,848.65,-0.43,-3.65,852763,809657725.0,0.0,0.31
2012-05-11,838.62,838.62,838.62,838.62,-1.18,-10.03,743792,788934453.0,0.0,0.27
2012-05-14,836.36,836.36,836.36,836.36,-0.27,-2.26,876518,808442323.0,0.0,0.32
2012-05-15,833.58,833.58,833.58,833.58,-0.33,-2.78,832562,739536350.0,0.0,0.31
2012-05-16,819.37,819.37,819.37,819.37,-1.7,-14.21,750370,715220680.0,0.0,0.28
2012-05-17,836.72,836.72,836.72,836.72,2.12,17.35,882198,820024953.0,0.0,0.33
2012-05-18,824.19,824.19,824.19,824.19,-1.5,-12.53,532945,523683371.0,0.0,0.2
2012-05-21,825.79,825.79,825.79,825.79,0.19,1.6,589653,536578321.0,0.0,0.22
2012-05-22,836.06,836.06,836.06,836.06,1.24,10.27,695232,621748621.0,0.0,0.26
2012-05-23,835.37,835.37,835.37,835.37,-0.08,-0.69,878820,784718702.0,0.0,0.32
2012-05-24,827.17,827.17,827.17,827.17,-0.98,-8.2,819702,701502153.0,0.0,0.3
2012-05-25,811.6,811.6,811.6,811.6,-1.88,-15.57,834946,751576550.0,0.0,0.31
2012-05-28,842.32,842.32,842.32,842.32,3.79,30.72,1501856,1349147025.0,0.0,0.55
2012-05-29,859.43,859.43,859.43,859.43,2.03,17.11,2276931,1974814506.0,0.0,0.84
2012-05-30,857.14,857.14,857.14,857.14,-0.27,-2.29,1330270,1268974476.0,0.0,0.49
2012-05-31,854.49,854.49,854.49,854.49,-0.31,-2.65,964366,916843836.0,0.0,0.36
2012-06-01,854.97,854.97,854.97,854.97,0.06,0.48,829754,807901125.0,0.0,0.31
2012-06-04,830.09,830.09,830.09,830.09,-2.91,-24.88,1028085,956895158.0,0.0,0.38
2012-06-05,826.37,826.37,826.37,826.37,-0.45,-3.72,605049,575561166.0,0.0,0.22
2012-06-06,821.96,821.96,821.96,821.96,-0.53,-4.41,458221,409779609.0,0.0,0.17
2012-06-07,816.36,816.36,816.36,816.36,-0.68,-5.6,621114,558605615.0,0.0,0.23
2012-06-08,813.21,813.21,813.21,813.21,-0.39,-3.15,568609,496024428.0,0.0,0.21
2012-06-11,828.95,828.95,828.95,828.95,1.94,15.74,629088,640507883.0,0.0,0.23
2012-06-12,818.62,818.62,818.62,818.62,-1.25,-10.33,449128,415190116.0,0.0,0.17
2012-06-13,831.23,831.23,831.23,831.23,1.54,12.61,670227,603245573.0,0.0,0.25
2012-06-14,840.03,840.03,840.03,840.03,1.06,8.8,1550894,1252250325.0,0.0,0.57
2012-06-15,839.84,839.84,839.84,839.84,-0.02,-0.19,867955,701152322.0,0.0,0.32
2012-06-18,837.77,837.77,837.77,837.77,-0.25,-2.07,603352,465106804.0,0.0,0.22
2012-06-19,825.12,825.12,825.12,825.12,-1.51,-12.65,683622,670049445.0,0.0,0.25
2012-06-20,819.54,819.54,819.54,819.54,-0.68,-5.58,751093,604104803.0,0.0,0.28
2012-06-21,810.13,810.13,810.13,810.13,-1.15,-9.41,579449,464117724.0,0.0,0.21
2012-06-25,790.8,790.8,790.8,790.8,-2.39,-19.33,559550,441193938.0,0.0,0.21
2012-06-26,792.56,792.56,792.56,792.56,0.22,1.76,533935,414856623.0,0.0,0.2
2012-06-27,786.26,786.26,786.26,786.26,-0.79,-6.3,386780,273169433.0,0.0,0.14
2012-06-28,763.94,763.94,763.94,763.94,-2.84,-22.32,655684,517929170.0,0.0,0.24
2012-06-29,769.63,769.63,769.63,769.63,0.74,5.69,753623,616634317.0,0.0,0.28
2012-07-02,750.94,750.94,750.94,750.94,-2.43,-18.69,1220533,1002496133.0,0.0,0.45
2012-07-03,759.74,759.74,759.74,759.74,1.17,8.8,1260311,938892511.0,0.0,0.46
2012-07-04,753.66,753.66,753.66,753.66,-0.8,-6.08,1400106,1013966684.0,0.0,0.52
2012-07-05,747.63,747.63,747.63,747.63,-0.8,-6.03,718437,524258945.0,0.0,0.27
2012-07-06,757.36,757.36,757.36,757.36,1.3,9.73,946432,734157496.0,0.0,0.35
2012-07-09,740.69,740.69,740.69,740.69,-2.2,-16.67,937901,742331893.0,0.0,0.35
2012-07-10,738.11,738.11,738.11,738.11,-0.35,-2.58,928091,697867324.0,0.0,0.34
2012-07-11,742.83,742.83,742.83,742.83,0.64,4.72,810374,611632078.0,0.0,0.3
2012-07-12,747.49,747.49,747.49,747.49,0.63,4.66,1251236,944829059.0,0.0,0.46
2012-07-13,736.52,736.52,736.52,736.52,-1.47,-10.97,803447,596150305.0,0.0,0.3
2012-07-16,706.47,706.47,706.47,706.47,-4.08,-30.05,859266,628747887.0,0.0,0.32
2012-07-17,712.96,712.96,712.96,712.96,0.92,6.49,520639,352807372.0,0.0,0.19
2012-07-18,722.6,722.6,722.6,722.6,1.35,9.64,804991,523101371.0,0.0,0.3
2012-07-19,730.73,730.73,730.73,730.73,1.13,8.13,1106015,748337483.0,0.0,0.41
2012-07-20,725.1,725.1,725.1,725.1,-0.77,-5.63,530482,376611353.0,0.0,0.2
2012-07-23,714.54,714.54,714.54,714.54,-1.46,-10.56,648067,467163145.0,0.0,0.24
2012-07-24,721.62,721.62,721.62,721.62,0.99,7.08,959197,650050090.0,0.0,0.35
2012-07-25,711.93,711.93,711.93,711.93,-1.34,-9.69,873238,636062070.0,0.0,0.32
2012-07-26,703.16,703.16,703.16,703.16,-1.23,-8.77,489708,384331920.0,0.0,0.18
2012-07-27,703.5,703.5,703.5,703.5,0.05,0.34,857360,591117536.0,0.0,0.32
2012-07-30,692.2,692.2,692.2,692.2,-1.61,-11.3,701131,507134296.0,0.0,0.26
2012-07-31,683.71,683.71,683.71,683.71,-1.23,-8.49,577255,437942801.0,0.0,0.21
2012-08-01,695.89,695.89,695.89,695.89,1.78,12.18,933014,692076453.0,0.0,0.34
2012-08-02,686.08,686.08,686.08,686.08,-1.41,-9.81,308935,271741648.0,0.0,0.11
2012-08-03,690.43,690.43,690.43,690.43,0.63,4.35,419553,333954443.0,0.0,0.15
2012-08-06,702.51,702.51,702.51,702.51,1.75,12.08,509546,373022430.0,0.0,0.19
2012-08-07,705.81,705.81,705.81,705.81,0.47,3.3,437354,323911264.0,0.0,0.16
2012-08-08,699.91,699.91,699.91,699.91,-0.84,-5.9,346682,262547278.0,0.0,0.13
2012-08-09,707.36,707.36,707.36,707.36,1.06,7.45,1090207,718538165.0,0.0,0.4
2012-08-10,704.75,704.75,704.75,704.75,-0.37,-2.61,828861,590448910.0,0.0,0.31
2012-08-13,688.44,688.44,688.44,688.44,-2.31,-16.31,661771,470023982.0,0.0,0.24
2012-08-14,694.72,694.72,694.72,694.72,0.91,6.28,906286,621452409.0,0.0,0.33
2012-08-15,685.91,685.91,685.91,685.91,-1.27,-8.81,908299,631482589.0,0.0,0.34
2012-08-16,682.09,682.09,682.09,682.09,-0.56,-3.82,486437,323173554.0,0.0,0.18
2012-08-17,681.43,681.43,681.43,681.43,-0.1,-0.66,361075,258246347.0,0.0,0.13
2012-08-20,673.45,673.45,673.45,673.45,-1.17,-7.98,414662,291126477.0,0.0,0.15
2012-08-21,678.43,678.43,678.43,678.43,0.74,4.98,577868,433848231.0,0.0,0.21
2012-08-22,668.97,668.97,668.97,668.97,-1.39,-9.46,644704,468847875.0,0.0,0.24
2012-08-23,671.41,671.41,671.41,671.41,0.36,2.44,443111,328621594.0,0.0,0.16
2012-08-24,658.71,658.71,658.71,658.71,-1.89,-12.7,488132,305876911.0,0.0,0.18
2012-08-27,642.06,642.06,642.06,642.06,-2.53,-16.65,538435,339543361.0,0.0,0.2
2012-08-28,645.48,645.48,645.48,645.48,0.53,3.42,524931,362694398.0,0.0,0.19
2012-08-29,639.63,639.63,639.63,639.63,-0.91,-5.85,425114,276038354.0,0.0,0.16
2012-08-30,634.29,634.29,634.29,634.29,-0.83,-5.34,465817,304158573.0,0.0,0.17
2012-08-31,637.78,637.78,637.78,637.78,0.55,3.49,623094,408295764.0,0.0,0.23
2012-09-03,641.53,641.53,641.53,641.53,0.59,3.75,609660,459108831.0,0.0,0.22
2012-09-04,632.61,632.61,632.61,632.61,-1.39,-8.92,523610,409421572.0,0.0,0.19
2012-09-05,629.02,629.02,629.02,629.02,-0.57,-3.59,548946,474660399.0,0.0,0.2
2012-09-06,636.49,636.49,636.49,636.49,1.19,7.47,443293,310765797.0,0.0,0.16
2012-09-07,665.7,665.7,665.7,665.7,4.59,29.21,1600418,1143664154.0,0.0,0.59
2012-09-10,672.17,672.17,672.17,672.17,0.97,6.47,1136740,790179042.0,0.0,0.42
2012-09-11,675.42,675.42,675.42,675.42,0.48,3.25,1104450,722726961.0,0.0,0.41
2012-09-12,674.85,674.85,674.85,674.85,-0.08,-0.57,857104,568721864.0,0.0,0.32
2012-09-13,662.48,662.48,662.48,662.48,-1.83,-12.37,631565,417675971.0,0.0,0.23
2012-09-14,673.0,673.0,673.0,673.0,1.59,10.52,1162176,733987069.0,0.0,0.43
2012-09-17,654.11,654.11,654.11,654.11,-2.81,-18.89,844324,536696936.0,0.0,0.31
2012-09-18,648.04,648.04,648.04,648.04,-0.93,-6.07,564946,371088019.0,0.0,0.21
2012-09-19,651.18,651.18,651.18,651.18,0.48,3.14,531709,339944248.0,0.0,0.2
2012-09-20,633.7,633.7,633.7,633.7,-2.68,-17.48,798384,523087578.0,0.0,0.29
2012-09-21,631.05,631.05,631.05,631.05,-0.42,-2.65,549864,323394347.0,0.0,0.2
2012-09-24,634.24,634.24,634.24,634.24,0.51,3.19,513439,310686794.0,0.0,0.19
2012-09-25,630.2,630.2,630.2,630.2,-0.64,-4.04,464316,296472000.0,0.0,0.17
2012-09-26,615.81,615.81,615.81,615.81,-2.28,-14.39,411412,274018186.0,0.0,0.15
2012-09-27,634.0,634.0,634.0,634.0,2.95,18.19,782709,518582652.0,0.0,0.29
2012-09-28,646.06,646.06,646.06,646.06,1.9,12.06,1134978,887614235.0,0.0,0.42
2012-10-08,641.92,641.92,641.92,641.92,-0.64,-4.14,783687,491107113.0,0.0,0.29
2012-10-09,655.78,655.78,655.78,655.78,2.16,13.86,992932,704244192.0,0.0,0.37
2012-10-10,678.88,678.88,678.88,678.88,3.52,23.1,1658407,1123761414.0,0.0,0.61
2012-10-11,663.49,663.49,663.49,663.49,-2.27,-15.39,1059335,733426034.0,0.0,0.39
2012-10-12,660.47,660.47,660.47,660.47,-0.46,-3.02,744438,487693418.0,0.0,0.27
2012-10-15,655.09,655.09,655.09,655.09,-0.81,-5.38,480608,307002545.0,0.0,0.18
2012-10-16,654.4,654.4,654.4,654.4,-0.11,-0.69,549264,352182353.0,0.0,0.2
2012-10-17,654.06,654.06,654.06,654.06,-0.05,-0.34,554254,369799801.0,0.0,0.2
2012-10-18,666.02,666.02,666.02,666.02,1.83,11.96,940151,621632295.0,0.0,0.35
2012-10-19,667.65,667.65,667.65,667.65,0.24,1.63,856635,585587092.0,0.0,0.32
2012-10-22,670.96,670.96,670.96,670.96,0.5,3.31,559287,378761817.0,0.0,0.21
2012-10-23,674.77,674.77,674.77,674.77,0.57,3.81,1292394,786191449.0,0.0,0.48
2012-10-24,686.83,686.83,686.83,686.83,1.79,12.06,1336874,759574731.0,0.0,0.49
2012-10-25,671.15,671.15,671.15,671.15,-2.28,-15.68,1630653,874686897.0,0.0,0.6
2012-10-26,651.6,651.6,651.6,651.6,-2.91,-19.55,1002229,576239462.0,0.0,0.37
2012-10-29,653.84,653.84,653.84,653.84,0.34,2.24,743755,416379549.0,0.0,0.27
2012-10-30,656.04,656.04,656.04,656.04,0.34,2.2,948826,559629048.0,0.0,0.35
2012-10-31,652.56,652.56,652.56,652.56,-0.53,-3.48,913242,521551659.0,0.0,0.34
2012-11-01,665.37,665.37,665.37,665.37,1.96,12.81,772612,495167945.0,0.0,0.28
2012-11-02,669.74,669.74,669.74,669.74,0.66,4.37,917123,535337139.0,0.0,0.34
2012-11-05,663.82,663.82,663.82,663.82,-0.88,-5.92,709966,439881120.0,0.0,0.26
2012-11-06,662.66,662.66,662.66,662.66,-0.17,-1.16,671524,398596421.0,0.0,0.25
2012-11-07,669.36,669.36,669.36,669.36,1.01,6.7,834143,515754143.0,0.0,0.31
2012-11-08,660.05,660.05,660.05,660.05,-1.39,-9.31,1005466,587198025.0,0.0,0.37
2012-11-09,652.68,652.68,652.68,652.68,-1.12,-7.37,608367,379442718.0,0.0,0.22
2012-11-12,655.7,655.7,655.7,655.7,0.46,3.02,471420,300799676.0,0.0,0.17
2012-11-13,639.09,639.09,639.09,639.09,-2.53,-16.61,529445,334581267.0,0.0,0.2
2012-11-14,639.57,639.57,639.57,639.57,0.08,0.48,395856,246827368.0,0.0,0.15
2012-11-15,629.86,629.86,629.86,629.86,-1.52,-9.71,443061,268854188.0,0.0,0.16
2012-11-16,622.43,622.43,622.43,622.43,-1.18,-7.43,406510,271517702.0,0.0,0.15
2012-11-19,622.81,622.81,622.81,622.81,0.06,0.38,327925,209343001.0,0.0,0.12
2012-11-20,624.63,624.63,624.63,624.63,0.29,1.82,344336,222654201.0,0.0,0.13
2012-11-21,634.16,634.16,634.16,634.16,1.53,9.53,433167,266975792.0,0.0,0.16
2012-11-22,628.94,628.94,628.94,628.94,-0.82,-5.22,472829,302090713.0,0.0,0.17
2012-11-23,633.59,633.59,633.59,633.59,0.74,4.65,356533,240138681.0,0.0,0.13
2012-11-26,629.76,629.76,629.76,629.76,-0.6,-3.83,407255,252661449.0,0.0,0.15
2012-11-27,612.58,612.58,612.58,612.58,-2.73,-17.18,461424,258122104.0,0.0,0.17
2012-11-28,600.12,600.12,600.12,600.12,-2.03,-12.46,414944,225445075.0,0.0,0.15
2012-11-29,598.79,598.79,598.79,598.79,-0.22,-1.33,346550,192830129.0,0.0,0.13
2012-11-30,612.9,612.9,612.9,612.9,2.36,14.11,427386,264449941.0,0.0,0.16
2012-12-03,607.42,607.42,607.42,607.42,-0.89,-5.48,651332,399379575.0,0.0,0.24
2012-12-04,622.7,622.7,622.7,622.7,2.52,15.28,902348,526256478.0,0.0,0.33
2012-12-05,646.71,646.71,646.71,646.71,3.86,24.01,1332663,869020905.0,0.0,0.49
2012-12-06,643.59,643.59,643.59,643.59,-0.48,-3.12,650324,451586848.0,0.0,0.24
2012-12-07,658.84,658.84,658.84,658.84,2.37,15.25,1166854,796716708.0,0.0,0.43
2012-12-10,665.72,665.72,665.72,665.72,1.04,6.88,1148498,763719776.0,0.0,0.42
2012-12-11,659.26,659.26,659.26,659.26,-0.97,-6.46,757433,510496484.0,0.0,0.28
2012-12-12,660.37,660.37,660.37,660.37,0.17,1.11,598221,402668301.0,0.0,0.22
2012-12-13,652.76,652.76,652.76,652.76,-1.15,-7.61,635534,398984481.0,0.0,0.23
2012-12-14,681.44,681.44,681.44,681.44,4.39,28.68,1492381,1029660095.0,0.0,0.55
2012-12-17,694.21,694.21,694.21,694.21,1.87,12.77,1384224,1006189960.0,0.0,0.51
2012-12-18,687.89,687.89,687.89,687.89,-0.91,-6.32,932464,675784293.0,0.0,0.34
2012-12-19,706.33,706.33,706.33,706.33,2.68,18.44,1493836,1000588171.0,0.0,0.55
2012-12-20,701.74,701.74,701.74,701.74,-0.65,-4.59,1000633,728012565.0,0.0,0.37
2012-12-21,702.12,702.12,702.12,702.12,0.05,0.38,1097819,856636569.0,0.0,0.4
2012-12-24,717.38,717.38,717.38,717.38,2.17,15.26,1447234,1136797122.0,0.0,0.53
2012-12-25,734.94,734.94,734.94,734.94,2.45,17.56,1595830,1268269633.0,0.0,0.59
2012-12-26,740.64,740.64,740.64,740.64,0.78,5.7,1271989,925690881.0,0.0,0.47
2012-12-27,731.99,731.99,731.99,731.99,-1.17,-8.65,1021145,788658353.0,0.0,0.38
2012-12-28,738.13,738.13,738.13,738.13,0.84,6.14,1002592,787260173.0,0.0,0.37
2012-12-31,742.99,742.99,742.99,742.99,0.66,4.86,1046222,845277696.0,0.0,0.39
2013-01-04,732.58,732.58,732.58,732.58,-1.4,-10.41,1152011,944522156.0,0.0,0.42
2013-01-07,740.52,740.52,740.52,740.52,1.08,7.94,822319,632179992.0,0.0,0.3
2013-01-08,746.19,746.19,746.19,746.19,0.77,5.67,1225067,913464560.0,0.0,0.45
2013-01-09,756.54,756.54,756.54,756.54,1.39,10.35,1940492,1260401902.0,0.0,0.72
2013-01-10,749.78,749.78,749.78,749.78,-0.89,-6.76,1265014,817831983.0,0.0,0.47
2013-01-11,729.79,729.79,729.79,729.79,-2.67,-19.99,1097703,827722248.0,0.0,0.4
2013-01-14,750.43,750.43,750.43,750.43,2.83,20.64,1526593,1180736467.0,0.0,0.56
2013-01-15,759.52,759.52,759.52,759.52,1.21,9.09,1684748,1148781947.0,0.0,0.62
2013-01-16,752.28,752.28,752.28,752.28,-0.95,-7.24,1277132,894191349.0,0.0,0.47
2013-01-17,741.26,741.26,741.26,741.26,-1.46,-11.02,875721,674526254.0,0.0,0.32
2013-01-18,759.32,759.32,759.32,759.32,2.44,18.06,1191861,925001147.0,0.0,0.44
2013-01-21,774.02,774.02,774.02,774.02,1.94,14.7,1579740,1203839897.0,0.0,0.58
2013-01-22,764.93,764.93,764.93,764.93,-1.17,-9.09,1240804,953624251.0,0.0,0.46
2013-01-23,764.48,764.48,764.48,764.48,-0.06,-0.45,1156012,858358172.0,0.0,0.43
2013-01-24,748.39,748.39,748.39,748.39,-2.1,-16.09,1455862,1119562953.0,0.0,0.54
2013-01-25,763.57,763.57,763.57,763.57,2.03,15.18,1857516,1262686265.0,0.0,0.69
2013-01-28,792.58,792.58,792.58,792.58,3.8,29.01,2212191,1483805073.0,0.0,0.82
2013-01-29,796.41,796.41,796.41,796.41,0.48,3.83,2084944,1362757436.0,0.0,0.77
2013-01-30,792.57,792.57,792.57,792.57,-0.48,-3.84,1510942,1077103332.0,0.0,0.56
2013-01-31,797.16,797.16,797.16,797.16,0.58,4.59,1544605,1070785788.0,0.0,0.57
2013-02-01,803.89,803.89,803.89,803.89,0.84,6.73,1536485,1099100095.0,0.0,0.57
2013-02-04,819.86,819.86,819.86,819.86,1.99,15.97,1992634,1526334741.0,0.0,0.74
2013-02-05,824.12,824.12,824.12,824.12,0.52,4.26,1561217,1340632524.0,0.0,0.58
2013-02-06,826.11,826.11,826.11,826.11,0.24,1.99,976224,816958872.0,0.0,0.36
2013-02-07,826.43,826.43,826.43,826.43,0.04,0.32,883766,737891516.0,0.0,0.33
2013-02-08,850.96,850.96,850.96,850.96,2.97,24.53,1566092,1403618448.0,0.0,0.58
2013-02-18,855.54,855.54,855.54,855.54,0.54,4.58,1410197,1174611256.0,0.0,0.52
2013-02-19,823.53,823.53,823.53,823.53,-3.74,-32.01,1245582,1077406649.0,0.0,0.46
2013-02-20,833.86,833.86,833.86,833.86,1.25,10.33,834929,711199438.0,0.0,0.31
2013-02-21,799.57,799.57,799.57,799.57,-4.11,-34.29,1487887,1468155864.0,0.0,0.55
2013-02-22,787.38,787.38,787.38,787.38,-1.52,-12.19,1156805,950747373.0,0.0,0.43
2013-02-25,790.82,790.82,790.82,790.82,0.44,3.44,657026,548807163.0,0.0,0.24
2013-02-26,780.39,780.39,780.39,780.39,-1.32,-10.43,883332,761849306.0,0.0,0.33
2013-02-27,781.56,781.56,781.56,781.56,0.15,1.17,581674,483590788.0,0.0,0.21
2013-02-28,802.81,802.81,802.81,802.81,2.72,21.25,851102,719058676.0,0.0,0.31
2013-03-01,806.27,806.27,806.27,806.27,0.43,3.46,884313,716241302.0,0.0,0.33
2013-03-04,767.64,767.64,767.64,767.64,-4.79,-38.63,1150826,943723930.0,0.0,0.42
2013-03-05,778.75,778.75,778.75,778.75,1.45,11.11,889048,691442174.0,0.0,0.33
2013-03-06,792.61,792.61,792.61,792.61,1.78,13.86,1318885,1019507361.0,0.0,0.49
2013-03-07,780.96,780.96,780.96,780.96,-1.47,-11.65,1185893,928949625.0,0.0,0.44
2013-03-08,777.36,777.36,777.36,777.36,-0.46,-3.6,773025,602189629.0,0.0,0.29
2013-03-11,769.5,769.5,769.5,769.5,-1.01,-7.86,669858,518662323.0,0.0,0.25
2013-03-12,753.36,753.36,753.36,753.36,-2.1,-16.14,924574,676099755.0,0.0,0.34
2013-03-13,737.38,737.38,737.38,737.38,-2.12,-15.98,890017,661919978.0,0.0,0.33
2013-03-14,752.06,752.06,752.06,752.06,1.99,14.68,989228,669987935.0,0.0,0.36
2013-03-15,749.06,749.06,749.06,749.06,-0.4,-3.0,1612779,1131802044.0,0.0,0.59
2013-03-18,734.32,734.32,734.32,734.32,-1.97,-14.74,887968,602151404.0,0.0,0.33
2013-03-19,731.44,731.44,731.44,731.44,-0.39,-2.88,688660,460042387.0,0.0,0.25
2013-03-20,758.53,758.53,758.53,758.53,3.7,27.09,2996782,1998978392.0,0.0,1.11
2013-03-21,760.73,760.73,760.73,760.73,0.29,2.2,2158152,1567527749.0,0.0,0.8
2013-03-22,758.71,758.71,758.71,758.71,-0.27,-2.02,1123558,805140571.0,0.0,0.41
2013-03-25,754.35,754.35,754.35,754.35,-0.57,-4.36,1084077,828672931.0,0.0,0.4
2013-03-26,750.35,750.35,750.35,750.35,-0.53,-4.0,1255298,1048886362.0,0.0,0.46
2013-03-27,754.25,754.25,754.25,754.25,0.52,3.9,1254560,973561675.0,0.0,0.46
2013-03-28,728.14,728.14,728.14,728.14,-3.46,-26.11,1225335,918967504.0,0.0,0.45
2013-03-29,727.49,727.49,727.49,727.49,-0.09,-0.65,724256,512269052.0,0.0,0.27
2013-04-01,732.31,732.31,732.31,732.31,0.66,4.82,1290620,863219598.0,0.0,0.48
2013-04-02,727.5,727.5,727.5,727.5,-0.66,-4.81,1127429,778104162.0,0.0,0.42
2013-04-03,715.65,715.65,715.65,715.65,-1.63,-11.85,801142,624362836.0,0.0,0.3
2013-04-08,715.33,715.33,715.33,715.33,-0.04,-0.32,949986,913647930.0,0.0,0.35
2013-04-09,731.91,731.91,731.91,731.91,2.32,16.58,1588752,1165107741.0,0.0,0.59
2013-04-10,733.42,733.42,733.42,733.42,0.21,1.51,1414115,1052688908.0,0.0,0.52
2013-04-11,760.19,760.19,760.19,760.19,3.65,26.77,2127448,1498688963.0,0.0,0.78
2013-04-12,754.84,754.84,754.84,754.84,-0.7,-5.35,1850566,1420587436.0,0.0,0.68
2013-04-15,757.58,757.58,757.58,757.58,0.36,2.74,1837085,1444003926.0,0.0,0.68
2013-04-16,770.28,770.28,770.28,770.28,1.68,12.7,908920,680588229.0,0.0,0.34
2013-04-17,772.78,772.78,772.78,772.78,0.32,2.5,677625,579490897.0,0.0,0.25
2013-04-18,772.96,772.96,772.96,772.96,0.02,0.18,699096,543590488.0,0.0,0.26
2013-04-19,782.23,782.23,782.23,782.23,1.2,9.27,1044039,837552245.0,0.0,0.39
2013-04-22,795.76,795.76,795.76,795.76,1.73,13.53,1665913,1399600357.0,0.0,0.61
2013-04-23,778.24,778.24,778.24,778.24,-2.2,-17.52,1795741,1542993487.0,0.0,0.66
2013-04-24,793.84,793.84,793.84,793.84,2.0,15.6,1631890,1465035727.0,0.0,0.6
2013-04-25,783.75,783.75,783.75,783.75,-1.27,-10.09,1625177,1412669531.0,0.0,0.6
2013-04-26,767.33,767.33,767.33,767.33,-2.1,-16.42,1665501,1469980185.0,0.0,0.61
2013-05-02,768.98,768.98,768.98,768.98,0.22,1.65,990790,955327408.0,0.0,0.37
2013-05-03,791.96,791.96,791.96,791.96,2.99,22.98,1493351,1456233378.0,0.0,0.55
2013-05-06,811.89,811.89,811.89,811.89,2.52,19.93,1640596,1448596293.0,0.0,0.61
2013-05-07,826.85,826.85,826.85,826.85,1.84,14.96,1792218,1701466618.0,0.0,0.66
2013-05-08,827.48,827.48,827.48,827.48,0.08,0.63,2175842,2218212638.0,0.0,0.8
2013-05-09,845.94,845.94,845.94,845.94,2.23,18.46,3108141,2935204326.0,0.0,1.15
2013-05-10,873.26,873.26,873.26,873.26,3.23,27.32,3307364,2608643694.0,0.0,1.22
2013-05-13,880.64,880.64,880.64,880.64,0.85,7.38,3602804,2545568052.0,0.0,1.33
2013-05-14,876.03,876.03,876.03,876.03,-0.52,-4.61,2720632,2393596405.0,0.0,1.0
2013-05-15,875.73,875.73,875.73,875.73,-0.03,-0.3,3073644,2172687549.0,0.0,1.13
2013-05-16,886.07,886.07,886.07,886.07,1.18,10.34,2599632,2290604754.0,0.0,0.96
2013-05-17,891.9,891.9,891.9,891.9,0.66,5.83,2281659,1880228772.0,0.0,0.84
2013-05-20,898.03,898.03,898.03,898.03,0.69,6.13,2449906,2142519724.0,0.0,0.9
2013-05-21,903.84,903.84,903.84,903.84,0.65,5.81,2345853,2007221138.0,0.0,0.87
2013-05-22,914.76,914.76,914.76,914.76,1.21,10.92,3000503,2481121596.0,0.0,1.11
2013-05-23,891.76,891.76,891.76,891.76,-2.51,-23.0,1874589,1640609556.0,0.0,0.69
2013-05-24,897.38,897.38,897.38,897.38,0.63,5.62,1468783,1256754732.0,0.0,0.54
2013-05-27,911.4,911.4,911.4,911.4,1.56,14.02,2192569,1981143994.0,0.0,0.81
2013-05-28,912.84,912.84,912.84,912.84,0.16,1.44,1702562,1531172306.0,0.0,0.63
2013-05-29,939.42,939.42,939.42,939.42,2.91,26.58,3540651,3135873789.0,0.0,1.31
2013-05-30,932.32,932.32,932.32,932.32,-0.76,-7.1,1985245,1814496988.0,0.0,0.73
2013-05-31,910.71,910.71,910.71,910.71,-2.32,-21.61,1733247,1639578770.0,0.0,0.64
2013-06-03,904.8,904.8,904.8,904.8,-0.65,-5.91,1308960,1283804985.0,0.0,0.48
2013-06-04,890.42,890.42,890.42,890.42,-1.59,-14.38,1542515,1436947043.0,0.0,0.57
2013-06-05,900.03,900.03,900.03,900.03,1.08,9.61,1250377,1298529981.0,0.0,0.46
2013-06-06,910.85,910.85,910.85,910.85,1.2,10.82,1632255,1837847786.0,0.0,0.6
2013-06-07,891.94,891.94,891.94,891.94,-2.08,-18.91,1536741,1585832895.0,0.0,0.57
2013-06-13,844.81,844.81,844.81,844.81,-5.28,-47.13,1481171,1516454129.0,0.0,0.55
2013-06-14,851.63,851.63,851.63,851.63,0.81,6.82,1353978,1357964100.0,0.0,0.5
2013-06-17,849.32,849.32,849.32,849.32,-0.27,-2.31,1195136,1301521977.0,0.0,0.44
2013-06-18,859.57,859.57,859.57,859.57,1.21,10.25,1489120,1339818010.0,0.0,0.55
2013-06-19,851.29,851.29,851.29,851.29,-0.96,-8.28,1249072,1201908125.0,0.0,0.46
2013-06-20,826.84,826.84,826.84,826.84,-2.87,-24.45,1243783,1237253143.0,0.0,0.46
2013-06-21,824.67,824.67,824.67,824.67,-0.26,-2.17,1033714,982475945.0,0.0,0.38
2013-06-24,771.95,771.95,771.95,771.95,-6.39,-52.72,1297688,1144739313.0,0.0,0.48
2013-06-25,768.38,768.38,768.38,768.38,-0.46,-3.57,1819567,1493789918.0,0.0,0.67
2013-06-26,780.78,780.78,780.78,780.78,1.61,12.4,1473767,1269095405.0,0.0,0.54
2013-06-27,762.12,762.12,762.12,762.12,-2.39,-18.66,1381665,1156533810.0,0.0,0.51
2013-06-28,762.61,762.61,762.61,762.61,0.06,0.49,1310832,1037843134.0,0.0,0.48
2013-07-01,772.11,772.11,772.11,772.11,1.25,9.5,1173850,1087603508.0,0.0,0.43
2013-07-02,784.92,784.92,784.92,784.92,1.66,12.81,1211448,1149458118.0,0.0,0.45
2013-07-03,771.26,771.26,771.26,771.26,-1.74,-13.66,1299984,1152167874.0,0.0,0.48
2013-07-04,784.79,784.79,784.79,784.79,1.75,13.53,1735423,1541396235.0,0.0,0.64
2013-07-05,791.52,791.52,791.52,791.52,0.86,6.73,1586858,1354207659.0,0.0,0.59
2013-07-08,760.44,760.44,760.44,760.44,-3.93,-31.08,1154095,946780888.0,0.0,0.43
2013-07-09,755.01,755.01,755.01,755.01,-0.71,-5.43,787063,686993654.0,0.0,0.29
2013-07-10,775.18,775.18,775.18,775.18,2.67,20.17,1193544,1067889446.0,0.0,0.44
2013-07-11,800.62,800.62,800.62,800.62,3.28,25.44,1850507,1618688315.0,0.0,0.68
2013-07-12,787.88,787.88,787.88,787.88,-1.59,-12.74,1442673,1209462801.0,0.0,0.53
2013-07-15,817.8,817.8,817.8,817.8,3.8,29.92,1703138,1551527024.0,0.0,0.63
2013-07-16,834.54,834.54,834.54,834.54,2.05,16.74,1666770,1314239210.0,0.0,0.61
2013-07-17,812.35,812.35,812.35,812.35,-2.66,-22.19,1212767,985154196.0,0.0,0.45
2013-07-18,812.84,812.84,812.84,812.84,0.06,0.49,975447,775897539.0,0.0,0.36
2013-07-19,786.37,786.37,786.37,786.37,-3.26,-26.47,1078766,896329216.0,0.0,0.4
2013-07-22,796.61,796.61,796.61,796.61,1.3,10.24,778161,628857733.0,0.0,0.29
2013-07-23,815.38,815.38,815.38,815.38,2.36,18.77,1098262,956007932.0,0.0,0.41
2013-07-24,815.19,815.19,815.19,815.19,-0.02,-0.19,1039397,905153130.0,0.0,0.38
2013-07-25,805.19,805.19,805.19,805.19,-1.23,-10.0,878041,734812456.0,0.0,0.32
2013-07-26,797.07,797.07,797.07,797.07,-1.01,-8.12,884874,887136074.0,0.0,0.33
2013-07-29,769.62,769.62,769.62,769.62,-3.44,-27.45,906832,804565277.0,0.0,0.33
2013-07-30,771.0,771.0,771.0,771.0,0.18,1.38,855594,747573701.0,0.0,0.32
2013-07-31,774.77,774.77,774.77,774.77,0.49,3.77,666164,605429663.0,0.0,0.25
2013-08-01,793.09,793.09,793.09,793.09,2.36,18.32,837299,719269542.0,0.0,0.31
2013-08-02,787.82,787.82,787.82,787.82,-0.66,-5.27,793110,688245224.0,0.0,0.29
2013-08-05,808.59,808.59,808.59,808.59,2.64,20.77,1508907,1385096510.0,0.0,0.56
2013-08-06,838.02,838.02,838.02,838.02,3.64,29.43,2647150,2540515706.0,0.0,0.98
2013-08-07,821.17,821.17,821.17,821.17,-2.01,-16.85,1719338,1743332196.0,0.0,0.63
2013-08-08,819.38,819.38,819.38,819.38,-0.22,-1.79,1180954,1204825741.0,0.0,0.44
2013-08-09,822.27,822.27,822.27,822.27,0.35,2.89,1338552,1264145309.0,0.0,0.49
2013-08-12,840.79,840.79,840.79,840.79,2.25,18.52,1639846,1574591490.0,0.0,0.6
2013-08-13,840.4,840.4,840.4,840.4,-0.05,-0.39,1177100,1034363432.0,0.0,0.43
2013-08-14,845.92,845.92,845.92,845.92,0.66,5.52,2105539,2141550353.0,0.0,0.78
2013-08-15,832.02,832.02,832.02,832.02,-1.64,-13.9,1298982,1289776776.0,0.0,0.48
2013-08-16,817.58,817.58,817.58,817.58,-1.74,-14.44,1333956,1160867812.0,0.0,0.49
2013-08-19,828.45,828.45,828.45,828.45,1.33,10.87,767943,683114574.0,0.0,0.28
2013-08-20,828.07,828.07,828.07,828.07,-0.05,-0.38,1274549,1323969109.0,0.0,0.47
2013-08-21,826.2,826.2,826.2,826.2,-0.23,-1.87,673734,641926669.0,0.0,0.25
2013-08-22,824.84,824.84,824.84,824.84,-0.16,-1.36,708619,673516265.0,0.0,0.26
2013-08-23,816.04,816.04,816.04,816.04,-1.07,-8.8,982434,884915921.0,0.0,0.36
2013-08-26,832.22,832.22,832.22,832.22,1.98,16.18,939066,792718099.0,0.0,0.35
2013-08-27,835.83,835.83,835.83,835.83,0.43,3.61,919918,748162022.0,0.0,0.34
2013-08-28,827.28,827.28,827.28,827.28,-1.02,-8.55,1127675,1049531522.0,0.0,0.42
2013-08-29,823.42,823.42,823.42,823.42,-0.47,-3.86,801921,712157549.0,0.0,0.3
2013-08-30,820.04,820.04,820.04,820.04,-0.41,-3.38,1000247,871517951.0,0.0,0.37
2013-09-02,846.22,846.22,846.22,846.22,3.19,26.18,1483053,1276898762.0,0.0,0.55
2013-09-03,860.6,860.6,860.6,860.6,1.7,14.38,1736119,1628770676.0,0.0,0.64
2013-09-04,855.28,855.28,855.28,855.28,-0.62,-5.32,1101405,921689730.0,0.0,0.41
2013-09-05,851.34,851.34,851.34,851.34,-0.46,-3.94,1067039,849782732.0,0.0,0.39
2013-09-06,873.63,873.63,873.63,873.63,2.62,22.29,1841030,1475160513.0,0.0,0.68
2013-09-09,883.75,883.75,883.75,883.75,1.16,10.12,2072859,1708185016.0,0.0,0.76
2013-09-10,886.43,886.43,886.43,886.43,0.3,2.68,1324499,1057470373.0,0.0,0.49
2013-09-11,901.14,901.14,901.14,901.14,1.66,14.71,2323176,1813249257.0,0.0,0.86
2013-09-12,896.23,896.23,896.23,896.23,-0.54,-4.91,1497585,1256799435.0,0.0,0.55
2013-09-13,891.61,891.61,891.61,891.61,-0.52,-4.62,1220820,979326660.0,0.0,0.45
2013-09-16,891.56,891.56,891.56,891.56,-0.01,-0.05,1167411,983072562.0,0.0,0.43
2013-09-17,880.52,880.52,880.52,880.52,-1.24,-11.04,997018,838604309.0,0.0,0.37
2013-09-18,881.84,881.84,881.84,881.84,0.15,1.32,1284171,1170120010.0,0.0,0.47
2013-09-23,904.59,904.59,904.59,904.59,2.58,22.75,1272790,1143367531.0,0.0,0.47
2013-09-24,896.48,896.48,896.48,896.48,-0.9,-8.11,1151603,1013651405.0,0.0,0.42
2013-09-25,884.35,884.35,884.35,884.35,-1.35,-12.13,1196614,1152930389.0,0.0,0.44
2013-09-26,866.79,866.79,866.79,866.79,-1.99,-17.56,1199954,1033093347.0,0.0,0.44
2013-09-27,867.66,867.66,867.66,867.66,0.1,0.87,733907,635697931.0,0.0,0.27
2013-09-30,873.64,873.64,873.64,873.64,0.69,5.98,735149,632828871.0,0.0,0.27
2013-10-08,889.64,889.64,889.64,889.64,1.83,16.0,1413063,1282043863.0,0.0,0.52
2013-10-09,898.05,898.05,898.05,898.05,0.95,8.41,1558890,1510997820.0,0.0,0.58
2013-10-10,890.16,890.16,890.16,890.16,-0.88,-7.89,1449740,1337859096.0,0.0,0.53
2013-10-11,909.22,909.22,909.22,909.22,2.14,19.06,2125225,1910284186.0,0.0,0.78
2013-10-14,920.78,920.78,920.78,920.78,1.27,11.56,2135225,2201774542.0,0.0,0.79
2013-10-15,917.31,917.31,917.31,917.31,-0.38,-3.47,1386483,1328432449.0,0.0,0.51
2013-10-16,898.61,898.61,898.61,898.61,-2.04,-18.7,1339734,1219373710.0,0.0,0.49
2013-10-17,905.13,905.13,905.13,905.13,0.73,6.52,1167167,898570270.0,0.0,0.43
2013-10-18,901.7,901.7,901.7,901.7,-0.38,-3.43,941820,828645087.0,0.0,0.35
2013-10-21,922.18,922.18,922.18,922.18,2.27,20.48,1414536,1311070962.0,0.0,0.52
2013-10-22,916.07,916.07,916.07,916.07,-0.66,-6.11,1450435,1271060311.0,0.0,0.54
2013-10-23,898.77,898.77,898.77,898.77,-1.89,-17.3,1481831,1317772541.0,0.0,0.55
2013-10-24,909.51,909.51,909.51,909.51,1.19,10.74,1436571,1438359224.0,0.0,0.53
2013-10-25,897.96,897.96,897.96,897.96,-1.27,-11.55,1134137,1057387140.0,0.0,0.42
2013-10-28,880.33,880.33,880.33,880.33,-1.96,-17.63,1159525,1104265516.0,0.0,0.43
2013-10-29,858.01,858.01,858.01,858.01,-2.54,-22.32,1716865,1671143186.0,0.0,0.63
2013-10-30,870.67,870.67,870.67,870.67,1.48,12.66,1138939,1080016285.0,0.0,0.42
2013-10-31,867.73,867.73,867.73,867.73,-0.34,-2.94,941197,854745732.0,0.0,0.35
2013-11-01,873.35,873.35,873.35,873.35,0.65,5.62,892398,797611906.0,0.0,0.33
2013-11-04,886.93,886.93,886.93,886.93,1.55,13.58,915410,884242455.0,0.0,0.34
2013-11-05,889.97,889.97,889.97,889.97,0.34,3.04,753113,693313127.0,0.0,0.28
2013-11-06,873.16,873.16,873.16,873.16,-1.89,-16.81,907694,773019563.0,0.0,0.33
2013-11-07,855.6,855.6,855.6,855.6,-2.01,-17.56,882930,870267039.0,0.0,0.33
2013-11-08,841.81,841.81,841.81,841.81,-1.61,-13.79,655527,562677185.0,0.0,0.24
2013-11-11,853.16,853.16,853.16,853.16,1.35,11.35,545737,465257717.0,0.0,0.2
2013-11-12,856.42,856.42,856.42,856.42,0.38,3.26,498885,431262659.0,0.0,0.18
2013-11-13,834.89,834.89,834.89,834.89,-2.51,-21.53,683059,555763354.0,0.0,0.25
2013-11-14,845.4,845.4,845.4,845.4,1.26,10.51,789093,666889059.0,0.0,0.29
2013-11-15,859.87,859.87,859.87,859.87,1.71,14.47,1102345,958418854.0,0.0,0.41
2013-11-18,884.2,884.2,884.2,884.2,2.83,24.33,1131239,1025693065.0,0.0,0.42
2013-11-19,895.22,895.22,895.22,895.22,1.25,11.02,1054298,1016424476.0,0.0,0.39
2013-11-20,904.71,904.71,904.71,904.71,1.06,9.49,983550,790205078.0,0.0,0.36
2013-11-21,899.01,899.01,899.01,899.01,-0.63,-5.7,789078,662810670.0,0.0,0.29
2013-11-22,896.94,896.94,896.94,896.94,-0.23,-2.07,671355,582545614.0,0.0,0.25
2013-11-25,889.65,889.65,889.65,889.65,-0.81,-7.29,678017,632985072.0,0.0,0.25
2013-11-26,889.16,889.16,889.16,889.16,-0.06,-0.49,783796,772630246.0,0.0,0.29
2013-11-27,903.69,903.69,903.69,903.69,1.63,14.53,1178840,1131325741.0,0.0,0.43
2013-11-28,913.06,913.06,913.06,913.06,1.04,9.37,1040252,962910598.0,0.0,0.38
2013-11-29,912.06,912.06,912.06,912.06,-0.11,-1.0,906152,935974110.0,0.0,0.33
2013-12-02,878.99,878.99,878.99,878.99,-3.63,-33.07,1151432,1033063360.0,0.0,0.42
2013-12-03,912.27,912.27,912.27,912.27,3.79,33.28,992536,1026544010.0,0.0,0.37
2013-12-04,939.2,939.2,939.2,939.2,2.95,26.93,1820798,1748121304.0,0.0,0.67
2013-12-05,975.76,975.76,975.76,975.76,3.89,36.56,2257159,1835131823.0,0.0,0.83
2013-12-06,970.09,970.09,970.09,970.09,-0.58,-5.67,2254154,1661619829.0,0.0,0.83
2013-12-09,967.65,967.65,967.65,967.65,-0.25,-2.44,1326466,1097167288.0,0.0,0.49
2013-12-10,972.79,972.79,972.79,972.79,0.53,5.14,1390058,1131429720.0,0.0,0.51
2013-12-11,957.71,957.71,957.71,957.71,-1.55,-15.08,1077405,913184575.0,0.0,0.4
2013-12-12,959.26,959.26,959.26,959.26,0.16,1.55,871817,769181847.0,0.0,0.32
2013-12-13,971.92,971.92,971.92,971.92,1.32,12.66,1076189,826158553.0,0.0,0.4
2013-12-16,948.09,948.09,948.09,948.09,-2.45,-23.83,1243883,1259582492.0,0.0,0.46
2013-12-17,932.05,932.05,932.05,932.05,-1.69,-16.04,746967,612448138.0,0.0,0.28
2013-12-18,935.68,935.68,935.68,935.68,0.39,3.63,582042,502152170.0,0.0,0.21
2013-12-19,927.28,927.28,927.28,927.28,-0.9,-8.4,594590,516252911.0,0.0,0.22
2013-12-20,914.47,914.47,914.47,914.47,-1.38,-12.81,702610,592330427.0,0.0,0.26
2013-12-23,921.33,921.33,921.33,921.33,0.75,6.86,543980,498939255.0,0.0,0.2
2013-12-24,933.11,933.11,933.11,933.11,1.28,11.78,728684,689723159.0,0.0,0.27
2013-12-25,940.97,940.97,940.97,940.97,0.84,7.86,634462,606679030.0,0.0,0.23
2013-12-26,921.09,921.09,921.09,921.09,-2.11,-19.88,782940,684700652.0,0.0,0.29
2013-12-27,928.01,928.01,928.01,928.01,0.75,6.92,811163,754239598.0,0.0,0.3
2013-12-30,915.16,915.16,915.16,915.16,-1.38,-12.85,818142,795667464.0,0.0,0.3
2013-12-31,926.1,926.1,926.1,926.1,1.2,10.94,654358,658925923.0,0.0,0.24
2014-01-02,920.73,920.73,920.73,920.73,-0.58,-5.37,635870,598111927.0,0.0,0.23
2014-01-03,901.41,901.41,901.41,901.41,-2.1,-19.32,882248,829654139.0,0.0,0.33
2014-01-06,870.82,870.82,870.82,870.82,-3.39,-30.59,1020794,882268349.0,0.0,0.38
2014-01-07,873.42,873.42,873.42,873.42,0.3,2.6,741269,690171952.0,0.0,0.27
2014-01-08,866.64,866.64,866.64,866.64,-0.78,-6.78,810322,710912285.0,0.0,0.3
2014-01-09,865.43,865.43,865.43,865.43,-0.14,-1.21,769335,676478989.0,0.0,0.28
2014-01-10,858.55,858.55,858.55,858.55,-0.79,-6.88,583978,462610360.0,0.0,0.22
2014-01-13,854.16,854.16,854.16,854.16,-0.51,-4.39,663233,528504496.0,0.0,0.24
2014-01-14,882.19,882.19,882.19,882.19,3.28,28.03,1033935,832179719.0,0.0,0.38
2014-01-15,883.96,883.96,883.96,883.96,0.2,1.77,1310083,1191487369.0,0.0,0.48
2014-01-16,873.18,873.18,873.18,873.18,-1.22,-10.78,882856,795455238.0,0.0,0.33
2014-01-17,860.95,860.95,860.95,860.95,-1.4,-12.23,889176,773021517.0,0.0,0.33
2014-01-20,858.19,858.19,858.19,858.19,-0.32,-2.76,594545,514241828.0,0.0,0.22
2014-01-21,866.94,866.94,866.94,866.94,1.02,8.75,589593,502930267.0,0.0,0.22
2014-01-22,884.89,884.89,884.89,884.89,2.07,17.95,790483,658521608.0,0.0,0.29
2014-01-23,879.94,879.94,879.94,879.94,-0.56,-4.95,765114,721115809.0,0.0,0.28
2014-01-24,885.97,885.97,885.97,885.97,0.69,6.03,805059,694295145.0,0.0,0.3
2014-01-27,880.87,880.87,880.87,880.87,-0.58,-5.1,1005811,710964724.0,0.0,0.37
2014-01-28,886.94,886.94,886.94,886.94,0.69,6.07,907009,698922937.0,0.0,0.33
2014-01-29,888.03,888.03,888.03,888.03,0.12,1.09,743388,567302165.0,0.0,0.27
2014-01-30,877.29,877.29,877.29,877.29,-1.21,-10.74,473089,361888309.0,0.0,0.17
2014-02-07,877.77,877.77,877.77,877.77,0.05,0.48,706414,577634268.0,0.0,0.26
2014-02-10,949.21,949.21,949.21,949.21,8.14,71.44,2575942,2223260101.0,0.0,0.95
2014-02-11,964.2,964.2,964.2,964.2,1.58,14.99,3010101,2489686231.0,0.0,1.11
2014-02-12,964.11,964.11,964.11,964.11,-0.01,-0.09,2027576,1728660601.0,0.0,0.75
2014-02-13,977.09,977.09,977.09,977.09,1.35,12.98,2864302,2544276934.0,0.0,1.06
2014-02-14,984.55,984.55,984.55,984.55,0.76,7.46,1588897,1394500433.0,0.0,0.59
2014-02-17,1004.29,1004.29,1004.29,1004.29,2.0,19.74,2648406,2116009220.0,0.0,0.98
2014-02-18,990.33,990.33,990.33,990.33,-1.39,-13.96,2556453,2009087111.0,0.0,0.94
2014-02-19,984.72,984.72,984.72,984.72,-0.57,-5.61,1908540,1553211032.0,0.0,0.7
2014-02-20,967.57,967.57,967.57,967.57,-1.74,-17.15,2064571,1535540020.0,0.0,0.76
2014-02-21,969.63,969.63,969.63,969.63,0.21,2.06,1508326,1223191211.0,0.0,0.56
2014-02-24,953.95,953.95,953.95,953.95,-1.62,-15.68,1457777,1262568357.0,0.0,0.54
2014-02-25,927.25,927.25,927.25,927.25,-2.8,-26.7,2100386,1892331963.0,0.0,0.77
2014-02-26,948.92,948.92,948.92,948.92,2.34,21.67,2143842,1755187900.0,0.0,0.79
2014-02-27,950.46,950.46,950.46,950.46,0.16,1.54,2764885,2379818659.0,0.0,1.02
2014-02-28,965.16,965.16,965.16,965.16,1.55,14.7,2126916,1870519193.0,0.0,0.78
2014-03-03,990.22,990.22,990.22,990.22,2.6,25.06,2347754,2191061828.0,0.0,0.87
2014-03-04,990.4,990.4,990.4,990.4,0.02,0.18,2480767,2502614852.0,0.0,0.92
2014-03-05,991.25,991.25,991.25,991.25,0.09,0.85,2300450,1998633460.0,0.0,0.85
2014-03-06,985.99,985.99,985.99,985.99,-0.53,-5.26,1499794,1382538139.0,0.0,0.55
2014-03-07,994.72,994.72,994.72,994.72,0.89,8.73,1827888,1597543646.0,0.0,0.67
2014-03-10,951.78,951.78,951.78,951.78,-4.32,-42.94,1707978,1497115442.0,0.0,0.63
2014-03-11,946.4,946.4,946.4,946.4,-0.57,-5.38,1264577,1141940221.0,0.0,0.47
2014-03-12,940.02,940.02,940.02,940.02,-0.67,-6.38,1211870,1105727460.0,0.0,0.45
2014-03-13,936.7,936.7,936.7,936.7,-0.35,-3.32,1071022,976932129.0,0.0,0.4
2014-03-14,923.03,923.03,923.03,923.03,-1.46,-13.67,891009,785820079.0,0.0,0.33
2014-03-17,953.48,953.48,953.48,953.48,3.3,30.45,1347051,1217275451.0,0.0,0.5
2014-03-18,965.84,965.84,965.84,965.84,1.3,12.36,2111154,2042153954.0,0.0,0.78
2014-03-19,953.19,953.19,953.19,953.19,-1.31,-12.65,1680721,1701833180.0,0.0,0.62
2014-03-20,932.6,932.6,932.6,932.6,-2.16,-20.59,1572829,1548412651.0,0.0,0.58
2014-03-21,947.56,947.56,947.56,947.56,1.6,14.96,1836696,1784394328.0,0.0,0.68
2014-03-24,949.52,949.52,949.52,949.52,0.21,1.96,1703610,1499182548.0,0.0,0.63
2014-03-25,954.6,954.6,954.6,954.6,0.54,5.08,1636653,1523797406.0,0.0,0.6
2014-03-26,965.73,965.73,965.73,965.73,1.17,11.13,1950301,1827869485.0,0.0,0.72
2014-03-27,952.62,952.62,952.62,952.62,-1.36,-13.11,1692973,1562295701.0,0.0,0.62
2014-03-28,942.25,942.25,942.25,942.25,-1.09,-10.37,1488691,1350611560.0,0.0,0.55
2014-03-31,937.54,937.54,937.54,937.54,-0.5,-4.71,1062059,936929846.0,0.0,0.39
2014-04-01,943.31,943.31,943.31,943.31,0.62,5.77,850267,769448374.0,0.0,0.31
2014-04-02,950.23,950.23,950.23,950.23,0.73,6.92,1077734,1021071371.0,0.0,0.4
2014-04-03,948.36,948.36,948.36,948.36,-0.2,-1.87,1212469,1156526938.0,0.0,0.45
2014-04-04,959.86,959.86,959.86,959.86,1.21,11.5,893194,820643264.0,0.0,0.33
2014-04-08,976.65,976.65,976.65,976.65,1.75,16.79,1409656,1363558749.0,0.0,0.52
2014-04-09,980.15,980.15,980.15,980.15,0.36,3.5,1184308,1139700940.0,0.0,0.44
2014-04-10,985.29,985.29,985.29,985.29,0.52,5.14,1545440,1422440152.0,0.0,0.57
2014-04-11,977.7,977.7,977.7,977.7,-0.77,-7.59,1345428,1359433220.0,0.0,0.5
2014-04-14,984.96,984.96,984.96,984.96,0.74,7.26,717454,732477363.0,0.0,0.26
2014-04-15,979.93,979.93,979.93,979.93,-0.51,-5.03,726358,703416709.0,0.0,0.27
2014-04-16,980.95,980.95,980.95,980.95,0.1,1.02,533949,500296044.0,0.0,0.2
2014-04-17,985.76,985.76,985.76,985.76,0.49,4.81,655529,575075989.0,0.0,0.24
2014-04-18,984.26,984.26,984.26,984.26,-0.15,-1.5,440509,370941940.0,0.0,0.16
2014-04-21,970.87,970.87,970.87,970.87,-1.36,-13.39,627178,576904135.0,0.0,0.23
2014-04-22,961.41,961.41,961.41,961.41,-0.97,-9.46,588406,490099856.0,0.0,0.22
2014-04-23,956.0,956.0,956.0,956.0,-0.56,-5.41,410142,341344061.0,0.0,0.15
2014-04-24,950.04,950.04,950.04,950.04,-0.62,-5.96,354365,287964035.0,0.0,0.13
2014-04-25,936.0,936.0,936.0,936.0,-1.48,-14.04,433077,336413108.0,0.0,0.16
2014-04-28,910.95,910.95,910.95,910.95,-2.68,-25.05,506421,376576648.0,0.0,0.19
2014-04-29,924.8,924.8,924.8,924.8,1.52,13.85,429386,357346878.0,0.0,0.16
2014-04-30,937.73,937.73,937.73,937.73,1.4,12.93,347824,313524621.0,0.0,0.13
2014-05-05,940.69,940.69,940.69,940.69,0.32,2.96,319932,260568785.0,0.0,0.12
2014-05-06,944.08,944.08,944.08,944.08,0.36,3.39,402061,355210152.0,0.0,0.15
2014-05-07,921.45,921.45,921.45,921.45,-2.4,-22.63,361907,299075208.0,0.0,0.13
2014-05-08,918.05,918.05,918.05,918.05,-0.37,-3.4,331451,267248189.0,0.0,0.12
2014-05-09,911.39,911.39,911.39,911.39,-0.73,-6.66,363118,285401933.0,0.0,0.13
2014-05-12,933.38,933.38,933.38,933.38,2.41,21.99,528389,411851408.0,0.0,0.19
2014-05-13,929.72,929.72,929.72,929.72,-0.39,-3.66,288148,227868600.0,0.0,0.11
2014-05-14,926.18,926.18,926.18,926.18,-0.38,-3.54,251944,210731319.0,0.0,0.09
2014-05-15,915.9,915.9,915.9,915.9,-1.11,-10.28,339637,261499572.0,0.0,0.13
2014-05-16,915.27,915.27,915.27,915.27,-0.07,-0.63,284143,215134941.0,0.0,0.1
2014-05-19,908.6,908.6,908.6,908.6,-0.73,-6.67,414098,342176773.0,0.0,0.15
2014-05-20,909.27,909.27,909.27,909.27,0.07,0.67,319495,260935137.0,0.0,0.12
2014-05-21,918.18,918.18,918.18,918.18,0.98,8.91,315371,251904329.0,0.0,0.12
2014-05-22,911.12,911.12,911.12,911.12,-0.77,-7.06,662394,761191851.0,0.0,0.24
2014-05-23,917.81,917.81,917.81,917.81,0.73,6.69,595748,685050358.0,0.0,0.22
2014-05-26,930.18,930.18,930.18,930.18,1.35,12.37,862806,912963862.0,0.0,0.32
2014-05-27,935.0,935.0,935.0,935.0,0.52,4.82,643093,714644259.0,0.0,0.24
2014-05-28,941.0,941.0,941.0,941.0,0.64,6.0,606370,624865517.0,0.0,0.22
2014-05-29,931.65,931.65,931.65,931.65,-0.99,-9.35,470470,466124896.0,0.0,0.17
2014-05-30,938.3,938.3,938.3,938.3,0.71,6.65,505790,592581651.0,0.0,0.19
2014-06-03,942.15,942.15,942.15,942.15,0.41,3.85,488200,476402050.0,0.0,0.18
2014-06-04,928.43,928.43,928.43,928.43,-1.46,-13.72,554484,542439384.0,0.0,0.2
2014-06-05,938.94,938.94,938.94,938.94,1.13,10.51,478268,537321981.0,0.0,0.18
2014-06-06,934.17,934.17,934.17,934.17,-0.51,-4.77,398367,391171700.0,0.0,0.15
2014-06-09,934.63,934.63,934.63,934.63,0.05,0.46,358153,354566822.0,0.0,0.13
2014-06-10,946.46,946.46,946.46,946.46,1.27,11.83,455298,485191328.0,0.0,0.17
2014-06-11,951.33,951.33,951.33,951.33,0.51,4.87,551988,552868183.0,0.0,0.2
2014-06-12,958.66,958.66,958.66,958.66,0.77,7.33,632296,483000811.0,0.0,0.23
2014-06-13,970.91,970.91,970.91,970.91,1.28,12.25,723837,703822647.0,0.0,0.27
2014-06-16,970.77,970.77,970.77,970.77,-0.01,-0.14,653490,624674224.0,0.0,0.24
2014-06-17,953.87,953.87,953.87,953.87,-1.74,-16.9,531644,521410546.0,0.0,0.2
2014-06-18,950.4,950.4,950.4,950.4,-0.36,-3.47,452290,414599331.0,0.0,0.17
2014-06-19,929.85,929.85,929.85,929.85,-2.16,-20.55,553608,494072244.0,0.0,0.2
2014-06-20,935.83,935.83,935.83,935.83,0.64,5.98,344555,305771424.0,0.0,0.13
2014-06-23,944.6,944.6,944.6,944.6,0.94,8.77,458801,451736982.0,0.0,0.17
2014-06-24,950.82,950.82,950.82,950.82,0.66,6.22,379209,390471118.0,0.0,0.14
2014-06-25,962.02,962.02,962.02,962.02,1.18,11.2,622691,517482195.0,0.0,0.23
2014-06-26,973.82,973.82,973.82,973.82,1.23,11.8,976868,689647412.0,0.0,0.36
2014-06-27,986.19,986.19,986.19,986.19,1.27,12.37,1106117,946666015.0,0.0,0.41
2014-06-30,988.31,988.31,988.31,988.31,0.21,2.12,1064654,831470763.0,0.0,0.39
2014-07-01,990.77,990.77,990.77,990.77,0.25,2.46,860539,772718160.0,0.0,0.32
2014-07-02,1004.16,1004.16,1004.16,1004.16,1.35,13.39,932469,865985350.0,0.0,0.34
2014-07-03,1014.13,1014.13,1014.13,1014.13,0.99,9.97,1324940,1159031690.0,0.0,0.49
2014-07-04,1004.94,1004.94,1004.94,1004.94,-0.91,-9.19,1429569,1401497288.0,0.0,0.53
2014-07-07,992.73,992.73,992.73,992.73,-1.21,-12.21,961835,954355604.0,0.0,0.35
2014-07-08,1010.88,1010.88,1010.88,1010.88,1.83,18.15,1168000,1290720176.0,0.0,0.43
2014-07-09,999.86,999.86,999.86,999.86,-1.09,-11.02,1208685,1320756778.0,0.0,0.45
2014-07-10,1008.42,1008.42,1008.42,1008.42,0.86,8.56,1362220,1325909777.0,0.0,0.5
2014-07-11,1034.43,1034.43,1034.43,1034.43,2.58,26.01,2435231,2634804814.0,0.0,0.9
2014-07-14,1098.0,1098.0,1098.0,1098.0,6.15,63.57,4228403,4176611239.0,0.0,1.56
2014-07-15,1112.69,1112.69,1112.69,1112.69,1.34,14.69,3817673,4000714708.0,0.0,1.41
2014-07-16,1092.51,1092.51,1092.51,1092.51,-1.81,-20.18,4052671,3278767865.0,0.0,1.49
2014-07-17,1070.14,1070.14,1070.14,1070.14,-2.05,-22.37,2640000,2154456024.0,0.0,0.97
2014-07-18,1066.92,1066.92,1066.92,1066.92,-0.3,-3.22,1942781,1722660005.0,0.0,0.72
2014-07-21,1065.92,1065.92,1065.92,1065.92,-0.09,-1.0,1561150,1385438877.0,0.0,0.58
2014-07-22,1100.5,1100.5,1100.5,1100.5,3.24,34.58,3907224,3487863185.0,0.0,1.44
2014-07-23,1079.04,1079.04,1079.04,1079.04,-1.95,-21.46,2215225,1919877800.0,0.0,0.82
2014-07-24,1082.53,1082.53,1082.53,1082.53,0.32,3.49,2011084,1934123282.0,0.0,0.74
2014-07-25,1098.6,1098.6,1098.6,1098.6,1.48,16.07,1768262,1672406348.0,0.0,0.65
2014-07-28,1109.79,1109.79,1109.79,1109.79,1.02,11.19,2422262,2351064820.0,0.0,0.89
2014-07-29,1127.5,1127.5,1127.5,1127.5,1.6,17.71,3369540,3307786169.0,0.0,1.24
2014-07-30,1130.42,1130.42,1130.42,1130.42,0.26,2.92,2905620,2883388567.0,0.0,1.07
2014-07-31,1139.43,1139.43,1139.43,1139.43,0.8,9.01,2383849,2402184660.0,0.0,0.88
2014-08-01,1120.59,1120.59,1120.59,1120.59,-1.65,-18.84,2508321,2428775616.0,0.0,0.93
2014-08-04,1141.01,1141.01,1141.01,1141.01,1.82,20.42,2377213,2287246269.0,0.0,0.88
2014-08-05,1145.4,1145.4,1145.4,1145.4,0.38,4.39,2295555,2401742989.0,0.0,0.85
2014-08-06,1158.14,1158.14,1158.14,1158.14,1.11,12.74,1836761,1914759590.0,0.0,0.68
2014-08-07,1148.54,1148.54,1148.54,1148.54,-0.83,-9.6,1957813,2024362207.0,0.0,0.72
2014-08-08,1147.95,1147.95,1147.95,1147.95,-0.05,-0.59,1743288,1696247440.0,0.0,0.64
2014-08-11,1163.71,1163.71,1163.71,1163.71,1.37,15.76,1739902,1843013822.0,0.0,0.64
2014-08-12,1167.68,1167.68,1167.68,1167.68,0.34,3.97,1693121,1760969111.0,0.0,0.62
2014-08-13,1171.75,1171.75,1171.75,1171.75,0.35,4.07,3170082,2625980896.0,0.0,1.17
2014-08-14,1182.63,1182.63,1182.63,1182.63,0.93,10.88,4022036,3272319493.0,0.0,1.48
2014-08-15,1182.25,1182.25,1182.25,1182.25,-0.03,-0.38,1596546,1600317429.0,0.0,0.59
2014-08-18,1193.62,1193.62,1193.62,1193.62,0.96,11.37,1676369,1728252983.0,0.0,0.62
2014-08-19,1208.71,1208.71,1208.71,1208.71,1.26,15.09,1811404,1824729327.0,0.0,0.67
2014-08-20,1214.9,1214.9,1214.9,1214.9,0.51,6.19,2139604,2038726705.0,0.0,0.79
2014-08-21,1198.42,1198.42,1198.42,1198.42,-1.36,-16.48,3569360,2781270596.0,0.0,1.32
2014-08-22,1201.29,1201.29,1201.29,1201.29,0.24,2.87,2652039,2230276143.0,0.0,0.98
2014-08-25,1175.74,1175.74,1175.74,1175.74,-2.13,-25.55,2872544,2406013553.0,0.0,1.06
2014-08-26,1146.56,1146.56,1146.56,1146.56,-2.48,-29.18,2308194,1946861676.0,0.0,0.85
2014-08-27,1149.12,1149.12,1149.12,1149.12,0.22,2.56,1718472,1323137343.0,0.0,0.63
2014-08-28,1140.12,1140.12,1140.12,1140.12,-0.78,-9.0,1448328,1135299837.0,0.0,0.53
2014-08-29,1154.41,1154.41,1154.41,1154.41,1.25,14.29,1512472,1281537778.0,0.0,0.56
2014-09-01,1171.55,1171.55,1171.55,1171.55,1.48,17.14,1835731,1794095230.0,0.0,0.68
2014-09-02,1180.51,1180.51,1180.51,1180.51,0.76,8.96,2366817,2036600724.0,0.0,0.87
2014-09-03,1185.34,1185.34,1185.34,1185.34,0.41,4.83,2261412,2151404331.0,0.0,0.83
2014-09-04,1187.88,1187.88,1187.88,1187.88,0.21,2.54,2099537,1915965208.0,0.0,0.77
2014-09-05,1194.53,1194.53,1194.53,1194.53,0.56,6.65,2208566,2030538648.0,0.0,0.81
2014-09-09,1228.42,1228.42,1228.42,1228.42,2.84,33.89,3602151,2951847272.0,0.0,1.33
2014-09-10,1220.19,1220.19,1220.19,1220.19,-0.67,-8.23,2803051,2486518557.0,0.0,1.03
2014-09-11,1210.23,1210.23,1210.23,1210.23,-0.82,-9.96,2577545,2411143601.0,0.0,0.95
2014-09-12,1222.92,1222.92,1222.92,1222.92,1.05,12.69,2088203,1860812526.0,0.0,0.77
2014-09-15,1227.76,1227.76,1227.76,1227.76,0.4,4.84,2865904,2677794623.0,0.0,1.06
2014-09-16,1191.02,1191.02,1191.02,1191.02,-2.99,-36.74,2707915,2507466547.0,0.0,1.0
2014-09-17,1192.05,1192.05,1192.05,1192.05,0.09,1.03,2065429,1864275142.0,0.0,0.76
2014-09-18,1198.73,1198.73,1198.73,1198.73,0.56,6.68,1517105,1418020625.0,0.0,0.56
2014-09-19,1203.08,1203.08,1203.08,1203.08,0.36,4.35,1639366,1640169717.0,0.0,0.6
2014-09-22,1183.93,1183.93,1183.93,1183.93,-1.59,-19.15,1853375,1781526241.0,0.0,0.68
2014-09-23,1195.34,1195.34,1195.34,1195.34,0.96,11.41,1404990,1314136473.0,0.0,0.52
2014-09-24,1212.23,1212.23,1212.23,1212.23,1.41,16.89,2147898,2005870820.0,0.0,0.79
2014-09-25,1222.05,1222.05,1222.05,1222.05,0.81,9.82,2710658,2365987805.0,0.0,1.0
2014-09-26,1231.01,1231.01,1231.01,1231.01,0.73,8.96,2481016,2101950644.0,0.0,0.92
2014-09-29,1239.05,1239.05,1239.05,1239.05,0.65,8.04,2316546,1984172426.0,0.0,0.85
2014-09-30,1242.63,1242.63,1242.63,1242.63,0.29,3.58,1828492,1616613927.0,0.0,0.67
2014-10-08,1257.38,1257.38,1257.38,1257.38,1.19,14.75,2076916,2013235088.0,0.0,0.77
2014-10-09,1271.85,1271.85,1271.85,1271.85,1.15,14.47,3283675,3238801938.0,0.0,1.21
2014-10-10,1258.82,1258.82,1258.82,1258.82,-1.02,-13.03,3357669,3345247838.0,0.0,1.24
2014-10-13,1267.39,1267.39,1267.39,1267.39,0.68,8.57,3003730,2934049104.0,0.0,1.11
2014-10-14,1267.57,1267.57,1267.57,1267.57,0.01,0.18,2775044,2754646490.0,0.0,1.02
2014-10-15,1262.11,1262.11,1262.11,1262.11,-0.43,-5.46,2237216,2338161958.0,0.0,0.83
2014-10-16,1232.21,1232.21,1232.21,1232.21,-2.37,-29.9,2312432,2363839955.0,0.0,0.85
2014-10-17,1232.97,1232.97,1232.97,1232.97,0.06,0.76,2492543,2410012051.0,0.0,0.92
2014-10-20,1250.38,1250.38,1250.38,1250.38,1.41,17.41,1933926,2074400004.0,0.0,0.71
2014-10-21,1229.65,1229.65,1229.65,1229.65,-1.66,-20.73,1787577,1857749648.0,0.0,0.66
2014-10-22,1218.71,1218.71,1218.71,1218.71,-0.89,-10.94,1417190,1571826140.0,0.0,0.52
2014-10-23,1213.93,1213.93,1213.93,1213.93,-0.39,-4.78,1558098,1578048123.0,0.0,0.57
2014-10-24,1209.77,1209.77,1209.77,1209.77,-0.34,-4.16,1261152,1209284977.0,0.0,0.47
2014-10-27,1219.8,1219.8,1219.8,1219.8,0.83,10.03,1407607,1453505137.0,0.0,0.52
2014-10-28,1246.17,1246.17,1246.17,1246.17,2.16,26.37,1927063,1977495275.0,0.0,0.71
2014-10-29,1262.38,1262.38,1262.38,1262.38,1.3,16.21,2813920,2753109835.0,0.0,1.04
2014-10-30,1280.87,1280.87,1280.87,1280.87,1.46,18.49,3300270,3258221857.0,0.0,1.22
2014-10-31,1277.85,1277.85,1277.85,1277.85,-0.24,-3.02,3338865,3147324445.0,0.0,1.23
2014-11-03,1285.04,1287.05,1291.57,1277.69,0.72,9.2,2510524,2467482587.0,1.09,0.93
2014-11-04,1284.92,1276.57,1284.92,1271.53,-0.81,-10.48,2345756,2293350936.0,1.04,0.87
2014-11-05,1275.18,1275.26,1276.8,1268.95,-0.1,-1.31,1889387,1731794512.0,0.61,0.7
2014-11-06,1274.62,1269.31,1275.0,1257.8,-0.47,-5.95,1671084,1617166819.0,1.35,0.62
2014-11-07,1268.73,1247.52,1269.94,1245.06,-1.72,-21.79,2016986,2028769431.0,1.96,0.74
2014-11-10,1250.21,1274.46,1274.46,1243.66,2.16,26.94,2239354,2161091107.0,2.47,0.83
2014-11-11,1275.41,1228.36,1275.41,1219.31,-3.62,-46.1,2588639,2538723807.0,4.4,0.95
2014-11-12,1224.13,1240.16,1240.35,1221.03,0.96,11.8,1386088,1365262489.0,1.57,0.51
2014-11-13,1240.97,1237.63,1241.07,1225.94,-0.2,-2.53,1459486,1413386973.0,1.22,0.54
2014-11-14,1232.87,1237.28,1239.81,1224.66,-0.03,-0.35,1219848,1223351447.0,1.22,0.45
2014-11-17,1250.42,1252.22,1259.78,1239.68,1.21,14.94,1851917,2169777539.0,1.62,0.68
2014-11-18,1252.83,1253.73,1262.65,1250.24,0.12,1.51,1495575,1465704898.0,0.99,0.55
2014-11-19,1252.36,1245.99,1253.45,1243.0,-0.62,-7.74,1189984,1173495814.0,0.83,0.44
2014-11-20,1243.86,1239.29,1243.86,1235.78,-0.54,-6.7,1061607,921927933.0,0.65,0.39
2014-11-21,1236.74,1251.17,1251.81,1234.19,0.96,11.88,1153771,1025485836.0,1.42,0.43
2014-11-24,1260.14,1267.74,1271.23,1255.43,1.32,16.57,2015204,1880903326.0,1.26,0.74
2014-11-25,1264.38,1279.06,1279.06,1263.49,0.89,11.32,1807394,1672005511.0,1.23,0.67
2014-11-26,1279.39,1287.57,1292.77,1277.59,0.67,8.51,2477228,2360121310.0,1.19,0.91
2014-11-27,1291.95,1282.96,1291.98,1273.89,-0.36,-4.61,2145400,2103960371.0,1.4,0.79
2014-11-28,1282.54,1280.62,1292.43,1270.18,-0.18,-2.34,3352857,3670522906.0,1.73,1.24
2014-12-01,1277.67,1255.21,1277.67,1253.36,-1.98,-25.41,2423561,2526025234.0,1.9,0.89
2014-12-02,1254.09,1270.32,1272.98,1254.09,1.2,15.11,2199976,2269965282.0,1.5,0.81
2014-12-03,1272.32,1306.07,1306.08,1271.86,2.81,35.75,4538438,4654945860.0,2.69,1.67
2014-12-04,1313.15,1329.99,1331.08,1313.0,1.83,23.92,4580187,4732336728.0,1.38,1.69
2014-12-05,1332.05,1302.54,1339.7,1265.59,-2.06,-27.45,4471903,4913909991.0,5.57,1.65
2014-12-08,1293.03,1313.11,1313.58,1276.09,0.81,10.57,3666334,3941425850.0,2.88,1.35
2014-12-09,1310.09,1277.24,1346.33,1274.66,-2.73,-35.87,4648496,5040812048.0,5.46,1.71
2014-12-10,1273.92,1320.56,1320.58,1264.49,3.39,43.32,2982140,3356998401.0,4.39,1.1
2014-12-11,1322.13,1343.72,1345.55,1315.91,1.75,23.16,3899771,4322952592.0,2.24,1.44
2014-12-12,1341.35,1345.63,1352.83,1337.88,0.14,1.91,3007216,3327220092.0,1.11,1.11
2014-12-15,1343.88,1368.41,1369.24,1333.44,1.69,22.78,2729236,2872702733.0,2.66,1.01
2014-12-16,1365.11,1383.17,1386.07,1358.86,1.08,14.76,3626882,3469300469.0,1.99,1.34
2014-12-17,1384.99,1394.59,1412.31,1374.55,0.83,11.42,5243722,5474306530.0,2.73,1.93
2014-12-18,1387.99,1383.72,1395.04,1379.67,-0.78,-10.87,2853185,3361111580.0,1.1,1.05
2014-12-19,1377.52,1378.62,1382.58,1347.26,-0.37,-5.1,2585674,2983701241.0,2.55,0.95
2014-12-22,1377.51,1324.32,1377.51,1316.15,-3.94,-54.3,2723173,2958510758.0,4.45,1.0
2014-12-23,1322.15,1324.99,1344.55,1320.36,0.05,0.67,1622031,1733319566.0,1.83,0.6
2014-12-24,1326.62,1319.85,1333.02,1309.03,-0.39,-5.14,1532212,1639604134.0,1.81,0.57
2014-12-25,1326.06,1338.65,1338.65,1313.11,1.42,18.8,2729557,3026824402.0,1.94,1.01
2014-12-26,1338.5,1350.18,1353.63,1336.26,0.86,11.53,2855242,3313961494.0,1.3,1.05
2014-12-29,1349.56,1327.31,1350.94,1317.5,-1.69,-22.87,3297133,3657251769.0,2.48,1.22
2014-12-30,1321.58,1307.32,1324.04,1298.75,-1.51,-19.99,2330812,2501311648.0,1.91,0.86
2014-12-31,1314.7,1331.6,1334.63,1311.5,1.86,24.28,2449389,2597197375.0,1.77,0.9
2015-01-05,1333.14,1395.65,1398.52,1333.14,4.81,64.05,4267571,4649833179.0,4.91,1.57
2015-01-06,1390.91,1426.82,1468.51,1382.16,2.23,31.17,4759045,5579123332.0,6.19,1.76
2015-01-07,1418.9,1420.69,1431.94,1413.43,-0.43,-6.13,2527065,3119171757.0,1.3,0.93
2015-01-08,1422.24,1409.67,1424.96,1398.18,-0.78,-11.02,2350821,2809278379.0,1.89,0.87
2015-01-09,1408.66,1394.55,1422.9,1394.51,-1.07,-15.12,2297069,2829429137.0,2.01,0.85
2015-01-12,1389.97,1404.63,1405.61,1384.31,0.72,10.08,2048598,2708582936.0,1.53,0.76
2015-01-13,1405.42,1412.26,1417.52,1403.94,0.54,7.63,1463858,2028080163.0,0.97,0.54
2015-01-14,1411.11,1394.04,1419.68,1390.62,-1.29,-18.22,1490052,1849414698.0,2.06,0.55
2015-01-15,1392.46,1404.96,1404.96,1391.15,0.78,10.92,1196028,1440548672.0,0.99,0.44
2015-01-16,1406.81,1414.77,1421.26,1406.18,0.7,9.81,1476756,1775998279.0,1.07,0.54
2015-01-19,1366.39,1316.5,1381.06,1303.91,-6.95,-98.27,2742958,2998357626.0,5.45,1.01
2015-01-20,1319.4,1348.8,1351.98,1319.4,2.45,32.3,1938468,2209826221.0,2.47,0.72
2015-01-21,1355.46,1387.89,1388.51,1355.0,2.9,39.09,1856593,2079728072.0,2.48,0.68
2015-01-22,1390.43,1411.95,1413.87,1389.07,1.73,24.06,1813391,2180726192.0,1.79,0.67
2015-01-23,1417.72,1401.86,1421.8,1396.6,-0.71,-10.09,1768704,2084196487.0,1.78,0.65
2015-01-26,1405.9,1422.27,1422.27,1401.9,1.46,20.41,1667308,1884285933.0,1.45,0.62
2015-01-27,1424.48,1462.29,1466.34,1424.48,2.81,40.02,3241641,3760643861.0,2.94,1.2
2015-01-28,1452.51,1447.77,1468.07,1440.82,-0.99,-14.52,2258830,2557982083.0,1.86,0.83
2015-01-29,1436.56,1437.02,1443.5,1425.6,-0.74,-10.75,1397110,1551467458.0,1.24,0.52
2015-01-30,1438.41,1425.59,1447.54,1422.87,-0.8,-11.43,1275605,1571441831.0,1.72,0.47
2015-02-02,1403.8,1406.07,1412.43,1397.27,-1.37,-19.52,1140346,1372549883.0,1.06,0.42
2015-02-03,1414.08,1427.1,1428.4,1410.96,1.5,21.03,1281835,1501068358.0,1.24,0.47
2015-02-04,1436.08,1423.64,1447.58,1421.78,-0.24,-3.46,1422744,1631753139.0,1.81,0.52
2015-02-05,1435.12,1402.99,1436.03,1402.37,-1.45,-20.65,1275900,1514795078.0,2.36,0.47
2015-02-06,1399.35,1373.08,1399.35,1365.05,-2.13,-29.91,1022908,1119291881.0,2.44,0.38
2015-02-09,1368.14,1381.35,1390.13,1368.14,0.6,8.27,808628,1040381124.0,1.6,0.3
2015-02-10,1384.92,1408.23,1408.23,1382.47,1.95,26.88,1064622,1400297126.0,1.86,0.39
2015-02-11,1412.32,1417.19,1421.69,1409.78,0.64,8.96,904807,1271783942.0,0.85,0.33
2015-02-12,1417.11,1430.76,1432.62,1410.46,0.96,13.57,1015641,1127556284.0,1.56,0.37
2015-02-13,1435.57,1449.46,1458.59,1435.57,1.31,18.7,1713163,1892287049.0,1.61,0.63
2015-02-16,1448.93,1477.73,1479.19,1446.25,1.95,28.27,1929512,2280485538.0,2.27,0.71
2015-02-17,1483.38,1512.35,1530.93,1483.38,2.34,34.62,2752532,3204218693.0,3.22,1.02
2015-02-25,1513.0,1492.1,1513.94,1488.86,-1.34,-20.25,1617178,1927117604.0,1.66,0.6
2015-02-26,1488.6,1506.57,1506.65,1485.1,0.97,14.47,1652445,1845616388.0,1.44,0.61
2015-02-27,1507.82,1525.28,1528.85,1506.37,1.24,18.71,2205187,2182051080.0,1.49,0.81
2015-03-02,1545.56,1566.5,1572.16,1537.71,2.7,41.22,3786424,3872315673.0,2.26,1.4
2015-03-03,1561.11,1528.66,1561.11,1527.32,-2.42,-37.84,2597834,2899304893.0,2.16,0.96
2015-03-04,1528.48,1544.4,1546.87,1528.48,1.03,15.74,2067550,2240753467.0,1.2,0.76
2015-03-05,1541.69,1548.33,1548.95,1530.31,0.25,3.93,2446917,2437467665.0,1.21,0.9
2015-03-06,1549.26,1520.92,1551.14,1518.62,-1.77,-27.41,2470674,2518342270.0,2.1,0.91
2015-03-09,1514.92,1535.94,1536.06,1511.13,0.99,15.02,2626740,2669240391.0,1.64,0.97
2015-03-10,1537.87,1553.74,1556.92,1533.71,1.16,17.8,2176221,2436886922.0,1.51,0.8
2015-03-11,1552.48,1559.33,1566.26,1552.48,0.36,5.59,2205759,2322431370.0,0.89,0.81
2015-03-12,1555.16,1540.89,1560.27,1538.84,-1.18,-18.44,2204574,2181823050.0,1.37,0.81
2015-03-13,1544.49,1550.76,1550.76,1539.52,0.64,9.87,1733023,1858820352.0,0.73,0.64
2015-03-16,1551.42,1569.84,1571.35,1545.48,1.23,19.08,3196715,3863114396.0,1.67,1.18
2015-03-17,1575.78,1605.69,1607.46,1571.66,2.28,35.85,4838657,5084640192.0,2.28,1.78
2015-03-18,1605.52,1623.15,1623.15,1593.71,1.09,17.46,4038425,4430867742.0,1.83,1.49
2015-03-19,1629.92,1660.62,1660.62,1621.73,2.31,37.47,4495468,5082746344.0,2.4,1.66
2015-03-20,1659.71,1652.58,1660.55,1642.23,-0.48,-8.04,3325839,3858464691.0,1.1,1.23
2015-03-23,1653.31,1682.76,1688.58,1651.71,1.83,30.18,4771041,5195322324.0,2.23,1.76
2015-03-24,1684.73,1669.76,1688.89,1628.71,-0.77,-13.0,4303916,4930752868.0,3.58,1.59
2015-03-25,1669.88,1678.75,1681.3,1656.64,0.54,8.99,3516545,4056251492.0,1.48,1.3
2015-03-26,1676.27,1675.67,1688.36,1656.13,-0.18,-3.08,3493464,4174321257.0,1.92,1.29
2015-03-27,1676.52,1685.75,1688.74,1671.58,0.6,10.08,2727163,3188956930.0,1.02,1.01
2015-03-30,1693.48,1715.78,1718.32,1691.25,1.78,30.03,3637851,4717246787.0,1.61,1.34
2015-03-31,1725.39,1708.82,1730.26,1698.94,-0.41,-6.96,3654117,5206685778.0,1.83,1.35
2015-04-01,1711.07,1759.82,1768.3,1711.07,2.98,51.0,5431374,6395374015.0,3.35,2.0
2015-04-02,1767.24,1772.71,1773.58,1746.41,0.73,12.89,4898122,5505723107.0,1.54,1.81
2015-04-03,1760.47,1796.71,1797.03,1755.18,1.35,24.0,4144222,5083218101.0,2.36,1.53
2015-04-07,1806.37,1826.61,1827.3,1793.74,1.66,29.9,4528226,6210756787.0,1.87,1.67
2015-04-08,1834.83,1806.95,1834.83,1778.38,-1.08,-19.66,4449629,5787852342.0,3.09,1.64
2015-04-09,1805.27,1758.52,1805.69,1726.25,-2.68,-48.43,3815955,4879661276.0,4.4,1.41
2015-04-10,1754.12,1802.72,1803.78,1746.29,2.51,44.2,3440782,4489070904.0,3.27,1.27
2015-04-13,1821.0,1847.7,1854.78,1804.85,2.5,44.98,4533093,6607547383.0,2.77,1.67
2015-04-14,1838.06,1829.33,1838.06,1814.78,-0.99,-18.37,3949184,5130065510.0,1.26,1.46
2015-04-15,1833.02,1785.16,1836.38,1785.16,-2.41,-44.17,4017979,5053763720.0,2.8,1.48
2015-04-16,1772.55,1825.85,1825.85,1747.05,2.28,40.69,3487123,4941435482.0,4.41,1.29
2015-04-17,1838.36,1836.59,1850.43,1819.29,0.59,10.74,4707254,6281323037.0,1.71,1.74
2015-04-20,1824.13,1810.22,1850.74,1798.04,-1.44,-26.37,5788237,7970008839.0,2.87,2.14
2015-04-21,1808.62,1867.43,1867.43,1808.62,3.16,57.21,4536979,6486945312.0,3.25,1.67
2015-04-22,1874.43,1904.67,1906.07,1874.43,1.99,37.24,4450620,6539912237.0,1.69,1.64
2015-04-23,1907.59,1953.87,1965.83,1905.23,2.58,49.2,5983129,8236543616.0,3.18,2.21
2015-04-24,1928.11,1946.24,1953.33,1900.23,-0.39,-7.63,4691754,6839922401.0,2.72,1.73
2015-04-27,1948.57,1937.37,1964.38,1919.1,-0.46,-8.87,3961294,5925400665.0,2.33,1.46
2015-04-28,1934.08,1852.04,1934.61,1838.08,-4.4,-85.33,3901078,6027457241.0,4.98,1.44
2015-04-29,1850.72,1916.21,1920.1,1848.86,3.46,64.17,3589536,5751100531.0,3.85,1.32
2015-04-30,1928.37,1904.61,1945.79,1904.61,-0.61,-11.6,3278758,5207009594.0,2.15,1.21
2015-05-04,1934.97,1950.17,1965.38,1924.56,2.39,45.56,2793301,4707941135.0,2.14,1.03
2015-05-05,1950.22,1882.72,1951.33,1873.77,-3.46,-67.45,2324345,3525841205.0,3.98,0.86
2015-05-06,1887.72,1857.65,1917.31,1845.23,-1.33,-25.07,2019239,2901818760.0,3.83,0.74
2015-05-07,1839.63,1841.46,1864.31,1828.43,-0.87,-16.19,2968827,3537249559.0,1.93,1.1
2015-05-08,1837.47,1882.54,1882.54,1837.28,2.23,41.08,3428041,5512349720.0,2.46,1.26
2015-05-11,1896.65,1941.6,1941.6,1884.17,3.14,59.06,3650293,5654399156.0,3.05,1.35
2015-05-12,1950.45,1973.55,1977.87,1935.1,1.65,31.95,4690312,6969013910.0,2.2,1.73
2015-05-13,1966.48,1966.44,1989.06,1952.7,-0.36,-7.11,3436914,5591404284.0,1.84,1.27
2015-05-14,1969.61,1968.17,1977.6,1940.24,0.09,1.73,2641765,4495230798.0,1.9,0.97
2015-05-15,1975.89,1964.94,1986.53,1927.95,-0.16,-3.23,4838820,7095221433.0,2.98,1.78
2015-05-18,1944.84,1958.27,1973.56,1940.78,-0.34,-6.67,3967654,5851154798.0,1.67,1.46
2015-05-19,1959.33,2002.35,2005.17,1959.33,2.25,44.08,4311081,6548975638.0,2.34,1.59
2015-05-20,2008.23,2035.46,2064.19,2005.9,1.65,33.11,4365113,6487826950.0,2.91,1.61
2015-05-21,2029.21,2079.44,2079.44,2025.38,2.16,43.98,4363387,6814269445.0,2.66,1.61
2015-05-22,2090.36,2107.18,2108.68,2062.92,1.33,27.74,5106545,7880169681.0,2.2,1.88
2015-05-25,2094.15,2148.38,2151.44,2081.46,1.96,41.2,5580174,8828942546.0,3.32,2.06
2015-05-26,2168.54,2190.67,2193.65,2122.83,1.97,42.29,6089788,9762648868.0,3.3,2.25
2015-05-27,2192.42,2181.68,2192.42,2152.16,-0.41,-8.99,4890555,7866983113.0,1.84,1.8
2015-05-28,2173.49,2035.9,2209.66,2035.68,-6.68,-145.78,6191570,9519043363.0,7.97,2.28
2015-05-29,2023.09,2006.31,2054.67,1938.51,-1.45,-29.59,4607914,6536138154.0,5.71,1.7
2015-06-01,2016.13,2123.06,2123.06,2016.13,5.82,116.75,3885191,5849781166.0,5.33,1.43
2015-06-02,2155.1,2198.29,2198.7,2140.17,3.54,75.23,5401602,8136497492.0,2.76,1.99
2015-06-03,2221.98,2227.69,2240.08,2176.7,1.34,29.4,4786232,7683639531.0,2.88,1.77
2015-06-04,2243.63,2243.8,2254.89,2118.83,0.72,16.11,4646884,7151405682.0,6.11,1.71
2015-06-05,2277.26,2316.35,2316.73,2259.98,3.23,72.55,5951814,10064669218.0,2.53,2.2
2015-06-08,2336.69,2328.39,2340.84,2293.29,0.52,12.04,7986160,13156772637.0,2.05,2.95
2015-06-09,2323.06,2340.58,2360.43,2305.14,0.52,12.19,6688143,11069133033.0,2.37,2.47
2015-06-10,2319.97,2344.92,2370.08,2291.59,0.19,4.34,5616532,8898927924.0,3.35,2.07
2015-06-11,2334.15,2355.18,2355.42,2309.83,0.44,10.26,4789415,7791616920.0,1.94,1.77
2015-06-12,2363.51,2446.47,2447.36,2363.51,3.88,91.29,6143499,10278003516.0,3.56,2.27
2015-06-15,2463.88,2471.9,2522.43,2448.41,1.04,25.43,6547795,11472148031.0,3.03,2.42
2015-06-16,2446.27,2383.11,2447.52,2345.74,-3.59,-88.79,5082596,8502836093.0,4.12,1.87
2015-06-17,2374.85,2454.31,2461.74,2313.79,2.99,71.2,4720680,8063009253.0,6.21,1.74
2015-06-18,2446.41,2410.55,2495.3,2404.62,-1.78,-43.76,5009483,8515336356.0,3.69,1.85
2015-06-19,2328.58,2239.69,2367.83,2238.5,-7.09,-170.86,3911199,6565608343.0,5.37,1.44
2015-06-23,2229.47,2321.07,2321.07,2103.11,3.63,81.38,4633266,7584503428.0,9.73,1.71
2015-06-24,2338.34,2439.03,2451.27,2324.56,5.08,117.96,5707949,10178936629.0,5.46,2.11
2015-06-25,2409.78,2275.46,2413.69,2257.1,-6.71,-163.57,5309658,9347261139.0,6.42,1.96
2015-06-26,2183.67,2070.96,2190.68,2060.74,-8.99,-204.5,4722699,7412386423.0,5.71,1.74
2015-06-29,2111.37,1972.97,2116.59,1895.56,-4.73,-97.99,6241558,9146366166.0,10.67,2.3
2015-06-30,1925.14,2076.4,2084.84,1824.69,5.24,103.43,6894023,9863539498.0,13.19,2.54
2015-07-01,2044.26,1949.87,2119.32,1939.07,-6.09,-126.53,5979316,9002827893.0,8.68,2.21
2015-07-02,1947.23,1796.29,1954.1,1783.49,-7.88,-153.58,5304095,6937309769.0,8.75,1.96
2015-07-03,1718.25,1658.37,1803.42,1626.04,-7.68,-137.92,4788412,5473559648.0,9.87,1.77
2015-07-06,1801.92,1572.95,1801.92,1525.61,-5.15,-85.42,5748244,6853784787.0,16.66,2.12
2015-07-07,1493.7,1427.84,1494.45,1427.41,-9.23,-145.11,4087924,4467777180.0,4.26,1.51
2015-07-08,1293.06,1292.57,1320.25,1285.04,-9.47,-135.27,5438519,5049180730.0,2.47,2.01
2015-07-09,1233.79,1421.91,1421.91,1233.52,10.01,129.34,5526307,5913473804.0,14.57,2.04
2015-07-10,1453.6,1562.24,1563.88,1453.6,9.87,140.33,4059983,5194670775.0,7.76,1.5
2015-07-13,1625.09,1700.01,1702.83,1608.21,8.82,137.77,5996508,7452675868.0,6.06,2.21
2015-07-14,1696.36,1665.91,1763.33,1644.99,-2.01,-34.1,6229394,7283281720.0,6.96,2.3
2015-07-15,1633.29,1517.04,1634.27,1510.91,-8.94,-148.87,4292767,4463062025.0,7.4,1.58
2015-07-16,1468.36,1553.13,1593.44,1427.88,2.38,36.09,3547497,3701036148.0,10.91,1.31
2015-07-17,1566.21,1654.07,1668.42,1564.78,6.5,100.94,4005704,4320084495.0,6.67,1.48
2015-07-20,1668.89,1675.04,1698.21,1623.69,1.27,20.97,4456350,4912278626.0,4.51,1.64
2015-07-21,1652.37,1706.92,1727.97,1636.98,1.9,31.88,3942600,4664062054.0,5.43,1.45
2015-07-22,1722.9,1769.48,1774.12,1698.18,3.67,62.56,4815701,5627160449.0,4.45,1.78
2015-07-23,1782.14,1823.16,1827.75,1764.62,3.03,53.68,5154410,5832289158.0,3.57,1.9
2015-07-24,1839.11,1773.76,1843.47,1759.32,-2.71,-49.4,4930858,5546327579.0,4.62,1.82
2015-07-27,1731.39,1619.35,1776.5,1619.35,-8.71,-154.41,5538770,6647717694.0,8.86,2.04
2015-07-28,1545.82,1601.99,1653.09,1507.25,-1.07,-17.36,5441000,5679442777.0,9.01,2.01
2015-07-29,1628.93,1684.75,1684.99,1578.96,5.17,82.76,3726955,4059102837.0,6.62,1.37
2015-07-30,1674.54,1615.46,1701.46,1609.62,-4.11,-69.29,3410669,3715826817.0,5.45,1.26
2015-07-31,1587.99,1608.08,1630.6,1580.67,-0.46,-7.38,2682464,2813605421.0,3.09,0.99
2015-08-03,1591.49,1609.69,1630.42,1553.31,0.1,1.61,3224895,3497990088.0,4.8,1.19
2015-08-04,1612.4,1693.88,1693.88,1610.73,5.23,84.19,3704613,4478935905.0,5.17,1.37
2015-08-05,1676.04,1668.73,1723.11,1657.89,-1.48,-25.15,3651186,4455598115.0,3.85,1.35
2015-08-06,1647.2,1725.01,1754.8,1640.78,3.37,56.28,5547409,6425359795.0,6.83,2.05
2015-08-07,1734.27,1760.92,1762.6,1712.04,2.08,35.91,4972198,5617808942.0,2.93,1.83
2015-08-10,1795.84,1854.25,1860.76,1791.6,5.3,93.33,4894170,5774452136.0,3.93,1.81
2015-08-11,1874.59,1862.55,1904.41,1855.88,0.45,8.3,6021578,7861930577.0,2.62,2.22
2015-08-12,1836.13,1818.98,1869.77,1818.12,-2.34,-43.57,5047201,6346127457.0,2.77,1.86
2015-08-13,1811.84,1879.76,1879.76,1808.68,3.34,60.78,4738663,5900023380.0,3.91,1.75
2015-08-14,1890.28,1906.47,1919.43,1873.34,1.42,26.71,5548488,7383045955.0,2.45,2.05
2015-08-17,1898.39,1974.72,1974.72,1882.06,3.58,68.25,6231949,8717114611.0,4.86,2.3
2015-08-18,1984.93,1810.6,1986.76,1792.88,-8.31,-164.12,7337391,9810553139.0,9.82,2.71
2015-08-19,1757.39,1872.81,1879.69,1704.42,3.44,62.21,6798982,8977328136.0,9.68,2.51
2015-08-20,1840.31,1789.58,1864.34,1786.27,-4.44,-83.23,5256630,7068452450.0,4.17,1.94
2015-08-21,1754.53,1655.28,1770.75,1651.2,-7.5,-134.3,4310682,5416966631.0,6.68,1.59
2015-08-24,1563.78,1490.64,1563.78,1489.72,-9.95,-164.64,4394535,5065852145.0,4.47,1.62
2015-08-25,1363.32,1373.09,1428.43,1358.87,-7.89,-117.55,5017031,5491429814.0,4.67,1.85
2015-08-26,1381.76,1351.37,1449.82,1302.85,-1.58,-21.72,5928115,6384485828.0,10.7,2.19
2015-08-27,1380.67,1419.72,1419.72,1321.62,5.06,68.35,4703246,5089642393.0,7.26,1.73
2015-08-28,1437.82,1521.62,1521.71,1431.87,7.18,101.9,5258046,6058810441.0,6.33,1.94
2015-08-31,1507.96,1468.08,1507.96,1468.03,-3.52,-53.54,4669361,5455207314.0,2.62,1.72
2015-09-01,1451.86,1363.33,1451.86,1363.33,-7.14,-104.75,3556770,3588301089.0,6.03,1.31
2015-09-02,1289.23,1326.31,1394.12,1287.15,-2.72,-37.02,4015759,4124630370.0,7.85,1.48
2015-09-07,1348.34,1347.06,1401.98,1334.2,1.56,20.75,3524448,3658282865.0,5.11,1.3
2015-09-08,1337.37,1414.44,1420.81,1318.1,5.0,67.38,2897401,2812050746.0,7.62,1.07
2015-09-09,1422.44,1492.93,1494.25,1422.44,5.55,78.49,5180136,5561768200.0,5.08,1.91
2015-09-10,1475.57,1467.44,1510.73,1463.76,-1.71,-25.49,4057317,4336192234.0,3.15,1.5
2015-09-11,1462.58,1470.01,1482.51,1438.78,0.18,2.57,3349571,3307749816.0,2.98,1.24
2015-09-14,1487.82,1357.79,1490.87,1345.16,-7.63,-112.22,3967172,4066617274.0,9.91,1.46
2015-09-15,1321.27,1275.27,1350.92,1271.78,-6.08,-82.52,2692844,2428343608.0,5.83,0.99
2015-09-16,1283.72,1381.87,1392.31,1274.22,8.36,106.6,3400354,3201708495.0,9.26,1.25
2015-09-17,1376.08,1352.13,1429.38,1352.13,-2.15,-29.74,4098547,4090249742.0,5.59,1.51
2015-09-18,1365.22,1380.92,1388.59,1351.62,2.13,28.79,2287910,2191941394.0,2.73,0.84
2015-09-21,1363.47,1423.7,1424.94,1357.9,3.1,42.78,2492947,2416211248.0,4.85,0.92
2015-09-22,1427.46,1436.86,1450.09,1420.58,0.92,13.16,2961974,2905370841.0,2.07,1.09
2015-09-23,1408.34,1415.08,1460.03,1403.18,-1.52,-21.78,2924803,2926827967.0,3.96,1.08
2015-09-24,1424.46,1424.42,1433.62,1401.38,0.66,9.34,2378062,2236369270.0,2.28,0.88
2015-09-25,1413.74,1380.64,1428.43,1366.15,-3.07,-43.78,2190770,2158283487.0,4.37,0.81
2015-09-28,1379.11,1436.51,1436.78,1379.11,4.05,55.87,2260341,2218204782.0,4.18,0.83
2015-09-29,1421.99,1434.57,1438.91,1413.18,-0.14,-1.94,2356545,2537763017.0,1.79,0.87
2015-09-30,1488.65,1456.99,1500.27,1448.71,1.56,22.42,2770927,3294680024.0,3.59,1.02
2015-10-08,1510.53,1511.61,1534.32,1497.11,3.75,54.62,3620203,4220774917.0,2.55,1.34
2015-10-09,1511.22,1546.96,1546.96,1504.44,2.34,35.35,3204226,3519952596.0,2.81,1.18
2015-10-12,1554.38,1599.31,1618.28,1550.94,3.38,52.35,4626284,5223283421.0,4.35,1.71
2015-10-13,1585.82,1623.12,1632.21,1573.42,1.49,23.81,3736146,4279836558.0,3.68,1.38
2015-10-14,1611.75,1573.21,1616.32,1569.91,-3.07,-49.91,2942370,3406349766.0,2.86,1.09
2015-10-15,1564.45,1609.4,1610.68,1564.02,2.3,36.19,2771920,3113911816.0,2.97,1.02
2015-10-16,1621.19,1620.5,1633.64,1590.04,0.69,11.1,3261701,3786768765.0,2.71,1.2
2015-10-19,1625.39,1693.26,1709.95,1610.52,4.49,72.76,5256215,6162597494.0,6.14,1.94
2015-10-20,1683.76,1677.71,1689.78,1647.66,-0.92,-15.55,4024535,4758596114.0,2.49,1.48
2015-10-21,1676.93,1546.31,1685.22,1538.64,-7.83,-131.4,4465503,5065032392.0,8.74,1.65
2015-10-22,1537.86,1590.96,1600.7,1530.88,2.89,44.65,3179173,3530349131.0,4.52,1.17
2015-10-23,1619.12,1615.11,1631.78,1584.16,1.52,24.15,3163714,3650490667.0,2.99,1.17
2015-10-26,1642.9,1672.88,1690.2,1622.7,3.58,57.77,5217437,6630572778.0,4.18,1.92
2015-10-27,1678.75,1699.34,1705.79,1636.79,1.58,26.46,5120294,6423687299.0,4.12,1.89
2015-10-28,1702.68,1712.63,1740.51,1696.03,0.78,13.29,5806909,7076109570.0,2.62,2.14
2015-10-29,1734.56,1736.68,1749.61,1716.25,1.4,24.05,5476048,6352513918.0,1.95,2.02
2015-10-30,1724.99,1719.31,1740.96,1691.78,-1.0,-17.37,5189258,6036680896.0,2.83,1.91
2015-11-02,1683.83,1659.05,1719.24,1657.49,-3.5,-60.26,3627386,4359317367.0,3.59,1.34
2015-11-03,1651.3,1653.95,1672.53,1625.79,-0.31,-5.1,3110124,3681082573.0,2.82,1.15
2015-11-04,1660.52,1738.16,1738.16,1660.52,5.09,84.21,4038768,4744738638.0,4.69,1.49
2015-11-05,1749.89,1735.54,1756.86,1721.72,-0.15,-2.62,5224704,6106062146.0,2.02,1.93
2015-11-06,1739.79,1759.7,1762.76,1739.79,1.39,24.16,3950159,4721742101.0,1.32,1.46
2015-11-09,1748.32,1767.81,1783.5,1733.86,0.46,8.11,5409327,6495081085.0,2.82,2.0
2015-11-10,1756.6,1772.76,1776.55,1748.21,0.28,4.95,4114421,4934119267.0,1.6,1.52
2015-11-11,1796.72,1793.04,1803.75,1774.96,1.14,20.28,3721980,4544298882.0,1.62,1.37
2015-11-12,1807.93,1805.22,1815.22,1780.77,0.68,12.18,4140035,4959373554.0,1.92,1.53
2015-11-13,1822.97,1848.48,1884.0,1812.99,2.4,43.26,8006520,9539004410.0,3.93,2.95
2015-11-16,1816.15,1874.79,1874.79,1816.15,1.42,26.31,5326721,6566117037.0,3.17,1.96
2015-11-17,1894.33,1848.68,1910.01,1847.58,-1.39,-26.11,6561631,7798995982.0,3.33,2.42
2015-11-18,1849.29,1799.78,1856.96,1795.4,-2.65,-48.9,3567125,4302575691.0,3.33,1.32
2015-11-19,1804.05,1846.25,1846.25,1801.77,2.58,46.47,2821614,3596880656.0,2.47,1.04
2015-11-20,1865.29,1856.67,1865.68,1846.58,0.56,10.42,2859056,3735096103.0,1.03,1.05
2015-11-23,1855.71,1836.36,1862.43,1830.53,-1.09,-20.31,2374458,2911070640.0,1.72,0.88
2015-11-24,1832.03,1837.69,1837.69,1807.51,0.07,1.33,1815666,2334822006.0,1.64,0.67
2015-11-25,1835.53,1888.05,1888.05,1826.25,2.74,50.36,2642152,3543037823.0,3.36,0.97
2015-11-26,1903.09,1905.72,1930.95,1898.79,0.94,17.67,3249050,4680048001.0,1.7,1.2
2015-11-27,1889.19,1771.91,1890.49,1759.34,-7.02,-133.81,3625931,4743683340.0,6.88,1.34
2015-11-30,1771.3,1793.62,1795.6,1705.68,1.23,21.71,3077347,4109506026.0,5.07,1.14
2015-12-01,1785.12,1773.88,1788.27,1755.78,-1.1,-19.74,2263275,2988494673.0,1.81,0.83
2015-12-02,1769.04,1812.79,1812.79,1756.78,2.19,38.91,2755959,3831667223.0,3.16,1.02
2015-12-03,1816.11,1840.27,1846.25,1814.11,1.52,27.48,2340224,3279660390.0,1.77,0.86
2015-12-04,1830.22,1814.47,1842.06,1810.52,-1.4,-25.8,2113778,2933855093.0,1.71,0.78
2015-12-07,1819.08,1822.74,1826.8,1802.87,0.46,8.27,1763942,2477472502.0,1.32,0.65
2015-12-08,1814.04,1765.44,1814.04,1765.25,-3.14,-57.3,2189429,2886213641.0,2.68,0.81
2015-12-09,1760.93,1788.69,1802.73,1755.59,1.32,23.25,2197286,2937829229.0,2.67,0.81
2015-12-10,1791.2,1751.61,1791.91,1743.72,-2.07,-37.08,1951464,2612594764.0,2.69,0.72
2015-12-11,1741.82,1741.89,1747.07,1726.97,-0.55,-9.72,1569003,2012929000.0,1.15,0.58
2015-12-14,1730.07,1786.43,1786.43,1725.11,2.56,44.54,1759157,2220461185.0,3.52,0.65
2015-12-15,1790.72,1794.03,1796.5,1776.88,0.43,7.6,1796005,2502589787.0,1.1,0.66
2015-12-16,1799.88,1788.86,1809.42,1788.54,-0.29,-5.17,1699686,2256525408.0,1.16,0.63
2015-12-17,1803.24,1831.48,1831.48,1803.24,2.38,42.62,2347693,3082241208.0,1.58,0.87
2015-12-18,1823.95,1815.74,1830.08,1807.45,-0.86,-15.74,1992175,2579993011.0,1.24,0.73
2015-12-21,1811.49,1839.09,1844.84,1811.49,1.29,23.35,2018442,2805953889.0,1.84,0.74
2015-12-22,1843.55,1849.96,1853.11,1837.4,0.59,10.87,1632922,2247457112.0,0.85,0.6
2015-12-23,1853.96,1829.28,1853.96,1828.25,-1.12,-20.68,1870567,2440164719.0,1.39,0.69
2015-12-24,1823.5,1816.67,1828.97,1801.47,-0.69,-12.61,1501920,1809339763.0,1.5,0.55
2015-12-25,1825.22,1841.24,1850.98,1817.52,1.35,24.57,1658741,2076464561.0,1.84,0.61
2015-12-28,1843.64,1812.72,1871.53,1811.91,-1.55,-28.52,2376426,2966170015.0,3.24,0.88
2015-12-29,1806.1,1841.7,1841.7,1804.89,1.6,28.98,1841883,2236038135.0,2.03,0.68
2015-12-30,1848.17,1855.58,1868.81,1842.54,0.75,13.88,2189120,2675324678.0,1.43,0.81
2015-12-31,1854.65,1849.62,1864.26,1841.54,-0.32,-5.96,2085207,2844299376.0,1.22,0.77
2016-01-04,1847.53,1701.97,1848.28,1700.65,-7.98,-147.65,1826842,2321133383.0,7.98,0.67
2016-01-05,1634.64,1701.22,1727.34,1630.79,-0.04,-0.75,2462313,2997173885.0,5.67,0.91
2016-01-06,1703.42,1739.94,1739.94,1703.42,2.28,38.72,1764882,2190701876.0,2.15,0.65
2016-01-07,1710.01,1598.88,1710.01,1592.67,-8.11,-141.06,484988,548407021.0,6.74,0.18
2016-01-08,1634.22,1616.02,1653.47,1544.94,1.07,17.14,2604596,3051543383.0,6.79,0.96
2016-01-11,1586.55,1508.97,1604.06,1508.97,-6.62,-107.05,2336810,2583267606.0,5.88,0.86
2016-01-12,1522.64,1538.69,1549.37,1501.95,1.97,29.72,2044906,2247933826.0,3.14,0.75
2016-01-13,1549.85,1500.16,1558.23,1500.16,-2.5,-38.53,1833733,1973705067.0,3.77,0.68
2016-01-14,1461.39,1550.44,1551.35,1450.62,3.35,50.28,1946863,2194166888.0,6.71,0.72
2016-01-15,1535.8,1494.67,1553.69,1481.7,-3.6,-55.77,1713277,1934631725.0,4.64,0.63
2016-01-18,1460.83,1512.8,1529.17,1460.83,1.21,18.13,1466809,1650661000.0,4.57,0.54
2016-01-19,1518.25,1562.88,1563.79,1512.76,3.31,50.08,1816351,2152165206.0,3.37,0.67
2016-01-20,1551.31,1541.33,1571.67,1533.18,-1.38,-21.55,1482533,1742234271.0,2.46,0.55
2016-01-21,1513.08,1475.44,1552.01,1475.44,-4.27,-65.89,1591193,1879580630.0,4.97,0.59
2016-01-22,1492.61,1488.44,1497.76,1455.25,0.88,13.0,1402029,1549750821.0,2.88,0.52
2016-01-25,1496.9,1495.82,1501.1,1478.51,0.5,7.38,1597341,1738885203.0,1.52,0.59
2016-01-26,1475.47,1406.53,1501.32,1400.67,-5.97,-89.29,2475596,2380074998.0,6.73,0.91
2016-01-27,1407.26,1383.3,1415.81,1320.82,-1.65,-23.23,2070880,1866632615.0,6.75,0.76
2016-01-28,1370.71,1316.97,1387.81,1316.12,-4.8,-66.33,1562913,1418726888.0,5.18,0.58
2016-01-29,1316.33,1366.69,1379.39,1316.33,3.78,49.72,1627294,1508306042.0,4.79,0.6
2016-02-01,1363.28,1343.27,1373.63,1325.98,-1.71,-23.42,1402025,1403790912.0,3.49,0.52
2016-02-02,1346.55,1390.75,1399.07,1346.55,3.53,47.48,1421859,1403762808.0,3.91,0.52
2016-02-03,1374.82,1393.87,1399.98,1357.36,0.22,3.12,1278403,1252599059.0,3.06,0.47
2016-02-04,1394.78,1425.11,1436.2,1394.78,2.24,31.24,1435812,1455833580.0,2.97,0.53
2016-02-05,1429.61,1408.78,1433.18,1408.56,-1.15,-16.33,989743,1006010000.0,1.73,0.37
2016-02-15,1368.8,1409.8,1418.19,1364.69,0.07,1.02,965923,980229301.0,3.8,0.36
2016-02-16,1417.61,1454.52,1456.22,1417.61,3.17,44.72,1532189,1464160945.0,2.74,0.57
2016-02-17,1449.82,1472.73,1478.39,1444.27,1.25,18.21,1723239,1692455098.0,2.35,0.64
2016-02-18,1482.84,1458.43,1486.16,1453.52,-0.97,-14.3,1541722,1541917278.0,2.22,0.57
2016-02-19,1457.22,1464.34,1469.26,1451.57,0.41,5.91,1152513,1136776464.0,1.21,0.43
2016-02-22,1479.64,1525.68,1542.18,1479.64,4.19,61.34,1820502,2116463773.0,4.27,0.67
2016-02-23,1532.7,1509.81,1532.7,1488.24,-1.04,-15.87,1714450,1889209851.0,2.91,0.63
2016-02-24,1506.7,1544.55,1544.55,1494.81,2.3,34.74,1779905,1921828147.0,3.29,0.66
2016-02-25,1551.59,1423.66,1551.59,1412.35,-7.83,-120.89,2425299,2640043569.0,9.01,0.89
2016-02-26,1429.37,1439.04,1450.02,1405.79,1.08,15.38,1308709,1351665449.0,3.11,0.48
2016-02-29,1433.18,1346.39,1433.18,1331.3,-6.44,-92.65,1361669,1390951334.0,7.08,0.5
2016-03-01,1351.62,1373.4,1384.07,1330.04,2.01,27.01,1175978,1191524638.0,4.01,0.43
2016-03-02,1374.92,1446.86,1449.81,1374.13,5.35,73.46,1650098,1785555191.0,5.51,0.61
2016-03-03,1444.15,1444.91,1464.83,1440.75,-0.13,-1.95,1520741,1566022652.0,1.66,0.56
2016-03-04,1459.98,1445.96,1485.44,1429.95,0.07,1.05,2651645,2486505273.0,3.84,0.98
2016-03-07,1455.0,1465.73,1483.62,1451.75,1.37,19.77,1615377,1534629695.0,2.2,0.6
2016-03-08,1467.27,1484.09,1485.98,1414.89,1.25,18.36,1675057,1616345785.0,4.85,0.62
2016-03-09,1461.45,1453.41,1476.6,1444.28,-2.07,-30.68,1136579,1140163513.0,2.18,0.42
2016-03-10,1456.11,1434.62,1467.75,1433.8,-1.29,-18.79,1073481,1067767753.0,2.34,0.4
2016-03-11,1421.65,1426.59,1437.98,1413.81,-0.56,-8.03,846728,804231418.0,1.68,0.31
2016-03-14,1440.49,1475.29,1490.14,1440.49,3.41,48.7,1383584,1412057145.0,3.48,0.51
2016-03-15,1470.95,1477.66,1495.14,1470.3,0.16,2.37,1486555,1563238025.0,1.68,0.55
2016-03-16,1478.9,1465.81,1484.3,1457.69,-0.8,-11.85,1315726,1441333730.0,1.8,0.49
2016-03-17,1468.95,1509.13,1513.99,1468.95,2.96,43.32,1585277,1677064899.0,3.07,0.58
2016-03-18,1528.46,1555.75,1563.97,1526.54,3.09,46.62,2260651,2267409254.0,2.48,0.83
2016-03-21,1587.76,1585.43,1587.76,1564.13,1.91,29.68,3244116,3658300609.0,1.52,1.2
2016-03-22,1573.51,1567.41,1579.83,1566.08,-1.14,-18.02,1599508,1613587596.0,0.87,0.59
2016-03-23,1550.92,1567.35,1585.46,1546.01,0.0,-0.06,2811574,2589248584.0,2.52,1.04
2016-03-24,1544.51,1536.26,1570.86,1533.91,-1.98,-31.09,3365267,3565532768.0,2.36,1.24
2016-03-25,1529.41,1533.56,1541.46,1513.99,-0.18,-2.7,2288951,2546062694.0,1.79,0.84
2016-03-28,1535.72,1528.62,1554.4,1520.73,-0.32,-4.94,2285770,2525685281.0,2.2,0.84
2016-03-29,1523.47,1491.04,1523.51,1478.15,-2.46,-37.58,2424590,2399728047.0,2.97,0.89
2016-03-30,1501.21,1538.19,1538.19,1501.12,3.16,47.15,2380746,2857840419.0,2.49,0.88
2016-03-31,1541.6,1533.02,1543.01,1523.56,-0.34,-5.17,2235978,2604675987.0,1.26,0.82
2016-04-01,1527.33,1515.63,1532.28,1494.15,-1.13,-17.39,2107966,2245053498.0,2.49,0.78
2016-04-05,1529.53,1557.73,1558.34,1521.96,2.78,42.1,3256419,3909545667.0,2.4,1.2
2016-04-06,1549.77,1562.91,1570.85,1545.2,0.33,5.18,2723477,3345337282.0,1.65,1.0
2016-04-07,1568.07,1535.22,1569.7,1535.2,-1.77,-27.69,2209510,2749599827.0,2.21,0.82
2016-04-08,1541.12,1521.83,1541.12,1502.46,-0.87,-13.39,2501294,2973693324.0,2.52,0.92
2016-04-11,1526.77,1542.12,1547.24,1526.77,1.33,20.29,2264637,3017994847.0,1.35,0.84
2016-04-12,1553.72,1545.33,1559.7,1533.56,0.21,3.21,2473484,3014914594.0,1.7,0.91
2016-04-13,1558.55,1562.54,1579.92,1557.99,1.11,17.21,3058274,3947795416.0,1.42,1.13
2016-04-14,1567.14,1573.56,1574.9,1557.59,0.71,11.02,2249240,2742810768.0,1.11,0.83
2016-04-15,1570.73,1576.41,1576.41,1557.06,0.18,2.85,1807777,2114437372.0,1.23,0.67
2016-04-18,1568.75,1562.49,1568.81,1551.63,-0.88,-13.92,2154750,2497255204.0,1.09,0.79
2016-04-19,1568.22,1575.79,1583.29,1564.72,0.85,13.3,2353544,2736717933.0,1.19,0.87
2016-04-20,1576.43,1505.16,1580.36,1478.03,-4.48,-70.63,2944347,3294535313.0,6.49,1.09
2016-04-21,1498.13,1483.78,1518.55,1481.88,-1.42,-21.38,1591343,1763538177.0,2.44,0.59
2016-04-22,1478.27,1498.85,1498.85,1470.31,1.02,15.07,1262877,1515972187.0,1.92,0.47
2016-04-25,1512.53,1497.22,1512.53,1483.99,-0.11,-1.63,1969512,2134714813.0,1.9,0.73
2016-04-26,1496.0,1519.65,1519.65,1496.0,1.5,22.43,1625119,1924958495.0,1.58,0.6
2016-04-27,1522.52,1519.19,1542.74,1515.75,-0.03,-0.46,1934796,2220436481.0,1.78,0.71
2016-04-28,1519.85,1510.59,1524.47,1484.67,-0.57,-8.6,1615136,1872380455.0,2.62,0.6
2016-04-29,1501.07,1507.31,1514.68,1498.93,-0.22,-3.28,1298145,1674692089.0,1.04,0.48
2016-05-03,1508.09,1540.69,1541.06,1492.58,2.21,33.38,2199026,2756858537.0,3.22,0.81
2016-05-04,1532.59,1537.29,1547.65,1530.05,-0.22,-3.4,1834308,2232835009.0,1.14,0.68
2016-05-05,1533.45,1542.23,1542.23,1523.83,0.32,4.94,1706869,2305444925.0,1.2,0.63
2016-05-06,1545.19,1499.95,1550.35,1499.95,-2.74,-42.28,2645397,3343347798.0,3.27,0.98
2016-05-09,1488.46,1455.38,1488.61,1443.99,-2.97,-44.57,2033451,2507052535.0,2.97,0.75
2016-05-10,1446.84,1430.23,1456.71,1424.83,-1.73,-25.15,1260788,1745169260.0,2.19,0.47
2016-05-11,1442.97,1435.16,1454.34,1428.92,0.34,4.93,1406446,1838579111.0,1.78,0.52
2016-05-12,1424.7,1451.11,1451.11,1404.91,1.11,15.95,2153287,2316709855.0,3.22,0.79
2016-05-13,1445.75,1439.72,1459.66,1432.31,-0.78,-11.39,1589977,1881641606.0,1.88,0.59
2016-05-16,1434.81,1455.85,1455.85,1424.01,1.12,16.13,1630022,1839327602.0,2.21,0.6
2016-05-17,1452.92,1448.69,1462.45,1447.83,-0.49,-7.16,1529282,1945470969.0,1.0,0.56
2016-05-18,1437.84,1405.51,1437.84,1390.83,-2.98,-43.18,1512315,1721939215.0,3.25,0.56
2016-05-19,1407.58,1406.11,1423.46,1402.54,0.04,0.6,1137344,1460773613.0,1.49,0.42
2016-05-20,1396.52,1418.4,1419.55,1392.0,0.87,12.29,1305182,1617636212.0,1.96,0.48
2016-05-23,1417.61,1440.47,1440.47,1416.63,1.56,22.07,1634063,1834254248.0,1.68,0.6
2016-05-24,1452.62,1455.49,1476.8,1445.67,1.04,15.02,4308131,3639010095.0,2.16,1.59
2016-05-25,1457.43,1439.63,1463.85,1434.78,-1.09,-15.86,3163045,2629734266.0,2.0,1.17
2016-05-26,1436.99,1441.98,1443.44,1406.38,0.16,2.35,1924362,1773185444.0,2.57,0.71
2016-05-27,1434.32,1435.62,1445.83,1429.26,-0.44,-6.36,1847933,1695792321.0,1.15,0.68
2016-05-30,1426.26,1420.32,1433.63,1413.4,-1.07,-15.3,1232665,1211606893.0,1.41,0.45
2016-05-31,1422.92,1472.07,1472.31,1422.92,3.64,51.75,2444457,2406967185.0,3.48,0.9
2016-06-01,1477.05,1476.52,1489.39,1470.32,0.3,4.45,2405700,2461050382.0,1.3,0.89
2016-06-02,1474.46,1489.33,1489.45,1470.39,0.87,12.81,2356618,2286693348.0,1.29,0.87
2016-06-03,1489.45,1490.26,1498.57,1481.72,0.06,0.93,1903126,2149961105.0,1.13,0.7
2016-06-06,1481.49,1490.39,1490.6,1478.53,0.01,0.13,2501546,2856083235.0,0.81,0.92
2016-06-07,1484.76,1507.07,1509.18,1480.77,1.12,16.68,4168808,4617052824.0,1.91,1.54
2016-06-08,1502.79,1524.66,1533.31,1502.79,1.17,17.59,3905697,4156660878.0,2.03,1.44
2016-06-13,1507.41,1501.44,1556.92,1501.44,-1.52,-23.22,4537125,4895638313.0,3.64,1.67
2016-06-14,1493.38,1507.94,1510.75,1476.31,0.43,6.5,3483631,3869851641.0,2.29,1.29
2016-06-15,1491.76,1585.69,1589.13,1489.52,5.16,77.75,4871744,5321537693.0,6.61,1.8
2016-06-16,1601.36,1604.17,1627.71,1595.37,1.17,18.48,5887096,7262432396.0,2.04,2.17
2016-06-17,1604.95,1626.48,1638.51,1604.95,1.39,22.31,4738449,5483026793.0,2.09,1.75
2016-06-20,1615.2,1616.41,1622.53,1604.5,-0.62,-10.07,3289103,3992034636.0,1.11,1.21
2016-06-21,1631.43,1590.52,1634.05,1579.89,-1.6,-25.89,3490255,4427093730.0,3.35,1.29
2016-06-22,1590.11,1622.51,1622.51,1587.71,2.01,31.99,3158578,3700800400.0,2.19,1.17
2016-06-23,1615.82,1618.29,1626.16,1605.06,-0.26,-4.22,3192514,3852094741.0,1.3,1.18
2016-06-24,1615.35,1592.96,1624.06,1552.61,-1.57,-25.33,3764113,4705531055.0,4.42,1.39
2016-06-27,1586.78,1638.67,1642.28,1586.78,2.87,45.71,3487638,4536571123.0,3.48,1.29
2016-06-28,1634.48,1656.39,1667.28,1634.42,1.08,17.72,3972291,5419280257.0,2.01,1.47
2016-06-29,1656.53,1663.08,1663.08,1647.13,0.4,6.69,2741405,3628684059.0,0.96,1.01
2016-06-30,1663.79,1656.9,1668.38,1645.32,-0.37,-6.18,1887759,2886369586.0,1.39,0.7
2016-07-01,1654.8,1634.24,1661.48,1630.81,-1.37,-22.66,3063223,3637783393.0,1.85,1.13
2016-07-04,1623.88,1663.1,1663.1,1623.88,1.77,28.86,3196230,3749237388.0,2.4,1.18
2016-07-05,1666.4,1681.41,1681.41,1658.11,1.1,18.31,3429476,4073172182.0,1.4,1.27
2016-07-06,1677.4,1679.53,1683.83,1663.27,-0.11,-1.88,2971535,3573515774.0,1.22,1.1
2016-07-07,1681.4,1682.54,1705.85,1679.84,0.18,3.01,4611314,5588518946.0,1.55,1.7
2016-07-08,1670.93,1661.99,1672.11,1658.59,-1.22,-20.55,3254444,3401123762.0,0.8,1.2
2016-07-11,1657.88,1643.09,1661.8,1641.31,-1.14,-18.9,3358525,3674798704.0,1.23,1.24
2016-07-12,1645.19,1668.03,1668.03,1626.28,1.52,24.94,3844351,4236480512.0,2.54,1.42
2016-07-13,1667.97,1675.55,1680.03,1667.2,0.45,7.52,3073733,3368234981.0,0.77,1.13
2016-07-14,1672.71,1669.51,1674.78,1661.18,-0.36,-6.04,2700944,2434597386.0,0.81,1.0
2016-07-15,1670.35,1669.3,1677.87,1666.39,-0.01,-0.21,2161803,2420938703.0,0.69,0.8
2016-07-18,1665.99,1671.83,1681.16,1653.89,0.15,2.53,2133654,2313388440.0,1.63,0.79
2016-07-19,1670.57,1667.21,1672.35,1649.11,-0.28,-4.62,1812899,2170495552.0,1.39,0.67
2016-07-20,1665.36,1659.01,1668.66,1658.63,-0.49,-8.2,1730244,2004217184.0,0.6,0.64
2016-07-21,1657.14,1652.82,1664.63,1645.85,-0.37,-6.19,2101026,2720762611.0,1.13,0.78
2016-07-22,1652.24,1620.72,1654.34,1615.95,-1.94,-32.1,2099403,2274747972.0,2.32,0.77
2016-07-25,1620.36,1620.21,1625.36,1607.87,-0.03,-0.51,1861954,1967290848.0,1.08,0.69
2016-07-26,1617.76,1643.74,1644.69,1617.76,1.45,23.53,1825060,2067948977.0,1.66,0.67
2016-07-27,1640.63,1571.93,1647.43,1556.91,-4.37,-71.81,3125523,3016528816.0,5.51,1.15
2016-07-28,1568.87,1599.59,1614.3,1565.16,1.76,27.66,2640051,2823770518.0,3.13,0.97
2016-07-29,1599.41,1587.07,1617.34,1586.76,-0.78,-12.52,2098953,2182039420.0,1.91,0.77
2016-08-01,1581.26,1553.11,1581.26,1536.91,-2.14,-33.96,2081168,2040395433.0,2.79,0.77
2016-08-02,1551.81,1562.46,1562.77,1548.91,0.6,9.35,1107690,1143129697.0,0.89,0.41
2016-08-03,1558.93,1577.76,1579.38,1555.26,0.98,15.3,1382932,1359469118.0,1.54,0.51
2016-08-04,1577.51,1600.47,1600.65,1575.61,1.44,22.71,2085479,2488620191.0,1.59,0.77
2016-08-05,1591.71,1580.92,1593.65,1580.1,-1.22,-19.55,2260100,2616444472.0,0.85,0.83
2016-08-08,1576.17,1600.81,1600.81,1567.89,1.26,19.89,1752531,1867399641.0,2.08,0.65
2016-08-09,1597.32,1611.35,1611.35,1593.99,0.66,10.54,1657252,1762907054.0,1.08,0.61
2016-08-10,1609.14,1611.2,1616.63,1606.41,-0.01,-0.15,1594657,1840312503.0,0.63,0.59
2016-08-11,1607.02,1598.02,1614.74,1597.11,-0.82,-13.18,1663932,1936878491.0,1.09,0.61
2016-08-12,1601.41,1614.89,1616.7,1596.06,1.06,16.87,2261935,2455484213.0,1.29,0.83
2016-08-15,1614.9,1644.3,1648.89,1613.21,1.82,29.41,2851026,2874111344.0,2.21,1.05
2016-08-16,1643.79,1662.48,1665.54,1642.55,1.11,18.18,2454905,2860194057.0,1.4,0.91
2016-08-17,1662.11,1664.45,1667.45,1656.06,0.12,1.97,2126386,2218152148.0,0.69,0.78
2016-08-18,1663.98,1656.54,1668.88,1650.63,-0.48,-7.91,1973034,2053646584.0,1.1,0.73
2016-08-19,1649.06,1644.65,1651.68,1635.98,-0.72,-11.89,2019734,2177178464.0,0.95,0.75
2016-08-22,1644.22,1622.91,1647.69,1622.71,-1.32,-21.74,1634176,1755942764.0,1.52,0.6
2016-08-23,1623.66,1616.7,1624.0,1607.4,-0.38,-6.21,1685282,1703612938.0,1.02,0.62
2016-08-24,1617.75,1614.94,1619.67,1609.02,-0.11,-1.76,1110376,1162626040.0,0.66,0.41
2016-08-25,1610.05,1609.02,1610.05,1586.78,-0.37,-5.92,1529380,1462644439.0,1.44,0.56
2016-08-26,1615.14,1625.66,1637.5,1615.14,1.03,16.64,2413524,2178454787.0,1.39,0.89
2016-08-29,1625.26,1629.48,1632.3,1617.22,0.23,3.82,1480210,1437693222.0,0.93,0.55
2016-08-30,1629.45,1623.73,1635.11,1620.43,-0.35,-5.75,1364138,1472685493.0,0.9,0.5
2016-08-31,1623.83,1627.39,1627.72,1610.46,0.23,3.66,1337220,1406425583.0,1.06,0.49
2016-09-01,1627.88,1622.1,1636.84,1622.1,-0.33,-5.29,1711228,1386646257.0,0.91,0.63
2016-09-02,1623.76,1628.24,1646.46,1620.65,0.38,6.14,1848705,1747817423.0,1.59,0.68
2016-09-05,1631.75,1648.73,1651.27,1631.75,1.26,20.49,1405338,1486056415.0,1.2,0.52
2016-09-06,1650.21,1688.23,1693.6,1644.38,2.4,39.5,3151675,3100056614.0,2.99,1.16
2016-09-07,1693.33,1708.9,1726.92,1693.33,1.22,20.67,2943501,2920242023.0,1.99,1.09
2016-09-08,1718.0,1709.48,1723.54,1702.46,0.03,0.58,3138431,3364825783.0,1.23,1.16
2016-09-09,1709.08,1713.37,1747.49,1708.79,0.23,3.89,5282187,5879350534.0,2.26,1.95
2016-09-12,1675.52,1650.2,1675.52,1642.8,-3.69,-63.17,3578404,3574411132.0,1.91,1.32
2016-09-13,1658.01,1666.49,1666.87,1654.38,0.99,16.29,1933373,2120959733.0,0.76,0.71
2016-09-14,1656.88,1656.29,1670.19,1644.96,-0.61,-10.2,1713735,1789091660.0,1.51,0.63
2016-09-19,1661.89,1673.05,1673.81,1658.91,1.01,16.76,1587852,1704708156.0,0.9,0.59
2016-09-20,1670.36,1665.37,1672.54,1661.94,-0.46,-7.68,1424650,1500650367.0,0.63,0.53
2016-09-21,1666.59,1669.43,1672.81,1660.97,0.24,4.06,1119887,1151146715.0,0.71,0.41
2016-09-22,1677.15,1680.55,1687.92,1677.15,0.67,11.12,1578471,1733918571.0,0.65,0.58
2016-09-23,1682.5,1673.22,1683.09,1673.22,-0.44,-7.33,1442836,1569148027.0,0.59,0.53
2016-09-26,1672.51,1638.9,1679.59,1636.52,-2.05,-34.32,1810365,1832886234.0,2.57,0.67
2016-09-27,1635.79,1649.34,1649.34,1627.81,0.64,10.44,1290555,1265982485.0,1.31,0.48
2016-09-28,1655.16,1646.15,1655.16,1642.4,-0.19,-3.19,1046709,1121820497.0,0.77,0.39
2016-09-29,1651.56,1644.83,1655.75,1642.58,-0.08,-1.32,1126325,1106453995.0,0.8,0.42
2016-09-30,1643.31,1651.2,1651.79,1642.87,0.39,6.37,887234,810575496.0,0.54,0.33
2016-10-10,1659.8,1690.68,1690.68,1659.8,2.39,39.48,1351335,1633643076.0,1.87,0.5
2016-10-11,1696.83,1688.81,1696.83,1677.75,-0.11,-1.87,2652665,1860099407.0,1.13,0.98
2016-10-12,1682.94,1684.44,1687.01,1675.7,-0.26,-4.37,1678429,1515197201.0,0.67,0.62
2016-10-13,1683.11,1682.28,1686.27,1671.43,-0.13,-2.16,1236291,1228055663.0,0.88,0.46
2016-10-14,1680.47,1677.46,1680.47,1667.46,-0.29,-4.82,1301943,1229541328.0,0.77,0.48
2016-10-17,1679.6,1656.96,1683.06,1653.14,-1.22,-20.5,1624819,1628066208.0,1.78,0.6
2016-10-18,1654.64,1708.01,1708.01,1654.64,3.08,51.05,2843315,2801954397.0,3.22,1.05
2016-10-19,1708.54,1699.2,1708.54,1693.01,-0.52,-8.81,3528895,3217815625.0,0.91,1.3
2016-10-20,1692.92,1702.22,1705.62,1692.92,0.18,3.02,2415742,2319571949.0,0.75,0.89
2016-10-21,1700.8,1694.94,1703.27,1679.69,-0.43,-7.28,1747268,1682305140.0,1.39,0.64
2016-10-24,1690.57,1705.95,1707.33,1690.57,0.65,11.01,1979827,1866570761.0,0.99,0.73
2016-10-25,1708.37,1715.65,1718.44,1705.96,0.57,9.7,3287622,2212154535.0,0.73,1.21
2016-10-26,1714.43,1705.56,1714.43,1697.18,-0.59,-10.09,1871507,1511254365.0,1.01,0.69
2016-10-27,1703.74,1698.04,1703.74,1690.7,-0.44,-7.52,1923750,1507827436.0,0.76,0.71
2016-10-28,1700.27,1678.86,1704.01,1678.49,-1.13,-19.18,1585478,1578188629.0,1.5,0.58
2016-10-31,1670.37,1682.37,1684.41,1668.34,0.21,3.51,1519363,1468424480.0,0.96,0.56
2016-11-01,1687.31,1696.19,1699.47,1686.16,0.82,13.82,1351741,1259706447.0,0.79,0.5
2016-11-02,1692.17,1687.64,1707.84,1686.74,-0.5,-8.55,1556091,1411312507.0,1.24,0.57
2016-11-03,1683.05,1708.26,1714.24,1683.05,1.22,20.62,1665849,1476651747.0,1.85,0.61
2016-11-04,1711.07,1714.51,1727.41,1709.91,0.37,6.25,1963058,1764621860.0,1.02,0.72
2016-11-07,1718.78,1705.11,1718.8,1700.75,-0.55,-9.4,1561838,1480335279.0,1.05,0.58
2016-11-08,1713.25,1725.1,1727.73,1712.33,1.17,19.99,2325554,2374221775.0,0.9,0.86
2016-11-09,1720.27,1703.27,1720.27,1686.39,-1.27,-21.83,2756902,2732714540.0,1.96,1.02
2016-11-10,1710.34,1726.32,1726.61,1710.34,1.35,23.05,2451316,2027166994.0,0.96,0.9
2016-11-11,1725.29,1720.26,1725.29,1712.36,-0.35,-6.06,2243670,2067460818.0,0.75,0.83
2016-11-14,1715.73,1724.43,1724.64,1711.6,0.24,4.17,5130087,2871269622.0,0.76,1.89
2016-11-15,1725.33,1731.25,1733.61,1720.99,0.4,6.82,5383195,2792591318.0,0.73,1.99
2016-11-16,1731.61,1727.57,1732.01,1725.73,-0.21,-3.68,3036908,2093033548.0,0.36,1.12
2016-11-17,1727.47,1726.35,1730.89,1718.54,-0.07,-1.22,1998572,1419748874.0,0.71,0.74
2016-11-18,1726.39,1718.14,1730.27,1716.76,-0.48,-8.21,1925372,1389678598.0,0.78,0.71
2016-11-21,1716.63,1725.89,1732.5,1712.83,0.45,7.75,2383068,1756855703.0,1.14,0.88
2016-11-22,1725.02,1744.95,1745.2,1725.02,1.1,19.06,3333636,2412527093.0,1.17,1.23
2016-11-23,1745.98,1742.05,1758.0,1740.8,-0.17,-2.9,3150175,2261991310.0,0.99,1.16
2016-11-24,1739.92,1740.56,1750.19,1734.64,-0.09,-1.49,2982265,2323125065.0,0.89,1.1
2016-11-25,1740.87,1741.23,1742.68,1716.14,0.04,0.67,2515993,1907598286.0,1.52,0.93
2016-11-28,1740.79,1737.09,1746.86,1734.53,-0.24,-4.14,1874153,1624720471.0,0.71,0.69
2016-11-29,1735.88,1730.11,1753.2,1730.11,-0.4,-6.98,2700546,2309966993.0,1.33,1.0
2016-11-30,1727.68,1711.93,1727.68,1707.62,-1.05,-18.18,2328296,1881308982.0,1.16,0.86
2016-12-01,1714.54,1739.43,1739.93,1714.54,1.61,27.5,2580816,2005643469.0,1.48,0.95
2016-12-02,1740.24,1719.21,1749.41,1718.2,-1.16,-20.22,3093403,2340890718.0,1.79,1.14
2016-12-05,1709.5,1703.58,1720.22,1700.27,-0.91,-15.63,2174836,1818591847.0,1.16,0.8
2016-12-06,1708.59,1706.19,1718.5,1704.38,0.15,2.61,2187026,1404403975.0,0.83,0.81
2016-12-07,1703.11,1719.55,1719.55,1703.11,0.78,13.36,1919904,1579352496.0,0.96,0.71
2016-12-08,1719.98,1706.45,1719.98,1703.6,-0.76,-13.1,1819750,1539357668.0,0.95,0.67
2016-12-09,1705.33,1697.02,1705.46,1692.94,-0.55,-9.43,1352541,1118731676.0,0.73,0.5
2016-12-12,1697.0,1635.27,1699.28,1621.77,-3.64,-61.75,3044504,2643229769.0,4.57,1.12
2016-12-13,1628.72,1639.52,1645.81,1616.75,0.26,4.25,1953292,1900323283.0,1.78,0.72
2016-12-14,1639.09,1622.06,1642.38,1619.38,-1.06,-17.46,1682666,1768181270.0,1.4,0.62
2016-12-15,1619.19,1618.71,1632.74,1611.21,-0.21,-3.35,1681664,1377063376.0,1.33,0.62
2016-12-16,1628.07,1633.78,1650.54,1628.07,0.93,15.07,1818543,1654716410.0,1.39,0.67
2016-12-19,1638.31,1632.87,1640.4,1625.39,-0.06,-0.91,1660975,1406109407.0,0.92,0.61
2016-12-20,1629.88,1617.89,1631.66,1603.94,-0.92,-14.98,1582993,1136840710.0,1.7,0.58
2016-12-21,1618.15,1635.76,1636.05,1617.44,1.1,17.87,1366395,1106908473.0,1.15,0.5
2016-12-22,1641.68,1659.08,1669.68,1631.18,1.43,23.32,2328142,1873316443.0,2.35,0.86
2016-12-23,1652.76,1631.69,1652.76,1629.7,-1.65,-27.39,1560313,1347352440.0,1.39,0.58
2016-12-26,1624.83,1623.03,1624.83,1599.34,-0.53,-8.66,1291569,1124782721.0,1.56,0.48
2016-12-27,1621.27,1626.39,1635.27,1620.89,0.21,3.36,1139421,970852849.0,0.89,0.42
2016-12-28,1623.92,1618.16,1628.07,1616.54,-0.51,-8.23,1393534,1057730956.0,0.71,0.51
2016-12-29,1612.98,1613.17,1621.61,1610.52,-0.31,-4.99,1294386,975442389.0,0.69,0.48
2016-12-30,1615.16,1614.13,1618.14,1610.23,0.06,0.96,1067546,849419294.0,0.49,0.39
2017-01-03,1617.87,1631.44,1634.62,1617.87,1.07,17.31,1540376,1244153891.0,1.04,0.57
2017-01-04,1631.81,1659.42,1659.42,1630.88,1.72,27.98,2388415,1908476661.0,1.75,0.88
2017-01-05,1659.37,1658.94,1667.69,1658.03,-0.03,-0.48,1468629,1351091688.0,0.58,0.54
2017-01-06,1656.78,1659.39,1662.58,1654.8,0.03,0.45,1724050,1508808988.0,0.47,0.64
2017-01-09,1655.69,1679.33,1679.33,1654.27,1.2,19.94,1916541,1463816462.0,1.51,0.71
2017-01-10,1675.7,1667.77,1680.0,1666.37,-0.69,-11.56,1370896,1145141003.0,0.81,0.51
2017-01-11,1663.31,1650.59,1670.1,1648.87,-1.03,-17.18,1257384,971627714.0,1.27,0.46
2017-01-12,1650.68,1644.98,1666.43,1643.14,-0.34,-5.61,1364022,1124243645.0,1.41,0.5
2017-01-13,1643.08,1637.54,1645.46,1630.02,-0.45,-7.44,1146550,1013100957.0,0.94,0.42
2017-01-16,1635.72,1613.49,1635.72,1575.52,-1.47,-24.05,2550720,1920183091.0,3.68,0.94
2017-01-17,1619.99,1633.08,1633.08,1609.8,1.21,19.59,1003465,870456750.0,1.44,0.37
2017-01-18,1648.24,1662.04,1665.34,1645.52,1.77,28.96,1412112,1144019499.0,1.21,0.52
2017-01-19,1669.17,1670.87,1678.02,1660.11,0.53,8.83,3256148,2896732889.0,1.08,1.2
2017-01-20,1666.45,1681.8,1686.96,1663.02,0.65,10.93,2221088,1968350068.0,1.43,0.82
2017-01-23,1680.6,1687.62,1695.28,1680.6,0.35,5.82,2116407,1748572871.0,0.87,0.78
2017-01-24,1685.71,1698.64,1699.6,1685.71,0.65,11.02,2022606,1966475873.0,0.82,0.75
2017-01-25,1693.37,1688.08,1696.68,1686.23,-0.62,-10.56,1578264,1461034496.0,0.62,0.58
2017-01-26,1675.86,1678.31,1686.03,1671.62,-0.58,-9.77,1332369,1208273867.0,0.85,0.49
2017-02-03,1678.52,1672.14,1679.64,1662.83,-0.37,-6.17,961281,843496577.0,1.0,0.35
2017-02-06,1672.37,1692.44,1692.77,1672.37,1.21,20.3,1716671,1427502531.0,1.22,0.63
2017-02-07,1692.71,1703.12,1709.89,1692.71,0.63,10.68,2059022,2047372835.0,1.02,0.76
2017-02-08,1698.85,1705.92,1706.62,1684.81,0.16,2.8,1972375,1779571158.0,1.28,0.73
2017-02-09,1701.75,1712.29,1712.29,1699.67,0.37,6.37,2076803,1704473097.0,0.74,0.77
2017-02-10,1713.88,1707.43,1719.01,1703.17,-0.28,-4.86,2276574,1906955343.0,0.93,0.84
2017-02-13,1708.71,1724.49,1724.49,1705.01,1.0,17.06,2529774,1953211943.0,1.14,0.93
2017-02-14,1721.35,1721.15,1724.85,1711.24,-0.19,-3.34,2576533,1946093613.0,0.79,0.95
2017-02-15,1719.22,1696.0,1719.22,1692.02,-1.46,-25.15,2313820,1905967977.0,1.58,0.85
2017-02-16,1693.43,1708.66,1708.66,1693.43,0.75,12.66,1524358,1298195045.0,0.9,0.56
2017-02-17,1707.04,1704.6,1712.99,1693.47,-0.24,-4.06,2337821,1937648933.0,1.14,0.86
2017-02-20,1707.47,1735.38,1735.38,1707.47,1.81,30.78,2542128,2466564964.0,1.64,0.94
2017-02-21,1734.32,1743.73,1747.6,1732.02,0.48,8.35,2298974,2104294671.0,0.9,0.85
2017-02-22,1745.2,1761.16,1761.16,1744.18,1.0,17.43,2380865,2109526903.0,0.97,0.88
2017-02-23,1760.15,1752.62,1766.52,1742.46,-0.48,-8.54,2090868,1812742503.0,1.37,0.77
2017-02-24,1747.31,1760.16,1760.96,1742.22,0.43,7.54,1502496,1521552754.0,1.07,0.55
2017-02-27,1760.14,1748.81,1768.28,1746.15,-0.64,-11.35,2020716,1973242423.0,1.26,0.75
2017-02-28,1742.65,1748.7,1754.5,1739.36,-0.01,-0.11,1449748,1350800942.0,0.87,0.53
2017-03-01,1752.77,1768.27,1782.79,1751.22,1.12,19.57,2328199,2353409986.0,1.81,0.86
2017-03-02,1766.85,1751.94,1772.35,1750.12,-0.92,-16.33,2376665,1940230238.0,1.26,0.88
2017-03-03,1756.22,1766.48,1772.45,1752.69,0.83,14.54,1712066,1738553095.0,1.13,0.63
2017-03-06,1762.59,1779.21,1782.4,1760.48,0.72,12.73,1732709,1885726636.0,1.24,0.64
2017-03-07,1775.37,1774.78,1779.23,1766.68,-0.25,-4.43,1323223,1453039292.0,0.71,0.49
2017-03-08,1773.13,1753.41,1773.13,1747.69,-1.2,-21.37,1493315,1531973225.0,1.43,0.55
2017-03-09,1753.62,1743.24,1753.62,1739.18,-0.58,-10.17,1439420,1312647200.0,0.82,0.53
2017-03-10,1742.57,1740.67,1747.9,1735.11,-0.15,-2.57,1178716,1219208093.0,0.73,0.43
2017-03-13,1734.65,1758.23,1759.68,1733.74,1.01,17.56,1654085,1649455169.0,1.49,0.61
2017-03-14,1754.4,1758.15,1762.82,1751.62,0.0,-0.08,1184908,1212290134.0,0.64,0.44
2017-03-15,1753.13,1754.26,1758.7,1748.85,-0.22,-3.89,1026692,1008522112.0,0.56,0.38
2017-03-16,1754.91,1766.95,1766.95,1754.91,0.72,12.69,1402829,1246771570.0,0.69,0.52
2017-03-17,1767.03,1747.19,1770.45,1745.4,-1.12,-19.76,2200920,1879792547.0,1.42,0.81
2017-03-20,1748.75,1743.9,1749.94,1732.53,-0.19,-3.29,1768406,1441798318.0,1.0,0.65
2017-03-21,1745.2,1746.29,1748.26,1740.58,0.14,2.39,1102305,1118016539.0,0.44,0.41
2017-03-22,1740.62,1739.04,1748.38,1724.67,-0.42,-7.25,1803909,1932262354.0,1.36,0.67
2017-03-23,1737.93,1740.87,1747.95,1726.93,0.11,1.83,1654609,1853153879.0,1.21,0.61
2017-03-24,1739.96,1748.96,1749.62,1734.28,0.46,8.09,1682741,1649200027.0,0.88,0.62
2017-03-27,1748.57,1736.07,1748.6,1733.02,-0.74,-12.89,2088040,1785359935.0,0.89,0.77
2017-03-28,1735.34,1725.36,1735.34,1719.0,-0.62,-10.71,1506400,1699329433.0,0.94,0.56
2017-03-29,1727.82,1714.52,1728.5,1708.92,-0.63,-10.84,1586501,1367561181.0,1.13,0.59
2017-03-30,1711.7,1673.14,1711.7,1671.57,-2.41,-41.38,1819054,1658924344.0,2.34,0.67
2017-03-31,1673.34,1692.62,1694.31,1673.34,1.16,19.48,1492188,1414796217.0,1.25,0.55
2017-04-05,1696.47,1722.85,1722.85,1696.47,1.79,30.23,2064938,1912972748.0,1.56,0.76
2017-04-06,1722.55,1717.59,1723.3,1713.76,-0.31,-5.26,1596589,1493201877.0,0.55,0.59
2017-04-07,1715.4,1717.07,1719.43,1708.58,-0.03,-0.52,1665262,1545498429.0,0.63,0.61
2017-04-10,1712.81,1709.86,1734.15,1708.69,-0.42,-7.21,2494942,1792114964.0,1.48,0.92
2017-04-11,1712.67,1713.09,1722.0,1690.72,0.19,3.23,2273044,1802155875.0,1.83,0.84
2017-04-12,1707.57,1690.06,1707.57,1688.94,-1.34,-23.03,2214855,1834861691.0,1.09,0.82
2017-04-13,1688.04,1692.3,1699.31,1684.92,0.13,2.24,1737149,1329141181.0,0.85,0.64
2017-04-14,1691.25,1665.9,1691.25,1664.32,-1.56,-26.4,1629952,1238765254.0,1.59,0.6
2017-04-17,1664.99,1650.5,1665.86,1645.02,-0.92,-15.4,1410910,1027965252.0,1.25,0.52
2017-04-18,1653.71,1626.43,1655.81,1625.69,-1.46,-24.07,1315278,1193519893.0,1.82,0.49
2017-04-19,1622.33,1584.48,1622.33,1576.46,-2.58,-41.95,1781899,1591749675.0,2.82,0.66
2017-04-20,1589.03,1578.55,1592.61,1568.86,-0.37,-5.93,1496839,1702020418.0,1.5,0.55
2017-04-21,1577.08,1580.95,1586.24,1574.55,0.15,2.4,1055245,1009497256.0,0.74,0.39
2017-04-24,1582.15,1538.38,1582.15,1538.09,-2.69,-42.57,1596301,1190472829.0,2.79,0.59
2017-04-25,1545.41,1542.16,1551.37,1537.57,0.25,3.78,1041360,798929093.0,0.9,0.38
2017-04-26,1545.81,1544.53,1553.48,1540.53,0.15,2.37,1049948,904792990.0,0.84,0.39
2017-04-27,1528.67,1518.95,1528.67,1488.06,-1.66,-25.58,1427586,1208408336.0,2.63,0.53
2017-04-28,1516.93,1534.26,1534.91,1515.05,1.01,15.31,1339317,1254399609.0,1.31,0.49
2017-05-02,1526.75,1530.77,1533.83,1520.89,-0.23,-3.49,1419427,1140800965.0,0.84,0.52
2017-05-03,1530.87,1528.86,1534.21,1522.19,-0.12,-1.91,1203156,944556133.0,0.79,0.44
2017-05-04,1530.37,1524.16,1532.59,1518.7,-0.31,-4.7,1105300,831651783.0,0.91,0.41
2017-05-05,1516.86,1505.5,1520.46,1503.17,-1.22,-18.66,1576905,1443757148.0,1.13,0.58
2017-05-08,1500.82,1475.72,1502.17,1473.09,-1.98,-29.78,1409830,1162179121.0,1.93,0.52
2017-05-09,1473.17,1474.74,1474.74,1451.17,-0.07,-0.98,1078363,951911989.0,1.6,0.4
2017-05-10,1471.0,1449.67,1481.26,1449.18,-1.7,-25.07,995853,841077454.0,2.18,0.37
2017-05-11,1445.59,1440.51,1445.59,1409.91,-0.63,-9.16,1256436,961540684.0,2.46,0.46
2017-05-12,1439.53,1439.52,1446.69,1422.87,-0.07,-0.99,1446444,962999690.0,1.65,0.53
2017-05-15,1440.88,1431.44,1443.22,1430.1,-0.56,-8.08,1009688,843498027.0,0.91,0.37
2017-05-16,1431.91,1457.14,1457.14,1415.09,1.8,25.7,1638251,1286090345.0,2.94,0.6
2017-05-17,1453.09,1453.91,1464.55,1450.59,-0.22,-3.23,1405770,1027696924.0,0.96,0.52
2017-05-18,1444.69,1437.84,1447.6,1431.4,-1.11,-16.07,1170019,863571170.0,1.11,0.43
2017-05-19,1438.93,1438.09,1441.25,1432.42,0.02,0.25,1134072,914498258.0,0.61,0.42
2017-05-22,1433.95,1410.87,1437.76,1404.88,-1.89,-27.22,1149473,997901791.0,2.29,0.42
2017-05-23,1418.61,1386.58,1425.64,1386.27,-1.72,-24.29,1642973,1471092501.0,2.79,0.61
2017-05-24,1380.04,1380.51,1380.58,1351.55,-0.44,-6.07,1409302,1031749025.0,2.09,0.52
2017-05-25,1376.84,1395.24,1396.75,1365.68,1.07,14.73,1468533,1098289667.0,2.25,0.54
2017-05-26,1398.16,1399.61,1405.85,1395.37,0.31,4.37,1316924,1060504626.0,0.75,0.49
2017-05-31,1418.09,1408.66,1425.57,1407.65,0.65,9.05,1304004,1045365030.0,1.28,0.48
2017-06-01,1410.81,1387.37,1410.81,1385.48,-1.51,-21.29,1678056,1349720872.0,1.8,0.62
2017-06-02,1381.11,1395.3,1397.85,1369.08,0.57,7.93,1530232,1276018075.0,2.07,0.56
2017-06-05,1398.0,1405.46,1405.46,1396.23,0.73,10.16,1137772,987792325.0,0.66,0.42
2017-06-06,1404.12,1412.47,1412.47,1401.63,0.5,7.01,1052366,852917745.0,0.77,0.39
2017-06-07,1412.43,1437.81,1437.81,1412.43,1.79,25.34,1771425,1533814598.0,1.8,0.65
2017-06-08,1436.41,1444.43,1447.44,1436.35,0.46,6.62,1552503,1371733458.0,0.77,0.57
2017-06-09,1445.41,1452.07,1452.99,1441.73,0.53,7.64,1311218,1225836772.0,0.78,0.48
2017-06-12,1450.85,1455.39,1466.77,1446.16,0.23,3.32,1767594,2036414856.0,1.42,0.65
2017-06-13,1459.41,1483.72,1484.71,1456.85,1.95,28.33,2116581,1936874800.0,1.91,0.78
2017-06-14,1484.42,1503.21,1524.94,1481.7,1.31,19.49,2754126,2464458511.0,2.91,1.02
2017-06-15,1499.92,1502.51,1506.72,1492.09,-0.05,-0.7,1700045,1632828381.0,0.97,0.63
2017-06-16,1499.07,1488.1,1499.9,1485.48,-0.96,-14.41,1160813,1049030833.0,0.96,0.43
2017-06-19,1490.11,1494.75,1495.77,1483.91,0.45,6.65,1332748,1173178430.0,0.8,0.49
2017-06-20,1496.6,1491.81,1500.8,1489.46,-0.2,-2.94,1326735,1240863897.0,0.76,0.49
2017-06-21,1497.83,1500.77,1500.77,1486.4,0.6,8.96,1336798,1185580126.0,0.96,0.49
2017-06-22,1500.41,1479.69,1501.89,1479.69,-1.4,-21.08,1669448,1322751306.0,1.48,0.62
2017-06-23,1474.73,1474.71,1478.98,1455.39,-0.34,-4.98,1339612,1181339763.0,1.59,0.49
2017-06-26,1476.47,1504.9,1504.9,1476.47,2.05,30.19,1440338,1532312348.0,1.93,0.53
2017-06-27,1505.48,1507.72,1512.72,1499.45,0.19,2.82,1089006,1054160364.0,0.88,0.4
2017-06-28,1504.08,1510.15,1518.55,1501.57,0.16,2.43,1194433,1095054049.0,1.13,0.44
2017-06-29,1511.97,1518.76,1520.32,1511.97,0.57,8.61,974858,893524243.0,0.55,0.36
2017-06-30,1516.03,1521.77,1521.77,1508.91,0.2,3.01,1061081,893712972.0,0.85,0.39
2017-07-03,1524.19,1529.55,1529.55,1520.19,0.51,7.78,1226880,979078700.0,0.62,0.45
2017-07-04,1533.26,1536.07,1538.37,1531.93,0.43,6.52,2005132,1324175558.0,0.42,0.74
2017-07-05,1532.65,1547.55,1548.43,1525.05,0.75,11.48,1560763,1153902542.0,1.52,0.58
2017-07-06,1550.79,1556.19,1558.38,1542.24,0.56,8.64,1603051,1452102627.0,1.04,0.59
2017-07-07,1546.69,1560.94,1562.87,1546.69,0.31,4.75,2476976,1616159027.0,1.04,0.91
2017-07-10,1555.29,1555.69,1559.8,1548.12,-0.34,-5.25,1527589,1255779165.0,0.75,0.56
2017-07-11,1553.26,1534.91,1555.09,1534.91,-1.34,-20.78,1609123,1299165436.0,1.3,0.59
2017-07-12,1519.15,1504.48,1525.52,1495.52,-1.98,-30.43,1852273,1534798223.0,1.95,0.68
2017-07-13,1501.9,1504.2,1511.25,1500.06,-0.02,-0.28,1467106,1219109754.0,0.74,0.54
2017-07-14,1505.43,1516.77,1516.77,1504.88,0.84,12.57,1304724,1153634322.0,0.79,0.48
2017-07-17,1509.18,1475.17,1512.6,1465.75,-2.74,-41.6,2246188,1771432626.0,3.09,0.83
2017-07-18,1464.49,1475.21,1477.47,1457.25,0.0,0.04,1230471,1106034260.0,1.37,0.45
2017-07-19,1474.7,1502.17,1502.27,1472.02,1.83,26.96,2069950,1815774881.0,2.05,0.76
2017-07-20,1499.69,1523.33,1528.53,1499.0,1.41,21.16,2108239,2050033461.0,1.97,0.78
2017-07-21,1521.99,1551.19,1554.92,1520.96,1.83,27.86,2476219,2649971873.0,2.23,0.91
2017-07-24,1549.61,1561.17,1565.64,1549.22,0.64,9.98,2774006,2582245356.0,1.06,1.02
2017-07-25,1560.51,1551.65,1561.53,1542.87,-0.61,-9.52,1950710,1831878915.0,1.2,0.72
2017-07-26,1546.08,1550.01,1552.95,1533.53,-0.11,-1.64,2017839,1962633833.0,1.25,0.74
2017-07-27,1549.42,1557.68,1558.53,1541.15,0.49,7.67,1903896,1801818875.0,1.12,0.7
2017-07-28,1554.92,1553.88,1558.6,1545.63,-0.24,-3.8,1566651,1447001034.0,0.83,0.58
2017-07-31,1553.52,1566.39,1568.0,1547.44,0.81,12.51,2015651,1783967019.0,1.32,0.74
2017-08-01,1568.08,1576.69,1587.74,1564.02,0.66,10.3,2821587,2052572957.0,1.51,1.04
2017-08-02,1570.95,1563.5,1574.39,1559.5,-0.84,-13.19,2082394,1627330241.0,0.94,0.77
2017-08-03,1557.92,1558.53,1568.49,1554.77,-0.32,-4.97,1553514,1320831107.0,0.88,0.57
2017-08-04,1554.17,1557.86,1566.25,1554.17,-0.04,-0.67,1846534,1462146647.0,0.78,0.68
2017-08-07,1553.06,1562.15,1562.4,1545.25,0.28,4.29,1928457,1174711798.0,1.1,0.71
2017-08-08,1547.83,1547.08,1548.86,1540.71,-0.96,-15.07,1879796,1408689311.0,0.52,0.69
2017-08-09,1534.98,1531.09,1537.24,1526.05,-1.03,-15.99,2622395,1698010062.0,0.72,0.97
2017-08-10,1527.35,1512.58,1527.35,1510.51,-1.21,-18.51,2058224,1536095871.0,1.1,0.76
2017-08-11,1507.17,1484.26,1508.49,1482.88,-1.87,-28.32,2140818,1500800606.0,1.69,0.79
2017-08-14,1481.36,1499.37,1502.94,1481.36,1.02,15.11,1362497,989569415.0,1.45,0.5
2017-08-15,1499.91,1501.67,1508.28,1495.61,0.15,2.3,1253368,980421037.0,0.85,0.46
2017-08-16,1501.89,1502.29,1503.44,1495.63,0.04,0.62,1293579,1002311208.0,0.52,0.48
2017-08-17,1501.6,1509.48,1509.51,1499.41,0.48,7.19,1286496,1004842772.0,0.67,0.47
2017-08-18,1503.55,1513.63,1514.5,1499.13,0.27,4.15,1725506,1260194528.0,1.02,0.64
2017-08-21,1512.55,1520.29,1520.71,1510.66,0.44,6.66,1601329,1309126677.0,0.66,0.59
2017-08-22,1522.75,1505.29,1522.75,1502.93,-0.99,-15.0,1337077,1021472414.0,1.3,0.49
2017-08-23,1507.28,1499.73,1508.62,1494.93,-0.37,-5.56,1188673,910457554.0,0.91,0.44
2017-08-24,1498.38,1484.94,1499.91,1482.26,-0.99,-14.79,1136681,991598908.0,1.18,0.42
2017-08-25,1485.95,1500.59,1504.97,1485.95,1.05,15.65,1236348,1156975681.0,1.28,0.46
2017-08-28,1503.06,1512.73,1513.45,1503.06,0.81,12.14,1623892,1315391609.0,0.69,0.6
2017-08-29,1509.97,1520.35,1525.62,1509.97,0.5,7.62,1573840,1511772636.0,1.03,0.58
2017-08-30,1526.61,1524.02,1527.67,1519.49,0.24,3.67,1430826,1274683870.0,0.54,0.53
2017-08-31,1517.96,1508.43,1518.38,1503.13,-1.02,-15.59,1818924,1619701888.0,1.0,0.67
2017-09-01,1507.44,1521.85,1521.93,1506.31,0.89,13.42,1694448,1542955833.0,1.04,0.63
2017-09-04,1518.32,1538.27,1538.27,1514.04,1.08,16.42,1793910,1611973539.0,1.59,0.66
2017-09-05,1539.76,1542.54,1544.88,1529.22,0.28,4.27,1584597,1552299953.0,1.02,0.58
2017-09-06,1536.56,1544.26,1547.73,1530.62,0.11,1.72,1684703,1559397920.0,1.11,0.62
2017-09-07,1543.86,1540.41,1556.72,1539.26,-0.25,-3.85,1721304,1592019300.0,1.13,0.63
2017-09-08,1540.74,1548.73,1554.51,1540.74,0.54,8.32,1592457,1509219544.0,0.89,0.59
2017-09-11,1575.27,1589.01,1594.79,1575.27,2.6,40.28,3142093,2722638720.0,1.26,1.16
2017-09-12,1604.26,1635.47,1666.13,1604.26,2.92,46.46,7463393,6099149519.0,3.89,2.75
2017-09-13,1636.74,1632.14,1639.22,1622.58,-0.2,-3.33,3517798,2883795922.0,1.02,1.3
2017-09-14,1649.05,1651.71,1663.31,1640.97,1.2,19.57,3393005,2965011940.0,1.37,1.25
2017-09-15,1647.49,1643.31,1654.91,1636.37,-0.51,-8.4,4169402,3532225838.0,1.12,1.54
2017-09-18,1646.96,1717.82,1720.34,1646.96,4.53,74.51,5220785,4643474432.0,4.47,1.93
2017-09-19,1725.25,1708.25,1725.25,1695.16,-0.56,-9.57,3994421,4054787981.0,1.75,1.47
2017-09-20,1698.57,1732.57,1758.41,1695.85,1.42,24.32,5099529,5055699548.0,3.66,1.88
2017-09-21,1727.91,1716.89,1749.94,1715.32,-0.91,-15.68,3781386,3700270598.0,2.0,1.39
2017-09-22,1720.4,1739.47,1753.59,1720.36,1.32,22.58,4824074,4740433803.0,1.94,1.78
2017-09-25,1724.52,1694.01,1724.52,1691.95,-2.61,-45.46,4614760,4396952623.0,1.87,1.7
2017-09-26,1692.48,1715.42,1715.42,1692.47,1.26,21.41,4154074,3800154902.0,1.35,1.53
2017-09-27,1711.31,1733.36,1752.5,1708.2,1.05,17.94,4952584,4793044189.0,2.58,1.83
2017-09-28,1730.38,1781.21,1790.49,1730.38,2.76,47.85,6772742,6635208161.0,3.47,2.5
2017-09-29,1779.7,1827.26,1835.95,1754.86,2.59,46.05,7207677,6936881179.0,4.55,2.66
2017-10-09,1855.49,1913.49,1936.4,1855.49,4.72,86.23,9437649,9212527980.0,4.43,3.48
2017-10-10,1902.86,1902.88,1917.36,1887.14,-0.55,-10.61,7512857,8232273393.0,1.58,2.77
2017-10-11,1879.19,1839.76,1880.54,1835.23,-3.32,-63.12,6188884,6473488765.0,2.38,2.28
2017-10-12,1837.16,1848.61,1852.71,1815.24,0.48,8.85,4828264,4990914314.0,2.04,1.78
2017-10-13,1838.45,1823.95,1838.45,1818.29,-1.33,-24.66,3166997,3259561385.0,1.09,1.17
2017-10-16,1819.47,1764.28,1819.47,1764.28,-3.27,-59.67,4657682,4551713211.0,3.03,1.72
2017-10-17,1763.27,1767.53,1771.84,1757.56,0.18,3.25,2484030,2569801430.0,0.81,0.92
2017-10-18,1774.05,1745.7,1782.94,1744.12,-1.24,-21.83,2943862,2967577579.0,2.2,1.09
2017-10-19,1740.59,1735.14,1746.07,1727.97,-0.6,-10.56,4154023,3029133889.0,1.04,1.53
2017-10-20,1730.62,1761.03,1763.66,1728.98,1.49,25.89,3597512,3123721175.0,2.0,1.33
2017-10-23,1759.9,1728.09,1759.9,1723.88,-1.87,-32.94,3139842,3125182956.0,2.05,1.16
2017-10-24,1726.33,1717.37,1728.76,1701.01,-0.62,-10.72,2686866,2719577215.0,1.61,0.99
2017-10-25,1714.79,1726.97,1730.19,1712.06,0.56,9.6,2299216,2204585546.0,1.06,0.85
2017-10-26,1714.45,1719.43,1724.33,1707.06,-0.44,-7.54,2260078,2431616183.0,1.0,0.83
2017-10-27,1714.32,1707.87,1740.77,1705.56,-0.67,-11.56,2755897,2566404621.0,2.05,1.02
2017-10-30,1696.39,1648.78,1696.39,1643.85,-3.46,-59.09,3203591,2746626206.0,3.08,1.18
2017-10-31,1645.26,1661.56,1661.56,1635.36,0.78,12.78,2361238,2132967235.0,1.59,0.87
2017-11-01,1662.83,1659.63,1677.38,1658.74,-0.12,-1.93,2510247,2519407973.0,1.12,0.93
2017-11-02,1658.52,1628.56,1658.52,1627.63,-1.87,-31.07,2152045,1938273473.0,1.86,0.79
2017-11-03,1622.11,1614.67,1633.21,1604.56,-0.85,-13.89,1880743,1721762854.0,1.76,0.69
2017-11-06,1615.11,1635.31,1635.43,1614.6,1.28,20.64,2188250,2091602857.0,1.29,0.81
2017-11-07,1634.36,1634.4,1634.41,1624.12,-0.06,-0.91,2187683,2334144120.0,0.63,0.81
2017-11-08,1633.57,1661.67,1675.79,1633.57,1.67,27.27,3727859,3821356236.0,2.58,1.38
2017-11-09,1668.14,1669.5,1679.57,1658.66,0.47,7.83,3497709,3009675923.0,1.26,1.29
2017-11-10,1669.76,1653.28,1670.86,1650.29,-0.97,-16.22,3985803,3311678968.0,1.23,1.47
2017-11-13,1649.4,1647.47,1658.18,1641.94,-0.35,-5.81,2490066,2232785768.0,0.98,0.92
2017-11-14,1647.65,1620.82,1647.81,1618.27,-1.62,-26.65,2399679,2226152385.0,1.79,0.89
2017-11-15,1614.96,1589.58,1614.96,1586.32,-1.93,-31.24,2840070,3310734410.0,1.77,1.05
2017-11-16,1581.83,1565.19,1582.59,1562.41,-1.53,-24.39,2398283,2570846072.0,1.27,0.88
2017-11-17,1564.18,1509.64,1573.53,1509.11,-3.55,-55.55,2742194,2483949070.0,4.12,1.01
2017-11-20,1507.69,1510.21,1510.21,1480.45,0.04,0.57,1940574,1824444737.0,1.97,0.72
2017-11-21,1504.14,1514.08,1514.43,1500.61,0.26,3.87,1896385,1784708959.0,0.92,0.7
2017-11-22,1512.62,1504.21,1512.72,1496.92,-0.65,-9.87,1756498,1573641935.0,1.04,0.65
2017-11-23,1502.37,1457.9,1502.46,1456.18,-3.08,-46.31,2230494,1880483641.0,3.08,0.82
2017-11-24,1455.65,1465.65,1469.72,1448.87,0.53,7.75,1536195,1290881009.0,1.43,0.57
2017-11-27,1462.76,1462.11,1478.11,1460.02,-0.24,-3.54,1308962,1218568298.0,1.23,0.48
2017-11-28,1464.48,1483.71,1483.83,1464.48,1.48,21.6,1289109,1164756673.0,1.32,0.48
2017-11-29,1484.54,1507.64,1508.91,1471.24,1.61,23.93,2190558,2070158025.0,2.54,0.81
2017-11-30,1497.18,1489.98,1500.96,1487.73,-1.17,-17.66,1445228,1275018783.0,0.88,0.53
2017-12-01,1492.66,1508.27,1513.81,1489.51,1.23,18.29,1766463,1585171338.0,1.63,0.65
2017-12-04,1513.12,1487.66,1513.12,1487.54,-1.37,-20.61,1658965,1498818424.0,1.7,0.61
2017-12-05,1482.08,1444.25,1482.08,1439.33,-2.92,-43.41,1978684,1963972320.0,2.87,0.73
2017-12-06,1442.75,1464.85,1464.85,1437.43,1.43,20.6,1234259,1076535208.0,1.9,0.46
2017-12-07,1463.9,1457.73,1466.23,1456.26,-0.49,-7.12,1045795,973560245.0,0.68,0.39
2017-12-08,1454.21,1469.48,1471.68,1454.21,0.81,11.75,1159535,1128313678.0,1.2,0.43
2017-12-11,1469.56,1505.95,1511.87,1469.56,2.48,36.47,2394671,2142086462.0,2.88,0.88
2017-12-12,1503.29,1491.53,1508.41,1491.53,-0.96,-14.42,1788581,1539925680.0,1.12,0.66
2017-12-13,1490.93,1501.77,1502.07,1489.03,0.69,10.24,1300053,1291810165.0,0.87,0.48
2017-12-14,1508.07,1510.54,1513.79,1500.54,0.58,8.77,1787768,1567271342.0,0.88,0.66
2017-12-15,1503.11,1493.66,1503.11,1486.94,-1.12,-16.88,1433505,1210490209.0,1.07,0.53
2017-12-18,1493.49,1480.77,1496.39,1477.56,-0.86,-12.89,1258624,1111507283.0,1.26,0.46
2017-12-19,1482.63,1483.17,1488.64,1477.49,0.16,2.4,1029386,944812807.0,0.75,0.38
2017-12-20,1482.15,1462.5,1482.81,1461.87,-1.39,-20.67,1323906,1163346160.0,1.41,0.49
2017-12-21,1459.21,1467.45,1472.66,1450.05,0.34,4.95,1219579,1024797688.0,1.55,0.45
2017-12-22,1467.7,1467.23,1478.23,1466.12,-0.01,-0.22,1011375,903022479.0,0.83,0.37
2017-12-25,1467.82,1444.99,1472.64,1444.99,-1.52,-22.24,1105408,966939070.0,1.88,0.41
2017-12-26,1444.94,1462.08,1464.25,1436.66,1.18,17.09,1341034,1179824662.0,1.91,0.49
2017-12-27,1458.53,1509.7,1526.17,1458.53,3.26,47.62,3104630,2664121916.0,4.63,1.15
2017-12-28,1523.02,1521.89,1543.19,1514.98,0.81,12.19,2916184,2658687151.0,1.87,1.08
2017-12-29,1521.78,1509.44,1521.78,1498.06,-0.82,-12.45,2646266,2372639798.0,1.56,0.98
2018-01-02,1514.54,1530.28,1537.13,1512.71,1.38,20.84,2571455,2418823318.0,1.62,0.95
2018-01-03,1525.42,1552.79,1562.76,1520.1,1.47,22.51,2911951,2763138746.0,2.79,1.07
2018-01-04,1543.69,1540.4,1545.83,1536.0,-0.8,-12.39,2244542,2147881870.0,0.63,0.83
2018-01-05,1537.88,1538.83,1545.56,1530.37,-0.1,-1.57,1966003,1928533577.0,0.99,0.73
2018-01-08,1546.3,1551.47,1562.13,1546.15,0.82,12.64,2343550,2219388518.0,1.04,0.86
2018-01-09,1548.13,1555.23,1569.2,1538.32,0.24,3.76,2445602,2363543651.0,1.99,0.9
2018-01-10,1550.62,1535.4,1557.08,1525.7,-1.28,-19.83,2166081,2056713127.0,2.02,0.8
2018-01-11,1529.12,1526.71,1535.42,1519.2,-0.57,-8.69,1786676,1743266878.0,1.06,0.66
2018-01-12,1526.01,1556.59,1563.37,1520.43,1.96,29.88,3478559,3318685770.0,2.81,1.28
2018-01-15,1548.06,1508.28,1549.05,1504.96,-3.1,-48.31,2949608,2806468893.0,2.83,1.09
2018-01-16,1527.42,1533.34,1542.6,1526.11,1.66,25.06,2153543,2250891356.0,1.09,0.79
2018-01-17,1548.52,1552.66,1553.52,1538.37,1.26,19.32,2231479,2442883293.0,0.99,0.82
2018-01-18,1546.3,1546.7,1553.27,1541.45,-0.38,-5.96,1654539,1867839256.0,0.76,0.61
2018-01-19,1541.67,1533.61,1545.59,1530.36,-0.85,-13.09,1824335,1805195896.0,0.98,0.67
2018-01-22,1536.83,1561.23,1566.33,1536.83,1.8,27.62,2522070,2291622915.0,1.92,0.93
2018-01-23,1554.91,1549.02,1561.96,1545.96,-0.78,-12.21,1611259,1598600866.0,1.02,0.59
2018-01-24,1548.3,1550.57,1550.57,1536.56,0.1,1.55,1850082,1901094267.0,0.9,0.68
2018-01-25,1542.03,1541.09,1551.47,1538.61,-0.61,-9.48,1817203,1866144571.0,0.83,0.67
2018-01-26,1538.45,1546.15,1549.56,1537.1,0.33,5.06,1596318,1558968349.0,0.81,0.59
2018-01-29,1542.28,1521.91,1542.28,1515.98,-1.57,-24.24,1936029,1901250411.0,1.7,0.71
2018-01-30,1521.03,1515.2,1522.67,1513.43,-0.44,-6.71,1137375,1177042138.0,0.61,0.42
2018-01-31,1500.88,1483.65,1500.88,1473.57,-2.08,-31.55,1697826,1678937746.0,1.8,0.63
2018-02-01,1469.3,1416.76,1470.98,1416.76,-4.51,-66.89,2207564,1833360127.0,3.65,0.81
2018-02-02,1398.62,1402.21,1419.52,1361.93,-1.03,-14.55,2153411,1693158147.0,4.06,0.79
2018-02-05,1381.98,1403.27,1406.13,1375.13,0.08,1.06,1406218,1205660414.0,2.21,0.52
2018-02-06,1381.71,1341.16,1397.06,1341.16,-4.43,-62.11,2100738,1791773920.0,3.98,0.77
2018-02-07,1367.95,1350.29,1380.07,1332.99,0.68,9.13,1960897,1590420205.0,3.51,0.72
2018-02-08,1350.03,1368.58,1372.6,1350.03,1.35,18.29,1418455,1306493248.0,1.67,0.52
2018-02-09,1340.58,1317.98,1350.65,1306.92,-3.7,-50.6,1991737,1762144802.0,3.2,0.73
2018-02-12,1326.35,1366.32,1368.46,1326.35,3.67,48.34,1358599,1322753339.0,3.2,0.5
2018-02-13,1377.26,1372.08,1384.0,1370.73,0.42,5.76,1457213,1355201416.0,0.97,0.54
2018-02-14,1378.5,1376.42,1379.25,1366.34,0.32,4.34,923105,947827755.0,0.94,0.34
2018-02-22,1385.44,1397.63,1401.97,1385.44,1.54,21.21,1202194,1006591284.0,1.2,0.44
2018-02-23,1393.12,1399.4,1399.43,1380.11,0.13,1.77,1171816,1049683545.0,1.38,0.43
2018-02-26,1401.85,1417.85,1418.63,1396.44,1.32,18.45,1594574,1451015171.0,1.59,0.59
2018-02-27,1418.16,1409.9,1418.16,1402.45,-0.56,-7.95,1207851,1125134291.0,1.11,0.45
2018-02-28,1400.66,1406.18,1412.78,1390.73,-0.26,-3.72,1076496,957160237.0,1.56,0.4
2018-03-01,1396.83,1416.74,1416.74,1394.8,0.75,10.56,1164714,968523704.0,1.56,0.43
2018-03-02,1407.14,1430.75,1440.41,1405.83,0.99,14.01,2147785,1612155714.0,2.44,0.79
2018-03-05,1425.53,1438.34,1445.4,1423.9,0.53,7.59,1595430,1335779972.0,1.5,0.59
2018-03-06,1436.64,1443.19,1443.19,1434.57,0.34,4.85,1398720,1269884915.0,0.6,0.52
2018-03-07,1441.08,1427.16,1446.06,1427.16,-1.11,-16.03,1316459,1200475689.0,1.31,0.49
2018-03-08,1428.53,1430.18,1433.91,1424.44,0.21,3.02,912557,765642021.0,0.66,0.34
2018-03-09,1431.93,1452.11,1453.31,1431.93,1.53,21.93,1686018,1372988939.0,1.49,0.62
2018-03-12,1458.08,1471.04,1471.95,1456.09,1.3,18.93,2031047,1684135764.0,1.09,0.75
2018-03-13,1469.47,1494.0,1514.54,1456.08,1.56,22.96,2844192,2397640788.0,3.97,1.05
2018-03-14,1486.05,1470.07,1487.15,1469.76,-1.6,-23.93,1776144,1528953055.0,1.16,0.66
2018-03-15,1466.01,1486.05,1506.25,1464.97,1.09,15.98,2211815,1919708350.0,2.81,0.82
2018-03-16,1480.0,1492.19,1503.14,1473.87,0.41,6.14,2043804,1752334756.0,1.97,0.75
2018-03-19,1484.6,1475.47,1487.01,1473.18,-1.12,-16.72,1477764,1362762526.0,0.93,0.55
2018-03-20,1469.32,1459.01,1469.32,1449.92,-1.12,-16.46,1422427,1280223858.0,1.31,0.52
2018-03-21,1459.07,1457.34,1476.56,1453.77,-0.11,-1.67,1403569,1364847402.0,1.56,0.52
2018-03-22,1455.44,1450.04,1461.01,1442.92,-0.5,-7.3,1338352,1202027751.0,1.24,0.49
2018-03-23,1412.24,1369.7,1415.31,1353.82,-5.54,-80.34,2282029,1746873119.0,4.24,0.84
2018-03-26,1350.08,1387.47,1387.53,1336.67,1.3,17.77,1447477,1247154979.0,3.71,0.53
2018-03-27,1403.48,1409.44,1411.95,1396.87,1.58,21.97,1593998,1291909925.0,1.09,0.59
2018-03-28,1394.04,1379.01,1398.01,1376.78,-2.16,-30.43,1530705,1314455900.0,1.51,0.56
2018-03-29,1382.5,1386.67,1387.84,1373.91,0.56,7.66,1192480,985322997.0,1.01,0.44
2018-03-30,1389.57,1395.56,1402.01,1388.04,0.64,8.89,1155129,965904326.0,1.01,0.43
2018-04-02,1394.0,1380.52,1396.67,1379.97,-1.08,-15.04,1297999,1150299375.0,1.2,0.48
2018-04-03,1356.96,1351.82,1360.77,1346.88,-2.08,-28.7,1269499,1165688506.0,1.01,0.47
2018-04-04,1358.36,1354.63,1371.08,1354.0,0.21,2.81,1177061,998177931.0,1.26,0.43
2018-04-09,1352.63,1361.1,1367.75,1345.74,0.48,6.47,1191356,940187646.0,1.62,0.44
2018-04-10,1360.85,1378.82,1396.78,1355.27,1.3,17.72,1794066,1352412532.0,3.05,0.66
2018-04-11,1373.51,1375.43,1377.89,1368.18,-0.25,-3.39,1278844,954827381.0,0.7,0.47
2018-04-12,1373.81,1362.24,1376.59,1360.36,-0.96,-13.19,939334,862348349.0,1.18,0.35
2018-04-13,1368.52,1364.1,1371.09,1356.81,0.14,1.86,867321,740042020.0,1.05,0.32
2018-04-16,1352.1,1336.32,1352.81,1330.09,-2.04,-27.78,1171798,891699643.0,1.67,0.43
2018-04-17,1335.09,1312.4,1339.33,1309.74,-1.79,-23.92,970057,768764447.0,2.21,0.36
2018-04-18,1315.23,1318.88,1321.12,1287.24,0.49,6.48,1652361,1260100098.0,2.58,0.61
2018-04-19,1322.3,1326.84,1328.35,1316.05,0.6,7.96,1337285,992174881.0,0.93,0.49
2018-04-20,1320.81,1302.17,1333.09,1302.17,-1.86,-24.67,1266929,1109905815.0,2.33,0.47
2018-04-23,1316.13,1313.1,1324.42,1302.72,0.84,10.93,1213412,1086420940.0,1.67,0.45
2018-04-24,1311.35,1330.38,1333.57,1307.12,1.32,17.28,1386926,1226287358.0,2.01,0.51
2018-04-25,1319.1,1325.18,1327.31,1318.11,-0.39,-5.2,1055718,1000091719.0,0.69,0.39
2018-04-26,1321.83,1292.65,1322.62,1292.23,-2.45,-32.53,1111764,861570526.0,2.29,0.41
2018-04-27,1294.62,1298.04,1301.4,1284.75,0.42,5.39,1079608,840677944.0,1.29,0.4
2018-05-02,1290.65,1276.26,1294.54,1273.32,-1.68,-21.78,1164238,852979522.0,1.63,0.43
2018-05-03,1274.66,1285.39,1286.41,1261.64,0.72,9.13,1251179,950184845.0,1.94,0.46
2018-05-04,1284.13,1277.8,1286.0,1276.31,-0.59,-7.59,905931,636742619.0,0.75,0.33
2018-05-07,1276.49,1294.88,1296.76,1276.49,1.34,17.08,972269,727210919.0,1.59,0.36
2018-05-08,1293.98,1305.42,1305.42,1291.6,0.81,10.54,955629,757158383.0,1.07,0.35
2018-05-09,1307.77,1307.34,1314.17,1302.81,0.15,1.92,1197352,845680416.0,0.87,0.44
2018-05-10,1306.01,1315.95,1316.7,1303.61,0.66,8.61,1091902,912913732.0,1.0,0.4
2018-05-11,1318.65,1326.41,1340.05,1315.27,0.79,10.46,1756999,1298857845.0,1.88,0.65
2018-05-14,1322.26,1321.42,1326.66,1319.8,-0.38,-4.99,1098369,873420395.0,0.52,0.41
2018-05-15,1324.64,1327.29,1328.99,1318.24,0.44,5.87,919757,727543642.0,0.81,0.34
2018-05-16,1321.93,1318.32,1327.44,1314.89,-0.68,-8.97,993067,866930292.0,0.95,0.37
2018-05-17,1319.48,1310.53,1319.48,1309.0,-0.59,-7.79,690638,595111926.0,0.79,0.25
2018-05-18,1308.8,1316.41,1319.63,1303.2,0.45,5.88,833047,747981821.0,1.25,0.31
2018-05-21,1322.89,1343.16,1347.19,1322.89,2.03,26.75,1454257,1233344527.0,1.85,0.54
2018-05-22,1338.42,1341.95,1342.24,1332.96,-0.09,-1.21,905340,755177537.0,0.69,0.33
2018-05-23,1337.03,1324.79,1347.65,1321.48,-1.28,-17.16,1508690,1066097415.0,1.95,0.56
2018-05-24,1322.71,1311.61,1324.73,1310.54,-0.99,-13.18,1018998,800539250.0,1.07,0.38
2018-05-25,1308.98,1295.78,1310.73,1295.27,-1.21,-15.83,772735,536803502.0,1.18,0.29
2018-05-28,1298.3,1287.89,1300.95,1287.51,-0.61,-7.89,754059,537132721.0,1.04,0.28
2018-05-29,1289.41,1291.08,1297.21,1288.39,0.25,3.19,925480,611465747.0,0.68,0.34
2018-05-30,1272.69,1250.46,1276.47,1246.51,-3.15,-40.62,1246477,747792652.0,2.32,0.46
2018-05-31,1258.25,1260.74,1265.45,1251.07,0.82,10.28,779942,597573555.0,1.15,0.29
2018-06-01,1253.32,1244.69,1261.61,1237.52,-1.27,-16.05,1051443,959757835.0,1.91,0.39
2018-06-04,1243.35,1237.15,1253.51,1236.96,-0.61,-7.54,894148,908521932.0,1.33,0.33
2018-06-05,1239.24,1253.36,1253.43,1237.86,1.31,16.21,747779,705937389.0,1.26,0.28
2018-06-06,1253.97,1265.09,1265.99,1249.23,0.94,11.73,876932,719587958.0,1.34,0.32
2018-06-07,1265.0,1255.88,1270.29,1255.58,-0.73,-9.21,918557,639306198.0,1.16,0.34
2018-06-08,1256.97,1238.89,1256.97,1228.76,-1.35,-16.99,961382,690655627.0,2.25,0.35
2018-06-11,1238.04,1239.88,1244.1,1232.3,0.08,0.99,707861,600958657.0,0.95,0.26
2018-06-12,1242.74,1265.49,1265.49,1229.59,2.07,25.61,1116053,924793144.0,2.9,0.41
2018-06-13,1258.05,1262.98,1280.76,1249.2,-0.2,-2.51,1553155,1002191976.0,2.49,0.57
2018-06-14,1246.7,1249.57,1257.01,1245.03,-1.06,-13.41,1098293,839346824.0,0.95,0.41
2018-06-15,1248.13,1222.39,1249.22,1214.23,-2.18,-27.18,971910,658640787.0,2.8,0.36
2018-06-19,1203.81,1138.95,1203.81,1124.99,-6.83,-83.44,1993122,1111664382.0,6.45,0.74
2018-06-20,1133.14,1143.49,1155.0,1123.09,0.4,4.54,1232619,747595323.0,2.8,0.45
2018-06-21,1146.14,1108.04,1150.71,1107.31,-3.1,-35.45,1152232,729398462.0,3.8,0.43
2018-06-22,1100.41,1124.0,1124.78,1090.6,1.44,15.96,1005456,639333193.0,3.08,0.37
2018-06-25,1125.78,1116.17,1129.93,1116.17,-0.7,-7.83,727634,513049021.0,1.22,0.27
2018-06-26,1111.09,1138.71,1140.91,1109.94,2.02,22.54,1102023,710135239.0,2.77,0.41
2018-06-27,1142.19,1146.65,1165.31,1140.54,0.7,7.94,2130638,1112306157.0,2.18,0.79
2018-06-28,1138.67,1124.29,1155.75,1124.15,-1.95,-22.36,1680832,1063426499.0,2.76,0.62
2018-06-29,1125.31,1170.71,1171.34,1125.31,4.13,46.42,1761609,1043468541.0,4.09,0.65
2018-07-02,1181.27,1161.12,1188.95,1145.77,-0.82,-9.59,2643878,1905461909.0,3.69,0.98
2018-07-03,1156.45,1153.15,1158.85,1127.4,-0.69,-7.97,1969030,1312899869.0,2.71,0.73
2018-07-04,1151.42,1141.28,1151.42,1134.05,-1.03,-11.87,1580724,1071145212.0,1.51,0.58
2018-07-05,1142.59,1112.32,1154.58,1111.32,-2.54,-28.96,1653483,1206669902.0,3.79,0.61
2018-07-06,1115.71,1111.63,1124.92,1083.67,-0.06,-0.69,1555183,1080105001.0,3.71,0.57
2018-07-09,1114.66,1128.37,1129.43,1113.64,1.51,16.74,1288541,933503051.0,1.42,0.48
2018-07-10,1129.47,1136.65,1136.77,1122.54,0.73,8.28,1143258,794862214.0,1.26,0.42
2018-07-11,1125.18,1110.82,1125.18,1095.23,-2.27,-25.83,1141779,718563840.0,2.63,0.42
2018-07-12,1108.3,1131.95,1135.12,1108.3,1.9,21.13,1288171,822460242.0,2.41,0.48
2018-07-13,1134.45,1128.92,1138.32,1125.16,-0.27,-3.03,1050166,738501986.0,1.16,0.39
2018-07-16,1118.5,1115.58,1118.5,1101.08,-1.18,-13.34,1279868,767187579.0,1.54,0.47
2018-07-17,1112.22,1114.6,1114.92,1104.53,-0.09,-0.98,822180,535839866.0,0.93,0.3
2018-07-18,1119.22,1129.28,1140.78,1114.27,1.32,14.68,1594652,1040815933.0,2.38,0.59
2018-07-19,1127.05,1112.64,1131.21,1111.43,-1.47,-16.64,1393782,881492066.0,1.75,0.51
2018-07-20,1114.1,1117.18,1120.53,1104.83,0.41,4.54,1465242,773311053.0,1.41,0.54
2018-07-23,1114.03,1126.41,1126.41,1110.62,0.83,9.23,1108854,628409814.0,1.41,0.41
2018-07-24,1128.51,1148.19,1149.52,1126.96,1.93,21.78,1880359,1194704199.0,2.0,0.69
2018-07-25,1148.16,1169.24,1177.75,1139.45,1.83,21.05,2160979,1276571178.0,3.34,0.8
2018-07-26,1172.22,1166.38,1173.65,1163.41,-0.24,-2.86,1758936,978172969.0,0.88,0.65
2018-07-27,1165.61,1154.73,1170.09,1152.97,-1.0,-11.65,1812866,960940408.0,1.47,0.67
2018-07-30,1151.24,1138.0,1154.0,1134.19,-1.45,-16.73,1241996,735840970.0,1.72,0.46
2018-07-31,1136.43,1142.63,1145.82,1134.71,0.41,4.63,953730,570722185.0,0.98,0.35
2018-08-01,1154.13,1127.24,1159.99,1125.54,-1.35,-15.39,1286257,801394992.0,3.01,0.47
2018-08-02,1119.17,1102.92,1119.17,1082.09,-2.16,-24.32,1762413,994911380.0,3.29,0.65
2018-08-03,1100.13,1092.39,1102.82,1091.91,-0.95,-10.53,993937,585784665.0,0.99,0.37
2018-08-06,1091.57,1069.6,1094.4,1064.93,-2.09,-22.79,1135708,626973689.0,2.7,0.42
2018-08-07,1071.66,1093.57,1093.57,1064.48,2.24,23.97,955973,551604244.0,2.72,0.35
2018-08-08,1090.53,1079.7,1093.39,1078.38,-1.27,-13.87,741274,445200377.0,1.37,0.27
2018-08-09,1078.72,1098.32,1102.8,1077.18,1.72,18.62,1077676,632814619.0,2.37,0.4
2018-08-10,1095.0,1101.04,1101.59,1091.46,0.25,2.72,735943,443738388.0,0.92,0.27
2018-08-13,1090.38,1102.43,1103.84,1084.52,0.13,1.39,938402,518545263.0,1.75,0.35
2018-08-14,1099.17,1097.86,1102.87,1093.97,-0.41,-4.57,722845,452636063.0,0.81,0.27
2018-08-15,1100.95,1077.32,1104.3,1077.32,-1.87,-20.54,987938,626538494.0,2.46,0.36
2018-08-16,1067.0,1064.11,1074.26,1058.29,-1.23,-13.21,943403,547739611.0,1.48,0.35
2018-08-17,1069.13,1045.54,1071.97,1045.54,-1.75,-18.57,739992,417278519.0,2.48,0.27
2018-08-20,1043.0,1043.32,1049.73,1028.36,-0.21,-2.22,787852,476827596.0,2.04,0.29
2018-08-21,1042.96,1050.76,1054.15,1040.21,0.71,7.44,741247,470331721.0,1.34,0.27
2018-08-22,1048.72,1040.29,1049.71,1038.0,-1.0,-10.47,594890,377647088.0,1.11,0.22
2018-08-23,1039.02,1042.38,1046.11,1036.97,0.2,2.09,525143,319591549.0,0.88,0.19
2018-08-24,1041.32,1040.88,1046.41,1036.51,-0.14,-1.5,705900,367338671.0,0.95,0.26
2018-08-27,1040.74,1056.91,1057.07,1040.74,1.54,16.03,829926,494128187.0,1.57,0.31
2018-08-28,1057.01,1058.27,1059.71,1054.46,0.13,1.36,741101,541060703.0,0.5,0.27
2018-08-29,1055.11,1053.69,1057.61,1051.43,-0.43,-4.58,615103,364977171.0,0.58,0.23
2018-08-30,1053.42,1045.97,1057.36,1045.53,-0.73,-7.72,591948,322420272.0,1.12,0.22
2018-08-31,1041.29,1031.56,1041.36,1030.61,-1.38,-14.41,731185,403600841.0,1.03,0.27
2018-09-03,1034.05,1025.14,1035.83,1018.32,-0.62,-6.42,699037,363224687.0,1.7,0.26
2018-09-04,1025.46,1035.31,1037.22,1025.46,0.99,10.17,679474,349278716.0,1.15,0.25
2018-09-05,1033.07,1019.32,1033.57,1018.94,-1.54,-15.99,639717,367500407.0,1.41,0.24
2018-09-06,1017.89,1012.54,1023.57,1010.51,-0.67,-6.78,538985,311705891.0,1.28,0.2
2018-09-07,1010.84,1017.0,1026.15,1010.84,0.44,4.46,770168,399644860.0,1.51,0.28
2018-09-10,1015.11,997.75,1015.11,996.41,-1.89,-19.25,636682,348600579.0,1.84,0.23
2018-09-11,997.04,999.22,1003.26,993.68,0.15,1.47,529887,293733776.0,0.96,0.2
2018-09-12,998.06,1001.49,1005.34,993.14,0.23,2.27,573516,300455763.0,1.22,0.21
2018-09-13,1008.41,1011.94,1012.84,1000.34,1.04,10.45,804714,465415205.0,1.25,0.3
2018-09-14,1033.13,1024.51,1051.89,1024.51,1.24,12.57,2004562,1098364898.0,2.71,0.74
2018-09-17,1008.24,996.94,1008.24,996.18,-2.69,-27.57,1148872,591339234.0,1.18,0.42
2018-09-18,990.83,1005.95,1006.79,990.83,0.9,9.01,866324,441339420.0,1.6,0.32
2018-09-19,1004.01,1013.17,1018.82,1001.41,0.72,7.22,972457,544689819.0,1.73,0.36
2018-09-20,1013.45,1009.13,1014.9,1008.08,-0.4,-4.04,666461,356466639.0,0.67,0.25
2018-09-21,1011.69,1035.47,1037.02,1011.07,2.61,26.34,1717162,890861979.0,2.57,0.63
2018-09-25,1026.34,1034.12,1034.12,1025.17,-0.13,-1.35,1044535,598014493.0,0.86,0.39
2018-09-26,1034.25,1035.58,1040.15,1032.32,0.14,1.46,1028959,621753321.0,0.76,0.38
2018-09-27,1035.87,1022.65,1037.11,1022.57,-1.25,-12.93,921160,486550678.0,1.4,0.34
2018-09-28,1031.14,1035.65,1039.23,1031.14,1.27,13.0,1203557,691150436.0,0.79,0.44
2018-10-08,1017.81,999.37,1017.81,996.81,-3.5,-36.28,1041036,570583456.0,2.03,0.38
2018-10-09,999.67,991.9,1004.31,991.02,-0.75,-7.47,709759,378113668.0,1.33,0.26
2018-10-10,996.1,994.13,1000.13,988.85,0.22,2.23,558650,317609365.0,1.14,0.21
2018-10-11,969.31,912.88,969.31,909.68,-8.17,-81.25,1641332,773080270.0,6.0,0.61
2018-10-12,901.08,890.45,903.96,862.2,-2.46,-22.43,1263025,566852800.0,4.57,0.47
2018-10-15,888.3,870.0,891.2,868.97,-2.3,-20.45,693259,324431377.0,2.5,0.26
2018-10-16,871.0,843.17,875.66,839.88,-3.08,-26.83,870623,454296734.0,4.11,0.32
2018-10-17,851.16,850.19,857.41,835.55,0.83,7.02,707906,304151536.0,2.59,0.26
2018-10-18,849.28,822.4,849.28,822.4,-3.27,-27.79,727617,343471300.0,3.16,0.27
2018-10-19,815.3,838.85,839.93,810.58,2.0,16.45,961530,424928325.0,3.57,0.35
2018-10-22,844.51,877.85,885.54,844.51,4.65,39.0,1238779,576115503.0,4.89,0.46
2018-10-23,877.73,867.45,892.49,863.7,-1.18,-10.4,1140176,531186782.0,3.28,0.42
2018-10-24,864.0,867.46,876.96,864.0,0.0,0.01,755645,389074920.0,1.49,0.28
2018-10-25,854.85,885.63,886.79,849.03,2.09,18.17,1366338,605788052.0,4.35,0.5
2018-10-26,893.84,894.93,904.27,890.46,1.05,9.3,1404357,742461704.0,1.56,0.52
2018-10-29,891.87,863.48,891.87,862.0,-3.51,-31.45,1292332,768995277.0,3.34,0.48
2018-10-30,861.86,880.96,880.96,854.36,2.02,17.48,1877898,908616220.0,3.08,0.69
2018-10-31,877.78,885.06,890.79,874.45,0.47,4.1,2591451,927479485.0,1.85,0.96
2018-11-01,886.72,889.27,897.95,884.95,0.48,4.21,1829190,787328139.0,1.47,0.67
2018-11-02,898.55,911.18,911.18,896.15,2.46,21.91,1701218,845617892.0,1.69,0.63
2018-11-05,906.51,915.82,920.71,901.57,0.51,4.64,1385881,710219222.0,2.1,0.51
2018-11-06,908.29,918.31,919.37,900.78,0.27,2.49,1628762,812141908.0,2.03,0.6
2018-11-07,918.03,912.23,925.75,910.76,-0.66,-6.08,1159528,580829899.0,1.63,0.43
2018-11-08,916.5,911.26,919.35,909.9,-0.11,-0.97,989927,547721965.0,1.04,0.37
2018-11-09,907.95,899.63,913.06,899.52,-1.28,-11.63,835813,421183531.0,1.49,0.31
2018-11-12,901.84,943.76,945.11,901.84,4.91,44.13,1817566,890622172.0,4.81,0.67
2018-11-13,934.69,953.44,960.45,933.14,1.03,9.68,2184999,1009082318.0,2.89,0.81
2018-11-14,952.38,951.43,960.79,946.55,-0.21,-2.01,1864309,909619160.0,1.49,0.69
2018-11-15,947.78,957.48,958.49,947.78,0.64,6.05,1204534,579539538.0,1.13,0.44
2018-11-16,957.77,964.21,972.4,956.5,0.7,6.73,1469035,796031861.0,1.66,0.54
2018-11-19,966.15,969.47,969.92,960.1,0.55,5.26,1321535,682513888.0,1.02,0.49
2018-11-20,966.3,948.37,967.44,947.92,-2.18,-21.1,1801843,934686783.0,2.01,0.66
2018-11-21,937.08,948.86,949.4,934.62,0.05,0.49,1104273,600771192.0,1.56,0.41
2018-11-22,953.36,972.43,974.54,950.79,2.48,23.57,2016049,972406915.0,2.5,0.74
2018-11-23,971.87,925.65,971.87,923.75,-4.81,-46.78,1928244,952007856.0,4.95,0.71
2018-11-26,922.92,929.91,938.29,920.06,0.46,4.26,1264765,651184515.0,1.97,0.47
2018-11-27,930.73,939.12,946.19,930.73,0.99,9.21,1307958,690299604.0,1.66,0.48
2018-11-28,938.11,933.75,938.11,917.61,-0.57,-5.37,1090477,544154002.0,2.18,0.4
2018-11-29,939.81,917.1,944.32,916.3,-1.78,-16.65,1169305,600954472.0,3.0,0.43
2018-11-30,915.5,926.14,933.25,912.37,0.99,9.04,1135592,584795854.0,2.28,0.42
2018-12-03,944.12,957.4,962.08,941.66,3.38,31.26,1796202,912932858.0,2.2,0.66
2018-12-04,959.04,966.71,968.72,957.82,0.97,9.31,1320199,731661617.0,1.14,0.49
2018-12-05,948.53,961.68,965.42,947.07,-0.52,-5.03,1242841,711152901.0,1.9,0.46
2018-12-06,959.6,948.35,960.92,947.61,-1.39,-13.33,1153215,623494936.0,1.38,0.43
2018-12-07,953.97,951.39,961.59,946.45,0.32,3.04,1132796,627575227.0,1.6,0.42
2018-12-10,939.02,934.41,943.2,925.04,-1.78,-16.98,1070517,541724977.0,1.91,0.39
2018-12-11,931.9,933.41,935.43,928.57,-0.11,-1.0,855213,438071580.0,0.73,0.32
2018-12-12,939.38,944.84,949.22,939.21,1.22,11.43,876932,472960976.0,1.07,0.32
2018-12-13,944.9,953.53,959.09,938.62,0.92,8.69,1042271,602656988.0,2.17,0.38
2018-12-14,955.55,935.35,959.85,933.8,-1.91,-18.18,1110930,554139188.0,2.73,0.41
2018-12-17,930.49,932.7,934.16,919.33,-0.28,-2.65,857941,470059108.0,1.59,0.32
2018-12-18,926.46,927.49,934.07,915.33,-0.56,-5.21,1444753,579757181.0,2.01,0.53
2018-12-19,925.84,920.24,928.88,918.51,-0.78,-7.25,869022,386093440.0,1.12,0.32
2018-12-20,918.17,913.63,919.42,907.63,-0.72,-6.61,849411,393186436.0,1.28,0.31
2018-12-21,909.95,910.26,914.15,906.25,-0.37,-3.37,920624,403390835.0,0.86,0.34
2018-12-24,910.87,925.52,925.52,909.6,1.68,15.26,708635,351079677.0,1.75,0.26
2018-12-25,917.33,917.67,921.11,895.59,-0.85,-7.85,987104,476570406.0,2.76,0.36
2018-12-26,918.37,910.11,921.38,910.11,-0.82,-7.56,628973,327909249.0,1.23,0.23
2018-12-27,923.5,905.37,925.57,905.37,-0.52,-4.74,811856,442460944.0,2.22,0.3
2018-12-28,905.83,906.72,916.85,904.3,0.15,1.35,772498,365667752.0,1.39,0.28
2019-01-02,912.64,900.21,913.49,898.39,-0.72,-6.51,628240,287659210.0,1.67,0.23
2019-01-03,900.28,900.87,908.35,899.09,0.07,0.66,598091,322773294.0,1.03,0.22
2019-01-04,894.73,922.3,922.3,894.24,2.38,21.43,953325,504952457.0,3.11,0.35
2019-01-07,926.53,951.71,951.71,926.53,3.19,29.41,1210946,682795940.0,2.73,0.45
2019-01-08,948.83,960.99,964.91,944.63,0.98,9.28,1335152,738601868.0,2.13,0.49
2019-01-09,982.8,977.53,995.82,976.87,1.72,16.54,2493959,1333848054.0,1.97,0.92
2019-01-10,970.7,963.47,974.4,959.09,-1.44,-14.06,1364652,722120936.0,1.57,0.5
2019-01-11,960.96,973.14,978.55,952.48,1.0,9.67,1915678,865568152.0,2.71,0.71
2019-01-14,970.78,977.21,982.56,966.98,0.42,4.07,1918356,834033606.0,1.6,0.71
2019-01-15,973.47,983.52,988.32,966.11,0.65,6.31,1882192,908135521.0,2.27,0.69
2019-01-16,983.05,996.01,999.41,979.6,1.27,12.49,1968124,1059414475.0,2.01,0.73
2019-01-17,991.09,983.59,996.47,981.34,-1.25,-12.42,1919204,1059804131.0,1.52,0.71
2019-01-18,979.81,977.14,981.12,968.94,-0.66,-6.45,1417648,769465811.0,1.24,0.52
2019-01-21,978.38,978.87,984.8,975.25,0.18,1.73,1068769,596481434.0,0.98,0.39
2019-01-22,976.97,967.48,977.08,963.74,-1.16,-11.39,1164617,620414310.0,1.36,0.43
2019-01-23,965.03,981.67,987.94,965.03,1.47,14.19,1403829,830496250.0,2.37,0.52
2019-01-24,978.4,976.27,978.93,965.98,-0.55,-5.4,1202302,689945234.0,1.32,0.44
2019-01-25,975.63,971.08,981.53,968.75,-0.53,-5.19,1110900,592891187.0,1.31,0.41
2019-01-28,971.51,960.37,977.27,958.93,-1.1,-10.71,1173997,573630137.0,1.89,0.43
2019-01-29,957.95,942.57,957.95,931.54,-1.85,-17.8,1061975,519836043.0,2.75,0.39
2019-01-30,931.46,921.26,932.82,921.26,-2.26,-21.31,868624,461927682.0,1.23,0.32
2019-01-31,909.6,906.65,917.87,902.04,-1.59,-14.61,983999,478252849.0,1.72,0.36
2019-02-01,906.78,924.3,924.3,906.78,1.95,17.65,890387,416607161.0,1.93,0.33
2019-02-11,928.33,957.26,958.5,928.33,3.57,32.96,1068530,610375052.0,3.26,0.39
2019-02-12,966.25,978.17,980.64,965.35,2.18,20.91,1361762,783234897.0,1.6,0.5
2019-02-13,976.84,994.09,999.79,974.47,1.63,15.92,2073396,1088066181.0,2.59,0.76
2019-02-14,987.88,991.01,996.33,982.13,-0.31,-3.08,1546231,921418731.0,1.43,0.57
2019-02-15,989.26,984.63,993.54,983.0,-0.64,-6.38,1259236,772543234.0,1.06,0.46
2019-02-18,988.22,1009.18,1009.18,988.22,2.49,24.55,2020198,1122608393.0,2.13,0.75
2019-02-19,1009.75,1009.29,1014.6,998.22,0.01,0.11,2041640,1090841449.0,1.62,0.75
2019-02-20,1005.67,1012.21,1014.11,1002.49,0.29,2.92,1669934,927816207.0,1.15,0.62
2019-02-21,1011.41,1032.27,1048.1,1008.32,1.98,20.06,3570073,1864585777.0,3.93,1.32
2019-02-22,1024.62,1048.54,1048.54,1022.6,1.58,16.27,2570772,1448841491.0,2.51,0.95
2019-02-25,1051.33,1104.79,1106.61,1051.33,5.36,56.25,4315520,2362746009.0,5.27,1.59
2019-02-26,1108.02,1131.92,1150.07,1095.05,2.46,27.13,4884281,2620002718.0,4.98,1.8
2019-02-27,1135.2,1130.17,1150.61,1115.43,-0.15,-1.75,3957839,2394274139.0,3.11,1.46
2019-02-28,1130.24,1133.28,1142.35,1121.67,0.28,3.11,3422645,1910222415.0,1.83,1.26
2019-03-01,1136.2,1162.62,1163.06,1132.87,2.59,29.34,3009418,1898016109.0,2.66,1.11
2019-03-04,1171.16,1181.41,1206.11,1169.19,1.62,18.79,3847300,2490047109.0,3.18,1.42
2019-03-05,1184.71,1200.91,1200.91,1179.83,1.65,19.5,3075693,2061931837.0,1.78,1.13
2019-03-06,1208.04,1247.35,1247.35,1203.28,3.87,46.44,5091812,3129840029.0,3.67,1.88
2019-03-07,1249.52,1258.92,1263.21,1239.19,0.93,11.57,4551482,2535054159.0,1.93,1.68
2019-03-08,1240.42,1208.51,1249.21,1208.51,-4.0,-50.41,6458711,3839989595.0,3.23,2.38
2019-03-11,1206.11,1231.73,1234.07,1201.95,1.92,23.22,3569706,2214413904.0,2.66,1.32
2019-03-12,1233.94,1248.95,1257.65,1233.94,1.4,17.22,4734007,2950323809.0,1.92,1.75
2019-03-13,1249.51,1215.82,1249.51,1212.86,-2.65,-33.13,4346570,2616042288.0,2.93,1.6
2019-03-14,1206.44,1191.08,1220.72,1183.74,-2.03,-24.74,3177293,1959860683.0,3.04,1.17
2019-03-15,1199.6,1222.77,1225.91,1195.6,2.66,31.69,3377114,1995409682.0,2.54,1.25
2019-03-18,1229.74,1258.22,1258.46,1222.4,2.9,35.45,4815619,2418486355.0,2.95,1.78
2019-03-19,1258.0,1263.57,1263.8,1247.07,0.43,5.35,4498908,2235121083.0,1.33,1.66
2019-03-20,1269.17,1265.52,1277.1,1248.22,0.15,1.95,4111910,2316347589.0,2.29,1.52
2019-03-21,1269.81,1281.0,1287.82,1261.13,1.22,15.48,3420691,2190157507.0,2.11,1.26
2019-03-22,1273.37,1315.72,1317.55,1262.7,2.71,34.72,4789072,3210780100.0,4.28,1.77
2019-03-25,1289.14,1294.99,1313.32,1285.21,-1.58,-20.73,3934261,2695879469.0,2.14,1.45
2019-03-26,1297.99,1262.39,1304.71,1257.85,-2.52,-32.6,3731169,2564478685.0,3.62,1.38
2019-03-27,1275.93,1232.05,1277.93,1213.93,-2.4,-30.34,3733615,2697602376.0,5.07,1.38
2019-03-28,1212.59,1191.19,1219.59,1191.19,-3.32,-40.86,3055224,1778968653.0,2.31,1.13
2019-03-29,1185.55,1221.5,1221.5,1183.98,2.54,30.31,2523225,1505524428.0,3.15,0.93
2019-04-01,1226.85,1268.43,1269.53,1226.85,3.84,46.93,3491451,2327904447.0,3.49,1.29
2019-04-02,1280.43,1303.45,1309.93,1273.76,2.76,35.02,5368985,3429900183.0,2.85,1.98
2019-04-03,1296.72,1313.74,1316.7,1290.63,0.79,10.29,3858440,2596310331.0,2.0,1.42
2019-04-04,1318.2,1330.53,1332.23,1316.58,1.28,16.79,3578473,2603845967.0,1.19,1.32
2019-04-08,1341.93,1356.02,1357.15,1319.86,1.92,25.49,3545450,2653085564.0,2.8,1.31
2019-04-09,1347.5,1388.57,1399.66,1345.03,2.4,32.55,3745827,2629584884.0,4.03,1.38
2019-04-10,1380.11,1426.06,1441.43,1372.26,2.7,37.49,6314065,3909098086.0,4.98,2.33
2019-04-11,1450.37,1491.68,1509.97,1450.37,4.6,65.62,5041040,3437687557.0,4.18,1.86
2019-04-12,1520.3,1497.68,1532.24,1493.17,0.4,6.0,9331554,5682837182.0,2.62,3.44
2019-04-15,1501.24,1453.01,1505.08,1451.41,-2.98,-44.67,7569714,4808652019.0,3.58,2.79
2019-04-16,1451.2,1488.65,1489.97,1430.35,2.45,35.64,5422278,3949870727.0,4.1,2.0
2019-04-17,1494.8,1578.98,1585.61,1485.99,6.07,90.33,12171487,8657701068.0,6.69,4.49
2019-04-18,1578.21,1534.4,1593.7,1524.39,-2.82,-44.58,10781370,7338775966.0,4.39,3.98
2019-04-19,1513.61,1559.77,1585.39,1504.59,1.65,25.37,8957825,6055810103.0,5.27,3.3
2019-04-22,1559.74,1537.46,1562.48,1530.71,-1.43,-22.31,9703593,5594585214.0,2.04,3.58
2019-04-23,1540.2,1482.62,1540.2,1474.65,-3.57,-54.84,8394838,4740202921.0,4.26,3.1
2019-04-24,1490.19,1551.84,1551.84,1490.19,4.67,69.22,6448927,4417957279.0,4.16,2.38
2019-04-25,1556.07,1476.32,1556.07,1469.81,-4.87,-75.52,8272124,5001201789.0,5.56,3.05
2019-04-26,1446.92,1437.27,1464.97,1424.78,-2.65,-39.05,5743887,3509107155.0,2.72,2.12
2019-04-29,1434.79,1364.51,1434.79,1362.55,-5.06,-72.76,5576997,3014612737.0,5.03,2.06
2019-04-30,1355.16,1375.24,1382.19,1350.12,0.79,10.73,3391365,1944036640.0,2.35,1.25
2019-05-06,1325.87,1259.15,1325.87,1254.02,-8.44,-116.09,4709094,2493713075.0,5.22,1.74
2019-05-07,1265.36,1298.31,1306.69,1257.14,3.11,39.16,4168159,2253026963.0,3.94,1.54
2019-05-08,1270.71,1306.59,1335.34,1262.89,0.64,8.28,4673937,2450902179.0,5.58,1.72
2019-05-09,1296.39,1293.57,1330.31,1286.52,-1.0,-13.02,4250245,2159388472.0,3.35,1.57
2019-05-10,1307.02,1327.72,1328.84,1263.29,2.64,34.15,4325557,2414056175.0,5.07,1.6
2019-05-13,1304.41,1299.67,1311.92,1286.5,-2.11,-28.05,3281718,1707758535.0,1.91,1.21
2019-05-14,1277.2,1276.24,1293.47,1273.94,-1.8,-23.43,2230059,1319483263.0,1.5,0.82
2019-05-15,1294.66,1317.17,1317.18,1287.93,3.21,40.93,2947386,1714192764.0,2.29,1.09
2019-05-16,1328.09,1330.45,1347.27,1322.43,1.01,13.28,3685531,2287110447.0,1.89,1.36
2019-05-17,1326.41,1274.64,1326.41,1262.77,-4.19,-55.81,3513231,2071425878.0,4.78,1.3
2019-05-20,1261.63,1253.76,1263.35,1230.38,-1.64,-20.88,2534974,1501619898.0,2.59,0.94
2019-05-21,1252.16,1278.86,1284.24,1252.16,2.0,25.1,2040453,1320985967.0,2.56,0.75
2019-05-22,1280.57,1255.69,1280.57,1247.74,-1.81,-23.17,2048080,1212792530.0,2.57,0.76
2019-05-23,1244.84,1228.54,1248.76,1223.91,-2.16,-27.15,2227043,1247270673.0,1.98,0.82
2019-05-24,1217.45,1255.16,1268.62,1204.14,2.17,26.62,3298150,1953661169.0,5.25,1.22
2019-05-27,1240.06,1261.73,1267.09,1224.04,0.52,6.57,2749557,1674524106.0,3.43,1.01
2019-05-28,1256.19,1271.62,1285.26,1255.31,0.78,9.89,2477689,1537555370.0,2.37,0.91
2019-05-29,1264.29,1258.08,1267.38,1253.88,-1.06,-13.54,1751002,1062528957.0,1.06,0.65
2019-05-30,1253.16,1250.85,1257.59,1236.57,-0.57,-7.23,1599968,1051767441.0,1.67,0.59
2019-05-31,1249.16,1243.63,1254.42,1236.26,-0.58,-7.22,1497613,966745095.0,1.45,0.55
2019-06-03,1242.3,1215.97,1250.32,1213.99,-2.22,-27.66,1815311,1174411168.0,2.92,0.67
2019-06-04,1215.65,1187.82,1215.65,1182.19,-2.32,-28.15,1505499,987864629.0,2.75,0.56
2019-06-05,1197.51,1178.27,1197.78,1173.92,-0.8,-9.55,1468281,965003890.0,2.01,0.54
2019-06-06,1176.86,1153.85,1176.86,1148.24,-2.07,-24.42,1413444,912271771.0,2.43,0.52
2019-06-10,1166.28,1166.41,1176.52,1159.81,1.09,12.56,1373689,819664978.0,1.45,0.51
2019-06-11,1172.18,1207.47,1207.79,1167.54,3.52,41.06,2049175,1242793444.0,3.45,0.76
2019-06-12,1203.45,1182.86,1203.45,1180.71,-2.04,-24.61,1467819,870876492.0,1.88,0.54
2019-06-13,1180.91,1201.23,1202.94,1172.39,1.55,18.37,1955666,1096433132.0,2.58,0.72
2019-06-14,1199.91,1175.77,1201.2,1171.89,-2.12,-25.46,1696155,995205489.0,2.44,0.63
2019-06-17,1166.25,1171.14,1176.56,1157.68,-0.39,-4.63,1351575,829339314.0,1.61,0.5
2019-06-18,1179.63,1176.25,1188.43,1172.32,0.44,5.11,1576330,913833066.0,1.38,0.58
2019-06-19,1195.56,1186.26,1200.66,1185.46,0.85,10.01,1835479,1080988305.0,1.29,0.68
2019-06-20,1182.09,1204.24,1212.64,1180.39,1.52,17.98,2140678,1310054526.0,2.72,0.79
2019-06-21,1207.28,1219.58,1220.29,1206.15,1.27,15.34,2821835,1554892743.0,1.17,1.04
2019-06-24,1216.19,1238.19,1238.64,1206.08,1.53,18.61,2677125,1564540698.0,2.67,0.99
2019-06-25,1229.1,1215.65,1229.1,1206.21,-1.82,-22.54,2622997,1416305807.0,1.85,0.97
2019-06-26,1210.68,1216.59,1231.61,1206.63,0.08,0.94,1980952,1213773845.0,2.05,0.73
2019-06-27,1216.77,1214.65,1225.75,1210.14,-0.16,-1.94,1529583,993698293.0,1.28,0.56
2019-06-28,1214.91,1197.49,1214.91,1189.83,-1.41,-17.16,1547014,885585457.0,2.06,0.57
2019-07-01,1214.52,1226.2,1229.6,1208.57,2.4,28.71,2167015,1348060567.0,1.76,0.8
2019-07-02,1226.75,1246.44,1265.91,1222.67,1.65,20.24,3117445,1925468500.0,3.53,1.15
2019-07-03,1241.1,1228.74,1243.52,1223.65,-1.42,-17.7,2077871,1255120069.0,1.59,0.77
2019-07-04,1233.91,1245.93,1257.72,1233.91,1.4,17.19,2108548,1364198674.0,1.94,0.78
2019-07-05,1246.49,1259.49,1264.94,1241.83,1.09,13.56,2524696,1554664969.0,1.85,0.93
2019-07-08,1248.27,1206.16,1248.27,1200.16,-4.23,-53.33,2647369,1672705016.0,3.82,0.98
2019-07-09,1200.88,1237.81,1243.8,1200.88,2.62,31.65,2051183,1484568795.0,3.56,0.76
2019-07-10,1234.96,1211.42,1237.13,1206.38,-2.13,-26.39,1798661,1164883938.0,2.48,0.66
2019-07-11,1214.36,1204.57,1223.25,1200.47,-0.57,-6.85,1332993,828738844.0,1.88,0.49
2019-07-12,1207.12,1205.07,1210.46,1195.32,0.04,0.5,1190520,702991758.0,1.26,0.44
2019-07-15,1199.1,1213.52,1214.14,1184.4,0.7,8.45,1618145,921266946.0,2.47,0.6
2019-07-16,1212.42,1204.52,1214.7,1202.01,-0.74,-9.0,1146285,675516830.0,1.05,0.42
2019-07-17,1201.52,1212.09,1214.41,1197.47,0.63,7.57,1446551,859184103.0,1.41,0.53
2019-07-18,1202.01,1183.14,1202.01,1183.14,-2.39,-28.95,1239533,712994130.0,1.56,0.46
2019-07-19,1187.61,1185.54,1203.02,1184.56,0.2,2.4,1215125,668898395.0,1.56,0.45
2019-07-22,1187.36,1152.64,1187.36,1149.96,-2.78,-32.9,1562942,804617505.0,3.15,0.58
2019-07-23,1153.39,1168.25,1171.9,1153.13,1.35,15.61,1256020,689077899.0,1.63,0.46
2019-07-24,1168.27,1172.36,1182.07,1168.23,0.35,4.11,1258170,685716243.0,1.18,0.46
2019-07-25,1171.72,1172.39,1176.91,1167.15,0.0,0.03,963634,550803205.0,0.83,0.36
2019-07-26,1172.04,1173.27,1175.13,1166.96,0.08,0.88,1091667,626282230.0,0.7,0.4
2019-07-29,1172.66,1163.44,1173.14,1161.48,-0.84,-9.83,907623,511779453.0,0.99,0.33
2019-07-30,1163.41,1169.6,1174.63,1163.41,0.53,6.16,938247,524757222.0,0.96,0.35
2019-07-31,1169.18,1153.4,1169.18,1152.84,-1.39,-16.2,878293,486554513.0,1.4,0.32
2019-08-01,1148.79,1145.81,1153.59,1144.32,-0.66,-7.59,1405633,727973391.0,0.8,0.52
2019-08-02,1122.92,1128.43,1128.43,1115.26,-1.52,-17.38,1684762,860293466.0,1.15,0.62
2019-08-05,1120.1,1108.46,1124.95,1108.39,-1.77,-19.97,1532082,781741459.0,1.47,0.57
2019-08-06,1087.74,1064.75,1087.74,1045.74,-3.94,-43.71,2002654,943057062.0,3.79,0.74
2019-08-07,1072.76,1065.73,1077.07,1063.17,0.09,0.98,1224286,550143367.0,1.31,0.45
2019-08-08,1069.47,1072.27,1079.23,1069.47,0.61,6.54,1049420,521144503.0,0.92,0.39
2019-08-09,1074.52,1059.44,1084.65,1058.14,-1.2,-12.83,1073198,491371103.0,2.47,0.4
2019-08-12,1062.12,1079.5,1079.5,1062.12,1.89,20.06,1009760,544630550.0,1.64,0.37
2019-08-13,1071.66,1064.98,1074.81,1058.22,-1.35,-14.52,1003604,523012863.0,1.54,0.37
2019-08-14,1075.47,1071.11,1080.62,1066.91,0.58,6.13,1048518,531719913.0,1.29,0.39
2019-08-15,1047.77,1068.98,1068.98,1044.26,-0.2,-2.13,1014428,554239989.0,2.31,0.37
2019-08-16,1070.6,1073.25,1079.57,1069.47,0.4,4.27,923842,540404477.0,0.94,0.34
2019-08-19,1076.08,1096.51,1096.51,1076.08,2.17,23.26,1320681,707212443.0,1.9,0.49
2019-08-20,1093.7,1087.72,1099.27,1085.13,-0.8,-8.79,1131821,620967780.0,1.29,0.42
2019-08-21,1085.13,1088.13,1092.94,1083.1,0.04,0.41,1183326,674152128.0,0.9,0.44
2019-08-22,1091.1,1104.51,1109.07,1079.5,1.51,16.38,1643397,1008445632.0,2.72,0.61
2019-08-23,1105.23,1097.71,1105.39,1091.93,-0.62,-6.8,1178427,707432143.0,1.22,0.43
2019-08-26,1076.48,1096.19,1109.86,1073.09,-0.14,-1.52,1637658,898922434.0,3.35,0.6
2019-08-27,1099.8,1125.15,1127.69,1099.8,2.64,28.96,2197683,1560378185.0,2.54,0.81
2019-08-28,1146.07,1152.39,1177.86,1146.07,2.42,27.24,2689766,1804059891.0,2.83,0.99
2019-08-29,1155.87,1139.59,1155.87,1135.01,-1.11,-12.8,2279211,1470901855.0,1.81,0.84
2019-08-30,1139.06,1108.93,1139.06,1104.89,-2.69,-30.66,1793355,1170240865.0,3.0,0.66
2019-09-02,1113.6,1131.81,1136.67,1113.6,2.06,22.88,1737236,1165308398.0,2.08,0.64
2019-09-03,1134.85,1122.06,1134.85,1115.74,-0.86,-9.75,1589724,1016168597.0,1.69,0.59
2019-09-04,1118.69,1123.34,1123.34,1111.5,0.11,1.28,1444854,923993298.0,1.06,0.53
2019-09-05,1126.95,1137.78,1146.51,1126.95,1.29,14.44,2103887,1495297691.0,1.74,0.78
2019-09-06,1151.53,1172.49,1172.87,1151.53,3.05,34.71,2626271,1774642975.0,1.88,0.97
2019-09-09,1181.21,1183.14,1183.14,1167.96,0.91,10.65,2196671,1508844445.0,1.29,0.81
2019-09-10,1181.2,1172.42,1181.2,1167.79,-0.91,-10.72,1672407,1066409268.0,1.13,0.62
2019-09-11,1175.67,1169.56,1181.81,1168.23,-0.24,-2.86,1731430,1017987983.0,1.16,0.64
2019-09-12,1171.71,1177.35,1180.58,1165.29,0.67,7.79,1703014,1055223207.0,1.31,0.63
2019-09-16,1183.25,1179.51,1190.46,1175.28,0.18,2.16,1994194,1279748442.0,1.29,0.74
2019-09-17,1182.98,1155.23,1182.98,1150.96,-2.06,-24.28,1710842,1012910878.0,2.71,0.63
2019-09-18,1162.37,1169.12,1175.05,1159.88,1.2,13.89,1078087,813385066.0,1.31,0.4
2019-09-19,1174.23,1175.72,1175.84,1164.88,0.56,6.6,1100398,729865830.0,0.94,0.41
2019-09-20,1183.58,1184.44,1191.32,1179.32,0.74,8.72,1588928,935805280.0,1.02,0.59
2019-09-23,1185.86,1170.9,1185.86,1168.22,-1.14,-13.54,1818866,1021078740.0,1.49,0.67
2019-09-24,1172.32,1170.62,1181.67,1163.34,-0.02,-0.28,1517086,879234199.0,1.57,0.56
2019-09-25,1165.46,1147.04,1165.46,1147.04,-2.01,-23.58,1516682,900628595.0,1.57,0.56
2019-09-26,1151.63,1112.85,1151.63,1112.85,-2.98,-34.19,1554729,888333397.0,3.38,0.57
2019-09-27,1114.92,1122.36,1127.91,1113.24,0.85,9.51,1310869,715162310.0,1.32,0.48
2019-09-30,1132.15,1113.53,1134.51,1113.39,-0.79,-8.83,1109077,635319299.0,1.88,0.41
2019-10-08,1110.0,1104.96,1118.16,1103.71,-0.77,-8.57,923233,555942012.0,1.3,0.34
2019-10-09,1102.85,1108.07,1108.07,1096.94,0.28,3.11,871702,524470395.0,1.01,0.32
2019-10-10,1108.9,1108.34,1110.21,1101.88,0.02,0.27,899739,562029465.0,0.75,0.33
2019-10-11,1111.91,1117.12,1117.12,1105.31,0.79,8.78,1133090,678998287.0,1.07,0.42
2019-10-14,1124.64,1136.78,1139.04,1124.64,1.76,19.66,1463421,966801812.0,1.29,0.54
2019-10-15,1136.73,1135.42,1141.54,1128.61,-0.12,-1.36,1237521,809204998.0,1.14,0.46
2019-10-16,1139.63,1130.88,1142.91,1130.31,-0.4,-4.54,1171483,739226618.0,1.11,0.43
2019-10-17,1132.61,1136.2,1140.06,1129.05,0.47,5.32,1182251,674093290.0,0.97,0.44
2019-10-18,1139.32,1121.31,1141.6,1120.65,-1.31,-14.89,1073535,706965437.0,1.84,0.4
2019-10-21,1124.02,1115.77,1124.02,1103.22,-0.49,-5.54,1347713,713763642.0,1.85,0.5
2019-10-22,1116.06,1125.61,1126.08,1111.18,0.88,9.84,954901,597046201.0,1.34,0.35
2019-10-23,1126.81,1123.92,1133.9,1122.53,-0.15,-1.69,1130212,703287156.0,1.01,0.42
2019-10-24,1122.68,1131.92,1131.92,1122.68,0.71,8.0,1067103,658041482.0,0.82,0.39
2019-10-25,1132.25,1139.31,1142.29,1127.59,0.65,7.39,1262049,841565370.0,1.3,0.47
2019-10-28,1133.33,1145.85,1147.9,1133.33,0.57,6.54,1344028,831648544.0,1.28,0.5
2019-10-29,1146.41,1132.99,1146.75,1132.99,-1.12,-12.86,1302849,984249649.0,1.2,0.48
2019-10-30,1131.51,1121.95,1131.51,1118.61,-0.97,-11.04,1281948,800649578.0,1.14,0.47
2019-10-31,1119.24,1112.9,1124.89,1112.01,-0.81,-9.05,1101786,817187924.0,1.15,0.41
2019-11-01,1111.11,1140.35,1142.74,1108.8,2.47,27.45,1896649,1032951870.0,3.05,0.7
2019-11-04,1143.55,1141.73,1150.91,1138.99,0.12,1.38,1618727,1071111936.0,1.05,0.6
2019-11-05,1139.58,1140.87,1143.4,1131.03,-0.08,-0.86,1257422,929414259.0,1.08,0.46
2019-11-06,1144.33,1130.75,1147.95,1126.69,-0.89,-10.12,1289520,892813829.0,1.86,0.48
2019-11-07,1131.18,1144.83,1144.99,1131.18,1.25,14.08,1114934,756163913.0,1.22,0.41
2019-11-08,1149.29,1147.06,1158.08,1145.93,0.19,2.23,1286170,939737326.0,1.06,0.47
2019-11-11,1137.3,1130.55,1142.36,1127.33,-1.44,-16.51,1349872,889508564.0,1.31,0.5
2019-11-12,1130.12,1124.37,1130.12,1114.92,-0.55,-6.18,1267626,854128923.0,1.34,0.47
2019-11-13,1124.21,1117.55,1125.04,1112.43,-0.61,-6.82,1233801,805200489.0,1.12,0.46
2019-11-14,1119.46,1118.63,1124.31,1113.71,0.1,1.08,1129368,710068597.0,0.95,0.42
2019-11-15,1116.35,1106.51,1120.67,1105.96,-1.08,-12.12,1047860,653819215.0,1.32,0.39
2019-11-18,1103.58,1111.82,1114.09,1102.53,0.48,5.31,992161,700036840.0,1.04,0.37
2019-11-19,1111.32,1122.19,1122.19,1108.8,0.93,10.37,918496,678845487.0,1.2,0.34
2019-11-20,1122.66,1108.1,1122.66,1107.26,-1.26,-14.09,889975,611403240.0,1.37,0.33
2019-11-21,1104.81,1106.59,1108.61,1099.81,-0.14,-1.51,722416,518325727.0,0.79,0.27
2019-11-22,1106.88,1107.62,1120.11,1103.6,0.09,1.03,1305775,864029865.0,1.49,0.48
2019-11-25,1107.98,1117.82,1117.82,1099.84,0.92,10.2,1159658,783088506.0,1.62,0.43
2019-11-26,1115.4,1122.45,1122.45,1112.67,0.41,4.63,1033636,819394025.0,0.87,0.38
2019-11-27,1120.07,1122.31,1126.27,1115.85,-0.01,-0.14,964028,744825647.0,0.93,0.36
2019-11-28,1123.37,1119.03,1124.62,1117.91,-0.29,-3.28,877346,703342237.0,0.6,0.32
2019-11-29,1126.74,1124.61,1127.75,1114.17,0.5,5.58,1225586,819637387.0,1.21,0.45
2019-12-02,1125.48,1136.22,1141.1,1123.84,1.03,11.61,1533729,1125349007.0,1.53,0.57
2019-12-03,1132.45,1160.36,1161.31,1131.68,2.12,24.14,1759768,1257395603.0,2.61,0.65
2019-12-04,1151.86,1150.41,1167.49,1147.71,-0.86,-9.95,1649098,1131276069.0,1.7,0.61
2019-12-05,1153.04,1150.96,1158.92,1147.38,0.05,0.55,1772858,1270755240.0,1.0,0.65
2019-12-06,1150.51,1144.92,1151.29,1137.5,-0.52,-6.04,1531476,1123737617.0,1.2,0.56
2019-12-09,1143.38,1142.24,1144.39,1135.29,-0.23,-2.68,1777542,1128757741.0,0.79,0.66
2019-12-10,1144.02,1140.73,1147.85,1139.7,-0.13,-1.51,1380722,916635196.0,0.71,0.51
2019-12-11,1139.83,1154.79,1163.63,1138.87,1.23,14.06,1869122,1318053064.0,2.17,0.69
2019-12-12,1153.25,1164.76,1165.31,1146.93,0.86,9.97,1792211,1256149437.0,1.59,0.66
2019-12-13,1159.21,1173.87,1173.87,1159.21,0.78,9.11,1767510,1231578107.0,1.26,0.65
2019-12-16,1175.78,1174.02,1175.78,1162.72,0.01,0.15,2087022,1371853960.0,1.11,0.77
2019-12-17,1172.08,1180.68,1182.6,1163.92,0.57,6.66,2159666,1392776494.0,1.59,0.8
2019-12-18,1178.2,1179.23,1183.56,1176.43,-0.12,-1.45,1668445,1147405649.0,0.6,0.62
2019-12-19,1178.89,1178.99,1180.08,1170.45,-0.02,-0.24,1282831,860023796.0,0.82,0.47
2019-12-20,1179.74,1182.39,1190.61,1179.0,0.29,3.4,1886782,1231120580.0,0.98,0.7
2019-12-23,1180.71,1156.39,1184.34,1155.77,-2.2,-26.0,1602967,1118258456.0,2.42,0.59
2019-12-24,1159.21,1174.25,1174.38,1159.21,1.54,17.86,1380085,901932160.0,1.31,0.51
2019-12-25,1179.41,1181.14,1190.75,1174.95,0.59,6.89,1380995,902514363.0,1.35,0.51
2019-12-26,1184.03,1181.27,1186.01,1173.05,0.01,0.13,1327339,854707829.0,1.1,0.49
2019-12-27,1185.45,1177.09,1189.4,1174.25,-0.35,-4.18,1547516,939881438.0,1.28,0.57
2019-12-30,1177.22,1182.27,1183.07,1166.03,0.44,5.18,1552955,1013698970.0,1.45,0.57
2019-12-31,1188.53,1187.33,1193.46,1183.9,0.43,5.06,1631199,1060211487.0,0.81,0.6
2020-01-02,1193.08,1208.73,1210.91,1193.08,1.8,21.4,1971427,1385998207.0,1.5,0.73
2020-01-03,1212.23,1219.64,1222.75,1208.31,0.9,10.91,1972037,1137644781.0,1.19,0.73
2020-01-06,1211.83,1220.09,1231.75,1207.91,0.04,0.45,2298976,1469540129.0,1.95,0.85
2020-01-07,1224.24,1234.81,1236.83,1224.2,1.21,14.72,1985771,1310733772.0,1.04,0.73
2020-01-08,1231.39,1229.96,1247.2,1227.0,-0.39,-4.85,2694591,1670193366.0,1.64,0.99
2020-01-09,1237.62,1233.67,1242.94,1229.53,0.3,3.71,1908534,1177502211.0,1.09,0.7
2020-01-10,1234.68,1218.61,1234.68,1216.23,-1.22,-15.06,1717005,1087912499.0,1.5,0.63
2020-01-13,1228.0,1238.12,1247.39,1228.0,1.6,19.51,2608602,1974953730.0,1.59,0.96
2020-01-14,1243.98,1240.79,1254.08,1240.15,0.22,2.67,2194942,1889206528.0,1.13,0.81
2020-01-15,1236.54,1216.5,1236.54,1214.2,-1.96,-24.29,1665932,1094022501.0,1.8,0.61
2020-01-16,1219.59,1220.16,1225.77,1215.6,0.3,3.66,1596781,1248960607.0,0.84,0.59
2020-01-17,1220.64,1230.93,1234.18,1218.76,0.88,10.77,1929574,1399207139.0,1.26,0.71
2020-01-20,1236.39,1253.4,1259.62,1236.39,1.83,22.47,1891326,1618338717.0,1.89,0.7
2020-01-21,1248.86,1225.26,1248.86,1225.19,-2.25,-28.14,2310638,1781164757.0,1.89,0.85
2020-01-22,1223.0,1221.46,1229.56,1200.48,-0.31,-3.8,1746594,1321053049.0,2.37,0.64
2020-01-23,1210.03,1173.16,1212.16,1165.27,-3.95,-48.3,1970177,1397668089.0,3.84,0.73
2020-02-03,1060.55,1060.55,1063.17,1060.55,-9.6,-112.61,872874,471295978.0,0.22,0.32
2020-02-04,993.88,1036.56,1042.97,993.88,-2.26,-23.99,2615302,1605037902.0,4.63,0.96
2020-02-05,1038.19,1057.69,1077.33,1038.19,2.04,21.13,2382190,1582105300.0,3.78,0.88
2020-02-06,1058.4,1056.97,1062.0,1044.9,-0.07,-0.72,2163769,1382196237.0,1.62,0.8
2020-02-07,1050.99,1049.64,1056.22,1039.52,-0.69,-7.33,1779563,1148741266.0,1.58,0.66
2020-02-10,1047.56,1090.62,1091.39,1045.38,3.9,40.98,2346149,1531368210.0,4.38,0.87
2020-02-11,1096.03,1104.15,1113.23,1096.03,1.24,13.53,2413071,1802850896.0,1.58,0.89
2020-02-12,1101.09,1112.44,1112.44,1098.41,0.75,8.29,1848721,1346386589.0,1.27,0.68
2020-02-13,1111.47,1113.97,1124.01,1110.08,0.14,1.53,2305487,1668125130.0,1.25,0.85
2020-02-14,1110.6,1104.94,1115.84,1095.47,-0.81,-9.03,1750024,1161991066.0,1.83,0.65
2020-02-17,1109.3,1138.3,1138.7,1109.3,3.02,33.36,2349801,1598121076.0,2.66,0.87
2020-02-18,1140.79,1149.37,1157.31,1135.27,0.97,11.07,2003543,1279018424.0,1.94,0.74
2020-02-19,1151.27,1141.92,1161.02,1141.31,-0.65,-7.45,2434579,1721173778.0,1.71,0.9
2020-02-20,1140.55,1168.55,1168.55,1139.82,2.33,26.63,3199622,1968733980.0,2.52,1.18
2020-02-21,1168.94,1196.49,1203.26,1165.12,2.39,27.94,3714127,2421260441.0,3.26,1.37
2020-02-24,1191.71,1195.52,1198.61,1180.97,-0.08,-0.97,3153962,2275567890.0,1.47,1.16
2020-02-25,1166.48,1232.93,1243.45,1156.8,3.13,37.41,5416200,3417193798.0,7.25,2.0
2020-02-26,1220.59,1216.05,1243.69,1213.45,-1.37,-16.88,3978390,2434005764.0,2.45,1.47
2020-02-27,1225.47,1225.53,1244.92,1208.94,0.78,9.48,4247183,2632798009.0,2.96,1.57
2020-02-28,1184.39,1153.64,1198.64,1150.23,-5.87,-71.89,3845713,2404740801.0,3.95,1.42
2020-03-02,1159.9,1195.03,1199.86,1159.9,3.59,41.39,2742852,1813206026.0,3.46,1.01
2020-03-03,1215.56,1211.08,1229.18,1196.77,1.34,16.05,3392289,2247531402.0,2.71,1.25
2020-03-04,1200.05,1216.39,1216.39,1190.4,0.44,5.31,2563860,1687843564.0,2.15,0.95
2020-03-05,1220.81,1221.11,1223.11,1211.51,0.39,4.72,2694262,1700581884.0,0.95,0.99
2020-03-06,1205.57,1203.87,1211.88,1197.1,-1.41,-17.24,2377982,1509079310.0,1.21,0.88
2020-03-09,1182.65,1150.91,1183.93,1150.91,-4.4,-52.96,2515764,1497314827.0,2.74,0.93
2020-03-10,1131.7,1178.87,1179.25,1125.1,2.43,27.96,3128152,1735099453.0,4.7,1.15
2020-03-11,1178.84,1165.66,1190.79,1165.66,-1.12,-13.21,2901245,1363992058.0,2.13,1.07
2020-03-12,1145.75,1162.46,1166.8,1132.15,-0.27,-3.2,2566636,1365734427.0,2.97,0.95
2020-03-13,1110.39,1151.72,1161.52,1106.32,-0.92,-10.74,3095392,1732487148.0,4.75,1.14
2020-03-16,1158.1,1106.51,1159.21,1104.8,-3.93,-45.21,2475084,1454709933.0,4.72,0.91
2020-03-17,1103.44,1086.8,1113.34,1060.33,-1.78,-19.71,1900011,1106246715.0,4.79,0.7
2020-03-18,1093.34,1067.6,1112.72,1067.6,-1.77,-19.2,2066222,1173929475.0,4.15,0.76
2020-03-19,1061.32,1064.05,1072.65,1035.63,-0.33,-3.55,1968589,1047326206.0,3.47,0.73
2020-03-20,1073.0,1081.54,1081.66,1063.56,1.64,17.49,1346134,773234865.0,1.7,0.5
2020-03-23,1052.95,1031.91,1058.95,1029.26,-4.59,-49.63,1522682,886200655.0,2.75,0.56
2020-03-24,1051.46,1066.6,1068.86,1034.54,3.36,34.69,2069792,1213751624.0,3.33,0.76
2020-03-25,1091.61,1102.57,1112.86,1086.37,3.37,35.97,2446545,1439692744.0,2.48,0.9
2020-03-26,1099.29,1084.87,1100.91,1084.55,-1.61,-17.7,2145795,1201511874.0,1.48,0.79
2020-03-27,1098.5,1083.63,1098.5,1082.6,-0.11,-1.24,1696264,1029316289.0,1.47,0.63
2020-03-30,1069.15,1069.28,1082.77,1058.45,-1.32,-14.35,1673794,999134996.0,2.24,0.62
2020-03-31,1073.41,1081.84,1086.12,1070.57,1.17,12.56,1731069,1082733044.0,1.45,0.64
2020-04-01,1087.28,1079.8,1107.47,1078.48,-0.19,-2.04,2221861,1386057093.0,2.68,0.82
2020-04-02,1065.53,1085.57,1085.57,1062.74,0.53,5.77,1658858,948412004.0,2.11,0.61
2020-04-03,1089.85,1075.82,1092.06,1072.49,-0.9,-9.75,1801457,1003012150.0,1.8,0.66
2020-04-07,1091.04,1109.29,1111.0,1085.8,3.11,33.47,2095839,1324343654.0,2.34,0.77
2020-04-08,1105.68,1128.71,1128.8,1105.68,1.75,19.42,2588981,1573423410.0,2.08,0.96
2020-04-09,1131.68,1138.2,1142.29,1127.0,0.84,9.49,3432573,1739294401.0,1.35,1.27
2020-04-10,1140.02,1129.17,1145.99,1125.47,-0.79,-9.03,2584834,1507684405.0,1.8,0.95
2020-04-13,1126.35,1121.97,1126.35,1109.38,-0.64,-7.2,2048286,1256242067.0,1.5,0.76
2020-04-14,1124.45,1140.23,1140.23,1121.08,1.63,18.26,1653779,1027282501.0,1.71,0.61
2020-04-15,1140.49,1134.68,1148.88,1133.53,-0.49,-5.55,2650454,1589095769.0,1.35,0.98
2020-04-16,1126.97,1128.52,1134.07,1125.18,-0.54,-6.16,1749545,1019981641.0,0.78,0.65
2020-04-17,1134.58,1125.92,1135.12,1124.25,-0.23,-2.6,1941316,1170390627.0,0.96,0.72
2020-04-20,1125.93,1133.93,1135.31,1122.95,0.71,8.01,1751472,1148618372.0,1.1,0.65
2020-04-21,1126.97,1114.26,1126.97,1105.0,-1.73,-19.67,1675166,992158109.0,1.94,0.62
2020-04-22,1106.31,1118.57,1120.55,1102.75,0.39,4.31,1470722,941457190.0,1.6,0.54
2020-04-23,1126.67,1121.22,1130.86,1114.04,0.24,2.65,1811040,1036943713.0,1.5,0.67
2020-04-24,1123.56,1115.03,1143.94,1111.85,-0.55,-6.19,2427658,1615121948.0,2.86,0.9
2020-04-27,1110.07,1095.4,1111.25,1094.43,-1.76,-19.63,1757049,932504912.0,1.51,0.65
2020-04-28,1095.87,1076.51,1095.87,1055.35,-1.72,-18.89,1660267,1050645591.0,3.7,0.61
2020-04-29,1079.22,1087.09,1089.7,1079.22,0.98,10.58,1451503,869399337.0,0.97,0.54
2020-04-30,1098.8,1105.04,1109.77,1097.47,1.65,17.95,1965598,1165829807.0,1.13,0.73
2020-05-06,1094.73,1132.82,1133.16,1094.73,2.51,27.78,1616087,1120444268.0,3.48,0.6
2020-05-07,1141.56,1129.86,1142.11,1127.82,-0.26,-2.96,1676588,1117841493.0,1.26,0.62
2020-05-08,1134.21,1142.01,1144.16,1133.35,1.08,12.15,1507165,951100142.0,0.96,0.56
2020-05-11,1153.49,1151.13,1161.91,1147.25,0.8,9.12,1743933,1091225325.0,1.28,0.64
2020-05-12,1156.2,1138.64,1156.96,1129.54,-1.09,-12.49,1445938,994983901.0,2.38,0.53
2020-05-13,1135.32,1131.26,1135.32,1125.44,-0.65,-7.38,1147762,733429199.0,0.87,0.42
2020-05-14,1133.73,1114.58,1133.73,1114.23,-1.47,-16.68,1104224,710963035.0,1.72,0.41
2020-05-15,1122.7,1119.18,1126.94,1113.68,0.41,4.6,1139255,771573264.0,1.19,0.42
2020-05-18,1118.62,1118.11,1129.11,1115.92,-0.1,-1.07,1170137,794498168.0,1.18,0.43
2020-05-19,1123.41,1121.3,1125.86,1116.16,0.29,3.19,1045267,799605916.0,0.87,0.39
2020-05-20,1121.16,1130.63,1135.28,1117.66,0.83,9.33,1644323,1175848789.0,1.57,0.61
2020-05-21,1145.57,1134.49,1145.57,1131.9,0.34,3.86,2181501,1411995484.0,1.21,0.8
2020-05-22,1139.53,1137.43,1151.41,1133.08,0.26,2.94,2063748,1330210343.0,1.62,0.76
2020-05-25,1156.95,1144.63,1156.95,1139.92,0.63,7.2,2625784,1834982471.0,1.5,0.97
2020-05-26,1155.34,1179.2,1180.75,1155.34,3.02,34.57,2500424,1807130450.0,2.22,0.92
2020-05-27,1190.23,1203.12,1205.94,1177.4,2.03,23.92,3422921,2599494659.0,2.42,1.26
2020-05-28,1209.61,1224.95,1238.27,1209.61,1.81,21.83,3007072,2207970820.0,2.38,1.11
2020-05-29,1243.06,1231.19,1243.06,1222.37,0.51,6.24,4713920,3910566385.0,1.69,1.74
2020-06-01,1228.69,1264.88,1266.35,1228.69,2.74,33.69,3178768,2684333334.0,3.06,1.17
2020-06-02,1267.78,1247.68,1272.9,1243.6,-1.36,-17.2,4960103,4429259637.0,2.32,1.83
2020-06-03,1248.95,1283.07,1283.07,1238.54,2.84,35.39,5785256,4195483084.0,3.57,2.13
2020-06-04,1283.57,1296.09,1297.31,1266.71,1.01,13.02,7445696,4774410916.0,2.38,2.75
2020-06-05,1295.25,1279.94,1298.42,1271.7,-1.25,-16.15,5784203,3941267936.0,2.06,2.13
2020-06-08,1276.18,1258.2,1276.18,1254.04,-1.7,-21.74,4177098,3105547820.0,1.73,1.54
2020-06-09,1255.02,1254.89,1263.1,1246.45,-0.26,-3.31,3590311,2871244574.0,1.32,1.32
2020-06-10,1251.44,1257.59,1260.7,1242.65,0.22,2.7,3162182,2362746411.0,1.44,1.17
2020-06-11,1263.0,1279.0,1291.01,1263.0,1.7,21.41,4977034,4057934866.0,2.23,1.84
2020-06-12,1255.79,1294.35,1299.39,1255.79,1.2,15.35,5254576,4547437601.0,3.41,1.94
2020-06-15,1293.15,1276.26,1296.39,1276.26,-1.4,-18.09,4831242,4512045144.0,1.56,1.78
2020-06-16,1284.17,1281.23,1286.47,1275.65,0.39,4.97,3597758,3068770794.0,0.85,1.33
2020-06-17,1284.26,1275.93,1284.26,1266.68,-0.41,-5.3,3559390,3010987446.0,1.37,1.31
2020-06-18,1267.66,1268.04,1274.25,1264.29,-0.62,-7.89,3205422,2584325334.0,0.78,1.18
2020-06-19,1265.2,1275.04,1280.32,1265.2,0.55,7.0,3013568,2504395351.0,1.19,1.11
2020-06-22,1274.6,1260.67,1276.22,1260.15,-1.13,-14.37,2709373,2422744390.0,1.26,1.0
2020-06-23,1256.05,1244.57,1256.05,1242.95,-1.28,-16.1,2426601,2078042968.0,1.04,0.9
2020-06-24,1243.51,1233.78,1245.41,1233.0,-0.87,-10.79,2297207,1717678794.0,1.0,0.85
2020-06-29,1231.1,1225.1,1231.98,1222.14,-0.7,-8.68,1785556,1423076864.0,0.8,0.66
2020-06-30,1228.9,1237.28,1242.02,1228.76,0.99,12.18,1766801,1462048584.0,1.08,0.65
2020-07-01,1240.87,1246.53,1246.71,1234.98,0.75,9.25,2098571,1663530651.0,0.95,0.77
2020-07-02,1246.99,1263.59,1265.51,1244.63,1.37,17.06,2763035,2253209228.0,1.68,1.02
2020-07-03,1270.68,1303.21,1307.09,1269.89,3.14,39.62,4268116,3499871796.0,2.94,1.57
2020-07-06,1323.14,1352.03,1358.28,1312.91,3.75,48.82,5378034,4193544564.0,3.48,1.98
2020-07-07,1365.8,1370.33,1385.19,1346.32,1.35,18.3,5220755,4109537649.0,2.87,1.93
2020-07-08,1375.03,1380.39,1382.06,1353.35,0.73,10.06,5093797,4202793844.0,2.1,1.88
2020-07-09,1380.29,1409.35,1411.19,1372.8,2.1,28.96,5121399,4258443514.0,2.78,1.89
2020-07-10,1406.73,1422.91,1443.81,1403.09,0.96,13.56,6253875,5616735539.0,2.89,2.31
2020-07-13,1431.87,1468.56,1471.4,1431.87,3.21,45.65,4348768,3979525665.0,2.78,1.6
2020-07-14,1466.1,1463.36,1473.61,1434.06,-0.35,-5.2,6676593,6475465627.0,2.69,2.46
2020-07-15,1458.24,1402.28,1461.39,1402.28,-4.17,-61.08,4739324,4327755570.0,4.04,1.75
2020-07-16,1401.98,1356.61,1420.62,1352.53,-3.26,-45.67,3781715,3306281401.0,4.86,1.39
2020-07-17,1359.13,1366.62,1378.9,1349.64,0.74,10.01,2827084,2440508660.0,2.16,1.04
2020-07-20,1377.75,1420.98,1421.41,1377.75,3.98,54.36,3095164,2767524800.0,3.19,1.14
2020-07-21,1424.35,1436.05,1438.91,1423.28,1.06,15.07,3322335,3080061718.0,1.1,1.23
2020-07-22,1445.1,1438.56,1456.46,1432.9,0.17,2.51,3433155,3134980699.0,1.64,1.27
2020-07-23,1434.39,1429.42,1441.06,1392.57,-0.64,-9.14,3241031,2838646062.0,3.37,1.2
2020-07-24,1426.27,1372.74,1428.11,1370.89,-3.97,-56.68,4149777,3679296512.0,4.0,1.53
2020-07-27,1382.02,1393.13,1393.13,1364.88,1.49,20.39,3279535,2459222569.0,2.06,1.21
2020-07-28,1402.19,1390.27,1410.79,1380.43,-0.21,-2.86,2683303,2075038762.0,2.18,0.99
2020-07-29,1386.92,1414.09,1414.09,1373.19,1.71,23.82,2677673,2289281662.0,2.94,0.99
2020-07-30,1410.51,1390.47,1413.16,1387.5,-1.67,-23.62,2558983,2155960454.0,1.81,0.94
2020-07-31,1380.1,1382.41,1395.28,1365.83,-0.58,-8.06,2686334,2066687603.0,2.12,0.99
2020-08-03,1391.19,1415.47,1415.47,1391.19,2.39,33.06,3521845,2587433516.0,1.76,1.3
2020-08-04,1418.04,1400.81,1418.04,1393.49,-1.04,-14.66,2747628,2160451258.0,1.73,1.01
2020-08-05,1398.37,1405.0,1408.17,1388.0,0.3,4.19,2338713,1831039634.0,1.44,0.86
2020-08-06,1405.58,1419.35,1423.21,1400.07,1.02,14.35,4250696,3056088382.0,1.65,1.57
2020-08-07,1412.31,1414.29,1420.43,1391.97,-0.36,-5.06,5590323,2961644384.0,2.01,2.06
2020-08-10,1407.02,1428.02,1431.7,1401.28,0.97,13.73,5473112,2791964734.0,2.15,2.02
2020-08-11,1437.11,1416.12,1447.94,1416.12,-0.83,-11.9,8106702,4049621457.0,2.23,2.99
2020-08-12,1401.59,1416.53,1416.54,1374.31,0.03,0.41,6439619,3410015184.0,2.98,2.38
2020-08-13,1423.94,1445.01,1454.91,1423.94,2.01,28.48,4945024,3100938195.0,2.19,1.82
2020-08-14,1449.43,1443.82,1454.74,1416.47,-0.08,-1.19,12329592,4995692732.0,2.65,4.55
2020-08-17,1438.47,1458.93,1465.8,1436.55,1.05,15.11,9235842,4070418883.0,2.03,3.41
2020-08-18,1464.4,1487.29,1501.93,1464.4,1.94,28.36,8744848,4788213543.0,2.57,3.23
2020-08-19,1482.48,1472.39,1488.14,1465.81,-1.0,-14.9,11082505,5367963359.0,1.5,4.09
2020-08-20,1456.26,1437.33,1456.35,1433.12,-2.38,-35.06,6465579,3036710918.0,1.58,2.38
2020-08-21,1440.8,1442.34,1451.22,1428.62,0.35,5.01,5930844,2846611356.0,1.57,2.19
2020-08-24,1439.97,1439.86,1442.1,1427.65,-0.17,-2.48,4366786,2195546294.0,1.0,1.61
2020-08-25,1438.57,1424.39,1438.57,1421.47,-1.07,-15.47,4812866,2359898835.0,1.19,1.78
2020-08-26,1425.4,1402.66,1426.25,1398.21,-1.53,-21.73,4619053,2200342340.0,1.97,1.7
2020-08-27,1406.7,1436.82,1436.82,1406.7,2.44,34.16,4054559,2224764478.0,2.15,1.5
2020-08-28,1440.48,1432.11,1440.48,1418.03,-0.33,-4.71,4195408,2367203474.0,1.56,1.55
2020-08-31,1436.73,1431.23,1441.4,1427.9,-0.06,-0.88,4074282,2376000307.0,0.94,1.5
2020-09-01,1426.24,1456.51,1456.61,1426.16,1.77,25.28,4732642,2722179340.0,2.13,1.75
2020-09-02,1459.24,1463.99,1469.04,1450.66,0.51,7.48,3530746,2432380790.0,1.26,1.3
2020-09-03,1468.63,1454.13,1468.63,1448.22,-0.67,-9.86,3064814,2394131009.0,1.39,1.13
2020-09-04,1430.17,1453.86,1455.65,1429.68,-0.02,-0.27,2699753,1946048044.0,1.79,1.0
2020-09-07,1456.11,1448.22,1467.2,1442.96,-0.39,-5.64,3025817,2287273123.0,1.67,1.12
2020-09-08,1448.55,1482.01,1485.38,1445.63,2.33,33.79,3901763,2555633116.0,2.74,1.44
2020-09-09,1463.1,1461.47,1483.91,1455.33,-1.39,-20.54,4855311,2650125505.0,1.93,1.79
2020-09-10,1468.35,1423.77,1468.35,1419.47,-2.58,-37.7,4523807,2397322868.0,3.34,1.67
2020-09-11,1420.51,1440.45,1440.45,1412.5,1.17,16.68,3211576,1809698293.0,1.96,1.18
2020-09-14,1446.21,1442.07,1448.42,1424.63,0.11,1.62,2682934,1605332969.0,1.65,0.99
2020-09-15,1440.23,1458.69,1462.69,1436.91,1.15,16.62,3003522,1843634417.0,1.79,1.11
2020-09-16,1456.64,1467.53,1471.15,1445.31,0.61,8.84,2769669,1827030085.0,1.77,1.02
2020-09-17,1465.17,1502.68,1516.21,1465.17,2.4,35.15,4368110,2929069844.0,3.48,1.61
2020-09-18,1502.17,1497.01,1514.32,1487.98,-0.38,-5.67,3834859,2793649294.0,1.75,1.41
2020-09-21,1503.67,1492.94,1512.19,1487.62,-0.27,-4.07,2904077,2183462360.0,1.64,1.07
2020-09-22,1476.44,1459.57,1478.87,1455.62,-2.24,-33.37,2786646,1753916823.0,1.56,1.03
2020-09-23,1463.05,1458.31,1467.36,1446.91,-0.09,-1.26,1675914,1180224016.0,1.4,0.62
2020-09-24,1451.95,1416.11,1451.95,1415.69,-2.89,-42.2,2456970,1510448264.0,2.49,0.91
2020-09-25,1424.27,1423.7,1431.99,1412.04,0.54,7.59,1865305,1231693023.0,1.41,0.69
2020-09-28,1428.14,1414.57,1429.26,1413.21,-0.64,-9.13,2622319,1824485858.0,1.13,0.97
2020-09-29,1431.01,1407.69,1431.01,1407.69,-0.49,-6.88,3332967,2186282914.0,1.65,1.23
2020-09-30,1401.69,1396.56,1410.55,1394.12,-0.79,-11.13,2698131,1761700567.0,1.17,1.0
2020-10-09,1420.14,1445.48,1450.57,1419.73,3.5,48.92,4052533,2327685125.0,2.21,1.49
2020-10-12,1465.57,1490.01,1490.01,1462.35,3.08,44.53,5014854,2820856257.0,1.91,1.85
2020-10-13,1492.09,1531.12,1534.57,1472.87,2.76,41.11,5082313,3172507881.0,4.14,1.87
2020-10-14,1529.91,1509.6,1529.91,1498.72,-1.41,-21.52,7937977,3932062912.0,2.04,2.93
2020-10-15,1529.88,1505.19,1547.26,1505.19,-0.29,-4.41,7800523,4251767693.0,2.79,2.88
2020-10-16,1505.14,1497.09,1509.58,1487.56,-0.54,-8.1,5512347,3023576964.0,1.46,2.03
2020-10-19,1502.87,1484.62,1510.95,1481.62,-0.83,-12.47,4251411,2259272520.0,1.96,1.57
2020-10-20,1483.76,1534.49,1535.49,1476.85,3.36,49.87,5118568,2780322254.0,3.95,1.89
2020-10-21,1526.66,1518.4,1529.58,1510.93,-1.05,-16.09,3612541,2059497840.0,1.22,1.33
2020-10-22,1512.64,1513.57,1523.57,1491.5,-0.32,-4.83,3519193,2267898098.0,2.11,1.3
2020-10-23,1512.48,1489.33,1530.26,1487.31,-1.6,-24.24,3117625,1983898764.0,2.84,1.15
2020-10-26,1485.97,1495.4,1504.21,1471.99,0.41,6.07,2868440,1747564046.0,2.16,1.06
2020-10-27,1488.99,1481.08,1491.05,1470.33,-0.96,-14.32,2637993,1536803506.0,1.39,0.97
2020-10-28,1477.56,1497.42,1508.86,1468.87,1.1,16.34,3814350,2685503007.0,2.7,1.41
2020-10-29,1476.33,1544.11,1556.29,1476.33,3.12,46.69,5809233,3951593216.0,5.34,2.14
2020-10-30,1550.94,1542.79,1602.31,1527.74,-0.09,-1.32,8256883,6018974633.0,4.83,3.05
2020-11-02,1536.79,1592.39,1601.97,1534.21,3.21,49.6,7787769,5322680838.0,4.39,2.87
2020-11-03,1606.83,1574.28,1610.29,1560.56,-1.14,-18.11,6994640,5446929995.0,3.12,2.58
2020-11-04,1568.46,1639.55,1639.55,1565.44,4.15,65.27,8108475,6102051380.0,4.71,2.99
2020-11-05,1671.58,1723.74,1730.04,1663.89,5.13,84.19,10436165,7852639023.0,4.03,3.85
2020-11-06,1740.85,1693.23,1747.57,1678.28,-1.77,-30.51,9857427,7571564446.0,4.02,3.64
2020-11-09,1700.45,1722.25,1725.57,1673.79,1.71,29.02,7719995,6093497370.0,3.06,2.85
2020-11-10,1723.83,1660.81,1723.83,1645.63,-3.57,-61.44,7377186,5688479741.0,4.54,2.72
2020-11-11,1644.65,1616.08,1655.72,1614.51,-2.69,-44.73,4615615,3761523054.0,2.48,1.7
2020-11-12,1622.74,1607.72,1627.93,1604.12,-0.52,-8.36,3675321,2795099156.0,1.47,1.36
2020-11-13,1636.04,1636.87,1646.34,1614.64,1.81,29.15,6318075,3825267300.0,1.97,2.33
2020-11-16,1626.23,1631.81,1632.22,1594.49,-0.31,-5.06,6726320,3842411620.0,2.31,2.48
2020-11-17,1628.12,1673.87,1700.43,1628.12,2.58,42.06,9431821,5636405921.0,4.43,3.48
2020-11-18,1656.18,1685.16,1691.98,1639.26,0.67,11.29,8152892,4679502150.0,3.15,3.01
2020-11-19,1721.3,1663.4,1729.8,1660.64,-1.29,-21.76,8122902,4775900571.0,4.1,3.0
2020-11-20,1666.84,1748.14,1763.28,1666.84,5.09,84.74,9811472,6562833146.0,5.8,3.62
2020-11-23,1757.57,1783.45,1799.84,1730.51,2.02,35.31,10139558,7689234260.0,3.97,3.74
2020-11-24,1800.2,1757.0,1833.24,1754.24,-1.48,-26.45,9526306,7328813158.0,4.43,3.51
2020-11-25,1757.03,1784.22,1828.88,1757.03,1.55,27.22,9616504,7368226396.0,4.09,3.55
2020-11-26,1747.42,1695.38,1747.42,1680.87,-4.98,-88.84,7775492,5592705879.0,3.73,2.87
2020-11-27,1695.12,1722.16,1750.79,1683.31,1.58,26.78,6287918,4707205478.0,3.98,2.32
2020-11-30,1711.29,1704.77,1734.0,1690.24,-1.01,-17.39,5918886,4596255668.0,2.54,2.18
2020-12-01,1691.35,1751.24,1756.62,1690.64,2.73,46.47,7101641,5433659305.0,3.87,2.62
2020-12-02,1738.59,1731.88,1755.91,1720.91,-1.11,-19.36,5935439,4483972997.0,2.0,2.19
2020-12-03,1734.97,1750.34,1768.64,1693.34,1.07,18.46,9379625,5976491554.0,4.35,3.46
2020-12-04,1736.06,1716.7,1763.82,1714.21,-1.92,-33.64,8954321,6765741725.0,2.83,3.3
2020-12-07,1708.43,1679.38,1708.43,1677.98,-2.17,-37.32,4978887,4088439227.0,1.77,1.84
2020-12-08,1686.8,1720.06,1731.77,1686.8,2.42,40.68,6163484,4568047330.0,2.68,2.27
2020-12-09,1724.83,1694.77,1743.48,1694.77,-1.47,-25.29,7343342,6671640759.0,2.83,2.71
2020-12-10,1684.57,1655.48,1684.57,1640.56,-2.32,-39.29,6603455,5525971021.0,2.6,2.44
2020-12-11,1662.16,1677.55,1683.87,1638.87,1.33,22.07,6488217,5960844153.0,2.72,2.39
2020-12-14,1674.63,1712.36,1733.6,1649.44,2.08,34.81,7669999,7500886897.0,5.02,2.83
2020-12-15,1723.18,1747.28,1757.79,1714.74,2.04,34.92,7401247,7020288083.0,2.51,2.73
2020-12-16,1749.17,1699.06,1749.17,1690.37,-2.76,-48.22,7876826,6871541063.0,3.37,2.91
2020-12-17,1683.67,1729.82,1745.95,1678.35,1.81,30.76,7276555,6584769427.0,3.98,2.68
2020-12-18,1710.11,1798.94,1815.0,1710.11,4.0,69.12,8762644,8006535179.0,6.06,3.23
2020-12-21,1811.74,1864.41,1876.86,1789.92,3.64,65.47,10667948,10072938481.0,4.83,3.94
2020-12-22,1858.56,1835.24,1903.56,1827.96,-1.56,-29.17,11395884,11282846468.0,4.05,4.2
2020-12-23,1840.11,1904.44,1938.05,1840.11,3.77,69.2,11550510,10766242996.0,5.34,4.26
2020-12-24,1901.64,1820.12,1901.64,1808.2,-4.43,-84.32,9741295,8328093145.0,4.91,3.59
2020-12-25,1790.57,1806.78,1822.05,1783.94,-0.73,-13.34,6933744,6239727986.0,2.09,2.56
2020-12-28,1797.64,1809.55,1834.59,1776.77,0.15,2.77,7049584,6573856819.0,3.2,2.6
2020-12-29,1795.51,1738.46,1796.37,1736.08,-3.93,-71.09,7368893,6256189131.0,3.33,2.72
2020-12-30,1731.76,1755.56,1782.3,1731.76,0.98,17.1,6223473,5562024946.0,2.91,2.3
2020-12-31,1758.77,1784.31,1812.01,1758.06,1.64,28.75,6721249,6195511326.0,3.07,2.48
2021-01-04,1756.47,1762.85,1777.45,1741.31,-1.2,-21.46,6699167,6047804737.0,2.03,2.47
2021-01-05,1768.22,1700.28,1769.89,1691.73,-3.55,-62.57,7858264,6611156836.0,4.43,2.9
2021-01-06,1700.29,1665.25,1717.25,1654.76,-2.06,-35.03,5187075,4683124518.0,3.68,1.91
2021-01-07,1662.96,1660.05,1674.15,1635.12,-0.31,-5.2,6576042,5524335360.0,2.34,2.43
2021-01-08,1663.37,1652.82,1670.68,1620.39,-0.44,-7.23,5145066,4288537147.0,3.03,1.9
2021-01-11,1654.36,1628.6,1673.11,1618.65,-1.47,-24.22,5186592,4623178379.0,3.29,1.91
2021-01-12,1620.42,1610.87,1620.42,1600.55,-1.09,-17.73,4218764,3469240027.0,1.22,1.56
2021-01-13,1620.44,1597.52,1637.73,1591.25,-0.83,-13.35,4734687,4596180202.0,2.89,1.75
2021-01-14,1586.86,1575.55,1598.01,1571.83,-1.38,-21.97,4292533,4275822244.0,1.64,1.58
2021-01-15,1572.71,1600.87,1606.63,1563.96,1.61,25.32,3440735,3376965939.0,2.71,1.27
2021-01-18,1594.63,1601.24,1606.3,1583.23,0.02,0.37,2754572,2422258428.0,1.44,1.02
2021-01-19,1598.11,1591.69,1598.11,1577.92,-0.6,-9.55,3517124,2948063119.0,1.26,1.3
2021-01-20,1594.28,1631.39,1634.78,1594.28,2.49,39.7,4133600,3559247162.0,2.54,1.52
2021-01-21,1616.99,1638.21,1648.23,1599.82,0.42,6.82,4242923,3582575986.0,2.97,1.57
2021-01-22,1634.36,1614.58,1636.53,1603.62,-1.44,-23.63,4595553,4155876181.0,2.01,1.7
2021-01-25,1604.65,1581.36,1604.65,1575.16,-2.06,-33.22,3973309,3523073219.0,1.83,1.47
2021-01-26,1580.69,1555.22,1583.12,1549.15,-1.65,-26.14,2976911,2816856826.0,2.15,1.1
2021-01-27,1551.18,1580.24,1589.34,1539.08,1.61,25.02,3487578,2860002645.0,3.23,1.29
2021-01-28,1559.73,1572.09,1595.72,1559.73,-0.52,-8.15,3568773,2971310458.0,2.28,1.32
2021-01-29,1579.7,1537.81,1579.7,1522.29,-2.18,-34.28,3673485,2960507699.0,3.65,1.36
2021-02-01,1530.25,1537.05,1549.01,1507.5,-0.05,-0.76,3957050,2538001007.0,2.7,1.46
2021-02-02,1538.35,1610.7,1611.72,1538.35,4.79,73.65,6043395,4734152829.0,4.77,2.23
2021-02-03,1611.09,1609.51,1620.59,1593.25,-0.07,-1.19,7541764,5300074960.0,1.7,2.78
2021-02-04,1598.57,1603.78,1633.0,1586.3,-0.36,-5.73,9333343,5692614798.0,2.9,3.44
2021-02-05,1594.48,1526.64,1597.34,1524.84,-4.81,-77.14,6893759,4577468515.0,4.52,2.54
2021-02-08,1532.49,1533.52,1551.23,1513.73,0.45,6.88,4285358,2929946176.0,2.46,1.58
2021-02-09,1540.47,1585.26,1592.34,1540.47,3.37,51.74,6140666,4248338181.0,3.38,2.27
2021-02-10,1599.88,1611.99,1621.96,1599.88,1.69,26.73,5902611,4308676135.0,1.39,2.18
2021-02-18,1635.86,1683.67,1685.25,1635.86,4.45,71.68,5818710,4574600280.0,3.06,2.15
2021-02-19,1679.7,1719.65,1720.45,1672.35,2.14,35.98,6094967,5286284115.0,2.86,2.25
2021-02-22,1721.49,1698.37,1739.44,1697.57,-1.24,-21.28,6478805,5459904186.0,2.43,2.39
2021-02-23,1687.82,1666.08,1692.01,1659.66,-1.9,-32.29,4463902,3725594573.0,1.9,1.65
2021-02-24,1668.03,1676.61,1714.55,1660.75,0.63,10.53,5232129,4427045430.0,3.23,1.93
2021-02-25,1676.12,1648.72,1676.67,1643.74,-1.66,-27.89,3579971,2937051713.0,1.96,1.32
2021-02-26,1624.61,1628.23,1641.71,1606.3,-1.24,-20.49,4193409,2984724816.0,2.15,1.55
2021-03-01,1632.96,1677.06,1677.06,1626.55,3.0,48.83,4042983,3177537670.0,3.1,1.49
2021-03-02,1684.33,1668.03,1684.33,1655.35,-0.54,-9.03,4261739,3305252542.0,1.73,1.57
2021-03-03,1664.15,1693.18,1695.1,1658.34,1.51,25.15,3916934,2867064091.0,2.2,1.44
2021-03-04,1683.69,1682.42,1710.26,1681.84,-0.64,-10.76,4225451,3101485185.0,1.68,1.56
2021-03-05,1675.22,1743.49,1750.14,1675.22,3.63,61.07,4479938,3598574058.0,4.45,1.65
2021-03-08,1755.92,1739.66,1776.87,1739.66,-0.22,-3.83,7198677,5312072849.0,2.13,2.66
2021-03-09,1739.63,1658.54,1739.63,1643.31,-4.66,-81.12,6956863,4622627939.0,5.54,2.57
2021-03-10,1686.44,1639.96,1686.58,1634.7,-1.12,-18.58,3732949,2897796776.0,3.13,1.38
2021-03-11,1638.94,1669.93,1669.93,1625.05,1.83,29.97,3290342,2423861639.0,2.74,1.21
2021-03-12,1667.85,1707.48,1710.64,1665.3,2.25,37.55,5789615,3670835412.0,2.72,2.14
2021-03-15,1693.04,1699.52,1715.07,1678.92,-0.47,-7.96,6601552,3900211382.0,2.12,2.44
2021-03-16,1700.83,1703.26,1710.43,1685.22,0.22,3.74,4992375,3011996724.0,1.48,1.84
2021-03-17,1698.16,1704.3,1705.29,1684.37,0.06,1.04,3452171,2379249300.0,1.23,1.27
2021-03-18,1704.06,1699.21,1717.2,1694.42,-0.3,-5.09,3933804,2602972134.0,1.34,1.45
2021-03-19,1678.63,1669.88,1688.51,1663.58,-1.73,-29.33,2918554,2088038065.0,1.47,1.08
2021-03-22,1669.65,1703.6,1706.67,1665.0,2.02,33.72,5110694,3128559977.0,2.5,1.89
2021-03-23,1706.26,1685.2,1706.26,1676.73,-1.08,-18.4,3709459,2464211874.0,1.73,1.37
2021-03-24,1679.11,1626.66,1682.01,1626.45,-3.47,-58.54,4561515,2890521895.0,3.3,1.68
2021-03-25,1616.2,1615.87,1631.83,1607.16,-0.66,-10.79,2566039,1586436781.0,1.52,0.95
2021-03-26,1618.91,1654.13,1656.95,1618.91,2.37,38.26,3752145,2308852820.0,2.35,1.38
2021-03-29,1654.16,1659.12,1660.91,1643.93,0.3,4.99,3336819,2298166460.0,1.03,1.23
2021-03-30,1681.31,1682.43,1684.57,1672.81,1.4,23.31,2584036,1972743761.0,0.71,0.95
2021-03-31,1701.42,1695.2,1726.72,1693.0,0.76,12.77,2832296,2601407202.0,2.0,1.04
2021-04-01,1699.18,1728.53,1735.01,1697.35,1.97,33.33,4353194,2941795153.0,2.22,1.61
2021-04-02,1730.45,1715.5,1733.54,1708.78,-0.75,-13.03,4621986,2955108884.0,1.43,1.7
2021-04-06,1717.99,1735.1,1738.32,1715.85,1.14,19.6,3786873,2624464945.0,1.31,1.4
2021-04-07,1730.88,1721.0,1730.88,1712.72,-0.81,-14.1,2595778,1887097286.0,1.05,0.96
2021-04-08,1724.93,1711.88,1724.93,1709.24,-0.53,-9.12,2669208,1928374949.0,0.91,0.98
2021-04-09,1712.22,1720.32,1729.57,1704.49,0.49,8.44,2360136,1648389117.0,1.47,0.87
2021-04-12,1715.93,1687.91,1716.6,1683.74,-1.88,-32.41,3086773,2018752000.0,1.91,1.14
2021-04-13,1692.13,1695.83,1714.65,1684.87,0.47,7.92,2718231,1866048701.0,1.76,1.0
2021-04-14,1691.39,1704.71,1707.74,1691.39,0.52,8.88,2696630,1716690109.0,0.96,0.99
2021-04-15,1692.62,1697.98,1700.71,1685.88,-0.39,-6.73,2469018,1597229762.0,0.87,0.91
2021-04-16,1696.46,1750.35,1755.35,1696.46,3.08,52.37,4834411,3270775383.0,3.47,1.78
2021-04-19,1782.5,1821.33,1828.45,1782.5,4.06,70.98,6610636,4979306504.0,2.63,2.44
2021-04-20,1844.3,1791.29,1844.3,1790.3,-1.65,-30.04,7281849,5146784747.0,2.96,2.69
2021-04-21,1768.16,1751.13,1772.09,1744.75,-2.24,-40.16,4844533,3371079490.0,1.53,1.79
2021-04-22,1766.8,1770.77,1801.04,1766.8,1.12,19.64,3951943,2807641343.0,1.96,1.46
2021-04-23,1752.8,1743.93,1761.65,1733.78,-1.52,-26.84,3839168,2536397172.0,1.57,1.42
2021-04-26,1738.77,1718.61,1745.44,1716.81,-1.45,-25.32,4486691,2716615210.0,1.64,1.66
2021-04-27,1711.07,1671.87,1711.07,1667.52,-2.72,-46.74,3211028,2074414164.0,2.53,1.18
2021-04-28,1668.36,1683.93,1690.59,1655.87,0.72,12.06,2852522,1957607077.0,2.08,1.05
2021-04-29,1678.83,1672.33,1680.51,1665.87,-0.69,-11.6,2725856,1772982561.0,0.87,1.01
2021-04-30,1670.92,1647.93,1673.89,1642.55,-1.46,-24.4,3335996,2038833227.0,1.87,1.23
2021-05-06,1642.6,1652.82,1665.61,1642.6,0.3,4.89,2456365,1685317323.0,1.4,0.91
2021-05-07,1650.3,1628.12,1650.3,1626.51,-1.49,-24.7,2403856,1706853915.0,1.44,0.89
2021-05-10,1628.46,1655.03,1663.59,1617.69,1.65,26.91,2876094,1968774953.0,2.82,1.06
2021-05-11,1644.34,1650.06,1662.1,1623.14,-0.3,-4.97,3259441,2297946948.0,2.35,1.2
2021-05-12,1639.64,1696.62,1708.92,1639.63,2.82,46.56,4869956,3292801411.0,4.2,1.8
2021-05-13,1679.78,1653.57,1683.85,1652.66,-2.54,-43.05,3348831,2219354076.0,1.84,1.24
2021-05-14,1660.98,1680.03,1681.79,1649.99,1.6,26.46,3110007,2285988311.0,1.92,1.15
2021-05-17,1685.38,1706.04,1726.57,1677.39,1.55,26.01,6387917,4086071470.0,2.93,2.36
2021-05-18,1695.72,1690.55,1695.72,1679.21,-0.91,-15.49,3891787,2542778430.0,0.97,1.44
2021-05-19,1685.23,1733.93,1756.77,1679.63,2.57,43.38,5601489,4022473202.0,4.56,2.07
2021-05-20,1729.76,1715.66,1743.46,1715.54,-1.05,-18.27,5810697,4662995020.0,1.61,2.14
2021-05-21,1709.79,1707.53,1716.28,1694.36,-0.47,-8.13,4154876,3280952557.0,1.28,1.53
2021-05-24,1699.33,1677.07,1699.33,1674.71,-1.78,-30.46,3673274,2628972723.0,1.44,1.35
2021-05-25,1680.2,1687.72,1688.44,1668.18,0.64,10.65,2690159,2184785107.0,1.21,0.99
2021-05-26,1694.02,1709.62,1738.31,1694.02,1.3,21.9,3941951,3154236240.0,2.62,1.45
2021-05-27,1708.1,1700.52,1709.32,1700.07,-0.53,-9.1,2797841,2306055796.0,0.54,1.03
2021-05-28,1699.7,1717.18,1724.43,1698.76,0.98,16.66,3334555,2875556168.0,1.51,1.23
2021-05-31,1715.64,1706.81,1715.64,1695.06,-0.6,-10.37,3524724,2711832198.0,1.2,1.3
2021-06-01,1703.7,1707.21,1712.62,1693.73,0.02,0.4,2992783,2367182140.0,1.11,1.1
2021-06-02,1710.44,1734.0,1755.34,1709.56,1.57,26.79,5324487,4288645059.0,2.68,1.96
2021-06-03,1734.09,1704.71,1736.45,1704.71,-1.69,-29.29,5722738,4403340000.0,1.83,2.11
2021-06-04,1702.92,1693.16,1709.32,1689.92,-0.68,-11.55,4163017,3015278565.0,1.14,1.54
2021-06-07,1694.84,1682.69,1697.89,1676.17,-0.62,-10.47,3872045,2561645414.0,1.28,1.43
2021-06-08,1684.82,1706.04,1714.2,1684.82,1.39,23.35,4400908,3129389134.0,1.75,1.62
2021-06-09,1703.28,1691.12,1703.28,1683.96,-0.87,-14.92,3456408,2510996566.0,1.13,1.27
2021-06-10,1686.43,1711.56,1719.56,1686.43,1.21,20.44,4461548,3135160569.0,1.96,1.65
2021-06-11,1706.85,1691.98,1706.85,1681.0,-1.14,-19.58,4440334,3159124900.0,1.51,1.64
2021-06-15,1691.08,1680.94,1705.23,1678.53,-0.65,-11.04,3524950,2635320033.0,1.58,1.3
2021-06-16,1675.83,1640.14,1675.83,1635.79,-2.43,-40.8,3516125,2559114437.0,2.38,1.3
2021-06-17,1638.38,1632.01,1647.49,1626.61,-0.5,-8.13,2739138,1771702814.0,1.27,1.01
2021-06-18,1632.04,1682.24,1690.88,1625.68,3.08,50.23,4848147,2954077728.0,4.0,1.79
2021-06-21,1684.73,1685.92,1692.69,1679.98,0.22,3.68,3643181,2549462751.0,0.76,1.34
2021-06-22,1696.07,1729.94,1747.71,1696.07,2.61,44.02,6082366,4377535700.0,3.06,2.24
2021-06-23,1741.97,1806.87,1820.67,1741.97,4.45,76.93,7071908,5448939251.0,4.55,2.61
2021-06-24,1827.43,1826.92,1851.2,1806.55,1.11,20.05,7762997,6727547434.0,2.47,2.86
2021-06-25,1836.42,1842.65,1852.28,1812.33,0.86,15.73,7997157,7637369970.0,2.19,2.95
2021-06-28,1848.42,1851.31,1900.93,1844.36,0.47,8.66,8837026,8564046487.0,3.07,3.26
2021-06-29,1857.08,1824.94,1857.08,1821.69,-1.42,-26.37,6646556,6220854026.0,1.91,2.45
2021-06-30,1823.83,1813.23,1823.83,1797.32,-0.64,-11.71,4982274,4853322343.0,1.45,1.84
2021-07-01,1815.71,1806.85,1831.18,1798.86,-0.35,-6.38,5307199,5162422148.0,1.78,1.96
2021-07-02,1794.46,1796.38,1807.33,1788.81,-0.58,-10.47,4571735,4471148761.0,1.02,1.69
2021-07-05,1809.3,1798.66,1812.62,1789.09,0.13,2.28,4275984,3905465578.0,1.31,1.58
2021-07-06,1800.07,1792.94,1802.91,1771.24,-0.32,-5.72,4884134,4637959840.0,1.76,1.8
2021-07-07,1781.29,1818.87,1821.05,1776.81,1.45,25.93,5868305,4923261307.0,2.47,2.16
2021-07-08,1821.09,1794.19,1821.51,1793.5,-1.36,-24.68,5270276,4875967827.0,1.54,1.94
2021-07-09,1780.03,1835.4,1839.53,1778.17,2.3,41.21,6417064,6381236931.0,3.42,2.37
2021-07-12,1852.05,1860.77,1891.16,1849.82,1.38,25.37,7591768,8094239166.0,2.25,2.8
2021-07-13,1865.18,1857.82,1869.9,1846.33,-0.16,-2.95,6935505,7659459245.0,1.27,2.56
2021-07-14,1861.6,1847.11,1875.68,1815.46,-0.58,-10.71,7631895,8511614536.0,3.24,2.82
2021-07-15,1834.39,1813.8,1844.2,1788.85,-1.8,-33.31,6439451,7376046089.0,3.0,2.38
2021-07-16,1808.07,1812.66,1829.17,1802.18,-0.06,-1.14,6773497,8327536107.0,1.49,2.5
2021-07-19,1808.14,1773.53,1808.14,1767.68,-2.16,-39.13,5597626,6857732606.0,2.23,2.06
2021-07-20,1749.44,1767.41,1769.95,1749.44,-0.35,-6.12,3739779,4492484065.0,1.16,1.38
2021-07-21,1770.39,1832.61,1841.2,1770.39,3.69,65.2,7523555,7354425162.0,4.01,2.78
2021-07-22,1842.07,1852.03,1861.18,1842.07,1.06,19.42,7490185,7675466241.0,1.04,2.76
2021-07-23,1864.59,1867.78,1889.57,1848.18,0.85,15.75,7419352,7793594568.0,2.23,2.74
2021-07-26,1871.25,1802.22,1871.25,1774.69,-3.51,-65.56,7731609,8842849458.0,5.17,2.85
2021-07-27,1804.24,1776.94,1838.66,1776.94,-1.4,-25.28,9358424,10059751325.0,3.42,3.45
2021-07-28,1765.88,1749.05,1776.18,1699.43,-1.57,-27.89,8300073,8907603875.0,4.32,3.06
2021-07-29,1771.07,1782.81,1802.75,1764.94,1.93,33.76,9580432,9408648112.0,2.16,3.53
2021-07-30,1761.54,1780.9,1799.44,1754.97,-0.11,-1.91,7658815,7613972067.0,2.49,2.83
2021-08-02,1790.21,1854.89,1856.53,1790.21,4.15,73.99,9509448,9847417255.0,3.72,3.51
2021-08-03,1859.24,1828.11,1859.44,1822.37,-1.44,-26.78,7805828,8181347748.0,2.0,2.88
2021-08-04,1829.45,1920.09,1927.68,1829.45,5.03,91.98,8464713,8153500732.0,5.37,3.12
2021-08-05,1920.15,1927.78,1938.55,1897.3,0.4,7.69,10122005,10006555448.0,2.15,3.73
2021-08-06,1929.01,1925.96,1951.64,1916.1,-0.09,-1.82,6776460,7073286497.0,1.84,2.5
2021-08-09,1918.13,1907.45,1918.13,1879.35,-0.96,-18.51,6270380,6498473999.0,2.01,2.31
2021-08-10,1901.7,1903.28,1922.3,1880.93,-0.22,-4.17,6099713,6430758369.0,2.17,2.25
2021-08-11,1908.12,1931.34,1932.47,1907.0,1.47,28.06,5616662,5095307037.0,1.34,2.07
2021-08-12,1935.0,1991.22,2014.06,1915.92,3.1,59.88,9241487,8546650452.0,5.08,3.41
2021-08-13,1974.67,1946.15,1982.28,1937.83,-2.26,-45.07,7493797,6547417723.0,2.23,2.76
2021-08-16,1938.82,1946.11,1964.68,1916.15,0.0,-0.04,6216973,5642054932.0,2.49,2.29
2021-08-17,1951.53,1892.71,1988.8,1889.47,-2.74,-53.4,7507161,6629656698.0,5.1,2.77
2021-08-18,1885.02,1887.74,1903.34,1871.13,-0.26,-4.97,4404815,3837179723.0,1.7,1.62
2021-08-19,1890.8,1886.81,1907.6,1866.26,-0.05,-0.93,5015079,4793407225.0,2.19,1.85
2021-08-20,1874.3,1853.1,1874.3,1832.41,-1.79,-33.71,4102650,3896434818.0,2.22,1.51
2021-08-23,1856.12,1881.17,1886.05,1856.12,1.51,28.07,4292477,3901582673.0,1.62,1.58
2021-08-24,1890.72,1894.69,1913.02,1883.69,0.72,13.52,5972138,5657797548.0,1.56,2.2
2021-08-25,1896.65,1895.35,1901.11,1864.01,0.03,0.66,5376480,5539494789.0,1.96,1.98
2021-08-26,1888.58,1848.75,1892.79,1847.64,-2.46,-46.6,5150105,4741049406.0,2.38,1.9
2021-08-27,1851.29,1888.8,1908.05,1851.29,2.17,40.05,6224253,6113866580.0,3.07,2.3
2021-08-30,1878.34,1873.24,1887.82,1855.89,-0.82,-15.56,5647678,6107919853.0,1.69,2.08
2021-08-31,1869.46,1834.61,1869.46,1819.48,-2.06,-38.63,5319222,5470410626.0,2.67,1.96
2021-09-01,1831.38,1837.01,1851.87,1806.34,0.13,2.4,5974971,5259552914.0,2.48,2.2
2021-09-02,1836.92,1881.48,1882.99,1832.82,2.42,44.47,9165831,6866294367.0,2.73,3.38
2021-09-03,1875.68,1864.8,1882.66,1852.85,-0.89,-16.68,9948854,7304666800.0,1.58,3.67
2021-09-06,1857.93,1883.22,1884.1,1847.09,0.99,18.42,6129012,4873582733.0,1.98,2.26
2021-09-07,1880.29,1903.87,1907.37,1875.85,1.1,20.65,6694661,6366845147.0,1.67,2.47
2021-09-08,1899.45,1900.8,1915.46,1887.62,-0.16,-3.07,5843064,5339443224.0,1.46,2.16
2021-09-09,1889.67,1896.87,1905.0,1884.54,-0.21,-3.93,5824660,5684256475.0,1.08,2.15
2021-09-10,1901.1,1878.71,1903.76,1871.43,-0.96,-18.16,5140437,4555345542.0,1.7,1.9
2021-09-13,1884.87,1858.48,1884.87,1845.3,-1.08,-20.23,7859706,6738326938.0,2.11,2.9
2021-09-14,1854.7,1826.14,1855.82,1823.25,-1.74,-32.34,6948118,5583040409.0,1.75,2.56
2021-09-15,1824.4,1824.77,1827.22,1808.28,-0.08,-1.37,3856817,3371438984.0,1.04,1.42
2021-09-16,1822.41,1758.03,1823.27,1756.46,-3.66,-66.74,6034889,5374636178.0,3.66,2.23
2021-09-17,1763.08,1730.27,1768.7,1713.07,-1.58,-27.76,3919172,3429594452.0,3.16,1.45
2021-09-22,1711.07,1723.96,1725.01,1709.97,-0.36,-6.31,2829260,2609790939.0,0.87,1.04
2021-09-23,1728.81,1729.36,1741.49,1725.97,0.31,5.4,3208145,2985030846.0,0.9,1.18
2021-09-24,1732.41,1688.31,1732.41,1685.33,-2.37,-41.05,3186581,2672155708.0,2.72,1.18
2021-09-27,1702.68,1662.13,1707.98,1647.95,-1.55,-26.18,3159060,2519881048.0,3.56,1.17
2021-09-28,1666.34,1663.1,1668.29,1647.93,0.06,0.97,2115173,1980426488.0,1.22,0.78
2021-09-29,1653.09,1618.73,1653.09,1617.65,-2.67,-44.37,3004257,2190383121.0,2.13,1.11
2021-09-30,1623.16,1639.12,1640.81,1623.16,1.26,20.39,2158905,1566334944.0,1.09,0.8
2021-10-08,1654.03,1681.46,1681.73,1654.03,2.58,42.34,2423192,1962249686.0,1.69,0.89
2021-10-11,1673.1,1667.66,1675.07,1654.37,-0.82,-13.8,2482552,1869597701.0,1.23,0.92
2021-10-12,1668.0,1645.59,1673.66,1633.02,-1.32,-22.07,2327089,1964206852.0,2.44,0.86
2021-10-13,1642.53,1686.82,1693.91,1642.03,2.51,41.23,2767281,2404169053.0,3.15,1.02
2021-10-14,1680.22,1675.22,1680.22,1661.12,-0.69,-11.6,2737121,2785084423.0,1.13,1.01
2021-10-15,1674.63,1672.03,1682.36,1668.65,-0.19,-3.19,2742348,2925682681.0,0.82,1.01
2021-10-18,1665.73,1674.19,1686.67,1665.73,0.13,2.16,2702597,2892551737.0,1.25,1.0
2021-10-19,1674.53,1672.56,1685.74,1668.92,-0.1,-1.63,3233211,2715365316.0,1.0,1.19
2021-10-20,1669.74,1693.49,1708.12,1663.6,1.25,20.93,3787211,3597772591.0,2.66,1.4
2021-10-21,1691.24,1668.63,1691.26,1667.48,-1.47,-24.86,3015834,3038430531.0,1.4,1.11
2021-10-22,1667.49,1656.02,1677.48,1655.43,-0.76,-12.61,2449910,2284689760.0,1.32,0.9
2021-10-25,1652.11,1669.27,1669.27,1644.37,0.8,13.25,2585539,2494128839.0,1.5,0.95
2021-10-26,1675.95,1669.58,1696.23,1667.86,0.02,0.31,3138706,3361178127.0,1.7,1.16
2021-10-27,1666.61,1651.53,1683.15,1646.62,-1.08,-18.05,4488307,5123007714.0,2.19,1.66
2021-10-28,1633.09,1584.21,1640.69,1583.64,-4.08,-67.32,4116863,3876206792.0,3.45,1.52
2021-10-29,1588.74,1612.74,1612.76,1584.28,1.8,28.53,2786762,2781924275.0,1.8,1.03
2021-11-01,1599.09,1607.1,1614.18,1599.09,-0.35,-5.64,2781598,2771097934.0,0.94,1.03
2021-11-02,1606.01,1583.09,1619.79,1564.51,-1.49,-24.01,3221546,3082932387.0,3.44,1.19
2021-11-03,1578.07,1583.84,1588.99,1565.55,0.05,0.75,2435672,2325079283.0,1.48,0.9
2021-11-04,1585.82,1645.97,1649.11,1585.82,3.92,62.13,4117898,3843354932.0,4.0,1.52
2021-11-05,1632.56,1640.24,1665.71,1632.56,-0.35,-5.73,3210753,3077862643.0,2.01,1.18
2021-11-08,1650.04,1667.74,1673.4,1650.04,1.68,27.5,3379387,3312529282.0,1.42,1.25
2021-11-09,1660.83,1673.0,1676.75,1659.53,0.32,5.26,2408794,2371300347.0,1.03,0.89
2021-11-10,1664.3,1667.64,1673.32,1648.25,-0.32,-5.36,2148560,2075508705.0,1.5,0.79
2021-11-11,1665.0,1665.42,1678.88,1662.14,-0.13,-2.22,2247403,2013827881.0,1.0,0.83
2021-11-12,1668.98,1678.51,1678.73,1652.28,0.79,13.09,2597133,2582222088.0,1.59,0.96
2021-11-15,1682.3,1685.21,1696.44,1678.33,0.4,6.7,3452752,3576345279.0,1.08,1.27
2021-11-16,1680.53,1662.07,1686.9,1660.89,-1.37,-23.14,2606328,2382813595.0,1.54,0.96
2021-11-17,1668.93,1681.95,1681.95,1668.03,1.2,19.88,2967804,2561056765.0,0.84,1.09
2021-11-18,1678.22,1664.62,1683.79,1664.45,-1.03,-17.33,2893287,2389207166.0,1.15,1.07
2021-11-19,1663.95,1696.91,1701.3,1648.8,1.94,32.29,4602666,5119593449.0,3.15,1.7
2021-11-22,1700.91,1710.9,1723.15,1700.91,0.82,13.99,4664237,5667930862.0,1.31,1.72
2021-11-23,1715.41,1732.81,1743.48,1715.41,1.28,21.91,4122949,4721586618.0,1.64,1.52
2021-11-24,1732.28,1712.81,1732.28,1711.13,-1.15,-20.0,2788753,2863963434.0,1.22,1.03
2021-11-25,1714.46,1694.0,1714.46,1691.83,-1.1,-18.81,2481942,2665035967.0,1.32,0.92
2021-11-26,1693.23,1700.76,1709.91,1689.43,0.4,6.76,3107336,3079193016.0,1.21,1.15
2021-11-29,1675.5,1683.34,1692.0,1673.76,-1.02,-17.42,3118105,3382121205.0,1.07,1.15
2021-11-30,1691.06,1709.57,1727.75,1691.06,1.56,26.23,3258098,3210839761.0,2.18,1.2
2021-12-01,1712.14,1733.45,1733.45,1709.26,1.4,23.88,3272331,3424953291.0,1.41,1.21
2021-12-02,1734.08,1803.87,1811.69,1732.89,4.06,70.42,7179640,7374863325.0,4.55,2.65
2021-12-03,1810.79,1804.03,1828.46,1800.85,0.01,0.16,5570382,6729525170.0,1.53,2.05
2021-12-06,1794.37,1767.7,1794.37,1764.28,-2.01,-36.33,4270305,5032857380.0,1.67,1.58
2021-12-07,1776.63,1788.31,1804.31,1768.53,1.17,20.61,4722332,6336780668.0,2.02,1.74
2021-12-08,1785.17,1799.88,1799.88,1775.44,0.65,11.57,3850256,5136853311.0,1.37,1.42
2021-12-09,1802.45,1794.37,1819.92,1788.99,-0.31,-5.51,4378084,5172677593.0,1.72,1.61
2021-12-10,1784.72,1804.59,1809.33,1776.46,0.57,10.22,4371475,4847590362.0,1.83,1.61
2021-12-13,1810.79,1827.6,1834.14,1807.28,1.28,23.01,4563688,5161261867.0,1.49,1.68
2021-12-14,1826.54,1786.37,1826.54,1784.02,-2.26,-41.23,5930334,7072815678.0,2.33,2.19
2021-12-15,1781.86,1797.36,1803.43,1774.58,0.62,10.99,4310571,5376281460.0,1.62,1.59
2021-12-16,1795.17,1801.05,1801.31,1776.84,0.21,3.69,3329945,3518540196.0,1.36,1.23
2021-12-17,1795.7,1788.62,1799.84,1786.28,-0.69,-12.43,3458706,3448843392.0,0.75,1.28
2021-12-20,1781.04,1756.41,1781.04,1755.18,-1.8,-32.21,3181121,3235082980.0,1.45,1.17
2021-12-21,1758.08,1780.74,1781.07,1756.92,1.39,24.33,2927806,2687365082.0,1.37,1.08
2021-12-22,1783.93,1769.18,1794.79,1762.81,-0.65,-11.56,2799056,2697342726.0,1.8,1.03
2021-12-23,1769.82,1789.42,1793.82,1763.86,1.14,20.24,3840138,4693595355.0,1.69,1.42
2021-12-24,1797.05,1750.37,1797.05,1749.31,-2.18,-39.05,3550868,3881450986.0,2.67,1.31
2021-12-27,1749.15,1754.46,1759.88,1736.51,0.23,4.09,2206854,2549830004.0,1.34,0.81
2021-12-28,1762.32,1772.05,1772.05,1753.88,1.0,17.59,2553723,3074837840.0,1.04,0.94
2021-12-29,1767.77,1758.83,1767.77,1751.97,-0.75,-13.22,2494606,2789854874.0,0.89,0.92
2021-12-30,1755.74,1770.14,1778.73,1755.74,0.64,11.31,2167593,2138128223.0,1.31,0.8
2021-12-31,1778.8,1777.32,1782.63,1769.17,0.41,7.18,2741811,2893597306.0,0.76,1.01
2022-01-04,1778.42,1788.8,1792.06,1771.44,0.65,11.48,3084323,2909815656.0,1.16,1.14
2022-01-05,1790.13,1759.28,1790.13,1746.97,-1.65,-29.52,2947090,3046661332.0,2.41,1.09
2022-01-06,1753.67,1771.3,1780.79,1749.63,0.68,12.02,3181160,2380585643.0,1.77,1.17
2022-01-07,1772.88,1766.43,1797.67,1764.19,-0.27,-4.87,3844232,3496286061.0,1.89,1.42
2022-01-10,1765.35,1774.05,1775.51,1749.74,0.43,7.62,2883898,2671530626.0,1.46,1.06
2022-01-11,1771.64,1789.32,1800.7,1771.64,0.86,15.27,3368708,2940379715.0,1.64,1.24
2022-01-12,1796.99,1807.03,1807.03,1795.38,0.99,17.71,2846077,2500094680.0,0.65,1.05
2022-01-13,1811.37,1812.38,1827.2,1807.24,0.3,5.35,4075657,3204631129.0,1.1,1.5
2022-01-14,1799.77,1765.55,1799.77,1764.22,-2.58,-46.83,3711491,2886714984.0,1.96,1.37
2022-01-17,1760.15,1778.02,1779.5,1759.85,0.71,12.47,2716248,2223949023.0,1.11,1.0
2022-01-18,1773.39,1760.46,1773.77,1753.35,-0.99,-17.56,2031290,1762146534.0,1.15,0.75
2022-01-19,1761.42,1757.35,1770.93,1749.62,-0.18,-3.11,2427201,2011565840.0,1.21,0.9
2022-01-20,1760.78,1724.26,1760.78,1723.87,-1.88,-33.09,2279895,1946925063.0,2.1,0.84
2022-01-21,1719.84,1707.6,1725.53,1703.59,-0.97,-16.66,1936802,1646196072.0,1.27,0.71
2022-01-24,1698.52,1694.79,1706.04,1694.24,-0.75,-12.81,1502942,1166939337.0,0.69,0.55
2022-01-25,1694.06,1627.41,1697.03,1627.41,-3.98,-67.38,2266137,2011382489.0,4.11,0.84
2022-01-26,1631.75,1635.24,1647.14,1621.77,0.48,7.83,1587270,1471853017.0,1.56,0.59
2022-01-27,1636.4,1589.25,1636.4,1588.14,-2.81,-45.99,1777575,1602549895.0,2.95,0.66
2022-01-28,1600.71,1617.61,1628.53,1584.21,1.78,28.36,1927026,1553298686.0,2.79,0.71
2022-02-07,1628.07,1632.3,1641.59,1628.07,0.91,14.69,2649914,1764410938.0,0.84,0.98
2022-02-08,1631.51,1663.58,1663.58,1625.28,1.92,31.28,1956785,1467433514.0,2.35,0.72
2022-02-09,1668.95,1675.9,1677.77,1661.97,0.74,12.32,2035289,1793656731.0,0.95,0.75
2022-02-10,1674.84,1670.88,1676.71,1664.05,-0.3,-5.02,1699100,1329551314.0,0.76,0.63
2022-02-11,1663.55,1641.94,1665.33,1637.58,-1.73,-28.94,1759834,1456986868.0,1.66,0.65
2022-02-14,1636.95,1636.29,1648.56,1627.8,-0.34,-5.65,1600536,1294641202.0,1.26,0.59
2022-02-15,1634.65,1641.06,1654.66,1629.43,0.29,4.77,2240488,1569691371.0,1.54,0.83
2022-02-16,1652.49,1658.65,1671.95,1652.12,1.07,17.59,2998403,2143300642.0,1.21,1.11
2022-02-17,1653.22,1632.78,1653.22,1632.78,-1.56,-25.87,2793968,1796064118.0,1.23,1.03
2022-02-18,1627.68,1640.44,1641.37,1619.84,0.47,7.66,1707808,1178871846.0,1.32,0.63
2022-02-21,1639.53,1655.12,1656.23,1637.06,0.89,14.68,1720066,1209603812.0,1.17,0.63
2022-02-22,1646.16,1639.04,1648.58,1633.04,-0.97,-16.08,2282681,1505533045.0,0.94,0.84
2022-02-23,1640.45,1663.15,1664.81,1640.45,1.47,24.11,2587113,2249254032.0,1.49,0.95
2022-02-24,1653.91,1610.09,1660.23,1596.41,-3.19,-53.06,3497406,2679474781.0,3.84,1.29
2022-02-25,1621.56,1623.31,1635.16,1617.06,0.82,13.22,2038045,1636021147.0,1.12,0.75
2022-02-28,1624.96,1615.65,1625.73,1599.35,-0.47,-7.66,2017616,1551991914.0,1.63,0.74
2022-03-01,1620.34,1626.45,1632.03,1618.61,0.67,10.8,1984774,1518615791.0,0.83,0.73
2022-03-02,1619.69,1626.72,1627.95,1614.11,0.02,0.27,1654419,1198381185.0,0.85,0.61
2022-03-03,1631.75,1622.79,1633.08,1616.76,-0.24,-3.93,1794429,1435749798.0,1.0,0.66
2022-03-04,1619.71,1599.39,1619.71,1596.87,-1.44,-23.4,2127804,1660467724.0,1.41,0.78
2022-03-07,1595.65,1560.42,1595.65,1556.05,-2.44,-38.97,2295096,1665603156.0,2.48,0.85
2022-03-08,1561.49,1514.54,1568.26,1508.05,-2.94,-45.88,2482403,1778913879.0,3.86,0.92
2022-03-09,1521.62,1479.7,1523.87,1421.56,-2.3,-34.84,3123617,1996189987.0,6.76,1.15
2022-03-10,1506.43,1503.94,1519.26,1502.5,1.64,24.24,2085836,1351045706.0,1.13,0.77
2022-03-11,1487.33,1516.95,1517.33,1467.51,0.87,13.01,1876553,1243407363.0,3.31,0.69
2022-03-14,1506.08,1498.69,1531.4,1498.69,-1.2,-18.26,1943758,1183607057.0,2.16,0.72
2022-03-15,1490.84,1400.99,1490.84,1399.4,-6.52,-97.7,3090902,1871461929.0,6.1,1.14
2022-03-16,1423.36,1445.92,1449.06,1378.54,3.21,44.93,2898537,1815708828.0,5.03,1.07
2022-03-17,1457.67,1470.32,1490.32,1457.67,1.69,24.4,2782525,1795720484.0,2.26,1.03
2022-03-18,1462.93,1487.65,1491.77,1462.93,1.18,17.33,2258374,1329988899.0,1.96,0.83
2022-03-21,1490.38,1518.88,1528.07,1490.09,2.1,31.23,2532599,1712896416.0,2.55,0.93
2022-03-22,1516.96,1519.14,1529.16,1511.45,0.02,0.26,2283195,1561766640.0,1.17,0.84
2022-03-23,1530.91,1526.84,1543.14,1522.12,0.51,7.7,2363928,1472384145.0,1.38,0.87
2022-03-24,1517.51,1501.53,1523.79,1499.01,-1.66,-25.31,1897113,1239893711.0,1.62,0.7
2022-03-25,1502.91,1506.88,1521.62,1495.11,0.36,5.35,2174031,1335788290.0,1.77,0.8
2022-03-28,1499.48,1512.71,1523.17,1481.28,0.39,5.83,2421253,1523175137.0,2.78,0.89
2022-03-29,1517.44,1499.28,1525.48,1495.48,-0.89,-13.43,2002564,1327838101.0,1.98,0.74
2022-03-30,1501.97,1512.27,1514.27,1492.91,0.87,12.99,2057830,1406057116.0,1.42,0.76
2022-03-31,1512.5,1498.68,1516.62,1497.25,-0.9,-13.59,2085508,1476635994.0,1.28,0.77
2022-04-01,1493.38,1495.26,1498.28,1483.42,-0.23,-3.42,2327088,1580130450.0,0.99,0.86
2022-04-06,1493.73,1495.67,1505.06,1489.62,0.03,0.41,2260029,1545566667.0,1.03,0.83
2022-04-07,1488.6,1453.51,1491.56,1453.51,-2.82,-42.16,2188075,1454295797.0,2.54,0.81
2022-04-08,1452.98,1456.4,1459.16,1426.0,0.2,2.89,2157304,1583779043.0,2.28,0.8
2022-04-11,1454.28,1406.21,1455.46,1399.67,-3.45,-50.19,2700609,1837689112.0,3.83,1.0
2022-04-12,1400.17,1430.08,1432.11,1392.17,1.7,23.87,2231880,1471224734.0,2.84,0.82
2022-04-13,1430.34,1434.22,1450.41,1416.06,0.29,4.14,2152140,1506617063.0,2.4,0.79
2022-04-14,1453.61,1470.05,1500.02,1453.61,2.5,35.83,3569527,2604785973.0,3.24,1.32
2022-04-15,1442.2,1449.53,1465.91,1428.45,-1.4,-20.52,2966705,2039390251.0,2.55,1.09
2022-04-18,1444.31,1447.65,1449.06,1425.28,-0.13,-1.88,2159399,1550868786.0,1.64,0.8
2022-04-19,1449.54,1444.66,1468.16,1438.91,-0.21,-2.99,2002392,1416461921.0,2.02,0.74
2022-04-20,1443.63,1437.84,1463.05,1429.42,-0.47,-6.82,2214076,1563044105.0,2.33,0.82
2022-04-21,1425.05,1388.69,1430.64,1385.36,-3.42,-49.15,2611684,1731610453.0,3.15,0.96
2022-04-22,1381.98,1361.01,1381.98,1352.0,-1.99,-27.68,2313001,1463017023.0,2.16,0.85
2022-04-25,1341.46,1251.64,1341.46,1249.66,-8.04,-109.37,3298611,1850460207.0,6.74,1.22
2022-04-26,1252.62,1203.27,1256.46,1197.77,-3.86,-48.37,3219337,1658965068.0,4.69,1.19
2022-04-27,1186.2,1232.13,1232.96,1166.92,2.4,28.86,2854854,1550205176.0,5.49,1.05
2022-04-28,1229.63,1211.42,1242.57,1196.41,-1.68,-20.71,1986803,1104455782.0,3.75,0.73
2022-04-29,1220.8,1272.54,1276.12,1220.8,5.05,61.12,2595812,1489280811.0,4.57,0.96
2022-05-05,1268.69,1294.45,1306.94,1267.51,1.72,21.91,2533023,1395795321.0,3.1,0.93
2022-05-06,1264.12,1262.72,1272.39,1254.99,-2.45,-31.73,1882880,1032585295.0,1.34,0.69
2022-05-09,1255.2,1257.82,1271.38,1253.45,-0.39,-4.9,1409230,767649978.0,1.42,0.52
2022-05-10,1240.96,1269.15,1270.43,1234.21,0.9,11.33,2207745,1170494917.0,2.88,0.81
2022-05-11,1264.23,1284.45,1321.75,1264.23,1.21,15.3,3441057,2050005190.0,4.53,1.27
2022-05-12,1274.3,1287.39,1298.92,1272.94,0.23,2.94,2297271,1396397083.0,2.02,0.85
2022-05-13,1291.78,1366.72,1367.18,1291.78,6.16,79.33,5150628,3295892305.0,5.86,1.9
2022-05-16,1384.95,1351.15,1384.95,1349.53,-1.14,-15.57,4873181,3116630987.0,2.59,1.8
2022-05-17,1346.41,1416.93,1431.77,1343.16,4.87,65.78,6491168,4235220161.0,6.56,2.39
2022-05-18,1427.58,1441.23,1472.8,1409.24,1.71,24.3,6667613,4884082941.0,4.49,2.46
2022-05-19,1425.21,1482.74,1482.74,1425.21,2.88,41.51,6019103,4409650711.0,3.99,2.22
2022-05-20,1484.11,1520.62,1531.48,1482.3,2.55,37.88,6214886,4890082499.0,3.32,2.29
2022-05-23,1537.91,1592.21,1607.61,1529.85,4.71,71.59,8508764,6599220511.0,5.11,3.14
2022-05-24,1625.74,1558.91,1644.44,1557.06,-2.09,-33.3,10972793,8844087420.0,5.49,4.05
2022-05-25,1540.18,1637.63,1637.65,1538.49,5.05,78.72,11186802,8248572258.0,6.36,4.13
2022-05-26,1637.81,1638.36,1663.82,1603.33,0.04,0.73,9790545,7449145840.0,3.69,3.61
2022-05-27,1634.16,1692.65,1706.36,1630.53,3.31,54.29,9764809,7558838949.0,4.63,3.6
2022-05-30,1691.1,1733.23,1762.13,1670.29,2.4,40.58,10098140,8360846318.0,5.43,3.72
2022-05-31,1739.76,1715.18,1747.59,1696.53,-1.04,-18.05,9117117,8121208480.0,2.95,3.36
2022-06-01,1719.45,1763.49,1788.16,1711.66,2.82,48.31,9674108,8457365223.0,4.46,3.57
2022-06-02,1781.96,1841.11,1868.51,1781.96,4.4,77.62,8573442,6793133561.0,4.91,3.16
2022-06-06,1858.94,1836.14,1865.0,1826.16,-0.27,-4.97,7404651,5856667670.0,2.11,2.73
2022-06-07,1829.4,1776.9,1829.4,1755.62,-3.23,-59.24,11841365,9770815378.0,4.02,4.37
2022-06-08,1759.63,1837.01,1842.27,1749.44,3.38,60.11,12532236,10958822340.0,5.22,4.62
2022-06-09,1804.7,1732.69,1804.7,1730.09,-5.68,-104.32,7990891,7042825072.0,4.06,2.95
2022-06-10,1689.28,1738.8,1777.62,1689.28,0.35,6.11,9371805,9346896464.0,5.1,3.46
2022-06-13,1730.19,1779.05,1791.01,1730.19,2.31,40.25,8936941,8548115393.0,3.5,3.3
2022-06-14,1760.73,1856.49,1857.81,1759.32,4.35,77.44,12849031,12233197099.0,5.54,4.74
2022-06-15,1867.9,1855.93,1935.31,1855.82,-0.03,-0.56,14766552,15642159862.0,4.28,5.45
2022-06-16,1840.4,1801.62,1857.04,1800.94,-2.93,-54.31,10276815,10647504221.0,3.02,3.79
2022-06-17,1790.78,1842.06,1851.47,1790.78,2.24,40.44,8576184,8681283577.0,3.37,3.16
2022-06-20,1849.17,1853.37,1867.21,1840.08,0.61,11.31,7943925,8780211008.0,1.47,2.93
2022-06-21,1832.55,1837.88,1847.6,1806.03,-0.84,-15.49,7651116,8746617372.0,2.24,2.82
2022-06-22,1846.75,1893.63,1937.16,1842.56,3.03,55.75,8357058,6697328897.0,5.15,3.08
2022-06-23,1909.28,2003.33,2003.33,1909.28,5.79,109.7,13376273,10935608988.0,4.97,4.93
2022-06-24,2002.04,1991.29,2018.95,1964.61,-0.6,-12.04,11750600,9585423301.0,2.71,4.33
2022-06-27,1999.06,2053.73,2068.38,1994.55,3.14,62.44,11220601,10720480478.0,3.71,4.14
2022-06-28,2059.51,2147.81,2181.54,2045.84,4.58,94.08,13965678,12926277422.0,6.61,5.15
2022-06-29,2151.84,1995.24,2168.01,1992.46,-7.1,-152.57,15566645,15176518833.0,8.17,5.74
2022-06-30,1959.76,1962.12,2016.22,1955.83,-1.66,-33.12,10185422,10528347673.0,3.03,3.76
2022-07-01,1947.31,1983.26,2014.43,1906.87,1.08,21.14,9730737,10384836887.0,5.48,3.59
2022-07-04,1982.91,1956.46,1982.91,1943.62,-1.35,-26.8,7237639,7454531335.0,1.98,2.67
2022-07-05,1955.27,1954.44,1982.37,1933.41,-0.1,-2.02,7268026,7560350070.0,2.5,2.68
2022-07-06,1921.84,1945.82,1950.84,1910.74,-0.44,-8.62,6233542,6754731000.0,2.05,2.3
2022-07-07,1938.18,2061.95,2063.2,1928.07,5.97,116.13,12068166,14425803409.0,6.94,4.45
2022-07-08,2069.99,2058.41,2112.04,2054.76,-0.17,-3.54,14925560,13267677714.0,2.78,5.51
2022-07-11,2035.89,1986.61,2035.89,1968.83,-3.49,-71.8,12671235,11227591847.0,3.26,4.67
2022-07-12,1973.42,1961.61,2022.13,1956.04,-1.26,-25.0,9335998,9721469012.0,3.33,3.44
2022-07-13,1953.58,1983.9,2003.07,1935.61,1.14,22.29,8904107,9852235780.0,3.44,3.28
2022-07-14,1967.17,1973.18,1992.88,1956.89,-0.54,-10.72,7511447,8626289276.0,1.81,2.77
2022-07-15,1950.21,1928.96,2005.99,1927.6,-2.24,-44.22,8624820,9376522851.0,3.97,3.18
2022-07-18,1928.1,1973.53,1973.53,1928.1,2.31,44.57,7205505,8035399134.0,2.36,2.66
2022-07-19,1987.66,1983.38,2038.32,1974.17,0.5,9.85,8090512,10829873665.0,3.25,2.98
2022-07-20,1963.96,1977.16,1995.8,1953.62,-0.31,-6.22,5624787,5232150264.0,2.13,2.07
2022-07-21,1962.37,1966.24,1980.84,1934.06,-0.55,-10.92,8554189,9943534890.0,2.37,3.16
2022-07-22,1954.98,1980.25,2007.92,1954.67,0.71,14.01,8290378,9964439228.0,2.71,3.06
2022-07-25,1977.55,1910.14,1977.55,1889.93,-3.54,-70.11,7995075,9297542339.0,4.42,2.95
2022-07-26,1904.21,1938.1,1950.71,1892.72,1.46,27.96,7081825,8699583074.0,3.04,2.61
2022-07-27,1939.74,1942.75,1962.28,1926.0,0.24,4.65,5831574,7233058777.0,1.87,2.15
2022-07-28,1946.3,1944.2,1971.58,1941.13,0.07,1.45,5026243,5595032951.0,1.57,1.85
2022-07-29,1940.63,1961.93,1982.28,1940.24,0.91,17.73,6873364,8093699283.0,2.16,2.54
2022-08-01,1954.28,2031.99,2032.65,1934.01,3.57,70.06,9490116,11109222761.0,5.03,3.5
2022-08-02,2000.72,1932.51,2000.72,1923.55,-4.9,-99.48,9202748,11278319212.0,3.8,3.39
2022-08-03,1924.72,1902.51,2008.35,1890.7,-1.55,-30.0,9609683,12323673332.0,6.09,3.54
2022-08-04,1892.02,1870.2,1892.02,1824.69,-1.7,-32.31,7881236,10136266711.0,3.54,2.91
2022-08-05,1866.4,1859.06,1880.69,1834.36,-0.6,-11.14,5039873,6265621475.0,2.48,1.86
2022-08-08,1853.16,1883.64,1883.76,1836.95,1.32,24.58,4283826,5210035019.0,2.52,1.58
2022-08-09,1892.4,1874.09,1916.24,1874.09,-0.51,-9.55,4833795,5766561554.0,2.24,1.78
2022-08-10,1883.39,1923.64,1946.55,1883.39,2.64,49.55,7148714,9211917330.0,3.37,2.64
2022-08-11,1920.79,1919.6,1924.5,1893.59,-0.21,-4.04,6464699,7334231220.0,1.61,2.38
2022-08-12,1912.85,1902.9,1918.52,1900.6,-0.87,-16.7,4465974,5247140580.0,0.93,1.65
2022-08-15,1907.11,1912.35,1925.93,1893.96,0.5,9.45,3966405,5005605600.0,1.68,1.46
2022-08-16,1928.13,1956.07,1968.39,1928.13,2.29,43.72,5454799,6901943762.0,2.11,2.01
2022-08-17,1955.91,1988.38,1997.1,1952.4,1.65,32.31,6663905,8604951186.0,2.29,2.46
2022-08-18,1997.98,1974.64,2008.94,1969.79,-0.69,-13.74,6035581,7072311045.0,1.97,2.23
2022-08-19,1975.91,1922.07,1975.91,1920.79,-2.66,-52.57,6011761,7200321100.0,2.79,2.22
2022-08-22,1916.94,1949.56,1963.67,1910.76,1.43,27.49,5277053,5697957250.0,2.75,1.95
2022-08-23,1934.22,1934.84,1941.83,1919.36,-0.76,-14.72,3949076,4429862058.0,1.15,1.46
2022-08-24,1940.64,1879.64,1946.46,1875.75,-2.85,-55.2,6368646,7559287619.0,3.65,2.35
2022-08-25,1875.37,1891.27,1891.61,1848.92,0.62,11.63,4399113,5291782406.0,2.27,1.62
2022-08-26,1895.32,1904.69,1938.18,1895.2,0.71,13.42,5657266,5178698094.0,2.27,2.09
2022-08-29,1875.24,1890.79,1905.9,1874.47,-0.73,-13.9,4548644,4279707156.0,1.65,1.68
2022-08-30,1884.04,1870.25,1909.97,1861.19,-1.09,-20.54,3776758,3870934388.0,2.58,1.39
2022-08-31,1870.01,1817.64,1871.12,1817.23,-2.81,-52.61,4459087,5073483716.0,2.88,1.64
2022-09-01,1821.85,1816.94,1837.14,1811.98,-0.04,-0.7,2836621,3260229576.0,1.38,1.05
2022-09-02,1825.6,1841.74,1844.72,1817.04,1.36,24.8,3360898,3342871683.0,1.52,1.24
2022-09-05,1842.22,1855.57,1859.7,1830.56,0.75,13.83,4230137,4600019096.0,1.58,1.56
2022-09-06,1869.43,1914.39,1919.11,1869.43,3.17,58.82,5171462,5420197744.0,2.68,1.91
2022-09-07,1922.35,1920.43,1934.14,1905.48,0.32,6.04,5268285,5554404576.0,1.5,1.94
2022-09-08,1918.24,1958.67,1981.68,1918.24,1.99,38.24,5688301,6595917987.0,3.3,2.1
2022-09-09,1961.57,1940.08,1963.58,1924.96,-0.95,-18.59,5130672,4946761637.0,1.97,1.89
2022-09-13,1945.98,1977.98,1981.22,1940.24,1.95,37.9,4876531,4630810067.0,2.11,1.8
2022-09-14,1948.44,1992.76,2005.51,1940.64,0.75,14.78,6165602,5973543284.0,3.28,2.27
2022-09-15,1991.98,1955.06,2004.58,1941.93,-1.89,-37.7,4938990,5113119525.0,3.14,1.82
2022-09-16,1935.91,1898.56,1956.47,1898.56,-2.89,-56.5,4098203,4055220993.0,2.96,1.51
2022-09-19,1895.38,1914.37,1941.55,1895.38,0.83,15.81,3936703,4009118792.0,2.43,1.45
2022-09-20,1926.56,1909.73,1965.83,1909.73,-0.24,-4.64,4755388,4890255002.0,2.93,1.75
2022-09-21,1903.41,1967.61,1975.17,1881.09,3.03,57.88,6264387,6434670446.0,4.93,2.31
2022-09-22,1949.88,1930.07,1959.44,1920.11,-1.91,-37.54,5635251,6587582926.0,2.0,2.08
2022-09-23,1922.86,1874.31,1930.82,1861.18,-2.89,-55.76,4896226,5238628168.0,3.61,1.81
2022-09-26,1870.17,1842.92,1879.72,1836.91,-1.67,-31.39,3792866,3763460516.0,2.28,1.4
2022-09-27,1855.63,1886.16,1886.98,1843.89,2.35,43.24,3937531,4157388272.0,2.34,1.45
2022-09-28,1873.7,1822.21,1873.7,1822.21,-3.39,-63.95,3932430,3987215509.0,2.73,1.45
2022-09-29,1835.35,1787.72,1835.43,1783.9,-1.89,-34.49,3070580,2784180320.0,2.83,1.13
2022-09-30,1786.37,1747.91,1792.68,1747.91,-2.23,-39.81,3594827,3309280429.0,2.5,1.33
2022-10-10,1748.51,1709.16,1759.04,1706.44,-2.22,-38.75,2649174,2476896372.0,3.01,0.98
2022-10-11,1713.74,1727.61,1732.54,1695.85,1.08,18.45,2408085,2147759394.0,2.15,0.89
2022-10-12,1723.36,1791.27,1791.74,1711.4,3.68,63.66,3432513,3209571253.0,4.65,1.27
2022-10-13,1769.74,1770.73,1790.7,1768.37,-1.15,-20.54,2985560,3018109692.0,1.25,1.1
2022-10-14,1778.06,1799.81,1810.46,1772.41,1.64,29.08,3094734,2895516437.0,2.15,1.14
2022-10-17,1780.4,1816.66,1820.69,1774.1,0.94,16.85,4399550,4513946682.0,2.59,1.62
2022-10-18,1832.23,1810.89,1853.37,1809.96,-0.32,-5.77,4793642,4555210911.0,2.39,1.77
2022-10-19,1789.6,1782.07,1828.41,1780.78,-1.59,-28.82,4508330,4386138403.0,2.63,1.66
2022-10-20,1765.3,1757.22,1776.96,1738.65,-1.39,-24.85,4129562,3945672204.0,2.15,1.52
2022-10-21,1754.68,1731.2,1755.97,1730.69,-1.48,-26.02,2975788,2818973805.0,1.44,1.1
2022-10-24,1734.17,1702.92,1755.34,1695.41,-1.63,-28.28,2741546,2639234148.0,3.46,1.01
2022-10-25,1692.18,1735.11,1743.93,1672.61,1.89,32.19,3435629,3297724324.0,4.19,1.27
2022-10-26,1736.31,1751.09,1774.71,1736.31,0.92,15.98,5527205,5038338283.0,2.21,2.04
2022-10-27,1751.34,1750.71,1775.63,1748.94,-0.02,-0.38,4384749,3990005922.0,1.52,1.62
2022-10-28,1738.34,1668.03,1738.34,1661.01,-4.72,-82.68,3949391,3710474480.0,4.42,1.46
2022-10-31,1656.01,1673.69,1698.72,1656.01,0.34,5.66,3435475,3241055141.0,2.56,1.27
2022-11-01,1674.26,1727.25,1728.97,1664.88,3.2,53.56,5503036,4991179943.0,3.83,2.03
2022-11-02,1722.41,1808.86,1816.46,1722.41,4.72,81.61,7964795,7449632665.0,5.45,2.94
2022-11-03,1800.34,1807.08,1866.92,1800.34,-0.1,-1.78,7397555,8222531521.0,3.68,2.73
2022-11-04,1808.71,1850.91,1860.87,1808.71,2.43,43.83,7525331,7854314585.0,2.89,2.78
2022-11-07,1842.08,1847.11,1852.69,1823.34,-0.21,-3.8,6221291,6841886324.0,1.59,2.29
2022-11-08,1847.01,1835.08,1849.92,1825.02,-0.65,-12.03,3772886,4047903681.0,1.35,1.39
2022-11-09,1844.57,1828.95,1848.1,1825.34,-0.33,-6.13,3427501,3745191768.0,1.24,1.26
2022-11-10,1827.49,1816.99,1837.26,1815.46,-0.65,-11.96,3315278,3492489022.0,1.19,1.22
2022-11-11,1853.93,1829.58,1862.24,1828.11,0.69,12.59,4840573,4603693734.0,1.88,1.79
2022-11-14,1827.54,1822.76,1847.71,1818.42,-0.37,-6.82,3657533,3572167888.0,1.6,1.35
2022-11-15,1820.92,1859.96,1859.96,1816.6,2.04,37.2,3778509,3627467935.0,2.38,1.39
2022-11-16,1854.12,1865.41,1885.49,1854.12,0.29,5.45,4025191,4022506780.0,1.69,1.48
2022-11-17,1859.26,1855.23,1860.4,1841.28,-0.55,-10.18,2993848,2974127488.0,1.02,1.1
2022-11-18,1858.81,1830.86,1862.92,1830.73,-1.31,-24.37,2954806,2973799097.0,1.74,1.09
2022-11-21,1826.15,1861.11,1867.26,1806.19,1.65,30.25,4072525,4382537835.0,3.34,1.5
2022-11-22,1858.07,1837.68,1861.89,1834.4,-1.26,-23.43,3536759,4068683516.0,1.48,1.3
2022-11-23,1840.26,1842.57,1855.8,1822.25,0.27,4.89,3842283,3744950660.0,1.83,1.42
2022-11-24,1839.87,1824.15,1850.2,1819.92,-1.0,-18.42,3131085,3038480326.0,1.64,1.15
2022-11-25,1811.44,1793.6,1812.76,1793.22,-1.67,-30.55,2600224,2476741479.0,1.07,0.96
2022-11-28,1768.51,1783.34,1788.71,1752.47,-0.57,-10.26,2149973,2048071209.0,2.02,0.79
2022-11-29,1777.79,1823.57,1828.86,1777.79,2.26,40.23,3181068,3025359979.0,2.86,1.17
2022-11-30,1822.18,1929.87,1948.29,1822.18,5.83,106.3,10118932,9907956329.0,6.92,3.73
2022-12-01,1968.52,1927.41,1978.35,1918.2,-0.13,-2.46,8695266,8569918923.0,3.12,3.21
2022-12-02,1929.82,1877.03,1929.82,1874.11,-2.61,-50.38,5584093,4956351086.0,2.89,2.06
2022-12-05,1888.07,1933.31,1933.31,1881.19,3.0,56.28,6069732,5661274632.0,2.78,2.24
2022-12-06,1933.9,1957.39,1985.36,1918.67,1.25,24.08,8252160,6001961935.0,3.45,3.04
2022-12-07,1939.28,1932.91,1973.43,1925.54,-1.25,-24.48,6687761,5226410537.0,2.45,2.47
2022-12-08,1921.69,1912.47,1941.54,1911.21,-1.06,-20.44,4516185,3762357206.0,1.57,1.67
2022-12-09,1901.22,1902.87,1909.98,1885.89,-0.5,-9.6,3496279,2978432163.0,1.26,1.29
2022-12-12,1888.67,1872.05,1888.67,1860.06,-1.62,-30.82,3343752,2968119239.0,1.5,1.23
2022-12-13,1861.99,1874.19,1902.09,1861.99,0.11,2.14,3766731,3153388308.0,2.14,1.39
2022-12-14,1852.53,1841.86,1870.24,1837.84,-1.73,-32.33,3762888,3414100522.0,1.73,1.39
2022-12-15,1838.19,1889.87,1891.24,1830.15,2.61,48.01,6121282,5267691253.0,3.32,2.26
2022-12-16,1868.03,1864.77,1886.86,1860.06,-1.33,-25.1,4356389,3542121245.0,1.42,1.61
2022-12-19,1869.68,1855.11,1902.41,1851.54,-0.52,-9.66,5160024,4234943809.0,2.73,1.9
2022-12-20,1840.08,1862.1,1869.96,1830.16,0.38,6.99,4959007,4223622841.0,2.15,1.83
2022-12-21,1845.93,1827.83,1856.1,1823.76,-1.84,-34.27,4236012,3494381323.0,1.74,1.56
2022-12-22,1822.03,1824.29,1865.96,1806.43,-0.19,-3.54,4447141,3646508351.0,3.26,1.64
2022-12-23,1809.48,1790.12,1812.99,1776.76,-1.87,-34.17,3679267,3067180911.0,1.99,1.36
2022-12-26,1779.19,1811.18,1816.95,1774.16,1.18,21.06,3006661,2465774049.0,2.39,1.11
2022-12-27,1809.67,1803.45,1812.27,1779.13,-0.43,-7.73,3171640,2726569301.0,1.83,1.17
2022-12-28,1785.71,1755.84,1785.71,1751.03,-2.64,-47.61,3190541,2633093513.0,1.92,1.18
2022-12-29,1752.64,1770.81,1802.24,1752.64,0.85,14.97,3959754,3168698252.0,2.82,1.46
2022-12-30,1792.65,1787.27,1818.53,1783.68,0.93,16.46,3398464,2734940002.0,1.97,1.25
2023-01-03,1776.78,1811.13,1816.6,1772.42,1.33,23.86,3854140,2898396192.0,2.47,1.42
2023-01-04,1798.72,1814.4,1822.56,1798.72,0.18,3.27,3817871,2761221155.0,1.32,1.41
2023-01-05,1825.43,1828.06,1837.47,1816.46,0.75,13.66,4001046,3326231575.0,1.16,1.48
2023-01-06,1820.39,1841.2,1865.1,1820.39,0.72,13.14,4655580,3732715502.0,2.45,1.72
2023-01-09,1837.98,1866.3,1885.33,1837.98,1.36,25.1,5758086,5550565488.0,2.57,2.12
2023-01-10,1865.2,1894.95,1902.16,1844.44,1.54,28.65,6879695,6898969666.0,3.09,2.54
2023-01-11,1883.42,1855.96,1883.42,1855.96,-2.06,-38.99,3775679,3465214066.0,1.45,1.39
2023-01-12,1858.65,1852.8,1875.24,1851.46,-0.17,-3.16,2915166,2711390186.0,1.28,1.08
2023-01-13,1852.01,1852.75,1858.93,1842.03,0.0,-0.05,2721234,2393748542.0,0.91,1.0
2023-01-16,1843.9,1843.86,1859.89,1837.47,-0.48,-8.89,3510172,2975218210.0,1.21,1.29
2023-01-17,1843.27,1846.16,1848.93,1830.01,0.12,2.3,2484807,2068246871.0,1.03,0.92
2023-01-18,1848.01,1849.11,1862.66,1845.67,0.16,2.95,2745383,2828485894.0,0.92,1.01
2023-01-19,1842.25,1847.22,1857.04,1839.25,-0.1,-1.89,2454205,2140021346.0,0.96,0.91
2023-01-20,1849.26,1877.59,1881.79,1849.26,1.64,30.37,3725016,4000710259.0,1.76,1.37
2023-01-30,1920.18,1935.17,1956.2,1920.18,3.07,57.58,7396191,7114325366.0,1.92,2.73
2023-01-31,1922.0,1957.35,1976.52,1922.0,1.15,22.18,6139366,6402155474.0,2.82,2.26
2023-02-01,1962.04,1987.44,1988.84,1962.04,1.54,30.09,5104045,4972065681.0,1.37,1.88
2023-02-02,1987.75,1978.89,2001.55,1970.89,-0.43,-8.55,4593699,4650538837.0,1.54,1.69
2023-02-03,1976.56,1958.36,1983.16,1945.02,-1.04,-20.53,4287830,3864376850.0,1.93,1.58
2023-02-06,1983.48,1947.82,1991.77,1945.97,-0.54,-10.54,4759434,4261676368.0,2.34,1.76
2023-02-07,1955.99,1962.69,1964.72,1946.27,0.76,14.87,3575226,3247904118.0,0.95,1.32
2023-02-08,1956.89,1956.48,1969.01,1950.74,-0.32,-6.21,3145164,2681506073.0,0.93,1.16
2023-02-09,1955.8,1975.97,1977.21,1951.07,1.0,19.49,3531369,3128571849.0,1.34,1.3
2023-02-10,1966.41,1954.39,1966.41,1947.04,-1.09,-21.58,2710572,2458758406.0,0.98,1.0
2023-02-13,1956.16,2004.41,2010.46,1956.16,2.56,50.02,4529159,4275897646.0,2.78,1.67
2023-02-14,2000.09,1991.62,2000.09,1979.7,-0.64,-12.79,2947265,2961574641.0,1.02,1.09
2023-02-15,1995.48,1997.93,2027.21,1995.48,0.32,6.31,3535649,3422182322.0,1.59,1.3
2023-02-16,1995.59,1983.08,2031.62,1966.93,-0.74,-14.85,5204096,4759450657.0,3.24,1.92
2023-02-17,1986.8,1973.08,1998.99,1971.94,-0.5,-10.0,3635343,3336029900.0,1.36,1.34
2023-02-20,1979.1,2021.05,2021.09,1979.1,2.43,47.97,4664889,4155517036.0,2.13,1.72
2023-02-21,2025.32,2069.14,2079.18,2025.32,2.38,48.09,7052727,7266326351.0,2.66,2.6
2023-02-22,2059.87,2068.15,2068.46,2050.3,-0.05,-0.99,4645313,4674761211.0,0.88,1.71
2023-02-23,2065.34,2066.88,2087.59,2062.59,-0.06,-1.27,4276094,4767598201.0,1.21,1.58
2023-02-24,2059.55,2034.96,2059.55,2022.28,-1.54,-31.92,3413256,3594594882.0,1.8,1.26
2023-02-27,2034.33,2025.41,2050.5,2016.35,-0.47,-9.55,3356112,3337319548.0,1.68,1.24
2023-02-28,2022.97,2039.59,2041.27,2012.3,0.7,14.18,3210416,3147373577.0,1.43,1.18
2023-03-01,2041.61,2050.11,2058.02,2028.52,0.52,10.52,3311773,3284661952.0,1.45,1.22
2023-03-02,2047.17,2049.15,2064.89,2047.17,-0.05,-0.96,3304910,3197428825.0,0.86,1.22
2023-03-03,2049.93,2058.49,2061.06,2039.63,0.46,9.34,3300563,3409569891.0,1.05,1.22
2023-03-06,2054.47,2032.34,2054.47,2014.53,-1.27,-26.15,4015320,3772174434.0,1.94,1.48
2023-03-07,2033.5,2027.55,2083.7,2027.54,-0.24,-4.79,4977602,4303365766.0,2.76,1.84
2023-03-08,2022.35,2024.92,2031.4,2009.77,-0.13,-2.63,4196237,3369943040.0,1.07,1.55
2023-03-09,2024.63,2019.03,2047.03,2016.6,-0.29,-5.89,4130695,3589789306.0,1.5,1.52
2023-03-10,2007.87,1951.26,2007.87,1941.58,-3.36,-67.77,4882292,4379749221.0,3.28,1.8
2023-03-13,1929.28,1919.01,1940.87,1904.48,-1.65,-32.25,4108791,3566699614.0,1.86,1.52
2023-03-14,1920.08,1903.74,1921.57,1864.82,-0.8,-15.27,4101753,3673016381.0,2.96,1.51
2023-03-15,1916.95,1920.42,1925.59,1914.12,0.88,16.68,2650038,2383745043.0,0.6,0.98
2023-03-16,1918.15,1903.33,1942.93,1901.64,-0.89,-17.09,3189439,2672386976.0,2.15,1.18
2023-03-17,1912.59,1905.24,1923.48,1899.59,0.1,1.91,2949496,2577686901.0,1.26,1.09
2023-03-20,1903.33,1887.66,1903.53,1882.58,-0.92,-17.58,2628620,2167523526.0,1.1,0.97
2023-03-21,1894.53,1928.07,1929.02,1889.5,2.14,40.41,3494018,3555424364.0,2.09,1.29
2023-03-22,1938.33,1937.03,1949.09,1929.03,0.46,8.96,2872613,2970674538.0,1.04,1.06
2023-03-23,1935.62,1928.04,1946.17,1922.79,-0.46,-8.99,2076567,2033862488.0,1.21,0.77
2023-03-24,1930.31,1917.97,1930.32,1912.35,-0.52,-10.07,3378403,2807110637.0,0.93,1.25
2023-03-27,1915.52,1913.71,1923.66,1899.44,-0.22,-4.26,2780576,2449512336.0,1.26,1.03
2023-03-28,1917.76,1948.5,1965.0,1917.76,1.82,34.79,4057140,3888913255.0,2.47,1.5
2023-03-29,1950.15,1921.53,1957.11,1917.66,-1.38,-26.97,3380319,3217586307.0,2.02,1.25
2023-03-30,1916.25,1928.85,1932.62,1900.65,0.38,7.32,3222383,3127902738.0,1.66,1.19
2023-03-31,1926.97,1952.15,1965.19,1926.97,1.21,23.3,3488262,3368118856.0,1.98,1.29
2023-04-03,1949.88,1948.07,1950.8,1934.95,-0.21,-4.08,3114101,3064956420.0,0.81,1.15
2023-04-04,1947.97,1928.39,1947.98,1920.65,-1.01,-19.68,3434355,3117081004.0,1.4,1.27
2023-04-06,1926.01,1887.39,1926.01,1884.44,-2.13,-41.0,3618210,3197039256.0,2.16,1.33
2023-04-07,1888.31,1900.29,1908.16,1884.97,0.68,12.9,2233060,2008433111.0,1.23,0.82
2023-04-10,1904.41,1888.04,1910.53,1881.25,-0.64,-12.25,2594762,2306778547.0,1.54,0.96
2023-04-11,1885.95,1899.44,1899.84,1869.01,0.6,11.4,3024828,2627986490.0,1.63,1.12
2023-04-12,1894.2,1879.7,1903.06,1874.6,-1.04,-19.74,2778368,2545909468.0,1.5,1.02
2023-04-13,1884.83,1877.27,1899.02,1870.74,-0.13,-2.43,3037089,2939992150.0,1.5,1.12
2023-04-14,1880.91,1918.01,1934.85,1880.91,2.17,40.74,3669292,3427391140.0,2.87,1.35
2023-04-17,1908.43,1933.77,1934.39,1908.43,0.82,15.76,3608881,3351846850.0,1.35,1.33
2023-04-18,1924.76,1926.9,1939.05,1915.68,-0.36,-6.87,3047123,2811711000.0,1.21,1.12
2023-04-19,1927.85,1911.41,1927.85,1900.54,-0.8,-15.49,3657740,2820546023.0,1.42,1.35
2023-04-20,1903.88,1890.08,1903.88,1880.98,-1.12,-21.33,2853700,2310655637.0,1.2,1.05
2023-04-21,1887.37,1859.32,1907.23,1857.21,-1.63,-30.76,3112540,2625184191.0,2.65,1.15
2023-04-24,1857.53,1854.91,1878.4,1826.3,-0.24,-4.41,3386321,2744961343.0,2.8,1.25
2023-04-25,1843.77,1810.53,1843.77,1787.42,-2.39,-44.38,2856030,2329796855.0,3.04,1.05
2023-04-26,1810.27,1868.19,1872.05,1810.27,3.18,57.66,3504630,2994798569.0,3.41,1.29
2023-04-27,1864.41,1875.54,1885.26,1861.94,0.39,7.35,3407269,2956189964.0,1.25,1.26
2023-04-28,1869.16,1897.64,1906.08,1858.47,1.18,22.1,3456316,2837419267.0,2.54,1.27
2023-05-04,1905.22,1943.77,1945.84,1905.22,2.43,46.13,3824680,3515676547.0,2.14,1.41
2023-05-05,1955.82,1947.09,1957.34,1937.05,0.17,3.32,3320862,3110318116.0,1.04,1.22
2023-05-08,1966.07,1968.29,1993.13,1954.68,1.09,21.2,4089148,3520264857.0,1.97,1.51
2023-05-09,1972.83,1958.21,1982.62,1954.36,-0.51,-10.08,3994915,3376155179.0,1.44,1.47
2023-05-10,1955.68,2076.49,2076.49,1948.5,6.04,118.28,6893280,6016078072.0,6.54,2.54
2023-05-11,2082.4,2063.07,2086.51,2044.91,-0.65,-13.42,7535277,7143295852.0,2.0,2.78
2023-05-12,2029.6,2007.71,2037.84,2007.31,-2.68,-55.36,4855623,4389785096.0,1.48,1.79
2023-05-15,2001.18,2018.14,2020.14,1992.35,0.52,10.43,3659843,3277266343.0,1.38,1.35
2023-05-16,2018.72,1965.12,2018.72,1961.31,-2.63,-53.02,3642269,3063331960.0,2.84,1.34
2023-05-17,1969.77,1973.02,1980.77,1958.84,0.4,7.9,3154742,2576344917.0,1.12,1.16
2023-05-18,1973.39,1964.79,1976.24,1953.95,-0.42,-8.23,3113076,2561030825.0,1.13,1.15
2023-05-19,1950.87,1938.21,1954.99,1931.78,-1.35,-26.58,2539442,2101368421.0,1.18,0.94
2023-05-22,1948.7,1944.34,1965.09,1923.81,0.32,6.13,2887608,2556100007.0,2.13,1.07
2023-05-23,1945.84,1921.37,1950.55,1921.37,-1.18,-22.97,2530897,2102018600.0,1.5,0.93
2023-05-24,1916.06,1921.52,1937.94,1911.64,0.01,0.15,2407499,1832401470.0,1.37,0.89
2023-05-25,1913.02,1907.69,1926.43,1890.85,-0.72,-13.83,2666093,1993657474.0,1.85,0.98
2023-05-26,1907.76,1938.05,1938.43,1881.99,1.59,30.36,2753999,2247859286.0,2.96,1.02
2023-05-29,1928.06,1895.66,1930.87,1893.06,-2.19,-42.39,2373272,1976038955.0,1.95,0.88
2023-05-30,1889.92,1904.66,1909.99,1883.68,0.47,9.0,2201678,1809389134.0,1.39,0.81
2023-05-31,1891.72,1901.46,1912.86,1888.96,-0.17,-3.2,2118412,1741265075.0,1.25,0.78
2023-06-01,1894.63,1926.28,1945.8,1894.63,1.31,24.82,3040662,2598638235.0,2.69,1.12
2023-06-02,1925.51,1947.46,1953.97,1925.51,1.1,21.18,2619994,2137134400.0,1.48,0.97
2023-06-05,1962.74,1958.04,1968.97,1942.92,0.54,10.58,2674557,2231661952.0,1.34,0.99
2023-06-06,1959.13,1914.94,1965.96,1912.33,-2.2,-43.1,2387257,1927397114.0,2.74,0.88
2023-06-07,1921.01,1895.35,1921.01,1889.71,-1.02,-19.59,2021221,1698639365.0,1.63,0.75
2023-06-08,1889.84,1887.86,1896.46,1875.36,-0.4,-7.49,2056117,1726336024.0,1.11,0.76
2023-06-09,1915.25,1957.81,1962.54,1915.25,3.71,69.95,4638270,4047679264.0,2.5,1.71
2023-06-12,1950.94,2002.76,2007.1,1942.57,2.3,44.95,4841043,4157246941.0,3.3,1.79
2023-06-13,2005.39,2006.53,2021.7,1994.81,0.19,3.77,3582766,3030326379.0,1.34,1.32
2023-06-14,2002.94,2007.39,2027.56,1993.81,0.04,0.86,3275703,2719940267.0,1.68,1.21
2023-06-15,2002.71,2022.26,2052.91,2002.71,0.74,14.87,4260633,3542864862.0,2.5,1.57
2023-06-16,2028.95,2012.93,2044.7,2012.93,-0.46,-9.33,3196890,2577836660.0,1.57,1.18
2023-06-19,2012.67,2016.44,2033.66,2006.6,0.17,3.51,3043271,2529312900.0,1.34,1.12
2023-06-20,2013.9,2011.61,2028.22,1998.32,-0.24,-4.83,3046918,2793900400.0,1.48,1.12
2023-06-21,2010.34,2009.26,2042.92,2001.82,-0.12,-2.35,3052464,2522985393.0,2.04,1.13
2023-06-26,1997.98,2000.44,2071.97,1996.85,-0.44,-8.82,4039969,3637301993.0,3.74,1.49
2023-06-27,1996.31,2028.61,2032.09,1975.4,1.41,28.17,3138092,2647370993.0,2.83,1.16
2023-06-28,2027.27,2037.33,2054.34,1994.8,0.43,8.72,2791996,2467681898.0,2.94,1.03
2023-06-29,2025.02,2035.72,2050.04,2025.02,-0.08,-1.61,2453380,2167511338.0,1.23,0.9
2023-06-30,2039.53,2055.58,2067.58,2030.75,0.98,19.86,2798108,2609337656.0,1.81,1.03
2023-07-03,2063.49,2134.52,2135.23,2063.49,3.84,78.94,6296223,5915900708.0,3.49,2.32
2023-07-04,2144.57,2163.57,2182.89,2128.32,1.36,29.05,8192883,8327814809.0,2.56,3.02
2023-07-05,2169.03,2139.67,2183.07,2136.22,-1.1,-23.9,5863798,6233475531.0,2.17,2.16
2023-07-06,2131.53,2126.11,2150.84,2110.29,-0.63,-13.56,4012565,4092313532.0,1.9,1.48
2023-07-07,2118.29,2120.1,2145.25,2114.62,-0.28,-6.01,3665096,3732439884.0,1.44,1.35
2023-07-10,2120.28,2095.28,2141.19,2089.04,-1.17,-24.82,3336263,3167835027.0,2.46,1.23
2023-07-11,2102.43,2175.28,2178.51,2092.11,3.82,80.0,5426976,5611224855.0,4.12,2.0
2023-07-12,2180.08,2158.84,2207.47,2154.57,-0.76,-16.44,6651111,7304566406.0,2.43,2.45
2023-07-13,2140.95,2129.08,2149.19,2116.46,-1.38,-29.76,4424686,4614048638.0,1.52,1.63
2023-07-14,2125.46,2111.78,2138.28,2094.73,-0.81,-17.3,3219710,3315560008.0,2.05,1.19
2023-07-17,2117.28,2148.18,2150.06,2104.59,1.72,36.4,4158422,4159524101.0,2.15,1.53
2023-07-18,2147.04,2202.96,2225.99,2129.79,2.55,54.78,6056020,5667235673.0,4.48,2.23
2023-07-19,2183.6,2209.73,2236.22,2183.6,0.31,6.77,4207240,4402044584.0,2.39,1.55
2023-07-20,2200.18,2154.7,2239.54,2154.0,-2.49,-55.03,4183104,4348931502.0,3.87,1.54
2023-07-21,2153.13,2128.2,2165.41,2121.53,-1.23,-26.5,3328800,3325246945.0,2.04,1.23
2023-07-24,2118.04,2110.17,2124.91,2105.67,-0.85,-18.03,2340593,2229795796.0,0.9,0.86
2023-07-25,2138.57,2209.54,2223.37,2138.57,4.71,99.37,5416322,5502053968.0,4.02,2.0
2023-07-26,2213.02,2161.37,2213.02,2158.35,-2.18,-48.17,3817602,3966401521.0,2.47,1.41
2023-07-27,2209.62,2156.05,2227.79,2156.05,-0.25,-5.32,4370913,4915850234.0,3.32,1.61
2023-07-28,2143.81,2203.39,2218.22,2119.85,2.2,47.34,5383688,5593425508.0,4.56,1.99
2023-07-31,2215.18,2267.87,2299.0,2215.18,2.93,64.48,6907277,7642588413.0,3.8,2.55
2023-08-01,2257.07,2253.52,2298.82,2226.26,-0.63,-14.35,6554605,7250912927.0,3.2,2.42
2023-08-02,2235.18,2251.07,2297.94,2233.44,-0.11,-2.45,4894477,5271012466.0,2.86,1.81
2023-08-03,2239.65,2223.52,2239.65,2213.2,-1.22,-27.55,4039860,3927432961.0,1.17,1.49
2023-08-04,2229.25,2210.72,2240.94,2210.72,-0.58,-12.8,3629260,3772779041.0,1.36,1.34
2023-08-07,2202.52,2208.76,2223.66,2200.28,-0.09,-1.96,2611335,2543361222.0,1.06,0.96
2023-08-08,2204.0,2189.37,2217.3,2180.77,-0.88,-19.39,2511941,2507473566.0,1.65,0.93
2023-08-09,2182.15,2166.3,2188.94,2161.29,-1.05,-23.07,2657481,2679111040.0,1.26,0.98
2023-08-10,2157.13,2142.06,2161.02,2132.77,-1.12,-24.24,2517115,2234319076.0,1.3,0.93
2023-08-11,2142.09,2104.34,2144.58,2102.87,-1.76,-37.72,2969406,2686876259.0,1.95,1.1
2023-08-14,2092.61,2087.47,2092.61,2052.86,-0.8,-16.87,3464074,3139458063.0,1.89,1.28
2023-08-15,2090.06,2068.94,2090.06,2054.95,-0.89,-18.53,2391012,1984152886.0,1.68,0.88
2023-08-16,2057.22,2045.65,2067.04,2045.65,-1.13,-23.29,2054720,1828138883.0,1.03,0.76
2023-08-17,2041.45,2082.24,2089.48,2033.74,1.79,36.59,2437277,2292263156.0,2.72,0.9
2023-08-18,2074.85,2045.33,2085.17,2045.33,-1.77,-36.91,2012614,1842662449.0,1.91,0.74
2023-08-21,2044.07,2028.33,2057.9,2028.33,-0.83,-17.0,1797849,1587175045.0,1.45,0.66
2023-08-22,2045.88,2046.54,2058.82,2013.07,0.9,18.21,2132949,1878804833.0,2.26,0.79
2023-08-23,2040.36,2004.76,2040.36,2004.76,-2.04,-41.78,1683264,1517092319.0,1.74,0.62
2023-08-24,2009.24,1998.82,2020.45,1987.9,-0.3,-5.94,2128667,2005032846.0,1.62,0.79
2023-08-25,1991.5,1964.45,1991.5,1955.31,-1.72,-34.37,2510026,1990140369.0,1.81,0.93
2023-08-28,2055.35,1998.52,2055.35,1991.93,1.73,34.07,3403920,2781876558.0,3.23,1.26
2023-08-29,1992.37,2040.33,2046.05,1992.37,2.09,41.81,4171326,3983553021.0,2.69,1.54
2023-08-30,2041.77,2029.17,2048.15,2012.83,-0.55,-11.16,3359413,3400513953.0,1.73,1.24
2023-08-31,2020.2,1992.3,2022.4,1992.3,-1.82,-36.87,3366454,3041274756.0,1.48,1.24
2023-09-01,1997.14,2031.1,2050.54,1997.14,1.95,38.8,3735176,3508041392.0,2.68,1.38
2023-09-04,2034.11,2077.66,2086.09,2022.6,2.29,46.56,3950831,3755237371.0,3.13,1.46
2023-09-05,2068.56,2056.35,2071.09,2051.78,-1.03,-21.31,2744891,2719351414.0,0.93,1.01
2023-09-06,2048.75,2060.8,2071.31,2048.75,0.22,4.45,2316922,2210776921.0,1.1,0.85
2023-09-07,2055.87,2015.83,2055.87,2014.56,-2.18,-44.97,2322934,2168137884.0,2.0,0.86
2023-09-08,2006.53,2024.15,2027.38,2006.53,0.41,8.32,1589853,1440323996.0,1.03,0.59
2023-09-11,2034.88,2081.44,2083.62,2029.62,2.83,57.29,3279877,2942466062.0,2.67,1.21
2023-09-12,2090.47,2085.24,2098.49,2075.88,0.18,3.8,3034664,2379900210.0,1.09,1.12
2023-09-13,2078.15,2054.94,2080.72,2042.78,-1.45,-30.3,2455565,2015623662.0,1.82,0.91
2023-09-14,2039.73,2034.22,2055.18,2023.58,-1.01,-20.72,2375532,2075425411.0,1.54,0.88
2023-09-15,2040.56,2033.19,2044.39,2024.2,-0.05,-1.03,2029910,1662261134.0,0.99,0.75
2023-09-18,2023.91,2070.69,2077.54,2016.33,1.84,37.5,4156932,4557142520.0,3.01,1.53
2023-09-19,2062.51,2047.53,2062.51,2038.62,-1.12,-23.16,2854389,3022500880.0,1.15,1.05
2023-09-20,2041.38,2020.69,2045.55,2018.17,-1.31,-26.84,2073343,2029366792.0,1.34,0.76
2023-09-21,2014.56,1987.72,2026.83,1985.1,-1.63,-32.97,2119310,1871222956.0,2.07,0.78
2023-09-22,1986.63,2013.6,2014.08,1985.91,1.3,25.88,2089059,1850270421.0,1.42,0.77
2023-09-25,2015.8,2007.96,2026.39,2000.21,-0.28,-5.64,1908717,1828923126.0,1.3,0.7
2023-09-26,1999.71,1996.93,2015.84,1995.24,-0.55,-11.03,1645433,1499208025.0,1.03,0.61
2023-09-27,1993.96,1983.42,2005.45,1983.42,-0.68,-13.51,1906651,1620969294.0,1.1,0.7
2023-09-28,1990.91,2005.64,2020.89,1990.91,1.12,22.22,2577685,2482415854.0,1.51,0.95
2023-10-09,2012.04,2027.75,2042.74,2012.04,1.1,22.11,4335493,4749842193.0,1.53,1.6
2023-10-10,2027.8,2028.08,2036.53,1997.2,0.02,0.33,4362453,4870978284.0,1.94,1.61
2023-10-11,2027.41,2006.89,2027.41,2003.76,-1.04,-21.19,2898401,2939208058.0,1.17,1.07
2023-10-12,2017.13,2052.86,2065.33,2017.13,2.29,45.97,3970789,4037638754.0,2.4,1.46
2023-10-13,2042.03,2029.27,2045.42,2024.29,-1.15,-23.59,3662716,3991695604.0,1.03,1.35
2023-10-16,2029.36,2021.3,2042.15,2012.38,-0.39,-7.97,4484485,4159407315.0,1.47,1.65
2023-10-17,2019.98,1998.68,2024.84,1988.46,-1.12,-22.62,3562488,2898169437.0,1.8,1.31
2023-10-18,1990.53,2010.57,2032.29,1987.42,0.59,11.89,4602770,4590960899.0,2.24,1.7
2023-10-19,1995.43,1942.08,1995.43,1941.36,-3.41,-68.49,4118996,3627637417.0,2.69,1.52
2023-10-20,1930.57,1959.03,1989.44,1930.57,0.87,16.95,3179307,2836334429.0,3.03,1.17
2023-10-23,1961.27,1955.58,1983.49,1945.67,-0.18,-3.45,4868524,4257736402.0,1.93,1.8
2023-10-24,1955.98,1962.87,1974.2,1929.75,0.37,7.29,6254268,5375597644.0,2.27,2.31
2023-10-25,1971.86,2032.4,2040.69,1971.86,3.54,69.53,7537045,7638602325.0,3.51,2.78
2023-10-26,2025.93,2079.11,2080.13,2025.93,2.3,46.71,5775507,5724529298.0,2.67,2.13
2023-10-27,2103.47,2172.56,2186.19,2103.47,4.49,93.45,6945703,5775819611.0,3.98,2.56
2023-10-30,2203.13,2110.25,2203.13,2099.75,-2.87,-62.31,12185996,15087339373.0,4.76,4.5
2023-10-31,2104.44,2048.97,2117.9,2037.98,-2.9,-61.28,9659038,11799909540.0,3.79,3.56
2023-11-01,2040.59,2050.92,2072.65,2027.8,0.1,1.95,6742406,8036179343.0,2.19,2.49
2023-11-02,2048.21,2076.63,2097.72,2035.13,1.25,25.71,7322963,7577125411.0,3.05,2.7
2023-11-03,2064.61,2075.58,2087.17,2050.91,-0.05,-1.05,6818416,7623255251.0,1.75,2.52
2023-11-06,2079.19,2106.69,2106.69,2067.9,1.5,31.11,7965202,8762716753.0,1.87,2.94
2023-11-07,2092.91,2122.13,2149.83,2091.48,0.73,15.44,8506404,10486561398.0,2.77,3.14
2023-11-08,2114.45,2121.04,2126.18,2097.82,-0.05,-1.09,7480178,8325836399.0,1.34,2.76
2023-11-09,2103.17,2078.94,2112.22,2077.65,-1.98,-42.1,6031506,6795726972.0,1.63,2.22
2023-11-10,2076.5,2039.27,2077.24,2029.54,-1.91,-39.67,5328668,6509316305.0,2.29,1.97
2023-11-13,2043.12,2059.1,2066.61,2041.59,0.97,19.83,4023486,4493966762.0,1.23,1.48
2023-11-14,2062.5,2114.1,2114.88,2062.5,2.67,55.0,5460927,5704591673.0,2.54,2.01
2023-11-15,2126.19,2154.54,2158.9,2121.17,1.91,40.44,6002678,6401628179.0,1.78,2.21
2023-11-16,2152.46,2131.66,2156.79,2129.08,-1.06,-22.88,4357536,4903390037.0,1.29,1.61
2023-11-17,2125.16,2176.07,2176.19,2125.16,2.08,44.41,5110766,5724061005.0,2.39,1.89
2023-11-20,2174.89,2173.04,2185.89,2161.55,-0.14,-3.03,5537270,7048942935.0,1.12,2.04
2023-11-21,2167.17,2150.47,2182.0,2145.07,-1.04,-22.57,4448557,5106912845.0,1.7,1.64
2023-11-22,2140.75,2105.29,2147.29,2103.96,-2.1,-45.18,4060199,4397306608.0,2.01,1.5
2023-11-23,2104.13,2164.44,2175.18,2104.13,2.81,59.15,6359209,6888789922.0,3.37,2.35
2023-11-24,2153.99,2126.33,2154.73,2122.12,-1.76,-38.11,4099909,4376019926.0,1.51,1.51
2023-11-27,2152.25,2163.7,2167.19,2125.38,1.76,37.37,6264325,6805372305.0,1.97,2.31
2023-11-28,2145.21,2213.57,2213.57,2119.06,2.3,49.87,8099769,9188164623.0,4.37,2.99
2023-11-29,2213.97,2186.08,2217.64,2180.6,-1.24,-27.49,8199592,8952625253.0,1.67,3.02
2023-11-30,2166.22,2149.39,2187.08,2132.98,-1.68,-36.69,5733089,5857643295.0,2.47,2.11
2023-12-01,2150.53,2142.25,2151.41,2119.27,-0.33,-7.14,4925786,4811027377.0,1.5,1.82
2023-12-04,2184.59,2154.89,2192.81,2154.28,0.59,12.64,7054136,8137841819.0,1.8,2.6
2023-12-05,2168.03,2121.54,2176.16,2121.54,-1.55,-33.35,6705616,6244073938.0,2.53,2.47
2023-12-06,2115.09,2126.55,2150.55,2114.31,0.24,5.01,5148972,4724426601.0,1.71,1.9
2023-12-07,2117.1,2096.44,2117.1,2089.28,-1.42,-30.11,4894665,4527873753.0,1.31,1.81
2023-12-08,2091.86,2065.85,2092.6,2065.82,-1.46,-30.59,5226112,4810000406.0,1.28,1.93
2023-12-11,2054.87,2092.03,2094.46,2041.19,1.27,26.18,4759042,5033967477.0,2.58,1.76
2023-12-12,2091.15,2122.07,2131.67,2083.42,1.44,30.04,4197862,4459550111.0,2.31,1.55
2023-12-13,2112.57,2095.65,2120.7,2095.65,-1.25,-26.42,3602523,3509812734.0,1.18,1.33
2023-12-14,2099.57,2077.79,2104.67,2073.14,-0.85,-17.86,3339879,3130067052.0,1.5,1.23
2023-12-15,2080.09,2065.41,2086.56,2060.56,-0.6,-12.38,2815215,2687037448.0,1.25,1.04
2023-12-18,2055.36,2052.29,2084.75,2048.19,-0.64,-13.12,3147028,2826491050.0,1.77,1.16
2023-12-19,2046.69,2030.11,2048.84,2011.43,-1.08,-22.18,2763123,2377732593.0,1.82,1.02
2023-12-20,2031.03,1979.59,2032.76,1978.62,-2.49,-50.52,2494696,2242217682.0,2.67,0.92
2023-12-21,1971.45,1980.15,1985.98,1946.85,0.03,0.56,2849273,2685692993.0,1.98,1.05
2023-12-22,1988.92,1965.21,1988.92,1959.15,-0.75,-14.94,2407784,2112449386.0,1.5,0.89
2023-12-25,1968.14,1981.55,1985.69,1962.35,0.83,16.34,1917547,1650915931.0,1.19,0.71
2023-12-26,1984.04,1939.9,1984.04,1939.57,-2.1,-41.65,2133951,1800714317.0,2.24,0.79
2023-12-27,1945.09,1943.89,1962.11,1928.59,0.21,3.99,2313112,2187097491.0,1.73,0.85
2023-12-28,1936.54,1961.63,1967.04,1929.5,0.91,17.74,3013654,2729127305.0,1.93,1.11
2023-12-29,1960.34,1982.49,1989.38,1958.95,1.06,20.86,3045284,2630053901.0,1.55,1.12
2024-01-02,1984.13,1974.69,1989.23,1974.51,-0.39,-7.8,2643426,2319677015.0,0.74,0.98
2024-01-03,1971.99,1982.45,1987.76,1963.68,0.39,7.76,2882783,2813107036.0,1.22,1.06
2024-01-04,1981.5,1973.85,1990.84,1967.79,-0.43,-8.6,2376422,2103039380.0,1.16,0.88
2024-01-05,1976.34,1952.96,1998.83,1945.74,-1.06,-20.89,3224152,2680059501.0,2.69,1.19
2024-01-08,1956.74,1931.11,1956.74,1931.11,-1.12,-21.85,3042995,2726294871.0,1.31,1.12
2024-01-09,1933.24,1944.25,1954.87,1928.13,0.68,13.14,2527251,2473058194.0,1.38,0.93
2024-01-10,1939.42,1933.93,1946.8,1910.01,-0.53,-10.32,2354798,2344035568.0,1.89,0.87
2024-01-11,1931.31,1970.5,1973.98,1925.0,1.89,36.57,2734602,2496373269.0,2.53,1.01
2024-01-12,1966.81,1954.55,1980.99,1954.5,-0.81,-15.95,1899752,1766725295.0,1.34,0.7
2024-01-15,1966.56,1963.12,1967.24,1944.46,0.44,8.57,3061131,2018614647.0,1.17,1.13
2024-01-16,1962.53,1965.56,1974.87,1943.72,0.12,2.44,3277590,2743113846.0,1.59,1.21
2024-01-17,1960.42,1917.55,1960.42,1917.55,-2.44,-48.01,2352050,2069112456.0,2.18,0.87
2024-01-18,1899.49,1911.27,1911.75,1858.23,-0.33,-6.28,3024139,2507971561.0,2.79,1.12
2024-01-19,1906.34,1886.89,1915.71,1885.75,-1.28,-24.38,1881671,1636847413.0,1.57,0.69
2024-01-22,1909.13,1856.64,1926.89,1847.58,-1.6,-30.25,3247607,2726697943.0,4.2,1.2
2024-01-23,1851.54,1866.87,1873.5,1826.24,0.55,10.23,4043588,3063118117.0,2.55,1.49
2024-01-24,1894.99,1908.56,1909.12,1845.68,2.23,41.69,5098314,3606659884.0,3.4,1.88
2024-01-25,1897.24,1964.41,1965.09,1884.73,2.93,55.85,4926995,3933989051.0,4.21,1.82
2024-01-26,1956.6,1970.98,1988.21,1956.6,0.33,6.57,4027075,3060499140.0,1.61,1.49
2024-01-29,1954.48,1913.75,1966.27,1913.75,-2.9,-57.23,3327181,2564184065.0,2.66,1.23
2024-01-30,1887.92,1855.91,1902.76,1852.83,-3.02,-57.84,2440443,1911059906.0,2.61,0.9
2024-01-31,1835.84,1778.61,1849.12,1777.47,-4.17,-77.3,2883169,2185777907.0,3.86,1.06
2024-02-01,1757.7,1753.56,1792.69,1740.04,-1.41,-25.05,3522720,2492101371.0,2.96,1.3
2024-02-02,1749.99,1706.37,1777.35,1653.78,-2.69,-47.19,3622582,2466595419.0,7.05,1.34
2024-02-05,1691.3,1622.65,1691.3,1586.99,-4.91,-83.72,4539406,3069391416.0,6.11,1.67
2024-02-06,1587.92,1682.29,1716.21,1569.5,3.68,59.64,4352519,2986272945.0,9.04,1.61
2024-02-07,1682.56,1716.1,1754.66,1676.91,2.01,33.81,5521645,4143771807.0,4.62,2.04
2024-02-08,1727.85,1779.11,1782.28,1727.85,3.67,63.01,5131476,4219653891.0,3.17,1.89
2024-02-19,1805.76,1804.85,1822.88,1784.81,1.45,25.74,4254765,3640365676.0,2.14,1.57
2024-02-20,1809.51,1815.58,1817.53,1781.65,0.59,10.73,3175202,2565018780.0,1.99,1.17
2024-02-21,1813.38,1874.09,1907.21,1813.38,3.22,58.51,5119997,4201005222.0,5.17,1.89
2024-02-22,1863.42,1909.09,1909.09,1863.42,1.87,35.0,4012291,3195365157.0,2.44,1.48
2024-02-23,1907.99,1957.41,1960.03,1907.21,2.53,48.32,4684085,3964008652.0,2.77,1.73
2024-02-26,1968.36,2008.1,2030.1,1968.36,2.59,50.69,6093546,5392092553.0,3.15,2.25
2024-02-27,2002.15,2097.14,2097.14,2002.15,4.43,89.04,5942710,5639322891.0,4.73,2.19
2024-02-28,2084.43,1967.38,2091.79,1967.38,-6.19,-129.76,6878397,6133384008.0,5.93,2.54
2024-02-29,1935.13,2084.03,2084.03,1935.13,5.93,116.65,6520016,5276819295.0,7.57,2.41
2024-03-01,2111.41,2089.14,2115.16,2071.75,0.25,5.11,5746010,5305867705.0,2.08,2.12
2024-03-04,2074.33,2048.8,2076.19,2028.72,-1.93,-40.34,4192220,3693530006.0,2.27,1.55
2024-03-05,2038.14,2143.17,2154.98,2027.81,4.61,94.37,8024865,7859209478.0,6.21,2.96
2024-03-06,2122.6,2098.99,2134.31,2086.7,-2.06,-44.18,7214352,6684731994.0,2.22,2.66
2024-03-07,2090.93,2064.7,2113.34,2064.7,-1.63,-34.29,5456205,4899517464.0,2.32,2.01
2024-03-08,2068.32,2071.91,2077.77,2053.12,0.35,7.21,4369189,3721251762.0,1.19,1.61
2024-03-11,2066.86,2109.31,2109.31,2059.18,1.81,37.4,5361092,5237187148.0,2.42,1.98
2024-03-12,2116.98,2107.7,2132.75,2097.09,-0.08,-1.61,5632873,5299399154.0,1.69,2.08
2024-03-13,2104.54,2123.2,2167.01,2104.54,0.74,15.5,6599331,5886301592.0,2.96,2.43
2024-03-14,2129.1,2121.23,2156.09,2103.05,-0.09,-1.97,5594808,4561071403.0,2.5,2.06
2024-03-15,2107.2,2176.27,2176.9,2105.66,2.59,55.04,5994879,5389382696.0,3.36,2.21
2024-03-18,2197.81,2256.14,2257.35,2197.81,3.67,79.87,7333912,7745004552.0,2.74,2.71
2024-03-19,2262.23,2230.4,2267.56,2230.4,-1.14,-25.74,7730936,7933475181.0,1.65,2.85
2024-03-20,2232.02,2288.94,2289.01,2232.02,2.62,58.54,6912612,6665406981.0,2.56,2.55
2024-03-21,2288.54,2303.88,2319.37,2279.41,0.65,14.94,7173380,6896217583.0,1.75,2.65
2024-03-22,2285.81,2267.19,2285.81,2253.89,-1.59,-36.69,5854480,5360280324.0,1.39,2.16
2024-03-25,2251.05,2231.57,2279.63,2230.35,-1.57,-35.62,4893047,4718070937.0,2.17,1.8
2024-03-26,2231.1,2242.6,2267.51,2227.0,0.49,11.03,5373820,4646073185.0,1.82,1.98
2024-03-27,2240.02,2140.26,2240.02,2139.92,-4.56,-102.34,5204053,4737145538.0,4.46,1.92
2024-03-28,2135.16,2187.13,2209.15,2135.16,2.19,46.87,4681727,4065634495.0,3.46,1.73
2024-03-29,2184.94,2212.6,2213.05,2179.77,1.16,25.47,2870199,2888445136.0,1.52,1.06
2024-04-01,2204.85,2266.85,2274.99,2204.85,2.45,54.25,5163054,5066863819.0,3.17,1.9
2024-04-02,2273.32,2246.79,2290.08,2238.77,-0.88,-20.06,4132758,4337736288.0,2.26,1.52
2024-04-03,2240.28,2221.23,2240.28,2200.25,-1.14,-25.56,3850482,3608711841.0,1.78,1.42
2024-04-08,2230.0,2221.08,2255.9,2221.08,-0.01,-0.15,3831644,3865256175.0,1.57,1.41
2024-04-09,2228.31,2210.15,2230.22,2197.73,-0.49,-10.93,3278223,3061143309.0,1.46,1.21
2024-04-10,2211.15,2192.54,2216.58,2161.72,-0.8,-17.61,3529721,2870654043.0,2.48,1.3
2024-04-11,2181.13,2250.49,2282.32,2179.05,2.64,57.95,4917889,4579277045.0,4.71,1.81
2024-04-12,2248.13,2240.36,2274.33,2239.08,-0.45,-10.13,4047863,3915638356.0,1.57,1.49
2024-04-15,2213.68,2228.25,2240.2,2170.69,-0.54,-12.11,4455126,4309838950.0,3.1,1.64
2024-04-16,2195.9,2131.82,2200.14,2130.32,-4.33,-96.43,4898984,4783403219.0,3.13,1.81
2024-04-17,2135.62,2229.25,2231.96,2135.62,4.57,97.43,5233889,4757181283.0,4.52,1.93
2024-04-18,2220.01,2257.94,2279.7,2209.3,1.29,28.69,5090062,4837405258.0,3.16,1.88
2024-04-19,2252.81,2272.6,2284.61,2249.69,0.65,14.66,4413915,4362278306.0,1.55,1.63
2024-04-22,2273.17,2266.88,2303.22,2257.13,-0.25,-5.72,4346084,4101281795.0,2.03,1.6
2024-04-23,2262.17,2235.06,2273.43,2229.72,-1.4,-31.82,3737801,3518549826.0,1.93,1.38
2024-04-24,2238.27,2239.64,2254.71,2212.87,0.2,4.58,3855807,4096235214.0,1.87,1.42
2024-04-25,2232.16,2215.42,2248.72,2214.85,-1.08,-24.22,4635329,4576720365.0,1.51,1.71
2024-04-26,2206.97,2299.8,2300.77,2206.97,3.81,84.38,6194077,6175940982.0,4.23,2.28
2024-04-29,2294.14,2264.88,2298.97,2233.82,-1.52,-34.92,6852325,6667518855.0,2.83,2.53
2024-04-30,2269.12,2209.84,2269.12,2207.39,-2.43,-55.04,5310069,5543328796.0,2.73,1.96
2024-05-06,2229.79,2282.82,2287.16,2229.79,3.3,72.98,5437857,5431345836.0,2.6,2.01
2024-05-07,2280.8,2266.24,2297.48,2257.81,-0.73,-16.58,4997031,5318237421.0,1.74,1.84
2024-05-08,2258.27,2219.27,2258.27,2214.2,-2.07,-46.97,3784165,3613163655.0,1.94,1.4
2024-05-09,2215.77,2247.96,2256.65,2215.77,1.29,28.69,3232306,3300095147.0,1.84,1.19
2024-05-10,2250.87,2225.77,2250.87,2215.72,-0.99,-22.19,2901305,2988560003.0,1.56,1.07
2024-05-13,2211.62,2245.26,2264.93,2196.34,0.88,19.49,3678511,3963489481.0,3.08,1.36
2024-05-14,2248.05,2323.85,2335.48,2248.05,3.5,78.59,5746984,5956747955.0,3.89,2.12
2024-05-15,2331.13,2288.28,2331.13,2282.51,-1.53,-35.57,6197321,6871015442.0,2.09,2.29
2024-05-16,2282.63,2253.32,2286.26,2245.92,-1.53,-34.96,4583840,5195783429.0,1.76,1.69
2024-05-17,2245.15,2239.58,2255.39,2216.15,-0.61,-13.74,3928526,4377935221.0,1.74,1.45
2024-05-20,2230.4,2242.58,2248.66,2224.21,0.13,3.0,4125204,4575177328.0,1.09,1.52
2024-05-21,2234.17,2289.23,2311.17,2220.69,2.08,46.65,6288185,7122560194.0,4.03,2.32
2024-05-22,2261.55,2256.92,2291.56,2251.38,-1.41,-32.31,6593400,8253312319.0,1.76,2.43
2024-05-23,2246.3,2199.4,2246.3,2194.48,-2.55,-57.52,4641358,5332310748.0,2.3,1.71
2024-05-24,2192.43,2194.43,2213.47,2180.25,-0.23,-4.97,3702161,4469220854.0,1.51,1.37
2024-05-27,2194.67,2219.75,2226.21,2193.48,1.15,25.32,3544535,4179101679.0,1.49,1.31
2024-05-28,2215.76,2183.61,2216.0,2177.36,-1.63,-36.14,3664556,4098429982.0,1.74,1.35
2024-05-29,2170.66,2168.3,2182.69,2163.19,-0.7,-15.31,2789858,3076165066.0,0.89,1.03
2024-05-30,2169.26,2178.62,2202.68,2169.26,0.48,10.32,3377694,3857648766.0,1.54,1.25
2024-05-31,2165.94,2167.21,2195.62,2165.78,-0.52,-11.41,3271564,3579186514.0,1.37,1.21
2024-06-03,2164.48,2123.47,2164.48,2108.36,-2.02,-43.74,3374134,3322568393.0,2.59,1.24
2024-06-04,2119.04,2152.48,2153.33,2115.14,1.37,29.01,3165548,3474374736.0,1.8,1.17
2024-06-05,2155.72,2118.85,2157.98,2118.66,-1.56,-33.63,2700138,2887117871.0,1.83,1.0
2024-06-06,2105.95,2059.84,2119.2,2058.85,-2.79,-59.01,3583635,3462541833.0,2.85,1.32
2024-06-07,2073.22,2101.55,2104.61,2061.18,2.02,41.71,3021490,2779609599.0,2.11,1.11
2024-06-11,2089.92,2092.76,2098.11,2076.15,-0.42,-8.79,2352727,2432395031.0,1.04,0.87
2024-06-12,2088.52,2105.56,2110.51,2083.09,0.61,12.8,2284025,2401049918.0,1.31,0.84
2024-06-13,2095.26,2076.78,2102.66,2073.7,-1.37,-28.78,2169903,2315308542.0,1.38,0.8
2024-06-14,2073.39,2096.0,2098.12,2066.13,0.93,19.22,2174402,2493814493.0,1.54,0.8
2024-06-17,2087.0,2112.7,2131.73,2087.0,0.8,16.7,3412705,4004381683.0,2.13,1.26
2024-06-18,2110.17,2145.62,2145.62,2105.17,1.56,32.92,3285646,3798118774.0,1.91,1.21
2024-06-19,2143.66,2120.83,2146.27,2120.83,-1.16,-24.79,2732068,3216291979.0,1.19,1.01
2024-06-20,2119.81,2128.01,2135.07,2076.49,0.34,7.18,4046262,4375488623.0,2.76,1.49
2024-06-21,2115.34,2118.59,2154.08,2115.34,-0.44,-9.42,3703157,4140478489.0,1.82,1.37
2024-06-24,2109.94,2052.27,2111.97,2051.27,-3.13,-66.32,3057462,3157903995.0,2.87,1.13
2024-06-25,2047.47,2034.44,2075.56,2021.41,-0.87,-17.83,3079584,3299468007.0,2.64,1.14
2024-06-26,2019.66,2056.89,2060.01,2010.59,1.1,22.45,2622295,2791088572.0,2.43,0.97
2024-06-27,2044.35,1999.9,2044.35,1999.9,-2.77,-56.99,2452495,2514751706.0,2.16,0.9
2024-06-28,1990.41,2026.01,2059.08,1990.41,1.31,26.11,3323339,3578276298.0,3.43,1.23
2024-07-01,2026.23,2077.24,2080.27,2023.91,2.53,51.23,3155536,3560189517.0,2.78,1.16
2024-07-02,2081.72,2053.63,2085.15,2049.02,-1.14,-23.61,2848018,3512817132.0,1.74,1.05
2024-07-03,2058.68,2047.21,2069.63,2045.71,-0.31,-6.42,2643344,3459579236.0,1.16,0.98
2024-07-04,2056.56,2027.36,2071.67,2018.72,-0.97,-19.85,3056025,3421164756.0,2.59,1.13
2024-07-05,2025.89,2042.94,2052.32,2004.89,0.77,15.58,3203015,3831320852.0,2.34,1.18
2024-07-08,2032.78,1998.26,2042.46,1995.53,-2.19,-44.68,3099083,3958427723.0,2.3,1.14
2024-07-09,1995.02,2038.57,2039.02,1972.6,2.02,40.31,3631050,4366689732.0,3.32,1.34
2024-07-10,2061.78,2095.95,2114.38,2061.78,2.81,57.38,5794160,7783303534.0,2.58,2.14
2024-07-11,2113.44,2124.45,2139.58,2107.48,1.36,28.5,5560900,7054168217.0,1.53,2.05
2024-07-12,2133.87,2175.63,2186.3,2133.87,2.41,51.18,5399536,6856442811.0,2.47,1.99
2024-07-15,2188.96,2161.11,2236.59,2152.23,-0.67,-14.52,6342901,8210508291.0,3.88,2.34
2024-07-16,2152.96,2237.48,2244.08,2152.96,3.53,76.37,6958400,8202253463.0,4.22,2.57
2024-07-17,2251.28,2233.02,2251.28,2220.04,-0.2,-4.46,7336343,8926858114.0,1.4,2.71
2024-07-18,2198.04,2220.82,2234.9,2172.06,-0.55,-12.2,6446725,6922972547.0,2.81,2.38
2024-07-19,2217.06,2199.33,2271.28,2195.51,-0.97,-21.49,7598262,8707830488.0,3.41,2.8
2024-07-22,2189.41,2251.84,2266.95,2189.41,2.39,52.51,7612897,8264280496.0,3.53,2.81
2024-07-23,2262.64,2293.05,2326.5,2256.4,1.83,41.21,9324962,9389142603.0,3.11,3.44
2024-07-24,2271.2,2193.02,2277.35,2187.45,-4.36,-100.03,9408828,9414917296.0,3.92,3.47
2024-07-25,2178.44,2240.45,2251.42,2169.15,2.16,47.43,7046846,6805652705.0,3.75,2.6
2024-07-26,2320.62,2355.44,2362.73,2297.57,5.13,114.99,11217781,11762013424.0,2.91,4.14
2024-07-29,2370.5,2413.57,2447.83,2370.5,2.47,58.13,10224527,10505574300.0,3.28,3.77
2024-07-30,2405.38,2438.45,2458.73,2362.59,1.03,24.88,11873724,12887558581.0,3.98,4.38
2024-07-31,2439.61,2484.32,2525.39,2439.61,1.88,45.87,13350728,13942831080.0,3.52,4.92
2024-08-01,2475.82,2538.92,2560.82,2456.79,2.2,54.6,13264720,13467092995.0,4.19,4.89
2024-08-02,2506.64,2468.06,2525.19,2462.2,-2.79,-70.86,11123823,12157241288.0,2.48,4.1
2024-08-05,2423.73,2336.59,2431.66,2331.89,-5.33,-131.47,11035857,11933872352.0,4.04,4.07
2024-08-06,2341.44,2311.45,2348.65,2292.29,-1.08,-25.14,5926236,6138453597.0,2.41,2.19
2024-08-07,2287.04,2334.63,2358.67,2282.77,1.0,23.18,7502352,9755297539.0,3.28,2.77
2024-08-08,2313.85,2284.54,2317.8,2277.89,-2.15,-50.09,6957422,8819674168.0,1.71,2.57
2024-08-09,2297.79,2305.07,2342.92,2297.79,0.9,20.53,5722311,7240390814.0,1.98,2.11
2024-08-12,2291.9,2281.95,2301.39,2265.5,-1.0,-23.12,5551487,6756846460.0,1.56,2.05
2024-08-13,2270.63,2325.12,2325.12,2257.8,1.89,43.17,5528545,6744485094.0,2.95,2.04
2024-08-14,2322.2,2325.91,2351.87,2317.12,0.03,0.79,4804909,6005549340.0,1.49,1.77
2024-08-15,2323.49,2386.25,2386.25,2301.95,2.59,60.34,7157436,10002660225.0,3.62,2.64
2024-08-16,2360.82,2334.8,2377.4,2334.8,-2.16,-51.45,5757608,8124200127.0,1.79,2.12
2024-08-19,2317.71,2320.79,2358.06,2317.71,-0.6,-14.01,4812672,6833675574.0,1.73,1.78
2024-08-20,2315.06,2253.9,2315.06,2246.32,-2.88,-66.89,4886749,6379032416.0,2.96,1.8
2024-08-21,2238.06,2244.56,2254.36,2225.76,-0.41,-9.34,4155449,5486586014.0,1.27,1.53
2024-08-22,2240.31,2205.85,2246.77,2200.59,-1.72,-38.71,4209243,5380150413.0,2.06,1.55
2024-08-23,2199.84,2225.72,2240.49,2199.84,0.9,19.87,4195330,5298346078.0,1.84,1.55
2024-08-26,2226.1,2230.27,2230.84,2198.64,0.2,4.55,4372898,5639070294.0,1.45,1.61
2024-08-27,2222.09,2197.98,2225.0,2193.99,-1.45,-32.29,4176710,5259597400.0,1.39,1.54
2024-08-28,2196.96,2158.04,2213.32,2154.09,-1.82,-39.94,4333583,5579088896.0,2.69,1.6
2024-08-29,2146.39,2181.03,2191.58,2138.27,1.07,22.99,3473134,3974824520.0,2.47,1.28
2024-08-30,2183.53,2238.1,2265.18,2182.3,2.62,57.07,5924433,7190178141.0,3.8,2.19
2024-09-02,2236.11,2199.32,2250.39,2199.32,-1.73,-38.78,4707472,5514536039.0,2.28,1.74
2024-09-03,2198.4,2218.38,2226.99,2191.31,0.87,19.06,4101297,5352783412.0,1.62,1.51
2024-09-04,2206.15,2195.76,2215.59,2190.52,-1.02,-22.62,3170701,3860238883.0,1.13,1.17
2024-09-05,2192.75,2233.7,2236.06,2192.75,1.73,37.94,4724643,5949487299.0,1.97,1.74
2024-09-06,2247.76,2278.06,2322.63,2247.76,1.99,44.36,7075251,9738952910.0,3.35,2.61
2024-09-09,2250.36,2217.74,2250.36,2210.49,-2.65,-60.32,4131279,5500791280.0,1.75,1.52
2024-09-10,2199.82,2202.39,2206.38,2172.28,-0.69,-15.35,2963965,3782717611.0,1.54,1.09
2024-09-11,2184.31,2199.44,2218.75,2180.62,-0.13,-2.95,3866814,4823535029.0,1.73,1.43
2024-09-12,2195.17,2195.37,2228.62,2194.45,-0.19,-4.07,3641476,4709704034.0,1.55,1.34
2024-09-13,2192.82,2181.26,2205.61,2177.11,-0.64,-14.11,3251842,4007475314.0,1.3,1.2
2024-09-18,2174.05,2191.27,2198.26,2158.22,0.46,10.01,3248653,4076847144.0,1.84,1.2
2024-09-19,2196.54,2230.6,2242.57,2189.4,1.79,39.33,3628116,4200611041.0,2.43,1.34
2024-09-20,2230.3,2220.51,2249.55,2211.73,-0.45,-10.09,3200684,4300551280.0,1.7,1.18
2024-09-23,2212.34,2224.8,2234.5,2210.89,0.19,4.29,3427825,4134486772.0,1.06,1.26
2024-09-24,2228.01,2269.23,2270.58,2200.0,2.0,44.43,5156739,6038733231.0,3.17,1.9
2024-09-25,2283.11,2290.98,2340.28,2283.11,0.96,21.75,5955595,6880509058.0,2.52,2.2
2024-09-26,2283.81,2363.12,2363.12,2283.81,3.15,72.14,5810992,6913779239.0,3.46,2.14
2024-09-27,2388.62,2444.16,2461.21,2388.62,3.43,81.04,5887445,7017002185.0,3.07,2.17
2024-09-30,2525.49,2627.73,2643.22,2498.38,7.51,183.57,10290369,11415692849.0,5.93,3.8
2024-10-08,2864.29,2721.03,2864.29,2595.65,3.55,93.3,14281527,18046452238.0,10.22,5.27
2024-10-09,2644.76,2537.01,2656.68,2518.67,-6.76,-184.02,10012397,14151927230.0,5.07,3.69
2024-10-10,2548.06,2559.42,2621.3,2499.68,0.88,22.41,7448023,10952626652.0,4.79,2.75
2024-10-11,2548.18,2484.72,2548.18,2457.77,-2.92,-74.7,5867903,8298137500.0,3.53,2.16
2024-10-14,2483.08,2533.9,2538.59,2465.52,1.98,49.18,5418279,8071882290.0,2.94,2.0
2024-10-15,2526.84,2469.94,2531.99,2469.94,-2.52,-63.96,4944382,7227019562.0,2.45,1.82
2024-10-16,2442.18,2475.61,2490.84,2442.18,0.23,5.67,4532341,7021516511.0,1.97,1.67
2024-10-17,2485.75,2483.06,2509.7,2467.34,0.3,7.45,5426013,8849074258.0,1.71,2.0
2024-10-18,2484.89,2558.8,2589.6,2469.44,3.05,75.74,7700262,11895335592.0,4.84,2.84
2024-10-21,2558.39,2532.3,2559.78,2515.47,-1.04,-26.5,7221380,12191216582.0,1.73,2.66
2024-10-22,2545.49,2598.33,2607.19,2542.55,2.61,66.03,7484172,11680624912.0,2.55,2.76
2024-10-23,2595.66,2611.14,2644.95,2573.59,0.49,12.81,7938903,12743150449.0,2.75,2.93
2024-10-24,2603.6,2570.66,2603.6,2555.62,-1.55,-40.48,4892206,7447517300.0,1.84,1.8
2024-10-25,2573.0,2590.6,2601.23,2567.65,0.78,19.94,5338347,7933708856.0,1.31,1.97
2024-10-28,2588.37,2648.29,2649.78,2575.58,2.23,57.69,6763658,8999231363.0,2.86,2.49
2024-10-29,2659.24,2603.96,2659.24,2602.13,-1.67,-44.33,6383271,9418358149.0,2.16,2.35
2024-10-30,2587.08,2653.86,2657.72,2584.87,1.92,49.9,7360769,11352959968.0,2.8,2.72
2024-10-31,2660.24,2708.44,2717.23,2660.24,2.06,54.58,8472358,13403577408.0,2.15,3.13
2024-11-01,2712.49,2621.49,2712.49,2604.55,-3.21,-86.95,8957648,14566237649.0,3.99,3.3
2024-11-04,2622.48,2700.83,2714.96,2622.48,3.03,79.34,6980118,12418597783.0,3.53,2.57
2024-11-05,2709.65,2747.18,2762.0,2695.76,1.72,46.35,7682606,12495876845.0,2.45,2.83
2024-11-06,2749.05,2780.99,2840.82,2736.9,1.23,33.81,10673224,14508126316.0,3.78,3.94
2024-11-07,2756.03,2836.94,2836.94,2756.03,2.01,55.95,8570007,10770161908.0,2.91,3.16
2024-11-08,2847.82,2801.21,2866.43,2793.81,-1.26,-35.73,8194877,11528644638.0,2.56,3.02
2024-11-11,2836.67,2887.58,2887.58,2826.51,3.08,86.37,7990727,12481129073.0,2.18,2.95
2024-11-12,2939.98,2927.99,2963.31,2903.08,1.4,40.41,8193066,12589623803.0,2.09,3.02
2024-11-13,2916.6,2873.27,2916.6,2829.87,-1.87,-54.72,10027908,15614299395.0,2.96,3.7
2024-11-14,2854.56,2768.36,2857.34,2766.29,-3.65,-104.91,7884519,11988180021.0,3.17,2.91
2024-11-15,2759.72,2745.37,2817.26,2741.79,-0.83,-22.99,7592772,11956401376.0,2.73,2.8
2024-11-18,2757.38,2697.34,2776.44,2684.16,-1.75,-48.03,7337769,12337129609.0,3.36,2.71
2024-11-19,2699.02,2718.46,2719.92,2652.79,0.78,21.12,6289262,11197835385.0,2.49,2.32
2024-11-20,2708.43,2759.72,2767.14,2706.27,1.52,41.26,5884225,8006365029.0,2.24,2.17
2024-11-21,2752.5,2815.65,2831.4,2752.5,2.03,55.93,6576288,9923783855.0,2.86,2.43
2024-11-22,2803.5,2684.34,2806.96,2682.23,-4.66,-131.31,6859576,9950925390.0,4.43,2.53
2024-11-25,2704.39,2713.59,2730.06,2665.64,1.09,29.25,6244334,9097099489.0,2.4,2.3
2024-11-26,2699.16,2665.06,2722.75,2665.04,-1.79,-48.53,4765490,6880304596.0,2.13,1.76
2024-11-27,2649.12,2668.51,2669.27,2598.45,0.13,3.45,5489171,9684976534.0,2.66,2.02
2024-11-28,2663.38,2636.0,2676.45,2633.1,-1.22,-32.51,5249644,8828763368.0,1.62,1.94
2024-11-29,2658.24,2692.87,2710.22,2658.24,2.16,56.87,5800893,9918150990.0,1.97,2.14
2024-12-02,2720.43,2781.29,2783.87,2703.09,3.28,88.42,8203243,10752631703.0,3.0,3.03
2024-12-03,2785.62,2770.06,2785.62,2746.64,-0.4,-11.23,6206798,7999643669.0,1.4,2.29
2024-12-04,2769.54,2739.18,2785.88,2730.46,-1.11,-30.88,5284836,6619359418.0,2.0,1.95
2024-12-05,2731.36,2749.07,2754.14,2727.86,0.36,9.89,3952589,5201369046.0,0.96,1.46
2024-12-06,2748.24,2770.12,2773.16,2735.36,0.77,21.05,5146248,5853957161.0,1.38,1.9
2024-12-09,2771.58,2814.11,2844.19,2771.58,1.59,43.99,7106081,8705171230.0,2.62,2.62
2024-12-10,2870.8,2810.18,2870.8,2808.53,-0.14,-3.93,8183535,12545366520.0,2.21,3.02
2024-12-11,2798.73,2854.0,2854.62,2798.73,1.56,43.82,6954294,11054628778.0,1.99,2.57
2024-12-12,2860.34,2873.31,2876.56,2821.35,0.68,19.31,6426056,9195550272.0,1.93,2.37
2024-12-13,2848.99,2846.99,2873.03,2833.7,-0.92,-26.32,7715263,11406127385.0,1.37,2.85
2024-12-16,2839.3,2808.68,2870.08,2803.59,-1.35,-38.31,6638482,9490914764.0,2.34,2.45
2024-12-17,2804.59,2815.14,2859.72,2804.59,0.23,6.46,6460812,8307518196.0,1.96,2.38
2024-12-18,2812.13,2833.95,2858.43,2812.13,0.67,18.81,6185658,7827901701.0,1.64,2.28
2024-12-19,2797.62,2793.31,2810.86,2778.24,-1.43,-40.64,5224560,6792665742.0,1.15,1.93
2024-12-20,2783.66,2773.28,2797.06,2760.43,-0.72,-20.03,4765517,6214133510.0,1.31,1.76
2024-12-23,2768.02,2701.46,2777.63,2699.78,-2.59,-71.82,5041837,6980186083.0,2.81,1.86
2024-12-24,2701.46,2744.81,2744.81,2701.46,1.6,43.35,4031927,6484120292.0,1.6,1.49
2024-12-25,2744.02,2705.23,2744.02,2690.06,-1.44,-39.58,3177679,4417843511.0,1.97,1.17
2024-12-26,2712.62,2781.04,2784.08,2712.62,2.8,75.81,4772044,6636800470.0,2.64,1.76
2024-12-27,2780.27,2773.37,2782.63,2761.75,-0.28,-7.67,4424714,6422569229.0,0.75,1.63
2024-12-30,2761.91,2745.82,2764.57,2732.44,-0.99,-27.55,4002222,5337321235.0,1.16,1.48
2024-12-31,2750.19,2679.7,2750.89,2673.01,-2.41,-66.12,4601646,6488221330.0,2.84,1.7
2025-01-02,2671.95,2622.62,2703.83,2606.31,-2.13,-57.08,4668037,6141540346.0,3.64,1.72
2025-01-03,2622.19,2560.02,2639.63,2559.78,-2.39,-62.6,4489803,5623317591.0,3.04,1.66
2025-01-06,2564.75,2586.75,2609.32,2543.92,1.04,26.73,4375067,6015378970.0,2.55,1.61
2025-01-07,2588.99,2615.52,2615.52,2576.61,1.11,28.77,3708606,5103269169.0,1.5,1.37
2025-01-08,2598.8,2635.1,2639.88,2560.71,0.75,19.58,4612999,6069622332.0,3.03,1.7
2025-01-09,2617.32,2628.71,2646.72,2617.32,-0.24,-6.39,3670332,5170664260.0,1.12,1.35
2025-01-10,2625.58,2582.5,2632.99,2582.5,-1.76,-46.21,3646952,5159197692.0,1.92,1.35
2025-01-13,2557.96,2579.92,2604.41,2557.96,-0.1,-2.58,3571500,5409519016.0,1.8,1.32
2025-01-14,2585.82,2694.75,2695.06,2585.82,4.45,114.83,5325860,8757465508.0,4.23,1.96
2025-01-15,2683.92,2669.93,2693.07,2663.05,-0.92,-24.82,3383534,5883672175.0,1.11,1.25
2025-01-16,2677.16,2690.71,2716.05,2671.39,0.78,20.78,3582978,4894076816.0,1.67,1.32
2025-01-17,2679.37,2703.14,2708.66,2664.02,0.46,12.43,3257666,4576827347.0,1.66,1.2
2025-01-20,2717.7,2744.32,2749.98,2717.7,1.52,41.18,4317673,6922045552.0,1.19,1.59
2025-01-21,2748.36,2751.77,2753.35,2718.97,0.27,7.45,4006438,6817875519.0,1.25,1.48
2025-01-22,2739.89,2743.51,2753.61,2729.51,-0.3,-8.26,3406318,6283375120.0,0.88,1.26
2025-01-23,2762.09,2709.09,2778.68,2709.09,-1.25,-34.42,4190348,7465080317.0,2.54,1.55
2025-01-24,2706.13,2738.71,2743.33,2703.14,1.09,29.62,3217815,5382215183.0,1.48,1.19
2025-01-27,2739.55,2710.95,2751.89,2710.95,-1.01,-27.76,3437288,5275865843.0,1.49,1.27
2025-02-05,2715.54,2705.29,2724.92,2691.06,-0.21,-5.66,3272891,5761245912.0,1.25,1.21
2025-02-06,2698.69,2764.86,2768.35,2684.44,2.2,59.57,4926461,7261482676.0,3.1,1.82
2025-02-07,2765.87,2819.76,2829.81,2752.38,1.99,54.9,6939978,10845909639.0,2.8,2.56
2025-02-10,2848.83,2866.02,2880.35,2847.66,1.64,46.26,5297601,8180631739.0,1.16,1.95
2025-02-11,2883.12,2837.93,2885.09,2831.34,-0.98,-28.09,6578938,8813155973.0,1.88,2.43
2025-02-12,2817.91,2843.5,2843.5,2804.13,0.2,5.57,5500159,8700449611.0,1.39,2.03
2025-02-13,2859.6,2827.74,2875.16,2827.74,-0.55,-15.76,5554806,7106829577.0,1.67,2.05
2025-02-14,2826.11,2836.97,2866.9,2824.53,0.33,9.23,4722970,6201170284.0,1.5,1.74
2025-02-17,2864.62,2820.5,2864.62,2808.23,-0.58,-16.47,5004320,7259233151.0,1.99,1.85
2025-02-18,2813.95,2765.64,2829.28,2759.1,-1.95,-54.86,4229467,6259089750.0,2.49,1.56
2025-02-19,2767.89,2791.32,2791.7,2767.89,0.93,25.68,3662071,5635333442.0,0.86,1.35
2025-02-20,2789.17,2770.42,2789.17,2755.04,-0.75,-20.9,4144295,7042221608.0,1.22,1.53
2025-02-21,2759.74,2729.41,2759.74,2720.5,-1.48,-41.01,5466384,10117720543.0,1.42,2.02
2025-02-24,2713.27,2724.95,2735.05,2703.92,-0.16,-4.46,4930656,7180120666.0,1.14,1.82
2025-02-25,2705.14,2750.91,2781.74,2701.33,0.95,25.96,5124125,7055444997.0,2.95,1.89
2025-02-26,2748.43,2765.21,2777.75,2748.43,0.52,14.3,5106098,6378070315.0,1.07,1.88
2025-02-27,2766.16,2782.88,2790.68,2755.99,0.64,17.67,4800580,6027232798.0,1.25,1.77
2025-02-28,2771.09,2723.65,2771.09,2719.43,-2.13,-59.23,4550299,6051668284.0,1.86,1.68
2025-03-03,2725.94,2737.88,2767.68,2725.94,0.52,14.23,3990264,5224870090.0,1.53,1.47
2025-03-04,2723.18,2745.05,2747.33,2720.87,0.26,7.17,2927871,3768135463.0,0.97,1.08
2025-03-05,2747.76,2761.24,2768.37,2741.26,0.59,16.19,3144570,4851708627.0,0.99,1.16
2025-03-06,2763.95,2757.86,2775.84,2753.46,-0.12,-3.38,3962840,5902237771.0,0.81,1.46
2025-03-07,2756.21,2772.41,2789.2,2756.21,0.53,14.55,4542956,4833115529.0,1.2,1.68
2025-03-10,2779.49,2769.25,2790.34,2755.36,-0.11,-3.16,3432432,4033965645.0,1.26,1.27
2025-03-11,2743.14,2786.01,2786.01,2739.69,0.61,16.76,3155475,3885316089.0,1.67,1.16
2025-03-12,2805.96,2798.29,2830.54,2798.29,0.44,12.28,4044633,4668965167.0,1.16,1.49
2025-03-13,2799.38,2772.88,2799.38,2746.96,-0.91,-25.41,3552055,4221940797.0,1.87,1.31
2025-03-14,2770.25,2823.82,2825.49,2770.25,1.84,50.94,3904008,4706392215.0,1.99,1.44
2025-03-17,2831.51,2831.56,2842.69,2820.18,0.27,7.74,3226339,3617754969.0,0.8,1.19
2025-03-18,2837.39,2837.27,2837.81,2820.38,0.2,5.71,2906183,3682766472.0,0.62,1.07
2025-03-19,2846.95,2857.89,2892.96,2846.95,0.73,20.62,6596528,5472131611.0,1.62,2.43
2025-03-20,2854.22,2857.61,2879.79,2847.01,-0.01,-0.28,5143680,4755494084.0,1.15,1.9
2025-03-21,2847.76,2793.41,2852.9,2781.12,-2.25,-64.2,4564377,5260446553.0,2.51,1.68
2025-03-24,2788.1,2762.81,2791.33,2725.59,-1.1,-30.6,3780052,3896865284.0,2.35,1.39
2025-03-25,2765.33,2780.28,2795.91,2765.33,0.63,17.47,3351201,4513060103.0,1.11,1.24
2025-03-26,2773.71,2817.09,2824.37,2773.71,1.32,36.81,4045723,6331995100.0,1.82,1.49
2025-03-27,2812.85,2806.38,2840.13,2803.94,-0.38,-10.71,4211887,6023738815.0,1.28,1.55
2025-03-28,2806.3,2818.52,2834.99,2806.3,0.43,12.14,4128539,5295285021.0,1.02,1.52
2025-03-31,2871.29,2834.94,2885.71,2817.72,0.58,16.42,6742017,8380982632.0,2.41,2.49
2025-04-01,2807.41,2830.08,2871.84,2807.41,-0.17,-4.86,6176439,7947390288.0,2.27,2.28
2025-04-02,2826.7,2846.64,2857.74,2798.0,0.59,16.56,5010326,5420070688.0,2.11,1.85
2025-04-03,2811.66,2800.52,2833.8,2791.96,-1.62,-46.12,4073379,4592456211.0,1.47,1.5
2025-04-07,2640.67,2567.5,2652.42,2538.16,-8.32,-233.02,5282658,5511539752.0,4.08,1.95
2025-04-08,2508.98,2513.88,2553.27,2462.87,-2.09,-53.62,5820672,7455796463.0,3.52,2.15
2025-04-09,2462.0,2524.88,2537.29,2385.26,0.44,11.0,4886486,5380297588.0,6.05,1.8
2025-04-10,2565.66,2591.16,2626.76,2565.66,2.63,66.28,4659459,5155167272.0,2.42,1.72
2025-04-11,2581.04,2614.72,2627.62,2581.04,0.91,23.56,3008094,3654459006.0,1.8,1.11
2025-04-14,2656.32,2682.46,2703.07,2656.32,2.59,67.74,3707867,5306331891.0,1.79,1.37
2025-04-15,2692.95,2677.02,2692.95,2661.93,-0.2,-5.44,2383431,3184075012.0,1.16,0.88
2025-04-16,2683.11,2656.55,2683.11,2628.19,-0.76,-20.47,2746151,3483420820.0,2.05,1.01
2025-04-17,2654.97,2655.74,2672.11,2637.52,-0.03,-0.81,2958501,3136585369.0,1.3,1.09
2025-04-18,2656.38,2653.09,2662.2,2642.13,-0.1,-2.65,2149494,2446723288.0,0.76,0.79
2025-04-21,2644.77,2684.41,2688.72,2644.77,1.18,31.32,3436564,4069648627.0,1.66,1.27
2025-04-22,2677.95,2723.66,2735.61,2677.95,1.46,39.25,4149586,4227204183.0,2.15,1.53
2025-04-23,2734.9,2762.02,2767.55,2723.8,1.41,38.36,5850310,5162968437.0,1.61,2.16
2025-04-24,2743.73,2737.08,2769.34,2729.3,-0.9,-24.94,4889898,4160044428.0,1.45,1.8
2025-04-25,2741.09,2749.93,2756.39,2720.2,0.47,12.85,4468053,4289926187.0,1.32,1.65
2025-04-28,2732.13,2678.75,2732.13,2676.5,-2.59,-71.18,4939068,5601277920.0,2.02,1.82
2025-04-29,2678.78,2676.15,2683.41,2661.29,-0.1,-2.6,4372474,3883287177.0,0.83,1.61
2025-04-30,2675.77,2666.85,2684.66,2657.0,-0.35,-9.3,5007160,5561310228.0,1.03,1.85
2025-05-06,2680.38,2728.67,2728.67,2680.38,2.32,61.82,4439512,4578743691.0,1.81,1.64
2025-05-07,2757.53,2746.16,2771.0,2727.26,0.64,17.49,4559606,4672564697.0,1.6,1.68
2025-05-08,2746.0,2758.3,2767.42,2740.92,0.44,12.14,4172888,4538546583.0,0.96,1.54
2025-05-09,2762.95,2723.46,2763.61,2711.22,-1.26,-34.84,3572961,3695957673.0,1.9,1.32
2025-05-12,2744.14,2765.02,2765.02,2743.89,1.53,41.56,3610132,3812996346.0,0.78,1.33
2025-05-13,2791.45,2760.38,2791.45,2757.43,-0.17,-4.64,3398393,4119717860.0,1.23,1.25
2025-05-14,2764.47,2751.42,2764.47,2736.39,-0.32,-8.96,2935754,3155459458.0,1.02,1.08
2025-05-15,2756.16,2705.89,2756.16,2703.98,-1.65,-45.53,3419214,3747917357.0,1.9,1.26
2025-05-16,2703.11,2731.53,2744.58,2702.19,0.95,25.64,3133829,3453758647.0,1.57,1.16
2025-05-19,2730.14,2740.24,2743.26,2711.54,0.32,8.71,3200511,3494947507.0,1.16,1.18
2025-05-20,2750.67,2782.06,2784.94,2739.68,1.53,41.82,5151457,5459859628.0,1.65,1.9
2025-05-21,2777.41,2834.52,2845.08,2766.08,1.89,52.46,6951252,10676387633.0,2.84,2.56
2025-05-22,2828.3,2814.86,2849.5,2812.27,-0.69,-19.66,5884207,9067472557.0,1.31,2.17
2025-05-23,2813.22,2808.54,2883.1,2808.36,-0.22,-6.32,6794743,9395629105.0,2.66,2.51
2025-05-26,2797.6,2805.96,2839.61,2792.94,-0.09,-2.58,4808230,6600129044.0,1.66,1.77
2025-05-27,2806.52,2802.97,2842.08,2794.19,-0.11,-2.99,5044741,6382661073.0,1.71,1.86
2025-05-28,2826.11,2819.78,2866.29,2807.92,0.6,16.81,6658608,8745764985.0,2.08,2.46
2025-05-29,2822.11,2941.66,2954.13,2822.11,4.32,121.88,8832907,9814075761.0,4.68,3.26
2025-05-30,2928.16,2857.25,2928.16,2854.48,-2.87,-84.41,7245258,7902033727.0,2.5,2.67
2025-06-03,2845.06,2809.04,2845.06,2803.25,-1.69,-48.21,6634316,8964449762.0,1.46,2.45
2025-06-04,2814.75,2800.91,2814.75,2795.62,-0.29,-8.13,4495096,5536028764.0,0.68,1.66
2025-06-05,2795.63,2763.21,2795.63,2757.63,-1.35,-37.7,5479514,5569739684.0,1.36,2.02
2025-06-06,2761.25,2749.71,2761.25,2736.13,-0.49,-13.5,3640161,4412282018.0,0.91,1.34
2025-06-09,2756.38,2781.99,2787.5,2756.38,1.17,32.28,4657196,7084186916.0,1.13,1.72
2025-06-10,2785.6,2754.2,2791.12,2727.68,-1.0,-27.79,4924465,7782698106.0,2.28,1.82
2025-06-11,2759.1,2789.58,2804.05,2759.1,1.28,35.38,4620209,10070624464.0,1.63,1.7
2025-06-12,2786.19,2796.8,2803.17,2778.37,0.26,7.22,4305671,8565277765.0,0.89,1.59
2025-06-13,2783.95,2752.3,2783.95,2742.52,-1.59,-44.5,4501674,7932192422.0,1.48,1.66
2025-06-16,2739.67,2745.51,2750.5,2737.9,-0.25,-6.79,3116939,5871225430.0,0.46,1.15
2025-06-17,2749.68,2748.51,2750.19,2732.81,0.11,3.0,3329148,5598898520.0,0.63,1.23
2025-06-18,2747.32,2732.16,2747.32,2722.79,-0.59,-16.35,2550888,4624161458.0,0.89,0.94
2025-06-19,2729.15,2696.12,2734.41,2691.29,-1.32,-36.04,2877205,3808305861.0,1.58,1.06
2025-06-20,2693.64,2686.93,2700.65,2682.12,-0.34,-9.19,2278831,3026447600.0,0.69,0.84
2025-06-23,2669.08,2716.92,2718.99,2661.27,1.12,29.99,2665864,3608962318.0,2.15,0.98
2025-06-24,2738.0,2751.36,2760.02,2738.0,1.27,34.44,3797532,5209360869.0,0.81,1.4
2025-06-25,2750.97,2781.41,2782.1,2750.97,1.09,30.05,3975557,5040248895.0,1.13,1.47
2025-06-26,2778.17,2758.14,2780.06,2757.26,-0.84,-23.27,3726058,5426942907.0,0.82,1.37
2025-06-27,2770.87,2803.52,2804.26,2770.87,1.65,45.38,4438156,4986724773.0,1.21,1.64
2025-06-30,2795.16,2794.11,2801.42,2787.52,-0.34,-9.41,3815123,3793094001.0,0.5,1.41
2025-07-01,2799.82,2805.94,2824.94,2795.89,0.42,11.83,4657702,6618504577.0,1.04,1.72
2025-07-02,2803.99,2805.96,2817.84,2789.51,0.0,0.02,3682178,4756863251.0,1.01,1.36
2025-07-03,2806.69,2832.73,2839.44,2806.69,0.95,26.77,3162191,3879944412.0,1.17,1.17
2025-07-04,2823.19,2808.98,2825.1,2806.44,-0.84,-23.75,3166822,3836488585.0,0.66,1.17
2025-07-07,2806.8,2822.42,2829.44,2803.03,0.48,13.44,3183908,5036168475.0,0.94,1.17
2025-07-08,2820.02,2839.69,2842.74,2820.02,0.61,17.27,3474241,4995502984.0,0.8,1.28
2025-07-09,2841.95,2821.94,2843.86,2819.21,-0.63,-17.75,3681622,4950830201.0,0.87,1.36
2025-07-10,2818.01,2842.95,2843.31,2815.19,0.74,21.01,3238898,3759686354.0,1.0,1.19
2025-07-11,2843.18,2841.91,2846.83,2831.76,-0.04,-1.04,3413431,4820309821.0,0.53,1.26
2025-07-14,2842.04,2826.96,2842.04,2823.2,-0.53,-14.95,2911826,3513970878.0,0.66,1.07
2025-07-15,2822.13,2817.99,2837.58,2798.59,-0.32,-8.97,3792427,4531220982.0,1.38,1.4
2025-07-16,2822.27,2843.03,2848.61,2818.55,0.89,25.04,3667113,4860471298.0,1.07,1.35
2025-07-17,2844.09,2869.5,2870.57,2837.63,0.93,26.47,4063293,8562636943.0,1.16,1.5
2025-07-18,2875.09,2863.52,2879.55,2854.74,-0.21,-5.98,3724123,6931560815.0,0.86,1.37
2025-07-21,2869.02,2906.81,2907.39,2869.02,1.51,43.29,4005381,5547561127.0,1.34,1.48
2025-07-22,2905.6,2931.33,2939.46,2898.64,0.84,24.52,4826202,6089752627.0,1.4,1.78
2025-07-23,2932.18,2906.65,2938.23,2905.85,-0.84,-24.68,4121108,5723005385.0,1.1,1.52
2025-07-24,2909.95,2920.16,2921.84,2904.01,0.46,13.51,3625605,6054877928.0,0.61,1.34
2025-07-25,2918.11,2933.73,2951.47,2913.33,0.46,13.57,3846007,7910601426.0,1.31,1.42
2025-07-28,2937.49,2928.14,2937.49,2917.7,-0.19,-5.59,3320605,5939238819.0,0.67,1.22
2025-07-29,2928.73,2919.1,2928.73,2892.92,-0.31,-9.04,3248972,5320181139.0,1.22,1.2
2025-07-30,2915.85,2910.83,2927.59,2894.52,-0.28,-8.27,3108595,5360733732.0,1.13,1.15
2025-07-31,2904.68,2856.16,2905.09,2851.27,-1.88,-54.67,3488049,5345251716.0,1.85,1.29
2025-08-01,2857.48,2877.39,2880.8,2857.48,0.74,21.23,2957823,5267750201.0,0.82,1.09
2025-08-04,2869.67,2882.05,2882.05,2853.84,0.16,4.66,3466326,6879821098.0,0.98,1.28
2025-08-05,2886.17,2907.67,2911.03,2886.17,0.89,25.62,3640970,5053355664.0,0.86,1.34
2025-08-06,2904.75,2903.58,2904.76,2885.01,-0.14,-4.09,3239840,4548618533.0,0.68,1.2
2025-08-07,2896.29,2887.61,2903.76,2879.72,-0.55,-15.97,3154822,4284595324.0,0.83,1.16
2025-08-08,2884.03,2880.39,2888.9,2871.88,-0.25,-7.22,3283202,4104640976.0,0.59,1.21
2025-08-11,2886.91,2905.37,2912.23,2885.17,0.87,24.98,4182439,4729355848.0,0.94,1.54
2025-08-12,2900.71,2910.46,2915.91,2896.74,0.18,5.09,3688315,4508963729.0,0.66,1.36
2025-08-13,2906.71,2909.71,2918.19,2894.79,-0.03,-0.75,3669621,4238028654.0,0.8,1.35
2025-08-14,2912.11,2859.71,2912.29,2859.71,-1.72,-50.0,4113464,4788094393.0,1.81,1.52
2025-08-15,2850.9,2907.06,2907.61,2850.9,1.66,47.35,4392425,5936878821.0,1.98,1.62
2025-08-18,2909.24,2908.32,2919.81,2899.22,0.04,1.26,5085014,6938311060.0,0.71,1.88
2025-08-19,2909.84,2912.24,2918.32,2899.03,0.13,3.92,3989444,5875386782.0,0.66,1.47
2025-08-20,2913.34,2985.96,2986.38,2901.43,2.53,73.72,6979867,10068326962.0,2.92,2.57
2025-08-21,2974.42,2959.86,2976.11,2948.08,-0.87,-26.1,5395948,8314645977.0,0.94,1.99
2025-08-22,2961.44,2995.11,2996.73,2946.06,1.19,35.25,6012431,9672722659.0,1.71,2.22
2025-08-25,3001.23,2993.97,3005.46,2973.41,-0.04,-1.14,6673502,10242363445.0,1.07,2.46
2025-08-26,2987.15,3019.03,3029.32,2977.27,0.84,25.06,6089536,8968055139.0,1.74,2.25
2025-08-27,3017.32,2944.37,3045.03,2943.96,-2.47,-74.66,6833743,10147694813.0,3.35,2.52
2025-08-28,2938.04,2952.93,2962.23,2882.64,0.29,8.56,5728868,7250355070.0,2.7,2.11
2025-08-29,2945.32,2966.97,2991.65,2934.31,0.48,14.04,5542102,9252188271.0,1.94,2.04
2025-09-01,2973.52,2991.08,2992.27,2950.77,0.81,24.11,4490690,6588207332.0,1.4,1.66
2025-09-02,2989.53,2989.89,2992.31,2957.87,-0.04,-1.19,4899152,6503605449.0,1.15,1.81
2025-09-03,2994.43,2944.28,3008.13,2935.11,-1.53,-45.61,5013143,6560953579.0,2.44,1.85
2025-09-04,2942.27,2932.91,2958.6,2895.92,-0.39,-11.37,4589564,7645936519.0,2.13,1.69
2025-09-05,2929.98,2966.94,2966.94,2929.98,1.16,34.03,4036693,6418112726.0,1.26,1.49
2025-09-08,2976.09,2992.3,2992.33,2950.15,0.85,25.36,4514745,6851302390.0,1.42,1.67
2025-09-09,2982.93,3003.9,3020.66,2977.99,0.39,11.6,5492912,8877796843.0,1.43,2.03
2025-09-10,2999.45,2998.27,3033.2,2994.27,-0.19,-5.63,4421146,7117317377.0,1.3,1.63
2025-09-11,2996.11,3004.69,3006.08,2965.57,0.21,6.42,4544574,6576439109.0,1.35,1.68
2025-09-12,3000.85,2974.61,3015.72,2971.08,-1.0,-30.08,4494596,7090830768.0,1.49,1.66
2025-09-15,2983.04,3008.14,3017.94,2983.04,1.13,33.53,5687042,10664620711.0,1.17,2.1
2025-09-16,3009.68,3002.62,3009.68,2978.09,-0.18,-5.52,5097651,7784672036.0,1.05,1.88
2025-09-17,2999.83,2997.8,3008.9,2988.58,-0.16,-4.82,3960378,6564048152.0,0.68,1.46
2025-09-18,2998.43,2958.71,3016.35,2936.91,-1.3,-39.09,5892343,10094716194.0,2.65,2.17
2025-09-19,2949.72,2937.98,2949.72,2919.1,-0.7,-20.73,5083832,7031891605.0,1.03,1.88
2025-09-22,2938.99,2942.18,2948.02,2918.07,0.14,4.2,4875945,7923154483.0,1.02,1.8
2025-09-23,2938.6,2938.83,2940.46,2881.1,-0.11,-3.35,6732261,10140366136.0,2.02,2.48
2025-09-24,2931.68,2969.18,2971.62,2927.46,1.03,30.35,5084774,7365310235.0,1.5,1.88
2025-09-25,2961.82,2943.62,2965.08,2936.47,-0.86,-25.56,4592269,7209560565.0,0.96,1.69
2025-09-26,2940.44,2940.71,2994.34,2934.38,-0.1,-2.91,5429965,7781416082.0,2.04,2.0
2025-09-29,2935.1,2968.74,2971.85,2919.51,0.95,28.03,5002744,6312669268.0,1.78,1.85
2025-09-30,2972.91,2992.94,2998.81,2963.57,0.82,24.2,5367418,6912119136.0,1.19,1.98
2025-10-09,3001.61,3015.1,3015.1,2986.75,0.74,22.16,5634307,7704450434.0,0.95,2.08
2025-10-10,3014.54,3057.48,3076.31,3014.54,1.41,42.38,6038003,7673576096.0,2.05,2.23
2025-10-13,2971.36,3034.91,3049.4,2971.36,-0.74,-22.57,6307096,7408036656.0,2.55,2.33
2025-10-14,3045.07,3032.43,3083.26,3022.34,-0.08,-2.48,5916269,6562664311.0,2.01,2.18
2025-10-15,3041.61,3140.89,3141.79,3041.61,3.58,108.46,6814509,7528469900.0,3.3,2.51
2025-10-16,3139.08,3107.04,3141.66,3096.86,-1.08,-33.85,5498482,6217927735.0,1.43,2.03
2025-10-17,3099.28,3000.95,3099.28,3000.95,-3.41,-106.09,6033533,6469210711.0,3.16,2.23
2025-10-20,3028.13,3025.16,3032.75,2996.0,0.81,24.21,4471357,5295078279.0,1.22,1.65
2025-10-21,3024.61,3063.15,3063.15,3019.69,1.26,37.99,5120111,4892181716.0,1.44,1.89
2025-10-22,3034.84,3010.73,3039.69,3000.6,-1.71,-52.42,3709869,4167217676.0,1.28,1.37
2025-10-23,3000.44,3037.14,3040.16,2996.35,0.88,26.41,3730294,4540495774.0,1.46,1.38
2025-10-24,3038.23,3049.3,3067.02,3038.23,0.4,12.16,3818001,4545206852.0,0.95,1.41
2025-10-27,3063.9,3078.76,3086.78,3056.29,0.97,29.46,4599243,7128866213.0,1.0,1.7
2025-10-28,3060.16,3044.96,3066.9,3039.01,-1.1,-33.8,4191360,6008333929.0,0.91,1.55
2025-10-29,3040.65,3032.28,3040.65,3010.57,-0.42,-12.68,4173199,5222978651.0,0.99,1.54
2025-10-30,3031.57,3042.76,3056.7,3019.04,0.35,10.48,5149072,6641288494.0,1.24,1.9
2025-10-31,3052.49,3078.87,3111.22,3052.49,1.19,36.11,7896800,7356671319.0,1.93,2.91
2025-11-03,3090.27,3092.37,3100.45,3070.49,0.44,13.5,5840552,6029866824.0,0.97,2.15
2025-11-04,3086.52,3078.08,3105.33,3054.82,-0.46,-14.29,5057483,5722454876.0,1.63,1.87
2025-11-05,3054.67,3086.77,3097.15,3044.64,0.28,8.69,4278700,5070801005.0,1.71,1.58
2025-11-06,3085.59,3085.0,3094.19,3070.38,-0.06,-1.77,4644596,5448682727.0,0.77,1.71
2025-11-07,3079.47,3061.73,3088.08,3059.54,-0.75,-23.27,3605391,4317830668.0,0.93,1.33
2025-11-10,3059.39,3052.78,3059.39,3036.51,-0.29,-8.95,3498999,3954310217.0,0.75,1.29
2025-11-11,3050.97,3051.06,3057.18,3039.56,-0.06,-1.72,4095983,4438828469.0,0.58,1.51
2025-11-12,3047.82,3040.89,3050.64,3027.36,-0.33,-10.17,3823431,6070055577.0,0.76,1.41
2025-11-13,3038.81,3088.69,3089.56,3023.98,1.57,47.8,4258313,4876781304.0,2.16,1.57
2025-11-14,3078.69,3082.23,3113.01,3078.69,-0.21,-6.46,4009657,4257284301.0,1.11,1.48
2025-11-17,3089.22,3084.45,3089.84,3061.28,0.07,2.22,4426021,5848730201.0,0.93,1.63
2025-11-18,3083.49,3022.5,3084.45,3011.57,-2.01,-61.95,4901055,4646695657.0,2.36,1.81
2025-11-19,3020.68,3008.46,3032.5,2996.13,-0.46,-14.04,3899826,5105344882.0,1.2,1.44
2025-11-20,3016.96,2978.82,3019.19,2972.18,-0.99,-29.64,3274438,3414245194.0,1.56,1.21
2025-11-21,2952.83,2880.46,2965.74,2880.46,-3.3,-98.36,4202866,4499934672.0,2.86,1.55
2025-11-24,2890.25,2929.16,2941.12,2879.37,1.69,48.7,3091451,3801735918.0,2.14,1.14
2025-11-25,2938.17,2929.77,2944.78,2929.09,0.02,0.61,3071217,3564820184.0,0.54,1.13
2025-11-26,2932.82,2920.11,2944.35,2917.38,-0.33,-9.66,2706219,2944551728.0,0.92,1.0
2025-11-27,2914.77,2910.26,2932.38,2909.32,-0.34,-9.85,2518010,3383342886.0,0.79,0.93
2025-11-28,2913.27,2953.93,2954.63,2903.36,1.5,43.67,2793758,3323232218.0,1.76,1.03
2025-12-01,2951.14,2964.8,2971.78,2949.86,0.37,10.87,3126196,4197721179.0,0.74,1.15
2025-12-02,2963.53,2971.94,2973.92,2952.52,0.24,7.14,2601301,3595229725.0,0.72,0.96
2025-12-03,2972.6,2956.11,2973.4,2949.73,-0.53,-15.83,2649293,3018934347.0,0.8,0.98
2025-12-04,2954.96,2933.66,2962.44,2924.65,-0.76,-22.45,2424597,3187267086.0,1.28,0.89
2025-12-05,2933.28,2977.63,2978.03,2929.18,1.5,43.97,2683502,3302535085.0,1.67,0.99
2025-12-08,2980.91,2961.16,2982.53,2958.72,-0.55,-16.47,3065556,3867929750.0,0.8,1.13
2025-12-09,2957.32,2933.09,2964.82,2932.61,-0.95,-28.07,3170472,5193836383.0,1.09,1.17
2025-12-10,2925.47,2959.27,2961.51,2917.54,0.89,26.18,2644176,3477782484.0,1.5,0.98
2025-12-11,2961.93,2933.08,2984.93,2933.07,-0.89,-26.19,3277222,6360613955.0,1.75,1.21
2025-12-12,2926.32,2940.13,2955.19,2926.32,0.24,7.05,3244764,4326113314.0,0.98,1.2
2025-12-15,2930.7,2951.87,2972.05,2930.7,0.4,11.74,2672974,3668916234.0,1.41,0.99
2025-12-16,2976.98,2920.43,2976.98,2915.19,-1.07,-31.44,3630345,4500188010.0,2.09,1.34
2025-12-17,2911.75,2932.07,2937.65,2899.89,0.4,11.64,2975332,3552779695.0,1.29,1.1
2025-12-18,2923.28,2918.8,2935.65,2910.26,-0.45,-13.27,2320905,3233184101.0,0.87,0.86
2025-12-19,2918.91,2949.01,2956.16,2918.91,1.04,30.21,3508988,3411982235.0,1.28,1.29
2025-12-22,2960.92,2986.69,3001.93,2960.92,1.28,37.68,4132697,4404635483.0,1.39,1.52
2025-12-23,2982.24,2944.05,2982.24,2937.98,-1.43,-42.64,3250007,3915273984.0,1.48,1.2
2025-12-24,2944.61,2954.63,2958.66,2938.86,0.36,10.58,2637569,4351455055.0,0.67,0.97
2025-12-25,2956.31,2953.99,2957.28,2943.38,-0.02,-0.64,2505945,3395989986.0,0.47,0.92
2025-12-26,2953.13,2948.34,2966.75,2934.55,-0.19,-5.65,3504590,3831884480.0,1.09,1.29
2025-12-29,2946.07,2926.4,2950.07,2922.32,-0.74,-21.94,3078243,4545206611.0,0.94,1.14
2025-12-30,2920.05,2930.18,2945.43,2909.87,0.13,3.78,2750572,3565468927.0,1.22,1.01
2025-12-31,2941.84,2940.28,2950.75,2920.27,0.34,10.1,3217888,3966087053.0,1.04,1.19
2026-01-05,2940.7,2946.29,2955.56,2932.86,0.2,6.01,3939618,5727920685.0,0.77,1.45
2026-01-06,2950.52,2986.63,2995.81,2950.52,1.37,40.34,4588290,5857219089.0,1.54,1.69
2026-01-07,2980.01,2963.05,3006.05,2958.28,-0.79,-23.58,3950147,6530152549.0,1.6,1.46
2026-01-08,2955.07,2960.45,2966.84,2941.14,-0.09,-2.6,3165633,5010588959.0,0.87,1.17
2026-01-09,2960.51,2961.18,2968.35,2940.42,0.02,0.73,3440248,4920200094.0,0.94,1.27
2026-01-12,2958.77,2969.89,2969.89,2948.69,0.29,8.71,4261398,5941849839.0,0.72,1.57
2026-01-13,2970.96,2955.26,2981.88,2948.58,-0.49,-14.63,4717197,6490544775.0,1.12,1.74
2026-01-14,2948.77,2925.72,2957.14,2906.22,-1.0,-29.54,5007694,6340900103.0,1.72,1.85
2026-01-15,2918.58,2944.93,2957.05,2918.58,0.66,19.21,4901548,4777111394.0,1.31,1.81
2026-01-16,2957.09,2944.89,2959.48,2934.85,0.0,-0.04,4212377,6516653113.0,0.84,1.55
2026-01-19,2944.39,3003.72,3004.27,2944.39,2.0,58.83,6161653,10326880297.0,2.03,2.27
2026-01-20,2997.78,3019.52,3030.91,2997.78,0.53,15.8,4661071,6084985218.0,1.1,1.72
2026-01-21,3010.33,3018.9,3023.47,2997.98,-0.02,-0.62,4144488,6139729148.0,0.84,1.53
2026-01-22,3019.91,3065.21,3065.21,3015.96,1.53,46.31,5778121,6277108836.0,1.63,2.13
2026-01-23,3058.24,3052.07,3059.53,3040.06,-0.43,-13.14,4941131,6383346463.0,0.64,1.82
2026-01-26,3055.92,3030.09,3055.92,3011.18,-0.72,-21.98,5122193,6419158276.0,1.47,1.89
2026-01-27,3014.17,3040.73,3049.78,2993.6,0.35,10.64,4965938,7815398065.0,1.85,1.83
2026-01-28,3048.33,3019.35,3048.33,2999.31,-0.7,-21.38,4670033,6687751948.0,1.61,1.72
2026-01-29,3007.87,3004.81,3011.54,2988.89,-0.48,-14.54,4468693,7481302523.0,0.75,1.65
2026-01-30,3001.35,2973.15,3011.26,2946.05,-1.05,-31.66,6159293,6524963294.0,2.17,2.27
2026-02-02,2965.52,2928.69,2985.04,2928.69,-1.5,-44.46,4740285,5717631205.0,1.9,1.75
2026-02-03,2944.07,2972.08,2972.25,2936.01,1.48,43.39,4763542,5270097027.0,1.24,1.76
2026-02-04,2969.06,3010.97,3012.34,2953.11,1.31,38.89,4968440,5946323855.0,1.99,1.83
2026-02-05,3004.15,3016.78,3026.19,3004.15,0.19,5.81,3763173,4771132392.0,0.73,1.39
2026-02-06,3008.81,3052.13,3068.24,3008.81,1.17,35.35,3980758,4465846875.0,1.97,1.47
2026-02-09,3073.01,3076.8,3093.5,3064.45,0.81,24.67,3691668,4531939478.0,0.95,1.36
2026-02-10,3077.83,3071.06,3078.59,3062.35,-0.19,-5.74,3258949,5024800606.0,0.53,1.2
2026-02-11,3070.47,3079.52,3094.69,3067.63,0.28,8.46,4148174,8973352719.0,0.88,1.53
2026-02-12,3085.69,3097.02,3117.54,3067.34,0.57,17.5,3537072,6206987495.0,1.63,1.3
2026-02-13,3091.88,3068.0,3099.8,3065.92,-0.94,-29.02,2966817,4272995318.0,1.09,1.09
2026-02-24,3091.64,3124.8,3128.32,3078.3,1.85,56.8,3868132,5272969612.0,1.63,1.43
2026-02-25,3127.82,3111.28,3143.03,3102.2,-0.43,-13.52,3537145,5213832750.0,1.31,1.3
2026-02-26,3109.72,3068.3,3110.64,3056.89,-1.38,-42.98,3275946,4855956123.0,1.73,1.21
2026-02-27,3059.27,3060.91,3073.68,3045.75,-0.24,-7.39,2630274,3830540048.0,0.91,0.97
2026-03-02,3024.22,3004.74,3042.2,2985.19,-1.84,-56.17,3962524,5588811278.0,1.86,1.46
2026-03-03,3012.7,2902.24,3021.93,2898.21,-3.41,-102.5,4904705,6007758440.0,4.12,1.81
2026-03-04,2876.77,2875.11,2902.34,2850.1,-0.93,-27.13,3516448,4014620164.0,1.8,1.3
2026-03-05,2913.56,2931.12,2957.98,2913.56,1.95,56.01,3268648,4143232972.0,1.54,1.21
2026-03-06,2921.87,2956.27,2962.38,2909.48,0.86,25.15,2940580,3373175159.0,1.8,1.08
2026-03-09,2932.11,2914.73,2932.11,2883.25,-1.41,-41.54,3661414,4752933760.0,1.65,1.35
2026-03-10,2937.23,2978.15,2979.04,2937.23,2.18,63.42,3118618,4118939401.0,1.43,1.15
2026-03-11,2982.48,3006.42,3009.07,2967.83,0.95,28.27,3320886,4256744945.0,1.38,1.22
2026-03-12,3004.81,3003.69,3020.79,2987.27,-0.09,-2.73,3072279,3649446119.0,1.11,1.13
2026-03-13,2992.81,2973.94,3012.02,2968.11,-0.99,-29.75,3039835,3699661099.0,1.46,1.12
2026-03-16,2972.25,2973.86,2974.94,2943.63,0.0,-0.08,3301060,3749874656.0,1.05,1.22
2026-03-17,2988.18,2973.96,3031.39,2972.31,0.0,0.1,3773581,4012974271.0,1.99,1.39
2026-03-18,2975.61,2956.13,2978.46,2923.79,-0.6,-17.83,3270957,3243370061.0,1.84,1.21
2026-03-19,2930.58,2875.98,2936.55,2869.67,-2.71,-80.15,3253971,3750696351.0,2.26,1.2
2026-03-20,2882.99,2826.68,2889.72,2826.68,-1.71,-49.3,3437159,3636268058.0,2.19,1.27
2026-03-23,2790.46,2719.45,2800.9,2705.07,-3.79,-107.23,4723173,5496145524.0,3.39,1.74
2026-03-24,2757.46,2820.08,2820.53,2743.05,3.7,100.63,4216986,5246633402.0,2.85,1.56
2026-03-25,2837.18,2886.76,2891.86,2837.18,2.36,66.68,3822191,4178235692.0,1.94,1.41
2026-03-26,2885.79,2882.0,2936.0,2872.84,-0.16,-4.76,3079150,3639045638.0,2.19,1.14
2026-03-27,2855.09,2883.12,2890.84,2850.95,0.04,1.12,2789882,3162318710.0,1.38,1.03
2026-03-30,2857.76,2889.27,2904.0,2854.28,0.21,6.15,3092123,3611866720.0,1.72,1.14
2026-03-31,2917.09,2945.71,3005.4,2917.09,1.95,56.44,4862062,5638487141.0,3.06,1.79
2026-04-01,2977.82,2984.25,2988.55,2951.59,1.31,38.54,5127663,7479926185.0,1.25,1.89
2026-04-02,2978.12,2966.78,2992.77,2951.18,-0.59,-17.47,3499504,5006928241.0,1.39,1.29
2026-04-03,2971.92,2920.88,2972.02,2909.2,-1.55,-45.9,3391065,4131377156.0,2.12,1.25
2026-04-07,2918.34,2933.81,2943.67,2911.76,0.44,12.93,2934880,4284940313.0,1.09,1.08
2026-04-08,2961.78,2979.22,2979.22,2939.2,1.55,45.41,4345987,5806165120.0,1.36,1.6
2026-04-09,2958.46,2959.43,2986.64,2953.73,-0.66,-19.79,3308386,4013400967.0,1.1,1.22
2026-04-10,2969.06,2999.81,3019.29,2969.06,1.36,40.38,7465204,5502544240.0,1.7,2.75
2026-04-13,2981.51,3048.03,3054.32,2970.56,1.61,48.22,9767731,6887777474.0,2.79,3.6
2026-04-14,3045.43,3010.06,3046.18,2992.48,-1.25,-37.97,9264437,6685309018.0,1.76,3.42
2026-04-15,3009.88,2974.79,3013.46,2970.44,-1.17,-35.27,5681064,5049771874.0,1.43,2.1
2026-04-16,2977.7,3013.18,3016.87,2975.74,1.29,38.39,5130022,5253596536.0,1.38,1.89
2026-04-17,3002.62,2991.84,3003.83,2972.3,-0.71,-21.34,5189058,5290454862.0,1.05,1.91
2026-04-20,2991.88,3015.91,3019.98,2971.83,0.8,24.07,4567961,4491857611.0,1.61,1.68
2026-04-21,3016.3,3007.33,3017.12,2994.55,-0.28,-8.58,3749286,4005647072.0,0.75,1.38
2026-04-22,2999.6,3044.76,3051.89,2990.7,1.24,37.43,5805360,5105762760.0,2.03,2.14
2026-04-23,3045.84,3048.28,3091.62,3040.43,0.12,3.52,7821137,6198214429.0,1.68,2.89
2026-04-24,3037.31,3032.29,3041.72,3004.25,-0.52,-15.99,5467645,4744424089.0,1.23,2.02
2026-04-27,3032.43,3062.28,3066.48,3024.14,0.99,29.99,6306075,8465546625.0,1.4,2.33
2026-04-28,3057.63,3045.09,3059.01,3021.34,-0.56,-17.19,5029628,6088874264.0,1.23,1.86
2026-04-29,3039.71,3053.81,3057.28,3032.4,0.29,8.72,5192425,6096538502.0,0.82,1.92
2026-04-30,3055.08,3004.58,3060.52,3000.32,-1.61,-49.23,5719491,6079812219.0,1.97,2.11
2026-05-06,3015.15,3037.19,3038.94,3015.15,1.09,32.61,5624236,7614128076.0,0.79,2.07
2026-05-07,3041.18,3054.07,3068.77,3035.47,0.56,16.88,5497281,5856444459.0,1.1,2.03
2026-05-08,3051.53,3035.3,3051.7,3023.79,-0.61,-18.77,3835629,5129691405.0,0.91,1.41
2026-05-11,3040.63,3030.34,3044.51,3013.06,-0.16,-4.96,4887965,7207880218.0,1.04,1.8
2026-05-12,3025.65,2983.73,3028.21,2979.71,-1.54,-46.61,3956301,5601196989.0,1.6,1.46
2026-05-13,2984.85,2996.71,3009.53,2974.7,0.44,12.98,3551973,4368277482.0,1.17,1.31
2026-05-14,3004.93,2941.34,3007.77,2941.34,-1.85,-55.37,4539228,5212790896.0,2.22,1.67
2026-05-15,2943.64,2910.11,2954.33,2895.96,-1.06,-31.23,4663030,5053898824.0,1.98,1.72
2026-05-18,2899.06,2844.95,2899.06,2824.34,-2.24,-65.16,4546862,4839206333.0,2.57,1.68
2026-05-19,2847.51,2866.47,2866.78,2837.3,0.76,21.52,3483331,4311721150.0,1.04,1.28
2026-05-20,2855.5,2825.71,2856.38,2808.2,-1.42,-40.76,3306245,3238893053.0,1.68,1.22
2026-05-21,2830.02,2810.28,2884.86,2807.06,-0.55,-15.43,4521480,4629192181.0,2.75,1.67
2026-05-22,2833.53,2839.58,2850.07,2818.91,1.04,29.3,3274665,3418106046.0,1.11,1.21
2026-05-25,2845.97,2792.21,2856.43,2775.28,-1.67,-47.37,5426817,7186760405.0,2.86,2.0
2026-05-26,2781.14,2787.24,2801.65,2755.17,-0.18,-4.97,4435114,5057889556.0,1.66,1.64
2026-05-27,2776.62,2712.2,2785.53,2704.0,-2.69,-75.04,4062763,4518577539.0,2.93,1.5
2026-05-28,2707.56,2683.14,2734.78,2649.18,-1.07,-29.06,3686208,5076465641.0,3.16,1.36
2026-05-29,2686.01,2677.41,2706.16,2670.25,-0.21,-5.73,4075530,5300107555.0,1.34,1.5
2026-06-01,2674.87,2705.76,2717.2,2657.59,1.06,28.35,4085674,4106620949.0,2.23,1.51
2026-06-02,2708.48,2703.79,2717.05,2684.13,-0.07,-1.97,4008326,4662411359.0,1.22,1.48
2026-06-03,2698.35,2699.42,2723.42,2687.64,-0.16,-4.37,4468865,4959503701.0,1.32,1.65
2026-06-04,2690.58,2629.79,2705.5,2613.07,-2.58,-69.63,4267203,5263323753.0,3.42,1.57
2026-06-05,2631.15,2645.63,2666.99,2616.14,0.6,15.84,4527842,4823736431.0,1.93,1.67
2026-06-08,2605.38,2618.29,2667.28,2597.27,-1.03,-27.34,5117112,6498147050.0,2.65,1.89
2026-06-09,2623.66,2623.55,2628.48,2593.85,0.2,5.26,4094445,4066667505.0,1.32,1.51
2026-06-10,2608.92,2601.06,2615.06,2568.9,-0.86,-22.49,4058807,3872253684.0,1.76,1.5
2026-06-11,2589.54,2563.98,2589.54,2547.45,-1.43,-37.08,4099801,4708234166.0,1.62,1.51
2026-06-12,2571.9,2618.41,2634.78,2548.96,2.12,54.43,4940269,5045793307.0,3.35,1.82
2026-06-15,2653.71,2673.05,2716.73,2653.37,2.09,54.64,4973942,5259664208.0,2.42,1.83
2026-06-16,2660.75,2605.15,2660.75,2599.0,-2.54,-67.9,4764082,5712304887.0,2.31,1.76
2026-06-17,2596.06,2572.7,2607.99,2562.6,-1.25,-32.45,5016425,4903544676.0,1.74,1.85
2026-06-18,2565.16,2530.45,2565.16,2511.98,-1.64,-42.25,4257240,4188116078.0,2.07,1.57
2026-06-22,2526.27,2528.74,2529.98,2459.53,-0.07,-1.71,4533963,5741963474.0,2.78,1.67
2026-06-23,2525.01,2517.92,2570.44,2507.7,-0.43,-10.82,3458373,3685263719.0,2.48,1.28
2026-06-24,2528.18,2451.73,2528.39,2442.08,-2.63,-66.19,3842520,3828034195.0,3.43,1.42
2026-06-25,2442.7,2429.18,2450.7,2409.39,-0.92,-22.55,3955516,4063136751.0,1.68,1.46
2026-06-26,2426.85,2363.93,2428.68,2363.93,-2.69,-65.25,3476434,4087773474.0,2.67,1.28
2026-06-29,2352.67,2377.32,2387.62,2273.15,0.57,13.39,4758225,5629821574.0,4.84,1.76
2026-06-30,2363.68,2359.14,2381.86,2331.93,-0.76,0,2957209.0,2980142722.0,0,0
2026-07-01,2358.77,2415.91,2424.40,2358.77,2.41,0,3844644.0,4214180858.0,0,0
2026-07-02,2414.05,2430.85,2468.39,2412.51,0.62,0,3868383.0,3932642973.0,0,0
2026-07-03,0.00,2492.39,0.00,0.00,2.53,0,0,0,0,0
