日期,开盘,收盘,最高,最低,涨跌幅,涨跌额,成交量,成交额,振幅,换手率
2015-12-09,987.93,990.23,996.38,976.91,-0.98,-9.77,3485181,5560745216.0,1.95,0.46
2015-12-10,988.21,986.42,1007.18,982.32,-0.38,-3.81,3227737,6728423168.0,2.51,0.43
2015-12-11,978.04,977.0,987.62,968.84,-0.95,-9.42,2578880,5338625536.0,1.9,0.34
2015-12-14,963.25,1007.69,1008.04,962.75,3.14,30.69,2874940,6028559104.0,4.64,0.38
2015-12-15,1001.9,1006.74,1012.37,999.66,-0.09,-0.95,2548978,5617056000.0,1.26,0.34
2015-12-16,1010.78,1002.37,1017.44,1001.11,-0.43,-4.37,2556896,5713805824.0,1.62,0.34
2015-12-17,1010.55,1017.17,1021.57,1007.02,1.48,14.8,3049959,6191596032.0,1.45,0.4
2015-12-18,1016.6,1015.11,1022.45,1010.31,-0.2,-2.06,2823149,6655770368.0,1.19,0.37
2015-12-21,1014.71,1042.55,1050.83,1010.28,2.7,27.44,3860855,7882660608.0,3.99,0.51
2015-12-22,1043.86,1047.92,1050.4,1038.46,0.52,5.37,3270175,6858053376.0,1.15,0.43
2015-12-23,1046.21,1061.19,1079.72,1043.35,1.27,13.27,4653381,9276638976.0,3.47,0.61
2015-12-24,1059.3,1052.08,1059.3,1039.5,-0.86,-9.11,2839112,5558583808.0,1.87,0.37
2015-12-25,1053.16,1067.04,1067.06,1047.26,1.42,14.96,2450803,5079100672.0,1.88,0.32
2015-12-28,1073.26,1043.09,1085.21,1042.67,-2.24,-23.95,3524325,6692863488.0,3.99,0.47
2015-12-29,1039.05,1042.95,1044.87,1028.58,-0.01,-0.14,2886297,5365982464.0,1.56,0.38
2015-12-30,1041.13,1038.01,1044.02,1029.34,-0.47,-4.94,2399487,4375776000.0,1.41,0.32
2015-12-31,1037.36,1020.35,1038.68,1019.51,-1.7,-17.66,2652805,4554158080.0,1.85,0.35
2016-01-04,1017.6,933.15,1023.27,931.29,-8.55,-87.2,2501904,3762976928.0,9.01,0.33
2016-01-05,889.6,925.02,939.31,879.36,-0.87,-8.13,3662808,5854796032.0,6.42,0.48
2016-01-06,924.83,942.01,944.89,916.9,1.84,16.99,2654431,4538512128.0,3.03,0.35
2016-01-07,926.55,852.24,926.55,850.3,-9.53,-89.77,760310,1210756944.0,8.09,0.1
2016-01-08,875.35,863.31,886.47,813.25,1.3,11.07,3304546,5187028736.0,8.59,0.44
2016-01-11,843.0,800.26,863.54,798.12,-7.3,-63.05,3267616,4717791744.0,7.58,0.43
2016-01-12,801.23,807.07,819.94,784.74,0.85,6.81,2691461,3888801584.0,4.4,0.36
2016-01-13,809.91,768.05,817.85,768.05,-4.83,-39.02,2618744,3928678688.0,6.17,0.35
2016-01-14,741.79,793.45,794.23,736.9,3.31,25.4,2708306,3797617312.0,7.46,0.36
2016-01-15,793.99,763.01,805.15,755.77,-3.84,-30.44,2615378,3596326096.0,6.22,0.35
2016-01-18,753.39,777.77,782.08,748.82,1.93,14.76,2251093,2869803696.0,4.36,0.3
2016-01-19,774.89,808.46,810.56,769.92,3.95,30.69,2900805,3685413248.0,5.23,0.38
2016-01-20,802.07,790.68,809.32,787.71,-2.2,-17.78,2608515,3666857680.0,2.67,0.34
2016-01-21,779.67,755.12,798.16,753.56,-4.5,-35.56,2056558,2768030544.0,5.64,0.27
2016-01-22,766.35,766.89,771.94,747.51,1.56,11.77,1750890,2361337776.0,3.24,0.23
2016-01-25,772.16,769.93,778.18,762.02,0.4,3.04,1552851,1990338384.0,2.11,0.2
2016-01-26,759.98,722.14,769.92,707.82,-6.21,-47.79,2276113,2690552096.0,8.07,0.3
2016-01-27,719.95,710.49,723.01,674.18,-1.61,-11.65,2349582,2570778672.0,6.76,0.31
2016-01-28,701.57,680.28,714.99,672.19,-4.25,-30.21,1962410,2072646240.0,6.02,0.26
2016-01-29,681.19,709.19,717.1,679.5,4.25,28.91,2084298,2233605504.0,5.53,0.28
2016-02-01,708.65,698.53,714.02,691.5,-1.5,-10.66,2032325,2230155120.0,3.18,0.27
2016-02-02,698.98,716.47,719.16,698.27,2.57,17.94,2064831,2237283200.0,2.99,0.27
2016-02-03,707.64,711.92,715.35,699.77,-0.64,-4.55,1656576,2013878064.0,2.17,0.22
2016-02-04,714.01,741.99,744.0,712.82,4.22,30.07,2747481,3200102896.0,4.38,0.36
2016-02-05,739.79,727.05,741.61,726.57,-2.01,-14.94,1916650,2189052352.0,2.03,0.25
2016-02-15,710.39,715.69,722.37,705.32,-1.56,-11.36,1291570,1431847120.0,2.35,0.17
2016-02-16,722.34,744.25,747.86,721.06,3.99,28.56,2244293,2619584464.0,3.74,0.3
2016-02-17,743.48,755.04,756.02,742.86,1.45,10.79,2436394,2770583504.0,1.77,0.32
2016-02-18,759.06,754.5,763.32,752.86,-0.07,-0.54,2573576,3453505312.0,1.39,0.34
2016-02-19,750.91,754.87,757.04,745.9,0.05,0.37,1730560,2435748688.0,1.48,0.23
2016-02-22,764.08,774.32,780.12,762.36,2.58,19.45,3018941,4042397200.0,2.35,0.4
2016-02-23,775.9,773.65,777.35,763.32,-0.09,-0.67,2803247,4295031296.0,1.81,0.37
2016-02-24,768.62,778.89,779.37,760.31,0.68,5.24,2740544,3751745248.0,2.46,0.36
2016-02-25,775.82,725.88,776.92,724.76,-6.81,-53.01,3130332,4256740352.0,6.7,0.41
2016-02-26,734.14,730.59,738.66,712.34,0.65,4.71,2563487,3174631520.0,3.63,0.34
2016-02-29,725.93,690.41,725.93,681.32,-5.5,-40.18,2506758,2820740208.0,6.11,0.33
2016-03-01,690.69,703.57,711.56,678.4,1.91,13.16,2584189,2941978368.0,4.8,0.34
2016-03-02,701.33,732.09,733.99,698.96,4.05,28.52,3102786,3605677808.0,4.98,0.41
2016-03-03,731.56,732.49,742.66,727.73,0.05,0.4,2790473,3371520304.0,2.04,0.37
2016-03-04,728.06,723.69,737.88,711.07,-1.2,-8.8,2862178,3320862464.0,3.66,0.38
2016-03-07,730.28,735.67,740.53,728.21,1.66,11.98,1993592,2314860848.0,1.7,0.26
2016-03-08,733.72,733.69,734.26,707.94,-0.27,-1.98,2072007,2335989840.0,3.58,0.27
2016-03-09,719.08,720.49,725.56,713.64,-1.8,-13.2,1622460,1872964384.0,1.62,0.21
2016-03-10,721.05,709.95,725.69,709.58,-1.46,-10.54,1561145,1734914864.0,2.24,0.21
2016-03-11,704.9,710.55,716.29,702.56,0.08,0.6,1180616,1321346496.0,1.93,0.16
2016-03-14,717.34,729.75,738.41,717.34,2.7,19.2,2011276,2462113488.0,2.97,0.27
2016-03-15,728.43,725.23,730.86,719.77,-0.62,-4.52,1353317,1645664592.0,1.52,0.18
2016-03-16,728.79,727.44,733.04,723.14,0.3,2.21,1829632,2037491936.0,1.37,0.24
2016-03-17,729.42,752.16,753.35,725.44,3.4,24.72,2778689,3315200656.0,3.84,0.37
2016-03-18,756.58,787.9,789.34,756.12,4.75,35.74,3824997,5041118208.0,4.42,0.5
2016-03-21,802.79,814.07,826.02,799.69,3.32,26.17,4797928,6823652608.0,3.34,0.63
2016-03-22,808.07,807.41,814.34,803.67,-0.82,-6.66,3421298,5488092160.0,1.31,0.45
2016-03-23,804.74,822.3,824.22,804.67,1.84,14.89,2983992,4574229760.0,2.42,0.39
2016-03-24,812.13,802.79,816.16,802.43,-2.37,-19.51,2951477,4519585280.0,1.67,0.39
2016-03-25,799.37,805.82,809.0,798.15,0.38,3.03,1705698,2612492528.0,1.35,0.23
2016-03-28,809.53,802.55,814.79,798.2,-0.41,-3.27,1799792,2742592720.0,2.06,0.24
2016-03-29,800.92,791.49,804.86,787.25,-1.38,-11.06,2006379,2923768608.0,2.19,0.26
2016-03-30,799.23,817.05,817.4,796.73,3.23,25.56,2456114,3675201568.0,2.61,0.32
2016-03-31,820.46,817.87,829.73,814.68,0.1,0.82,2723436,4065338768.0,1.84,0.36
2016-04-01,814.53,811.26,814.97,800.13,-0.81,-6.61,1779714,2614896784.0,1.81,0.23
2016-04-05,811.63,826.77,829.52,810.04,1.91,15.51,2466832,3611071072.0,2.4,0.33
2016-04-06,820.85,831.27,837.29,819.22,0.54,4.5,3021454,3615137904.0,2.19,0.4
2016-04-07,841.17,826.03,846.19,825.24,-0.63,-5.24,3125529,3881457456.0,2.52,0.41
2016-04-08,817.96,811.2,818.98,801.1,-1.8,-14.83,3417747,4227360160.0,2.16,0.45
2016-04-11,821.66,824.37,834.91,821.66,1.62,13.17,3336701,4701859072.0,1.63,0.44
2016-04-12,823.26,817.56,824.81,807.51,-0.83,-6.81,2205054,2735151584.0,2.1,0.29
2016-04-13,820.86,827.46,839.5,820.86,1.21,9.9,3953347,4695278592.0,2.28,0.52
2016-04-14,831.67,836.35,836.35,824.37,1.07,8.89,2827181,3455748096.0,1.45,0.37
2016-04-15,834.16,831.45,837.3,827.82,-0.59,-4.9,2347906,2863354608.0,1.13,0.31
2016-04-18,826.28,819.44,826.28,815.96,-1.44,-12.01,2178189,2741034704.0,1.24,0.29
2016-04-19,823.29,822.11,825.86,815.64,0.33,2.67,1954817,2724041952.0,1.25,0.26
2016-04-20,824.62,787.24,824.84,771.41,-4.24,-34.87,3439456,4357132800.0,6.5,0.45
2016-04-21,782.8,773.15,788.91,772.47,-1.79,-14.09,1883628,2373392960.0,2.09,0.25
2016-04-22,767.65,780.71,780.84,766.39,0.98,7.56,1349235,1624268336.0,1.87,0.18
2016-04-25,778.04,772.51,778.04,764.86,-1.05,-8.2,1201183,1482337168.0,1.69,0.16
2016-04-26,772.9,781.65,781.88,770.21,1.18,9.14,1262367,1535722304.0,1.51,0.17
2016-04-27,782.96,775.96,786.57,774.92,-0.73,-5.69,1417903,1741529280.0,1.49,0.19
2016-04-28,776.16,773.36,778.14,762.97,-0.34,-2.6,1449080,1809085696.0,1.95,0.19
2016-04-29,769.5,769.71,774.33,767.17,-0.47,-3.65,1098243,1349157792.0,0.93,0.14
2016-05-03,771.23,792.85,794.59,768.16,3.01,23.14,2363153,2806670576.0,3.43,0.31
2016-05-04,787.76,791.49,795.73,787.15,-0.17,-1.36,1747483,2060176640.0,1.08,0.23
2016-05-05,788.9,792.73,793.48,786.1,0.16,1.24,1425415,1762395200.0,0.93,0.19
2016-05-06,792.4,763.15,795.6,762.94,-3.73,-29.58,2441043,3096941072.0,4.12,0.32
2016-05-09,760.18,729.52,760.18,726.75,-4.41,-33.63,1951727,2210172480.0,4.38,0.26
2016-05-10,727.94,729.4,733.68,724.26,-0.02,-0.12,1005992,1192228192.0,1.29,0.13
2016-05-11,734.02,721.54,736.42,721.07,-1.08,-7.86,1005213,1152928976.0,2.1,0.13
2016-05-12,713.12,719.75,720.3,702.9,-0.25,-1.79,1146521,1285319888.0,2.41,0.15
2016-05-13,717.86,715.51,726.83,712.5,-0.59,-4.24,951939,1095220816.0,1.99,0.13
2016-05-16,714.2,731.32,733.1,712.4,2.21,15.81,1142337,1283405072.0,2.89,0.15
2016-05-17,730.07,731.39,737.18,722.11,0.01,0.07,1204208,1398005616.0,2.06,0.16
2016-05-18,726.22,716.72,726.22,710.54,-2.01,-14.67,1440340,1636968864.0,2.14,0.19
2016-05-19,716.3,717.51,727.26,715.48,0.11,0.79,1088488,1291460272.0,1.64,0.14
2016-05-20,713.55,723.09,723.48,708.94,0.78,5.58,1014729,1166230960.0,2.03,0.13
2016-05-23,723.55,727.91,732.49,723.08,0.67,4.82,1206162,1429698336.0,1.3,0.16
2016-05-24,728.22,719.49,728.22,715.29,-1.16,-8.42,969859,1088568288.0,1.78,0.13
2016-05-25,724.06,718.65,728.14,717.11,-0.12,-0.84,839684,982347856.0,1.53,0.11
2016-05-26,719.23,717.02,721.43,702.74,-0.23,-1.63,1064496,1217362448.0,2.6,0.14
2016-05-27,716.76,718.89,722.34,713.39,0.26,1.87,927410,1079396224.0,1.25,0.12
2016-05-30,716.61,717.08,721.87,708.54,-0.25,-1.81,836313,934372304.0,1.85,0.11
2016-05-31,716.68,751.87,752.37,716.68,4.85,34.79,2759800,3222237344.0,4.98,0.36
2016-06-01,750.33,750.31,755.95,746.47,-0.21,-1.56,2183572,2776387312.0,1.26,0.29
2016-06-02,748.25,756.58,756.87,748.25,0.84,6.27,1752648,2238229488.0,1.15,0.23
2016-06-03,756.83,755.24,761.15,749.72,-0.18,-1.34,1717507,2199639856.0,1.51,0.23
2016-06-06,756.4,752.68,757.64,749.64,-0.34,-2.56,1250699,1608871616.0,1.06,0.17
2016-06-07,753.13,751.1,755.01,749.09,-0.21,-1.58,1049435,1341245520.0,0.79,0.14
2016-06-08,751.94,747.22,751.94,742.49,-0.52,-3.88,1255373,1603641296.0,1.26,0.17
2016-06-13,739.66,711.01,741.6,710.48,-4.85,-36.21,1601285,1855939616.0,4.16,0.21
2016-06-14,708.29,714.27,717.18,707.99,0.46,3.26,1063702,1205427888.0,1.29,0.14
2016-06-15,706.24,728.49,733.54,706.13,1.99,14.22,1574795,1777209680.0,3.84,0.21
2016-06-16,728.49,724.56,730.18,721.91,-0.54,-3.93,1414698,1749390352.0,1.14,0.19
2016-06-17,730.12,737.17,746.29,730.11,1.74,12.61,1949811,2288032720.0,2.23,0.26
2016-06-20,736.25,735.37,738.0,729.25,-0.24,-1.8,1338513,1601658064.0,1.19,0.18
2016-06-21,738.34,734.71,750.85,731.16,-0.09,-0.66,1838504,2142652416.0,2.68,0.24
2016-06-22,732.38,741.51,741.51,730.66,0.93,6.8,1260730,1504771872.0,1.48,0.17
2016-06-23,743.81,741.28,749.23,737.59,-0.03,-0.23,1483328,1511797920.0,1.57,0.2
2016-06-24,739.26,724.18,739.58,708.36,-2.31,-17.1,2531049,2380672496.0,4.21,0.33
2016-06-27,720.01,735.55,735.58,718.65,1.57,11.37,2084965,2364016608.0,2.34,0.28
2016-06-28,732.47,746.61,750.22,726.99,1.5,11.06,2713066,2893221472.0,3.16,0.36
2016-06-29,747.16,764.57,776.54,745.04,2.41,17.96,4642707,4467332864.0,4.22,0.61
2016-06-30,759.06,757.77,764.33,754.23,-0.89,-6.8,2388147,2447912432.0,1.32,0.32
2016-07-01,761.4,757.51,766.86,756.66,-0.03,-0.26,2047950,1952399344.0,1.35,0.27
2016-07-04,751.3,771.7,774.88,749.53,1.87,14.19,3204068,3064865600.0,3.35,0.42
2016-07-05,773.38,776.26,781.49,769.05,0.59,4.56,3348404,3033384624.0,1.61,0.44
2016-07-06,774.21,772.56,775.22,769.4,-0.48,-3.7,2048953,1968515936.0,0.75,0.27
2016-07-07,771.38,769.36,773.7,760.14,-0.41,-3.2,2467012,2394237984.0,1.76,0.33
2016-07-08,767.98,765.33,770.97,763.19,-0.52,-4.03,1787186,1811623152.0,1.01,0.24
2016-07-11,765.81,764.19,772.56,763.04,-0.15,-1.14,2183190,2259176736.0,1.24,0.29
2016-07-12,763.46,777.71,779.4,757.05,1.77,13.52,2840055,2791199152.0,2.92,0.37
2016-07-13,776.5,782.03,785.64,776.48,0.56,4.32,3149256,3129148144.0,1.18,0.42
2016-07-14,779.54,777.61,781.07,774.17,-0.57,-4.42,1957688,1969776992.0,0.88,0.26
2016-07-15,777.03,778.6,782.26,775.8,0.13,0.99,2521873,2486122944.0,0.83,0.33
2016-07-18,775.07,771.18,777.4,769.6,-0.95,-7.42,1983969,2107811984.0,1.0,0.26
2016-07-19,770.77,776.5,776.85,769.03,0.69,5.32,1579308,1727569568.0,1.01,0.21
2016-07-20,776.96,774.31,778.74,772.67,-0.28,-2.19,1558791,1740639808.0,0.78,0.21
2016-07-21,773.77,773.25,780.38,770.9,-0.14,-1.06,1754481,1808633632.0,1.22,0.23
2016-07-22,772.9,764.56,773.95,762.77,-1.12,-8.69,1953182,1859094864.0,1.45,0.26
2016-07-25,764.59,764.76,768.28,762.11,0.03,0.2,1386257,1399869456.0,0.81,0.18
2016-07-26,765.22,771.3,771.79,764.75,0.86,6.54,1517645,1591522432.0,0.92,0.2
2016-07-27,771.0,746.9,771.64,737.65,-3.16,-24.4,2745536,2756773744.0,4.41,0.36
2016-07-28,746.85,765.21,773.63,745.05,2.45,18.31,3280400,2952232048.0,3.83,0.43
2016-07-29,764.41,769.58,781.85,758.21,0.57,4.37,4916346,3868303264.0,3.09,0.65
2016-08-01,764.27,760.29,771.87,758.11,-1.21,-9.29,3567846,2914419696.0,1.79,0.47
2016-08-02,756.86,773.62,775.71,756.02,1.75,13.33,3736165,3160493728.0,2.59,0.49
2016-08-03,769.64,787.02,788.96,768.28,1.73,13.4,4948788,4406633984.0,2.67,0.65
2016-08-04,784.28,792.93,795.81,776.67,0.75,5.91,4763950,4099254576.0,2.43,0.63
2016-08-05,788.89,784.97,791.69,783.67,-1.0,-7.96,3116765,2847146864.0,1.01,0.41
2016-08-08,782.97,789.51,789.68,779.25,0.58,4.54,2537352,2313287808.0,1.33,0.33
2016-08-09,789.25,792.94,793.35,782.39,0.43,3.43,3035605,2730942384.0,1.39,0.4
2016-08-10,790.88,783.93,791.6,783.11,-1.14,-9.01,2438536,2588762528.0,1.07,0.32
2016-08-11,796.98,796.39,810.04,795.6,1.59,12.46,5823134,5082130176.0,1.84,0.77
2016-08-12,794.31,816.78,817.81,793.27,2.56,20.39,6521286,5502460672.0,3.08,0.86
2016-08-15,811.22,864.66,871.93,809.43,5.86,47.88,9985465,8989076992.0,7.65,1.32
2016-08-16,872.08,888.46,895.84,870.17,2.75,23.8,10839354,9302075648.0,2.97,1.43
2016-08-17,881.25,900.1,900.29,876.83,1.31,11.64,9151923,7867687936.0,2.64,1.21
2016-08-18,913.94,896.41,917.29,887.17,-0.41,-3.69,8655174,7249602816.0,3.35,1.14
2016-08-19,896.44,927.12,932.23,889.07,3.43,30.71,10833658,8959828736.0,4.81,1.43
2016-08-22,915.56,875.65,920.48,875.2,-5.55,-51.47,8615676,7122878720.0,4.88,1.14
2016-08-23,871.36,877.54,882.6,867.86,0.22,1.89,4360052,3626523104.0,1.68,0.58
2016-08-24,878.34,870.92,885.52,867.1,-0.75,-6.62,4123125,3404934352.0,2.1,0.54
2016-08-25,854.61,850.56,854.63,834.9,-2.34,-20.36,4574260,3834423648.0,2.27,0.6
2016-08-26,854.17,846.59,858.82,845.44,-0.47,-3.97,2896556,2647893504.0,1.57,0.38
2016-08-29,849.48,855.64,861.54,847.07,1.07,9.05,2756178,2534631888.0,1.71,0.36
2016-08-30,854.63,858.35,868.73,851.46,0.32,2.71,3002838,2692560544.0,2.02,0.4
2016-08-31,856.33,856.67,863.27,849.82,-0.2,-1.68,2864157,2569948704.0,1.57,0.38
2016-09-01,856.76,846.56,862.92,846.46,-1.18,-10.11,3548775,3196159952.0,1.92,0.47
2016-09-02,839.75,847.39,854.96,838.7,0.1,0.83,2871370,2573154256.0,1.92,0.38
2016-09-05,845.74,851.11,858.85,844.85,0.44,3.72,2739237,2571125680.0,1.65,0.36
2016-09-06,852.09,866.79,867.14,840.44,1.84,15.68,3991074,3705828048.0,3.14,0.53
2016-09-07,869.74,857.17,869.74,855.96,-1.11,-9.62,3557734,3399534544.0,1.59,0.47
2016-09-08,854.8,854.94,860.5,849.52,-0.26,-2.23,3045426,2985688080.0,1.28,0.4
2016-09-09,857.02,845.74,858.43,845.2,-1.08,-9.2,2544640,2545557264.0,1.55,0.34
2016-09-12,828.78,824.45,829.78,813.48,-2.52,-21.29,3245768,3061038736.0,1.93,0.43
2016-09-13,825.2,825.56,826.51,816.21,0.13,1.11,1818760,1774125856.0,1.25,0.24
2016-09-14,820.08,820.92,829.31,816.05,-0.56,-4.64,1570227,1446696656.0,1.61,0.21
2016-09-19,824.32,829.16,829.91,824.28,1.0,8.24,1488535,1707380464.0,0.69,0.2
2016-09-20,830.32,824.59,831.29,822.69,-0.55,-4.57,1636866,1695461472.0,1.04,0.22
2016-09-21,825.01,831.01,835.1,824.43,0.78,6.42,1880504,2844659600.0,1.29,0.25
2016-09-22,835.5,841.79,849.57,833.84,1.3,10.78,2744427,3371298080.0,1.89,0.36
2016-09-23,843.22,835.03,844.87,834.85,-0.8,-6.76,1698010,2495001952.0,1.19,0.22
2016-09-26,834.79,813.09,835.25,811.77,-2.63,-21.94,1985236,2805956832.0,2.81,0.26
2016-09-27,810.36,822.22,822.71,808.65,1.12,9.13,1530082,2184655568.0,1.73,0.2
2016-09-28,823.48,838.03,853.69,817.42,1.92,15.81,3307319,3289195936.0,4.41,0.44
2016-09-29,832.28,838.39,845.04,832.28,0.04,0.36,2508919,2680590288.0,1.52,0.33
2016-09-30,836.28,844.55,848.63,835.06,0.73,6.16,2535379,2770462960.0,1.62,0.33
2016-10-10,848.77,860.18,861.43,844.16,1.85,15.63,3116633,3422033104.0,2.04,0.41
2016-10-11,865.91,884.39,889.43,864.84,2.81,24.21,5612888,5871874304.0,2.86,0.74
2016-10-12,878.27,875.51,878.88,871.25,-1.0,-8.88,2988970,3264235152.0,0.86,0.39
2016-10-13,871.66,893.28,905.08,871.48,2.03,17.77,6575759,5878036992.0,3.84,0.87
2016-10-14,888.42,884.31,888.76,877.54,-1.0,-8.97,2360517,2433590080.0,1.26,0.31
2016-10-17,884.99,877.44,890.23,875.05,-0.78,-6.87,2056232,2371666608.0,1.72,0.27
2016-10-18,876.19,889.12,889.12,876.19,1.33,11.68,1833074,2371621216.0,1.47,0.24
2016-10-19,890.33,884.62,891.26,881.23,-0.51,-4.5,1452310,1916686640.0,1.13,0.19
2016-10-20,885.29,881.84,886.04,881.18,-0.31,-2.78,1282769,1682861312.0,0.55,0.17
2016-10-21,881.06,878.03,886.66,873.42,-0.43,-3.81,1726687,2238345424.0,1.5,0.23
2016-10-24,878.92,888.8,891.56,877.85,1.23,10.77,2348118,2923994496.0,1.56,0.31
2016-10-25,889.13,887.07,889.14,884.07,-0.19,-1.73,1498617,2218417728.0,0.57,0.2
2016-10-26,886.98,893.51,901.91,884.95,0.73,6.44,2824982,3185414096.0,1.91,0.37
2016-10-27,890.07,888.4,891.95,884.72,-0.57,-5.11,1656930,2095564480.0,0.81,0.22
2016-10-28,887.77,882.49,898.98,882.49,-0.67,-5.91,1799922,2340786448.0,1.86,0.24
2016-10-31,879.01,874.61,879.59,869.41,-0.89,-7.88,1415839,1856809344.0,1.15,0.19
2016-11-01,874.42,881.69,883.18,874.27,0.81,7.08,1365020,1851967936.0,1.02,0.18
2016-11-02,881.3,874.87,884.03,874.05,-0.77,-6.82,1861832,2317005824.0,1.13,0.25
2016-11-03,874.61,883.41,889.6,874.21,0.98,8.54,2806349,3451209840.0,1.76,0.37
2016-11-04,882.44,876.55,884.34,875.15,-0.78,-6.86,2036077,2875194352.0,1.04,0.27
2016-11-07,876.59,875.81,879.84,872.57,-0.08,-0.74,1480910,2067747088.0,0.83,0.2
2016-11-08,877.89,882.7,885.09,877.53,0.79,6.89,1799862,2320741712.0,0.86,0.24
2016-11-09,881.75,872.59,881.75,863.63,-1.15,-10.11,1916249,2418835200.0,2.05,0.25
2016-11-10,878.03,882.37,886.39,878.03,1.12,9.78,1916964,2403346736.0,0.96,0.25
2016-11-11,884.54,892.58,897.4,881.2,1.16,10.21,3548198,4568424960.0,1.84,0.47
2016-11-14,892.99,895.61,901.47,889.23,0.34,3.03,3304396,4389653248.0,1.37,0.44
2016-11-15,894.73,893.51,895.41,890.07,-0.23,-2.1,1896590,2511892320.0,0.6,0.25
2016-11-16,895.23,896.67,897.85,892.42,0.35,3.16,2189116,3051680368.0,0.61,0.29
2016-11-17,896.8,897.07,897.58,890.47,0.04,0.4,2469726,3566380880.0,0.79,0.33
2016-11-18,895.57,888.06,895.96,887.84,-1.0,-9.01,2247376,3185576544.0,0.91,0.3
2016-11-21,887.03,894.76,900.86,885.59,0.75,6.7,3057902,4202479456.0,1.72,0.4
2016-11-22,893.56,899.41,899.42,892.31,0.52,4.65,2665447,3697046480.0,0.79,0.35
2016-11-23,901.85,901.74,913.02,899.98,0.26,2.33,4210317,5430407424.0,1.45,0.56
2016-11-24,898.35,907.38,911.8,895.85,0.63,5.64,3890009,5196569600.0,1.77,0.51
2016-11-25,908.6,930.43,934.85,907.66,2.54,23.05,5590942,7037069056.0,3.0,0.74
2016-11-28,929.25,925.93,931.83,923.87,-0.48,-4.5,4453067,6099473920.0,0.86,0.59
2016-11-29,922.74,922.4,931.01,920.31,-0.38,-3.53,3645619,4583286528.0,1.16,0.48
2016-11-30,920.74,902.9,920.74,901.44,-2.11,-19.5,3299200,4058124544.0,2.09,0.44
2016-12-01,904.4,909.26,913.4,902.98,0.7,6.36,2283199,3029974704.0,1.15,0.3
2016-12-02,906.69,894.92,909.53,893.03,-1.58,-14.34,2461535,3067745488.0,1.81,0.32
2016-12-05,887.53,891.87,896.78,885.52,-0.34,-3.05,1808299,2490102704.0,1.26,0.24
2016-12-06,892.15,890.42,896.03,889.26,-0.16,-1.45,1355214,1804054256.0,0.76,0.18
2016-12-07,889.87,898.1,898.14,889.87,0.86,7.68,1515337,2265829552.0,0.93,0.2
2016-12-08,898.42,894.38,898.46,893.32,-0.41,-3.72,1371147,2196628128.0,0.57,0.18
2016-12-09,892.18,896.93,900.99,892.18,0.29,2.55,1633155,2476706720.0,0.99,0.22
2016-12-12,896.07,875.72,897.39,873.61,-2.36,-21.21,2454510,3311062928.0,2.65,0.32
2016-12-13,871.82,875.11,879.59,865.8,-0.07,-0.61,1784863,2762807008.0,1.57,0.24
2016-12-14,874.15,868.55,879.64,868.55,-0.75,-6.56,1644649,2743594976.0,1.27,0.22
2016-12-15,867.81,870.98,878.44,867.68,0.28,2.43,1525381,2407833008.0,1.24,0.2
2016-12-16,870.43,871.29,876.2,868.05,0.04,0.31,1275800,2207888576.0,0.94,0.17
2016-12-19,870.89,872.05,876.21,869.36,0.09,0.76,1662518,2588006768.0,0.79,0.22
2016-12-20,871.87,866.95,872.63,861.7,-0.58,-5.1,1720790,2277497984.0,1.25,0.23
2016-12-21,868.01,870.92,873.97,868.01,0.46,3.97,2286840,3612229840.0,0.69,0.3
2016-12-22,884.45,883.75,885.07,880.31,1.47,12.83,1437249,2214774880.0,0.55,0.19
2016-12-23,893.16,871.01,893.16,870.88,-1.44,-12.74,2643027,2966805248.0,2.52,0.35
2016-12-26,867.06,869.35,869.35,849.73,-0.19,-1.66,2060590,2487396896.0,2.25,0.27
2016-12-27,866.54,864.1,870.49,864.08,-0.6,-5.25,1544137,2115532336.0,0.74,0.2
2016-12-28,863.58,864.11,870.92,862.74,0.0,0.01,1425530,1867414912.0,0.95,0.19
2016-12-29,863.05,860.48,868.14,859.3,-0.42,-3.63,1475310,1920347216.0,1.02,0.19
2016-12-30,861.93,865.19,866.18,860.87,0.55,4.71,1596974,2246415776.0,0.62,0.21
2017-01-03,865.36,877.6,879.77,865.13,1.43,12.41,1782384,2226379888.0,1.69,0.24
2017-01-04,876.28,878.54,880.35,874.23,0.11,0.94,1615962,2189636304.0,0.7,0.21
2017-01-05,878.97,878.26,881.62,877.03,-0.03,-0.28,1550283,2041579728.0,0.52,0.2
2017-01-06,878.17,873.23,881.02,872.35,-0.57,-5.03,1776265,2533342672.0,0.99,0.23
2017-01-09,872.07,882.2,885.21,871.15,1.03,8.97,2225421,2961035920.0,1.61,0.29
2017-01-10,881.66,876.12,882.01,874.8,-0.69,-6.08,1868844,2663703248.0,0.82,0.25
2017-01-11,873.94,872.69,878.22,870.02,-0.39,-3.43,1558461,2232634048.0,0.94,0.21
2017-01-12,873.39,863.02,876.43,862.81,-1.11,-9.67,2177693,3367753184.0,1.56,0.29
2017-01-13,862.43,858.78,865.72,856.3,-0.49,-4.24,1683058,2356749232.0,1.09,0.22
2017-01-16,855.34,862.15,862.69,841.07,0.39,3.37,2776736,3327846176.0,2.52,0.37
2017-01-17,857.17,862.07,863.8,850.19,-0.01,-0.08,1515442,2129010064.0,1.58,0.2
2017-01-18,848.38,849.28,852.97,846.34,-1.48,-12.79,1474232,2099718944.0,0.77,0.19
2017-01-19,837.98,834.4,840.5,832.17,-1.75,-14.88,3695194,3426137680.0,0.98,0.49
2017-01-20,829.07,841.45,843.56,828.98,0.84,7.05,2656714,2723478496.0,1.75,0.35
2017-01-23,842.17,846.32,850.49,842.17,0.58,4.87,2264405,2522143920.0,0.99,0.3
2017-01-24,844.68,840.73,845.74,838.87,-0.66,-5.59,1918138,2061210048.0,0.81,0.25
2017-01-25,838.39,848.55,849.21,836.82,0.93,7.82,2147551,2090097120.0,1.47,0.28
2017-01-26,848.4,847.66,852.6,846.9,-0.1,-0.89,1642247,1841975888.0,0.67,0.22
2017-02-03,844.48,844.23,848.79,843.16,-0.4,-3.43,1717410,1926015040.0,0.66,0.23
2017-02-06,838.89,843.91,844.15,836.41,-0.04,-0.32,1936881,2308778784.0,0.92,0.26
2017-02-07,841.65,846.9,847.02,838.21,0.35,2.99,2798977,3357372256.0,1.04,0.37
2017-02-08,844.2,852.4,853.52,841.27,0.65,5.5,2542106,3034046960.0,1.45,0.34
2017-02-09,849.96,855.0,855.23,848.72,0.31,2.6,2732690,3214298656.0,0.76,0.36
2017-02-10,854.29,856.03,860.67,852.68,0.12,1.03,2643040,3188054032.0,0.93,0.35
2017-02-13,853.96,856.9,858.94,851.58,0.1,0.87,2378537,2946797600.0,0.86,0.31
2017-02-14,857.92,853.1,858.05,851.14,-0.44,-3.8,1999318,2462190336.0,0.81,0.26
2017-02-15,852.26,851.02,862.82,847.04,-0.24,-2.08,3492619,3979123040.0,1.85,0.46
2017-02-16,849.46,874.64,883.13,846.97,2.78,23.62,4576976,4589040896.0,4.25,0.6
2017-02-17,870.16,865.58,886.72,864.86,-1.04,-9.06,3952515,4256520624.0,2.5,0.52
2017-02-20,862.6,870.4,870.95,862.6,0.56,4.82,1996538,2757276176.0,0.96,0.26
2017-02-21,871.16,876.38,878.09,870.97,0.69,5.98,1899777,2597531456.0,0.82,0.25
2017-02-22,875.8,875.94,878.3,871.19,-0.05,-0.44,1709820,2474289392.0,0.81,0.23
2017-02-23,873.17,861.47,873.41,858.49,-1.65,-14.47,2696015,2897026624.0,1.7,0.36
2017-02-24,860.82,865.76,865.94,858.03,0.5,4.29,2101299,2659666752.0,0.92,0.28
2017-02-27,863.87,857.52,865.76,855.91,-0.95,-8.24,1762075,2170782512.0,1.14,0.23
2017-02-28,857.65,863.89,864.93,854.42,0.74,6.37,2140686,2453432656.0,1.23,0.28
2017-03-01,862.3,871.68,877.04,861.63,0.9,7.79,2590985,2935823456.0,1.78,0.34
2017-03-02,871.85,865.33,875.53,863.73,-0.73,-6.35,4626484,6373121792.0,1.35,0.61
2017-03-03,860.61,868.4,872.15,859.84,0.35,3.07,4581189,5789211648.0,1.42,0.6
2017-03-06,868.94,868.76,871.12,864.14,0.04,0.36,3008705,3784057536.0,0.8,0.4
2017-03-07,878.2,876.39,881.98,869.41,0.88,7.63,3608472,3757743104.0,1.45,0.48
2017-03-08,872.96,874.02,876.09,868.92,-0.27,-2.37,2383832,2714765888.0,0.82,0.31
2017-03-09,871.58,867.42,874.23,864.99,-0.76,-6.6,2351717,2620392512.0,1.06,0.31
2017-03-10,867.57,872.94,875.51,864.1,0.64,5.52,2447987,2689002368.0,1.32,0.32
2017-03-13,869.11,876.6,877.33,860.89,0.42,3.66,2410867,2677605888.0,1.88,0.32
2017-03-14,874.89,870.08,876.98,867.54,-0.74,-6.52,2472510,3014769296.0,1.08,0.33
2017-03-15,867.22,865.57,868.51,861.97,-0.52,-4.51,1937765,2355025952.0,0.75,0.26
2017-03-16,867.72,876.39,878.15,867.72,1.25,10.82,3264565,3839599072.0,1.2,0.43
2017-03-17,875.29,863.56,876.36,862.8,-1.46,-12.83,3018809,3756855232.0,1.55,0.4
2017-03-20,861.45,868.72,868.75,860.81,0.6,5.16,2058720,2465314816.0,0.92,0.27
2017-03-21,868.72,866.97,868.78,863.84,-0.2,-1.75,2557565,3408146736.0,0.57,0.34
2017-03-22,863.23,859.7,863.89,856.13,-0.84,-7.27,2674478,3462702256.0,0.9,0.35
2017-03-23,860.15,854.64,863.84,846.92,-0.59,-5.06,2578050,3100587456.0,1.97,0.34
2017-03-24,853.33,856.72,858.61,847.03,0.24,2.08,2254970,2675139456.0,1.35,0.3
2017-03-27,855.9,855.36,859.51,852.64,-0.16,-1.36,1970851,2393312912.0,0.8,0.26
2017-03-28,853.48,847.57,854.96,846.55,-0.91,-7.79,2119652,2619780736.0,0.98,0.28
2017-03-29,847.24,841.34,848.38,838.24,-0.74,-6.23,2107433,2776560496.0,1.2,0.28
2017-03-30,840.04,829.45,841.0,826.29,-1.41,-11.89,2533772,3029463136.0,1.75,0.33
2017-03-31,829.68,830.5,834.1,826.62,0.13,1.05,1567540,1894872624.0,0.9,0.21
2017-04-05,833.02,846.86,848.33,832.72,1.97,16.36,2213703,2502809072.0,1.88,0.29
2017-04-06,850.19,845.68,850.45,844.3,-0.14,-1.18,2131058,2399209024.0,0.73,0.28
2017-04-07,846.88,850.93,852.84,845.94,0.62,5.25,2272673,2496230064.0,0.82,0.3
2017-04-10,851.24,847.36,853.35,843.55,-0.42,-3.57,2764530,2866372048.0,1.15,0.36
2017-04-11,844.84,857.02,857.2,840.84,1.14,9.66,3608454,3631476560.0,1.93,0.48
2017-04-12,853.82,851.64,858.19,848.69,-0.63,-5.38,2561693,2880792496.0,1.11,0.34
2017-04-13,848.09,876.05,883.48,846.93,2.87,24.41,4211654,3989846912.0,4.29,0.56
2017-04-14,889.3,867.34,891.23,865.92,-0.99,-8.71,5312500,5206979840.0,2.89,0.7
2017-04-17,855.83,841.3,857.14,837.02,-3.0,-26.04,3331343,2965681616.0,2.32,0.44
2017-04-18,839.51,839.18,850.47,838.12,-0.25,-2.12,2390685,2173141200.0,1.47,0.32
2017-04-19,833.97,837.3,838.38,825.87,-0.22,-1.88,2355874,2344941824.0,1.49,0.31
2017-04-20,834.11,828.76,838.88,822.16,-1.02,-8.54,2027970,1974063680.0,2.0,0.27
2017-04-21,828.47,828.56,830.48,821.62,-0.02,-0.2,1636459,1722948320.0,1.07,0.22
2017-04-24,826.42,811.49,826.42,806.1,-2.06,-17.07,2053422,1948618176.0,2.45,0.27
2017-04-25,811.83,808.84,817.6,808.41,-0.33,-2.65,1307302,1326284896.0,1.13,0.17
2017-04-26,807.27,814.63,818.37,807.14,0.72,5.79,1496486,1533841136.0,1.39,0.2
2017-04-27,811.36,818.52,820.64,801.65,0.48,3.89,1933478,1938887536.0,2.33,0.26
2017-04-28,818.98,820.84,821.67,817.26,0.28,2.32,1266202,1411526272.0,0.54,0.17
2017-05-02,821.89,822.1,825.25,819.84,0.15,1.26,1583300,1875779440.0,0.66,0.21
2017-05-03,818.18,816.83,821.91,813.76,-0.64,-5.27,1631897,1960871024.0,0.99,0.22
2017-05-04,811.4,811.7,816.94,807.43,-0.63,-5.13,1805701,2074131904.0,1.16,0.24
2017-05-05,805.55,795.51,805.66,792.34,-1.99,-16.19,2582886,2786160048.0,1.64,0.34
2017-05-08,790.96,788.69,795.17,783.44,-0.86,-6.82,2368103,2593784960.0,1.47,0.31
2017-05-09,788.34,788.53,789.39,781.36,-0.02,-0.16,1228180,1209136800.0,1.02,0.16
2017-05-10,787.95,780.18,794.28,778.96,-1.06,-8.35,1480570,1369781632.0,1.94,0.2
2017-05-11,772.61,771.93,776.02,761.12,-1.06,-8.25,2322375,1957192128.0,1.91,0.31
2017-05-12,772.71,773.46,781.66,769.57,0.2,1.53,1612471,1488586528.0,1.57,0.21
2017-05-15,774.73,770.66,775.98,770.65,-0.36,-2.8,1257223,1157826464.0,0.69,0.17
2017-05-16,767.82,779.31,779.42,763.82,1.12,8.65,1366371,1225629600.0,2.02,0.18
2017-05-17,779.81,780.87,786.19,776.9,0.2,1.56,1476640,1338652736.0,1.19,0.19
2017-05-18,775.11,775.99,780.6,771.91,-0.62,-4.88,1081583,1016313008.0,1.11,0.14
2017-05-19,775.02,772.57,777.76,771.1,-0.44,-3.42,868250,857775824.0,0.86,0.11
2017-05-22,771.98,764.38,772.83,756.91,-1.06,-8.19,1441702,1359036896.0,2.06,0.19
2017-05-23,762.13,744.23,763.11,743.42,-2.64,-20.15,1914302,1496918800.0,2.58,0.25
2017-05-24,740.99,748.75,748.75,735.56,0.61,4.52,1154980,998587792.0,1.77,0.15
2017-05-25,749.77,760.44,762.42,743.64,1.56,11.69,1652581,1439063408.0,2.51,0.22
2017-05-26,758.99,759.28,763.35,757.96,-0.15,-1.16,1084302,968413632.0,0.71,0.14
2017-05-31,763.17,759.7,770.06,758.91,0.06,0.42,1063751,972283680.0,1.47,0.14
2017-06-01,758.12,741.35,758.58,740.91,-2.42,-18.35,1184569,1021016864.0,2.33,0.16
2017-06-02,740.19,724.87,741.33,710.36,-2.22,-16.48,1940316,1383859952.0,4.18,0.26
2017-06-05,726.24,729.39,732.34,724.2,0.62,4.52,992425,928683888.0,1.12,0.13
2017-06-06,730.14,731.18,732.7,727.45,0.25,1.79,742059,709519152.0,0.72,0.1
2017-06-07,732.17,744.24,744.96,730.53,1.79,13.06,1403780,1318918064.0,1.97,0.19
2017-06-08,743.69,743.85,747.65,741.35,-0.05,-0.39,1091707,1140512448.0,0.85,0.14
2017-06-09,743.46,742.65,743.46,738.2,-0.16,-1.2,922953,818902800.0,0.71,0.12
2017-06-12,744.16,732.46,744.16,732.15,-1.37,-10.19,1341986,1471275024.0,1.62,0.18
2017-06-13,732.16,742.6,743.06,731.72,1.38,10.14,1013772,1053585424.0,1.55,0.13
2017-06-14,743.02,742.09,744.3,739.37,-0.07,-0.51,1120326,1248799920.0,0.66,0.15
2017-06-15,742.16,750.6,753.09,740.44,1.15,8.51,1541226,1680297616.0,1.7,0.2
2017-06-16,749.75,748.77,751.29,747.01,-0.24,-1.83,1036368,1097949440.0,0.57,0.14
2017-06-19,747.67,754.8,756.76,747.27,0.81,6.03,1194056,1147535456.0,1.27,0.16
2017-06-20,756.1,753.25,757.99,752.78,-0.21,-1.55,890730,950423264.0,0.69,0.12
2017-06-21,757.42,754.67,759.66,751.91,0.19,1.42,980977,1003435552.0,1.03,0.13
2017-06-22,754.84,750.76,760.58,749.9,-0.52,-3.91,1446992,1514910560.0,1.42,0.19
2017-06-23,746.84,747.01,750.16,739.36,-0.5,-3.75,1093170,1134424368.0,1.44,0.14
2017-06-26,746.28,761.18,762.29,744.87,1.9,14.17,1369286,1523159920.0,2.33,0.18
2017-06-27,764.03,765.86,772.58,764.0,0.61,4.68,2125154,1793471072.0,1.13,0.28
2017-06-28,764.49,759.78,765.05,757.95,-0.79,-6.08,1797135,1537019024.0,0.93,0.24
2017-06-29,759.53,761.39,763.8,757.21,0.21,1.61,1318113,1401928352.0,0.87,0.17
2017-06-30,760.15,764.5,765.58,758.53,0.41,3.11,1276898,1479703696.0,0.93,0.17
2017-07-03,765.06,768.98,769.08,762.81,0.59,4.48,1128279,1109926352.0,0.82,0.15
2017-07-04,768.92,766.1,768.92,763.07,-0.37,-2.88,1116547,1107890192.0,0.76,0.15
2017-07-05,765.0,772.7,772.84,763.63,0.86,6.6,1400134,1354829456.0,1.2,0.18
2017-07-06,772.35,774.22,775.21,768.24,0.2,1.52,1459933,1543701936.0,0.9,0.19
2017-07-07,773.41,779.94,779.94,772.67,0.74,5.72,1500921,1666139696.0,0.94,0.2
2017-07-10,780.14,785.88,790.05,778.7,0.76,5.94,2322610,2374204768.0,1.46,0.31
2017-07-11,784.87,775.02,786.41,774.68,-1.38,-10.86,1533551,1552786704.0,1.49,0.2
2017-07-12,773.41,777.46,781.13,766.88,0.31,2.44,1681702,1853962704.0,1.84,0.22
2017-07-13,777.63,783.69,784.43,777.12,0.8,6.23,1969395,2069283616.0,0.94,0.26
2017-07-14,782.12,775.69,782.12,774.28,-1.02,-8.0,2184025,2325823056.0,1.0,0.29
2017-07-17,775.19,750.19,775.43,746.84,-3.29,-25.5,3305309,2834506208.0,3.69,0.44
2017-07-18,745.9,763.27,763.29,745.37,1.74,13.08,3287249,2525920640.0,2.39,0.43
2017-07-19,758.44,776.07,776.07,758.44,1.68,12.8,3394864,2870589232.0,2.31,0.45
2017-07-20,772.7,789.01,790.04,771.33,1.67,12.94,3460609,3031257968.0,2.41,0.46
2017-07-21,786.67,788.53,792.22,784.25,-0.06,-0.48,2644471,2480723776.0,1.01,0.35
2017-07-24,788.68,812.64,813.84,785.38,3.06,24.11,4221840,4141535392.0,3.61,0.56
2017-07-25,806.81,802.61,809.89,797.61,-1.23,-10.03,2762436,2631326048.0,1.51,0.36
2017-07-26,799.89,799.92,803.99,794.2,-0.34,-2.69,1962876,2047381552.0,1.22,0.26
2017-07-27,798.29,798.78,800.89,789.3,-0.14,-1.14,2050854,2080994320.0,1.45,0.27
2017-07-28,796.53,794.56,800.1,794.31,-0.53,-4.22,1496289,1519737616.0,0.72,0.2
2017-07-31,794.1,798.93,799.21,792.04,0.55,4.37,1773017,1775804960.0,0.9,0.23
2017-08-01,797.31,801.67,809.03,797.31,0.34,2.74,2095347,2095489824.0,1.47,0.28
2017-08-02,808.83,805.32,809.97,804.54,0.46,3.65,3135661,3333731312.0,0.68,0.41
2017-08-03,804.11,801.03,806.3,798.37,-0.53,-4.29,3152634,3924904624.0,0.98,0.42
2017-08-04,800.51,797.24,805.69,796.54,-0.47,-3.79,2734311,3041389520.0,1.14,0.36
2017-08-07,793.17,796.95,798.05,793.11,-0.04,-0.29,1652714,1881643472.0,0.62,0.22
2017-08-08,797.29,805.66,805.74,797.29,1.09,8.71,1872997,2137254624.0,1.06,0.25
2017-08-09,803.96,800.1,806.55,797.49,-0.69,-5.56,1839108,1983224256.0,1.12,0.24
2017-08-10,799.73,786.79,799.86,784.85,-1.66,-13.31,1870225,2086628928.0,1.88,0.25
2017-08-11,782.17,773.97,782.53,772.96,-1.63,-12.82,1930281,2039488096.0,1.22,0.25
2017-08-14,774.13,784.14,784.91,772.89,1.31,10.17,1326415,1355049312.0,1.55,0.18
2017-08-15,783.48,785.7,788.84,782.77,0.2,1.56,1240785,1329189040.0,0.77,0.16
2017-08-16,781.37,790.75,790.78,781.29,0.64,5.05,1337982,1507003344.0,1.21,0.18
2017-08-17,788.83,793.87,794.11,788.83,0.39,3.12,1375562,1624027264.0,0.67,0.18
2017-08-18,789.21,789.15,791.81,786.67,-0.59,-4.72,1409386,1631350032.0,0.65,0.19
2017-08-21,787.92,791.97,792.65,787.92,0.36,2.82,1456600,1538888208.0,0.6,0.19
2017-08-22,791.87,787.8,793.17,786.6,-0.53,-4.17,1343972,1493140720.0,0.83,0.18
2017-08-23,787.87,785.63,789.26,783.47,-0.28,-2.17,1099062,1208439936.0,0.73,0.15
2017-08-24,785.62,777.78,786.03,776.07,-1.0,-7.85,992130,1111468624.0,1.27,0.13
2017-08-25,776.7,784.59,786.68,776.43,0.88,6.81,1365841,1407720816.0,1.32,0.18
2017-08-28,792.44,801.56,805.59,786.34,2.16,16.97,3820301,3431948336.0,2.45,0.5
2017-08-29,800.31,797.78,801.94,795.45,-0.47,-3.78,1919515,1866298832.0,0.81,0.25
2017-08-30,793.6,797.95,802.8,793.6,0.02,0.17,1827610,1801939248.0,1.15,0.24
2017-08-31,796.53,796.51,798.25,793.69,-0.18,-1.44,1400438,1413027680.0,0.57,0.18
2017-09-01,795.22,798.24,798.68,795.22,0.22,1.73,1648884,1740960976.0,0.43,0.22
2017-09-04,801.23,804.08,806.13,798.86,0.73,5.84,2128332,2196935248.0,0.91,0.28
2017-09-05,804.55,805.9,809.14,803.44,0.23,1.82,1765115,1916707936.0,0.71,0.23
2017-09-06,803.55,807.1,807.13,800.74,0.15,1.2,1888300,2083140800.0,0.79,0.25
2017-09-07,807.86,800.8,807.86,799.79,-0.78,-6.3,1842998,2071945776.0,1.0,0.24
2017-09-08,799.72,801.02,804.78,797.68,0.03,0.22,1444163,1518382112.0,0.89,0.19
2017-09-11,802.14,805.28,805.28,797.96,0.53,4.26,1589363,1651912000.0,0.91,0.21
2017-09-12,806.68,803.42,809.99,802.61,-0.23,-1.86,2376142,2529341392.0,0.92,0.31
2017-09-13,802.72,806.86,806.98,799.92,0.43,3.44,1581375,1708216608.0,0.88,0.21
2017-09-14,806.78,809.02,812.43,805.22,0.27,2.16,2087343,2430728304.0,0.89,0.28
2017-09-15,809.01,813.96,815.42,806.49,0.61,4.94,2140510,2424729904.0,1.1,0.28
2017-09-18,812.24,821.53,821.58,812.24,0.93,7.57,2140450,2558267680.0,1.15,0.28
2017-09-19,821.67,822.12,824.06,818.89,0.07,0.59,2066259,2148135712.0,0.63,0.27
2017-09-20,822.35,822.02,822.79,816.32,-0.01,-0.1,1544107,1675700064.0,0.79,0.2
2017-09-21,821.29,815.97,824.39,815.07,-0.74,-6.05,1686771,1964865936.0,1.13,0.22
2017-09-22,815.24,810.37,815.24,808.11,-0.69,-5.6,1358786,1477748528.0,0.87,0.18
2017-09-25,809.24,800.69,810.44,800.42,-1.19,-9.68,1207726,1335646352.0,1.24,0.16
2017-09-26,800.62,802.5,802.74,798.0,0.23,1.81,909279,1124502720.0,0.59,0.12
2017-09-27,800.28,802.59,803.28,797.93,0.01,0.09,1014960,1244571792.0,0.67,0.13
2017-09-28,801.88,795.41,801.88,795.06,-0.89,-7.18,1895657,2511221168.0,0.85,0.25
2017-09-29,795.61,800.1,800.69,794.12,0.59,4.69,1411442,1799634160.0,0.83,0.19
2017-10-09,810.75,801.73,810.75,798.89,0.2,1.63,1598149,1920605696.0,1.48,0.21
2017-10-10,801.95,811.22,811.55,800.54,1.18,9.49,1814895,1990656128.0,1.37,0.24
2017-10-11,810.65,811.53,814.02,806.65,0.04,0.31,1702912,1921481792.0,0.91,0.22
2017-10-12,811.34,806.26,812.04,801.95,-0.65,-5.27,1351725,1528687840.0,1.24,0.18
2017-10-13,804.68,805.94,806.67,800.83,-0.04,-0.32,1187730,1326682064.0,0.72,0.16
2017-10-16,807.08,797.39,808.45,796.13,-1.06,-8.55,1608233,1890792128.0,1.53,0.21
2017-10-17,795.79,797.17,799.67,792.38,-0.03,-0.22,1367063,1320326064.0,0.91,0.18
2017-10-18,797.25,790.75,799.21,790.23,-0.81,-6.42,1367079,1420925904.0,1.13,0.18
2017-10-19,789.83,781.73,791.56,778.52,-1.14,-9.02,1432860,1444019344.0,1.65,0.19
2017-10-20,781.54,794.11,794.22,781.17,1.58,12.38,1134957,1266988752.0,1.67,0.15
2017-10-23,795.04,796.58,796.72,790.39,0.31,2.47,1144613,1279066832.0,0.8,0.15
2017-10-24,796.02,796.52,796.84,790.64,-0.01,-0.06,1566103,1510304320.0,0.78,0.21
2017-10-25,795.97,805.94,806.1,794.85,1.18,9.42,1504363,1561361712.0,1.41,0.2
2017-10-26,806.87,808.39,809.74,804.32,0.3,2.45,2749100,2757633712.0,0.67,0.36
2017-10-27,805.52,803.62,806.94,801.39,-0.59,-4.77,1609368,1692008896.0,0.69,0.21
2017-10-30,799.71,789.23,801.4,782.41,-1.79,-14.39,2073393,2029008992.0,2.36,0.27
2017-10-31,787.18,789.33,790.38,784.89,0.01,0.1,1530188,1575993776.0,0.7,0.2
2017-11-01,789.45,791.66,793.48,787.2,0.3,2.33,2169094,1912910848.0,0.8,0.29
2017-11-02,790.86,786.39,790.86,782.5,-0.67,-5.27,1770785,1813487648.0,1.06,0.23
2017-11-03,784.48,776.49,786.13,771.67,-1.26,-9.9,2301356,2336939232.0,1.84,0.3
2017-11-06,775.33,776.65,777.03,767.94,0.02,0.16,1596910,1616237296.0,1.17,0.21
2017-11-07,775.71,782.12,782.19,775.46,0.7,5.47,1915693,1755013088.0,0.87,0.25
2017-11-08,780.27,786.66,792.06,778.9,0.58,4.54,2318446,2166248976.0,1.68,0.31
2017-11-09,784.19,787.61,789.9,783.62,0.12,0.95,1544790,1502953072.0,0.8,0.2
2017-11-10,788.35,788.14,789.13,783.65,0.07,0.53,1504769,1478025344.0,0.7,0.2
2017-11-13,788.66,782.79,789.64,778.48,-0.68,-5.35,2076805,2217981104.0,1.42,0.27
2017-11-14,782.24,776.61,782.39,774.11,-0.79,-6.18,1913990,1951773104.0,1.06,0.25
2017-11-15,775.87,770.68,776.46,768.43,-0.76,-5.93,1250924,1238540096.0,1.03,0.17
2017-11-16,770.44,773.2,775.48,767.29,0.33,2.52,1427362,1258001264.0,1.06,0.19
2017-11-17,771.79,754.13,773.05,752.13,-2.47,-19.07,2580773,2264997312.0,2.71,0.34
2017-11-20,746.61,750.22,750.61,733.64,-0.52,-3.91,1946112,1761898800.0,2.25,0.26
2017-11-21,749.44,760.2,761.73,748.09,1.33,9.98,2688422,2339764848.0,1.82,0.35
2017-11-22,759.23,757.0,761.32,752.81,-0.42,-3.2,2024551,1861012000.0,1.12,0.27
2017-11-23,754.9,740.16,755.41,739.25,-2.22,-16.84,1987076,1751740752.0,2.13,0.26
2017-11-24,737.36,738.78,744.47,736.11,-0.19,-1.38,1326079,1199477504.0,1.13,0.17
2017-11-27,740.09,740.41,741.73,732.91,0.22,1.63,1422073,1268850864.0,1.19,0.19
2017-11-28,740.08,746.76,747.21,738.37,0.86,6.35,1217822,1070658480.0,1.19,0.16
2017-11-29,744.67,745.82,746.98,737.52,-0.13,-0.94,1453195,1279309840.0,1.27,0.19
2017-11-30,745.83,740.82,749.18,738.99,-0.67,-5.0,1087881,1032030144.0,1.37,0.14
2017-12-01,739.91,743.21,744.74,738.89,0.32,2.39,976968,933015376.0,0.79,0.13
2017-12-04,740.18,728.68,742.22,728.38,-1.96,-14.53,1272004,1118477248.0,1.86,0.17
2017-12-05,727.76,718.57,731.52,714.28,-1.39,-10.11,2073507,1819433584.0,2.37,0.27
2017-12-06,715.13,723.16,723.25,710.15,0.64,4.59,1264676,1258536816.0,1.82,0.17
2017-12-07,720.94,719.23,722.44,717.82,-0.54,-3.93,1078062,969142288.0,0.64,0.14
2017-12-08,719.9,731.13,731.13,718.63,1.65,11.9,1065617,1076127088.0,1.74,0.14
2017-12-11,728.72,734.19,734.76,728.72,0.42,3.06,1050583,1030427664.0,0.83,0.14
2017-12-12,733.51,725.93,733.51,724.79,-1.13,-8.26,957506,886160288.0,1.19,0.13
2017-12-13,724.0,728.21,728.66,722.72,0.31,2.28,1096494,892648752.0,0.82,0.14
2017-12-14,728.87,730.97,731.06,727.78,0.38,2.76,1064791,1093536800.0,0.45,0.14
2017-12-15,730.2,728.36,730.41,724.92,-0.36,-2.61,975200,918782688.0,0.75,0.13
2017-12-18,729.28,723.97,730.71,719.54,-0.6,-4.39,908548,867496208.0,1.53,0.12
2017-12-19,723.09,731.03,731.68,723.09,0.98,7.06,999531,1007614912.0,1.19,0.13
2017-12-20,730.35,721.11,730.36,717.42,-1.36,-9.92,1187613,1053698384.0,1.77,0.16
2017-12-21,720.21,718.57,721.23,711.38,-0.35,-2.54,922054,869403968.0,1.37,0.12
2017-12-22,718.06,720.58,721.39,716.92,0.28,2.01,995027,912440992.0,0.62,0.13
2017-12-25,718.2,710.36,719.83,709.19,-1.42,-10.22,1349818,1233752288.0,1.48,0.18
2017-12-26,714.2,713.98,715.29,709.36,0.51,3.62,1245126,1083944256.0,0.83,0.16
2017-12-27,713.73,708.08,717.38,707.88,-0.83,-5.9,1565122,1536351856.0,1.33,0.21
2017-12-28,708.57,709.02,713.47,707.98,0.13,0.94,1312777,1199797760.0,0.78,0.17
2017-12-29,707.8,713.2,713.69,706.22,0.59,4.18,1103095,1114970720.0,1.05,0.15
2018-01-02,714.16,719.12,719.12,711.41,0.83,5.92,1454995,1268491424.0,1.08,0.19
2018-01-03,718.9,725.67,727.02,717.38,0.91,6.55,1590411,1410797120.0,1.34,0.21
2018-01-04,725.13,721.12,725.13,719.42,-0.63,-4.55,1119126,1035297488.0,0.79,0.15
2018-01-05,723.48,726.11,729.9,721.9,0.69,4.99,1593627,1478669936.0,1.11,0.21
2018-01-08,725.95,728.59,730.1,723.37,0.34,2.48,1939424,1919269632.0,0.93,0.26
2018-01-09,728.39,735.15,735.36,727.36,0.9,6.56,1652453,1864103200.0,1.1,0.22
2018-01-10,738.39,734.51,739.36,730.08,-0.09,-0.64,1283888,1433200176.0,1.26,0.17
2018-01-11,736.86,742.23,743.37,732.96,1.05,7.72,1211388,1175112928.0,1.42,0.16
2018-01-12,742.7,742.21,745.79,740.34,0.0,-0.02,1078034,1134843328.0,0.73,0.14
2018-01-15,738.81,719.53,738.81,717.89,-3.06,-22.68,1534119,1413205584.0,2.82,0.2
2018-01-16,723.21,728.77,728.99,722.96,1.28,9.24,1362465,1613373904.0,0.84,0.18
2018-01-17,728.47,748.55,749.7,726.55,2.71,19.78,2815601,2301711648.0,3.18,0.37
2018-01-18,745.84,741.17,746.09,738.76,-0.99,-7.38,1942367,1567318768.0,0.98,0.26
2018-01-19,735.99,750.21,757.38,735.99,1.22,9.04,3827883,4093795104.0,2.89,0.51
2018-01-22,744.31,745.14,747.39,738.51,-0.68,-5.07,2345299,2557538880.0,1.18,0.31
2018-01-23,745.67,745.19,749.47,741.38,0.01,0.05,1943748,2255730048.0,1.09,0.26
2018-01-24,741.91,743.79,746.67,736.98,-0.19,-1.4,2528100,2637483920.0,1.3,0.33
2018-01-25,742.72,741.72,746.92,741.17,-0.28,-2.07,1960659,2227467648.0,0.77,0.26
2018-01-26,738.67,739.82,744.35,737.63,-0.26,-1.9,1952110,2207633904.0,0.91,0.26
2018-01-29,740.38,737.06,742.22,734.34,-0.37,-2.76,2040953,2378181424.0,1.07,0.27
2018-01-30,738.33,731.22,742.11,730.57,-0.79,-5.84,2089417,2507260688.0,1.57,0.28
2018-01-31,723.41,707.8,723.68,706.07,-3.2,-23.42,1906487,1958643728.0,2.41,0.25
2018-02-01,706.43,677.8,709.51,677.16,-4.24,-30.0,2159332,2233906112.0,4.57,0.28
2018-02-02,668.99,668.96,671.91,656.54,-1.3,-8.84,1878655,1817624704.0,2.27,0.25
2018-02-05,659.03,660.71,665.41,656.18,-1.23,-8.25,1447286,1435693776.0,1.38,0.19
2018-02-06,651.63,620.25,653.06,617.71,-6.12,-40.46,2338639,2253787264.0,5.35,0.31
2018-02-07,634.37,626.9,637.89,610.03,1.07,6.65,1925041,1869402864.0,4.49,0.25
2018-02-08,626.17,634.58,636.36,624.71,1.23,7.68,1284700,1288927104.0,1.86,0.17
2018-02-09,617.55,612.6,623.57,604.25,-3.46,-21.98,2000028,1869350704.0,3.04,0.26
2018-02-12,616.83,624.86,627.68,616.83,2.0,12.26,1324497,1385362384.0,1.77,0.17
2018-02-13,628.14,630.31,635.5,627.09,0.87,5.45,1244735,1200091408.0,1.35,0.16
2018-02-14,630.82,632.61,632.99,626.26,0.36,2.3,765501,816383888.0,1.07,0.1
2018-02-22,635.83,642.1,642.16,635.83,1.5,9.49,1113243,1162973664.0,1.0,0.15
2018-02-23,641.83,645.03,645.27,639.39,0.46,2.93,1333323,1478284704.0,0.92,0.18
2018-02-26,646.68,655.61,656.83,645.53,1.64,10.58,1575521,1644027120.0,1.75,0.21
2018-02-27,649.7,655.96,659.0,648.34,0.05,0.35,1576500,1496163200.0,1.63,0.21
2018-02-28,652.21,652.84,657.39,647.85,-0.48,-3.12,1612502,1907639696.0,1.45,0.21
2018-03-01,654.76,673.04,673.17,654.71,3.09,20.2,1498424,1786942464.0,2.83,0.2
2018-03-02,671.38,678.7,681.55,670.46,0.84,5.66,1624084,1654374720.0,1.65,0.21
2018-03-05,682.99,690.72,691.02,682.03,1.77,12.02,4159250,4491715584.0,1.32,0.55
2018-03-06,691.14,699.44,699.54,690.66,1.26,8.72,3241500,3665942688.0,1.29,0.43
2018-03-07,696.77,694.25,698.81,693.61,-0.74,-5.19,4628000,5338727680.0,0.74,0.61
2018-03-08,693.17,694.37,697.76,691.25,0.02,0.12,3217221,3870021888.0,0.94,0.42
2018-03-09,694.22,701.65,703.09,693.36,1.05,7.28,3677789,4300757760.0,1.4,0.49
2018-03-12,703.43,716.26,716.56,701.96,2.08,14.61,3881178,4564137984.0,2.08,0.51
2018-03-13,714.37,709.06,716.57,708.84,-1.01,-7.2,3428639,3975421488.0,1.08,0.45
2018-03-14,706.38,699.11,707.81,698.84,-1.4,-9.95,2605398,2951458944.0,1.27,0.34
2018-03-15,697.12,692.83,698.69,685.48,-0.9,-6.28,2784366,3054425136.0,1.89,0.37
2018-03-16,694.31,699.48,704.29,694.31,0.96,6.65,3037672,2978701232.0,1.44,0.4
2018-03-19,700.42,702.77,706.03,695.48,0.47,3.29,2475965,2536921168.0,1.51,0.33
2018-03-20,694.63,698.13,698.43,689.37,-0.66,-4.64,2227677,2300601648.0,1.29,0.29
2018-03-21,697.61,699.97,707.04,697.51,0.26,1.84,2916149,3118140784.0,1.37,0.38
2018-03-22,696.89,699.34,704.6,696.21,-0.09,-0.63,2235338,2378080944.0,1.2,0.29
2018-03-23,676.81,654.49,680.8,646.18,-6.41,-44.85,3429142,3212592784.0,4.95,0.45
2018-03-26,645.02,662.51,662.51,635.93,1.23,8.02,1967536,1871179056.0,4.06,0.26
2018-03-27,672.21,681.79,682.57,672.21,2.91,19.28,2166696,2305908272.0,1.56,0.29
2018-03-28,674.58,678.01,684.07,671.3,-0.55,-3.78,2189330,2396001280.0,1.87,0.29
2018-03-29,677.75,684.89,686.89,674.56,1.01,6.88,1749057,1828238144.0,1.82,0.23
2018-03-30,686.4,687.2,687.66,683.09,0.34,2.31,1583612,1702838432.0,0.67,0.21
2018-04-02,688.62,684.94,693.48,683.72,-0.33,-2.26,1824304,1914382976.0,1.42,0.24
2018-04-03,672.46,675.19,675.93,669.35,-1.42,-9.75,1684689,1735676592.0,0.96,0.22
2018-04-04,676.54,669.16,679.34,668.31,-0.89,-6.03,1366227,1398878512.0,1.63,0.18
2018-04-09,666.08,672.21,672.41,660.08,0.46,3.05,1683826,1772195216.0,1.84,0.22
2018-04-10,671.87,674.62,674.68,665.62,0.36,2.41,2030646,2060940016.0,1.35,0.27
2018-04-11,675.24,679.0,682.33,673.64,0.65,4.38,2117003,2130287408.0,1.29,0.28
2018-04-12,677.42,704.55,709.55,676.86,3.76,25.55,3798363,3268771248.0,4.81,0.5
2018-04-13,712.73,699.44,715.36,698.28,-0.73,-5.11,5412425,5268081408.0,2.42,0.71
2018-04-16,692.74,685.67,694.48,680.75,-1.97,-13.77,3415739,3645036016.0,1.96,0.45
2018-04-17,682.43,665.18,683.52,664.45,-2.99,-20.49,2581502,2740354464.0,2.78,0.34
2018-04-18,668.46,665.25,670.74,651.12,0.01,0.07,2030229,1965822320.0,2.95,0.27
2018-04-19,664.04,661.69,668.04,660.78,-0.54,-3.56,1659359,1538012560.0,1.09,0.22
2018-04-20,658.7,644.96,658.85,643.94,-2.53,-16.73,1735335,1599347840.0,2.25,0.23
2018-04-23,643.84,643.93,649.2,636.6,-0.16,-1.03,1253215,1127895136.0,1.95,0.17
2018-04-24,644.54,656.15,656.18,643.77,1.9,12.22,1585206,1437024672.0,1.93,0.21
2018-04-25,653.15,660.18,660.87,650.84,0.61,4.03,1406174,1288242608.0,1.53,0.19
2018-04-26,658.34,644.04,660.03,643.53,-2.44,-16.14,1478062,1338030688.0,2.5,0.2
2018-04-27,646.41,644.9,648.64,641.28,0.13,0.86,1200909,1022810144.0,1.14,0.16
2018-05-02,646.27,642.43,649.39,637.76,-0.38,-2.47,1119059,977659184.0,1.8,0.15
2018-05-03,640.11,648.48,648.84,632.94,0.94,6.05,1678568,1421605808.0,2.47,0.22
2018-05-04,646.85,645.54,651.64,644.87,-0.45,-2.94,1283776,1139301856.0,1.04,0.17
2018-05-07,645.86,652.94,653.14,645.86,1.15,7.4,1270366,1115236224.0,1.13,0.17
2018-05-08,653.43,657.63,658.8,652.11,0.72,4.69,1655043,1557260464.0,1.02,0.22
2018-05-09,656.94,656.14,656.98,653.63,-0.23,-1.49,1360306,1266620128.0,0.51,0.18
2018-05-10,655.84,659.16,660.73,655.13,0.46,3.02,1410108,1256242704.0,0.85,0.19
2018-05-11,660.33,654.47,660.33,652.65,-0.71,-4.69,1164034,1114048544.0,1.17,0.15
2018-05-14,653.14,646.64,653.49,645.6,-1.2,-7.83,1168485,1102551408.0,1.21,0.15
2018-05-15,645.21,646.72,647.08,639.86,0.01,0.08,1215720,1091299712.0,1.12,0.16
2018-05-16,645.08,641.84,647.35,641.53,-0.75,-4.88,1330603,1196617680.0,0.9,0.18
2018-05-17,643.18,640.88,644.19,639.69,-0.15,-0.96,1065794,948420160.0,0.7,0.14
2018-05-18,640.59,645.92,646.47,638.84,0.79,5.04,1035375,959331072.0,1.19,0.14
2018-05-21,649.41,653.63,654.28,649.34,1.19,7.71,1476993,1356871200.0,0.76,0.19
2018-05-22,653.26,654.76,654.93,649.63,0.17,1.13,1803776,1713264032.0,0.81,0.24
2018-05-23,652.7,648.61,652.78,648.43,-0.94,-6.15,1498564,1430426144.0,0.66,0.2
2018-05-24,648.07,648.44,651.88,647.65,-0.03,-0.17,1268910,1213071248.0,0.65,0.17
2018-05-25,647.68,643.38,648.11,641.69,-0.78,-5.06,1536941,1462752896.0,0.99,0.2
2018-05-28,642.25,640.92,643.22,633.15,-0.38,-2.46,1579271,1584678144.0,1.57,0.21
2018-05-29,639.98,631.97,640.29,630.81,-1.4,-8.95,1446679,1369255104.0,1.48,0.19
2018-05-30,622.93,607.14,622.93,605.8,-3.93,-24.83,1853503,1618610400.0,2.71,0.24
2018-05-31,610.85,611.54,614.33,608.74,0.72,4.4,1242974,1135284992.0,0.92,0.16
2018-06-01,609.11,607.17,610.07,602.76,-0.71,-4.37,1062438,966238752.0,1.2,0.14
2018-06-04,607.49,604.14,610.1,602.04,-0.5,-3.03,901888,789988752.0,1.33,0.12
2018-06-05,603.84,607.33,607.45,601.46,0.53,3.19,937566,814705472.0,0.99,0.12
2018-06-06,606.97,609.04,609.54,605.16,0.28,1.71,910052,858005248.0,0.72,0.12
2018-06-07,612.71,608.52,614.94,607.75,-0.09,-0.52,1099427,1015150288.0,1.18,0.15
2018-06-08,606.46,593.43,606.46,590.68,-2.48,-15.09,1447023,1164688976.0,2.59,0.19
2018-06-11,591.86,586.17,592.9,583.53,-1.22,-7.26,957598,793641792.0,1.58,0.13
2018-06-12,585.0,587.34,587.72,577.16,0.2,1.17,935917,768582576.0,1.8,0.12
2018-06-13,587.16,573.54,587.16,572.57,-2.35,-13.8,848014,690467888.0,2.48,0.11
2018-06-14,571.4,566.85,577.63,566.35,-1.17,-6.69,885099,680641696.0,1.97,0.12
2018-06-15,563.88,546.08,563.88,544.18,-3.66,-20.77,1273435,997684976.0,3.48,0.17
2018-06-19,534.71,503.53,534.71,498.15,-7.79,-42.55,2110505,1457774112.0,6.69,0.28
2018-06-20,498.56,504.96,506.44,495.3,0.28,1.43,1411573,988166016.0,2.21,0.19
2018-06-21,501.07,489.14,505.99,488.51,-3.13,-15.82,1201746,843363920.0,3.46,0.16
2018-06-22,483.89,496.35,498.13,480.9,1.47,7.21,1768654,956348640.0,3.52,0.23
2018-06-25,503.17,495.74,505.68,494.9,-0.12,-0.61,1874788,978302800.0,2.17,0.25
2018-06-26,488.5,503.21,503.8,484.77,1.51,7.47,1802958,1132434096.0,3.84,0.24
2018-06-27,501.24,500.35,505.55,498.63,-0.57,-2.86,1511893,939207472.0,1.38,0.2
2018-06-28,498.17,494.53,503.68,494.23,-1.16,-5.82,1231147,823302880.0,1.89,0.16
2018-06-29,495.32,510.93,511.14,495.32,3.32,16.4,1599309,994122928.0,3.2,0.21
2018-07-02,512.92,504.29,513.89,501.53,-1.3,-6.64,1671392,1134321136.0,2.42,0.22
2018-07-03,503.69,509.89,510.33,498.8,1.11,5.6,1304896,913736400.0,2.29,0.17
2018-07-04,509.63,499.68,509.63,496.64,-2.0,-10.21,1107510,781260048.0,2.55,0.15
2018-07-05,499.86,492.7,503.93,492.27,-1.4,-6.98,1168788,761856208.0,2.33,0.15
2018-07-06,491.89,489.34,494.33,477.15,-0.68,-3.36,1712171,1121516960.0,3.49,0.23
2018-07-09,488.0,496.62,496.92,487.57,1.49,7.28,1205889,771683856.0,1.91,0.16
2018-07-10,496.76,497.47,497.71,492.94,0.17,0.85,1153752,763586944.0,0.96,0.15
2018-07-11,492.25,478.16,492.25,471.1,-3.88,-19.31,1375428,845684928.0,4.25,0.18
2018-07-12,475.83,490.56,491.85,475.83,2.59,12.4,1666404,1025156128.0,3.35,0.22
2018-07-13,490.56,494.06,496.08,490.31,0.71,3.5,1518331,906115824.0,1.18,0.2
2018-07-16,492.85,491.45,495.25,489.61,-0.53,-2.61,1181879,701313232.0,1.14,0.16
2018-07-17,489.36,493.04,493.2,487.37,0.32,1.59,1053599,687113568.0,1.19,0.14
2018-07-18,494.42,493.59,498.82,493.1,0.11,0.55,2781188,1660422192.0,1.16,0.37
2018-07-19,491.14,479.36,491.24,478.32,-2.88,-14.23,2230849,1230750288.0,2.62,0.29
2018-07-20,477.97,499.55,502.55,475.08,4.21,20.19,3170852,1936989728.0,5.73,0.42
2018-07-23,497.7,500.83,503.3,493.9,0.26,1.28,2963240,1888943536.0,1.88,0.39
2018-07-24,498.88,507.31,508.9,498.04,1.29,6.48,2545230,1738154096.0,2.17,0.34
2018-07-25,507.96,507.56,509.46,504.51,0.05,0.25,2920927,1627385024.0,0.98,0.39
2018-07-26,506.11,508.99,511.26,505.52,0.28,1.43,2971372,1561000896.0,1.13,0.39
2018-07-27,507.3,503.65,509.57,503.02,-1.05,-5.34,2072028,1206032496.0,1.29,0.27
2018-07-30,502.67,496.67,502.67,494.83,-1.39,-6.98,1816280,1108242944.0,1.56,0.24
2018-07-31,497.16,501.57,503.01,495.9,0.99,4.9,1667773,1074107920.0,1.43,0.22
2018-08-01,500.27,488.72,501.02,488.72,-2.56,-12.85,1748103,1109886576.0,2.45,0.23
2018-08-02,486.69,469.12,486.69,459.88,-4.01,-19.6,2185103,1209113840.0,5.49,0.29
2018-08-03,468.54,466.01,472.91,465.77,-0.66,-3.11,1114014,632699392.0,1.52,0.15
2018-08-06,465.38,456.67,468.96,454.52,-2.0,-9.34,1273192,715543568.0,3.1,0.17
2018-08-07,458.25,468.08,468.11,454.72,2.5,11.41,1347101,751837472.0,2.93,0.18
2018-08-08,467.48,462.89,469.59,461.59,-1.11,-5.19,1224248,710990496.0,1.71,0.16
2018-08-09,462.64,472.1,474.14,460.97,1.99,9.21,1551865,904451808.0,2.85,0.2
2018-08-10,471.25,471.46,473.85,468.24,-0.14,-0.64,1045269,611841184.0,1.19,0.14
2018-08-13,465.95,470.46,471.57,461.71,-0.21,-1.0,1235989,731159536.0,2.09,0.16
2018-08-14,469.72,471.81,472.21,468.29,0.29,1.35,1088934,611896384.0,0.83,0.14
2018-08-15,471.48,466.03,473.55,465.84,-1.23,-5.78,1402202,800249088.0,1.63,0.19
2018-08-16,462.49,464.01,469.59,456.77,-0.43,-2.02,1198507,704677520.0,2.75,0.16
2018-08-17,466.15,456.38,468.47,455.54,-1.64,-7.63,1073159,616224768.0,2.79,0.14
2018-08-20,454.62,459.19,459.22,450.27,0.62,2.81,941746,529075504.0,1.96,0.12
2018-08-21,458.35,463.1,465.29,457.37,0.85,3.91,1004948,593837712.0,1.72,0.13
2018-08-22,462.97,458.65,463.17,458.07,-0.96,-4.45,787103,483747136.0,1.1,0.1
2018-08-23,460.3,461.48,463.65,458.02,0.62,2.83,835468,555157520.0,1.23,0.11
2018-08-24,460.6,462.42,467.35,459.17,0.2,0.94,1069326,651067008.0,1.77,0.14
2018-08-27,461.64,467.48,467.96,460.69,1.09,5.06,1271840,734659776.0,1.57,0.17
2018-08-28,468.12,467.3,468.79,465.96,-0.04,-0.18,890659,534083728.0,0.61,0.12
2018-08-29,465.85,463.8,466.26,462.46,-0.75,-3.5,791433,478556224.0,0.81,0.1
2018-08-30,463.9,455.53,465.0,455.53,-1.78,-8.27,938793,580291856.0,2.04,0.12
2018-08-31,454.72,449.7,455.43,449.04,-1.28,-5.83,952781,534876464.0,1.4,0.13
2018-09-03,448.93,449.86,450.48,443.67,0.04,0.16,896314,520012288.0,1.51,0.12
2018-09-04,448.94,457.44,458.83,448.82,1.68,7.58,1300433,693039824.0,2.23,0.17
2018-09-05,456.3,452.68,459.32,452.54,-1.04,-4.76,1121059,615474960.0,1.48,0.15
2018-09-06,451.5,450.07,455.61,448.03,-0.58,-2.61,921439,521331344.0,1.67,0.12
2018-09-07,451.26,451.09,456.48,449.3,0.23,1.02,1060724,597190048.0,1.6,0.14
2018-09-10,450.64,441.83,450.78,441.34,-2.05,-9.26,930648,511563568.0,2.09,0.12
2018-09-11,442.08,442.59,444.29,438.78,0.17,0.76,871118,463046560.0,1.25,0.11
2018-09-12,442.58,447.01,449.65,442.38,1.0,4.42,1159088,652644688.0,1.64,0.15
2018-09-13,448.24,451.36,451.41,446.44,0.97,4.35,1204657,725841920.0,1.11,0.16
2018-09-14,451.49,447.27,452.69,447.27,-0.91,-4.09,1136713,674976576.0,1.2,0.15
2018-09-17,445.72,441.48,446.23,439.54,-1.29,-5.79,1099531,636094336.0,1.5,0.15
2018-09-18,440.1,450.08,450.37,439.67,1.95,8.6,1330245,831484256.0,2.42,0.18
2018-09-19,449.11,454.99,457.58,448.78,1.09,4.91,1575396,934948816.0,1.96,0.21
2018-09-20,454.9,453.15,456.39,453.08,-0.4,-1.84,1319702,745137536.0,0.73,0.17
2018-09-21,454.71,458.54,458.95,452.27,1.19,5.39,1536091,898962256.0,1.47,0.2
2018-09-25,455.97,454.61,456.05,453.69,-0.86,-3.93,1007182,585503408.0,0.51,0.13
2018-09-26,455.74,456.79,459.69,455.38,0.48,2.18,1451344,795569248.0,0.95,0.19
2018-09-27,457.31,450.07,457.39,450.07,-1.47,-6.72,1304780,770077424.0,1.6,0.17
2018-09-28,446.21,447.46,449.2,445.82,-0.58,-2.61,1330018,856266768.0,0.75,0.18
2018-10-08,439.92,429.17,440.1,428.42,-4.09,-18.29,1430784,840709760.0,2.61,0.19
2018-10-09,427.56,427.8,430.97,426.06,-0.32,-1.37,1143911,730593520.0,1.14,0.15
2018-10-10,427.78,425.22,429.47,423.74,-0.6,-2.58,940846,576557104.0,1.34,0.12
2018-10-11,412.19,389.7,412.19,387.73,-8.35,-35.52,2026988,1051686656.0,5.75,0.27
2018-10-12,383.19,382.04,385.84,368.1,-1.97,-7.66,1660590,857879312.0,4.55,0.22
2018-10-15,383.92,375.96,387.37,374.9,-1.59,-6.08,1451206,777860192.0,3.26,0.19
2018-10-16,376.98,373.91,382.01,371.28,-0.55,-2.05,1468701,797263984.0,2.85,0.19
2018-10-17,379.23,379.51,380.69,371.84,1.5,5.6,1449194,792830320.0,2.37,0.19
2018-10-18,376.92,369.49,376.92,366.8,-2.64,-10.02,1426544,786834912.0,2.67,0.19
2018-10-19,365.78,382.5,382.53,362.19,3.52,13.01,1646350,882118560.0,5.5,0.22
2018-10-22,390.87,413.97,416.88,390.37,8.23,31.47,3236293,1795562192.0,6.93,0.43
2018-10-23,423.59,415.18,426.47,412.99,0.29,1.21,3421113,1964547072.0,3.26,0.45
2018-10-24,413.94,427.14,432.78,413.94,2.88,11.96,3690517,1994118544.0,4.54,0.49
2018-10-25,411.88,432.2,432.73,410.09,1.18,5.06,4266136,2052315248.0,5.3,0.56
2018-10-26,430.15,426.4,433.31,425.0,-1.34,-5.8,3624651,1776960656.0,1.92,0.48
2018-10-29,424.93,423.12,430.44,421.4,-0.77,-3.28,2637614,1299765056.0,2.12,0.35
2018-10-30,423.17,443.24,446.33,421.36,4.76,20.12,4338536,2305423232.0,5.9,0.57
2018-10-31,448.16,449.12,453.61,446.5,1.33,5.88,3644299,2154841600.0,1.6,0.48
2018-11-01,446.4,452.13,463.14,444.4,0.67,3.01,5065007,2895258544.0,4.17,0.67
2018-11-02,457.36,461.7,462.63,454.37,2.12,9.57,4384440,2563390208.0,1.83,0.58
2018-11-05,461.22,479.58,479.58,459.63,3.87,17.88,4205064,2611875152.0,4.32,0.55
2018-11-06,478.21,474.22,481.79,472.02,-1.12,-5.36,3768093,2321177888.0,2.04,0.5
2018-11-07,476.25,472.85,479.27,471.95,-0.29,-1.37,3372460,2278307952.0,1.54,0.44
2018-11-08,475.67,474.38,483.12,473.24,0.32,1.53,3402601,2439381424.0,2.09,0.45
2018-11-09,468.61,471.47,474.48,467.75,-0.61,-2.91,2616536,1762186016.0,1.42,0.35
2018-11-12,470.14,480.69,480.69,469.32,1.96,9.22,2665148,1753917520.0,2.41,0.35
2018-11-13,476.36,497.52,504.36,475.58,3.5,16.83,5649531,3736373664.0,5.99,0.75
2018-11-14,492.34,490.96,499.85,488.22,-1.32,-6.56,5102721,3977564608.0,2.34,0.67
2018-11-15,488.11,502.47,502.59,487.0,2.34,11.51,4813815,3596512048.0,3.18,0.64
2018-11-16,504.21,523.3,527.71,502.09,4.15,20.83,6485274,4655579136.0,5.1,0.86
2018-11-19,523.37,527.79,533.93,521.96,0.86,4.49,5559596,4577630720.0,2.29,0.73
2018-11-20,517.67,501.72,518.55,501.72,-4.94,-26.07,4469201,3432163152.0,3.19,0.59
2018-11-21,496.03,507.19,511.22,495.79,1.09,5.47,3156669,2516847456.0,3.08,0.42
2018-11-22,509.19,502.17,510.31,500.06,-0.99,-5.02,2597808,2018834880.0,2.02,0.34
2018-11-23,501.61,475.87,502.3,474.93,-5.24,-26.3,3265299,2337770816.0,5.45,0.43
2018-11-26,475.05,476.56,481.34,473.09,0.14,0.69,2279865,1704250720.0,1.73,0.3
2018-11-27,480.55,479.37,482.81,474.45,0.59,2.81,2048192,1494312464.0,1.75,0.27
2018-11-28,479.23,483.6,483.83,470.49,0.88,4.23,2366348,1629445664.0,2.78,0.31
2018-11-29,485.13,467.25,487.09,467.18,-3.38,-16.35,2626539,1807611136.0,4.12,0.35
2018-11-30,466.27,471.99,472.73,459.28,1.01,4.74,2071339,1411693040.0,2.88,0.27
2018-12-03,487.31,488.14,492.93,484.39,3.42,16.15,3371904,2308159184.0,1.81,0.44
2018-12-04,486.04,490.8,491.09,485.41,0.54,2.66,2455341,1776407408.0,1.16,0.32
2018-12-05,476.33,478.39,482.12,475.23,-2.53,-12.41,2109806,1468069232.0,1.4,0.28
2018-12-06,477.27,468.95,477.27,467.44,-1.97,-9.44,1783194,1198230416.0,2.05,0.24
2018-12-07,469.99,469.24,471.48,467.11,0.06,0.29,1241872,874476336.0,0.93,0.16
2018-12-10,467.11,465.87,468.84,462.63,-0.72,-3.37,1239790,845090400.0,1.32,0.16
2018-12-11,468.4,470.39,473.11,467.59,0.97,4.52,1271368,883080368.0,1.18,0.17
2018-12-12,471.17,469.57,474.01,469.11,-0.17,-0.82,1458491,1011984672.0,1.04,0.19
2018-12-13,471.25,470.34,474.89,465.6,0.16,0.77,1580938,1082670048.0,1.98,0.21
2018-12-14,469.67,458.8,472.49,457.69,-2.45,-11.54,1997135,1257995216.0,3.15,0.26
2018-12-17,457.81,465.69,465.69,454.84,1.5,6.89,1964254,1257003504.0,2.36,0.26
2018-12-18,464.59,464.76,468.19,460.45,-0.2,-0.93,2292344,1600265264.0,1.66,0.3
2018-12-19,464.03,465.37,469.64,462.81,0.13,0.61,1893567,1406263360.0,1.47,0.25
2018-12-20,463.62,472.05,472.58,463.62,1.44,6.68,2290209,1708288560.0,1.93,0.3
2018-12-21,468.76,464.28,471.52,461.43,-1.65,-7.77,1974223,1529524032.0,2.14,0.26
2018-12-24,462.75,464.23,466.97,462.2,-0.01,-0.05,1593346,1258333680.0,1.03,0.21
2018-12-25,458.85,459.77,460.15,445.59,-0.96,-4.46,2355501,1780038016.0,3.14,0.31
2018-12-26,458.28,458.7,463.08,457.54,-0.23,-1.07,2055122,1756313440.0,1.2,0.27
2018-12-27,463.4,446.49,464.82,446.39,-2.66,-12.21,1963438,1487567392.0,4.02,0.26
2018-12-28,447.83,450.55,454.99,447.83,0.91,4.06,1666697,1273479328.0,1.6,0.22
2019-01-02,451.42,449.42,452.93,448.54,-0.25,-1.13,1496182,1122352032.0,0.97,0.2
2019-01-03,449.72,446.8,458.92,446.11,-0.58,-2.62,1807040,1292528496.0,2.85,0.24
2019-01-04,442.93,468.99,472.72,439.78,4.97,22.19,3465229,2242048272.0,7.37,0.46
2019-01-07,470.52,472.22,473.53,465.55,0.69,3.23,2830561,1996503552.0,1.7,0.37
2019-01-08,470.58,473.64,475.06,468.08,0.3,1.42,2246167,1690888672.0,1.48,0.3
2019-01-09,473.92,472.36,481.12,471.34,-0.27,-1.28,2684650,1966119760.0,2.06,0.35
2019-01-10,474.07,468.34,475.1,467.53,-0.85,-4.02,1835484,1351578880.0,1.6,0.24
2019-01-11,470.68,469.81,472.81,468.16,0.31,1.47,1606537,1175711952.0,0.99,0.21
2019-01-14,469.02,463.27,469.38,462.14,-1.39,-6.54,1591041,1176425424.0,1.54,0.21
2019-01-15,461.52,470.9,471.15,460.48,1.65,7.63,1925936,1362512320.0,2.3,0.25
2019-01-16,471.31,468.16,471.31,467.64,-0.58,-2.74,1522019,1137946704.0,0.78,0.2
2019-01-17,467.33,461.63,467.33,460.5,-1.39,-6.53,1752148,1324661920.0,1.46,0.23
2019-01-18,461.22,460.39,464.04,457.3,-0.27,-1.24,1584422,1129896400.0,1.46,0.21
2019-01-21,460.68,462.39,464.49,460.12,0.43,2.0,1391725,926685392.0,0.95,0.18
2019-01-22,462.45,457.91,463.49,456.56,-0.97,-4.48,1294834,866970512.0,1.5,0.17
2019-01-23,456.58,453.38,456.94,450.66,-0.99,-4.53,1312196,870693808.0,1.37,0.17
2019-01-24,454.29,457.26,459.75,451.89,0.86,3.88,1680273,1085887136.0,1.73,0.22
2019-01-25,457.61,452.63,458.09,452.29,-1.01,-4.63,1624639,1100860016.0,1.27,0.21
2019-01-28,456.0,448.26,457.67,447.88,-0.97,-4.37,1689491,1041450832.0,2.16,0.22
2019-01-29,446.37,433.64,446.37,429.25,-3.26,-14.62,1691378,1013475808.0,3.82,0.22
2019-01-30,433.49,431.28,438.75,431.28,-0.54,-2.36,1196748,795260896.0,1.72,0.16
2019-01-31,430.88,421.18,433.86,418.62,-2.34,-10.1,1506801,952738160.0,3.53,0.2
2019-02-01,422.93,434.24,434.24,422.93,3.1,13.06,1238688,772827616.0,2.69,0.16
2019-02-11,435.45,446.24,446.5,435.35,2.76,12.0,1428604,911065504.0,2.57,0.19
2019-02-12,448.19,453.92,456.49,447.65,1.72,7.68,1708583,1073186704.0,1.98,0.23
2019-02-13,454.7,461.87,463.1,451.36,1.75,7.95,2949424,1758876864.0,2.59,0.39
2019-02-14,461.68,463.47,465.98,459.96,0.35,1.6,2066991,1377427968.0,1.3,0.27
2019-02-15,462.76,463.1,466.83,461.84,-0.08,-0.37,2188466,1497085104.0,1.08,0.29
2019-02-18,465.68,488.33,488.87,465.68,5.45,25.23,5968479,3536352832.0,5.01,0.79
2019-02-19,492.96,512.3,520.04,491.24,4.91,23.97,9648862,6100443392.0,5.9,1.27
2019-02-20,515.49,505.16,515.49,501.33,-1.39,-7.14,6603784,4034998560.0,2.76,0.87
2019-02-21,502.57,514.05,527.38,500.52,1.76,8.89,9067707,5525177088.0,5.32,1.2
2019-02-22,509.82,548.38,551.13,508.13,6.68,34.33,11344055,7382467072.0,8.36,1.5
2019-02-25,574.99,600.45,600.45,563.95,9.5,52.07,13396308,10155788544.0,6.66,1.77
2019-02-26,609.29,586.45,613.81,586.45,-2.33,-14.0,13765948,10667009536.0,4.56,1.82
2019-02-27,598.73,601.23,613.02,585.31,2.52,14.78,11794251,9774477824.0,4.73,1.56
2019-02-28,583.6,576.56,586.76,569.46,-4.1,-24.67,9049223,7063972096.0,2.88,1.19
2019-03-01,573.34,590.75,597.1,568.89,2.46,14.19,12692814,8432907264.0,4.89,1.67
2019-03-04,593.15,600.91,618.53,587.38,1.72,10.16,14494402,10439265280.0,5.27,1.91
2019-03-05,593.24,608.79,609.46,588.64,1.31,7.88,12264871,8761140992.0,3.46,1.62
2019-03-06,609.8,637.48,637.48,607.18,4.71,28.69,14779857,11221742592.0,4.98,1.95
2019-03-07,634.65,638.43,650.41,624.3,0.15,0.95,14684016,11660868352.0,4.1,1.94
2019-03-08,612.55,586.22,621.47,586.08,-8.18,-52.21,11287574,8872225280.0,5.54,1.49
2019-03-11,585.33,605.97,606.04,583.49,3.37,19.75,7747453,5954720768.0,3.85,1.02
2019-03-12,613.09,615.96,627.95,606.67,1.65,9.99,8612891,7100158976.0,3.51,1.14
2019-03-13,618.75,611.48,625.88,608.06,-0.73,-4.48,7659961,6253036288.0,2.89,1.01
2019-03-14,606.19,583.58,608.91,577.54,-4.56,-27.9,5947429,4539505408.0,5.13,0.78
2019-03-15,585.77,601.94,605.0,585.77,3.15,18.36,5773564,4426390528.0,3.3,0.76
2019-03-18,603.44,612.66,612.66,590.0,1.78,10.72,6408792,4721443840.0,3.76,0.85
2019-03-19,613.53,621.94,623.22,611.97,1.51,9.28,5854640,4705227008.0,1.84,0.77
2019-03-20,622.4,633.27,633.92,612.76,1.82,11.33,9584673,7256400128.0,3.4,1.26
2019-03-21,634.35,643.61,658.74,631.7,1.63,10.34,13538984,10632518656.0,4.27,1.79
2019-03-22,638.45,633.99,642.32,624.58,-1.49,-9.62,8852693,6822690304.0,2.76,1.17
2019-03-25,618.04,615.48,628.6,614.12,-2.92,-18.51,7562122,5670721024.0,2.28,1.0
2019-03-26,617.71,603.06,623.45,599.94,-2.02,-12.42,7382866,5781185024.0,3.82,0.97
2019-03-27,604.84,604.08,607.81,591.38,0.17,1.02,5840669,4369081088.0,2.72,0.77
2019-03-28,598.92,594.83,609.05,593.19,-1.53,-9.25,4944751,3983714928.0,2.63,0.65
2019-03-29,595.53,622.55,622.76,592.89,4.66,27.72,8082209,6411627520.0,5.02,1.07
2019-04-01,626.29,644.06,647.48,626.19,3.46,21.51,8325114,6546256384.0,3.42,1.1
2019-04-02,648.01,655.12,669.57,643.81,1.72,11.06,12699698,9588033536.0,4.0,1.68
2019-04-03,653.91,667.65,668.41,649.01,1.91,12.53,12131207,10656138752.0,2.96,1.6
2019-04-04,668.6,663.19,673.4,663.14,-0.67,-4.46,9452413,8729379328.0,1.54,1.25
2019-04-08,667.1,653.21,669.09,645.48,-1.5,-9.98,8773639,7799524096.0,3.56,1.16
2019-04-09,651.42,658.61,660.33,648.09,0.83,5.4,6248189,5560731904.0,1.87,0.82
2019-04-10,655.64,652.76,660.65,645.71,-0.89,-5.85,5781568,5051628800.0,2.27,0.76
2019-04-11,652.79,643.95,656.13,639.73,-1.35,-8.81,6542475,5285022720.0,2.51,0.86
2019-04-12,645.3,661.46,663.43,644.7,2.72,17.51,8341783,6544545536.0,2.91,1.1
2019-04-15,672.55,668.54,689.51,667.16,1.07,7.08,10545958,8848741888.0,3.38,1.39
2019-04-16,658.11,693.22,693.22,650.89,3.69,24.68,9643606,8063857408.0,6.33,1.27
2019-04-17,689.29,688.23,697.33,685.57,-0.72,-4.99,8195641,7163100672.0,1.7,1.08
2019-04-18,683.08,669.43,684.45,669.43,-2.73,-18.8,5696392,5003578624.0,2.18,0.75
2019-04-19,668.37,679.18,679.4,666.42,1.46,9.75,4817057,4181585776.0,1.94,0.64
2019-04-22,684.34,673.12,687.26,670.87,-0.89,-6.06,5655470,4888186112.0,2.41,0.75
2019-04-23,669.66,663.28,680.53,660.26,-1.46,-9.84,5976677,5093179648.0,3.01,0.79
2019-04-24,661.11,665.74,665.88,654.06,0.37,2.46,4928524,4171714848.0,1.78,0.65
2019-04-25,663.42,632.79,663.42,632.48,-4.95,-32.95,6166576,4997517824.0,4.65,0.81
2019-04-26,629.49,625.31,638.37,625.31,-1.18,-7.48,4672820,3621431552.0,2.06,0.62
2019-04-29,627.2,594.47,629.91,593.41,-4.93,-30.84,4819952,3529475920.0,5.84,0.64
2019-04-30,594.94,607.47,611.99,594.93,2.19,13.0,3435236,2586538512.0,2.87,0.45
2019-05-06,586.13,561.91,586.49,554.99,-7.5,-45.56,5386371,3780119024.0,5.19,0.71
2019-05-07,565.84,572.69,577.42,561.01,1.92,10.78,3896650,2895056304.0,2.92,0.51
2019-05-08,559.48,570.32,580.7,556.73,-0.41,-2.37,3432375,2599730112.0,4.19,0.45
2019-05-09,563.03,562.05,571.24,561.21,-1.45,-8.27,2579382,1909438368.0,1.76,0.34
2019-05-10,568.58,584.03,585.2,557.74,3.91,21.98,4524155,3224410560.0,4.89,0.6
2019-05-13,579.29,577.77,583.38,575.03,-1.07,-6.26,2862092,2208544672.0,1.43,0.38
2019-05-14,570.42,581.89,588.73,569.47,0.71,4.12,2986036,2560202000.0,3.33,0.39
2019-05-15,587.63,592.07,593.32,585.24,1.75,10.18,3521324,2871615632.0,1.39,0.46
2019-05-16,592.03,597.6,597.6,586.82,0.93,5.53,3896790,3097679968.0,1.82,0.51
2019-05-17,594.43,564.76,594.95,561.28,-5.5,-32.84,4354074,3246929680.0,5.63,0.57
2019-05-20,560.74,565.34,565.56,548.08,0.1,0.58,2810873,2012200064.0,3.1,0.37
2019-05-21,564.0,578.36,582.18,562.59,2.3,13.02,3795788,2768285712.0,3.47,0.5
2019-05-22,576.85,567.99,577.48,563.51,-1.79,-10.37,2912272,2155129360.0,2.42,0.38
2019-05-23,564.48,558.47,571.63,557.17,-1.68,-9.52,3291581,2390699712.0,2.55,0.43
2019-05-24,555.92,554.85,562.82,553.62,-0.65,-3.62,2430341,1767211472.0,1.65,0.32
2019-05-27,554.49,570.56,571.63,553.33,2.83,15.71,3356488,2353926640.0,3.3,0.44
2019-05-28,570.53,568.98,577.39,566.32,-0.28,-1.58,3128742,2395544096.0,1.94,0.41
2019-05-29,568.17,574.32,579.79,567.14,0.94,5.34,3082624,2260866480.0,2.22,0.41
2019-05-30,569.95,563.41,570.18,558.11,-1.9,-10.91,2563324,1870062496.0,2.1,0.34
2019-05-31,565.11,560.54,569.38,559.89,-0.51,-2.87,1915780,1439620976.0,1.68,0.25
2019-06-03,557.8,546.38,560.5,546.01,-2.53,-14.16,2324250,1736587520.0,2.59,0.31
2019-06-04,542.74,539.25,545.52,537.01,-1.3,-7.13,2154429,1559341712.0,1.56,0.28
2019-06-05,545.54,542.57,548.85,541.79,0.62,3.32,1999180,1492042112.0,1.31,0.26
2019-06-06,543.74,530.83,544.31,528.38,-2.16,-11.74,2133272,1533905344.0,2.94,0.28
2019-06-10,533.12,532.29,535.43,522.2,0.28,1.46,2528884,1614326944.0,2.49,0.33
2019-06-11,533.26,556.86,556.86,532.89,4.62,24.57,3802555,2566452320.0,4.5,0.5
2019-06-12,555.09,549.52,556.35,549.23,-1.32,-7.34,2879847,2047136144.0,1.28,0.38
2019-06-13,549.02,554.24,555.34,545.12,0.86,4.72,2412339,1709052288.0,1.86,0.32
2019-06-14,555.16,541.15,556.64,540.85,-2.36,-13.09,2612118,1855994480.0,2.85,0.34
2019-06-17,539.35,540.01,542.18,535.97,-0.21,-1.14,1800979,1323452592.0,1.15,0.24
2019-06-18,539.89,537.99,540.77,533.52,-0.37,-2.02,1820342,1311016032.0,1.34,0.24
2019-06-19,558.04,548.54,562.3,548.29,1.96,10.55,3451071,2411159648.0,2.6,0.46
2019-06-20,544.95,577.34,584.32,542.45,5.25,28.8,7706992,4999306752.0,7.63,1.02
2019-06-21,584.5,594.49,596.38,583.99,2.97,17.15,8295776,5686507008.0,2.15,1.09
2019-06-24,595.41,586.46,595.55,583.55,-1.35,-8.03,4675339,3512439056.0,2.02,0.62
2019-06-25,587.58,586.97,589.35,576.14,0.09,0.51,4009034,2962796384.0,2.25,0.53
2019-06-26,582.14,581.77,587.5,578.86,-0.89,-5.2,2739653,2249526752.0,1.47,0.36
2019-06-27,583.43,583.46,593.67,582.15,0.29,1.69,3647546,2972682672.0,1.98,0.48
2019-06-28,577.61,569.46,577.67,565.47,-2.4,-14.0,2611476,2018730208.0,2.09,0.34
2019-07-01,581.77,583.93,586.13,577.53,2.54,14.47,4177234,3126898208.0,1.51,0.55
2019-07-02,583.09,587.4,589.93,580.48,0.59,3.47,4330886,3348701936.0,1.62,0.57
2019-07-03,583.01,578.01,583.5,576.29,-1.6,-9.39,3957333,2958865824.0,1.23,0.52
2019-07-04,578.37,573.32,580.33,570.35,-0.81,-4.69,2956697,2217159648.0,1.73,0.39
2019-07-05,573.38,573.02,575.05,568.96,-0.05,-0.3,2097619,1588816208.0,1.06,0.28
2019-07-08,571.47,548.44,571.47,547.01,-4.29,-24.58,3146883,2251317824.0,4.27,0.42
2019-07-09,548.95,554.45,555.52,545.0,1.1,6.01,2188220,1670505760.0,1.92,0.29
2019-07-10,554.79,549.2,556.19,547.0,-0.95,-5.25,1874262,1453523280.0,1.66,0.25
2019-07-11,550.64,550.01,557.99,546.28,0.15,0.81,2276283,1740960160.0,2.13,0.3
2019-07-12,551.0,551.41,553.03,544.11,0.25,1.4,1964401,1482047440.0,1.62,0.26
2019-07-15,549.29,559.45,563.91,542.54,1.46,8.04,2787686,2086550448.0,3.88,0.37
2019-07-16,557.77,557.76,560.16,555.63,-0.3,-1.69,1652730,1322033040.0,0.81,0.22
2019-07-17,557.06,555.92,559.39,554.99,-0.33,-1.84,1667463,1241188528.0,0.79,0.22
2019-07-18,552.42,545.13,552.42,545.13,-1.94,-10.79,1722357,1267619888.0,1.31,0.23
2019-07-19,545.8,553.39,559.58,545.8,1.52,8.26,2249512,1597567536.0,2.53,0.3
2019-07-22,555.7,541.25,555.97,540.07,-2.19,-12.14,2816675,1973673216.0,2.87,0.37
2019-07-23,539.88,548.89,548.92,539.88,1.41,7.64,2183207,1552194784.0,1.67,0.29
2019-07-24,550.47,555.01,559.41,550.47,1.11,6.12,2355620,1702273936.0,1.63,0.31
2019-07-25,552.67,553.0,556.47,550.79,-0.36,-2.01,2030402,1536875472.0,1.02,0.27
2019-07-26,551.38,551.06,553.24,548.01,-0.35,-1.94,1666093,1268777728.0,0.95,0.22
2019-07-29,550.65,544.31,550.82,542.95,-1.22,-6.75,1948737,1351291120.0,1.43,0.26
2019-07-30,548.0,572.46,578.41,548.0,5.17,28.15,6261145,4074671744.0,5.59,0.83
2019-07-31,571.28,564.04,571.28,563.19,-1.47,-8.42,4923762,3323122080.0,1.41,0.65
2019-08-01,561.76,566.88,570.56,560.0,0.5,2.84,4013825,2828717664.0,1.87,0.53
2019-08-02,551.12,552.39,555.03,547.22,-2.56,-14.49,3862107,2683610096.0,1.38,0.51
2019-08-05,548.81,538.68,550.87,537.51,-2.48,-13.71,3197685,2130206512.0,2.42,0.42
2019-08-06,526.35,523.54,526.98,507.99,-2.81,-15.14,4327351,3031285024.0,3.53,0.57
2019-08-07,525.55,514.49,526.7,514.25,-1.73,-9.05,2243303,1626544480.0,2.38,0.3
2019-08-08,519.72,519.83,528.4,519.45,1.04,5.34,2317031,1619874384.0,1.74,0.31
2019-08-09,523.32,510.09,524.18,508.99,-1.87,-9.74,2389778,1614070400.0,2.92,0.32
2019-08-12,511.18,520.37,520.37,511.02,2.02,10.28,2137503,1443078848.0,1.83,0.28
2019-08-13,515.54,514.77,515.54,511.66,-1.08,-5.6,1792848,1191224768.0,0.75,0.24
2019-08-14,522.89,514.29,524.54,513.95,-0.09,-0.48,1876166,1248302880.0,2.06,0.25
2019-08-15,500.3,512.26,513.07,497.81,-0.39,-2.03,2169125,1343901728.0,2.97,0.29
2019-08-16,511.93,515.89,523.79,510.74,0.71,3.63,2510155,1597413376.0,2.55,0.33
2019-08-19,519.21,535.22,535.22,518.22,3.75,19.33,4293765,2776084464.0,3.3,0.57
2019-08-20,535.52,531.84,538.52,530.6,-0.63,-3.38,3218612,2105791648.0,1.48,0.42
2019-08-21,531.81,530.9,534.36,529.37,-0.18,-0.94,2083829,1379419904.0,0.94,0.27
2019-08-22,531.65,531.58,532.37,527.65,0.13,0.68,1780281,1180562016.0,0.89,0.23
2019-08-23,532.37,535.01,543.5,531.57,0.65,3.43,3135947,2148975552.0,2.24,0.41
2019-08-26,519.99,523.69,525.0,517.96,-2.12,-11.32,2522218,1683037072.0,1.32,0.33
2019-08-27,525.89,532.59,536.45,525.89,1.7,8.9,2926090,1926093104.0,2.02,0.39
2019-08-28,532.48,531.64,533.76,529.7,-0.18,-0.95,2250294,1616647600.0,0.76,0.3
2019-08-29,532.06,528.53,533.09,528.38,-0.58,-3.11,1993198,1422518800.0,0.89,0.26
2019-08-30,535.06,527.22,539.62,524.38,-0.25,-1.31,2748258,1861111968.0,2.88,0.36
2019-09-02,528.63,543.21,543.72,528.11,3.03,15.99,3727445,2451431632.0,2.96,0.49
2019-09-03,545.47,546.68,547.61,541.77,0.64,3.47,2843100,1990528096.0,1.08,0.38
2019-09-04,547.42,556.86,557.87,546.19,1.86,10.18,3987681,2697439456.0,2.14,0.53
2019-09-05,562.95,573.3,586.69,562.95,2.95,16.44,8137186,5624641024.0,4.26,1.07
2019-09-06,580.14,577.06,580.23,571.44,0.66,3.76,4297186,3209534640.0,1.53,0.57
2019-09-09,588.14,590.52,590.58,583.98,2.33,13.46,4662807,3468887920.0,1.14,0.62
2019-09-10,594.35,599.64,602.41,588.28,1.54,9.12,4462266,3441323792.0,2.39,0.59
2019-09-11,609.65,611.68,618.91,609.64,2.01,12.04,6041525,4656571648.0,1.55,0.8
2019-09-12,616.1,615.47,616.63,608.57,0.62,3.79,4453641,3329707152.0,1.32,0.59
2019-09-16,624.07,619.38,626.86,617.29,0.64,3.91,4361961,3442182992.0,1.55,0.58
2019-09-17,622.66,610.09,622.84,607.4,-1.5,-9.29,3963310,3030298672.0,2.49,0.52
2019-09-18,613.41,611.69,615.91,610.54,0.26,1.6,2779539,2118799344.0,0.88,0.37
2019-09-19,618.68,620.69,620.69,612.86,1.47,9.0,2298247,1766428816.0,1.28,0.3
2019-09-20,625.11,622.02,625.12,619.05,0.21,1.33,2088538,1624556848.0,0.98,0.28
2019-09-23,624.09,620.26,624.09,615.5,-0.28,-1.76,2711488,2659538208.0,1.38,0.36
2019-09-24,623.15,623.44,630.92,621.48,0.51,3.18,2911220,3279036160.0,1.52,0.38
2019-09-25,621.79,616.92,624.69,616.82,-1.05,-6.52,2931034,3421682128.0,1.26,0.39
2019-09-26,619.06,606.51,622.89,605.22,-1.69,-10.41,3214436,3549557488.0,2.86,0.42
2019-09-27,607.77,613.13,614.99,607.25,1.09,6.62,2300068,2628152352.0,1.28,0.3
2019-09-30,614.92,599.99,615.54,599.99,-2.14,-13.14,2168097,2997845792.0,2.54,0.29
2019-10-08,599.48,595.85,603.15,594.23,-0.69,-4.14,1996568,2260732032.0,1.49,0.26
2019-10-09,595.49,600.06,600.06,590.16,0.71,4.21,1789088,1985083920.0,1.66,0.24
2019-10-10,597.54,603.53,603.86,595.84,0.58,3.47,2235410,2251541600.0,1.34,0.29
2019-10-11,600.55,610.03,613.17,597.58,1.08,6.5,3153468,3445151392.0,2.58,0.42
2019-10-14,619.43,635.7,641.6,619.43,4.21,25.67,5646924,5194575104.0,3.63,0.75
2019-10-15,633.02,628.6,635.98,627.45,-1.12,-7.1,5233987,5979294464.0,1.34,0.69
2019-10-16,627.25,626.8,637.49,624.45,-0.29,-1.8,4843673,5332047616.0,2.07,0.64
2019-10-17,622.33,615.67,625.9,613.36,-1.78,-11.13,3460094,3857765936.0,2.0,0.46
2019-10-18,614.14,600.82,614.97,600.33,-2.41,-14.85,3223584,3115761408.0,2.38,0.43
2019-10-21,601.38,594.1,601.38,588.75,-1.12,-6.72,2568885,2625853552.0,2.1,0.34
2019-10-22,593.19,598.88,598.88,591.53,0.8,4.78,2240448,2246861872.0,1.24,0.3
2019-10-23,599.24,594.95,599.59,593.25,-0.66,-3.93,2191064,2344517760.0,1.06,0.29
2019-10-24,592.83,598.44,599.03,590.29,0.59,3.49,2521651,2747361888.0,1.47,0.33
2019-10-25,596.59,604.2,605.04,594.14,0.96,5.76,2941442,3214509696.0,1.82,0.39
2019-10-28,606.23,615.96,617.0,606.23,1.95,11.76,3335096,3270394576.0,1.78,0.44
2019-10-29,615.8,601.74,615.8,601.65,-2.31,-14.22,2716219,2733848608.0,2.3,0.36
2019-10-30,601.26,595.13,601.72,592.35,-1.1,-6.61,3802018,4840392192.0,1.56,0.5
2019-10-31,594.76,588.63,597.13,587.69,-1.09,-6.5,3533846,4450279424.0,1.59,0.47
2019-11-01,586.67,596.9,597.57,585.83,1.4,8.27,2474010,2656084048.0,1.99,0.33
2019-11-04,598.78,592.42,600.96,591.73,-0.75,-4.48,3612041,4944673280.0,1.55,0.48
2019-11-05,593.45,599.31,602.1,591.98,1.16,6.89,4069455,4801063168.0,1.71,0.54
2019-11-06,597.93,588.61,597.93,586.01,-1.79,-10.7,3137722,3692125200.0,1.99,0.41
2019-11-07,587.24,590.01,593.41,586.98,0.24,1.4,2877941,3481405984.0,1.09,0.38
2019-11-08,593.33,591.95,599.4,591.34,0.33,1.94,3431937,3910371600.0,1.37,0.45
2019-11-11,591.18,576.04,591.18,575.15,-2.69,-15.91,3413167,3982498880.0,2.71,0.45
2019-11-12,574.82,579.6,579.6,569.26,0.62,3.56,2732883,3166654784.0,1.8,0.36
2019-11-13,578.41,577.1,580.21,574.33,-0.43,-2.5,2221533,2711815024.0,1.01,0.29
2019-11-14,575.87,578.67,580.51,573.97,0.27,1.57,2922036,3893408592.0,1.13,0.39
2019-11-15,577.29,568.06,578.74,568.06,-1.83,-10.61,2640202,3262566240.0,1.85,0.35
2019-11-18,568.39,578.1,578.82,567.24,1.77,10.04,2473949,3143414640.0,2.04,0.33
2019-11-19,578.88,590.86,590.86,577.29,2.21,12.76,2967436,3979728816.0,2.35,0.39
2019-11-20,591.3,582.36,591.3,581.98,-1.44,-8.5,2967924,4277965744.0,1.58,0.39
2019-11-21,579.67,586.81,586.81,578.45,0.76,4.45,2319509,3436616528.0,1.44,0.31
2019-11-22,587.49,583.11,594.43,582.41,-0.63,-3.7,3052711,4502389504.0,2.05,0.4
2019-11-25,583.06,579.9,583.92,574.08,-0.55,-3.21,2735906,3358615008.0,1.69,0.36
2019-11-26,579.62,576.33,580.51,576.18,-0.62,-3.57,2548230,2857386400.0,0.75,0.34
2019-11-27,575.44,576.09,580.8,572.0,-0.04,-0.24,2785946,3735832336.0,1.53,0.37
2019-11-28,575.2,571.19,576.58,568.97,-0.85,-4.9,2362681,2880228704.0,1.32,0.31
2019-11-29,570.47,574.62,578.44,570.4,0.6,3.43,2488921,3404568272.0,1.41,0.33
2019-12-02,577.13,576.17,581.07,573.91,0.27,1.55,2354887,2969801472.0,1.25,0.31
2019-12-03,571.21,575.91,575.91,566.93,-0.05,-0.26,2243206,2860900752.0,1.56,0.3
2019-12-04,572.33,575.12,575.13,571.76,-0.14,-0.79,1864419,2477631984.0,0.59,0.25
2019-12-05,577.48,583.17,584.52,576.29,1.4,8.05,2848189,3963599200.0,1.43,0.38
2019-12-06,582.84,584.8,585.96,581.64,0.28,1.63,2639086,3464317424.0,0.74,0.35
2019-12-09,585.48,586.37,588.25,581.65,0.27,1.57,2632626,3404083760.0,1.13,0.35
2019-12-10,585.13,586.46,587.87,582.38,0.02,0.09,2586194,3162052400.0,0.94,0.34
2019-12-11,584.91,585.55,590.88,584.36,-0.16,-0.91,2448717,3071662608.0,1.11,0.32
2019-12-12,584.28,579.25,584.88,578.62,-1.08,-6.3,2398974,2657575120.0,1.07,0.32
2019-12-13,586.52,606.01,608.46,586.37,4.62,26.76,5636622,5137035776.0,3.81,0.74
2019-12-16,607.63,617.53,619.12,602.3,1.9,11.52,5851680,5290081792.0,2.78,0.77
2019-12-17,618.52,633.31,644.06,615.42,2.56,15.78,8677960,7696940288.0,4.64,1.15
2019-12-18,632.33,632.94,640.02,631.48,-0.06,-0.37,5524840,5098560512.0,1.35,0.73
2019-12-19,633.81,638.03,640.67,632.32,0.8,5.09,5666291,5687408128.0,1.32,0.75
2019-12-20,637.3,635.57,648.15,635.24,-0.39,-2.46,6901454,6338909952.0,2.02,0.91
2019-12-23,633.66,617.58,634.27,616.56,-2.83,-17.99,5569655,4920083712.0,2.79,0.73
2019-12-24,619.46,624.91,624.91,615.33,1.19,7.33,3773307,3291349264.0,1.55,0.5
2019-12-25,623.46,627.8,632.93,621.79,0.46,2.89,4328039,3776009408.0,1.78,0.57
2019-12-26,627.34,639.94,639.94,625.97,1.93,12.14,5124895,4482129664.0,2.23,0.68
2019-12-27,639.07,634.04,653.54,633.98,-0.92,-5.9,7804700,6552062720.0,3.06,1.03
2019-12-30,628.2,642.29,647.68,617.55,1.3,8.25,6834192,5526833152.0,4.75,0.9
2019-12-31,642.86,642.76,648.24,639.87,0.07,0.47,4612256,3929375488.0,1.3,0.61
2020-01-02,652.59,652.48,659.23,650.14,1.51,9.72,6342009,5234372608.0,1.41,0.84
2020-01-03,654.06,654.07,657.15,650.14,0.24,1.59,5448606,5055710720.0,1.07,0.72
2020-01-06,647.92,657.37,660.31,646.19,0.5,3.3,6601807,5721871104.0,2.16,0.87
2020-01-07,656.09,667.95,670.06,655.99,1.61,10.58,6473631,6312974592.0,2.14,0.85
2020-01-08,662.32,649.08,662.32,648.33,-2.83,-18.87,6223377,5519908864.0,2.09,0.82
2020-01-09,654.64,654.86,660.5,651.75,0.89,5.78,4513288,4110760656.0,1.35,0.6
2020-01-10,657.53,650.19,659.01,647.44,-0.71,-4.67,3914209,3701864896.0,1.77,0.52
2020-01-13,647.37,651.47,651.47,635.76,0.2,1.28,4209064,3817458640.0,2.42,0.56
2020-01-14,651.55,656.25,660.2,651.55,0.73,4.78,4853033,4932737536.0,1.33,0.64
2020-01-15,654.39,650.82,654.89,647.24,-0.83,-5.43,4380931,4139887776.0,1.17,0.58
2020-01-16,652.2,644.6,652.51,643.25,-0.96,-6.22,3328420,3182275472.0,1.42,0.44
2020-01-17,646.54,640.18,649.96,639.06,-0.69,-4.42,3262760,2969733040.0,1.69,0.43
2020-01-20,640.24,646.4,646.4,636.09,0.97,6.22,3608084,3156117152.0,1.61,0.48
2020-01-21,644.34,635.44,644.34,635.08,-1.7,-10.96,3560904,3038502192.0,1.43,0.47
2020-01-22,633.34,634.91,639.22,622.62,-0.08,-0.53,3690300,3111607184.0,2.61,0.49
2020-01-23,631.03,608.63,631.03,602.36,-4.14,-26.28,4559127,3543670080.0,4.52,0.6
2020-02-03,551.61,550.66,551.81,549.04,-9.52,-57.97,1403851,847962736.0,0.46,0.19
2020-02-04,506.74,533.91,540.75,506.74,-3.04,-16.75,6480741,4260637616.0,6.18,0.86
2020-02-05,534.24,543.4,554.52,534.13,1.78,9.49,4614031,3229213200.0,3.82,0.61
2020-02-06,544.16,552.92,557.28,539.92,1.75,9.52,4742850,3348551392.0,3.19,0.63
2020-02-07,550.66,558.59,558.67,548.28,1.03,5.67,4686179,3415483952.0,1.88,0.62
2020-02-10,556.13,570.02,570.02,553.78,2.05,11.43,4177101,3102213024.0,2.91,0.55
2020-02-11,571.2,570.49,578.57,567.78,0.08,0.47,3964225,3045701184.0,1.89,0.52
2020-02-12,566.59,573.63,574.24,564.01,0.55,3.14,3310929,2314923504.0,1.79,0.44
2020-02-13,571.49,563.28,575.17,563.28,-1.8,-10.35,3214873,2120576032.0,2.07,0.42
2020-02-14,564.2,578.31,582.91,561.64,2.67,15.03,6224088,4556161536.0,3.78,0.82
2020-02-17,586.0,601.14,601.38,585.81,3.95,22.83,6283982,4835783936.0,2.69,0.83
2020-02-18,602.25,601.21,602.25,592.72,0.01,0.07,5851664,4757999616.0,1.59,0.77
2020-02-19,599.46,614.31,623.78,598.25,2.18,13.1,7053594,5848421120.0,4.25,0.93
2020-02-20,615.22,642.52,643.88,609.94,4.59,28.21,9466042,8190641152.0,5.52,1.25
2020-02-21,642.68,639.68,655.22,636.7,-0.44,-2.84,8586331,8244292608.0,2.88,1.13
2020-02-24,638.22,639.6,644.81,628.97,-0.01,-0.08,7830608,6936078336.0,2.48,1.03
2020-02-25,621.14,635.08,637.3,609.55,-0.71,-4.52,8451087,6960409600.0,4.34,1.12
2020-02-26,625.54,630.28,647.55,623.98,-0.76,-4.8,7645243,6429545728.0,3.71,1.01
2020-02-27,632.74,630.88,643.28,629.41,0.1,0.6,5141557,4339076864.0,2.2,0.68
2020-02-28,607.85,592.38,617.21,591.18,-6.1,-38.5,6812410,5409689344.0,4.13,0.9
2020-03-02,598.23,616.36,620.64,598.23,4.05,23.98,5492904,4487160576.0,3.78,0.72
2020-03-03,624.27,624.55,632.56,618.91,1.33,8.19,6089901,5130917376.0,2.21,0.8
2020-03-04,618.94,635.11,635.11,618.56,1.69,10.56,5882481,5172683008.0,2.65,0.78
2020-03-05,641.36,659.16,661.49,636.23,3.79,24.05,9902903,8077313280.0,3.98,1.31
2020-03-06,650.12,653.32,656.05,645.61,-0.89,-5.84,7101267,6396541184.0,1.58,0.94
2020-03-09,644.38,632.84,651.37,630.1,-3.13,-20.48,6822393,6095219456.0,3.26,0.9
2020-03-10,623.18,648.19,651.44,616.49,2.43,15.35,7168848,6487881472.0,5.52,0.95
2020-03-11,647.12,640.06,654.45,640.06,-1.25,-8.13,6751488,5683909120.0,2.22,0.89
2020-03-12,630.64,638.35,647.16,629.23,-0.27,-1.71,6189054,5003056384.0,2.8,0.82
2020-03-13,605.04,632.7,640.37,605.04,-0.89,-5.65,7663884,6112601600.0,5.53,1.01
2020-03-16,630.47,596.72,631.46,595.72,-5.69,-35.98,5964068,4618636288.0,5.65,0.79
2020-03-17,595.89,587.68,604.83,572.55,-1.51,-9.04,5331942,3887950464.0,5.41,0.7
2020-03-18,592.32,569.31,594.36,569.31,-3.13,-18.37,5017177,3633606256.0,4.26,0.66
2020-03-19,568.52,572.28,576.71,557.38,0.52,2.97,4454416,3173808496.0,3.4,0.59
2020-03-20,575.92,583.41,583.81,572.07,1.94,11.13,3478286,2672412640.0,2.05,0.46
2020-03-23,568.19,560.92,574.89,558.69,-3.85,-22.49,3332415,2362558576.0,2.78,0.44
2020-03-24,572.28,574.34,574.34,559.96,2.39,13.42,3285956,2413115808.0,2.56,0.43
2020-03-25,585.62,588.82,592.45,579.79,2.52,14.48,3972053,3137054736.0,2.2,0.52
2020-03-26,583.6,580.7,588.62,579.47,-1.38,-8.12,3517175,2696931840.0,1.55,0.46
2020-03-27,585.97,580.12,592.21,579.81,-0.1,-0.58,3368924,2546524592.0,2.14,0.44
2020-03-30,573.56,570.88,575.83,565.23,-1.59,-9.24,2964632,2174069888.0,1.83,0.39
2020-03-31,575.8,572.03,579.16,571.35,0.2,1.15,2965583,2206165824.0,1.37,0.39
2020-04-01,568.86,569.74,579.16,567.94,-0.4,-2.29,3168262,2419751040.0,1.96,0.42
2020-04-02,566.71,581.47,581.47,564.52,2.06,11.73,3160259,2443178752.0,2.98,0.42
2020-04-03,578.62,573.98,579.05,570.57,-1.29,-7.49,2829058,2253179200.0,1.46,0.37
2020-04-07,582.37,589.0,591.01,581.11,2.62,15.02,4037242,3165306080.0,1.72,0.53
2020-04-08,585.96,593.76,596.15,584.8,0.81,4.76,3884739,2860804832.0,1.93,0.51
2020-04-09,599.07,604.86,612.59,598.91,1.87,11.1,5662222,4376676096.0,2.3,0.75
2020-04-10,601.46,585.95,601.62,585.47,-3.13,-18.91,4369416,3338304224.0,2.67,0.58
2020-04-13,579.77,572.66,579.77,571.25,-2.27,-13.29,2793689,2042129120.0,1.45,0.37
2020-04-14,575.3,582.09,583.02,573.56,1.65,9.43,3049715,2235825600.0,1.65,0.4
2020-04-15,580.65,573.36,581.36,573.26,-1.5,-8.73,2908703,2109649632.0,1.39,0.38
2020-04-16,570.94,572.42,575.2,569.05,-0.16,-0.94,3035321,2251551968.0,1.07,0.4
2020-04-17,575.52,570.73,576.93,569.72,-0.3,-1.69,3112753,2407078928.0,1.26,0.41
2020-04-20,571.47,576.04,576.2,568.52,0.93,5.31,2432497,2044624624.0,1.35,0.32
2020-04-21,574.89,566.18,574.89,562.77,-1.71,-9.86,2808476,2142542256.0,2.1,0.37
2020-04-22,562.98,571.17,571.2,560.34,0.88,4.99,2617974,2080025824.0,1.92,0.35
2020-04-23,571.38,568.07,571.63,565.81,-0.54,-3.1,2611720,2145454576.0,1.02,0.34
2020-04-24,569.34,564.09,571.02,562.25,-0.7,-3.98,3513691,2778696128.0,1.54,0.46
2020-04-27,566.42,561.77,567.92,561.12,-0.41,-2.32,3388966,2665015552.0,1.21,0.45
2020-04-28,564.35,550.44,566.77,540.51,-2.02,-11.33,3951103,3042035296.0,4.67,0.52
2020-04-29,545.71,544.07,551.23,543.26,-1.16,-6.37,2692614,2222052416.0,1.45,0.36
2020-04-30,545.42,558.67,559.89,545.42,2.68,14.6,3439941,2527874576.0,2.66,0.45
2020-05-06,555.42,570.55,570.55,554.99,2.13,11.88,3974515,2941250096.0,2.79,0.52
2020-05-07,569.28,567.39,571.81,566.82,-0.55,-3.16,3122468,2491366128.0,0.87,0.41
2020-05-08,569.96,575.81,580.27,568.8,1.48,8.42,3924703,3068388400.0,2.02,0.52
2020-05-11,575.52,569.58,577.6,566.22,-1.08,-6.23,2726750,2080343472.0,1.98,0.36
2020-05-12,569.6,562.86,569.87,556.92,-1.18,-6.72,2151868,1600811456.0,2.27,0.28
2020-05-13,561.22,566.63,567.16,558.45,0.67,3.77,2428698,1850834960.0,1.55,0.32
2020-05-14,564.08,559.93,564.25,559.34,-1.18,-6.7,2427192,1877382336.0,0.87,0.32
2020-05-15,567.57,565.37,571.78,565.36,0.97,5.44,3271413,2947149520.0,1.15,0.43
2020-05-18,563.09,561.53,567.61,559.82,-0.68,-3.84,3942912,3159113760.0,1.38,0.52
2020-05-19,565.04,567.83,569.15,562.88,1.12,6.3,3586330,2678754112.0,1.12,0.47
2020-05-20,568.38,569.92,573.0,565.81,0.37,2.09,4001270,2657066560.0,1.27,0.53
2020-05-21,572.24,568.62,575.85,566.94,-0.23,-1.3,4028103,2451358272.0,1.56,0.53
2020-05-22,567.02,560.25,567.92,557.48,-1.47,-8.37,4137712,2720125232.0,1.84,0.55
2020-05-25,556.47,553.54,558.43,550.86,-1.2,-6.71,3281173,2054455280.0,1.35,0.43
2020-05-26,553.68,566.79,566.81,551.21,2.39,13.25,3539247,2398925584.0,2.82,0.47
2020-05-27,565.04,564.14,566.74,560.42,-0.47,-2.65,3823603,2471957856.0,1.12,0.5
2020-05-28,563.6,582.2,587.09,562.97,3.2,18.06,6243164,4104443904.0,4.28,0.82
2020-05-29,576.85,579.17,583.08,576.24,-0.52,-3.03,4900357,3321274000.0,1.17,0.65
2020-06-01,583.89,599.06,600.37,583.44,3.43,19.89,6007234,4357948928.0,2.92,0.79
2020-06-02,598.78,596.87,603.21,595.34,-0.37,-2.19,4862534,3482908176.0,1.31,0.64
2020-06-03,599.9,593.3,603.67,592.95,-0.6,-3.57,5220513,4390884352.0,1.8,0.69
2020-06-04,594.75,587.22,595.53,585.0,-1.02,-6.08,3902329,3234311728.0,1.77,0.51
2020-06-05,587.4,590.04,590.96,582.95,0.48,2.82,3883876,3099233888.0,1.36,0.51
2020-06-08,591.72,588.44,592.23,587.59,-0.27,-1.6,3577733,2939953056.0,0.79,0.47
2020-06-09,587.93,593.04,595.44,584.25,0.78,4.6,3871034,3045624832.0,1.9,0.51
2020-06-10,592.35,592.89,595.18,589.4,-0.03,-0.15,3907395,3380344992.0,0.97,0.52
2020-06-11,591.34,591.37,600.67,588.67,-0.26,-1.52,4250613,3753093776.0,2.02,0.56
2020-06-12,576.82,589.7,593.08,576.1,-0.28,-1.67,4788719,4238517536.0,2.87,0.63
2020-06-15,588.87,584.1,594.37,584.1,-0.95,-5.6,4139444,3742748560.0,1.74,0.55
2020-06-16,586.3,588.68,588.68,584.58,0.78,4.58,3439309,2913396880.0,0.7,0.45
2020-06-17,587.37,584.11,587.37,579.85,-0.78,-4.57,3186699,2800822816.0,1.28,0.42
2020-06-18,581.37,584.84,587.33,579.31,0.12,0.73,3561386,2658632528.0,1.37,0.47
2020-06-19,584.6,596.84,598.83,583.75,2.05,12.0,5264774,3817696688.0,2.58,0.69
2020-06-22,596.13,603.52,615.47,595.0,1.12,6.68,6545142,4946417408.0,3.43,0.86
2020-06-23,602.47,606.14,607.54,597.66,0.43,2.62,5725734,4885146368.0,1.64,0.76
2020-06-24,608.29,608.72,614.13,606.59,0.43,2.58,6003863,5098791424.0,1.24,0.79
2020-06-29,605.91,590.41,605.91,588.72,-3.01,-18.31,5337936,4584242688.0,2.82,0.7
2020-06-30,593.08,607.07,609.38,591.89,2.82,16.66,5602856,4697862656.0,2.96,0.74
2020-07-01,609.62,610.04,611.17,603.41,0.49,2.97,6271535,5588244736.0,1.28,0.83
2020-07-02,609.63,637.55,640.89,607.76,4.51,27.51,10903431,8985108736.0,5.43,1.44
2020-07-03,638.61,664.24,667.33,638.61,4.19,26.69,14339064,11927616512.0,4.5,1.89
2020-07-06,672.95,705.17,707.55,670.52,6.16,40.93,17571837,14628237056.0,5.57,2.32
2020-07-07,707.95,689.57,707.95,683.24,-2.21,-15.6,15115851,13137561088.0,3.5,1.99
2020-07-08,685.07,714.23,719.4,684.97,3.58,24.66,13793348,11889897216.0,4.99,1.82
2020-07-09,712.28,722.61,728.8,706.8,1.17,8.38,15398563,13552148224.0,3.08,2.03
2020-07-10,715.18,721.18,728.58,711.49,-0.2,-1.43,11996879,11127908096.0,2.37,1.58
2020-07-13,723.31,735.12,740.33,714.96,1.93,13.94,12772286,12762413056.0,3.52,1.69
2020-07-14,730.31,738.84,745.41,725.23,0.51,3.72,12344132,12211790080.0,2.75,1.63
2020-07-15,744.08,750.47,776.5,732.69,1.57,11.63,17668034,17410087680.0,5.93,2.33
2020-07-16,741.62,699.57,742.26,699.27,-6.78,-50.9,13882175,13163333376.0,5.73,1.83
2020-07-17,691.51,670.02,696.17,665.97,-4.22,-29.55,10350137,8982636800.0,4.32,1.37
2020-07-20,677.61,698.68,698.68,671.77,4.28,28.66,9967697,8970568192.0,4.02,1.32
2020-07-21,702.17,693.01,706.92,689.1,-0.81,-5.67,8362115,8335444224.0,2.55,1.1
2020-07-22,694.76,696.56,709.55,690.1,0.51,3.55,9352212,8787770112.0,2.81,1.23
2020-07-23,689.11,689.87,695.86,672.63,-0.96,-6.69,8678051,8323350528.0,3.33,1.15
2020-07-24,686.71,656.75,690.1,654.82,-4.8,-33.12,8371935,7809385472.0,5.11,1.1
2020-07-27,658.8,655.2,661.55,647.51,-0.24,-1.55,4978537,4187223824.0,2.14,0.66
2020-07-28,659.8,662.98,667.39,657.12,1.19,7.78,5198984,4479313152.0,1.57,0.69
2020-07-29,660.34,679.87,679.95,657.71,2.55,16.89,6402707,6193972224.0,3.35,0.84
2020-07-30,677.97,672.06,681.67,671.32,-1.15,-7.81,5846376,5908480256.0,1.52,0.77
2020-07-31,669.42,680.57,687.06,669.36,1.27,8.51,6762571,6913629440.0,2.63,0.89
2020-08-03,685.64,701.36,701.65,685.64,3.05,20.79,8418528,8369740800.0,2.35,1.11
2020-08-04,701.67,709.3,713.88,695.65,1.13,7.94,10057681,9632304640.0,2.6,1.33
2020-08-05,706.06,711.76,712.86,696.18,0.35,2.46,9690719,8814130944.0,2.35,1.28
2020-08-06,711.17,719.22,721.5,703.9,1.05,7.46,10416906,9522118656.0,2.47,1.37
2020-08-07,714.18,705.49,714.46,696.41,-1.91,-13.73,9288781,8588696576.0,2.51,1.23
2020-08-10,697.78,704.07,711.43,696.37,-0.2,-1.42,8327467,7526356480.0,2.13,1.1
2020-08-11,702.81,684.75,706.94,684.1,-2.74,-19.32,7737327,6672912896.0,3.24,1.02
2020-08-12,679.97,680.52,683.67,667.86,-0.62,-4.23,6292927,5067365632.0,2.31,0.83
2020-08-13,680.96,682.08,688.27,677.97,0.23,1.56,5409057,4208987408.0,1.51,0.71
2020-08-14,681.26,687.03,687.37,674.62,0.73,4.95,4704753,3765501696.0,1.87,0.62
2020-08-17,689.65,713.94,717.9,689.65,3.92,26.91,9743085,9157434368.0,4.11,1.29
2020-08-18,715.2,715.67,719.32,711.35,0.24,1.73,7933277,8057592832.0,1.12,1.05
2020-08-19,713.89,701.04,713.91,700.31,-2.04,-14.63,6766385,6360717824.0,1.9,0.89
2020-08-20,694.81,692.36,700.35,691.17,-1.24,-8.68,5683723,4332301312.0,1.31,0.75
2020-08-21,693.29,692.3,698.31,687.3,-0.01,-0.06,5290733,4616395008.0,1.59,0.7
2020-08-24,693.29,690.56,694.3,686.38,-0.25,-1.74,4472006,3629283600.0,1.14,0.59
2020-08-25,692.46,685.93,695.82,683.72,-0.67,-4.63,5082431,4009061728.0,1.75,0.67
2020-08-26,683.27,665.27,683.84,664.36,-3.01,-20.66,5454509,4515012096.0,2.84,0.72
2020-08-27,664.01,670.29,673.46,660.81,0.75,5.02,4284595,3562217072.0,1.9,0.57
2020-08-28,668.15,678.71,679.4,663.95,1.26,8.42,4890288,3766705328.0,2.3,0.65
2020-08-31,680.81,678.35,690.5,678.35,-0.05,-0.36,5540001,4169771536.0,1.79,0.73
2020-09-01,679.8,685.67,685.67,677.88,1.08,7.32,4443308,3214257040.0,1.15,0.59
2020-09-02,688.57,689.0,694.21,679.88,0.49,3.33,6758450,4918424320.0,2.09,0.89
2020-09-03,686.32,681.98,690.81,679.0,-1.02,-7.02,5478688,3947693104.0,1.71,0.72
2020-09-04,670.38,682.26,683.73,667.91,0.04,0.28,4703734,3365914960.0,2.32,0.62
2020-09-07,681.01,672.27,685.72,670.53,-1.46,-9.99,6140842,4717824000.0,2.23,0.81
2020-09-08,672.82,682.41,685.28,667.63,1.51,10.14,6000196,4229687168.0,2.63,0.79
2020-09-09,675.22,665.14,680.69,664.34,-2.53,-17.27,6691231,4610195712.0,2.4,0.88
2020-09-10,668.06,636.7,669.64,636.18,-4.28,-28.44,5624792,3660798352.0,5.03,0.74
2020-09-11,634.17,642.6,644.57,632.52,0.93,5.9,3794947,2554274624.0,1.89,0.5
2020-09-14,645.53,654.48,654.63,645.26,1.85,11.88,4262255,2953494304.0,1.46,0.56
2020-09-15,655.45,650.54,655.77,645.92,-0.6,-3.94,3444385,2352692032.0,1.51,0.45
2020-09-16,650.05,647.28,651.08,642.91,-0.5,-3.26,3502281,2382902560.0,1.26,0.46
2020-09-17,645.02,648.45,653.2,643.52,0.18,1.17,3531216,2373796800.0,1.5,0.47
2020-09-18,648.19,668.92,669.61,646.48,3.16,20.47,6309754,4687102464.0,3.57,0.83
2020-09-21,674.72,666.24,676.58,665.5,-0.4,-2.68,5691615,4543272448.0,1.66,0.75
2020-09-22,658.67,662.15,677.85,657.85,-0.61,-4.09,5096797,3946049168.0,3.0,0.67
2020-09-23,662.19,655.74,662.39,653.62,-0.97,-6.41,3346103,2528856064.0,1.32,0.44
2020-09-24,651.23,641.16,653.55,641.16,-2.22,-14.58,3752283,2588777808.0,1.89,0.5
2020-09-25,644.1,642.68,646.47,636.44,0.24,1.52,3014616,2294615856.0,1.56,0.4
2020-09-28,642.12,635.37,645.17,635.1,-1.14,-7.31,2758732,1913074448.0,1.57,0.36
2020-09-29,637.8,639.23,645.98,637.8,0.61,3.86,2791080,2045579472.0,1.29,0.37
2020-09-30,640.64,632.31,640.77,629.32,-1.08,-6.92,2386586,1793683952.0,1.79,0.31
2020-10-09,640.49,648.8,650.5,639.63,2.61,16.49,2983953,2251244912.0,1.72,0.39
2020-10-12,653.09,670.63,670.65,653.09,3.36,21.83,4663813,3618194128.0,2.71,0.62
2020-10-13,668.23,667.1,668.43,661.61,-0.53,-3.53,3821744,2865154000.0,1.02,0.5
2020-10-14,666.24,656.19,666.27,655.13,-1.64,-10.91,3153739,2342516048.0,1.67,0.42
2020-10-15,657.61,653.5,662.63,653.01,-0.41,-2.69,3051179,2312129376.0,1.47,0.4
2020-10-16,653.39,653.45,656.13,650.4,-0.01,-0.05,2766391,2016472128.0,0.88,0.37
2020-10-19,657.15,650.64,663.33,649.71,-0.43,-2.81,4248101,3206179584.0,2.08,0.56
2020-10-20,648.6,650.43,650.43,641.78,-0.03,-0.21,2893483,2071609648.0,1.33,0.38
2020-10-21,650.26,640.28,650.32,637.41,-1.56,-10.15,2582391,1807593120.0,1.98,0.34
2020-10-22,638.77,641.11,644.16,634.79,0.13,0.83,2731985,1824090512.0,1.46,0.36
2020-10-23,639.66,632.4,643.82,631.93,-1.36,-8.71,2645447,1825445072.0,1.85,0.35
2020-10-26,631.02,623.33,631.02,620.72,-1.43,-9.07,2584971,1949872240.0,1.63,0.34
2020-10-27,622.57,621.83,623.95,618.09,-0.24,-1.5,2320450,1574685824.0,0.94,0.31
2020-10-28,621.98,620.7,622.14,612.1,-0.18,-1.13,2531167,1590884960.0,1.61,0.33
2020-10-29,612.67,623.45,626.23,611.76,0.44,2.75,2886936,1964449424.0,2.33,0.38
2020-10-30,624.73,607.55,626.38,606.87,-2.55,-15.9,3748325,2439979664.0,3.13,0.49
2020-11-02,608.13,602.94,614.7,599.95,-0.76,-4.61,3299660,2229641936.0,2.43,0.44
2020-11-03,605.11,617.36,618.76,604.48,2.39,14.42,2885863,2000197952.0,2.37,0.38
2020-11-04,617.53,609.14,617.77,605.19,-1.33,-8.22,2650475,1706284128.0,2.04,0.35
2020-11-05,612.94,615.56,617.8,610.25,1.05,6.42,2663970,1824065056.0,1.24,0.35
2020-11-06,616.3,613.1,617.96,609.36,-0.4,-2.46,2830424,1950150224.0,1.4,0.37
2020-11-09,615.16,632.83,637.35,615.16,3.22,19.73,5039809,3514048064.0,3.62,0.66
2020-11-10,636.96,624.11,636.96,622.05,-1.38,-8.72,4006767,2634390256.0,2.36,0.53
2020-11-11,622.48,617.98,623.58,616.25,-0.98,-6.13,3064013,1883645648.0,1.17,0.4
2020-11-12,617.47,615.35,619.16,613.55,-0.43,-2.63,2392452,1496225072.0,0.91,0.32
2020-11-13,613.89,613.08,614.7,607.16,-0.37,-2.27,2385053,1500179712.0,1.23,0.31
2020-11-16,614.96,617.89,619.27,614.13,0.78,4.81,2935692,1717569472.0,0.84,0.39
2020-11-17,615.85,616.0,616.53,611.73,-0.31,-1.89,2690105,1619763984.0,0.78,0.35
2020-11-18,614.82,617.53,622.83,614.65,0.25,1.53,3563014,2384445296.0,1.33,0.47
2020-11-19,615.66,620.76,621.21,611.72,0.52,3.23,3112793,2000634416.0,1.54,0.41
2020-11-20,618.31,621.19,622.29,616.42,0.07,0.43,2736860,1683296560.0,0.95,0.36
2020-11-23,620.63,628.33,636.22,618.46,1.15,7.14,5245754,3615003184.0,2.86,0.69
2020-11-24,626.99,624.59,631.07,623.25,-0.6,-3.74,3422814,2299434224.0,1.24,0.45
2020-11-25,626.56,617.72,630.96,617.72,-1.1,-6.87,3316537,2225038160.0,2.12,0.44
2020-11-26,616.48,616.58,620.68,612.76,-0.18,-1.14,2628916,1818826560.0,1.28,0.35
2020-11-27,616.54,623.95,623.95,612.83,1.2,7.37,3021572,2069347328.0,1.8,0.4
2020-11-30,624.99,623.77,639.18,623.77,-0.03,-0.18,6799983,5139296000.0,2.47,0.9
2020-12-01,620.87,642.96,647.17,619.01,3.08,19.19,7958376,6064056064.0,4.51,1.05
2020-12-02,640.86,643.14,651.67,637.52,0.03,0.18,6848267,5605633536.0,2.2,0.9
2020-12-03,640.28,643.29,646.15,636.28,0.02,0.15,5319987,4038653728.0,1.53,0.7
2020-12-04,640.68,639.22,640.88,633.02,-0.63,-4.07,4194186,3370042672.0,1.22,0.55
2020-12-07,637.84,629.53,637.9,629.45,-1.52,-9.69,3369080,2687802848.0,1.32,0.44
2020-12-08,629.57,626.73,631.84,625.56,-0.44,-2.8,2890464,2298456816.0,1.0,0.38
2020-12-09,627.11,611.03,629.32,610.68,-2.51,-15.7,3594031,2864692880.0,2.97,0.47
2020-12-10,609.84,608.54,612.92,604.78,-0.41,-2.49,3262305,2782516320.0,1.33,0.43
2020-12-11,608.18,596.63,608.18,593.02,-1.96,-11.91,3314466,2675427552.0,2.49,0.44
2020-12-14,594.05,594.93,595.9,590.62,-0.28,-1.7,2057819,1617407168.0,0.88,0.27
2020-12-15,592.97,590.5,593.02,588.04,-0.74,-4.43,2551356,1633022656.0,0.84,0.34
2020-12-16,590.42,584.89,591.79,584.63,-0.95,-5.61,2499613,1758855312.0,1.21,0.33
2020-12-17,583.36,596.89,597.33,577.16,2.05,12.0,3502066,2522021296.0,3.45,0.46
2020-12-18,595.4,591.95,600.19,591.32,-0.83,-4.94,2806158,2113113056.0,1.49,0.37
2020-12-21,590.75,594.27,597.02,586.26,0.39,2.32,2457371,1759937456.0,1.82,0.32
2020-12-22,591.39,574.8,591.4,574.48,-3.28,-19.47,3732697,2616016800.0,2.85,0.49
2020-12-23,575.26,578.03,581.95,575.19,0.56,3.23,2866624,1980328192.0,1.18,0.38
2020-12-24,577.1,570.77,580.59,568.26,-1.26,-7.26,3282578,2134043664.0,2.13,0.43
2020-12-25,571.79,578.57,582.59,570.46,1.37,7.8,3738918,2155437232.0,2.13,0.49
2020-12-28,580.3,569.63,580.3,569.12,-1.55,-8.94,5249266,2951746320.0,1.93,0.69
2020-12-29,566.78,571.9,579.98,566.78,0.4,2.27,4170779,2498948864.0,2.32,0.55
2020-12-30,569.05,572.43,574.15,565.63,0.09,0.53,3547692,2291786288.0,1.49,0.47
2020-12-31,573.06,585.3,591.56,573.06,2.25,12.87,5861525,4100497248.0,3.23,0.77
2021-01-04,586.42,587.19,589.6,579.22,0.32,1.89,6155053,3938201968.0,1.77,0.81
2021-01-05,584.63,579.59,585.22,574.41,-1.29,-7.6,5345849,3303889600.0,1.84,0.71
2021-01-06,580.27,569.74,581.57,566.83,-1.7,-9.85,4668204,2747720080.0,2.54,0.62
2021-01-07,569.33,555.0,570.06,548.86,-2.59,-14.74,5289561,3219712512.0,3.72,0.7
2021-01-08,552.22,555.35,559.83,542.75,0.06,0.35,3966974,2341031104.0,3.08,0.52
2021-01-11,553.4,539.11,553.4,537.61,-2.92,-16.24,3871373,2337140752.0,2.84,0.51
2021-01-12,538.35,550.45,550.58,538.35,2.1,11.34,4200591,2930755984.0,2.27,0.55
2021-01-13,554.22,540.8,554.41,539.87,-1.75,-9.65,4730030,3820624864.0,2.64,0.62
2021-01-14,539.38,544.35,548.09,535.7,0.66,3.55,3186810,2097174320.0,2.29,0.42
2021-01-15,543.56,550.13,555.14,542.9,1.06,5.78,3188873,1859690672.0,2.25,0.42
2021-01-18,550.2,552.15,554.99,549.22,0.37,2.02,2658989,1586661456.0,1.05,0.35
2021-01-19,552.87,556.48,561.74,548.11,0.78,4.33,3415987,1935407952.0,2.47,0.45
2021-01-20,556.65,554.14,557.97,552.44,-0.42,-2.34,2566418,1507221440.0,0.99,0.34
2021-01-21,554.5,557.68,562.95,551.61,0.64,3.54,3457683,2026175328.0,2.05,0.46
2021-01-22,557.74,547.68,557.74,547.63,-1.79,-10.0,3786889,2130999040.0,1.81,0.5
2021-01-25,547.53,542.15,548.69,541.32,-1.01,-5.53,3884206,2407880944.0,1.35,0.51
2021-01-26,540.35,537.95,545.37,536.01,-0.77,-4.2,3655819,2506286256.0,1.73,0.48
2021-01-27,535.87,534.35,539.31,532.88,-0.67,-3.6,2620599,1612936928.0,1.2,0.35
2021-01-28,533.27,543.63,545.33,532.34,1.74,9.28,3781119,2327284128.0,2.43,0.5
2021-01-29,545.1,534.39,545.58,529.81,-1.7,-9.24,3758544,2334765728.0,2.9,0.5
2021-02-01,525.91,522.74,527.4,519.24,-2.18,-11.65,3107979,1720380864.0,1.53,0.41
2021-02-02,518.15,516.04,519.46,513.95,-1.28,-6.7,2446946,1395327104.0,1.05,0.32
2021-02-03,511.68,505.39,511.68,505.29,-2.06,-10.65,2548901,1437495408.0,1.24,0.34
2021-02-04,500.23,491.36,500.26,487.26,-2.78,-14.03,2836728,1485375456.0,2.57,0.37
2021-02-05,488.32,486.15,496.1,485.7,-1.06,-5.21,2795331,1439238768.0,2.12,0.37
2021-02-08,485.55,481.13,486.51,480.41,-1.03,-5.02,2431389,1258911920.0,1.25,0.32
2021-02-09,482.21,488.24,489.82,478.65,1.48,7.11,2568996,1391441552.0,2.32,0.34
2021-02-10,488.75,490.51,492.36,487.9,0.46,2.27,2240442,1282548592.0,0.91,0.3
2021-02-18,496.06,505.02,508.67,496.06,2.96,14.51,3295869,1764530912.0,2.57,0.43
2021-02-19,504.04,526.09,526.24,503.28,4.17,21.07,3814308,2187900896.0,4.55,0.5
2021-02-22,529.55,534.89,547.8,529.55,1.67,8.8,5527957,3307021664.0,3.47,0.73
2021-02-23,534.23,530.99,539.07,529.27,-0.73,-3.9,3597385,2187013552.0,1.83,0.47
2021-02-24,530.36,537.74,541.01,530.23,1.27,6.75,3344305,1887159792.0,2.03,0.44
2021-02-25,541.27,539.4,544.4,537.46,0.31,1.66,3264344,1860540576.0,1.29,0.43
2021-02-26,530.51,533.61,537.52,529.29,-1.07,-5.79,3349123,1943653232.0,1.53,0.44
2021-03-01,534.14,538.68,539.14,533.98,0.95,5.07,2790863,1603825264.0,0.97,0.37
2021-03-02,539.19,531.99,539.82,529.9,-1.24,-6.69,2839018,1551621040.0,1.84,0.37
2021-03-03,531.66,542.72,542.8,530.52,2.02,10.73,3054931,1637918592.0,2.31,0.4
2021-03-04,541.36,541.99,546.59,539.45,-0.13,-0.73,3538160,1850026640.0,1.32,0.47
2021-03-05,540.86,550.65,553.33,540.16,1.6,8.66,3869341,2387522192.0,2.43,0.51
2021-03-08,552.32,546.94,554.94,546.92,-0.67,-3.71,4123329,2498353584.0,1.46,0.54
2021-03-09,545.64,535.71,547.76,526.86,-2.05,-11.23,4089140,2269274224.0,3.82,0.54
2021-03-10,536.94,523.67,538.05,523.67,-2.25,-12.04,3054050,1804475648.0,2.68,0.4
2021-03-11,525.52,532.41,532.41,523.58,1.67,8.74,2685393,1658048112.0,1.69,0.35
2021-03-12,531.66,532.12,535.04,526.43,-0.05,-0.29,3416386,2073149680.0,1.62,0.45
2021-03-15,530.88,532.02,534.57,528.98,-0.02,-0.1,2746473,1623610528.0,1.05,0.36
2021-03-16,531.83,540.27,540.65,531.18,1.55,8.25,2713454,1688757248.0,1.78,0.36
2021-03-17,539.93,540.3,542.88,537.99,0.01,0.03,2791971,1769893504.0,0.91,0.37
2021-03-18,540.18,534.47,540.18,534.06,-1.08,-5.83,2433579,1463593952.0,1.13,0.32
2021-03-19,531.9,534.2,537.91,529.02,-0.05,-0.27,2609674,1534099136.0,1.66,0.34
2021-03-22,535.5,541.02,542.71,535.1,1.28,6.82,2998587,1939298064.0,1.42,0.4
2021-03-23,541.07,539.29,542.18,535.65,-0.32,-1.73,3046166,1867359872.0,1.21,0.4
2021-03-24,536.8,542.12,548.37,536.01,0.52,2.83,4560153,2899619696.0,2.29,0.6
2021-03-25,539.43,537.37,541.78,536.03,-0.88,-4.75,3246325,2055859456.0,1.06,0.43
2021-03-26,537.02,540.56,542.66,537.02,0.59,3.19,2904325,1872287056.0,1.05,0.38
2021-03-29,541.19,537.25,543.03,536.68,-0.61,-3.31,2952401,1808276880.0,1.17,0.39
2021-03-30,539.49,539.25,543.54,538.56,0.37,2.0,3534554,1991749280.0,0.93,0.47
2021-03-31,540.68,543.54,544.62,539.26,0.8,4.29,6546452,4290922016.0,0.99,0.86
2021-04-01,542.15,542.74,544.07,536.69,-0.15,-0.8,4659202,2933358960.0,1.36,0.61
2021-04-02,541.47,537.85,542.08,537.3,-0.9,-4.89,3687370,2357675120.0,0.88,0.49
2021-04-06,538.46,540.97,541.24,537.34,0.58,3.12,2734298,1632052192.0,0.73,0.36
2021-04-07,540.82,544.34,544.4,539.43,0.62,3.37,3202908,1810373024.0,0.92,0.42
2021-04-08,543.25,545.27,549.88,540.76,0.17,0.93,3760648,2330506144.0,1.68,0.5
2021-04-09,544.34,544.23,547.34,543.38,-0.19,-1.04,2896340,1921921584.0,0.73,0.38
2021-04-12,545.25,541.32,545.96,540.18,-0.53,-2.91,2903494,1958499744.0,1.06,0.38
2021-04-13,538.99,530.15,538.99,528.78,-2.06,-11.17,3178980,1882952304.0,1.89,0.42
2021-04-14,524.82,530.89,531.93,524.59,0.14,0.74,2301520,1358173680.0,1.38,0.3
2021-04-15,528.47,527.84,528.79,524.9,-0.57,-3.05,2477115,1525518224.0,0.73,0.33
2021-04-16,527.28,537.96,539.24,527.21,1.92,10.12,3082964,1749244016.0,2.28,0.41
2021-04-19,536.96,542.88,544.13,536.33,0.91,4.92,3336637,2135143168.0,1.45,0.44
2021-04-20,541.43,536.76,544.35,536.66,-1.13,-6.12,2679138,1731883840.0,1.42,0.35
2021-04-21,533.82,535.01,537.64,531.87,-0.33,-1.75,2073585,1434951744.0,1.07,0.27
2021-04-22,534.23,533.24,535.85,532.52,-0.33,-1.77,2085677,1411655648.0,0.62,0.28
2021-04-23,530.8,525.06,531.18,522.88,-1.53,-8.18,2569626,1465790976.0,1.56,0.34
2021-04-26,523.28,517.35,525.02,516.39,-1.47,-7.71,2381552,1334395360.0,1.64,0.31
2021-04-27,517.33,515.12,518.86,512.53,-0.43,-2.23,2240464,1236264672.0,1.22,0.3
2021-04-28,514.54,509.47,514.54,507.75,-1.1,-5.65,1999562,1126078400.0,1.32,0.26
2021-04-29,505.84,508.63,510.2,504.35,-0.16,-0.84,2458003,1279564768.0,1.15,0.32
2021-04-30,507.45,500.12,507.45,498.48,-1.67,-8.51,2602998,1423728992.0,1.76,0.34
2021-05-06,499.16,498.47,503.24,497.12,-0.33,-1.65,2186608,1183130352.0,1.22,0.29
2021-05-07,496.74,499.79,501.06,495.2,0.26,1.32,2358149,1321718848.0,1.18,0.31
2021-05-10,498.8,497.96,499.53,495.95,-0.37,-1.83,2254849,1153370080.0,0.72,0.3
2021-05-11,496.24,502.45,503.02,495.22,0.9,4.49,2459275,1317976576.0,1.57,0.32
2021-05-12,499.97,502.54,503.29,498.17,0.02,0.09,2080308,1051142400.0,1.02,0.27
2021-05-13,499.52,502.02,505.97,499.17,-0.1,-0.52,2441027,1140617088.0,1.35,0.32
2021-05-14,502.9,522.29,522.5,502.89,4.04,20.27,5437256,2752344432.0,3.91,0.72
2021-05-17,519.29,508.99,519.29,508.01,-2.55,-13.3,4260913,2185826016.0,2.16,0.56
2021-05-18,505.35,513.45,514.78,505.35,0.88,4.46,3938541,1719967552.0,1.85,0.52
2021-05-19,510.76,510.97,516.88,509.64,-0.48,-2.48,4014108,1680508656.0,1.41,0.53
2021-05-20,508.28,513.01,518.0,506.59,0.4,2.04,4264522,2054266480.0,2.23,0.56
2021-05-21,512.98,507.33,513.05,506.32,-1.11,-5.68,3348301,1657481056.0,1.31,0.44
2021-05-24,506.4,511.84,515.45,506.4,0.89,4.51,3301758,1565836752.0,1.78,0.44
2021-05-25,511.27,525.21,526.6,510.61,2.61,13.37,6115534,3332419632.0,3.12,0.81
2021-05-26,525.49,528.15,535.57,524.57,0.56,2.94,5774037,3402445360.0,2.09,0.76
2021-05-27,527.44,524.82,530.36,523.85,-0.63,-3.33,4210565,2183607456.0,1.23,0.56
2021-05-28,525.43,531.2,534.88,523.27,1.22,6.38,4966059,2435134416.0,2.21,0.66
2021-05-31,530.91,527.82,530.91,525.52,-0.64,-3.38,4161137,1892173840.0,1.01,0.55
2021-06-01,526.03,527.5,527.9,523.61,-0.06,-0.32,3521484,1797515568.0,0.81,0.46
2021-06-02,525.98,526.28,529.16,524.9,-0.23,-1.22,3803524,1788683408.0,0.81,0.5
2021-06-03,527.13,529.17,533.31,527.13,0.55,2.89,4154633,1908178064.0,1.17,0.55
2021-06-04,531.22,533.77,538.59,531.06,0.87,4.6,4617508,2260729072.0,1.42,0.61
2021-06-07,531.59,534.11,537.58,531.15,0.06,0.34,3548259,1782491280.0,1.2,0.47
2021-06-08,533.18,540.27,541.41,531.11,1.15,6.16,3908326,2032334960.0,1.93,0.52
2021-06-09,541.77,541.63,542.82,539.4,0.25,1.36,3340448,1780436432.0,0.63,0.44
2021-06-10,540.87,536.27,542.05,535.8,-0.99,-5.36,3468276,1797336272.0,1.15,0.46
2021-06-11,536.98,535.58,541.87,535.17,-0.13,-0.69,4203984,2406293504.0,1.25,0.55
2021-06-15,533.47,526.59,534.32,526.21,-1.68,-8.99,3307845,1697177360.0,1.51,0.44
2021-06-16,526.19,530.84,531.52,525.4,0.81,4.25,2905223,1570286016.0,1.16,0.38
2021-06-17,528.31,527.75,532.49,526.42,-0.58,-3.09,2213142,1202304000.0,1.14,0.29
2021-06-18,527.09,529.3,529.6,525.2,0.29,1.55,2297260,1218488816.0,0.83,0.3
2021-06-21,529.9,530.63,533.27,529.43,0.25,1.33,2362668,1268988912.0,0.73,0.31
2021-06-22,533.88,540.17,542.74,533.88,1.8,9.54,3181073,1699022096.0,1.67,0.42
2021-06-23,541.45,539.29,541.9,536.68,-0.16,-0.88,3122967,1570700880.0,0.97,0.41
2021-06-24,539.72,543.07,546.22,538.64,0.7,3.78,2938289,1358670720.0,1.41,0.39
2021-06-25,546.86,559.36,560.87,545.81,3.0,16.29,4481540,2401549776.0,2.77,0.59
2021-06-28,562.63,550.76,562.63,550.19,-1.54,-8.6,5416873,2403421648.0,2.22,0.71
2021-06-29,549.81,546.64,550.9,545.68,-0.75,-4.12,3873447,1757771568.0,0.95,0.51
2021-06-30,547.34,549.41,552.24,546.34,0.51,2.77,4007429,1759950480.0,1.08,0.53
2021-07-01,550.75,537.56,553.85,537.49,-2.16,-11.85,3949963,1949409936.0,2.98,0.52
2021-07-02,536.42,534.42,537.4,533.18,-0.58,-3.14,3132668,1503844416.0,0.79,0.41
2021-07-05,533.19,539.6,539.82,533.12,0.97,5.18,3084366,1431126240.0,1.25,0.41
2021-07-06,539.96,542.99,544.78,538.21,0.63,3.39,3143461,1439772336.0,1.22,0.41
2021-07-07,539.0,539.46,543.11,538.23,-0.65,-3.53,2696018,1258511056.0,0.9,0.36
2021-07-08,540.05,533.07,540.76,533.07,-1.18,-6.39,3580941,1559396624.0,1.43,0.47
2021-07-09,531.96,536.17,536.93,530.97,0.58,3.1,3180291,1383989760.0,1.12,0.42
2021-07-12,538.18,537.95,541.7,537.07,0.33,1.78,3624088,1696070272.0,0.86,0.48
2021-07-13,537.58,537.04,537.64,534.16,-0.17,-0.91,3005515,1411261712.0,0.65,0.4
2021-07-14,535.31,532.72,536.61,531.72,-0.8,-4.32,3574412,1707523696.0,0.91,0.47
2021-07-15,530.4,533.99,535.2,527.17,0.24,1.27,3920123,1905374832.0,1.51,0.52
2021-07-16,533.58,529.41,534.95,529.13,-0.86,-4.58,3323909,1638581328.0,1.09,0.44
2021-07-19,526.42,523.71,526.58,520.27,-1.08,-5.7,2774660,1318811728.0,1.19,0.37
2021-07-20,520.52,523.74,523.98,520.1,0.01,0.03,2210953,996794800.0,0.74,0.29
2021-07-21,522.92,525.21,529.48,522.54,0.28,1.47,3453661,1582017344.0,1.33,0.46
2021-07-22,524.33,530.91,532.22,524.33,1.09,5.7,4091794,1858744240.0,1.5,0.54
2021-07-23,530.39,533.79,539.42,526.73,0.54,2.88,5947573,2910634096.0,2.39,0.78
2021-07-26,530.54,522.9,531.43,521.07,-2.04,-10.89,4806347,2320468656.0,1.94,0.63
2021-07-27,522.53,510.31,525.2,510.31,-2.41,-12.59,5125961,2555532112.0,2.85,0.68
2021-07-28,508.6,498.73,511.42,497.0,-2.27,-11.58,4247804,2002440688.0,2.83,0.56
2021-07-29,499.99,502.98,505.96,499.99,0.85,4.25,4559924,1866526832.0,1.2,0.6
2021-07-30,501.77,503.16,503.22,497.89,0.04,0.18,4191093,1806183984.0,1.06,0.55
2021-08-02,502.1,511.49,516.53,498.77,1.66,8.33,5664605,2513407872.0,3.53,0.75
2021-08-03,510.82,512.71,518.44,509.37,0.24,1.22,4746615,2137722064.0,1.77,0.63
2021-08-04,512.65,511.72,513.24,508.2,-0.19,-0.99,4425068,2115307360.0,0.98,0.58
2021-08-05,510.08,509.38,514.52,508.61,-0.46,-2.34,5050532,2090548512.0,1.15,0.67
2021-08-06,508.49,507.43,509.86,504.73,-0.38,-1.95,4618869,1951052096.0,1.01,0.61
2021-08-09,503.83,511.85,514.62,503.07,0.87,4.42,5502484,2255487040.0,2.28,0.73
2021-08-10,508.18,515.07,515.09,507.49,0.63,3.22,5091909,2130669952.0,1.48,0.67
2021-08-11,515.04,516.31,516.98,512.66,0.24,1.24,5771730,2797367632.0,0.84,0.76
2021-08-12,514.0,512.85,516.21,511.88,-0.67,-3.46,4362328,2091303936.0,0.84,0.58
2021-08-13,511.61,510.54,513.53,508.13,-0.45,-2.31,3396695,1618012352.0,1.05,0.45
2021-08-16,510.71,516.47,517.31,510.68,1.16,5.93,4268774,2116300240.0,1.3,0.56
2021-08-17,514.93,512.23,523.97,511.84,-0.82,-4.24,5301298,2711996496.0,2.35,0.7
2021-08-18,511.04,530.27,532.33,510.51,3.52,18.04,6999005,3689281568.0,4.26,0.92
2021-08-19,529.33,521.05,531.41,520.35,-1.74,-9.22,5314690,2794638464.0,2.09,0.7
2021-08-20,517.73,519.89,521.07,514.04,-0.22,-1.16,3976811,1985109904.0,1.35,0.52
2021-08-23,520.46,524.54,526.66,520.46,0.89,4.65,4324052,2250148912.0,1.19,0.57
2021-08-24,524.09,526.67,529.31,522.85,0.41,2.13,4711300,2552150592.0,1.23,0.62
2021-08-25,525.08,523.69,525.14,521.07,-0.57,-2.98,4359136,2102151360.0,0.77,0.58
2021-08-26,521.75,523.11,529.05,520.33,-0.11,-0.58,4470608,2401865088.0,1.67,0.59
2021-08-27,521.4,522.7,526.8,520.97,-0.08,-0.41,4361128,2184201472.0,1.11,0.58
2021-08-30,523.99,527.89,528.43,523.99,0.99,5.19,4790935,2405284736.0,0.85,0.63
2021-08-31,528.48,533.94,534.86,524.12,1.15,6.05,5040745,2540708288.0,2.03,0.67
2021-09-01,534.06,546.65,550.58,533.84,2.38,12.71,7819510,4305659392.0,3.14,1.03
2021-09-02,544.07,549.14,550.86,544.07,0.46,2.49,5782375,3406758704.0,1.24,0.76
2021-09-03,562.21,552.56,563.41,550.13,0.62,3.42,8214177,4729608704.0,2.42,1.08
2021-09-06,548.23,553.48,555.68,548.23,0.17,0.92,6450147,3457277168.0,1.35,0.85
2021-09-07,553.13,561.73,561.83,552.92,1.49,8.25,6063250,3448902560.0,1.61,0.8
2021-09-08,563.15,568.77,571.52,561.01,1.25,7.04,7315002,4020215440.0,1.87,0.97
2021-09-09,566.25,570.93,573.34,564.94,0.38,2.16,5698005,3198913056.0,1.48,0.75
2021-09-10,572.16,567.46,578.36,566.94,-0.61,-3.47,6364360,3674658208.0,2.0,0.84
2021-09-13,569.78,572.91,576.14,569.71,0.96,5.45,5095976,2727289008.0,1.13,0.67
2021-09-14,575.94,564.01,576.83,562.65,-1.55,-8.9,5633814,2994468336.0,2.48,0.74
2021-09-15,566.13,569.84,571.6,564.46,1.03,5.83,4652243,2363727680.0,1.27,0.61
2021-09-16,572.44,560.93,574.46,560.16,-1.56,-8.91,5099103,2619374880.0,2.51,0.67
2021-09-17,561.47,559.8,562.89,552.51,-0.2,-1.13,4360504,2268898272.0,1.85,0.58
2021-09-22,555.17,558.82,559.74,553.81,-0.18,-0.98,3737645,1904273728.0,1.06,0.49
2021-09-23,561.66,566.28,570.62,561.66,1.33,7.46,5224112,2739713488.0,1.6,0.69
2021-09-24,567.93,558.66,571.62,558.23,-1.35,-7.62,4580991,2351180656.0,2.36,0.6
2021-09-27,557.53,542.72,558.72,541.67,-2.85,-15.94,4145290,2037672512.0,3.05,0.55
2021-09-28,541.21,545.43,549.01,541.21,0.5,2.71,3321904,1538757248.0,1.44,0.44
2021-09-29,540.55,534.11,541.13,532.99,-2.08,-11.32,3278556,1595679840.0,1.49,0.43
2021-09-30,532.71,537.12,538.3,531.63,0.56,3.01,2730861,1424278000.0,1.25,0.36
2021-10-08,542.44,554.55,554.55,542.35,3.25,17.43,3308450,1845518528.0,2.27,0.44
2021-10-11,557.28,550.96,557.65,549.82,-0.65,-3.59,2985954,1555059552.0,1.41,0.39
2021-10-12,550.89,545.31,551.18,541.6,-1.03,-5.65,3019225,1550971440.0,1.74,0.4
2021-10-13,544.3,543.74,545.78,539.17,-0.29,-1.57,2361418,1166709440.0,1.21,0.31
2021-10-14,544.66,547.44,548.81,543.08,0.68,3.7,2278523,1140828320.0,1.05,0.3
2021-10-15,548.04,538.67,548.04,538.67,-1.6,-8.77,2996766,1497257856.0,1.71,0.4
2021-10-18,538.38,546.16,546.63,538.38,1.39,7.49,2483775,1248090160.0,1.53,0.33
2021-10-19,546.51,547.71,550.36,545.45,0.28,1.55,2621608,1462586032.0,0.9,0.35
2021-10-20,549.86,546.81,549.86,545.05,-0.16,-0.9,2375026,1454530400.0,0.88,0.31
2021-10-21,549.03,552.91,557.88,547.28,1.12,6.1,3882812,1872843648.0,1.94,0.51
2021-10-22,553.01,550.64,555.25,548.34,-0.41,-2.27,3133856,1496528496.0,1.25,0.41
2021-10-25,551.74,556.57,557.4,547.59,1.08,5.93,3584238,1724054336.0,1.78,0.47
2021-10-26,557.91,560.2,564.74,556.26,0.65,3.63,4549747,2205175952.0,1.52,0.6
2021-10-27,559.08,546.62,559.08,546.19,-2.42,-13.58,4582726,2297164400.0,2.3,0.6
2021-10-28,543.68,538.77,545.26,536.2,-1.44,-7.85,3730154,1898122304.0,1.66,0.49
2021-10-29,538.57,544.97,546.3,535.84,1.15,6.2,3839745,1903633312.0,1.94,0.51
2021-11-01,544.53,549.77,552.15,543.59,0.88,4.8,4029171,2057534480.0,1.57,0.53
2021-11-02,548.15,539.72,550.92,536.67,-1.83,-10.05,4044292,1989654784.0,2.59,0.53
2021-11-03,538.52,542.91,543.83,538.07,0.59,3.19,2918941,1382417456.0,1.07,0.39
2021-11-04,543.38,546.19,546.83,543.1,0.6,3.28,2805545,1336827840.0,0.69,0.37
2021-11-05,546.36,546.19,547.84,544.31,0.0,0.0,2909832,1421054048.0,0.65,0.38
2021-11-08,547.75,553.71,554.15,546.64,1.38,7.52,3454763,1626661328.0,1.37,0.46
2021-11-09,556.33,558.85,560.09,555.88,0.93,5.14,4190949,2078181856.0,0.76,0.55
2021-11-10,559.0,570.6,570.73,558.45,2.1,11.75,4418742,2358514656.0,2.2,0.58
2021-11-11,568.82,585.35,587.01,568.82,2.58,14.75,6344930,3069209888.0,3.19,0.84
2021-11-12,582.67,583.9,583.98,578.53,-0.25,-1.45,4747840,2400694000.0,0.93,0.63
2021-11-15,580.58,580.81,581.72,576.64,-0.53,-3.09,3885888,1975842720.0,0.87,0.51
2021-11-16,577.06,579.01,582.23,576.54,-0.31,-1.8,3827546,2088656528.0,0.98,0.51
2021-11-17,577.0,574.99,578.57,574.11,-0.69,-4.02,2916640,1555542464.0,0.77,0.38
2021-11-18,572.2,564.39,572.32,564.39,-1.84,-10.6,2962419,1665685504.0,1.38,0.39
2021-11-19,562.09,568.24,569.7,559.79,0.68,3.85,3601804,2030446608.0,1.76,0.48
2021-11-22,563.41,562.9,565.64,558.56,-0.94,-5.34,3421424,1887312304.0,1.25,0.45
2021-11-23,561.32,564.1,566.61,560.57,0.21,1.2,3179977,1616979808.0,1.07,0.42
2021-11-24,564.21,564.08,567.04,560.52,0.0,-0.02,3046502,1438571968.0,1.16,0.4
2021-11-25,567.01,570.18,572.21,565.23,1.08,6.1,3165183,1574320912.0,1.24,0.42
2021-11-26,571.33,573.29,574.19,570.27,0.55,3.11,3170224,1648399040.0,0.69,0.42
2021-11-29,569.0,573.27,573.65,567.15,0.0,-0.02,3770102,2251425008.0,1.13,0.5
2021-11-30,576.68,583.12,587.1,576.68,1.72,9.85,5421813,3528831648.0,1.82,0.72
2021-12-01,580.92,591.19,591.19,580.92,1.38,8.07,6444374,4380373248.0,1.76,0.85
2021-12-02,591.47,587.17,594.34,587.17,-0.68,-4.02,5739680,3636316592.0,1.21,0.76
2021-12-03,587.76,586.46,588.66,583.1,-0.12,-0.71,5239775,3291517984.0,0.95,0.69
2021-12-06,589.18,589.05,598.57,588.28,0.44,2.59,7343881,4565391616.0,1.75,0.97
2021-12-07,593.12,588.11,593.87,582.47,-0.16,-0.94,5848199,3667451376.0,1.94,0.77
2021-12-08,589.09,590.92,591.89,584.69,0.48,2.81,5769359,3415704160.0,1.22,0.76
2021-12-09,588.56,598.66,602.09,588.0,1.31,7.74,8032791,4854837248.0,2.38,1.06
2021-12-10,595.66,591.56,595.66,590.79,-1.19,-7.1,6364493,3963639328.0,0.81,0.84
2021-12-13,594.34,587.79,595.82,587.19,-0.64,-3.77,5643311,3083282368.0,1.46,0.74
2021-12-14,587.58,585.03,588.37,584.06,-0.47,-2.76,5347427,3873997392.0,0.73,0.71
2021-12-15,584.81,594.67,595.36,584.25,1.65,9.64,6291097,4494375424.0,1.9,0.83
2021-12-16,593.84,600.07,600.19,592.54,0.91,5.4,5650969,4044304784.0,1.29,0.75
2021-12-17,599.86,601.15,607.39,598.91,0.18,1.08,6097613,4701276160.0,1.41,0.8
2021-12-20,601.7,597.12,603.88,596.47,-0.67,-4.03,6473387,4588320768.0,1.23,0.85
2021-12-21,596.05,608.38,609.1,594.65,1.89,11.26,7584990,4591115264.0,2.42,1.0
2021-12-22,610.66,612.87,616.13,609.49,0.74,4.49,8570383,5705913600.0,1.09,1.13
2021-12-23,612.0,601.59,612.69,601.59,-1.84,-11.28,7014053,5280446976.0,1.81,0.93
2021-12-24,601.71,591.32,602.99,591.02,-1.71,-10.27,5760467,4110965456.0,1.99,0.76
2021-12-27,593.37,594.16,597.48,591.64,0.48,2.84,4978877,3325105904.0,0.99,0.66
2021-12-28,597.14,595.75,599.04,593.6,0.27,1.59,4407933,2917544080.0,0.92,0.58
2021-12-29,596.79,596.86,598.6,592.37,0.19,1.11,4533027,3084095920.0,1.05,0.6
2021-12-30,598.83,603.78,606.53,598.25,1.16,6.92,4959107,3295989040.0,1.39,0.65
2021-12-31,604.57,598.45,604.57,598.39,-0.88,-5.33,5558615,6657880064.0,1.02,0.73
2022-01-04,598.07,606.84,606.9,596.7,1.4,8.39,5830860,4486103808.0,1.7,0.77
2022-01-05,607.63,603.88,611.78,602.7,-0.49,-2.96,6048927,5098734080.0,1.5,0.8
2022-01-06,604.21,609.06,611.8,603.36,0.86,5.18,5397235,4687113728.0,1.4,0.71
2022-01-07,609.43,609.72,615.21,609.0,0.11,0.66,6769462,5002983168.0,1.02,0.89
2022-01-10,607.79,611.21,612.05,605.62,0.24,1.49,5492438,3859644640.0,1.05,0.72
2022-01-11,611.3,608.38,615.0,607.41,-0.46,-2.83,5226247,4082097856.0,1.24,0.69
2022-01-12,607.53,610.44,611.26,606.74,0.34,2.06,4302516,3680546208.0,0.74,0.57
2022-01-13,609.36,607.47,614.08,607.19,-0.49,-2.97,5297311,3860557408.0,1.13,0.7
2022-01-14,603.89,601.83,607.12,599.8,-0.93,-5.64,5746670,5299322112.0,1.2,0.76
2022-01-17,598.56,599.45,601.9,596.69,-0.4,-2.38,4404311,4130730240.0,0.87,0.58
2022-01-18,599.5,598.54,602.31,596.43,-0.15,-0.91,4560200,3876312496.0,0.98,0.6
2022-01-19,597.99,597.29,602.64,595.78,-0.21,-1.25,4297454,3273498272.0,1.15,0.57
2022-01-20,596.34,593.83,602.43,589.93,-0.58,-3.46,5656501,4203840432.0,2.09,0.75
2022-01-21,590.77,586.59,591.25,583.52,-1.22,-7.24,4784090,3570721488.0,1.3,0.63
2022-01-24,583.15,579.98,583.81,578.87,-1.13,-6.61,3830694,2553857328.0,0.84,0.51
2022-01-25,579.08,559.97,579.58,559.87,-3.45,-20.01,4407665,2765862624.0,3.4,0.58
2022-01-26,560.34,566.61,567.39,559.35,1.19,6.64,3481248,2394486480.0,1.44,0.46
2022-01-27,561.9,549.57,562.74,549.57,-3.01,-17.04,4097177,2497884848.0,2.32,0.54
2022-01-28,550.79,552.28,556.37,546.88,0.49,2.71,3476780,2057882208.0,1.73,0.46
2022-02-07,555.75,559.29,559.47,553.51,1.27,7.01,3411498,2016460960.0,1.08,0.45
2022-02-08,558.41,577.44,577.83,557.45,3.25,18.15,5729914,3464983680.0,3.64,0.76
2022-02-09,574.86,578.42,580.55,574.09,0.17,0.98,4923426,3124556160.0,1.12,0.65
2022-02-10,576.55,577.25,579.6,573.42,-0.2,-1.17,4197486,2790521728.0,1.07,0.55
2022-02-11,573.26,570.64,575.78,568.75,-1.15,-6.61,4800755,3125812960.0,1.22,0.63
2022-02-14,567.03,567.53,570.71,563.64,-0.55,-3.11,4537907,3004292624.0,1.24,0.6
2022-02-15,565.64,561.84,567.2,559.61,-1.0,-5.69,3624069,2335514512.0,1.34,0.48
2022-02-16,562.74,564.79,565.83,562.6,0.53,2.95,3367004,2359558240.0,0.57,0.44
2022-02-17,561.76,563.98,568.84,561.76,-0.14,-0.81,4596396,2823659904.0,1.25,0.61
2022-02-18,558.46,567.68,568.4,557.68,0.66,3.7,4281068,2352636160.0,1.9,0.56
2022-02-21,568.31,571.16,571.42,566.16,0.61,3.48,4308208,2573642160.0,0.93,0.57
2022-02-22,567.78,561.9,570.19,560.35,-1.62,-9.26,4650220,3171032768.0,1.72,0.61
2022-02-23,562.54,576.66,576.88,561.19,2.63,14.76,6548487,4285140352.0,2.79,0.86
2022-02-24,574.27,562.1,581.29,556.42,-2.52,-14.56,8553489,5623294720.0,4.31,1.13
2022-02-25,565.2,571.75,575.43,565.2,1.72,9.65,5374952,3641645872.0,1.82,0.71
2022-02-28,578.5,570.69,579.24,569.8,-0.19,-1.06,6625766,4429296384.0,1.65,0.87
2022-03-01,568.37,571.11,573.49,566.29,0.07,0.42,7608740,4991057920.0,1.26,1.0
2022-03-02,566.71,575.36,576.21,566.11,0.74,4.25,7330560,4318322432.0,1.77,0.97
2022-03-03,575.01,574.91,579.16,572.9,-0.08,-0.45,7451433,4166952768.0,1.09,0.98
2022-03-04,571.4,562.67,571.4,560.49,-2.13,-12.24,6026084,3438242960.0,1.9,0.8
2022-03-07,560.97,554.53,560.97,552.54,-1.45,-8.14,5329030,3169222912.0,1.5,0.7
2022-03-08,554.22,542.87,556.37,541.04,-2.1,-11.66,5868616,3805803632.0,2.76,0.77
2022-03-09,542.87,530.12,544.16,514.03,-2.35,-12.75,6494682,3882326016.0,5.55,0.86
2022-03-10,537.64,533.73,539.79,533.5,0.68,3.61,4510487,2905271840.0,1.19,0.6
2022-03-11,527.92,535.43,535.92,516.95,0.32,1.7,5129544,3034194080.0,3.55,0.68
2022-03-14,528.25,525.49,536.09,525.24,-1.86,-9.94,4812139,2753104016.0,2.03,0.63
2022-03-15,522.55,505.15,527.8,504.89,-3.87,-20.34,6357435,3391915952.0,4.36,0.84
2022-03-16,510.85,525.56,527.02,501.09,4.04,20.41,7289160,3901073088.0,5.13,0.96
2022-03-17,528.28,532.38,540.55,527.42,1.3,6.82,7639813,4087022224.0,2.5,1.01
2022-03-18,531.18,540.55,541.46,529.34,1.53,8.17,6227462,3478946848.0,2.28,0.82
2022-03-21,543.2,544.43,545.69,540.16,0.72,3.88,5279683,3190073664.0,1.02,0.7
2022-03-22,546.3,550.98,556.18,544.63,1.2,6.55,8454520,4486261504.0,2.12,1.12
2022-03-23,548.56,548.01,550.23,545.86,-0.54,-2.97,7738679,4281405520.0,0.79,1.02
2022-03-24,543.96,535.99,544.58,534.96,-2.19,-12.02,5356689,2925754432.0,1.76,0.71
2022-03-25,534.99,533.24,538.04,531.59,-0.51,-2.75,4979144,2817684480.0,1.2,0.66
2022-03-28,528.49,531.37,535.81,524.78,-0.35,-1.87,4870352,2637923344.0,2.07,0.64
2022-03-29,531.59,528.96,534.66,527.03,-0.45,-2.41,3999689,2087008288.0,1.44,0.53
2022-03-30,530.06,534.64,537.66,528.43,1.07,5.68,6416039,3447054640.0,1.74,0.85
2022-03-31,530.03,532.14,535.3,529.67,-0.47,-2.5,5942055,2965490048.0,1.05,0.78
2022-04-01,527.4,538.72,540.06,525.56,1.24,6.58,8082484,4083842240.0,2.72,1.07
2022-04-06,536.34,544.82,548.11,535.7,1.13,6.1,9637467,5379634944.0,2.3,1.27
2022-04-07,535.7,529.21,543.17,529.21,-2.87,-15.61,7314240,4062497712.0,2.56,0.97
2022-04-08,528.01,528.38,531.95,519.85,-0.16,-0.83,6623686,3140443312.0,2.29,0.87
2022-04-11,524.72,509.92,525.29,508.1,-3.49,-18.46,6533964,3707106000.0,3.25,0.86
2022-04-12,506.63,522.8,524.29,503.04,2.53,12.88,9160762,4269536496.0,4.17,1.21
2022-04-13,519.55,511.28,519.72,511.28,-2.2,-11.52,7703098,3547827760.0,1.61,1.02
2022-04-14,511.92,514.57,518.65,511.92,0.64,3.29,5732384,2801512256.0,1.32,0.76
2022-04-15,511.37,506.34,513.6,504.43,-1.6,-8.23,9106321,3730735168.0,1.78,1.2
2022-04-18,499.68,494.77,499.68,491.57,-2.29,-11.57,8508206,3101256384.0,1.6,1.12
2022-04-19,492.07,492.18,495.03,489.18,-0.52,-2.59,5562857,2200389616.0,1.18,0.73
2022-04-20,490.78,486.72,497.28,485.57,-1.11,-5.46,6266498,2502456288.0,2.38,0.83
2022-04-21,485.42,485.47,493.53,479.45,-0.26,-1.25,7823728,3800141600.0,2.89,1.03
2022-04-22,482.42,480.2,485.56,477.82,-1.09,-5.27,7262123,3883716672.0,1.59,0.96
2022-04-25,469.61,456.32,472.85,456.21,-4.97,-23.88,8758127,4360092672.0,3.47,1.16
2022-04-26,454.27,440.67,457.13,439.17,-3.43,-15.65,7443793,3748625184.0,3.94,0.98
2022-04-27,433.24,440.87,441.12,423.13,0.05,0.2,7182566,3495013712.0,4.08,0.95
2022-04-28,437.16,429.55,439.2,424.81,-2.57,-11.32,5419185,2569889424.0,3.26,0.72
2022-04-29,430.03,441.32,443.81,430.03,2.74,11.77,5829834,2715602096.0,3.21,0.77
2022-05-05,436.51,442.94,444.53,435.96,0.37,1.62,6696126,2894330048.0,1.94,0.88
2022-05-06,435.3,438.85,441.51,434.38,-0.92,-4.09,6580139,2926828736.0,1.61,0.87
2022-05-09,437.86,446.17,446.77,437.21,1.67,7.32,4873064,2201474768.0,2.18,0.64
2022-05-10,441.64,452.84,455.58,440.72,1.49,6.67,5790799,2676580480.0,3.33,0.76
2022-05-11,451.76,448.56,458.97,448.51,-0.95,-4.28,6387734,3145174112.0,2.31,0.84
2022-05-12,444.66,448.51,451.9,442.86,-0.01,-0.05,4608338,2092589728.0,2.02,0.61
2022-05-13,449.72,450.36,450.76,445.59,0.41,1.85,3814119,1655995328.0,1.15,0.5
2022-05-16,453.61,453.31,455.76,451.98,0.66,2.95,4703157,2155866768.0,0.84,0.62
2022-05-17,453.66,452.3,454.71,449.07,-0.22,-1.01,3895991,1809174128.0,1.24,0.51
2022-05-18,452.68,458.09,461.95,451.15,1.28,5.79,4968667,2322826880.0,2.39,0.66
2022-05-19,453.57,463.85,464.2,452.67,1.26,5.76,5134718,2242823152.0,2.52,0.68
2022-05-20,464.65,470.38,470.56,464.53,1.41,6.53,4945563,2226316032.0,1.3,0.65
2022-05-23,471.18,476.29,477.91,470.47,1.26,5.91,4748767,2115066560.0,1.58,0.63
2022-05-24,475.6,457.64,478.84,457.64,-3.92,-18.65,5501212,2483315840.0,4.45,0.73
2022-05-25,457.02,467.68,467.68,457.02,2.19,10.04,3945259,1679007408.0,2.33,0.52
2022-05-26,468.15,469.86,470.79,462.39,0.47,2.18,4285118,1908685536.0,1.8,0.57
2022-05-27,469.07,469.13,470.93,463.93,-0.16,-0.73,4666250,2007474192.0,1.49,0.62
2022-05-30,469.77,472.02,472.09,467.12,0.62,2.89,3957348,1814105216.0,1.06,0.52
2022-05-31,472.0,479.85,480.34,470.11,1.66,7.83,4280282,2043790640.0,2.17,0.56
2022-06-01,480.41,480.02,483.03,476.28,0.04,0.17,4096500,1993197776.0,1.41,0.54
2022-06-02,479.06,481.77,482.33,475.22,0.36,1.75,4122136,1903142560.0,1.48,0.54
2022-06-06,481.69,488.69,489.54,481.29,1.44,6.92,4949896,2217094032.0,1.71,0.65
2022-06-07,487.96,489.06,490.1,484.43,0.08,0.37,4403555,1976238016.0,1.16,0.58
2022-06-08,491.94,492.07,493.05,485.2,0.62,3.01,5347054,2526994704.0,1.61,0.71
2022-06-09,491.04,492.25,498.96,489.06,0.04,0.18,6103540,2951342080.0,2.01,0.81
2022-06-10,488.32,497.93,498.98,487.57,1.15,5.68,5978252,2833558992.0,2.32,0.79
2022-06-13,493.5,495.7,498.34,490.83,-0.45,-2.23,5177714,2444665872.0,1.51,0.68
2022-06-14,492.4,510.21,510.21,487.34,2.93,14.51,6901577,3725181200.0,4.61,0.91
2022-06-15,511.41,521.58,536.65,511.41,2.23,11.37,14325751,8126705152.0,4.95,1.89
2022-06-16,517.28,511.98,518.73,508.7,-1.84,-9.6,9359903,5517207040.0,1.92,1.23
2022-06-17,507.93,510.96,514.28,501.75,-0.2,-1.02,6182252,3677197396.0,2.45,0.82
2022-06-20,509.4,505.57,510.93,505.02,-1.05,-5.39,4893299,2820720736.0,1.16,0.65
2022-06-21,506.5,506.96,510.02,501.96,0.27,1.39,4603354,2648568943.0,1.59,0.61
2022-06-22,507.94,498.83,507.94,498.64,-1.6,-8.13,4345626,2377265810.0,1.83,0.57
2022-06-23,498.57,509.44,511.03,498.57,2.13,10.61,5410799,3042967240.0,2.5,0.71
2022-06-24,511.92,508.46,511.92,507.63,-0.19,-0.98,3884866,2188515231.0,0.84,0.51
2022-06-27,509.44,505.21,510.56,503.54,-0.64,-3.25,3904829,2039108543.0,1.38,0.52
2022-06-28,505.33,510.36,511.19,503.81,1.02,5.15,4115427,2157373321.0,1.46,0.54
2022-06-29,508.36,500.51,510.21,500.42,-1.93,-9.85,4930896,2521768706.0,1.92,0.65
2022-06-30,501.81,499.91,505.01,498.35,-0.12,-0.6,3959200,2006834285.0,1.33,0.52
2022-07-01,499.44,496.78,501.66,495.83,-0.63,-3.13,3276385,1680110520.0,1.17,0.43
2022-07-04,497.11,498.3,498.88,494.22,0.31,1.52,3385894,1637100246.0,0.94,0.45
2022-07-05,499.33,494.45,500.35,491.01,-0.77,-3.85,3333376,1687969564.0,1.87,0.44
2022-07-06,493.21,490.0,493.25,487.59,-0.9,-4.45,3321872,1535441924.0,1.14,0.44
2022-07-07,489.41,490.91,494.34,489.17,0.19,0.91,2567115,1210378728.0,1.06,0.34
2022-07-08,492.79,493.42,495.98,492.26,0.51,2.51,2360961,1131377351.0,0.76,0.31
2022-07-11,494.93,492.45,494.94,490.4,-0.2,-0.97,2777622,1351677436.0,0.92,0.37
2022-07-12,494.02,492.64,498.43,492.59,0.04,0.19,2996069,1574268308.0,1.19,0.4
2022-07-13,492.38,498.17,499.13,492.38,1.12,5.53,3098312,1650396431.0,1.37,0.41
2022-07-14,501.42,504.82,505.51,496.43,1.33,6.65,5936826,3186243303.0,1.82,0.78
2022-07-15,500.43,484.68,500.43,484.68,-3.99,-20.14,5713349,2903437056.0,3.12,0.75
2022-07-18,484.06,495.77,496.48,483.22,2.29,11.09,4566920,2091774452.0,2.74,0.6
2022-07-19,497.36,501.94,502.23,495.8,1.24,6.17,3752140,1931405637.0,1.3,0.5
2022-07-20,502.63,504.02,504.27,500.77,0.41,2.08,3725034,1795442320.0,0.7,0.49
2022-07-21,503.08,501.84,506.42,501.84,-0.43,-2.18,3871557,1910759449.0,0.91,0.51
2022-07-22,502.26,501.97,506.51,498.79,0.03,0.13,3206733,1528213774.0,1.54,0.42
2022-07-25,500.83,498.62,504.52,498.29,-0.67,-3.35,2963301,1332430861.0,1.24,0.39
2022-07-26,499.15,504.5,504.84,498.35,1.18,5.88,2831640,1290326879.0,1.3,0.37
2022-07-27,504.15,504.46,506.06,503.12,-0.01,-0.04,2519805,1165907483.0,0.58,0.33
2022-07-28,507.71,508.32,510.49,507.15,0.77,3.86,2895185,1435625446.0,0.66,0.38
2022-07-29,507.77,504.55,510.34,503.9,-0.74,-3.77,2867881,1432717465.0,1.27,0.38
2022-08-01,503.84,502.44,503.84,500.33,-0.42,-2.11,2545545,1222934646.0,0.7,0.34
2022-08-02,499.66,481.07,499.66,476.07,-4.25,-21.37,4856401,2291878557.0,4.7,0.64
2022-08-03,480.9,477.73,488.97,477.44,-0.69,-3.34,3165919,1467494630.0,2.4,0.42
2022-08-04,480.92,484.11,484.11,477.79,1.34,6.38,2711762,1205692921.0,1.32,0.36
2022-08-05,483.6,493.77,493.77,482.85,2.0,9.66,2880835,1372123905.0,2.26,0.38
2022-08-08,494.49,497.16,497.69,493.56,0.69,3.39,2700884,1206374515.0,0.84,0.36
2022-08-09,499.07,499.27,500.0,496.49,0.42,2.11,2278113,1115926368.0,0.71,0.3
2022-08-10,500.39,500.18,503.43,498.55,0.18,0.91,2255858,1146270213.0,0.98,0.3
2022-08-11,503.48,515.52,515.77,503.48,3.07,15.34,4544581,2285484332.0,2.46,0.6
2022-08-12,515.96,525.01,526.65,514.75,1.84,9.49,5994143,2938690760.0,2.31,0.79
2022-08-15,527.3,525.37,528.02,523.52,0.07,0.36,5703915,2851967265.0,0.86,0.75
2022-08-16,529.29,530.28,531.38,528.08,0.93,4.91,3864863,1949287099.0,0.63,0.51
2022-08-17,532.8,537.76,537.9,531.28,1.41,7.48,4281756,2077529140.0,1.25,0.56
2022-08-18,539.5,534.25,539.5,533.83,-0.65,-3.51,3573486,1821518393.0,1.05,0.47
2022-08-19,537.04,536.87,540.75,536.87,0.49,2.62,4310294,2207620460.0,0.73,0.57
2022-08-22,538.72,541.04,544.41,538.01,0.78,4.17,3949983,1894464542.0,1.19,0.52
2022-08-23,543.56,547.67,550.87,541.04,1.23,6.63,3690569,1808543956.0,1.82,0.49
2022-08-24,549.49,543.68,555.76,542.78,-0.73,-3.99,5542736,2820794467.0,2.37,0.73
2022-08-25,546.78,554.73,555.05,546.38,2.03,11.05,5189923,2494203332.0,1.59,0.68
2022-08-26,556.54,549.98,558.31,549.21,-0.86,-4.75,4943574,2467264718.0,1.64,0.65
2022-08-29,545.18,553.68,554.11,544.59,0.67,3.7,4964055,3005564699.0,1.73,0.65
2022-08-30,553.76,554.28,557.89,549.09,0.11,0.6,4789102,2687967800.0,1.59,0.63
2022-08-31,553.03,554.1,559.0,547.18,-0.03,-0.18,6250847,3269805870.0,2.13,0.82
2022-09-01,553.09,549.46,557.39,547.59,-0.84,-4.64,5342995,2861849947.0,1.77,0.7
2022-09-02,550.77,553.0,557.79,550.77,0.64,3.54,6447426,3184083752.0,1.28,0.85
2022-09-05,551.17,559.42,559.93,551.17,1.16,6.42,6455295,3031193391.0,1.58,0.85
2022-09-06,559.86,562.83,562.83,557.42,0.61,3.41,5441200,2687528197.0,0.97,0.72
2022-09-07,561.92,557.03,562.2,553.38,-1.03,-5.8,5731329,2999034976.0,1.57,0.76
2022-09-08,557.68,553.05,557.78,552.85,-0.71,-3.98,4533733,2373341996.0,0.89,0.6
2022-09-09,554.19,562.38,565.39,553.35,1.69,9.33,6694729,3648992804.0,2.18,0.88
2022-09-13,563.62,563.46,571.29,562.3,0.19,1.08,7183828,4027169948.0,1.6,0.95
2022-09-14,556.06,560.09,560.31,553.02,-0.6,-3.37,6196217,3419078170.0,1.29,0.82
2022-09-15,561.74,553.06,562.93,549.22,-1.26,-7.03,6600486,3518523083.0,2.45,0.87
2022-09-16,550.15,533.44,550.49,533.44,-3.55,-19.62,7484958,3868446580.0,3.08,0.99
2022-09-19,531.43,526.86,532.15,524.03,-1.23,-6.58,5184240,2647415536.0,1.52,0.68
2022-09-20,528.73,527.99,531.49,526.18,0.21,1.13,4471670,2333500527.0,1.01,0.59
2022-09-21,525.71,534.56,536.63,519.36,1.24,6.57,5177256,2649117252.0,3.27,0.68
2022-09-22,530.47,532.79,536.93,530.47,-0.33,-1.77,4555177,2663844935.0,1.21,0.6
2022-09-23,530.69,525.14,534.31,523.14,-1.44,-7.65,4459683,2333335584.0,2.1,0.59
2022-09-26,520.51,506.98,521.57,506.98,-3.46,-18.16,4581242,2501686888.0,2.78,0.6
2022-09-27,506.36,512.72,513.38,505.16,1.13,5.74,3503537,1723559816.0,1.62,0.46
2022-09-28,511.59,504.02,513.2,504.02,-1.7,-8.7,4011202,1873486049.0,1.79,0.53
2022-09-29,508.44,498.64,510.57,497.03,-1.07,-5.38,4298292,2007066131.0,2.69,0.57
2022-09-30,497.61,498.49,502.2,497.4,-0.03,-0.15,3771165,1829479588.0,0.96,0.5
2022-10-10,499.03,491.81,503.06,491.69,-1.34,-6.68,4332134,2151156627.0,2.28,0.57
2022-10-11,491.94,491.28,495.42,486.12,-0.11,-0.53,3747908,1836342410.0,1.89,0.49
2022-10-12,489.55,503.0,503.02,487.09,2.39,11.72,4617534,2271510992.0,3.24,0.61
2022-10-13,499.96,502.78,506.83,498.76,-0.04,-0.22,4458271,2478207877.0,1.6,0.59
2022-10-14,504.76,509.5,511.53,504.61,1.34,6.72,4650128,2340471590.0,1.38,0.61
2022-10-17,507.08,516.79,517.09,505.93,1.43,7.29,4372155,2244025056.0,2.19,0.58
2022-10-18,517.89,518.52,521.73,516.26,0.33,1.73,4039013,2291944130.0,1.06,0.53
2022-10-19,516.22,517.05,522.64,514.85,-0.28,-1.47,4376717,2838221593.0,1.5,0.58
2022-10-20,515.16,510.32,519.54,509.1,-1.3,-6.73,4365584,2747261782.0,2.02,0.58
2022-10-21,514.38,510.28,519.05,509.92,-0.01,-0.04,4366728,2674910470.0,1.79,0.58
2022-10-24,509.55,500.86,517.99,499.81,-1.85,-9.42,4607315,2758274837.0,3.56,0.61
2022-10-25,497.65,492.77,499.96,488.73,-1.62,-8.09,3888547,2445137300.0,2.24,0.51
2022-10-26,492.8,503.11,508.09,492.8,2.1,10.34,4671330,2431112896.0,3.1,0.62
2022-10-27,505.51,508.8,512.65,505.23,1.13,5.69,4221029,2315140102.0,1.47,0.56
2022-10-28,506.74,490.12,506.74,488.77,-3.67,-18.68,4439275,2435267671.0,3.53,0.59
2022-10-31,488.09,492.5,497.42,486.11,0.49,2.38,4338844,2199058720.0,2.31,0.57
2022-11-01,493.15,506.5,506.5,493.15,2.84,14.0,4712228,2469529018.0,2.71,0.62
2022-11-02,504.91,510.17,512.25,504.55,0.72,3.67,5144165,2786210613.0,1.52,0.68
2022-11-03,507.58,507.97,510.73,505.66,-0.43,-2.2,4466545,2574582855.0,0.99,0.59
2022-11-04,508.62,515.93,519.12,508.09,1.57,7.96,5196173,2778461945.0,2.17,0.69
2022-11-07,513.7,518.11,519.37,512.63,0.42,2.18,5073541,2706661402.0,1.31,0.67
2022-11-08,518.48,518.63,518.97,515.26,0.1,0.52,4212992,2395624811.0,0.72,0.56
2022-11-09,518.9,518.63,522.62,518.27,0.0,0.0,3912587,2083068285.0,0.84,0.52
2022-11-10,516.77,524.5,526.45,515.48,1.13,5.87,5175697,3020098801.0,2.12,0.68
2022-11-11,531.82,528.63,536.64,527.56,0.79,4.13,7258280,4128871585.0,1.73,0.96
2022-11-14,528.6,530.2,537.26,527.24,0.3,1.57,6696554,3767451996.0,1.9,0.88
2022-11-15,527.81,542.11,544.95,526.34,2.25,11.91,7671163,4399532708.0,3.51,1.01
2022-11-16,539.1,536.74,541.16,535.65,-0.99,-5.37,5728889,3171113026.0,1.02,0.76
2022-11-17,536.69,541.24,542.43,534.07,0.84,4.5,5322716,2835586539.0,1.56,0.7
2022-11-18,542.09,536.89,544.19,536.89,-0.8,-4.35,5342726,2815914724.0,1.35,0.7
2022-11-21,535.23,530.76,535.23,526.66,-1.14,-6.13,5309528,2684867609.0,1.6,0.7
2022-11-22,528.39,527.76,532.84,525.41,-0.57,-3.0,4834419,2438996881.0,1.4,0.64
2022-11-23,527.26,527.33,528.67,523.46,-0.08,-0.43,4880350,2498422537.0,0.99,0.64
2022-11-24,528.21,525.64,529.46,523.43,-0.32,-1.69,5941579,3035641371.0,1.14,0.78
2022-11-25,524.96,532.71,534.86,524.8,1.35,7.07,7290476,3918891156.0,1.91,0.96
2022-11-28,527.05,539.69,540.04,523.44,1.31,6.98,9393661,5058848634.0,3.12,1.24
2022-11-29,541.9,554.79,557.64,541.41,2.8,15.1,11206012,5836911509.0,3.01,1.48
2022-11-30,552.41,560.54,565.11,551.55,1.04,5.75,11928084,6714969485.0,2.44,1.57
2022-12-01,563.75,552.27,565.94,552.04,-1.48,-8.27,10058756,5676457450.0,2.48,1.33
2022-12-02,551.94,559.51,561.01,550.37,1.31,7.24,9687935,5804127961.0,1.93,1.28
2022-12-05,561.15,588.35,590.36,560.8,5.15,28.84,15920044,9557616679.0,5.28,2.1
2022-12-06,591.67,581.14,593.83,579.07,-1.23,-7.21,21515369,13214820474.0,2.51,2.84
2022-12-07,579.2,578.0,582.57,570.26,-0.54,-3.14,15734034,9899912874.0,2.12,2.08
2022-12-08,577.76,570.34,578.34,568.48,-1.33,-7.66,11499976,7017038577.0,1.71,1.52
2022-12-09,571.49,568.77,575.64,566.99,-0.28,-1.57,12376830,7219854801.0,1.52,1.63
2022-12-12,565.07,560.36,567.85,559.32,-1.48,-8.41,10635446,6165864340.0,1.5,1.4
2022-12-13,560.43,562.64,564.13,559.35,0.41,2.28,9987319,5619148163.0,0.85,1.32
2022-12-14,561.54,555.56,562.26,555.02,-1.26,-7.08,8742975,4636497010.0,1.29,1.15
2022-12-15,552.32,553.87,556.47,552.23,-0.3,-1.69,6746042,3625633169.0,0.76,0.89
2022-12-16,550.59,550.77,554.55,547.33,-0.56,-3.1,6768782,3551851630.0,1.3,0.89
2022-12-19,548.76,536.51,551.88,535.43,-2.59,-14.26,6419078,3310407006.0,2.99,0.85
2022-12-20,538.74,541.02,544.0,536.03,0.84,4.51,5783445,2949411895.0,1.49,0.76
2022-12-21,540.78,536.91,541.18,533.75,-0.76,-4.11,4684387,2371305667.0,1.37,0.62
2022-12-22,538.71,527.16,540.44,526.73,-1.82,-9.75,5079533,2731967144.0,2.55,0.67
2022-12-23,523.74,523.79,528.75,520.27,-0.64,-3.37,4594302,2295193507.0,1.61,0.61
2022-12-26,523.1,526.07,528.07,521.89,0.44,2.28,4141126,2134107939.0,1.18,0.55
2022-12-27,525.69,532.51,534.55,525.47,1.22,6.44,5061433,2616660031.0,1.73,0.67
2022-12-28,529.69,525.71,531.99,525.54,-1.28,-6.8,5942774,3500363462.0,1.21,0.78
2022-12-29,522.32,518.04,522.64,517.67,-1.46,-7.67,4181457,2446312364.0,0.95,0.55
2022-12-30,518.28,520.72,521.27,516.8,0.52,2.68,4369611,2127776565.0,0.86,0.58
2023-01-03,519.0,527.82,528.31,515.74,1.36,7.1,5598769,2757947859.0,2.41,0.74
2023-01-04,523.27,530.05,531.26,523.09,0.42,2.23,5521789,2779190335.0,1.55,0.73
2023-01-05,528.14,530.7,534.11,528.14,0.12,0.65,6792688,3307788939.0,1.13,0.9
2023-01-06,527.0,524.17,528.14,521.81,-1.23,-6.53,7305816,3007125463.0,1.19,0.96
2023-01-09,525.06,527.48,529.51,523.1,0.63,3.31,6390470,2876961070.0,1.22,0.84
2023-01-10,525.42,523.06,529.03,521.68,-0.84,-4.42,6018016,2695649733.0,1.39,0.79
2023-01-11,522.17,518.21,524.31,517.7,-0.93,-4.85,4817272,2240416729.0,1.26,0.64
2023-01-12,520.16,520.56,523.07,516.73,0.45,2.35,6150430,2843591037.0,1.22,0.81
2023-01-13,520.24,531.53,531.53,518.55,2.11,10.97,7914182,4085006059.0,2.49,1.04
2023-01-16,532.38,544.61,548.59,530.83,2.46,13.08,11975413,6483033728.0,3.34,1.58
2023-01-17,544.7,547.11,549.25,539.45,0.46,2.5,10958820,5925774866.0,1.8,1.45
2023-01-18,548.05,558.44,562.65,547.33,2.07,11.33,14242124,7195180386.0,2.8,1.88
2023-01-19,554.88,566.01,568.34,554.88,1.36,7.57,13530282,6826430514.0,2.41,1.79
2023-01-20,565.48,561.52,566.01,555.28,-0.79,-4.49,13411099,7496627922.0,1.9,1.77
2023-01-30,566.49,567.03,568.68,562.1,0.98,5.51,10732129,6269868378.0,1.17,1.42
2023-01-31,564.01,567.28,570.28,561.98,0.04,0.25,13631606,7362328407.0,1.46,1.8
2023-02-01,566.76,581.12,581.49,565.06,2.44,13.84,15557902,8909926661.0,2.9,2.05
2023-02-02,582.47,571.33,582.75,567.25,-1.68,-9.79,16538040,8912811317.0,2.67,2.18
2023-02-03,566.46,568.16,569.92,564.53,-0.55,-3.17,11064090,5934316953.0,0.94,1.46
2023-02-06,564.24,560.62,564.93,559.22,-1.33,-7.54,10517867,5387035685.0,1.0,1.39
2023-02-07,559.61,560.41,561.43,555.76,-0.04,-0.21,9518138,4321673708.0,1.01,1.26
2023-02-08,559.25,557.86,560.99,556.96,-0.46,-2.55,8100877,3486122050.0,0.72,1.07
2023-02-09,557.3,562.53,564.13,557.3,0.84,4.67,9150370,3811716071.0,1.22,1.21
2023-02-10,559.87,559.3,560.85,555.0,-0.57,-3.23,7867952,3402099097.0,1.04,1.04
2023-02-13,558.28,564.96,565.44,557.82,1.01,5.66,8372296,3650641020.0,1.36,1.1
2023-02-14,564.52,565.47,568.04,563.58,0.09,0.51,8082596,3424197013.0,0.79,1.07
2023-02-15,564.77,562.78,565.73,561.55,-0.48,-2.69,7448577,3105859010.0,0.74,0.98
2023-02-16,563.7,553.37,569.38,550.55,-1.67,-9.41,9678831,4618733530.0,3.35,1.28
2023-02-17,553.54,548.69,557.38,548.55,-0.85,-4.68,6214939,2866729660.0,1.6,0.82
2023-02-20,550.88,561.4,561.57,547.47,2.32,12.71,8103132,3797786218.0,2.57,1.07
2023-02-21,559.17,563.05,564.63,558.89,0.29,1.65,7290124,3458949633.0,1.02,0.96
2023-02-22,560.08,560.65,563.01,558.34,-0.43,-2.4,5236992,2543385828.0,0.83,0.69
2023-02-23,560.54,567.77,571.78,560.54,1.27,7.12,8619950,4153134110.0,2.0,1.14
2023-02-24,567.59,567.13,568.62,562.29,-0.11,-0.64,6982268,3458954188.0,1.11,0.92
2023-02-27,563.71,561.13,566.22,560.0,-1.06,-6.0,6591763,3017863216.0,1.1,0.87
2023-02-28,560.84,567.19,568.19,560.84,1.08,6.06,7475651,2984124939.0,1.31,0.99
2023-03-01,562.68,566.66,568.1,562.12,-0.09,-0.53,7225780,3105189109.0,1.05,0.95
2023-03-02,566.38,567.34,568.35,565.39,0.12,0.68,6320044,2968154520.0,0.52,0.83
2023-03-03,567.96,571.64,572.35,565.24,0.76,4.3,8671773,4402856997.0,1.25,1.14
2023-03-06,573.18,569.19,574.71,567.72,-0.43,-2.45,9547788,5166569732.0,1.22,1.26
2023-03-07,568.67,566.26,577.02,565.65,-0.51,-2.93,10775455,5768073637.0,2.0,1.42
2023-03-08,562.49,566.37,566.37,561.41,0.02,0.11,6771265,3396514625.0,0.88,0.89
2023-03-09,565.4,560.44,565.46,559.15,-1.05,-5.93,6374203,2919011541.0,1.11,0.84
2023-03-10,557.81,552.38,559.9,550.42,-1.44,-8.06,5832509,2727481982.0,1.69,0.77
2023-03-13,552.83,558.13,559.81,552.83,1.04,5.75,8571996,4455770606.0,1.26,1.13
2023-03-14,556.35,549.19,558.1,545.18,-1.6,-8.94,10364954,5692025210.0,2.31,1.37
2023-03-15,552.24,558.39,559.95,551.84,1.68,9.2,10701500,5828945117.0,1.48,1.41
2023-03-16,555.51,552.61,558.43,551.72,-1.04,-5.78,11753455,6961830583.0,1.2,1.55
2023-03-17,554.32,559.52,562.48,554.15,1.25,6.91,11992847,7322484204.0,1.51,1.58
2023-03-20,560.04,546.81,562.57,545.23,-2.27,-12.71,12078284,6968436588.0,3.1,1.59
2023-03-21,546.88,550.39,550.54,545.88,0.65,3.58,8711782,4939269810.0,0.85,1.15
2023-03-22,549.43,548.12,551.76,546.67,-0.41,-2.27,7749800,3900427378.0,0.92,1.02
2023-03-23,545.19,547.36,548.48,543.31,-0.14,-0.76,6640972,3315349356.0,0.94,0.88
2023-03-24,546.94,542.3,546.94,540.95,-0.92,-5.06,7484509,3644383420.0,1.09,0.99
2023-03-27,541.84,545.71,546.34,532.51,0.63,3.41,7284200,3328117044.0,2.55,0.96
2023-03-28,546.0,542.53,548.55,542.01,-0.58,-3.18,10105225,5515433906.0,1.2,1.33
2023-03-29,543.32,535.26,543.54,534.49,-1.34,-7.27,8573935,5054001435.0,1.67,1.13
2023-03-30,534.6,534.09,536.08,526.17,-0.22,-1.17,8557922,5111972311.0,1.85,1.13
2023-03-31,533.94,536.11,537.57,532.91,0.38,2.02,5463050,3394386481.0,0.87,0.72
2023-04-03,536.54,547.32,547.94,535.52,2.09,11.21,7969534,5169761980.0,2.32,1.05
2023-04-04,547.41,548.68,550.21,544.04,0.25,1.36,8877966,5968532041.0,1.13,1.17
2023-04-06,547.41,544.24,547.42,542.75,-0.81,-4.44,8252831,5438769541.0,0.85,1.09
2023-04-07,544.02,546.42,547.67,542.3,0.4,2.18,6800270,4348915877.0,0.99,0.9
2023-04-10,547.46,538.5,547.93,538.28,-1.45,-7.92,6398073,4044297365.0,1.77,0.84
2023-04-11,538.96,539.97,540.72,534.91,0.27,1.47,5988454,3340432716.0,1.08,0.79
2023-04-12,540.56,544.59,545.43,539.46,0.86,4.62,6348543,3539401499.0,1.11,0.84
2023-04-13,544.04,541.58,546.11,540.24,-0.55,-3.01,7240434,4366896111.0,1.08,0.96
2023-04-14,542.22,540.18,544.95,537.91,-0.26,-1.4,7742649,4790809051.0,1.3,1.02
2023-04-17,537.95,544.33,545.51,537.14,0.77,4.15,8485311,5482075762.0,1.55,1.12
2023-04-18,541.38,536.5,543.19,534.8,-1.44,-7.83,7205601,4423581423.0,1.54,0.95
2023-04-19,535.63,529.66,535.88,528.58,-1.27,-6.84,6383412,3505045884.0,1.36,0.84
2023-04-20,528.37,525.15,528.43,520.25,-0.85,-4.51,6257993,3380291120.0,1.54,0.83
2023-04-21,524.03,511.63,527.42,511.63,-2.57,-13.52,7337310,4142087577.0,3.01,0.97
2023-04-24,512.48,510.34,513.56,506.89,-0.25,-1.29,8144006,3699045040.0,1.3,1.07
2023-04-25,512.82,509.73,516.01,503.09,-0.12,-0.61,6363051,3250164635.0,2.53,0.84
2023-04-26,509.16,510.91,512.35,506.8,0.23,1.18,6025643,2805961082.0,1.09,0.8
2023-04-27,510.4,513.36,516.18,508.58,0.48,2.45,7559832,3801680916.0,1.49,1.0
2023-04-28,515.97,523.45,525.16,512.52,1.97,10.09,9427197,4420538941.0,2.46,1.24
2023-05-04,521.83,535.52,535.52,521.47,2.31,12.07,9830767,5809886409.0,2.68,1.3
2023-05-05,535.88,540.61,540.82,533.67,0.95,5.09,13263158,7541178643.0,1.34,1.75
2023-05-08,544.56,551.28,554.6,540.69,1.97,10.67,19431245,13353085170.0,2.57,2.56
2023-05-09,553.52,556.53,573.99,550.97,0.95,5.25,25402322,17607054430.0,4.18,3.35
2023-05-10,552.24,553.5,556.11,547.24,-0.54,-3.03,24589834,15407247897.0,1.59,3.24
2023-05-11,551.18,549.57,553.26,545.73,-0.71,-3.93,18124620,10603336887.0,1.36,2.39
2023-05-12,547.64,548.42,556.55,545.47,-0.21,-1.15,15277026,9149525491.0,2.02,2.02
2023-05-15,549.2,551.33,552.11,533.84,0.53,2.91,16994953,10389005208.0,3.33,2.24
2023-05-16,548.04,542.54,552.83,540.08,-1.59,-8.79,12358845,7294098477.0,2.31,1.63
2023-05-17,539.92,544.3,547.79,535.65,0.32,1.76,11110684,6228834627.0,2.24,1.47
2023-05-18,544.72,541.35,547.67,539.43,-0.54,-2.95,10448366,5982382904.0,1.51,1.38
2023-05-19,539.64,532.86,539.64,530.39,-1.57,-8.49,10648919,6056978366.0,1.71,1.41
2023-05-22,530.16,524.91,530.25,522.94,-1.49,-7.95,7710714,4102151571.0,1.37,1.02
2023-05-23,525.4,517.73,526.59,517.68,-1.37,-7.18,7309239,3822882493.0,1.7,0.96
2023-05-24,517.87,511.56,517.9,511.46,-1.19,-6.17,8276236,3771661968.0,1.24,1.09
2023-05-25,510.43,515.42,515.94,506.92,0.75,3.86,9743266,5484620163.0,1.76,1.29
2023-05-26,515.27,513.17,516.61,509.45,-0.44,-2.25,7496737,4003938530.0,1.39,0.99
2023-05-29,512.69,512.18,517.48,511.2,-0.19,-0.99,8723950,4792344294.0,1.22,1.15
2023-05-30,510.31,514.82,515.0,507.75,0.52,2.64,6643728,3901761512.0,1.42,0.88
2023-05-31,513.38,513.04,516.3,512.13,-0.35,-1.78,6192755,3752712008.0,0.81,0.82
2023-06-01,511.26,513.25,514.91,506.93,0.04,0.21,7211053,3908450997.0,1.56,0.95
2023-06-02,515.54,516.15,518.08,514.46,0.57,2.9,7035462,3628373189.0,0.71,0.93
2023-06-05,518.66,520.14,521.9,518.12,0.77,3.99,6304296,3402977021.0,0.73,0.83
2023-06-06,521.07,511.33,521.72,510.83,-1.69,-8.81,7859859,4054035292.0,2.09,1.04
2023-06-07,510.82,516.26,517.65,510.82,0.96,4.93,5706041,3060021147.0,1.34,0.75
2023-06-08,516.38,519.0,523.07,511.9,0.53,2.74,6682785,4032466297.0,2.16,0.88
2023-06-09,519.07,515.05,519.07,512.89,-0.76,-3.95,5493194,3348362941.0,1.19,0.72
2023-06-12,513.09,510.35,513.09,507.57,-0.91,-4.7,5325389,2988984735.0,1.07,0.7
2023-06-13,509.12,511.43,512.79,509.08,0.21,1.08,4725339,2602763484.0,0.73,0.62
2023-06-14,512.53,512.85,516.21,511.34,0.28,1.42,5475179,3155544719.0,0.95,0.72
2023-06-15,512.27,514.74,515.68,509.8,0.37,1.89,5603599,3236729048.0,1.15,0.74
2023-06-16,514.73,519.69,521.71,514.73,0.96,4.95,7620101,4708433512.0,1.36,1.01
2023-06-19,518.33,514.59,519.57,513.65,-0.98,-5.1,6055229,3499317424.0,1.14,0.8
2023-06-20,514.18,508.89,514.53,508.87,-1.11,-5.7,5279060,2998857284.0,1.1,0.7
2023-06-21,507.59,499.3,508.12,499.01,-1.88,-9.59,4976305,2746733071.0,1.79,0.66
2023-06-26,496.3,490.54,497.35,489.94,-1.75,-8.76,5500702,2911376813.0,1.48,0.73
2023-06-27,491.41,501.42,502.75,491.41,2.22,10.88,4649381,2433779415.0,2.31,0.61
2023-06-28,500.85,501.66,502.32,495.02,0.05,0.24,3689784,1872958108.0,1.46,0.49
2023-06-29,500.09,501.54,503.64,499.15,-0.02,-0.12,3392532,1665931900.0,0.9,0.45
2023-06-30,501.01,508.05,510.41,500.39,1.3,6.51,4237741,2188474622.0,2.0,0.56
2023-07-03,509.31,516.58,518.52,509.31,1.68,8.53,6339048,3194424382.0,1.81,0.84
2023-07-04,516.91,516.78,520.15,514.46,0.04,0.2,6000292,2808878191.0,1.1,0.79
2023-07-05,516.31,512.81,517.33,512.5,-0.77,-3.97,4497866,2248947308.0,0.93,0.59
2023-07-06,512.26,510.83,513.82,509.17,-0.39,-1.98,3903418,1808352614.0,0.91,0.52
2023-07-07,509.19,514.31,516.49,508.75,0.68,3.48,4268207,1899584003.0,1.52,0.56
2023-07-10,517.88,519.39,520.48,517.65,0.99,5.08,3450157,1749308747.0,0.55,0.46
2023-07-11,520.65,521.21,521.87,518.64,0.35,1.82,3972212,1727999955.0,0.62,0.52
2023-07-12,521.16,514.12,522.32,513.8,-1.36,-7.09,4744584,2444275789.0,1.63,0.63
2023-07-13,515.53,520.57,521.82,515.53,1.25,6.45,4802191,2425294800.0,1.22,0.63
2023-07-14,519.49,520.96,523.52,518.49,0.07,0.39,4032031,2098669472.0,0.97,0.53
2023-07-17,520.62,520.59,520.74,515.76,-0.07,-0.37,3872887,1809463460.0,0.96,0.51
2023-07-18,520.45,522.4,524.2,518.36,0.35,1.81,3662964,1616990936.0,1.12,0.48
2023-07-19,521.57,524.41,525.4,521.23,0.38,2.01,3328255,1610741768.0,0.8,0.44
2023-07-20,525.61,523.74,529.37,523.65,-0.13,-0.67,4512585,2095288146.0,1.09,0.6
2023-07-21,522.46,523.5,525.83,521.39,-0.05,-0.24,3549650,1618278663.0,0.85,0.47
2023-07-24,522.97,523.54,525.05,520.8,0.01,0.04,3253885,1457914458.0,0.81,0.43
2023-07-25,531.24,540.34,541.71,530.2,3.21,16.8,8432817,4608004840.0,2.2,1.11
2023-07-26,538.68,538.05,539.82,534.71,-0.42,-2.29,5648259,2770838200.0,0.95,0.75
2023-07-27,538.01,534.53,540.76,533.81,-0.65,-3.52,6251185,2840662147.0,1.29,0.82
2023-07-28,533.36,558.86,560.61,532.93,4.55,24.33,14059721,7960929200.0,5.18,1.86
2023-07-31,562.96,571.3,576.22,562.95,2.23,12.44,13649074,8457794004.0,2.37,1.8
2023-08-01,571.02,568.42,578.58,565.31,-0.5,-2.88,10812760,6398436049.0,2.32,1.43
2023-08-02,565.33,574.49,577.95,565.33,1.07,6.07,8812608,5065533806.0,2.22,1.16
2023-08-03,573.39,583.86,585.71,568.86,1.63,9.37,11126018,6661765074.0,2.93,1.47
2023-08-04,591.0,595.69,607.83,588.77,2.03,11.83,22895929,14587719700.0,3.26,3.02
2023-08-07,586.28,584.19,588.5,581.3,-1.93,-11.5,13176785,7845308478.0,1.21,1.74
2023-08-08,582.07,579.21,583.24,572.26,-0.85,-4.98,10595860,5713028797.0,1.88,1.4
2023-08-09,576.68,574.56,580.96,573.51,-0.8,-4.65,7033374,3912781504.0,1.29,0.93
2023-08-10,577.0,579.58,579.85,573.31,0.87,5.02,7535493,4232550394.0,1.14,0.99
2023-08-11,579.24,566.29,579.24,566.08,-2.29,-13.29,8921116,5026777084.0,2.27,1.18
2023-08-14,556.65,558.74,560.73,554.39,-1.33,-7.55,8082388,4257007217.0,1.12,1.07
2023-08-15,559.21,559.04,561.43,552.69,0.05,0.3,6181500,3394367090.0,1.56,0.82
2023-08-16,557.33,562.65,569.99,554.07,0.65,3.61,6507204,3653824059.0,2.85,0.86
2023-08-17,560.84,565.83,566.97,558.76,0.57,3.18,5761624,3362994862.0,1.46,0.76
2023-08-18,567.2,555.41,571.04,555.41,-1.84,-10.42,6741413,3482295948.0,2.76,0.89
2023-08-21,552.94,546.81,560.27,546.69,-1.55,-8.6,6799352,3226848214.0,2.45,0.9
2023-08-22,549.49,550.77,551.82,542.52,0.72,3.96,6596193,3046793373.0,1.7,0.87
2023-08-23,549.4,538.18,549.4,537.79,-2.29,-12.59,5388600,2516252080.0,2.11,0.71
2023-08-24,537.15,533.45,542.41,532.72,-0.88,-4.73,5911816,2800510162.0,1.8,0.78
2023-08-25,530.7,528.79,538.78,526.57,-0.87,-4.66,5061142,2428886104.0,2.29,0.67
2023-08-28,568.83,542.25,568.83,540.44,2.55,13.46,12408548,6407976901.0,5.37,1.64
2023-08-29,538.35,545.49,546.39,534.05,0.6,3.24,8934753,4320337171.0,2.28,1.18
2023-08-30,547.38,540.23,547.38,539.57,-0.96,-5.26,7617026,3792536056.0,1.43,1.01
2023-08-31,540.81,534.78,543.31,534.32,-1.01,-5.45,8483087,4479176744.0,1.66,1.12
2023-09-01,536.83,536.53,540.27,535.28,0.33,1.75,4493072,2194744630.0,0.93,0.59
2023-09-04,539.29,543.63,544.3,537.08,1.32,7.1,6531687,2929566365.0,1.35,0.86
2023-09-05,543.9,539.3,543.9,537.82,-0.8,-4.33,4376406,2204084671.0,1.12,0.58
2023-09-06,538.41,540.94,542.06,536.38,0.3,1.64,5209338,2146139556.0,1.05,0.69
2023-09-07,540.15,536.44,542.53,535.91,-0.83,-4.5,5109221,2126041741.0,1.22,0.67
2023-09-08,535.83,541.45,543.37,535.37,0.93,5.01,4012216,1835803206.0,1.49,0.53
2023-09-11,542.83,548.02,549.47,542.14,1.21,6.57,6168154,2697532822.0,1.35,0.81
2023-09-12,546.79,546.06,547.46,543.92,-0.36,-1.96,4835318,1940783429.0,0.65,0.64
2023-09-13,546.05,543.92,547.51,540.24,-0.39,-2.14,4790680,1921906904.0,1.33,0.63
2023-09-14,544.05,547.01,548.12,542.56,0.57,3.09,4689398,1981081569.0,1.02,0.62
2023-09-15,549.97,552.08,554.16,549.56,0.93,5.07,4279196,1913920947.0,0.84,0.56
2023-09-18,549.98,552.68,553.84,546.4,0.11,0.6,5740760,2368446338.0,1.35,0.76
2023-09-19,551.43,554.22,556.21,550.06,0.28,1.54,3989609,1805497425.0,1.11,0.53
2023-09-20,555.54,555.64,557.88,553.55,0.26,1.42,5226877,2133585173.0,0.78,0.69
2023-09-21,556.05,550.98,558.35,550.98,-0.84,-4.66,4517206,2005594818.0,1.33,0.6
2023-09-22,550.55,557.92,559.54,550.55,1.26,6.94,7180736,3104184143.0,1.63,0.95
2023-09-25,554.28,542.48,554.28,541.51,-2.77,-15.44,4191382,2181823775.0,2.29,0.55
2023-09-26,538.72,538.72,540.6,536.77,-0.69,-3.76,3075721,1558859919.0,0.71,0.41
2023-09-27,537.83,540.13,542.78,537.52,0.26,1.41,6331347,2638996035.0,0.98,0.84
2023-09-28,539.71,540.26,542.29,537.84,0.02,0.13,4554684,2133650269.0,0.82,0.6
2023-10-09,537.37,529.39,537.37,527.87,-2.01,-10.87,4871669,2327120529.0,1.76,0.64
2023-10-10,527.82,528.92,531.14,527.13,-0.09,-0.47,6440765,2634510435.0,0.76,0.85
2023-10-11,529.49,524.15,532.26,523.27,-0.9,-4.77,4948880,2046666991.0,1.7,0.65
2023-10-12,526.47,530.26,530.81,526.47,1.17,6.11,4001383,1842838668.0,0.83,0.53
2023-10-13,526.96,526.55,529.11,524.26,-0.7,-3.71,5008839,2111576891.0,0.91,0.66
2023-10-16,528.04,526.41,528.85,524.62,-0.03,-0.14,4657138,1892282754.0,0.8,0.61
2023-10-17,527.75,532.4,533.62,527.22,1.14,5.99,4794226,2183887483.0,1.22,0.63
2023-10-18,531.78,522.48,531.78,522.48,-1.86,-9.92,3445000,1759463420.0,1.75,0.45
2023-10-19,521.34,517.83,524.51,516.91,-0.89,-4.65,3505347,1896097034.0,1.45,0.46
2023-10-20,514.91,516.2,520.33,514.26,-0.31,-1.63,3325274,1535294338.0,1.17,0.44
2023-10-23,511.8,499.34,511.89,498.01,-3.27,-16.86,3702138,1783393335.0,2.69,0.49
2023-10-24,499.1,511.89,513.16,499.1,2.51,12.55,5952619,2299995427.0,2.82,0.79
2023-10-25,512.91,515.03,519.11,512.91,0.61,3.14,5345844,2025525834.0,1.21,0.71
2023-10-26,512.59,517.13,517.93,510.91,0.41,2.1,5810017,1946938157.0,1.36,0.77
2023-10-27,517.04,518.33,521.65,513.16,0.23,1.2,5248600,2060027374.0,1.64,0.69
2023-10-30,517.68,517.92,519.14,514.35,-0.08,-0.41,4825678,2166421560.0,0.92,0.64
2023-10-31,518.07,517.85,520.32,516.05,-0.01,-0.07,3210694,1617422050.0,0.82,0.42
2023-11-01,519.77,518.14,522.46,517.87,0.06,0.29,7054337,2337768366.0,0.89,0.93
2023-11-02,519.23,514.31,522.02,513.91,-0.74,-3.83,6332125,2189799973.0,1.57,0.84
2023-11-03,516.08,519.22,522.82,515.57,0.95,4.91,3587258,1706794975.0,1.41,0.47
2023-11-06,525.53,531.13,531.88,524.13,2.29,11.91,8154767,3056099590.0,1.49,1.08
2023-11-07,531.29,535.73,537.12,529.76,0.87,4.6,6319670,2421233591.0,1.39,0.83
2023-11-08,536.42,530.22,536.85,528.65,-1.03,-5.51,7626008,2757691132.0,1.53,1.01
2023-11-09,528.79,523.27,529.89,522.26,-1.31,-6.95,5393281,1984666186.0,1.44,0.71
2023-11-10,521.7,520.35,522.3,518.81,-0.56,-2.92,5110331,1778586575.0,0.67,0.67
2023-11-13,519.79,520.1,520.59,516.38,-0.05,-0.25,4207755,1693675851.0,0.81,0.56
2023-11-14,519.29,525.68,527.31,518.87,1.07,5.58,7417372,2520121317.0,1.62,0.98
2023-11-15,529.35,524.77,532.49,523.9,-0.17,-0.91,6248650,2469400350.0,1.63,0.82
2023-11-16,523.35,522.68,526.93,521.49,-0.4,-2.09,4743589,2200506721.0,1.04,0.63
2023-11-17,519.46,520.52,521.37,518.3,-0.41,-2.16,3315745,1645453384.0,0.59,0.44
2023-11-20,520.4,519.42,520.65,515.4,-0.21,-1.1,3294221,1659658220.0,1.01,0.43
2023-11-21,519.17,523.44,528.64,519.17,0.77,4.02,9397697,3225726991.0,1.82,1.24
2023-11-22,523.02,527.08,530.76,523.02,0.7,3.64,7610123,3320795625.0,1.48,1.0
2023-11-23,529.54,531.98,532.91,525.28,0.93,4.9,8719877,3489946446.0,1.45,1.15
2023-11-24,531.4,531.52,533.92,528.7,-0.09,-0.46,7670908,3002492305.0,0.98,1.01
2023-11-27,531.07,526.4,531.07,524.65,-0.96,-5.12,7575284,3369161609.0,1.21,1.0
2023-11-28,522.71,525.42,526.64,522.37,-0.19,-0.98,7556376,2772680954.0,0.81,1.0
2023-11-29,523.88,519.28,524.1,518.74,-1.17,-6.14,6491259,2759803477.0,1.02,0.86
2023-11-30,517.09,520.85,524.3,516.33,0.3,1.57,5079459,2592651725.0,1.53,0.67
2023-12-01,518.74,523.86,524.96,517.03,0.58,3.01,6870111,2912448239.0,1.52,0.91
2023-12-04,522.85,523.3,525.98,522.65,-0.11,-0.56,4157455,2421775988.0,0.64,0.55
2023-12-05,521.46,516.92,523.29,516.92,-1.22,-6.38,4283855,2821053825.0,1.22,0.57
2023-12-06,514.65,517.7,519.38,514.24,0.15,0.78,3950874,2545412398.0,0.99,0.52
2023-12-07,515.43,521.22,522.82,515.05,0.68,3.52,5383670,3393737244.0,1.5,0.71
2023-12-08,519.04,512.76,519.13,512.72,-1.62,-8.46,6005443,3245383557.0,1.23,0.79
2023-12-11,510.11,520.61,521.17,505.94,1.53,7.85,9553510,3929645104.0,2.97,1.26
2023-12-12,518.01,519.61,520.7,517.02,-0.19,-1.0,4798331,2761204488.0,0.71,0.63
2023-12-13,517.16,513.44,517.79,513.44,-1.19,-6.17,3886273,2264133129.0,0.84,0.51
2023-12-14,513.86,513.08,516.72,512.56,-0.07,-0.36,3917271,2342510599.0,0.81,0.52
2023-12-15,512.45,512.73,517.57,510.26,-0.07,-0.35,4218306,2535091738.0,1.42,0.56
2023-12-18,510.87,503.0,511.7,502.0,-1.9,-9.73,4022792,2231658075.0,1.89,0.53
2023-12-19,501.24,499.01,501.58,495.51,-0.79,-3.99,3233840,1793016633.0,1.21,0.43
2023-12-20,498.14,487.06,498.23,487.06,-2.39,-11.95,3327969,1834139708.0,2.24,0.44
2023-12-21,484.61,486.36,488.01,478.58,-0.14,-0.7,3599281,1934522807.0,1.94,0.47
2023-12-22,485.95,479.23,485.95,478.2,-1.47,-7.13,3484560,1827428240.0,1.59,0.46
2023-12-25,477.42,474.19,478.87,471.95,-1.05,-5.04,2682121,1416254235.0,1.44,0.35
2023-12-26,471.44,467.97,473.38,467.72,-1.31,-6.22,2904833,1532926482.0,1.19,0.38
2023-12-27,467.36,473.36,474.94,465.75,1.15,5.39,3811623,1829439849.0,1.96,0.5
2023-12-28,473.31,482.87,484.38,472.63,2.01,9.51,3870432,1988867204.0,2.48,0.51
2023-12-29,483.37,485.92,487.52,483.37,0.63,3.05,3102952,1592738218.0,0.86,0.41
2024-01-02,487.29,488.86,490.93,486.45,0.61,2.94,3097767,1653267861.0,0.92,0.41
2024-01-03,488.68,493.19,494.43,488.46,0.89,4.33,3255270,1638941104.0,1.22,0.43
2024-01-04,493.85,488.11,493.85,485.68,-1.03,-5.08,3515848,2049427108.0,1.66,0.46
2024-01-05,487.82,487.16,494.36,485.08,-0.19,-0.95,4209682,2304591118.0,1.9,0.56
2024-01-08,484.88,476.86,485.29,476.72,-2.11,-10.3,3800862,2004794917.0,1.76,0.5
2024-01-09,475.58,477.03,479.99,472.51,0.04,0.17,3353600,1784020028.0,1.57,0.44
2024-01-10,476.91,475.94,480.11,472.99,-0.23,-1.09,3117105,1668658770.0,1.49,0.41
2024-01-11,475.96,480.45,482.11,474.86,0.95,4.51,3255747,1619856443.0,1.52,0.43
2024-01-12,480.28,475.4,483.43,475.39,-1.05,-5.05,2775711,1352480686.0,1.67,0.37
2024-01-15,474.35,478.81,481.81,472.98,0.72,3.41,2976741,1502564291.0,1.86,0.39
2024-01-16,478.2,482.22,483.04,474.72,0.71,3.41,4117286,2193716679.0,1.74,0.54
2024-01-17,484.44,482.88,494.27,482.83,0.14,0.66,5131234,2796710810.0,2.37,0.68
2024-01-18,479.35,484.83,485.11,470.67,0.4,1.95,8456786,5182869960.0,2.99,1.12
2024-01-19,482.19,476.18,482.19,474.12,-1.78,-8.65,5971250,4084331786.0,1.66,0.79
2024-01-22,474.61,458.89,478.95,454.94,-3.63,-17.29,7082500,4680966898.0,5.04,0.93
2024-01-23,455.47,469.66,472.82,449.08,2.35,10.77,6738034,4346997075.0,5.17,0.89
2024-01-24,474.13,506.43,506.81,471.21,7.83,36.77,13375359,7778286792.0,7.58,1.76
2024-01-25,518.23,524.93,527.57,515.33,3.65,18.5,18289764,10593032388.0,2.42,2.41
2024-01-26,529.49,531.29,538.44,528.41,1.21,6.36,19661155,10649168895.0,1.91,2.59
2024-01-29,528.31,510.06,529.51,509.46,-4.0,-21.23,16811956,10411270119.0,3.77,2.22
2024-01-30,496.21,495.06,508.86,493.91,-2.94,-15.0,15546094,8419976716.0,2.93,2.05
2024-01-31,485.68,485.84,500.35,482.61,-1.86,-9.22,16003069,8737138343.0,3.58,2.11
2024-02-01,473.68,469.27,480.1,465.5,-3.41,-16.57,13260842,7232436761.0,3.01,1.75
2024-02-02,464.91,451.37,469.26,437.67,-3.81,-17.9,13521550,7490903900.0,6.73,1.78
2024-02-05,443.73,417.64,443.73,414.23,-7.47,-33.73,11938242,5762407561.0,6.54,1.58
2024-02-06,403.22,435.27,442.62,399.91,4.22,17.63,12772818,6188543464.0,10.23,1.69
2024-02-07,432.45,437.48,445.34,431.09,0.51,2.21,13164131,6481586212.0,3.27,1.74
2024-02-08,435.93,446.93,450.94,435.93,2.16,9.45,11984489,5903848992.0,3.43,1.58
2024-02-19,447.52,452.79,454.68,441.59,1.31,5.86,10472251,5365765986.0,2.93,1.38
2024-02-20,450.56,465.13,468.14,446.72,2.73,12.34,11790319,6252616417.0,4.73,1.56
2024-02-21,459.29,466.48,480.0,456.87,0.29,1.35,13921426,7458414978.0,4.97,1.84
2024-02-22,462.73,472.47,472.47,462.62,1.28,5.99,9378665,5100129805.0,2.11,1.24
2024-02-23,473.38,478.06,478.89,469.87,1.18,5.59,8725146,4797972262.0,1.91,1.15
2024-02-26,477.6,476.49,481.77,472.94,-0.33,-1.57,8675740,4681776217.0,1.85,1.14
2024-02-27,474.25,484.78,484.78,473.14,1.74,8.29,8634663,4596214646.0,2.44,1.14
2024-02-28,486.27,484.12,503.0,481.82,-0.14,-0.66,19166790,10638971517.0,4.37,2.53
2024-02-29,477.15,496.2,496.39,476.5,2.5,12.08,14685572,8209937059.0,4.11,1.94
2024-03-01,491.83,488.72,493.37,485.81,-1.51,-7.48,10611901,6043353976.0,1.52,1.4
2024-03-04,485.83,482.13,485.83,477.56,-1.35,-6.59,7724835,4377804938.0,1.69,1.02
2024-03-05,477.77,474.74,480.11,473.32,-1.53,-7.39,6706805,3879053519.0,1.41,0.88
2024-03-06,472.59,476.31,481.18,472.29,0.33,1.57,6275824,3237126321.0,1.87,0.83
2024-03-07,474.69,467.66,479.03,467.66,-1.82,-8.65,6617243,3501172531.0,2.39,0.87
2024-03-08,465.97,469.52,470.65,464.2,0.4,1.86,5467652,2781512350.0,1.38,0.72
2024-03-11,469.36,476.45,476.45,468.88,1.48,6.93,5681836,3060680443.0,1.61,0.75
2024-03-12,476.13,477.63,478.16,472.27,0.25,1.18,5709984,3031380733.0,1.24,0.75
2024-03-13,476.31,473.7,476.31,470.25,-0.82,-3.93,5618258,3120201151.0,1.27,0.74
2024-03-14,473.94,474.2,480.0,471.1,0.11,0.5,6320862,3742956957.0,1.88,0.83
2024-03-15,472.75,479.48,480.39,469.77,1.11,5.28,5523361,3141057229.0,2.24,0.73
2024-03-18,479.11,485.88,486.39,477.71,1.33,6.4,7892769,4503256758.0,1.81,1.04
2024-03-19,483.01,476.51,483.21,476.51,-1.93,-9.37,5593917,3030757659.0,1.38,0.74
2024-03-20,475.11,477.38,477.89,473.76,0.18,0.87,4475142,2508168308.0,0.87,0.59
2024-03-21,477.35,479.59,482.69,475.82,0.46,2.21,5118668,2654030278.0,1.44,0.68
2024-03-22,477.77,469.21,478.03,468.96,-2.16,-10.38,5649288,3041374755.0,1.89,0.75
2024-03-25,465.19,455.79,466.3,455.76,-2.86,-13.42,5674406,2947985257.0,2.25,0.75
2024-03-26,453.92,456.35,457.09,450.49,0.12,0.56,4384603,2198851733.0,1.45,0.58
2024-03-27,453.69,441.27,453.69,441.27,-3.3,-15.08,4315451,2207871859.0,2.72,0.57
2024-03-28,439.55,446.93,449.7,439.53,1.28,5.66,5459040,2354072535.0,2.3,0.72
2024-03-29,445.75,451.72,452.07,443.92,1.07,4.79,5785514,2337235611.0,1.82,0.76
2024-04-01,453.57,460.34,460.71,453.57,1.91,8.62,6704960,2696571643.0,1.58,0.88
2024-04-02,460.72,457.08,461.68,455.51,-0.71,-3.26,5299967,2250207612.0,1.34,0.7
2024-04-03,456.56,453.22,457.63,452.74,-0.84,-3.86,4020441,1723029570.0,1.07,0.53
2024-04-08,450.41,445.99,452.61,445.91,-1.6,-7.23,4766662,2179665004.0,1.48,0.63
2024-04-09,444.99,453.35,453.57,444.99,1.65,7.36,3812024,1901809251.0,1.92,0.5
2024-04-10,451.49,444.29,451.77,441.23,-2.0,-9.06,4932255,2337780977.0,2.32,0.65
2024-04-11,440.67,443.42,447.54,439.39,-0.2,-0.87,4110685,1876636193.0,1.83,0.54
2024-04-12,441.57,432.82,442.08,432.55,-2.39,-10.6,5435516,2450102415.0,2.15,0.72
2024-04-15,431.1,436.51,442.29,423.01,0.85,3.69,9715580,4533657552.0,4.45,1.28
2024-04-16,433.26,418.79,435.11,418.48,-4.06,-17.72,9632489,4546837614.0,3.81,1.27
2024-04-17,418.52,435.58,435.58,418.52,4.01,16.79,8033146,3666171128.0,4.07,1.06
2024-04-18,433.81,435.32,440.76,429.85,-0.06,-0.26,8702294,4093308830.0,2.5,1.15
2024-04-19,431.82,432.35,437.14,430.61,-0.68,-2.97,7979603,3751288286.0,1.5,1.05
2024-04-22,429.97,426.35,433.52,424.93,-1.39,-6.0,6312051,2780254498.0,1.99,0.83
2024-04-23,425.56,428.58,431.52,424.76,0.52,2.23,6597029,3004176583.0,1.59,0.87
2024-04-24,427.84,432.46,432.53,427.79,0.91,3.88,6320915,2907150364.0,1.11,0.83
2024-04-25,431.52,432.15,435.42,430.39,-0.07,-0.31,4887817,2281404013.0,1.16,0.64
2024-04-26,438.16,449.83,451.43,433.86,4.09,17.68,10638030,5265020678.0,4.07,1.4
2024-04-29,447.3,456.25,457.28,447.3,1.43,6.42,10193056,5081882000.0,2.22,1.34
2024-04-30,454.8,451.84,458.17,450.69,-0.97,-4.41,8047308,4094991700.0,1.64,1.06
2024-05-06,458.11,455.52,461.01,453.33,0.81,3.68,6720883,3399164340.0,1.7,0.89
2024-05-07,454.92,456.27,457.98,452.27,0.16,0.75,5953061,2984709764.0,1.25,0.79
2024-05-08,455.36,448.26,456.07,448.12,-1.76,-8.01,6144613,2762493178.0,1.74,0.81
2024-05-09,448.27,452.66,454.6,448.27,0.98,4.4,5085509,2309772248.0,1.41,0.67
2024-05-10,452.91,452.42,455.4,448.49,-0.05,-0.24,5229843,2486257317.0,1.53,0.69
2024-05-13,449.83,450.68,453.46,444.81,-0.38,-1.74,5497844,2747379784.0,1.91,0.73
2024-05-14,450.35,453.68,454.39,449.17,0.67,3.0,4478443,2191131887.0,1.16,0.59
2024-05-15,454.99,446.58,455.53,446.43,-1.56,-7.1,4032718,2066563753.0,2.01,0.53
2024-05-16,446.98,449.96,452.61,446.54,0.76,3.38,5651136,2826857494.0,1.36,0.75
2024-05-17,449.2,455.1,455.1,447.17,1.14,5.14,5578552,2722306231.0,1.76,0.74
2024-05-20,454.74,452.56,458.15,452.01,-0.56,-2.54,5194933,2534181788.0,1.35,0.69
2024-05-21,452.1,446.89,452.16,445.07,-1.25,-5.67,4131766,1919234780.0,1.57,0.55
2024-05-22,446.81,449.16,450.44,445.62,0.51,2.27,3756312,1881695086.0,1.08,0.5
2024-05-23,448.08,437.95,448.08,437.07,-2.5,-11.21,5224101,2534331537.0,2.45,0.69
2024-05-24,437.02,434.16,440.04,434.14,-0.87,-3.79,3217625,1570649744.0,1.35,0.42
2024-05-27,435.68,436.78,437.32,430.78,0.6,2.62,3824762,1734850356.0,1.51,0.5
2024-05-28,435.82,431.83,436.44,431.26,-1.13,-4.95,3092454,1413723919.0,1.19,0.41
2024-05-29,431.2,432.34,436.58,430.57,0.12,0.51,3407348,1475805627.0,1.39,0.45
2024-05-30,432.5,430.91,433.51,429.34,-0.33,-1.43,3044995,1412505441.0,0.96,0.4
2024-05-31,431.67,432.48,434.34,431.53,0.36,1.57,3134929,1399913672.0,0.65,0.41
2024-06-03,432.8,423.95,432.8,421.01,-1.97,-8.53,5781693,2296277241.0,2.73,0.76
2024-06-04,420.95,428.56,428.73,419.67,1.09,4.61,5264040,2256835588.0,2.14,0.69
2024-06-05,427.02,422.11,429.45,421.84,-1.51,-6.45,4937998,2226724432.0,1.78,0.65
2024-06-06,421.81,409.99,423.08,407.17,-2.87,-12.12,5794492,2439987593.0,3.77,0.76
2024-06-07,411.77,415.85,416.56,411.24,1.43,5.86,4376214,2019834789.0,1.3,0.58
2024-06-11,414.25,417.27,420.26,411.41,0.34,1.42,4787804,2220212638.0,2.13,0.63
2024-06-12,416.12,416.83,418.78,414.92,-0.11,-0.44,3814451,1769505230.0,0.93,0.5
2024-06-13,416.54,414.05,417.13,411.33,-0.67,-2.78,4668461,2200312205.0,1.39,0.62
2024-06-14,413.02,422.55,424.34,410.86,2.05,8.5,7976815,3726209463.0,3.26,1.05
2024-06-17,418.31,419.44,422.05,415.47,-0.74,-3.11,5048884,2416160784.0,1.56,0.67
2024-06-18,419.58,421.19,423.47,418.68,0.42,1.75,4030072,2018026931.0,1.14,0.53
2024-06-19,421.07,414.17,421.28,414.17,-1.67,-7.02,3672717,1810339722.0,1.69,0.48
2024-06-20,414.62,404.66,415.04,404.6,-2.3,-9.51,3813204,1809183256.0,2.52,0.5
2024-06-21,404.36,404.17,408.41,403.69,-0.12,-0.49,2806890,1334566817.0,1.17,0.37
2024-06-24,402.54,394.57,402.54,391.97,-2.38,-9.6,4080005,1792176152.0,2.62,0.54
2024-06-25,393.64,394.87,398.23,391.8,0.08,0.3,3618747,1582840384.0,1.63,0.48
2024-06-26,393.92,403.38,403.7,392.24,2.16,8.51,3538977,1555066219.0,2.9,0.47
2024-06-27,402.3,399.61,404.06,397.75,-0.93,-3.77,3555298,1729172172.0,1.56,0.47
2024-06-28,398.51,400.14,407.66,398.37,0.13,0.53,5313024,2379640580.0,2.32,0.7
2024-07-01,399.51,403.33,404.53,397.2,0.8,3.19,3824998,1828071393.0,1.83,0.5
2024-07-02,402.96,404.41,408.41,402.4,0.27,1.08,3716281,1728839173.0,1.49,0.49
2024-07-03,403.99,404.15,407.4,402.72,-0.06,-0.26,3097296,1497996764.0,1.16,0.41
2024-07-04,404.29,394.3,405.25,393.71,-2.44,-9.85,3598424,1629081939.0,2.86,0.47
2024-07-05,394.48,398.56,400.49,391.38,1.08,4.26,3159616,1476131131.0,2.31,0.42
2024-07-08,398.12,384.54,398.12,383.37,-3.52,-14.02,3816164,1756179800.0,3.7,0.5
2024-07-09,384.28,392.58,393.03,380.9,2.09,8.04,4301666,1840420380.0,3.15,0.57
2024-07-10,390.7,388.2,394.91,387.73,-1.12,-4.38,3027847,1446342305.0,1.83,0.4
2024-07-11,394.61,397.57,398.71,392.33,2.41,9.37,3746130,1648980563.0,1.64,0.49
2024-07-12,397.35,397.04,401.64,396.05,-0.13,-0.53,3143228,1356759123.0,1.41,0.41
2024-07-15,396.84,393.88,396.88,392.03,-0.8,-3.16,2900349,1273817793.0,1.22,0.38
2024-07-16,393.56,392.93,394.95,391.44,-0.24,-0.95,2309181,1005852586.0,0.89,0.3
2024-07-17,393.03,392.42,394.95,391.19,-0.13,-0.51,2856250,1264287927.0,0.96,0.38
2024-07-18,390.68,394.71,394.71,385.44,0.58,2.29,3667159,1579972260.0,2.36,0.48
2024-07-19,393.01,396.41,398.09,391.08,0.43,1.7,3628936,1568866995.0,1.78,0.48
2024-07-22,397.22,396.72,399.24,393.61,0.08,0.31,3501182,1518568339.0,1.42,0.46
2024-07-23,395.77,391.36,400.69,391.12,-1.35,-5.36,4046156,1779181955.0,2.41,0.53
2024-07-24,390.96,387.59,391.89,386.82,-0.96,-3.77,3573710,1509672454.0,1.3,0.47
2024-07-25,386.86,394.19,397.09,386.76,1.7,6.6,3499735,1532293939.0,2.67,0.46
2024-07-26,394.98,401.6,405.24,394.69,1.88,7.41,4207440,1944270992.0,2.68,0.56
2024-07-29,401.62,404.51,404.79,398.66,0.72,2.91,3955506,1795945193.0,1.53,0.52
2024-07-30,402.51,404.9,406.53,402.01,0.1,0.39,3858646,1778764426.0,1.12,0.51
2024-07-31,404.86,427.12,430.17,404.86,5.49,22.22,8795293,4230165618.0,6.25,1.16
2024-08-01,427.03,423.93,427.53,422.7,-0.75,-3.19,6167090,3225128958.0,1.13,0.81
2024-08-02,421.99,414.93,423.73,414.17,-2.12,-9.0,4605347,2280401349.0,2.26,0.61
2024-08-05,413.58,409.54,420.06,409.49,-1.3,-5.39,5057754,2368149171.0,2.55,0.67
2024-08-06,413.86,412.07,416.4,408.06,0.62,2.53,3788071,1770524803.0,2.04,0.5
2024-08-07,411.66,409.41,412.48,407.48,-0.65,-2.66,3086714,1398148708.0,1.21,0.41
2024-08-08,409.52,412.92,416.95,406.63,0.86,3.51,3531545,1626523520.0,2.52,0.47
2024-08-09,414.04,409.58,416.77,409.4,-0.81,-3.34,3507140,1553689372.0,1.78,0.46
2024-08-12,407.71,405.53,408.48,404.02,-0.99,-4.05,2929848,1273054380.0,1.09,0.39
2024-08-13,405.11,409.71,409.99,401.99,1.03,4.18,3001948,1349513332.0,1.97,0.4
2024-08-14,409.18,406.58,410.26,406.39,-0.76,-3.13,2733409,1240968535.0,0.94,0.36
2024-08-15,405.79,412.42,416.58,405.69,1.44,5.84,4072219,1991814691.0,2.68,0.54
2024-08-16,412.02,405.45,412.28,404.91,-1.69,-6.97,3561385,1665163257.0,1.79,0.47
2024-08-19,406.72,413.43,416.25,406.72,1.97,7.98,4845797,2511541581.0,2.35,0.64
2024-08-20,413.02,408.03,414.07,406.2,-1.31,-5.4,4855640,2321467779.0,1.9,0.64
2024-08-21,406.68,402.77,408.07,402.07,-1.29,-5.26,4174260,1918166464.0,1.47,0.55
2024-08-22,401.78,393.23,403.95,392.89,-2.37,-9.54,3852795,1779665197.0,2.75,0.51
2024-08-23,392.25,392.46,396.07,389.17,-0.2,-0.77,3714816,1636625022.0,1.75,0.49
2024-08-26,391.72,394.8,396.81,390.13,0.6,2.34,3165970,1379036975.0,1.7,0.42
2024-08-27,393.97,391.0,394.98,389.73,-0.96,-3.8,3086293,1324988197.0,1.33,0.41
2024-08-28,391.33,390.26,394.9,389.08,-0.19,-0.74,3404880,1537794125.0,1.49,0.45
2024-08-29,389.29,393.46,396.14,389.18,0.82,3.2,4315835,1944436466.0,1.78,0.57
2024-08-30,393.62,402.67,408.43,393.5,2.34,9.21,6652842,2892348203.0,3.79,0.88
2024-09-02,400.98,393.84,401.09,393.39,-2.19,-8.83,5646368,2396228396.0,1.91,0.75
2024-09-03,393.3,394.45,398.3,392.98,0.15,0.61,4044799,1668972131.0,1.35,0.53
2024-09-04,392.41,391.77,395.96,391.18,-0.68,-2.68,3816160,1535439252.0,1.21,0.5
2024-09-05,392.87,399.41,400.08,392.87,1.95,7.64,3612977,1576196002.0,1.84,0.48
2024-09-06,403.37,400.07,409.56,399.95,0.17,0.66,5787073,2700544797.0,2.41,0.76
2024-09-09,396.56,406.11,408.08,394.83,1.51,6.04,5517633,2531115318.0,3.31,0.73
2024-09-10,406.16,400.74,406.29,394.1,-1.32,-5.37,6440946,3123930448.0,3.0,0.85
2024-09-11,397.33,397.37,401.22,394.99,-0.84,-3.37,4572811,2254250991.0,1.55,0.6
2024-09-12,395.27,397.29,400.05,395.15,-0.02,-0.08,4281877,1999784091.0,1.23,0.56
2024-09-13,397.11,401.08,406.48,396.86,0.95,3.79,4461891,2200430238.0,2.42,0.59
2024-09-18,400.15,413.51,416.12,396.27,3.1,12.43,7728902,3762094161.0,4.95,1.02
2024-09-19,413.01,419.14,425.39,410.94,1.36,5.63,8948163,4610257342.0,3.49,1.18
2024-09-20,418.18,423.38,423.38,417.34,1.01,4.24,6319475,3556185765.0,1.44,0.83
2024-09-23,420.38,417.96,420.91,415.59,-1.28,-5.42,5581072,3089013756.0,1.26,0.74
2024-09-24,421.72,453.35,453.53,421.4,8.47,35.39,14250451,7209789330.0,7.69,1.88
2024-09-25,480.06,481.39,492.87,478.1,6.19,28.04,19575595,11051389909.0,3.26,2.58
2024-09-26,479.14,503.67,506.27,477.7,4.63,22.28,30462093,16705189584.0,5.93,4.02
2024-09-27,516.6,525.06,529.53,507.55,4.25,21.39,26287043,14794234164.0,4.36,3.47
2024-09-30,556.97,576.4,576.4,540.32,9.78,51.34,33871353,19310153866.0,6.87,4.47
2024-10-08,633.95,630.19,633.95,593.68,9.33,53.79,38657918,25371012315.0,6.99,5.1
2024-10-09,610.45,588.9,619.24,586.68,-6.55,-41.29,39208458,26563286197.0,5.17,5.17
2024-10-10,588.28,563.24,591.88,551.75,-4.36,-25.66,32362506,21840223136.0,6.81,4.27
2024-10-11,547.76,552.64,572.02,547.55,-1.88,-10.6,28810640,22015408744.0,4.34,3.8
2024-10-14,576.2,584.85,586.34,561.8,5.83,32.21,33572571,23653292083.0,4.44,4.43
2024-10-15,579.09,567.04,592.07,567.04,-3.05,-17.81,35630400,28441698768.0,4.28,4.7
2024-10-16,550.71,554.15,567.49,550.71,-2.27,-12.89,22429950,16446990188.0,2.96,2.96
2024-10-17,557.92,554.42,566.43,550.27,0.05,0.27,20578662,15928088942.0,2.92,2.72
2024-10-18,549.32,571.58,586.78,545.66,3.1,17.16,26278150,19380031642.0,7.42,3.47
2024-10-21,569.9,575.49,576.44,560.66,0.68,3.91,25957289,19681143753.0,2.76,3.42
2024-10-22,573.69,570.04,575.85,564.43,-0.95,-5.45,19486912,15261748472.0,1.98,2.57
2024-10-23,571.9,571.42,584.23,569.04,0.24,1.38,17350572,12636640777.0,2.66,2.29
2024-10-24,570.15,576.08,581.78,568.87,0.82,4.66,15369687,11466639919.0,2.26,2.03
2024-10-25,574.98,579.85,585.61,573.8,0.65,3.77,16025215,11650219568.0,2.05,2.11
2024-10-28,579.69,602.23,602.37,578.13,3.86,22.38,21422211,15923294435.0,4.18,2.83
2024-10-29,605.63,602.38,619.65,600.93,0.02,0.15,30625570,21397314545.0,3.11,4.04
2024-10-30,599.26,598.96,606.02,591.49,-0.57,-3.42,24119012,19828498375.0,2.41,3.18
2024-10-31,598.84,634.96,644.0,597.17,6.01,36.0,33319010,27147369881.0,7.82,4.4
2024-11-01,636.65,620.09,641.57,609.62,-2.34,-14.87,44556573,30084255037.0,5.03,5.88
2024-11-04,620.6,648.89,649.25,614.82,4.64,28.8,35485429,23963641303.0,5.55,4.68
2024-11-05,658.68,676.08,682.07,656.28,4.19,27.19,37139187,28138774306.0,3.97,4.9
2024-11-06,681.63,664.5,682.11,660.66,-1.71,-11.58,41581789,32421839038.0,3.17,5.49
2024-11-07,651.17,695.09,699.0,648.06,4.6,30.59,46438773,32470185141.0,7.67,6.13
2024-11-08,703.4,678.65,703.4,676.56,-2.37,-16.44,42523939,28715035567.0,3.86,5.61
2024-11-11,677.46,680.67,690.04,667.46,0.3,2.02,30192104,20078695694.0,3.33,3.98
2024-11-12,683.09,670.36,688.63,662.4,-1.51,-10.31,28453453,19078310499.0,3.85,3.75
2024-11-13,666.21,662.86,670.11,654.43,-1.12,-7.5,20718853,13190525895.0,2.34,2.73
2024-11-14,659.86,651.11,669.74,650.65,-1.77,-11.75,20693888,13364869877.0,2.88,2.73
2024-11-15,647.42,623.88,653.23,623.82,-4.18,-27.23,22950828,14265047436.0,4.52,3.03
2024-11-18,628.96,609.94,633.38,606.39,-2.23,-13.94,19568815,12393884708.0,4.33,2.58
2024-11-19,609.51,621.39,621.39,604.34,1.88,11.45,17309918,10492650972.0,2.8,2.28
2024-11-20,617.46,625.62,628.62,612.71,0.68,4.23,14268909,8859342043.0,2.56,1.88
2024-11-21,624.07,622.27,625.33,615.51,-0.54,-3.35,12938768,8245001119.0,1.57,1.71
2024-11-22,621.57,591.98,621.57,591.47,-4.87,-30.29,15559472,9543923681.0,4.84,2.05
2024-11-25,590.93,590.16,593.44,577.91,-0.31,-1.82,12348978,7325779825.0,2.62,1.63
2024-11-26,588.5,590.52,600.59,588.5,0.06,0.36,9391454,5677763194.0,2.05,1.24
2024-11-27,588.13,600.34,600.41,580.53,1.66,9.82,10902641,6556774977.0,3.37,1.44
2024-11-28,603.0,607.18,613.02,601.44,1.14,6.84,15064093,8726045827.0,1.93,1.99
2024-11-29,606.08,619.89,629.96,601.82,2.09,12.71,19493530,12444777596.0,4.63,2.57
2024-12-02,615.38,634.54,636.36,614.49,2.36,14.65,18095656,11405963393.0,3.53,2.39
2024-12-03,637.15,635.63,640.0,625.68,0.17,1.09,16281155,10979732991.0,2.26,2.15
2024-12-04,631.26,621.28,634.08,618.55,-2.26,-14.35,12139174,7751610851.0,2.44,1.6
2024-12-05,618.71,628.98,630.22,618.71,1.24,7.7,10247162,6642748406.0,1.85,1.35
2024-12-06,627.35,634.26,640.43,618.73,0.84,5.28,15155429,9674785498.0,3.45,2.0
2024-12-09,632.73,626.3,635.67,620.19,-1.26,-7.96,10780181,6798097934.0,2.44,1.42
2024-12-10,652.33,628.97,653.63,627.81,0.43,2.67,15551476,10302549509.0,4.12,2.05
2024-12-11,627.25,635.48,639.53,627.25,1.04,6.51,13640088,8121739392.0,1.95,1.8
2024-12-12,634.6,645.78,650.01,633.22,1.62,10.3,14400989,9281662685.0,2.64,1.9
2024-12-13,642.3,627.66,642.49,627.59,-2.81,-18.12,15068559,10091572103.0,2.31,1.99
2024-12-16,625.6,618.8,626.77,615.91,-1.41,-8.86,9667071,6346628099.0,1.73,1.28
2024-12-17,616.76,604.35,618.73,602.7,-2.34,-14.45,8456906,5350865018.0,2.59,1.12
2024-12-18,609.19,607.89,614.79,606.15,0.59,3.54,9759205,6372897979.0,1.43,1.29
2024-12-19,600.0,605.86,607.45,597.72,-0.33,-2.03,8315925,5044837607.0,1.6,1.1
2024-12-20,605.06,606.73,609.35,603.93,0.14,0.87,7048062,4317172233.0,0.89,0.93
2024-12-23,605.09,585.73,605.17,585.16,-3.46,-21.0,8242517,4993283094.0,3.3,1.09
2024-12-24,586.58,594.1,594.18,585.9,1.43,8.37,6412950,3823736706.0,1.41,0.85
2024-12-25,593.46,582.54,593.63,575.87,-1.95,-11.56,6891788,3996939679.0,2.99,0.91
2024-12-26,580.62,583.13,586.4,580.43,0.1,0.59,5284480,3083850831.0,1.02,0.7
2024-12-27,584.29,590.51,599.17,584.12,1.27,7.38,8185692,4869838750.0,2.58,1.08
2024-12-30,588.65,593.15,593.6,581.41,0.45,2.64,6808697,4284936822.0,2.06,0.9
2024-12-31,594.26,568.81,598.12,568.76,-4.1,-24.34,9480848,6151687985.0,4.95,1.25
2025-01-02,565.67,549.51,567.77,544.22,-3.39,-19.3,9485187,5551648558.0,4.14,1.25
2025-01-03,549.27,530.04,551.0,529.01,-3.54,-19.47,8142679,4582485743.0,4.0,1.07
2025-01-06,526.05,526.26,531.23,520.12,-0.71,-3.78,6310875,3445839116.0,2.1,0.83
2025-01-07,525.84,530.78,531.18,520.87,0.86,4.52,5872101,3202138962.0,1.96,0.77
2025-01-08,527.13,524.66,528.03,511.07,-1.15,-6.12,8233680,4386052634.0,3.2,1.09
2025-01-09,520.11,520.9,525.39,519.47,-0.72,-3.76,5048941,2711422015.0,1.13,0.67
2025-01-10,520.17,511.29,524.46,511.29,-1.84,-9.61,5514242,3049853025.0,2.53,0.73
2025-01-13,506.08,516.32,518.76,504.27,0.98,5.03,5297382,2981727798.0,2.83,0.7
2025-01-14,518.92,535.68,536.57,518.92,3.75,19.36,8551033,4972411886.0,3.42,1.13
2025-01-15,534.44,541.48,547.03,531.36,1.08,5.8,11386749,6290479693.0,2.93,1.5
2025-01-16,540.47,545.86,551.18,539.78,0.81,4.38,8888520,5230059596.0,2.11,1.17
2025-01-17,543.71,542.65,548.55,540.88,-0.59,-3.21,7439872,4125475373.0,1.41,0.98
2025-01-20,546.56,545.67,555.29,541.99,0.56,3.02,11422126,6843167597.0,2.45,1.51
2025-01-21,548.13,538.65,548.6,535.35,-1.29,-7.02,8031109,4636440074.0,2.43,1.06
2025-01-22,536.39,535.62,537.23,532.37,-0.56,-3.03,5790670,3297438682.0,0.9,0.76
2025-01-23,544.93,543.82,565.33,543.8,1.53,8.2,16628458,10223977364.0,4.02,2.19
2025-01-24,537.59,542.5,546.03,536.78,-0.24,-1.32,10664187,6465940756.0,1.7,1.41
2025-01-27,546.95,534.67,554.07,534.67,-1.44,-7.83,8822104,5137199721.0,3.58,1.16
2025-02-05,540.89,539.44,542.96,537.21,0.89,4.77,6383478,3668452295.0,1.08,0.84
2025-02-06,540.43,551.52,551.52,538.49,2.24,12.08,8902657,5273623275.0,2.42,1.17
2025-02-07,553.63,567.58,573.63,552.55,2.91,16.06,18826272,11967460344.0,3.82,2.48
2025-02-10,569.04,577.87,578.85,568.74,1.81,10.29,15968541,10648467851.0,1.78,2.11
2025-02-11,577.92,574.68,578.09,570.69,-0.55,-3.19,11056003,7493498875.0,1.28,1.46
2025-02-12,573.96,585.34,585.34,573.57,1.85,10.66,10156969,6950188792.0,2.05,1.34
2025-02-13,587.34,579.84,589.1,577.32,-0.94,-5.5,17116702,13187185412.0,2.01,2.26
2025-02-14,576.72,576.3,580.3,571.61,-0.61,-3.54,13947997,9364239444.0,1.5,1.84
2025-02-17,578.68,578.54,584.85,575.07,0.39,2.24,13881120,9244977300.0,1.7,1.83
2025-02-18,577.03,560.38,577.19,557.81,-3.14,-18.16,12905363,8216099653.0,3.35,1.7
2025-02-19,559.84,568.87,569.34,559.39,1.52,8.49,11379469,7548071121.0,1.78,1.5
2025-02-20,567.11,566.28,570.46,564.4,-0.46,-2.59,9793586,6603670294.0,1.07,1.29
2025-02-21,565.93,569.58,571.12,556.33,0.58,3.3,11754903,7591261445.0,2.61,1.55
2025-02-24,567.11,563.41,567.93,559.98,-1.08,-6.17,9393125,5903752760.0,1.4,1.24
2025-02-25,558.65,556.98,564.17,555.64,-1.14,-6.43,8943079,5410173020.0,1.51,1.18
2025-02-26,558.41,565.75,565.75,555.69,1.57,8.77,9431829,5838678476.0,1.81,1.24
2025-02-27,564.04,561.76,568.06,553.69,-0.71,-3.99,9540226,5868789324.0,2.54,1.26
2025-02-28,559.19,547.52,564.63,546.43,-2.53,-14.24,10304292,6111989795.0,3.24,1.36
2025-03-03,547.44,545.84,552.35,543.23,-0.31,-1.68,7791343,4531855397.0,1.67,1.03
2025-03-04,543.07,554.95,555.89,542.7,1.67,9.11,6489929,3901961565.0,2.42,0.86
2025-03-05,556.02,557.38,559.26,547.0,0.44,2.43,8829727,5878443600.0,2.21,1.17
2025-03-06,557.33,574.68,575.97,557.33,3.1,17.3,16610645,10402186404.0,3.34,2.19
2025-03-07,572.52,557.82,572.58,556.54,-2.93,-16.86,15537661,8643940178.0,2.79,2.05
2025-03-10,555.52,555.43,557.08,552.2,-0.43,-2.39,7983550,4412373080.0,0.87,1.05
2025-03-11,549.81,553.71,553.71,548.13,-0.31,-1.72,7023531,3906435345.0,1.0,0.93
2025-03-12,555.17,555.87,562.03,554.03,0.39,2.16,8396754,4887740088.0,1.44,1.11
2025-03-13,555.47,551.02,559.18,547.47,-0.87,-4.85,7193783,4161927018.0,2.11,0.95
2025-03-14,551.85,576.81,581.75,551.85,4.68,25.79,15761692,9504122805.0,5.43,2.08
2025-03-17,578.1,575.73,580.06,574.93,-0.19,-1.08,9958403,6557087618.0,0.89,1.31
2025-03-18,578.81,574.4,580.03,571.66,-0.23,-1.33,6929573,4357992924.0,1.45,0.91
2025-03-19,573.15,575.88,578.5,571.6,0.26,1.48,6646928,4462677206.0,1.2,0.88
2025-03-20,575.31,570.82,575.64,569.39,-0.88,-5.06,7164653,4668830948.0,1.09,0.95
2025-03-21,566.98,563.56,572.05,562.4,-1.27,-7.26,10538092,6180011998.0,1.69,1.39
2025-03-24,562.62,560.28,564.11,551.94,-0.58,-3.28,9477779,5843324314.0,2.16,1.25
2025-03-25,559.17,559.08,561.02,553.55,-0.21,-1.2,6605729,4052255696.0,1.33,0.87
2025-03-26,556.98,560.07,561.8,556.98,0.18,0.99,5827289,3367637855.0,0.86,0.77
2025-03-27,558.8,561.97,570.0,553.44,0.34,1.9,6940154,4518620370.0,2.96,0.92
2025-03-28,562.26,573.31,575.85,561.5,2.02,11.34,7812265,5991915021.0,2.55,1.03
2025-03-31,567.93,559.33,571.05,556.48,-2.44,-13.98,19343864,9891730453.0,2.54,2.55
2025-04-01,559.61,559.83,563.38,555.19,0.09,0.5,14213936,7146564143.0,1.46,1.88
2025-04-02,558.65,564.43,564.63,558.65,0.82,4.6,14533784,7163337917.0,1.07,1.92
2025-04-03,558.01,565.39,568.18,557.28,0.17,0.96,9720638,6305733106.0,1.93,1.28
2025-04-07,534.51,511.51,541.58,511.06,-9.53,-53.88,9919610,5650719537.0,5.4,1.31
2025-04-08,506.42,504.73,509.92,492.7,-1.33,-6.78,11526033,6844235907.0,3.37,1.52
2025-04-09,495.32,516.23,519.02,478.48,2.28,11.5,12995253,7953259770.0,8.03,1.71
2025-04-10,521.26,528.91,535.91,520.53,2.46,12.68,16119309,11216535935.0,2.98,2.13
2025-04-11,523.37,524.32,530.89,523.23,-0.87,-4.59,10563544,7130923242.0,1.45,1.39
2025-04-14,526.97,544.34,544.39,526.88,3.82,20.02,11552666,7479851982.0,3.34,1.52
2025-04-15,544.27,538.76,546.55,536.02,-1.03,-5.58,7823381,5353557846.0,1.93,1.03
2025-04-16,534.29,531.66,536.36,520.13,-1.32,-7.1,8388198,5310735253.0,3.01,1.11
2025-04-17,528.12,531.46,535.81,527.61,-0.04,-0.2,6294430,4270034423.0,1.54,0.83
2025-04-18,529.85,535.81,542.51,529.85,0.82,4.35,7041446,4824106655.0,2.38,0.93
2025-04-21,531.86,541.09,544.63,528.21,0.99,5.28,8926268,6085546103.0,3.06,1.18
2025-04-22,542.38,553.87,558.35,542.38,2.36,12.78,12027109,8872860758.0,2.95,1.59
2025-04-23,554.7,546.14,560.08,544.78,-1.4,-7.73,14330542,10871620998.0,2.76,1.89
2025-04-24,544.39,536.97,546.18,536.06,-1.68,-9.17,10756559,7101123261.0,1.85,1.42
2025-04-25,537.92,539.91,546.21,537.92,0.55,2.94,8926740,5970523370.0,1.54,1.18
2025-04-28,539.73,530.43,539.93,529.74,-1.76,-9.48,8389493,5063336732.0,1.89,1.11
2025-04-29,529.72,529.05,532.31,527.09,-0.26,-1.38,6715500,3911190163.0,0.98,0.89
2025-04-30,531.05,529.37,537.0,529.25,0.06,0.32,7668410,4491389754.0,1.46,1.01
2025-05-06,532.13,549.31,549.41,532.13,3.77,19.94,10433051,6320910186.0,3.26,1.38
2025-05-07,569.81,553.71,574.09,552.09,0.8,4.4,12090513,7981485678.0,4.01,1.6
2025-05-08,550.59,551.74,553.32,547.77,-0.36,-1.97,7870292,5186029198.0,1.0,1.04
2025-05-09,552.04,546.28,552.25,544.07,-0.99,-5.46,7849957,5151026382.0,1.48,1.04
2025-05-12,548.25,554.29,555.81,545.41,1.47,8.01,6888663,4695832603.0,1.9,0.91
2025-05-13,557.81,552.03,557.99,549.85,-0.41,-2.26,6376884,4181635488.0,1.47,0.84
2025-05-14,550.55,572.17,578.95,547.96,3.65,20.14,13933624,9364307096.0,5.61,1.84
2025-05-15,568.93,559.98,569.59,559.74,-2.13,-12.19,9258315,6268766767.0,1.72,1.22
2025-05-16,558.41,554.47,559.39,553.85,-0.98,-5.51,5771549,3701145466.0,0.99,0.76
2025-05-19,557.21,562.16,562.91,557.17,1.39,7.69,5351269,3518536145.0,1.04,0.71
2025-05-20,564.92,564.71,566.22,561.53,0.45,2.55,4724424,3455805360.0,0.83,0.62
2025-05-21,565.33,563.44,568.88,563.3,-0.22,-1.27,7409531,4821681137.0,0.99,0.98
2025-05-22,560.66,553.91,561.11,553.73,-1.69,-9.53,6177602,3941762405.0,1.31,0.82
2025-05-23,552.76,542.45,553.64,542.45,-2.07,-11.46,5430106,3392023718.0,2.02,0.72
2025-05-26,541.63,546.78,547.07,540.89,0.8,4.33,4200489,2665592875.0,1.14,0.55
2025-05-27,545.17,546.96,548.45,542.74,0.03,0.18,3976908,2538748287.0,1.04,0.52
2025-05-28,546.75,542.39,547.97,541.89,-0.84,-4.57,3964640,2580957631.0,1.11,0.52
2025-05-29,542.59,555.34,555.55,542.4,2.39,12.95,6656427,4403050748.0,2.42,0.88
2025-05-30,556.79,558.55,562.13,554.54,0.58,3.21,6750155,5001009470.0,1.37,0.89
2025-06-03,560.66,574.08,575.92,560.66,2.78,15.53,7524857,5153550338.0,2.73,0.99
2025-06-04,574.78,586.92,589.75,572.13,2.24,12.84,9095925,7754706374.0,3.07,1.2
2025-06-05,589.04,595.36,598.36,588.13,1.44,8.44,9925836,8695870049.0,1.74,1.31
2025-06-06,595.45,591.31,605.71,588.12,-0.68,-4.05,8284593,7905024386.0,2.95,1.09
2025-06-09,591.62,605.81,607.63,589.33,2.45,14.5,8566897,7412556807.0,3.09,1.13
2025-06-10,605.79,600.42,612.0,597.55,-0.89,-5.39,9451318,8532473036.0,2.39,1.25
2025-06-11,599.95,606.83,616.57,594.09,1.07,6.41,10496491,8873378994.0,3.74,1.38
2025-06-12,601.76,618.19,620.39,601.56,1.87,11.36,11773622,9294645133.0,3.1,1.55
2025-06-13,614.57,600.66,615.03,596.64,-2.84,-17.53,12996657,9664826534.0,2.97,1.71
2025-06-16,599.92,615.06,615.51,599.92,2.4,14.4,9669517,8050752777.0,2.6,1.28
2025-06-17,617.46,616.79,620.38,612.59,0.28,1.73,11267433,9606491006.0,1.27,1.49
2025-06-18,615.17,612.55,624.92,610.16,-0.69,-4.24,12593230,11314820528.0,2.39,1.66
2025-06-19,609.87,588.64,612.16,586.36,-3.9,-23.91,11314101,9472070067.0,4.21,1.49
2025-06-20,585.29,576.12,585.29,574.17,-2.13,-12.52,7368034,5853321625.0,1.89,0.97
2025-06-23,571.76,586.21,587.59,571.73,1.75,10.09,7934244,6206124249.0,2.75,1.05
2025-06-24,587.09,604.07,607.06,585.87,3.05,17.86,11032867,8874668131.0,3.61,1.46
2025-06-25,604.65,641.72,642.6,604.24,6.23,37.65,23335544,16641661457.0,6.35,3.08
2025-06-26,655.16,651.48,658.78,647.06,1.52,9.76,19226113,14962306617.0,1.83,2.54
2025-06-27,656.04,665.62,676.91,656.04,2.17,14.14,19396806,15762047321.0,3.2,2.56
2025-06-30,664.35,669.01,672.84,660.83,0.51,3.39,15409650,13756116979.0,1.8,2.03
2025-07-01,670.98,655.74,670.98,650.13,-1.98,-13.27,14715537,13743647755.0,3.12,1.94
2025-07-02,649.58,643.68,649.58,640.74,-1.84,-12.06,11903498,10003887561.0,1.35,1.57
2025-07-03,640.16,639.0,642.09,635.89,-0.73,-4.68,9555448,7800057154.0,0.96,1.26
2025-07-04,639.83,644.61,657.82,633.0,0.88,5.61,14366711,12176849965.0,3.88,1.9
2025-07-07,641.16,659.08,662.26,641.16,2.24,14.47,13986410,12205885822.0,3.27,1.85
2025-07-08,655.71,675.38,679.46,651.69,2.47,16.3,19869154,17008311882.0,4.21,2.62
2025-07-09,676.63,693.95,707.29,675.14,2.75,18.57,30314485,25955326075.0,4.76,4.0
2025-07-10,687.73,705.7,718.07,687.73,1.69,11.75,32655121,28763889396.0,4.37,4.31
2025-07-11,706.43,723.31,731.57,692.21,2.5,17.61,33242884,28518305364.0,5.58,4.39
2025-07-14,717.38,690.69,719.26,687.01,-4.51,-32.62,23104826,19914009170.0,4.46,3.05
2025-07-15,690.63,682.97,692.31,681.41,-1.12,-7.72,17583893,15128357324.0,1.58,2.32
2025-07-16,680.17,693.74,697.43,675.86,1.58,10.77,14880505,13268856057.0,3.16,1.96
2025-07-17,691.94,700.55,712.46,691.94,0.98,6.81,17716234,16477511359.0,2.96,2.34
2025-07-18,697.14,694.28,706.86,692.13,-0.9,-6.27,20287123,18259722865.0,2.1,2.68
2025-07-21,691.97,694.56,702.5,688.98,0.04,0.28,15260349,13153048162.0,1.95,2.01
2025-07-22,694.68,690.88,695.77,681.78,-0.53,-3.68,14776357,12145694480.0,2.01,1.95
2025-07-23,689.75,683.55,697.73,681.42,-1.06,-7.33,15320555,12698660332.0,2.36,2.02
2025-07-24,679.03,700.58,701.3,679.03,2.49,17.03,15501022,12081204334.0,3.26,2.05
2025-07-25,701.46,689.45,702.66,688.62,-1.59,-11.13,11859290,9358176986.0,2.0,1.56
2025-07-28,687.63,694.43,699.53,686.33,0.72,4.98,12949323,10543071322.0,1.91,1.71
2025-07-29,691.93,694.0,694.11,680.43,-0.06,-0.43,12602344,10494394107.0,1.97,1.66
2025-07-30,691.79,675.99,691.79,670.69,-2.6,-18.01,12267400,10286412468.0,3.04,1.62
2025-07-31,673.54,664.04,677.79,660.94,-1.77,-11.95,10552109,7959689639.0,2.49,1.39
2025-08-01,663.63,663.97,669.25,660.75,-0.01,-0.07,8273878,6790221107.0,1.28,1.09
2025-08-04,661.07,663.74,663.81,659.41,-0.03,-0.23,7613324,5691921185.0,0.66,1.0
2025-08-05,665.01,669.2,669.2,662.27,0.82,5.46,7456010,5707383575.0,1.04,0.98
2025-08-06,667.46,667.85,668.11,664.02,-0.2,-1.35,6219021,4681350171.0,0.61,0.82
2025-08-07,667.71,662.83,668.47,659.74,-0.75,-5.02,6392885,4810731609.0,1.31,0.84
2025-08-08,661.91,662.79,667.24,658.55,-0.01,-0.04,5924815,4776369889.0,1.31,0.78
2025-08-11,662.69,674.15,674.31,661.81,1.71,11.36,7960543,6443266747.0,1.89,1.05
2025-08-12,678.2,689.57,689.79,678.19,2.29,15.42,11278400,10013547320.0,1.72,1.49
2025-08-13,692.4,698.06,701.35,687.13,1.23,8.49,15244536,13162922871.0,2.06,2.01
2025-08-14,696.51,694.27,706.03,686.11,-0.54,-3.79,16958030,15589472988.0,2.85,2.24
2025-08-15,687.16,707.06,712.36,681.82,1.84,12.79,17280797,15001408095.0,4.4,2.28
2025-08-18,708.0,707.29,714.81,699.34,0.03,0.23,17006778,14306378348.0,2.19,2.24
2025-08-19,704.16,714.23,723.41,696.94,0.98,6.94,18928704,17090527515.0,3.74,2.5
2025-08-20,708.48,710.06,712.04,698.26,-0.58,-4.17,17087731,15266126727.0,1.93,2.25
2025-08-21,718.38,716.22,727.61,713.31,0.87,6.16,15259761,13715190338.0,2.01,2.01
2025-08-22,711.59,724.29,724.75,708.38,1.13,8.07,19971309,18760801072.0,2.29,2.64
2025-08-25,727.88,730.51,737.89,723.42,0.86,6.22,21888582,19473274913.0,2.0,2.89
2025-08-26,727.67,723.52,731.5,722.28,-0.96,-6.99,15819635,14662102873.0,1.26,2.09
2025-08-27,723.08,708.05,731.37,708.05,-2.14,-15.47,18366473,16921811983.0,3.22,2.42
2025-08-28,706.38,719.93,719.93,698.41,1.68,11.88,18905788,17674765019.0,3.04,2.49
2025-08-29,721.08,714.95,722.57,711.87,-0.69,-4.98,14570988,14235381012.0,1.49,1.92
2025-09-01,718.41,713.63,718.41,710.1,-0.18,-1.32,13811267,13655607270.0,1.16,1.82
2025-09-02,712.03,691.15,712.03,686.36,-3.15,-22.48,13709868,12473724700.0,3.6,1.81
2025-09-03,691.18,668.79,691.31,665.47,-3.24,-22.36,11110723,9766779999.0,3.74,1.47
2025-09-04,669.25,670.19,677.59,661.11,0.21,1.4,10294081,8485520784.0,2.46,1.36
2025-09-05,669.41,678.69,679.07,661.48,1.27,8.5,8925167,7235859037.0,2.62,1.18
2025-09-08,677.03,678.71,680.4,672.25,0.0,0.02,7974177,6266941007.0,1.2,1.05
2025-09-09,677.24,674.92,679.39,671.63,-0.56,-3.79,8068039,5777663758.0,1.14,1.06
2025-09-10,674.32,674.14,677.85,670.36,-0.12,-0.78,5622606,4305487992.0,1.11,0.74
2025-09-11,672.28,687.31,687.31,667.9,1.95,13.17,11049959,9437855565.0,2.88,1.46
2025-09-12,686.08,685.12,691.84,684.27,-0.32,-2.19,9350280,8164022439.0,1.1,1.23
2025-09-15,684.73,683.75,689.91,682.87,-0.2,-1.37,7294188,5787640526.0,1.03,0.96
2025-09-16,685.5,698.68,699.2,683.94,2.18,14.93,9966250,6875267623.0,2.23,1.31
2025-09-17,702.54,723.01,724.84,699.96,3.48,24.33,18795424,15139666941.0,3.56,2.48
2025-09-18,724.84,699.36,724.84,692.31,-3.27,-23.65,22075068,15523827013.0,4.5,2.91
2025-09-19,696.7,684.83,696.8,683.1,-2.08,-14.53,12513249,8190691783.0,1.96,1.65
2025-09-22,685.37,689.83,690.0,681.03,0.73,5.0,8451169,5777324537.0,1.31,1.12
2025-09-23,688.38,674.34,688.7,666.1,-2.25,-15.49,11239276,7800116825.0,3.28,1.48
2025-09-24,672.17,680.61,681.19,671.21,0.93,6.27,7683032,5537916949.0,1.48,1.01
2025-09-25,680.19,677.28,681.56,675.21,-0.49,-3.33,7381152,5342679534.0,0.93,0.97
2025-09-26,676.23,672.86,682.68,672.86,-0.65,-4.42,8134102,6029422992.0,1.45,1.07
2025-09-29,669.88,688.22,694.44,665.09,2.28,15.36,10743064,8057965805.0,4.36,1.42
2025-09-30,686.39,684.07,688.1,680.81,-0.6,-4.15,7405185,5637674741.0,1.06,0.98
2025-10-09,682.7,684.91,685.43,677.82,0.12,0.84,8439777,6581727082.0,1.11,1.11
2025-10-10,682.46,688.31,693.59,680.43,0.5,3.4,9164535,7462108806.0,1.92,1.21
2025-10-13,668.5,680.67,681.88,667.75,-1.11,-7.64,8836542,6653697737.0,2.05,1.17
2025-10-14,682.21,684.05,692.96,681.96,0.5,3.38,12774469,11301336091.0,1.62,1.69
2025-10-15,683.46,686.93,687.36,677.26,0.42,2.88,9228213,7690486122.0,1.48,1.22
2025-10-16,683.92,677.07,683.92,675.32,-1.44,-9.86,7078370,5580636361.0,1.25,0.93
2025-10-17,676.57,667.42,682.78,666.12,-1.43,-9.65,9025159,6596554307.0,2.46,1.19
2025-10-20,672.27,671.72,676.5,669.28,0.64,4.3,7158294,4911244167.0,1.08,0.94
2025-10-21,672.86,687.57,691.33,671.35,2.36,15.85,8503296,6467961582.0,2.97,1.12
2025-10-22,682.97,683.02,685.52,679.79,-0.66,-4.55,6278556,5094189149.0,0.83,0.83
2025-10-23,682.53,692.11,693.01,676.15,1.33,9.09,7761811,6289472513.0,2.47,1.02
2025-10-24,691.3,691.18,693.69,686.44,-0.13,-0.93,7581770,5895424769.0,1.05,1.0
2025-10-27,695.38,693.44,696.45,690.05,0.33,2.26,8740923,6834078084.0,0.93,1.15
2025-10-28,692.01,694.47,702.1,690.28,0.15,1.03,7634188,6480008356.0,1.7,1.01
2025-10-29,694.8,714.64,714.64,694.8,2.9,20.17,11628073,9380019348.0,2.86,1.53
2025-10-30,714.31,701.26,714.31,701.26,-1.87,-13.38,16099322,12112988818.0,1.83,2.12
2025-10-31,702.0,704.3,707.98,700.5,0.43,3.04,11654411,8663008316.0,1.07,1.54
2025-11-03,702.63,709.09,709.47,699.29,0.68,4.79,10113064,7786853912.0,1.45,1.33
2025-11-04,707.72,705.97,712.14,701.45,-0.44,-3.12,8856989,7047300288.0,1.51,1.17
2025-11-05,697.91,706.7,709.44,697.85,0.1,0.73,8730262,6711518518.0,1.64,1.15
2025-11-06,707.5,705.88,709.33,703.47,-0.12,-0.82,8294091,6383262296.0,0.83,1.09
2025-11-07,704.53,700.83,704.94,699.51,-0.72,-5.05,6667081,5068841599.0,0.77,0.88
2025-11-10,700.71,713.04,713.07,700.71,1.74,12.21,7474496,5832267462.0,1.76,0.99
2025-11-11,711.78,707.29,712.97,705.58,-0.81,-5.75,8281013,6433682686.0,1.04,1.09
2025-11-12,706.62,705.07,709.81,701.18,-0.31,-2.22,6564363,4506120755.0,1.22,0.87
2025-11-13,706.08,715.75,716.31,704.3,1.51,10.68,7020107,5472505028.0,1.7,0.93
2025-11-14,709.92,710.36,717.7,709.92,-0.75,-5.39,6575496,4852036782.0,1.09,0.87
2025-11-17,709.1,710.86,711.87,704.47,0.07,0.5,6317711,4549136963.0,1.04,0.83
2025-11-18,709.0,703.28,710.39,699.3,-1.07,-7.58,6649188,4808390381.0,1.56,0.88
2025-11-19,702.26,685.64,705.88,684.88,-2.51,-17.64,6504743,4834687067.0,2.99,0.86
2025-11-20,690.87,682.63,692.11,681.66,-0.44,-3.01,5081107,3763067366.0,1.52,0.67
2025-11-21,675.65,655.28,679.25,655.28,-4.01,-27.35,8160765,5388086603.0,3.51,1.08
2025-11-24,656.58,657.11,660.17,652.18,0.28,1.83,5243430,3572900993.0,1.22,0.69
2025-11-25,658.04,664.07,667.68,658.04,1.06,6.96,5308569,3581930524.0,1.47,0.7
2025-11-26,663.17,662.33,670.42,662.33,-0.26,-1.74,5218446,3379517380.0,1.22,0.69
2025-11-27,661.96,660.93,666.8,659.21,-0.21,-1.4,4736243,2940731438.0,1.15,0.62
2025-11-28,660.33,667.78,668.41,657.32,1.04,6.85,4561888,2954184529.0,1.68,0.6
2025-12-01,664.04,665.9,666.27,662.93,-0.28,-1.88,4911506,3187235126.0,0.5,0.65
2025-12-02,664.47,660.86,664.8,655.77,-0.76,-5.04,5680135,3556362439.0,1.36,0.75
2025-12-03,661.75,665.25,672.35,661.75,0.66,4.39,6078809,4392933395.0,1.6,0.8
2025-12-04,663.17,662.6,668.81,658.95,-0.4,-2.65,5354732,3955433571.0,1.48,0.71
2025-12-05,661.41,678.5,681.67,659.89,2.4,15.9,8192228,5871800616.0,3.29,1.08
2025-12-08,685.0,687.89,695.35,685.0,1.38,9.39,8154894,6015351833.0,1.53,1.08
2025-12-09,683.43,677.12,685.68,676.77,-1.57,-10.77,6864968,6007834887.0,1.3,0.91
2025-12-10,673.87,683.55,684.26,668.98,0.95,6.43,5929528,5119446841.0,2.26,0.78
2025-12-11,683.4,670.19,683.55,670.07,-1.95,-13.36,6024281,4762442456.0,1.97,0.79
2025-12-12,670.18,673.77,677.68,668.29,0.53,3.58,5896537,4450303632.0,1.4,0.78
2025-12-15,671.77,672.53,679.1,667.57,-0.18,-1.24,5139395,3563876711.0,1.71,0.68
2025-12-16,670.98,677.29,681.81,666.16,0.71,4.76,6614311,5743973491.0,2.33,0.87
2025-12-17,675.04,679.96,685.03,662.79,0.39,2.67,8349587,7064926404.0,3.28,1.1
2025-12-18,676.9,673.98,678.6,672.35,-0.88,-5.98,6425300,5294905129.0,0.92,0.85
2025-12-19,673.2,682.55,685.3,672.61,1.27,8.57,7469669,6081459731.0,1.88,0.99
2025-12-22,682.66,690.06,694.22,682.66,1.1,7.51,6629327,5687772960.0,1.69,0.87
2025-12-23,689.29,682.77,689.62,680.81,-1.06,-7.29,6957369,5404879725.0,1.28,0.92
2025-12-24,680.88,695.9,697.98,680.59,1.92,13.13,6750162,5952715608.0,2.55,0.89
2025-12-25,696.59,700.04,705.33,695.04,0.59,4.14,8419253,8187792811.0,1.48,1.11
2025-12-26,697.92,702.98,711.35,697.66,0.42,2.94,8204172,7568073817.0,1.96,1.08
2025-12-29,704.82,717.47,719.43,703.39,2.06,14.49,11486813,10881804280.0,2.28,1.52
2025-12-30,717.29,709.46,719.86,709.32,-1.12,-8.01,9970191,10107588102.0,1.47,1.32
2025-12-31,707.36,706.55,713.07,705.19,-0.41,-2.91,7704274,7810020776.0,1.11,1.02
2026-01-05,704.77,706.63,708.2,698.85,0.01,0.08,10892808,9297584321.0,1.32,1.44
2026-01-06,703.22,722.6,724.13,703.22,2.26,15.97,12581030,10760382819.0,2.96,1.66
2026-01-07,722.0,719.25,727.68,717.88,-0.46,-3.35,10660844,9246688938.0,1.36,1.41
2026-01-08,718.2,717.67,723.58,713.52,-0.22,-1.58,10212840,8362441397.0,1.4,1.35
2026-01-09,721.11,732.45,735.62,721.11,2.06,14.78,11521322,9638619088.0,2.02,1.52
2026-01-12,736.2,745.42,745.76,735.5,1.77,12.97,17254702,14773742464.0,1.4,2.28
2026-01-13,751.78,734.57,753.28,732.88,-1.46,-10.85,17962439,14083662447.0,2.74,2.37
2026-01-14,732.34,736.55,757.66,728.76,0.27,1.98,19160534,15989494022.0,3.93,2.53
2026-01-15,730.79,718.53,731.78,715.07,-2.45,-18.02,12422091,10047558765.0,2.27,1.64
2026-01-16,723.84,715.02,727.4,709.91,-0.49,-3.51,10382908,7900696757.0,2.43,1.37
2026-01-19,717.18,727.8,729.86,717.18,1.79,12.78,8100681,6456059493.0,1.77,1.07
2026-01-20,730.46,722.93,730.46,720.19,-0.67,-4.87,10241370,8654201675.0,1.41,1.35
2026-01-21,722.11,720.35,724.97,717.03,-0.36,-2.58,8988983,7668655141.0,1.1,1.19
2026-01-22,720.94,727.91,731.03,720.94,1.05,7.56,9887784,7543232723.0,1.4,1.3
2026-01-23,729.43,734.77,736.56,729.43,0.94,6.86,10880103,8707474808.0,0.98,1.44
2026-01-26,736.54,733.3,742.95,727.0,-0.2,-1.47,11636724,10091855004.0,2.17,1.54
2026-01-27,729.29,727.95,731.28,712.16,-0.73,-5.35,9333459,7785828489.0,2.61,1.23
2026-01-28,727.05,724.47,729.67,722.43,-0.48,-3.48,7737800,6036195701.0,0.99,1.02
2026-01-29,721.19,724.94,728.46,713.04,0.06,0.47,8219460,6407200658.0,2.13,1.08
2026-01-30,724.35,713.73,725.8,707.4,-1.55,-11.21,7816904,5848024511.0,2.54,1.03
2026-02-02,709.05,697.61,717.31,697.61,-2.26,-16.12,7766534,5606562972.0,2.76,1.02
2026-02-03,705.02,710.64,710.88,702.22,1.87,13.03,5998676,4738311230.0,1.24,0.79
2026-02-04,708.52,716.93,718.13,707.34,0.89,6.29,6676923,5001508401.0,1.52,0.88
2026-02-05,710.57,710.53,713.96,704.26,-0.89,-6.4,6608834,4703810233.0,1.35,0.87
2026-02-06,703.44,708.57,714.79,701.81,-0.28,-1.96,7373838,5303950044.0,1.83,0.97
2026-02-09,715.37,715.43,717.83,712.61,0.97,6.86,7738203,5652149637.0,0.74,1.02
2026-02-10,714.33,713.02,715.89,710.52,-0.34,-2.41,5640790,4068063395.0,0.75,0.74
2026-02-11,712.81,709.12,712.81,708.62,-0.55,-3.9,6018263,4600489289.0,0.59,0.79
2026-02-12,708.8,704.35,708.8,700.95,-0.67,-4.77,5936246,4365739644.0,1.11,0.78
2026-02-13,704.9,697.77,708.29,697.74,-0.93,-6.58,7492844,6080861531.0,1.5,0.99
2026-02-24,701.97,701.35,703.9,698.72,0.51,3.58,7134093,5913199672.0,0.74,0.94
2026-02-25,702.4,710.67,714.59,702.35,1.33,9.32,9642562,8411586540.0,1.75,1.27
2026-02-26,712.57,707.23,712.7,705.31,-0.48,-3.44,8117476,7552910473.0,1.04,1.07
2026-02-27,706.42,720.41,720.56,705.72,1.86,13.18,10144515,9364879954.0,2.1,1.34
2026-03-02,711.56,711.92,717.44,702.28,-1.18,-8.49,13921737,12874919932.0,2.1,1.84
2026-03-03,710.56,694.32,714.32,693.98,-2.47,-17.6,14024640,13155912383.0,2.86,1.85
2026-03-04,686.06,683.98,695.04,682.73,-1.49,-10.34,10390819,8807775179.0,1.77,1.37
2026-03-05,692.21,689.63,697.14,686.29,0.83,5.65,9729433,8984076406.0,1.59,1.28
2026-03-06,685.91,703.33,704.51,685.11,1.99,13.7,8895783,8923522149.0,2.81,1.17
2026-03-09,695.23,693.65,697.44,686.86,-1.38,-9.68,10430441,11545629590.0,1.5,1.38
2026-03-10,697.38,697.67,702.08,694.16,0.58,4.02,7962985,8786086297.0,1.14,1.05
2026-03-11,698.82,695.68,698.82,693.16,-0.29,-1.99,7664798,7979781080.0,0.81,1.01
2026-03-12,695.33,703.41,705.1,695.33,1.11,7.73,9454877,10365806476.0,1.4,1.25
2026-03-13,699.98,687.75,699.98,686.14,-2.23,-15.66,9608709,9739948537.0,1.97,1.27
2026-03-16,692.48,693.94,698.59,690.24,0.9,6.19,11777270,11465906791.0,1.21,1.55
2026-03-17,692.81,694.54,709.98,689.33,0.09,0.6,14674472,13676698718.0,2.98,1.94
2026-03-18,694.21,694.88,695.07,687.67,0.05,0.34,11948190,10556425326.0,1.07,1.58
2026-03-19,688.73,692.05,700.66,683.16,-0.41,-2.83,16520722,14345026753.0,2.52,2.18
2026-03-20,691.14,669.99,691.45,669.99,-3.19,-22.06,15007746,13520106051.0,3.1,1.98
2026-03-23,657.09,645.59,663.69,641.97,-3.64,-24.4,14989333,12771253755.0,3.24,1.98
2026-03-24,653.73,662.68,662.85,646.67,2.65,17.09,13271946,11866327741.0,2.51,1.75
2026-03-25,662.16,671.02,673.05,660.16,1.26,8.34,12870447,11478299631.0,1.95,1.7
2026-03-26,668.76,652.45,668.78,650.59,-2.77,-18.57,9286493,8444311627.0,2.71,1.23
2026-03-27,645.16,660.52,661.96,645.16,1.24,8.07,9034797,8217274068.0,2.57,1.19
2026-03-30,655.25,656.2,658.99,645.35,-0.65,-4.32,9222406,8339405818.0,2.07,1.22
2026-03-31,655.6,646.49,660.04,646.26,-1.48,-9.71,9678154,8358575104.0,2.1,1.28
2026-04-01,654.33,651.99,654.86,650.0,0.85,5.5,8837901,7357664140.0,0.75,1.17
2026-04-02,649.07,637.76,649.07,635.74,-2.18,-14.23,8798007,7319728221.0,2.04,1.16
2026-04-03,648.18,634.11,651.94,633.87,-0.57,-3.65,14448307,14164206248.0,2.83,1.91
2026-04-07,632.87,640.62,645.57,632.87,1.03,6.51,14055382,14579705153.0,2.0,1.85
2026-04-08,645.87,659.13,659.13,645.87,2.89,18.51,17064484,16201056673.0,2.07,2.25
2026-04-09,652.13,645.65,652.13,644.37,-2.05,-13.48,10997615,10206794207.0,1.18,1.45
2026-04-10,648.23,657.87,663.74,647.61,1.89,12.22,13394573,13231430051.0,2.5,1.77
2026-04-13,653.73,655.88,657.66,652.65,-0.3,-1.99,9725019,9253495709.0,0.76,1.28
2026-04-14,659.59,661.27,661.58,654.98,0.82,5.39,9956632,9168190863.0,1.01,1.31
2026-04-15,663.01,658.78,665.02,658.17,-0.38,-2.49,8952678,8220840243.0,1.04,1.18
2026-04-16,658.62,664.85,665.42,657.37,0.92,6.07,8930638,7937586381.0,1.22,1.18
2026-04-17,663.56,664.42,667.57,661.24,-0.06,-0.43,9434164,9756837760.0,0.95,1.24
2026-04-20,666.93,667.03,668.7,664.87,0.39,2.61,7807632,7773570157.0,0.58,1.03
2026-04-21,667.28,665.08,668.68,661.56,-0.29,-1.95,8467279,8222149354.0,1.07,1.12
2026-04-22,662.99,673.8,675.05,661.26,1.31,8.72,10120641,8407458082.0,2.07,1.34
2026-04-23,672.03,668.22,673.26,665.6,-0.83,-5.58,10540694,8865731397.0,1.14,1.39
2026-04-24,665.78,660.99,665.82,655.86,-1.08,-7.23,9566436,7744558323.0,1.49,1.26
2026-04-27,656.64,659.12,660.22,652.8,-0.28,-1.87,8552597,7066265036.0,1.12,1.13
2026-04-28,653.65,658.11,662.93,653.41,-0.15,-1.01,8507253,7315858900.0,1.44,1.12
2026-04-29,659.0,666.96,668.32,659.0,1.34,8.85,11188015,8976135139.0,1.42,1.48
2026-04-30,665.62,665.1,673.29,662.35,-0.28,-1.86,13984348,9961455705.0,1.64,1.85
2026-05-06,665.09,668.17,671.6,662.8,0.46,3.07,13584453,10424704928.0,1.32,1.79
2026-05-07,668.29,672.99,673.32,667.35,0.72,4.82,10858429,9118629406.0,0.89,1.43
2026-05-08,669.46,674.74,677.53,668.87,0.26,1.75,9604603,7869985768.0,1.29,1.27
2026-05-11,675.44,678.85,680.57,669.87,0.61,4.11,11477926,9331972831.0,1.59,1.51
2026-05-12,679.31,671.61,680.36,669.88,-1.07,-7.24,9963735,8680538463.0,1.54,1.31
2026-05-13,669.22,680.6,681.24,669.1,1.34,8.99,11486713,10306500655.0,1.81,1.52
2026-05-14,682.79,669.56,685.63,669.56,-1.62,-11.04,11100323,10497529429.0,2.36,1.46
2026-05-15,668.27,653.03,670.13,649.77,-2.47,-16.53,9957900,8436880949.0,3.04,1.31
2026-05-18,649.72,650.11,655.1,645.65,-0.45,-2.92,8333243,6965546721.0,1.45,1.1
2026-05-19,650.41,653.77,654.29,646.29,0.56,3.66,8362210,6983345865.0,1.23,1.1
2026-05-20,651.52,646.59,651.52,642.87,-1.1,-7.18,7107002,5579657496.0,1.32,0.94
2026-05-21,648.55,633.72,660.34,632.94,-1.99,-12.87,9856798,8528273676.0,4.24,1.3
2026-05-22,636.55,632.62,638.13,626.88,-0.17,-1.1,8097996,6498464073.0,1.78,1.07
2026-05-25,635.42,634.7,639.45,627.8,0.33,2.08,8204163,6569832118.0,1.84,1.08
2026-05-26,631.67,629.51,633.4,621.55,-0.82,-5.19,7177104,5795663567.0,1.87,0.95
2026-05-27,626.83,615.18,632.01,611.27,-2.28,-14.33,7444923,5822822732.0,3.29,0.98
2026-05-28,614.33,611.53,617.44,602.05,-0.59,-3.65,6985025,5456349664.0,2.5,0.92
2026-05-29,612.47,608.51,621.36,607.43,-0.49,-3.02,7804019,6397357779.0,2.28,1.03
2026-06-01,607.9,616.15,618.31,604.17,1.26,7.64,7440453,5954083536.0,2.32,0.98
2026-06-02,616.88,605.71,618.1,602.48,-1.69,-10.44,6914021,5573791164.0,2.54,0.91
2026-06-03,604.01,595.22,604.45,592.22,-1.73,-10.49,6447018,5043774838.0,2.02,0.85
2026-06-04,592.19,583.22,596.69,578.7,-2.02,-12.0,6652264,5131972361.0,3.02,0.88
2026-06-05,584.21,580.49,587.2,578.34,-0.47,-2.73,6792422,5054069419.0,1.52,0.9
2026-06-08,570.16,561.53,579.35,556.09,-3.27,-18.96,7209739,4962388362.0,4.01,0.95
2026-06-09,564.91,561.18,565.07,556.83,-0.06,-0.35,5553106,3817111402.0,1.47,0.73
2026-06-10,558.16,561.72,562.23,552.83,0.1,0.54,7260647,4686908090.0,1.68,0.96
2026-06-11,557.68,551.7,562.86,546.93,-1.78,-10.02,6664855,4607207310.0,2.84,0.88
2026-06-12,555.09,565.35,569.6,554.16,2.47,13.65,8388237,5856845177.0,2.8,1.11
2026-06-15,568.7,583.64,589.71,568.7,3.24,18.29,9503760,6749116508.0,3.72,1.25
2026-06-16,581.48,582.76,583.67,576.0,-0.15,-0.88,6917991,5441788199.0,1.31,0.91
2026-06-17,581.93,579.0,585.09,574.03,-0.65,-3.76,6759810,5393584928.0,1.9,0.89
2026-06-18,579.57,568.23,580.02,567.21,-1.86,-10.77,8274758,5832554976.0,2.21,1.09
2026-06-22,564.67,588.5,588.55,553.11,3.57,20.27,12287239,8897920818.0,6.24,1.62
2026-06-23,585.77,585.99,596.06,583.31,-0.43,-2.51,11213441,8105121274.0,2.17,1.48
2026-06-24,584.67,567.73,585.04,563.92,-3.12,-18.26,8740140,5961854292.0,3.6,1.15
2026-06-25,566.41,569.84,573.2,558.67,0.37,2.11,9049929,6330754968.0,2.56,1.19
2026-06-26,565.37,543.3,565.37,543.3,-4.66,-26.54,8946952,6052007958.0,3.87,1.18
2026-06-29,542.85,543.56,546.11,534.11,0.05,0.26,7344425,5012224776.0,2.21,0.97
2026-06-30,542.33,540.65,545.49,535.66,-0.54,0,6429926.0,4406646940.0,0,0
2026-07-01,541.31,562.11,566.55,538.90,3.97,0,10271519.0,7047339653.0,0,0
2026-07-02,560.74,556.38,569.78,555.10,-1.02,0,7814092.0,5483893507.0,0,0
2026-07-03,0.00,564.31,0.00,0.00,1.43,0,0,0,0,0
