日期,开盘,收盘,最高,最低,涨跌幅,涨跌额,成交量,成交额,振幅,换手率
2010-01-04,1032.5,1032.5,1032.5,1032.5,3.25,32.5,53619,105278194.0,0.0,0.11
2010-01-05,1050.84,1050.84,1050.84,1050.84,1.78,18.34,41888,83425516.0,0.0,0.08
2010-01-06,1069.71,1069.71,1069.71,1069.71,1.8,18.87,65382,135557649.0,0.0,0.13
2010-01-07,1074.42,1074.42,1074.42,1074.42,0.44,4.71,62658,129536754.0,0.0,0.13
2010-01-08,1037.74,1037.74,1037.74,1037.74,-3.41,-36.68,38262,75647538.0,0.0,0.08
2010-01-11,1039.31,1039.31,1039.31,1039.31,0.15,1.57,25938,52165413.0,0.0,0.05
2010-01-12,1143.08,1143.08,1143.08,1143.08,9.98,103.77,129140,272553690.0,0.0,0.26
2010-01-13,1209.12,1209.12,1209.12,1209.12,5.78,66.04,135956,301761815.0,0.0,0.27
2010-01-14,1205.45,1205.45,1205.45,1205.45,-0.3,-3.67,76851,176355250.0,0.0,0.16
2010-01-15,1179.25,1179.25,1179.25,1179.25,-2.17,-26.2,69353,160395522.0,0.0,0.14
2010-01-18,1198.11,1198.11,1198.11,1198.11,1.6,18.86,44459,100578112.0,0.0,0.09
2010-01-19,1179.25,1179.25,1179.25,1179.25,-1.57,-18.86,37920,85040091.0,0.0,0.08
2010-01-20,1105.87,1105.87,1105.87,1105.87,-6.22,-73.38,50287,109133601.0,0.0,0.1
2010-01-21,1124.74,1124.74,1124.74,1124.74,1.71,18.87,54720,114693842.0,0.0,0.11
2010-01-22,1066.56,1066.56,1066.56,1066.56,-5.17,-58.18,51824,107532182.0,0.0,0.1
2010-01-25,1048.74,1048.74,1048.74,1048.74,-1.67,-17.82,23388,47471820.0,0.0,0.05
2010-01-26,1001.05,1001.05,1001.05,1001.05,-4.55,-47.69,42995,83291046.0,0.0,0.09
2010-01-27,996.86,996.86,996.86,996.86,-0.42,-4.19,34955,66447211.0,0.0,0.07
2010-01-28,1021.49,1021.49,1021.49,1021.49,2.47,24.63,26974,52505376.0,0.0,0.05
2010-01-29,1029.87,1029.87,1029.87,1029.87,0.82,8.38,34785,68472988.0,0.0,0.07
2010-02-01,997.9,997.9,997.9,997.9,-3.1,-31.97,30348,58047361.0,0.0,0.06
2010-02-02,993.19,993.19,993.19,993.19,-0.47,-4.71,20056,38553251.0,0.0,0.04
2010-02-03,1004.19,1004.19,1004.19,1004.19,1.11,11.0,27675,52571602.0,0.0,0.06
2010-02-04,1024.63,1024.63,1024.63,1024.63,2.04,20.44,31493,61100782.0,0.0,0.06
2010-02-05,1001.05,1001.05,1001.05,1001.05,-2.3,-23.58,34794,66085044.0,0.0,0.07
2010-02-08,1084.91,1084.91,1084.91,1084.91,8.38,83.86,99208,201066211.0,0.0,0.2
2010-02-09,1072.33,1072.33,1072.33,1072.33,-1.16,-12.58,49366,101984495.0,0.0,0.1
2010-02-10,1105.87,1105.87,1105.87,1105.87,3.13,33.54,37763,79552990.0,0.0,0.08
2010-02-11,1090.67,1090.67,1090.67,1090.67,-1.37,-15.2,23532,49538114.0,0.0,0.05
2010-02-12,1127.88,1127.88,1127.88,1127.88,3.41,37.21,32788,70200247.0,0.0,0.07
2010-02-22,1131.03,1131.03,1131.03,1131.03,0.28,3.15,51602,110534374.0,0.0,0.1
2010-02-23,1110.06,1110.06,1110.06,1110.06,-1.85,-20.97,50354,105318136.0,0.0,0.1
2010-02-24,1133.12,1133.12,1133.12,1133.12,2.08,23.06,51668,111611792.0,0.0,0.1
2010-02-25,1211.74,1211.74,1211.74,1211.74,6.94,78.62,91258,207897390.0,0.0,0.18
2010-02-26,1218.03,1218.03,1218.03,1218.03,0.52,6.29,82644,193439130.0,0.0,0.17
2010-03-01,1215.93,1215.93,1215.93,1215.93,-0.17,-2.1,44210,102507547.0,0.0,0.09
2010-03-02,1189.2,1189.2,1189.2,1189.2,-2.2,-26.73,43376,98796942.0,0.0,0.09
2010-03-03,1191.3,1191.3,1191.3,1191.3,0.18,2.1,49963,112426832.0,0.0,0.1
2010-03-04,1128.41,1128.41,1128.41,1128.41,-5.28,-62.89,44771,99725046.0,0.0,0.09
2010-03-05,1116.35,1116.35,1116.35,1116.35,-1.07,-12.06,49337,104788026.0,0.0,0.1
2010-03-08,1121.07,1121.07,1121.07,1121.07,0.42,4.72,36294,78182058.0,0.0,0.07
2010-03-09,1150.42,1150.42,1150.42,1150.42,2.62,29.35,64939,142769063.0,0.0,0.13
2010-03-10,1135.74,1135.74,1135.74,1135.74,-1.28,-14.68,27090,58896959.0,0.0,0.05
2010-03-11,1103.25,1103.25,1103.25,1103.25,-2.86,-32.49,32636,68814464.0,0.0,0.07
2010-03-12,1095.39,1095.39,1095.39,1095.39,-0.71,-7.86,27390,57659864.0,0.0,0.06
2010-03-15,1094.86,1094.86,1094.86,1094.86,-0.05,-0.53,33329,68382478.0,0.0,0.07
2010-03-16,1100.63,1100.63,1100.63,1100.63,0.53,5.77,15914,33169760.0,0.0,0.03
2010-03-17,1131.55,1131.55,1131.55,1131.55,2.81,30.92,30150,64574444.0,0.0,0.06
2010-03-18,1120.02,1120.02,1120.02,1120.02,-1.02,-11.53,23115,49515477.0,0.0,0.05
2010-03-19,1129.98,1129.98,1129.98,1129.98,0.89,9.96,17900,38439250.0,0.0,0.04
2010-03-22,1099.58,1099.58,1099.58,1099.58,-2.69,-30.4,46687,98428206.0,0.0,0.09
2010-03-23,1115.83,1115.83,1115.83,1115.83,1.48,16.25,91225,191248286.0,0.0,0.18
2010-03-24,1146.23,1146.23,1146.23,1146.23,2.72,30.4,68039,147363116.0,0.0,0.14
2010-03-25,1144.65,1144.65,1144.65,1144.65,-0.14,-1.58,45648,99831222.0,0.0,0.09
2010-03-26,1169.81,1169.81,1169.81,1169.81,2.2,25.16,42092,93108309.0,0.0,0.09
2010-03-29,1163.52,1163.52,1163.52,1163.52,-0.54,-6.29,51272,114777285.0,0.0,0.1
2010-03-30,1139.41,1139.41,1139.41,1139.41,-2.07,-24.11,66956,147060177.0,0.0,0.14
2010-03-31,1138.89,1138.89,1138.89,1138.89,-0.05,-0.52,34819,75487440.0,0.0,0.07
2010-04-01,1160.9,1160.9,1160.9,1160.9,1.93,22.01,78930,172846257.0,0.0,0.16
2010-04-02,1160.38,1160.38,1160.38,1160.38,-0.04,-0.52,64932,145296863.0,0.0,0.13
2010-04-06,1220.13,1220.13,1220.13,1220.13,5.15,59.75,100602,230704015.0,0.0,0.2
2010-04-07,1208.07,1208.07,1208.07,1208.07,-0.99,-12.06,72480,167154746.0,0.0,0.15
2010-04-08,1220.13,1220.13,1220.13,1220.13,1.0,12.06,64683,150794920.0,0.0,0.13
2010-04-09,1220.13,1220.13,1220.13,1220.13,0.0,0.0,63323,148535285.0,0.0,0.13
2010-04-12,1198.11,1198.11,1198.11,1198.11,-1.8,-22.02,88798,205276360.0,0.0,0.18
2010-04-13,1187.63,1187.63,1187.63,1187.63,-0.87,-10.48,97916,220412559.0,0.0,0.2
2010-04-14,1201.26,1201.26,1201.26,1201.26,1.15,13.63,57105,129926103.0,0.0,0.12
2010-04-15,1255.24,1255.24,1255.24,1255.24,4.49,53.98,144376,340736754.0,0.0,0.29
2010-04-16,1227.99,1227.99,1227.99,1227.99,-2.17,-27.25,83502,198015799.0,0.0,0.17
2010-04-19,1180.82,1180.82,1180.82,1180.82,-3.84,-47.17,172759,403941339.0,0.0,0.35
2010-04-20,1192.35,1192.35,1192.35,1192.35,0.98,11.53,67164,149007682.0,0.0,0.14
2010-04-21,1210.69,1210.69,1210.69,1210.69,1.54,18.34,84866,194737560.0,0.0,0.17
2010-04-22,1166.67,1166.67,1166.67,1166.67,-3.64,-44.02,116744,262435116.0,0.0,0.24
2010-04-23,1156.71,1156.71,1156.71,1156.71,-0.85,-9.96,68342,151565901.0,0.0,0.14
2010-04-26,1168.76,1168.76,1168.76,1168.76,1.04,12.05,51169,113798615.0,0.0,0.1
2010-04-27,1118.97,1118.97,1118.97,1118.97,-4.26,-49.79,62230,134138882.0,0.0,0.13
2010-04-28,1132.6,1132.6,1132.6,1132.6,1.22,13.63,67095,146233588.0,0.0,0.14
2010-04-29,1108.49,1108.49,1108.49,1108.49,-2.13,-24.11,41409,89854765.0,0.0,0.08
2010-04-30,1030.92,1030.92,1030.92,1030.92,-7.0,-77.57,75645,151980012.0,0.0,0.15
2010-05-04,1007.86,1007.86,1007.86,1007.86,-2.24,-23.06,47773,92183611.0,0.0,0.1
2010-05-05,1042.45,1042.45,1042.45,1042.45,3.43,34.59,74308,144342235.0,0.0,0.15
2010-05-06,990.04,990.04,990.04,990.04,-5.03,-52.41,44523,86298315.0,0.0,0.09
2010-05-07,969.6,969.6,969.6,969.6,-2.06,-20.44,44554,82379716.0,0.0,0.09
2010-05-11,905.14,905.14,905.14,905.14,-6.65,-64.46,57542,105559836.0,0.0,0.12
2010-05-12,892.03,892.03,892.03,892.03,-1.45,-13.11,40512,68654382.0,0.0,0.08
2010-05-13,981.13,981.13,981.13,981.13,9.99,89.1,81646,148703191.0,0.0,0.16
2010-05-14,1022.01,1022.01,1022.01,1022.01,4.17,40.88,156659,307535164.0,0.0,0.32
2010-05-17,981.13,981.13,981.13,981.13,-4.0,-40.88,80957,153512696.0,0.0,0.16
2010-05-18,1028.83,1028.83,1028.83,1028.83,4.86,47.7,89085,171672174.0,0.0,0.18
2010-05-19,1007.34,1007.34,1007.34,1007.34,-2.09,-21.49,84830,164134557.0,0.0,0.17
2010-05-20,913.56,913.56,913.56,913.56,-9.31,-93.78,187351,167136674.0,0.0,0.38
2010-05-21,906.18,906.18,906.18,906.18,-0.81,-7.38,164159,138584280.0,0.0,0.33
2010-05-24,939.9,939.9,939.9,939.9,3.72,33.72,235207,208367127.0,0.0,0.47
2010-05-25,900.91,900.91,900.91,900.91,-4.15,-38.99,188010,161836374.0,0.0,0.38
2010-05-26,933.58,933.58,933.58,933.58,3.63,32.67,188432,166088386.0,0.0,0.38
2010-05-27,950.44,950.44,950.44,950.44,1.81,16.86,182960,164313963.0,0.0,0.37
2010-05-28,946.22,946.22,946.22,946.22,-0.44,-4.22,148304,133508634.0,0.0,0.3
2010-05-31,958.87,958.87,958.87,958.87,1.34,12.65,200675,184384585.0,0.0,0.41
2010-06-01,937.79,937.79,937.79,937.79,-2.2,-21.08,135397,119418069.0,0.0,0.27
2010-06-02,938.85,938.85,938.85,938.85,0.11,1.06,82601,72552301.0,0.0,0.17
2010-06-03,924.1,924.1,924.1,924.1,-1.57,-14.75,104951,93951470.0,0.0,0.21
2010-06-04,925.15,925.15,925.15,925.15,0.11,1.05,76936,67883302.0,0.0,0.16
2010-06-07,929.36,929.36,929.36,929.36,0.46,4.21,84949,74058844.0,0.0,0.17
2010-06-08,960.98,960.98,960.98,960.98,3.4,31.62,131575,116721337.0,0.0,0.27
2010-06-09,1048.43,1048.43,1048.43,1048.43,9.1,87.45,389501,381236009.0,0.0,0.79
2010-06-10,1021.04,1021.04,1021.04,1021.04,-2.61,-27.39,234383,227999193.0,0.0,0.47
2010-06-11,1031.57,1031.57,1031.57,1031.57,1.03,10.53,172521,168414264.0,0.0,0.35
2010-06-17,1057.92,1057.92,1057.92,1057.92,2.55,26.35,256661,259743784.0,0.0,0.52
2010-06-18,1002.07,1002.07,1002.07,1002.07,-5.28,-55.85,191616,186500338.0,0.0,0.39
2010-06-21,1026.3,1026.3,1026.3,1026.3,2.42,24.23,145929,139141293.0,0.0,0.29
2010-06-22,1044.22,1044.22,1044.22,1044.22,1.75,17.92,158800,157848560.0,0.0,0.32
2010-06-23,1028.41,1028.41,1028.41,1028.41,-1.51,-15.81,129938,127167950.0,0.0,0.26
2010-06-24,1015.77,1015.77,1015.77,1015.77,-1.23,-12.64,80277,77649143.0,0.0,0.16
2010-06-25,983.1,983.1,983.1,983.1,-3.22,-32.67,124617,116278974.0,0.0,0.25
2010-06-28,967.3,967.3,967.3,967.3,-1.61,-15.8,70030,64894565.0,0.0,0.14
2010-06-29,897.75,897.75,897.75,897.75,-7.19,-69.55,141369,124082859.0,0.0,0.29
2010-06-30,883.0,883.0,883.0,883.0,-1.64,-14.75,75909,62967321.0,0.0,0.15
2010-07-01,869.3,869.3,869.3,869.3,-1.55,-13.7,67063,56298578.0,0.0,0.14
2010-07-02,876.68,876.68,876.68,876.68,0.85,7.38,103517,83416425.0,0.0,0.21
2010-07-05,870.36,870.36,870.36,870.36,-0.72,-6.32,65337,53741045.0,0.0,0.13
2010-07-06,921.99,921.99,921.99,921.99,5.93,51.63,150014,131773111.0,0.0,0.3
2010-07-07,945.17,945.17,945.17,945.17,2.51,23.18,148655,132982034.0,0.0,0.3
2010-07-08,937.79,937.79,937.79,937.79,-0.78,-7.38,114647,101805531.0,0.0,0.23
2010-07-09,963.08,963.08,963.08,963.08,2.7,25.29,155345,140401021.0,0.0,0.31
2010-07-12,992.59,992.59,992.59,992.59,3.06,29.51,230786,220004402.0,0.0,0.47
2010-07-13,1013.66,1013.66,1013.66,1013.66,2.12,21.07,249012,237367772.0,0.0,0.5
2010-07-14,999.96,999.96,999.96,999.96,-1.35,-13.7,181597,173012446.0,0.0,0.37
2010-07-15,957.81,957.81,957.81,957.81,-4.22,-42.15,131754,122448990.0,0.0,0.27
2010-07-16,950.44,950.44,950.44,950.44,-0.77,-7.37,133184,118155454.0,0.0,0.27
2010-07-19,974.67,974.67,974.67,974.67,2.55,24.23,115805,105899362.0,0.0,0.23
2010-07-20,1005.23,1005.23,1005.23,1005.23,3.14,30.56,176041,166532531.0,0.0,0.36
2010-07-21,994.69,994.69,994.69,994.69,-1.05,-10.54,169409,160954977.0,0.0,0.34
2010-07-22,1037.9,1037.9,1037.9,1037.9,4.34,43.21,219518,211032087.0,0.0,0.44
2010-07-23,1019.98,1019.98,1019.98,1019.98,-1.73,-17.92,187229,180757872.0,0.0,0.38
2010-07-26,1018.93,1018.93,1018.93,1018.93,-0.1,-1.05,128506,123970981.0,0.0,0.26
2010-07-27,1007.34,1007.34,1007.34,1007.34,-1.14,-11.59,124701,119205717.0,0.0,0.25
2010-07-28,1030.52,1030.52,1030.52,1030.52,2.3,23.18,202430,196804691.0,0.0,0.41
2010-07-29,1037.9,1037.9,1037.9,1037.9,0.72,7.38,224022,218791853.0,0.0,0.45
2010-07-30,1058.97,1058.97,1058.97,1058.97,2.03,21.07,299428,300909573.0,0.0,0.6
2010-08-02,1097.96,1097.96,1097.96,1097.96,3.68,38.99,333637,341297903.0,0.0,0.67
2010-08-03,1061.08,1061.08,1061.08,1061.08,-3.36,-36.88,247882,254817265.0,0.0,0.5
2010-08-04,1083.2,1083.2,1083.2,1083.2,2.08,22.12,236958,237276174.0,0.0,0.48
2010-08-05,1112.71,1112.71,1112.71,1112.71,2.72,29.51,396241,419298405.0,0.0,0.8
2010-08-06,1127.46,1127.46,1127.46,1127.46,1.33,14.75,277677,293399095.0,0.0,0.56
2010-08-09,1127.46,1127.46,1127.46,1127.46,0.0,0.0,258161,274270312.0,0.0,0.52
2010-08-10,1108.49,1108.49,1108.49,1108.49,-1.68,-18.97,281437,301844171.0,0.0,0.57
2010-08-11,1107.44,1107.44,1107.44,1107.44,-0.09,-1.05,159336,166779191.0,0.0,0.32
2010-08-12,1064.24,1064.24,1064.24,1064.24,-3.9,-43.2,181145,185811396.0,0.0,0.37
2010-08-13,1082.15,1082.15,1082.15,1082.15,1.68,17.91,127539,129412927.0,0.0,0.26
2010-08-16,1100.06,1100.06,1100.06,1100.06,1.66,17.91,171073,177901638.0,0.0,0.35
2010-08-17,1111.65,1111.65,1111.65,1111.65,1.05,11.59,148024,155180098.0,0.0,0.3
2010-08-18,1091.63,1091.63,1091.63,1091.63,-1.8,-20.02,149443,155849626.0,0.0,0.3
2010-08-19,1116.92,1116.92,1116.92,1116.92,2.32,25.29,210901,221833329.0,0.0,0.43
2010-08-20,1076.88,1076.88,1076.88,1076.88,-3.58,-40.04,150338,155551411.0,0.0,0.3
2010-08-23,1065.29,1065.29,1065.29,1065.29,-1.08,-11.59,132495,134892634.0,0.0,0.27
2010-08-24,1071.61,1071.61,1071.61,1071.61,0.59,6.32,109124,111663423.0,0.0,0.22
2010-08-25,1028.41,1028.41,1028.41,1028.41,-4.03,-43.2,149376,148572440.0,0.0,0.3
2010-08-26,1035.79,1035.79,1035.79,1035.79,0.72,7.38,83491,81558056.0,0.0,0.17
2010-08-27,1032.63,1032.63,1032.63,1032.63,-0.31,-3.16,56476,55241873.0,0.0,0.11
2010-08-30,1057.92,1057.92,1057.92,1057.92,2.45,25.29,104811,104890548.0,0.0,0.21
2010-08-31,1073.72,1073.72,1073.72,1073.72,1.49,15.8,140847,142384712.0,0.0,0.28
2010-09-01,1047.38,1047.38,1047.38,1047.38,-2.45,-26.34,131951,132520823.0,0.0,0.27
2010-09-02,1061.08,1061.08,1061.08,1061.08,1.31,13.7,160047,159918958.0,0.0,0.32
2010-09-03,1049.49,1049.49,1049.49,1049.49,-1.09,-11.59,129937,129290862.0,0.0,0.26
2010-09-06,1061.08,1061.08,1061.08,1061.08,1.1,11.59,141907,141295176.0,0.0,0.29
2010-09-07,1100.06,1100.06,1100.06,1100.06,3.67,38.98,318906,329045000.0,0.0,0.64
2010-09-08,1088.47,1088.47,1088.47,1088.47,-1.05,-11.59,173623,179067803.0,0.0,0.35
2010-09-09,1072.67,1072.67,1072.67,1072.67,-1.45,-15.8,202621,209468181.0,0.0,0.41
2010-09-10,1082.15,1082.15,1082.15,1082.15,0.88,9.48,153069,155479205.0,0.0,0.31
2010-09-13,1114.82,1114.82,1114.82,1114.82,3.02,32.67,291259,306584263.0,0.0,0.59
2010-09-14,1114.82,1114.82,1114.82,1114.82,0.0,0.0,216539,228312052.0,0.0,0.44
2010-09-15,1075.83,1075.83,1075.83,1075.83,-3.5,-38.99,149075,154461273.0,0.0,0.3
2010-09-16,1089.53,1089.53,1089.53,1089.53,1.27,13.7,159432,162737851.0,0.0,0.32
2010-09-17,1149.59,1149.59,1149.59,1149.59,5.51,60.06,576602,621106836.0,0.0,1.16
2010-09-20,1138.0,1138.0,1138.0,1138.0,-1.01,-11.59,534408,595771652.0,0.0,1.08
2010-09-21,1111.65,1111.65,1111.65,1111.65,-2.32,-26.35,247258,266470596.0,0.0,0.5
2010-09-27,1199.11,1199.11,1199.11,1199.11,7.87,87.46,337852,374799974.0,0.0,0.68
2010-09-28,1191.74,1191.74,1191.74,1191.74,-0.61,-7.37,272257,304195136.0,0.0,0.55
2010-09-29,1145.37,1145.37,1145.37,1145.37,-3.89,-46.37,194294,214070604.0,0.0,0.39
2010-09-30,1152.75,1152.75,1152.75,1152.75,0.64,7.38,122188,132918078.0,0.0,0.25
2010-10-08,1171.72,1171.72,1171.72,1171.72,1.65,18.97,209693,234009404.0,0.0,0.42
2010-10-11,1190.68,1190.68,1190.68,1190.68,1.62,18.96,346714,395809196.0,0.0,0.7
2010-10-12,1309.75,1309.75,1309.75,1309.75,10.0,119.07,628169,753034186.0,0.0,1.27
2010-10-13,1337.15,1337.15,1337.15,1337.15,2.09,27.4,679768,868594454.0,0.0,1.37
2010-10-14,1330.82,1330.82,1330.82,1330.82,-0.47,-6.33,447978,557153676.0,0.0,0.9
2010-10-15,1385.62,1385.62,1385.62,1385.62,4.12,54.8,480436,619021717.0,0.0,0.97
2010-10-18,1282.35,1282.35,1282.35,1282.35,-7.45,-103.27,372994,466475542.0,0.0,0.75
2010-10-19,1321.34,1321.34,1321.34,1321.34,3.04,38.99,171245,212160478.0,0.0,0.35
2010-10-20,1286.57,1286.57,1286.57,1286.57,-2.63,-34.77,305654,372263357.0,0.0,0.62
2010-10-21,1327.66,1327.66,1327.66,1327.66,3.19,41.09,282836,356573618.0,0.0,0.57
2010-10-22,1338.2,1338.2,1338.2,1338.2,0.79,10.54,285305,359987978.0,0.0,0.58
2010-10-25,1403.53,1403.53,1403.53,1403.53,4.88,65.33,380696,500297210.0,0.0,0.77
2010-10-26,1392.99,1392.99,1392.99,1392.99,-0.75,-10.54,291224,384026498.0,0.0,0.59
2010-10-27,1438.3,1438.3,1438.3,1438.3,3.25,45.31,446366,609566197.0,0.0,0.9
2010-10-28,1445.68,1445.68,1445.68,1445.68,0.51,7.38,321928,441871769.0,0.0,0.65
2010-10-29,1415.12,1415.12,1415.12,1415.12,-2.11,-30.56,256406,343394249.0,0.0,0.52
2010-11-01,1443.57,1443.57,1443.57,1443.57,2.01,28.45,258488,350984162.0,0.0,0.52
2010-11-02,1422.5,1422.5,1422.5,1422.5,-1.46,-21.07,333947,463615284.0,0.0,0.67
2010-11-03,1376.13,1376.13,1376.13,1376.13,-3.26,-46.37,195584,262158664.0,0.0,0.39
2010-11-04,1389.83,1389.83,1389.83,1389.83,1.0,13.7,185685,243106012.0,0.0,0.37
2010-11-05,1426.71,1426.71,1426.71,1426.71,2.65,36.88,194400,261690118.0,0.0,0.39
2010-11-08,1499.42,1499.42,1499.42,1499.42,5.1,72.71,362380,508431856.0,0.0,0.73
2010-11-09,1553.15,1553.15,1553.15,1553.15,3.58,53.73,512786,754189438.0,0.0,1.04
2010-11-10,1547.89,1547.89,1547.89,1547.89,-0.34,-5.26,309580,450295036.0,0.0,0.63
2010-11-11,1531.03,1531.03,1531.03,1531.03,-1.09,-16.86,308608,456125351.0,0.0,0.62
2010-11-12,1423.55,1423.55,1423.55,1423.55,-7.02,-107.48,353616,500324754.0,0.0,0.71
2010-11-15,1435.14,1435.14,1435.14,1435.14,0.81,11.59,187246,250815512.0,0.0,0.38
2010-11-16,1309.75,1309.75,1309.75,1309.75,-8.74,-125.39,215813,280119731.0,0.0,0.44
2010-11-17,1227.56,1227.56,1227.56,1227.56,-6.28,-82.19,173568,207977958.0,0.0,0.35
2010-11-18,1267.6,1267.6,1267.6,1267.6,3.26,40.04,117000,139646721.0,0.0,0.24
2010-11-19,1300.27,1300.27,1300.27,1300.27,2.58,32.67,138587,166936974.0,0.0,0.28
2010-11-22,1318.18,1318.18,1318.18,1318.18,1.38,17.91,152458,190128595.0,0.0,0.31
2010-11-23,1325.56,1325.56,1325.56,1325.56,0.56,7.38,146851,183027425.0,0.0,0.3
2010-11-24,1344.52,1344.52,1344.52,1344.52,1.43,18.96,134538,170180531.0,0.0,0.27
2010-11-25,1351.9,1351.9,1351.9,1351.9,0.55,7.38,135843,175345692.0,0.0,0.27
2010-11-26,1400.37,1400.37,1400.37,1400.37,3.59,48.47,251025,336163770.0,0.0,0.51
2010-11-29,1400.37,1400.37,1400.37,1400.37,0.0,0.0,145943,194827428.0,0.0,0.29
2010-11-30,1411.96,1411.96,1411.96,1411.96,0.83,11.59,229959,304881711.0,0.0,0.46
2010-12-01,1383.51,1383.51,1383.51,1383.51,-2.01,-28.45,99838,131830489.0,0.0,0.2
2010-12-02,1378.24,1378.24,1378.24,1378.24,-0.38,-5.27,111559,146851268.0,0.0,0.23
2010-12-03,1331.88,1331.88,1331.88,1331.88,-3.36,-46.36,112379,143658491.0,0.0,0.23
2010-12-06,1297.11,1297.11,1297.11,1297.11,-2.61,-34.77,80810,100147935.0,0.0,0.16
2010-12-07,1318.18,1318.18,1318.18,1318.18,1.62,21.07,65066,79977808.0,0.0,0.13
2010-12-08,1301.32,1301.32,1301.32,1301.32,-1.28,-16.86,64476,80529126.0,0.0,0.13
2010-12-09,1248.64,1248.64,1248.64,1248.64,-4.05,-52.68,88213,106092316.0,0.0,0.18
2010-12-10,1282.35,1282.35,1282.35,1282.35,2.7,33.71,63079,76202323.0,0.0,0.13
2010-12-13,1316.07,1316.07,1316.07,1316.07,2.63,33.72,79307,98390587.0,0.0,0.16
2010-12-14,1333.99,1333.99,1333.99,1333.99,1.36,17.92,92741,116531455.0,0.0,0.19
2010-12-15,1327.66,1327.66,1327.66,1327.66,-0.47,-6.33,102420,130572565.0,0.0,0.21
2010-12-16,1318.18,1318.18,1318.18,1318.18,-0.71,-9.48,61393,77582606.0,0.0,0.12
2010-12-17,1313.96,1313.96,1313.96,1313.96,-0.32,-4.22,49029,61124974.0,0.0,0.1
2010-12-20,1278.14,1278.14,1278.14,1278.14,-2.73,-35.82,87914,107186496.0,0.0,0.18
2010-12-21,1290.78,1290.78,1290.78,1290.78,0.99,12.64,60200,73200676.0,0.0,0.12
2010-12-22,1262.33,1262.33,1262.33,1262.33,-2.2,-28.45,89484,107740004.0,0.0,0.18
2010-12-23,1241.26,1241.26,1241.26,1241.26,-1.67,-21.07,67834,80748419.0,0.0,0.14
2010-12-24,1225.45,1225.45,1225.45,1225.45,-1.27,-15.81,64585,74351712.0,0.0,0.13
2010-12-27,1175.93,1175.93,1175.93,1175.93,-4.04,-49.52,61763,70883096.0,0.0,0.12
2010-12-28,1128.51,1128.51,1128.51,1128.51,-4.03,-47.42,64571,70175512.0,0.0,0.13
2010-12-29,1156.96,1156.96,1156.96,1156.96,2.52,28.45,40878,44388832.0,0.0,0.08
2010-12-30,1145.37,1145.37,1145.37,1145.37,-1.0,-11.59,44543,48495543.0,0.0,0.09
2010-12-31,1181.2,1181.2,1181.2,1181.2,3.13,35.83,61691,68301222.0,0.0,0.12
2011-01-04,1189.63,1189.63,1189.63,1189.63,0.71,8.43,55840,63038509.0,0.0,0.11
2011-01-05,1173.82,1173.82,1173.82,1173.82,-1.33,-15.81,82649,91918926.0,0.0,0.17
2011-01-06,1202.27,1202.27,1202.27,1202.27,2.42,28.45,79990,89945111.0,0.0,0.16
2011-01-07,1193.84,1193.84,1193.84,1193.84,-0.7,-8.43,61451,69584619.0,0.0,0.12
2011-01-10,1141.16,1141.16,1141.16,1141.16,-4.41,-52.68,63584,70050145.0,0.0,0.13
2011-01-11,1113.76,1113.76,1113.76,1113.76,-2.4,-27.4,57475,60839990.0,0.0,0.12
2011-01-12,1128.51,1128.51,1128.51,1128.51,1.32,14.75,33679,35776376.0,0.0,0.07
2011-01-13,1115.87,1115.87,1115.87,1115.87,-1.12,-12.64,48420,51601769.0,0.0,0.1
2011-01-14,1084.26,1084.26,1084.26,1084.26,-2.83,-31.61,44352,45885127.0,0.0,0.09
2011-01-17,1035.79,1035.79,1035.79,1035.79,-4.47,-48.47,66178,66097799.0,0.0,0.13
2011-01-18,1049.49,1049.49,1049.49,1049.49,1.32,13.7,52194,51138224.0,0.0,0.11
2011-01-19,1090.58,1090.58,1090.58,1090.58,3.92,41.09,66197,68163155.0,0.0,0.13
2011-01-20,1066.35,1066.35,1066.35,1066.35,-2.22,-24.23,60330,62165491.0,0.0,0.12
2011-01-21,1072.67,1072.67,1072.67,1072.67,0.59,6.32,37452,38080119.0,0.0,0.08
2011-01-24,1073.72,1073.72,1073.72,1073.72,0.1,1.05,36409,37324632.0,0.0,0.07
2011-01-25,1046.32,1046.32,1046.32,1046.32,-2.55,-27.4,37105,36864670.0,0.0,0.07
2011-01-26,1068.45,1068.45,1068.45,1068.45,2.12,22.13,31430,31834093.0,0.0,0.06
2011-01-27,1089.53,1089.53,1089.53,1089.53,1.97,21.08,49541,50872222.0,0.0,0.1
2011-01-28,1094.8,1094.8,1094.8,1094.8,0.48,5.27,35791,37112469.0,0.0,0.07
2011-01-31,1099.01,1099.01,1099.01,1099.01,0.38,4.21,41482,43119072.0,0.0,0.08
2011-02-01,1119.03,1119.03,1119.03,1119.03,1.82,20.02,56056,59579704.0,0.0,0.11
2011-02-09,1092.69,1092.69,1092.69,1092.69,-2.35,-26.34,42321,44386195.0,0.0,0.09
2011-02-10,1139.05,1139.05,1139.05,1139.05,4.24,46.36,62847,66868669.0,0.0,0.13
2011-02-11,1152.75,1152.75,1152.75,1152.75,1.2,13.7,64922,70898887.0,0.0,0.13
2011-02-14,1170.66,1170.66,1170.66,1170.66,1.55,17.91,86483,95293430.0,0.0,0.17
2011-02-15,1156.96,1156.96,1156.96,1156.96,-1.17,-13.7,91070,101353186.0,0.0,0.18
2011-02-16,1182.25,1182.25,1182.25,1182.25,2.19,25.29,85808,95316721.0,0.0,0.17
2011-02-17,1238.1,1238.1,1238.1,1238.1,4.72,55.85,164437,188790606.0,0.0,0.33
2011-02-18,1226.51,1226.51,1226.51,1226.51,-0.94,-11.59,84137,97775270.0,0.0,0.17
2011-02-21,1242.31,1242.31,1242.31,1242.31,1.29,15.8,91981,107040981.0,0.0,0.19
2011-02-22,1181.2,1181.2,1181.2,1181.2,-4.92,-61.11,110591,126855699.0,0.0,0.22
2011-02-23,1175.93,1175.93,1175.93,1175.93,-0.45,-5.27,126972,140326952.0,0.0,0.26
2011-02-24,1180.14,1180.14,1180.14,1180.14,0.36,4.21,79916,88586062.0,0.0,0.16
2011-02-25,1209.65,1209.65,1209.65,1209.65,2.5,29.51,101391,114989605.0,0.0,0.2
2011-02-28,1222.29,1222.29,1222.29,1222.29,1.04,12.64,80992,93502497.0,0.0,0.16
2011-03-01,1218.08,1218.08,1218.08,1218.08,-0.34,-4.21,81080,93824177.0,0.0,0.16
2011-03-02,1204.38,1204.38,1204.38,1204.38,-1.12,-13.7,68622,78086934.0,0.0,0.14
2011-03-03,1174.88,1174.88,1174.88,1174.88,-2.45,-29.5,77887,87773368.0,0.0,0.16
2011-03-04,1187.52,1187.52,1187.52,1187.52,1.08,12.64,51941,58060638.0,0.0,0.1
2011-03-07,1213.86,1213.86,1213.86,1213.86,2.22,26.34,97416,110995887.0,0.0,0.2
2011-03-08,1230.72,1230.72,1230.72,1230.72,1.39,16.86,136575,159842606.0,0.0,0.28
2011-03-09,1223.35,1223.35,1223.35,1223.35,-0.6,-7.37,73952,85648769.0,0.0,0.15
2011-03-10,1193.84,1193.84,1193.84,1193.84,-2.41,-29.51,65378,74538438.0,0.0,0.13
2011-03-11,1271.82,1271.82,1271.82,1271.82,6.53,77.98,324896,391870845.0,0.0,0.66
2011-03-14,1300.27,1300.27,1300.27,1300.27,2.24,28.45,272249,334706424.0,0.0,0.55
2011-03-15,1290.78,1290.78,1290.78,1290.78,-0.73,-9.49,196110,236884053.0,0.0,0.4
2011-03-16,1420.39,1420.39,1420.39,1420.39,10.04,129.61,492078,649015556.0,0.0,0.99
2011-03-17,1377.19,1377.19,1377.19,1377.19,-3.04,-43.2,292550,384280722.0,0.0,0.59
2011-03-18,1426.71,1426.71,1426.71,1426.71,3.6,49.52,476008,648229721.0,0.0,0.96
2011-03-21,1341.36,1341.36,1341.36,1341.36,-5.98,-85.35,329651,425535555.0,0.0,0.67
2011-03-22,1306.59,1306.59,1306.59,1306.59,-2.59,-34.77,218084,268217051.0,0.0,0.44
2011-03-23,1317.13,1317.13,1317.13,1317.13,0.81,10.54,166631,206116220.0,0.0,0.34
2011-03-24,1358.22,1358.22,1358.22,1358.22,3.12,41.09,231478,296033754.0,0.0,0.47
2011-03-25,1351.9,1351.9,1351.9,1351.9,-0.47,-6.32,161263,205260028.0,0.0,0.33
2011-03-28,1326.61,1326.61,1326.61,1326.61,-1.87,-25.29,162763,209014265.0,0.0,0.33
2011-03-29,1278.14,1278.14,1278.14,1278.14,-3.65,-48.47,153826,188275183.0,0.0,0.31
2011-03-30,1296.05,1296.05,1296.05,1296.05,1.4,17.91,93325,114443804.0,0.0,0.19
2011-03-31,1234.94,1234.94,1234.94,1234.94,-4.72,-61.11,123543,147583643.0,0.0,0.25
2011-04-01,1251.8,1251.8,1251.8,1251.8,1.37,16.86,67297,79319676.0,0.0,0.14
2011-04-06,1244.42,1244.42,1244.42,1244.42,-0.59,-7.38,83563,98155387.0,0.0,0.17
2011-04-07,1271.82,1271.82,1271.82,1271.82,2.2,27.4,89462,107476943.0,0.0,0.18
2011-04-08,1277.09,1277.09,1277.09,1277.09,0.41,5.27,77479,93646626.0,0.0,0.16
2011-04-11,1277.09,1277.09,1277.09,1277.09,0.0,0.0,86876,105437513.0,0.0,0.18
2011-04-12,1246.53,1246.53,1246.53,1246.53,-2.39,-30.56,104772,124711833.0,0.0,0.21
2011-04-13,1258.12,1258.12,1258.12,1258.12,0.93,11.59,55118,64950277.0,0.0,0.11
2011-04-14,1240.21,1240.21,1240.21,1240.21,-1.42,-17.91,66364,78230918.0,0.0,0.13
2011-04-15,1253.9,1253.9,1253.9,1253.9,1.1,13.69,69306,81621960.0,0.0,0.14
2011-04-18,1289.73,1289.73,1289.73,1289.73,2.86,35.83,141775,172616965.0,0.0,0.29
2011-04-19,1274.98,1274.98,1274.98,1274.98,-1.14,-14.75,99977,120339038.0,0.0,0.2
2011-04-20,1280.25,1280.25,1280.25,1280.25,0.41,5.27,92958,113220320.0,0.0,0.19
2011-04-21,1325.56,1325.56,1325.56,1325.56,3.54,45.31,188692,232909902.0,0.0,0.38
2011-04-22,1285.51,1285.51,1285.51,1285.51,-3.02,-40.05,122060,150652900.0,0.0,0.25
2011-04-25,1170.66,1170.66,1170.66,1170.66,-8.93,-114.85,191499,217712862.0,0.0,0.39
2011-04-26,1153.8,1153.8,1153.8,1153.8,-1.44,-16.86,63839,70331070.0,0.0,0.13
2011-04-27,1126.41,1126.41,1126.41,1126.41,-2.37,-27.39,64224,69701391.0,0.0,0.13
2011-04-28,1092.69,1092.69,1092.69,1092.69,-2.99,-33.72,66978,70324541.0,0.0,0.14
2011-04-29,1102.17,1102.17,1102.17,1102.17,0.87,9.48,48300,50282738.0,0.0,0.1
2011-05-03,1122.19,1122.19,1122.19,1122.19,1.82,20.02,47844,50687776.0,0.0,0.1
2011-05-04,1086.37,1086.37,1086.37,1086.37,-3.19,-35.82,50870,53029519.0,0.0,0.1
2011-05-05,1088.47,1088.47,1088.47,1088.47,0.19,2.1,26132,27016027.0,0.0,0.05
2011-05-06,1086.37,1086.37,1086.37,1086.37,-0.19,-2.1,43918,44895927.0,0.0,0.09
2011-05-09,1092.69,1092.69,1092.69,1092.69,0.58,6.32,34425,35691215.0,0.0,0.07
2011-05-10,1109.55,1109.55,1109.55,1109.55,1.54,16.86,53629,55993248.0,0.0,0.11
2011-05-11,1112.71,1112.71,1112.71,1112.71,0.28,3.16,46012,48642924.0,0.0,0.09
2011-05-12,1069.51,1069.51,1069.51,1069.51,-3.88,-43.2,53809,55419341.0,0.0,0.11
2011-05-13,1084.26,1084.26,1084.26,1084.26,1.38,14.75,27293,27818082.0,0.0,0.06
2011-05-16,1097.96,1097.96,1097.96,1097.96,1.26,13.7,53513,56351103.0,0.0,0.11
2011-05-18,1096.9,1096.9,1096.9,1096.9,-0.1,-1.06,33433,34743417.0,0.0,0.07
2011-05-19,1089.53,1089.53,1089.53,1089.53,-0.67,-7.37,26425,27444704.0,0.0,0.05
2011-05-20,1076.88,1076.88,1076.88,1076.88,-1.16,-12.65,30031,30745047.0,0.0,0.06
2011-05-23,1040.0,1040.0,1040.0,1040.0,-3.42,-36.88,53454,53157295.0,0.0,0.11
2011-05-24,1027.36,1027.36,1027.36,1027.36,-1.22,-12.64,53759,52142972.0,0.0,0.11
2011-05-25,1022.09,1022.09,1022.09,1022.09,-0.51,-5.27,27785,27092886.0,0.0,0.06
2011-05-26,1010.5,1010.5,1010.5,1010.5,-1.13,-11.59,28937,28023119.0,0.0,0.06
2011-05-27,964.14,964.14,964.14,964.14,-4.59,-46.36,49995,46485472.0,0.0,0.1
2011-05-30,943.06,943.06,943.06,943.06,-2.19,-21.08,30627,27621780.0,0.0,0.06
2011-05-31,963.08,963.08,963.08,963.08,2.12,20.02,38127,34513470.0,0.0,0.08
2011-06-01,975.73,975.73,975.73,975.73,1.31,12.65,34612,31791316.0,0.0,0.07
2011-06-02,955.71,955.71,955.71,955.71,-2.05,-20.02,28933,26181010.0,0.0,0.06
2011-06-03,966.24,966.24,966.24,966.24,1.1,10.53,32097,29404317.0,0.0,0.06
2011-06-07,973.62,973.62,973.62,973.62,0.76,7.38,34757,31923946.0,0.0,0.07
2011-06-08,971.51,971.51,971.51,971.51,-0.22,-2.11,28349,26015786.0,0.0,0.06
2011-06-09,950.44,950.44,950.44,950.44,-2.17,-21.07,26545,24238937.0,0.0,0.05
2011-06-10,962.03,962.03,962.03,962.03,1.22,11.59,25223,22785111.0,0.0,0.05
2011-06-13,957.81,957.81,957.81,957.81,-0.44,-4.22,23479,21204503.0,0.0,0.05
2011-06-14,987.32,987.32,987.32,987.32,3.08,29.51,51230,47668197.0,0.0,0.1
2011-06-15,973.62,973.62,973.62,973.62,-1.39,-13.7,36703,34160454.0,0.0,0.07
2011-06-16,950.44,950.44,950.44,950.44,-2.38,-23.18,30037,27226442.0,0.0,0.06
2011-06-17,939.9,939.9,939.9,939.9,-1.11,-10.54,19492,17495403.0,0.0,0.04
2011-06-20,923.04,923.04,923.04,923.04,-1.79,-16.86,19734,17461347.0,0.0,0.04
2011-06-21,938.85,938.85,938.85,938.85,1.71,15.81,17976,15944981.0,0.0,0.04
2011-06-22,935.69,935.69,935.69,935.69,-0.34,-3.16,15888,14121234.0,0.0,0.03
2011-06-23,951.49,951.49,951.49,951.49,1.69,15.8,29656,26549851.0,0.0,0.06
2011-06-24,975.73,975.73,975.73,975.73,2.55,24.24,58552,53943917.0,0.0,0.12
2011-06-27,992.59,992.59,992.59,992.59,1.73,16.86,71787,67377483.0,0.0,0.14
2011-06-28,978.89,978.89,978.89,978.89,-1.38,-13.7,47465,44156064.0,0.0,0.1
2011-06-30,1007.34,1007.34,1007.34,1007.34,2.91,28.45,97700,94507289.0,0.0,0.2
2011-07-01,1001.02,1001.02,1001.02,1001.02,-0.63,-6.32,52562,50013524.0,0.0,0.11
2011-07-04,1021.04,1021.04,1021.04,1021.04,2.0,20.02,67169,64732308.0,0.0,0.14
2011-07-05,1024.2,1024.2,1024.2,1024.2,0.31,3.16,54415,52611203.0,0.0,0.11
2011-07-06,1011.55,1011.55,1011.55,1011.55,-1.24,-12.65,44113,42326961.0,0.0,0.09
2011-07-07,1017.88,1017.88,1017.88,1017.88,0.63,6.33,60642,58432987.0,0.0,0.12
2011-07-08,1001.02,1001.02,1001.02,1001.02,-1.66,-16.86,39230,37483447.0,0.0,0.08
2011-07-11,973.62,973.62,973.62,973.62,-2.74,-27.4,96393,88457934.0,0.0,0.19
2011-07-12,952.55,952.55,952.55,952.55,-2.16,-21.07,53758,48919089.0,0.0,0.11
2011-07-13,971.51,971.51,971.51,971.51,1.99,18.96,41934,38522020.0,0.0,0.08
2011-07-14,1011.55,1011.55,1011.55,1011.55,4.12,40.04,109435,103913298.0,0.0,0.22
2011-07-15,1010.49,1010.49,1010.49,1010.49,-0.1,-1.06,67372,63930414.0,0.0,0.14
2011-07-18,1022.2,1022.2,1022.2,1022.2,1.16,11.71,64254,61520412.0,0.0,0.13
2011-07-19,1020.07,1020.07,1020.07,1020.07,-0.21,-2.13,54350,51443688.0,0.0,0.11
2011-07-20,1026.46,1026.46,1026.46,1026.46,0.63,6.39,62140,59657707.0,0.0,0.13
2011-07-21,994.52,994.52,994.52,994.52,-3.11,-31.94,46396,43789243.0,0.0,0.09
2011-07-22,1000.9,1000.9,1000.9,1000.9,0.64,6.38,34495,32279472.0,0.0,0.07
2011-07-25,950.86,950.86,950.86,950.86,-5.0,-50.04,50607,45950309.0,0.0,0.1
2011-07-26,949.79,949.79,949.79,949.79,-0.11,-1.07,26233,23423007.0,0.0,0.05
2011-07-27,973.22,973.22,973.22,973.22,2.47,23.43,33277,30085058.0,0.0,0.07
2011-07-28,958.31,958.31,958.31,958.31,-1.53,-14.91,26694,23975657.0,0.0,0.05
2011-07-29,944.47,944.47,944.47,944.47,-1.44,-13.84,28713,25642974.0,0.0,0.06
2011-08-01,947.67,947.67,947.67,947.67,0.34,3.2,25679,22853964.0,0.0,0.05
2011-08-02,935.95,935.95,935.95,935.95,-1.24,-11.72,32278,28182965.0,0.0,0.07
2011-08-03,942.34,942.34,942.34,942.34,0.68,6.39,24091,21120030.0,0.0,0.05
2011-08-04,942.34,942.34,942.34,942.34,0.0,0.0,21990,19490174.0,0.0,0.04
2011-08-05,941.28,941.28,941.28,941.28,-0.11,-1.06,32598,28174656.0,0.0,0.07
2011-08-08,881.65,881.65,881.65,881.65,-6.33,-59.63,44267,36952191.0,0.0,0.09
2011-08-09,859.29,859.29,859.29,859.29,-2.54,-22.36,44891,35405001.0,0.0,0.09
2011-08-10,861.42,861.42,861.42,861.42,0.25,2.13,40131,32878295.0,0.0,0.08
2011-08-11,866.74,866.74,866.74,866.74,0.62,5.32,39175,31354949.0,0.0,0.08
2011-08-12,872.07,872.07,872.07,872.07,0.61,5.33,32282,26529990.0,0.0,0.07
2011-08-15,888.04,888.04,888.04,888.04,1.83,15.97,32391,26884006.0,0.0,0.07
2011-08-16,885.91,885.91,885.91,885.91,-0.24,-2.13,31745,26497723.0,0.0,0.06
2011-08-17,865.68,865.68,865.68,865.68,-2.28,-20.23,29105,23876185.0,0.0,0.06
2011-08-18,865.68,865.68,865.68,865.68,0.0,0.0,43804,36339560.0,0.0,0.09
2011-08-19,846.51,846.51,846.51,846.51,-2.21,-19.17,28569,22694840.0,0.0,0.06
2011-08-22,839.06,839.06,839.06,839.06,-0.88,-7.45,20323,16152902.0,0.0,0.04
2011-08-23,851.83,851.83,851.83,851.83,1.52,12.77,24119,19115774.0,0.0,0.05
2011-08-24,856.09,856.09,856.09,856.09,0.5,4.26,30571,24771844.0,0.0,0.06
2011-08-25,879.52,879.52,879.52,879.52,2.74,23.43,32403,26502608.0,0.0,0.07
2011-08-26,876.32,876.32,876.32,876.32,-0.36,-3.2,25494,20968431.0,0.0,0.05
2011-08-29,862.48,862.48,862.48,862.48,-1.58,-13.84,22519,18331944.0,0.0,0.05
2011-08-30,853.96,853.96,853.96,853.96,-0.99,-8.52,21301,17284025.0,0.0,0.04
2011-08-31,847.57,847.57,847.57,847.57,-0.75,-6.39,20150,16054043.0,0.0,0.04
2011-09-01,845.45,845.45,845.45,845.45,-0.25,-2.12,16679,13271327.0,0.0,0.03
2011-09-02,841.19,841.19,841.19,841.19,-0.5,-4.26,12979,10262748.0,0.0,0.03
2011-09-05,816.7,816.7,816.7,816.7,-2.91,-24.49,20014,15453347.0,0.0,0.04
2011-09-06,817.76,817.76,817.76,817.76,0.13,1.06,14057,10787421.0,0.0,0.03
2011-09-07,835.86,835.86,835.86,835.86,2.21,18.1,13788,10742296.0,0.0,0.03
2011-09-08,827.34,827.34,827.34,827.34,-1.02,-8.52,13890,10907686.0,0.0,0.03
2011-09-09,822.02,822.02,822.02,822.02,-0.64,-5.32,10165,7890761.0,0.0,0.02
2011-09-13,812.44,812.44,812.44,812.44,-1.17,-9.58,17183,13124913.0,0.0,0.03
2011-09-14,827.34,827.34,827.34,827.34,1.83,14.9,18652,14305837.0,0.0,0.04
2011-09-15,826.28,826.28,826.28,826.28,-0.13,-1.06,29334,22962150.0,0.0,0.06
2011-09-16,820.96,820.96,820.96,820.96,-0.64,-5.32,14742,11464908.0,0.0,0.03
2011-09-19,813.5,813.5,813.5,813.5,-0.91,-7.46,17019,13058891.0,0.0,0.03
2011-09-20,820.96,820.96,820.96,820.96,0.92,7.46,19004,14474860.0,0.0,0.04
2011-09-21,840.12,840.12,840.12,840.12,2.33,19.16,26954,21115267.0,0.0,0.05
2011-09-22,811.37,811.37,811.37,811.37,-3.42,-28.75,23907,18490681.0,0.0,0.05
2011-09-23,806.05,806.05,806.05,806.05,-0.66,-5.32,17251,12981627.0,0.0,0.03
2011-09-26,793.27,793.27,793.27,793.27,-1.59,-12.78,20566,15423323.0,0.0,0.04
2011-09-27,782.62,782.62,782.62,782.62,-1.34,-10.65,24931,18412677.0,0.0,0.05
2011-09-28,742.16,742.16,742.16,742.16,-5.17,-40.46,38561,27577594.0,0.0,0.08
2011-09-29,709.15,709.15,709.15,709.15,-4.45,-33.01,34178,23202292.0,0.0,0.07
2011-09-30,717.67,717.67,717.67,717.67,1.2,8.52,16242,10888954.0,0.0,0.03
2011-10-10,710.22,710.22,710.22,710.22,-1.04,-7.45,18056,12203033.0,0.0,0.04
2011-10-11,718.73,718.73,718.73,718.73,1.2,8.51,20732,14032453.0,0.0,0.04
2011-10-12,737.9,737.9,737.9,737.9,2.67,19.17,26883,18445802.0,0.0,0.05
2011-10-13,752.81,752.81,752.81,752.81,2.02,14.91,26191,18504559.0,0.0,0.05
2011-10-14,741.1,741.1,741.1,741.1,-1.56,-11.71,19407,13523243.0,0.0,0.04
2011-10-17,740.03,740.03,740.03,740.03,-0.14,-1.07,19005,13322326.0,0.0,0.04
2011-10-18,716.61,716.61,716.61,716.61,-3.16,-23.42,17152,11657987.0,0.0,0.03
2011-10-19,708.09,708.09,708.09,708.09,-1.19,-8.52,12863,8602181.0,0.0,0.03
2011-10-20,684.66,684.66,684.66,684.66,-3.31,-23.43,19300,12474525.0,0.0,0.04
2011-10-21,669.75,669.75,669.75,669.75,-2.18,-14.91,22366,14189742.0,0.0,0.05
2011-10-24,675.08,675.08,675.08,675.08,0.8,5.33,18777,11807311.0,0.0,0.04
2011-10-25,693.18,693.18,693.18,693.18,2.68,18.1,24914,16013586.0,0.0,0.05
2011-10-26,691.05,691.05,691.05,691.05,-0.31,-2.13,32571,21270153.0,0.0,0.07
2011-10-27,687.86,687.86,687.86,687.86,-0.46,-3.19,22458,14600229.0,0.0,0.05
2011-10-28,712.35,712.35,712.35,712.35,3.56,24.49,41915,27808140.0,0.0,0.08
2011-10-31,708.09,708.09,708.09,708.09,-0.6,-4.26,24793,16475120.0,0.0,0.05
2011-11-01,697.44,697.44,697.44,697.44,-1.5,-10.65,32178,21171164.0,0.0,0.06
2011-11-02,703.83,703.83,703.83,703.83,0.92,6.39,36618,23705873.0,0.0,0.07
2011-11-03,717.67,717.67,717.67,717.67,1.97,13.84,58717,39711471.0,0.0,0.12
2011-11-04,722.99,722.99,722.99,722.99,0.74,5.32,41562,28174593.0,0.0,0.08
2011-11-07,724.06,724.06,724.06,724.06,0.15,1.07,30604,20808700.0,0.0,0.06
2011-11-08,715.54,715.54,715.54,715.54,-1.18,-8.52,29523,19995062.0,0.0,0.06
2011-11-09,721.93,721.93,721.93,721.93,0.89,6.39,27139,18207912.0,0.0,0.05
2011-11-10,697.44,697.44,697.44,697.44,-3.39,-24.49,36765,24379503.0,0.0,0.07
2011-11-11,704.89,704.89,704.89,704.89,1.07,7.45,21782,14366467.0,0.0,0.04
2011-11-14,728.32,728.32,728.32,728.32,3.32,23.43,46210,31356993.0,0.0,0.09
2011-11-15,733.64,733.64,733.64,733.64,0.73,5.32,33613,22944896.0,0.0,0.07
2011-11-16,707.02,707.02,707.02,707.02,-3.63,-26.62,37507,25281614.0,0.0,0.08
2011-11-17,704.89,704.89,704.89,704.89,-0.3,-2.13,26712,17741466.0,0.0,0.05
2011-11-18,686.79,686.79,686.79,686.79,-2.57,-18.1,45362,29855519.0,0.0,0.09
2011-11-21,746.42,746.42,746.42,746.42,8.68,59.63,152156,105816832.0,0.0,0.31
2011-11-22,719.8,719.8,719.8,719.8,-3.57,-26.62,66224,44904476.0,0.0,0.13
2011-11-23,689.99,689.99,689.99,689.99,-4.14,-29.81,54753,36062300.0,0.0,0.11
2011-11-24,677.21,677.21,677.21,677.21,-1.85,-12.78,36130,22868596.0,0.0,0.07
2011-11-25,679.34,679.34,679.34,679.34,0.31,2.13,27782,17836036.0,0.0,0.06
2011-11-28,667.63,667.63,667.63,667.63,-1.72,-11.71,22949,14439800.0,0.0,0.05
2011-11-29,680.4,680.4,680.4,680.4,1.91,12.77,21071,13368446.0,0.0,0.04
2011-11-30,654.85,654.85,654.85,654.85,-3.76,-25.55,37273,23350343.0,0.0,0.08
2011-12-01,665.5,665.5,665.5,665.5,1.63,10.65,27401,17274986.0,0.0,0.06
2011-12-02,647.39,647.39,647.39,647.39,-2.72,-18.11,23356,14257212.0,0.0,0.05
2011-12-05,616.52,616.52,616.52,616.52,-4.77,-30.87,28266,16548431.0,0.0,0.06
2011-12-06,615.45,615.45,615.45,615.45,-0.17,-1.07,16760,9675083.0,0.0,0.03
2011-12-07,616.52,616.52,616.52,616.52,0.17,1.07,14966,8632797.0,0.0,0.03
2011-12-08,612.26,612.26,612.26,612.26,-0.69,-4.26,16205,9272529.0,0.0,0.03
2011-12-09,599.48,599.48,599.48,599.48,-2.09,-12.78,13779,7781583.0,0.0,0.03
2011-12-12,582.44,582.44,582.44,582.44,-2.84,-17.04,24999,13790562.0,0.0,0.05
2011-12-13,554.76,554.76,554.76,554.76,-4.75,-27.68,25559,13453300.0,0.0,0.05
2011-12-14,552.63,552.63,552.63,552.63,-0.38,-2.13,11819,6176598.0,0.0,0.02
2011-12-15,530.27,530.27,530.27,530.27,-4.05,-22.36,19852,10007031.0,0.0,0.04
2011-12-16,546.24,546.24,546.24,546.24,3.01,15.97,13839,6987262.0,0.0,0.03
2011-12-19,541.98,541.98,541.98,541.98,-0.78,-4.26,15336,7721341.0,0.0,0.03
2011-12-20,549.43,549.43,549.43,549.43,1.37,7.45,19376,10003952.0,0.0,0.04
2011-12-21,534.53,534.53,534.53,534.53,-2.71,-14.9,17052,8743738.0,0.0,0.03
2011-12-22,518.55,518.55,518.55,518.55,-2.99,-15.98,25823,12596390.0,0.0,0.05
2011-12-23,527.07,527.07,527.07,527.07,1.64,8.52,13862,6837653.0,0.0,0.03
2011-12-26,522.81,522.81,522.81,522.81,-0.81,-4.26,11077,5500062.0,0.0,0.02
2011-12-27,514.29,514.29,514.29,514.29,-1.63,-8.52,11927,5794419.0,0.0,0.02
2011-12-28,500.45,500.45,500.45,500.45,-2.69,-13.84,24971,11631075.0,0.0,0.05
2011-12-29,498.32,498.32,498.32,498.32,-0.43,-2.13,18446,8635467.0,0.0,0.04
2011-12-30,505.78,505.78,505.78,505.78,1.5,7.46,17148,8120211.0,0.0,0.03
2012-01-04,500.45,500.45,500.45,500.45,-1.05,-5.33,17230,8201532.0,0.0,0.03
2012-01-05,481.29,481.29,481.29,481.29,-3.83,-19.16,14808,6835322.0,0.0,0.03
2012-01-06,487.68,487.68,487.68,487.68,1.33,6.39,16417,7347237.0,0.0,0.03
2012-01-09,512.17,512.17,512.17,512.17,5.02,24.49,26654,12523380.0,0.0,0.05
2012-01-10,535.59,535.59,535.59,535.59,4.57,23.42,39345,19444827.0,0.0,0.08
2012-01-11,534.53,534.53,534.53,534.53,-0.2,-1.06,30280,15202328.0,0.0,0.06
2012-01-12,555.82,555.82,555.82,555.82,3.98,21.29,65472,34467044.0,0.0,0.13
2012-01-13,560.08,560.08,560.08,560.08,0.77,4.26,56448,29450941.0,0.0,0.11
2012-01-16,532.4,532.4,532.4,532.4,-4.94,-27.68,30852,15866401.0,0.0,0.06
2012-01-17,565.4,565.4,565.4,565.4,6.2,33.0,40647,21196380.0,0.0,0.08
2012-01-18,548.37,548.37,548.37,548.37,-3.01,-17.03,29280,15451195.0,0.0,0.06
2012-01-19,553.69,553.69,553.69,553.69,0.97,5.32,27603,14369842.0,0.0,0.06
2012-01-20,564.34,564.34,564.34,564.34,1.92,10.65,26321,13910400.0,0.0,0.05
2012-01-30,557.95,557.95,557.95,557.95,-1.13,-6.39,18338,9700799.0,0.0,0.04
2012-01-31,548.37,548.37,548.37,548.37,-1.72,-9.58,15410,7990179.0,0.0,0.03
2012-02-01,543.04,543.04,543.04,543.04,-0.97,-5.33,15895,8215358.0,0.0,0.03
2012-02-02,552.63,552.63,552.63,552.63,1.77,9.59,17869,9188515.0,0.0,0.04
2012-02-03,571.79,571.79,571.79,571.79,3.47,19.16,41805,22254701.0,0.0,0.08
2012-02-06,598.41,598.41,598.41,598.41,4.66,26.62,82516,46213553.0,0.0,0.17
2012-02-07,580.31,580.31,580.31,580.31,-3.02,-18.1,40479,22198339.0,0.0,0.08
2012-02-08,615.45,615.45,615.45,615.45,6.06,35.14,76089,43454145.0,0.0,0.15
2012-02-09,612.26,612.26,612.26,612.26,-0.52,-3.19,50591,29272923.0,0.0,0.1
2012-02-10,613.32,613.32,613.32,613.32,0.17,1.06,26813,15451331.0,0.0,0.05
2012-02-13,633.55,633.55,633.55,633.55,3.3,20.23,66567,39451364.0,0.0,0.13
2012-02-14,630.36,630.36,630.36,630.36,-0.5,-3.19,27246,16126627.0,0.0,0.06
2012-02-15,638.88,638.88,638.88,638.88,1.35,8.52,37664,22539916.0,0.0,0.08
2012-02-16,637.81,637.81,637.81,637.81,-0.17,-1.07,40466,24443926.0,0.0,0.08
2012-02-17,620.77,620.77,620.77,620.77,-2.67,-17.04,34325,20235169.0,0.0,0.07
2012-02-20,614.39,614.39,614.39,614.39,-1.03,-6.38,42240,24887473.0,0.0,0.09
2012-02-21,619.71,619.71,619.71,619.71,0.87,5.32,43065,24680524.0,0.0,0.09
2012-02-22,632.49,632.49,632.49,632.49,2.06,12.78,60451,35728161.0,0.0,0.12
2012-02-23,636.75,636.75,636.75,636.75,0.67,4.26,64160,38558812.0,0.0,0.13
2012-02-24,633.55,633.55,633.55,633.55,-0.5,-3.2,57769,34297720.0,0.0,0.12
2012-02-27,633.55,633.55,633.55,633.55,0.0,0.0,106406,63626957.0,0.0,0.21
2012-02-28,617.58,617.58,617.58,617.58,-2.52,-15.97,53872,31528065.0,0.0,0.11
2012-02-29,608.0,608.0,608.0,608.0,-1.55,-9.58,36199,20922458.0,0.0,0.07
2012-03-01,595.22,595.22,595.22,595.22,-2.1,-12.78,83076,46394548.0,0.0,0.17
2012-03-02,608.0,608.0,608.0,608.0,2.15,12.78,69535,39283002.0,0.0,0.14
2012-03-05,602.67,602.67,602.67,602.67,-0.88,-5.33,44402,25337150.0,0.0,0.09
2012-03-06,615.45,615.45,615.45,615.45,2.12,12.78,89590,51777498.0,0.0,0.18
2012-03-07,623.97,623.97,623.97,623.97,1.38,8.52,92031,53443438.0,0.0,0.19
2012-03-08,625.03,625.03,625.03,625.03,0.17,1.06,75057,44241972.0,0.0,0.15
2012-03-09,627.16,627.16,627.16,627.16,0.34,2.13,55550,32525790.0,0.0,0.11
2012-03-12,630.36,630.36,630.36,630.36,0.51,3.2,55494,32743504.0,0.0,0.11
2012-03-13,693.18,693.18,693.18,693.18,9.97,62.82,154019,98830071.0,0.0,0.31
2012-03-14,659.11,659.11,659.11,659.11,-4.92,-34.07,340261,222633513.0,0.0,0.69
2012-03-15,647.39,647.39,647.39,647.39,-1.78,-11.72,140151,85020255.0,0.0,0.28
2012-03-16,674.01,674.01,674.01,674.01,4.11,26.62,156185,97719788.0,0.0,0.32
2012-03-19,679.34,679.34,679.34,679.34,0.79,5.33,134371,86577355.0,0.0,0.27
2012-03-20,652.72,652.72,652.72,652.72,-3.92,-26.62,82535,51172220.0,0.0,0.17
2012-03-21,654.85,654.85,654.85,654.85,0.33,2.13,62512,38125451.0,0.0,0.13
2012-03-22,646.33,646.33,646.33,646.33,-1.3,-8.52,35995,21931440.0,0.0,0.07
2012-03-26,613.32,613.32,613.32,613.32,-5.11,-33.01,55287,32124902.0,0.0,0.11
2012-03-27,606.93,606.93,606.93,606.93,-1.04,-6.39,30966,17811624.0,0.0,0.06
2012-03-28,571.79,571.79,571.79,571.79,-5.79,-35.14,43363,23823197.0,0.0,0.09
2012-03-29,579.25,579.25,579.25,579.25,1.3,7.46,67823,37740624.0,0.0,0.14
2012-03-30,596.28,596.28,596.28,596.28,2.94,17.03,103404,58479813.0,0.0,0.21
2012-04-05,608.0,608.0,608.0,608.0,1.97,11.72,71020,39908528.0,0.0,0.14
2012-04-06,601.61,601.61,601.61,601.61,-1.05,-6.39,50960,29090608.0,0.0,0.1
2012-04-09,611.19,611.19,611.19,611.19,1.59,9.58,76102,44142252.0,0.0,0.15
2012-04-10,625.03,625.03,625.03,625.03,2.26,13.84,77025,43466423.0,0.0,0.16
2012-04-11,653.78,653.78,653.78,653.78,4.6,28.75,174953,106320185.0,0.0,0.35
2012-04-12,659.11,659.11,659.11,659.11,0.82,5.33,133240,82176483.0,0.0,0.27
2012-04-13,650.59,650.59,650.59,650.59,-1.29,-8.52,80539,49289231.0,0.0,0.16
2012-04-16,637.81,637.81,637.81,637.81,-1.96,-12.78,79916,48142782.0,0.0,0.16
2012-04-17,621.84,621.84,621.84,621.84,-2.5,-15.97,71871,42469322.0,0.0,0.15
2012-04-18,636.75,636.75,636.75,636.75,2.4,14.91,47401,28121579.0,0.0,0.1
2012-04-19,630.36,630.36,630.36,630.36,-1.0,-6.39,44888,26784709.0,0.0,0.09
2012-04-20,629.29,629.29,629.29,629.29,-0.17,-1.07,49562,29318120.0,0.0,0.1
2012-04-23,602.67,602.67,602.67,602.67,-4.23,-26.62,68636,39446199.0,0.0,0.14
2012-04-24,597.35,597.35,597.35,597.35,-0.88,-5.32,55880,31133539.0,0.0,0.11
2012-04-25,620.77,620.77,620.77,620.77,3.92,23.42,62381,36087618.0,0.0,0.13
2012-04-26,632.49,632.49,632.49,632.49,1.89,11.72,99248,59400161.0,0.0,0.2
2012-04-27,621.84,621.84,621.84,621.84,-1.68,-10.65,39419,23032886.0,0.0,0.08
2012-05-02,636.75,636.75,636.75,636.75,2.4,14.91,44045,26111210.0,0.0,0.09
2012-05-03,630.36,630.36,630.36,630.36,-1.0,-6.39,40720,24207976.0,0.0,0.08
2012-05-04,625.03,625.03,625.03,625.03,-0.85,-5.33,37663,22166208.0,0.0,0.08
2012-05-07,628.23,628.23,628.23,628.23,0.51,3.2,35262,20686962.0,0.0,0.07
2012-05-08,641.01,641.01,641.01,641.01,2.03,12.78,70407,42200007.0,0.0,0.14
2012-05-09,704.89,704.89,704.89,704.89,9.97,63.88,120000,79439834.0,0.0,0.24
2012-05-10,736.84,736.84,736.84,736.84,4.53,31.95,560146,391627984.0,0.0,1.13
2012-05-11,681.47,681.47,681.47,681.47,-7.51,-55.37,282137,184023285.0,0.0,0.57
2012-05-14,655.91,655.91,655.91,655.91,-3.75,-25.56,231827,143560842.0,0.0,0.47
2012-05-15,652.72,652.72,652.72,652.72,-0.49,-3.19,113416,68897867.0,0.0,0.23
2012-05-16,632.49,632.49,632.49,632.49,-3.1,-20.23,95176,57574731.0,0.0,0.19
2012-05-17,645.26,645.26,645.26,645.26,2.02,12.77,97706,59012995.0,0.0,0.2
2012-05-18,618.64,618.64,618.64,618.64,-4.13,-26.62,111470,65670490.0,0.0,0.23
2012-05-21,617.58,617.58,617.58,617.58,-0.17,-1.06,53354,30848586.0,0.0,0.11
2012-05-22,627.16,627.16,627.16,627.16,1.55,9.58,48953,28743830.0,0.0,0.1
2012-05-23,621.84,621.84,621.84,621.84,-0.85,-5.32,47081,27436562.0,0.0,0.1
2012-05-24,605.87,605.87,605.87,605.87,-2.57,-15.97,59269,34076237.0,0.0,0.12
2012-05-25,598.41,598.41,598.41,598.41,-1.23,-7.46,44054,24943359.0,0.0,0.09
2012-05-28,648.46,648.46,648.46,648.46,8.36,50.05,148269,88612285.0,0.0,0.3
2012-05-29,644.2,644.2,644.2,644.2,-0.66,-4.26,109048,65468279.0,0.0,0.22
2012-05-30,637.81,637.81,637.81,637.81,-0.99,-6.39,62641,37660097.0,0.0,0.13
2012-05-31,634.62,634.62,634.62,634.62,-0.5,-3.19,41853,25022455.0,0.0,0.08
2012-06-01,628.23,628.23,628.23,628.23,-1.01,-6.39,33979,20188918.0,0.0,0.07
2012-06-04,602.67,602.67,602.67,602.67,-4.07,-25.56,58818,33714849.0,0.0,0.12
2012-06-05,606.93,606.93,606.93,606.93,0.71,4.26,33257,19013211.0,0.0,0.07
2012-06-06,604.8,604.8,604.8,604.8,-0.35,-2.13,18409,10485924.0,0.0,0.04
2012-06-07,600.54,600.54,600.54,600.54,-0.7,-4.26,30437,17372020.0,0.0,0.06
2012-06-08,592.02,592.02,592.02,592.02,-1.42,-8.52,33616,18924444.0,0.0,0.07
2012-06-11,603.74,603.74,603.74,603.74,1.98,11.72,28647,16143208.0,0.0,0.06
2012-06-12,610.13,610.13,610.13,610.13,1.06,6.39,48898,28404893.0,0.0,0.1
2012-06-13,615.45,615.45,615.45,615.45,0.87,5.32,37131,21261401.0,0.0,0.07
2012-06-14,604.8,604.8,604.8,604.8,-1.73,-10.65,24724,14143140.0,0.0,0.05
2012-06-15,604.8,604.8,604.8,604.8,0.0,0.0,25315,14283459.0,0.0,0.05
2012-06-18,606.93,606.93,606.93,606.93,0.35,2.13,25934,14783083.0,0.0,0.05
2012-06-19,603.74,603.74,603.74,603.74,-0.53,-3.19,20929,11897012.0,0.0,0.04
2012-06-20,598.41,598.41,598.41,598.41,-0.88,-5.33,22826,12868660.0,0.0,0.05
2012-06-21,588.83,588.83,588.83,588.83,-1.6,-9.58,26244,14584055.0,0.0,0.05
2012-06-25,574.99,574.99,574.99,574.99,-2.35,-13.84,25128,13763500.0,0.0,0.05
2012-06-26,573.92,573.92,573.92,573.92,-0.19,-1.07,18163,9769198.0,0.0,0.04
2012-06-27,577.12,577.12,577.12,577.12,0.56,3.2,24930,13598933.0,0.0,0.05
2012-06-28,571.79,571.79,571.79,571.79,-0.92,-5.33,17872,9665420.0,0.0,0.04
2012-06-29,573.92,573.92,573.92,573.92,0.37,2.13,21928,11711654.0,0.0,0.04
2012-07-02,573.92,573.92,573.92,573.92,0.0,0.0,20778,11239078.0,0.0,0.04
2012-07-03,574.99,574.99,574.99,574.99,0.19,1.07,19178,10393559.0,0.0,0.04
2012-07-04,565.4,565.4,565.4,565.4,-1.67,-9.59,27498,14686877.0,0.0,0.06
2012-07-05,544.11,544.11,544.11,544.11,-3.77,-21.29,28593,14825847.0,0.0,0.06
2012-07-06,550.5,550.5,550.5,550.5,1.17,6.39,27618,14114715.0,0.0,0.06
2012-07-09,535.59,535.59,535.59,535.59,-2.71,-14.91,17144,8721004.0,0.0,0.03
2012-07-10,527.07,527.07,527.07,527.07,-1.59,-8.52,19087,9512357.0,0.0,0.04
2012-07-11,526.01,526.01,526.01,526.01,-0.2,-1.06,16801,8359346.0,0.0,0.03
2012-07-12,532.4,532.4,532.4,532.4,1.21,6.39,19306,9550010.0,0.0,0.04
2012-07-13,532.4,532.4,532.4,532.4,0.0,0.0,15923,7973232.0,0.0,0.03
2012-07-16,502.58,502.58,502.58,502.58,-5.6,-29.82,23689,11480162.0,0.0,0.05
2012-07-17,516.42,516.42,516.42,516.42,2.75,13.84,16751,7988244.0,0.0,0.03
2012-07-18,516.42,516.42,516.42,516.42,0.0,0.0,14729,7058871.0,0.0,0.03
2012-07-19,537.72,537.72,537.72,537.72,4.12,21.3,49706,25185237.0,0.0,0.1
2012-07-20,529.2,529.2,529.2,529.2,-1.58,-8.52,19836,9913281.0,0.0,0.04
2012-07-23,536.66,536.66,536.66,536.66,1.41,7.46,20526,10262102.0,0.0,0.04
2012-07-24,533.46,533.46,533.46,533.46,-0.6,-3.2,22536,11279712.0,0.0,0.05
2012-07-25,528.14,528.14,528.14,528.14,-1.0,-5.32,12159,6071062.0,0.0,0.02
2012-07-26,516.42,516.42,516.42,516.42,-2.22,-11.72,17900,8800249.0,0.0,0.04
2012-07-27,516.42,516.42,516.42,516.42,0.0,0.0,9130,4440313.0,0.0,0.02
2012-07-30,513.23,513.23,513.23,513.23,-0.62,-3.19,11295,5468682.0,0.0,0.02
2012-07-31,499.39,499.39,499.39,499.39,-2.7,-13.84,11480,5420476.0,0.0,0.02
2012-08-01,506.84,506.84,506.84,506.84,1.49,7.45,9626,4572370.0,0.0,0.02
2012-08-02,503.65,503.65,503.65,503.65,-0.63,-3.19,13890,6557732.0,0.0,0.03
2012-08-03,513.23,513.23,513.23,513.23,1.9,9.58,12521,5994815.0,0.0,0.03
2012-08-06,522.81,522.81,522.81,522.81,1.87,9.58,20498,9970785.0,0.0,0.04
2012-08-07,533.46,533.46,533.46,533.46,2.04,10.65,27416,13704522.0,0.0,0.06
2012-08-08,531.33,531.33,531.33,531.33,-0.4,-2.13,20059,10001278.0,0.0,0.04
2012-08-09,536.66,536.66,536.66,536.66,1.0,5.33,26709,13403173.0,0.0,0.05
2012-08-10,557.95,557.95,557.95,557.95,3.97,21.29,104538,54670747.0,0.0,0.21
2012-08-13,537.72,537.72,537.72,537.72,-3.63,-20.23,42300,21672236.0,0.0,0.09
2012-08-14,537.72,537.72,537.72,537.72,0.0,0.0,43245,21417087.0,0.0,0.09
2012-08-15,530.27,530.27,530.27,530.27,-1.39,-7.45,14211,7081396.0,0.0,0.03
2012-08-16,529.2,529.2,529.2,529.2,-0.2,-1.07,10082,5021270.0,0.0,0.02
2012-08-17,529.2,529.2,529.2,529.2,0.0,0.0,7830,3875270.0,0.0,0.02
2012-08-20,527.07,527.07,527.07,527.07,-0.4,-2.13,8794,4333358.0,0.0,0.02
2012-08-21,534.53,534.53,534.53,534.53,1.42,7.46,14109,7070456.0,0.0,0.03
2012-08-22,527.07,527.07,527.07,527.07,-1.4,-7.46,17916,8926908.0,0.0,0.04
2012-08-23,531.33,531.33,531.33,531.33,0.81,4.26,17815,8850057.0,0.0,0.04
2012-08-24,524.94,524.94,524.94,524.94,-1.2,-6.39,11454,5674008.0,0.0,0.02
2012-08-27,512.17,512.17,512.17,512.17,-2.43,-12.77,12178,5877258.0,0.0,0.02
2012-08-28,514.29,514.29,514.29,514.29,0.41,2.12,10568,5090556.0,0.0,0.02
2012-08-29,507.91,507.91,507.91,507.91,-1.24,-6.38,10072,4819304.0,0.0,0.02
2012-08-30,490.87,490.87,490.87,490.87,-3.35,-17.04,28985,13480863.0,0.0,0.06
2012-08-31,491.93,491.93,491.93,491.93,0.22,1.06,10185,4698673.0,0.0,0.02
2012-09-03,506.84,506.84,506.84,506.84,3.03,14.91,24724,11678521.0,0.0,0.05
2012-09-04,497.26,497.26,497.26,497.26,-1.89,-9.58,12235,5772520.0,0.0,0.02
2012-09-05,495.13,495.13,495.13,495.13,-0.43,-2.13,10953,5083961.0,0.0,0.02
2012-09-06,501.52,501.52,501.52,501.52,1.29,6.39,10247,4802273.0,0.0,0.02
2012-09-07,518.55,518.55,518.55,518.55,3.4,17.03,32581,15816561.0,0.0,0.07
2012-09-10,527.07,527.07,527.07,527.07,1.64,8.52,33288,16464070.0,0.0,0.07
2012-09-11,530.27,530.27,530.27,530.27,0.61,3.2,29012,14411165.0,0.0,0.06
2012-09-12,529.2,529.2,529.2,529.2,-0.2,-1.07,20920,10416544.0,0.0,0.04
2012-09-13,526.01,526.01,526.01,526.01,-0.6,-3.19,17946,8927788.0,0.0,0.04
2012-09-14,527.07,527.07,527.07,527.07,0.2,1.06,26834,13239471.0,0.0,0.05
2012-09-17,507.91,507.91,507.91,507.91,-3.64,-19.16,17523,8500393.0,0.0,0.04
2012-09-18,508.97,508.97,508.97,508.97,0.21,1.06,13769,6521966.0,0.0,0.03
2012-09-19,512.17,512.17,512.17,512.17,0.63,3.2,8468,4058456.0,0.0,0.02
2012-09-20,498.32,498.32,498.32,498.32,-2.7,-13.85,26729,12616307.0,0.0,0.05
2012-09-21,496.19,496.19,496.19,496.19,-0.43,-2.13,13952,6537254.0,0.0,0.03
2012-09-24,496.19,496.19,496.19,496.19,0.0,0.0,16467,7598968.0,0.0,0.03
2012-09-25,490.87,490.87,490.87,490.87,-1.07,-5.32,11523,5342250.0,0.0,0.02
2012-09-26,482.35,482.35,482.35,482.35,-1.74,-8.52,14738,6724257.0,0.0,0.03
2012-09-27,490.87,490.87,490.87,490.87,1.77,8.52,23139,10727890.0,0.0,0.05
2012-09-28,499.39,499.39,499.39,499.39,1.74,8.52,17800,8348352.0,0.0,0.04
2012-10-08,501.52,501.52,501.52,501.52,0.43,2.13,12186,5728156.0,0.0,0.02
2012-10-09,513.23,513.23,513.23,513.23,2.33,11.71,21155,10128745.0,0.0,0.04
2012-10-10,515.36,515.36,515.36,515.36,0.42,2.13,22502,10823107.0,0.0,0.05
2012-10-11,505.78,505.78,505.78,505.78,-1.86,-9.58,30402,14487206.0,0.0,0.06
2012-10-12,538.79,538.79,538.79,538.79,6.53,33.01,232380,120406574.0,0.0,0.47
2012-10-15,508.97,508.97,508.97,508.97,-5.53,-29.82,140222,68189814.0,0.0,0.28
2012-10-16,507.91,507.91,507.91,507.91,-0.21,-1.06,66859,31483833.0,0.0,0.14
2012-10-17,514.29,514.29,514.29,514.29,1.26,6.38,43624,20790605.0,0.0,0.09
2012-10-18,517.49,517.49,517.49,517.49,0.62,3.2,40513,19649356.0,0.0,0.08
2012-10-19,512.17,512.17,512.17,512.17,-1.03,-5.32,33060,16059694.0,0.0,0.07
2012-10-22,504.71,504.71,504.71,504.71,-1.46,-7.46,63652,29852612.0,0.0,0.13
2012-10-23,499.39,499.39,499.39,499.39,-1.05,-5.32,28334,13312736.0,0.0,0.06
2012-10-24,497.26,497.26,497.26,497.26,-0.43,-2.13,30760,14438316.0,0.0,0.06
2012-10-25,497.26,497.26,497.26,497.26,0.0,0.0,34644,16337240.0,0.0,0.07
2012-10-26,502.58,502.58,502.58,502.58,1.07,5.32,65819,31276420.0,0.0,0.13
2012-10-29,495.13,495.13,495.13,495.13,-1.48,-7.45,24298,11330079.0,0.0,0.05
2012-10-30,498.32,498.32,498.32,498.32,0.64,3.19,17539,8172198.0,0.0,0.04
2012-10-31,510.04,510.04,510.04,510.04,2.35,11.72,50050,23687088.0,0.0,0.1
2012-11-01,533.46,533.46,533.46,533.46,4.59,23.42,275895,141865328.0,0.0,0.56
2012-11-02,524.94,524.94,524.94,524.94,-1.6,-8.52,167527,82123253.0,0.0,0.34
2012-11-05,513.23,513.23,513.23,513.23,-2.23,-11.71,74988,36354808.0,0.0,0.15
2012-11-06,520.68,520.68,520.68,520.68,1.45,7.45,60739,29240647.0,0.0,0.12
2012-11-07,513.23,513.23,513.23,513.23,-1.43,-7.45,37324,18016495.0,0.0,0.08
2012-11-08,495.13,495.13,495.13,495.13,-3.53,-18.1,53914,25392377.0,0.0,0.11
2012-11-09,500.45,500.45,500.45,500.45,1.07,5.32,23159,10860683.0,0.0,0.05
2012-11-12,504.71,504.71,504.71,504.71,0.85,4.26,28043,13241912.0,0.0,0.06
2012-11-13,496.19,496.19,496.19,496.19,-1.69,-8.52,23020,10767309.0,0.0,0.05
2012-11-14,499.39,499.39,499.39,499.39,0.64,3.2,15359,7164991.0,0.0,0.03
2012-11-15,488.74,488.74,488.74,488.74,-2.13,-10.65,22391,10370408.0,0.0,0.05
2012-11-16,489.8,489.8,489.8,489.8,0.22,1.06,13028,5957824.0,0.0,0.03
2012-11-19,494.06,494.06,494.06,494.06,0.87,4.26,11858,5485414.0,0.0,0.02
2012-11-20,489.8,489.8,489.8,489.8,-0.86,-4.26,14230,6583661.0,0.0,0.03
2012-11-21,496.19,496.19,496.19,496.19,1.3,6.39,16598,7648157.0,0.0,0.03
2012-11-22,500.45,500.45,500.45,500.45,0.86,4.26,31527,14715826.0,0.0,0.06
2012-11-23,500.45,500.45,500.45,500.45,0.0,0.0,35667,16885664.0,0.0,0.07
2012-11-26,489.8,489.8,489.8,489.8,-2.13,-10.65,19333,8931799.0,0.0,0.04
2012-11-27,474.9,474.9,474.9,474.9,-3.04,-14.9,27741,12464431.0,0.0,0.06
2012-11-28,459.99,459.99,459.99,459.99,-3.14,-14.91,18587,8096477.0,0.0,0.04
2012-11-29,457.86,457.86,457.86,457.86,-0.46,-2.13,10348,4471844.0,0.0,0.02
2012-11-30,462.12,462.12,462.12,462.12,0.93,4.26,8228,3574149.0,0.0,0.02
2012-12-03,453.6,453.6,453.6,453.6,-1.84,-8.52,8954,3870394.0,0.0,0.02
2012-12-04,457.86,457.86,457.86,457.86,0.94,4.26,14065,6023905.0,0.0,0.03
2012-12-05,470.64,470.64,470.64,470.64,2.79,12.78,26479,11664697.0,0.0,0.05
2012-12-06,467.44,467.44,467.44,467.44,-0.68,-3.2,15101,6662686.0,0.0,0.03
2012-12-07,479.16,479.16,479.16,479.16,2.51,11.72,27598,12304654.0,0.0,0.06
2012-12-10,483.42,483.42,483.42,483.42,0.89,4.26,27652,12488449.0,0.0,0.06
2012-12-11,478.09,478.09,478.09,478.09,-1.1,-5.33,23430,10547618.0,0.0,0.05
2012-12-12,475.96,475.96,475.96,475.96,-0.45,-2.13,14855,6627894.0,0.0,0.03
2012-12-13,467.44,467.44,467.44,467.44,-1.79,-8.52,17787,7866539.0,0.0,0.04
2012-12-14,484.48,484.48,484.48,484.48,3.65,17.04,36651,16532183.0,0.0,0.07
2012-12-17,486.61,486.61,486.61,486.61,0.44,2.13,34744,15872520.0,0.0,0.07
2012-12-18,486.61,486.61,486.61,486.61,0.0,0.0,35897,16471900.0,0.0,0.07
2012-12-19,494.06,494.06,494.06,494.06,1.53,7.45,36052,16643670.0,0.0,0.07
2012-12-20,489.8,489.8,489.8,489.8,-0.86,-4.26,20995,9667251.0,0.0,0.04
2012-12-21,488.74,488.74,488.74,488.74,-0.22,-1.06,25633,11805997.0,0.0,0.05
2012-12-24,493.0,493.0,493.0,493.0,0.87,4.26,28112,13024893.0,0.0,0.06
2012-12-25,497.26,497.26,497.26,497.26,0.86,4.26,40165,18799697.0,0.0,0.08
2012-12-26,506.84,506.84,506.84,506.84,1.93,9.58,51065,24126607.0,0.0,0.1
2012-12-27,496.19,496.19,496.19,496.19,-2.1,-10.65,40841,19336073.0,0.0,0.08
2012-12-28,502.58,502.58,502.58,502.58,1.29,6.39,39077,18493375.0,0.0,0.08
2012-12-31,503.65,503.65,503.65,503.65,0.21,1.07,37939,18049340.0,0.0,0.08
2013-01-04,510.04,510.04,510.04,510.04,1.27,6.39,70678,34360882.0,0.0,0.14
2013-01-07,517.49,517.49,517.49,517.49,1.46,7.45,61882,30257015.0,0.0,0.12
2013-01-08,545.17,545.17,545.17,545.17,5.35,27.68,164279,83768853.0,0.0,0.33
2013-01-09,548.37,548.37,548.37,548.37,0.59,3.2,108267,56072824.0,0.0,0.22
2013-01-10,551.56,551.56,551.56,551.56,0.58,3.19,50812,26312056.0,0.0,0.1
2013-01-11,523.88,523.88,523.88,523.88,-5.02,-27.68,64343,32510425.0,0.0,0.13
2013-01-14,555.82,555.82,555.82,555.82,6.1,31.94,101622,52172077.0,0.0,0.21
2013-01-15,570.73,570.73,570.73,570.73,2.68,14.91,97936,51776974.0,0.0,0.2
2013-01-16,546.24,546.24,546.24,546.24,-4.29,-24.49,99987,51792162.0,0.0,0.2
2013-01-17,547.3,547.3,547.3,547.3,0.19,1.06,95547,49753378.0,0.0,0.19
2013-01-18,549.43,549.43,549.43,549.43,0.39,2.13,51241,26543842.0,0.0,0.1
2013-01-21,557.95,557.95,557.95,557.95,1.55,8.52,60932,31947292.0,0.0,0.12
2013-01-22,544.11,544.11,544.11,544.11,-2.48,-13.84,46943,24182516.0,0.0,0.09
2013-01-23,541.98,541.98,541.98,541.98,-0.39,-2.13,40133,20277342.0,0.0,0.08
2013-01-24,529.2,529.2,529.2,529.2,-2.36,-12.78,44729,22473641.0,0.0,0.09
2013-01-25,527.07,527.07,527.07,527.07,-0.4,-2.13,21240,10574422.0,0.0,0.04
2013-01-28,545.17,545.17,545.17,545.17,3.43,18.1,37906,19221611.0,0.0,0.08
2013-01-29,555.82,555.82,555.82,555.82,1.95,10.65,59325,30863937.0,0.0,0.12
2013-01-30,565.4,565.4,565.4,565.4,1.72,9.58,97741,51936822.0,0.0,0.2
2013-01-31,572.86,572.86,572.86,572.86,1.32,7.46,74103,39499103.0,0.0,0.15
2013-02-01,602.67,602.67,602.67,602.67,5.2,29.81,135881,76771341.0,0.0,0.27
2013-02-04,639.94,639.94,639.94,639.94,6.18,37.27,123681,73132576.0,0.0,0.25
2013-02-05,660.17,660.17,660.17,660.17,3.16,20.23,109688,67476536.0,0.0,0.22
2013-02-06,695.31,695.31,695.31,695.31,5.32,35.14,115399,72644324.0,0.0,0.23
2013-02-07,709.15,709.15,709.15,709.15,1.99,13.84,73231,48535623.0,0.0,0.15
2013-02-08,711.28,711.28,711.28,711.28,0.3,2.13,70197,46577116.0,0.0,0.14
2013-02-18,774.1,774.1,774.1,774.1,8.83,62.82,156581,111765192.0,0.0,0.32
2013-02-19,726.19,726.19,726.19,726.19,-6.19,-47.91,135898,94253026.0,0.0,0.27
2013-02-20,729.38,729.38,729.38,729.38,0.44,3.19,131635,87536222.0,0.0,0.27
2013-02-21,685.73,685.73,685.73,685.73,-5.98,-43.65,91770,59827964.0,0.0,0.19
2013-02-22,668.69,668.69,668.69,668.69,-2.48,-17.04,103952,65684530.0,0.0,0.21
2013-02-25,686.79,686.79,686.79,686.79,2.71,18.1,90356,57008407.0,0.0,0.18
2013-02-26,662.3,662.3,662.3,662.3,-3.57,-24.49,47136,29790163.0,0.0,0.1
2013-02-27,669.75,669.75,669.75,669.75,1.12,7.45,74472,47134882.0,0.0,0.15
2013-02-28,686.79,686.79,686.79,686.79,2.54,17.04,111668,70479607.0,0.0,0.23
2013-03-01,682.53,682.53,682.53,682.53,-0.62,-4.26,75837,48226065.0,0.0,0.15
2013-03-04,620.77,620.77,620.77,620.77,-9.05,-61.76,160092,94899289.0,0.0,0.32
2013-03-05,632.49,632.49,632.49,632.49,1.89,11.72,65625,38484837.0,0.0,0.13
2013-03-06,632.49,632.49,632.49,632.49,0.0,0.0,62137,37175366.0,0.0,0.13
2013-03-07,659.11,659.11,659.11,659.11,4.21,26.62,150206,93204713.0,0.0,0.3
2013-03-08,631.42,631.42,631.42,631.42,-4.2,-27.69,72161,43388520.0,0.0,0.15
2013-03-11,620.77,620.77,620.77,620.77,-1.69,-10.65,53389,31297162.0,0.0,0.11
2013-03-12,629.29,629.29,629.29,629.29,1.37,8.52,82830,47703423.0,0.0,0.17
2013-03-13,622.9,622.9,622.9,622.9,-1.02,-6.39,38583,22537504.0,0.0,0.08
2013-03-14,612.26,612.26,612.26,612.26,-1.71,-10.64,36501,21157001.0,0.0,0.07
2013-03-15,611.19,611.19,611.19,611.19,-0.17,-1.07,56059,32357519.0,0.0,0.11
2013-03-18,597.35,597.35,597.35,597.35,-2.26,-13.84,40656,22971432.0,0.0,0.08
2013-03-19,602.67,602.67,602.67,602.67,0.89,5.32,42970,24100524.0,0.0,0.09
2013-03-20,635.68,635.68,635.68,635.68,5.48,33.01,88703,51931579.0,0.0,0.18
2013-03-21,647.39,647.39,647.39,647.39,1.84,11.71,116557,71192336.0,0.0,0.24
2013-03-22,643.13,643.13,643.13,643.13,-0.66,-4.26,55749,33663025.0,0.0,0.11
2013-03-25,654.85,654.85,654.85,654.85,1.82,11.72,64810,39686836.0,0.0,0.13
2013-03-26,685.73,685.73,685.73,685.73,4.72,30.88,203047,129103403.0,0.0,0.41
2013-03-27,731.51,731.51,731.51,731.51,6.68,45.78,254750,171979288.0,0.0,0.51
2013-03-28,719.8,719.8,719.8,719.8,-1.6,-11.71,166750,112299793.0,0.0,0.34
2013-03-29,679.34,679.34,679.34,679.34,-5.62,-40.46,115144,75196130.0,0.0,0.23
2013-04-01,698.5,698.5,698.5,698.5,2.82,19.16,98928,65457264.0,0.0,0.2
2013-04-02,698.5,698.5,698.5,698.5,0.0,0.0,118290,78515281.0,0.0,0.24
2013-04-03,677.21,677.21,677.21,677.21,-3.05,-21.29,104802,67177925.0,0.0,0.21
2013-04-08,705.96,705.96,705.96,705.96,4.25,28.75,78177,50135059.0,0.0,0.16
2013-04-09,725.12,725.12,725.12,725.12,2.71,19.16,120230,82379374.0,0.0,0.24
2013-04-10,715.54,715.54,715.54,715.54,-1.32,-9.58,59840,40149912.0,0.0,0.12
2013-04-11,718.73,718.73,718.73,718.73,0.45,3.19,53735,36110096.0,0.0,0.11
2013-04-12,717.67,717.67,717.67,717.67,-0.15,-1.06,54964,37273649.0,0.0,0.11
2013-04-15,745.35,745.35,745.35,745.35,3.86,27.68,128400,88586480.0,0.0,0.26
2013-04-16,754.94,754.94,754.94,754.94,1.29,9.59,130460,91581587.0,0.0,0.26
2013-04-17,804.98,804.98,804.98,804.98,6.63,50.04,195649,147433241.0,0.0,0.4
2013-04-18,851.83,851.83,851.83,851.83,5.82,46.85,220933,173350864.0,0.0,0.45
2013-04-19,848.64,848.64,848.64,848.64,-0.37,-3.19,257782,205816512.0,0.0,0.52
2013-04-22,888.04,888.04,888.04,888.04,4.64,39.4,249431,198983068.0,0.0,0.5
2013-04-23,802.85,802.85,802.85,802.85,-9.59,-85.19,220829,173498658.0,0.0,0.45
2013-04-24,834.8,834.8,834.8,834.8,3.98,31.95,194431,152007377.0,0.0,0.39
2013-04-25,776.23,776.23,776.23,776.23,-7.02,-58.57,187892,142261774.0,0.0,0.38
2013-04-26,787.95,787.95,787.95,787.95,1.51,11.72,94422,69397511.0,0.0,0.19
2013-05-02,761.33,761.33,761.33,761.33,-3.38,-26.62,114450,81976752.0,0.0,0.23
2013-05-03,782.62,782.62,782.62,782.62,2.8,21.29,133934,98397608.0,0.0,0.27
2013-05-06,797.53,797.53,797.53,797.53,1.91,14.91,129147,95742868.0,0.0,0.26
2013-05-07,753.87,753.87,753.87,753.87,-5.47,-43.66,215332,153762114.0,0.0,0.43
2013-05-08,757.07,757.07,757.07,757.07,0.42,3.2,125812,87997346.0,0.0,0.25
2013-05-09,780.49,780.49,780.49,780.49,3.09,23.42,146606,105341864.0,0.0,0.3
2013-05-10,766.65,766.65,766.65,766.65,-1.77,-13.84,87006,62728787.0,0.0,0.18
2013-05-13,793.27,793.27,793.27,793.27,3.47,26.62,118000,87034814.0,0.0,0.24
2013-05-14,791.14,791.14,791.14,791.14,-0.27,-2.13,125466,93826331.0,0.0,0.25
2013-05-15,804.98,804.98,804.98,804.98,1.75,13.84,148799,111363637.0,0.0,0.3
2013-05-16,832.67,832.67,832.67,832.67,3.44,27.69,177165,137807955.0,0.0,0.36
2013-05-17,830.54,830.54,830.54,830.54,-0.26,-2.13,117210,90951123.0,0.0,0.24
2013-05-20,831.6,831.6,831.6,831.6,0.13,1.06,108964,85209608.0,0.0,0.22
2013-05-21,804.98,804.98,804.98,804.98,-3.2,-26.62,159245,120192152.0,0.0,0.32
2013-05-22,787.95,787.95,787.95,787.95,-2.12,-17.03,76443,56885887.0,0.0,0.15
2013-05-23,775.17,775.17,775.17,775.17,-1.62,-12.78,94035,69725808.0,0.0,0.19
2013-05-24,780.49,780.49,780.49,780.49,0.69,5.32,73133,53554171.0,0.0,0.15
2013-05-27,795.4,795.4,795.4,795.4,1.91,14.91,81934,60877196.0,0.0,0.17
2013-05-28,818.83,818.83,818.83,818.83,2.95,23.43,160804,123840463.0,0.0,0.32
2013-05-29,808.18,808.18,808.18,808.18,-1.3,-10.65,89971,68604148.0,0.0,0.18
2013-05-30,795.4,795.4,795.4,795.4,-1.58,-12.78,82255,61859624.0,0.0,0.17
2013-05-31,794.34,794.34,794.34,794.34,-0.13,-1.06,56458,42570279.0,0.0,0.11
2013-06-03,798.59,798.59,798.59,798.59,0.54,4.25,74921,56564720.0,0.0,0.15
2013-06-04,752.81,752.81,752.81,752.81,-5.73,-45.78,120963,86366430.0,0.0,0.24
2013-06-05,750.68,750.68,750.68,750.68,-0.28,-2.13,63157,44315171.0,0.0,0.13
2013-06-06,725.12,725.12,725.12,725.12,-3.4,-25.56,63914,44254896.0,0.0,0.13
2013-06-07,696.37,696.37,696.37,696.37,-3.96,-28.75,105524,69056901.0,0.0,0.21
2013-06-13,643.13,643.13,643.13,643.13,-7.65,-53.24,117396,72218814.0,0.0,0.24
2013-06-14,652.72,652.72,652.72,652.72,1.49,9.59,98717,60405921.0,0.0,0.2
2013-06-17,711.28,711.28,711.28,711.28,8.97,58.56,188343,123120914.0,0.0,0.38
2013-06-18,728.32,728.32,728.32,728.32,2.4,17.04,159425,109749298.0,0.0,0.32
2013-06-19,732.58,732.58,732.58,732.58,0.58,4.26,84863,57342980.0,0.0,0.17
2013-06-20,712.35,712.35,712.35,712.35,-2.76,-20.23,67261,45537121.0,0.0,0.14
2013-06-21,711.28,711.28,711.28,711.28,-0.15,-1.07,50684,33489447.0,0.0,0.1
2013-06-24,664.43,664.43,664.43,664.43,-6.59,-46.85,81335,51920198.0,0.0,0.16
2013-06-25,687.86,687.86,687.86,687.86,3.53,23.43,120633,74203751.0,0.0,0.24
2013-06-26,729.38,729.38,729.38,729.38,6.04,41.52,114840,76900037.0,0.0,0.23
2013-06-27,732.58,732.58,732.58,732.58,0.44,3.2,153545,106597506.0,0.0,0.31
2013-06-28,738.97,738.97,738.97,738.97,0.87,6.39,78326,53924857.0,0.0,0.16
2013-07-01,757.07,757.07,757.07,757.07,2.45,18.1,94364,66120107.0,0.0,0.19
2013-07-02,786.88,786.88,786.88,786.88,3.94,29.81,123678,89184981.0,0.0,0.25
2013-07-03,765.59,765.59,765.59,765.59,-2.71,-21.29,194885,144429149.0,0.0,0.39
2013-07-04,802.85,802.85,802.85,802.85,4.87,37.26,195754,146541990.0,0.0,0.4
2013-07-05,806.05,806.05,806.05,806.05,0.4,3.2,112977,84464823.0,0.0,0.23
2013-07-08,745.35,745.35,745.35,745.35,-7.53,-60.7,104942,75966890.0,0.0,0.21
2013-07-09,748.55,748.55,748.55,748.55,0.43,3.2,64011,45426376.0,0.0,0.13
2013-07-10,770.91,770.91,770.91,770.91,2.99,22.36,56488,40379484.0,0.0,0.11
2013-07-11,810.31,810.31,810.31,810.31,5.11,39.4,127521,95979173.0,0.0,0.26
2013-07-12,815.63,815.63,815.63,815.63,0.66,5.32,220946,171695225.0,0.0,0.45
2013-07-15,825.21,825.21,825.21,825.21,1.17,9.58,107114,82034863.0,0.0,0.22
2013-07-16,819.89,819.89,819.89,819.89,-0.64,-5.32,96638,74148218.0,0.0,0.2
2013-07-17,797.53,797.53,797.53,797.53,-2.73,-22.36,92739,70498086.0,0.0,0.19
2013-07-18,797.53,797.53,797.53,797.53,0.0,0.0,82278,61846111.0,0.0,0.17
2013-07-19,773.04,773.04,773.04,773.04,-3.07,-24.49,84055,62135997.0,0.0,0.17
2013-07-22,787.95,787.95,787.95,787.95,1.93,14.91,55735,40488740.0,0.0,0.11
2013-07-23,840.12,840.12,840.12,840.12,6.62,52.17,159185,122785053.0,0.0,0.32
2013-07-24,864.61,864.61,864.61,864.61,2.92,24.49,197849,159938585.0,0.0,0.4
2013-07-25,871.0,871.0,871.0,871.0,0.74,6.39,150662,123316188.0,0.0,0.3
2013-07-26,921.05,921.05,921.05,921.05,5.75,50.05,247788,212933121.0,0.0,0.5
2013-07-29,916.79,916.79,916.79,916.79,-0.46,-4.26,307360,272856464.0,0.0,0.62
2013-07-30,932.76,932.76,932.76,932.76,1.74,15.97,229466,195120676.0,0.0,0.46
2013-07-31,975.35,975.35,975.35,975.35,4.57,42.59,306532,277602992.0,0.0,0.62
2013-08-01,971.09,971.09,971.09,971.09,-0.44,-4.26,251114,229320459.0,0.0,0.51
2013-08-02,945.54,945.54,945.54,945.54,-2.63,-25.55,165696,150089055.0,0.0,0.33
2013-08-05,1025.4,1025.4,1025.4,1025.4,8.45,79.86,305562,284903424.0,0.0,0.62
2013-08-06,1082.89,1082.89,1082.89,1082.89,5.61,57.49,324378,327394208.0,0.0,0.66
2013-08-07,1090.35,1090.35,1090.35,1090.35,0.69,7.46,292187,300734464.0,0.0,0.59
2013-08-08,1105.25,1105.25,1105.25,1105.25,1.37,14.9,157995,162612470.0,0.0,0.32
2013-08-09,1072.25,1072.25,1072.25,1072.25,-2.99,-33.0,226289,229242429.0,0.0,0.46
2013-08-12,1072.25,1072.25,1072.25,1072.25,0.0,0.0,227438,231359913.0,0.0,0.46
2013-08-13,1092.48,1092.48,1092.48,1092.48,1.89,20.23,171702,174034161.0,0.0,0.35
2013-08-14,1075.44,1075.44,1075.44,1075.44,-1.56,-17.04,242333,241409461.0,0.0,0.49
2013-08-15,1064.79,1064.79,1064.79,1064.79,-0.99,-10.65,104049,104476061.0,0.0,0.21
2013-08-16,1070.12,1070.12,1070.12,1070.12,0.5,5.33,185555,188907043.0,0.0,0.37
2013-08-19,1092.48,1092.48,1092.48,1092.48,2.09,22.36,207458,206917461.0,0.0,0.42
2013-08-20,1202.15,1202.15,1202.15,1202.15,10.04,109.67,469153,518963008.0,0.0,0.95
2013-08-21,1189.26,1189.26,1189.26,1189.26,-1.07,-12.89,278143,309854032.0,0.0,0.56
2013-08-22,1194.63,1194.63,1194.63,1194.63,0.45,5.37,201814,222694586.0,0.0,0.41
2013-08-23,1151.66,1151.66,1151.66,1151.66,-3.6,-42.97,202106,220674576.0,0.0,0.41
2013-08-26,1168.85,1168.85,1168.85,1168.85,1.49,17.19,111935,121642892.0,0.0,0.23
2013-08-27,1188.18,1188.18,1188.18,1188.18,1.65,19.33,132192,147575516.0,0.0,0.27
2013-09-03,1133.39,1133.39,1133.39,1133.39,-4.61,-54.79,228783,240114916.0,0.0,0.46
2013-09-04,1105.46,1105.46,1105.46,1105.46,-2.46,-27.93,131338,136693755.0,0.0,0.27
2013-09-05,1138.77,1138.77,1138.77,1138.77,3.01,33.31,104556,108718545.0,0.0,0.21
2013-09-06,1101.17,1101.17,1101.17,1101.17,-3.3,-37.6,85184,87768227.0,0.0,0.17
2013-09-09,1080.75,1080.75,1080.75,1080.75,-1.85,-20.42,143676,144931394.0,0.0,0.29
2013-09-10,1108.69,1108.69,1108.69,1108.69,2.59,27.94,125106,127549187.0,0.0,0.25
2013-09-11,1092.57,1092.57,1092.57,1092.57,-1.45,-16.12,104694,105403300.0,0.0,0.21
2013-09-12,1180.66,1180.66,1180.66,1180.66,8.06,88.09,206939,221116350.0,0.0,0.42
2013-09-13,1167.77,1167.77,1167.77,1167.77,-1.09,-12.89,133166,143355616.0,0.0,0.27
2013-09-16,1171.0,1171.0,1171.0,1171.0,0.28,3.23,104669,113942325.0,0.0,0.21
2013-09-17,1130.17,1130.17,1130.17,1130.17,-3.49,-40.83,87300,93632752.0,0.0,0.18
2013-09-18,1102.24,1102.24,1102.24,1102.24,-2.47,-27.93,86330,88785914.0,0.0,0.17
2013-09-23,1149.51,1149.51,1149.51,1149.51,4.29,47.27,142265,147550275.0,0.0,0.29
2013-09-24,1122.65,1122.65,1122.65,1122.65,-2.34,-26.86,83396,86766496.0,0.0,0.17
2013-09-25,1089.35,1089.35,1089.35,1089.35,-2.97,-33.3,99835,102029604.0,0.0,0.2
2013-09-26,1039.93,1039.93,1039.93,1039.93,-4.54,-49.42,103825,103889197.0,0.0,0.21
2013-09-27,1089.35,1089.35,1089.35,1089.35,4.75,49.42,119846,121049276.0,0.0,0.24
2013-09-30,1103.31,1103.31,1103.31,1103.31,1.28,13.96,68996,70811747.0,0.0,0.14
2013-10-08,1087.2,1087.2,1087.2,1087.2,-1.46,-16.11,143212,145494852.0,0.0,0.29
2013-10-09,1081.83,1081.83,1081.83,1081.83,-0.49,-5.37,144731,145556501.0,0.0,0.29
2013-10-10,1062.49,1062.49,1062.49,1062.49,-1.79,-19.34,197095,192694942.0,0.0,0.4
2013-10-11,1057.12,1057.12,1057.12,1057.12,-0.51,-5.37,184494,179486170.0,0.0,0.37
2013-10-14,1065.71,1065.71,1065.71,1065.71,0.81,8.59,229065,228966905.0,0.0,0.46
2013-10-15,1066.79,1066.79,1066.79,1066.79,0.1,1.08,96217,96058327.0,0.0,0.19
2013-10-16,987.29,987.29,987.29,987.29,-7.45,-79.5,202127,190150662.0,0.0,0.41
2013-10-17,958.28,958.28,958.28,958.28,-2.94,-29.01,135837,123554969.0,0.0,0.27
2013-10-18,977.62,977.62,977.62,977.62,2.02,19.34,128364,114420666.0,0.0,0.26
2013-10-21,989.44,989.44,989.44,989.44,1.21,11.82,110325,100104419.0,0.0,0.22
2013-10-22,1007.7,1007.7,1007.7,1007.7,1.85,18.26,138279,129225103.0,0.0,0.28
2013-10-23,972.25,972.25,972.25,972.25,-3.52,-35.45,61784,56751127.0,0.0,0.12
2013-10-24,977.62,977.62,977.62,977.62,0.55,5.37,49863,45040731.0,0.0,0.1
2013-10-25,951.84,951.84,951.84,951.84,-2.64,-25.78,102471,90845162.0,0.0,0.21
2013-10-28,949.69,949.69,949.69,949.69,-0.23,-2.15,98707,87717386.0,0.0,0.2
2013-10-29,914.24,914.24,914.24,914.24,-3.73,-35.45,113235,96767183.0,0.0,0.23
2013-10-30,921.76,921.76,921.76,921.76,0.82,7.52,73985,62446864.0,0.0,0.15
2013-10-31,873.41,873.41,873.41,873.41,-5.25,-48.35,95359,78731733.0,0.0,0.19
2013-11-01,882.01,882.01,882.01,882.01,0.98,8.6,60516,48612506.0,0.0,0.12
2013-11-04,909.94,909.94,909.94,909.94,3.17,27.93,113933,95759559.0,0.0,0.23
2013-11-05,942.17,942.17,942.17,942.17,3.54,32.23,111394,95941314.0,0.0,0.22
2013-11-06,926.05,926.05,926.05,926.05,-1.71,-16.12,119272,104017263.0,0.0,0.24
2013-11-07,931.43,931.43,931.43,931.43,0.58,5.38,88992,75819508.0,0.0,0.18
2013-11-08,920.68,920.68,920.68,920.68,-1.15,-10.75,58009,49729557.0,0.0,0.12
2013-11-11,912.09,912.09,912.09,912.09,-0.93,-8.59,39714,33692630.0,0.0,0.08
2013-11-12,923.9,923.9,923.9,923.9,1.29,11.81,53804,45993694.0,0.0,0.11
2013-11-13,883.08,883.08,883.08,883.08,-4.42,-40.82,60410,50458105.0,0.0,0.12
2013-11-14,901.34,901.34,901.34,901.34,2.07,18.26,45209,37152658.0,0.0,0.09
2013-11-15,912.09,912.09,912.09,912.09,1.19,10.75,81956,69871301.0,0.0,0.17
2013-11-18,965.8,965.8,965.8,965.8,5.89,53.71,144801,128398493.0,0.0,0.29
2013-11-19,986.21,986.21,986.21,986.21,2.11,20.41,150097,137508436.0,0.0,0.3
2013-11-20,1018.44,1018.44,1018.44,1018.44,3.27,32.23,157195,145421382.0,0.0,0.32
2013-11-21,1003.4,1003.4,1003.4,1003.4,-1.48,-15.04,116782,109486611.0,0.0,0.24
2013-11-22,986.21,986.21,986.21,986.21,-1.71,-17.19,73409,68066307.0,0.0,0.15
2013-11-25,992.66,992.66,992.66,992.66,0.65,6.45,114364,107180541.0,0.0,0.23
2013-11-26,991.59,991.59,991.59,991.59,-0.11,-1.07,55344,51062929.0,0.0,0.11
2013-11-27,994.81,994.81,994.81,994.81,0.32,3.22,78364,72512794.0,0.0,0.16
2013-11-28,1007.7,1007.7,1007.7,1007.7,1.3,12.89,139146,131068079.0,0.0,0.28
2013-11-29,1010.92,1010.92,1010.92,1010.92,0.32,3.22,69796,65322687.0,0.0,0.14
2013-12-02,934.65,934.65,934.65,934.65,-7.54,-76.27,145985,131084884.0,0.0,0.29
2013-12-03,956.13,956.13,956.13,956.13,2.3,21.48,64257,56750688.0,0.0,0.13
2013-12-04,984.07,984.07,984.07,984.07,2.92,27.94,72178,65869708.0,0.0,0.15
2013-12-05,992.66,992.66,992.66,992.66,0.87,8.59,82255,75628444.0,0.0,0.17
2013-12-06,978.69,978.69,978.69,978.69,-1.41,-13.97,54960,50090882.0,0.0,0.11
2013-12-09,984.07,984.07,984.07,984.07,0.55,5.38,49939,45710938.0,0.0,0.1
2013-12-10,1048.52,1048.52,1048.52,1048.52,6.55,64.45,205184,195164489.0,0.0,0.41
2013-12-11,1054.97,1054.97,1054.97,1054.97,0.62,6.45,139390,135130749.0,0.0,0.28
2013-12-12,1033.48,1033.48,1033.48,1033.48,-2.04,-21.49,131253,128165149.0,0.0,0.27
2013-12-13,1025.96,1025.96,1025.96,1025.96,-0.73,-7.52,59524,57111783.0,0.0,0.12
2013-12-16,1043.15,1043.15,1043.15,1043.15,1.68,17.19,86586,83466669.0,0.0,0.17
2013-12-17,996.96,996.96,996.96,996.96,-4.43,-46.19,115104,108170525.0,0.0,0.23
2013-12-18,1001.26,1001.26,1001.26,1001.26,0.43,4.3,45463,42114508.0,0.0,0.09
2013-12-19,991.59,991.59,991.59,991.59,-0.97,-9.67,38817,36112359.0,0.0,0.08
2013-12-20,1005.55,1005.55,1005.55,1005.55,1.41,13.96,60668,56409292.0,0.0,0.12
2013-12-23,993.73,993.73,993.73,993.73,-1.18,-11.82,43673,40432549.0,0.0,0.09
2013-12-24,1015.22,1015.22,1015.22,1015.22,2.16,21.49,121696,115629509.0,0.0,0.25
2013-12-25,1035.63,1035.63,1035.63,1035.63,2.01,20.41,76033,72825949.0,0.0,0.15
2013-12-26,995.88,995.88,995.88,995.88,-3.84,-39.75,69461,65627197.0,0.0,0.14
2013-12-27,1015.22,1015.22,1015.22,1015.22,1.94,19.34,68827,64815562.0,0.0,0.14
2013-12-30,965.8,965.8,965.8,965.8,-4.87,-49.42,170772,156251238.0,0.0,0.34
2013-12-31,978.69,978.69,978.69,978.69,1.33,12.89,90682,80684480.0,0.0,0.18
2014-01-02,966.88,966.88,966.88,966.88,-1.21,-11.81,60745,54935093.0,0.0,0.12
2014-01-03,941.09,941.09,941.09,941.09,-2.67,-25.79,173070,153706626.0,0.0,0.35
2014-01-06,886.3,886.3,886.3,886.3,-5.82,-54.79,145601,121802357.0,0.0,0.29
2014-01-07,873.41,873.41,873.41,873.41,-1.45,-12.89,104799,85679073.0,0.0,0.21
2014-01-08,895.97,895.97,895.97,895.97,2.58,22.56,107443,88785965.0,0.0,0.22
2014-01-09,863.74,863.74,863.74,863.74,-3.6,-32.23,98777,81072505.0,0.0,0.2
2014-01-10,864.82,864.82,864.82,864.82,0.13,1.08,59613,47834632.0,0.0,0.12
2014-01-13,884.16,884.16,884.16,884.16,2.24,19.34,81575,66831994.0,0.0,0.16
2014-01-14,919.61,919.61,919.61,919.61,4.01,35.45,113622,95993923.0,0.0,0.23
2014-01-15,913.16,913.16,913.16,913.16,-0.7,-6.45,81836,69532033.0,0.0,0.17
2014-01-16,913.16,913.16,913.16,913.16,0.0,0.0,77392,66409581.0,0.0,0.16
2014-01-17,927.13,927.13,927.13,927.13,1.53,13.97,109905,94980910.0,0.0,0.22
2014-01-20,921.76,921.76,921.76,921.76,-0.58,-5.37,51745,44444967.0,0.0,0.1
2014-01-21,933.57,933.57,933.57,933.57,1.28,11.81,73115,63276872.0,0.0,0.15
2014-01-22,971.17,971.17,971.17,971.17,4.03,37.6,194471,173208792.0,0.0,0.39
2014-01-23,971.17,971.17,971.17,971.17,0.0,0.0,188209,173087951.0,0.0,0.38
2014-01-24,970.1,970.1,970.1,970.1,-0.11,-1.07,102998,93704817.0,0.0,0.21
2014-01-27,977.62,977.62,977.62,977.62,0.78,7.52,104250,94260799.0,0.0,0.21
2014-01-28,979.77,979.77,979.77,979.77,0.22,2.15,68712,62452084.0,0.0,0.14
2014-01-29,1022.74,1022.74,1022.74,1022.74,4.39,42.97,159969,152166765.0,0.0,0.32
2014-01-30,1025.96,1025.96,1025.96,1025.96,0.31,3.22,105410,101123734.0,0.0,0.21
2014-02-07,1041.0,1041.0,1041.0,1041.0,1.47,15.04,139096,133269123.0,0.0,0.28
2014-02-10,1049.6,1049.6,1049.6,1049.6,0.83,8.6,151388,147538078.0,0.0,0.31
2014-02-11,1008.78,1008.78,1008.78,1008.78,-3.89,-40.82,197415,188050726.0,0.0,0.4
2014-02-12,1086.13,1086.13,1086.13,1086.13,7.67,77.35,294520,289898800.0,0.0,0.59
2014-02-13,1051.75,1051.75,1051.75,1051.75,-3.17,-34.38,177022,175582035.0,0.0,0.36
2014-02-14,1042.08,1042.08,1042.08,1042.08,-0.92,-9.67,179988,175837683.0,0.0,0.36
2014-02-17,1056.04,1056.04,1056.04,1056.04,1.34,13.96,260676,253382929.0,0.0,0.53
2014-02-18,1101.17,1101.17,1101.17,1101.17,4.27,45.13,446116,453363728.0,0.0,0.9
2014-02-19,1089.35,1089.35,1089.35,1089.35,-1.07,-11.82,274695,280228432.0,0.0,0.55
2014-02-20,1057.12,1057.12,1057.12,1057.12,-2.96,-32.23,159391,157955745.0,0.0,0.32
2014-02-21,1068.94,1068.94,1068.94,1068.94,1.12,11.82,134345,133033531.0,0.0,0.27
2014-02-24,1047.45,1047.45,1047.45,1047.45,-2.01,-21.49,128313,124009855.0,0.0,0.26
2014-02-25,996.96,996.96,996.96,996.96,-4.82,-50.49,146393,138470275.0,0.0,0.3
2014-02-26,1008.78,1008.78,1008.78,1008.78,1.19,11.82,144421,133030496.0,0.0,0.29
2014-02-27,972.25,972.25,972.25,972.25,-3.62,-36.53,121404,111883961.0,0.0,0.25
2014-02-28,978.69,978.69,978.69,978.69,0.66,6.44,116332,103650780.0,0.0,0.23
2014-03-03,1013.07,1013.07,1013.07,1013.07,3.51,34.38,122342,114354668.0,0.0,0.25
2014-03-04,999.11,999.11,999.11,999.11,-1.38,-13.96,72700,67561515.0,0.0,0.15
2014-03-05,993.73,993.73,993.73,993.73,-0.54,-5.38,50684,47245366.0,0.0,0.1
2014-03-06,1031.34,1031.34,1031.34,1031.34,3.78,37.61,181668,173273497.0,0.0,0.37
2014-03-07,1039.93,1039.93,1039.93,1039.93,0.83,8.59,121022,115667831.0,0.0,0.24
2014-03-10,1029.19,1029.19,1029.19,1029.19,-1.03,-10.74,167766,161692283.0,0.0,0.34
2014-03-11,1062.49,1062.49,1062.49,1062.49,3.24,33.3,234296,229979497.0,0.0,0.47
2014-03-12,1053.9,1053.9,1053.9,1053.9,-0.81,-8.59,234861,231711339.0,0.0,0.47
2014-03-13,1037.78,1037.78,1037.78,1037.78,-1.53,-16.12,116360,111948466.0,0.0,0.23
2014-03-14,1008.78,1008.78,1008.78,1008.78,-2.79,-29.0,106130,101253581.0,0.0,0.21
2014-03-17,1022.74,1022.74,1022.74,1022.74,1.38,13.96,92648,87391950.0,0.0,0.19
2014-03-18,1004.48,1004.48,1004.48,1004.48,-1.79,-18.26,106954,101338274.0,0.0,0.22
2014-03-19,1047.45,1047.45,1047.45,1047.45,4.28,42.97,223252,215420710.0,0.0,0.45
2014-03-20,1000.18,1000.18,1000.18,1000.18,-4.51,-47.27,161419,154673970.0,0.0,0.33
2014-03-21,1016.3,1016.3,1016.3,1016.3,1.61,16.12,186687,171550888.0,0.0,0.38
2014-03-24,1003.4,1003.4,1003.4,1003.4,-1.27,-12.9,91897,85921092.0,0.0,0.19
2014-03-25,1005.55,1005.55,1005.55,1005.55,0.21,2.15,86907,81845680.0,0.0,0.18
2014-03-26,995.88,995.88,995.88,995.88,-0.96,-9.67,75911,70512640.0,0.0,0.15
2014-03-27,974.4,974.4,974.4,974.4,-2.16,-21.48,66834,61053883.0,0.0,0.13
2014-03-28,980.84,980.84,980.84,980.84,0.66,6.44,82667,75049610.0,0.0,0.17
2014-03-31,961.51,961.51,961.51,961.51,-1.97,-19.33,55997,50555424.0,0.0,0.11
2014-04-01,989.44,989.44,989.44,989.44,2.9,27.93,73806,67569786.0,0.0,0.15
2014-04-02,986.21,986.21,986.21,986.21,-0.33,-3.23,41367,37993358.0,0.0,0.08
2014-04-03,994.81,994.81,994.81,994.81,0.87,8.6,72401,67425073.0,0.0,0.15
2014-04-04,1016.3,1016.3,1016.3,1016.3,2.16,21.49,96888,90953531.0,0.0,0.2
2014-04-08,1021.67,1021.67,1021.67,1021.67,0.53,5.37,98036,93222103.0,0.0,0.2
2014-04-09,1028.11,1028.11,1028.11,1028.11,0.63,6.44,89212,85231471.0,0.0,0.18
2014-04-10,1017.37,1017.37,1017.37,1017.37,-1.04,-10.74,92780,88432337.0,0.0,0.19
2014-04-11,1015.22,1015.22,1015.22,1015.22,-0.21,-2.15,59085,55866969.0,0.0,0.12
2014-04-14,1041.0,1041.0,1041.0,1041.0,2.54,25.78,95179,91028703.0,0.0,0.19
2014-04-15,1016.3,1016.3,1016.3,1016.3,-2.37,-24.7,68815,65712934.0,0.0,0.14
2014-04-16,998.03,998.03,998.03,998.03,-1.8,-18.27,80563,75376816.0,0.0,0.16
2014-04-17,1028.11,1028.11,1028.11,1028.11,3.01,30.08,124363,118617351.0,0.0,0.25
2014-04-18,1031.34,1031.34,1031.34,1031.34,0.31,3.23,99503,95943748.0,0.0,0.2
2014-04-21,1012.0,1012.0,1012.0,1012.0,-1.88,-19.34,78549,74737438.0,0.0,0.16
2014-04-22,1000.18,1000.18,1000.18,1000.18,-1.17,-11.82,71455,66454117.0,0.0,0.14
2014-04-23,1007.7,1007.7,1007.7,1007.7,0.75,7.52,38557,35942776.0,0.0,0.08
2014-04-24,996.96,996.96,996.96,996.96,-1.07,-10.74,46041,42714236.0,0.0,0.09
2014-04-25,986.21,986.21,986.21,986.21,-1.08,-10.75,44419,41156319.0,0.0,0.09
2014-04-28,973.32,973.32,973.32,973.32,-1.31,-12.89,50604,45736039.0,0.0,0.1
2014-04-29,978.69,978.69,978.69,978.69,0.55,5.37,40326,36494890.0,0.0,0.08
2014-04-30,973.29,973.29,973.29,973.29,-0.55,-5.4,39488,35727411.0,0.0,0.08
2014-05-05,987.34,987.34,987.34,987.34,1.44,14.05,32360,29242406.0,0.0,0.07
2014-05-06,992.74,992.74,992.74,992.74,0.55,5.4,42935,39401577.0,0.0,0.09
2014-05-07,964.65,964.65,964.65,964.65,-2.83,-28.09,42182,38051751.0,0.0,0.09
2014-05-08,954.93,954.93,954.93,954.93,-1.01,-9.72,46432,41389611.0,0.0,0.09
2014-05-09,956.01,956.01,956.01,956.01,0.11,1.08,35151,31112703.0,0.0,0.07
2014-05-12,968.97,968.97,968.97,968.97,1.36,12.96,74580,66869561.0,0.0,0.15
2014-05-13,971.13,971.13,971.13,971.13,0.22,2.16,35089,31546263.0,0.0,0.07
2014-05-14,987.34,987.34,987.34,987.34,1.67,16.21,185359,172797060.0,0.0,0.37
2014-05-15,959.25,959.25,959.25,959.25,-2.85,-28.09,86353,78099444.0,0.0,0.17
2014-05-16,939.81,939.81,939.81,939.81,-2.03,-19.44,106129,92235379.0,0.0,0.21
2014-05-19,937.65,937.65,937.65,937.65,-0.23,-2.16,30733,26683593.0,0.0,0.06
2014-05-20,939.81,939.81,939.81,939.81,0.23,2.16,58394,50999865.0,0.0,0.12
2014-05-21,926.84,926.84,926.84,926.84,-1.38,-12.97,104358,89478410.0,0.0,0.21
2014-05-22,923.6,923.6,923.6,923.6,-0.35,-3.24,73648,63356940.0,0.0,0.15
2014-05-23,941.97,941.97,941.97,941.97,1.99,18.37,80506,69086799.0,0.0,0.16
2014-05-26,944.13,944.13,944.13,944.13,0.23,2.16,66315,57675312.0,0.0,0.13
2014-05-27,945.21,945.21,945.21,945.21,0.11,1.08,62965,55103353.0,0.0,0.13
2014-05-28,948.45,948.45,948.45,948.45,0.34,3.24,82361,71928059.0,0.0,0.17
2014-05-29,927.92,927.92,927.92,927.92,-2.16,-20.53,73411,63972653.0,0.0,0.15
2014-05-30,927.92,927.92,927.92,927.92,0.0,0.0,42342,36244245.0,0.0,0.09
2014-06-03,938.73,938.73,938.73,938.73,1.16,10.81,43087,37431228.0,0.0,0.09
2014-06-04,930.08,930.08,930.08,930.08,-0.92,-8.65,43642,37666057.0,0.0,0.09
2014-06-05,934.4,934.4,934.4,934.4,0.46,4.32,46053,39738609.0,0.0,0.09
2014-06-06,935.49,935.49,935.49,935.49,0.12,1.09,45299,39288724.0,0.0,0.09
2014-06-09,945.21,945.21,945.21,945.21,1.04,9.72,70817,61758550.0,0.0,0.14
2014-06-10,951.69,951.69,951.69,951.69,0.69,6.48,58101,50958457.0,0.0,0.12
2014-06-11,953.85,953.85,953.85,953.85,0.23,2.16,53269,47037952.0,0.0,0.11
2014-06-12,935.49,935.49,935.49,935.49,-1.92,-18.36,51022,44508745.0,0.0,0.1
2014-06-13,937.65,937.65,937.65,937.65,0.23,2.16,74138,64572922.0,0.0,0.15
2014-06-16,950.61,950.61,950.61,950.61,1.38,12.96,55570,48708529.0,0.0,0.11
2014-06-17,937.65,937.65,937.65,937.65,-1.36,-12.96,47137,41148148.0,0.0,0.1
2014-06-18,921.44,921.44,921.44,921.44,-1.73,-16.21,61081,52440185.0,0.0,0.12
2014-06-19,894.44,894.44,894.44,894.44,-2.93,-27.0,64790,54491574.0,0.0,0.13
2014-06-20,906.32,906.32,906.32,906.32,1.33,11.88,32364,27028594.0,0.0,0.07
2014-06-23,922.52,922.52,922.52,922.52,1.79,16.2,80157,67967252.0,0.0,0.16
2014-06-24,924.68,924.68,924.68,924.68,0.23,2.16,66940,57060831.0,0.0,0.14
2014-06-25,908.48,908.48,908.48,908.48,-1.75,-16.2,34909,29421445.0,0.0,0.07
2014-06-26,917.12,917.12,917.12,917.12,0.95,8.64,38697,32890448.0,0.0,0.08
2014-06-27,918.2,918.2,918.2,918.2,0.12,1.08,44752,38118921.0,0.0,0.09
2014-06-30,924.68,924.68,924.68,924.68,0.71,6.48,49042,41908006.0,0.0,0.1
2014-07-01,934.4,934.4,934.4,934.4,1.05,9.72,89165,77214304.0,0.0,0.18
2014-07-02,936.57,936.57,936.57,936.57,0.23,2.17,57443,49709001.0,0.0,0.12
2014-07-03,943.05,943.05,943.05,943.05,0.69,6.48,64138,55995474.0,0.0,0.13
2014-07-04,935.49,935.49,935.49,935.49,-0.8,-7.56,45322,39368977.0,0.0,0.09
2014-07-07,961.41,961.41,961.41,961.41,2.77,25.92,110907,97097568.0,0.0,0.22
2014-07-08,989.5,989.5,989.5,989.5,2.92,28.09,232951,211275099.0,0.0,0.47
2014-07-09,984.1,984.1,984.1,984.1,-0.55,-5.4,119458,109008283.0,0.0,0.24
2014-07-10,952.77,952.77,952.77,952.77,-3.18,-31.33,156522,139630160.0,0.0,0.32
2014-07-11,954.93,954.93,954.93,954.93,0.23,2.16,110926,98259319.0,0.0,0.22
2014-07-14,966.81,966.81,966.81,966.81,1.24,11.88,86978,77878695.0,0.0,0.18
2014-07-15,971.13,971.13,971.13,971.13,0.45,4.32,86782,78035316.0,0.0,0.18
2014-07-16,954.93,954.93,954.93,954.93,-1.67,-16.2,59641,53114176.0,0.0,0.12
2014-07-17,934.4,934.4,934.4,934.4,-2.15,-20.53,119751,103849986.0,0.0,0.24
2014-07-18,934.4,934.4,934.4,934.4,0.0,0.0,47116,40824180.0,0.0,0.1
2014-07-21,932.24,932.24,932.24,932.24,-0.23,-2.16,36235,31368312.0,0.0,0.07
2014-07-22,946.29,946.29,946.29,946.29,1.51,14.05,90797,78579148.0,0.0,0.18
2014-07-23,935.49,935.49,935.49,935.49,-1.14,-10.8,75867,66392567.0,0.0,0.15
2014-07-24,954.93,954.93,954.93,954.93,2.08,19.44,178009,158533916.0,0.0,0.36
2014-07-25,1049.99,1049.99,1049.99,1049.99,9.95,95.06,505286,476091168.0,0.0,1.02
2014-07-28,1068.35,1068.35,1068.35,1068.35,1.75,18.36,982668,989204784.0,0.0,1.98
2014-07-29,1085.64,1085.64,1085.64,1085.64,1.62,17.29,580071,575149664.0,0.0,1.17
2014-07-30,1060.79,1060.79,1060.79,1060.79,-2.29,-24.85,339089,334635360.0,0.0,0.68
2014-07-31,1065.11,1065.11,1065.11,1065.11,0.41,4.32,247447,243902275.0,0.0,0.5
2014-08-01,1029.47,1029.47,1029.47,1029.47,-3.35,-35.64,276030,267586196.0,0.0,0.56
2014-08-04,1053.23,1053.23,1053.23,1053.23,2.31,23.76,182573,176461522.0,0.0,0.37
2014-08-05,1048.91,1048.91,1048.91,1048.91,-0.41,-4.32,150299,145510337.0,0.0,0.3
2014-08-06,1051.07,1051.07,1051.07,1051.07,0.21,2.16,146722,142817366.0,0.0,0.3
2014-08-07,1030.55,1030.55,1030.55,1030.55,-1.95,-20.52,172898,166727628.0,0.0,0.35
2014-08-08,1045.67,1045.67,1045.67,1045.67,1.47,15.12,134709,130110926.0,0.0,0.27
2014-08-11,1051.07,1051.07,1051.07,1051.07,0.52,5.4,156711,152581292.0,0.0,0.32
2014-08-12,1053.23,1053.23,1053.23,1053.23,0.21,2.16,131964,128485692.0,0.0,0.27
2014-08-13,1041.35,1041.35,1041.35,1041.35,-1.13,-11.88,143737,138675904.0,0.0,0.29
2014-08-14,1039.19,1039.19,1039.19,1039.19,-0.21,-2.16,139634,134887238.0,0.0,0.28
2014-08-15,1059.71,1059.71,1059.71,1059.71,1.97,20.52,215933,211796313.0,0.0,0.44
2014-08-18,1070.51,1070.51,1070.51,1070.51,1.02,10.8,201102,198644612.0,0.0,0.41
2014-08-19,1064.03,1064.03,1064.03,1064.03,-0.61,-6.48,169529,167466811.0,0.0,0.34
2014-08-20,1078.08,1078.08,1078.08,1078.08,1.32,14.05,223381,222242061.0,0.0,0.45
2014-08-21,1062.95,1062.95,1062.95,1062.95,-1.4,-15.13,135296,133342345.0,0.0,0.27
2014-08-22,1070.51,1070.51,1070.51,1070.51,0.71,7.56,138838,137278139.0,0.0,0.28
2014-08-25,1074.84,1074.84,1074.84,1074.84,0.4,4.33,148296,147953522.0,0.0,0.3
2014-08-26,1046.75,1046.75,1046.75,1046.75,-2.61,-28.09,156181,153016575.0,0.0,0.32
2014-08-27,1062.95,1062.95,1062.95,1062.95,1.55,16.2,161948,157184758.0,0.0,0.33
2014-08-28,1069.43,1069.43,1069.43,1069.43,0.61,6.48,170268,168794266.0,0.0,0.34
2014-08-29,1070.51,1070.51,1070.51,1070.51,0.1,1.08,154070,153477060.0,0.0,0.31
2014-09-01,1072.68,1072.68,1072.68,1072.68,0.2,2.17,160544,158664821.0,0.0,0.32
2014-09-02,1109.4,1109.4,1109.4,1109.4,3.42,36.72,421581,430842656.0,0.0,0.85
2014-09-03,1107.24,1107.24,1107.24,1107.24,-0.19,-2.16,197914,202826265.0,0.0,0.4
2014-09-04,1107.24,1107.24,1107.24,1107.24,0.0,0.0,132367,135663129.0,0.0,0.27
2014-09-05,1121.29,1121.29,1121.29,1121.29,1.27,14.05,212375,218969047.0,0.0,0.43
2014-09-09,1119.13,1119.13,1119.13,1119.13,-0.19,-2.16,198177,207284055.0,0.0,0.4
2014-09-10,1102.92,1102.92,1102.92,1102.92,-1.45,-16.21,164042,167689032.0,0.0,0.33
2014-09-11,1111.56,1111.56,1111.56,1111.56,0.78,8.64,198955,205756479.0,0.0,0.4
2014-09-12,1119.13,1119.13,1119.13,1119.13,0.68,7.57,110314,113625763.0,0.0,0.22
2014-09-15,1115.88,1115.88,1115.88,1115.88,-0.29,-3.25,152708,157763563.0,0.0,0.31
2014-09-16,1065.11,1065.11,1065.11,1065.11,-4.55,-50.77,258990,261712259.0,0.0,0.52
2014-09-17,1062.95,1062.95,1062.95,1062.95,-0.2,-2.16,122170,119792480.0,0.0,0.25
2014-09-18,1069.43,1069.43,1069.43,1069.43,0.61,6.48,88100,87079310.0,0.0,0.18
2014-09-19,1085.64,1085.64,1085.64,1085.64,1.52,16.21,105271,104797926.0,0.0,0.21
2014-09-22,1057.55,1057.55,1057.55,1057.55,-2.59,-28.09,117431,115714994.0,0.0,0.24
2014-09-23,1074.84,1074.84,1074.84,1074.84,1.63,17.29,106633,105721180.0,0.0,0.22
2014-09-24,1089.96,1089.96,1089.96,1089.96,1.41,15.12,147998,149376240.0,0.0,0.3
2014-09-25,1088.88,1088.88,1088.88,1088.88,-0.1,-1.08,148308,149917926.0,0.0,0.3
2014-09-26,1092.12,1092.12,1092.12,1092.12,0.3,3.24,104371,105230637.0,0.0,0.21
2014-09-29,1095.36,1095.36,1095.36,1095.36,0.3,3.24,139109,140906113.0,0.0,0.28
2014-09-30,1097.52,1097.52,1097.52,1097.52,0.2,2.16,118883,121259656.0,0.0,0.24
2014-10-08,1099.68,1099.68,1099.68,1099.68,0.2,2.16,147284,149993994.0,0.0,0.3
2014-10-09,1126.69,1126.69,1126.69,1126.69,2.46,27.01,270721,278209488.0,0.0,0.55
2014-10-10,1111.56,1111.56,1111.56,1111.56,-1.34,-15.13,140753,145518022.0,0.0,0.28
2014-10-13,1095.36,1095.36,1095.36,1095.36,-1.46,-16.2,135268,137004495.0,0.0,0.27
2014-10-14,1084.56,1084.56,1084.56,1084.56,-0.99,-10.8,133007,134009740.0,0.0,0.27
2014-10-15,1089.96,1089.96,1089.96,1089.96,0.5,5.4,108136,108538819.0,0.0,0.22
2014-10-16,1074.84,1074.84,1074.84,1074.84,-1.39,-15.12,102938,103242543.0,0.0,0.21
2014-10-17,1065.11,1065.11,1065.11,1065.11,-0.91,-9.73,103581,102263923.0,0.0,0.21
2014-10-20,1079.16,1079.16,1079.16,1079.16,1.32,14.05,73315,73024093.0,0.0,0.15
2014-10-21,1072.68,1072.68,1072.68,1072.68,-0.6,-6.48,66438,66348108.0,0.0,0.13
2014-10-22,1055.39,1055.39,1055.39,1055.39,-1.61,-17.29,71407,70253588.0,0.0,0.14
2014-10-23,1031.63,1031.63,1031.63,1031.63,-2.25,-23.76,80471,77587811.0,0.0,0.16
2014-10-24,1038.11,1038.11,1038.11,1038.11,0.63,6.48,48208,46235845.0,0.0,0.1
2014-10-27,1041.35,1041.35,1041.35,1041.35,0.31,3.24,47990,46210304.0,0.0,0.1
2014-10-28,1055.39,1055.39,1055.39,1055.39,1.35,14.04,72726,70775751.0,0.0,0.15
2014-10-29,1067.27,1067.27,1067.27,1067.27,1.13,11.88,101247,99498407.0,0.0,0.2
2014-10-30,1067.27,1067.27,1067.27,1067.27,0.0,0.0,112837,111499406.0,0.0,0.23
2014-10-31,1058.63,1058.63,1058.63,1058.63,-0.81,-8.64,104641,102296099.0,0.0,0.21
2014-11-03,1067.27,1081.32,1093.2,1067.27,2.14,22.69,172573,173224863.0,2.45,0.35
2014-11-04,1077.0,1074.84,1087.8,1072.68,-0.6,-6.48,94522,94388155.0,1.4,0.19
2014-11-05,1078.08,1073.76,1083.48,1070.51,-0.1,-1.08,82595,82262720.0,1.21,0.17
2014-11-06,1078.08,1065.11,1078.08,1060.79,-0.81,-8.65,81266,80252170.0,1.61,0.16
2014-11-07,1068.35,1071.59,1086.72,1065.11,0.61,6.48,139621,139264484.0,2.03,0.28
2014-11-10,1078.08,1077.0,1078.08,1066.19,0.5,5.41,95466,94744370.0,1.11,0.19
2014-11-11,1075.92,1019.74,1078.08,1014.34,-5.32,-57.26,188037,181449681.0,5.92,0.38
2014-11-12,1019.74,1027.31,1029.47,1011.1,0.74,7.57,108020,101942234.0,1.8,0.22
2014-11-13,1026.22,1020.82,1038.11,1002.46,-0.63,-6.49,151842,142857144.0,3.47,0.31
2014-11-14,1014.34,1021.9,1022.98,1011.1,0.11,1.08,55996,52786718.0,1.16,0.11
2014-11-17,1017.58,1033.79,1049.99,1016.5,1.16,11.89,94560,90937284.0,3.28,0.19
2014-11-18,1035.95,1027.31,1042.43,1024.06,-0.63,-6.48,62585,59781131.0,1.78,0.13
2014-11-19,1028.39,1035.95,1035.95,1019.74,0.84,8.64,69333,66050559.0,1.58,0.14
2014-11-20,1037.03,1032.71,1038.11,1029.47,-0.31,-3.24,46561,44541369.0,0.83,0.09
2014-11-21,1032.71,1043.51,1048.91,1028.39,1.05,10.8,84570,81178033.0,1.99,0.17
2014-11-24,1045.67,1047.83,1055.39,1037.03,0.41,4.32,125064,121146188.0,1.76,0.25
2014-11-25,1056.47,1057.55,1064.03,1051.07,0.93,9.72,103134,100864906.0,1.24,0.21
2014-11-26,1067.27,1072.68,1087.8,1060.79,1.43,15.13,208304,207365444.0,2.55,0.42
2014-11-27,1075.92,1081.32,1093.2,1069.43,0.81,8.64,170692,170577277.0,2.22,0.34
2014-11-28,1081.32,1098.6,1113.72,1079.16,1.6,17.28,261761,265923565.0,3.2,0.53
2014-12-01,1116.96,1087.8,1116.96,1077.0,-0.98,-10.8,178168,179745355.0,3.64,0.36
2014-12-02,1088.88,1088.88,1096.44,1079.16,0.1,1.08,162916,164148969.0,1.59,0.33
2014-12-03,1095.36,1136.41,1136.41,1078.08,4.37,47.53,342416,349549264.0,5.36,0.69
2014-12-04,1129.93,1159.09,1178.54,1129.93,2.0,22.68,378920,406724944.0,4.28,0.77
2014-12-05,1159.09,1127.77,1180.7,1102.92,-2.7,-31.32,295524,311341904.0,6.71,0.6
2014-12-08,1123.45,1128.85,1151.53,1111.56,0.1,1.08,195640,205470681.0,3.54,0.4
2014-12-09,1149.37,1136.41,1181.78,1135.33,0.67,7.56,383974,412524768.0,4.11,0.78
2014-12-10,1136.41,1223.91,1239.03,1126.69,7.7,87.5,482047,531943184.0,9.89,0.97
2014-12-11,1205.54,1208.79,1227.15,1195.82,-1.24,-15.12,245566,275290976.0,2.56,0.5
2014-12-12,1209.87,1206.62,1244.43,1203.38,-0.18,-2.17,204819,230801229.0,3.4,0.41
2014-12-15,1213.11,1230.39,1259.56,1213.11,1.97,23.77,231380,265419952.0,3.85,0.47
2014-12-16,1230.39,1199.06,1256.32,1197.98,-2.55,-31.33,237345,266406516.0,4.74,0.48
2014-12-17,1201.22,1182.86,1201.22,1168.82,-1.35,-16.2,197272,215492919.0,2.7,0.4
2014-12-18,1174.22,1168.82,1197.98,1163.42,-1.19,-14.04,152973,167222871.0,2.92,0.31
2014-12-19,1172.06,1172.06,1178.54,1139.65,0.28,3.24,159910,171019470.0,3.33,0.32
2014-12-22,1172.06,1188.26,1197.98,1148.29,1.38,16.2,218038,237291872.0,4.24,0.44
2014-12-23,1175.3,1135.33,1204.46,1129.93,-4.45,-52.93,198664,214963812.0,6.27,0.4
2014-12-24,1136.41,1149.37,1154.77,1125.61,1.24,14.04,137017,145055370.0,2.57,0.28
2014-12-25,1160.17,1155.85,1162.33,1142.89,0.56,6.48,114187,121905778.0,1.69,0.23
2014-12-26,1154.77,1168.82,1170.98,1149.37,1.12,12.97,140191,150993489.0,1.87,0.28
2014-12-29,1173.14,1156.93,1178.54,1152.61,-1.02,-11.89,141206,152615314.0,2.22,0.29
2014-12-30,1151.53,1132.09,1151.53,1129.93,-2.15,-24.84,119539,125995341.0,1.87,0.24
2014-12-31,1132.09,1155.85,1158.01,1122.37,2.1,23.76,96936,102195105.0,3.15,0.2
2015-01-05,1208.79,1223.91,1271.44,1208.79,5.89,68.06,486422,560723888.0,5.42,0.98
2015-01-06,1194.74,1228.23,1232.55,1185.02,0.35,4.32,279011,310821088.0,3.88,0.56
2015-01-07,1220.67,1244.43,1260.64,1213.11,1.32,16.2,240974,276824336.0,3.87,0.49
2015-01-08,1251.99,1230.39,1282.24,1227.15,-1.13,-14.04,250105,291114928.0,4.43,0.51
2015-01-09,1223.91,1218.51,1270.36,1216.35,-0.97,-11.88,243625,280707328.0,4.39,0.49
2015-01-12,1220.67,1195.82,1232.55,1183.94,-1.86,-22.69,155089,172840265.0,3.99,0.31
2015-01-13,1188.26,1206.62,1210.95,1188.26,0.9,10.8,99491,110648870.0,1.9,0.2
2015-01-14,1209.87,1229.31,1232.55,1192.58,1.88,22.69,138059,154895649.0,3.31,0.28
2015-01-15,1229.31,1232.55,1240.11,1223.91,0.26,3.24,111764,127461139.0,1.32,0.23
2015-01-16,1233.63,1245.51,1251.99,1223.91,1.05,12.96,147948,169452369.0,2.28,0.3
2015-01-19,1203.38,1178.54,1229.31,1161.25,-5.38,-66.97,245821,274111568.0,5.46,0.5
2015-01-20,1196.9,1213.11,1218.51,1190.42,2.93,34.57,175036,195375465.0,2.38,0.35
2015-01-21,1216.35,1243.35,1247.67,1210.95,2.49,30.24,217195,248072190.0,3.03,0.44
2015-01-22,1284.4,1274.68,1297.36,1263.88,2.52,31.33,415338,492921728.0,2.69,0.84
2015-01-23,1279.0,1260.64,1279.0,1246.59,-1.1,-14.04,242177,282007968.0,2.54,0.49
2015-01-26,1256.32,1312.49,1322.21,1256.32,4.11,51.85,356703,429229968.0,5.23,0.72
2015-01-27,1311.41,1348.14,1364.34,1280.08,2.72,35.65,384920,470336720.0,6.42,0.78
2015-01-28,1331.93,1312.49,1340.57,1306.01,-2.64,-35.65,233270,285764992.0,2.56,0.47
2015-01-29,1301.69,1315.73,1331.93,1291.96,0.25,3.24,198057,240976032.0,3.05,0.4
2015-01-30,1318.97,1286.56,1350.3,1282.24,-2.22,-29.17,211338,257883240.0,5.17,0.43
2015-02-02,1261.72,1266.04,1281.16,1261.72,-1.59,-20.52,130709,153829595.0,1.51,0.26
2015-02-03,1269.28,1279.0,1289.8,1269.28,1.02,12.96,114761,136018261.0,1.62,0.23
2015-02-04,1281.16,1258.48,1287.64,1255.24,-1.6,-20.52,112617,132288254.0,2.53,0.23
2015-02-05,1280.08,1253.07,1300.61,1253.07,-0.43,-5.41,170608,201975066.0,3.78,0.34
2015-02-06,1246.59,1216.35,1247.67,1210.95,-2.93,-36.72,145414,165666147.0,2.93,0.29
2015-02-09,1221.75,1216.35,1233.63,1204.46,0.0,0.0,71873,81100914.0,2.4,0.15
2015-02-10,1206.62,1236.87,1239.03,1201.22,1.69,20.52,81472,92454361.0,3.11,0.16
2015-02-11,1236.87,1240.11,1242.27,1230.39,0.26,3.24,62373,71297593.0,0.96,0.13
2015-02-12,1240.11,1241.19,1245.51,1220.67,0.09,1.08,91501,104460386.0,2.0,0.18
2015-02-13,1239.03,1258.48,1267.12,1239.03,1.39,17.29,136575,158847541.0,2.26,0.28
2015-02-16,1263.88,1279.0,1285.48,1257.4,1.63,20.52,122581,144516328.0,2.23,0.25
2015-02-17,1281.16,1271.44,1282.24,1259.56,-0.59,-7.56,129223,151595303.0,1.77,0.26
2015-02-25,1272.52,1282.24,1285.48,1268.2,0.85,10.8,102133,120796738.0,1.36,0.21
2015-02-26,1284.4,1287.64,1291.96,1276.84,0.42,5.4,107850,128278984.0,1.18,0.22
2015-02-27,1290.88,1274.68,1290.88,1272.52,-1.01,-12.96,115467,136618937.0,1.43,0.23
2015-03-02,1293.04,1302.77,1302.77,1276.84,2.2,28.09,155108,184786033.0,2.03,0.31
2015-03-03,1295.2,1298.44,1339.49,1291.96,-0.33,-4.33,252601,307906784.0,3.65,0.51
2015-03-04,1298.44,1315.73,1330.85,1296.28,1.33,17.29,179289,218229926.0,2.66,0.36
2015-03-05,1306.01,1283.32,1311.41,1273.6,-2.46,-32.41,208622,248393916.0,2.87,0.42
2015-03-06,1286.56,1262.8,1287.64,1260.64,-1.6,-20.52,137168,161211003.0,2.1,0.28
2015-03-09,1253.07,1296.28,1300.61,1246.59,2.65,33.48,131718,156074411.0,4.28,0.27
2015-03-10,1298.44,1294.12,1311.41,1290.88,-0.17,-2.16,143050,172231877.0,1.58,0.29
2015-03-11,1294.12,1328.69,1338.41,1294.12,2.67,34.57,236600,289867632.0,3.42,0.48
2015-03-12,1328.69,1303.85,1333.01,1295.2,-1.87,-24.84,177214,215417197.0,2.85,0.36
2015-03-13,1317.89,1324.37,1324.37,1306.01,1.57,20.52,105595,128612998.0,1.41,0.21
2015-03-16,1339.49,1361.1,1367.58,1331.93,2.77,36.73,263937,330111760.0,2.69,0.53
2015-03-17,1365.42,1351.38,1368.66,1345.97,-0.71,-9.72,232010,291235104.0,1.67,0.47
2015-03-18,1357.86,1366.5,1397.83,1357.86,1.12,15.12,242096,308439936.0,2.96,0.49
2015-03-19,1369.74,1412.95,1412.95,1357.86,3.4,46.45,281572,361972880.0,4.03,0.57
2015-03-20,1410.79,1443.2,1483.17,1391.34,2.14,30.25,393479,524158096.0,6.5,0.79
2015-03-23,1464.8,1502.61,1528.53,1445.36,4.12,59.41,469102,645566832.0,5.76,0.95
2015-03-24,1514.49,1485.33,1530.7,1435.63,-1.15,-17.28,409425,561679648.0,6.33,0.83
2015-03-25,1477.76,1465.88,1485.33,1451.84,-1.31,-19.45,242533,329366320.0,2.25,0.49
2015-03-26,1483.17,1457.24,1500.45,1441.04,-0.59,-8.64,300643,410630128.0,4.05,0.61
2015-03-27,1487.49,1463.72,1491.81,1457.24,0.44,6.48,222565,303479296.0,2.37,0.45
2015-03-30,1454.0,1442.12,1454.0,1430.23,-1.48,-21.6,347638,463193728.0,1.62,0.7
2015-03-31,1447.52,1495.05,1502.61,1443.2,3.67,52.93,389811,534124304.0,4.12,0.79
2015-04-01,1496.13,1536.1,1550.14,1478.84,2.75,41.05,429686,602776784.0,4.77,0.87
2015-04-02,1532.86,1525.29,1544.74,1492.89,-0.7,-10.81,332138,467440816.0,3.38,0.67
2015-04-03,1531.78,1539.34,1565.26,1526.37,0.92,14.05,297060,425242320.0,2.55,0.6
2015-04-07,1571.74,1693.81,1693.81,1571.74,10.03,154.47,547163,842129280.0,7.93,1.1
2015-04-08,1735.94,1695.97,1745.66,1639.8,0.13,2.16,557746,880670720.0,6.25,1.13
2015-04-09,1729.46,1865.57,1865.57,1676.53,10.0,169.6,627703,1030020032.0,11.15,1.27
2015-04-10,1858.01,1955.23,2052.45,1805.08,4.81,89.66,758444,1364950304.0,13.26,1.53
2015-04-13,1944.43,1981.15,2094.58,1940.1,1.33,25.92,652956,1213629824.0,7.9,1.32
2015-04-14,1974.67,1923.9,2000.6,1912.02,-2.89,-57.25,434516,783742640.0,4.47,0.88
2015-04-15,1933.62,1793.19,1933.62,1793.19,-6.79,-130.71,371504,637569840.0,7.3,0.75
2015-04-16,1782.39,1821.28,1856.93,1729.46,1.57,28.09,263427,442381680.0,7.11,0.53
2015-04-17,1822.36,1794.27,1850.45,1792.11,-1.48,-27.01,294345,494901248.0,3.2,0.59
2015-04-20,1759.71,1718.66,1792.11,1717.58,-4.21,-75.61,340686,552228160.0,4.15,0.69
2015-04-21,1716.5,1832.08,1834.24,1716.5,6.6,113.42,286567,474608416.0,6.85,0.58
2015-04-22,1834.24,1860.17,1879.61,1834.24,1.53,28.09,280654,482914832.0,2.48,0.57
2015-04-23,1862.33,1888.25,1888.25,1828.84,1.51,28.08,278860,478732544.0,3.19,0.56
2015-04-24,1854.77,1848.28,1883.93,1824.52,-2.12,-39.97,237581,407327056.0,3.15,0.48
2015-04-27,1858.01,1852.61,1899.06,1846.12,0.23,4.33,230022,396631568.0,2.86,0.46
2015-04-28,1852.61,1756.46,1852.61,1741.34,-5.19,-96.15,254343,420412736.0,6.01,0.51
2015-04-29,1755.38,1782.39,1789.95,1733.78,1.48,25.93,150944,247039321.0,3.2,0.3
2015-04-30,1782.39,1758.63,1798.59,1758.63,-1.33,-23.76,151335,249254558.0,2.24,0.31
2015-05-04,1766.19,1841.8,1843.96,1738.1,4.73,83.17,234028,390552336.0,6.02,0.47
2015-05-05,1836.4,1765.11,1836.4,1765.11,-4.16,-76.69,150198,249461902.0,3.87,0.3
2015-05-06,1765.11,1735.94,1797.51,1731.62,-1.65,-29.17,128399,209833410.0,3.73,0.26
2015-05-07,1728.38,1670.05,1746.74,1667.89,-3.8,-65.89,137469,217961959.0,4.54,0.28
2015-05-08,1679.77,1714.34,1724.06,1679.77,2.65,44.29,140342,221261190.0,2.65,0.28
2015-05-11,1724.06,1784.55,1788.87,1724.06,4.1,70.21,191599,313153472.0,3.78,0.39
2015-05-12,1792.11,1795.35,1823.44,1782.39,0.61,10.8,198418,329801952.0,2.3,0.4
2015-05-13,1784.55,1854.77,1854.77,1775.91,3.31,59.42,295014,500280704.0,4.39,0.6
2015-05-14,1859.09,1838.56,1879.61,1825.6,-0.87,-16.21,200911,343317344.0,2.91,0.41
2015-05-15,1832.08,1874.21,1877.45,1825.6,1.94,35.65,248532,427015984.0,2.82,0.5
2015-05-18,1876.37,1972.51,1977.91,1876.37,5.24,98.3,398243,708721728.0,5.42,0.8
2015-05-19,1948.75,1985.47,1997.36,1934.7,0.66,12.96,267407,485607984.0,3.18,0.54
2015-05-20,1988.72,1950.91,2091.34,1943.35,-1.74,-34.56,338635,634032240.0,7.45,0.68
2015-05-21,1951.99,2051.37,2062.17,1931.46,5.15,100.46,357320,657356800.0,6.7,0.72
2015-05-22,2138.87,2047.05,2138.87,2002.76,-0.21,-4.32,365562,694620688.0,6.64,0.74
2015-05-25,2117.26,2252.29,2252.29,2096.74,10.03,205.24,452201,918413184.0,7.6,0.91
2015-05-26,2326.83,2458.62,2473.74,2311.71,9.16,206.33,462840,1023346384.0,7.19,0.93
2015-05-27,2452.14,2414.33,2452.14,2300.9,-1.8,-44.29,448955,993432144.0,6.15,0.91
2015-05-28,2435.93,2297.66,2552.6,2297.66,-4.83,-116.67,465846,1053934400.0,10.56,0.94
2015-05-29,2309.55,2287.94,2371.12,2185.32,-0.42,-9.72,392150,835683024.0,8.09,0.79
2015-06-01,2317.18,2356.16,2414.63,2211.06,2.98,68.22,769732,833040992.0,8.9,1.55
2015-06-02,2362.65,2542.4,2570.55,2328.0,7.9,186.24,944248,1070571808.0,10.29,1.91
2015-06-03,2555.39,2444.95,2555.39,2386.48,-3.83,-97.45,914318,1033921440.0,6.64,1.85
2015-06-04,2447.11,2371.32,2449.28,2217.56,-3.01,-73.63,698256,755059888.0,9.48,1.41
2015-06-05,2421.12,2447.11,2449.28,2360.49,3.2,75.79,821793,918041648.0,3.74,1.66
2015-06-08,2447.11,2401.63,2447.11,2362.65,-1.86,-45.48,692725,767476752.0,3.45,1.4
2015-06-09,2399.47,2460.1,2475.26,2356.16,2.43,58.47,769100,861916688.0,4.96,1.55
2015-06-10,2460.1,2533.74,2546.73,2410.3,2.99,73.64,871067,997610576.0,5.55,1.76
2015-06-11,2577.05,2713.48,2765.45,2535.9,7.09,179.74,1058599,1298343760.0,9.06,2.14
2015-06-12,2728.64,2678.83,2745.96,2637.68,-1.28,-34.65,782534,970539264.0,3.99,1.58
2015-06-15,2685.33,2581.38,2700.49,2572.72,-3.64,-97.45,661571,799456416.0,4.77,1.34
2015-06-16,2557.56,2423.29,2557.56,2390.81,-6.12,-158.09,562181,639104144.0,6.46,1.14
2015-06-17,2405.97,2494.75,2505.58,2341.0,2.95,71.46,465308,522363888.0,6.79,0.94
2015-06-18,2499.09,2379.98,2499.09,2371.32,-4.6,-114.77,383013,430238544.0,5.12,0.77
2015-06-19,2328.0,2141.76,2349.66,2141.76,-10.01,-238.22,449469,462343872.0,8.74,0.91
2015-06-23,2139.6,2076.8,2174.25,1929.54,-3.03,-64.96,514910,488600400.0,11.43,1.04
2015-06-24,2122.27,2143.93,2156.92,2072.47,3.23,67.13,394948,387701680.0,4.07,0.8
2015-06-25,2152.59,2237.05,2325.84,2152.59,4.34,93.12,665265,689242672.0,8.08,1.34
2015-06-26,2141.76,2013.99,2187.24,2013.99,-9.97,-223.06,474964,454390480.0,7.74,0.96
2015-06-29,2100.62,1819.09,2115.78,1812.6,-9.68,-194.9,620781,553863776.0,15.05,1.25
2015-06-30,1819.09,1964.19,1964.19,1643.68,7.98,145.1,651130,540571504.0,17.62,1.31
2015-07-01,1946.86,1801.77,1994.5,1799.6,-8.27,-162.42,504107,448710848.0,9.92,1.02
2015-07-02,1797.44,1622.02,1840.75,1622.02,-9.98,-179.75,511113,401664080.0,12.14,1.03
2015-07-03,1602.53,1459.6,1650.18,1459.6,-10.01,-162.42,524069,364389856.0,11.75,1.06
2015-07-06,1602.53,1390.31,1602.53,1314.51,-4.75,-69.29,742789,490063712.0,19.73,1.5
2015-07-07,1299.35,1251.71,1349.16,1251.71,-9.97,-138.6,383576,226120337.0,7.01,0.77
2015-07-08,1126.1,1366.48,1377.31,1126.1,9.17,114.77,1750083,1027852240.0,20.07,3.53
2015-07-09,1366.48,1502.92,1502.92,1366.48,9.98,136.44,486193,326882496.0,9.98,0.98
2015-07-10,1615.53,1652.34,1652.34,1548.39,9.94,149.42,361671,273104944.0,6.92,0.73
2015-07-13,1771.45,1816.93,1816.93,1704.32,9.96,164.59,750485,618638640.0,6.82,1.52
2015-07-14,1819.09,1786.61,1944.7,1736.8,-1.67,-30.32,894234,753782704.0,11.44,1.81
2015-07-15,1734.63,1609.03,1754.12,1609.03,-9.94,-177.58,460386,354833792.0,8.12,0.93
2015-07-16,1609.03,1682.66,1725.97,1520.24,4.58,73.63,473972,361628992.0,12.79,0.96
2015-07-17,1691.32,1784.44,1803.93,1684.83,6.05,101.78,399684,323522816.0,7.08,0.81
2015-07-20,1784.44,1782.28,1840.75,1736.8,-0.12,-2.16,441111,364473440.0,5.83,0.89
2015-07-21,1734.63,1764.95,1797.44,1734.63,-0.97,-17.33,299432,245100842.0,3.52,0.6
2015-07-22,1760.62,1773.61,1782.28,1699.98,0.49,8.66,337973,273137648.0,4.66,0.68
2015-07-23,1775.78,1812.6,1832.09,1745.46,2.2,38.99,434535,360117872.0,4.88,0.88
2015-07-24,1812.6,1736.8,1829.92,1725.97,-4.18,-75.8,463525,383483120.0,5.73,0.94
2015-07-27,1689.16,1563.55,1745.46,1563.55,-9.98,-173.25,348945,266993916.0,10.47,0.7
2015-07-28,1528.9,1563.55,1615.53,1411.96,0.0,0.0,425058,296612400.0,13.02,0.86
2015-07-29,1580.88,1665.34,1665.34,1535.4,6.51,101.79,256746,188018580.0,8.31,0.52
2015-07-30,1658.84,1574.38,1686.99,1567.88,-5.46,-90.96,237636,181904147.0,7.15,0.48
2015-07-31,1544.06,1596.04,1624.19,1544.06,1.38,21.66,187962,137333530.0,5.09,0.38
2015-08-03,1580.88,1756.29,1756.29,1563.55,10.04,160.25,352364,268909248.0,12.08,0.71
2015-08-04,1758.46,1825.59,1851.58,1747.63,3.95,69.3,522054,432926384.0,5.92,1.05
2015-08-05,1819.09,1751.96,1819.09,1734.63,-4.03,-73.63,432474,354585856.0,4.63,0.87
2015-08-06,1706.48,1712.98,1771.45,1704.32,-2.22,-38.98,233190,186419183.0,3.83,0.47
2015-08-07,1712.98,1819.09,1862.4,1712.98,6.19,106.11,475981,395142416.0,8.72,0.96
2015-08-10,1821.26,1875.4,1940.36,1795.27,3.1,56.31,568531,487257568.0,7.98,1.15
2015-08-11,1855.91,1901.38,1985.84,1819.09,1.39,25.98,643726,563186208.0,8.89,1.3
2015-08-12,1873.23,1836.42,1938.2,1836.42,-3.42,-64.96,411146,357950016.0,5.35,0.83
2015-08-13,1801.77,1860.24,1873.23,1801.77,1.3,23.82,307235,261082428.0,3.89,0.62
2015-08-14,1873.23,1894.89,1938.2,1868.9,1.86,34.65,387573,341480192.0,3.73,0.78
2015-08-17,1959.85,1996.67,2016.16,1916.54,5.37,101.78,561445,511909824.0,5.26,1.13
2015-08-18,1996.67,1797.44,2007.5,1797.44,-9.98,-199.23,529619,464935872.0,10.52,1.07
2015-08-19,1728.14,1827.75,1849.41,1635.02,1.69,30.31,405708,327755712.0,11.93,0.82
2015-08-20,1797.44,1847.24,1916.54,1793.1,1.07,19.49,512264,441722592.0,6.75,1.03
2015-08-21,1788.77,1682.66,1832.09,1669.67,-8.91,-164.58,365348,292833632.0,8.79,0.74
2015-08-24,1580.88,1513.74,1609.03,1513.74,-10.04,-168.92,245354,172781995.0,5.66,0.5
2015-08-25,1362.15,1362.15,1398.97,1362.15,-10.01,-151.59,414875,261590901.0,2.43,0.84
2015-08-26,1368.65,1256.04,1427.12,1247.38,-7.79,-106.11,371675,228984732.0,13.2,0.75
2015-08-27,1295.02,1336.17,1336.17,1238.72,6.38,80.13,272316,163014746.0,7.76,0.55
2015-08-28,1368.65,1429.29,1444.45,1346.99,6.97,93.12,289935,185563915.0,7.29,0.59
2015-08-31,1420.62,1359.99,1420.62,1359.99,-4.85,-69.3,207558,132795571.0,4.24,0.42
2015-09-01,1366.48,1256.04,1377.31,1249.54,-7.64,-103.95,236883,142236933.0,9.39,0.48
2015-09-02,1193.24,1342.66,1351.33,1193.24,6.9,86.62,346590,205818667.0,12.59,0.7
2015-09-07,1342.66,1329.67,1407.63,1312.34,-0.97,-12.99,299695,189141524.0,7.1,0.61
2015-09-08,1329.67,1385.97,1385.97,1288.52,4.23,56.3,160649,99588656.0,7.33,0.32
2015-09-09,1398.97,1422.79,1457.44,1385.97,2.66,36.82,371920,243367351.0,5.16,0.75
2015-09-10,1396.8,1377.31,1411.96,1375.15,-3.2,-45.48,198740,127892189.0,2.59,0.4
2015-09-11,1379.48,1379.48,1401.13,1351.33,0.16,2.17,134612,85549639.0,3.62,0.27
2015-09-14,1379.48,1240.88,1388.14,1240.88,-10.05,-138.6,224868,134735974.0,10.68,0.45
2015-09-15,1234.38,1139.1,1236.55,1128.27,-8.2,-101.78,217998,119751513.0,8.73,0.44
2015-09-16,1143.43,1245.21,1253.87,1143.43,9.32,106.11,204138,112883853.0,9.7,0.41
2015-09-17,1232.22,1204.07,1271.2,1204.07,-3.3,-41.14,199118,114157738.0,5.39,0.4
2015-09-18,1221.39,1217.06,1234.38,1197.57,1.08,12.99,107418,60194596.0,3.06,0.22
2015-09-21,1219.22,1275.53,1275.53,1197.57,4.8,58.47,177109,102176544.0,6.41,0.36
2015-09-22,1279.86,1256.04,1282.03,1243.05,-1.53,-19.49,186527,108982894.0,3.06,0.38
2015-09-23,1236.55,1249.54,1288.52,1212.73,-0.52,-6.5,197001,113680826.0,6.03,0.4
2015-09-24,1249.54,1243.05,1262.54,1219.22,-0.52,-6.49,327055,186924430.0,3.47,0.66
2015-09-25,1240.88,1147.76,1240.88,1136.93,-7.67,-95.29,548092,296043008.0,8.36,1.11
2015-09-28,1158.59,1156.42,1158.59,1130.44,0.75,8.66,253610,134142290.0,2.45,0.51
2015-09-29,1134.77,1126.1,1141.26,1117.44,-2.62,-30.32,199774,104227401.0,2.06,0.4
2015-09-30,1134.77,1136.93,1158.59,1132.6,0.96,10.83,166633,87994948.0,2.31,0.34
2015-10-08,1182.41,1180.24,1186.74,1162.92,3.81,43.31,306938,166804367.0,2.1,0.62
2015-10-09,1182.41,1195.4,1199.73,1173.75,1.28,15.16,241520,132301133.0,2.2,0.49
2015-10-12,1208.4,1260.37,1273.36,1199.73,5.44,64.97,493923,283458688.0,6.16,1.0
2015-10-13,1253.87,1316.68,1316.68,1238.72,4.47,56.31,546563,321003600.0,6.19,1.1
2015-10-14,1295.02,1284.19,1318.84,1269.03,-2.47,-32.49,508941,303195088.0,3.78,1.03
2015-10-15,1271.2,1312.34,1314.51,1266.87,2.19,28.15,468735,280465120.0,3.71,0.95
2015-10-16,1314.51,1318.84,1334.0,1292.85,0.5,6.5,459989,278858672.0,3.14,0.93
2015-10-19,1323.17,1340.5,1353.49,1316.68,1.64,21.66,502786,309430752.0,2.79,1.02
2015-10-20,1342.66,1364.32,1370.82,1323.17,1.78,23.82,448230,278666400.0,3.55,0.91
2015-10-21,1370.82,1253.87,1370.82,1249.54,-8.1,-110.45,573701,348765680.0,8.89,1.16
2015-10-22,1253.87,1297.19,1303.68,1227.89,3.45,43.32,352653,206856487.0,6.04,0.71
2015-10-23,1299.35,1334.0,1342.66,1275.53,2.84,36.81,430290,259688684.0,5.18,0.87
2015-10-26,1353.49,1334.0,1353.49,1314.51,0.0,0.0,388699,239327266.0,2.92,0.78
2015-10-27,1321.01,1323.17,1325.34,1264.7,-0.81,-10.83,388111,232748086.0,4.55,0.78
2015-10-28,1308.01,1301.52,1346.99,1290.69,-1.64,-21.65,405495,247514551.0,4.25,0.82
2015-10-29,1299.35,1301.52,1316.68,1286.36,0.0,0.0,329298,198214581.0,2.33,0.66
2015-10-30,1295.02,1297.19,1308.01,1277.7,-0.33,-4.33,341850,203755923.0,2.33,0.69
2015-11-02,1247.38,1247.38,1288.52,1247.38,-3.84,-49.81,304285,178033826.0,3.17,0.61
2015-11-03,1247.38,1243.05,1256.04,1230.05,-0.35,-4.33,229134,131637847.0,2.08,0.46
2015-11-04,1245.21,1312.34,1312.34,1245.21,5.57,69.29,605619,357966208.0,5.4,1.22
2015-11-05,1314.51,1334.0,1359.99,1305.85,1.65,21.66,782323,479428592.0,4.13,1.58
2015-11-06,1334.0,1359.99,1370.82,1329.67,1.95,25.99,610885,381613808.0,3.08,1.23
2015-11-09,1346.99,1370.82,1381.64,1336.17,0.8,10.83,585262,367773808.0,3.34,1.18
2015-11-10,1364.32,1416.29,1422.79,1355.66,3.32,45.47,705566,451400048.0,4.9,1.42
2015-11-11,1403.3,1409.8,1420.62,1385.97,-0.46,-6.49,501485,324911296.0,2.45,1.01
2015-11-12,1409.8,1390.31,1411.96,1372.98,-1.38,-19.49,478790,307787072.0,2.76,0.97
2015-11-13,1364.32,1372.98,1394.64,1359.99,-1.25,-17.33,421645,267920058.0,2.49,0.85
2015-11-16,1346.99,1409.8,1411.96,1346.99,2.68,36.82,392668,251119484.0,4.73,0.79
2015-11-17,1450.94,1457.44,1507.25,1444.45,3.38,47.64,840849,573125744.0,4.45,1.7
2015-11-18,1457.44,1557.06,1596.04,1442.28,6.84,99.62,949055,666545376.0,10.55,1.92
2015-11-19,1537.57,1576.55,1583.04,1537.57,1.25,19.49,716271,515627904.0,2.92,1.45
2015-11-20,1563.55,1561.39,1656.67,1546.23,-0.96,-15.16,813535,600412320.0,7.01,1.64
2015-11-23,1544.06,1546.23,1593.87,1537.57,-0.97,-15.16,494386,356120912.0,3.61,1.0
2015-11-24,1541.9,1531.07,1552.72,1498.59,-0.98,-15.16,378023,265391179.0,3.5,0.76
2015-11-25,1531.07,1550.56,1567.88,1518.08,1.27,19.49,339339,242135531.0,3.25,0.69
2015-11-26,1554.89,1520.24,1561.39,1518.08,-1.96,-30.32,364478,257860551.0,2.79,0.74
2015-11-27,1515.91,1394.64,1515.91,1375.15,-8.26,-125.6,487647,327874640.0,9.26,0.98
2015-11-30,1394.64,1385.97,1409.8,1308.01,-0.62,-8.67,377931,238438811.0,7.3,0.76
2015-12-01,1388.14,1457.44,1463.94,1355.66,5.16,71.47,419526,274804560.0,7.81,0.85
2015-12-02,1437.95,1429.29,1446.61,1390.31,-1.93,-28.15,314690,206539282.0,3.86,0.64
2015-12-03,1435.78,1444.45,1457.44,1422.79,1.06,15.16,266734,177533451.0,2.42,0.54
2015-12-04,1429.29,1414.13,1444.45,1411.96,-2.1,-30.32,253703,167178513.0,2.25,0.51
2015-12-07,1418.46,1437.95,1440.11,1414.13,1.68,23.82,188404,124395624.0,1.84,0.38
2015-12-08,1427.12,1390.31,1427.12,1388.14,-3.31,-47.64,211450,136957201.0,2.71,0.43
2015-12-09,1381.64,1375.15,1396.8,1366.48,-1.09,-15.16,151816,96614739.0,2.18,0.31
2015-12-10,1379.48,1401.13,1424.96,1370.82,1.89,25.98,213423,137298689.0,3.94,0.43
2015-12-11,1396.8,1375.15,1396.8,1368.65,-1.85,-25.98,139265,88662552.0,2.01,0.28
2015-12-14,1357.82,1403.3,1407.63,1349.16,2.05,28.15,178802,114134617.0,4.25,0.36
2015-12-15,1401.13,1416.29,1435.78,1401.13,0.93,12.99,223140,146371963.0,2.47,0.45
2015-12-16,1420.62,1414.13,1431.45,1405.47,-0.15,-2.16,180754,118248145.0,1.83,0.37
2015-12-17,1422.79,1440.11,1440.11,1422.79,1.84,25.98,292444,193532284.0,1.22,0.59
2015-12-18,1440.11,1418.46,1446.61,1409.8,-1.5,-21.65,235262,155206645.0,2.56,0.48
2015-12-21,1418.46,1455.27,1457.44,1414.13,2.6,36.81,261993,173497284.0,3.05,0.53
2015-12-22,1453.11,1466.1,1472.6,1433.62,0.74,10.83,274204,183945781.0,2.68,0.55
2015-12-23,1470.43,1429.29,1472.6,1427.12,-2.51,-36.81,267035,179208497.0,3.1,0.54
2015-12-24,1429.29,1418.46,1437.95,1394.64,-0.76,-10.83,211578,137899235.0,3.03,0.43
2015-12-25,1418.46,1440.11,1442.28,1416.29,1.53,21.65,167182,110374030.0,1.83,0.34
2015-12-28,1440.11,1411.96,1463.94,1411.96,-1.95,-28.15,307077,204613348.0,3.61,0.62
2015-12-29,1405.47,1418.46,1418.46,1381.64,0.46,6.5,208782,134812792.0,2.61,0.42
2015-12-30,1422.79,1433.62,1435.78,1409.8,1.07,15.16,184994,121680422.0,1.83,0.37
2015-12-31,1437.95,1405.47,1437.95,1401.13,-1.96,-28.15,178340,116801584.0,2.57,0.36
2016-01-04,1407.63,1264.7,1407.63,1264.7,-10.02,-140.77,216199,133891098.0,10.17,0.44
2016-01-05,1191.07,1232.22,1282.03,1167.25,-2.57,-32.48,306250,173900036.0,9.08,0.62
2016-01-06,1240.88,1258.21,1264.7,1227.89,2.11,25.99,227374,131125214.0,2.99,0.46
2016-01-07,1249.54,1134.77,1249.54,1132.6,-9.81,-123.44,80952,43758465.0,9.29,0.16
2016-01-08,1188.91,1162.92,1191.07,1091.46,2.48,28.15,290588,155503841.0,8.78,0.59
2016-01-11,1141.26,1102.28,1184.58,1102.28,-5.21,-60.64,298274,157801515.0,7.08,0.6
2016-01-12,1117.44,1123.94,1132.6,1095.79,1.97,21.66,206310,106410281.0,3.34,0.42
2016-01-13,1123.94,1132.6,1143.43,1113.11,0.77,8.66,171932,89612259.0,2.7,0.35
2016-01-14,1097.95,1162.92,1171.58,1097.95,2.68,30.32,212465,110977785.0,6.5,0.43
2016-01-15,1147.76,1113.11,1162.92,1104.45,-4.28,-49.81,178821,93618168.0,5.03,0.36
2016-01-18,1091.46,1121.77,1136.93,1091.46,0.78,8.66,111767,57899363.0,4.08,0.23
2016-01-19,1126.1,1156.42,1160.75,1110.95,3.09,34.65,212839,112051905.0,4.44,0.43
2016-01-20,1141.26,1141.26,1158.59,1126.1,-1.31,-15.16,185219,97666418.0,2.81,0.37
2016-01-21,1128.27,1102.28,1145.59,1102.28,-3.42,-38.98,167681,87081112.0,3.79,0.34
2016-01-22,1113.11,1113.11,1119.61,1091.46,0.98,10.83,143539,73513055.0,2.55,0.29
2016-01-25,1121.77,1123.94,1143.43,1113.11,0.97,10.83,112479,58511294.0,2.72,0.23
2016-01-26,1119.61,1039.48,1119.61,1030.82,-7.51,-84.46,256483,128422585.0,7.9,0.52
2016-01-27,1058.97,1011.33,1058.97,957.19,-2.71,-28.15,195252,90394682.0,9.79,0.39
2016-01-28,1000.5,961.52,1009.16,957.19,-4.93,-49.81,125029,56722577.0,5.14,0.25
2016-01-29,957.19,987.51,1004.83,955.02,2.7,25.99,137812,62468837.0,5.18,0.28
2016-02-01,987.51,968.02,987.51,957.19,-1.97,-19.49,108831,48850533.0,3.07,0.22
2016-02-02,968.02,998.34,1013.49,968.02,3.13,30.32,117216,53910735.0,4.7,0.24
2016-02-03,987.51,1007.0,1011.33,981.01,0.87,8.66,115499,53260191.0,3.04,0.23
2016-02-04,1009.16,1017.83,1028.65,1009.16,1.08,10.83,127636,60084843.0,1.94,0.26
2016-02-05,1026.49,1007.0,1026.49,998.34,-1.06,-10.83,119000,55433160.0,2.77,0.24
2016-02-15,970.18,989.67,998.34,970.18,-1.72,-17.33,85005,38618652.0,2.8,0.17
2016-02-16,996.17,1043.81,1052.47,996.17,5.47,54.14,172657,81838843.0,5.69,0.35
2016-02-17,1039.48,1045.98,1054.64,1024.32,0.21,2.17,181187,86764135.0,2.9,0.37
2016-02-18,1048.14,1043.81,1067.63,1041.65,-0.21,-2.17,214149,104032021.0,2.48,0.43
2016-02-19,1039.48,1045.98,1048.14,1030.82,0.21,2.17,134822,64691546.0,1.66,0.27
2016-02-22,1056.81,1067.63,1074.13,1048.14,2.07,21.65,189983,93202964.0,2.48,0.38
2016-02-23,1069.8,1065.47,1080.63,1052.47,-0.2,-2.16,156558,77028544.0,2.64,0.32
2016-02-24,1056.81,1074.13,1074.13,1048.14,0.81,8.66,162069,79632850.0,2.44,0.33
2016-02-25,1074.13,994.0,1091.46,978.84,-7.46,-80.13,367903,178296562.0,10.48,0.74
2016-02-26,1004.83,1004.83,1017.83,976.68,1.09,10.83,170799,78991085.0,4.14,0.34
2016-02-29,996.17,942.03,996.17,929.04,-6.25,-62.8,234200,102788943.0,6.68,0.47
2016-03-01,948.53,957.19,965.85,935.53,1.61,15.16,153169,67293383.0,3.22,0.31
2016-03-02,957.19,1039.48,1052.47,957.19,8.6,82.29,281501,130541972.0,9.95,0.57
2016-03-03,1028.65,1067.63,1130.44,1026.49,2.71,28.15,506398,253387182.0,10.0,1.02
2016-03-04,1067.63,1028.65,1067.63,1007.0,-3.65,-38.98,269207,129213514.0,5.68,0.54
2016-03-07,1037.32,1074.13,1078.46,1037.32,4.42,45.48,261872,128447779.0,4.0,0.53
2016-03-08,1063.3,1069.8,1074.13,1032.98,-0.4,-4.33,207963,101402794.0,3.83,0.42
2016-03-09,1045.98,1048.14,1065.47,1030.82,-2.02,-21.66,147511,71428541.0,3.24,0.3
2016-03-10,1052.47,1017.83,1058.97,1017.83,-2.89,-30.31,158664,75628735.0,3.93,0.32
2016-03-11,998.34,1048.14,1056.81,998.34,2.98,30.31,180809,85977513.0,5.74,0.37
2016-03-14,1065.47,1058.97,1084.96,1048.14,1.03,10.83,302305,149297676.0,3.51,0.61
2016-03-15,1058.97,1035.15,1058.97,1030.82,-2.25,-23.82,175872,84756094.0,2.66,0.36
2016-03-16,1039.48,1015.66,1048.14,1009.16,-1.88,-19.49,163747,77296976.0,3.77,0.33
2016-03-17,1019.99,1041.65,1048.14,1013.49,2.56,25.99,184603,88116262.0,3.41,0.37
2016-03-18,1041.65,1069.8,1074.13,1041.65,2.7,28.15,329961,161964514.0,3.12,0.67
2016-03-21,1082.79,1095.79,1097.95,1069.8,2.43,25.99,349992,174976562.0,2.63,0.71
2016-03-22,1082.79,1078.46,1084.96,1069.8,-1.58,-17.33,242659,120930557.0,1.38,0.49
2016-03-23,1067.63,1087.12,1087.12,1067.63,0.8,8.66,176027,87558124.0,1.81,0.36
2016-03-24,1080.63,1071.97,1091.46,1065.47,-1.39,-15.15,233203,115852493.0,2.39,0.47
2016-03-25,1071.97,1078.46,1080.63,1065.47,0.61,6.49,135231,67003123.0,1.41,0.27
2016-03-28,1080.63,1058.97,1084.96,1058.97,-1.81,-19.49,226202,112461053.0,2.41,0.46
2016-03-29,1058.97,1030.82,1058.97,1024.32,-2.66,-28.15,188214,90044355.0,3.27,0.38
2016-03-30,1039.48,1065.47,1065.47,1037.32,3.36,34.65,156385,76049375.0,2.73,0.32
2016-03-31,1058.97,1067.63,1071.97,1056.81,0.2,2.16,194608,95656535.0,1.42,0.39
2016-04-01,1058.97,1054.64,1065.47,1037.32,-1.22,-12.99,164102,79736932.0,2.64,0.33
2016-04-05,1054.64,1087.12,1087.12,1054.64,3.08,32.48,207035,102769577.0,3.08,0.42
2016-04-06,1087.12,1087.12,1089.29,1076.3,0.0,0.0,165622,82754411.0,1.19,0.33
2016-04-07,1087.12,1084.96,1121.77,1082.79,-0.2,-2.16,413022,209972467.0,3.59,0.83
2016-04-08,1069.8,1065.47,1078.46,1050.31,-1.8,-19.49,212933,104553231.0,2.59,0.43
2016-04-11,1076.3,1089.29,1097.95,1071.97,2.24,23.82,189787,95306694.0,2.44,0.38
2016-04-12,1087.12,1076.3,1087.12,1065.47,-1.19,-12.99,138725,68775255.0,1.99,0.28
2016-04-13,1078.46,1095.79,1108.78,1078.46,1.81,19.49,315602,160422436.0,2.82,0.64
2016-04-14,1104.45,1106.61,1108.78,1091.46,0.99,10.82,169862,86305228.0,1.58,0.34
2016-04-15,1104.45,1102.28,1121.77,1095.79,-0.39,-4.33,233192,119379523.0,2.35,0.47
2016-04-18,1095.79,1093.62,1102.28,1082.79,-0.79,-8.66,161501,81312553.0,1.77,0.33
2016-04-19,1095.79,1089.29,1100.12,1084.96,-0.4,-4.33,114349,57561637.0,1.39,0.23
2016-04-20,1095.79,1037.32,1095.79,1022.16,-4.77,-51.97,315861,153595923.0,6.76,0.64
2016-04-21,1028.65,1024.32,1043.81,1022.16,-1.25,-13.0,156301,74654985.0,2.09,0.32
2016-04-22,1022.16,1028.65,1028.65,1013.49,0.42,4.33,101797,47984571.0,1.48,0.21
2016-04-25,1028.65,1017.83,1028.65,1000.5,-1.05,-10.82,97991,45810668.0,2.74,0.2
2016-04-26,1017.83,1030.82,1030.82,1013.49,1.28,12.99,93764,44362652.0,1.7,0.19
2016-04-27,1030.82,1024.32,1032.98,1015.66,-0.63,-6.5,98140,46453480.0,1.68,0.2
2016-04-28,1024.32,1013.49,1024.32,994.0,-1.06,-10.83,112280,52272746.0,2.96,0.23
2016-04-29,1009.16,1015.66,1024.32,1007.0,0.21,2.17,81435,38195095.0,1.71,0.16
2016-05-03,1013.49,1039.48,1039.48,1009.16,2.35,23.82,141254,67197854.0,2.99,0.29
2016-05-04,1032.98,1032.98,1039.48,1026.49,-0.63,-6.5,104900,50026203.0,1.25,0.21
2016-05-05,1032.98,1032.98,1035.15,1019.99,0.0,0.0,114631,54420297.0,1.47,0.23
2016-05-06,1035.15,1004.83,1037.32,1000.5,-2.73,-28.15,152593,71507732.0,3.56,0.31
2016-05-09,1002.67,963.69,1002.67,959.35,-4.09,-41.14,135367,60991712.0,4.31,0.27
2016-05-10,965.85,968.02,974.51,959.35,0.45,4.33,44754,19993449.0,1.57,0.09
2016-05-11,970.18,961.52,976.68,959.35,-0.67,-6.5,81916,36566476.0,1.79,0.17
2016-05-12,948.53,957.19,961.52,935.53,-0.45,-4.33,78036,34212010.0,2.7,0.16
2016-05-13,955.02,948.53,970.18,944.2,-0.9,-8.66,69398,30593995.0,2.71,0.14
2016-05-16,946.36,963.69,963.69,937.7,1.6,15.16,72204,31693328.0,2.74,0.15
2016-05-17,965.85,959.35,970.18,948.53,-0.45,-4.34,61587,27290863.0,2.25,0.12
2016-05-18,952.86,942.03,957.19,935.53,-1.81,-17.32,71743,31208219.0,2.26,0.14
2016-05-19,942.03,944.2,952.86,937.7,0.23,2.17,59887,26197549.0,1.61,0.12
2016-05-20,939.86,955.02,955.02,935.53,1.15,10.82,72365,31588401.0,2.06,0.15
2016-05-23,955.02,957.19,968.02,952.86,0.23,2.17,70603,31317883.0,1.59,0.14
2016-05-24,957.19,952.86,968.02,942.03,-0.45,-4.33,100477,44259318.0,2.72,0.2
2016-05-25,957.19,948.53,961.52,948.53,-0.45,-4.33,44528,19609503.0,1.36,0.09
2016-05-26,948.53,950.69,955.02,935.53,0.23,2.16,57822,25158015.0,2.05,0.12
2016-05-27,950.69,946.36,952.86,939.86,-0.46,-4.33,56269,24589852.0,1.37,0.11
2016-05-30,942.03,939.86,950.69,935.53,-0.69,-6.5,50454,21961781.0,1.6,0.1
2016-05-31,939.86,974.51,974.51,939.86,3.69,34.65,135516,60277108.0,3.69,0.27
2016-06-01,981.01,970.18,981.01,970.18,-0.44,-4.33,88996,40044688.0,1.11,0.18
2016-06-02,974.51,972.35,976.68,963.69,0.22,2.17,80499,36040575.0,1.34,0.16
2016-06-03,1007.0,1069.8,1069.8,1007.0,10.02,97.45,296059,144869477.0,6.46,0.6
2016-06-06,1082.79,1058.97,1095.79,1043.81,-1.01,-10.83,567458,281334816.0,4.86,1.15
2016-06-07,1056.81,1043.81,1056.81,1035.15,-1.43,-15.16,215662,103805124.0,2.05,0.44
2016-06-08,1045.98,1045.98,1052.47,1035.15,0.21,2.17,175350,84447516.0,1.66,0.35
2016-06-13,1030.82,981.01,1032.98,981.01,-6.21,-64.97,199417,92953496.0,4.97,0.4
2016-06-14,978.84,978.84,985.34,972.35,-0.22,-2.17,110029,49761561.0,1.32,0.22
2016-06-15,970.18,1045.98,1071.97,970.18,6.86,67.14,290385,137569138.0,10.4,0.59
2016-06-16,1030.82,1017.83,1041.65,1017.83,-2.69,-28.15,161133,76408157.0,2.28,0.33
2016-06-17,1017.83,1015.66,1035.15,1013.49,-0.21,-2.17,118766,56298565.0,2.13,0.24
2016-06-20,1017.83,1026.49,1028.65,1011.33,1.07,10.83,92800,43688518.0,1.71,0.19
2016-06-21,1032.98,1002.67,1035.15,998.34,-2.32,-23.82,130176,61233631.0,3.59,0.26
2016-06-22,1002.67,1030.82,1035.15,1002.67,2.81,28.15,110015,51926031.0,3.24,0.22
2016-06-23,1030.82,1019.99,1035.15,1013.49,-1.05,-10.83,93601,44197597.0,2.1,0.19
2016-06-24,1017.83,998.34,1024.32,983.18,-2.12,-21.65,125202,58061803.0,4.03,0.25
2016-06-27,989.67,1015.66,1017.83,989.67,1.73,17.32,103992,48477858.0,2.82,0.21
2016-06-28,1011.33,1028.65,1028.65,1004.83,1.28,12.99,127336,59801887.0,2.35,0.26
2016-06-29,1028.65,1022.16,1043.81,1022.16,-0.63,-6.49,110762,52600676.0,2.1,0.22
2016-06-30,1026.49,1039.48,1048.14,1019.99,1.69,17.32,189189,90271514.0,2.75,0.38
2016-07-01,1032.98,1028.65,1043.81,1026.49,-1.04,-10.83,106738,50909803.0,1.67,0.22
2016-07-04,1017.83,1041.65,1048.14,1017.83,1.26,13.0,195452,93713880.0,2.95,0.39
2016-07-05,1039.48,1039.48,1048.14,1037.32,-0.21,-2.17,156788,75308991.0,1.04,0.32
2016-07-06,1039.48,1037.32,1039.48,1026.49,-0.21,-2.16,142345,67911431.0,1.25,0.29
2016-07-07,1039.48,1035.15,1039.48,1024.32,-0.21,-2.17,126060,60082965.0,1.46,0.25
2016-07-08,1030.82,1028.65,1032.98,1026.49,-0.63,-6.5,77123,36672693.0,0.63,0.16
2016-07-11,1028.65,1028.65,1037.32,1022.16,0.0,0.0,106603,50661526.0,1.47,0.22
2016-07-12,1026.49,1039.48,1041.65,1019.99,1.05,10.83,151680,72147230.0,2.11,0.31
2016-07-13,1039.48,1048.14,1054.64,1039.48,0.83,8.66,194390,93994704.0,1.46,0.39
2016-07-14,1037.32,1056.81,1058.97,1026.49,0.83,8.67,300018,144030290.0,3.1,0.61
2016-07-15,1048.11,1045.93,1065.5,1043.76,-1.03,-10.88,159248,77026808.0,2.06,0.32
2016-07-18,1043.76,1028.54,1043.76,1028.54,-1.66,-17.39,99703,47379872.0,1.46,0.2
2016-07-19,1030.71,1032.89,1037.24,1022.01,0.42,4.35,88268,41777507.0,1.48,0.18
2016-07-20,1032.89,1026.36,1037.24,1026.36,-0.63,-6.53,84896,40324976.0,1.05,0.17
2016-07-21,1026.36,1026.36,1035.06,1024.19,0.0,0.0,89290,42271453.0,1.06,0.18
2016-07-22,1026.36,1013.32,1028.54,1013.32,-1.27,-13.04,104026,48776698.0,1.48,0.21
2016-07-25,1015.49,1039.41,1050.28,1013.32,2.57,26.09,209949,100039433.0,3.65,0.42
2016-07-26,1041.58,1045.93,1045.93,1037.24,0.63,6.52,130652,62617491.0,0.84,0.26
2016-07-27,1043.76,1002.44,1048.11,993.75,-4.16,-43.49,217880,102293798.0,5.2,0.44
2016-07-28,1006.79,1002.44,1011.14,989.4,0.0,0.0,99225,45631571.0,2.17,0.2
2016-07-29,1002.44,991.57,1004.62,985.05,-1.08,-10.87,98608,44929429.0,1.95,0.2
2016-08-01,987.22,972.0,987.22,963.3,-1.97,-19.57,108907,48649380.0,2.41,0.22
2016-08-02,972.0,976.35,978.52,956.78,0.45,4.35,74434,33208860.0,2.24,0.15
2016-08-03,972.0,976.35,978.52,961.13,0.0,0.0,52074,23367310.0,1.78,0.11
2016-08-04,974.18,980.7,985.05,972.0,0.45,4.35,57496,25927030.0,1.34,0.12
2016-08-05,978.52,982.87,995.92,978.52,0.22,2.17,85926,39105018.0,1.77,0.17
2016-08-08,987.22,1000.27,1000.27,980.7,1.77,17.4,93376,42548064.0,1.99,0.19
2016-08-09,991.57,1002.44,1002.44,989.4,0.22,2.17,96346,44185061.0,1.3,0.19
2016-08-10,1002.44,995.92,1002.44,993.75,-0.65,-6.52,60790,27874266.0,0.87,0.12
2016-08-11,995.92,978.52,998.09,978.52,-1.75,-17.4,65190,29590763.0,1.97,0.13
2016-08-12,978.52,1019.84,1028.54,976.35,4.22,41.32,235308,109601497.0,5.33,0.48
2016-08-15,1017.66,1026.36,1043.76,1013.32,0.64,6.52,227572,108080118.0,2.98,0.46
2016-08-16,1026.36,1043.76,1043.76,1019.84,1.7,17.4,179330,85283488.0,2.33,0.36
2016-08-17,1074.2,1065.5,1119.87,1056.81,2.08,21.74,501985,250507578.0,6.04,1.01
2016-08-18,1050.28,1069.85,1087.25,1045.93,0.41,4.35,313798,153715464.0,3.88,0.63
2016-08-19,1065.5,1052.46,1065.5,1052.46,-1.63,-17.39,146886,71349262.0,1.22,0.3
2016-08-22,1048.11,1032.89,1054.63,1032.89,-1.86,-19.57,104587,50136989.0,2.07,0.21
2016-08-23,1035.06,1054.63,1069.85,1035.06,2.1,21.74,238463,116283374.0,3.37,0.48
2016-08-24,1052.46,1048.11,1058.98,1045.93,-0.62,-6.52,101418,49021866.0,1.24,0.2
2016-08-25,1039.41,1041.58,1050.28,1028.54,-0.62,-6.53,119396,56977951.0,2.07,0.24
2016-08-26,1045.93,1054.63,1065.5,1037.24,1.25,13.05,141403,68461267.0,2.71,0.29
2016-08-29,1048.11,1037.24,1050.28,1030.71,-1.65,-17.39,127209,60730697.0,1.86,0.26
2016-08-30,1043.76,1032.89,1043.76,1030.71,-0.42,-4.35,88970,42375427.0,1.26,0.18
2016-08-31,1032.89,1028.54,1037.24,1024.19,-0.42,-4.35,105355,49914767.0,1.26,0.21
2016-09-01,1026.36,1032.89,1048.11,1022.01,0.42,4.35,166926,79668845.0,2.54,0.34
2016-09-02,1032.89,1030.71,1037.24,1028.54,-0.21,-2.18,59483,28225408.0,0.84,0.12
2016-09-05,1035.06,1032.89,1041.58,1026.36,0.21,2.18,79696,37940235.0,1.48,0.16
2016-09-06,1037.24,1048.11,1048.11,1026.36,1.47,15.22,108995,52012515.0,2.11,0.22
2016-09-07,1037.24,1054.63,1061.16,1037.24,0.62,6.52,160797,78059402.0,2.28,0.32
2016-09-08,1056.81,1050.28,1061.16,1045.93,-0.41,-4.35,55253,26723811.0,1.44,0.11
2016-09-09,1050.28,1039.41,1056.81,1037.24,-1.03,-10.87,68671,33095338.0,1.86,0.14
2016-09-12,1026.36,1026.36,1039.41,1017.66,-1.26,-13.05,161343,76429279.0,2.09,0.33
2016-09-13,1028.54,1035.06,1035.06,1028.54,0.85,8.7,77157,36651415.0,0.64,0.16
2016-09-14,1039.41,1050.28,1056.81,1028.54,1.47,15.22,108594,52111567.0,2.73,0.22
2016-09-19,1048.11,1052.46,1058.98,1048.11,0.21,2.18,71705,34737740.0,1.03,0.14
2016-09-20,1056.81,1050.28,1058.98,1041.58,-0.21,-2.18,79834,38426214.0,1.65,0.16
2016-09-21,1048.11,1048.11,1058.98,1043.76,-0.21,-2.17,80375,38844455.0,1.45,0.16
2016-09-22,1052.46,1043.76,1054.63,1037.24,-0.42,-4.35,120915,58093219.0,1.66,0.24
2016-09-23,1048.11,1035.06,1048.11,1035.06,-0.83,-8.7,69003,32964971.0,1.25,0.14
2016-09-26,1032.89,1017.66,1037.24,1017.66,-1.68,-17.4,82551,38948843.0,1.89,0.17
2016-09-27,1017.66,1022.01,1024.19,1011.14,0.43,4.35,72859,34148543.0,1.28,0.15
2016-09-28,1022.01,1013.32,1022.01,1011.14,-0.85,-8.69,49902,23313123.0,1.06,0.1
2016-09-29,1013.32,1022.01,1026.36,1013.32,0.86,8.69,51022,23954840.0,1.29,0.1
2016-09-30,1019.84,1024.19,1032.89,1019.84,0.21,2.18,48294,22833673.0,1.28,0.1
2016-10-10,1026.36,1037.24,1037.24,1022.01,1.27,13.05,75401,35753105.0,1.49,0.15
2016-10-11,1037.24,1045.93,1045.93,1032.89,0.84,8.69,79328,37879011.0,1.26,0.16
2016-10-12,1074.2,1061.16,1098.12,1056.81,1.46,15.23,291573,143810032.0,3.95,0.59
2016-10-13,1061.16,1052.46,1061.16,1050.28,-0.82,-8.7,117545,57051831.0,1.03,0.24
2016-10-14,1052.46,1045.93,1052.46,1037.24,-0.62,-6.53,105048,50463137.0,1.45,0.21
2016-10-17,1041.58,1037.24,1048.11,1035.06,-0.83,-8.69,90766,43443505.0,1.25,0.18
2016-10-18,1035.06,1050.28,1052.46,1032.89,1.26,13.04,99942,48002590.0,1.89,0.2
2016-10-19,1048.11,1043.76,1054.63,1039.41,-0.62,-6.52,97470,46936433.0,1.45,0.2
2016-10-20,1045.93,1041.58,1050.28,1039.41,-0.21,-2.18,66879,32121621.0,1.04,0.14
2016-10-21,1041.58,1037.24,1045.93,1030.71,-0.42,-4.34,71206,33996768.0,1.46,0.14
2016-10-24,1037.24,1048.11,1052.46,1037.24,1.05,10.87,125394,60427491.0,1.47,0.25
2016-10-25,1048.11,1050.28,1052.46,1045.93,0.21,2.17,67058,32311744.0,0.62,0.14
2016-10-26,1048.11,1039.41,1052.46,1039.41,-1.03,-10.87,87134,41802862.0,1.24,0.18
2016-10-27,1037.24,1039.41,1043.76,1035.06,0.0,0.0,59128,28288314.0,0.84,0.12
2016-10-28,1035.06,1035.06,1043.76,1032.89,-0.42,-4.35,75536,36042441.0,1.05,0.15
2016-10-31,1035.06,1032.89,1035.06,1026.36,-0.21,-2.17,48075,22806871.0,0.84,0.1
2016-11-01,1035.06,1048.11,1048.11,1032.89,1.47,15.22,77766,37164861.0,1.47,0.16
2016-11-02,1043.76,1030.71,1045.93,1030.71,-1.66,-17.4,79778,38085291.0,1.45,0.16
2016-11-03,1030.71,1032.89,1041.58,1028.54,0.21,2.18,81577,38818569.0,1.27,0.16
2016-11-04,1035.06,1030.71,1037.24,1028.54,-0.21,-2.18,86082,40870506.0,0.84,0.17
2016-11-07,1032.89,1035.06,1037.24,1022.01,0.42,4.35,123071,58170223.0,1.48,0.25
2016-11-08,1032.89,1037.24,1041.58,1032.89,0.21,2.18,107711,51339896.0,0.84,0.22
2016-11-09,1039.41,1030.71,1041.58,1024.19,-0.63,-6.53,122472,58125901.0,1.68,0.25
2016-11-10,1032.89,1043.76,1048.11,1032.89,1.27,13.05,152231,72955175.0,1.48,0.31
2016-11-11,1043.76,1054.63,1058.98,1043.76,1.04,10.87,221310,106862243.0,1.46,0.45
2016-11-14,1050.28,1069.85,1078.55,1048.11,1.44,15.22,285194,139613206.0,2.89,0.58
2016-11-15,1067.68,1072.03,1080.73,1056.81,0.2,2.18,276680,136144351.0,2.24,0.56
2016-11-16,1069.85,1063.33,1072.03,1058.98,-0.81,-8.7,188333,92151804.0,1.22,0.38
2016-11-17,1061.16,1065.5,1067.68,1054.63,0.2,2.17,99923,48701569.0,1.23,0.2
2016-11-18,1058.98,1052.46,1072.03,1050.28,-1.22,-13.04,187878,91735715.0,2.04,0.38
2016-11-21,1050.28,1054.63,1061.16,1050.28,0.21,2.17,161958,78555426.0,1.03,0.33
2016-11-22,1054.63,1119.87,1141.61,1054.63,6.19,65.24,746124,381736464.0,8.25,1.51
2016-11-23,1117.69,1102.47,1128.56,1100.3,-1.55,-17.4,508920,260721172.0,2.52,1.03
2016-11-24,1102.47,1165.53,1209.02,1093.77,5.72,63.06,915517,486781824.0,10.45,1.85
2016-11-25,1152.48,1150.31,1161.18,1126.39,-1.31,-15.22,474376,249063415.0,2.98,0.96
2016-11-28,1152.48,1130.74,1165.53,1130.74,-1.7,-19.57,358105,188460403.0,3.02,0.72
2016-11-29,1124.22,1106.82,1130.74,1106.82,-2.12,-23.92,310423,159471518.0,2.12,0.63
2016-11-30,1106.82,1111.17,1122.04,1100.3,0.39,4.35,204423,104385540.0,1.96,0.41
2016-12-01,1113.34,1102.47,1117.69,1091.6,-0.78,-8.7,208993,106074528.0,2.35,0.42
2016-12-02,1102.47,1119.87,1119.87,1078.55,1.58,17.4,302477,152926572.0,3.75,0.61
2016-12-05,1106.82,1117.69,1154.66,1106.82,-0.19,-2.18,472463,246010405.0,4.27,0.95
2016-12-06,1113.34,1126.39,1128.56,1102.47,0.78,8.7,222114,113880181.0,2.33,0.45
2016-12-07,1126.39,1161.18,1161.18,1124.22,3.09,34.79,483569,254954739.0,3.28,0.98
2016-12-08,1172.05,1145.96,1172.05,1137.26,-1.31,-15.22,311383,164783651.0,3.0,0.63
2016-12-09,1145.96,1124.22,1150.31,1122.04,-1.9,-21.74,236966,123899015.0,2.47,0.48
2016-12-12,1130.74,1087.25,1143.79,1076.38,-3.29,-36.97,364208,185990561.0,6.0,0.74
2016-12-13,1087.25,1102.47,1106.82,1074.2,1.4,15.22,193980,97624103.0,3.0,0.39
2016-12-14,1102.47,1104.64,1113.34,1089.42,0.2,2.17,196443,99499541.0,2.17,0.4
2016-12-15,1100.3,1130.74,1141.61,1095.95,2.36,26.1,281498,145925277.0,4.13,0.57
2016-12-16,1126.39,1143.79,1154.66,1126.39,1.15,13.05,297783,157010076.0,2.5,0.6
2016-12-19,1132.91,1180.75,1206.85,1132.91,3.23,36.96,544967,294749152.0,6.46,1.1
2016-12-20,1174.23,1172.05,1178.58,1154.66,-0.74,-8.7,240152,128592286.0,2.03,0.48
2016-12-21,1176.4,1161.18,1178.58,1159.01,-0.93,-10.87,196274,105321324.0,1.67,0.4
2016-12-22,1161.18,1148.13,1161.18,1139.44,-1.12,-13.05,190624,100511022.0,1.87,0.38
2016-12-23,1145.96,1143.79,1165.53,1143.79,-0.38,-4.34,170856,90831544.0,1.89,0.35
2016-12-26,1145.96,1126.39,1145.96,1104.64,-1.52,-17.4,157791,81324301.0,3.61,0.32
2016-12-27,1126.39,1135.09,1141.61,1119.87,0.77,8.7,116556,60890064.0,1.93,0.24
2016-12-28,1135.09,1169.88,1189.45,1135.09,3.06,34.79,326116,174955729.0,4.79,0.66
2016-12-29,1161.18,1163.36,1178.58,1159.01,-0.56,-6.52,136547,73399981.0,1.67,0.28
2016-12-30,1161.18,1193.8,1193.8,1150.31,2.62,30.44,266047,143990945.0,3.74,0.54
2017-01-03,1193.8,1191.62,1206.85,1178.58,-0.18,-2.18,297283,162940691.0,2.37,0.6
2017-01-04,1187.28,1228.59,1243.81,1187.28,3.1,36.97,414100,233015768.0,4.74,0.84
2017-01-05,1219.89,1209.02,1235.11,1206.85,-1.59,-19.57,248020,138952772.0,2.3,0.5
2017-01-06,1209.02,1191.62,1217.72,1187.28,-1.44,-17.4,177885,97734786.0,2.52,0.36
2017-01-09,1191.62,1228.59,1235.11,1189.45,3.1,36.97,248155,139508470.0,3.83,0.5
2017-01-10,1232.94,1213.37,1241.64,1206.85,-1.24,-15.22,159844,89596615.0,2.83,0.32
2017-01-11,1206.85,1182.93,1228.59,1182.93,-2.51,-30.44,164754,91082938.0,3.76,0.33
2017-01-12,1180.75,1187.28,1191.62,1172.05,0.37,4.35,107793,58586953.0,1.65,0.22
2017-01-13,1180.75,1165.53,1189.45,1163.36,-1.83,-21.75,102092,55164748.0,2.2,0.21
2017-01-16,1159.01,1117.69,1159.01,1072.03,-4.1,-47.84,201867,104436564.0,7.46,0.41
2017-01-17,1113.34,1126.39,1126.39,1091.6,0.78,8.7,105240,53849857.0,3.11,0.21
2017-01-18,1113.34,1102.47,1126.39,1100.3,-2.12,-23.92,94431,48289776.0,2.32,0.19
2017-01-19,1102.47,1104.64,1115.52,1098.12,0.2,2.17,69900,35564138.0,1.58,0.14
2017-01-20,1104.64,1115.52,1119.87,1102.47,0.98,10.88,72731,37262570.0,1.58,0.15
2017-01-23,1115.52,1124.22,1135.09,1115.52,0.78,8.7,82873,42872291.0,1.75,0.17
2017-01-24,1119.87,1122.04,1128.56,1113.34,-0.19,-2.18,53694,27688769.0,1.35,0.11
2017-01-25,1119.87,1115.52,1128.56,1113.34,-0.58,-6.52,63362,32624631.0,1.36,0.13
2017-01-26,1115.52,1130.74,1132.91,1115.52,1.36,15.22,69096,35784010.0,1.56,0.14
2017-02-03,1126.39,1122.04,1141.61,1119.87,-0.77,-8.7,76263,39574081.0,1.92,0.15
2017-02-06,1122.04,1104.64,1128.56,1098.12,-1.55,-17.4,205813,105005076.0,2.71,0.42
2017-02-07,1100.3,1143.79,1143.79,1095.95,3.54,39.15,233480,119177872.0,4.33,0.47
2017-02-08,1130.74,1132.91,1132.91,1117.69,-0.95,-10.88,152316,78872272.0,1.33,0.31
2017-02-09,1126.39,1130.74,1141.61,1126.39,-0.19,-2.17,115701,60361554.0,1.34,0.23
2017-02-10,1130.74,1128.56,1135.09,1126.39,-0.19,-2.18,135645,70564297.0,0.77,0.27
2017-02-13,1124.22,1145.96,1154.66,1124.22,1.54,17.4,157831,83097976.0,2.7,0.32
2017-02-14,1150.31,1139.44,1150.31,1130.74,-0.57,-6.52,143484,74997414.0,1.71,0.29
2017-02-15,1141.61,1159.01,1167.71,1137.26,1.72,19.57,251250,133661765.0,2.67,0.51
2017-02-16,1156.83,1178.58,1191.62,1150.31,1.69,19.57,196106,105611657.0,3.56,0.4
2017-02-17,1169.88,1150.31,1180.75,1148.13,-2.4,-28.27,142421,76068107.0,2.77,0.29
2017-02-20,1145.96,1167.71,1174.23,1143.79,1.51,17.4,158413,84915678.0,2.65,0.32
2017-02-21,1167.71,1167.71,1176.4,1156.83,0.0,0.0,92900,49823131.0,1.68,0.19
2017-02-22,1174.23,1178.58,1180.75,1159.01,0.93,10.87,157900,84978381.0,1.86,0.32
2017-02-23,1174.23,1156.83,1176.4,1150.31,-1.85,-21.75,154050,82141888.0,2.21,0.31
2017-02-24,1156.83,1161.18,1163.36,1148.13,0.38,4.35,101148,53787023.0,1.32,0.2
2017-02-27,1159.01,1132.91,1159.01,1130.74,-2.43,-28.27,136564,71940192.0,2.43,0.28
2017-02-28,1135.09,1137.26,1145.96,1124.22,0.38,4.35,89873,46846478.0,1.92,0.18
2017-03-01,1148.13,1165.53,1198.15,1148.13,2.49,28.27,320343,173011323.0,4.4,0.65
2017-03-02,1163.36,1193.8,1209.02,1154.66,2.43,28.27,363211,197853132.0,4.66,0.73
2017-03-03,1200.32,1191.62,1232.94,1191.62,-0.18,-2.18,397540,221938179.0,3.46,0.8
2017-03-06,1195.97,1241.64,1250.34,1195.97,4.2,50.02,454328,255912795.0,4.56,0.92
2017-03-07,1248.16,1226.42,1248.16,1224.24,-1.23,-15.22,188014,106514874.0,1.93,0.38
2017-03-08,1228.59,1222.07,1235.11,1209.02,-0.35,-4.35,178471,100001414.0,2.13,0.36
2017-03-09,1217.72,1215.54,1224.24,1200.32,-0.53,-6.53,127479,71020686.0,1.96,0.26
2017-03-10,1211.2,1209.02,1230.77,1206.85,-0.54,-6.52,108317,60713635.0,1.97,0.22
2017-03-13,1217.72,1228.59,1241.64,1204.67,1.62,19.57,170535,96572952.0,3.06,0.34
2017-03-14,1228.59,1224.24,1235.11,1215.54,-0.35,-4.35,126817,71346245.0,1.59,0.26
2017-03-15,1217.72,1206.85,1217.72,1195.97,-1.42,-17.39,167438,92794904.0,1.78,0.34
2017-03-16,1209.02,1224.24,1226.42,1200.32,1.44,17.39,146068,81827208.0,2.16,0.29
2017-03-17,1224.24,1219.89,1230.77,1211.2,-0.36,-4.35,151360,85007488.0,1.6,0.31
2017-03-20,1213.37,1209.02,1217.72,1195.97,-0.89,-10.87,182745,101365950.0,1.78,0.37
2017-03-21,1206.85,1182.93,1209.02,1178.58,-2.16,-26.09,200381,109650315.0,2.52,0.4
2017-03-22,1180.75,1148.13,1180.75,1132.91,-2.94,-34.8,333816,176896170.0,4.04,0.67
2017-03-23,1148.13,1165.53,1165.53,1137.26,1.52,17.4,130316,68928690.0,2.46,0.26
2017-03-24,1159.01,1141.61,1159.01,1132.91,-2.05,-23.92,170366,89446293.0,2.24,0.34
2017-03-27,1176.4,1172.05,1185.1,1159.01,2.67,30.44,239519,129158580.0,2.29,0.48
2017-03-28,1163.36,1145.96,1178.58,1145.96,-2.23,-26.09,160504,85716864.0,2.78,0.32
2017-03-29,1148.13,1152.48,1165.53,1143.79,0.57,6.52,152289,80808542.0,1.9,0.31
2017-03-30,1152.48,1141.61,1154.66,1132.91,-0.94,-10.87,131033,68635203.0,1.89,0.26
2017-03-31,1143.79,1132.91,1150.31,1130.74,-0.76,-8.7,97739,51064406.0,1.71,0.2
2017-04-05,1132.91,1152.48,1163.36,1130.74,1.73,19.57,139784,74080199.0,2.88,0.28
2017-04-06,1150.31,1167.71,1174.23,1150.31,1.32,15.23,113962,60943459.0,2.08,0.23
2017-04-07,1163.36,1161.18,1178.58,1156.83,-0.56,-6.53,130088,69628530.0,1.86,0.26
2017-04-10,1167.71,1139.44,1167.71,1135.09,-1.87,-21.74,180312,94953313.0,2.81,0.36
2017-04-11,1139.44,1152.48,1154.66,1130.74,1.14,13.04,130814,68562611.0,2.1,0.26
2017-04-12,1148.13,1143.79,1154.66,1139.44,-0.75,-8.69,80992,42692875.0,1.32,0.16
2017-04-13,1143.79,1152.48,1152.48,1137.26,0.76,8.69,60416,31826219.0,1.33,0.12
2017-04-14,1180.75,1150.31,1180.75,1145.96,-0.19,-2.17,127212,67956819.0,3.02,0.26
2017-04-17,1145.96,1137.26,1148.13,1130.74,-1.13,-13.05,110706,57968904.0,1.51,0.22
2017-04-18,1137.26,1100.3,1141.61,1100.3,-3.25,-36.96,158753,81748004.0,3.63,0.32
2017-04-19,1095.95,1100.3,1106.82,1078.55,0.0,0.0,133736,67037160.0,2.57,0.27
2017-04-20,1100.3,1091.6,1111.17,1087.25,-0.79,-8.7,78047,39443327.0,2.17,0.16
2017-04-21,1091.6,1093.77,1104.64,1089.42,0.2,2.17,69883,35236539.0,1.39,0.14
2017-04-24,1093.77,1061.16,1093.77,1061.16,-2.98,-32.61,102597,50548200.0,2.98,0.21
2017-04-25,1063.33,1050.28,1072.03,1041.58,-1.03,-10.88,153060,74603231.0,2.87,0.31
2017-04-26,1061.16,1063.33,1069.85,1050.28,1.24,13.05,77397,37792891.0,1.86,0.16
2017-04-27,1063.33,1082.9,1093.77,1054.63,1.84,19.57,125663,62007238.0,3.68,0.25
2017-04-28,1087.25,1104.64,1108.99,1082.9,2.01,21.74,120387,60903986.0,2.41,0.24
2017-05-02,1104.64,1098.12,1106.82,1087.25,-0.59,-6.52,79181,39867235.0,1.77,0.16
2017-05-03,1095.95,1100.3,1113.34,1091.6,0.2,2.18,86631,43864375.0,1.98,0.17
2017-05-04,1100.3,1091.6,1104.64,1091.6,-0.79,-8.7,96913,48984869.0,1.19,0.2
2017-05-05,1087.25,1106.82,1113.34,1085.07,1.39,15.22,149819,75874155.0,2.59,0.3
2017-05-08,1106.82,1087.25,1111.17,1087.25,-1.77,-19.57,116653,59012478.0,2.16,0.24
2017-05-09,1082.9,1095.95,1102.47,1080.73,0.8,8.7,97289,49030745.0,2.0,0.2
2017-05-10,1095.95,1082.9,1104.64,1082.9,-1.19,-13.05,81281,40868573.0,1.98,0.16
2017-05-11,1074.2,1065.5,1080.73,1041.58,-1.61,-17.4,105120,51283110.0,3.62,0.21
2017-05-12,1065.5,1076.38,1082.9,1058.98,1.02,10.88,68308,33702928.0,2.24,0.14
2017-05-15,1076.38,1080.73,1093.77,1076.38,0.4,4.35,52242,26060459.0,1.62,0.11
2017-05-16,1080.73,1102.47,1102.47,1069.85,2.01,21.74,81609,40945470.0,3.02,0.16
2017-05-17,1100.3,1106.82,1113.34,1095.95,0.39,4.35,68213,34696111.0,1.58,0.14
2017-05-18,1100.3,1102.47,1111.17,1098.12,-0.39,-4.35,67118,34130488.0,1.18,0.14
2017-05-19,1102.47,1108.99,1115.52,1100.3,0.59,6.52,80200,40853950.0,1.38,0.16
2017-05-22,1106.82,1074.2,1113.34,1069.85,-3.14,-34.79,119538,59892976.0,3.92,0.24
2017-05-23,1074.2,1063.33,1076.38,1056.81,-1.01,-10.87,72814,35699255.0,1.82,0.15
2017-05-24,1061.16,1065.5,1072.03,1052.46,0.2,2.17,87412,42642165.0,1.84,0.18
2017-05-25,1065.5,1072.03,1076.38,1052.46,0.61,6.53,71114,34847497.0,2.24,0.14
2017-05-26,1076.38,1069.85,1076.38,1065.5,-0.2,-2.18,50616,24932892.0,1.01,0.1
2017-05-31,1076.38,1054.63,1080.73,1054.63,-1.42,-15.22,96776,47684916.0,2.44,0.2
2017-06-01,1052.46,1019.84,1056.81,1015.49,-3.3,-34.79,121759,58215747.0,3.92,0.25
2017-06-02,1017.66,1028.54,1032.89,1002.44,0.85,8.7,86590,40391900.0,2.99,0.17
2017-06-05,1028.54,1026.36,1037.24,1022.01,-0.21,-2.18,90315,42675060.0,1.48,0.18
2017-06-06,1026.36,1032.89,1035.06,1022.01,0.64,6.53,49864,23615887.0,1.27,0.1
2017-06-07,1028.54,1050.28,1054.63,1028.54,1.68,17.39,74900,36014487.0,2.53,0.15
2017-06-08,1054.63,1052.46,1056.81,1050.28,0.21,2.18,48299,23393373.0,0.62,0.1
2017-06-09,1056.81,1050.28,1056.81,1041.58,-0.21,-2.18,42077,20297368.0,1.45,0.08
2017-06-12,1039.41,1041.58,1052.46,1039.41,-0.83,-8.7,46564,22400712.0,1.24,0.09
2017-06-13,1039.41,1058.98,1061.16,1039.41,1.67,17.4,57847,28082509.0,2.09,0.12
2017-06-14,1056.81,1048.11,1061.16,1045.93,-1.03,-10.87,38799,18767351.0,1.44,0.08
2017-06-15,1045.93,1054.63,1063.33,1045.93,0.62,6.52,58872,28556652.0,1.66,0.12
2017-06-16,1054.63,1061.16,1072.03,1048.11,0.62,6.53,58317,28468172.0,2.27,0.12
2017-06-19,1058.98,1065.5,1065.5,1054.63,0.41,4.34,41913,20449782.0,1.02,0.08
2017-06-20,1061.16,1072.03,1076.38,1061.16,0.61,6.53,76220,37539847.0,1.43,0.15
2017-06-21,1069.85,1069.85,1078.55,1061.16,-0.2,-2.18,59210,29156281.0,1.62,0.12
2017-06-22,1074.2,1054.63,1074.2,1054.63,-1.42,-15.22,52277,25657324.0,1.83,0.11
2017-06-23,1054.63,1052.46,1063.33,1028.54,-0.21,-2.17,81175,38851037.0,3.3,0.16
2017-06-26,1054.63,1063.33,1063.33,1045.93,1.03,10.87,89215,43357141.0,1.65,0.18
2017-06-27,1065.5,1050.28,1067.68,1043.76,-1.23,-13.05,120182,58133428.0,2.25,0.24
2017-06-28,1045.93,1050.28,1056.81,1041.58,0.0,0.0,106346,51337817.0,1.45,0.21
2017-06-29,1050.28,1050.28,1058.98,1045.93,0.0,0.0,89717,43370920.0,1.24,0.18
2017-06-30,1045.93,1048.11,1052.46,1041.58,-0.21,-2.17,57196,27538040.0,1.04,0.12
2017-07-03,1048.11,1065.5,1065.5,1045.93,1.66,17.39,87957,42705297.0,1.87,0.18
2017-07-04,1065.5,1072.03,1074.2,1058.98,0.61,6.53,100203,49180264.0,1.43,0.2
2017-07-05,1067.68,1074.2,1078.55,1065.5,0.2,2.17,102110,50240617.0,1.22,0.21
2017-07-06,1072.03,1072.03,1076.38,1061.16,-0.2,-2.17,86722,42699136.0,1.42,0.18
2017-07-07,1069.85,1087.25,1087.25,1065.5,1.42,15.22,118579,58541108.0,2.03,0.24
2017-07-10,1089.42,1082.9,1104.64,1080.73,-0.4,-4.35,185521,93181841.0,2.2,0.37
2017-07-11,1080.73,1074.2,1100.3,1074.2,-0.8,-8.7,108075,54009467.0,2.41,0.22
2017-07-12,1074.2,1076.38,1082.9,1058.98,0.2,2.18,111296,54797924.0,2.23,0.22
2017-07-13,1072.03,1093.77,1100.3,1072.03,1.62,17.39,165171,82924110.0,2.63,0.33
2017-07-14,1098.12,1082.9,1098.12,1076.38,-0.99,-10.87,85451,42710247.0,1.99,0.17
2017-07-17,1082.9,1030.71,1085.07,1030.71,-4.82,-52.19,163876,79489658.0,5.02,0.33
2017-07-18,1030.71,1048.11,1050.28,1026.36,1.69,17.4,110185,52554182.0,2.32,0.22
2017-07-19,1043.76,1089.42,1093.77,1043.76,3.94,41.31,191207,94253193.0,4.77,0.39
2017-07-20,1093.77,1091.6,1104.64,1082.9,0.2,2.18,159135,79888595.0,2.0,0.32
2017-07-21,1093.77,1076.38,1093.77,1065.5,-1.39,-15.22,170964,85317791.0,2.59,0.35
2017-07-24,1076.38,1130.74,1132.91,1076.38,5.05,54.36,421261,215647130.0,5.25,0.85
2017-07-25,1122.04,1117.69,1130.74,1108.99,-1.15,-13.05,204349,105020088.0,1.92,0.41
2017-07-26,1117.69,1156.83,1163.36,1108.99,3.5,39.14,427529,224232307.0,4.86,0.86
2017-07-27,1152.48,1143.79,1176.4,1141.61,-1.13,-13.04,383098,203376155.0,3.01,0.77
2017-07-28,1148.13,1130.74,1150.31,1117.69,-1.14,-13.05,277914,144881983.0,2.85,0.56
2017-07-31,1130.74,1159.01,1167.71,1122.04,2.5,28.27,330141,174340116.0,4.04,0.67
2017-08-01,1182.93,1150.31,1187.28,1137.26,-0.75,-8.7,319273,170388062.0,4.32,0.64
2017-08-02,1150.31,1139.44,1163.36,1139.44,-0.94,-10.87,256381,135666786.0,2.08,0.52
2017-08-03,1139.44,1141.61,1150.31,1132.91,0.19,2.17,152504,80013337.0,1.53,0.31
2017-08-04,1139.44,1256.86,1256.86,1139.44,10.1,115.25,1055333,595771776.0,10.29,2.13
2017-08-07,1278.6,1265.56,1278.6,1228.59,0.69,8.7,1070155,616954784.0,3.98,2.16
2017-08-08,1263.38,1311.22,1346.01,1256.86,3.61,45.66,1118163,672014624.0,7.04,2.26
2017-08-09,1289.48,1309.05,1309.05,1272.08,-0.17,-2.17,557923,330493024.0,2.82,1.13
2017-08-10,1315.57,1272.08,1328.62,1248.16,-2.82,-36.97,647924,382539840.0,6.15,1.31
2017-08-11,1256.86,1232.94,1269.91,1230.77,-3.08,-39.14,494891,284336992.0,3.08,1.0
2017-08-14,1239.46,1248.16,1252.51,1215.54,1.23,15.22,384174,218486494.0,3.0,0.78
2017-08-15,1241.64,1219.89,1245.99,1206.85,-2.26,-28.27,424954,238303427.0,3.14,0.86
2017-08-16,1217.72,1226.42,1226.42,1202.5,0.54,6.53,283931,158649589.0,1.96,0.57
2017-08-17,1224.24,1239.46,1241.64,1206.85,1.06,13.04,322205,181347740.0,2.84,0.65
2017-08-18,1228.59,1209.02,1228.59,1204.67,-2.46,-30.44,252322,141056090.0,1.93,0.51
2017-08-21,1211.2,1222.07,1232.94,1204.67,1.08,13.05,231064,129768339.0,2.34,0.47
2017-08-22,1217.72,1230.77,1254.69,1213.37,0.71,8.7,325716,185160300.0,3.38,0.66
2017-08-23,1226.42,1180.75,1241.64,1178.58,-4.06,-50.02,357519,197584047.0,5.12,0.72
2017-08-24,1178.58,1178.58,1195.97,1165.53,-0.18,-2.17,160906,87391553.0,2.58,0.32
2017-08-25,1176.4,1189.45,1198.15,1176.4,0.92,10.87,144355,79079507.0,1.85,0.29
2017-08-28,1198.15,1232.94,1232.94,1198.15,3.66,43.49,350736,196539307.0,2.92,0.71
2017-08-29,1252.51,1217.72,1254.69,1215.54,-1.23,-15.22,374973,213723817.0,3.18,0.76
2017-08-30,1224.24,1235.11,1245.99,1206.85,1.43,17.39,281399,158594395.0,3.21,0.57
2017-08-31,1228.59,1235.11,1248.16,1224.24,0.0,0.0,219672,124990421.0,1.94,0.44
2017-09-01,1235.11,1259.03,1261.21,1226.42,1.94,23.92,374032,214687991.0,2.82,0.76
2017-09-04,1259.03,1265.56,1285.13,1245.99,0.52,6.53,339985,197355599.0,3.11,0.69
2017-09-05,1259.03,1222.07,1265.56,1222.07,-3.44,-43.49,280939,159669266.0,3.44,0.57
2017-09-06,1213.37,1213.37,1219.89,1200.32,-0.71,-8.7,227098,126403439.0,1.6,0.46
2017-09-07,1211.2,1195.97,1222.07,1191.62,-1.43,-17.4,207585,114963952.0,2.51,0.42
2017-09-08,1191.62,1202.5,1209.02,1189.45,0.55,6.53,161791,89354507.0,1.64,0.33
2017-09-11,1202.5,1211.2,1213.37,1198.15,0.72,8.7,165790,91754894.0,1.27,0.33
2017-09-12,1211.2,1180.75,1217.72,1169.88,-2.51,-30.45,396963,216608053.0,3.95,0.8
2017-09-13,1182.93,1195.97,1200.32,1182.93,1.29,15.22,190931,104840408.0,1.47,0.39
2017-09-14,1195.97,1187.28,1202.5,1178.58,-0.73,-8.69,143178,78363559.0,2.0,0.29
2017-09-15,1185.1,1202.5,1206.85,1176.4,1.28,15.22,195053,107052052.0,2.56,0.39
2017-09-18,1202.5,1206.85,1217.72,1198.15,0.36,4.35,164528,91359368.0,1.63,0.33
2017-09-19,1206.85,1215.54,1232.94,1202.5,0.72,8.69,297302,166627429.0,2.52,0.6
2017-09-20,1213.37,1209.02,1213.37,1191.62,-0.54,-6.52,190726,105379502.0,1.79,0.39
2017-09-21,1204.67,1187.28,1206.85,1187.28,-1.8,-21.74,151325,83240836.0,1.62,0.31
2017-09-22,1182.93,1150.31,1182.93,1143.79,-3.11,-36.97,239213,127647414.0,3.3,0.48
2017-09-25,1143.79,1145.96,1156.83,1141.61,-0.38,-4.35,78951,41782260.0,1.32,0.16
2017-09-26,1143.79,1154.66,1163.36,1141.61,0.76,8.7,77850,41309325.0,1.9,0.16
2017-09-27,1154.66,1154.66,1163.36,1145.96,0.0,0.0,75536,40116567.0,1.51,0.15
2017-09-28,1152.48,1143.79,1156.83,1141.61,-0.94,-10.87,97722,51612000.0,1.32,0.2
2017-09-29,1154.66,1163.36,1163.36,1154.66,1.71,19.57,89503,47695334.0,0.76,0.18
2017-10-09,1178.58,1169.88,1180.75,1163.36,0.56,6.52,105679,56898796.0,1.49,0.21
2017-10-10,1169.88,1178.58,1180.75,1165.53,0.74,8.7,97909,52869970.0,1.3,0.2
2017-10-11,1176.4,1185.1,1195.97,1172.05,0.55,6.52,131168,71575475.0,2.03,0.26
2017-10-12,1185.1,1172.05,1185.1,1161.18,-1.1,-13.05,91005,49134916.0,2.02,0.18
2017-10-13,1169.88,1176.4,1178.58,1165.53,0.37,4.35,62716,33837659.0,1.11,0.13
2017-10-16,1176.4,1152.48,1189.45,1148.13,-2.03,-23.92,137442,73804007.0,3.51,0.28
2017-10-17,1152.48,1154.66,1163.36,1148.13,0.19,2.18,58360,30994785.0,1.32,0.12
2017-10-18,1154.66,1163.36,1178.58,1154.66,0.75,8.7,105075,56383175.0,2.07,0.21
2017-10-19,1161.18,1130.74,1167.71,1128.56,-2.8,-32.62,162904,85708332.0,3.37,0.33
2017-10-20,1135.09,1143.79,1145.96,1128.56,1.15,13.05,84689,44306017.0,1.54,0.17
2017-10-23,1141.61,1148.13,1152.48,1137.26,0.38,4.34,71613,37746488.0,1.33,0.14
2017-10-24,1148.13,1137.26,1148.13,1128.56,-0.95,-10.87,67821,35450815.0,1.7,0.14
2017-10-25,1137.26,1137.26,1143.79,1130.74,0.0,0.0,67496,35276382.0,1.15,0.14
2017-10-26,1137.26,1152.48,1159.01,1132.91,1.34,15.22,133209,70362415.0,2.29,0.27
2017-10-27,1156.83,1139.44,1159.01,1139.44,-1.13,-13.04,83829,44288574.0,1.7,0.17
2017-10-30,1139.44,1095.95,1139.44,1091.6,-3.82,-43.49,165071,83778836.0,4.2,0.33
2017-10-31,1087.25,1100.3,1104.64,1087.25,0.4,4.35,85067,42808709.0,1.59,0.17
2017-11-01,1102.47,1082.9,1102.47,1082.9,-1.58,-17.4,103719,52025362.0,1.78,0.21
2017-11-02,1080.73,1069.85,1080.73,1061.16,-1.21,-13.05,102706,50506279.0,1.81,0.21
2017-11-03,1069.85,1067.68,1074.2,1058.98,-0.2,-2.17,83049,40703687.0,1.42,0.17
2017-11-06,1067.68,1072.03,1072.03,1056.81,0.41,4.35,73333,35917226.0,1.43,0.15
2017-11-07,1072.03,1078.55,1078.55,1063.33,0.61,6.52,71567,35337376.0,1.42,0.14
2017-11-08,1078.55,1082.9,1089.42,1074.2,0.4,4.35,64092,31962176.0,1.41,0.13
2017-11-09,1080.73,1085.07,1089.42,1078.55,0.2,2.17,53024,26438194.0,1.0,0.11
2017-11-10,1087.25,1091.6,1098.12,1085.07,0.6,6.53,70989,35664660.0,1.2,0.14
2017-11-13,1095.95,1093.77,1095.95,1087.25,0.2,2.17,80065,40123711.0,0.8,0.16
2017-11-14,1089.42,1074.2,1098.12,1069.85,-1.79,-19.57,97002,48228233.0,2.58,0.2
2017-11-15,1067.68,1069.85,1078.55,1065.5,-0.4,-4.35,78190,38480230.0,1.21,0.16
2017-11-16,1069.85,1076.38,1078.55,1067.68,0.61,6.53,55540,27442764.0,1.02,0.11
2017-11-17,1069.85,1035.06,1072.03,1030.71,-3.84,-41.32,111811,54050499.0,3.84,0.23
2017-11-20,1030.71,1039.41,1039.41,1006.79,0.42,4.35,84393,39691946.0,3.15,0.17
2017-11-21,1032.89,1045.93,1045.93,1032.89,0.63,6.52,41782,19979427.0,1.25,0.08
2017-11-22,1043.76,1043.76,1054.63,1037.24,-0.21,-2.17,51855,24918518.0,1.66,0.1
2017-11-23,1043.76,1026.36,1048.11,1022.01,-1.67,-17.4,71842,34344862.0,2.5,0.15
2017-11-24,1022.01,1028.54,1032.89,1015.49,0.21,2.18,39224,18505599.0,1.7,0.08
2017-11-27,1028.54,1032.89,1043.76,1024.19,0.42,4.35,40711,19377294.0,1.9,0.08
2017-11-28,1043.76,1113.34,1126.39,1043.76,7.79,80.45,352642,178170258.0,8.0,0.71
2017-11-29,1111.17,1119.87,1135.09,1102.47,0.59,6.53,306584,158060139.0,2.93,0.62
2017-11-30,1111.17,1111.17,1141.61,1104.64,-0.78,-8.7,204502,105409782.0,3.3,0.41
2017-12-01,1115.52,1115.52,1130.74,1108.99,0.39,4.35,125971,64687062.0,1.96,0.25
2017-12-04,1108.99,1132.91,1141.61,1102.47,1.56,17.39,199099,103283773.0,3.51,0.4
2017-12-05,1135.09,1104.64,1135.09,1093.77,-2.5,-28.27,167787,86062900.0,3.65,0.34
2017-12-06,1095.95,1159.01,1163.36,1093.77,4.92,54.37,320404,167763290.0,6.3,0.65
2017-12-07,1154.66,1148.13,1165.53,1139.44,-0.94,-10.88,173830,91923158.0,2.25,0.35
2017-12-08,1141.61,1152.48,1163.36,1139.44,0.38,4.35,154892,81771394.0,2.08,0.31
2017-12-11,1150.31,1145.96,1152.48,1139.44,-0.57,-6.52,123513,64960587.0,1.13,0.25
2017-12-12,1150.31,1108.99,1150.31,1102.47,-3.23,-36.97,190224,98057452.0,4.17,0.38
2017-12-13,1111.17,1108.99,1122.04,1102.47,0.0,0.0,143806,73535469.0,1.76,0.29
2017-12-14,1111.17,1128.56,1139.44,1108.99,1.76,19.57,157741,81467795.0,2.75,0.32
2017-12-15,1130.74,1139.44,1159.01,1126.39,0.96,10.88,166280,87261062.0,2.89,0.34
2017-12-18,1137.26,1124.22,1148.13,1113.34,-1.34,-15.22,106190,54902292.0,3.05,0.21
2017-12-19,1124.22,1135.09,1135.09,1119.87,0.97,10.87,103970,54013921.0,1.35,0.21
2017-12-20,1145.96,1100.3,1145.96,1098.12,-3.06,-34.79,169349,86729335.0,4.21,0.34
2017-12-21,1104.64,1085.07,1104.64,1074.2,-1.38,-15.23,123076,61636238.0,2.77,0.25
2017-12-22,1087.25,1089.42,1104.64,1085.07,0.4,4.35,77883,39222165.0,1.8,0.16
2017-12-25,1098.12,1067.68,1100.3,1058.98,-2.0,-21.74,118055,58304947.0,3.79,0.24
2017-12-26,1067.68,1069.85,1074.2,1058.98,0.2,2.17,68849,33753584.0,1.43,0.14
2017-12-27,1069.85,1069.85,1074.2,1058.98,0.0,0.0,79930,39178503.0,1.42,0.16
2017-12-28,1067.68,1065.5,1074.2,1061.16,-0.41,-4.35,80239,39404228.0,1.22,0.16
2017-12-29,1065.5,1065.5,1067.68,1054.63,0.0,0.0,54128,26416600.0,1.22,0.11
2018-01-02,1065.5,1095.95,1102.47,1065.5,2.86,30.45,135894,68105365.0,3.47,0.27
2018-01-03,1095.95,1115.52,1122.04,1091.6,1.79,19.57,174648,89332632.0,2.78,0.35
2018-01-04,1122.04,1119.87,1130.74,1113.34,0.39,4.35,166459,85829165.0,1.56,0.34
2018-01-05,1119.87,1122.04,1128.56,1113.34,0.19,2.17,127411,65586780.0,1.36,0.26
2018-01-08,1119.87,1119.87,1124.22,1108.99,-0.19,-2.17,103094,52938467.0,1.36,0.21
2018-01-09,1119.87,1119.87,1132.91,1117.69,0.0,0.0,110354,57196868.0,1.36,0.22
2018-01-10,1119.87,1104.64,1119.87,1091.6,-1.36,-15.23,127449,64710741.0,2.52,0.26
2018-01-11,1102.47,1117.69,1117.69,1093.77,1.18,13.05,87405,44553969.0,2.17,0.18
2018-01-12,1119.87,1095.95,1122.04,1093.77,-1.95,-21.74,99829,50689143.0,2.53,0.2
2018-01-15,1095.95,1111.17,1113.34,1091.6,1.39,15.22,135990,69027527.0,1.98,0.27
2018-01-16,1111.17,1089.42,1111.17,1076.38,-1.96,-21.75,159999,80172797.0,3.13,0.32
2018-01-17,1082.9,1069.85,1082.9,1067.68,-1.8,-19.57,89303,44122576.0,1.4,0.18
2018-01-18,1065.5,1100.3,1100.3,1065.5,2.85,30.45,102437,51306818.0,3.25,0.21
2018-01-19,1095.95,1113.34,1117.69,1085.07,1.19,13.04,162809,82657060.0,2.96,0.33
2018-01-22,1111.17,1117.69,1124.22,1102.47,0.39,4.35,116172,59589599.0,1.95,0.23
2018-01-23,1119.87,1113.34,1122.04,1106.82,-0.39,-4.35,79313,40628576.0,1.36,0.16
2018-01-24,1113.34,1104.64,1117.69,1100.3,-0.78,-8.7,97649,49709383.0,1.56,0.2
2018-01-25,1113.34,1122.04,1128.56,1106.82,1.58,17.4,170678,87973866.0,1.97,0.34
2018-01-26,1124.22,1100.3,1124.22,1100.3,-1.94,-21.74,129794,66116250.0,2.13,0.26
2018-01-29,1091.6,1089.42,1104.64,1082.9,-0.99,-10.88,102773,51582801.0,1.98,0.21
2018-01-30,1089.42,1078.55,1095.95,1076.38,-1.0,-10.87,71174,35466270.0,1.8,0.14
2018-01-31,1078.55,1076.38,1087.25,1069.85,-0.2,-2.17,84438,41804461.0,1.61,0.17
2018-02-01,1076.38,1054.63,1078.55,1045.93,-2.02,-21.75,149401,73025272.0,3.03,0.3
2018-02-02,1039.41,1043.76,1058.98,1030.71,-1.03,-10.87,80356,38618862.0,2.68,0.16
2018-02-05,1037.24,1050.28,1056.81,1030.71,0.62,6.52,64067,30752845.0,2.5,0.13
2018-02-06,1035.06,1028.54,1050.28,1026.36,-2.07,-21.74,98514,47093148.0,2.28,0.2
2018-02-07,1035.06,1043.76,1052.46,1019.84,1.48,15.22,110291,52638123.0,3.17,0.22
2018-02-08,1048.11,1041.58,1050.28,1037.24,-0.21,-2.18,46994,22564271.0,1.25,0.09
2018-02-09,1019.84,1015.49,1032.89,1004.62,-2.5,-26.09,98792,46190928.0,2.71,0.2
2018-02-12,1019.84,1045.93,1048.11,1019.84,3.0,30.44,82538,39354327.0,2.78,0.17
2018-02-13,1045.93,1043.76,1058.98,1041.58,-0.21,-2.17,66559,32134621.0,1.66,0.13
2018-02-14,1048.11,1041.58,1050.28,1039.41,-0.21,-2.18,41325,19888751.0,1.04,0.08
2018-02-22,1048.11,1065.5,1065.5,1048.11,2.3,23.92,45453,22150210.0,1.67,0.09
2018-02-23,1069.85,1063.33,1069.85,1056.81,-0.2,-2.17,39655,19329794.0,1.22,0.08
2018-02-26,1063.33,1076.38,1080.73,1061.16,1.23,13.05,78629,38801669.0,1.84,0.16
2018-02-27,1078.55,1069.85,1078.55,1065.5,-0.61,-6.53,55114,27125982.0,1.21,0.11
2018-02-28,1069.85,1085.07,1091.6,1069.85,1.42,15.22,95296,47509666.0,2.03,0.19
2018-03-01,1082.9,1098.12,1104.64,1082.9,1.2,13.05,73876,37283907.0,2.0,0.15
2018-03-02,1089.42,1113.34,1124.22,1089.42,1.39,15.22,139110,71092487.0,3.17,0.28
2018-03-05,1119.87,1122.04,1126.39,1102.47,0.78,8.7,117550,60404033.0,2.15,0.24
2018-03-06,1115.52,1117.69,1124.22,1106.82,-0.39,-4.35,96638,49470534.0,1.55,0.2
2018-03-07,1122.04,1102.47,1122.04,1093.77,-1.36,-15.22,95266,48389727.0,2.53,0.19
2018-03-08,1102.47,1106.82,1111.17,1091.6,0.39,4.35,93500,47374163.0,1.78,0.19
2018-03-09,1104.64,1102.47,1106.82,1091.6,-0.39,-4.35,97285,49109458.0,1.38,0.2
2018-03-12,1102.47,1132.91,1139.44,1102.47,2.76,30.44,184018,95420297.0,3.35,0.37
2018-03-13,1128.56,1124.22,1137.26,1122.04,-0.77,-8.69,95343,49585396.0,1.34,0.19
2018-03-14,1128.56,1128.56,1148.13,1124.22,0.39,4.34,140051,73079643.0,2.13,0.28
2018-03-15,1126.39,1100.3,1126.39,1095.95,-2.5,-28.26,104975,53552007.0,2.7,0.21
2018-03-16,1106.82,1093.77,1108.99,1091.6,-0.59,-6.53,79138,40032824.0,1.58,0.16
2018-03-19,1093.77,1095.95,1100.3,1082.9,0.2,2.18,67158,33734330.0,1.59,0.14
2018-03-20,1089.42,1082.9,1091.6,1065.5,-1.19,-13.05,107138,53064094.0,2.38,0.22
2018-03-21,1078.55,1072.03,1093.77,1072.03,-1.0,-10.87,76016,37880165.0,2.01,0.15
2018-03-22,1076.38,1058.98,1082.9,1056.81,-1.22,-13.05,62592,30763861.0,2.43,0.13
2018-03-23,1043.76,1030.71,1058.98,1019.84,-2.67,-28.27,153648,73224471.0,3.7,0.31
2018-03-26,1030.71,1039.41,1052.46,1013.32,0.84,8.7,110302,52433412.0,3.8,0.22
2018-03-27,1048.11,1056.81,1061.16,1045.93,1.67,17.4,90416,43800913.0,1.47,0.18
2018-03-28,1050.28,1048.11,1056.81,1035.06,-0.82,-8.7,78448,37803055.0,2.06,0.16
2018-03-29,1056.81,1050.28,1056.81,1043.76,0.21,2.17,50642,24452782.0,1.25,0.1
2018-03-30,1054.63,1069.85,1069.85,1048.11,1.86,19.57,83360,40568840.0,2.07,0.17
2018-04-02,1069.85,1067.68,1078.55,1063.33,-0.2,-2.17,71668,35287960.0,1.42,0.14
2018-04-03,1061.16,1061.16,1065.5,1048.11,-0.61,-6.52,64812,31475126.0,1.63,0.13
2018-04-04,1061.16,1048.11,1063.33,1048.11,-1.23,-13.05,60597,29392050.0,1.43,0.12
2018-04-09,1048.11,1043.76,1048.11,1028.54,-0.42,-4.35,55219,26392588.0,1.87,0.11
2018-04-10,1043.76,1048.11,1048.11,1035.06,0.42,4.35,65142,31246248.0,1.25,0.13
2018-04-11,1056.81,1048.11,1061.16,1045.93,0.0,0.0,43569,21097851.0,1.45,0.09
2018-04-12,1045.93,1039.41,1048.11,1037.24,-0.83,-8.7,36559,17522308.0,1.04,0.07
2018-04-13,1043.76,1032.89,1050.28,1032.89,-0.63,-6.52,38387,18392544.0,1.67,0.08
2018-04-16,1032.89,1032.89,1041.58,1028.54,0.0,0.0,37327,17780433.0,1.26,0.08
2018-04-17,1032.89,1032.89,1039.41,1022.01,0.0,0.0,56621,26861625.0,1.68,0.11
2018-04-18,1037.24,1045.93,1045.93,1028.54,1.26,13.04,54512,26030620.0,1.68,0.11
2018-04-19,1045.93,1043.76,1054.63,1039.41,-0.21,-2.17,39571,19045659.0,1.46,0.08
2018-04-20,1041.58,1026.36,1052.46,1024.19,-1.67,-17.4,46904,22343155.0,2.71,0.09
2018-04-23,1028.54,1019.84,1028.54,1017.66,-0.64,-6.52,45738,21499408.0,1.06,0.09
2018-04-24,1024.19,1041.58,1041.58,1017.66,2.13,21.74,44786,21296212.0,2.35,0.09
2018-04-25,1037.24,1035.06,1039.41,1030.71,-0.63,-6.52,25043,11917346.0,0.84,0.05
2018-04-26,1039.41,1013.32,1039.41,1011.14,-2.1,-21.74,65335,30629930.0,2.73,0.13
2018-04-27,1017.66,1019.84,1024.19,1015.49,0.64,6.52,31309,14689763.0,0.86,0.06
2018-05-02,1017.66,1022.01,1026.36,1017.66,0.21,2.17,39261,18431313.0,0.85,0.08
2018-05-03,1022.01,1026.36,1026.36,1008.97,0.43,4.35,84218,39324952.0,1.7,0.17
2018-05-04,1022.01,1017.66,1026.36,1015.49,-0.85,-8.7,42357,19891165.0,1.06,0.09
2018-05-07,1019.84,1048.11,1054.63,1019.84,2.99,30.45,87418,41863950.0,3.42,0.18
2018-05-08,1043.76,1043.76,1048.11,1039.41,-0.42,-4.35,42184,20248524.0,0.83,0.09
2018-05-09,1045.93,1048.11,1056.81,1039.41,0.42,4.35,58551,28296512.0,1.67,0.12
2018-05-10,1050.28,1050.28,1054.63,1045.93,0.21,2.17,44074,21286426.0,0.83,0.09
2018-05-11,1050.28,1045.93,1054.63,1045.93,-0.41,-4.35,34799,16784962.0,0.83,0.07
2018-05-14,1048.11,1030.71,1048.11,1030.71,-1.46,-15.22,46736,22341641.0,1.66,0.09
2018-05-15,1030.71,1043.76,1045.93,1026.36,1.27,13.05,35734,17056365.0,1.9,0.07
2018-05-16,1043.76,1048.11,1050.28,1035.06,0.42,4.35,47691,22899749.0,1.46,0.1
2018-05-17,1050.28,1089.42,1093.77,1045.93,3.94,41.31,261499,129778048.0,4.56,0.53
2018-05-18,1078.55,1078.55,1100.3,1072.03,-1.0,-10.87,187434,93328742.0,2.59,0.38
2018-05-21,1078.55,1091.6,1095.95,1076.38,1.21,13.05,143540,71845028.0,1.81,0.29
2018-05-22,1091.6,1085.07,1095.95,1080.73,-0.6,-6.53,87990,43948222.0,1.39,0.18
2018-05-23,1080.73,1056.81,1082.9,1054.63,-2.6,-28.26,118601,58186668.0,2.61,0.24
2018-05-24,1050.28,1063.33,1067.68,1050.28,0.62,6.52,59823,29219540.0,1.65,0.12
2018-05-25,1065.5,1050.28,1065.5,1048.11,-1.23,-13.05,56226,27243343.0,1.64,0.11
2018-05-28,1048.11,1050.28,1061.16,1037.24,0.0,0.0,70263,33937988.0,2.28,0.14
2018-05-29,1045.93,1041.58,1058.98,1039.41,-0.83,-8.7,52696,25444778.0,1.86,0.11
2018-05-30,1043.76,1019.84,1043.76,1017.66,-2.09,-21.74,80553,37936792.0,2.51,0.16
2018-05-31,1022.01,1026.36,1028.54,1015.49,0.64,6.52,53223,25040388.0,1.28,0.11
2018-06-01,1026.36,1022.01,1032.89,1015.49,-0.42,-4.35,38182,17941640.0,1.7,0.08
2018-06-04,1024.19,1026.36,1035.06,1022.01,0.43,4.35,33837,15977615.0,1.28,0.07
2018-06-05,1030.71,1032.89,1032.89,1022.01,0.64,6.53,33913,16027773.0,1.06,0.07
2018-06-06,1030.71,1037.24,1041.58,1024.19,0.42,4.35,48300,22942002.0,1.68,0.1
2018-06-07,1037.24,1030.71,1041.58,1028.54,-0.63,-6.53,33257,15863738.0,1.26,0.07
2018-06-08,1032.89,1028.54,1035.06,1024.19,-0.21,-2.17,43578,20623238.0,1.05,0.09
2018-06-11,1028.54,1026.36,1035.06,1024.19,-0.21,-2.18,19396,9182526.0,1.06,0.04
2018-06-12,1026.36,1028.54,1032.89,1024.19,0.21,2.18,26726,12623897.0,0.85,0.05
2018-06-13,1028.54,1008.97,1028.54,1008.97,-1.9,-19.57,83676,39063509.0,1.9,0.17
2018-06-14,1006.79,1004.62,1017.66,1004.62,-0.43,-4.35,73067,34015526.0,1.29,0.15
2018-06-15,1006.79,974.18,1013.32,974.18,-3.03,-30.44,82200,37334762.0,3.9,0.17
2018-06-19,967.65,906.77,967.65,880.67,-6.92,-67.41,142410,60734295.0,8.93,0.29
2018-06-20,906.77,937.21,937.21,898.07,3.36,30.44,71997,30369658.0,4.32,0.15
2018-06-21,939.38,919.81,943.73,911.11,-1.86,-17.4,54366,23163013.0,3.48,0.11
2018-06-22,911.11,928.51,935.03,911.11,0.95,8.7,32031,13635491.0,2.6,0.06
2018-06-25,928.51,932.86,943.73,928.51,0.47,4.35,39859,17178600.0,1.64,0.08
2018-06-26,926.34,930.69,939.38,921.99,-0.23,-2.17,32911,14094850.0,1.86,0.07
2018-06-27,930.69,887.2,935.03,882.85,-4.67,-43.49,116813,48447150.0,5.61,0.24
2018-06-28,887.2,882.85,900.24,878.5,-0.49,-4.35,95736,39168877.0,2.45,0.19
2018-06-29,882.85,898.07,902.42,882.85,1.72,15.22,100491,41137293.0,2.22,0.2
2018-07-02,895.89,871.97,895.89,865.45,-2.91,-26.1,104550,42231607.0,3.39,0.21
2018-07-03,876.32,867.62,878.5,850.23,-0.5,-4.35,92324,36664096.0,3.24,0.19
2018-07-04,871.97,861.1,871.97,854.58,-0.75,-6.52,55901,22175224.0,2.0,0.11
2018-07-05,861.1,856.75,861.1,828.48,-0.51,-4.35,83521,32456838.0,3.79,0.17
2018-07-06,839.36,835.01,856.75,808.91,-2.54,-21.74,115504,44713684.0,5.58,0.23
2018-07-09,835.01,843.71,848.05,835.01,1.04,8.7,58611,22702536.0,1.56,0.12
2018-07-10,843.71,837.18,845.88,828.48,-0.77,-6.53,71643,27513879.0,2.06,0.14
2018-07-11,830.66,826.31,832.83,808.91,-1.3,-10.87,94114,35352649.0,2.86,0.19
2018-07-12,817.61,850.23,858.93,817.61,2.89,23.92,88649,34507676.0,5.0,0.18
2018-07-13,855.7,849.13,857.89,846.95,-0.13,-1.1,35825,13916859.0,1.29,0.07
2018-07-16,849.13,860.08,868.83,844.76,1.29,10.95,75702,29790718.0,2.83,0.15
2018-07-17,862.27,862.27,866.64,851.32,0.25,2.19,32388,12688986.0,1.78,0.07
2018-07-18,857.89,864.45,868.83,857.89,0.25,2.18,54626,21585957.0,1.27,0.11
2018-07-19,862.27,849.13,864.45,849.13,-1.77,-15.32,31569,12337615.0,1.77,0.06
2018-07-20,849.13,860.08,864.45,840.38,1.29,10.95,30516,11889749.0,2.83,0.06
2018-07-23,864.45,875.4,875.4,855.7,1.78,15.32,44514,17605563.0,2.29,0.09
2018-07-24,873.21,895.09,895.09,868.83,2.25,19.69,93080,37826202.0,3.0,0.19
2018-07-25,892.9,895.09,903.85,888.53,0.0,0.0,59405,24316440.0,1.71,0.12
2018-07-26,890.72,892.9,906.04,890.72,-0.24,-2.19,57523,23601071.0,1.71,0.12
2018-07-27,895.09,884.15,897.28,884.15,-0.98,-8.75,47702,19454131.0,1.47,0.1
2018-07-30,890.72,892.9,908.22,890.72,0.99,8.75,65271,26836344.0,1.98,0.13
2018-07-31,910.41,897.28,910.41,897.28,0.49,4.38,41041,16911754.0,1.47,0.08
2018-08-01,895.09,910.41,934.49,895.09,1.46,13.13,144437,60889503.0,4.39,0.29
2018-08-02,916.98,884.15,923.54,868.83,-2.88,-26.26,111852,45695018.0,6.01,0.23
2018-08-03,886.34,899.47,910.41,879.77,1.73,15.32,63195,25929987.0,3.47,0.13
2018-08-06,899.47,875.4,899.47,866.64,-2.68,-24.07,74784,30146749.0,3.65,0.15
2018-08-07,875.4,908.22,908.22,875.4,3.75,32.82,58718,23934855.0,3.75,0.12
2018-08-08,906.04,899.47,912.6,897.28,-0.96,-8.75,53640,22158630.0,1.69,0.11
2018-08-09,899.47,921.35,927.92,899.47,2.43,21.88,89813,37694784.0,3.16,0.18
2018-08-10,921.35,916.98,930.11,912.6,-0.47,-4.37,50350,21132341.0,1.9,0.1
2018-08-13,912.6,923.54,927.92,906.04,0.72,6.56,46014,19274992.0,2.39,0.09
2018-08-14,921.35,916.98,930.11,912.6,-0.71,-6.56,40119,16885878.0,1.9,0.08
2018-08-15,925.73,910.41,925.73,908.22,-0.72,-6.57,39584,16499352.0,1.91,0.08
2018-08-16,901.66,892.9,910.41,892.9,-1.92,-17.51,38551,15860333.0,1.92,0.08
2018-08-17,899.47,890.72,908.22,881.96,-0.24,-2.18,45332,18488823.0,2.94,0.09
2018-08-20,888.53,879.77,888.53,866.64,-1.23,-10.95,64717,25909745.0,2.46,0.13
2018-08-21,879.77,895.09,897.28,873.21,1.74,15.32,33262,13464563.0,2.74,0.07
2018-08-22,892.9,888.53,899.47,886.34,-0.73,-6.56,30741,12532995.0,1.47,0.06
2018-08-23,890.72,892.9,903.85,890.72,0.49,4.37,47029,19318328.0,1.48,0.09
2018-08-24,892.9,908.22,919.17,892.9,1.72,15.32,63257,26296748.0,2.94,0.13
2018-08-27,908.22,921.35,925.73,908.22,1.45,13.13,62642,26371160.0,1.93,0.13
2018-08-28,919.17,943.24,949.81,919.17,2.38,21.89,119201,51190698.0,3.33,0.24
2018-08-29,941.05,941.05,947.62,932.3,-0.23,-2.19,53724,23067562.0,1.62,0.11
2018-08-30,936.67,971.69,973.88,936.67,3.26,30.64,127414,56048101.0,3.95,0.26
2018-08-31,971.69,930.11,971.69,927.92,-4.28,-41.58,133370,57480517.0,4.5,0.27
2018-09-03,923.54,947.62,954.18,921.35,1.88,17.51,88931,38242115.0,3.53,0.18
2018-09-04,949.81,932.3,949.81,930.11,-1.62,-15.32,128368,54908278.0,2.08,0.26
2018-09-05,932.3,925.73,943.24,923.54,-0.7,-6.57,57230,24471353.0,2.11,0.12
2018-09-06,921.35,916.98,934.49,914.79,-0.95,-8.75,44199,18638905.0,2.13,0.09
2018-09-07,925.73,941.05,941.05,925.73,2.62,24.07,106194,45416911.0,1.67,0.21
2018-09-10,934.49,919.17,936.67,914.79,-2.33,-21.88,49782,20997501.0,2.33,0.1
2018-09-11,916.98,916.98,923.54,912.6,-0.24,-2.19,39773,16651858.0,1.19,0.08
2018-09-12,921.35,914.79,921.35,912.6,-0.24,-2.19,18870,7896928.0,0.95,0.04
2018-09-13,919.17,925.73,927.92,914.79,1.2,10.94,25883,10901537.0,1.44,0.05
2018-09-14,927.92,912.6,927.92,908.22,-1.42,-13.13,38257,16016342.0,2.13,0.08
2018-09-17,912.6,921.35,930.11,908.22,0.96,8.75,56820,23783993.0,2.4,0.11
2018-09-18,919.17,923.54,927.92,908.22,0.24,2.19,43702,18346956.0,2.14,0.09
2018-09-19,925.73,930.11,932.3,914.79,0.71,6.57,48822,20689587.0,1.9,0.1
2018-09-20,923.54,921.35,934.49,921.35,-0.94,-8.76,34034,14422910.0,1.41,0.07
2018-09-21,925.73,927.92,932.3,914.79,0.71,6.57,42824,18104997.0,1.9,0.09
2018-09-25,923.54,930.11,936.67,923.54,0.24,2.19,37214,15805422.0,1.41,0.08
2018-09-26,927.92,934.49,936.67,927.92,0.47,4.38,34880,14874534.0,0.94,0.07
2018-09-27,934.49,927.92,947.62,925.73,-0.7,-6.57,71955,30764193.0,2.34,0.15
2018-09-28,932.3,954.18,960.75,932.3,2.83,26.26,104161,45260763.0,3.07,0.21
2018-10-08,945.43,923.54,947.62,921.35,-3.21,-30.64,79665,34034974.0,2.75,0.16
2018-10-09,923.54,930.11,934.49,923.54,0.71,6.57,33187,14091390.0,1.19,0.07
2018-10-10,934.49,947.62,947.62,930.11,1.88,17.51,45359,19501272.0,1.88,0.09
2018-10-11,936.67,881.96,936.67,877.58,-6.93,-65.66,88891,36771926.0,6.24,0.18
2018-10-12,879.77,892.9,895.09,868.83,1.24,10.94,66689,26996153.0,2.98,0.13
2018-10-15,892.9,895.09,914.79,890.72,0.25,2.19,44747,18458961.0,2.7,0.09
2018-10-16,895.09,884.15,899.47,879.77,-1.22,-10.94,37318,15134071.0,2.2,0.08
2018-10-17,890.72,888.53,892.9,871.02,0.5,4.38,56359,22655588.0,2.47,0.11
2018-10-18,886.34,866.64,886.34,864.45,-2.46,-21.89,35199,14028324.0,2.46,0.07
2018-10-19,853.51,881.96,886.34,853.51,1.77,15.32,35423,14111234.0,3.79,0.07
2018-10-22,890.72,912.6,921.35,886.34,3.47,30.64,72754,30285231.0,3.97,0.15
2018-10-23,916.98,901.66,916.98,890.72,-1.2,-10.94,51159,21143609.0,2.88,0.1
2018-10-24,897.28,903.85,916.98,895.09,0.24,2.19,39582,16374167.0,2.43,0.08
2018-10-25,892.9,884.15,897.28,877.58,-2.18,-19.7,41763,16886309.0,2.18,0.08
2018-10-26,892.9,897.28,908.22,890.72,1.49,13.13,41540,17043327.0,1.98,0.08
2018-10-29,897.28,881.96,901.66,879.77,-1.71,-15.32,45420,18418025.0,2.44,0.09
2018-10-30,881.96,849.13,881.96,840.38,-3.72,-32.83,170494,66481476.0,4.71,0.34
2018-10-31,851.32,853.51,860.08,846.95,0.52,4.38,82564,32177242.0,1.55,0.17
2018-11-01,855.7,855.7,862.27,849.13,0.26,2.19,96928,37900481.0,1.54,0.2
2018-11-02,862.27,886.34,888.53,857.89,3.58,30.64,139646,55585560.0,3.58,0.28
2018-11-05,879.77,875.4,888.53,862.27,-1.23,-10.94,95151,38020996.0,2.96,0.19
2018-11-06,875.4,871.02,875.4,862.27,-0.5,-4.38,56094,22234211.0,1.5,0.11
2018-11-07,864.45,864.45,877.58,862.27,-0.75,-6.57,60286,23965992.0,1.76,0.12
2018-11-08,864.45,862.27,868.83,860.08,-0.25,-2.18,45939,18127264.0,1.01,0.09
2018-11-09,855.7,866.64,866.64,853.51,0.51,4.37,51943,20371256.0,1.52,0.1
2018-11-12,864.45,881.96,881.96,862.27,1.77,15.32,92118,36804519.0,2.27,0.19
2018-11-13,877.58,890.72,895.09,875.4,0.99,8.76,108006,43717539.0,2.23,0.22
2018-11-14,890.72,888.53,906.04,884.15,-0.25,-2.19,101400,41491709.0,2.46,0.2
2018-11-15,888.53,899.47,901.66,886.34,1.23,10.94,87748,35978780.0,1.72,0.18
2018-11-16,899.47,910.41,921.35,899.47,1.22,10.94,114087,47590605.0,2.43,0.23
2018-11-19,910.41,916.98,921.35,906.04,0.72,6.57,58224,24271046.0,1.68,0.12
2018-11-20,901.66,897.28,914.79,895.09,-2.15,-19.7,74749,30853902.0,2.15,0.15
2018-11-21,892.9,888.53,895.09,881.96,-0.98,-8.75,67146,27233297.0,1.46,0.14
2018-11-22,892.9,897.28,899.47,888.53,0.98,8.75,79291,32373827.0,1.23,0.16
2018-11-23,892.9,873.21,897.28,868.83,-2.68,-24.07,110434,44553422.0,3.17,0.22
2018-11-26,853.51,884.15,884.15,853.51,1.25,10.94,52032,20870501.0,3.51,0.11
2018-11-27,884.15,895.09,901.66,881.96,1.24,10.94,71081,29028041.0,2.23,0.14
2018-11-28,899.47,901.66,901.66,890.72,0.73,6.57,55127,22607220.0,1.22,0.11
2018-11-29,903.85,897.28,910.41,895.09,-0.49,-4.38,51377,21163446.0,1.7,0.1
2018-11-30,899.47,890.72,899.47,884.15,-0.73,-6.56,35676,14514304.0,1.71,0.07
2018-12-03,903.85,910.41,914.79,903.85,2.21,19.69,74191,30843586.0,1.23,0.15
2018-12-04,912.6,908.22,912.6,903.85,-0.24,-2.19,53510,22198204.0,0.96,0.11
2018-12-05,901.66,901.66,906.04,895.09,-0.72,-6.56,47558,19564845.0,1.21,0.1
2018-12-06,895.09,899.47,903.85,892.9,-0.24,-2.19,38358,15741108.0,1.21,0.08
2018-12-07,895.09,895.09,901.66,892.9,-0.49,-4.38,27225,11150619.0,0.97,0.05
2018-12-10,886.34,890.72,899.47,881.96,-0.49,-4.37,42610,17314654.0,1.96,0.09
2018-12-11,892.9,895.09,897.28,890.72,0.49,4.37,30868,12603004.0,0.74,0.06
2018-12-12,895.09,908.22,910.41,895.09,1.47,13.13,46021,19021307.0,1.71,0.09
2018-12-13,908.22,927.92,930.11,908.22,2.17,19.7,109906,46289241.0,2.41,0.22
2018-12-14,927.92,908.22,927.92,906.04,-2.12,-19.7,53311,22381530.0,2.36,0.11
2018-12-17,910.41,908.22,914.79,903.85,0.0,0.0,35542,14746996.0,1.2,0.07
2018-12-18,908.22,923.54,925.73,908.22,1.69,15.32,83936,35208780.0,1.93,0.17
2018-12-19,925.73,919.17,930.11,914.79,-0.47,-4.37,61455,25935305.0,1.66,0.12
2018-12-20,925.73,916.98,925.73,908.22,-0.24,-2.19,64706,27143869.0,1.9,0.13
2018-12-21,912.6,945.43,949.81,912.6,3.1,28.45,140308,60077178.0,4.06,0.28
2018-12-24,938.86,945.43,947.62,932.3,0.0,0.0,70600,30326658.0,1.62,0.14
2018-12-25,938.86,941.05,951.99,921.35,-0.46,-4.38,101777,43523689.0,3.24,0.21
2018-12-26,936.67,925.73,941.05,912.6,-1.63,-15.32,69101,29252506.0,3.02,0.14
2018-12-27,932.3,919.17,932.3,914.79,-0.71,-6.56,46260,19473552.0,1.89,0.09
2018-12-28,916.98,916.98,927.92,912.6,-0.24,-2.19,41053,17240848.0,1.67,0.08
2019-01-02,919.17,919.17,923.54,908.22,0.24,2.19,62175,26040332.0,1.67,0.13
2019-01-03,912.6,932.3,938.86,912.6,1.43,13.13,66266,28198354.0,2.86,0.13
2019-01-04,923.54,941.05,945.43,923.54,0.94,8.75,65778,28245721.0,2.35,0.13
2019-01-07,938.86,949.81,949.81,934.49,0.93,8.76,68280,29411956.0,1.63,0.14
2019-01-08,947.62,943.24,951.99,941.05,-0.69,-6.57,38757,16778003.0,1.15,0.08
2019-01-09,943.24,943.24,951.99,941.05,0.0,0.0,62583,27100087.0,1.16,0.13
2019-01-10,938.86,936.67,947.62,934.49,-0.7,-6.57,42672,18327781.0,1.39,0.09
2019-01-11,934.49,932.3,938.86,923.54,-0.47,-4.37,55321,23492238.0,1.64,0.11
2019-01-14,927.92,936.67,941.05,927.92,0.47,4.37,35203,15027931.0,1.41,0.07
2019-01-15,936.67,947.62,949.81,927.92,1.17,10.95,61897,26632801.0,2.34,0.12
2019-01-16,949.81,951.99,951.99,941.05,0.46,4.37,50983,22053817.0,1.15,0.1
2019-01-17,947.62,934.49,947.62,934.49,-1.84,-17.5,51435,22096727.0,1.38,0.1
2019-01-18,930.11,943.24,945.43,930.11,0.94,8.75,34690,14921174.0,1.64,0.07
2019-01-21,941.05,949.81,956.37,941.05,0.7,6.57,42812,18617405.0,1.62,0.09
2019-01-22,951.99,949.81,954.18,945.43,0.0,0.0,51319,22260097.0,0.92,0.1
2019-01-23,947.62,956.37,967.31,943.24,0.69,6.56,44420,19417800.0,2.53,0.09
2019-01-24,958.56,956.37,962.94,949.81,0.0,0.0,40610,17735094.0,1.37,0.08
2019-01-25,951.99,943.24,960.75,943.24,-1.37,-13.13,49662,21587714.0,1.83,0.1
2019-01-28,949.81,969.5,973.88,947.62,2.78,26.26,117946,51953348.0,2.78,0.24
2019-01-29,967.31,960.75,967.31,949.81,-0.9,-8.75,68163,29847669.0,1.81,0.14
2019-01-30,951.99,967.31,969.5,951.99,0.68,6.56,48724,21397070.0,1.82,0.1
2019-01-31,965.12,984.82,987.01,958.56,1.81,17.51,101183,45306114.0,2.94,0.2
2019-02-01,982.63,987.01,993.57,978.26,0.22,2.19,73257,33031592.0,1.55,0.15
2019-02-11,984.82,1004.52,1004.52,982.63,1.77,17.51,65657,29891320.0,2.22,0.13
2019-02-12,1000.14,1028.59,1030.78,1000.14,2.4,24.07,114708,53598869.0,3.05,0.23
2019-02-13,1028.59,1028.59,1032.97,1006.71,0.0,0.0,147167,68634891.0,2.55,0.3
2019-02-14,1026.4,1030.78,1041.72,1022.03,0.21,2.19,116827,55191498.0,1.91,0.24
2019-02-15,1035.16,1013.27,1035.16,1011.08,-1.7,-17.51,73947,34511389.0,2.34,0.15
2019-02-18,1019.84,1041.72,1041.72,1019.84,2.81,28.45,105045,49434859.0,2.16,0.21
2019-02-19,1043.91,1035.16,1072.36,1030.78,-0.63,-6.56,125193,59983750.0,3.99,0.25
2019-02-20,1037.34,1028.59,1037.34,1019.84,-0.63,-6.57,62060,29132791.0,1.69,0.13
2019-02-21,1026.4,1017.65,1041.72,1013.27,-1.06,-10.94,82279,38575032.0,2.77,0.17
2019-02-22,1017.65,1046.1,1050.48,1011.08,2.8,28.45,74796,35304569.0,3.87,0.15
2019-02-25,1046.1,1089.87,1092.06,1046.1,4.18,43.77,198326,97628506.0,4.39,0.4
2019-02-26,1094.25,1065.8,1103.0,1065.8,-2.21,-24.07,187574,93070791.0,3.41,0.38
2019-02-27,1076.74,1072.36,1087.68,1065.8,0.62,6.56,128716,63387417.0,2.05,0.26
2019-02-28,1083.3,1094.25,1111.75,1078.93,2.04,21.89,137177,68619754.0,3.06,0.28
2019-03-01,1103.0,1096.43,1107.38,1083.3,0.2,2.18,107645,53682076.0,2.2,0.22
2019-03-04,1096.43,1096.43,1109.56,1087.68,0.0,0.0,240700,120617120.0,2.0,0.49
2019-03-05,1092.06,1116.13,1122.7,1083.3,1.8,19.7,157374,79554235.0,3.59,0.32
2019-03-06,1116.13,1133.64,1133.64,1109.56,1.57,17.51,171675,88023738.0,2.16,0.35
2019-03-07,1124.88,1192.73,1203.67,1124.88,5.21,59.09,271998,146129816.0,6.95,0.55
2019-03-08,1175.22,1146.77,1214.61,1146.77,-3.85,-45.96,256094,138237427.0,5.69,0.52
2019-03-11,1151.15,1208.05,1210.24,1151.15,5.34,61.28,197664,107076348.0,5.15,0.4
2019-03-12,1208.05,1199.29,1216.8,1188.35,-0.73,-8.76,191885,105477191.0,2.36,0.39
2019-03-13,1192.73,1173.03,1216.8,1168.65,-2.19,-26.26,206336,112576754.0,4.01,0.42
2019-03-14,1166.47,1138.02,1179.6,1133.64,-2.98,-35.01,155148,81371331.0,3.92,0.31
2019-03-15,1146.77,1153.33,1186.16,1146.77,1.35,15.31,134068,71158945.0,3.46,0.27
2019-03-18,1153.33,1188.35,1205.86,1153.33,3.04,35.02,179762,97369996.0,4.55,0.36
2019-03-19,1192.73,1194.92,1205.86,1188.35,0.55,6.57,159979,87469369.0,1.47,0.32
2019-03-20,1197.1,1168.65,1197.1,1151.15,-2.2,-26.27,139015,74178466.0,3.85,0.28
2019-03-21,1170.84,1194.92,1205.86,1170.84,2.25,26.27,180019,98252505.0,3.0,0.36
2019-03-22,1203.67,1177.41,1203.67,1159.9,-1.47,-17.51,145429,78162986.0,3.66,0.29
2019-03-25,1159.9,1181.79,1203.67,1159.9,0.37,4.38,146782,79524188.0,3.72,0.3
2019-04-10,1299.96,1299.96,1299.96,1299.96,10.0,118.17,26002,15444914.0,0.0,0.05
2019-04-11,1429.08,1396.26,1429.08,1315.28,7.41,96.3,1413203,889340752.0,8.75,2.85
2019-04-12,1352.49,1321.85,1378.75,1319.66,-5.33,-74.41,523135,321469280.0,4.23,1.06
2019-04-15,1334.98,1308.72,1350.3,1297.77,-0.99,-13.13,361866,218024547.0,3.97,0.73
2019-04-16,1293.4,1308.72,1326.23,1273.7,0.0,0.0,241743,143668328.0,4.01,0.49
2019-04-17,1310.91,1291.21,1326.23,1289.02,-1.34,-17.51,216465,129107540.0,2.84,0.44
2019-04-18,1293.4,1245.25,1297.77,1238.69,-3.56,-45.96,286418,165203978.0,4.58,0.58
2019-04-19,1254.01,1243.06,1258.38,1229.93,-0.18,-2.19,208269,117785950.0,2.28,0.42
2019-04-22,1245.25,1245.25,1273.7,1236.5,0.18,2.19,183499,105055860.0,2.99,0.37
2019-04-23,1245.25,1225.55,1254.01,1221.18,-1.58,-19.7,159237,89793243.0,2.64,0.32
2019-04-24,1234.31,1210.24,1234.31,1197.1,-1.25,-15.31,227329,125349970.0,3.04,0.46
2019-04-25,1205.86,1166.47,1223.37,1155.52,-3.62,-43.77,307811,166053159.0,5.61,0.62
2019-04-26,1159.9,1142.39,1170.84,1131.45,-2.06,-24.08,194836,101931344.0,3.38,0.39
2019-04-29,1153.33,1127.07,1153.33,1113.94,-1.34,-15.32,150245,77643285.0,3.45,0.3
2019-04-30,1127.07,1146.77,1157.71,1127.07,1.75,19.7,106528,55747792.0,2.72,0.22
2019-05-06,1116.13,1052.66,1116.13,1037.34,-8.21,-94.11,266348,130598273.0,6.87,0.54
2019-05-07,1052.66,1057.04,1067.98,1048.29,0.42,4.38,116645,56350982.0,1.87,0.24
2019-05-08,1043.91,1061.42,1074.55,1037.34,0.41,4.38,87314,42272467.0,3.52,0.18
2019-05-09,1050.48,1074.55,1089.87,1050.48,1.24,13.13,100943,49439738.0,3.71,0.2
2019-05-10,1081.11,1087.68,1103.0,1057.04,1.22,13.13,151685,75055027.0,4.28,0.31
2019-05-13,1078.93,1070.17,1081.11,1067.98,-1.61,-17.51,75406,36947355.0,1.21,0.15
2019-05-14,1059.23,1063.61,1078.93,1059.23,-0.61,-6.56,66984,32718506.0,1.84,0.14
2019-05-15,1074.55,1094.25,1098.62,1072.36,2.88,30.64,111593,55507238.0,2.47,0.23
2019-05-16,1100.81,1098.62,1103.0,1092.06,0.4,4.37,71307,35781018.0,1.0,0.14
2019-05-17,1096.43,1113.94,1199.29,1096.43,1.39,15.32,242129,126163853.0,9.36,0.49
2019-05-20,1107.38,1144.58,1164.28,1107.38,2.75,30.64,222556,116089706.0,5.11,0.45
2019-05-21,1153.33,1148.96,1155.52,1133.64,0.38,4.38,110760,57972641.0,1.91,0.22
2019-05-22,1140.2,1131.45,1146.77,1122.7,-1.52,-17.51,85199,44212484.0,2.09,0.17
2019-05-23,1133.64,1113.94,1140.2,1107.38,-1.55,-17.51,76407,39063100.0,2.9,0.15
2019-05-24,1100.81,1105.19,1120.51,1100.81,-0.79,-8.75,58546,29650420.0,1.77,0.12
2019-05-27,1103.0,1127.07,1133.64,1103.0,1.98,21.88,67398,34519864.0,2.77,0.14
2019-05-28,1133.64,1116.13,1133.64,1111.75,-0.97,-10.94,64564,33092976.0,1.94,0.13
2019-05-29,1122.7,1113.94,1122.7,1107.38,-0.2,-2.19,52534,26716221.0,1.37,0.11
2019-05-30,1109.56,1107.38,1122.7,1096.43,-0.59,-6.56,70037,35374750.0,2.36,0.14
2019-05-31,1111.75,1094.25,1113.94,1092.06,-1.19,-13.13,56010,28212366.0,1.98,0.11
2019-06-03,1098.62,1078.93,1103.0,1078.93,-1.4,-15.32,56007,27846654.0,2.2,0.11
2019-06-04,1076.74,1054.85,1083.3,1050.48,-2.23,-24.08,80783,39175920.0,3.04,0.16
2019-06-05,1063.61,1057.04,1072.36,1057.04,0.21,2.19,38306,18632907.0,1.45,0.08
2019-06-06,1054.85,1052.66,1061.42,1030.78,-0.41,-4.38,83014,39518316.0,2.9,0.17
2019-06-10,1054.85,1067.98,1074.55,1043.91,1.46,15.32,61132,29555184.0,2.91,0.12
2019-06-11,1065.8,1103.0,1105.19,1065.8,3.28,35.02,97177,48700368.0,3.69,0.2
2019-06-12,1098.62,1094.25,1113.94,1089.87,-0.79,-8.75,53916,27079780.0,2.18,0.11
2019-06-13,1089.87,1089.87,1096.43,1081.11,-0.4,-4.38,77343,38488638.0,1.4,0.16
2019-06-14,1103.0,1067.98,1103.0,1063.61,-2.01,-21.89,71895,35373354.0,3.61,0.15
2019-06-17,1063.61,1059.23,1070.17,1052.66,-0.82,-8.75,46507,22581487.0,1.64,0.09
2019-06-18,1054.85,1046.1,1063.61,1046.1,-1.24,-13.13,63399,30519272.0,1.65,0.13
2019-06-19,1061.42,1050.48,1074.55,1048.29,0.42,4.38,90049,43634642.0,2.51,0.18
2019-06-20,1048.29,1063.61,1074.55,1048.29,1.25,13.13,88988,43206768.0,2.5,0.18
2019-06-21,1070.17,1094.25,1096.43,1070.17,2.88,30.64,124451,61672467.0,2.47,0.25
2019-06-24,1096.43,1083.3,1096.43,1078.93,-1.0,-10.95,63187,31311490.0,1.6,0.13
2019-06-25,1085.49,1081.11,1087.68,1065.8,-0.2,-2.19,67255,33020875.0,2.02,0.14
2019-06-26,1076.74,1083.3,1089.87,1072.36,0.2,2.19,39860,19712766.0,1.62,0.08
2019-06-27,1138.02,1103.0,1170.84,1094.25,1.82,19.7,249284,128585878.0,7.07,0.5
2019-06-28,1089.87,1098.62,1105.19,1061.42,-0.4,-4.38,172627,85111897.0,3.97,0.35
2019-07-01,1109.56,1103.0,1113.94,1096.43,0.4,4.38,128923,64965645.0,1.59,0.26
2019-07-02,1098.62,1092.06,1100.81,1087.68,-0.99,-10.94,88370,44193024.0,1.19,0.18
2019-07-03,1089.87,1098.62,1100.81,1081.11,0.6,6.56,71331,35532316.0,1.8,0.14
2019-07-04,1100.81,1113.94,1116.13,1094.25,1.39,15.32,104816,52971629.0,1.99,0.21
2019-07-05,1098.62,1113.94,1120.51,1098.62,0.0,0.0,70071,35502365.0,1.97,0.14
2019-07-08,1105.19,1089.87,1107.38,1083.3,-2.16,-24.07,94965,47351043.0,2.16,0.19
2019-07-09,1089.87,1094.25,1094.25,1081.11,0.4,4.38,46621,23196899.0,1.21,0.09
2019-07-10,1092.06,1105.19,1109.56,1092.06,1.0,10.94,74103,37403971.0,1.6,0.15
2019-07-11,1111.75,1105.19,1111.75,1100.81,0.0,0.0,56195,28410797.0,0.99,0.11
2019-07-12,1109.56,1107.38,1118.32,1105.19,0.2,2.19,52194,26512662.0,1.19,0.11
2019-07-15,1107.38,1129.26,1135.83,1100.81,1.98,21.88,93982,48151165.0,3.16,0.19
2019-07-16,1129.26,1129.26,1135.83,1118.32,0.0,0.0,65919,33986561.0,1.55,0.13
2019-07-17,1133.64,1155.52,1164.28,1131.45,2.33,26.26,128355,67402386.0,2.91,0.26
2019-07-18,1155.52,1146.77,1157.71,1133.64,-0.76,-8.75,94416,49475563.0,2.08,0.19
2019-07-19,1151.15,1157.71,1164.28,1142.39,0.95,10.94,86682,45807529.0,1.91,0.18
2019-07-22,1153.33,1144.58,1166.47,1124.88,-1.13,-13.13,106997,56176200.0,3.59,0.22
2019-07-23,1144.58,1181.79,1188.35,1144.58,3.25,37.21,143912,77191488.0,3.82,0.29
2019-07-24,1186.16,1181.79,1205.86,1179.6,0.0,0.0,128307,69831329.0,2.22,0.26
2019-07-25,1179.6,1223.37,1229.93,1179.6,3.52,41.58,206578,114930102.0,4.26,0.42
2019-07-26,1223.37,1227.74,1236.5,1210.24,0.36,4.37,117702,66042493.0,2.15,0.24
2019-07-29,1243.06,1234.31,1243.06,1218.99,0.54,6.57,116451,65665852.0,1.96,0.24
2019-07-30,1240.87,1245.25,1258.38,1238.69,0.89,10.94,132237,75518511.0,1.6,0.27
2019-07-31,1245.25,1238.69,1269.32,1212.42,-0.53,-6.56,235244,133273279.0,4.57,0.48
2019-08-01,1232.12,1243.06,1249.63,1232.12,0.35,4.37,137819,78254996.0,1.41,0.28
2019-08-02,1208.05,1216.8,1232.12,1199.29,-2.11,-26.26,177816,98800145.0,2.64,0.36
2019-08-05,1223.37,1186.16,1227.74,1186.16,-2.52,-30.64,149270,82154781.0,3.42,0.3
2019-08-06,1192.73,1157.71,1192.73,1135.83,-2.4,-28.45,162003,85838172.0,4.8,0.33
2019-08-07,1166.47,1205.86,1227.74,1162.09,4.16,48.15,176680,96826279.0,5.67,0.36
2019-08-08,1212.42,1175.22,1212.42,1173.03,-2.54,-30.64,108354,58824836.0,3.27,0.22
2019-08-09,1188.35,1168.65,1210.24,1162.09,-0.56,-6.57,104987,56712753.0,4.1,0.21
2019-08-12,1175.22,1170.84,1175.22,1153.33,0.19,2.19,105968,56257428.0,1.87,0.21
2019-08-13,1168.64,1144.43,1173.04,1144.43,-2.26,-26.41,77619,40627011.0,2.44,0.16
2019-08-14,1153.24,1148.83,1166.44,1146.63,0.38,4.4,58478,30767172.0,1.73,0.12
2019-08-15,1129.03,1144.43,1151.04,1122.42,-0.38,-4.4,78294,40367780.0,2.49,0.16
2019-08-16,1144.43,1140.03,1146.63,1133.43,-0.38,-4.4,65554,33952617.0,1.15,0.13
2019-08-19,1140.03,1164.24,1168.64,1135.63,2.12,24.21,84277,44214073.0,2.9,0.17
2019-08-20,1168.64,1153.24,1173.04,1151.04,-0.94,-11.0,77376,40784696.0,1.89,0.16
2019-08-21,1151.04,1146.63,1162.04,1144.43,-0.57,-6.61,56902,29740149.0,1.53,0.11
2019-08-22,1146.63,1140.03,1151.04,1131.23,-0.58,-6.6,80862,41809922.0,1.73,0.16
2019-08-23,1137.83,1135.63,1144.43,1133.43,-0.39,-4.4,44340,22910000.0,0.96,0.09
2019-08-26,1129.03,1104.82,1129.03,1104.82,-2.71,-30.81,82057,41473421.0,2.13,0.17
2019-08-27,1115.82,1144.43,1159.84,1111.42,3.59,39.61,116683,60446297.0,4.38,0.24
2019-08-28,1148.83,1126.83,1151.04,1124.63,-1.54,-17.6,78078,40125897.0,2.31,0.16
2019-08-29,1124.63,1115.82,1131.23,1111.42,-0.98,-11.01,99285,50493489.0,1.76,0.2
2019-08-30,1120.22,1115.82,1126.83,1107.02,0.0,0.0,56432,28601770.0,1.78,0.11
2019-09-02,1115.82,1115.82,1126.83,1102.62,0.0,0.0,136897,69209697.0,2.17,0.28
2019-09-03,1115.82,1100.42,1115.82,1098.22,-1.38,-15.4,139371,69913237.0,1.58,0.28
2019-09-04,1100.42,1093.81,1102.62,1078.41,-0.6,-6.61,177963,87883225.0,2.2,0.36
2019-09-05,1100.42,1115.82,1142.23,1100.42,2.01,22.01,243313,123866805.0,3.82,0.49
2019-09-06,1109.22,1102.62,1115.82,1096.01,-1.18,-13.2,130196,65269845.0,1.78,0.26
2019-09-09,1104.82,1140.03,1148.83,1104.82,3.39,37.41,225834,116246505.0,3.99,0.46
2019-09-10,1144.43,1129.03,1144.43,1124.63,-0.96,-11.0,123433,63382155.0,1.74,0.25
2019-09-11,1131.23,1135.63,1146.63,1126.83,0.58,6.6,145410,75083063.0,1.75,0.29
2019-09-12,1142.23,1155.44,1157.64,1129.03,1.74,19.81,145807,75690709.0,2.52,0.29
2019-09-16,1155.44,1151.04,1159.84,1142.23,-0.38,-4.4,116985,61087426.0,1.52,0.24
2019-09-17,1151.04,1135.63,1151.04,1131.23,-1.34,-15.41,114255,59016038.0,1.72,0.23
2019-09-18,1135.63,1133.43,1146.63,1131.23,-0.19,-2.2,73278,37874721.0,1.36,0.15
2019-09-19,1135.63,1135.63,1137.83,1129.03,0.19,2.2,56069,28866184.0,0.78,0.11
2019-09-20,1148.83,1168.64,1170.84,1135.63,2.91,33.01,159625,83656588.0,3.1,0.32
2019-09-23,1164.24,1153.24,1164.24,1133.43,-1.32,-15.4,129561,67404515.0,2.64,0.26
2019-09-24,1153.24,1177.44,1179.65,1148.83,2.1,24.2,157278,83432165.0,2.67,0.32
2019-09-25,1173.04,1177.44,1177.44,1155.44,0.0,0.0,117744,62405769.0,1.87,0.24
2019-09-26,1175.24,1173.04,1197.25,1162.04,-0.37,-4.4,175095,93844527.0,2.99,0.35
2019-09-30,1190.65,1111.42,1190.65,1111.42,-5.25,-61.62,151009,78373103.0,6.75,0.3
2019-10-08,1096.01,1135.63,1146.63,1096.01,2.18,24.21,108647,55587570.0,4.55,0.22
2019-10-09,1129.03,1223.66,1232.47,1129.03,7.75,88.03,309142,169118362.0,9.11,0.62
2019-10-10,1223.66,1234.67,1243.47,1214.86,0.9,11.01,202026,113269136.0,2.34,0.41
2019-10-11,1241.27,1228.06,1245.67,1221.46,-0.54,-6.61,126861,71031194.0,1.96,0.26
2019-10-14,1234.67,1203.85,1234.67,1199.45,-1.97,-24.21,139219,76857861.0,2.87,0.28
2019-10-15,1206.06,1184.05,1206.06,1177.44,-1.64,-19.8,108660,58611259.0,2.38,0.22
2019-10-16,1186.25,1166.44,1188.45,1159.84,-1.49,-17.61,91531,48706547.0,2.42,0.18
2019-10-17,1159.84,1140.03,1164.24,1137.83,-2.26,-26.41,97817,51129716.0,2.26,0.2
2019-10-18,1142.23,1131.23,1153.24,1126.83,-0.77,-8.8,117925,61092536.0,2.32,0.24
2019-10-21,1124.63,1126.83,1133.43,1118.02,-0.39,-4.4,65437,33433823.0,1.36,0.13
2019-10-22,1126.83,1137.83,1140.03,1120.22,0.98,11.0,68773,35347241.0,1.76,0.14
2019-10-23,1137.83,1129.03,1151.04,1124.63,-0.77,-8.8,48030,24815955.0,2.32,0.1
2019-10-24,1124.63,1133.43,1137.83,1124.63,0.39,4.4,54802,28147450.0,1.17,0.11
2019-10-25,1131.23,1133.43,1142.23,1126.83,0.0,0.0,48600,25067573.0,1.36,0.1
2019-10-28,1135.63,1131.23,1142.23,1124.63,-0.19,-2.2,99048,50878329.0,1.55,0.2
2019-10-29,1131.23,1115.82,1131.23,1113.62,-1.36,-15.41,75825,38588533.0,1.56,0.15
2019-10-30,1113.62,1115.82,1122.42,1102.62,0.0,0.0,71173,35899669.0,1.77,0.14
2019-10-31,1113.62,1122.42,1124.63,1104.82,0.59,6.6,70079,35589153.0,1.78,0.14
2019-11-01,1118.02,1166.44,1166.44,1115.82,3.92,44.02,135087,70279838.0,4.51,0.27
2019-11-04,1170.84,1190.65,1197.25,1159.84,2.08,24.21,211206,113718571.0,3.21,0.43
2019-11-05,1188.45,1188.45,1199.45,1175.24,-0.18,-2.2,168941,91266237.0,2.03,0.34
2019-11-06,1201.65,1199.45,1212.66,1192.85,0.93,11.0,124159,67963620.0,1.67,0.25
2019-11-07,1210.46,1234.67,1243.47,1210.46,2.94,35.22,260717,146018201.0,2.75,0.53
2019-11-08,1243.47,1228.06,1265.48,1228.06,-0.54,-6.61,284820,161459317.0,3.03,0.58
2019-11-11,1241.27,1223.66,1241.27,1214.86,-0.36,-4.4,219264,122434993.0,2.15,0.44
2019-11-12,1219.26,1221.46,1247.87,1217.06,-0.18,-2.2,169486,94712223.0,2.52,0.34
2019-11-13,1221.46,1208.26,1234.67,1190.65,-1.08,-13.2,154083,84621871.0,3.6,0.31
2019-11-14,1206.06,1230.27,1243.47,1206.06,1.82,22.01,118869,66422971.0,3.1,0.24
2019-11-15,1234.67,1217.06,1239.07,1210.46,-1.07,-13.21,107300,59837367.0,2.33,0.22
2019-11-18,1214.86,1236.87,1243.47,1212.66,1.63,19.81,81032,45414458.0,2.53,0.16
2019-11-19,1234.67,1250.07,1263.28,1234.67,1.07,13.2,93019,52889225.0,2.31,0.19
2019-11-20,1261.08,1228.06,1261.08,1225.86,-1.76,-22.01,98714,55395809.0,2.82,0.2
2019-11-21,1212.66,1245.67,1247.87,1212.66,1.43,17.61,82756,46493199.0,2.87,0.17
2019-11-22,1252.27,1243.47,1280.88,1221.46,-0.18,-2.2,134931,76657623.0,4.77,0.27
2019-11-25,1241.27,1278.68,1283.08,1232.47,2.83,35.21,176550,101944455.0,4.07,0.36
2019-11-26,1276.48,1258.88,1276.48,1254.47,-1.55,-19.8,111449,63934696.0,1.72,0.23
2019-11-27,1263.28,1291.89,1302.89,1252.27,2.62,33.01,157462,91859623.0,4.02,0.32
2019-11-28,1285.29,1267.68,1296.29,1265.48,-1.87,-24.21,94116,54561858.0,2.38,0.19
2019-11-29,1267.68,1254.47,1285.29,1247.87,-1.04,-13.21,78926,45158369.0,2.95,0.16
2019-12-02,1254.47,1256.67,1258.88,1243.47,0.18,2.2,72436,41218503.0,1.23,0.15
2019-12-03,1247.87,1263.28,1263.28,1241.27,0.53,6.61,45069,25727982.0,1.75,0.09
2019-12-04,1263.28,1331.5,1342.51,1263.28,5.4,68.22,244024,146222543.0,6.27,0.49
2019-12-05,1331.5,1342.51,1357.91,1318.3,0.83,11.01,188064,114638358.0,2.97,0.38
2019-12-06,1346.91,1353.51,1357.91,1333.7,0.82,11.0,119127,72975189.0,1.8,0.24
2019-12-09,1357.91,1346.91,1366.72,1344.71,-0.49,-6.6,126913,78068896.0,1.63,0.26
2019-12-10,1355.71,1335.9,1355.71,1335.9,-0.82,-11.01,84602,51617336.0,1.47,0.17
2019-12-11,1335.9,1324.9,1340.31,1309.49,-0.82,-11.0,128332,77134751.0,2.31,0.26
2019-12-12,1320.5,1311.7,1331.5,1302.89,-1.0,-13.2,131379,78547943.0,2.16,0.27
2019-12-13,1320.5,1331.5,1362.31,1318.3,1.51,19.8,124293,75235432.0,3.36,0.25
2019-12-16,1324.9,1364.52,1375.52,1313.9,2.48,33.02,178990,110303575.0,4.63,0.36
2019-12-17,1364.52,1351.31,1368.92,1351.31,-0.97,-13.21,119366,73689290.0,1.29,0.24
2019-12-18,1353.51,1331.5,1364.52,1320.5,-1.47,-19.81,176071,107161893.0,3.26,0.36
2019-12-19,1327.1,1349.11,1349.11,1320.5,1.32,17.61,90503,54982100.0,2.15,0.18
2019-12-20,1344.71,1324.9,1353.51,1318.3,-1.79,-24.21,85319,51558400.0,2.61,0.17
2019-12-23,1313.9,1287.49,1324.9,1285.29,-2.82,-37.41,93006,54958818.0,2.99,0.19
2019-12-24,1296.29,1320.5,1324.9,1291.89,2.56,33.01,67549,40235866.0,2.56,0.14
2019-12-25,1333.7,1357.91,1362.31,1322.7,2.83,37.41,113519,69557664.0,3.0,0.23
2019-12-26,1368.92,1388.72,1397.53,1357.91,2.27,30.81,141495,88881366.0,2.92,0.29
2019-12-27,1386.52,1373.32,1399.73,1368.92,-1.11,-15.4,100769,63304874.0,2.22,0.2
2019-12-30,1373.32,1386.52,1399.73,1366.72,0.96,13.2,117426,74094690.0,2.4,0.24
2019-12-31,1430.54,1375.52,1430.54,1368.92,-0.79,-11.0,127768,80395331.0,4.44,0.26
2020-01-02,1375.52,1393.13,1412.93,1375.52,1.28,17.61,130456,82824216.0,2.72,0.26
2020-01-03,1388.72,1390.93,1395.33,1379.92,-0.16,-2.2,66680,42060593.0,1.11,0.13
2020-01-06,1357.91,1397.53,1404.13,1357.91,0.47,6.6,117698,74432635.0,3.32,0.24
2020-01-07,1397.53,1382.12,1401.93,1377.72,-1.1,-15.41,87085,54744643.0,1.73,0.18
2020-01-08,1379.92,1364.52,1388.72,1360.11,-1.27,-17.6,69963,43568503.0,2.07,0.14
2020-01-09,1366.72,1366.72,1377.72,1357.91,0.16,2.2,72408,44946022.0,1.45,0.15
2020-01-10,1371.12,1349.11,1373.32,1342.51,-1.29,-17.61,71905,44093188.0,2.25,0.15
2020-01-13,1344.71,1355.71,1364.52,1340.31,0.49,6.6,125527,77080178.0,1.79,0.25
2020-01-14,1364.52,1379.92,1390.93,1364.52,1.79,24.21,138755,87035874.0,1.95,0.28
2020-01-15,1390.93,1393.13,1401.93,1371.12,0.96,13.21,148422,93538848.0,2.23,0.3
2020-01-16,1390.93,1401.93,1430.54,1388.72,0.63,8.8,144358,92647719.0,3.0,0.29
2020-01-17,1410.73,1404.13,1415.13,1395.33,0.16,2.2,70588,45046969.0,1.41,0.14
2020-01-20,1406.33,1445.95,1445.95,1399.73,2.98,41.82,125730,81656563.0,3.29,0.25
2020-01-21,1437.14,1406.33,1439.34,1404.13,-2.74,-39.62,105515,67965936.0,2.44,0.21
2020-01-22,1408.53,1503.17,1516.37,1397.53,6.89,96.84,280351,187309085.0,8.45,0.57
2020-01-23,1500.97,1465.75,1525.18,1445.95,-2.49,-37.42,274054,185231400.0,5.27,0.55
2020-02-03,1318.3,1318.3,1338.11,1318.3,-10.06,-147.45,180430,108237750.0,1.35,0.36
2020-02-04,1267.68,1289.69,1324.9,1267.68,-2.17,-28.61,255336,150164747.0,4.34,0.52
2020-02-05,1294.09,1419.54,1419.54,1294.09,10.07,129.85,308988,192744763.0,9.73,0.62
2020-02-06,1450.35,1478.96,1525.18,1419.54,4.19,59.42,437903,292997264.0,7.44,0.88
2020-02-07,1494.36,1430.54,1494.36,1430.54,-3.27,-48.42,311973,206081856.0,4.32,0.63
2020-02-10,1461.35,1434.94,1481.16,1412.93,0.31,4.4,321765,210329908.0,4.77,0.65
2020-02-11,1437.14,1452.55,1474.56,1406.33,1.23,17.61,289703,190004470.0,4.75,0.59
2020-02-12,1441.54,1450.35,1454.75,1428.34,-0.15,-2.2,189853,124322789.0,1.82,0.38
2020-02-13,1448.15,1448.15,1481.16,1421.74,-0.15,-2.2,204956,135072591.0,4.1,0.41
2020-02-14,1437.14,1430.54,1463.55,1428.34,-1.22,-17.61,157433,103391914.0,2.43,0.32
2020-02-17,1426.14,1492.16,1500.97,1426.14,4.31,61.62,258569,173434165.0,5.23,0.52
2020-02-18,1492.16,1487.76,1498.77,1456.95,-0.29,-4.4,170230,113745633.0,2.8,0.34
2020-02-19,1481.16,1465.75,1496.57,1463.55,-1.48,-22.01,156562,105072915.0,2.22,0.32
2020-02-20,1465.75,1472.36,1481.16,1459.15,0.45,6.61,149685,100161110.0,1.5,0.3
2020-02-21,1474.56,1509.77,1509.77,1463.55,2.54,37.41,271765,183778787.0,3.14,0.55
2020-02-24,1509.77,1476.76,1538.38,1467.95,-2.19,-33.01,306936,208272391.0,4.66,0.62
2020-02-25,1434.94,1399.73,1461.35,1368.92,-5.22,-77.03,431336,275736576.0,6.26,0.87
2020-02-26,1382.12,1357.91,1393.13,1346.91,-2.99,-41.82,318459,197597506.0,3.3,0.64
2020-02-27,1364.52,1366.72,1390.93,1355.71,0.65,8.81,206316,128720181.0,2.59,0.42
2020-02-28,1311.7,1287.49,1340.31,1280.88,-5.8,-79.23,258335,153440314.0,4.35,0.52
2020-03-02,1309.49,1342.51,1357.91,1309.49,4.27,55.02,235783,143861408.0,3.76,0.48
2020-03-03,1362.31,1340.31,1373.32,1329.3,-0.16,-2.2,207644,127282294.0,3.28,0.42
2020-03-04,1344.71,1327.1,1349.11,1313.9,-0.99,-13.21,137982,83345509.0,2.63,0.28
2020-03-05,1331.5,1340.31,1342.51,1313.9,1.0,13.21,181653,109903407.0,2.16,0.37
2020-03-06,1320.5,1366.72,1384.32,1320.5,1.97,26.41,279596,172659569.0,4.76,0.56
2020-03-09,1346.91,1316.1,1349.11,1313.9,-3.7,-50.62,190894,115388663.0,2.58,0.39
2020-03-10,1294.09,1329.3,1342.51,1294.09,1.0,13.2,202291,121362631.0,3.68,0.41
2020-03-11,1324.9,1313.9,1331.5,1311.7,-1.16,-15.4,191397,114838539.0,1.49,0.39
2020-03-12,1298.49,1263.28,1302.89,1254.47,-3.85,-50.62,198778,114974984.0,3.69,0.4
2020-03-13,1206.06,1232.47,1250.07,1177.44,-2.44,-30.81,219567,121021665.0,5.75,0.44
2020-03-16,1245.67,1188.45,1245.67,1181.85,-3.57,-44.02,178368,98070528.0,5.18,0.36
2020-03-17,1188.45,1164.24,1201.65,1151.04,-2.04,-24.21,176507,93858041.0,4.26,0.36
2020-03-18,1173.04,1126.83,1177.44,1124.63,-3.21,-37.41,198622,103712455.0,4.54,0.4
2020-03-19,1122.42,1137.83,1159.84,1115.82,0.98,11.0,232586,119645522.0,3.91,0.47
2020-03-20,1144.43,1098.22,1151.04,1089.41,-3.48,-39.61,346012,174577151.0,5.42,0.7
2020-03-23,1085.01,1076.21,1122.42,1069.6,-2.0,-22.01,308389,153706998.0,4.81,0.62
2020-03-24,1096.01,1065.2,1096.01,1045.4,-1.02,-11.01,236966,114972365.0,4.7,0.48
2020-03-25,1085.01,1080.61,1093.81,1069.6,1.45,15.41,199358,98004583.0,2.27,0.4
2020-03-26,1082.81,1063.0,1082.81,1052.0,-1.63,-17.61,215695,104210849.0,2.85,0.44
2020-03-27,1071.81,1047.6,1080.61,1047.6,-1.45,-15.4,178185,86072947.0,3.11,0.36
2020-03-30,1047.6,1025.59,1047.6,1005.78,-2.1,-22.01,238138,111101157.0,3.99,0.48
2020-03-31,1032.19,1034.39,1052.0,1025.59,0.86,8.8,142738,67297751.0,2.58,0.29
2020-04-01,1034.39,1023.39,1047.6,1021.19,-1.06,-11.0,107847,50570960.0,2.55,0.22
2020-04-02,1012.38,1052.0,1054.2,1012.38,2.8,28.61,213910,101272808.0,4.09,0.43
2020-04-03,1060.8,1034.39,1063.0,1023.39,-1.67,-17.61,218757,103398449.0,3.77,0.44
2020-04-07,1047.6,1082.81,1093.81,1047.6,4.68,48.42,248484,121735406.0,4.47,0.5
2020-04-08,1082.81,1080.61,1091.61,1065.2,-0.2,-2.2,177602,87014894.0,2.44,0.36
2020-04-09,1082.81,1078.41,1089.41,1076.21,-0.2,-2.2,90563,44563178.0,1.22,0.18
2020-04-10,1082.81,1063.0,1082.81,1060.8,-1.43,-15.41,109215,53101931.0,2.04,0.22
2020-04-13,1060.8,1076.21,1082.81,1054.2,1.24,13.21,133402,65071197.0,2.69,0.27
2020-04-14,1091.61,1146.63,1157.64,1076.21,6.54,70.42,355768,182173594.0,7.57,0.72
2020-04-15,1168.64,1170.84,1206.06,1153.24,2.11,24.21,426946,228548315.0,4.61,0.86
2020-04-16,1177.44,1217.06,1236.87,1164.24,3.95,46.22,411232,225959858.0,6.2,0.83
2020-04-17,1221.46,1166.44,1221.46,1157.64,-4.16,-50.62,372233,200309543.0,5.24,0.75
2020-04-20,1168.64,1144.43,1168.64,1135.63,-1.89,-22.01,256124,133536744.0,2.83,0.52
2020-04-21,1144.43,1144.43,1157.64,1133.43,0.0,0.0,217485,112854324.0,2.12,0.44
2020-04-22,1135.63,1137.83,1137.83,1118.02,-0.58,-6.6,162055,83144029.0,1.73,0.33
2020-04-23,1137.83,1153.24,1179.65,1131.23,1.35,15.41,252518,133081270.0,4.26,0.51
2020-04-24,1157.64,1118.02,1159.84,1115.82,-3.05,-35.22,148033,75925172.0,3.82,0.3
2020-04-27,1120.22,1133.43,1170.84,1120.22,1.38,15.41,240254,125321185.0,4.53,0.49
2020-04-28,1129.03,1157.64,1173.04,1129.03,2.14,24.21,313695,164373629.0,3.88,0.63
2020-04-29,1155.44,1148.83,1170.84,1140.03,-0.76,-8.81,159722,83733986.0,2.66,0.32
2020-04-30,1153.24,1148.83,1168.64,1135.63,0.0,0.0,192360,100724114.0,2.87,0.39
2020-05-06,1140.03,1131.23,1140.03,1118.02,-1.53,-17.6,230301,117938460.0,1.92,0.47
2020-05-07,1133.43,1135.63,1142.23,1104.82,0.39,4.4,217108,110609070.0,3.31,0.44
2020-05-08,1129.03,1201.65,1206.06,1124.63,5.81,66.02,407144,216986030.0,7.17,0.82
2020-05-11,1188.45,1153.24,1188.45,1142.23,-4.03,-48.41,432435,227674865.0,3.85,0.87
2020-05-12,1155.44,1157.64,1170.84,1135.63,0.38,4.4,185492,97287587.0,3.05,0.37
2020-05-13,1159.84,1175.24,1179.65,1151.04,1.52,17.6,214772,114065622.0,2.47,0.43
2020-05-14,1177.44,1140.03,1177.44,1137.83,-3.0,-35.21,187395,98139672.0,3.37,0.38
2020-05-15,1140.03,1126.83,1157.64,1122.42,-1.16,-13.2,189377,98049343.0,3.09,0.38
2020-05-18,1133.43,1135.63,1151.04,1124.63,0.78,8.8,131111,67964054.0,2.34,0.26
2020-05-19,1142.23,1155.44,1170.84,1140.03,1.74,19.81,161216,84317534.0,2.71,0.33
2020-05-20,1166.44,1155.44,1166.44,1151.04,0.0,0.0,94370,49647341.0,1.33,0.19
2020-05-21,1155.44,1133.43,1157.64,1126.83,-1.9,-22.01,95268,49333809.0,2.67,0.19
2020-05-22,1133.43,1113.62,1135.63,1113.62,-1.75,-19.81,80735,41094584.0,1.94,0.16
2020-05-25,1109.22,1135.63,1162.04,1109.22,1.98,22.01,228246,118628736.0,4.74,0.46
2020-05-26,1153.24,1203.85,1206.06,1135.63,6.01,68.22,339660,182509111.0,6.2,0.69
2020-05-27,1197.25,1223.66,1245.67,1186.25,1.65,19.81,316367,175642334.0,4.94,0.64
2020-05-28,1230.27,1188.45,1230.27,1184.05,-2.88,-35.21,147758,80702725.0,3.78,0.3
2020-05-29,1188.45,1175.24,1195.05,1170.84,-1.11,-13.21,105155,56431455.0,2.04,0.21
2020-06-01,1184.05,1186.25,1192.85,1175.24,0.94,11.01,160931,86523788.0,1.5,0.32
2020-06-02,1186.25,1184.05,1190.65,1170.84,-0.19,-2.2,124996,67026432.0,1.67,0.25
2020-06-03,1184.05,1225.86,1236.87,1179.65,3.53,41.81,285425,158058190.0,4.83,0.58
2020-06-04,1217.06,1199.45,1228.06,1195.05,-2.15,-26.41,145451,79937290.0,2.69,0.29
2020-06-05,1201.65,1206.06,1210.46,1173.04,0.55,6.61,155454,84094497.0,3.12,0.31
2020-06-08,1214.86,1184.05,1214.86,1179.65,-1.82,-22.01,131898,71539065.0,2.92,0.27
2020-06-09,1190.65,1192.85,1206.06,1179.65,0.74,8.8,65300,35376414.0,2.23,0.13
2020-06-10,1197.29,1183.97,1197.29,1183.97,-0.74,-8.88,69452,37123339.0,1.12,0.14
2020-06-11,1186.19,1161.75,1188.41,1159.53,-1.88,-22.22,172331,90690391.0,2.44,0.35
2020-06-12,1146.2,1150.65,1159.53,1146.2,-0.96,-11.1,113228,58692555.0,1.15,0.23
2020-06-15,1152.87,1128.43,1155.09,1128.43,-1.93,-22.22,145383,74686320.0,2.32,0.29
2020-06-16,1146.2,1150.65,1157.31,1137.32,1.97,22.22,148418,76766012.0,1.77,0.3
2020-06-17,1152.87,1168.42,1168.42,1143.98,1.54,17.77,110489,57376516.0,2.12,0.22
2020-06-18,1166.19,1166.19,1170.64,1155.09,-0.19,-2.23,75651,39627242.0,1.33,0.15
2020-06-19,1166.19,1168.42,1172.86,1159.53,0.19,2.23,86368,45346894.0,1.14,0.17
2020-06-22,1168.42,1161.75,1179.52,1159.53,-0.57,-6.67,80386,42212670.0,1.71,0.16
2020-06-23,1161.75,1146.2,1161.75,1135.1,-1.34,-15.55,104925,54003835.0,2.29,0.21
2020-06-24,1143.98,1143.98,1152.87,1139.54,-0.19,-2.22,66909,34454343.0,1.16,0.14
2020-06-29,1123.99,1119.55,1141.76,1117.33,-2.14,-24.43,154810,78454861.0,2.14,0.31
2020-06-30,1121.77,1126.21,1130.65,1121.77,0.59,6.66,104470,52966326.0,0.79,0.21
2020-07-01,1139.54,1152.87,1157.31,1123.99,2.37,26.66,166671,85696747.0,2.96,0.34
2020-07-02,1161.75,1163.97,1168.42,1143.98,0.96,11.1,172672,89810213.0,2.12,0.35
2020-07-03,1168.42,1179.52,1195.07,1168.42,1.34,15.55,200028,106392299.0,2.29,0.4
2020-07-06,1190.63,1226.17,1232.83,1190.63,3.95,46.65,253011,138576818.0,3.58,0.51
2020-07-07,1243.94,1266.15,1290.59,1228.39,3.26,39.98,319198,181766282.0,5.07,0.64
2020-07-08,1261.71,1263.93,1266.15,1239.5,-0.18,-2.22,185682,104784569.0,2.1,0.37
2020-07-09,1261.71,1290.59,1303.92,1257.27,2.11,26.66,241834,139323855.0,3.69,0.49
2020-07-10,1283.93,1259.49,1306.14,1250.61,-2.41,-31.1,232501,133493572.0,4.3,0.47
2020-07-13,1259.49,1292.81,1292.81,1257.27,2.65,33.32,275284,157896247.0,2.82,0.56
2020-07-14,1299.47,1263.93,1299.47,1243.94,-2.23,-28.88,271487,154115041.0,4.3,0.55
2020-07-15,1263.93,1261.71,1312.8,1246.16,-0.18,-2.22,331463,190900032.0,5.27,0.67
2020-07-16,1261.71,1268.38,1326.13,1255.05,0.53,6.67,450193,261806844.0,5.63,0.91
2020-07-17,1268.38,1243.94,1297.25,1239.5,-1.93,-24.44,447118,255172304.0,4.55,0.9
2020-07-20,1255.05,1368.34,1368.34,1243.94,10.0,124.4,873394,523707520.0,10.0,1.76
2020-07-21,1368.34,1375.0,1408.32,1366.11,0.49,6.66,486895,303402400.0,3.08,0.98
2020-07-22,1377.22,1394.99,1403.88,1355.01,1.45,19.99,349403,216409192.0,3.55,0.71
2020-07-23,1390.55,1363.89,1399.43,1348.34,-2.23,-31.1,385953,237755718.0,3.66,0.78
2020-07-24,1355.01,1299.47,1377.22,1292.81,-4.72,-64.42,290387,174087070.0,6.19,0.59
2020-07-27,1297.25,1301.7,1339.46,1279.48,0.17,2.23,196059,114743694.0,4.62,0.4
2020-07-28,1310.58,1383.88,1388.33,1310.58,6.31,82.18,346197,212667428.0,5.97,0.7
2020-07-29,1372.78,1521.61,1521.61,1363.89,9.95,137.73,647436,429077776.0,11.4,1.31
2020-07-30,1532.71,1528.27,1561.59,1517.16,0.44,6.66,568052,392731168.0,2.92,1.15
2020-07-31,1543.82,1503.84,1543.82,1472.74,-1.6,-24.43,353178,238681401.0,4.65,0.71
2020-08-03,1503.84,1517.16,1537.16,1490.51,0.89,13.32,333321,227537253.0,3.1,0.67
2020-08-04,1532.71,1621.57,1665.99,1526.05,6.88,104.41,631147,452413840.0,9.22,1.27
2020-08-05,1577.14,1599.35,1661.55,1548.26,-1.37,-22.22,603571,432298176.0,6.99,1.22
2020-08-06,1597.13,1659.33,1697.09,1577.14,3.75,59.98,539970,400121312.0,7.5,1.09
2020-08-07,1663.77,1701.53,1719.3,1643.78,2.54,42.2,559793,421763008.0,4.55,1.13
2020-08-10,1681.54,1659.33,1761.51,1606.02,-2.48,-42.2,557613,420500160.0,9.14,1.13
2020-08-11,1637.12,1599.35,1670.44,1597.13,-3.61,-59.98,362147,265880851.0,4.42,0.73
2020-08-12,1606.02,1623.79,1630.45,1563.81,1.53,24.44,340049,244398920.0,4.17,0.69
2020-08-13,1628.23,1630.45,1677.1,1568.25,0.41,6.66,433663,316562144.0,6.7,0.88
2020-08-14,1614.9,1614.9,1639.34,1581.58,-0.95,-15.55,246592,178073114.0,3.54,0.5
2020-08-17,1614.9,1672.66,1690.43,1606.02,3.58,57.76,388565,289877200.0,5.23,0.78
2020-08-18,1685.98,1730.41,1785.94,1657.11,3.45,57.75,468551,362502016.0,7.7,0.95
2020-08-19,1725.97,1679.32,1725.97,1663.77,-2.95,-51.09,262416,199635528.0,3.59,0.53
2020-08-20,1672.66,1617.12,1674.88,1612.68,-3.7,-62.2,194834,143462454.0,3.7,0.39
2020-08-21,1637.34,1621.79,1646.22,1612.9,0.29,4.67,136401,99813177.0,2.06,0.28
2020-08-24,1632.89,1663.99,1663.99,1597.35,2.6,42.2,277064,202651963.0,4.11,0.56
2020-08-25,1703.98,1732.85,1788.39,1668.44,4.14,68.86,487645,382424528.0,7.21,0.98
2020-08-26,1759.51,1681.76,1759.51,1650.67,-2.95,-51.09,345333,262534940.0,6.28,0.7
2020-08-27,1657.33,1659.55,1695.09,1630.67,-1.32,-22.21,247086,184562075.0,3.83,0.5
2020-08-28,1665.99,1690.43,1692.65,1619.34,1.86,30.88,270959,201894527.0,4.42,0.55
2020-08-31,1701.53,1737.07,1788.17,1690.43,2.76,46.64,374419,292759264.0,5.78,0.76
2020-09-01,1737.07,1885.9,1899.23,1728.19,8.57,148.83,541132,445783728.0,9.85,1.09
2020-09-02,1877.02,1899.23,1910.34,1848.14,0.71,13.33,422660,357057984.0,3.3,0.85
2020-09-03,1892.57,1857.03,1932.55,1845.92,-2.22,-42.2,322238,273581904.0,4.56,0.65
2020-09-04,1817.04,1843.7,1865.91,1812.6,-0.72,-13.33,199466,164375220.0,2.87,0.4
2020-09-07,1845.92,1883.68,1968.09,1821.49,2.17,39.98,354449,300564192.0,7.95,0.72
2020-09-08,1857.03,1899.23,1903.67,1823.71,0.83,15.55,263318,220486582.0,4.24,0.53
2020-09-09,1859.25,1752.62,1870.35,1752.62,-7.72,-146.61,280761,227019317.0,6.2,0.57
2020-09-10,1763.73,1679.32,1765.95,1668.21,-4.18,-73.3,428645,329617104.0,5.58,0.87
2020-09-11,1661.55,1717.08,1728.19,1646.0,2.25,37.76,235212,179017488.0,4.89,0.47
2020-09-14,1730.41,1692.65,1743.74,1681.54,-1.42,-24.43,172404,132177372.0,3.62,0.35
2020-09-15,1694.87,1748.18,1759.29,1652.66,3.28,55.53,243223,187989557.0,6.3,0.49
2020-09-16,1750.4,1701.53,1750.4,1685.98,-2.67,-46.65,128921,99290101.0,3.68,0.26
2020-09-17,1690.43,1712.64,1734.85,1681.54,0.65,11.11,152721,117521754.0,3.13,0.31
2020-09-18,1708.2,1808.16,1832.59,1699.31,5.58,95.52,281214,225181123.0,7.78,0.57
2020-09-21,1797.05,1810.38,1828.15,1785.94,0.12,2.22,151928,123666494.0,2.33,0.31
2020-09-22,1794.83,1770.39,1803.71,1763.73,-2.21,-39.99,162727,130324778.0,2.21,0.33
2020-09-23,1779.28,1714.86,1779.28,1710.42,-3.14,-55.53,178924,139153562.0,3.89,0.36
2020-09-24,1701.53,1637.12,1701.53,1621.57,-4.53,-77.74,320062,237835580.0,4.66,0.65
2020-09-25,1652.66,1626.01,1652.66,1614.9,-0.68,-11.11,139652,102475333.0,2.31,0.28
2020-09-28,1628.23,1579.36,1643.78,1572.7,-2.87,-46.65,138530,99376548.0,4.37,0.28
2020-09-29,1586.03,1634.89,1657.11,1586.03,3.52,55.53,166850,122376752.0,4.5,0.34
2020-09-30,1632.67,1617.12,1641.56,1606.02,-1.09,-17.77,104551,76350106.0,2.17,0.21
2020-10-09,1639.34,1643.78,1670.44,1621.57,1.65,26.66,149545,110779450.0,3.02,0.3
2020-10-12,1652.66,1685.98,1690.43,1643.78,2.57,42.2,340709,255325589.0,2.84,0.69
2020-10-13,1685.98,1685.98,1712.64,1652.66,0.0,0.0,213188,161173864.0,3.56,0.43
2020-10-14,1679.32,1725.97,1745.96,1672.66,2.37,39.99,188785,145244660.0,4.35,0.38
2020-10-15,1737.07,1843.7,1874.8,1737.07,6.82,117.73,465554,382352608.0,7.98,0.94
2020-10-16,1830.37,1854.8,1879.24,1812.6,0.6,11.1,226381,188373946.0,3.61,0.46
2020-10-19,1892.57,1857.03,1921.44,1834.81,0.12,2.23,329424,278253616.0,4.67,0.67
2020-10-20,1843.7,1843.7,1861.47,1825.93,-0.72,-13.33,195847,162135244.0,1.91,0.4
2020-10-21,1850.36,1812.6,1857.03,1805.94,-1.69,-31.1,139956,114942264.0,2.77,0.28
2020-10-22,1821.49,1648.22,1821.49,1637.12,-9.07,-164.38,455488,347227472.0,10.17,0.92
2020-10-23,1672.66,1659.33,1745.96,1648.22,0.67,11.11,298595,227161774.0,5.93,0.6
2020-10-26,1692.65,1710.42,1714.86,1621.57,3.08,51.09,214326,160936806.0,5.62,0.43
2020-10-27,1725.97,1750.4,1814.82,1714.86,2.34,39.98,326169,258557307.0,5.84,0.66
2020-10-28,1759.29,1803.71,1803.71,1723.75,3.05,53.31,285947,227724593.0,4.57,0.58
2020-10-29,1774.84,1799.27,1799.27,1759.29,-0.25,-4.44,186660,149466324.0,2.22,0.38
2020-10-30,1770.39,1779.28,1812.6,1739.3,-1.11,-19.99,181256,144621711.0,4.07,0.37
2020-11-02,1765.95,1872.58,1888.12,1765.95,5.24,93.3,274853,227987289.0,6.87,0.56
2020-11-03,1865.91,1865.91,1885.9,1834.81,-0.36,-6.67,210813,176529671.0,2.73,0.43
2020-11-04,1843.7,1899.23,1919.22,1828.15,1.79,33.32,238070,202248517.0,4.88,0.48
2020-11-05,1943.66,1888.12,1943.66,1877.02,-0.58,-11.11,215994,184417103.0,3.51,0.44
2020-11-06,1888.12,1859.25,1888.12,1837.03,-1.53,-28.87,185759,155547545.0,2.71,0.38
2020-11-09,1890.35,1996.97,2008.08,1890.35,7.41,137.72,420568,372655104.0,6.33,0.85
2020-11-10,1974.76,2059.17,2079.16,1974.76,3.11,62.2,370129,339727120.0,5.23,0.75
2020-11-11,2039.17,2156.9,2212.44,2039.17,4.75,97.73,551502,525218656.0,8.41,1.11
2020-11-12,2150.24,2148.02,2230.21,2101.37,-0.41,-8.88,434583,423632032.0,5.97,0.88
2020-11-13,2136.91,2188.0,2190.22,2128.03,1.86,39.98,291227,283380912.0,2.9,0.59
2020-11-16,2188.0,2363.49,2407.91,2179.12,8.02,175.49,565909,589529408.0,10.46,1.14
2020-11-17,2363.49,2416.8,2454.56,2330.17,2.26,53.31,468740,506485088.0,5.26,0.95
2020-11-18,2392.37,2350.16,2414.58,2319.06,-2.76,-66.64,438383,465670400.0,3.95,0.89
2020-11-19,2327.95,2310.18,2354.6,2270.19,-1.7,-39.98,325532,337194144.0,3.59,0.66
2020-11-20,2310.18,2312.4,2354.6,2274.64,0.1,2.22,282720,293555792.0,3.46,0.57
2020-11-23,2299.07,2379.04,2459.0,2279.08,2.88,66.64,413357,441448496.0,7.78,0.83
2020-11-24,2341.27,2272.41,2352.38,2252.42,-4.48,-106.63,389208,400142432.0,4.2,0.79
2020-11-25,2290.18,2194.67,2323.5,2183.56,-3.42,-77.74,379348,379949232.0,6.16,0.77
2020-11-26,2201.33,2208.0,2214.66,2163.57,0.61,13.33,188440,186072042.0,2.33,0.38
2020-11-27,2219.1,2185.78,2227.99,2159.13,-1.01,-22.22,190287,186989145.0,3.12,0.38
2020-11-30,2214.66,2123.59,2252.42,2123.59,-2.85,-62.19,301467,294408432.0,5.89,0.61
2020-12-01,2143.58,2121.36,2143.58,2085.82,-0.11,-2.23,382958,364459872.0,2.72,0.77
2020-12-02,2128.03,2130.25,2145.8,2088.04,0.42,8.89,203421,193745464.0,2.72,0.41
2020-12-03,2110.26,2112.48,2121.36,2070.27,-0.83,-17.77,253376,239366604.0,2.4,0.51
2020-12-04,2105.81,2088.04,2105.81,2010.3,-1.16,-24.44,324568,300692528.0,4.52,0.66
2020-12-07,2074.72,2070.27,2130.25,2061.39,-0.85,-17.77,229273,215848690.0,3.3,0.46
2020-12-08,2052.5,2072.49,2090.27,2041.4,0.11,2.22,224355,208570972.0,2.36,0.45
2020-12-09,2065.83,2039.17,2116.92,2028.07,-1.61,-33.32,229480,213973683.0,4.29,0.46
2020-12-10,2045.84,2050.28,2081.38,2019.18,0.54,11.11,163290,150557382.0,3.05,0.33
2020-12-11,2043.62,2023.63,2074.72,1999.19,-1.3,-26.65,194503,177661859.0,3.68,0.39
2020-12-14,2032.51,1981.42,2032.51,1952.54,-2.09,-42.21,276058,245532652.0,3.95,0.56
2020-12-15,1999.19,2054.72,2108.04,1999.19,3.7,73.3,505381,469129376.0,5.49,1.02
2020-12-16,2076.94,2108.04,2141.36,2056.95,2.6,53.32,269351,255237846.0,4.11,0.54
2020-12-17,2116.92,2132.47,2141.36,2094.71,1.16,24.43,204356,195108765.0,2.21,0.41
2020-12-18,2119.14,2101.37,2227.99,2065.83,-1.46,-31.1,340222,327210752.0,7.6,0.69
2020-12-21,2116.92,2165.79,2188.0,2112.48,3.07,64.42,262255,254296500.0,3.59,0.53
2020-12-22,2161.35,2036.95,2170.23,2032.51,-5.95,-128.84,259344,245058437.0,6.36,0.52
2020-12-23,2052.5,2028.07,2068.05,1983.64,-0.44,-8.88,251184,227967823.0,4.14,0.51
2020-12-24,2025.85,2116.92,2156.9,2019.18,4.38,88.85,250257,236637887.0,6.79,0.51
2020-12-25,2114.7,2165.79,2168.01,2056.95,2.31,48.87,270807,258447832.0,5.25,0.55
2020-12-28,2125.81,2176.9,2245.76,2125.81,0.51,11.11,330932,328036560.0,5.54,0.67
2020-12-29,2176.9,2243.54,2285.74,2172.45,3.06,66.64,375060,377759376.0,5.2,0.76
2020-12-30,2230.21,2223.54,2263.53,2154.68,-0.89,-20.0,404143,402626016.0,4.85,0.82
2020-12-31,2203.55,2241.32,2270.19,2183.56,0.8,17.78,235447,236406747.0,3.9,0.48
2021-01-04,2276.86,2305.73,2310.18,2236.87,2.87,64.41,256902,262740492.0,3.27,0.52
2021-01-05,2290.18,2323.5,2325.73,2183.56,0.77,17.77,342372,347730464.0,6.17,0.69
2021-01-06,2299.07,2556.74,2556.74,2299.07,10.04,233.24,412536,448111392.0,11.09,0.83
2021-01-07,2554.52,2723.34,2792.2,2554.52,6.52,166.6,495922,602438624.0,9.3,1.0
2021-01-08,2665.59,2776.65,2776.65,2630.05,1.96,53.31,332242,406755696.0,5.38,0.67
2021-01-11,2798.87,2732.23,2843.29,2721.12,-1.6,-44.42,286844,359495808.0,4.4,0.58
2021-01-12,2736.67,2772.21,2789.98,2683.36,1.46,39.98,333692,412169984.0,3.9,0.67
2021-01-13,2767.77,2727.78,2896.61,2707.79,-1.6,-44.43,425958,537614896.0,6.81,0.86
2021-01-14,2674.47,2632.27,2758.88,2627.83,-3.5,-95.51,396928,482400688.0,4.8,0.8
2021-01-15,2630.05,2703.35,2761.1,2612.28,2.7,71.08,290492,351367856.0,5.65,0.59
2021-01-18,2865.51,2974.35,2974.35,2823.3,10.02,271.0,416586,545692272.0,5.59,0.84
2021-01-19,3085.42,2972.13,3234.25,2923.26,-0.07,-2.22,701053,962724352.0,10.46,1.42
2021-01-20,2965.47,2896.61,3007.67,2847.74,-2.54,-75.52,407045,535051632.0,5.38,0.82
2021-01-21,2865.51,3003.23,3058.76,2865.51,3.68,106.62,387514,521531056.0,6.67,0.78
2021-01-22,3007.67,3029.88,3143.17,2956.58,0.89,26.65,392019,537850160.0,6.21,0.79
2021-01-25,3054.32,3116.52,3194.26,3034.33,2.86,86.64,407740,572544272.0,5.28,0.82
2021-01-26,3098.75,3014.34,3209.81,2998.79,-3.28,-102.18,375670,519191824.0,6.77,0.76
2021-01-27,3049.88,3069.87,3143.17,2965.47,1.84,55.53,527551,728399984.0,5.9,1.07
2021-01-28,2981.02,3007.67,3040.99,2925.48,-2.03,-62.2,374993,502799792.0,3.76,0.76
2021-01-29,3003.23,3278.67,3307.55,2998.79,9.01,271.0,570006,814994880.0,10.27,1.15
2021-02-01,3278.67,3438.61,3498.58,3125.4,4.88,159.94,647938,970863680.0,11.38,1.31
2021-02-02,3478.59,3523.02,3558.56,3383.08,2.45,84.41,480688,751602528.0,5.1,0.97
2021-02-03,3458.6,3445.27,3514.13,3309.77,-2.21,-77.75,530560,820095392.0,5.8,1.07
2021-02-04,3398.62,3420.84,3558.56,3354.2,-0.71,-24.43,342959,532468704.0,5.93,0.69
2021-02-05,3405.29,3154.28,3445.27,3136.51,-7.79,-266.56,663022,974102304.0,9.03,1.34
2021-02-08,3152.06,3240.91,3287.56,3098.75,2.75,86.63,1034784,1497473792.0,5.99,2.09
2021-02-09,3243.13,3416.4,3518.58,3243.13,5.41,175.49,523918,803869008.0,8.5,1.06
2021-02-10,3443.05,3465.26,3531.9,3329.76,1.43,48.86,456357,705190976.0,5.92,0.92
2021-02-18,3687.4,3598.54,3691.84,3458.6,3.85,133.28,535933,861910768.0,6.73,1.08
2021-02-19,3576.33,3536.35,3620.76,3331.98,-1.73,-62.19,531451,836045776.0,8.02,1.07
2021-02-22,3665.18,3634.08,3887.32,3631.86,2.76,97.73,624817,1050934672.0,7.22,1.26
2021-02-23,3634.08,3796.24,3929.52,3634.08,4.46,162.16,605143,1037628496.0,8.13,1.22
2021-02-24,3754.04,3494.14,3767.36,3467.49,-7.96,-302.1,589479,949998224.0,7.9,1.19
2021-02-25,3600.76,3247.57,3640.75,3236.47,-7.06,-246.57,676315,1031894144.0,11.57,1.37
2021-02-26,3109.85,3034.33,3209.81,2998.79,-6.57,-213.24,709006,984350016.0,6.5,1.43
2021-03-01,3087.64,3158.72,3203.15,3074.31,4.1,124.39,476756,674879664.0,4.25,0.96
2021-03-02,3176.49,3063.2,3176.49,3007.67,-3.02,-95.52,383804,531893568.0,5.34,0.78
2021-03-03,3060.98,3103.19,3107.63,3021.0,1.31,39.99,302278,417568480.0,2.83,0.61
2021-03-04,3058.76,2987.68,3058.76,2934.37,-3.72,-115.51,341924,458167328.0,4.01,0.69
2021-03-05,2954.36,2941.03,2981.02,2901.05,-1.56,-46.65,279962,370222080.0,2.68,0.57
2021-03-08,2998.79,2889.94,3060.98,2876.61,-1.74,-51.09,341950,454834496.0,6.27,0.69
2021-03-09,2934.37,2836.63,2934.37,2778.88,-1.84,-53.31,303828,389642480.0,5.38,0.61
2021-03-10,2869.95,2747.78,2876.61,2738.89,-3.13,-88.85,316897,398518176.0,4.86,0.64
2021-03-11,2783.32,2941.03,2976.57,2763.33,7.03,193.25,400766,522239568.0,7.76,0.81
2021-03-12,2969.91,2941.03,3054.32,2878.83,0.0,0.0,268390,358124128.0,5.97,0.54
2021-03-15,2932.15,2867.73,2932.15,2805.53,-2.49,-73.3,267430,343401104.0,4.31,0.54
2021-03-16,2854.4,2789.98,2858.84,2687.8,-2.71,-77.75,380436,471195472.0,5.96,0.77
2021-03-17,2758.88,2901.05,2901.05,2743.33,3.98,111.07,256185,327766960.0,5.65,0.52
2021-03-18,2887.72,2943.25,3003.23,2872.17,1.45,42.2,279552,371041856.0,4.52,0.56
2021-03-19,2887.72,2732.23,2887.72,2663.37,-7.17,-211.02,517977,639615168.0,7.62,1.05
2021-03-22,2763.33,2612.28,2763.33,2505.65,-4.39,-119.95,561444,653852672.0,9.43,1.13
2021-03-23,2605.61,2570.07,2647.82,2536.75,-1.62,-42.21,423121,491561712.0,4.25,0.85
2021-03-24,2598.95,2456.78,2598.95,2421.24,-4.41,-113.29,504800,560258576.0,6.91,1.02
2021-03-25,2474.55,2532.31,2585.62,2454.56,3.07,75.53,304535,346296480.0,5.33,0.61
2021-03-26,2532.31,2547.86,2578.96,2481.22,0.61,15.55,315234,359649392.0,3.86,0.64
2021-03-29,2576.74,2610.05,2650.04,2530.09,2.44,62.19,321340,376198512.0,4.71,0.65
2021-03-30,2618.94,2621.16,2670.03,2590.06,0.43,11.11,306805,364433504.0,3.06,0.62
2021-03-31,2632.27,2598.95,2632.27,2574.51,-0.85,-22.21,270572,317179968.0,2.2,0.55
2021-04-01,2587.84,2632.27,2641.15,2585.62,1.28,33.32,213791,251205200.0,2.14,0.43
2021-04-02,2654.48,2658.92,2698.91,2607.83,1.01,26.65,200998,239794466.0,3.46,0.41
2021-04-06,2672.25,2647.82,2718.9,2630.05,-0.42,-11.1,210652,252650672.0,3.34,0.43
2021-04-07,2678.92,2605.61,2718.9,2563.41,-1.59,-42.21,375404,441344080.0,5.87,0.76
2021-04-08,2625.6,2718.9,2727.78,2603.39,4.35,113.29,393842,474103024.0,4.77,0.8
2021-04-09,2703.35,2567.85,2723.34,2545.64,-5.56,-151.05,455762,532751280.0,6.54,0.92
2021-04-12,2574.51,2434.57,2585.62,2385.7,-5.19,-133.28,415097,459054752.0,7.79,0.84
2021-04-13,2459.0,2443.46,2541.19,2412.36,0.37,8.89,394144,438837520.0,5.29,0.8
2021-04-14,2463.45,2516.76,2558.96,2463.45,3.0,73.3,362053,411717680.0,3.91,0.73
2021-04-15,2523.42,2541.19,2543.42,2465.67,0.97,24.43,272270,307425184.0,3.09,0.55
2021-04-16,2545.64,2525.64,2565.63,2507.87,-0.61,-15.55,247320,281977328.0,2.27,0.5
2021-04-19,2503.43,2556.74,2570.07,2474.55,1.23,31.1,259650,297223536.0,3.78,0.52
2021-04-20,2552.3,2567.85,2576.74,2532.31,0.43,11.11,179800,207226774.0,1.74,0.36
2021-04-21,2543.42,2592.28,2596.73,2479.0,0.95,24.43,334506,383133520.0,4.58,0.68
2021-04-22,2663.37,2590.06,2663.37,2574.51,-0.09,-2.22,441151,518279184.0,3.43,0.89
2021-04-23,2598.95,2678.92,2705.57,2598.95,3.43,88.86,544043,651758656.0,4.12,1.1
2021-04-26,2732.23,2783.32,2881.06,2732.23,3.9,104.4,582517,736945664.0,5.56,1.18
2021-04-27,2829.97,2843.29,2847.74,2767.77,2.15,59.97,370282,468755056.0,2.87,0.75
2021-04-28,2865.51,2856.62,2865.51,2774.43,0.47,13.33,332371,424477552.0,3.2,0.67
2021-04-29,2854.4,2832.19,2854.4,2787.76,-0.86,-24.43,247105,314094016.0,2.33,0.5
2021-04-30,2821.08,2845.51,2861.06,2801.09,0.47,13.32,279386,355988864.0,2.12,0.56
2021-05-06,2845.51,2912.15,2956.58,2841.07,2.34,66.64,410116,535413280.0,4.06,0.83
2021-05-07,2898.83,3040.99,3052.1,2894.38,4.42,128.84,584636,789757952.0,5.42,1.18
2021-05-10,3043.21,2958.8,3045.43,2912.15,-2.7,-82.19,395835,528175504.0,4.38,0.8
2021-05-11,2898.83,2778.88,2918.82,2754.44,-6.08,-179.92,427200,540690224.0,5.56,0.86
2021-05-12,2754.44,2816.64,2823.3,2741.11,1.36,37.76,290653,363627872.0,2.96,0.59
2021-05-13,2761.1,2745.56,2796.65,2718.9,-2.52,-71.08,230038,285311856.0,2.76,0.46
2021-05-14,2763.33,2792.2,2794.42,2698.91,1.7,46.64,221238,274875328.0,3.48,0.45
2021-05-17,2789.98,2670.03,2789.98,2643.37,-4.38,-122.17,656917,797101440.0,5.25,1.33
2021-05-18,2683.36,2616.72,2683.36,2516.76,-2.0,-53.31,610153,708139056.0,6.24,1.23
2021-05-19,2616.72,2663.37,2696.69,2594.51,1.78,46.65,387258,464560400.0,3.9,0.78
2021-05-20,2663.37,2563.41,2663.37,2550.08,-3.75,-99.96,299700,347453712.0,4.25,0.61
2021-05-21,2578.96,2578.96,2590.06,2536.75,0.61,15.55,209391,242339438.0,2.08,0.42
2021-05-24,2592.28,2630.05,2641.15,2578.96,1.98,51.09,243789,287512384.0,2.41,0.49
2021-05-25,2647.82,2672.25,2683.36,2590.06,1.6,42.2,277672,331066176.0,3.55,0.56
2021-05-26,2710.01,2796.65,2805.53,2703.35,4.66,124.4,464355,576999808.0,3.82,0.94
2021-05-27,2807.75,2905.49,2905.49,2761.1,3.89,108.84,568383,723259120.0,5.16,1.15
2021-05-28,2903.27,2789.98,2903.27,2781.1,-3.98,-115.51,503289,637040272.0,4.2,1.02
2021-05-31,2756.66,2750.0,2758.88,2714.46,-1.43,-39.98,282121,347185168.0,1.59,0.57
2021-06-01,2741.11,2958.8,3003.23,2725.56,7.59,208.8,638472,826695200.0,10.1,1.29
2021-06-02,2958.8,2925.48,2996.56,2898.83,-1.13,-33.32,456842,605936096.0,3.3,0.92
2021-06-03,2901.05,2825.52,2941.03,2823.3,-3.42,-99.96,368255,475993696.0,4.02,0.74
2021-06-04,2825.52,2865.51,2909.93,2825.52,1.42,39.99,308543,398945472.0,2.99,0.62
2021-06-07,2894.38,2954.36,2974.35,2847.74,3.1,88.85,484220,639192000.0,4.42,0.98
2021-06-08,2941.03,2863.29,2998.79,2823.3,-3.08,-91.07,410285,533986000.0,5.94,0.83
2021-06-09,2856.62,2916.6,2967.69,2814.42,1.86,53.31,431722,565630624.0,5.35,0.87
2021-06-10,2909.93,2929.93,2936.59,2867.73,0.46,13.33,328497,429160304.0,2.36,0.66
2021-06-11,2943.25,2841.07,2943.25,2792.2,-3.03,-88.86,439656,562332464.0,5.16,0.89
2021-06-15,2805.53,2725.56,2838.85,2721.12,-4.07,-115.51,352073,438173088.0,4.14,0.71
2021-06-16,2752.22,2654.48,2769.99,2638.93,-2.61,-71.08,351945,426514768.0,4.81,0.71
2021-06-17,2661.15,2656.7,2685.58,2638.93,0.08,2.22,201838,241405595.0,1.76,0.41
2021-06-18,2665.59,2661.15,2705.57,2627.83,0.17,4.45,277928,333586960.0,2.93,0.56
2021-06-21,2641.15,2661.15,2698.91,2632.27,0.0,0.0,287964,344866624.0,2.5,0.58
2021-06-22,2665.63,2672.35,2721.63,2647.71,0.42,11.2,352736,423210064.0,2.78,0.71
2021-06-23,2688.03,2728.35,2728.35,2667.87,2.1,56.0,317448,382951392.0,2.26,0.64
2021-06-24,2744.03,2824.67,2824.67,2703.71,3.53,96.32,395226,491484240.0,4.43,0.8
2021-06-25,2882.91,2992.67,3032.99,2858.27,5.95,168.0,790236,1042580656.0,6.19,1.6
2021-06-28,3086.75,3037.47,3113.63,2992.67,1.5,44.8,668116,906179504.0,4.04,1.35
2021-06-29,2983.71,3218.91,3328.67,2983.71,5.97,181.44,902095,1279077872.0,11.36,1.82
2021-06-30,3270.43,3180.83,3315.23,3171.87,-1.18,-38.08,625373,899377504.0,4.45,1.26
2021-07-01,3205.47,3183.07,3236.83,3138.27,0.07,2.24,484322,688745120.0,3.1,0.98
2021-07-02,3153.95,3048.67,3156.19,3021.79,-4.22,-134.4,634624,870682512.0,4.22,1.28
2021-07-05,3071.07,3088.99,3091.23,3003.87,1.32,40.32,529097,721045472.0,2.87,1.07
2021-07-06,3086.75,3243.55,3243.55,3019.55,5.0,154.56,771196,1079992256.0,7.25,1.56
2021-07-07,3245.79,3268.19,3297.31,3151.71,0.76,24.64,644132,925866784.0,4.49,1.3
2021-07-08,3239.07,3248.03,3315.23,3194.27,-0.62,-20.16,540168,781570864.0,3.7,1.09
2021-07-09,3230.11,3351.07,3351.07,3205.47,3.17,103.04,652735,963764544.0,4.48,1.32
2021-07-12,3420.51,3227.87,3427.23,3221.15,-3.68,-123.2,1025694,1525786960.0,6.15,2.07
2021-07-13,3225.63,3234.59,3324.19,3207.71,0.21,6.72,637415,928355680.0,3.61,1.29
2021-07-14,3252.51,3245.79,3324.19,3127.07,0.35,11.2,579190,833257808.0,6.09,1.17
2021-07-15,3243.55,3342.11,3382.43,3243.55,2.97,96.32,625327,926175600.0,4.28,1.26
2021-07-16,3353.31,3478.75,3503.39,3295.07,4.09,136.64,713820,1094942192.0,6.23,1.44
2021-07-19,3483.23,3288.35,3521.31,3288.35,-5.47,-190.4,648130,979994464.0,6.7,1.31
2021-07-20,3203.23,3075.55,3203.23,3037.47,-6.47,-212.8,728793,1005811520.0,5.04,1.47
2021-07-21,3104.67,3131.55,3144.99,3050.91,1.82,56.0,461195,638522256.0,3.06,0.93
2021-07-22,3136.03,3198.75,3236.83,3088.99,2.15,67.2,575172,813553248.0,4.72,1.16
2021-07-23,3158.43,3068.83,3180.83,3024.03,-4.06,-129.92,615981,849472560.0,4.9,1.24
2021-07-26,3046.43,2981.47,3095.71,2936.67,-2.85,-87.36,446852,601570976.0,5.18,0.9
2021-07-27,2999.39,2813.47,3048.67,2811.23,-5.63,-168.0,542729,711196080.0,7.96,1.1
2021-07-28,2813.47,2744.03,2813.47,2656.67,-2.47,-69.44,444549,541740320.0,5.57,0.9
2021-07-29,2793.31,2824.67,2842.59,2750.75,2.94,80.64,372304,465821376.0,3.35,0.75
2021-07-30,2797.79,2752.99,2800.03,2714.91,-2.54,-71.68,378053,463158336.0,3.01,0.76
2021-08-02,2726.11,2849.31,2876.19,2708.19,3.5,96.32,437091,548270464.0,6.1,0.88
2021-08-03,2822.43,2761.95,2867.23,2741.79,-3.07,-87.36,489305,612220560.0,4.4,0.99
2021-08-04,2782.11,2858.27,2864.99,2782.11,3.49,96.32,375538,474989056.0,3.0,0.76
2021-08-05,2894.11,2822.43,2914.27,2806.75,-1.25,-35.84,415033,528407088.0,3.76,0.84
2021-08-06,2800.03,2835.87,2867.23,2779.87,0.48,13.44,312469,394004832.0,3.1,0.63
2021-08-09,2802.27,2849.31,2880.67,2784.35,0.47,13.44,321145,407507712.0,3.4,0.65
2021-08-10,2842.59,2822.43,2873.95,2802.27,-0.94,-26.88,288650,364017360.0,2.52,0.58
2021-08-11,2833.63,2903.07,2907.55,2833.63,2.86,80.64,471733,605913152.0,2.62,0.95
2021-08-12,2871.71,2878.43,2900.83,2849.31,-0.85,-24.64,291901,374477568.0,1.77,0.59
2021-08-13,2878.43,3010.59,3024.03,2873.95,4.59,132.16,537930,712246624.0,5.21,1.09
2021-08-16,3035.23,2990.43,3055.39,2943.39,-0.67,-20.16,390972,520976288.0,3.72,0.79
2021-08-17,2983.71,2880.67,3006.11,2849.31,-3.67,-109.76,387679,505079568.0,5.24,0.78
2021-08-18,2840.35,2831.39,2862.75,2791.07,-1.71,-49.28,313489,395062080.0,2.49,0.63
2021-08-19,2835.87,2732.83,2835.87,2732.83,-3.48,-98.56,310340,382639968.0,3.64,0.63
2021-08-20,2721.63,2735.07,2768.67,2685.79,0.08,2.24,295743,358200464.0,3.03,0.6
2021-08-23,2737.31,2748.51,2788.83,2737.31,0.49,13.44,279180,344130096.0,1.88,0.56
2021-08-24,2750.75,2768.67,2808.99,2735.07,0.73,20.16,287118,355409200.0,2.69,0.58
2021-08-25,2770.91,2746.27,2770.91,2703.71,-0.81,-22.4,297189,362666496.0,2.43,0.6
2021-08-26,2746.27,2795.55,2831.39,2746.27,1.79,49.28,358635,447208672.0,3.1,0.72
2021-08-27,2800.03,2938.91,2943.39,2775.39,5.13,143.36,511260,654183936.0,6.01,1.03
2021-08-30,2974.75,3050.91,3068.83,2873.95,3.81,112.0,905132,1201808400.0,6.63,1.83
2021-08-31,3035.23,3111.39,3149.47,3015.07,1.98,60.48,793388,1095684944.0,4.41,1.6
2021-09-01,3133.79,3102.43,3183.07,3001.63,-0.29,-8.96,853192,1185750240.0,5.83,1.72
2021-09-02,3124.83,3241.31,3248.03,3064.35,4.48,138.88,697934,990078064.0,5.92,1.41
2021-09-03,3225.63,3104.67,3225.63,3102.43,-4.22,-136.64,507419,717256224.0,3.8,1.02
2021-09-06,3122.59,3082.27,3122.59,3010.59,-0.72,-22.4,434006,593876000.0,3.61,0.88
2021-09-07,3093.47,3124.83,3169.63,3046.43,1.38,42.56,407477,568674912.0,4.0,0.82
2021-09-08,3124.83,3248.03,3299.55,3115.87,3.94,123.2,580144,838159088.0,5.88,1.17
2021-09-09,3212.19,3200.99,3265.95,3160.67,-1.45,-47.04,448012,641954864.0,3.24,0.9
2021-09-10,3192.03,3138.27,3243.55,3104.67,-1.96,-62.72,431884,610622432.0,4.34,0.87
2021-09-13,3131.55,3274.91,3312.99,3129.31,4.35,136.64,633189,917018752.0,5.85,1.28
2021-09-14,3265.95,3227.87,3295.07,3196.51,-1.44,-47.04,465240,671428528.0,3.01,0.94
2021-09-15,3227.87,3272.67,3304.03,3207.71,1.39,44.8,439494,638502448.0,2.98,0.89
2021-09-16,3292.83,3295.07,3391.39,3248.03,0.68,22.4,659241,977220176.0,4.38,1.33
2021-09-17,3239.07,3138.27,3261.47,3048.67,-4.76,-156.8,579102,816454160.0,6.46,1.17
2021-09-22,3091.23,3093.47,3151.71,3039.71,-1.43,-44.8,437225,600212144.0,3.57,0.88
2021-09-23,3136.03,3066.59,3144.99,3057.63,-0.87,-26.88,332082,459143552.0,2.82,0.67
2021-09-24,3050.91,2858.27,3062.11,2844.83,-6.79,-208.32,519158,679170848.0,7.09,1.05
2021-09-27,2844.83,2750.75,2867.23,2737.31,-3.76,-107.52,340115,424405568.0,4.55,0.69
2021-09-28,2766.43,2867.23,2873.95,2759.71,4.23,116.48,342210,432861792.0,4.15,0.69
2021-09-29,2835.87,2748.51,2920.99,2726.11,-4.14,-118.72,469500,588688384.0,6.8,0.95
2021-09-30,2795.55,2726.11,2797.79,2710.43,-0.81,-22.4,374629,457704528.0,3.18,0.76
2021-10-08,2759.71,2739.55,2777.63,2721.63,0.49,13.44,286397,350133936.0,2.05,0.58
2021-10-11,2744.03,2663.39,2744.03,2654.43,-2.78,-76.16,387360,463064976.0,3.27,0.78
2021-10-12,2710.43,2701.47,2759.71,2652.19,1.43,38.08,471563,567433040.0,4.04,0.95
2021-10-13,2703.71,2674.59,2703.71,2609.62,-1.0,-26.88,314209,371053072.0,3.48,0.63
2021-10-14,2683.55,2732.83,2739.55,2665.63,2.18,58.24,249078,301271984.0,2.76,0.5
2021-10-15,2728.35,2800.03,2813.47,2717.15,2.46,67.2,295779,365726768.0,3.52,0.6
2021-10-18,2800.03,2806.75,2833.63,2764.19,0.24,6.72,254889,318812784.0,2.48,0.51
2021-10-19,2811.23,2847.07,2851.55,2770.91,1.44,40.32,223316,280663040.0,2.87,0.45
2021-10-20,2793.31,2811.23,2838.11,2770.91,-1.26,-35.84,185065,231697559.0,2.36,0.37
2021-10-21,2829.15,2838.11,2876.19,2826.91,0.96,26.88,257454,327231600.0,1.75,0.52
2021-10-22,2840.35,2788.83,2853.79,2766.43,-1.74,-49.28,234557,293656096.0,3.08,0.47
2021-10-25,2804.51,2797.79,2826.91,2773.15,0.32,8.96,213247,266375927.0,1.93,0.43
2021-10-26,2831.39,2813.47,2876.19,2802.27,0.56,15.68,284441,359890256.0,2.64,0.57
2021-10-27,2833.63,2750.75,2833.63,2719.39,-2.23,-62.72,234068,287630672.0,4.06,0.47
2021-10-28,2755.23,2618.58,2755.23,2611.86,-4.8,-132.17,311500,368497440.0,5.21,0.63
2021-10-29,2629.78,2663.39,2670.11,2614.1,1.71,44.81,231880,274028272.0,2.14,0.47
2021-11-01,2656.67,2708.19,2717.15,2640.99,1.68,44.8,191426,230177712.0,2.86,0.39
2021-11-02,2710.43,2593.94,2710.43,2578.26,-4.22,-114.25,297371,348879920.0,4.88,0.6
2021-11-03,2589.46,2511.06,2589.46,2497.62,-3.2,-82.88,257536,290026336.0,3.54,0.52
2021-11-04,2513.3,2502.1,2531.22,2493.14,-0.36,-8.96,178057,199274120.0,1.52,0.36
2021-11-05,2508.82,2325.14,2508.82,2325.14,-7.07,-176.96,558391,595130944.0,7.34,1.13
2021-11-08,2284.82,2358.74,2376.66,2284.82,1.45,33.6,236139,246470271.0,3.95,0.48
2021-11-09,2340.82,2352.02,2367.7,2325.14,-0.28,-6.72,190221,199472575.0,1.8,0.38
2021-11-10,2352.02,2347.54,2354.26,2296.02,-0.19,-4.48,176798,183242268.0,2.48,0.36
2021-11-11,2347.54,2363.22,2383.38,2347.54,0.67,15.68,169704,179094016.0,1.53,0.34
2021-11-12,2365.46,2352.02,2381.14,2347.54,-0.47,-11.2,158690,167199504.0,1.42,0.32
2021-11-15,2352.02,2352.02,2372.18,2311.7,0.0,0.0,241838,252298483.0,2.57,0.49
2021-11-16,2354.26,2304.98,2354.26,2300.5,-2.0,-47.04,202178,209717889.0,2.29,0.41
2021-11-17,2307.22,2352.02,2356.5,2300.5,2.04,47.04,166533,173459613.0,2.43,0.34
2021-11-18,2354.26,2360.98,2390.1,2347.54,0.38,8.96,208330,219946274.0,1.81,0.42
2021-11-19,2365.46,2394.58,2408.02,2327.38,1.42,33.6,248736,263796699.0,3.42,0.5
2021-11-22,2403.54,2396.82,2414.74,2363.22,0.09,2.24,238783,254861359.0,2.15,0.48
2021-11-23,2405.78,2401.3,2421.46,2383.38,0.19,4.48,197409,211939411.0,1.59,0.4
2021-11-24,2392.34,2390.1,2421.46,2387.86,-0.47,-11.2,173742,186334526.0,1.4,0.35
2021-11-25,2392.34,2401.3,2405.78,2367.7,0.47,11.2,179024,191245925.0,1.59,0.36
2021-11-26,2390.1,2461.78,2470.74,2378.9,2.52,60.48,269064,293270496.0,3.82,0.54
2021-11-29,2432.66,2430.42,2468.5,2390.1,-1.27,-31.36,249447,269978624.0,3.18,0.5
2021-11-30,2432.66,2396.82,2452.82,2378.9,-1.38,-33.6,220176,237150601.0,3.04,0.44
2021-12-01,2396.82,2408.02,2408.02,2365.46,0.47,11.2,199600,212369261.0,1.78,0.4
2021-12-02,2396.82,2396.82,2408.02,2374.42,-0.47,-11.2,165997,177284315.0,1.4,0.34
2021-12-03,2394.58,2401.3,2405.78,2365.46,0.19,4.48,184021,195980976.0,1.68,0.37
2021-12-06,2403.54,2403.54,2448.34,2401.3,0.09,2.24,259476,280887936.0,1.96,0.52
2021-12-07,2405.78,2376.66,2416.98,2365.46,-1.12,-26.88,200289,212978391.0,2.14,0.4
2021-12-08,2385.62,2401.3,2405.78,2365.46,1.04,24.64,181754,193683714.0,1.7,0.37
2021-12-09,2392.34,2390.1,2423.7,2381.14,-0.47,-11.2,242261,259390604.0,1.77,0.49
2021-12-10,2381.14,2448.34,2466.26,2381.14,2.44,58.24,500549,544937744.0,3.56,1.01
2021-12-13,2448.34,2493.14,2542.42,2448.34,1.83,44.8,392982,438361392.0,3.84,0.79
2021-12-14,2508.82,2434.9,2508.82,2434.9,-2.34,-58.24,286353,313431856.0,2.96,0.58
2021-12-15,2439.38,2408.02,2450.58,2399.06,-1.1,-26.88,191728,207324779.0,2.12,0.39
2021-12-16,2405.78,2423.7,2428.18,2385.62,0.65,15.68,179658,193084704.0,1.77,0.36
2021-12-17,2423.7,2401.3,2423.7,2401.3,-0.92,-22.4,157335,169310402.0,0.92,0.32
2021-12-20,2383.38,2298.26,2383.38,2296.02,-4.29,-103.04,275000,285854000.0,3.64,0.56
2021-12-21,2296.02,2320.66,2322.9,2287.06,0.97,22.4,139961,144072579.0,1.56,0.28
2021-12-22,2318.42,2307.22,2318.42,2293.78,-0.58,-13.44,138681,142571053.0,1.06,0.28
2021-12-23,2304.98,2280.34,2304.98,2273.62,-1.17,-26.88,186700,190649811.0,1.36,0.38
2021-12-24,2280.34,2217.62,2280.34,2208.66,-2.75,-62.72,208959,207724677.0,3.14,0.42
2021-12-27,2217.62,2233.3,2233.3,2190.74,0.71,15.68,103548,102459440.0,1.92,0.21
2021-12-28,2240.02,2394.58,2450.58,2240.02,7.22,161.28,526826,557801856.0,9.43,1.06
2021-12-29,2367.7,2367.7,2416.98,2354.26,-1.12,-26.88,249979,265937594.0,2.62,0.5
2021-12-30,2378.9,2331.86,2378.9,2329.62,-1.51,-35.84,199495,208891271.0,2.08,0.4
2021-12-31,2329.62,2338.58,2356.5,2322.9,0.29,6.72,126070,131493412.0,1.44,0.25
2022-01-04,2340.82,2365.46,2372.18,2325.14,1.15,26.88,214286,224852045.0,2.01,0.43
2022-01-05,2367.7,2352.02,2410.26,2336.34,-0.57,-13.44,206768,218723288.0,3.12,0.42
2022-01-06,2340.82,2383.38,2412.5,2340.82,1.33,31.36,193016,205594314.0,3.05,0.39
2022-01-07,2385.62,2387.86,2423.7,2376.66,0.19,4.48,194425,208200323.0,1.97,0.39
2022-01-10,2396.82,2419.22,2430.42,2394.58,1.31,31.36,195761,211136863.0,1.5,0.4
2022-01-11,2414.74,2394.58,2423.7,2387.86,-1.02,-24.64,168484,180931665.0,1.48,0.34
2022-01-12,2408.02,2434.9,2434.9,2394.58,1.68,40.32,199822,216225781.0,1.68,0.4
2022-01-13,2428.18,2414.74,2477.46,2410.26,-0.83,-20.16,204304,222878790.0,2.76,0.41
2022-01-14,2396.82,2296.02,2396.82,2289.3,-4.92,-118.72,297662,309100960.0,4.45,0.6
2022-01-17,2296.02,2329.62,2334.1,2284.82,1.46,33.6,131784,136135777.0,2.15,0.27
2022-01-18,2338.58,2387.86,2392.34,2327.38,2.5,58.24,193102,204610136.0,2.79,0.39
2022-01-19,2358.74,2340.82,2383.38,2329.62,-1.97,-47.04,140450,147349494.0,2.25,0.28
2022-01-20,2338.58,2309.46,2349.78,2300.5,-1.34,-31.36,116933,121058871.0,2.11,0.24
2022-01-21,2311.7,2255.7,2311.7,2244.5,-2.33,-53.76,140096,141851571.0,2.91,0.28
2022-01-24,2271.38,2282.58,2287.06,2213.14,1.19,26.88,273902,274867760.0,3.28,0.55
2022-01-25,2262.42,2210.9,2287.06,2208.66,-3.14,-71.68,203418,204142418.0,3.43,0.41
2022-01-26,2210.9,2222.1,2235.54,2184.02,0.51,11.2,131023,129665958.0,2.33,0.26
2022-01-27,2224.34,2175.06,2224.34,2154.9,-2.12,-47.04,164807,160999388.0,3.12,0.33
2022-01-28,2172.82,2110.1,2197.46,2101.14,-2.99,-64.96,188226,179342052.0,4.43,0.38
2022-02-07,2148.18,2190.74,2226.58,2148.18,3.82,80.64,254133,248212125.0,3.72,0.51
2022-02-08,2206.42,2217.62,2228.82,2163.86,1.23,26.88,204280,200581175.0,2.97,0.41
2022-02-09,2222.1,2242.26,2262.42,2210.9,1.11,24.64,213033,213144935.0,2.32,0.43
2022-02-10,2246.74,2262.42,2289.3,2233.3,0.9,20.16,269972,271946848.0,2.5,0.55
2022-02-11,2253.46,2240.02,2273.62,2231.06,-0.99,-22.4,241845,243052481.0,1.88,0.49
2022-02-14,2228.82,2197.46,2233.3,2184.02,-1.9,-42.56,213668,210879471.0,2.2,0.43
2022-02-15,2197.46,2170.58,2204.18,2150.42,-1.22,-26.88,227565,220529679.0,2.45,0.46
2022-02-16,2172.82,2177.3,2222.1,2163.86,0.31,6.72,252458,246686229.0,2.68,0.51
2022-02-17,2175.06,2188.5,2195.22,2157.14,0.51,11.2,221801,215717794.0,1.75,0.45
2022-02-18,2172.82,2197.46,2199.7,2166.1,0.41,8.96,190443,185360434.0,1.54,0.38
2022-02-21,2199.7,2184.02,2199.7,2175.06,-0.61,-13.44,225935,220285658.0,1.12,0.46
2022-02-22,2172.82,2154.9,2172.82,2134.74,-1.33,-29.12,255434,245019366.0,1.74,0.52
2022-02-23,2163.86,2192.98,2192.98,2157.14,1.77,38.08,305375,296060528.0,1.66,0.62
2022-02-24,2177.3,2101.14,2184.02,2078.74,-4.19,-91.84,400293,381195536.0,4.8,0.81
2022-02-25,2107.86,2132.5,2175.06,2107.86,1.49,31.36,365194,349891088.0,3.2,0.74
2022-02-28,2148.18,2152.66,2152.66,2096.66,0.95,20.16,219371,208646139.0,2.63,0.44
2022-03-01,2157.14,2157.14,2204.18,2134.74,0.21,4.48,361878,349400320.0,3.23,0.73
2022-03-02,2148.18,2125.78,2166.1,2121.3,-1.45,-31.36,276799,263410922.0,2.08,0.56
2022-03-03,2132.5,2105.62,2139.22,2105.62,-0.95,-20.16,283098,268221818.0,1.58,0.57
2022-03-04,2107.86,2145.94,2148.18,2045.14,1.91,40.32,466343,437494112.0,4.89,0.94
2022-03-07,2130.26,2076.5,2132.5,2065.3,-3.24,-69.44,376930,353390368.0,3.13,0.76
2022-03-08,2069.78,2067.54,2094.42,2045.14,-0.43,-8.96,243229,225404741.0,2.37,0.49
2022-03-09,2060.82,1944.34,2065.3,1915.22,-5.96,-123.2,457373,404494032.0,7.26,0.92
2022-03-10,1995.86,2042.9,2049.62,1995.86,5.07,98.56,455568,413022064.0,2.76,0.92
2022-03-11,2024.98,2031.7,2036.18,1984.66,-0.55,-11.2,316570,283850816.0,2.52,0.64
2022-03-14,2020.5,1971.22,2045.14,1971.22,-2.98,-60.48,231654,207866687.0,3.64,0.47
2022-03-15,1966.74,1814.42,1966.74,1814.42,-7.95,-156.8,367744,308929456.0,7.73,0.74
2022-03-16,1863.7,1890.58,1890.58,1785.3,4.2,76.16,305947,252813361.0,5.8,0.62
2022-03-17,1906.26,1915.22,1939.86,1901.78,1.3,24.64,276607,237025679.0,2.01,0.56
2022-03-18,1968.98,1953.3,1968.98,1924.18,1.99,38.08,206698,179425450.0,2.34,0.42
2022-03-21,1955.54,1953.3,1966.74,1924.18,0.0,0.0,189382,164895688.0,2.18,0.38
2022-03-22,1971.22,2029.46,2072.02,1971.22,3.9,76.16,546750,496897584.0,5.16,1.1
2022-03-23,2013.78,2031.7,2058.58,2000.34,0.11,2.24,267197,241761451.0,2.87,0.54
2022-03-24,2011.54,2060.82,2074.26,2009.3,1.43,29.12,308970,282862352.0,3.2,0.62
2022-03-25,2060.82,2018.26,2060.82,2011.54,-2.07,-42.56,174137,158174973.0,2.39,0.35
2022-03-28,1991.38,2031.7,2036.18,1957.78,0.67,13.44,220597,197270705.0,3.88,0.45
2022-03-29,2045.14,2029.46,2049.62,2016.02,-0.11,-2.24,151152,136997552.0,1.65,0.31
2022-03-30,2029.46,2040.66,2045.14,2024.98,0.55,11.2,166030,150902099.0,0.99,0.34
2022-03-31,2040.66,2040.66,2045.14,2013.78,0.0,0.0,189987,172134719.0,1.54,0.38
2022-04-01,2016.02,2022.74,2042.9,2013.78,-0.88,-17.92,137452,124397560.0,1.43,0.28
2022-04-06,2022.74,2016.02,2022.74,2002.58,-0.33,-6.72,133469,119701472.0,1.0,0.27
2022-04-07,2000.34,2000.34,2045.14,1998.1,-0.78,-15.68,143706,129541511.0,2.33,0.29
2022-04-08,2000.34,2042.9,2047.38,1986.9,2.13,42.56,222965,201247344.0,3.02,0.45
2022-04-11,2069.78,2022.74,2069.78,2018.26,-0.99,-20.16,275163,250163801.0,2.52,0.56
2022-04-12,1995.86,1993.62,2002.58,1872.66,-1.44,-29.12,473762,408344640.0,6.42,0.96
2022-04-13,2000.34,1928.66,2004.82,1928.66,-3.26,-64.96,206258,180675047.0,3.82,0.42
2022-04-14,1933.14,1951.06,1971.22,1919.7,1.16,22.4,155732,135080148.0,2.67,0.31
2022-04-15,1937.62,1917.46,1957.78,1906.26,-1.72,-33.6,171480,147899545.0,2.64,0.35
2022-04-18,1901.78,1904.02,1919.7,1872.66,-0.7,-13.44,105486,89589045.0,2.45,0.21
2022-04-19,1904.02,1872.66,1906.26,1865.94,-1.65,-31.36,178275,150001180.0,2.12,0.36
2022-04-20,1868.18,1818.9,1879.38,1812.18,-2.87,-53.76,199849,163934722.0,3.59,0.4
2022-04-21,1803.22,1767.38,1816.66,1762.9,-2.83,-51.52,201118,161018932.0,2.96,0.41
2022-04-22,1758.42,1809.94,1825.62,1727.06,2.41,42.56,178470,141708161.0,5.58,0.36
2022-04-25,1760.66,1675.54,1792.02,1675.54,-7.43,-134.4,223176,172903155.0,6.44,0.45
2022-04-26,1700.18,1653.14,1713.62,1632.98,-1.34,-22.4,180976,135544821.0,4.81,0.37
2022-04-27,1648.66,1720.34,1722.58,1641.94,4.06,67.2,225554,169896168.0,4.88,0.46
2022-04-28,1720.34,1720.34,1742.74,1700.18,0.0,0.0,137288,105485035.0,2.47,0.28
2022-04-29,1740.5,1747.22,1756.18,1704.66,1.56,26.88,207625,161097459.0,2.99,0.42
2022-05-05,1749.46,1749.46,1778.58,1731.54,0.13,2.24,273178,214544035.0,2.69,0.55
2022-05-06,1709.14,1691.22,1724.82,1680.02,-3.33,-58.24,164128,124459583.0,2.56,0.33
2022-05-09,1688.98,1680.02,1697.94,1668.82,-0.66,-11.2,136166,102140166.0,1.72,0.27
2022-05-10,1671.06,1684.5,1684.5,1635.22,0.27,4.48,167135,124192645.0,2.93,0.34
2022-05-11,1680.02,1731.54,1769.62,1680.02,2.79,47.04,293297,227299670.0,5.32,0.59
2022-05-12,1713.62,1729.3,1736.02,1706.9,-0.13,-2.24,119169,91698934.0,1.68,0.24
2022-05-13,1736.02,1738.26,1762.9,1727.06,0.52,8.96,118954,92567402.0,2.07,0.24
2022-05-16,1740.5,1742.74,1749.46,1731.54,0.26,4.48,108057,83999525.0,1.03,0.22
2022-05-17,1736.02,1753.94,1760.66,1718.1,0.64,11.2,128615,99792729.0,2.44,0.26
2022-05-18,1753.94,1744.98,1760.66,1738.26,-0.51,-8.96,114798,89682441.0,1.28,0.23
2022-05-19,1720.34,1740.5,1744.98,1704.66,-0.26,-4.48,140128,107665713.0,2.31,0.28
2022-05-20,1760.66,1785.3,1787.54,1742.74,2.57,44.8,195044,154128527.0,2.57,0.39
2022-05-23,1792.02,1800.98,1803.22,1780.82,0.88,15.68,136589,109190096.0,1.25,0.28
2022-05-24,1800.98,1747.22,1821.14,1744.98,-2.99,-53.76,185209,147718785.0,4.23,0.37
2022-05-25,1744.98,1744.98,1758.42,1731.54,-0.13,-2.24,107522,83716895.0,1.54,0.22
2022-05-26,1740.5,1767.38,1774.1,1718.1,1.28,22.4,155492,121457080.0,3.21,0.31
2022-05-27,1767.38,1756.18,1776.34,1742.74,-0.63,-11.2,108792,85628417.0,1.9,0.22
2022-05-30,1769.62,1780.82,1787.54,1753.94,1.4,24.64,140831,111490731.0,1.91,0.28
2022-05-31,1805.46,1850.26,1850.26,1794.26,3.9,69.44,275338,225243757.0,3.14,0.56
2022-06-01,1850.26,1845.78,1861.46,1827.86,-0.24,-4.48,160742,132393652.0,1.82,0.32
2022-06-02,1845.78,1852.5,1854.74,1823.38,0.36,6.72,129974,107062818.0,1.7,0.26
2022-06-06,1859.22,1901.78,1901.78,1854.74,2.66,49.28,194187,162993371.0,2.54,0.39
2022-06-07,1910.74,1890.58,1910.74,1874.9,-0.59,-11.2,179578,151359504.0,1.88,0.36
2022-06-08,1888.34,1895.06,1917.46,1850.26,0.24,4.48,262139,220605446.0,3.55,0.53
2022-06-09,1864.87,1874.16,1927.57,1843.97,-1.1,-20.9,309154,249628469.0,4.41,0.62
2022-06-10,1857.9,1888.09,1895.06,1846.29,0.74,13.93,217164,175485490.0,2.6,0.44
2022-06-13,1871.83,1874.16,1915.96,1862.54,-0.74,-13.93,271923,220306890.0,2.83,0.55
2022-06-14,1860.22,1895.06,1895.06,1832.35,1.12,20.9,252470,202202703.0,3.35,0.51
2022-06-15,1899.7,1885.77,1920.6,1883.45,-0.49,-9.29,297819,243725875.0,1.96,0.6
2022-06-16,1881.12,1846.29,1888.09,1841.64,-2.09,-39.48,238435,191145446.0,2.46,0.48
2022-06-17,1834.68,1857.9,1860.22,1823.06,0.63,11.61,163324,129847177.0,2.01,0.33
2022-06-20,1857.9,1848.61,1869.51,1841.64,-0.5,-9.29,202018,160973513.0,1.5,0.41
2022-06-21,1846.29,1825.39,1848.61,1813.78,-1.26,-23.22,178597,140807270.0,1.88,0.36
2022-06-22,1823.06,1771.97,1823.06,1771.97,-2.93,-53.42,182640,141254587.0,2.8,0.37
2022-06-23,1774.29,1788.23,1795.2,1758.04,0.92,16.26,186253,142778804.0,2.1,0.38
2022-06-24,1792.87,1834.68,1839.32,1792.87,2.6,46.45,223170,174889755.0,2.6,0.45
2022-06-27,1839.32,1883.45,1885.77,1834.68,2.66,48.77,250985,201244372.0,2.78,0.51
2022-06-28,1881.12,1902.03,1904.35,1855.58,0.99,18.58,267688,217729981.0,2.59,0.54
2022-06-29,1908.99,1967.05,1999.56,1908.99,3.42,65.02,588413,499025073.0,4.76,1.19
2022-06-30,1969.37,1960.08,1994.92,1955.44,-0.35,-6.97,236020,200388536.0,2.01,0.48
2022-07-01,1957.76,1960.08,1987.95,1946.15,0.0,0.0,154909,131037674.0,2.13,0.31
2022-07-04,1957.76,1983.31,1990.28,1941.51,1.19,23.23,186477,158391335.0,2.49,0.38
2022-07-05,1997.24,1997.24,2043.69,1971.7,0.7,13.93,236368,204209754.0,3.63,0.48
2022-07-06,1974.02,1943.83,1980.99,1922.93,-2.67,-53.41,196258,164683725.0,2.91,0.4
2022-07-07,1946.15,1939.18,1953.12,1915.96,-0.24,-4.65,106288,88840843.0,1.91,0.21
2022-07-08,1943.83,1892.74,1943.83,1890.41,-2.39,-46.44,184762,151887775.0,2.75,0.37
2022-07-11,1904.35,1848.61,1904.35,1834.68,-2.33,-44.13,165386,132040614.0,3.68,0.33
2022-07-12,1834.68,1795.2,1862.54,1790.55,-2.89,-53.41,239548,187644183.0,3.89,0.48
2022-07-13,1788.23,1781.26,1804.49,1769.65,-0.78,-13.94,196826,151143807.0,1.94,0.4
2022-07-14,1783.58,1774.29,1792.87,1767.33,-0.39,-6.97,196003,150173833.0,1.43,0.4
2022-07-15,1767.33,1760.36,1771.97,1744.1,-0.79,-13.93,218068,165180654.0,1.57,0.44
2022-07-18,1767.33,1797.52,1806.81,1767.33,2.11,37.16,173761,134064179.0,2.24,0.35
2022-07-19,1790.55,1809.13,1837.0,1790.55,0.65,11.61,138411,107919184.0,2.58,0.28
2022-07-20,1811.45,1795.2,1820.74,1778.94,-0.77,-13.93,185807,143799949.0,2.31,0.38
2022-07-21,1795.2,1771.97,1795.2,1767.33,-1.29,-23.23,125639,96288548.0,1.55,0.25
2022-07-22,1765.01,1755.72,1778.94,1732.49,-0.92,-16.25,170212,128424188.0,2.62,0.34
2022-07-25,1758.04,1727.85,1758.04,1720.88,-1.59,-27.87,99165,74037650.0,2.12,0.2
2022-07-26,1727.85,1748.75,1748.75,1709.27,1.21,20.9,100297,74852888.0,2.28,0.2
2022-07-27,1748.75,1734.81,1748.75,1727.85,-0.8,-13.94,100438,74949506.0,1.2,0.2
2022-07-28,1737.14,1765.01,1788.23,1734.81,1.74,30.2,148052,112234368.0,3.08,0.3
2022-07-29,1765.01,1765.01,1792.87,1758.04,0.0,0.0,127295,97294063.0,1.97,0.26
2022-08-01,1774.29,1797.52,1806.81,1748.75,1.84,32.51,196067,150718100.0,3.29,0.4
2022-08-02,1765.01,1716.24,1765.01,1704.62,-4.52,-81.28,253734,188325819.0,3.36,0.51
2022-08-03,1702.3,1688.37,1732.49,1683.72,-1.62,-27.87,178601,131388058.0,2.84,0.36
2022-08-04,1688.37,1695.33,1711.59,1681.4,0.41,6.96,107500,78383677.0,1.79,0.22
2022-08-05,1709.27,1732.49,1737.14,1690.69,2.19,37.16,148026,109315828.0,2.74,0.3
2022-08-08,1741.78,1804.49,1832.35,1741.78,4.16,72.0,368496,284741996.0,5.23,0.74
2022-08-09,1809.13,1839.32,1846.29,1799.84,1.93,34.83,294752,232686294.0,2.57,0.6
2022-08-10,1839.32,1834.68,1860.22,1820.74,-0.25,-4.64,225533,178354396.0,2.15,0.46
2022-08-11,1850.93,1837.0,1850.93,1818.42,0.13,2.32,189624,149424995.0,1.77,0.38
2022-08-12,1837.0,1855.58,1878.8,1837.0,1.01,18.58,227620,182570013.0,2.28,0.46
2022-08-15,1853.26,1857.9,1871.83,1834.68,0.13,2.32,146539,117178301.0,2.0,0.3
2022-08-16,1857.9,1846.29,1869.51,1841.64,-0.62,-11.61,143222,114256215.0,1.5,0.29
2022-08-17,1841.64,1825.39,1841.64,1811.45,-1.13,-20.9,178747,140177958.0,1.64,0.36
2022-08-18,1834.68,1797.52,1834.68,1781.26,-1.53,-27.87,252201,195078433.0,2.93,0.51
2022-08-19,1788.23,1790.55,1811.45,1788.23,-0.39,-6.97,163281,126544512.0,1.29,0.33
2022-08-22,1788.23,1809.13,1811.45,1769.65,1.04,18.58,129484,100111983.0,2.33,0.26
2022-08-23,1809.13,1816.1,1820.74,1795.2,0.39,6.97,130010,101518555.0,1.41,0.26
2022-08-24,1818.42,1799.84,1862.54,1785.91,-0.9,-16.26,253284,199024492.0,4.22,0.51
2022-08-25,1783.58,1804.49,1804.49,1771.97,0.26,4.65,122872,94504839.0,1.81,0.25
2022-08-26,1804.49,1781.26,1809.13,1778.94,-1.29,-23.23,104735,80943684.0,1.67,0.21
2022-08-29,1767.33,1790.55,1790.55,1753.39,0.52,9.29,99984,76331758.0,2.09,0.2
2022-08-30,1792.87,1769.65,1802.16,1758.04,-1.17,-20.9,101969,77835563.0,2.46,0.21
2022-08-31,1760.36,1746.43,1765.01,1730.17,-1.31,-23.22,126771,95385162.0,1.97,0.26
2022-09-01,1741.78,1737.14,1753.39,1732.49,-0.53,-9.29,87680,65748093.0,1.2,0.18
2022-09-02,1732.49,1734.81,1741.78,1720.88,-0.13,-2.33,71626,53394103.0,1.2,0.14
2022-09-05,1741.78,1737.14,1744.1,1718.56,0.13,2.33,99824,74344205.0,1.47,0.2
2022-09-06,1734.81,1809.13,1827.71,1734.81,4.14,71.99,268878,207364373.0,5.35,0.54
2022-09-07,1799.84,1809.13,1839.32,1797.52,0.0,0.0,180224,141007910.0,2.31,0.36
2022-09-08,1813.78,1809.13,1830.03,1802.16,0.0,0.0,127365,99653321.0,1.54,0.26
2022-09-09,1809.13,1823.06,1853.26,1809.13,0.77,13.93,151032,118945951.0,2.44,0.3
2022-09-13,1823.06,1816.1,1830.03,1811.45,-0.38,-6.96,111575,87402202.0,1.02,0.23
2022-09-14,1792.87,1792.87,1802.16,1758.04,-1.28,-23.23,183757,140871471.0,2.43,0.37
2022-09-15,1804.49,1744.1,1804.49,1734.81,-2.72,-48.77,203875,154571705.0,3.89,0.41
2022-09-16,1746.43,1690.69,1751.07,1690.69,-3.06,-53.41,185766,136817481.0,3.46,0.38
2022-09-19,1693.01,1655.85,1693.01,1634.95,-2.06,-34.84,186904,133217497.0,3.43,0.38
2022-09-20,1658.18,1648.89,1674.43,1641.92,-0.42,-6.96,123110,87753318.0,1.96,0.25
2022-09-21,1646.56,1639.6,1658.18,1614.05,-0.56,-9.29,129459,91004034.0,2.68,0.26
2022-09-22,1630.31,1641.92,1651.21,1627.98,0.14,2.32,74094,52245438.0,1.42,0.15
2022-09-23,1639.6,1621.02,1672.11,1614.05,-1.27,-20.9,116110,81837649.0,3.54,0.23
2022-09-26,1614.05,1567.6,1614.05,1560.64,-3.3,-53.42,134732,91882843.0,3.29,0.27
2022-09-27,1567.6,1560.64,1586.18,1530.45,-0.44,-6.96,157501,105046780.0,3.56,0.32
2022-09-28,1555.99,1516.51,1560.64,1516.51,-2.83,-44.13,121959,80615361.0,2.83,0.25
2022-09-29,1528.12,1460.77,1528.12,1456.13,-3.68,-55.74,500076,318725472.0,4.75,1.01
2022-09-30,1463.1,1516.51,1535.09,1451.48,3.82,55.74,501546,324920686.0,5.72,1.01
2022-10-10,1539.73,1493.29,1555.99,1486.32,-1.53,-23.22,284845,186704248.0,4.59,0.58
2022-10-11,1507.22,1532.77,1537.41,1474.71,2.64,39.48,230391,149597274.0,4.2,0.47
2022-10-12,1532.77,1537.41,1539.73,1484.0,0.3,4.64,234418,152879567.0,3.64,0.47
2022-10-13,1523.48,1507.22,1523.48,1490.96,-1.96,-30.19,283367,183485559.0,2.12,0.57
2022-10-14,1521.16,1539.73,1553.67,1516.51,2.16,32.51,342167,226129473.0,2.47,0.69
2022-10-17,1530.45,1574.57,1586.18,1514.19,2.26,34.84,261844,175165887.0,4.68,0.53
2022-10-18,1579.22,1553.67,1579.22,1549.02,-1.33,-20.9,174121,116751156.0,1.92,0.35
2022-10-19,1551.35,1518.83,1551.35,1518.83,-2.24,-34.84,153661,101458094.0,2.09,0.31
2022-10-20,1518.83,1523.48,1539.73,1500.25,0.31,4.65,119088,77881384.0,2.6,0.24
2022-10-21,1514.19,1516.51,1549.02,1504.9,-0.46,-6.97,187869,123329333.0,2.9,0.38
2022-10-24,1532.77,1500.25,1546.7,1488.64,-1.07,-16.26,173059,113122363.0,3.83,0.35
2022-10-25,1444.52,1514.19,1518.83,1414.33,0.93,13.94,364117,230001690.0,6.97,0.74
2022-10-26,1500.25,1560.64,1569.93,1500.25,3.07,46.45,334268,222562916.0,4.6,0.68
2022-10-27,1560.64,1614.05,1627.98,1549.02,3.42,53.41,296373,202827526.0,5.06,0.6
2022-10-28,1618.7,1562.96,1618.7,1530.45,-3.17,-51.09,307500,206177098.0,5.47,0.62
2022-10-31,1542.06,1546.7,1590.83,1509.54,-1.04,-16.26,215581,144204715.0,5.2,0.44
2022-11-01,1549.02,1572.25,1579.22,1530.45,1.65,25.55,132656,88784225.0,3.15,0.27
2022-11-02,1562.96,1581.54,1604.76,1560.64,0.59,9.29,149931,102249871.0,2.81,0.3
2022-11-03,1572.25,1590.83,1600.12,1572.25,0.59,9.29,108473,74192990.0,1.76,0.22
2022-11-04,1590.83,1597.79,1611.73,1576.89,0.44,6.96,192835,132536948.0,2.19,0.39
2022-11-07,1602.44,1597.79,1609.41,1586.18,0.0,0.0,146166,100664878.0,1.45,0.3
2022-11-08,1602.44,1597.79,1604.76,1569.93,0.0,0.0,127927,87397481.0,2.18,0.26
2022-11-09,1600.12,1604.76,1621.02,1590.83,0.44,6.97,136560,94594141.0,1.89,0.28
2022-11-10,1604.76,1588.5,1604.76,1574.57,-1.01,-16.26,138883,94854944.0,1.88,0.28
2022-11-11,1611.73,1623.34,1644.24,1600.12,2.19,34.84,228034,159640084.0,2.78,0.46
2022-11-14,1630.31,1648.89,1679.08,1630.31,1.57,25.55,201577,144112096.0,3.0,0.41
2022-11-15,1648.89,1672.11,1676.75,1634.95,1.41,23.22,152207,109213284.0,2.54,0.31
2022-11-16,1674.43,1679.08,1693.01,1660.5,0.42,6.97,145598,104986325.0,1.94,0.29
2022-11-17,1672.11,1686.04,1686.04,1665.14,0.41,6.96,134975,97550733.0,1.24,0.27
2022-11-18,1683.72,1667.47,1713.91,1665.14,-1.1,-18.57,163392,118658209.0,2.89,0.33
2022-11-21,1660.5,1693.01,1702.3,1648.89,1.53,25.54,124110,90073419.0,3.2,0.25
2022-11-22,1690.69,1679.08,1702.3,1662.82,-0.82,-13.93,107455,77757799.0,2.33,0.22
2022-11-23,1665.14,1672.11,1683.72,1665.14,-0.42,-6.97,76181,54855665.0,1.11,0.15
2022-11-24,1672.11,1690.69,1695.33,1667.47,1.11,18.58,122356,88707643.0,1.67,0.25
2022-11-25,1688.37,1676.75,1695.33,1669.79,-0.82,-13.94,61378,44489585.0,1.51,0.12
2022-11-28,1658.18,1690.69,1695.33,1627.98,0.83,13.94,161704,116083400.0,4.02,0.33
2022-11-29,1690.69,1711.59,1718.56,1690.69,1.24,20.9,130865,96158800.0,1.65,0.26
2022-11-30,1713.91,1683.72,1720.88,1683.72,-1.63,-27.87,94597,69173084.0,2.17,0.19
2022-12-01,1693.01,1718.56,1725.52,1688.37,2.07,34.84,140195,103373087.0,2.21,0.28
2022-12-02,1720.88,1709.27,1720.88,1704.62,-0.54,-9.29,70713,52067440.0,0.95,0.14
2022-12-05,1704.62,1730.17,1746.43,1704.62,1.22,20.9,162468,121408527.0,2.45,0.33
2022-12-06,1730.17,1732.49,1737.14,1686.04,0.13,2.32,197477,145714366.0,2.95,0.4
2022-12-07,1730.17,1695.33,1730.17,1679.08,-2.14,-37.16,203135,148306707.0,2.95,0.41
2022-12-08,1697.66,1697.66,1718.56,1686.04,0.14,2.33,118345,86838791.0,1.92,0.24
2022-12-09,1718.56,1709.27,1718.56,1672.11,0.68,11.61,301118,219529327.0,2.74,0.61
2022-12-12,1695.33,1662.82,1697.66,1660.5,-2.72,-46.45,138451,99847060.0,2.17,0.28
2022-12-13,1662.82,1672.11,1681.4,1658.18,0.56,9.29,98802,71063674.0,1.4,0.2
2022-12-14,1667.47,1646.56,1674.43,1644.24,-1.53,-25.55,107779,76737066.0,1.81,0.22
2022-12-15,1648.89,1634.95,1658.18,1627.98,-0.71,-11.61,105589,74375996.0,1.83,0.21
2022-12-16,1625.66,1669.79,1693.01,1625.66,2.13,34.84,184786,132657168.0,4.12,0.37
2022-12-19,1674.43,1625.66,1674.43,1621.02,-2.64,-44.13,132085,93126070.0,3.2,0.27
2022-12-20,1630.31,1621.02,1639.6,1590.83,-0.29,-4.64,177045,122863930.0,3.0,0.36
2022-12-21,1616.37,1607.08,1634.95,1602.44,-0.86,-13.94,63505,44134870.0,2.01,0.13
2022-12-22,1616.37,1586.18,1616.37,1579.22,-1.3,-20.9,79124,54310917.0,2.31,0.16
2022-12-23,1581.54,1546.7,1586.18,1546.7,-2.49,-39.48,112102,75232793.0,2.49,0.23
2022-12-26,1567.6,1579.22,1583.86,1565.28,2.1,32.52,71956,48826841.0,1.2,0.15
2022-12-27,1586.18,1586.18,1602.44,1569.93,0.44,6.96,71789,48979646.0,2.06,0.14
2022-12-28,1583.86,1581.54,1588.5,1572.25,-0.29,-4.64,56316,38309280.0,1.02,0.11
2022-12-29,1581.54,1572.25,1600.12,1567.6,-0.59,-9.29,86487,58767184.0,2.06,0.17
2022-12-30,1576.89,1579.22,1588.5,1572.25,0.44,6.97,53015,36069523.0,1.03,0.11
2023-01-03,1586.18,1586.18,1597.79,1562.96,0.44,6.96,202264,137234380.0,2.21,0.41
2023-01-04,1579.22,1593.15,1595.47,1579.22,0.44,6.97,95268,65111037.0,1.02,0.19
2023-01-05,1593.15,1625.66,1641.92,1588.5,2.04,32.51,149129,103613541.0,3.35,0.3
2023-01-06,1611.73,1672.11,1699.98,1611.73,2.86,46.45,236887,170882775.0,5.43,0.48
2023-01-09,1679.08,1716.24,1725.52,1679.08,2.64,44.13,219084,161626437.0,2.78,0.44
2023-01-10,1711.59,1697.66,1713.91,1690.69,-1.08,-18.58,99981,73120586.0,1.35,0.2
2023-01-11,1693.01,1683.72,1699.98,1679.08,-0.82,-13.94,68145,49535066.0,1.23,0.14
2023-01-12,1683.72,1662.82,1683.72,1655.85,-1.24,-20.9,121191,86712715.0,1.66,0.24
2023-01-13,1672.11,1674.43,1674.43,1662.82,0.7,11.61,79035,56825726.0,0.7,0.16
2023-01-16,1674.43,1699.98,1716.24,1665.14,1.53,25.55,135779,98985141.0,3.05,0.27
2023-01-17,1704.62,1713.91,1723.2,1697.66,0.82,13.93,84599,62257601.0,1.5,0.17
2023-01-18,1706.95,1723.2,1737.14,1706.95,0.54,9.29,76700,57036797.0,1.76,0.15
2023-01-19,1730.17,1765.01,1767.33,1723.2,2.43,41.81,214049,161866800.0,2.56,0.43
2023-01-20,1765.01,1760.36,1769.65,1748.75,-0.26,-4.65,110484,83721738.0,1.18,0.22
2023-01-30,1781.26,1776.62,1795.2,1769.65,0.92,16.26,157728,121144041.0,1.45,0.32
2023-01-31,1774.29,1762.68,1788.23,1762.68,-0.78,-13.94,121299,92613824.0,1.44,0.24
2023-02-01,1767.33,1767.33,1783.58,1762.68,0.26,4.65,172901,131935074.0,1.19,0.35
2023-02-02,1783.58,1850.93,1860.22,1769.65,4.73,83.6,378508,297754772.0,5.12,0.76
2023-02-03,1857.9,1892.74,1913.64,1857.9,2.26,41.81,522278,424549987.0,3.01,1.05
2023-02-06,1895.06,1850.93,1895.06,1832.35,-2.21,-41.81,202569,161895496.0,3.31,0.41
2023-02-07,1857.9,1864.87,1874.16,1843.97,0.75,13.94,137963,110393130.0,1.63,0.28
2023-02-08,1871.83,1860.22,1881.12,1853.26,-0.25,-4.65,108696,87323113.0,1.49,0.22
2023-02-09,1857.9,1871.83,1876.48,1848.61,0.62,11.61,148219,118873165.0,1.5,0.3
2023-02-10,1871.83,1883.45,1895.06,1867.19,0.62,11.62,116261,94208050.0,1.49,0.23
2023-02-13,1892.74,1895.06,1906.67,1890.41,0.62,11.61,164956,134909825.0,0.86,0.33
2023-02-14,1906.67,1897.38,1906.67,1883.45,0.12,2.32,114755,93656011.0,1.23,0.23
2023-02-15,1899.7,1869.51,1904.35,1855.58,-1.47,-27.87,182960,147475121.0,2.57,0.37
2023-02-16,1857.9,1820.74,1878.8,1813.78,-2.61,-48.77,317998,251939597.0,3.48,0.64
2023-02-17,1816.1,1827.71,1860.22,1816.1,0.38,6.97,215134,170633771.0,2.42,0.43
2023-02-20,1832.35,1897.38,1904.35,1818.42,3.81,69.67,290888,235713108.0,4.7,0.59
2023-02-21,1918.28,1953.12,1971.7,1899.7,2.94,55.74,404875,339968679.0,3.79,0.82
2023-02-22,1941.51,1950.8,1962.41,1929.89,-0.12,-2.32,165485,138883405.0,1.67,0.33
2023-02-23,1948.47,1941.51,1953.12,1927.57,-0.48,-9.29,119787,100011158.0,1.31,0.24
2023-02-24,1936.86,1904.35,1936.86,1895.06,-1.91,-37.16,159173,130811581.0,2.15,0.32
2023-02-27,1895.06,1888.09,1911.31,1876.48,-0.85,-16.26,120800,98256733.0,1.83,0.24
2023-02-28,1892.74,1895.06,1897.38,1876.48,0.37,6.97,113241,91964137.0,1.11,0.23
2023-03-01,1895.06,1883.45,1895.06,1862.54,-0.61,-11.61,149743,120871592.0,1.72,0.3
2023-03-02,1890.41,1869.51,1897.38,1862.54,-0.74,-13.94,164210,132759260.0,1.85,0.33
2023-03-03,1871.83,1860.22,1871.83,1843.97,-0.5,-9.29,147323,117721576.0,1.49,0.3
2023-03-06,1855.58,1809.13,1855.58,1806.81,-2.75,-51.09,274331,214519842.0,2.62,0.55
2023-03-07,1811.45,1755.72,1813.78,1755.72,-2.95,-53.41,297589,228049897.0,3.21,0.6
2023-03-08,1760.36,1765.01,1767.33,1751.07,0.53,9.29,139417,105564284.0,0.93,0.28
2023-03-09,1762.68,1765.01,1790.55,1760.36,0.0,0.0,118799,90801866.0,1.71,0.24
2023-03-10,1755.72,1753.39,1765.01,1739.46,-0.66,-11.62,136731,103081328.0,1.45,0.28
2023-03-13,1748.75,1760.36,1774.29,1748.75,0.4,6.97,131276,99449586.0,1.46,0.27
2023-03-14,1758.04,1753.39,1788.23,1734.81,-0.4,-6.97,167609,126742360.0,3.03,0.34
2023-03-15,1758.04,1744.1,1765.01,1739.46,-0.53,-9.29,148775,112186074.0,1.46,0.3
2023-03-16,1741.78,1704.62,1741.78,1702.3,-2.26,-39.48,152738,112954528.0,2.26,0.31
2023-03-17,1711.59,1709.27,1723.2,1702.3,0.27,4.65,106072,78220342.0,1.23,0.21
2023-03-20,1713.91,1706.95,1718.56,1693.01,-0.14,-2.32,84242,61888688.0,1.49,0.17
2023-03-21,1706.95,1713.91,1718.56,1699.98,0.41,6.96,79805,58771435.0,1.09,0.16
2023-03-22,1720.88,1711.59,1730.17,1702.3,-0.14,-2.32,91363,67486512.0,1.63,0.18
2023-03-23,1706.95,1730.17,1734.81,1699.98,1.09,18.58,100259,74239549.0,2.03,0.2
2023-03-24,1730.17,1723.2,1737.14,1718.56,-0.4,-6.97,107102,79722835.0,1.07,0.22
2023-03-27,1718.56,1709.27,1723.2,1693.01,-0.81,-13.93,111267,81604509.0,1.75,0.22
2023-03-28,1737.14,1706.95,1748.75,1699.98,-0.14,-2.32,120853,89574831.0,2.85,0.24
2023-03-29,1704.62,1695.33,1704.62,1690.69,-0.68,-11.62,99891,72976053.0,0.82,0.2
2023-03-30,1693.01,1727.85,1730.17,1690.69,1.92,32.52,106253,78136732.0,2.33,0.21
2023-03-31,1725.52,1732.49,1751.07,1720.88,0.27,4.64,84083,62820325.0,1.75,0.17
2023-04-03,1732.49,1725.52,1758.04,1718.56,-0.4,-6.97,115532,86300258.0,2.28,0.23
2023-04-04,1725.52,1711.59,1727.85,1704.62,-0.81,-13.93,88698,65430156.0,1.35,0.18
2023-04-06,1713.91,1702.3,1739.46,1697.66,-0.54,-9.29,122126,90305834.0,2.44,0.25
2023-04-07,1702.3,1702.3,1711.59,1695.33,0.0,0.0,95833,70171650.0,0.96,0.19
2023-04-10,1702.3,1709.27,1709.27,1695.33,0.41,6.97,81190,59475637.0,0.82,0.16
2023-04-11,1709.27,1748.75,1776.62,1695.33,2.31,39.48,210511,158131072.0,4.76,0.43
2023-04-12,1748.75,1718.56,1769.65,1706.95,-1.73,-30.19,192357,143146452.0,3.59,0.39
2023-04-13,1727.85,1727.85,1751.07,1718.56,0.54,9.29,118282,88043361.0,1.89,0.24
2023-04-14,1725.52,1674.43,1727.85,1662.82,-3.09,-53.42,274635,199972193.0,3.76,0.55
2023-04-17,1674.43,1718.56,1727.85,1674.43,2.64,44.13,179222,131724565.0,3.19,0.36
2023-04-18,1727.85,1709.27,1727.85,1697.66,-0.54,-9.29,90246,66480299.0,1.76,0.18
2023-04-19,1709.27,1676.75,1709.27,1669.79,-1.9,-32.52,148293,107246853.0,2.31,0.3
2023-04-20,1679.08,1630.31,1679.08,1623.34,-2.77,-46.44,227537,160298306.0,3.32,0.46
2023-04-21,1630.31,1607.08,1632.63,1604.76,-1.42,-23.23,128371,89284982.0,1.71,0.26
2023-04-24,1611.73,1597.79,1616.37,1583.86,-0.58,-9.29,125232,86171600.0,2.02,0.25
2023-04-25,1602.44,1588.5,1604.76,1560.64,-0.58,-9.29,126743,86218851.0,2.76,0.26
2023-04-26,1600.12,1623.34,1637.27,1593.15,2.19,34.84,94126,65564320.0,2.78,0.19
2023-04-27,1625.66,1627.98,1641.92,1609.41,0.29,4.64,77507,54297558.0,2.0,0.16
2023-04-28,1648.89,1672.11,1688.37,1648.89,2.71,44.13,229110,164665583.0,2.43,0.46
2023-05-04,1644.24,1672.11,1688.37,1632.63,0.0,0.0,150873,107430943.0,3.33,0.3
2023-05-05,1667.47,1648.89,1672.11,1639.6,-1.39,-23.22,103502,73628034.0,1.94,0.21
2023-05-08,1648.89,1630.31,1653.53,1625.66,-1.13,-18.58,142050,99852514.0,1.69,0.29
2023-05-09,1627.98,1639.6,1662.82,1627.98,0.57,9.29,196212,139008097.0,2.14,0.4
2023-05-10,1639.6,1660.5,1669.79,1639.6,1.27,20.9,97781,69824411.0,1.84,0.2
2023-05-11,1665.14,1697.66,1702.3,1658.18,2.24,37.16,157592,114300971.0,2.66,0.32
2023-05-12,1688.37,1662.82,1688.37,1658.18,-2.05,-34.84,99642,71500620.0,1.78,0.2
2023-05-15,1667.47,1669.79,1672.11,1646.56,0.42,6.97,67330,48106818.0,1.54,0.14
2023-05-16,1674.43,1662.82,1674.43,1653.53,-0.42,-6.97,54465,38974367.0,1.25,0.11
2023-05-17,1662.82,1641.92,1667.47,1637.27,-1.26,-20.9,100688,71405060.0,1.82,0.2
2023-05-18,1644.24,1618.7,1644.24,1611.73,-1.41,-23.22,201878,141235775.0,1.98,0.41
2023-05-19,1625.66,1618.7,1627.98,1611.73,0.0,0.0,92494,64485541.0,1.0,0.19
2023-05-22,1618.7,1625.66,1627.98,1604.76,0.43,6.96,87475,60871517.0,1.43,0.18
2023-05-23,1625.66,1618.7,1646.56,1614.05,-0.43,-6.96,103816,72937131.0,2.0,0.21
2023-05-24,1611.73,1595.47,1611.73,1593.15,-1.44,-23.23,98796,67990573.0,1.15,0.2
2023-05-25,1588.5,1579.22,1595.47,1565.28,-1.02,-16.25,81855,55592886.0,1.89,0.17
2023-05-26,1574.57,1576.89,1581.54,1560.64,-0.15,-2.33,54044,36553964.0,1.32,0.11
2023-05-29,1595.47,1574.57,1595.47,1565.28,-0.15,-2.32,71674,48595126.0,1.91,0.14
2023-05-30,1574.57,1553.67,1583.86,1532.77,-1.33,-20.9,110555,73808688.0,3.24,0.22
2023-05-31,1551.35,1560.64,1560.64,1537.41,0.45,6.97,81059,53974917.0,1.5,0.16
2023-06-01,1546.7,1572.25,1583.86,1546.7,0.74,11.61,107076,72425212.0,2.38,0.22
2023-06-02,1565.28,1609.41,1614.05,1565.28,2.36,37.16,106576,73410204.0,3.1,0.22
2023-06-05,1616.37,1623.34,1632.63,1609.41,0.87,13.93,75661,52776890.0,1.44,0.15
2023-06-06,1621.02,1607.08,1623.34,1607.08,-1.0,-16.26,65293,45333227.0,1.0,0.13
2023-06-07,1604.76,1597.79,1611.73,1586.18,-0.58,-9.29,60499,41562083.0,1.59,0.12
2023-06-08,1586.18,1604.76,1618.7,1583.86,0.44,6.97,68227,47032246.0,2.18,0.14
2023-06-09,1607.08,1590.83,1607.08,1574.57,-0.87,-13.93,86743,59334070.0,2.03,0.18
2023-06-12,1593.15,1597.79,1607.08,1581.54,0.44,6.96,73983,50815275.0,1.61,0.15
2023-06-13,1600.12,1595.47,1602.44,1586.18,-0.15,-2.32,56466,38719651.0,1.02,0.11
2023-06-14,1597.79,1602.44,1614.05,1590.83,0.44,6.97,65489,45229205.0,1.46,0.13
2023-06-15,1597.79,1609.41,1611.73,1590.83,0.43,6.97,79894,55082818.0,1.3,0.16
2023-06-16,1623.65,1628.4,1633.14,1604.66,1.18,18.99,128373,87485625.0,1.77,0.26
2023-06-19,1630.77,1630.77,1640.26,1618.9,0.15,2.37,75676,51918743.0,1.31,0.15
2023-06-20,1635.52,1607.03,1635.52,1607.03,-1.46,-23.74,68001,46377200.0,1.75,0.14
2023-06-21,1604.66,1588.04,1621.27,1588.04,-1.18,-18.99,49619,33451098.0,2.07,0.1
2023-06-26,1573.8,1573.8,1590.42,1561.93,-0.9,-14.24,73502,48725236.0,1.79,0.15
2023-06-27,1580.92,1633.14,1656.88,1580.92,3.77,59.34,133434,91494039.0,4.83,0.27
2023-06-28,1637.89,1640.26,1642.64,1621.27,0.44,7.12,108449,74689674.0,1.31,0.22
2023-06-29,1647.39,1616.53,1649.76,1616.53,-1.45,-23.73,105340,72355590.0,2.03,0.21
2023-06-30,1618.9,1628.4,1635.52,1614.15,0.73,11.87,66180,45408382.0,1.32,0.13
2023-07-03,1628.4,1637.89,1642.64,1623.65,0.58,9.49,89214,61384766.0,1.17,0.18
2023-07-04,1637.89,1633.14,1637.89,1626.02,-0.29,-4.75,62556,42967977.0,0.72,0.13
2023-07-05,1633.14,1630.77,1637.89,1623.65,-0.15,-2.37,40149,27572422.0,0.87,0.08
2023-07-06,1630.77,1618.9,1633.14,1616.53,-0.73,-11.87,57507,39316658.0,1.02,0.12
2023-07-07,1618.9,1614.15,1623.65,1602.28,-0.29,-4.75,62392,42397094.0,1.32,0.13
2023-07-10,1614.15,1635.52,1635.52,1614.15,1.32,21.37,64322,44134506.0,1.32,0.13
2023-07-11,1633.14,1652.13,1656.88,1630.77,1.02,16.61,92308,64103791.0,1.6,0.19
2023-07-12,1652.13,1701.98,1720.97,1647.39,3.02,49.85,288796,206218267.0,4.45,0.58
2023-07-13,1713.85,1730.47,1737.59,1701.98,1.67,28.49,193925,140947590.0,2.09,0.39
2023-07-14,1737.59,1766.07,1768.45,1725.72,2.06,35.6,207040,153234585.0,2.47,0.42
2023-07-17,1763.7,1732.84,1763.7,1720.97,-1.88,-33.23,151016,110273978.0,2.42,0.3
2023-07-18,1730.47,1758.95,1768.45,1730.47,1.51,26.11,164376,121412465.0,2.19,0.33
2023-07-19,1754.21,1761.33,1766.07,1747.08,0.14,2.38,70641,52237231.0,1.08,0.14
2023-07-20,1763.7,1756.58,1782.69,1754.21,-0.27,-4.75,91790,68356947.0,1.62,0.19
2023-07-21,1749.46,1756.58,1770.82,1747.08,0.0,0.0,91696,67790245.0,1.35,0.19
2023-07-24,1754.21,1751.83,1770.82,1744.71,-0.27,-4.75,68362,50545548.0,1.49,0.14
2023-07-25,1761.33,1758.95,1775.57,1749.46,0.41,7.12,83921,62178245.0,1.49,0.17
2023-07-26,1754.21,1747.08,1761.33,1737.59,-0.67,-11.87,189596,139416973.0,1.35,0.38
2023-07-27,1739.96,1728.09,1756.58,1718.6,-1.09,-18.99,193397,141107626.0,2.17,0.39
2023-07-28,1709.1,1749.46,1761.33,1694.86,1.24,21.37,219804,160017553.0,3.85,0.44
2023-07-31,1747.08,1766.07,1780.32,1747.08,0.95,16.61,202669,150665320.0,1.9,0.41
2023-08-01,1761.33,1770.82,1773.2,1754.21,0.27,4.75,121030,89975651.0,1.08,0.24
2023-08-02,1768.45,1758.95,1770.82,1749.46,-0.67,-11.87,61146,45282660.0,1.21,0.12
2023-08-03,1751.83,1756.58,1758.95,1742.34,-0.13,-2.37,81122,59798824.0,0.94,0.16
2023-08-04,1754.21,1754.21,1777.94,1754.21,-0.13,-2.37,113017,84152733.0,1.35,0.23
2023-08-07,1756.58,1744.71,1761.33,1737.59,-0.54,-9.5,88677,65176965.0,1.35,0.18
2023-08-08,1742.34,1749.46,1754.21,1725.72,0.27,4.75,76814,56374922.0,1.63,0.16
2023-08-09,1739.96,1749.46,1758.95,1735.21,0.0,0.0,71270,52404082.0,1.36,0.14
2023-08-10,1751.83,1747.08,1756.58,1735.21,-0.14,-2.38,56557,41618058.0,1.22,0.11
2023-08-11,1756.58,1704.36,1756.58,1699.61,-2.45,-42.72,146305,105843484.0,3.26,0.3
2023-08-14,1713.85,1737.59,1739.96,1645.01,1.95,33.23,314393,225777261.0,5.57,0.63
2023-08-15,1749.46,1730.47,1749.46,1704.36,-0.41,-7.12,121517,88089326.0,2.6,0.25
2023-08-16,1720.97,1701.98,1720.97,1697.23,-1.65,-28.49,105468,75839085.0,1.37,0.21
2023-08-17,1711.48,1709.1,1711.48,1685.37,0.42,7.12,108715,77708937.0,1.53,0.22
2023-08-18,1704.36,1675.87,1713.85,1675.87,-1.94,-33.23,83796,59625999.0,2.22,0.17
2023-08-21,1668.75,1659.25,1692.49,1659.25,-0.99,-16.62,77620,54716218.0,1.98,0.16
2023-08-22,1659.25,1668.75,1678.24,1647.39,0.57,9.5,86145,60360388.0,1.86,0.17
2023-08-23,1668.75,1661.63,1687.74,1659.25,-0.43,-7.12,65632,46198337.0,1.71,0.13
2023-08-24,1661.63,1680.62,1699.61,1659.25,1.14,18.99,140438,99401271.0,2.43,0.28
2023-08-25,1675.87,1647.39,1680.62,1640.26,-1.98,-33.23,178406,124417274.0,2.4,0.36
2023-08-28,1711.48,1652.13,1713.85,1640.26,0.29,4.74,198999,140322565.0,4.47,0.4
2023-08-29,1647.39,1647.39,1659.25,1642.64,-0.29,-4.74,159402,110882982.0,1.01,0.32
2023-08-30,1654.51,1678.24,1687.74,1654.51,1.87,30.85,224978,158966499.0,2.02,0.45
2023-08-31,1678.24,1661.63,1690.11,1659.25,-0.99,-16.61,127123,89267456.0,1.84,0.26
2023-09-01,1664.0,1704.36,1706.73,1664.0,2.57,42.73,174680,124179294.0,2.57,0.35
2023-09-04,1699.61,1749.46,1758.95,1699.61,2.65,45.1,229585,168590162.0,3.48,0.46
2023-09-05,1742.34,1747.08,1751.83,1728.09,-0.14,-2.38,94551,69406680.0,1.36,0.19
2023-09-06,1747.08,1749.46,1761.33,1737.59,0.14,2.38,69234,51005487.0,1.36,0.14
2023-09-07,1744.71,1730.47,1751.83,1728.09,-1.09,-18.99,81979,59985521.0,1.36,0.17
2023-09-08,1730.47,1730.47,1739.96,1711.48,0.0,0.0,89632,65272255.0,1.65,0.18
2023-09-11,1730.47,1732.84,1754.21,1725.72,0.14,2.37,108848,79886538.0,1.65,0.22
2023-09-12,1742.34,1732.84,1742.34,1725.72,0.0,0.0,62296,45471221.0,0.96,0.13
2023-09-13,1730.47,1725.72,1737.59,1716.22,-0.41,-7.12,70335,51087380.0,1.23,0.14
2023-09-14,1725.72,1732.84,1735.21,1711.48,0.41,7.12,99622,72373780.0,1.38,0.2
2023-09-15,1730.47,1713.85,1735.21,1709.1,-1.1,-18.99,97138,70405622.0,1.51,0.2
2023-09-18,1713.85,1713.85,1718.6,1694.86,0.0,0.0,135764,97606523.0,1.39,0.27
2023-09-19,1709.1,1716.22,1723.35,1694.86,0.14,2.37,107367,77275939.0,1.66,0.22
2023-09-20,1720.97,1699.61,1720.97,1692.49,-0.97,-16.61,114737,82277734.0,1.66,0.23
2023-09-21,1699.61,1692.49,1711.48,1687.74,-0.42,-7.12,83030,59337678.0,1.4,0.17
2023-09-22,1699.61,1713.85,1713.85,1680.62,1.26,21.36,103443,73910173.0,1.96,0.21
2023-09-25,1706.73,1701.98,1713.85,1694.86,-0.69,-11.87,101367,72732948.0,1.11,0.2
2023-09-26,1699.61,1682.99,1704.36,1682.99,-1.12,-18.99,65869,46913160.0,1.26,0.13
2023-09-27,1687.74,1690.11,1709.1,1682.99,0.42,7.12,61807,44036052.0,1.55,0.12
2023-09-28,1690.11,1678.24,1694.86,1675.87,-0.7,-11.87,112217,79542460.0,1.12,0.23
2023-10-09,1675.87,1661.63,1680.62,1661.63,-0.99,-16.61,93137,65413562.0,1.13,0.19
2023-10-10,1678.24,1664.0,1678.24,1652.13,0.14,2.37,95111,66618518.0,1.57,0.19
2023-10-11,1666.38,1659.25,1675.87,1656.88,-0.29,-4.75,65959,46268953.0,1.14,0.13
2023-10-12,1664.0,1682.99,1687.74,1659.25,1.43,23.74,103900,73464326.0,1.72,0.21
2023-10-13,1678.24,1661.63,1682.99,1656.88,-1.27,-21.36,72240,50672051.0,1.55,0.15
2023-10-16,1666.38,1675.87,1682.99,1664.0,0.86,14.24,82317,58020338.0,1.14,0.17
2023-10-17,1671.12,1697.23,1699.61,1666.38,1.27,21.36,95319,67823484.0,1.98,0.19
2023-10-18,1694.86,1668.75,1694.86,1668.75,-1.68,-28.48,96630,68454548.0,1.54,0.2
2023-10-19,1668.75,1645.01,1668.75,1642.64,-1.42,-23.74,95456,66507862.0,1.56,0.19
2023-10-20,1642.64,1637.89,1649.76,1635.52,-0.43,-7.12,79960,55324826.0,0.87,0.16
2023-10-23,1623.65,1628.4,1645.01,1616.53,-0.58,-9.49,105506,72397142.0,1.74,0.21
2023-10-24,1633.14,1626.02,1635.52,1614.15,-0.15,-2.38,86693,59302790.0,1.31,0.18
2023-10-25,1626.02,1616.53,1630.77,1616.53,-0.58,-9.49,131910,90216423.0,0.88,0.27
2023-10-26,1633.14,1640.26,1647.39,1614.15,1.47,23.73,155462,106849860.0,2.06,0.31
2023-10-27,1640.26,1711.48,1713.85,1635.52,4.34,71.22,244383,174060802.0,4.78,0.49
2023-10-30,1701.98,1713.85,1718.6,1697.23,0.14,2.37,150185,108130687.0,1.25,0.3
2023-10-31,1713.85,1720.97,1725.72,1701.98,0.42,7.12,103738,74851899.0,1.39,0.21
2023-11-01,1718.6,1725.72,1730.47,1718.6,0.28,4.75,117827,85625442.0,0.69,0.24
2023-11-02,1728.09,1713.85,1732.84,1711.48,-0.69,-11.87,85188,61676833.0,1.24,0.17
2023-11-03,1720.97,1709.1,1725.72,1701.98,-0.28,-4.75,116067,83822761.0,1.39,0.23
2023-11-06,1709.1,1716.22,1720.97,1699.61,0.42,7.12,119051,85850133.0,1.25,0.24
2023-11-07,1709.1,1716.22,1725.72,1709.1,0.0,0.0,106607,77148466.0,0.97,0.22
2023-11-08,1709.1,1692.49,1718.6,1687.74,-1.38,-23.73,118441,84817790.0,1.8,0.24
2023-11-09,1692.49,1682.99,1694.86,1678.24,-0.56,-9.5,88391,62743835.0,0.98,0.18
2023-11-10,1687.74,1675.87,1687.74,1671.12,-0.42,-7.12,74752,52784995.0,0.99,0.15
2023-11-13,1675.87,1685.37,1690.11,1668.75,0.57,9.5,93714,66314325.0,1.27,0.19
2023-11-14,1682.99,1675.87,1692.49,1671.12,-0.56,-9.5,85969,60843820.0,1.27,0.17
2023-11-15,1687.74,1690.11,1690.11,1680.62,0.85,14.24,80212,56954635.0,0.57,0.16
2023-11-16,1685.37,1680.62,1692.49,1671.12,-0.56,-9.49,87816,62202612.0,1.26,0.18
2023-11-17,1678.24,1680.62,1687.74,1675.87,0.0,0.0,78702,55706919.0,0.71,0.16
2023-11-20,1682.99,1673.5,1682.99,1666.38,-0.42,-7.12,81428,57397222.0,0.99,0.16
2023-11-21,1673.5,1673.5,1685.37,1666.38,0.0,0.0,88188,62285218.0,1.13,0.18
2023-11-22,1673.5,1652.13,1673.5,1652.13,-1.28,-21.37,94005,65722934.0,1.28,0.19
2023-11-23,1649.76,1666.38,1666.38,1649.76,0.86,14.25,82680,57783411.0,1.01,0.17
2023-11-24,1664.0,1659.25,1668.75,1652.13,-0.43,-7.13,79364,55569184.0,1.0,0.16
2023-11-27,1659.25,1637.89,1659.25,1628.4,-1.29,-21.36,165914,114514491.0,1.86,0.34
2023-11-28,1640.26,1652.13,1654.51,1630.77,0.87,14.24,119982,83166577.0,1.45,0.24
2023-11-29,1652.13,1637.89,1659.25,1635.52,-0.86,-14.24,104201,72112300.0,1.44,0.21
2023-11-30,1637.89,1628.4,1652.13,1621.27,-0.58,-9.49,129602,89255722.0,1.88,0.26
2023-12-01,1626.02,1621.27,1628.4,1614.15,-0.44,-7.13,141401,96602392.0,0.88,0.29
2023-12-04,1618.9,1592.79,1621.27,1585.67,-1.76,-28.48,200919,135560553.0,2.2,0.41
2023-12-05,1592.79,1580.92,1621.27,1580.92,-0.75,-11.87,195917,131872186.0,2.53,0.4
2023-12-06,1580.92,1588.04,1602.28,1576.17,0.45,7.12,168259,112741169.0,1.65,0.34
2023-12-07,1592.79,1578.55,1592.79,1569.05,-0.6,-9.49,171661,114022300.0,1.49,0.35
2023-12-08,1573.8,1590.42,1607.03,1573.8,0.75,11.87,387570,259904765.0,2.11,0.78
2023-12-11,1585.67,1592.79,1607.03,1559.56,0.15,2.37,290984,193823435.0,2.98,0.59
2023-12-12,1592.79,1607.03,1607.03,1571.43,0.89,14.24,181507,121757024.0,2.24,0.37
2023-12-13,1597.54,1585.67,1604.66,1585.67,-1.33,-21.36,104979,70572372.0,1.18,0.21
2023-12-14,1592.79,1580.92,1599.91,1580.92,-0.3,-4.75,81992,54915466.0,1.2,0.17
2023-12-15,1580.92,1578.55,1595.16,1576.17,-0.15,-2.37,132035,88214768.0,1.2,0.27
2023-12-18,1573.8,1559.56,1578.55,1559.56,-1.2,-18.99,126659,83663233.0,1.2,0.26
2023-12-19,1557.18,1561.93,1564.3,1550.06,0.15,2.37,90757,59503607.0,0.91,0.18
2023-12-20,1566.68,1557.18,1580.92,1557.18,-0.3,-4.75,87569,57849074.0,1.52,0.18
2023-12-21,1557.18,1564.3,1564.3,1540.57,0.46,7.12,83926,54982561.0,1.52,0.17
2023-12-22,1557.18,1578.55,1580.92,1547.69,0.91,14.25,107089,70767889.0,2.12,0.22
2023-12-25,1573.8,1583.29,1595.16,1573.8,0.3,4.74,104850,70040014.0,1.35,0.21
2023-12-26,1578.55,1569.05,1585.67,1569.05,-0.9,-14.24,61539,40908093.0,1.05,0.12
2023-12-27,1573.8,1566.68,1576.17,1557.18,-0.15,-2.37,104709,69115428.0,1.21,0.21
2023-12-28,1566.68,1599.91,1604.66,1566.68,2.12,33.23,118437,79529079.0,2.42,0.24
2023-12-29,1592.79,1592.79,1599.91,1580.92,-0.45,-7.12,139671,93605666.0,1.19,0.28
2024-01-02,1595.16,1599.91,1611.78,1590.42,0.45,7.12,158683,107228037.0,1.34,0.32
2024-01-03,1595.16,1614.15,1621.27,1595.16,0.89,14.24,147978,100466662.0,1.63,0.3
2024-01-04,1611.78,1607.03,1623.65,1595.16,-0.44,-7.12,99782,67542606.0,1.77,0.2
2024-01-05,1602.28,1595.16,1614.15,1585.67,-0.74,-11.87,96539,65132335.0,1.77,0.19
2024-01-08,1588.04,1566.68,1592.79,1566.68,-1.79,-28.48,130224,86794897.0,1.64,0.26
2024-01-09,1564.3,1576.17,1583.29,1554.81,0.61,9.49,114765,76113521.0,1.82,0.23
2024-01-10,1580.92,1571.43,1590.42,1566.68,-0.3,-4.74,92181,61327937.0,1.51,0.19
2024-01-11,1585.67,1578.55,1590.42,1552.44,0.45,7.12,110792,73503153.0,2.42,0.22
2024-01-12,1573.8,1583.29,1604.66,1573.8,0.3,4.74,93410,62581930.0,1.95,0.19
2024-01-15,1578.55,1595.16,1611.78,1571.43,0.75,11.87,148662,100113742.0,2.55,0.3
2024-01-16,1590.42,1607.03,1611.78,1588.04,0.74,11.87,108966,73470997.0,1.49,0.22
2024-01-17,1599.91,1557.18,1599.91,1557.18,-3.1,-49.85,114225,76118253.0,2.66,0.23
2024-01-18,1550.06,1521.58,1550.06,1483.6,-2.29,-35.6,210227,133355984.0,4.27,0.42
2024-01-19,1523.95,1514.46,1533.45,1504.96,-0.47,-7.12,129300,82784537.0,1.87,0.26
2024-01-22,1507.33,1452.74,1528.7,1447.99,-4.08,-61.72,186648,117137137.0,5.33,0.38
2024-01-23,1445.62,1493.09,1500.21,1445.62,2.78,40.35,157752,98258869.0,3.76,0.32
2024-01-24,1490.72,1493.09,1502.59,1450.36,0.0,0.0,159827,99624942.0,3.5,0.32
2024-01-25,1495.47,1516.83,1521.58,1490.72,1.59,23.74,138428,88199710.0,2.07,0.28
2024-01-26,1512.08,1519.2,1538.19,1512.08,0.16,2.37,119890,77142077.0,1.72,0.24
2024-01-29,1514.46,1523.95,1547.69,1514.46,0.31,4.75,131223,84799276.0,2.19,0.26
2024-01-30,1514.46,1471.73,1531.07,1471.73,-3.43,-52.22,146758,92794396.0,3.89,0.3
2024-01-31,1462.23,1450.36,1490.72,1440.87,-1.45,-21.37,135791,83588807.0,3.39,0.27
2024-02-01,1440.87,1429.0,1471.73,1426.63,-1.47,-21.36,205267,124883604.0,3.11,0.41
2024-02-02,1431.37,1402.89,1450.36,1357.79,-1.83,-26.11,212896,126557124.0,6.48,0.43
2024-02-05,1381.53,1395.77,1440.87,1329.3,-0.51,-7.12,272236,158589750.0,7.95,0.55
2024-02-06,1381.53,1531.07,1533.45,1381.53,9.69,135.3,354974,221784823.0,10.88,0.72
2024-02-07,1528.7,1659.25,1659.25,1528.7,8.37,128.18,553320,379677236.0,8.53,1.12
2024-02-08,1640.26,1652.13,1720.97,1640.26,-0.43,-7.12,461741,327990514.0,4.86,0.93
2024-02-19,1694.86,1616.53,1694.86,1602.28,-2.15,-35.6,298977,204292273.0,5.6,0.6
2024-02-20,1614.15,1609.41,1626.02,1604.66,-0.44,-7.12,158288,107623922.0,1.32,0.32
2024-02-21,1599.91,1595.16,1628.4,1571.43,-0.89,-14.25,219049,148013251.0,3.54,0.44
2024-02-22,1590.42,1599.91,1607.03,1585.67,0.3,4.75,143356,96420400.0,1.34,0.29
2024-02-23,1599.91,1588.04,1602.28,1566.68,-0.74,-11.87,193267,128622433.0,2.23,0.39
2024-02-26,1590.42,1566.68,1592.79,1564.3,-1.35,-21.36,196077,130051149.0,1.79,0.4
2024-02-27,1561.93,1585.67,1585.67,1552.44,1.21,18.99,187703,124335466.0,2.12,0.38
2024-02-28,1580.92,1588.04,1621.27,1576.17,0.15,2.37,268620,181484924.0,2.84,0.54
2024-02-29,1580.92,1618.9,1621.27,1580.92,1.94,30.86,234428,158921702.0,2.54,0.47
2024-03-01,1614.15,1614.15,1621.27,1599.91,-0.29,-4.75,166442,112844789.0,1.32,0.34
2024-03-04,1609.41,1621.27,1645.01,1604.66,0.44,7.12,235666,161387262.0,2.5,0.48
2024-03-05,1618.9,1621.27,1647.39,1616.53,0.0,0.0,167880,115045775.0,1.9,0.34
2024-03-06,1611.78,1609.41,1628.4,1599.91,-0.73,-11.86,121558,82584897.0,1.76,0.25
2024-03-07,1609.41,1611.78,1637.89,1607.03,0.15,2.37,131814,90048515.0,1.92,0.27
2024-03-08,1604.66,1621.27,1626.02,1604.66,0.59,9.49,103993,70706193.0,1.33,0.21
2024-03-11,1614.15,1628.4,1630.77,1590.42,0.44,7.13,151898,102826424.0,2.49,0.31
2024-03-12,1630.77,1642.64,1661.63,1626.02,0.87,14.24,181571,125608666.0,2.19,0.37
2024-03-13,1633.14,1635.52,1647.39,1626.02,-0.43,-7.12,122331,84245706.0,1.3,0.25
2024-03-14,1633.14,1628.4,1645.01,1616.53,-0.44,-7.12,195915,134352304.0,1.74,0.4
2024-03-15,1614.15,1628.4,1633.14,1602.28,0.0,0.0,128500,87540633.0,1.9,0.26
2024-03-18,1630.77,1633.14,1635.52,1616.53,0.29,4.74,120116,82213948.0,1.17,0.24
2024-03-19,1628.4,1621.27,1656.88,1621.27,-0.73,-11.87,170881,117899656.0,2.18,0.35
2024-03-20,1621.27,1616.53,1626.02,1614.15,-0.29,-4.74,138014,94163796.0,0.73,0.28
2024-03-21,1618.9,1607.03,1628.4,1599.91,-0.59,-9.5,148646,101008783.0,1.76,0.3
2024-03-22,1602.28,1585.67,1609.41,1566.68,-1.33,-21.36,163043,108908623.0,2.66,0.33
2024-03-25,1580.92,1576.17,1590.42,1569.05,-0.6,-9.5,161540,107504115.0,1.35,0.33
2024-03-26,1578.55,1583.29,1592.79,1566.68,0.45,7.12,126093,83961102.0,1.66,0.25
2024-03-27,1580.92,1569.05,1599.91,1569.05,-0.9,-14.24,155951,104463028.0,1.95,0.31
2024-03-28,1561.93,1559.56,1588.04,1550.06,-0.6,-9.49,158534,104861052.0,2.42,0.32
2024-03-29,1561.93,1595.16,1595.16,1561.93,2.28,35.6,155895,103983278.0,2.13,0.31
2024-04-01,1597.54,1675.87,1680.62,1597.54,5.06,80.71,299663,209329388.0,5.21,0.61
2024-04-02,1668.75,1716.22,1718.6,1668.75,2.41,40.35,252351,180556113.0,2.97,0.51
2024-04-03,1711.48,1739.96,1751.83,1711.48,1.38,23.74,209964,153711951.0,2.35,0.42
2024-04-08,1742.34,1728.09,1754.21,1720.97,-0.68,-11.87,212282,155366080.0,1.91,0.43
2024-04-09,1725.72,1718.6,1742.34,1711.48,-0.55,-9.49,181837,132278914.0,1.79,0.37
2024-04-10,1716.22,1739.96,1747.08,1713.85,1.24,21.36,230419,168363373.0,1.93,0.47
2024-04-11,1725.72,1775.57,1799.31,1716.22,2.05,35.61,304503,227460799.0,4.78,0.61
2024-04-12,1770.82,1815.92,1865.77,1763.7,2.27,40.35,420333,322109319.0,5.75,0.85
2024-04-15,1787.44,1804.05,1827.79,1770.82,-0.65,-11.87,301040,228298155.0,3.14,0.61
2024-04-16,1787.44,1773.2,1830.17,1770.82,-1.71,-30.85,296180,224541704.0,3.29,0.6
2024-04-17,1777.94,1789.81,1789.81,1754.21,0.94,16.61,252786,188702023.0,2.01,0.51
2024-04-18,1775.57,1799.31,1825.42,1775.57,0.53,9.5,238343,181234678.0,2.79,0.48
2024-04-19,1787.44,1823.04,1834.91,1787.44,1.32,23.73,258189,197977388.0,2.64,0.52
2024-04-22,1806.43,1830.17,1856.28,1806.43,0.39,7.13,338066,261415831.0,2.73,0.68
2024-04-23,1820.67,1801.68,1830.17,1782.69,-1.56,-28.49,250015,190045071.0,2.59,0.5
2024-04-24,1796.93,1837.29,1842.03,1775.57,1.98,35.61,257872,197053140.0,3.69,0.52
2024-04-25,1832.54,1889.51,1894.26,1827.79,2.84,52.22,426757,337262888.0,3.62,0.86
2024-04-26,1884.76,1948.85,1963.1,1884.76,3.14,59.34,507869,413093278.0,4.15,1.03
2024-04-29,1948.85,1941.73,1953.6,1889.51,-0.37,-7.12,416272,337104284.0,3.29,0.84
2024-04-30,1936.98,1932.24,1960.72,1925.12,-0.49,-9.49,246783,201439657.0,1.83,0.5
2024-05-06,1946.48,2012.94,2029.56,1934.61,4.18,80.7,512571,430801643.0,4.91,1.04
2024-05-07,2008.2,2012.94,2015.32,1984.46,0.0,0.0,327380,275827679.0,1.53,0.66
2024-05-08,2005.82,1989.21,2005.82,1965.47,-1.18,-23.73,289033,241339010.0,2.0,0.58
2024-05-09,1993.95,1986.83,2008.2,1977.34,-0.12,-2.38,189136,158699386.0,1.55,0.38
2024-05-10,1984.46,1979.71,2008.2,1965.47,-0.36,-7.12,288024,240327743.0,2.15,0.58
2024-05-13,1963.1,1970.22,1996.33,1955.97,-0.48,-9.49,265443,220911284.0,2.04,0.54
2024-05-14,1967.84,1941.73,1991.58,1932.24,-1.45,-28.49,293856,241741536.0,3.01,0.59
2024-05-15,1934.61,1925.12,1958.35,1920.37,-0.86,-16.61,223622,182371616.0,1.96,0.45
2024-05-16,1920.37,1894.26,1955.97,1882.39,-1.6,-30.86,316123,254480370.0,3.82,0.64
2024-05-17,1889.51,1906.13,1908.5,1865.77,0.63,11.87,294721,234085975.0,2.26,0.6
2024-05-20,1917.99,1913.25,1934.61,1887.14,0.37,7.12,208624,167797257.0,2.49,0.42
2024-05-21,1903.75,1877.64,1906.13,1870.52,-1.86,-35.61,162161,128742187.0,1.86,0.33
2024-05-22,1868.15,1858.65,1889.51,1846.78,-1.01,-18.99,174889,137199958.0,2.28,0.35
2024-05-23,1851.53,1827.79,1851.53,1823.04,-1.66,-30.86,194987,150390711.0,1.53,0.39
2024-05-24,1820.67,1815.92,1837.29,1811.18,-0.65,-11.87,172063,132080191.0,1.43,0.35
2024-05-27,1818.3,1832.54,1837.29,1808.8,0.92,16.62,153579,117869903.0,1.57,0.31
2024-05-28,1832.54,1811.18,1834.91,1804.05,-1.17,-21.36,125859,96352559.0,1.68,0.25
2024-05-29,1799.31,1806.43,1815.92,1796.93,-0.26,-4.75,153287,116590471.0,1.05,0.31
2024-05-30,1815.92,1825.42,1870.52,1815.92,1.05,18.99,316847,245730970.0,3.02,0.64
2024-05-31,1820.67,1792.19,1844.41,1789.81,-1.82,-33.23,225074,171803601.0,2.99,0.45
2024-06-03,1782.69,1777.94,1801.68,1756.58,-0.8,-14.25,199276,149212881.0,2.52,0.4
2024-06-04,1773.2,1823.04,1834.91,1761.33,2.54,45.1,221917,168776011.0,4.14,0.45
2024-06-05,1818.3,1787.44,1820.67,1782.69,-1.95,-35.6,140890,106966323.0,2.08,0.28
2024-06-06,1799.31,1801.68,1825.42,1794.56,0.8,14.24,192707,146893300.0,1.73,0.39
2024-06-07,1815.92,1787.44,1815.92,1780.32,-0.79,-14.24,167997,126976731.0,1.98,0.34
2024-06-11,1775.57,1768.45,1787.44,1749.46,-1.06,-18.99,157957,117480166.0,2.12,0.32
2024-06-12,1773.2,1787.44,1801.68,1773.2,1.07,18.99,140983,106281293.0,1.61,0.28
2024-06-13,1801.68,1744.71,1801.68,1737.59,-2.39,-42.73,180607,133816368.0,3.59,0.36
2024-06-14,1732.84,1756.58,1766.07,1732.84,0.68,11.87,138964,102601042.0,1.9,0.28
2024-06-17,1744.71,1735.21,1775.57,1735.21,-1.22,-21.37,127560,94149885.0,2.3,0.26
2024-06-18,1735.21,1754.21,1794.56,1735.21,1.09,19.0,221863,164920534.0,3.42,0.45
2024-06-19,1754.21,1737.59,1773.2,1735.21,-0.95,-16.62,119856,88236521.0,2.17,0.24
2024-06-20,1732.84,1706.73,1754.21,1706.73,-1.78,-30.86,171690,124636418.0,2.73,0.35
2024-06-21,1701.98,1720.97,1735.21,1701.98,0.83,14.24,160811,116828168.0,1.95,0.32
2024-06-24,1711.48,1716.22,1730.47,1692.49,-0.28,-4.75,164474,118823158.0,2.21,0.33
2024-06-25,1694.86,1744.71,1758.95,1690.11,1.66,28.49,255826,186689385.0,4.01,0.52
2024-06-26,1744.71,1751.83,1751.83,1709.1,0.41,7.12,232191,169596137.0,2.45,0.47
2024-06-27,1744.71,1699.61,1744.71,1690.11,-2.98,-52.22,229265,164613577.0,3.12,0.46
2024-06-28,1687.74,1701.98,1732.84,1687.74,0.14,2.37,158840,114599468.0,2.65,0.32
2024-07-01,1685.37,1737.59,1742.34,1685.37,2.09,35.61,151228,110006863.0,3.35,0.31
2024-07-02,1739.96,1671.12,1739.96,1666.38,-3.83,-66.47,322170,228612755.0,4.23,0.65
2024-07-03,1664.0,1664.0,1687.74,1664.0,-0.43,-7.12,153677,108302385.0,1.42,0.31
2024-07-04,1666.38,1678.24,1687.74,1642.64,0.86,14.24,288068,202444821.0,2.71,0.58
2024-07-05,1678.24,1695.22,1695.22,1649.14,1.01,16.98,204988,141446251.0,2.75,0.41
2024-07-08,1697.65,1683.1,1712.2,1670.97,-0.71,-12.12,202522,141532603.0,2.43,0.41
2024-07-09,1673.39,1714.62,1726.75,1668.54,1.87,31.52,217957,152957527.0,3.46,0.44
2024-07-10,1714.62,1690.37,1714.62,1690.37,-1.41,-24.25,123810,86836415.0,1.41,0.25
2024-07-11,1707.35,1738.88,1748.58,1695.22,2.87,48.51,213105,151845840.0,3.16,0.43
2024-07-12,1818.91,1879.54,1896.51,1782.53,8.09,140.66,681961,520327557.0,6.55,1.38
2024-07-15,1872.26,1855.29,1877.11,1843.16,-1.29,-24.25,331051,253800704.0,1.81,0.67
2024-07-16,1855.29,1857.71,1891.66,1845.58,0.13,2.42,258806,198898133.0,2.48,0.52
2024-07-17,1855.29,1852.86,1869.84,1845.58,-0.26,-4.85,208233,159464451.0,1.31,0.42
2024-07-18,1843.16,1850.43,1857.71,1821.33,-0.13,-2.43,227814,172938689.0,1.96,0.46
2024-07-19,1845.58,1814.06,1845.58,1811.63,-1.97,-36.37,180778,135774325.0,1.83,0.37
2024-07-22,1814.06,1789.8,1833.46,1784.95,-1.34,-24.26,191336,142069670.0,2.67,0.39
2024-07-23,1794.65,1746.15,1801.93,1746.15,-2.44,-43.65,216255,158000278.0,3.12,0.44
2024-07-24,1746.15,1731.6,1767.98,1724.32,-0.83,-14.55,245420,176623812.0,2.5,0.5
2024-07-25,1726.75,1760.7,1765.55,1721.9,1.68,29.1,225563,162460858.0,2.52,0.46
2024-07-26,1755.85,1777.68,1789.8,1755.85,0.96,16.98,187137,136808963.0,1.93,0.38
2024-07-29,1784.95,1797.08,1811.63,1763.13,1.09,19.4,190963,141283895.0,2.73,0.39
2024-07-30,1794.65,1767.98,1794.65,1751.0,-1.62,-29.1,128228,93419414.0,2.43,0.26
2024-07-31,1767.98,1877.11,1877.11,1760.7,6.17,109.13,272753,207286171.0,6.58,0.55
2024-08-01,1881.96,1835.88,1881.96,1828.61,-2.2,-41.23,225186,171050777.0,2.84,0.45
2024-08-02,1821.33,1823.76,1855.29,1821.33,-0.66,-12.12,148411,112370202.0,1.85,0.3
2024-08-05,1811.63,1777.68,1833.46,1777.68,-2.53,-46.08,170135,126150896.0,3.06,0.34
2024-08-06,1789.8,1794.65,1811.63,1772.83,0.95,16.97,163302,120886835.0,2.18,0.33
2024-08-07,1789.8,1809.21,1823.76,1772.83,0.81,14.56,137825,102354978.0,2.84,0.28
2024-08-08,1801.93,1852.86,1862.56,1801.93,2.41,43.65,193236,146900926.0,3.35,0.39
2024-08-09,1860.14,1826.18,1877.11,1816.48,-1.44,-26.68,146331,110867227.0,3.27,0.3
2024-08-12,1811.63,1792.23,1821.33,1775.25,-1.86,-33.95,219314,162067546.0,2.52,0.44
2024-08-13,1801.93,1777.68,1801.93,1758.28,-0.81,-14.55,163229,119528904.0,2.44,0.33
2024-08-14,1775.25,1721.9,1775.25,1717.05,-3.14,-55.78,204859,146592490.0,3.27,0.41
2024-08-15,1714.62,1753.43,1775.25,1704.92,1.83,31.53,242732,175242689.0,4.08,0.49
2024-08-16,1753.43,1746.15,1755.85,1726.75,-0.42,-7.28,143663,103180390.0,1.66,0.29
2024-08-19,1743.73,1782.53,1794.65,1743.73,2.08,36.38,190569,139825777.0,2.92,0.38
2024-08-20,1777.68,1736.45,1777.68,1729.17,-2.59,-46.08,198344,142771544.0,2.72,0.4
2024-08-21,1734.02,1753.43,1753.43,1721.9,0.98,16.98,130226,93479806.0,1.82,0.26
2024-08-22,1753.43,1734.02,1753.43,1726.75,-1.11,-19.41,125115,89766488.0,1.52,0.25
2024-08-23,1731.6,1748.58,1765.55,1731.6,0.84,14.56,132779,95889675.0,1.96,0.27
2024-08-26,1751.0,1743.73,1772.83,1731.6,-0.28,-4.85,113356,81605582.0,2.36,0.23
2024-08-27,1736.45,1755.85,1770.4,1736.45,0.7,12.12,125356,90698393.0,1.95,0.25
2024-08-28,1741.3,1748.58,1760.7,1734.02,-0.41,-7.27,107745,77485935.0,1.52,0.22
2024-08-29,1736.45,1770.4,1782.53,1734.02,1.25,21.82,125169,91047169.0,2.77,0.25
2024-08-30,1760.7,1797.08,1826.18,1736.45,1.51,26.68,259841,191571968.0,5.07,0.52
2024-09-02,1799.51,1787.38,1799.51,1775.25,-0.54,-9.7,175286,129162846.0,1.35,0.35
2024-09-03,1782.53,1823.76,1838.31,1782.53,2.04,36.38,200109,150315809.0,3.12,0.4
2024-09-04,1818.91,1821.33,1850.43,1811.63,-0.13,-2.43,160481,121275956.0,2.13,0.32
2024-09-05,1835.88,1818.91,1840.73,1806.78,-0.13,-2.42,131392,98609056.0,1.86,0.27
2024-09-06,1818.91,1770.4,1818.91,1765.55,-2.67,-48.51,125527,92397923.0,2.93,0.25
2024-09-09,1760.7,1731.6,1765.55,1726.75,-2.19,-38.8,165680,119260033.0,2.19,0.33
2024-09-10,1741.3,1678.24,1741.3,1649.14,-3.08,-53.36,293559,203522760.0,5.32,0.59
2024-09-11,1670.97,1641.87,1683.1,1632.17,-2.17,-36.37,211079,143844268.0,3.03,0.43
2024-09-12,1641.87,1653.99,1668.54,1617.61,0.74,12.12,218080,147739911.0,3.1,0.44
2024-09-13,1656.42,1629.74,1661.27,1624.89,-1.47,-24.25,134574,91106053.0,2.2,0.27
2024-09-18,1637.02,1646.72,1653.99,1600.64,1.04,16.98,164906,110640358.0,3.27,0.33
2024-09-19,1661.27,1658.84,1680.67,1629.74,0.74,12.12,156006,106698701.0,3.09,0.32
2024-09-20,1653.99,1624.89,1653.99,1615.19,-2.05,-33.95,158420,106268721.0,2.34,0.32
2024-09-23,1627.32,1629.74,1653.99,1624.89,0.3,4.85,141566,95608439.0,1.79,0.29
2024-09-24,1641.87,1709.77,1719.47,1641.87,4.91,80.03,407517,283363312.0,4.76,0.82
2024-09-25,1741.3,1707.35,1777.68,1700.07,-0.14,-2.42,328223,235438987.0,4.54,0.66
2024-09-26,1707.35,1799.51,1799.51,1707.35,5.4,92.16,308428,222818491.0,5.4,0.62
2024-09-27,1826.18,1886.81,1901.36,1826.18,4.85,87.3,408014,314471753.0,4.18,0.82
2024-09-30,1954.72,2037.18,2061.43,1930.47,7.97,150.37,679955,559349832.0,6.94,1.37
2024-10-08,2240.89,2102.66,2240.89,2027.47,3.21,65.48,1257781,1101902266.0,10.48,2.54
2024-10-09,2078.4,1935.32,2078.4,1925.62,-7.96,-167.34,656797,540383681.0,7.27,1.33
2024-10-10,1937.74,1947.44,1991.1,1925.62,0.63,12.12,441300,356210872.0,3.38,0.89
2024-10-11,1952.29,1894.09,1952.29,1867.41,-2.74,-53.35,378968,296136568.0,4.36,0.77
2024-10-14,1911.06,1906.21,1937.74,1898.94,0.64,12.12,347421,274270571.0,2.05,0.7
2024-10-15,1911.06,1877.11,1969.27,1874.69,-1.53,-29.1,452846,357966189.0,4.96,0.91
2024-10-16,1857.71,1903.79,1915.92,1857.71,1.42,26.68,258070,200966651.0,3.1,0.52
2024-10-17,1920.77,1872.26,1925.62,1869.84,-1.66,-31.53,182584,142979460.0,2.93,0.37
2024-10-18,1864.99,1903.79,1952.29,1862.56,1.68,31.53,296853,233096690.0,4.79,0.6
2024-10-21,1913.49,1915.92,1930.47,1889.24,0.64,12.13,357747,281379015.0,2.17,0.72
2024-10-22,1911.06,1969.27,1976.55,1911.06,2.78,53.35,325966,261544947.0,3.42,0.66
2024-10-23,1969.27,1976.55,1983.82,1942.59,0.37,7.28,323532,261840709.0,2.09,0.65
2024-10-24,1964.42,1961.99,1981.4,1947.44,-0.74,-14.56,245162,198219245.0,1.72,0.5
2024-10-25,1957.14,1964.42,2012.92,1949.87,0.12,2.43,431424,351634502.0,3.21,0.87
2024-10-28,1964.42,1966.84,2032.33,1954.72,0.12,2.42,623283,510381585.0,3.95,1.26
2024-11-04,2163.29,1961.99,2163.29,1906.21,-0.25,-4.85,1981689,1668076518.0,13.07,4.0
2024-11-05,1877.11,1935.32,1937.74,1855.29,-1.36,-26.67,1312901,1033144958.0,4.2,2.65
2024-11-06,1923.19,1930.47,1964.42,1898.94,-0.25,-4.85,1016112,809432384.0,3.38,2.05
2024-11-07,1915.92,1961.99,1961.99,1898.94,1.63,31.52,711568,568101615.0,3.27,1.44
2024-11-08,1978.97,1969.27,1995.95,1947.44,0.37,7.28,671270,545044257.0,2.47,1.36
2024-11-11,1961.99,2005.65,2029.9,1913.49,1.85,36.38,874913,711020031.0,5.91,1.77
2024-11-12,2003.22,2063.85,2134.18,2003.22,2.9,58.2,935599,803157135.0,6.53,1.89
2024-11-13,2063.85,2066.28,2105.08,2020.2,0.12,2.43,511028,433518099.0,4.11,1.03
2024-11-14,2054.15,2017.77,2080.83,2008.07,-2.35,-48.51,412615,347316832.0,3.52,0.83
2024-11-15,2003.22,2066.28,2109.93,1991.1,2.4,48.51,741342,629046863.0,5.89,1.5
2024-11-18,2063.85,1995.95,2071.13,1986.25,-3.4,-70.33,485147,405505152.0,4.11,0.98
2024-11-19,1988.67,2027.47,2029.9,1988.67,1.58,31.52,387260,321572606.0,2.07,0.78
2024-11-20,2015.35,2102.66,2107.51,2015.35,3.71,75.19,697002,600158377.0,4.55,1.41
2024-11-21,2102.66,2163.29,2209.37,2085.68,2.88,60.63,847008,751129262.0,5.88,1.71
2024-11-22,2151.16,2073.55,2160.86,2068.7,-4.15,-89.74,611125,531297596.0,4.26,1.23
2024-11-25,2056.58,2015.35,2083.25,1988.67,-2.81,-58.2,455124,380071617.0,4.56,0.92
2024-11-26,2005.65,2039.6,2061.43,2000.8,1.2,24.25,326165,273811090.0,3.01,0.66
2024-11-27,2029.9,2092.96,2095.38,2025.05,2.62,53.36,377966,322191931.0,3.45,0.76
2024-11-28,2083.25,2017.77,2083.25,2015.35,-3.59,-75.19,432693,363044873.0,3.24,0.87
2024-11-29,2010.5,2012.92,2044.45,2003.22,-0.24,-4.85,357880,298015126.0,2.04,0.72
2024-12-02,2008.07,2008.07,2042.03,1978.97,-0.24,-4.85,448777,371996152.0,3.13,0.91
2024-12-03,2003.22,2025.05,2029.9,2003.22,0.85,16.98,275020,229142007.0,1.33,0.56
2024-12-04,2012.92,2008.07,2044.45,1998.37,-0.84,-16.98,300551,249489674.0,2.28,0.61
2024-12-05,1998.37,2010.5,2025.05,1988.67,0.12,2.43,220399,182393660.0,1.81,0.45
2024-12-06,2010.5,2061.43,2078.4,2000.8,2.53,50.93,369795,312541952.0,3.86,0.75
2024-12-09,2066.28,2075.98,2102.66,2063.85,0.71,14.55,267954,230304187.0,1.88,0.54
2024-12-10,2119.63,2107.51,2134.18,2100.23,1.52,31.53,405447,354480985.0,1.64,0.82
2024-12-11,2102.66,2088.11,2117.21,2073.55,-0.92,-19.4,271835,234194803.0,2.07,0.55
2024-12-12,2085.68,2109.93,2112.36,2061.43,1.04,21.82,223445,192488888.0,2.44,0.45
2024-12-13,2097.81,2080.83,2136.61,2061.43,-1.38,-29.1,308591,265774865.0,3.56,0.62
2024-12-16,2071.13,2078.4,2100.23,2068.7,-0.12,-2.43,155080,133077653.0,1.52,0.31
2024-12-17,2073.55,2073.55,2102.66,2066.28,-0.23,-4.85,250137,215178565.0,1.75,0.51
2024-12-18,2073.55,2068.7,2105.08,2066.28,-0.23,-4.85,191211,164705730.0,1.87,0.39
2024-12-19,2051.73,2049.3,2078.4,2034.75,-0.94,-19.4,172916,146732584.0,2.11,0.35
2024-12-20,2046.88,2034.75,2054.15,2022.62,-0.71,-14.55,187459,157567100.0,1.54,0.38
2024-12-23,2034.75,2000.8,2044.45,1995.95,-1.67,-33.95,186813,155542927.0,2.38,0.38
2024-12-24,1991.1,2044.45,2046.88,1991.1,2.18,43.65,193045,161607127.0,2.79,0.39
2024-12-25,2046.88,2017.77,2046.88,2005.65,-1.3,-26.68,113486,94593035.0,2.02,0.23
2024-12-26,2017.77,2008.07,2025.05,2003.22,-0.48,-9.7,109182,90561891.0,1.08,0.22
2024-12-27,2010.5,2027.47,2044.45,2008.07,0.97,19.4,141480,118373925.0,1.81,0.29
2024-12-30,2025.05,2029.9,2042.03,2008.07,0.12,2.43,162338,135542505.0,1.67,0.33
2024-12-31,2032.33,1983.82,2032.33,1974.12,-2.27,-46.08,241841,198909133.0,2.87,0.49
2025-01-02,1974.12,1911.06,1986.25,1898.94,-3.67,-72.76,279965,223491907.0,4.4,0.57
2025-01-03,1903.79,1891.66,1925.62,1877.11,-1.02,-19.4,193579,151767314.0,2.54,0.39
2025-01-06,1884.39,1869.84,1898.94,1852.86,-1.15,-21.82,173845,134471548.0,2.44,0.35
2025-01-07,1867.41,1845.58,1874.69,1833.46,-1.3,-24.26,150497,114738419.0,2.21,0.3
2025-01-08,1843.16,1848.01,1874.69,1784.95,0.13,2.43,259443,195546577.0,4.86,0.52
2025-01-09,1838.31,1845.58,1869.84,1831.03,-0.13,-2.43,129826,99203972.0,2.1,0.26
2025-01-10,1850.43,1843.16,1879.54,1838.31,-0.13,-2.42,158633,121674906.0,2.23,0.32
2025-01-13,1826.18,1840.73,1855.29,1818.91,-0.13,-2.43,145122,109999118.0,1.97,0.29
2025-01-14,1835.88,1884.39,1894.09,1833.46,2.37,43.66,190765,147186584.0,3.29,0.39
2025-01-15,1884.39,1891.66,1918.34,1872.26,0.39,7.27,162913,127728219.0,2.45,0.33
2025-01-16,1906.21,1920.77,1937.74,1901.36,1.54,29.11,163831,129607156.0,1.92,0.33
2025-01-17,1911.06,1978.97,1986.25,1911.06,3.03,58.2,233670,189263001.0,3.91,0.47
2025-01-20,1986.25,1964.42,1993.52,1942.59,-0.74,-14.55,147182,119183984.0,2.57,0.3
2025-01-21,1976.55,1940.17,1976.55,1930.47,-1.23,-24.25,137339,109938706.0,2.35,0.28
2025-01-22,1935.32,1925.62,1935.32,1906.21,-0.75,-14.55,92973,73598343.0,1.5,0.19
2025-01-23,1942.59,1908.64,1947.44,1901.36,-0.88,-16.98,201050,159688868.0,2.39,0.41
2025-01-24,1901.36,1930.47,1945.02,1901.36,1.14,21.83,153974,122613765.0,2.29,0.31
2025-01-27,1937.74,1959.57,1978.97,1937.74,1.51,29.1,178303,144350677.0,2.14,0.36
2025-02-05,1976.55,1925.62,1976.55,1913.49,-1.73,-33.95,128296,102059092.0,3.22,0.26
2025-02-06,1928.04,1945.02,2005.65,1928.04,1.01,19.4,252659,203763891.0,4.03,0.51
2025-02-07,1945.02,1949.87,1986.25,1932.89,0.25,4.85,274942,222353035.0,2.74,0.56
2025-02-10,1952.29,1949.87,1959.57,1932.89,0.0,0.0,161814,129822305.0,1.37,0.33
2025-02-11,1954.72,1959.57,1969.27,1928.04,0.5,9.7,224963,181242945.0,2.11,0.45
2025-02-12,1954.72,1976.55,1998.37,1942.59,0.87,16.98,349570,284090631.0,2.85,0.71
2025-02-13,1978.97,1971.7,1988.67,1964.42,-0.25,-4.85,191399,155961666.0,1.23,0.39
2025-02-14,1974.12,1969.27,1976.55,1947.44,-0.12,-2.43,158083,127922625.0,1.48,0.32
2025-02-17,1961.99,1945.02,1961.99,1932.89,-1.23,-24.25,167823,134199160.0,1.48,0.34
2025-02-18,1940.17,1947.44,1981.4,1935.32,0.12,2.42,211781,170935604.0,2.37,0.43
2025-02-19,1940.17,1998.37,2005.65,1935.32,2.62,50.93,373632,304949109.0,3.61,0.75
2025-02-20,1995.95,2005.65,2008.07,1969.27,0.36,7.28,257138,211241863.0,1.94,0.52
2025-02-21,1998.37,1986.25,2020.2,1976.55,-0.97,-19.4,227488,187146522.0,2.18,0.46
2025-02-24,1988.67,1981.4,2017.77,1978.97,-0.24,-4.85,196919,162140912.0,1.95,0.4
2025-02-25,1974.12,1949.87,1974.12,1947.44,-1.59,-31.53,159939,129057610.0,1.35,0.32
2025-02-26,1959.57,2000.8,2015.35,1959.57,2.61,50.93,266148,219060802.0,2.86,0.54
2025-02-27,2000.8,2010.5,2020.2,1988.67,0.48,9.7,208523,172372973.0,1.58,0.42
2025-02-28,2000.8,2003.22,2022.62,1978.97,-0.36,-7.28,252698,208478498.0,2.17,0.51
2025-03-03,2003.22,2034.75,2061.43,2003.22,1.57,31.53,251318,211715544.0,2.91,0.51
2025-03-04,2037.18,2044.45,2063.85,2029.9,0.48,9.7,193385,163651697.0,1.67,0.39
2025-03-05,2042.03,2044.45,2046.88,2005.65,0.0,0.0,171100,143200665.0,2.02,0.35
2025-03-06,2039.6,2017.77,2039.6,1995.95,-1.3,-26.68,227907,189274531.0,2.14,0.46
2025-03-07,2017.77,2025.05,2051.73,2012.92,0.36,7.28,185487,155432138.0,1.92,0.37
2025-03-10,2022.62,2034.75,2037.18,2010.5,0.48,9.7,143975,119998889.0,1.32,0.29
2025-03-11,2012.92,2042.03,2049.3,2003.22,0.36,7.28,144027,120515714.0,2.26,0.29
2025-03-12,2044.45,2025.05,2044.45,2015.35,-0.83,-16.98,122942,102750164.0,1.43,0.25
2025-03-13,2025.05,2010.5,2027.47,1993.52,-0.72,-14.55,101138,83695215.0,1.68,0.2
2025-03-14,2008.07,2017.77,2017.77,1988.67,0.36,7.27,160924,133054872.0,1.45,0.32
2025-03-17,2017.77,2015.35,2027.47,2003.22,-0.12,-2.42,144927,120483621.0,1.2,0.29
2025-03-18,2012.92,2015.35,2034.75,1998.37,0.0,0.0,229543,190611982.0,1.81,0.46
2025-03-19,2012.92,2005.65,2020.2,1991.1,-0.48,-9.7,134597,111320069.0,1.44,0.27
2025-03-20,2003.22,1978.97,2003.22,1976.55,-1.33,-26.68,155826,127517937.0,1.33,0.31
2025-03-21,1978.97,1978.97,1998.37,1966.84,0.0,0.0,145874,119262574.0,1.59,0.29
2025-03-24,1978.97,1976.55,1991.1,1966.84,-0.12,-2.42,118459,96619019.0,1.23,0.24
2025-03-25,1976.55,2003.22,2003.22,1971.7,1.35,26.67,140129,115042824.0,1.59,0.28
2025-03-26,1995.95,1998.37,2039.6,1995.95,-0.24,-4.85,219404,182219422.0,2.18,0.44
2025-03-27,1988.67,1998.37,2015.35,1988.67,0.0,0.0,184242,152215351.0,1.34,0.37
2025-03-28,1991.1,1971.7,1993.52,1964.42,-1.33,-26.67,134486,109664128.0,1.46,0.27
2025-03-31,1961.99,1884.39,1961.99,1877.11,-4.43,-87.31,279831,219490606.0,4.3,0.57
2025-04-01,1889.24,1877.11,1889.24,1864.99,-0.39,-7.28,160161,123888134.0,1.29,0.32
2025-04-02,1877.11,1860.14,1884.39,1850.43,-0.9,-16.97,174181,134078731.0,1.81,0.35
2025-04-03,1850.43,1821.33,1852.86,1806.78,-2.09,-38.81,253639,190454455.0,2.48,0.51
2025-04-07,1731.6,1639.44,1738.88,1639.44,-9.99,-181.89,341719,236002789.0,5.46,0.69
2025-04-08,1644.29,1624.89,1646.72,1607.91,-0.89,-14.55,421504,282028342.0,2.37,0.85
2025-04-09,1612.76,1634.59,1644.29,1583.66,0.6,9.7,297327,198446428.0,3.73,0.6
2025-04-10,1668.54,1670.97,1704.92,1653.99,2.23,36.38,393500,271174073.0,3.12,0.79
2025-04-11,1656.42,1649.14,1668.54,1644.29,-1.31,-21.83,233424,159309214.0,1.45,0.47
2025-04-14,1683.1,1670.97,1700.07,1663.69,1.32,21.83,203152,140418482.0,2.21,0.41
2025-04-15,1678.24,1663.69,1678.24,1629.74,-0.44,-7.28,306298,208740283.0,2.9,0.62
2025-04-16,1653.99,1634.59,1653.99,1607.91,-1.75,-29.1,264185,176898480.0,2.77,0.53
2025-04-17,1627.32,1624.89,1641.87,1624.89,-0.59,-9.7,142964,96162829.0,1.04,0.29
2025-04-18,1624.89,1641.87,1649.14,1624.89,1.04,16.98,168222,113641538.0,1.49,0.34
2025-04-21,1637.02,1629.74,1637.02,1622.47,-0.74,-12.13,171582,115212805.0,0.89,0.35
2025-04-22,1624.89,1607.91,1627.32,1605.49,-1.34,-21.83,224111,149135237.0,1.34,0.45
2025-04-23,1615.19,1632.17,1644.29,1615.19,1.51,24.26,240035,161583146.0,1.81,0.48
2025-04-24,1634.59,1639.44,1646.72,1624.89,0.45,7.27,180361,121764631.0,1.34,0.36
2025-04-25,1637.02,1637.02,1651.57,1632.17,-0.15,-2.42,163355,110700503.0,1.18,0.33
2025-04-28,1637.02,1627.32,1637.02,1612.76,-0.59,-9.7,130496,87295233.0,1.48,0.26
2025-04-29,1624.89,1627.32,1627.32,1615.19,0.0,0.0,91755,61414160.0,0.75,0.19
2025-04-30,1627.32,1622.47,1637.02,1620.04,-0.3,-4.85,110379,74032123.0,1.04,0.22
2025-05-06,1632.17,1668.54,1668.54,1627.32,2.84,46.07,202761,138134883.0,2.54,0.41
2025-05-07,1680.67,1661.27,1683.1,1646.72,-0.44,-7.27,181233,124068823.0,2.18,0.37
2025-05-08,1653.99,1663.69,1668.54,1649.14,0.15,2.42,133167,91384486.0,1.17,0.27
2025-05-09,1663.69,1639.44,1663.69,1639.44,-1.46,-24.25,167950,114048000.0,1.46,0.34
2025-05-12,1653.99,1673.39,1675.82,1651.57,2.07,33.95,151594,104088921.0,1.48,0.31
2025-05-13,1690.37,1726.75,1753.43,1685.52,3.19,53.36,415255,295298121.0,4.06,0.84
2025-05-14,1724.32,1765.55,1777.68,1712.2,2.25,38.8,420727,304193893.0,3.79,0.85
2025-05-15,1763.13,1726.75,1775.25,1721.9,-2.2,-38.8,287247,206041186.0,3.02,0.58
2025-05-16,1729.23,1701.98,1729.23,1694.54,-1.43,-24.77,222424,153223199.0,2.01,0.45
2025-05-19,1701.98,1726.75,1729.23,1689.59,1.46,24.77,184895,127668209.0,2.33,0.37
2025-05-20,1721.79,1731.7,1739.14,1704.45,0.29,4.95,185538,128960437.0,2.01,0.37
2025-05-21,1729.23,1751.52,1758.96,1724.27,1.14,19.82,190868,134813759.0,2.0,0.39
2025-05-22,1749.05,1736.66,1749.05,1726.75,-0.85,-14.86,110783,77581173.0,1.27,0.22
2025-05-23,1734.18,1741.61,1766.39,1729.23,0.29,4.95,148081,104830578.0,2.14,0.3
2025-05-26,1736.66,1709.41,1739.14,1697.02,-1.85,-32.2,161545,111709720.0,2.42,0.33
2025-05-27,1704.45,1706.93,1709.41,1682.16,-0.15,-2.48,125891,86098076.0,1.59,0.25
2025-05-28,1706.93,1692.07,1711.88,1687.11,-0.87,-14.86,113293,77488540.0,1.45,0.23
2025-05-29,1689.59,1694.54,1701.98,1687.11,0.15,2.47,144225,98706954.0,0.88,0.29
2025-05-30,1692.07,1669.77,1692.07,1667.29,-1.46,-24.77,171623,116248109.0,1.46,0.35
2025-06-03,1659.86,1659.86,1672.25,1652.43,-0.59,-9.91,204095,136663291.0,1.19,0.41
2025-06-04,1654.9,1637.56,1664.81,1635.09,-1.34,-22.3,313094,208408020.0,1.79,0.63
2025-06-05,1640.04,1647.47,1649.95,1637.56,0.61,9.91,218892,145347603.0,0.76,0.44
2025-06-06,1649.95,1640.04,1657.38,1635.09,-0.45,-7.43,203370,135004374.0,1.35,0.41
2025-06-09,1647.47,1662.34,1667.29,1642.52,1.36,22.3,219289,146801729.0,1.51,0.44
2025-06-10,1679.68,1729.23,1776.3,1679.68,4.02,66.89,698367,486500277.0,5.81,1.41
2025-06-11,1704.45,1697.02,1724.27,1694.54,-1.86,-32.21,373346,257083352.0,1.72,0.75
2025-06-12,1694.54,1687.11,1704.45,1674.72,-0.58,-9.91,242682,165311563.0,1.75,0.49
2025-06-13,1679.68,1659.86,1679.68,1654.9,-1.62,-27.25,238391,160088720.0,1.47,0.48
2025-06-16,1654.9,1657.38,1662.34,1647.47,-0.15,-2.48,147335,98488634.0,0.9,0.3
2025-06-17,1664.81,1659.86,1664.81,1654.9,0.15,2.48,120903,81040982.0,0.6,0.24
2025-06-18,1662.34,1654.9,1662.34,1649.95,-0.3,-4.96,122860,82080049.0,0.75,0.25
2025-06-19,1654.9,1644.99,1654.9,1632.61,-0.6,-9.91,203944,135282137.0,1.35,0.41
2025-06-20,1637.56,1615.27,1647.47,1610.31,-1.81,-29.72,223003,146416272.0,2.26,0.45
2025-06-23,1600.4,1612.79,1620.22,1588.01,-0.15,-2.48,179296,116071698.0,1.99,0.36
2025-06-24,1612.79,1637.56,1640.04,1612.79,1.54,24.77,177144,116607909.0,1.69,0.36
2025-06-25,1640.04,1647.47,1649.95,1627.65,0.61,9.91,143578,95026158.0,1.36,0.29
2025-06-26,1647.47,1630.13,1649.95,1627.65,-1.05,-17.34,161539,106844403.0,1.35,0.33
2025-06-27,1630.13,1640.04,1652.43,1630.13,0.61,9.91,197951,131391018.0,1.37,0.4
2025-06-30,1642.52,1637.56,1647.47,1635.09,-0.15,-2.48,172593,114265673.0,0.75,0.35
2025-07-01,1642.52,1644.99,1647.47,1635.09,0.45,7.43,179643,119126304.0,0.76,0.36
2025-07-02,1642.52,1659.86,1662.34,1642.52,0.9,14.87,171564,114594109.0,1.2,0.35
2025-07-03,1662.34,1684.63,1699.5,1654.9,1.49,24.77,238355,161798365.0,2.69,0.48
2025-07-04,1684.63,1664.81,1684.63,1662.34,-1.18,-19.82,157915,106473706.0,1.32,0.32
2025-07-07,1667.29,1654.9,1667.29,1649.95,-0.6,-9.91,130285,87061479.0,1.04,0.26
2025-07-08,1654.9,1669.77,1679.68,1654.9,0.9,14.87,187804,126283934.0,1.5,0.38
2025-07-09,1669.77,1662.34,1674.72,1657.38,-0.44,-7.43,131393,88277283.0,1.04,0.27
2025-07-10,1659.86,1699.5,1706.93,1659.86,2.24,37.16,346048,236409793.0,2.83,0.7
2025-07-11,1699.5,1694.54,1711.88,1687.11,-0.29,-4.96,280720,192597409.0,1.46,0.57
2025-07-14,1692.07,1694.54,1716.84,1692.07,0.0,0.0,205308,141246436.0,1.46,0.41
2025-07-15,1692.07,1672.25,1704.45,1659.86,-1.32,-22.29,265142,179516885.0,2.63,0.54
2025-07-16,1674.72,1672.25,1679.68,1657.38,0.0,0.0,242476,162924911.0,1.33,0.49
2025-07-17,1669.77,1674.72,1689.59,1664.81,0.15,2.47,309623,209330839.0,1.48,0.63
2025-07-18,1672.25,1741.61,1761.43,1672.25,3.99,66.89,737071,514944340.0,5.33,1.49
2025-07-21,1758.96,1853.1,1877.87,1758.96,6.4,111.49,1012435,750816747.0,6.83,2.04
2025-07-22,1858.05,1907.6,1915.03,1838.23,2.94,54.5,643077,488593234.0,4.14,1.3
2025-07-23,1905.12,1872.92,1915.03,1870.44,-1.82,-34.68,406228,309682283.0,2.34,0.82
2025-07-24,1877.87,1887.78,1900.17,1855.57,0.79,14.86,318207,241238295.0,2.38,0.64
2025-07-25,1895.21,1905.12,1959.62,1882.83,0.92,17.34,379786,295583543.0,4.07,0.77
2025-07-28,1905.12,1902.64,1910.08,1843.19,-0.13,-2.48,381640,289424849.0,3.51,0.77
2025-07-29,1905.12,1932.37,1937.33,1863.01,1.56,29.73,314631,241162049.0,3.91,0.64
2025-07-30,1927.42,1937.33,1994.31,1924.94,0.26,4.96,548976,434348574.0,3.59,1.11
2025-07-31,1929.9,1860.53,1929.9,1853.1,-3.96,-76.8,340213,257116422.0,3.96,0.69
2025-08-01,1858.05,1840.71,1872.92,1833.28,-1.07,-19.82,188325,140546569.0,2.13,0.38
2025-08-04,1830.8,1830.8,1838.23,1815.94,-0.54,-9.91,168073,123758187.0,1.21,0.34
2025-08-05,1850.62,1833.28,1850.62,1825.85,0.14,2.48,191406,141709886.0,1.35,0.39
2025-08-06,1840.71,1907.6,1917.51,1840.71,4.05,74.32,358453,273940395.0,4.19,0.72
2025-08-07,1907.6,1880.35,1939.81,1872.92,-1.43,-27.25,200090,153003967.0,3.51,0.4
2025-08-08,1875.39,1924.94,1939.81,1875.39,2.37,44.59,208767,161468823.0,3.43,0.42
2025-08-11,1922.46,1967.06,1981.92,1907.6,2.19,42.12,297909,235382897.0,3.86,0.6
2025-08-12,1942.28,1957.15,1962.1,1910.08,-0.5,-9.91,301865,236880239.0,2.64,0.61
2025-08-13,1959.62,1947.24,1962.1,1917.51,-0.51,-9.91,175101,137102201.0,2.28,0.35
2025-08-14,1952.19,1902.64,1957.15,1892.73,-2.29,-44.6,192367,149149150.0,3.31,0.39
2025-08-15,1895.21,1924.94,1944.76,1892.73,1.17,22.3,276366,214872115.0,2.73,0.56
2025-08-18,1927.42,1919.99,1942.28,1895.21,-0.26,-4.95,385777,298993992.0,2.45,0.78
2025-08-19,1919.99,1882.83,1919.99,1877.87,-1.94,-37.16,196486,150224644.0,2.19,0.4
2025-08-20,1875.39,1919.99,1919.99,1875.39,1.97,37.16,272491,209633159.0,2.37,0.55
2025-08-21,1919.99,1969.53,2016.6,1919.99,2.58,49.54,675231,538941137.0,5.03,1.36
2025-08-22,1969.53,1962.1,1972.01,1944.76,-0.38,-7.43,265480,209864658.0,1.38,0.54
2025-08-25,1967.06,1962.1,1981.92,1939.81,0.0,0.0,523419,415225234.0,2.15,1.06
2025-08-26,1967.06,2038.9,2046.33,1959.62,3.91,76.8,612165,500372016.0,4.42,1.24
2025-08-27,2031.47,2001.74,2085.97,1999.26,-1.82,-37.16,548543,453367357.0,4.25,1.11
2025-08-28,2006.7,2001.74,2026.51,1972.01,0.0,0.0,379609,305867213.0,2.72,0.77
2025-08-29,2006.7,1991.83,2041.38,1991.83,-0.5,-9.91,367502,298303231.0,2.48,0.74
2025-09-01,2004.22,1986.88,2014.13,1952.19,-0.25,-4.95,389978,312433201.0,3.11,0.79
2025-09-02,1981.92,1887.78,1981.92,1875.39,-4.99,-99.1,487469,376059564.0,5.36,0.98
2025-09-03,1917.51,1890.26,1917.51,1872.92,0.13,2.48,205818,157038496.0,2.36,0.42
2025-09-04,1882.83,1867.96,1897.69,1843.19,-1.18,-22.3,207379,156520391.0,2.88,0.42
2025-09-05,1867.96,1915.03,1924.94,1867.96,2.52,47.07,213296,163842171.0,3.05,0.43
2025-09-08,1912.55,2076.06,2090.93,1912.55,8.41,161.03,885232,730984326.0,9.31,1.79
2025-09-09,2073.59,2081.02,2090.93,2063.68,0.24,4.96,443969,372396880.0,1.31,0.9
2025-09-10,2108.27,2071.11,2108.27,2024.04,-0.48,-9.91,377742,314567132.0,4.05,0.76
2025-09-11,2061.2,2175.16,2177.64,2061.2,5.02,104.05,556459,479741855.0,5.62,1.12
2025-09-12,2157.82,2170.2,2209.84,2138.0,-0.23,-4.96,318784,280257233.0,3.3,0.64
2025-09-15,2177.64,2162.77,2185.07,2133.04,-0.34,-7.43,223240,195204150.0,2.4,0.45
2025-09-16,2175.16,2219.75,2229.66,2130.57,2.63,56.98,396235,349525561.0,4.58,0.8
2025-09-17,2204.89,2219.75,2266.82,2155.34,0.0,0.0,353232,315098586.0,5.02,0.71
2025-09-18,2222.23,2194.98,2239.57,2170.2,-1.12,-24.77,236783,210975186.0,3.13,0.48
2025-09-19,2194.98,2212.32,2286.64,2180.11,0.79,17.34,424263,383639841.0,4.85,0.86
2025-09-22,2197.46,2227.18,2227.18,2167.73,0.67,14.86,263700,234166593.0,2.69,0.53
2025-09-23,2219.75,2199.93,2219.75,2142.95,-1.22,-27.25,392018,342978413.0,3.45,0.79
2025-09-24,2182.59,2204.89,2217.27,2182.59,0.23,4.96,202820,180440115.0,1.58,0.41
2025-09-25,2202.41,2197.46,2229.66,2185.07,-0.34,-7.43,247744,221218910.0,2.02,0.5
2025-09-26,2194.98,2229.66,2244.53,2182.59,1.47,32.2,254600,228377497.0,2.82,0.51
2025-09-29,2219.75,2254.44,2261.87,2187.55,1.11,24.78,240275,216328071.0,3.33,0.49
2025-09-30,2244.53,2259.39,2266.82,2224.71,0.22,4.95,151352,137251670.0,1.87,0.31
2025-10-09,2266.82,2385.74,2417.94,2160.29,5.59,126.35,662137,620705719.0,11.4,1.34
2025-10-10,2303.98,2390.69,2425.38,2256.91,0.21,4.95,562202,533775019.0,7.06,1.14
2025-10-13,2313.89,2271.78,2353.53,2232.14,-4.97,-118.91,395588,364135355.0,5.08,0.8
2025-10-14,2279.21,2165.25,2286.64,2147.91,-4.69,-106.53,333002,296466829.0,6.11,0.67
2025-10-15,2167.74,2172.72,2195.15,2155.28,0.34,7.47,241489,210519671.0,1.84,0.49
2025-10-16,2202.62,2182.69,2212.59,2160.27,0.46,9.97,245117,214560002.0,2.41,0.49
2025-10-17,2177.71,2177.71,2210.1,2155.28,-0.23,-4.98,162290,141586539.0,2.51,0.33
2025-10-20,2187.67,2162.76,2187.67,2142.82,-0.69,-14.95,189279,164186895.0,2.06,0.38
2025-10-21,2162.76,2170.23,2202.62,2162.76,0.35,7.47,154890,135629893.0,1.84,0.31
2025-10-22,2165.25,2145.32,2175.22,2137.84,-1.15,-24.91,156185,134761161.0,1.72,0.32
2025-10-23,2137.84,2180.2,2185.18,2117.91,1.63,34.88,178274,154518817.0,3.14,0.36
2025-10-24,2185.18,2185.18,2217.57,2160.27,0.23,4.98,147315,129104157.0,2.63,0.3
2025-10-27,2192.66,2200.13,2247.47,2192.66,0.68,14.95,255439,227360972.0,2.51,0.52
2025-10-28,2197.64,2122.89,2197.64,2112.92,-3.51,-77.24,373567,320334057.0,3.85,0.75
2025-10-29,2122.89,2207.61,2217.57,2100.47,3.99,84.72,249221,217538678.0,5.52,0.5
2025-10-30,2195.15,2202.62,2230.03,2177.71,-0.23,-4.99,175742,155569814.0,2.37,0.35
2025-10-31,2200.13,2235.02,2264.92,2192.66,1.47,32.4,255950,228741882.0,3.28,0.52
2025-11-03,2232.52,2282.36,2284.85,2190.17,2.12,47.34,271778,246528515.0,4.24,0.55
2025-11-04,2277.37,2220.07,2282.36,2207.61,-2.73,-62.29,195504,176044545.0,3.28,0.39
2025-11-05,2205.12,2195.15,2210.1,2177.71,-1.12,-24.92,122558,108033542.0,1.46,0.25
2025-11-06,2187.67,2249.97,2279.87,2187.67,2.5,54.82,216081,195178738.0,4.2,0.44
2025-11-07,2259.93,2332.19,2391.99,2259.93,3.65,82.22,555533,522565129.0,5.87,1.12
2025-11-10,2342.16,2436.84,2474.21,2342.16,4.49,104.65,757472,737941363.0,5.66,1.53
2025-11-11,2421.89,2451.79,2494.15,2387.01,0.61,14.95,441926,434390269.0,4.4,0.89
2025-11-12,2451.79,2436.84,2454.28,2391.99,-0.61,-14.95,233245,226551571.0,2.54,0.47
2025-11-13,2431.86,2536.51,2536.51,2426.87,4.09,99.67,418746,418114179.0,4.5,0.85
2025-11-14,2509.1,2511.59,2611.26,2491.66,-0.98,-24.92,366082,374805590.0,4.72,0.74
2025-11-17,2499.13,2459.26,2524.05,2444.31,-2.08,-52.33,366532,363550284.0,3.17,0.74
2025-11-18,2454.28,2419.4,2476.71,2404.45,-1.62,-39.86,256613,249486885.0,2.94,0.52
2025-11-19,2401.96,2409.43,2451.79,2359.6,-0.41,-9.97,344767,330684630.0,3.81,0.7
2025-11-20,2426.87,2389.5,2461.76,2377.04,-0.83,-19.93,212664,206994942.0,3.52,0.43
2025-11-21,2367.07,2324.72,2382.02,2307.27,-2.71,-64.78,304633,286558243.0,3.13,0.62
2025-11-24,2332.19,2332.19,2389.5,2319.73,0.32,7.47,229347,216136767.0,3.0,0.46
2025-11-25,2339.67,2284.85,2357.11,2279.87,-2.03,-47.34,384498,355418430.0,3.31,0.78
2025-11-26,2284.85,2277.37,2314.75,2264.92,-0.33,-7.48,237774,218270613.0,2.18,0.48
2025-11-27,2279.87,2304.78,2327.21,2257.44,1.2,27.41,280529,258754308.0,3.06,0.57
2025-11-28,2312.26,2344.65,2359.6,2277.37,1.73,39.87,329323,307898358.0,3.57,0.67
2025-12-01,2347.14,2352.12,2406.94,2347.14,0.32,7.47,261365,249374064.0,2.55,0.53
2025-12-02,2342.16,2289.83,2347.14,2277.37,-2.65,-62.29,280501,259423043.0,2.97,0.57
2025-12-03,2289.83,2337.17,2354.62,2279.87,2.07,47.34,246052,230200313.0,3.26,0.5
2025-12-04,2332.19,2314.75,2354.62,2297.31,-0.96,-22.42,150577,140719392.0,2.45,0.3
2025-12-05,2314.75,2406.94,2434.35,2304.78,3.98,92.19,325743,311810842.0,5.6,0.66
2025-12-08,2419.4,2349.63,2419.4,2314.75,-2.38,-57.31,459865,431457396.0,4.35,0.93
2025-12-09,2329.7,2249.97,2329.7,2242.49,-4.24,-99.66,385680,351376687.0,3.71,0.78
2025-12-10,2237.51,2272.39,2289.83,2220.07,1.0,22.42,160380,145325226.0,3.1,0.32
2025-12-11,2272.39,2230.03,2279.87,2225.05,-1.86,-42.36,165331,148868912.0,2.41,0.33
2025-12-12,2222.56,2235.02,2244.98,2197.64,0.22,4.99,232476,207156823.0,2.12,0.47
2025-12-15,2210.1,2389.5,2401.96,2210.1,6.91,154.48,533474,502491231.0,8.58,1.08
2025-12-16,2401.96,2441.82,2461.76,2354.62,2.19,52.32,626583,604897988.0,4.48,1.27
2025-12-17,2444.31,2466.74,2489.16,2429.36,1.02,24.92,326741,322432102.0,2.45,0.66
2025-12-18,2471.72,2529.03,2643.65,2471.72,2.53,62.29,915089,948449987.0,6.97,1.85
2025-12-19,2529.03,2578.86,2611.26,2529.03,1.97,49.83,564646,581796918.0,3.25,1.14
2025-12-22,2603.78,2623.71,2668.56,2603.78,1.74,44.85,523562,552648645.0,2.51,1.06
2025-12-23,2616.24,2539.0,2616.24,2516.57,-3.23,-84.71,696094,710857485.0,3.8,1.41
2025-12-24,2541.49,2626.21,2643.65,2529.03,3.43,87.21,472539,490779145.0,4.51,0.95
2025-12-25,2631.19,2686.01,2738.33,2623.71,2.28,59.8,515366,556897976.0,4.36,1.04
2025-12-26,2695.97,2785.67,2800.62,2656.11,3.71,99.66,536139,588982868.0,5.38,1.08
2025-12-29,2793.15,2740.82,2810.59,2723.38,-1.61,-44.85,518820,577494581.0,3.13,1.05
2025-12-30,2703.45,2758.26,2803.11,2703.45,0.64,17.44,322819,357828380.0,3.64,0.65
2025-12-31,2745.8,2740.82,2773.21,2710.92,-0.63,-17.44,227812,250354909.0,2.26,0.46
2026-01-05,2720.89,2743.31,2765.74,2710.92,0.09,2.49,326846,358911217.0,2.0,0.66
2026-01-06,2738.33,2825.54,2875.37,2738.33,3.0,82.23,614917,695307131.0,5.0,1.24
2026-01-07,2823.05,2885.34,2897.8,2823.05,2.12,59.8,422675,487689361.0,2.65,0.85
2026-01-08,2880.35,2925.2,3012.41,2810.59,1.38,39.86,467004,548553041.0,6.99,0.94
2026-01-09,2965.07,2989.99,2994.97,2895.3,2.21,64.79,402501,477663314.0,3.41,0.81
2026-01-12,2967.56,2937.66,3027.36,2885.34,-1.75,-52.33,330638,389498667.0,4.75,0.67
2026-01-13,2912.75,2927.7,2955.1,2870.39,-0.34,-9.96,275008,321740138.0,2.88,0.56
2026-01-14,2925.2,2935.17,2999.95,2897.8,0.26,7.47,378200,447485711.0,3.49,0.76
2026-01-15,2945.14,2989.99,3054.77,2940.15,1.87,54.82,347737,418949142.0,3.91,0.7
2026-01-16,2980.02,2970.05,3017.4,2937.66,-0.67,-19.94,191985,228591629.0,2.67,0.39
2026-01-19,2945.14,3159.42,3174.37,2945.14,6.38,189.37,474816,591893255.0,7.72,0.96
2026-01-20,3214.24,3336.33,3353.77,3214.24,5.6,176.91,641417,849369457.0,4.42,1.3
2026-01-21,3338.82,3343.8,3351.28,3241.64,0.22,7.47,435615,577866798.0,3.29,0.88
2026-01-22,3351.28,3401.11,3453.44,3303.94,1.71,57.31,373537,507621729.0,4.47,0.75
2026-01-23,3388.65,3184.34,3391.14,3099.62,-6.37,-216.77,955240,1226878191.0,8.57,1.93
2026-01-26,3139.49,3117.06,3179.35,3084.67,-2.11,-67.28,568257,712121951.0,2.97,1.15
2026-01-27,3117.06,3151.94,3169.39,3064.74,1.12,34.88,488001,611696076.0,3.36,0.99
2026-01-28,3151.94,3428.52,3433.5,3151.94,8.77,276.58,706375,947669438.0,8.93,1.43
2026-01-29,3413.57,3408.59,3450.94,3356.26,-0.58,-19.93,466291,637115705.0,2.76,0.94
2026-01-30,3313.9,3209.25,3418.55,3094.64,-5.85,-199.34,774543,998723173.0,9.5,1.56
2026-02-02,3179.35,2887.83,3179.35,2887.83,-10.02,-321.42,1191439,1420279632.0,9.08,2.41
2026-02-03,2850.45,2900.29,2902.78,2818.06,0.43,12.46,901966,1034011437.0,2.93,1.82
2026-02-04,2907.76,2867.9,2907.76,2825.54,-1.12,-32.39,538421,619941109.0,2.83,1.09
2026-02-05,2860.42,2850.45,2930.19,2840.49,-0.61,-17.45,408102,471204455.0,3.13,0.82
2026-02-06,2815.57,2987.5,3042.31,2813.08,4.81,137.05,645103,770836257.0,8.04,1.3
2026-02-09,2992.48,3094.64,3109.59,2992.48,3.59,107.14,445038,547886891.0,3.92,0.9
2026-02-10,3104.6,3099.62,3117.06,3044.8,0.16,4.98,333946,413017908.0,2.34,0.67
2026-02-11,3092.14,3099.62,3194.3,3079.69,0.0,0.0,310625,391139247.0,3.7,0.63
2026-02-12,3084.67,3062.25,3136.99,3044.8,-1.21,-37.37,231967,287023513.0,2.97,0.47
2026-02-13,3042.31,2965.07,3057.26,2960.09,-3.17,-97.18,257961,310151433.0,3.17,0.52
2026-02-24,2997.46,3127.03,3146.96,2952.61,5.46,161.96,499193,615462180.0,6.55,1.01
2026-02-25,3129.52,3141.98,3234.17,3109.59,0.48,14.95,398631,507180010.0,3.98,0.8
2026-02-26,3127.03,3119.55,3231.68,3097.13,-0.71,-22.43,353168,446745120.0,4.28,0.71
2026-02-27,3099.62,3092.15,3154.44,3014.9,-0.88,-27.4,462631,569998592.0,4.47,0.93
2026-03-02,3079.69,3109.59,3132.01,3027.36,0.56,17.44,504446,624881245.0,3.38,1.02
2026-03-03,3112.08,2902.78,3154.44,2892.81,-6.65,-206.81,545906,652801037.0,8.41,1.1
2026-03-04,2862.91,2932.68,2987.5,2778.2,1.03,29.9,800274,926309130.0,7.21,1.62
2026-03-05,2970.05,2982.51,3019.89,2927.7,1.7,49.83,426789,510475428.0,3.14,0.86
2026-03-06,2965.07,3004.94,3097.13,2942.65,0.75,22.43,524636,637434941.0,5.18,1.06
2026-03-09,2965.07,2800.62,3002.45,2775.71,-6.8,-204.32,647955,735638127.0,7.55,1.31
2026-03-10,2808.1,2850.45,2907.76,2808.1,1.78,49.83,524949,600717231.0,3.56,1.06
2026-03-11,2865.4,2932.68,2960.09,2815.57,2.88,82.23,492114,569678851.0,5.07,0.99
2026-03-12,2965.07,2760.76,2977.53,2740.82,-5.86,-171.92,830997,932990270.0,8.07,1.68
2026-03-13,2728.36,2666.07,2755.77,2658.6,-3.43,-94.69,680004,734306657.0,3.52,1.37
2026-03-16,2666.07,2623.71,2693.48,2601.29,-1.59,-42.36,484120,511942987.0,3.46,0.98
2026-03-17,2648.63,2598.8,2693.48,2593.81,-0.95,-24.91,405012,428994253.0,3.8,0.82
2026-03-18,2603.78,2601.29,2636.17,2558.93,0.1,2.49,259008,269002512.0,2.97,0.52
2026-03-19,2591.32,2461.76,2608.77,2444.32,-5.36,-139.53,512631,512766958.0,6.32,1.04
2026-03-20,2466.74,2429.37,2516.57,2424.38,-1.32,-32.39,537276,529913447.0,3.74,1.08
2026-03-23,2399.47,2362.09,2439.33,2349.63,-2.77,-67.28,552953,530107615.0,3.69,1.12
2026-03-24,2401.96,2436.84,2454.28,2372.06,3.16,74.75,408740,396639069.0,3.48,0.83
2026-03-25,2439.33,2476.71,2536.51,2439.33,1.64,39.87,485300,486342138.0,3.99,0.98
2026-03-26,2531.52,2521.56,2583.85,2486.68,1.81,44.85,482168,490538220.0,3.92,0.97
2026-03-27,2494.15,2541.49,2611.26,2491.66,0.79,19.93,376856,388525647.0,4.74,0.76
2026-03-30,2588.83,2626.21,2666.07,2553.95,3.33,84.72,596117,626562674.0,4.41,1.2
2026-03-31,2641.16,2556.44,2663.58,2551.46,-2.66,-69.77,314302,325970363.0,4.27,0.63
2026-04-01,2613.75,2631.19,2673.55,2593.82,2.92,74.75,451781,478762351.0,3.12,0.91
2026-04-02,2633.68,2596.31,2641.16,2576.37,-1.33,-34.88,235709,246014942.0,2.46,0.48
2026-04-03,2608.77,2561.43,2608.77,2543.98,-1.34,-34.88,180661,186544297.0,2.5,0.36
2026-04-07,2588.83,2671.06,2703.45,2586.34,4.28,109.63,558367,597777011.0,4.57,1.13
2026-04-08,2678.53,2738.33,2763.25,2636.18,2.52,67.27,626370,684555581.0,4.76,1.26
2026-04-09,2735.84,2760.76,2803.12,2700.96,0.82,22.43,383256,424382047.0,3.73,0.77
2026-04-10,2770.73,2808.1,2847.97,2740.83,1.71,47.34,336467,379798453.0,3.88,0.68
2026-04-13,2795.64,2788.17,2815.58,2673.55,-0.71,-19.93,455740,501697617.0,5.06,0.92
2026-04-14,2780.69,2705.94,2780.69,2658.6,-2.95,-82.23,467148,505291827.0,4.38,0.94
2026-04-15,2720.89,2725.88,2743.32,2666.08,0.74,19.94,403579,438526625.0,2.85,0.81
2026-04-16,2723.38,2753.28,2790.66,2700.96,1.01,27.4,439565,485086068.0,3.29,0.89
2026-04-17,2753.28,2686.01,2753.28,2661.09,-2.44,-67.27,318278,343456623.0,3.35,0.64
2026-04-20,2690.99,2750.79,2778.2,2656.11,2.41,64.78,309544,341220011.0,4.55,0.63
2026-04-21,2773.22,2808.1,2823.05,2676.04,2.08,57.31,448320,498899754.0,5.34,0.91
2026-04-22,2870.39,2860.42,2912.75,2810.59,1.86,52.32,469760,539723386.0,3.64,0.95
2026-04-23,2842.98,2830.52,2907.77,2783.18,-1.05,-29.9,422442,480643894.0,4.36,0.85
2026-04-24,2833.02,2877.87,2965.07,2833.02,1.67,47.35,504188,587331029.0,4.67,1.02
2026-04-27,2852.95,2850.46,2902.78,2830.52,-0.95,-27.41,361068,414012540.0,2.51,0.73
2026-04-28,2830.52,2905.27,2955.11,2795.64,1.92,54.81,372761,434797520.0,5.59,0.75
2026-04-29,2890.32,2892.82,2950.12,2865.41,-0.43,-12.45,373851,435148091.0,2.92,0.75
2026-04-30,2892.82,2930.19,2952.62,2880.36,1.29,37.37,366634,429874675.0,2.5,0.74
2026-05-06,2962.58,2922.72,3017.4,2857.93,-0.25,-7.47,553917,646658771.0,5.44,1.12
2026-05-07,2922.72,2760.76,2925.21,2743.32,-5.54,-161.96,696703,778678190.0,6.22,1.41
2026-05-08,2760.76,2743.32,2805.61,2703.45,-0.63,-17.44,438133,481787953.0,3.7,0.88
2026-05-11,2753.28,2765.74,2820.56,2715.91,0.82,22.42,459988,510688308.0,3.81,0.93
2026-05-12,2788.17,2815.57,2835.51,2755.77,1.8,49.83,359607,402713112.0,2.88,0.73
2026-05-13,2820.56,2815.57,2870.39,2770.72,0.0,0.0,391532,444116021.0,3.54,0.79
2026-05-14,2815.57,2825.54,3014.91,2795.64,0.35,9.97,641301,752727125.0,7.79,1.3
2026-05-15,2865.41,2860.42,2952.62,2798.13,1.23,34.88,630943,727349882.0,5.47,1.27
2026-05-18,2815.57,2641.16,2825.54,2606.28,-7.67,-219.26,753706,812314316.0,7.67,1.52
2026-05-19,2618.73,2581.36,2651.13,2553.95,-2.26,-59.8,510358,529917309.0,3.68,1.03
2026-05-20,2576.38,2661.09,2703.45,2566.41,3.09,79.73,409884,434880454.0,5.31,0.83
2026-05-21,2668.57,2556.44,2723.38,2556.44,-3.93,-104.65,397669,418665705.0,6.27,0.8
2026-05-22,2581.36,2591.32,2616.24,2551.46,1.36,34.88,284913,295428587.0,2.53,0.58
2026-05-25,2591.32,2606.27,2661.09,2563.92,0.58,14.95,284105,298718327.0,3.75,0.57
2026-05-26,2606.27,2681.02,2693.48,2539.0,2.87,74.75,505651,528676240.0,5.93,1.02
2026-05-27,2666.07,2611.26,2715.91,2573.88,-2.6,-69.76,322168,339992616.0,5.3,0.65
2026-05-28,2611.26,2568.9,2636.18,2551.46,-1.62,-42.36,330889,342645897.0,3.24,0.67
2026-05-29,2576.38,2519.07,2588.83,2496.64,-1.94,-49.83,351399,358296652.0,3.59,0.71
2026-06-01,2504.12,2534.02,2621.23,2476.71,0.59,14.95,430291,440281926.0,5.74,0.87
2026-06-02,2551.46,2501.63,2571.39,2471.73,-1.28,-32.39,413468,414642682.0,3.93,0.83
2026-06-03,2504.12,2586.34,2616.24,2471.73,3.39,84.71,453678,462529891.0,5.78,0.92
2026-06-04,2566.41,2506.61,2573.88,2481.69,-3.08,-79.73,392316,396453165.0,3.56,0.79
2026-06-05,2501.63,2546.48,2611.26,2496.64,1.59,39.87,542158,556817073.0,4.57,1.09
2026-06-08,2568.9,2566.41,2676.04,2556.44,0.78,19.93,821934,863675100.0,4.7,1.66
2026-06-09,2568.9,2514.08,2598.8,2479.2,-2.04,-52.33,393640,397318717.0,4.66,0.79
2026-06-10,2511.57,2599.65,2612.23,2448.65,3.4,85.57,499420,501917471.0,6.51,1.01
2026-06-11,2599.65,2481.37,2632.36,2466.27,-4.55,-118.28,460672,460276272.0,6.39,0.93
2026-06-12,2501.5,2604.68,2632.36,2453.68,4.97,123.31,570440,583101290.0,7.2,1.15
2026-06-15,2607.2,2748.13,2798.46,2607.2,5.51,143.45,646781,707307444.0,7.34,1.31
2026-06-16,2705.34,2695.28,2866.41,2680.18,-1.92,-52.85,665341,728313002.0,6.78,1.34
2026-06-17,2680.18,2652.5,2745.61,2644.95,-1.59,-42.78,412046,441335163.0,3.73,0.83
2026-06-18,2637.4,2390.77,2637.4,2388.25,-9.87,-261.73,1178212,1150872262.0,9.39,2.38
2026-06-22,2337.92,2534.22,2541.77,2305.21,6.0,143.45,923999,892779169.0,9.89,1.87
2026-06-23,2534.22,2634.88,2715.41,2526.67,3.97,100.66,965716,1015303114.0,7.45,1.95
2026-06-24,2637.4,2725.48,2783.36,2627.33,3.44,90.6,544844,589037860.0,5.92,1.1
2026-06-25,2717.93,2722.96,2813.56,2652.5,-0.09,-2.52,685362,741451762.0,5.91,1.38
2026-06-26,2720.44,2622.3,2733.03,2592.1,-3.7,-100.66,395983,417990331.0,5.18,0.8
2026-06-29,2609.71,2529.18,2609.71,2443.62,-3.55,-93.11,596606,599368707.0,6.33,1.2
2026-06-30,2531.70,2388.25,2577.00,2375.67,-5.57,0,725498.0,704282395.0,0,0
2026-07-01,2393.28,2554.35,2612.23,2335.40,6.95,0,741616.0,733488845.0,0,0
2026-07-02,2546.80,2574.48,2634.88,2516.60,0.79,0,570361.0,584491584.0,0,0
2026-07-03,0.00,2629.84,0.00,0.00,2.15,0,0,0,0,0
