日期,开盘,收盘,最高,最低,涨跌幅,涨跌额,成交量,成交额,振幅,换手率
2010-01-04,1004.86,1004.86,1004.86,1004.86,0.49,4.86,138620,176706219.0,0.0,0.12
2010-01-05,1013.28,1013.28,1013.28,1013.28,0.84,8.42,146490,174275418.0,0.0,0.12
2010-01-06,1028.51,1028.51,1028.51,1028.51,1.5,15.23,248221,345500312.0,0.0,0.21
2010-01-07,1014.44,1014.44,1014.44,1014.44,-1.37,-14.07,200266,287076117.0,0.0,0.17
2010-01-08,1017.56,1017.56,1017.56,1017.56,0.31,3.12,126689,184265363.0,0.0,0.11
2010-01-11,1008.68,1008.68,1008.68,1008.68,-0.87,-8.88,141517,178228923.0,0.0,0.12
2010-01-12,1031.0,1031.0,1031.0,1031.0,2.21,22.32,186165,296078730.0,0.0,0.15
2010-01-13,1018.06,1018.06,1018.06,1018.06,-1.26,-12.94,194384,253632235.0,0.0,0.16
2010-01-14,1045.42,1045.42,1045.42,1045.42,2.69,27.36,246602,314464894.0,0.0,0.21
2010-01-15,1057.2,1057.2,1057.2,1057.2,1.13,11.78,330244,361329837.0,0.0,0.27
2010-01-18,1068.22,1068.22,1068.22,1068.22,1.04,11.02,241582,308494685.0,0.0,0.2
2010-01-19,1058.55,1058.55,1058.55,1058.55,-0.91,-9.67,168221,234401115.0,0.0,0.14
2010-01-20,1011.47,1011.47,1011.47,1011.47,-4.45,-47.08,216234,294498292.0,0.0,0.18
2010-01-21,1022.48,1022.48,1022.48,1022.48,1.09,11.01,131625,171414673.0,0.0,0.11
2010-01-22,986.7,986.7,986.7,986.7,-3.5,-35.78,136722,181454832.0,0.0,0.11
2010-01-25,967.4,967.4,967.4,967.4,-1.96,-19.3,83154,103934118.0,0.0,0.07
2010-01-26,933.01,933.01,933.01,933.01,-3.55,-34.39,103607,125093471.0,0.0,0.09
2010-01-27,924.97,924.97,924.97,924.97,-0.86,-8.04,81062,94514667.0,0.0,0.07
2010-01-28,932.78,932.78,932.78,932.78,0.84,7.81,52810,59138963.0,0.0,0.04
2010-01-29,934.96,934.96,934.96,934.96,0.23,2.18,61374,74739722.0,0.0,0.05
2010-02-01,911.16,911.16,911.16,911.16,-2.55,-23.8,75149,97390833.0,0.0,0.06
2010-02-02,914.28,914.28,914.28,914.28,0.34,3.12,69999,86017692.0,0.0,0.06
2010-02-03,916.75,916.75,916.75,916.75,0.27,2.47,156114,263634140.0,0.0,0.13
2010-02-04,928.23,928.23,928.23,928.23,1.25,11.48,160512,204420807.0,0.0,0.13
2010-02-05,930.8,930.8,930.8,930.8,0.28,2.57,138838,181640775.0,0.0,0.12
2010-02-08,937.57,937.57,937.57,937.57,0.73,6.77,92426,133378067.0,0.0,0.08
2010-02-09,938.62,938.62,938.62,938.62,0.11,1.05,61509,72295810.0,0.0,0.05
2010-02-10,959.23,959.23,959.23,959.23,2.2,20.61,67876,128530419.0,0.0,0.06
2010-02-11,956.69,956.69,956.69,956.69,-0.26,-2.54,49611,79946153.0,0.0,0.04
2010-02-12,965.07,965.07,965.07,965.07,0.88,8.38,101686,130949273.0,0.0,0.08
2010-02-22,958.53,958.53,958.53,958.53,-0.68,-6.54,101399,115189262.0,0.0,0.08
2010-02-23,978.54,978.54,978.54,978.54,2.09,20.01,128682,142602190.0,0.0,0.11
2010-02-24,995.5,995.5,995.5,995.5,1.73,16.96,149703,174171206.0,0.0,0.12
2010-02-25,996.06,996.06,996.06,996.06,0.06,0.56,148312,182638080.0,0.0,0.12
2010-02-26,1027.8,1027.8,1027.8,1027.8,3.19,31.74,322279,393538111.0,0.0,0.27
2010-03-01,1026.72,1026.72,1026.72,1026.72,-0.11,-1.08,253401,304403067.0,0.0,0.21
2010-03-02,1035.09,1035.09,1035.09,1035.09,0.82,8.37,270169,365042547.0,0.0,0.22
2010-03-03,1039.73,1039.73,1039.73,1039.73,0.45,4.64,243468,297717279.0,0.0,0.2
2010-03-04,1000.63,1000.63,1000.63,1000.63,-3.76,-39.1,243328,310657311.0,0.0,0.2
2010-03-05,1004.27,1004.27,1004.27,1004.27,0.36,3.64,128432,146482048.0,0.0,0.11
2010-03-08,1018.43,1018.43,1018.43,1018.43,1.41,14.16,135621,149403637.0,0.0,0.11
2010-03-09,1023.2,1023.2,1023.2,1023.2,0.47,4.77,230023,270796189.0,0.0,0.19
2010-03-10,1006.56,1006.56,1006.56,1006.56,-1.63,-16.64,167782,195020614.0,0.0,0.14
2010-03-11,991.93,991.93,991.93,991.93,-1.45,-14.63,117781,135413951.0,0.0,0.1
2010-03-12,981.1,981.1,981.1,981.1,-1.09,-10.83,98284,136238774.0,0.0,0.08
2010-03-15,975.79,975.79,975.79,975.79,-0.54,-5.31,65110,79647785.0,0.0,0.05
2010-03-16,984.7,984.7,984.7,984.7,0.91,8.91,65169,70297304.0,0.0,0.05
2010-03-17,1006.39,1006.39,1006.39,1006.39,2.2,21.69,106314,128282822.0,0.0,0.09
2010-03-18,1012.97,1012.97,1012.97,1012.97,0.65,6.58,106932,131693883.0,0.0,0.09
2010-03-19,1027.61,1027.61,1027.61,1027.61,1.45,14.64,156154,182397449.0,0.0,0.13
2010-03-22,1039.38,1039.38,1039.38,1039.38,1.15,11.77,240490,278393753.0,0.0,0.2
2010-03-23,1037.5,1037.5,1037.5,1037.5,-0.18,-1.88,166302,226259734.0,0.0,0.14
2010-03-24,1050.95,1050.95,1050.95,1050.95,1.3,13.45,303726,391069073.0,0.0,0.25
2010-03-25,1027.26,1027.26,1027.26,1027.26,-2.25,-23.69,225260,341677045.0,0.0,0.19
2010-03-26,1040.75,1040.75,1040.75,1040.75,1.31,13.49,152461,203353760.0,0.0,0.13
2010-03-29,1046.29,1046.29,1046.29,1046.29,0.53,5.54,153083,217674499.0,0.0,0.13
2010-03-30,1048.71,1048.71,1048.71,1048.71,0.23,2.42,134120,196103819.0,0.0,0.11
2010-03-31,1062.5,1062.5,1062.5,1062.5,1.31,13.79,148348,228966753.0,0.0,0.12
2010-04-01,1072.79,1072.79,1072.79,1072.79,0.97,10.29,207064,276947226.0,0.0,0.17
2010-04-02,1074.29,1074.29,1074.29,1074.29,0.14,1.5,224337,275113217.0,0.0,0.19
2010-04-06,1076.59,1076.59,1076.59,1076.59,0.21,2.3,187440,231131835.0,0.0,0.16
2010-04-07,1096.41,1096.41,1096.41,1096.41,1.84,19.82,202931,296518517.0,0.0,0.17
2010-04-08,1086.66,1086.66,1086.66,1086.66,-0.89,-9.75,208479,288629897.0,0.0,0.17
2010-04-09,1094.12,1094.12,1094.12,1094.12,0.69,7.46,103063,183883683.0,0.0,0.09
2010-04-12,1117.36,1117.36,1117.36,1117.36,2.12,23.24,267455,364798872.0,0.0,0.22
2010-04-13,1079.15,1079.15,1079.15,1079.15,-3.42,-38.21,278126,378772487.0,0.0,0.23
2010-04-14,1084.14,1084.14,1084.14,1084.14,0.46,4.99,120601,160022808.0,0.0,0.1
2010-04-15,1051.94,1051.94,1051.94,1051.94,-2.97,-32.2,169239,223666842.0,0.0,0.14
2010-04-16,1058.58,1058.58,1058.58,1058.58,0.63,6.64,126978,157627188.0,0.0,0.11
2010-04-19,1019.92,1019.92,1019.92,1019.92,-3.65,-38.66,160927,204450618.0,0.0,0.13
2010-04-20,1029.12,1029.12,1029.12,1029.12,0.9,9.2,124527,153530104.0,0.0,0.1
2010-04-21,1078.48,1078.48,1078.48,1078.48,4.8,49.36,149104,234818689.0,0.0,0.12
2010-04-22,1081.2,1081.2,1081.2,1081.2,0.25,2.72,142506,208412097.0,0.0,0.12
2010-04-23,1075.32,1075.32,1075.32,1075.32,-0.54,-5.88,128402,176603608.0,0.0,0.11
2010-04-26,1074.18,1074.18,1074.18,1074.18,-0.11,-1.14,94720,138558842.0,0.0,0.08
2010-04-27,1066.6,1066.6,1066.6,1066.6,-0.71,-7.58,208331,259403573.0,0.0,0.17
2010-04-28,1063.61,1063.61,1063.61,1063.61,-0.28,-2.99,250815,392412969.0,0.0,0.21
2010-04-29,1037.16,1037.16,1037.16,1037.16,-2.49,-26.45,293292,457114949.0,0.0,0.24
2010-04-30,993.22,993.22,993.22,993.22,-4.24,-43.94,205265,284759704.0,0.0,0.17
2010-05-04,996.28,996.28,996.28,996.28,0.31,3.06,225685,342148518.0,0.0,0.19
2010-05-05,1027.75,1027.75,1027.75,1027.75,3.16,31.47,261808,403416777.0,0.0,0.22
2010-05-06,997.64,997.64,997.64,997.64,-2.93,-30.11,201253,290550703.0,0.0,0.17
2010-05-07,998.65,998.65,998.65,998.65,0.1,1.01,167090,255898381.0,0.0,0.14
2010-05-10,962.23,962.23,962.23,962.23,-3.65,-36.42,192347,247290107.0,0.0,0.16
2010-05-11,932.97,932.97,932.97,932.97,-3.04,-29.26,170064,216435745.0,0.0,0.14
2010-05-12,921.56,921.56,921.56,921.56,-1.22,-11.41,163094,166473222.0,0.0,0.14
2010-05-13,935.17,935.17,935.17,935.17,1.48,13.61,144339,179253995.0,0.0,0.12
2010-05-14,930.56,930.56,930.56,930.56,-0.49,-4.61,94557,116038458.0,0.0,0.08
2010-05-17,903.5,903.5,903.5,903.5,-2.91,-27.06,174533,204619932.0,0.0,0.15
2010-05-18,910.19,910.19,910.19,910.19,0.74,6.69,125068,133492231.0,0.0,0.1
2010-05-19,907.51,907.51,907.51,907.51,-0.29,-2.68,106052,128269431.0,0.0,0.09
2010-05-20,882.76,882.76,882.76,882.76,-2.73,-24.75,161924,165126304.0,0.0,0.13
2010-05-21,898.04,898.04,898.04,898.04,1.73,15.28,162031,163841597.0,0.0,0.13
2010-05-24,932.76,932.76,932.76,932.76,3.87,34.72,184904,215351968.0,0.0,0.15
2010-05-25,928.4,928.4,928.4,928.4,-0.47,-4.36,151689,181411191.0,0.0,0.13
2010-05-26,938.56,938.56,938.56,938.56,1.09,10.16,120748,142736640.0,0.0,0.1
2010-05-27,951.72,951.72,951.72,951.72,1.4,13.16,159726,181959407.0,0.0,0.13
2010-05-28,954.25,954.25,954.25,954.25,0.27,2.53,146192,162451611.0,0.0,0.12
2010-05-31,916.84,916.84,916.84,916.84,-3.92,-37.41,107460,129246782.0,0.0,0.09
2010-06-01,910.85,910.85,910.85,910.85,-0.65,-5.99,104494,133398242.0,0.0,0.09
2010-06-02,924.97,924.97,924.97,924.97,1.55,14.12,79842,105372598.0,0.0,0.07
2010-06-03,912.53,912.53,912.53,912.53,-1.34,-12.44,91101,99541912.0,0.0,0.08
2010-06-04,919.66,919.66,919.66,919.66,0.78,7.13,53070,59933261.0,0.0,0.04
2010-06-07,917.02,917.02,917.02,917.02,-0.29,-2.64,80279,102592459.0,0.0,0.07
2010-06-08,929.71,929.71,929.71,929.71,1.38,12.69,83883,95090148.0,0.0,0.07
2010-06-09,949.15,949.15,949.15,949.15,2.09,19.44,148042,168906981.0,0.0,0.12
2010-06-10,960.14,960.14,960.14,960.14,1.16,10.99,146042,185442224.0,0.0,0.12
2010-06-11,952.68,952.68,952.68,952.68,-0.78,-7.46,112527,156643334.0,0.0,0.09
2010-06-17,941.87,941.87,941.87,941.87,-1.13,-10.81,88580,109056945.0,0.0,0.07
2010-06-18,903.59,903.59,903.59,903.59,-4.06,-38.28,108305,132670866.0,0.0,0.09
2010-06-21,927.91,927.91,927.91,927.91,2.69,24.32,83915,91926714.0,0.0,0.07
2010-06-22,942.98,942.98,942.98,942.98,1.62,15.07,55942,56188707.0,0.0,0.05
2010-06-23,940.22,940.22,940.22,940.22,-0.29,-2.76,125410,135956585.0,0.0,0.1
2010-06-24,936.66,936.66,936.66,936.66,-0.38,-3.56,87766,93388120.0,0.0,0.07
2010-06-25,920.59,920.59,920.59,920.59,-1.72,-16.07,177447,214809606.0,0.0,0.15
2010-06-28,912.14,912.14,912.14,912.14,-0.92,-8.45,167088,209342649.0,0.0,0.14
2010-06-29,871.88,871.88,871.88,871.88,-4.41,-40.26,157930,175330032.0,0.0,0.13
2010-06-30,877.36,877.36,877.36,877.36,0.63,5.48,106043,119666740.0,0.0,0.09
2010-07-01,888.87,888.87,888.87,888.87,1.31,11.51,113138,153985239.0,0.0,0.09
2010-07-02,881.35,881.35,881.35,881.35,-0.85,-7.52,141429,171815594.0,0.0,0.12
2010-07-05,883.69,883.69,883.69,883.69,0.27,2.34,98326,122510849.0,0.0,0.08
2010-07-06,903.27,903.27,903.27,903.27,2.22,19.58,114599,134188135.0,0.0,0.1
2010-07-07,902.5,902.5,902.5,902.5,-0.09,-0.77,76387,92801678.0,0.0,0.06
2010-07-08,899.97,899.97,899.97,899.97,-0.28,-2.53,128426,133334023.0,0.0,0.11
2010-07-09,916.96,916.96,916.96,916.96,1.89,16.99,165534,182840948.0,0.0,0.14
2010-07-12,924.22,924.22,924.22,924.22,0.79,7.26,133354,146524512.0,0.0,0.11
2010-07-13,920.03,920.03,920.03,920.03,-0.45,-4.19,136831,185649074.0,0.0,0.11
2010-07-14,936.17,936.17,936.17,936.17,1.75,16.14,116935,152994778.0,0.0,0.1
2010-07-15,948.32,948.32,948.32,948.32,1.3,12.15,387462,314239043.0,0.0,0.32
2010-07-16,953.11,953.11,953.11,953.11,0.51,4.79,260568,198528485.0,0.0,0.22
2010-07-19,966.28,966.28,966.28,966.28,1.38,13.17,246865,215888189.0,0.0,0.21
2010-07-20,985.05,985.05,985.05,985.05,1.94,18.77,287395,285001617.0,0.0,0.24
2010-07-21,972.36,972.36,972.36,972.36,-1.29,-12.69,214725,208526794.0,0.0,0.18
2010-07-22,986.18,986.18,986.18,986.18,1.42,13.82,209755,210411400.0,0.0,0.17
2010-07-23,978.78,978.78,978.78,978.78,-0.75,-7.4,178078,181616239.0,0.0,0.15
2010-07-26,983.97,983.97,983.97,983.97,0.53,5.19,192752,187201231.0,0.0,0.16
2010-07-27,980.86,980.86,980.86,980.86,-0.32,-3.11,338839,353857679.0,0.0,0.28
2010-07-28,992.76,992.76,992.76,992.76,1.21,11.9,307304,287835655.0,0.0,0.26
2010-07-29,998.9,998.9,998.9,998.9,0.62,6.14,253655,278979081.0,0.0,0.21
2010-07-30,1005.63,1005.63,1005.63,1005.63,0.67,6.73,302600,355461894.0,0.0,0.25
2010-08-02,1014.62,1014.62,1014.62,1014.62,0.89,8.99,225426,248123887.0,0.0,0.19
2010-08-03,995.64,995.64,995.64,995.64,-1.87,-18.98,224729,264501338.0,0.0,0.19
2010-08-04,986.79,986.79,986.79,986.79,-0.89,-8.85,176105,196398565.0,0.0,0.15
2010-08-05,985.76,985.76,985.76,985.76,-0.1,-1.03,155658,171333682.0,0.0,0.13
2010-08-06,1003.39,1003.39,1003.39,1003.39,1.79,17.63,182422,199716159.0,0.0,0.15
2010-08-09,1033.87,1033.87,1033.87,1033.87,3.04,30.48,338689,385322322.0,0.0,0.28
2010-08-10,1000.32,1000.32,1000.32,1000.32,-3.25,-33.55,242157,269600573.0,0.0,0.2
2010-08-11,1006.29,1006.29,1006.29,1006.29,0.6,5.97,121908,134605022.0,0.0,0.1
2010-08-12,982.44,982.44,982.44,982.44,-2.37,-23.85,132956,142013550.0,0.0,0.11
2010-08-13,1005.94,1005.94,1005.94,1005.94,2.39,23.5,153747,164926058.0,0.0,0.13
2010-08-16,1021.01,1021.01,1021.01,1021.01,1.5,15.07,182089,216135742.0,0.0,0.15
2010-08-17,1029.25,1029.25,1029.25,1029.25,0.81,8.24,188301,237922827.0,0.0,0.16
2010-08-18,1021.15,1021.15,1021.15,1021.15,-0.79,-8.1,190750,218408728.0,0.0,0.16
2010-08-19,1021.96,1021.96,1021.96,1021.96,0.08,0.81,234153,280836685.0,0.0,0.19
2010-08-20,1000.52,1000.52,1000.52,1000.52,-2.1,-21.44,165408,197742112.0,0.0,0.14
2010-08-23,1005.88,1005.88,1005.88,1005.88,0.54,5.36,122766,148901694.0,0.0,0.1
2010-08-24,1024.36,1024.36,1024.36,1024.36,1.84,18.48,149425,184895223.0,0.0,0.12
2010-08-25,1001.45,1001.45,1001.45,1001.45,-2.24,-22.91,200884,204692110.0,0.0,0.17
2010-08-26,1003.25,1003.25,1003.25,1003.25,0.18,1.8,124442,146776556.0,0.0,0.1
2010-08-27,1015.52,1015.52,1015.52,1015.52,1.22,12.27,188109,220383688.0,0.0,0.16
2010-08-30,1051.0,1051.0,1051.0,1051.0,3.49,35.48,318797,364004515.0,0.0,0.27
2010-08-31,1049.91,1049.91,1049.91,1049.91,-0.1,-1.09,204307,217474346.0,0.0,0.17
2010-09-01,1027.19,1027.19,1027.19,1027.19,-2.16,-22.72,246313,273604220.0,0.0,0.2
2010-09-02,1047.26,1047.26,1047.26,1047.26,1.95,20.07,224314,250578223.0,0.0,0.19
2010-09-03,1064.93,1064.93,1064.93,1064.93,1.69,17.67,305201,331851353.0,0.0,0.25
2010-09-06,1063.15,1063.15,1063.15,1063.15,-0.17,-1.78,213640,251733434.0,0.0,0.18
2010-09-07,1069.67,1069.67,1069.67,1069.67,0.61,6.52,182254,192917831.0,0.0,0.15
2010-09-08,1065.78,1065.78,1065.78,1065.78,-0.36,-3.89,153113,170489252.0,0.0,0.13
2010-09-09,1040.92,1040.92,1040.92,1040.92,-2.33,-24.86,207177,213004697.0,0.0,0.17
2010-09-10,1066.21,1066.21,1066.21,1066.21,2.43,25.29,220137,200776353.0,0.0,0.18
2010-09-13,1075.68,1075.68,1075.68,1075.68,0.89,9.47,231128,244544291.0,0.0,0.19
2010-09-14,1062.4,1062.4,1062.4,1062.4,-1.23,-13.28,175352,194134725.0,0.0,0.15
2010-09-15,1065.09,1065.09,1065.09,1065.09,0.25,2.69,233202,290429116.0,0.0,0.19
2010-09-16,1036.72,1036.72,1036.72,1036.72,-2.66,-28.37,228510,280515650.0,0.0,0.19
2010-09-17,1016.61,1016.61,1016.61,1016.61,-1.94,-20.11,123447,132887396.0,0.0,0.1
2010-09-20,996.11,996.11,996.11,996.11,-2.02,-20.5,97860,103796067.0,0.0,0.08
2010-09-21,994.41,994.41,994.41,994.41,-0.17,-1.7,55986,52550819.0,0.0,0.05
2010-09-27,1017.04,1017.04,1017.04,1017.04,2.28,22.63,81345,89289816.0,0.0,0.07
2010-09-28,997.52,997.52,997.52,997.52,-1.92,-19.52,78759,84870157.0,0.0,0.07
2010-09-29,977.11,977.11,977.11,977.11,-2.05,-20.41,107390,107087410.0,0.0,0.09
2010-09-30,990.85,990.85,990.85,990.85,1.41,13.74,62794,71102917.0,0.0,0.05
2010-10-08,1016.03,1016.03,1016.03,1016.03,2.54,25.18,102086,128264950.0,0.0,0.08
2010-10-11,996.97,996.97,996.97,996.97,-1.88,-19.06,194748,248605348.0,0.0,0.16
2010-10-12,1007.65,1007.65,1007.65,1007.65,1.07,10.68,166852,183559201.0,0.0,0.14
2010-10-13,1014.08,1014.08,1014.08,1014.08,0.64,6.43,81720,93373162.0,0.0,0.07
2010-10-14,972.72,972.72,972.72,972.72,-4.08,-41.36,178941,193194203.0,0.0,0.15
2010-10-15,963.6,963.6,963.6,963.6,-0.94,-9.12,155429,170125971.0,0.0,0.13
2010-10-18,934.47,934.47,934.47,934.47,-3.02,-29.13,192059,239477006.0,0.0,0.16
2010-10-19,969.8,969.8,969.8,969.8,3.78,35.33,120801,132089219.0,0.0,0.1
2010-10-20,978.56,978.56,978.56,978.56,0.9,8.76,174201,192568733.0,0.0,0.14
2010-10-21,988.72,988.72,988.72,988.72,1.04,10.16,151198,170746938.0,0.0,0.13
2010-10-22,998.82,998.82,998.82,998.82,1.02,10.1,141080,163453102.0,0.0,0.12
2010-10-25,1011.57,1011.57,1011.57,1011.57,1.28,12.75,233551,253174905.0,0.0,0.19
2010-10-26,1006.97,1006.97,1006.97,1006.97,-0.45,-4.6,258128,248125406.0,0.0,0.21
2010-10-27,1011.74,1011.74,1011.74,1011.74,0.47,4.77,356837,310254098.0,0.0,0.3
2010-10-28,1039.64,1039.64,1039.64,1039.64,2.76,27.9,459639,487188868.0,0.0,0.38
2010-10-29,1038.49,1038.49,1038.49,1038.49,-0.11,-1.15,263763,318364664.0,0.0,0.22
2010-11-01,1062.96,1062.96,1062.96,1062.96,2.36,24.47,451360,488344670.0,0.0,0.38
2010-11-02,1044.04,1044.04,1044.04,1044.04,-1.78,-18.92,371724,392446171.0,0.0,0.31
2010-11-03,1035.55,1035.55,1035.55,1035.55,-0.81,-8.49,195685,236465442.0,0.0,0.16
2010-11-04,1048.01,1048.01,1048.01,1048.01,1.2,12.46,239121,241567001.0,0.0,0.2
2010-11-05,1051.82,1051.82,1051.82,1051.82,0.36,3.81,226896,251255953.0,0.0,0.19
2010-11-08,1077.09,1077.09,1077.09,1077.09,2.4,25.27,371338,379391518.0,0.0,0.31
2010-11-09,1092.23,1092.23,1092.23,1092.23,1.41,15.14,342276,374284517.0,0.0,0.28
2010-11-10,1096.37,1096.37,1096.37,1096.37,0.38,4.14,233103,305336541.0,0.0,0.19
2010-11-11,1076.51,1076.51,1076.51,1076.51,-1.81,-19.86,336866,402438030.0,0.0,0.28
2010-11-12,1012.65,1012.65,1012.65,1012.65,-5.93,-63.86,298901,309920552.0,0.0,0.25
2010-11-15,1034.99,1034.99,1034.99,1034.99,2.21,22.34,153433,208311552.0,0.0,0.13
2010-11-16,1017.94,1017.94,1017.94,1017.94,-1.65,-17.05,182424,222293948.0,0.0,0.15
2010-11-17,1010.99,1010.99,1010.99,1010.99,-0.68,-6.95,144112,201448386.0,0.0,0.12
2010-11-18,1014.14,1014.14,1014.14,1014.14,0.31,3.15,115235,155791062.0,0.0,0.1
2010-11-19,1029.08,1029.08,1029.08,1029.08,1.47,14.94,181068,227007633.0,0.0,0.15
2010-11-22,1053.49,1053.49,1053.49,1053.49,2.37,24.41,203040,293814624.0,0.0,0.17
2010-11-23,1052.7,1052.7,1052.7,1052.7,-0.07,-0.79,178709,223025709.0,0.0,0.15
2010-11-24,1072.97,1072.97,1072.97,1072.97,1.93,20.27,140713,189232272.0,0.0,0.12
2010-11-25,1087.01,1087.01,1087.01,1087.01,1.31,14.04,402660,373741518.0,0.0,0.34
2010-11-26,1079.62,1079.62,1079.62,1079.62,-0.68,-7.39,468189,410861492.0,0.0,0.39
2010-11-29,1086.01,1086.01,1086.01,1086.01,0.59,6.39,357428,316405875.0,0.0,0.3
2010-11-30,1047.77,1047.77,1047.77,1047.77,-3.52,-38.24,310882,320666860.0,0.0,0.26
2010-12-01,1058.73,1058.73,1058.73,1058.73,1.05,10.96,205684,211824781.0,0.0,0.17
2010-12-02,1055.62,1055.62,1055.62,1055.62,-0.29,-3.11,215876,225968820.0,0.0,0.18
2010-12-03,1028.96,1028.96,1028.96,1028.96,-2.53,-26.66,133743,151766650.0,0.0,0.11
2010-12-06,1008.14,1008.14,1008.14,1008.14,-2.02,-20.82,107546,121967562.0,0.0,0.09
2010-12-07,1023.15,1023.15,1023.15,1023.15,1.49,15.01,95215,103534996.0,0.0,0.08
2010-12-08,1030.59,1030.59,1030.59,1030.59,0.73,7.44,85429,115210222.0,0.0,0.07
2010-12-09,1007.27,1007.27,1007.27,1007.27,-2.26,-23.32,96866,112646899.0,0.0,0.08
2010-12-10,1030.51,1030.51,1030.51,1030.51,2.31,23.24,97597,139280467.0,0.0,0.08
2010-12-13,1047.25,1047.25,1047.25,1047.25,1.62,16.74,113259,171860983.0,0.0,0.09
2010-12-14,1058.96,1058.96,1058.96,1058.96,1.12,11.71,127009,156710410.0,0.0,0.11
2010-12-15,1054.8,1054.8,1054.8,1054.8,-0.39,-4.16,122076,128597045.0,0.0,0.1
2010-12-16,1067.8,1067.8,1067.8,1067.8,1.23,13.0,148478,179571636.0,0.0,0.12
2010-12-17,1069.09,1069.09,1069.09,1069.09,0.12,1.29,139532,183068812.0,0.0,0.12
2010-12-20,1056.12,1056.12,1056.12,1056.12,-1.21,-12.97,130648,166898629.0,0.0,0.11
2010-12-21,1069.14,1069.14,1069.14,1069.14,1.23,13.02,106417,139466455.0,0.0,0.09
2010-12-22,1061.91,1061.91,1061.91,1061.91,-0.68,-7.23,98427,116091735.0,0.0,0.08
2010-12-23,1038.21,1038.21,1038.21,1038.21,-2.23,-23.7,90706,123450781.0,0.0,0.08
2010-12-24,1031.47,1031.47,1031.47,1031.47,-0.65,-6.74,62354,84560684.0,0.0,0.05
2010-12-27,1006.78,1006.78,1006.78,1006.78,-2.39,-24.69,79019,97954215.0,0.0,0.07
2010-12-28,998.43,998.43,998.43,998.43,-0.83,-8.35,91132,103471461.0,0.0,0.08
2010-12-29,1021.16,1021.16,1021.16,1021.16,2.28,22.73,59610,79455101.0,0.0,0.05
2010-12-30,1025.66,1025.66,1025.66,1025.66,0.44,4.5,69442,97084194.0,0.0,0.06
2010-12-31,1043.1,1043.1,1043.1,1043.1,1.7,17.44,75743,99815509.0,0.0,0.06
2011-01-04,1044.84,1044.84,1044.84,1044.84,0.17,1.74,112381,130877025.0,0.0,0.09
2011-01-05,1032.36,1032.36,1032.36,1032.36,-1.19,-12.48,94482,111640802.0,0.0,0.08
2011-01-06,1053.61,1053.61,1053.61,1053.61,2.06,21.25,127920,154634357.0,0.0,0.11
2011-01-07,1038.36,1038.36,1038.36,1038.36,-1.45,-15.25,119134,162137500.0,0.0,0.1
2011-01-10,1011.1,1011.1,1011.1,1011.1,-2.63,-27.26,89578,123244834.0,0.0,0.07
2011-01-11,1009.04,1009.04,1009.04,1009.04,-0.2,-2.06,60619,73582913.0,0.0,0.05
2011-01-12,1025.34,1025.34,1025.34,1025.34,1.62,16.3,138906,170350987.0,0.0,0.12
2011-01-13,1017.87,1017.87,1017.87,1017.87,-0.73,-7.47,90595,113924884.0,0.0,0.08
2011-01-14,1003.04,1003.04,1003.04,1003.04,-1.46,-14.83,134164,145475202.0,0.0,0.11
2011-01-17,954.92,954.92,954.92,954.92,-4.8,-48.12,144423,162755967.0,0.0,0.12
2011-01-18,949.53,949.53,949.53,949.53,-0.56,-5.39,83723,94553695.0,0.0,0.07
2011-01-19,963.03,963.03,963.03,963.03,1.42,13.5,93552,98784650.0,0.0,0.08
2011-01-20,931.79,931.79,931.79,931.79,-3.24,-31.24,81685,89871550.0,0.0,0.07
2011-01-21,942.67,942.67,942.67,942.67,1.17,10.88,78191,86167778.0,0.0,0.07
2011-01-24,922.21,922.21,922.21,922.21,-2.17,-20.46,56159,73392691.0,0.0,0.05
2011-01-25,918.34,918.34,918.34,918.34,-0.42,-3.87,45789,56986638.0,0.0,0.04
2011-01-26,926.62,926.62,926.62,926.62,0.9,8.28,84233,110027784.0,0.0,0.07
2011-01-27,936.52,936.52,936.52,936.52,1.07,9.9,90153,110598443.0,0.0,0.08
2011-01-28,938.78,938.78,938.78,938.78,0.24,2.26,80099,89865834.0,0.0,0.07
2011-01-31,946.26,946.26,946.26,946.26,0.8,7.48,81176,85558501.0,0.0,0.07
2011-02-01,949.52,949.52,949.52,949.52,0.34,3.26,85462,94695449.0,0.0,0.07
2011-02-09,940.81,940.81,940.81,940.81,-0.92,-8.71,62298,64473538.0,0.0,0.05
2011-02-10,957.27,957.27,957.27,957.27,1.75,16.46,87305,89595888.0,0.0,0.07
2011-02-11,981.57,981.57,981.57,981.57,2.54,24.3,225685,184963587.0,0.0,0.19
2011-02-14,1012.85,1012.85,1012.85,1012.85,3.19,31.28,258786,239902840.0,0.0,0.22
2011-02-15,1012.16,1012.16,1012.16,1012.16,-0.07,-0.69,252825,266862950.0,0.0,0.21
2011-02-16,1022.4,1022.4,1022.4,1022.4,1.01,10.24,143437,140627605.0,0.0,0.12
2011-02-17,1019.69,1019.69,1019.69,1019.69,-0.27,-2.71,131998,133607431.0,0.0,0.11
2011-02-18,1019.14,1019.14,1019.14,1019.14,-0.05,-0.55,139690,127698696.0,0.0,0.12
2011-02-21,1029.74,1029.74,1029.74,1029.74,1.04,10.6,135112,135930340.0,0.0,0.11
2011-02-22,998.42,998.42,998.42,998.42,-3.04,-31.32,136620,143036474.0,0.0,0.11
2011-02-23,1005.8,1005.8,1005.8,1005.8,0.74,7.38,97522,100668772.0,0.0,0.08
2011-02-24,1020.68,1020.68,1020.68,1020.68,1.48,14.88,106953,103686350.0,0.0,0.09
2011-02-25,1018.66,1018.66,1018.66,1018.66,-0.2,-2.02,87936,88907785.0,0.0,0.07
2011-02-28,1027.84,1027.84,1027.84,1027.84,0.9,9.18,102951,108030288.0,0.0,0.09
2011-03-01,1033.96,1033.96,1033.96,1033.96,0.6,6.12,150856,156991837.0,0.0,0.13
2011-03-02,1036.28,1036.28,1036.28,1036.28,0.22,2.32,119506,134720739.0,0.0,0.1
2011-03-03,1012.2,1012.2,1012.2,1012.2,-2.32,-24.08,113386,124100500.0,0.0,0.09
2011-03-04,1015.58,1015.58,1015.58,1015.58,0.33,3.38,131750,146626008.0,0.0,0.11
2011-03-07,1015.63,1015.63,1015.63,1015.63,0.0,0.05,177756,214119407.0,0.0,0.15
2011-03-08,1019.9,1019.9,1019.9,1019.9,0.42,4.27,161158,162112881.0,0.0,0.13
2011-03-09,1020.07,1020.07,1020.07,1020.07,0.02,0.17,111942,128445794.0,0.0,0.09
2011-03-10,1022.1,1022.1,1022.1,1022.1,0.2,2.03,127489,129782472.0,0.0,0.11
2011-03-11,1022.46,1022.46,1022.46,1022.46,0.04,0.36,188013,219534015.0,0.0,0.16
2011-03-14,1036.5,1036.5,1036.5,1036.5,1.37,14.04,184186,219245897.0,0.0,0.15
2011-03-15,1035.54,1035.54,1035.54,1035.54,-0.09,-0.96,190302,206471177.0,0.0,0.16
2011-03-16,1041.5,1041.5,1041.5,1041.5,0.58,5.96,155871,173848712.0,0.0,0.13
2011-03-17,1025.36,1025.36,1025.36,1025.36,-1.55,-16.14,149526,164022638.0,0.0,0.12
2011-03-18,1041.41,1041.41,1041.41,1041.41,1.57,16.05,125287,143986573.0,0.0,0.1
2011-03-21,1029.58,1029.58,1029.58,1029.58,-1.14,-11.83,120835,220101116.0,0.0,0.1
2011-03-22,1034.43,1034.43,1034.43,1034.43,0.47,4.85,192513,351170811.0,0.0,0.16
2011-03-23,1045.1,1045.1,1045.1,1045.1,1.03,10.67,127203,218431224.0,0.0,0.11
2011-03-24,1046.21,1046.21,1046.21,1046.21,0.11,1.11,164339,216689015.0,0.0,0.14
2011-03-25,1042.79,1042.79,1042.79,1042.79,-0.33,-3.42,194461,303765174.0,0.0,0.16
2011-03-28,1036.4,1036.4,1036.4,1036.4,-0.61,-6.39,145006,211415568.0,0.0,0.12
2011-03-29,1029.41,1029.41,1029.41,1029.41,-0.67,-6.99,205102,241816101.0,0.0,0.17
2011-03-30,1015.21,1015.21,1015.21,1015.21,-1.38,-14.2,176725,221632791.0,0.0,0.15
2011-03-31,1004.88,1004.88,1004.88,1004.88,-1.02,-10.33,141313,173840496.0,0.0,0.12
2011-04-01,1010.86,1010.86,1010.86,1010.86,0.6,5.98,108427,131991835.0,0.0,0.09
2011-04-06,1015.74,1015.74,1015.74,1015.74,0.48,4.88,137517,150771434.0,0.0,0.11
2011-04-07,1026.56,1026.56,1026.56,1026.56,1.07,10.82,198736,201248806.0,0.0,0.17
2011-04-08,1042.26,1042.26,1042.26,1042.26,1.53,15.7,192189,294359691.0,0.0,0.16
2011-04-11,1042.14,1042.14,1042.14,1042.14,-0.01,-0.12,78257,187334553.0,0.0,0.07
2011-04-12,1036.28,1036.28,1036.28,1036.28,-0.56,-5.86,181095,189212012.0,0.0,0.15
2011-04-13,1055.04,1055.04,1055.04,1055.04,1.81,18.76,525796,570745586.0,0.0,0.44
2011-04-14,1041.12,1041.12,1041.12,1041.12,-1.32,-13.92,354173,374382169.0,0.0,0.29
2011-04-15,1037.64,1037.64,1037.64,1037.64,-0.33,-3.48,210246,221676173.0,0.0,0.17
2011-04-18,1051.15,1051.15,1051.15,1051.15,1.3,13.51,424665,409087359.0,0.0,0.35
2011-04-19,1045.41,1045.41,1045.41,1045.41,-0.55,-5.74,343105,342315283.0,0.0,0.29
2011-04-20,1051.56,1051.56,1051.56,1051.56,0.59,6.15,388629,376113416.0,0.0,0.32
2011-04-21,1062.71,1062.71,1062.71,1062.71,1.06,11.15,342470,362809496.0,0.0,0.29
2011-04-22,1075.24,1075.24,1075.24,1075.24,1.18,12.53,434917,448327393.0,0.0,0.36
2011-04-25,1054.25,1054.25,1054.25,1054.25,-1.95,-20.99,322503,332753815.0,0.0,0.27
2011-04-26,1035.86,1035.86,1035.86,1035.86,-1.74,-18.39,296373,296932771.0,0.0,0.25
2011-04-27,1017.74,1017.74,1017.74,1017.74,-1.75,-18.12,191416,182658543.0,0.0,0.16
2011-04-28,988.73,988.73,988.73,988.73,-2.85,-29.01,219231,276494891.0,0.0,0.18
2011-04-29,997.73,997.73,997.73,997.73,0.91,9.0,188095,184823442.0,0.0,0.16
2011-05-03,1007.55,1007.55,1007.55,1007.55,0.98,9.82,242643,235683130.0,0.0,0.2
2011-05-04,991.02,991.02,991.02,991.02,-1.64,-16.53,301970,294425649.0,0.0,0.25
2011-05-05,1004.05,1004.05,1004.05,1004.05,1.31,13.03,465729,445852189.0,0.0,0.39
2011-05-06,1000.71,1000.71,1000.71,1000.71,-0.33,-3.34,289614,280891424.0,0.0,0.24
2011-05-09,1012.15,1012.15,1012.15,1012.15,1.14,11.44,307263,299880602.0,0.0,0.26
2011-05-10,1033.53,1033.53,1033.53,1033.53,2.11,21.38,514230,556881380.0,0.0,0.43
2011-05-11,1026.61,1026.61,1026.61,1026.61,-0.67,-6.92,509494,547356195.0,0.0,0.42
2011-05-12,1008.83,1008.83,1008.83,1008.83,-1.73,-17.78,410082,412088454.0,0.0,0.34
2011-05-13,1031.18,1031.18,1031.18,1031.18,2.22,22.35,466604,455784417.0,0.0,0.39
2011-05-16,1023.82,1023.82,1023.82,1023.82,-0.71,-7.36,414105,396731272.0,0.0,0.34
2011-05-17,1010.22,1010.22,1010.22,1010.22,-1.33,-13.6,403746,335240666.0,0.0,0.34
2011-05-18,1026.42,1026.42,1026.42,1026.42,1.6,16.2,836875,633265116.0,0.0,0.7
2011-05-19,1012.36,1012.36,1012.36,1012.36,-1.37,-14.06,572862,447274474.0,0.0,0.48
2011-05-20,1005.73,1005.73,1005.73,1005.73,-0.65,-6.63,223679,161701087.0,0.0,0.19
2011-05-23,973.3,973.3,973.3,973.3,-3.22,-32.43,427704,342506756.0,0.0,0.36
2011-05-24,970.26,970.26,970.26,970.26,-0.31,-3.04,237192,198579614.0,0.0,0.2
2011-05-25,966.18,966.18,966.18,966.18,-0.42,-4.08,326663,247622536.0,0.0,0.27
2011-05-26,962.22,962.22,962.22,962.22,-0.41,-3.96,310370,235069905.0,0.0,0.26
2011-05-27,916.34,916.34,916.34,916.34,-4.77,-45.88,346427,252908178.0,0.0,0.29
2011-05-30,881.28,881.28,881.28,881.28,-3.83,-35.06,194494,128019431.0,0.0,0.16
2011-05-31,904.06,904.06,904.06,904.06,2.58,22.78,160526,153236795.0,0.0,0.13
2011-06-01,913.37,913.37,913.37,913.37,1.03,9.31,172687,128737921.0,0.0,0.14
2011-06-02,899.29,899.29,899.29,899.29,-1.54,-14.08,160106,120254003.0,0.0,0.13
2011-06-03,904.09,904.09,904.09,904.09,0.53,4.8,117994,103385214.0,0.0,0.1
2011-06-07,913.71,913.71,913.71,913.71,1.06,9.62,114349,91276472.0,0.0,0.1
2011-06-08,915.16,915.16,915.16,915.16,0.16,1.45,226126,156506515.0,0.0,0.19
2011-06-09,898.11,898.11,898.11,898.11,-1.86,-17.05,161229,123341775.0,0.0,0.13
2011-06-10,891.77,891.77,891.77,891.77,-0.71,-6.34,142372,104638054.0,0.0,0.12
2011-06-13,880.92,880.92,880.92,880.92,-1.22,-10.85,86898,70522599.0,0.0,0.07
2011-06-14,893.54,893.54,893.54,893.54,1.43,12.62,127488,104180087.0,0.0,0.11
2011-06-15,889.34,889.34,889.34,889.34,-0.47,-4.2,100575,80964191.0,0.0,0.08
2011-06-16,868.18,868.18,868.18,868.18,-2.38,-21.16,114101,80844357.0,0.0,0.09
2011-06-17,859.98,859.98,859.98,859.98,-0.94,-8.2,78004,67089628.0,0.0,0.06
2011-06-20,846.63,846.63,846.63,846.63,-1.55,-13.35,86561,85561070.0,0.0,0.07
2011-06-21,853.38,853.38,853.38,853.38,0.8,6.75,64863,57965430.0,0.0,0.05
2011-06-22,857.86,857.86,857.86,857.86,0.52,4.48,80950,78399298.0,0.0,0.07
2011-06-23,870.59,870.59,870.59,870.59,1.48,12.73,136730,127898029.0,0.0,0.11
2011-06-24,885.96,885.96,885.96,885.96,1.77,15.37,200691,177983566.0,0.0,0.17
2011-06-27,895.47,895.47,895.47,895.47,1.07,9.51,161200,150421371.0,0.0,0.13
2011-06-28,894.36,894.36,894.36,894.36,-0.12,-1.11,115480,94045726.0,0.0,0.1
2011-06-29,895.07,895.07,895.07,895.07,0.08,0.71,393359,276633809.0,0.0,0.33
2011-06-30,907.11,907.11,907.11,907.11,1.35,12.04,334889,253730238.0,0.0,0.28
2011-07-01,923.66,923.66,923.66,923.66,1.82,16.55,338989,270397041.0,0.0,0.28
2011-07-04,934.95,934.95,934.95,934.95,1.22,11.29,342512,269665435.0,0.0,0.29
2011-07-05,932.04,932.04,932.04,932.04,-0.31,-2.91,241300,181324161.0,0.0,0.2
2011-07-06,940.0,940.0,940.0,940.0,0.85,7.96,216398,191663455.0,0.0,0.18
2011-07-07,954.44,954.44,954.44,954.44,1.54,14.44,249785,263373089.0,0.0,0.21
2011-07-08,955.63,955.63,955.63,955.63,0.12,1.19,182463,159321515.0,0.0,0.15
2011-07-11,958.98,958.98,958.98,958.98,0.35,3.35,180205,176624796.0,0.0,0.15
2011-07-12,945.28,945.28,945.28,945.28,-1.43,-13.7,165952,150206097.0,0.0,0.14
2011-07-13,960.68,960.68,960.68,960.68,1.63,15.4,161169,151002875.0,0.0,0.13
2011-07-14,968.65,968.65,968.65,968.65,0.83,7.97,289200,221104944.0,0.0,0.24
2011-07-15,988.88,988.88,988.88,988.88,2.09,20.23,389218,319518262.0,0.0,0.32
2011-07-18,978.31,978.31,978.31,978.31,-1.07,-10.57,233372,198374267.0,0.0,0.19
2011-07-19,960.17,960.17,960.17,960.17,-1.85,-18.14,153354,138190732.0,0.0,0.13
2011-07-20,969.47,969.47,969.47,969.47,0.97,9.3,138595,141710748.0,0.0,0.12
2011-07-21,957.54,957.54,957.54,957.54,-1.23,-11.93,230111,224259190.0,0.0,0.19
2011-07-22,959.16,959.16,959.16,959.16,0.17,1.62,220569,221030159.0,0.0,0.18
2011-07-25,917.33,917.33,917.33,917.33,-4.36,-41.83,233747,218907644.0,0.0,0.19
2011-07-26,930.55,930.55,930.55,930.55,1.44,13.22,123900,115385350.0,0.0,0.1
2011-07-27,946.06,946.06,946.06,946.06,1.67,15.51,119668,109702306.0,0.0,0.1
2011-07-28,938.1,938.1,938.1,938.1,-0.84,-7.96,112839,104032385.0,0.0,0.09
2011-07-29,929.58,929.58,929.58,929.58,-0.91,-8.52,160030,145946056.0,0.0,0.13
2011-08-01,941.13,941.13,941.13,941.13,1.24,11.55,105599,115424491.0,0.0,0.09
2011-08-02,934.56,934.56,934.56,934.56,-0.7,-6.57,93581,88941904.0,0.0,0.08
2011-08-03,944.66,944.66,944.66,944.66,1.08,10.1,122794,130802487.0,0.0,0.1
2011-08-04,944.23,944.23,944.23,944.23,-0.05,-0.43,112360,119234591.0,0.0,0.09
2011-08-05,940.65,940.65,940.65,940.65,-0.38,-3.58,233820,227547159.0,0.0,0.19
2011-08-08,909.14,909.14,909.14,909.14,-3.35,-31.51,221131,207158435.0,0.0,0.18
2011-08-09,907.82,907.82,907.82,907.82,-0.15,-1.32,212780,206309562.0,0.0,0.18
2011-08-10,914.33,914.33,914.33,914.33,0.72,6.51,145496,151658496.0,0.0,0.12
2011-08-11,939.66,939.66,939.66,939.66,2.77,25.33,182657,190946813.0,0.0,0.15
2011-08-12,953.73,953.73,953.73,953.73,1.5,14.07,159806,194250642.0,0.0,0.13
2011-08-15,962.36,962.36,962.36,962.36,0.9,8.63,148881,160868888.0,0.0,0.12
2011-08-16,964.67,964.67,964.67,964.67,0.24,2.31,164897,172365836.0,0.0,0.14
2011-08-17,968.06,968.06,968.06,968.06,0.35,3.39,161072,219448609.0,0.0,0.13
2011-08-18,946.22,946.22,946.22,946.22,-2.26,-21.84,143361,198511382.0,0.0,0.12
2011-08-19,944.07,944.07,944.07,944.07,-0.23,-2.15,98578,95950310.0,0.0,0.08
2011-08-22,940.12,940.12,940.12,940.12,-0.42,-3.95,63387,62202685.0,0.0,0.05
2011-08-23,952.08,952.08,952.08,952.08,1.27,11.96,71381,79444895.0,0.0,0.06
2011-08-24,957.23,957.23,957.23,957.23,0.54,5.15,151646,176379292.0,0.0,0.13
2011-08-25,971.0,971.0,971.0,971.0,1.44,13.77,162740,178126748.0,0.0,0.14
2011-08-26,974.54,974.54,974.54,974.54,0.36,3.54,116782,108914291.0,0.0,0.1
2011-08-29,969.19,969.19,969.19,969.19,-0.55,-5.35,269642,232558943.0,0.0,0.22
2011-08-30,967.64,967.64,967.64,967.64,-0.16,-1.55,195166,152992666.0,0.0,0.16
2011-08-31,966.37,966.37,966.37,966.37,-0.13,-1.27,261753,195990772.0,0.0,0.22
2011-09-01,957.17,957.17,957.17,957.17,-0.95,-9.2,123519,96909050.0,0.0,0.1
2011-09-02,946.08,946.08,946.08,946.08,-1.16,-11.09,69091,48322915.0,0.0,0.06
2011-09-05,932.55,932.55,932.55,932.55,-1.43,-13.53,86224,77600061.0,0.0,0.07
2011-09-06,939.1,939.1,939.1,939.1,0.7,6.55,108613,90469623.0,0.0,0.09
2011-09-07,957.57,957.57,957.57,957.57,1.97,18.47,133337,113338384.0,0.0,0.11
2011-09-08,950.04,950.04,950.04,950.04,-0.79,-7.53,53354,44958046.0,0.0,0.04
2011-09-09,944.21,944.21,944.21,944.21,-0.61,-5.83,101668,87157085.0,0.0,0.08
2011-09-13,926.69,926.69,926.69,926.69,-1.86,-17.52,71815,60215194.0,0.0,0.06
2011-09-14,949.69,949.69,949.69,949.69,2.48,23.0,98083,83139663.0,0.0,0.08
2011-09-15,941.31,941.31,941.31,941.31,-0.88,-8.38,117312,103582559.0,0.0,0.1
2011-09-16,932.44,932.44,932.44,932.44,-0.94,-8.87,75587,67556636.0,0.0,0.06
2011-09-19,912.4,912.4,912.4,912.4,-2.15,-20.04,99087,81211147.0,0.0,0.08
2011-09-20,912.91,912.91,912.91,912.91,0.06,0.51,81641,66048760.0,0.0,0.07
2011-09-21,938.89,938.89,938.89,938.89,2.85,25.98,170752,142775962.0,0.0,0.14
2011-09-22,911.74,911.74,911.74,911.74,-2.89,-27.15,116258,88953501.0,0.0,0.1
2011-09-23,896.61,896.61,896.61,896.61,-1.66,-15.13,96086,78954022.0,0.0,0.08
2011-09-26,882.78,882.78,882.78,882.78,-1.54,-13.83,57464,48264527.0,0.0,0.05
2011-09-27,882.79,882.79,882.79,882.79,0.0,0.01,53977,41550233.0,0.0,0.04
2011-09-28,877.81,877.81,877.81,877.81,-0.56,-4.98,63013,46521772.0,0.0,0.05
2011-09-29,864.19,864.19,864.19,864.19,-1.55,-13.62,70652,47828416.0,0.0,0.06
2011-09-30,863.87,863.87,863.87,863.87,-0.04,-0.32,44197,30235106.0,0.0,0.04
2011-10-10,853.24,853.24,853.24,853.24,-1.23,-10.63,63131,53625109.0,0.0,0.05
2011-10-11,846.22,846.22,846.22,846.22,-0.82,-7.02,59020,45269746.0,0.0,0.05
2011-10-12,873.48,873.48,873.48,873.48,3.22,27.26,99430,88836050.0,0.0,0.08
2011-10-13,877.21,877.21,877.21,877.21,0.43,3.73,140966,136866428.0,0.0,0.12
2011-10-14,870.89,870.89,870.89,870.89,-0.72,-6.32,96928,95104088.0,0.0,0.08
2011-10-17,871.55,871.55,871.55,871.55,0.08,0.66,93332,77920460.0,0.0,0.08
2011-10-18,835.22,835.22,835.22,835.22,-4.17,-36.33,72221,66329475.0,0.0,0.06
2011-10-19,831.72,831.72,831.72,831.72,-0.42,-3.5,75483,81738316.0,0.0,0.06
2011-10-20,816.47,816.47,816.47,816.47,-1.83,-15.25,95135,74395589.0,0.0,0.08
2011-10-21,812.78,812.78,812.78,812.78,-0.45,-3.69,49996,50931395.0,0.0,0.04
2011-10-24,823.27,823.27,823.27,823.27,1.29,10.49,103681,89595561.0,0.0,0.09
2011-10-25,846.89,846.89,846.89,846.89,2.87,23.62,236864,160968958.0,0.0,0.2
2011-10-26,867.64,867.64,867.64,867.64,2.45,20.75,548627,352995322.0,0.0,0.46
2011-10-27,863.29,863.29,863.29,863.29,-0.5,-4.35,445568,297332907.0,0.0,0.37
2011-10-28,878.3,878.3,878.3,878.3,1.74,15.01,471825,317364263.0,0.0,0.39
2011-10-31,878.03,878.03,878.03,878.03,-0.03,-0.27,288461,200617136.0,0.0,0.24
2011-11-01,874.71,874.71,874.71,874.71,-0.38,-3.32,272928,186157445.0,0.0,0.23
2011-11-02,894.21,894.21,894.21,894.21,2.23,19.5,462527,314458094.0,0.0,0.38
2011-11-03,898.71,898.71,898.71,898.71,0.5,4.5,437293,341840722.0,0.0,0.36
2011-11-04,902.37,902.37,902.37,902.37,0.41,3.66,356738,250796871.0,0.0,0.3
2011-11-07,899.06,899.06,899.06,899.06,-0.37,-3.31,212082,177961583.0,0.0,0.18
2011-11-08,888.12,888.12,888.12,888.12,-1.22,-10.94,234886,220203344.0,0.0,0.2
2011-11-09,898.21,898.21,898.21,898.21,1.14,10.09,244152,195669540.0,0.0,0.2
2011-11-10,893.68,893.68,893.68,893.68,-0.5,-4.53,366791,283493680.0,0.0,0.31
2011-11-11,910.82,910.82,910.82,910.82,1.92,17.14,681192,471801745.0,0.0,0.57
2011-11-14,932.81,932.81,932.81,932.81,2.41,21.99,454509,366159146.0,0.0,0.38
2011-11-15,932.74,932.74,932.74,932.74,-0.01,-0.07,366855,310185718.0,0.0,0.31
2011-11-16,920.97,920.97,920.97,920.97,-1.26,-11.77,416797,341668115.0,0.0,0.35
2011-11-17,923.56,923.56,923.56,923.56,0.28,2.59,320354,278877139.0,0.0,0.27
2011-11-18,897.57,897.57,897.57,897.57,-2.81,-25.99,256040,208839411.0,0.0,0.21
2011-11-21,902.04,902.04,902.04,902.04,0.5,4.47,129220,100046956.0,0.0,0.11
2011-11-22,900.4,900.4,900.4,900.4,-0.18,-1.64,159593,120550296.0,0.0,0.13
2011-11-23,900.57,900.57,900.57,900.57,0.02,0.17,155989,130548257.0,0.0,0.13
2011-11-24,905.98,905.98,905.98,905.98,0.6,5.41,204235,166217188.0,0.0,0.17
2011-11-25,894.5,894.5,894.5,894.5,-1.27,-11.48,253108,189602997.0,0.0,0.21
2011-11-28,884.22,884.22,884.22,884.22,-1.15,-10.28,207423,149774747.0,0.0,0.17
2011-11-29,902.78,902.78,902.78,902.78,2.1,18.56,208383,177401357.0,0.0,0.17
2011-11-30,871.95,871.95,871.95,871.95,-3.42,-30.83,251632,209592383.0,0.0,0.21
2011-12-01,887.33,887.33,887.33,887.33,1.76,15.38,265948,249476856.0,0.0,0.22
2011-12-02,879.66,879.66,879.66,879.66,-0.86,-7.67,153264,134593958.0,0.0,0.13
2011-12-05,859.01,859.01,859.01,859.01,-2.35,-20.65,114830,100216887.0,0.0,0.1
2011-12-06,860.87,860.87,860.87,860.87,0.22,1.86,176022,148594888.0,0.0,0.15
2011-12-07,860.3,860.3,860.3,860.3,-0.07,-0.57,137885,105160652.0,0.0,0.11
2011-12-08,853.83,853.83,853.83,853.83,-0.75,-6.47,183862,138241964.0,0.0,0.15
2011-12-09,843.87,843.87,843.87,843.87,-1.17,-9.96,92393,69241181.0,0.0,0.08
2011-12-12,839.53,839.53,839.53,839.53,-0.51,-4.34,99868,84490496.0,0.0,0.08
2011-12-13,817.86,817.86,817.86,817.86,-2.58,-21.67,178696,137613761.0,0.0,0.15
2011-12-14,808.96,808.96,808.96,808.96,-1.09,-8.9,67566,46981548.0,0.0,0.06
2011-12-15,791.26,791.26,791.26,791.26,-2.19,-17.7,89407,69262036.0,0.0,0.07
2011-12-16,811.45,811.45,811.45,811.45,2.55,20.19,133555,99086514.0,0.0,0.11
2011-12-19,814.83,814.83,814.83,814.83,0.42,3.38,142627,105239234.0,0.0,0.12
2011-12-20,810.8,810.8,810.8,810.8,-0.49,-4.03,134602,105115428.0,0.0,0.11
2011-12-21,785.7,785.7,785.7,785.7,-3.1,-25.1,103379,82612942.0,0.0,0.09
2011-12-22,785.34,785.34,785.34,785.34,-0.05,-0.36,142449,114075671.0,0.0,0.12
2011-12-23,792.19,792.19,792.19,792.19,0.87,6.85,83182,71549421.0,0.0,0.07
2011-12-26,776.78,776.78,776.78,776.78,-1.95,-15.41,75486,52434041.0,0.0,0.06
2011-12-27,733.59,733.59,733.59,733.59,-5.56,-43.19,98407,79284042.0,0.0,0.08
2011-12-28,718.06,718.06,718.06,718.06,-2.12,-15.53,132116,95088708.0,0.0,0.11
2011-12-29,716.37,716.37,716.37,716.37,-0.24,-1.69,74335,56375332.0,0.0,0.06
2011-12-30,727.4,727.4,727.4,727.4,1.54,11.03,76927,60831360.0,0.0,0.06
2012-01-04,706.15,706.15,706.15,706.15,-2.92,-21.25,60889,46631192.0,0.0,0.05
2012-01-05,667.04,667.04,667.04,667.04,-5.54,-39.11,84098,64590707.0,0.0,0.07
2012-01-06,661.46,661.46,661.46,661.46,-0.84,-5.58,98227,71140645.0,0.0,0.08
2012-01-09,688.14,688.14,688.14,688.14,4.03,26.68,109619,73718023.0,0.0,0.09
2012-01-10,714.83,714.83,714.83,714.83,3.88,26.69,189870,129513803.0,0.0,0.16
2012-01-11,719.11,719.11,719.11,719.11,0.6,4.28,158310,102990543.0,0.0,0.13
2012-01-12,712.79,712.79,712.79,712.79,-0.88,-6.32,114869,87505789.0,0.0,0.1
2012-01-13,690.13,690.13,690.13,690.13,-3.18,-22.66,105780,76720377.0,0.0,0.09
2012-01-16,667.85,667.85,667.85,667.85,-3.23,-22.28,51572,35493616.0,0.0,0.04
2012-01-17,701.01,701.01,701.01,701.01,4.97,33.16,109594,79465351.0,0.0,0.09
2012-01-18,683.3,683.3,683.3,683.3,-2.53,-17.71,95008,71404638.0,0.0,0.08
2012-01-19,689.75,689.75,689.75,689.75,0.94,6.45,71713,52011484.0,0.0,0.06
2012-01-20,698.12,698.12,698.12,698.12,1.21,8.37,79254,54636586.0,0.0,0.07
2012-01-30,696.43,696.43,696.43,696.43,-0.24,-1.69,70116,49117567.0,0.0,0.06
2012-01-31,686.52,686.52,686.52,686.52,-1.42,-9.91,105635,75367786.0,0.0,0.09
2012-02-01,686.66,686.66,686.66,686.66,0.02,0.14,75273,58518052.0,0.0,0.06
2012-02-02,694.44,694.44,694.44,694.44,1.13,7.78,100041,71424009.0,0.0,0.08
2012-02-03,703.52,703.52,703.52,703.52,1.31,9.08,126949,80558961.0,0.0,0.11
2012-02-06,724.55,724.55,724.55,724.55,2.99,21.03,154662,146433741.0,0.0,0.13
2012-02-07,721.82,721.82,721.82,721.82,-0.38,-2.73,166386,190745140.0,0.0,0.14
2012-02-08,737.37,737.37,737.37,737.37,2.15,15.55,161436,162186138.0,0.0,0.13
2012-02-09,743.14,743.14,743.14,743.14,0.78,5.77,201969,204557289.0,0.0,0.17
2012-02-10,742.87,742.87,742.87,742.87,-0.04,-0.27,138168,131142821.0,0.0,0.11
2012-02-13,747.74,747.74,747.74,747.74,0.66,4.87,183364,186400659.0,0.0,0.15
2012-02-14,771.19,771.19,771.19,771.19,3.14,23.45,267958,254072071.0,0.0,0.22
2012-02-15,776.05,776.05,776.05,776.05,0.63,4.86,190553,187181211.0,0.0,0.16
2012-02-16,783.24,783.24,783.24,783.24,0.93,7.19,220091,222582295.0,0.0,0.18
2012-02-17,775.37,775.37,775.37,775.37,-1.0,-7.87,352851,477532558.0,0.0,0.29
2012-02-20,781.2,781.2,781.2,781.2,0.75,5.83,344189,430416084.0,0.0,0.29
2012-02-21,789.39,789.39,789.39,789.39,1.05,8.19,324471,404294919.0,0.0,0.27
2012-02-22,799.57,799.57,799.57,799.57,1.29,10.18,336601,418992529.0,0.0,0.28
2012-02-23,803.45,803.45,803.45,803.45,0.49,3.88,286554,375167504.0,0.0,0.24
2012-02-24,811.89,811.89,811.89,811.89,1.05,8.44,287860,365647612.0,0.0,0.24
2012-02-27,808.8,808.8,808.8,808.8,-0.38,-3.09,333583,392813366.0,0.0,0.28
2012-02-28,787.36,787.36,787.36,787.36,-2.65,-21.44,244259,268383983.0,0.0,0.2
2012-02-29,792.78,792.78,792.78,792.78,0.69,5.42,207929,238205657.0,0.0,0.17
2012-03-01,793.06,793.06,793.06,793.06,0.04,0.28,255826,288341514.0,0.0,0.21
2012-03-02,803.21,803.21,803.21,803.21,1.28,10.15,262338,292144563.0,0.0,0.22
2012-03-05,810.72,810.72,810.72,810.72,0.93,7.51,311229,356414985.0,0.0,0.26
2012-03-06,801.07,801.07,801.07,801.07,-1.19,-9.65,293164,280811627.0,0.0,0.24
2012-03-07,790.6,790.6,790.6,790.6,-1.31,-10.47,248092,264211375.0,0.0,0.21
2012-03-08,805.54,805.54,805.54,805.54,1.89,14.94,364683,361306103.0,0.0,0.3
2012-03-09,806.62,806.62,806.62,806.62,0.13,1.08,408253,419464006.0,0.0,0.34
2012-03-12,807.29,807.29,807.29,807.29,0.08,0.67,340789,385938780.0,0.0,0.28
2012-03-13,812.84,812.84,812.84,812.84,0.69,5.55,277412,315085588.0,0.0,0.23
2012-03-14,766.4,766.4,766.4,766.4,-5.71,-46.44,409827,455631140.0,0.0,0.34
2012-03-15,750.66,750.66,750.66,750.66,-2.05,-15.74,240820,248865567.0,0.0,0.2
2012-03-16,765.73,765.73,765.73,765.73,2.01,15.07,192431,194693145.0,0.0,0.16
2012-03-19,776.4,776.4,776.4,776.4,1.39,10.67,168520,172581304.0,0.0,0.14
2012-03-20,751.62,751.62,751.62,751.62,-3.19,-24.78,167133,173442875.0,0.0,0.14
2012-03-21,750.31,750.31,750.31,750.31,-0.17,-1.31,157482,159420915.0,0.0,0.13
2012-03-22,751.09,751.09,751.09,751.09,0.1,0.78,123379,127891527.0,0.0,0.1
2012-03-23,741.88,741.88,741.88,741.88,-1.23,-9.21,142881,140071029.0,0.0,0.12
2012-03-26,744.66,744.66,744.66,744.66,0.37,2.78,78601,84340152.0,0.0,0.07
2012-03-27,742.39,742.39,742.39,742.39,-0.3,-2.27,90817,91331883.0,0.0,0.08
2012-03-28,704.04,704.04,704.04,704.04,-5.17,-38.35,141338,128536215.0,0.0,0.12
2012-03-29,692.25,692.25,692.25,692.25,-1.67,-11.79,124468,117163346.0,0.0,0.1
2012-03-30,691.83,691.83,691.83,691.83,-0.06,-0.42,80846,80126852.0,0.0,0.07
2012-04-05,708.3,708.3,708.3,708.3,2.38,16.47,110774,110293669.0,0.0,0.09
2012-04-06,711.14,711.14,711.14,711.14,0.4,2.84,97892,93460898.0,0.0,0.08
2012-04-09,704.99,704.99,704.99,704.99,-0.86,-6.15,81017,79900722.0,0.0,0.07
2012-04-10,713.17,713.17,713.17,713.17,1.16,8.18,108026,86146786.0,0.0,0.09
2012-04-11,707.83,707.83,707.83,707.83,-0.75,-5.34,97158,80381817.0,0.0,0.08
2012-04-12,721.36,721.36,721.36,721.36,1.91,13.53,153089,140152957.0,0.0,0.13
2012-04-13,730.86,730.86,730.86,730.86,1.32,9.5,239626,177032902.0,0.0,0.2
2012-04-16,732.41,732.41,732.41,732.41,0.21,1.55,237602,198332096.0,0.0,0.2
2012-04-17,726.6,726.6,726.6,726.6,-0.79,-5.81,183582,172784592.0,0.0,0.15
2012-04-18,739.11,739.11,739.11,739.11,1.72,12.51,230545,201350415.0,0.0,0.19
2012-04-19,736.72,736.72,736.72,736.72,-0.32,-2.39,160626,143311484.0,0.0,0.13
2012-04-20,740.92,740.92,740.92,740.92,0.57,4.2,197849,182267023.0,0.0,0.16
2012-04-23,739.11,739.11,739.11,739.11,-0.24,-1.81,454722,285822803.0,0.0,0.38
2012-04-24,720.36,720.36,720.36,720.36,-2.54,-18.75,385389,268072361.0,0.0,0.32
2012-04-25,724.23,724.23,724.23,724.23,0.54,3.87,260947,196448649.0,0.0,0.22
2012-04-26,732.81,732.81,732.81,732.81,1.18,8.58,200938,171960756.0,0.0,0.17
2012-04-27,729.38,729.38,729.38,729.38,-0.47,-3.43,173722,180485887.0,0.0,0.14
2012-05-02,739.12,739.12,739.12,739.12,1.34,9.74,179097,156982287.0,0.0,0.15
2012-05-03,740.33,740.33,740.33,740.33,0.16,1.21,202753,199657265.0,0.0,0.17
2012-05-04,750.85,750.85,750.85,750.85,1.42,10.52,204135,202107555.0,0.0,0.17
2012-05-07,751.43,751.43,751.43,751.43,0.08,0.58,184774,186395207.0,0.0,0.15
2012-05-08,755.63,755.63,755.63,755.63,0.56,4.2,200227,217289289.0,0.0,0.17
2012-05-09,750.66,750.66,750.66,750.66,-0.66,-4.97,261468,236910840.0,0.0,0.22
2012-05-10,747.14,747.14,747.14,747.14,-0.47,-3.52,145881,134966954.0,0.0,0.12
2012-05-11,741.67,741.67,741.67,741.67,-0.73,-5.47,144938,145195696.0,0.0,0.12
2012-05-14,735.53,735.53,735.53,735.53,-0.83,-6.14,148950,146557962.0,0.0,0.12
2012-05-15,730.62,730.62,730.62,730.62,-0.67,-4.91,136941,131154895.0,0.0,0.11
2012-05-16,721.11,721.11,721.11,721.11,-1.3,-9.51,155762,173529502.0,0.0,0.13
2012-05-17,730.87,730.87,730.87,730.87,1.35,9.76,151993,152909254.0,0.0,0.13
2012-05-18,720.6,720.6,720.6,720.6,-1.41,-10.27,114655,111594033.0,0.0,0.1
2012-05-21,712.21,712.21,712.21,712.21,-1.16,-8.39,117874,110467234.0,0.0,0.1
2012-05-22,721.37,721.37,721.37,721.37,1.29,9.16,84916,101020296.0,0.0,0.07
2012-05-23,723.25,723.25,723.25,723.25,0.26,1.88,259421,258922939.0,0.0,0.22
2012-05-24,715.28,715.28,715.28,715.28,-1.1,-7.97,155641,158661984.0,0.0,0.13
2012-05-25,705.39,705.39,705.39,705.39,-1.38,-9.89,142789,138646360.0,0.0,0.12
2012-05-28,712.9,712.9,712.9,712.9,1.06,7.51,114048,105230229.0,0.0,0.09
2012-05-29,723.02,723.02,723.02,723.02,1.42,10.12,238366,246710276.0,0.0,0.2
2012-05-30,724.8,724.8,724.8,724.8,0.25,1.78,159312,165658865.0,0.0,0.13
2012-05-31,725.51,725.51,725.51,725.51,0.1,0.71,125488,126108858.0,0.0,0.1
2012-06-01,731.71,731.71,731.71,731.71,0.85,6.2,172974,196949188.0,0.0,0.14
2012-06-04,715.08,715.08,715.08,715.08,-2.27,-16.63,174267,142209310.0,0.0,0.15
2012-06-05,708.04,708.04,708.04,708.04,-0.98,-7.04,102631,86298709.0,0.0,0.09
2012-06-06,704.05,704.05,704.05,704.05,-0.56,-3.99,94177,90382505.0,0.0,0.08
2012-06-07,704.34,704.34,704.34,704.34,0.04,0.29,82639,80269274.0,0.0,0.07
2012-06-08,706.51,706.51,706.51,706.51,0.31,2.17,80947,89243220.0,0.0,0.07
2012-06-11,719.51,719.51,719.51,719.51,1.84,13.0,115043,129747375.0,0.0,0.1
2012-06-12,713.13,713.13,713.13,713.13,-0.89,-6.38,80162,80538487.0,0.0,0.07
2012-06-13,723.57,723.57,723.57,723.57,1.46,10.44,149545,155704605.0,0.0,0.12
2012-06-14,718.77,718.77,718.77,718.77,-0.66,-4.8,122086,131141032.0,0.0,0.1
2012-06-15,723.63,723.63,723.63,723.63,0.68,4.86,101345,105998599.0,0.0,0.08
2012-06-18,726.45,726.45,726.45,726.45,0.39,2.82,206168,227627068.0,0.0,0.17
2012-06-19,715.69,715.69,715.69,715.69,-1.48,-10.76,157290,157295324.0,0.0,0.13
2012-06-20,717.68,717.68,717.68,717.68,0.28,1.99,119008,128360614.0,0.0,0.1
2012-06-21,709.8,709.8,709.8,709.8,-1.1,-7.88,113162,113708247.0,0.0,0.09
2012-06-25,691.07,691.07,691.07,691.07,-2.64,-18.73,97656,97852226.0,0.0,0.08
2012-06-26,692.37,692.37,692.37,692.37,0.19,1.3,69295,76229987.0,0.0,0.06
2012-06-27,686.29,686.29,686.29,686.29,-0.88,-6.08,69121,70461291.0,0.0,0.06
2012-06-28,680.09,680.09,680.09,680.09,-0.9,-6.2,119080,101173493.0,0.0,0.1
2012-06-29,684.6,684.6,684.6,684.6,0.66,4.51,91923,81048660.0,0.0,0.08
2012-07-02,686.16,686.16,686.16,686.16,0.23,1.56,99260,96258415.0,0.0,0.08
2012-07-03,698.23,698.23,698.23,698.23,1.76,12.07,120568,134233358.0,0.0,0.1
2012-07-04,692.19,692.19,692.19,692.19,-0.87,-6.04,98079,100010232.0,0.0,0.08
2012-07-05,674.32,674.32,674.32,674.32,-2.58,-17.87,105298,100696864.0,0.0,0.09
2012-07-06,684.73,684.73,684.73,684.73,1.54,10.41,97230,99038519.0,0.0,0.08
2012-07-09,669.58,669.58,669.58,669.58,-2.21,-15.15,91583,94172169.0,0.0,0.08
2012-07-10,670.79,670.79,670.79,670.79,0.18,1.21,66466,63209238.0,0.0,0.06
2012-07-11,673.32,673.32,673.32,673.32,0.38,2.53,62833,60983900.0,0.0,0.05
2012-07-12,682.07,682.07,682.07,682.07,1.3,8.75,93660,92280382.0,0.0,0.08
2012-07-13,678.76,678.76,678.76,678.76,-0.49,-3.31,87380,89339170.0,0.0,0.07
2012-07-16,650.46,650.46,650.46,650.46,-4.17,-28.3,120164,111793635.0,0.0,0.1
2012-07-17,652.33,652.33,652.33,652.33,0.29,1.87,62743,54591770.0,0.0,0.05
2012-07-18,656.39,656.39,656.39,656.39,0.62,4.06,89777,72882942.0,0.0,0.07
2012-07-19,664.94,664.94,664.94,664.94,1.3,8.55,158897,141040327.0,0.0,0.13
2012-07-20,662.24,662.24,662.24,662.24,-0.41,-2.7,91584,79053692.0,0.0,0.08
2012-07-23,661.11,661.11,661.11,661.11,-0.17,-1.13,67532,60915017.0,0.0,0.06
2012-07-24,661.96,661.96,661.96,661.96,0.13,0.85,57500,45543380.0,0.0,0.05
2012-07-25,659.81,659.81,659.81,659.81,-0.32,-2.15,50335,43508293.0,0.0,0.04
2012-07-26,655.81,655.81,655.81,655.81,-0.61,-4.0,72735,63192839.0,0.0,0.06
2012-07-27,655.92,655.92,655.92,655.92,0.02,0.11,64471,54182351.0,0.0,0.05
2012-07-30,646.21,646.21,646.21,646.21,-1.48,-9.71,65981,53288183.0,0.0,0.05
2012-07-31,637.16,637.16,637.16,637.16,-1.4,-9.05,80230,68362697.0,0.0,0.07
2012-08-01,639.7,639.7,639.7,639.7,0.4,2.54,47162,38660343.0,0.0,0.04
2012-08-02,630.65,630.65,630.65,630.65,-1.41,-9.05,40133,35117816.0,0.0,0.03
2012-08-03,640.78,640.78,640.78,640.78,1.61,10.13,59740,49992658.0,0.0,0.05
2012-08-06,652.46,652.46,652.46,652.46,1.82,11.68,107547,87045183.0,0.0,0.09
2012-08-07,658.73,658.73,658.73,658.73,0.96,6.27,82186,67115898.0,0.0,0.07
2012-08-08,655.88,655.88,655.88,655.88,-0.43,-2.85,59812,47788058.0,0.0,0.05
2012-08-09,664.48,664.48,664.48,664.48,1.31,8.6,109827,79498650.0,0.0,0.09
2012-08-10,666.08,666.08,666.08,666.08,0.24,1.6,91409,75209658.0,0.0,0.08
2012-08-13,656.48,656.48,656.48,656.48,-1.44,-9.6,88949,73704623.0,0.0,0.07
2012-08-14,660.81,660.81,660.81,660.81,0.66,4.33,65690,55000229.0,0.0,0.05
2012-08-15,653.99,653.99,653.99,653.99,-1.03,-6.82,68280,54037078.0,0.0,0.06
2012-08-16,655.15,655.15,655.15,655.15,0.18,1.16,81597,51547276.0,0.0,0.07
2012-08-17,653.15,653.15,653.15,653.15,-0.31,-2.0,58700,34260067.0,0.0,0.05
2012-08-20,653.81,653.81,653.81,653.81,0.1,0.66,52205,42326890.0,0.0,0.04
2012-08-21,660.74,660.74,660.74,660.74,1.06,6.93,83512,57468623.0,0.0,0.07
2012-08-22,654.81,654.81,654.81,654.81,-0.9,-5.93,57932,48850064.0,0.0,0.05
2012-08-23,658.85,658.85,658.85,658.85,0.62,4.04,64991,49931418.0,0.0,0.05
2012-08-24,649.37,649.37,649.37,649.37,-1.44,-9.48,65123,53836866.0,0.0,0.05
2012-08-27,638.91,638.91,638.91,638.91,-1.61,-10.46,61753,52622918.0,0.0,0.05
2012-08-28,637.76,637.76,637.76,637.76,-0.18,-1.15,48483,38671938.0,0.0,0.04
2012-08-29,637.1,637.1,637.1,637.1,-0.1,-0.66,151313,98378485.0,0.0,0.13
2012-08-30,624.87,624.87,624.87,624.87,-1.92,-12.23,131947,86069181.0,0.0,0.11
2012-08-31,629.37,629.37,629.37,629.37,0.72,4.5,67570,51060147.0,0.0,0.06
2012-09-03,633.85,633.85,633.85,633.85,0.71,4.48,69455,52962320.0,0.0,0.06
2012-09-04,630.98,630.98,630.98,630.98,-0.45,-2.87,92751,75921524.0,0.0,0.08
2012-09-05,631.01,631.01,631.01,631.01,0.0,0.03,70839,52975100.0,0.0,0.06
2012-09-06,637.25,637.25,637.25,637.25,0.99,6.24,68194,53856493.0,0.0,0.06
2012-09-07,658.81,658.81,658.81,658.81,3.38,21.56,221237,169294808.0,0.0,0.18
2012-09-10,663.09,663.09,663.09,663.09,0.65,4.28,142998,108881604.0,0.0,0.12
2012-09-11,666.04,666.04,666.04,666.04,0.44,2.95,103452,91786391.0,0.0,0.09
2012-09-12,669.0,669.0,669.0,669.0,0.44,2.96,126867,96643072.0,0.0,0.11
2012-09-13,659.96,659.96,659.96,659.96,-1.35,-9.04,112758,86368818.0,0.0,0.09
2012-09-14,661.19,661.19,661.19,661.19,0.19,1.23,100013,70751116.0,0.0,0.08
2012-09-17,655.54,655.54,655.54,655.54,-0.85,-5.65,166647,109191097.0,0.0,0.14
2012-09-18,654.06,654.06,654.06,654.06,-0.23,-1.48,96278,68573935.0,0.0,0.08
2012-09-19,665.16,665.16,665.16,665.16,1.7,11.1,101967,71687000.0,0.0,0.08
2012-09-20,644.89,644.89,644.89,644.89,-3.05,-20.27,180262,120362648.0,0.0,0.15
2012-09-21,649.27,649.27,649.27,649.27,0.68,4.38,174942,111022611.0,0.0,0.15
2012-09-24,645.5,645.5,645.5,645.5,-0.58,-3.77,101712,66784770.0,0.0,0.08
2012-09-25,643.12,643.12,643.12,643.12,-0.37,-2.38,97239,67145472.0,0.0,0.08
2012-09-26,627.32,627.32,627.32,627.32,-2.46,-15.8,84653,57327964.0,0.0,0.07
2012-09-27,635.58,635.58,635.58,635.58,1.32,8.26,91321,66462188.0,0.0,0.08
2012-09-28,641.87,641.87,641.87,641.87,0.99,6.29,93701,72159296.0,0.0,0.08
2012-10-08,639.83,639.83,639.83,639.83,-0.32,-2.04,67301,51140467.0,0.0,0.06
2012-10-09,658.81,658.81,658.81,658.81,2.97,18.98,144079,114368028.0,0.0,0.12
2012-10-10,662.76,662.76,662.76,662.76,0.6,3.95,127540,86901206.0,0.0,0.11
2012-10-11,657.7,657.7,657.7,657.7,-0.76,-5.06,94418,66780548.0,0.0,0.08
2012-10-12,660.86,660.86,660.86,660.86,0.48,3.16,95739,64354017.0,0.0,0.08
2012-10-15,658.58,658.58,658.58,658.58,-0.35,-2.28,125435,101399354.0,0.0,0.1
2012-10-16,655.63,655.63,655.63,655.63,-0.45,-2.95,98212,70748994.0,0.0,0.08
2012-10-17,662.24,662.24,662.24,662.24,1.01,6.61,73453,59144902.0,0.0,0.06
2012-10-18,669.61,669.61,669.61,669.61,1.11,7.37,113291,87690477.0,0.0,0.09
2012-10-19,670.99,670.99,670.99,670.99,0.21,1.38,156756,163517946.0,0.0,0.13
2012-10-22,669.64,669.64,669.64,669.64,-0.2,-1.35,133662,138297391.0,0.0,0.11
2012-10-23,662.57,662.57,662.57,662.57,-1.06,-7.07,134748,129848437.0,0.0,0.11
2012-10-24,668.13,668.13,668.13,668.13,0.84,5.56,211135,137927127.0,0.0,0.18
2012-10-25,658.19,658.19,658.19,658.19,-1.49,-9.94,168794,119334590.0,0.0,0.14
2012-10-26,649.34,649.34,649.34,649.34,-1.34,-8.85,153165,121655974.0,0.0,0.13
2012-10-29,657.22,657.22,657.22,657.22,1.21,7.88,132352,138921140.0,0.0,0.11
2012-10-30,662.12,662.12,662.12,662.12,0.75,4.9,155025,179093989.0,0.0,0.13
2012-10-31,668.78,668.78,668.78,668.78,1.01,6.66,97684,99302298.0,0.0,0.08
2012-11-01,682.89,682.89,682.89,682.89,2.11,14.11,215535,190685245.0,0.0,0.18
2012-11-02,676.35,676.35,676.35,676.35,-0.96,-6.54,133238,124181242.0,0.0,0.11
2012-11-05,678.18,678.18,678.18,678.18,0.27,1.83,140838,105603310.0,0.0,0.12
2012-11-06,669.61,669.61,669.61,669.61,-1.26,-8.57,119230,95139150.0,0.0,0.1
2012-11-07,671.21,671.21,671.21,671.21,0.24,1.6,106689,102574395.0,0.0,0.09
2012-11-08,671.47,671.47,671.47,671.47,0.04,0.26,316938,165825952.0,0.0,0.26
2012-11-09,668.89,668.89,668.89,668.89,-0.38,-2.58,383260,218062997.0,0.0,0.32
2012-11-12,680.35,680.35,680.35,680.35,1.71,11.46,408896,230941057.0,0.0,0.34
2012-11-13,678.62,678.62,678.62,678.62,-0.25,-1.73,304829,248886967.0,0.0,0.25
2012-11-14,674.42,674.42,674.42,674.42,-0.62,-4.2,349035,224491637.0,0.0,0.29
2012-11-15,659.65,659.65,659.65,659.65,-2.19,-14.77,257798,149621827.0,0.0,0.21
2012-11-16,651.96,651.96,651.96,651.96,-1.17,-7.69,149202,106292740.0,0.0,0.12
2012-11-19,659.57,659.57,659.57,659.57,1.17,7.61,127426,83704467.0,0.0,0.11
2012-11-20,656.04,656.04,656.04,656.04,-0.54,-3.53,141934,93369211.0,0.0,0.12
2012-11-21,658.18,658.18,658.18,658.18,0.33,2.14,210987,108421195.0,0.0,0.18
2012-11-22,654.09,654.09,654.09,654.09,-0.62,-4.09,189165,101508985.0,0.0,0.16
2012-11-23,649.46,649.46,649.46,649.46,-0.71,-4.63,143493,78229390.0,0.0,0.12
2012-11-26,643.27,643.27,643.27,643.27,-0.95,-6.19,124376,89157061.0,0.0,0.1
2012-11-27,618.59,618.59,618.59,618.59,-3.84,-24.68,147876,92598570.0,0.0,0.12
2012-11-28,602.9,602.9,602.9,602.9,-2.54,-15.69,107401,75199760.0,0.0,0.09
2012-11-29,597.16,597.16,597.16,597.16,-0.95,-5.74,87750,58964191.0,0.0,0.07
2012-11-30,605.12,605.12,605.12,605.12,1.33,7.96,120536,78495914.0,0.0,0.1
2012-12-03,593.81,593.81,593.81,593.81,-1.87,-11.31,142619,129950497.0,0.0,0.12
2012-12-04,603.32,603.32,603.32,603.32,1.6,9.51,117671,92757228.0,0.0,0.1
2012-12-05,619.03,619.03,619.03,619.03,2.6,15.71,196025,142206341.0,0.0,0.16
2012-12-06,616.76,616.76,616.76,616.76,-0.37,-2.27,116645,92964967.0,0.0,0.1
2012-12-07,630.44,630.44,630.44,630.44,2.22,13.68,198553,163284894.0,0.0,0.17
2012-12-10,639.73,639.73,639.73,639.73,1.47,9.29,163454,120155688.0,0.0,0.14
2012-12-11,635.38,635.38,635.38,635.38,-0.68,-4.35,141241,102963143.0,0.0,0.12
2012-12-12,629.71,629.71,629.71,629.71,-0.89,-5.67,115112,84480598.0,0.0,0.1
2012-12-13,627.91,627.91,627.91,627.91,-0.29,-1.8,118525,83425437.0,0.0,0.1
2012-12-14,649.88,649.88,649.88,649.88,3.5,21.97,284232,221497086.0,0.0,0.24
2012-12-17,649.17,649.17,649.17,649.17,-0.11,-0.71,190921,151813634.0,0.0,0.16
2012-12-18,650.98,650.98,650.98,650.98,0.28,1.81,226161,199520311.0,0.0,0.19
2012-12-19,648.8,648.8,648.8,648.8,-0.33,-2.18,114515,101308131.0,0.0,0.1
2012-12-20,646.12,646.12,646.12,646.12,-0.41,-2.68,162009,143157033.0,0.0,0.13
2012-12-21,642.83,642.83,642.83,642.83,-0.51,-3.29,124343,95802730.0,0.0,0.1
2012-12-24,647.92,647.92,647.92,647.92,0.79,5.09,118793,111384796.0,0.0,0.1
2012-12-25,664.46,664.46,664.46,664.46,2.55,16.54,306329,212568255.0,0.0,0.25
2012-12-26,671.66,671.66,671.66,671.66,1.08,7.2,255825,223112073.0,0.0,0.21
2012-12-27,661.22,661.22,661.22,661.22,-1.55,-10.44,176127,138863031.0,0.0,0.15
2012-12-28,665.14,665.14,665.14,665.14,0.59,3.92,138457,108645489.0,0.0,0.12
2012-12-31,673.92,673.92,673.92,673.92,1.32,8.78,237697,239202238.0,0.0,0.2
2013-01-04,667.09,667.09,667.09,667.09,-1.01,-6.83,175267,164569409.0,0.0,0.15
2013-01-07,671.27,671.27,671.27,671.27,0.63,4.18,204136,187785239.0,0.0,0.17
2013-01-08,687.88,687.88,687.88,687.88,2.47,16.61,264175,235892704.0,0.0,0.22
2013-01-09,687.76,687.76,687.76,687.76,-0.02,-0.12,265409,228871569.0,0.0,0.22
2013-01-10,690.57,690.57,690.57,690.57,0.41,2.81,195826,158082342.0,0.0,0.16
2013-01-11,674.59,674.59,674.59,674.59,-2.31,-15.98,231643,172824565.0,0.0,0.19
2013-01-14,696.26,696.26,696.26,696.26,3.21,21.67,285022,239093750.0,0.0,0.24
2013-01-15,704.91,704.91,704.91,704.91,1.24,8.65,361007,280754125.0,0.0,0.3
2013-01-16,708.89,708.89,708.89,708.89,0.56,3.98,278562,234006439.0,0.0,0.23
2013-01-17,702.85,702.85,702.85,702.85,-0.85,-6.04,208677,172330503.0,0.0,0.17
2013-01-18,712.98,712.98,712.98,712.98,1.44,10.13,218298,178857654.0,0.0,0.18
2013-01-21,719.05,719.05,719.05,719.05,0.85,6.07,240511,189630158.0,0.0,0.2
2013-01-22,715.5,715.5,715.5,715.5,-0.49,-3.55,234625,195687267.0,0.0,0.2
2013-01-23,715.44,715.44,715.44,715.44,-0.01,-0.06,175155,155430783.0,0.0,0.15
2013-01-24,702.75,702.75,702.75,702.75,-1.77,-12.69,259626,253826324.0,0.0,0.22
2013-01-25,706.35,706.35,706.35,706.35,0.51,3.6,226281,267247861.0,0.0,0.19
2013-01-28,716.46,716.46,716.46,716.46,1.43,10.11,217295,217756902.0,0.0,0.18
2013-01-29,713.0,713.0,713.0,713.0,-0.48,-3.46,230521,223877770.0,0.0,0.19
2013-01-30,713.29,713.29,713.29,713.29,0.04,0.29,262523,218235883.0,0.0,0.22
2013-01-31,706.7,706.7,706.7,706.7,-0.92,-6.59,145234,121409238.0,0.0,0.12
2013-02-01,710.33,710.33,710.33,710.33,0.51,3.63,147468,132193791.0,0.0,0.12
2013-02-04,710.37,710.37,710.37,710.37,0.01,0.04,183580,158555684.0,0.0,0.15
2013-02-05,721.75,721.75,721.75,721.75,1.6,11.38,186168,145494338.0,0.0,0.15
2013-02-06,732.06,732.06,732.06,732.06,1.43,10.31,246193,215555595.0,0.0,0.2
2013-02-07,729.77,729.77,729.77,729.77,-0.31,-2.29,235910,210026160.0,0.0,0.2
2013-02-08,735.11,735.11,735.11,735.11,0.73,5.34,210333,178917479.0,0.0,0.18
2013-02-18,733.43,733.43,733.43,733.43,-0.23,-1.68,197280,166887972.0,0.0,0.16
2013-02-19,718.67,718.67,718.67,718.67,-2.01,-14.76,198031,161777288.0,0.0,0.16
2013-02-20,734.2,734.2,734.2,734.2,2.16,15.53,249743,170216240.0,0.0,0.21
2013-02-21,716.34,716.34,716.34,716.34,-2.43,-17.86,194164,146970319.0,0.0,0.16
2013-02-22,719.04,719.04,719.04,719.04,0.38,2.7,216626,170803147.0,0.0,0.18
2013-02-25,732.36,732.36,732.36,732.36,1.85,13.32,247299,215851151.0,0.0,0.21
2013-02-26,723.87,723.87,723.87,723.87,-1.16,-8.49,250128,208411377.0,0.0,0.21
2013-02-27,728.17,728.17,728.17,728.17,0.59,4.3,139515,115580627.0,0.0,0.12
2013-02-28,738.39,738.39,738.39,738.39,1.4,10.22,179837,152745765.0,0.0,0.15
2013-03-01,755.74,755.74,755.74,755.74,2.35,17.35,291295,211793602.0,0.0,0.24
2013-03-04,731.0,731.0,731.0,731.0,-3.27,-24.74,282053,211629189.0,0.0,0.23
2013-03-05,744.08,744.08,744.08,744.08,1.79,13.08,263374,172997427.0,0.0,0.22
2013-03-06,752.38,752.38,752.38,752.38,1.12,8.3,233688,182168830.0,0.0,0.19
2013-03-07,742.74,742.74,742.74,742.74,-1.28,-9.64,207859,149924024.0,0.0,0.17
2013-03-08,748.17,748.17,748.17,748.17,0.73,5.43,164515,117471169.0,0.0,0.14
2013-03-11,736.78,736.78,736.78,736.78,-1.52,-11.39,193677,147790322.0,0.0,0.16
2013-03-12,714.56,714.56,714.56,714.56,-3.02,-22.22,215562,160021222.0,0.0,0.18
2013-03-13,710.66,710.66,710.66,710.66,-0.55,-3.9,98488,75319356.0,0.0,0.08
2013-03-14,710.88,710.88,710.88,710.88,0.03,0.22,124241,83211711.0,0.0,0.1
2013-03-15,706.97,706.97,706.97,706.97,-0.55,-3.91,123749,94561252.0,0.0,0.1
2013-03-18,705.23,705.23,705.23,705.23,-0.25,-1.74,97380,71824120.0,0.0,0.08
2013-03-19,712.77,712.77,712.77,712.77,1.07,7.54,84752,67298861.0,0.0,0.07
2013-03-20,724.91,724.91,724.91,724.91,1.7,12.14,145132,112782642.0,0.0,0.12
2013-03-21,726.85,726.85,726.85,726.85,0.27,1.94,142068,101999331.0,0.0,0.12
2013-03-22,731.58,731.58,731.58,731.58,0.65,4.73,157334,122700949.0,0.0,0.13
2013-03-25,736.3,736.3,736.3,736.3,0.65,4.72,205448,174043149.0,0.0,0.17
2013-03-26,726.29,726.29,726.29,726.29,-1.36,-10.01,236580,165621965.0,0.0,0.2
2013-03-27,723.37,723.37,723.37,723.37,-0.4,-2.92,189884,146274889.0,0.0,0.16
2013-03-28,701.67,701.67,701.67,701.67,-3.0,-21.7,195467,148365831.0,0.0,0.16
2013-03-29,709.09,709.09,709.09,709.09,1.06,7.42,208519,123834315.0,0.0,0.17
2013-04-01,714.38,714.38,714.38,714.38,0.75,5.29,150724,104724542.0,0.0,0.13
2013-04-02,705.62,705.62,705.62,705.62,-1.23,-8.76,160042,110766294.0,0.0,0.13
2013-04-03,703.76,703.76,703.76,703.76,-0.26,-1.86,202788,125264815.0,0.0,0.17
2013-04-08,709.07,709.07,709.07,709.07,0.75,5.31,184874,114332419.0,0.0,0.15
2013-04-09,717.2,717.2,717.2,717.2,1.15,8.13,157274,110590844.0,0.0,0.13
2013-04-10,717.1,717.1,717.1,717.1,-0.01,-0.1,123853,89812235.0,0.0,0.1
2013-04-11,723.81,723.81,723.81,723.81,0.94,6.71,231633,155019614.0,0.0,0.19
2013-04-12,712.96,712.96,712.96,712.96,-1.5,-10.85,222329,133969693.0,0.0,0.19
2013-04-15,701.58,701.58,701.58,701.58,-1.6,-11.38,144823,86304990.0,0.0,0.12
2013-04-16,706.18,706.18,706.18,706.18,0.66,4.6,90538,66396379.0,0.0,0.08
2013-04-17,713.24,713.24,713.24,713.24,1.0,7.06,108683,82199674.0,0.0,0.09
2013-04-18,716.92,716.92,716.92,716.92,0.52,3.68,138767,109227375.0,0.0,0.12
2013-04-19,730.18,730.18,730.18,730.18,1.85,13.26,128666,93655292.0,0.0,0.11
2013-04-22,730.08,730.08,730.08,730.08,-0.01,-0.1,86126,61516753.0,0.0,0.07
2013-04-23,714.05,714.05,714.05,714.05,-2.2,-16.03,179964,135262789.0,0.0,0.15
2013-04-24,735.74,735.74,735.74,735.74,3.04,21.69,206530,169589738.0,0.0,0.17
2013-04-25,730.4,730.4,730.4,730.4,-0.73,-5.34,215923,168635416.0,0.0,0.18
2013-04-26,718.02,718.02,718.02,718.02,-1.69,-12.38,173427,130247798.0,0.0,0.14
2013-05-02,735.97,735.97,735.97,735.97,2.5,17.95,154227,126281184.0,0.0,0.13
2013-05-03,753.09,753.09,753.09,753.09,2.33,17.12,264471,228150316.0,0.0,0.22
2013-05-06,775.48,775.48,775.48,775.48,2.97,22.39,290137,250509049.0,0.0,0.24
2013-05-07,780.86,780.86,780.86,780.86,0.69,5.38,293778,258341173.0,0.0,0.24
2013-05-08,785.89,785.89,785.89,785.89,0.64,5.03,252192,205058656.0,0.0,0.21
2013-05-09,790.25,790.25,790.25,790.25,0.55,4.36,325493,271217453.0,0.0,0.27
2013-05-10,796.57,796.57,796.57,796.57,0.8,6.32,299710,273553379.0,0.0,0.25
2013-05-13,800.03,800.03,800.03,800.03,0.43,3.46,249340,225889527.0,0.0,0.21
2013-05-14,781.64,781.64,781.64,781.64,-2.3,-18.39,245447,218402750.0,0.0,0.2
2013-05-15,798.37,798.37,798.37,798.37,2.14,16.73,254359,219905616.0,0.0,0.21
2013-05-16,801.0,801.0,801.0,801.0,0.33,2.63,316404,288627514.0,0.0,0.26
2013-05-17,808.05,808.05,808.05,808.05,0.88,7.05,282100,249053834.0,0.0,0.23
2013-05-20,823.33,823.33,823.33,823.33,1.89,15.28,352396,321404287.0,0.0,0.29
2013-05-21,830.91,830.91,830.91,830.91,0.92,7.58,321745,278119363.0,0.0,0.27
2013-05-22,828.66,828.66,828.66,828.66,-0.27,-2.25,326415,277877787.0,0.0,0.27
2013-05-23,823.82,823.82,823.82,823.82,-0.58,-4.84,341887,287060658.0,0.0,0.28
2013-05-24,842.48,842.48,842.48,842.48,2.27,18.66,254259,220092234.0,0.0,0.21
2013-05-27,856.1,856.1,856.1,856.1,1.62,13.62,413184,389903576.0,0.0,0.34
2013-05-28,855.3,855.3,855.3,855.3,-0.09,-0.8,450988,419975945.0,0.0,0.38
2013-05-29,855.21,855.21,855.21,855.21,-0.01,-0.09,297475,273779706.0,0.0,0.25
2013-05-30,861.24,861.24,861.24,861.24,0.71,6.03,405053,374244792.0,0.0,0.34
2013-05-31,855.7,855.7,855.7,855.7,-0.64,-5.54,367631,352012298.0,0.0,0.31
2013-06-03,843.84,843.84,843.84,843.84,-1.39,-11.86,354581,352292358.0,0.0,0.3
2013-06-04,823.42,823.42,823.42,823.42,-2.42,-20.42,290069,273030005.0,0.0,0.24
2013-06-05,836.87,836.87,836.87,836.87,1.63,13.45,254586,260072377.0,0.0,0.21
2013-06-06,829.77,829.77,829.77,829.77,-0.85,-7.1,223257,215661942.0,0.0,0.19
2013-06-07,807.29,807.29,807.29,807.29,-2.71,-22.48,213695,216398809.0,0.0,0.18
2013-06-13,791.68,791.68,791.68,791.68,-1.93,-15.61,172817,164904116.0,0.0,0.14
2013-06-14,806.49,806.49,806.49,806.49,1.87,14.81,164959,155448557.0,0.0,0.14
2013-06-17,809.5,809.5,809.5,809.5,0.37,3.01,152100,153767533.0,0.0,0.13
2013-06-18,813.58,813.58,813.58,813.58,0.5,4.08,156998,155126501.0,0.0,0.13
2013-06-19,808.03,808.03,808.03,808.03,-0.68,-5.55,139232,136847535.0,0.0,0.12
2013-06-20,789.97,789.97,789.97,789.97,-2.24,-18.06,175649,150970351.0,0.0,0.15
2013-06-21,791.2,791.2,791.2,791.2,0.16,1.23,227776,187680188.0,0.0,0.19
2013-06-24,752.44,752.44,752.44,752.44,-4.9,-38.76,204327,179027621.0,0.0,0.17
2013-06-25,760.21,760.21,760.21,760.21,1.03,7.77,297797,259577047.0,0.0,0.25
2013-06-26,776.13,776.13,776.13,776.13,2.09,15.92,184854,182164916.0,0.0,0.15
2013-06-27,757.73,757.73,757.73,757.73,-2.37,-18.4,220720,198954388.0,0.0,0.18
2013-06-28,751.88,751.88,751.88,751.88,-0.77,-5.85,139109,119936079.0,0.0,0.12
2013-07-01,773.47,773.47,773.47,773.47,2.87,21.59,147163,125360445.0,0.0,0.12
2013-07-02,792.54,792.54,792.54,792.54,2.47,19.07,180251,162446430.0,0.0,0.15
2013-07-03,795.83,795.83,795.83,795.83,0.42,3.29,179049,191991888.0,0.0,0.15
2013-07-04,806.16,806.16,806.16,806.16,1.3,10.33,264298,252117069.0,0.0,0.22
2013-07-05,803.62,803.62,803.62,803.62,-0.32,-2.54,197257,196260045.0,0.0,0.16
2013-07-08,783.37,783.37,783.37,783.37,-2.52,-20.25,169288,191423512.0,0.0,0.14
2013-07-09,788.76,788.76,788.76,788.76,0.69,5.39,93598,114030227.0,0.0,0.08
2013-07-10,813.32,813.32,813.32,813.32,3.11,24.56,168350,163814961.0,0.0,0.14
2013-07-11,838.55,838.55,838.55,838.55,3.1,25.23,264966,287828635.0,0.0,0.22
2013-07-12,843.63,843.63,843.63,843.63,0.61,5.08,283551,291112160.0,0.0,0.24
2013-07-15,859.57,859.57,859.57,859.57,1.89,15.94,222841,237559868.0,0.0,0.19
2013-07-16,863.61,863.61,863.61,863.61,0.47,4.04,304070,344313497.0,0.0,0.25
2013-07-17,844.73,844.73,844.73,844.73,-2.19,-18.88,216364,222194624.0,0.0,0.18
2013-07-18,840.34,840.34,840.34,840.34,-0.52,-4.39,150720,148150133.0,0.0,0.13
2013-07-19,829.6,829.6,829.6,829.6,-1.28,-10.74,194911,197477939.0,0.0,0.16
2013-07-22,841.66,841.66,841.66,841.66,1.45,12.06,164535,175456853.0,0.0,0.14
2013-07-23,871.16,871.16,871.16,871.16,3.5,29.5,240646,256340183.0,0.0,0.2
2013-07-24,892.27,892.27,892.27,892.27,2.42,21.11,431273,492833764.0,0.0,0.36
2013-07-25,885.2,885.2,885.2,885.2,-0.79,-7.07,261707,320397232.0,0.0,0.22
2013-07-26,884.71,884.71,884.71,884.71,-0.06,-0.49,239461,300586240.0,0.0,0.2
2013-07-29,866.92,866.92,866.92,866.92,-2.01,-17.79,201817,212094604.0,0.0,0.17
2013-07-30,859.66,859.66,859.66,859.66,-0.84,-7.26,178527,210994520.0,0.0,0.15
2013-07-31,866.57,866.57,866.57,866.57,0.8,6.91,161693,218834738.0,0.0,0.13
2013-08-01,890.07,890.07,890.07,890.07,2.71,23.5,208082,257487230.0,0.0,0.17
2013-08-02,891.74,891.74,891.74,891.74,0.19,1.67,181034,210522912.0,0.0,0.15
2013-08-05,908.63,908.63,908.63,908.63,1.89,16.89,219329,287190360.0,0.0,0.18
2013-08-06,921.31,921.31,921.31,921.31,1.4,12.68,264471,328975492.0,0.0,0.22
2013-08-07,902.25,902.25,902.25,902.25,-2.07,-19.06,210413,228662029.0,0.0,0.18
2013-08-08,918.75,918.75,918.75,918.75,1.83,16.5,180023,251444544.0,0.0,0.15
2013-08-09,918.83,918.83,918.83,918.83,0.01,0.08,196623,220603818.0,0.0,0.16
2013-08-12,929.06,929.06,929.06,929.06,1.11,10.23,225861,312722715.0,0.0,0.19
2013-08-13,935.16,935.16,935.16,935.16,0.66,6.1,218068,275473224.0,0.0,0.18
2013-08-14,920.29,920.29,920.29,920.29,-1.59,-14.87,184027,249034644.0,0.0,0.15
2013-08-15,907.0,907.0,907.0,907.0,-1.44,-13.29,147039,169337500.0,0.0,0.12
2013-08-16,887.96,887.96,887.96,887.96,-2.1,-19.04,194855,205192032.0,0.0,0.16
2013-08-19,905.57,905.57,905.57,905.57,1.98,17.61,150184,175420468.0,0.0,0.12
2013-08-20,900.86,900.86,900.86,900.86,-0.52,-4.71,126952,151234077.0,0.0,0.11
2013-08-21,905.92,905.92,905.92,905.92,0.56,5.06,116880,115508412.0,0.0,0.1
2013-08-22,913.18,913.18,913.18,913.18,0.8,7.26,205190,210476118.0,0.0,0.17
2013-08-23,905.4,905.4,905.4,905.4,-0.85,-7.78,188241,213809235.0,0.0,0.16
2013-08-26,931.17,931.17,931.17,931.17,2.85,25.77,294300,317134163.0,0.0,0.24
2013-08-27,944.48,944.48,944.48,944.48,1.43,13.31,302328,382460536.0,0.0,0.25
2013-08-28,938.57,938.57,938.57,938.57,-0.63,-5.91,358515,410121394.0,0.0,0.3
2013-08-29,940.09,940.09,940.09,940.09,0.16,1.52,227383,269166931.0,0.0,0.19
2013-08-30,927.34,927.34,927.34,927.34,-1.36,-12.75,310998,368440955.0,0.0,0.26
2013-09-02,951.87,951.87,951.87,951.87,2.65,24.53,330571,403713772.0,0.0,0.28
2013-09-03,990.53,990.53,990.53,990.53,4.06,38.66,701986,806294599.0,0.0,0.58
2013-09-04,1021.82,1021.82,1021.82,1021.82,3.16,31.29,594571,722890944.0,0.0,0.49
2013-09-05,1057.03,1057.03,1057.03,1057.03,3.45,35.21,869952,1070737225.0,0.0,0.72
2013-09-06,1058.63,1058.63,1058.63,1058.63,0.15,1.6,590897,877442862.0,0.0,0.49
2013-09-09,1048.5,1048.5,1048.5,1048.5,-0.96,-10.13,434050,629562356.0,0.0,0.36
2013-09-10,1030.59,1030.59,1030.59,1030.59,-1.71,-17.91,509414,679573011.0,0.0,0.42
2013-09-11,1018.46,1018.46,1018.46,1018.46,-1.18,-12.13,465422,576785697.0,0.0,0.39
2013-09-12,1025.46,1025.46,1025.46,1025.46,0.69,7.0,351633,474016210.0,0.0,0.29
2013-09-13,1025.56,1025.56,1025.56,1025.56,0.01,0.1,250404,324465097.0,0.0,0.21
2013-09-16,1027.72,1027.72,1027.72,1027.72,0.21,2.16,297343,381899729.0,0.0,0.25
2013-09-17,994.45,994.45,994.45,994.45,-3.24,-33.27,327886,439079073.0,0.0,0.27
2013-09-18,1015.43,1015.43,1015.43,1015.43,2.11,20.98,308898,342592588.0,0.0,0.26
2013-09-23,1020.97,1020.97,1020.97,1020.97,0.55,5.54,339648,412574460.0,0.0,0.28
2013-09-24,1026.69,1026.69,1026.69,1026.69,0.56,5.72,358597,443092914.0,0.0,0.3
2013-09-25,1019.85,1019.85,1019.85,1019.85,-0.67,-6.84,340291,420320157.0,0.0,0.28
2013-09-26,1013.87,1013.87,1013.87,1013.87,-0.59,-5.98,322439,420704640.0,0.0,0.27
2013-09-27,1017.32,1017.32,1017.32,1017.32,0.34,3.45,249955,365466049.0,0.0,0.21
2013-09-30,1026.58,1026.58,1026.58,1026.58,0.91,9.26,181465,248858293.0,0.0,0.15
2013-10-08,1025.61,1025.61,1025.61,1025.61,-0.09,-0.97,293786,376259962.0,0.0,0.24
2013-10-09,1036.83,1036.83,1036.83,1036.83,1.09,11.22,270597,361601672.0,0.0,0.23
2013-10-10,1027.22,1027.22,1027.22,1027.22,-0.93,-9.61,323406,362599867.0,0.0,0.27
2013-10-11,1066.41,1066.41,1066.41,1066.41,3.82,39.19,530503,651599234.0,0.0,0.44
2013-10-14,1110.71,1110.71,1110.71,1110.71,4.15,44.3,426439,572259367.0,0.0,0.35
2013-10-15,1166.7,1166.7,1166.7,1166.7,5.04,55.99,777995,995867844.0,0.0,0.65
2013-10-16,1140.95,1140.95,1140.95,1140.95,-2.21,-25.75,386713,501201892.0,0.0,0.32
2013-10-17,1160.15,1160.15,1160.15,1160.15,1.68,19.2,455148,618803062.0,0.0,0.38
2013-10-18,1185.49,1185.49,1185.49,1185.49,2.18,25.34,292843,417850822.0,0.0,0.24
2013-10-21,1192.14,1192.14,1192.14,1192.14,0.56,6.65,345255,468831166.0,0.0,0.29
2013-10-22,1195.87,1195.87,1195.87,1195.87,0.31,3.73,400969,564829950.0,0.0,0.33
2013-10-23,1156.52,1156.52,1156.52,1156.52,-3.29,-39.35,351001,482898331.0,0.0,0.29
2013-10-24,1150.15,1150.15,1150.15,1150.15,-0.55,-6.37,195865,263737828.0,0.0,0.16
2013-10-25,1126.98,1126.98,1126.98,1126.98,-2.01,-23.17,227582,282013891.0,0.0,0.19
2013-10-28,1103.12,1103.12,1103.12,1103.12,-2.12,-23.86,206365,275151066.0,0.0,0.17
2013-10-29,1071.48,1071.48,1071.48,1071.48,-2.87,-31.64,424017,591582167.0,0.0,0.35
2013-10-30,1101.3,1101.3,1101.3,1101.3,2.78,29.82,243144,349634543.0,0.0,0.2
2013-10-31,1091.79,1091.79,1091.79,1091.79,-0.86,-9.51,214912,299705110.0,0.0,0.18
2013-11-01,1080.41,1080.41,1080.41,1080.41,-1.04,-11.38,239461,338865039.0,0.0,0.2
2013-11-04,1085.7,1085.7,1085.7,1085.7,0.49,5.29,163849,226154122.0,0.0,0.14
2013-11-05,1095.44,1095.44,1095.44,1095.44,0.9,9.74,131179,170848387.0,0.0,0.11
2013-11-06,1124.86,1124.86,1124.86,1124.86,2.69,29.42,318891,478877767.0,0.0,0.27
2013-11-07,1114.08,1114.08,1114.08,1114.08,-0.96,-10.78,276971,405322563.0,0.0,0.23
2013-11-08,1093.98,1093.98,1093.98,1093.98,-1.8,-20.1,200936,273494406.0,0.0,0.17
2013-11-11,1114.93,1114.93,1114.93,1114.93,1.92,20.95,234037,318510145.0,0.0,0.19
2013-11-12,1116.64,1116.64,1116.64,1116.64,0.15,1.71,230143,307164816.0,0.0,0.19
2013-11-13,1080.91,1080.91,1080.91,1080.91,-3.2,-35.73,214946,296577499.0,0.0,0.18
2013-11-14,1096.75,1096.75,1096.75,1096.75,1.47,15.84,214693,290553206.0,0.0,0.18
2013-11-15,1123.29,1123.29,1123.29,1123.29,2.42,26.54,304639,389120840.0,0.0,0.25
2013-11-18,1147.88,1147.88,1147.88,1147.88,2.19,24.59,304329,387539873.0,0.0,0.25
2013-11-19,1152.48,1152.48,1152.48,1152.48,0.4,4.6,274441,355847525.0,0.0,0.23
2013-11-20,1181.22,1181.22,1181.22,1181.22,2.49,28.74,267293,356227488.0,0.0,0.22
2013-11-21,1175.82,1175.82,1175.82,1175.82,-0.46,-5.4,258124,328976806.0,0.0,0.21
2013-11-22,1147.82,1147.82,1147.82,1147.82,-2.38,-28.0,215631,288964994.0,0.0,0.18
2013-11-25,1143.37,1143.37,1143.37,1143.37,-0.39,-4.45,158848,206737624.0,0.0,0.13
2013-11-26,1133.42,1133.42,1133.42,1133.42,-0.87,-9.95,166895,230689801.0,0.0,0.14
2013-11-27,1153.79,1153.79,1153.79,1153.79,1.8,20.37,259082,357917779.0,0.0,0.22
2013-11-28,1174.14,1174.14,1174.14,1174.14,1.76,20.35,307854,424289853.0,0.0,0.26
2013-11-29,1174.95,1174.95,1174.95,1174.95,0.07,0.81,304194,370802869.0,0.0,0.25
2013-12-02,1114.81,1114.81,1114.81,1114.81,-5.12,-60.14,335537,440929523.0,0.0,0.28
2013-12-03,1134.85,1134.85,1134.85,1134.85,1.8,20.04,190625,256908409.0,0.0,0.16
2013-12-04,1162.16,1162.16,1162.16,1162.16,2.41,27.31,311496,430071503.0,0.0,0.26
2013-12-05,1161.88,1161.88,1161.88,1161.88,-0.02,-0.28,252226,349874877.0,0.0,0.21
2013-12-06,1158.96,1158.96,1158.96,1158.96,-0.25,-2.92,204018,251692270.0,0.0,0.17
2013-12-09,1170.41,1170.41,1170.41,1170.41,0.99,11.45,167847,222554412.0,0.0,0.14
2013-12-10,1149.29,1149.29,1149.29,1149.29,-1.8,-21.12,385505,528754698.0,0.0,0.32
2013-12-11,1130.84,1130.84,1130.84,1130.84,-1.61,-18.45,385327,493599472.0,0.0,0.32
2013-12-12,1135.5,1135.5,1135.5,1135.5,0.41,4.66,343956,457013057.0,0.0,0.29
2013-12-13,1154.78,1154.78,1154.78,1154.78,1.7,19.28,325646,446807165.0,0.0,0.27
2013-12-16,1158.39,1158.39,1158.39,1158.39,0.31,3.61,322686,456237651.0,0.0,0.27
2013-12-17,1148.28,1148.28,1148.28,1148.28,-0.87,-10.11,239354,343682970.0,0.0,0.2
2013-12-18,1148.6,1148.6,1148.6,1148.6,0.03,0.32,234843,303985601.0,0.0,0.2
2013-12-19,1144.46,1144.46,1144.46,1144.46,-0.36,-4.14,187287,259381028.0,0.0,0.16
2013-12-20,1136.15,1136.15,1136.15,1136.15,-0.73,-8.31,206240,279644131.0,0.0,0.17
2013-12-23,1119.31,1119.31,1119.31,1119.31,-1.48,-16.84,127533,160968280.0,0.0,0.11
2013-12-24,1146.33,1146.33,1146.33,1146.33,2.41,27.02,151571,210037589.0,0.0,0.13
2013-12-25,1153.93,1153.93,1153.93,1153.93,0.66,7.6,142502,218512560.0,0.0,0.12
2013-12-26,1156.66,1156.66,1156.66,1156.66,0.24,2.73,171724,257926309.0,0.0,0.14
2013-12-27,1206.1,1206.1,1206.1,1206.1,4.27,49.44,376602,629057477.0,0.0,0.31
2013-12-30,1198.55,1198.55,1198.55,1198.55,-0.63,-7.55,365786,606052275.0,0.0,0.3
2013-12-31,1192.26,1192.26,1192.26,1192.26,-0.52,-6.29,233041,377373450.0,0.0,0.19
2014-01-02,1202.08,1202.08,1202.08,1202.08,0.82,9.82,250596,363943189.0,0.0,0.21
2014-01-03,1200.6,1200.6,1200.6,1200.6,-0.12,-1.48,250502,326813670.0,0.0,0.21
2014-01-06,1191.17,1191.17,1191.17,1191.17,-0.79,-9.43,220920,302557439.0,0.0,0.18
2014-01-07,1214.92,1214.92,1214.92,1214.92,1.99,23.75,207072,330930401.0,0.0,0.17
2014-01-08,1214.12,1214.12,1214.12,1214.12,-0.07,-0.8,213010,347870814.0,0.0,0.18
2014-01-09,1211.32,1211.32,1211.32,1211.32,-0.23,-2.8,227970,310627708.0,0.0,0.19
2014-01-10,1189.05,1189.05,1189.05,1189.05,-1.84,-22.27,207634,280122821.0,0.0,0.17
2014-01-13,1181.88,1181.88,1181.88,1181.88,-0.6,-7.17,185921,237383062.0,0.0,0.15
2014-01-14,1198.75,1198.75,1198.75,1198.75,1.43,16.87,168441,238852739.0,0.0,0.14
2014-01-15,1211.06,1211.06,1211.06,1211.06,1.03,12.31,170767,251911909.0,0.0,0.14
2014-01-16,1229.57,1229.57,1229.57,1229.57,1.53,18.51,216132,342178397.0,0.0,0.18
2014-01-17,1229.67,1229.67,1229.67,1229.67,0.01,0.1,158046,258711493.0,0.0,0.13
2014-01-20,1243.92,1243.92,1243.92,1243.92,1.16,14.25,237510,402797322.0,0.0,0.2
2014-01-21,1246.27,1246.27,1246.27,1246.27,0.19,2.35,215710,376563086.0,0.0,0.18
2014-01-22,1280.6,1280.6,1280.6,1280.6,2.75,34.33,268705,418119117.0,0.0,0.22
2014-01-23,1276.96,1276.96,1276.96,1276.96,-0.28,-3.64,280525,383785401.0,0.0,0.23
2014-01-24,1320.29,1320.29,1320.29,1320.29,3.39,43.33,684015,737744006.0,0.0,0.57
2014-01-27,1333.47,1333.47,1333.47,1333.47,1.0,13.18,695567,763816548.0,0.0,0.58
2014-01-28,1327.58,1327.58,1327.58,1327.58,-0.44,-5.89,411434,533671507.0,0.0,0.34
2014-01-29,1341.39,1341.39,1341.39,1341.39,1.04,13.81,429785,441599859.0,0.0,0.36
2014-01-30,1343.73,1343.73,1343.73,1343.73,0.17,2.34,280007,293508762.0,0.0,0.23
2014-02-07,1378.5,1378.5,1378.5,1378.5,2.59,34.77,380923,405454631.0,0.0,0.32
2014-02-10,1475.58,1475.58,1475.58,1475.58,7.04,97.08,836522,1067906903.0,0.0,0.7
2014-02-11,1471.77,1471.77,1471.77,1471.77,-0.26,-3.81,677854,1000182863.0,0.0,0.56
2014-02-12,1460.48,1460.48,1460.48,1460.48,-0.77,-11.29,439741,581384832.0,0.0,0.37
2014-02-13,1416.26,1416.26,1416.26,1416.26,-3.03,-44.22,383710,595498656.0,0.0,0.32
2014-02-14,1445.88,1445.88,1445.88,1445.88,2.09,29.62,300994,441679803.0,0.0,0.25
2014-02-17,1461.99,1461.99,1461.99,1461.99,1.11,16.11,346686,435294608.0,0.0,0.29
2014-02-18,1458.66,1458.66,1458.66,1458.66,-0.23,-3.33,369630,510358728.0,0.0,0.31
2014-02-19,1443.64,1443.64,1443.64,1443.64,-1.03,-15.02,451367,680562944.0,0.0,0.38
2014-02-20,1394.31,1394.31,1394.31,1394.31,-3.42,-49.33,480476,673212906.0,0.0,0.4
2014-02-21,1383.74,1383.74,1383.74,1383.74,-0.76,-10.57,282030,380144480.0,0.0,0.23
2014-02-24,1418.01,1418.01,1418.01,1418.01,2.48,34.27,250324,342528422.0,0.0,0.21
2014-02-25,1354.9,1354.9,1354.9,1354.9,-4.45,-63.11,654559,1036948050.0,0.0,0.54
2014-02-26,1358.62,1358.62,1358.62,1358.62,0.27,3.72,392158,549668225.0,0.0,0.33
2014-02-27,1362.03,1362.03,1362.03,1362.03,0.25,3.41,596363,615907984.0,0.0,0.5
2014-02-28,1363.96,1363.96,1363.96,1363.96,0.14,1.93,341130,355820722.0,0.0,0.28
2014-03-03,1384.39,1384.39,1384.39,1384.39,1.5,20.43,314807,366574970.0,0.0,0.26
2014-03-04,1406.46,1406.46,1406.46,1406.46,1.59,22.07,311843,435161656.0,0.0,0.26
2014-03-05,1382.62,1382.62,1382.62,1382.62,-1.7,-23.84,231176,334606820.0,0.0,0.19
2014-03-06,1396.5,1396.5,1396.5,1396.5,1.0,13.88,466125,475073579.0,0.0,0.39
2014-03-07,1389.7,1389.7,1389.7,1389.7,-0.49,-6.8,339283,439285712.0,0.0,0.28
2014-03-10,1352.15,1352.15,1352.15,1352.15,-2.7,-37.55,281120,393446703.0,0.0,0.23
2014-03-11,1335.03,1335.03,1335.03,1335.03,-1.27,-17.12,244939,309886064.0,0.0,0.2
2014-03-12,1321.91,1321.91,1321.91,1321.91,-0.98,-13.12,260725,356291343.0,0.0,0.22
2014-03-13,1361.05,1361.05,1361.05,1361.05,2.96,39.14,215833,241540035.0,0.0,0.18
2014-03-14,1342.47,1342.47,1342.47,1342.47,-1.37,-18.58,140958,156429865.0,0.0,0.12
2014-03-17,1389.75,1389.75,1389.75,1389.75,3.52,47.28,252888,351681101.0,0.0,0.21
2014-03-18,1422.6,1422.6,1422.6,1422.6,2.36,32.85,349483,471934288.0,0.0,0.29
2014-03-19,1403.53,1403.53,1403.53,1403.53,-1.34,-19.07,237965,315913367.0,0.0,0.2
2014-03-20,1341.72,1341.72,1341.72,1341.72,-4.4,-61.81,210328,286675082.0,0.0,0.18
2014-03-21,1343.48,1343.48,1343.48,1343.48,0.13,1.76,263924,388575764.0,0.0,0.22
2014-03-24,1343.18,1343.18,1343.18,1343.18,-0.02,-0.3,239952,271792384.0,0.0,0.2
2014-03-25,1359.81,1359.81,1359.81,1359.81,1.24,16.63,234852,283550110.0,0.0,0.2
2014-03-26,1358.37,1358.37,1358.37,1358.37,-0.11,-1.44,175742,225685728.0,0.0,0.15
2014-03-27,1328.79,1328.79,1328.79,1328.79,-2.18,-29.58,175770,243523720.0,0.0,0.15
2014-03-28,1300.79,1300.79,1300.79,1300.79,-2.11,-28.0,193845,255668819.0,0.0,0.16
2014-03-31,1309.49,1309.49,1309.49,1309.49,0.67,8.7,197156,338680254.0,0.0,0.16
2014-04-01,1332.5,1332.5,1332.5,1332.5,1.76,23.01,184167,259763514.0,0.0,0.15
2014-04-02,1313.45,1313.45,1313.45,1313.45,-1.43,-19.05,160708,252568876.0,0.0,0.13
2014-04-03,1336.17,1336.17,1336.17,1336.17,1.73,22.72,177185,245127846.0,0.0,0.15
2014-04-04,1344.7,1344.7,1344.7,1344.7,0.64,8.53,144484,182430000.0,0.0,0.12
2014-04-08,1346.07,1346.07,1346.07,1346.07,0.1,1.37,196774,264280418.0,0.0,0.16
2014-04-09,1379.83,1379.83,1379.83,1379.83,2.51,33.76,236100,378738697.0,0.0,0.2
2014-04-10,1396.27,1396.27,1396.27,1396.27,1.19,16.44,268930,407989675.0,0.0,0.22
2014-04-11,1385.74,1385.74,1385.74,1385.74,-0.75,-10.53,182739,259034377.0,0.0,0.15
2014-04-14,1371.35,1371.35,1371.35,1371.35,-1.04,-14.39,252046,380362946.0,0.0,0.21
2014-04-15,1337.3,1337.3,1337.3,1337.3,-2.48,-34.05,397345,587156369.0,0.0,0.33
2014-04-16,1331.65,1331.65,1331.65,1331.65,-0.42,-5.65,235598,338804718.0,0.0,0.2
2014-04-17,1329.29,1329.29,1329.29,1329.29,-0.18,-2.36,293321,369402654.0,0.0,0.24
2014-04-18,1338.93,1338.93,1338.93,1338.93,0.73,9.64,200979,278599695.0,0.0,0.17
2014-04-21,1309.75,1309.75,1309.75,1309.75,-2.18,-29.18,276781,339505134.0,0.0,0.23
2014-04-22,1297.88,1297.88,1297.88,1297.88,-0.91,-11.87,319685,356661179.0,0.0,0.27
2014-04-23,1297.13,1297.13,1297.13,1297.13,-0.06,-0.75,147477,181079724.0,0.0,0.12
2014-04-24,1280.75,1280.75,1280.75,1280.75,-1.26,-16.38,148206,195876122.0,0.0,0.12
2014-04-25,1238.64,1238.64,1238.64,1238.64,-3.29,-42.11,184268,240525250.0,0.0,0.15
2014-04-28,1229.12,1229.12,1229.12,1229.12,-0.77,-9.52,283541,338733042.0,0.0,0.24
2014-04-29,1250.95,1250.95,1250.95,1250.95,1.78,21.83,156441,180708735.0,0.0,0.13
2014-04-30,1281.12,1281.12,1281.12,1281.12,2.41,30.17,218531,250789189.0,0.0,0.18
2014-05-05,1290.45,1290.45,1290.45,1290.45,0.73,9.33,230428,245583611.0,0.0,0.19
2014-05-06,1315.79,1315.79,1315.79,1315.79,1.96,25.34,337323,376139086.0,0.0,0.28
2014-05-07,1284.35,1284.35,1284.35,1284.35,-2.39,-31.44,236063,278849956.0,0.0,0.2
2014-05-08,1273.19,1273.19,1273.19,1273.19,-0.87,-11.16,207229,228829109.0,0.0,0.17
2014-05-09,1248.04,1248.04,1248.04,1248.04,-1.98,-25.15,218503,251223408.0,0.0,0.18
2014-05-12,1284.97,1284.97,1284.97,1284.97,2.96,36.93,259809,289973891.0,0.0,0.22
2014-05-13,1277.44,1277.44,1277.44,1277.44,-0.59,-7.53,173403,200410400.0,0.0,0.14
2014-05-14,1270.58,1270.58,1270.58,1270.58,-0.54,-6.86,129749,155705779.0,0.0,0.11
2014-05-15,1233.71,1233.71,1233.71,1233.71,-2.9,-36.87,157368,171637329.0,0.0,0.13
2014-05-16,1215.01,1215.01,1215.01,1215.01,-1.52,-18.7,215099,238652602.0,0.0,0.18
2014-05-19,1209.31,1209.31,1209.31,1209.31,-0.47,-5.7,151956,168410843.0,0.0,0.13
2014-05-20,1214.38,1214.38,1214.38,1214.38,0.42,5.07,170398,212526149.0,0.0,0.14
2014-05-21,1242.14,1242.14,1242.14,1242.14,2.29,27.76,163850,186461596.0,0.0,0.14
2014-05-22,1238.21,1238.21,1238.21,1238.21,-0.32,-3.93,177889,214455190.0,0.0,0.15
2014-05-23,1262.29,1262.29,1262.29,1262.29,1.94,24.08,147967,177348412.0,0.0,0.12
2014-05-26,1295.91,1295.91,1295.91,1295.91,2.66,33.62,304774,431327940.0,0.0,0.25
2014-05-27,1295.83,1295.83,1295.83,1295.83,-0.01,-0.08,221025,283892060.0,0.0,0.18
2014-05-28,1306.19,1306.19,1306.19,1306.19,0.8,10.36,250033,303210593.0,0.0,0.21
2014-05-29,1293.91,1293.91,1293.91,1293.91,-0.94,-12.28,206827,263627837.0,0.0,0.17
2014-05-30,1285.45,1285.45,1285.45,1285.45,-0.65,-8.46,200493,232325076.0,0.0,0.17
2014-06-03,1287.35,1287.35,1287.35,1287.35,0.15,1.9,257220,259934288.0,0.0,0.21
2014-06-04,1265.11,1265.11,1265.11,1265.11,-1.73,-22.24,182298,193074785.0,0.0,0.15
2014-06-05,1300.93,1300.93,1300.93,1300.93,2.83,35.82,217509,251111514.0,0.0,0.18
2014-06-06,1299.75,1299.75,1299.75,1299.75,-0.09,-1.18,193434,230673621.0,0.0,0.16
2014-06-09,1302.09,1302.09,1302.09,1302.09,0.18,2.34,189782,229276895.0,0.0,0.16
2014-06-10,1317.87,1317.87,1317.87,1317.87,1.21,15.78,228636,241129461.0,0.0,0.19
2014-06-11,1316.02,1316.02,1316.02,1316.02,-0.14,-1.85,242882,248715422.0,0.0,0.2
2014-06-12,1302.99,1302.99,1302.99,1302.99,-0.99,-13.03,256296,242639201.0,0.0,0.21
2014-06-13,1340.13,1340.13,1340.13,1340.13,2.85,37.14,416473,416310825.0,0.0,0.35
2014-06-16,1373.1,1373.1,1373.1,1373.1,2.46,32.97,303995,361423117.0,0.0,0.25
2014-06-17,1353.03,1353.03,1353.03,1353.03,-1.46,-20.07,209235,244478410.0,0.0,0.17
2014-06-18,1341.7,1341.7,1341.7,1341.7,-0.84,-11.33,158299,176572111.0,0.0,0.13
2014-06-19,1297.08,1297.08,1297.08,1297.08,-3.33,-44.62,170432,191948092.0,0.0,0.14
2014-06-20,1313.22,1313.22,1313.22,1313.22,1.24,16.14,149349,174171808.0,0.0,0.12
2014-06-23,1343.21,1343.21,1343.21,1343.21,2.28,29.99,268339,260267494.0,0.0,0.22
2014-06-24,1366.74,1366.74,1366.74,1366.74,1.75,23.53,336010,351688442.0,0.0,0.28
2014-06-25,1373.14,1373.14,1373.14,1373.14,0.47,6.4,1468627,1035204310.0,0.0,1.22
2014-06-26,1408.64,1408.64,1408.64,1408.64,2.59,35.5,1328539,932325591.0,0.0,1.11
2014-06-27,1434.64,1434.64,1434.64,1434.64,1.85,26.0,1041656,792003256.0,0.0,0.87
2014-06-30,1466.91,1466.91,1466.91,1466.91,2.25,32.27,1406425,1119579923.0,0.0,1.17
2014-07-01,1475.53,1475.53,1475.53,1475.53,0.59,8.62,1226082,997953352.0,0.0,1.02
2014-07-02,1490.4,1490.4,1490.4,1490.4,1.01,14.87,1254150,1068294053.0,0.0,1.04
2014-07-03,1497.82,1497.82,1497.82,1497.82,0.5,7.42,1223266,1071203330.0,0.0,1.02
2014-07-04,1542.63,1542.63,1542.63,1542.63,2.99,44.81,1193042,1114670427.0,0.0,0.99
2014-07-07,1534.5,1534.5,1534.5,1534.5,-0.53,-8.13,1665224,1450672562.0,0.0,1.39
2014-07-08,1538.65,1538.65,1538.65,1538.65,0.27,4.15,1226470,1066714193.0,0.0,1.02
2014-07-09,1497.98,1497.98,1497.98,1497.98,-2.64,-40.67,1349337,1144290323.0,0.0,1.12
2014-07-10,1490.17,1490.17,1490.17,1490.17,-0.52,-7.81,910930,791802048.0,0.0,0.76
2014-07-11,1482.9,1482.9,1482.9,1482.9,-0.49,-7.27,932088,793932503.0,0.0,0.78
2014-07-14,1507.05,1507.05,1507.05,1507.05,1.63,24.15,941802,790894515.0,0.0,0.78
2014-07-15,1467.45,1467.45,1467.45,1467.45,-2.63,-39.6,1222185,968946033.0,0.0,1.02
2014-07-16,1402.76,1402.76,1402.76,1402.76,-4.41,-64.69,1045826,899130023.0,0.0,0.87
2014-07-17,1391.43,1391.43,1391.43,1391.43,-0.81,-11.33,755097,666194756.0,0.0,0.63
2014-07-18,1388.79,1388.79,1388.79,1388.79,-0.19,-2.64,566462,486257256.0,0.0,0.47
2014-07-21,1391.56,1391.56,1391.56,1391.56,0.2,2.77,604998,539066645.0,0.0,0.5
2014-07-22,1393.25,1393.25,1393.25,1393.25,0.12,1.69,561482,483335487.0,0.0,0.47
2014-07-23,1362.56,1362.56,1362.56,1362.56,-2.2,-30.69,649281,534547347.0,0.0,0.54
2014-07-24,1349.49,1349.49,1349.49,1349.49,-0.96,-13.07,566604,464907898.0,0.0,0.47
2014-07-25,1361.81,1361.81,1361.81,1361.81,0.91,12.32,491100,429624165.0,0.0,0.41
2014-07-28,1402.58,1402.58,1402.58,1402.58,2.99,40.77,899224,876296943.0,0.0,0.75
2014-07-29,1413.19,1413.19,1413.19,1413.19,0.76,10.61,854937,822654752.0,0.0,0.71
2014-07-30,1427.7,1427.7,1427.7,1427.7,1.03,14.51,762652,680584797.0,0.0,0.63
2014-07-31,1454.58,1454.58,1454.58,1454.58,1.88,26.88,876578,842986854.0,0.0,0.73
2014-08-01,1423.38,1423.38,1423.38,1423.38,-2.14,-31.2,740975,694197078.0,0.0,0.62
2014-08-04,1431.96,1431.96,1431.96,1431.96,0.6,8.58,559184,534858598.0,0.0,0.47
2014-08-05,1446.21,1446.21,1446.21,1446.21,1.0,14.25,687091,629525801.0,0.0,0.57
2014-08-06,1441.06,1441.06,1441.06,1441.06,-0.36,-5.15,663706,601511627.0,0.0,0.55
2014-08-07,1425.26,1425.26,1425.26,1425.26,-1.1,-15.8,608119,583777866.0,0.0,0.51
2014-08-08,1435.33,1435.33,1435.33,1435.33,0.71,10.07,844558,662986740.0,0.0,0.7
2014-08-11,1503.81,1503.81,1503.81,1503.81,4.77,68.48,1192533,1182680781.0,0.0,0.99
2014-08-12,1547.66,1547.66,1547.66,1547.66,2.92,43.85,1726661,1609611566.0,0.0,1.44
2014-08-13,1534.3,1534.3,1534.3,1534.3,-0.86,-13.36,1014351,937927351.0,0.0,0.84
2014-08-14,1533.01,1533.01,1533.01,1533.01,-0.08,-1.29,1125736,1128279568.0,0.0,0.94
2014-08-15,1540.07,1540.07,1540.07,1540.07,0.46,7.06,717683,717191512.0,0.0,0.6
2014-08-18,1554.64,1554.64,1554.64,1554.64,0.95,14.57,855870,816257866.0,0.0,0.71
2014-08-19,1565.64,1565.64,1565.64,1565.64,0.71,11.0,1072068,1022493517.0,0.0,0.89
2014-08-20,1567.32,1567.32,1567.32,1567.32,0.11,1.68,684659,643410375.0,0.0,0.57
2014-08-21,1551.96,1551.96,1551.96,1551.96,-0.98,-15.36,733838,700237748.0,0.0,0.61
2014-08-22,1571.94,1571.94,1571.94,1571.94,1.29,19.98,945936,906192694.0,0.0,0.79
2014-08-25,1576.93,1576.93,1576.93,1576.93,0.32,4.99,848591,859118113.0,0.0,0.71
2014-08-26,1520.67,1520.67,1520.67,1520.67,-3.57,-56.26,800403,738410593.0,0.0,0.67
2014-08-27,1512.57,1512.57,1512.57,1512.57,-0.53,-8.1,509873,507177988.0,0.0,0.42
2014-08-28,1492.07,1492.07,1492.07,1492.07,-1.36,-20.5,596600,602123356.0,0.0,0.5
2014-08-29,1510.46,1510.46,1510.46,1510.46,1.23,18.39,349053,339546098.0,0.0,0.29
2014-09-01,1536.9,1536.9,1536.9,1536.9,1.75,26.44,465061,482500181.0,0.0,0.39
2014-09-02,1575.71,1575.71,1575.71,1575.71,2.53,38.81,927063,864508359.0,0.0,0.77
2014-09-03,1586.49,1586.49,1586.49,1586.49,0.68,10.78,882543,825402480.0,0.0,0.73
2014-09-04,1601.4,1601.4,1601.4,1601.4,0.94,14.91,1002547,997973129.0,0.0,0.83
2014-09-05,1638.56,1638.56,1638.56,1638.56,2.32,37.16,1028065,1009469388.0,0.0,0.86
2014-09-09,1637.72,1637.72,1637.72,1637.72,-0.05,-0.84,789701,777584118.0,0.0,0.66
2014-09-10,1631.67,1631.67,1631.67,1631.67,-0.37,-6.05,687485,682541420.0,0.0,0.57
2014-09-11,1641.93,1641.93,1641.93,1641.93,0.63,10.26,947615,987830484.0,0.0,0.79
2014-09-12,1651.2,1651.2,1651.2,1651.2,0.56,9.27,618928,626362018.0,0.0,0.52
2014-09-15,1667.24,1667.24,1667.24,1667.24,0.97,16.04,732954,752101593.0,0.0,0.61
2014-09-16,1574.06,1574.06,1574.06,1574.06,-5.59,-93.18,1043904,1116415914.0,0.0,0.87
2014-09-17,1568.79,1568.79,1568.79,1568.79,-0.33,-5.27,540289,549821094.0,0.0,0.45
2014-09-18,1577.22,1577.22,1577.22,1577.22,0.54,8.43,596250,616443613.0,0.0,0.5
2014-09-19,1605.58,1605.58,1605.58,1605.58,1.8,28.36,533537,554961019.0,0.0,0.44
2014-09-22,1597.92,1597.92,1597.92,1597.92,-0.48,-7.66,503490,518659939.0,0.0,0.42
2014-09-23,1621.51,1621.51,1621.51,1621.51,1.48,23.59,566821,550581659.0,0.0,0.47
2014-09-24,1644.77,1644.77,1644.77,1644.77,1.43,23.26,1037529,931093956.0,0.0,0.86
2014-09-25,1676.74,1676.74,1676.74,1676.74,1.94,31.97,1261339,1156849740.0,0.0,1.05
2014-09-26,1655.13,1655.13,1655.13,1655.13,-1.29,-21.61,1033617,926502970.0,0.0,0.86
2014-09-29,1659.66,1659.66,1659.66,1659.66,0.27,4.53,737978,705730721.0,0.0,0.61
2014-09-30,1660.31,1660.31,1660.31,1660.31,0.04,0.65,637426,628211144.0,0.0,0.53
2014-10-08,1680.17,1680.17,1680.17,1680.17,1.2,19.86,716928,733084280.0,0.0,0.6
2014-10-09,1692.64,1692.64,1692.64,1692.64,0.74,12.47,900223,932457573.0,0.0,0.75
2014-10-10,1690.21,1690.21,1690.21,1690.21,-0.14,-2.43,702067,712346028.0,0.0,0.58
2014-10-13,1670.81,1670.81,1670.81,1670.81,-1.15,-19.4,914266,962951344.0,0.0,0.76
2014-10-14,1647.43,1647.43,1647.43,1647.43,-1.4,-23.38,703543,714670819.0,0.0,0.59
2014-10-15,1631.43,1631.43,1631.43,1631.43,-0.97,-16.0,829526,805002065.0,0.0,0.69
2014-10-16,1605.63,1605.63,1605.63,1605.63,-1.58,-25.8,699914,668052512.0,0.0,0.58
2014-10-17,1582.67,1582.67,1582.67,1582.67,-1.43,-22.96,623377,629079237.0,0.0,0.52
2014-10-20,1594.85,1594.85,1594.85,1594.85,0.77,12.18,426376,442147622.0,0.0,0.35
2014-10-21,1609.38,1609.38,1609.38,1609.38,0.91,14.53,764184,715350161.0,0.0,0.64
2014-10-22,1579.05,1579.05,1579.05,1579.05,-1.88,-30.33,613171,630309921.0,0.0,0.51
2014-10-23,1537.54,1537.54,1537.54,1537.54,-2.63,-41.51,564398,544563893.0,0.0,0.47
2014-10-24,1551.84,1551.84,1551.84,1551.84,0.93,14.3,319164,324737908.0,0.0,0.27
2014-10-27,1565.3,1565.3,1565.3,1565.3,0.87,13.46,312596,326328726.0,0.0,0.26
2014-10-28,1600.24,1600.24,1600.24,1600.24,2.23,34.94,460558,471773648.0,0.0,0.38
2014-10-29,1611.69,1611.69,1611.69,1611.69,0.72,11.45,556774,569714620.0,0.0,0.46
2014-10-30,1617.5,1617.5,1617.5,1617.5,0.36,5.81,660150,649732949.0,0.0,0.55
2014-10-31,1610.26,1610.26,1610.26,1610.26,-0.45,-7.24,527456,519417506.0,0.0,0.44
2014-11-03,1609.15,1626.18,1633.53,1609.15,0.99,15.92,550371,558625694.0,1.51,0.46
2014-11-04,1626.26,1600.88,1626.26,1595.12,-1.56,-25.3,560423,586067586.0,1.91,0.47
2014-11-05,1597.64,1603.36,1604.9,1590.56,0.15,2.48,400004,405011066.0,0.9,0.33
2014-11-06,1608.51,1620.24,1621.3,1598.86,1.05,16.88,580719,672987415.0,1.4,0.48
2014-11-07,1616.6,1606.44,1631.42,1604.32,-0.85,-13.8,666720,698213654.0,1.67,0.55
2014-11-10,1609.49,1623.18,1623.18,1605.2,1.04,16.74,572343,590583068.0,1.12,0.48
2014-11-11,1628.02,1563.87,1629.3,1556.19,-3.65,-59.31,709093,682754591.0,4.5,0.59
2014-11-12,1562.21,1604.34,1604.34,1561.82,2.59,40.47,418553,446232887.0,2.72,0.35
2014-11-13,1600.56,1587.47,1602.36,1577.89,-1.05,-16.87,460075,475124292.0,1.53,0.38
2014-11-14,1579.1,1592.46,1594.58,1573.41,0.31,4.99,316090,334289909.0,1.33,0.26
2014-11-17,1595.91,1619.57,1619.99,1586.82,1.7,27.11,420523,467842031.0,2.08,0.35
2014-11-18,1618.2,1626.85,1635.89,1613.03,0.45,7.28,357694,434752020.0,1.41,0.3
2014-11-19,1626.71,1628.38,1641.62,1618.46,0.09,1.53,356463,394321796.0,1.42,0.3
2014-11-20,1622.66,1651.38,1651.38,1618.79,1.41,23.0,360147,420257428.0,2.0,0.3
2014-11-21,1647.35,1655.86,1663.94,1642.06,0.27,4.48,455197,469214840.0,1.32,0.38
2014-11-24,1666.73,1665.44,1666.73,1653.16,0.58,9.58,657352,665888449.0,0.82,0.55
2014-11-25,1669.82,1756.99,1756.99,1669.82,5.5,91.55,1522161,1574510869.0,5.23,1.27
2014-11-26,1767.98,1755.87,1768.69,1730.27,-0.06,-1.12,1576099,1616333072.0,2.19,1.31
2014-11-27,1753.9,1757.82,1775.66,1751.2,0.11,1.95,960298,1061760860.0,1.39,0.8
2014-11-28,1756.43,1750.09,1775.17,1736.07,-0.44,-7.73,888133,948154207.0,2.22,0.74
2014-12-01,1749.7,1732.55,1749.7,1720.01,-1.0,-17.54,846901,935844559.0,1.7,0.7
2014-12-02,1731.76,1738.01,1753.32,1727.29,0.32,5.46,652310,706627493.0,1.5,0.54
2014-12-03,1738.53,1765.92,1768.23,1731.25,1.61,27.91,966309,1073645695.0,2.13,0.8
2014-12-04,1769.91,1806.96,1806.96,1769.91,2.32,41.04,1002787,1174392268.0,2.1,0.83
2014-12-05,1813.63,1750.56,1819.38,1704.36,-3.12,-56.4,1100241,1222790200.0,6.37,0.92
2014-12-08,1735.32,1738.4,1755.69,1726.56,-0.69,-12.16,694006,731127087.0,1.66,0.58
2014-12-09,1735.26,1662.88,1735.26,1660.18,-4.34,-75.52,879528,868567457.0,4.32,0.73
2014-12-10,1652.24,1706.89,1708.45,1652.24,2.65,44.01,465419,468062802.0,3.38,0.39
2014-12-11,1708.0,1740.05,1740.05,1702.06,1.94,33.16,624395,659378990.0,2.23,0.52
2014-12-12,1744.14,1750.82,1750.82,1727.1,0.62,10.77,501972,533180604.0,1.36,0.42
2014-12-15,1745.93,1800.14,1800.14,1745.93,2.82,49.32,802714,845389744.0,3.1,0.67
2014-12-16,1800.52,1793.47,1800.52,1764.33,-0.37,-6.67,684513,772926671.0,2.01,0.57
2014-12-17,1786.85,1769.3,1788.1,1747.05,-1.35,-24.17,759064,848409591.0,2.29,0.63
2014-12-18,1765.42,1737.09,1765.42,1733.06,-1.82,-32.21,514392,583940517.0,1.83,0.43
2014-12-19,1733.26,1700.45,1733.28,1672.34,-2.11,-36.64,590878,653528344.0,3.51,0.49
2014-12-22,1692.28,1604.31,1692.28,1588.87,-5.65,-96.14,765974,780100065.0,6.08,0.64
2014-12-23,1602.68,1595.48,1630.88,1593.29,-0.55,-8.83,346778,367857937.0,2.34,0.29
2014-12-24,1602.13,1633.39,1633.39,1599.84,2.38,37.91,378358,390095106.0,2.1,0.31
2014-12-25,1633.09,1645.19,1645.22,1629.9,0.72,11.8,315431,342644292.0,0.94,0.26
2014-12-26,1641.34,1675.2,1676.3,1641.34,1.82,30.01,454992,494243046.0,2.12,0.38
2014-12-29,1661.54,1639.13,1663.23,1629.47,-2.15,-36.07,488225,510873776.0,2.02,0.41
2014-12-30,1628.64,1607.03,1637.47,1587.28,-1.96,-32.1,458844,497360581.0,3.06,0.38
2014-12-31,1613.47,1621.39,1624.45,1590.45,0.89,14.36,335832,363436394.0,2.12,0.28
2015-01-05,1623.46,1627.05,1630.84,1598.39,0.35,5.66,540582,604143196.0,2.0,0.45
2015-01-06,1623.37,1658.52,1661.02,1615.4,1.93,31.47,631754,706261890.0,2.8,0.53
2015-01-07,1658.13,1664.12,1666.96,1646.79,0.34,5.6,560184,600850727.0,1.22,0.47
2015-01-08,1679.75,1680.04,1695.8,1663.13,0.96,15.92,918613,1006208555.0,1.96,0.76
2015-01-09,1670.76,1655.04,1682.54,1655.04,-1.49,-25.0,613046,700441283.0,1.64,0.51
2015-01-12,1644.92,1630.68,1644.92,1620.5,-1.47,-24.36,382945,427927573.0,1.48,0.32
2015-01-13,1633.41,1671.64,1678.99,1631.42,2.51,40.96,555324,702712038.0,2.92,0.46
2015-01-14,1671.38,1663.71,1685.81,1661.3,-0.47,-7.93,539854,693576525.0,1.47,0.45
2015-01-15,1663.99,1665.26,1677.5,1661.4,0.09,1.55,402835,463368595.0,0.97,0.34
2015-01-16,1669.35,1678.36,1683.73,1663.55,0.79,13.1,469827,545731352.0,1.21,0.39
2015-01-19,1645.22,1621.38,1667.38,1596.8,-3.39,-56.98,609064,695016083.0,4.21,0.51
2015-01-20,1627.88,1680.75,1680.75,1627.88,3.66,59.37,556522,652107329.0,3.26,0.46
2015-01-21,1686.32,1742.4,1748.52,1685.76,3.67,61.65,954544,1141010661.0,3.73,0.79
2015-01-22,1739.5,1744.46,1750.58,1722.42,0.12,2.06,938155,1087570695.0,1.62,0.78
2015-01-23,1746.18,1713.99,1752.2,1706.89,-1.75,-30.47,751380,888179908.0,2.6,0.63
2015-01-26,1707.7,1749.87,1750.45,1707.29,2.09,35.88,671436,784799094.0,2.52,0.56
2015-01-27,1752.27,1756.83,1758.84,1719.53,0.4,6.96,799599,959030622.0,2.25,0.67
2015-01-28,1753.57,1748.39,1773.75,1746.27,-0.48,-8.44,737848,882861231.0,1.56,0.61
2015-01-29,1742.22,1748.39,1761.28,1736.01,0.0,0.0,715573,819135432.0,1.45,0.6
2015-01-30,1751.2,1747.16,1764.28,1738.76,-0.07,-1.23,610546,706860499.0,1.46,0.51
2015-02-02,1719.2,1739.79,1754.03,1704.58,-0.42,-7.37,664797,727813062.0,2.83,0.55
2015-02-03,1742.18,1771.83,1772.47,1742.18,1.84,32.04,717853,829048701.0,1.74,0.6
2015-02-04,1770.41,1767.13,1784.86,1764.89,-0.27,-4.7,703928,903653172.0,1.13,0.59
2015-02-05,1779.6,1774.22,1785.75,1762.15,0.4,7.09,793095,857096957.0,1.34,0.66
2015-02-06,1769.45,1738.82,1776.93,1727.77,-2.0,-35.4,646096,725213377.0,2.77,0.54
2015-02-09,1734.51,1708.4,1737.36,1706.7,-1.75,-30.42,403175,467165291.0,1.76,0.34
2015-02-10,1706.11,1726.25,1726.25,1699.76,1.04,17.85,311040,367070199.0,1.55,0.26
2015-02-11,1726.32,1742.19,1742.19,1716.11,0.92,15.94,405010,460013307.0,1.51,0.34
2015-02-12,1755.08,1799.07,1799.72,1755.08,3.26,56.88,731526,939429649.0,2.56,0.61
2015-02-13,1805.82,1826.67,1835.7,1800.61,1.53,27.6,868441,1082538362.0,1.95,0.72
2015-02-16,1820.1,1852.68,1856.6,1807.64,1.42,26.01,876433,1080542641.0,2.68,0.73
2015-02-17,1856.4,1851.37,1863.95,1836.83,-0.07,-1.31,656529,763689277.0,1.46,0.55
2015-02-25,1857.77,1894.28,1896.48,1844.25,2.32,42.91,850538,989723643.0,2.82,0.71
2015-02-26,1902.75,1912.66,1919.84,1888.49,0.97,18.38,1231554,1330073579.0,1.65,1.02
2015-02-27,1908.29,1935.12,1939.65,1887.1,1.17,22.46,1228105,1343387770.0,2.75,1.02
2015-03-02,1937.92,1991.59,1994.1,1934.07,2.92,56.47,1574168,1889646167.0,3.1,1.31
2015-03-03,1993.91,1969.4,2020.17,1969.4,-1.11,-22.19,1412232,1749763858.0,2.55,1.18
2015-03-04,1972.96,2020.17,2021.42,1965.39,2.58,50.77,1413148,1737223713.0,2.85,1.18
2015-03-05,2014.65,2071.77,2071.89,2006.53,2.55,51.6,1450633,1784538143.0,3.24,1.21
2015-03-06,2074.45,2017.6,2089.7,2017.6,-2.61,-54.17,1367646,1703393534.0,3.48,1.14
2015-03-09,2018.58,2074.06,2075.69,1986.63,2.8,56.46,1037553,1296474106.0,4.41,0.86
2015-03-10,2072.93,2091.43,2103.16,2066.9,0.84,17.37,1105507,1365187655.0,1.75,0.92
2015-03-11,2089.17,2078.83,2089.98,2062.89,-0.6,-12.6,1244430,1451529325.0,1.3,1.04
2015-03-12,2082.66,2054.92,2082.66,2021.71,-1.15,-23.91,951945,1152679256.0,2.93,0.79
2015-03-13,2063.1,2168.15,2168.94,2063.1,5.51,113.23,1494560,1983059236.0,5.15,1.24
2015-03-16,2199.9,2276.44,2284.18,2198.89,4.99,108.29,1814904,2587591539.0,3.93,1.51
2015-03-17,2305.64,2317.76,2320.2,2273.22,1.82,41.32,2053136,2809086279.0,2.06,1.71
2015-03-18,2319.67,2323.79,2325.86,2290.62,0.26,6.03,1716148,2354874341.0,1.52,1.43
2015-03-19,2310.39,2301.64,2310.39,2278.9,-0.95,-22.15,1272324,1727132176.0,1.36,1.06
2015-03-20,2309.6,2364.54,2380.9,2296.32,2.73,62.9,1716632,2418452995.0,3.67,1.43
2015-03-23,2361.02,2464.59,2465.43,2356.79,4.23,100.05,1849206,2690566262.0,4.59,1.54
2015-03-24,2462.24,2443.76,2462.24,2328.56,-0.85,-20.83,1794125,2693183467.0,5.42,1.49
2015-03-25,2431.49,2479.04,2496.68,2410.94,1.44,35.28,1564718,2425844052.0,3.51,1.3
2015-03-26,2472.3,2446.26,2535.99,2430.8,-1.32,-32.78,1413407,2200067000.0,4.24,1.18
2015-03-27,2453.66,2511.95,2518.43,2453.66,2.69,65.69,1036114,1795727068.0,2.65,0.86
2015-03-30,2511.81,2518.28,2544.22,2485.35,0.25,6.33,690232,1294867467.0,2.34,0.57
2015-03-31,2530.39,2563.9,2583.66,2476.71,1.81,45.62,1442992,2365586817.0,4.25,1.2
2015-04-01,2548.16,2604.16,2620.94,2538.93,1.57,40.26,1163904,1977892633.0,3.2,0.97
2015-04-02,2604.87,2670.21,2676.22,2598.51,2.54,66.05,1316263,2250400764.0,2.98,1.1
2015-04-03,2646.99,2773.41,2779.29,2639.1,3.86,103.2,1019708,1926821957.0,5.25,0.85
2015-04-07,2808.15,2807.28,2824.74,2782.0,1.22,33.87,950023,1800554466.0,1.54,0.79
2015-04-08,2876.77,2829.09,2891.29,2775.09,0.78,21.81,1244966,2225966196.0,4.14,1.04
2015-04-09,2867.22,2780.35,2867.22,2636.6,-1.72,-48.74,1708536,2632039143.0,8.15,1.42
2015-04-10,2790.36,2854.17,2882.42,2766.41,2.66,73.82,1340366,2458963419.0,4.17,1.12
2015-04-13,2860.73,3008.3,3018.65,2860.73,5.4,154.13,1806814,3065033372.0,5.53,1.5
2015-04-14,3030.41,2951.44,3033.2,2941.65,-1.89,-56.86,1722916,3312331005.0,3.04,1.43
2015-04-15,2942.86,2813.72,2942.86,2792.03,-4.67,-137.72,1239007,2126556670.0,5.11,1.03
2015-04-16,2775.35,2816.63,2857.12,2720.65,0.1,2.91,947069,1636609819.0,4.85,0.79
2015-04-17,2826.97,2828.09,2869.5,2804.19,0.41,11.46,1185918,2125353075.0,2.32,0.99
2015-04-20,2795.18,2742.74,2840.86,2729.24,-3.02,-85.35,1414709,2456298625.0,3.95,1.18
2015-04-21,2731.75,2881.59,2881.59,2731.75,5.06,138.85,748625,1551262648.0,5.46,0.62
2015-04-22,2900.31,2941.73,2966.64,2900.31,2.09,60.14,809150,1696072390.0,2.3,0.67
2015-04-23,2947.1,2942.12,2968.79,2906.72,0.01,0.39,807211,1571968475.0,2.11,0.67
2015-04-24,2897.31,2907.92,2930.78,2868.71,-1.16,-34.2,844837,1584793197.0,2.11,0.7
2015-04-27,2949.91,2920.57,3003.04,2907.03,0.44,12.65,994355,2027391402.0,3.3,0.83
2015-04-28,2927.76,2827.46,2937.73,2812.18,-3.19,-93.11,897531,1910934549.0,4.3,0.75
2015-04-29,2814.58,2889.3,2903.61,2785.75,2.19,61.84,670047,1494994242.0,4.17,0.56
2015-04-30,2885.23,2851.9,2903.5,2851.9,-1.29,-37.4,751803,1605124695.0,1.79,0.63
2015-05-04,2860.78,2860.14,2875.55,2814.32,0.29,8.24,593215,1267607223.0,2.15,0.49
2015-05-05,2860.4,2785.91,2862.64,2759.59,-2.6,-74.23,631597,1328557200.0,3.6,0.53
2015-05-06,2781.89,2767.47,2846.96,2745.09,-0.66,-18.44,546023,1161366892.0,3.66,0.45
2015-05-07,2757.42,2716.01,2770.6,2678.83,-1.86,-51.46,531040,1039048241.0,3.32,0.44
2015-05-08,2736.83,2863.84,2863.84,2736.83,5.44,147.83,731063,1571019708.0,4.68,0.61
2015-05-11,2946.45,3001.05,3002.46,2915.22,4.79,137.21,1066467,2470812308.0,3.05,0.89
2015-05-12,3046.26,3160.38,3160.38,3039.07,5.31,159.33,1457196,2259786859.0,4.04,1.21
2015-05-13,3239.88,3298.11,3346.55,3172.44,4.36,137.73,2925173,4866664579.0,5.51,2.43
2015-05-14,3310.58,3348.77,3376.23,3282.01,1.54,50.66,1962978,3274567982.0,2.86,1.63
2015-05-15,3313.38,3359.96,3394.75,3269.83,0.33,11.19,2003634,3064429540.0,3.73,1.67
2015-05-18,3382.42,3494.57,3495.21,3369.85,4.01,134.61,2099678,3605622864.0,3.73,1.75
2015-05-19,3499.63,3665.99,3666.54,3499.63,4.91,171.42,1331181,2616121936.0,4.78,1.11
2015-05-20,3689.24,3826.68,3889.0,3686.2,4.38,160.69,1541514,2978901984.0,5.53,1.28
2015-05-21,3806.18,3954.78,3961.66,3769.13,3.35,128.1,1755355,3299861100.0,5.03,1.46
2015-05-22,4086.85,3939.6,4095.96,3901.56,-0.38,-15.18,1899352,3883228160.0,4.92,1.58
2015-05-25,3906.9,4050.06,4075.63,3840.85,2.8,110.46,1656500,3335315147.0,5.96,1.38
2015-05-26,4125.17,4241.76,4261.78,4084.27,4.73,191.7,1974212,3910033455.0,4.38,1.64
2015-05-27,4253.57,4336.16,4382.83,4132.4,2.23,94.4,1736944,3519673573.0,5.9,1.45
2015-05-28,4333.9,4010.36,4399.33,4009.77,-7.51,-325.8,1787849,3622111679.0,8.98,1.49
2015-05-29,3986.75,4120.12,4157.4,3762.58,2.74,109.76,1617708,3251085730.0,9.85,1.35
2015-06-01,4161.74,4367.95,4377.21,4120.93,6.02,247.83,1372735,3054016047.0,6.22,1.14
2015-06-02,4407.81,4652.45,4665.76,4407.81,6.51,284.5,2001535,4396381648.0,5.91,1.67
2015-06-03,4703.65,4667.77,4790.51,4480.63,0.33,15.32,1572627,3491813344.0,6.66,1.31
2015-06-04,4647.84,4697.47,4712.64,4395.85,0.64,29.7,1450749,3377697152.0,6.79,1.21
2015-06-05,4846.32,4753.97,4888.18,4663.77,1.2,56.5,1414828,3347767310.0,4.78,1.18
2015-06-08,4731.56,4702.92,4753.15,4610.28,-1.07,-51.05,1322516,3001151743.0,3.01,1.1
2015-06-09,4715.05,4595.03,4722.45,4558.93,-2.29,-107.89,1069392,2108620248.0,3.48,0.89
2015-06-10,4575.77,4809.27,4832.78,4525.35,4.66,214.24,1087352,2186009588.0,6.69,0.9
2015-06-11,4847.81,4971.49,4992.82,4830.05,3.37,162.22,1038664,2195670668.0,3.38,0.86
2015-06-12,4979.44,5131.69,5189.9,4979.44,3.22,160.2,1600512,3031027259.0,4.23,1.33
2015-06-15,5121.71,5076.28,5254.02,5039.48,-1.08,-55.41,1905007,3692780016.0,4.18,1.59
2015-06-16,5032.33,4888.44,5071.19,4844.73,-3.7,-187.84,1744413,3349603280.0,4.46,1.45
2015-06-17,4881.64,5057.14,5069.52,4644.21,3.45,168.7,1700569,3227285333.0,8.7,1.42
2015-06-18,5049.68,4923.13,5098.74,4885.04,-2.65,-134.01,888013,1788316951.0,4.23,0.74
2015-06-19,4704.79,4430.27,4851.06,4430.27,-10.01,-492.86,756635,1401317518.0,8.55,0.63
2015-06-23,4413.5,4343.55,4508.26,4048.56,-1.96,-86.72,517100,879173441.0,10.38,0.43
2015-06-24,4387.81,4482.84,4492.57,4261.34,3.21,139.29,524035,905204072.0,5.32,0.44
2015-06-25,4518.87,4299.82,4556.63,4211.24,-4.08,-183.02,427444,732820106.0,7.7,0.36
2015-06-26,4114.74,3870.09,4158.05,3870.09,-9.99,-429.73,454855,661796903.0,6.7,0.38
2015-06-29,3951.35,3579.71,3966.63,3491.81,-7.5,-290.38,635374,852755926.0,12.27,0.53
2015-06-30,3396.42,3799.48,3801.64,3233.55,6.14,219.77,721410,1038722384.0,15.87,0.6
2015-07-01,3778.7,3459.45,3945.27,3456.82,-8.95,-340.03,599110,889465851.0,12.86,0.5
2015-07-02,3403.58,3113.85,3446.23,3113.85,-9.99,-345.6,592201,779481489.0,9.61,0.49
2015-07-03,2987.96,2869.9,3209.17,2810.68,-7.83,-243.95,710412,828970269.0,12.8,0.59
2015-07-06,3147.13,2681.81,3147.13,2609.04,-6.55,-188.09,763161,836217312.0,18.75,0.64
2015-07-07,2476.23,2415.04,2542.25,2415.04,-9.95,-266.77,384068,356260201.0,4.74,0.32
2015-07-08,2173.89,2267.47,2325.06,2173.89,-6.11,-147.57,486176,299150864.0,6.26,0.4
2015-07-09,2177.49,2494.22,2494.22,2177.49,10.0,226.75,256445,171367269.0,13.97,0.21
2015-07-10,2580.6,2742.56,2742.56,2580.6,9.96,248.34,225413,169432588.0,6.49,0.19
2015-07-13,2790.26,2833.45,2833.45,2751.86,3.31,90.89,1036202,1599093486.0,2.97,0.86
2015-07-14,2818.78,2905.57,2928.11,2797.37,2.55,72.12,892294,902017971.0,4.61,0.74
2015-07-15,2860.22,2749.34,2888.13,2720.08,-5.38,-156.23,1128498,1458615464.0,5.78,0.94
2015-07-16,2635.3,2723.24,2868.26,2520.73,-0.95,-26.1,2206170,3266746784.0,12.64,1.84
2015-07-17,2703.74,2951.69,2965.72,2692.3,8.39,228.45,1883915,2754776480.0,10.04,1.57
2015-07-20,2953.43,3111.83,3150.18,2953.43,5.43,160.14,2005878,2931223296.0,6.67,1.67
2015-07-21,3188.59,3261.26,3277.38,3087.9,4.8,149.43,1702494,2545724215.0,6.09,1.42
2015-07-22,3261.38,3319.78,3380.13,3235.49,1.79,58.52,1329277,2285904400.0,4.44,1.11
2015-07-23,3287.46,3362.64,3386.87,3230.7,1.29,42.86,1282750,2166983184.0,4.7,1.07
2015-07-24,3388.89,3312.64,3460.48,3248.93,-1.49,-50.0,1456739,2479678160.0,6.29,1.21
2015-07-27,3217.17,2981.47,3295.54,2981.47,-10.0,-331.17,1323451,2063679353.0,9.48,1.1
2015-07-28,2740.36,2880.39,2963.29,2683.45,-3.39,-101.08,1495761,2068904416.0,9.39,1.24
2015-07-29,2922.42,2894.3,2946.74,2690.72,0.48,13.91,1539645,2103277504.0,8.89,1.28
2015-07-30,2893.65,2749.6,2919.39,2729.04,-5.0,-144.7,1281971,1806128992.0,6.58,1.07
2015-07-31,2675.01,2607.08,2726.81,2564.73,-5.18,-142.52,1008640,1337772879.0,5.89,0.84
2015-08-03,2589.3,2555.32,2642.24,2496.69,-1.99,-51.76,1297749,1673872009.0,5.58,1.08
2015-08-04,2551.46,2782.81,2789.31,2551.46,8.9,227.49,1276300,1688989424.0,9.31,1.06
2015-08-05,2795.36,2733.29,2821.63,2708.94,-1.78,-49.52,1114287,1522571572.0,4.05,0.93
2015-08-06,2677.65,2703.14,2760.05,2655.01,-1.1,-30.15,596316,793605920.0,3.84,0.5
2015-08-07,2745.58,2798.05,2802.35,2733.56,3.51,94.91,978670,1264440848.0,2.54,0.81
2015-08-10,2795.9,2958.29,2983.83,2795.9,5.73,160.24,1071692,1471605760.0,6.72,0.89
2015-08-11,2939.74,2953.3,2992.39,2918.77,-0.17,-4.99,1054651,1484963008.0,2.49,0.88
2015-08-12,2906.13,2862.89,2946.81,2844.19,-3.06,-90.41,724608,1007773844.0,3.47,0.6
2015-08-13,2854.66,2907.07,2912.26,2787.97,1.54,44.18,645671,889354833.0,4.34,0.54
2015-08-14,2936.65,2929.39,2958.79,2892.08,0.77,22.32,709450,1002513447.0,2.29,0.59
2015-08-17,2915.36,2950.67,2951.27,2873.59,0.73,21.28,634142,874220365.0,2.65,0.53
2015-08-18,2957.72,2698.99,2978.14,2659.49,-8.53,-251.68,795756,1060631960.0,10.8,0.66
2015-08-19,2633.21,2755.72,2781.83,2500.79,2.1,56.73,699078,870346591.0,10.41,0.58
2015-08-20,2749.93,2805.51,2870.4,2721.3,1.81,49.79,824026,1074490389.0,5.41,0.69
2015-08-21,2755.22,2592.95,2766.19,2566.24,-7.58,-212.56,816683,1025092547.0,7.13,0.68
2015-08-24,2374.92,2333.29,2403.63,2333.29,-10.01,-259.66,158405,194233676.0,2.71,0.13
2015-08-25,2100.34,2100.34,2150.35,2100.34,-9.98,-232.95,224215,258582062.0,2.14,0.19
2015-08-26,2023.04,2001.22,2147.13,1955.76,-4.72,-99.12,572377,545148103.0,9.11,0.48
2015-08-27,1956.44,1974.18,2028.41,1911.27,-1.35,-27.04,872556,736537483.0,5.85,0.73
2015-08-28,1988.61,2147.78,2159.15,1963.79,8.79,173.6,791089,727050014.0,9.9,0.66
2015-08-31,2129.26,2036.47,2171.47,2031.77,-5.18,-111.31,503757,496958617.0,6.5,0.42
2015-09-01,1971.3,1864.79,1971.3,1837.21,-8.43,-171.68,481646,387277848.0,6.58,0.4
2015-09-02,1740.22,1840.4,1939.65,1712.58,-1.31,-24.39,561833,485459512.0,12.18,0.47
2015-09-07,1878.34,1876.57,1933.37,1848.18,1.97,36.17,379116,343250430.0,4.63,0.32
2015-09-08,1853.66,1968.99,1989.07,1826.0,4.92,92.42,327900,294513598.0,8.69,0.27
2015-09-09,1990.89,2018.66,2029.86,1963.97,2.52,49.67,505052,461347004.0,3.35,0.42
2015-09-10,1986.24,1937.7,1997.27,1924.51,-4.01,-80.96,343065,301311577.0,3.6,0.29
2015-09-11,1922.01,1980.71,1980.71,1919.6,2.22,43.01,302479,244964695.0,3.15,0.25
2015-09-14,2000.63,1827.77,2003.47,1782.14,-7.72,-152.94,369569,310313623.0,11.17,0.31
2015-09-15,1766.23,1691.6,1812.47,1653.25,-7.45,-136.17,300291,216647520.0,8.71,0.25
2015-09-16,1714.12,1839.14,1860.3,1692.54,8.72,147.54,373825,293737854.0,9.92,0.31
2015-09-17,1822.47,1784.94,1878.26,1765.56,-2.95,-54.2,370016,292927034.0,6.13,0.31
2015-09-18,1793.68,1770.99,1806.75,1717.56,-0.78,-13.95,291716,258539317.0,5.0,0.24
2015-09-21,1721.76,1820.22,1831.19,1718.22,2.78,49.23,304656,239737350.0,6.38,0.25
2015-09-22,1820.09,1855.34,1874.8,1816.76,1.93,35.12,412444,328046900.0,3.19,0.34
2015-09-23,1818.28,1794.03,1837.01,1783.43,-3.3,-61.31,236732,190212921.0,2.89,0.2
2015-09-24,1799.02,1842.88,1848.02,1799.02,2.72,48.85,322186,241825478.0,2.73,0.27
2015-09-25,1830.05,1788.02,1854.87,1759.45,-2.98,-54.86,296929,226831980.0,5.18,0.25
2015-09-28,1770.99,1832.63,1841.9,1751.7,2.49,44.61,301350,215277590.0,5.04,0.25
2015-09-29,1797.84,1803.21,1813.9,1770.72,-1.61,-29.42,188591,144949230.0,2.36,0.16
2015-09-30,1803.01,1822.13,1845.36,1803.01,1.05,18.92,227218,168581228.0,2.35,0.19
2015-10-08,1886.25,1916.62,1952.26,1863.99,5.19,94.49,385241,326597163.0,4.84,0.32
2015-10-09,1920.45,1922.78,1943.41,1898.58,0.32,6.16,375017,308879467.0,2.34,0.31
2015-10-12,1933.97,2027.05,2031.73,1933.97,5.42,104.27,511004,497641038.0,5.08,0.43
2015-10-13,2009.03,2013.46,2026.26,1982.09,-0.67,-13.59,375427,386350914.0,2.18,0.31
2015-10-14,2006.42,2004.39,2026.38,1975.98,-0.45,-9.07,359722,367544040.0,2.5,0.3
2015-10-15,1978.71,2076.37,2078.52,1978.71,3.59,71.98,511477,527027976.0,4.98,0.43
2015-10-16,2094.22,2138.86,2158.14,2045.7,3.01,62.49,632288,615904272.0,5.42,0.53
2015-10-19,2129.75,2151.8,2199.64,2093.01,0.6,12.94,639787,614697050.0,4.99,0.53
2015-10-20,2139.25,2280.36,2281.12,2139.25,5.97,128.56,765256,743898583.0,6.59,0.64
2015-10-21,2284.4,2069.62,2286.85,2057.0,-9.24,-210.74,874300,846729808.0,10.08,0.73
2015-10-22,2090.47,2131.4,2143.65,2029.47,2.99,61.78,489656,450288500.0,5.52,0.41
2015-10-23,2140.13,2209.27,2238.8,2125.59,3.65,77.87,617470,609680039.0,5.31,0.51
2015-10-26,2242.5,2200.56,2242.5,2168.51,-0.39,-8.71,514509,529105814.0,3.35,0.43
2015-10-27,2185.85,2226.07,2254.05,2094.39,1.16,25.51,611106,658255952.0,7.26,0.51
2015-10-28,2224.98,2208.03,2282.65,2196.45,-0.81,-18.04,598706,603901860.0,3.87,0.5
2015-10-29,2216.78,2228.08,2266.0,2201.35,0.91,20.05,460109,451154498.0,2.93,0.38
2015-10-30,2216.15,2217.81,2260.82,2178.28,-0.46,-10.27,385391,389951715.0,3.7,0.32
2015-11-02,2200.87,2305.22,2336.92,2195.53,3.94,87.41,880799,869281473.0,6.38,0.73
2015-11-03,2276.32,2290.07,2304.79,2232.71,-0.66,-15.15,463955,451327564.0,3.13,0.39
2015-11-04,2295.43,2392.59,2399.59,2287.2,4.48,102.52,547480,582246330.0,4.91,0.46
2015-11-05,2397.98,2467.18,2473.88,2369.63,3.12,74.59,684395,768313872.0,4.36,0.57
2015-11-06,2442.02,2571.88,2580.11,2439.13,4.24,104.7,628813,733233258.0,5.71,0.52
2015-11-09,2553.8,2649.09,2709.88,2553.8,3.0,77.21,810287,1074229536.0,6.07,0.67
2015-11-10,2630.03,2711.49,2816.34,2605.64,2.36,62.4,662565,861240240.0,7.95,0.55
2015-11-11,2743.19,2751.64,2801.76,2686.33,1.48,40.15,433329,561330031.0,4.26,0.36
2015-11-12,2752.46,2650.1,2752.46,2632.77,-3.69,-101.54,401614,479929603.0,4.35,0.33
2015-11-13,2606.41,2549.05,2606.76,2510.7,-3.81,-101.05,437247,497007781.0,3.62,0.36
2015-11-16,2486.2,2585.68,2608.2,2486.2,1.44,36.63,304027,351971436.0,4.79,0.25
2015-11-17,2603.7,2551.89,2666.32,2541.0,-1.31,-33.79,479784,569827685.0,4.85,0.4
2015-11-18,2540.75,2469.28,2569.39,2458.05,-3.24,-82.61,298985,355630456.0,4.36,0.25
2015-11-19,2458.53,2548.39,2557.93,2458.53,3.2,79.11,274179,322197837.0,4.03,0.23
2015-11-20,2559.89,2649.53,2649.53,2559.89,3.97,101.14,429735,497912280.0,3.52,0.36
2015-11-23,2661.79,2631.35,2753.53,2615.92,-0.69,-18.18,408818,491082550.0,5.19,0.34
2015-11-24,2622.15,2607.72,2628.44,2548.89,-0.9,-23.63,299149,342027524.0,3.02,0.25
2015-11-25,2631.55,2775.99,2775.99,2624.98,6.45,168.27,602506,729014815.0,5.79,0.5
2015-11-26,2790.78,2772.14,2790.78,2754.5,-0.14,-3.85,411164,539493539.0,1.31,0.34
2015-11-27,2755.66,2643.26,2808.55,2640.66,-4.65,-128.88,1598122,2340221272.0,6.06,1.33
2015-11-30,2682.78,2683.19,2691.79,2525.47,1.51,39.93,2560429,3654899731.0,6.29,2.13
2015-12-01,2661.51,2681.06,2728.61,2620.67,-0.08,-2.13,1914703,2618074302.0,4.02,1.59
2015-12-02,2667.08,2631.92,2711.08,2550.97,-1.83,-49.14,1262330,1652970214.0,5.97,1.05
2015-12-03,2640.44,2762.02,2762.02,2631.91,4.94,130.1,1209991,1625246307.0,4.94,1.01
2015-12-04,2755.94,2750.86,2795.2,2726.28,-0.4,-11.16,1027380,1399451077.0,2.5,0.86
2015-12-07,2758.66,2817.83,2820.31,2715.16,2.43,66.97,1134673,1581965763.0,3.82,0.94
2015-12-08,2776.27,2766.29,2822.19,2751.76,-1.83,-51.54,1048896,1461192351.0,2.5,0.87
2015-12-09,2752.9,2706.49,2769.05,2686.11,-2.16,-59.8,923923,1289661927.0,3.0,0.77
2015-12-10,2717.22,2687.79,2775.69,2675.61,-0.69,-18.7,799178,1109654742.0,3.7,0.67
2015-12-11,2628.98,2606.16,2630.6,2579.41,-3.04,-81.63,968613,1301300620.0,1.9,0.81
2015-12-14,2527.19,2570.66,2573.54,2502.4,-1.36,-35.5,747691,981325616.0,2.73,0.62
2015-12-15,2538.42,2524.55,2560.43,2515.37,-1.79,-46.11,2699700,3762137191.0,1.75,2.25
2015-12-16,2535.07,2531.49,2556.56,2519.98,0.27,6.94,1709735,2400097726.0,1.45,1.42
2015-12-17,2552.86,2648.3,2648.3,2542.34,4.61,116.81,2072981,2949536559.0,4.19,1.73
2015-12-18,2653.13,2659.42,2697.28,2648.41,0.42,11.12,1811202,2648753472.0,1.85,1.51
2015-12-21,2659.96,2687.63,2687.64,2630.12,1.06,28.21,1311126,1862773551.0,2.16,1.09
2015-12-22,2686.5,2693.26,2693.26,2641.66,0.21,5.63,1229179,1746721669.0,1.92,1.02
2015-12-23,2693.07,2630.78,2693.07,2621.17,-2.32,-62.48,1425386,2085603578.0,2.67,1.19
2015-12-24,2619.67,2611.96,2620.27,2556.02,-0.72,-18.82,1032287,1469864984.0,2.44,0.86
2015-12-25,2606.79,2608.97,2619.54,2588.07,-0.11,-2.99,808177,1132308564.0,1.2,0.67
2015-12-28,2624.17,2528.7,2631.36,2528.7,-3.08,-80.27,1257751,1727312945.0,3.93,1.05
2015-12-29,2512.63,2552.92,2552.92,2484.18,0.96,24.22,806002,1076402344.0,2.72,0.67
2015-12-30,2555.19,2586.06,2597.8,2550.07,1.3,33.14,1094993,1542326848.0,1.87,0.91
2015-12-31,2597.32,2582.01,2638.93,2579.58,-0.16,-4.05,1510439,2235577338.0,2.29,1.26
2016-01-04,2575.48,2375.46,2601.71,2360.96,-8.0,-206.55,1517453,2260789820.0,9.32,1.26
2016-01-05,2266.68,2332.87,2388.09,2230.68,-1.79,-42.59,2387667,3404680297.0,6.63,1.99
2016-01-06,2335.3,2375.58,2386.73,2307.69,1.83,42.71,1883180,2847126184.0,3.39,1.57
2016-01-07,2324.84,2140.38,2324.84,2139.68,-9.9,-235.2,336974,450307484.0,7.79,0.28
2016-01-08,2196.52,2135.24,2229.92,1984.85,-0.24,-5.14,1559473,2010621309.0,11.45,1.3
2016-01-11,2081.75,1939.18,2098.91,1931.65,-9.18,-196.06,1345265,1562131743.0,7.83,1.12
2016-01-12,1932.25,1940.94,1993.96,1854.92,0.09,1.76,1222096,1327411995.0,7.17,1.02
2016-01-13,1952.49,1868.15,1978.63,1862.55,-3.75,-72.79,1043485,1144650992.0,5.98,0.87
2016-01-14,1789.12,1941.16,1951.72,1789.12,3.91,73.01,1303465,1379700221.0,8.7,1.08
2016-01-15,1927.91,1827.03,1949.45,1810.68,-5.88,-114.13,1229934,1292042679.0,7.15,1.02
2016-01-18,1778.13,1841.09,1873.05,1778.13,0.77,14.06,1047649,1081069259.0,5.2,0.87
2016-01-19,1838.56,1935.6,1939.54,1834.2,5.13,94.51,1321586,1382236197.0,5.72,1.1
2016-01-20,1923.14,1901.66,1951.93,1879.12,-1.75,-33.94,1196666,1222446355.0,3.76,1.0
2016-01-21,1862.51,1787.76,1917.24,1785.89,-5.99,-113.9,1043783,1051033233.0,6.91,0.87
2016-01-22,1808.78,1810.79,1827.28,1730.45,1.29,23.03,1099872,1090070984.0,5.42,0.92
2016-01-25,1826.97,1822.66,1856.25,1805.39,0.66,11.87,790430,776491178.0,2.81,0.66
2016-01-26,1803.72,1644.18,1803.72,1641.6,-9.79,-178.48,1009911,937268107.0,8.89,0.84
2016-01-27,1650.72,1606.45,1657.66,1522.36,-2.29,-37.73,1108977,948831950.0,8.23,0.92
2016-01-28,1584.4,1532.96,1621.97,1532.57,-4.57,-73.49,747371,640301450.0,5.57,0.62
2016-01-29,1537.59,1654.63,1662.55,1537.59,7.94,121.67,1168636,1005431927.0,8.15,0.97
2016-02-01,1657.12,1633.41,1671.01,1595.85,-1.28,-21.22,1127290,987011511.0,4.54,0.94
2016-02-02,1609.07,1696.28,1696.28,1609.07,3.85,62.87,1592368,1824091856.0,5.34,1.33
2016-02-03,1654.24,1690.03,1700.14,1640.39,-0.37,-6.25,1195058,1336022438.0,3.52,0.99
2016-02-04,1696.18,1744.66,1761.07,1696.18,3.23,54.63,1462324,1718575071.0,3.84,1.22
2016-02-05,1743.18,1730.85,1759.61,1726.72,-0.79,-13.81,993267,1187410453.0,1.89,0.83
2016-02-15,1648.73,1720.81,1735.81,1648.73,-0.58,-10.04,901222,1037215203.0,5.03,0.75
2016-02-16,1726.03,1841.83,1847.17,1726.03,7.03,121.02,1329080,1590347196.0,7.04,1.11
2016-02-17,1839.83,1882.02,1892.38,1816.78,2.18,40.19,1488911,1786446147.0,4.1,1.24
2016-02-18,1888.59,1858.74,1895.79,1855.66,-1.24,-23.28,1251404,1509883258.0,2.13,1.04
2016-02-19,1848.05,1882.61,1884.36,1842.14,1.28,23.87,1120651,1282691801.0,2.27,0.93
2016-02-22,1905.69,1940.21,1940.21,1892.35,3.06,57.6,1293385,1523098602.0,2.54,1.08
2016-02-23,1944.01,1945.42,1949.61,1884.94,0.27,5.21,1434891,1743698022.0,3.33,1.19
2016-02-24,1928.38,1923.65,1945.69,1879.34,-1.12,-21.77,1065973,1285231851.0,3.41,0.89
2016-02-25,1916.72,1741.5,1916.72,1731.8,-9.47,-182.15,1252387,1359684647.0,9.61,1.04
2016-02-26,1738.51,1715.06,1755.31,1660.01,-1.52,-26.44,1138822,1166399244.0,5.47,0.95
2016-02-29,1697.43,1570.73,1699.8,1561.53,-8.42,-144.33,1108741,1035965978.0,8.06,0.92
2016-03-01,1584.35,1610.52,1627.03,1525.71,2.53,39.79,1009304,977342527.0,6.45,0.84
2016-03-02,1604.28,1708.73,1713.66,1604.28,6.1,98.21,1200050,1234820944.0,6.79,1.0
2016-03-03,1708.86,1728.14,1755.76,1702.73,1.14,19.41,1335731,1371331780.0,3.1,1.11
2016-03-04,1714.9,1631.52,1723.26,1608.24,-5.59,-96.62,1059641,1057932074.0,6.66,0.88
2016-03-07,1654.08,1675.4,1697.23,1653.54,2.69,43.88,682950,681965502.0,2.68,0.57
2016-03-08,1670.75,1686.48,1686.48,1588.69,0.66,11.08,773892,771109847.0,5.84,0.64
2016-03-09,1638.16,1661.53,1677.28,1628.8,-1.48,-24.95,870978,830938406.0,2.87,0.72
2016-03-10,1663.33,1632.02,1676.79,1626.45,-1.78,-29.51,690569,704359466.0,3.03,0.57
2016-03-11,1602.82,1613.92,1629.41,1590.74,-1.11,-18.1,517002,507482137.0,2.37,0.43
2016-03-14,1636.89,1699.56,1724.2,1636.89,5.31,85.64,1101662,1221717776.0,5.41,0.92
2016-03-15,1694.25,1673.19,1708.91,1660.13,-1.55,-26.37,698795,778306345.0,2.87,0.58
2016-03-16,1688.24,1683.24,1720.8,1674.45,0.6,10.05,1006017,965959415.0,2.77,0.84
2016-03-17,1690.56,1751.75,1756.16,1687.49,4.07,68.51,1481370,1501524861.0,4.08,1.23
2016-03-18,1750.42,1829.72,1846.78,1746.7,4.45,77.97,1724267,1843986401.0,5.71,1.44
2016-03-21,1855.42,1876.82,1880.29,1849.88,2.57,47.1,1656682,1838960465.0,1.66,1.38
2016-03-22,1856.49,1899.56,1927.1,1845.5,1.21,22.74,1536228,1774960709.0,4.35,1.28
2016-03-23,1890.87,1903.96,1906.22,1865.23,0.23,4.4,1059728,1246893501.0,2.16,0.88
2016-03-24,1885.99,1904.95,1956.25,1866.74,0.05,0.99,1619895,2059441172.0,4.7,1.35
2016-03-25,1934.25,1953.19,1962.71,1920.49,2.53,48.24,1202023,1483916281.0,2.22,1.0
2016-03-28,1959.0,1926.53,1987.64,1910.3,-1.36,-26.66,1889723,2267510119.0,3.96,1.57
2016-03-29,1911.54,1846.13,1924.8,1832.45,-4.17,-80.4,1239800,1391659533.0,4.79,1.03
2016-03-30,1865.1,1937.86,1938.77,1865.1,4.97,91.73,1249172,1461318709.0,3.99,1.04
2016-03-31,1952.66,1972.72,1989.77,1940.46,1.8,34.86,1769731,2100020698.0,2.54,1.47
2016-04-01,1958.1,1954.03,1968.76,1913.66,-0.95,-18.69,1178454,1344367966.0,2.79,0.98
2016-04-05,1957.82,2020.16,2026.53,1954.63,3.38,66.13,1516207,1831008524.0,3.68,1.26
2016-04-06,2003.75,2050.08,2052.5,2002.23,1.48,29.92,1471953,1856391728.0,2.49,1.23
2016-04-07,2049.77,1995.79,2053.48,1995.79,-2.65,-54.29,1280120,1628979621.0,2.81,1.07
2016-04-08,1973.51,1961.18,1978.68,1924.53,-1.73,-34.61,1009749,1231010088.0,2.71,0.84
2016-04-11,1993.06,2011.19,2034.75,1987.46,2.55,50.01,1231404,1474455045.0,2.41,1.02
2016-04-12,2010.63,2004.97,2021.01,1962.93,-0.31,-6.22,1104560,1362091440.0,2.89,0.92
2016-04-13,2010.6,2034.77,2068.07,2010.6,1.49,29.8,1686878,2045681736.0,2.87,1.4
2016-04-14,2056.34,2070.47,2075.02,2038.4,1.75,35.7,1206553,1471225736.0,1.8,1.0
2016-04-15,2066.96,2078.52,2088.3,2059.26,0.39,8.05,1033211,1273180997.0,1.4,0.86
2016-04-18,2058.43,2021.42,2058.43,2011.96,-2.75,-57.1,939343,1106354316.0,2.24,0.78
2016-04-19,2039.28,2025.06,2046.31,2007.18,0.18,3.64,768877,912728153.0,1.94,0.64
2016-04-20,2035.13,1906.83,2042.64,1868.48,-5.84,-118.23,1527032,1716328026.0,8.6,1.27
2016-04-21,1895.66,1886.14,1920.27,1882.53,-1.09,-20.69,913871,1009358634.0,1.98,0.76
2016-04-22,1871.66,1909.09,1913.35,1862.93,1.22,22.95,810905,885441038.0,2.67,0.67
2016-04-25,1905.29,1880.72,1905.29,1855.15,-1.49,-28.37,645917,710737666.0,2.63,0.54
2016-04-26,1879.99,1896.29,1899.27,1860.98,0.83,15.57,636362,697825613.0,2.04,0.53
2016-04-27,1897.66,1886.98,1913.9,1877.4,-0.49,-9.31,605692,675672586.0,1.92,0.5
2016-04-28,1891.18,1875.77,1897.24,1839.37,-0.59,-11.21,890556,1044394692.0,3.07,0.74
2016-04-29,1836.39,1838.03,1856.07,1831.2,-2.01,-37.74,1031724,1008409715.0,1.33,0.86
2016-05-03,1829.67,1917.27,1922.08,1829.67,4.31,79.24,1264823,1365689460.0,5.03,1.05
2016-05-04,1910.19,1916.14,1936.79,1904.08,-0.06,-1.13,1102730,1230883453.0,1.71,0.92
2016-05-05,1910.57,1928.88,1931.07,1906.77,0.66,12.74,703825,850453400.0,1.27,0.59
2016-05-06,1929.13,1842.45,1942.32,1842.45,-4.48,-86.43,1171445,1353799201.0,5.18,0.97
2016-05-09,1814.23,1727.25,1814.23,1717.35,-6.25,-115.2,907132,937453145.0,5.26,0.75
2016-05-10,1731.26,1730.56,1746.14,1714.77,0.19,3.31,495398,510486657.0,1.82,0.41
2016-05-11,1743.96,1723.7,1751.93,1714.29,-0.4,-6.86,469910,516333143.0,2.18,0.39
2016-05-12,1706.51,1744.84,1744.84,1676.92,1.23,21.14,590199,676379974.0,3.94,0.49
2016-05-13,1737.62,1718.02,1754.7,1711.39,-1.54,-26.82,482181,551273323.0,2.48,0.4
2016-05-16,1721.5,1765.63,1765.63,1707.64,2.77,47.61,614502,690735990.0,3.38,0.51
2016-05-17,1770.75,1754.18,1777.88,1746.15,-0.65,-11.45,561964,670345102.0,1.8,0.47
2016-05-18,1735.37,1677.62,1735.37,1662.57,-4.36,-76.56,845988,634365651.0,4.15,0.7
2016-05-19,1675.53,1673.47,1709.11,1669.57,-0.25,-4.15,587616,453031614.0,2.36,0.49
2016-05-20,1656.21,1687.29,1687.29,1646.64,0.83,13.82,543116,401292490.0,2.43,0.45
2016-05-23,1684.6,1713.75,1713.86,1684.6,1.57,26.46,574277,466564474.0,1.73,0.48
2016-05-24,1714.42,1712.92,1725.91,1698.07,-0.05,-0.83,612855,491303850.0,1.62,0.51
2016-05-25,1721.18,1694.98,1729.1,1686.59,-1.05,-17.94,468778,373330100.0,2.48,0.39
2016-05-26,1694.94,1691.89,1699.29,1637.3,-0.18,-3.09,579580,445858161.0,3.66,0.48
2016-05-27,1684.61,1678.75,1693.14,1678.24,-0.78,-13.14,379543,295830124.0,0.88,0.32
2016-05-30,1665.68,1654.66,1677.24,1640.55,-1.43,-24.09,302044,213877636.0,2.19,0.25
2016-05-31,1661.13,1743.03,1743.4,1661.13,5.34,88.37,747698,581842489.0,4.97,0.62
2016-06-01,1748.31,1749.66,1774.81,1744.32,0.38,6.63,671405,534935162.0,1.75,0.56
2016-06-02,1756.01,1792.59,1794.05,1756.01,2.45,42.93,785492,614434141.0,2.17,0.65
2016-06-03,1785.03,1796.18,1819.4,1772.53,0.2,3.59,659263,551820658.0,2.61,0.55
2016-06-06,1798.05,1804.03,1811.73,1786.46,0.44,7.85,548313,474036775.0,1.41,0.46
2016-06-07,1801.67,1816.47,1819.51,1785.97,0.69,12.44,673666,600803029.0,1.86,0.56
2016-06-08,1809.17,1808.99,1823.56,1792.8,-0.41,-7.48,616791,539658841.0,1.69,0.51
2016-06-13,1774.37,1694.1,1781.17,1694.1,-6.35,-114.89,577995,458851427.0,4.81,0.48
2016-06-14,1693.61,1731.58,1731.58,1693.61,2.21,37.48,980943,934538526.0,2.24,0.82
2016-06-15,1708.06,1794.63,1803.4,1708.06,3.64,63.05,1226097,1171696201.0,5.51,1.02
2016-06-16,1797.49,1780.07,1802.56,1771.56,-0.81,-14.56,885618,833017264.0,1.73,0.74
2016-06-17,1784.19,1800.53,1818.92,1784.19,1.15,20.46,1003492,997158141.0,1.95,0.84
2016-06-20,1805.2,1811.17,1812.35,1784.1,0.59,10.64,1204903,1254122901.0,1.57,1.0
2016-06-21,1820.62,1789.21,1827.07,1784.61,-1.21,-21.96,1014317,1016785849.0,2.34,0.84
2016-06-22,1790.51,1831.42,1831.42,1782.13,2.36,42.21,761779,742991072.0,2.75,0.63
2016-06-23,1831.76,1822.49,1852.16,1815.97,-0.49,-8.93,938852,956420350.0,1.98,0.78
2016-06-24,1819.77,1806.19,1836.31,1745.68,-0.89,-16.3,1119015,1095934322.0,4.97,0.93
2016-06-27,1790.11,1850.55,1850.57,1790.11,2.46,44.36,831275,812958487.0,3.35,0.69
2016-06-28,1848.22,1882.11,1885.55,1842.04,1.71,31.56,1336762,1348489136.0,2.35,1.11
2016-06-29,1888.26,1890.09,1895.2,1867.03,0.42,7.98,1028748,1065076800.0,1.5,0.86
2016-06-30,1891.08,1893.65,1917.51,1874.07,0.19,3.56,941951,990758247.0,2.3,0.78
2016-07-01,1898.6,1917.89,1934.83,1898.6,1.28,24.24,1195094,1170264322.0,1.91,0.99
2016-07-04,1898.99,1943.55,1946.72,1898.99,1.34,25.66,1202116,1193834268.0,2.49,1.0
2016-07-05,1938.87,1956.2,1958.43,1936.42,0.65,12.65,981731,988920612.0,1.13,0.82
2016-07-06,1949.48,1965.76,1971.83,1947.95,0.49,9.56,858095,857379102.0,1.22,0.71
2016-07-07,1963.39,1964.62,1975.89,1955.98,-0.06,-1.14,1279820,1224642028.0,1.01,1.07
2016-07-08,1964.68,1953.57,1965.21,1946.14,-0.56,-11.05,775761,729853485.0,0.97,0.65
2016-07-11,1952.95,1930.53,1964.31,1929.74,-1.18,-23.04,860927,809365448.0,1.77,0.72
2016-07-12,1913.31,1930.6,1930.6,1873.62,0.0,0.07,1019809,2004539522.0,2.95,0.85
2016-07-13,1923.36,1947.96,1955.65,1916.08,0.9,17.36,957548,1889031005.0,2.05,0.8
2016-07-14,1935.62,1937.69,1945.85,1921.95,-0.53,-10.27,664216,1206237132.0,1.23,0.55
2016-07-15,1937.06,1941.47,1953.96,1932.61,0.2,3.78,1177566,1786293754.0,1.1,0.98
2016-07-18,1933.97,1950.19,1959.26,1923.89,0.45,8.72,807353,1538391062.0,1.82,0.67
2016-07-19,1936.31,1940.97,1946.03,1907.83,-0.47,-9.22,617081,1185008808.0,1.96,0.51
2016-07-20,1932.73,1934.03,1938.45,1922.82,-0.36,-6.94,650163,1046738341.0,0.81,0.54
2016-07-21,1929.36,1948.79,1958.73,1923.88,0.76,14.76,1388851,1840516966.0,1.8,1.16
2016-07-22,1945.47,1946.13,1959.41,1928.14,-0.14,-2.66,1537317,1917277189.0,1.6,1.28
2016-07-25,1936.7,1968.96,1968.96,1920.5,1.17,22.83,1184643,1595380026.0,2.49,0.99
2016-07-26,1959.33,1985.11,1988.31,1959.33,0.82,16.15,1078887,1469777190.0,1.47,0.9
2016-07-27,1983.84,1871.71,1983.84,1843.65,-5.71,-113.4,1334607,1683340061.0,7.06,1.11
2016-07-28,1864.17,1861.57,1875.59,1820.46,-0.54,-10.14,836177,1032333183.0,2.95,0.7
2016-07-29,1862.26,1838.85,1876.34,1837.08,-1.22,-22.72,534392,708216223.0,2.11,0.44
2016-08-01,1822.37,1766.64,1823.08,1750.83,-3.93,-72.21,637354,786824853.0,3.93,0.53
2016-08-02,1764.83,1797.96,1797.96,1764.83,1.77,31.32,419201,524174584.0,1.88,0.35
2016-08-03,1792.47,1798.05,1806.28,1787.21,0.01,0.09,511288,663337697.0,1.06,0.43
2016-08-04,1801.16,1805.67,1806.91,1787.95,0.42,7.62,463553,606377001.0,1.05,0.39
2016-08-05,1801.08,1814.03,1829.86,1801.08,0.46,8.36,663114,796634749.0,1.59,0.55
2016-08-08,1803.46,1848.51,1850.13,1790.64,1.9,34.48,577843,775986369.0,3.28,0.48
2016-08-09,1843.72,1878.56,1882.27,1843.72,1.63,30.05,819662,1002878146.0,2.09,0.68
2016-08-10,1878.97,1883.25,1900.17,1872.65,0.25,4.69,697232,984577775.0,1.46,0.58
2016-08-11,1863.17,1852.14,1876.85,1851.41,-1.65,-31.11,534351,679859551.0,1.35,0.44
2016-08-12,1846.99,1878.19,1879.54,1846.99,1.41,26.05,435519,648666950.0,1.76,0.36
2016-08-15,1879.48,1913.34,1928.9,1865.02,1.87,35.15,824555,1084857920.0,3.4,0.69
2016-08-16,1920.83,1911.49,1922.42,1901.71,-0.1,-1.85,545158,761954275.0,1.08,0.45
2016-08-17,1912.86,1914.14,1921.95,1896.12,0.14,2.65,477552,637456358.0,1.35,0.4
2016-08-18,1908.59,1932.65,1932.65,1908.59,0.97,18.51,619819,937511523.0,1.26,0.52
2016-08-19,1928.36,1914.89,1936.73,1910.67,-0.92,-17.76,493844,695882319.0,1.35,0.41
2016-08-22,1926.48,1867.78,1926.48,1866.82,-2.46,-47.11,445693,598461594.0,3.12,0.37
2016-08-23,1864.46,1871.54,1886.2,1858.79,0.2,3.76,322064,392698341.0,1.47,0.27
2016-08-24,1875.54,1875.02,1883.37,1870.0,0.19,3.48,337215,405716528.0,0.71,0.28
2016-08-25,1868.91,1864.01,1869.15,1838.83,-0.59,-11.01,453801,492188968.0,1.62,0.38
2016-08-26,1865.36,1870.43,1889.45,1862.64,0.34,6.42,560212,621141415.0,1.44,0.47
2016-08-29,1863.98,1858.73,1868.69,1853.8,-0.63,-11.7,345210,391948720.0,0.8,0.29
2016-08-30,1858.56,1859.36,1872.53,1857.15,0.03,0.63,364657,395868878.0,0.83,0.3
2016-08-31,1858.66,1861.11,1868.09,1844.95,0.09,1.75,311079,422344498.0,1.24,0.26
2016-09-01,1860.16,1835.66,1863.79,1834.0,-1.37,-25.45,326196,374489160.0,1.6,0.27
2016-09-02,1834.63,1834.03,1840.0,1820.67,-0.09,-1.63,377136,439911479.0,1.05,0.31
2016-09-05,1832.84,1831.66,1843.58,1828.64,-0.13,-2.37,331382,360225149.0,0.81,0.28
2016-09-06,1831.15,1863.24,1863.24,1822.49,1.72,31.58,492391,520337905.0,2.22,0.41
2016-09-07,1857.9,1867.38,1873.56,1857.9,0.22,4.14,652762,694037485.0,0.84,0.54
2016-09-08,1867.68,1864.25,1872.23,1855.32,-0.17,-3.13,387151,419330318.0,0.91,0.32
2016-09-09,1866.59,1861.42,1882.09,1861.42,-0.15,-2.83,561175,611716040.0,1.11,0.47
2016-09-12,1823.26,1801.76,1835.01,1801.76,-3.21,-59.66,520658,571379919.0,1.79,0.43
2016-09-13,1813.12,1806.21,1817.65,1799.0,0.25,4.45,279624,308971829.0,1.04,0.23
2016-09-14,1801.23,1797.82,1819.82,1791.48,-0.46,-8.39,338088,342872092.0,1.57,0.28
2016-09-19,1802.83,1818.44,1819.31,1802.83,1.15,20.62,399525,388348024.0,0.92,0.33
2016-09-20,1819.78,1823.26,1828.92,1815.14,0.27,4.82,407237,453868025.0,0.76,0.34
2016-09-21,1830.64,1841.49,1841.88,1824.5,1.0,18.23,474675,502723155.0,0.95,0.4
2016-09-22,1845.51,1839.07,1851.83,1838.58,-0.13,-2.42,350169,379707334.0,0.72,0.29
2016-09-23,1846.78,1825.73,1846.78,1823.08,-0.73,-13.34,472333,472185832.0,1.29,0.39
2016-09-26,1828.73,1795.77,1831.46,1795.77,-1.64,-29.96,495905,518459426.0,1.95,0.41
2016-09-27,1794.12,1819.81,1819.81,1792.12,1.34,24.04,515192,550674566.0,1.54,0.43
2016-09-28,1814.78,1813.9,1820.88,1806.73,-0.32,-5.91,308164,331276550.0,0.78,0.26
2016-09-29,1814.81,1813.52,1820.92,1809.76,-0.02,-0.38,230179,223806389.0,0.62,0.19
2016-09-30,1806.32,1823.46,1824.59,1806.32,0.55,9.94,244647,262648902.0,1.01,0.2
2016-10-10,1834.18,1858.44,1863.98,1822.42,1.92,34.98,551707,605510692.0,2.28,0.46
2016-10-11,1854.85,1874.92,1882.73,1849.99,0.89,16.48,500479,585230299.0,1.76,0.42
2016-10-12,1871.7,1873.38,1874.21,1861.34,-0.08,-1.54,354408,431051374.0,0.69,0.29
2016-10-13,1870.47,1915.06,1916.99,1868.01,2.22,41.68,717903,635039732.0,2.61,0.6
2016-10-14,1915.54,1929.27,1934.43,1913.78,0.74,14.21,1311711,991842595.0,1.08,1.09
2016-10-17,1924.73,1891.18,1933.68,1879.61,-1.97,-38.09,904838,755262220.0,2.8,0.75
2016-10-18,1885.86,1918.5,1919.05,1885.02,1.44,27.32,706919,688627608.0,1.8,0.59
2016-10-19,1918.88,1921.18,1939.5,1914.31,0.14,2.68,751530,830367274.0,1.31,0.63
2016-10-20,1918.07,1903.41,1918.07,1899.6,-0.92,-17.77,385777,398473468.0,0.96,0.32
2016-10-21,1901.06,1885.68,1905.06,1869.81,-0.93,-17.73,471395,475839457.0,1.85,0.39
2016-10-24,1883.59,1889.21,1890.81,1869.53,0.19,3.53,612932,640394385.0,1.13,0.51
2016-10-25,1887.41,1892.66,1893.4,1881.78,0.18,3.45,450880,498431897.0,0.62,0.38
2016-10-26,1879.56,1869.04,1887.32,1866.84,-1.25,-23.62,676436,691140459.0,1.08,0.56
2016-10-27,1861.15,1867.65,1871.53,1855.69,-0.07,-1.39,674790,709890024.0,0.85,0.56
2016-10-28,1867.19,1853.91,1879.23,1852.98,-0.74,-13.74,572771,615239769.0,1.41,0.48
2016-10-31,1843.64,1838.37,1843.64,1822.19,-0.84,-15.54,445853,475416350.0,1.16,0.37
2016-11-01,1839.87,1896.61,1896.82,1839.87,3.17,58.24,719943,1046280484.0,3.1,0.6
2016-11-02,1892.82,1871.82,1898.2,1869.57,-1.31,-24.79,552373,817176365.0,1.51,0.46
2016-11-03,1865.16,1889.96,1903.2,1862.81,0.97,18.14,728742,833287353.0,2.16,0.61
2016-11-04,1887.77,1894.81,1902.85,1884.67,0.26,4.85,545731,860137575.0,0.96,0.45
2016-11-07,1891.35,1879.12,1898.52,1872.69,-0.83,-15.69,440443,588034491.0,1.36,0.37
2016-11-08,1883.78,1898.86,1898.86,1873.18,1.05,19.74,617838,650364815.0,1.37,0.51
2016-11-09,1895.19,1871.18,1895.19,1847.69,-1.46,-27.68,621041,711500134.0,2.5,0.52
2016-11-10,1881.92,1898.47,1901.76,1879.62,1.46,27.29,569474,715344489.0,1.18,0.47
2016-11-11,1903.33,1902.18,1911.79,1897.07,0.2,3.71,600734,697345072.0,0.78,0.5
2016-11-14,1910.03,1906.29,1922.07,1895.62,0.22,4.11,613560,663654711.0,1.39,0.51
2016-11-15,1907.13,1912.58,1912.58,1897.49,0.33,6.29,581521,562600115.0,0.79,0.48
2016-11-16,1914.69,1912.65,1920.05,1905.31,0.0,0.07,727276,781867294.0,0.77,0.61
2016-11-17,1904.81,1895.01,1904.81,1889.65,-0.92,-17.64,460094,520104830.0,0.79,0.38
2016-11-18,1902.08,1892.44,1912.38,1889.72,-0.14,-2.57,459989,584765633.0,1.2,0.38
2016-11-21,1904.4,1922.0,1926.82,1904.4,1.56,29.56,633807,865850623.0,1.18,0.53
2016-11-22,1936.88,1939.15,1955.15,1929.73,0.89,17.15,1350434,1735646067.0,1.32,1.12
2016-11-23,1937.82,1955.47,1967.0,1934.53,0.84,16.32,1389327,1670552014.0,1.67,1.16
2016-11-24,1957.08,1941.71,1962.81,1933.2,-0.7,-13.76,1394061,1667122534.0,1.51,1.16
2016-11-25,1931.56,1938.86,1942.65,1903.7,-0.15,-2.85,1034340,1201004911.0,2.01,0.86
2016-11-28,1938.6,1937.26,1950.86,1933.22,-0.08,-1.6,896745,1109188917.0,0.91,0.75
2016-11-29,1932.37,1899.07,1934.28,1893.39,-1.97,-38.19,918732,1048784559.0,2.11,0.76
2016-11-30,1892.36,1887.61,1894.19,1877.26,-0.6,-11.46,597020,657669873.0,0.89,0.5
2016-12-01,1888.46,1887.49,1894.03,1883.07,-0.01,-0.12,579512,663854703.0,0.58,0.48
2016-12-02,1885.16,1856.16,1887.93,1847.45,-1.66,-31.33,771041,799286242.0,2.14,0.64
2016-12-05,1835.9,1843.96,1851.96,1830.32,-0.66,-12.2,695404,774829069.0,1.17,0.58
2016-12-06,1844.67,1855.15,1860.63,1844.67,0.61,11.19,412088,495557525.0,0.87,0.34
2016-12-07,1856.9,1872.45,1872.45,1851.28,0.93,17.3,616056,676953997.0,1.14,0.51
2016-12-08,1874.59,1853.22,1875.76,1851.9,-1.03,-19.23,560673,661866504.0,1.27,0.47
2016-12-09,1854.39,1831.16,1854.39,1819.43,-1.19,-22.06,573373,698144475.0,1.89,0.48
2016-12-12,1830.15,1720.62,1830.15,1718.76,-6.04,-110.54,825431,850903856.0,6.08,0.69
2016-12-13,1714.31,1725.02,1731.51,1702.54,0.26,4.4,437739,453988402.0,1.68,0.36
2016-12-14,1726.63,1713.21,1729.57,1700.07,-0.68,-11.81,499118,523417203.0,1.71,0.42
2016-12-15,1702.89,1731.42,1748.88,1702.89,1.06,18.21,449827,454054898.0,2.68,0.37
2016-12-16,1733.5,1748.55,1754.97,1730.59,0.99,17.13,421715,425443856.0,1.41,0.35
2016-12-19,1748.85,1746.03,1753.29,1738.0,-0.14,-2.52,362962,373664099.0,0.87,0.3
2016-12-20,1747.98,1764.9,1765.09,1744.94,1.08,18.87,482747,474756154.0,1.15,0.4
2016-12-21,1774.05,1790.97,1795.2,1772.34,1.48,26.07,640905,675583113.0,1.3,0.53
2016-12-22,1788.16,1778.63,1789.68,1770.07,-0.69,-12.34,426942,454832796.0,1.09,0.36
2016-12-23,1804.08,1768.43,1807.89,1768.32,-0.57,-10.2,599520,1825972823.0,2.22,0.5
2016-12-26,1751.68,1772.08,1774.07,1720.76,0.21,3.65,719836,1415586584.0,3.01,0.6
2016-12-27,1777.16,1766.72,1780.06,1761.68,-0.3,-5.36,766266,1283998622.0,1.04,0.64
2016-12-28,1766.51,1755.46,1766.71,1751.12,-0.64,-11.26,595228,1137011219.0,0.88,0.5
2016-12-29,1753.35,1759.54,1774.56,1748.65,0.23,4.08,560058,1009287930.0,1.48,0.47
2016-12-30,1765.31,1778.12,1780.28,1754.39,1.06,18.58,731869,1134351521.0,1.47,0.61
2017-01-03,1776.24,1779.0,1784.51,1766.87,0.05,0.88,601555,895276230.0,0.99,0.5
2017-01-04,1779.37,1794.99,1799.3,1773.56,0.9,15.99,622277,952033529.0,1.45,0.52
2017-01-05,1791.49,1774.66,1793.15,1774.06,-1.13,-20.33,509402,855557340.0,1.06,0.42
2017-01-06,1772.65,1745.86,1775.51,1744.68,-1.62,-28.8,499333,824247476.0,1.74,0.42
2017-01-09,1738.22,1749.27,1754.38,1738.22,0.2,3.41,399773,640976981.0,0.93,0.33
2017-01-10,1743.45,1750.85,1761.52,1741.98,0.09,1.58,576070,751750928.0,1.12,0.48
2017-01-11,1746.73,1717.06,1747.66,1716.7,-1.93,-33.79,417050,647478776.0,1.77,0.35
2017-01-12,1736.22,1732.78,1749.44,1729.13,0.92,15.72,451011,748500785.0,1.18,0.38
2017-01-13,1736.14,1665.93,1736.14,1657.87,-3.86,-66.85,826411,1359280544.0,4.52,0.69
2017-01-16,1652.82,1587.6,1656.09,1538.69,-4.7,-78.33,802228,1168445987.0,7.05,0.67
2017-01-17,1585.6,1619.37,1620.24,1550.97,2.0,31.77,559732,991943513.0,4.36,0.47
2017-01-18,1609.51,1601.77,1618.04,1595.17,-1.09,-17.6,445413,725037385.0,1.41,0.37
2017-01-19,1579.66,1578.33,1621.09,1566.93,-1.46,-23.44,546041,1173893935.0,3.38,0.45
2017-01-20,1571.25,1608.89,1617.66,1571.25,1.94,30.56,556981,1149693048.0,2.94,0.46
2017-01-23,1609.36,1632.23,1641.14,1609.36,1.45,23.34,568527,1071441397.0,1.98,0.47
2017-01-24,1632.58,1621.96,1632.58,1612.92,-0.63,-10.27,416955,794499183.0,1.2,0.35
2017-01-25,1616.39,1646.48,1654.14,1615.56,1.51,24.52,495555,1020577415.0,2.38,0.41
2017-01-26,1653.59,1671.11,1675.65,1646.79,1.5,24.63,432679,907672199.0,1.75,0.36
2017-02-03,1673.32,1685.82,1688.22,1662.68,0.88,14.71,358014,764093436.0,1.53,0.3
2017-02-06,1690.39,1724.73,1724.73,1684.79,2.31,38.91,525694,1147971001.0,2.37,0.44
2017-02-07,1722.21,1718.42,1729.91,1712.11,-0.37,-6.31,501778,1143807246.0,1.03,0.42
2017-02-08,1716.08,1730.89,1731.79,1698.87,0.73,12.47,454912,874005806.0,1.92,0.38
2017-02-09,1724.89,1747.7,1752.67,1724.89,0.97,16.81,716937,1314783956.0,1.6,0.6
2017-02-10,1744.33,1726.04,1744.33,1723.77,-1.24,-21.66,662488,1042434909.0,1.18,0.55
2017-02-13,1728.95,1749.63,1751.01,1722.67,1.37,23.59,531229,967763422.0,1.64,0.44
2017-02-14,1750.71,1782.59,1783.02,1742.94,1.88,32.96,667272,1306637496.0,2.29,0.56
2017-02-15,1777.14,1771.67,1798.6,1767.1,-0.61,-10.92,746905,1555571657.0,1.77,0.62
2017-02-16,1777.23,1790.21,1790.21,1766.08,1.05,18.54,873631,1674203640.0,1.36,0.73
2017-02-17,1787.94,1770.76,1815.79,1767.61,-1.09,-19.45,1423172,2193313786.0,2.69,1.18
2017-02-20,1768.29,1759.23,1772.43,1730.09,-0.65,-11.53,994796,1486635182.0,2.39,0.83
2017-02-21,1757.96,1768.96,1779.04,1755.21,0.55,9.73,799794,1184451988.0,1.35,0.67
2017-02-22,1766.2,1772.62,1773.26,1753.86,0.21,3.66,794887,1242281494.0,1.1,0.66
2017-02-23,1774.3,1807.21,1809.55,1767.67,1.95,34.59,954747,1800415255.0,2.36,0.79
2017-02-24,1807.21,1821.8,1827.71,1802.1,0.81,14.59,679718,1574579685.0,1.42,0.57
2017-02-27,1823.54,1818.42,1828.95,1813.18,-0.19,-3.38,674300,1382478727.0,0.87,0.56
2017-02-28,1812.63,1829.04,1829.04,1802.24,0.58,10.62,671043,1454310859.0,1.47,0.56
2017-03-01,1826.54,1823.93,1838.85,1820.87,-0.28,-5.11,655199,1379356941.0,0.98,0.55
2017-03-02,1822.21,1830.13,1843.19,1816.38,0.34,6.2,648429,1416343986.0,1.47,0.54
2017-03-03,1825.11,1832.46,1838.62,1810.77,0.13,2.33,640909,1250981095.0,1.52,0.53
2017-03-06,1836.33,1878.05,1879.59,1836.33,2.49,45.59,938204,1752933494.0,2.36,0.78
2017-03-07,1881.01,1898.93,1899.23,1873.58,1.11,20.88,964821,1889404446.0,1.37,0.8
2017-03-08,1891.77,1893.68,1906.55,1888.11,-0.28,-5.25,736863,1552321278.0,0.97,0.61
2017-03-09,1882.08,1881.21,1885.86,1864.81,-0.66,-12.47,640067,1350939389.0,1.11,0.53
2017-03-10,1892.59,1905.75,1911.31,1889.71,1.3,24.54,884765,1999484512.0,1.15,0.74
2017-03-13,1907.11,1960.79,1961.68,1886.73,2.89,55.04,1010462,2550139992.0,3.93,0.84
2017-03-14,1955.17,1965.77,1965.77,1945.13,0.25,4.98,725869,2055179760.0,1.05,0.6
2017-03-15,1959.88,1970.04,1983.31,1959.55,0.22,4.27,811650,1934616774.0,1.21,0.68
2017-03-16,1978.19,2016.09,2018.89,1978.19,2.34,46.05,784787,1956402273.0,2.07,0.65
2017-03-17,2020.24,2004.12,2043.73,2004.12,-0.59,-11.97,839619,2227219028.0,1.96,0.7
2017-03-20,2001.46,2041.96,2041.96,1996.53,1.89,37.84,732012,1711146994.0,2.27,0.61
2017-03-21,2042.96,2029.96,2054.83,2022.7,-0.59,-12.0,656286,1925963888.0,1.57,0.55
2017-03-22,2018.95,2049.49,2057.26,2014.78,0.96,19.53,878754,2185708612.0,2.09,0.73
2017-03-23,2041.39,2025.03,2049.56,1992.29,-1.19,-24.46,903846,2175465112.0,2.79,0.75
2017-03-24,2027.32,2040.29,2052.72,2022.54,0.75,15.26,872552,1775780618.0,1.49,0.73
2017-03-27,2037.06,2062.45,2062.45,2037.06,1.09,22.16,706166,1596315211.0,1.24,0.59
2017-03-28,2061.01,2041.94,2061.01,2034.74,-0.99,-20.51,720594,1906704281.0,1.27,0.6
2017-03-29,2035.63,2013.26,2038.08,1997.27,-1.4,-28.68,679835,1652949806.0,2.0,0.57
2017-03-30,2001.37,1938.13,2001.37,1938.13,-3.73,-75.13,727397,1520673994.0,3.14,0.61
2017-03-31,1939.36,1961.98,1967.96,1939.36,1.23,23.85,524292,1222718897.0,1.48,0.44
2017-04-05,1946.38,1996.6,1996.6,1940.53,1.76,34.62,579874,1329599598.0,2.86,0.48
2017-04-06,1988.57,2013.69,2025.55,1988.57,0.86,17.09,508813,1264004193.0,1.85,0.42
2017-04-07,2005.29,1996.07,2010.02,1991.68,-0.88,-17.62,545052,1140779719.0,0.91,0.45
2017-04-10,1973.77,1921.69,1974.31,1921.19,-3.73,-74.38,707209,1380708843.0,2.66,0.59
2017-04-11,1908.81,1943.1,1945.43,1904.91,1.11,21.41,779191,1387030171.0,2.11,0.65
2017-04-12,1946.41,1916.6,1946.41,1908.41,-1.36,-26.5,521052,1009787495.0,1.96,0.43
2017-04-13,1918.19,1900.61,1924.29,1898.69,-0.83,-15.99,483219,839319769.0,1.34,0.4
2017-04-14,1900.65,1883.19,1904.89,1876.93,-0.92,-17.42,614735,1074753650.0,1.47,0.51
2017-04-17,1847.67,1808.13,1848.61,1799.66,-3.99,-75.06,601789,949205684.0,2.6,0.5
2017-04-18,1775.61,1744.48,1792.36,1743.44,-3.52,-63.65,512619,947820208.0,2.71,0.43
2017-04-19,1733.88,1754.63,1754.63,1719.14,0.58,10.15,489799,794318345.0,2.03,0.41
2017-04-20,1749.28,1722.57,1754.62,1701.83,-1.83,-32.06,404966,666791223.0,3.01,0.34
2017-04-21,1725.6,1716.28,1734.13,1712.66,-0.37,-6.29,321128,504917597.0,1.25,0.27
2017-04-24,1708.78,1684.63,1708.78,1663.45,-1.84,-31.65,411380,581887070.0,2.64,0.34
2017-04-25,1689.65,1704.62,1711.62,1686.93,1.19,19.99,304902,611367502.0,1.47,0.25
2017-04-26,1708.65,1711.17,1731.6,1702.31,0.38,6.55,364313,533818760.0,1.72,0.3
2017-04-27,1718.09,1757.41,1762.46,1673.1,2.7,46.24,820078,1267212907.0,5.22,0.68
2017-04-28,1757.93,1776.15,1779.59,1755.76,1.07,18.74,440307,912121359.0,1.36,0.37
2017-05-02,1776.42,1798.91,1806.46,1774.37,1.28,22.76,486716,1029383129.0,1.81,0.41
2017-05-03,1796.74,1810.57,1818.79,1790.35,0.65,11.66,450037,994622630.0,1.58,0.37
2017-05-04,1804.13,1814.75,1825.19,1790.35,0.23,4.18,475206,1236123800.0,1.92,0.4
2017-05-05,1800.17,1792.68,1813.95,1792.13,-1.22,-22.07,467477,1062221009.0,1.2,0.39
2017-05-08,1791.76,1771.68,1794.48,1769.75,-1.17,-21.0,424943,959822863.0,1.38,0.35
2017-05-09,1746.59,1782.5,1786.33,1743.53,0.61,10.82,450332,1034989679.0,2.42,0.37
2017-05-10,1791.64,1745.56,1792.07,1745.55,-2.07,-36.94,848523,1728339345.0,2.61,0.71
2017-05-11,1713.91,1710.6,1726.67,1660.83,-2.0,-34.96,800453,1298427338.0,3.77,0.67
2017-05-12,1708.08,1716.57,1723.66,1701.3,0.35,5.97,494481,1014030454.0,1.31,0.41
2017-05-15,1713.06,1725.31,1735.49,1704.98,0.51,8.74,488577,1149149545.0,1.78,0.41
2017-05-16,1721.64,1785.35,1786.1,1712.93,3.48,60.04,661694,1409653148.0,4.24,0.55
2017-05-17,1788.1,1795.38,1804.63,1781.48,0.56,10.03,606948,1585872402.0,1.3,0.51
2017-05-18,1776.85,1781.28,1803.91,1767.86,-0.79,-14.1,492517,1122689051.0,2.01,0.41
2017-05-19,1780.87,1758.43,1793.79,1750.34,-1.28,-22.85,444285,998876814.0,2.44,0.37
2017-05-22,1756.59,1707.82,1763.13,1702.96,-2.88,-50.61,458226,830414104.0,3.42,0.38
2017-05-23,1697.26,1641.46,1704.67,1639.51,-3.89,-66.36,450829,775255834.0,3.82,0.38
2017-05-24,1638.43,1647.37,1655.33,1606.6,0.36,5.91,440610,665766852.0,2.97,0.37
2017-05-25,1653.36,1661.09,1670.38,1620.22,0.83,13.72,451742,686000155.0,3.04,0.38
2017-05-26,1659.29,1677.52,1681.63,1652.27,0.99,16.43,361136,731830992.0,1.77,0.3
2017-05-31,1710.58,1684.6,1717.98,1682.54,0.42,7.08,502445,1129354691.0,2.11,0.42
2017-06-01,1680.8,1634.0,1680.8,1626.15,-3.0,-50.6,396114,752688289.0,3.24,0.33
2017-06-02,1620.68,1681.64,1682.41,1616.81,2.92,47.64,419000,822838481.0,4.01,0.35
2017-06-05,1696.42,1688.9,1705.85,1688.02,0.43,7.26,422252,1019673005.0,1.06,0.35
2017-06-06,1677.53,1705.11,1705.11,1675.0,0.96,16.21,387071,914485435.0,1.78,0.32
2017-06-07,1702.68,1744.06,1749.63,1700.83,2.28,38.95,636350,1322683213.0,2.86,0.53
2017-06-08,1743.12,1729.97,1743.31,1727.36,-0.81,-14.09,449500,1001251317.0,0.91,0.37
2017-06-09,1723.29,1721.2,1729.96,1710.85,-0.51,-8.77,358307,772307931.0,1.1,0.3
2017-06-12,1713.46,1685.72,1713.46,1683.0,-2.06,-35.48,332327,647308934.0,1.77,0.28
2017-06-13,1682.93,1721.48,1724.26,1682.93,2.12,35.76,351535,712226953.0,2.45,0.29
2017-06-14,1721.99,1712.31,1723.07,1704.58,-0.53,-9.17,280607,553245694.0,1.07,0.23
2017-06-15,1707.84,1741.43,1751.03,1707.84,1.7,29.12,397294,673821451.0,2.52,0.33
2017-06-16,1738.29,1731.71,1743.82,1724.02,-0.56,-9.72,308705,566991035.0,1.14,0.26
2017-06-19,1728.75,1748.73,1753.11,1728.75,0.98,17.02,458619,707522236.0,1.41,0.38
2017-06-20,1754.29,1739.48,1756.16,1737.19,-0.53,-9.25,437592,735459411.0,1.08,0.36
2017-06-21,1742.44,1735.9,1748.2,1724.68,-0.21,-3.58,341719,539751191.0,1.35,0.28
2017-06-22,1734.58,1702.28,1746.13,1701.94,-1.94,-33.62,400999,783661091.0,2.55,0.33
2017-06-23,1693.96,1712.35,1712.35,1683.01,0.59,10.07,394170,680163963.0,1.72,0.33
2017-06-26,1710.37,1723.57,1723.91,1705.45,0.66,11.22,342733,532070710.0,1.08,0.29
2017-06-27,1723.12,1719.02,1727.23,1712.21,-0.26,-4.55,299705,519457795.0,0.87,0.25
2017-06-28,1714.87,1723.04,1726.24,1706.46,0.23,4.02,429213,578657921.0,1.15,0.36
2017-06-29,1722.76,1719.03,1726.6,1715.4,-0.23,-4.01,262240,406345608.0,0.65,0.22
2017-06-30,1717.22,1720.28,1722.44,1708.63,0.07,1.25,274609,435224501.0,0.8,0.23
2017-07-03,1718.82,1725.28,1727.45,1709.24,0.29,5.0,371828,502682606.0,1.06,0.31
2017-07-04,1722.85,1721.97,1728.11,1716.94,-0.19,-3.31,347197,479285939.0,0.65,0.29
2017-07-05,1720.46,1732.8,1733.06,1715.82,0.63,10.83,322387,435940240.0,1.0,0.27
2017-07-06,1734.07,1731.4,1737.18,1718.78,-0.08,-1.4,418339,592177031.0,1.06,0.35
2017-07-07,1728.12,1745.12,1747.47,1725.46,0.79,13.72,332018,523025005.0,1.27,0.28
2017-07-10,1738.04,1711.13,1738.57,1710.42,-1.95,-33.99,297368,497449539.0,1.61,0.25
2017-07-11,1704.97,1675.06,1710.03,1673.12,-2.11,-36.07,303414,459821510.0,2.16,0.25
2017-07-12,1675.4,1677.77,1681.59,1639.63,0.16,2.71,529508,700255700.0,2.5,0.44
2017-07-13,1677.97,1680.05,1688.46,1674.99,0.14,2.28,671920,760832259.0,0.8,0.56
2017-07-14,1677.24,1674.34,1683.12,1667.33,-0.34,-5.71,807069,953653806.0,0.94,0.67
2017-07-17,1666.33,1568.91,1666.33,1565.36,-6.3,-105.43,753137,848111559.0,6.03,0.63
2017-07-18,1567.15,1586.91,1593.16,1559.37,1.15,18.0,678310,761238319.0,2.15,0.56
2017-07-19,1585.79,1596.06,1596.76,1576.77,0.58,9.15,673265,745126859.0,1.26,0.56
2017-07-20,1594.5,1602.7,1613.24,1590.95,0.42,6.64,468083,570185431.0,1.4,0.39
2017-07-21,1600.98,1583.65,1600.98,1577.21,-1.19,-19.05,370839,457807266.0,1.48,0.31
2017-07-24,1574.28,1602.57,1602.57,1573.7,1.19,18.92,564585,656675420.0,1.82,0.47
2017-07-25,1600.9,1611.19,1612.07,1594.79,0.54,8.62,461340,658205598.0,1.08,0.38
2017-07-26,1625.61,1625.01,1634.33,1617.83,0.86,13.82,565170,870966129.0,1.02,0.47
2017-07-27,1628.21,1671.17,1672.43,1615.93,2.84,46.16,668621,1126391169.0,3.48,0.56
2017-07-28,1665.13,1673.48,1674.74,1657.14,0.14,2.31,613489,1037350995.0,1.05,0.51
2017-07-31,1669.85,1672.68,1679.39,1658.02,-0.05,-0.8,583011,790121268.0,1.28,0.49
2017-08-01,1670.22,1664.64,1671.65,1652.91,-0.48,-8.04,438937,633280958.0,1.12,0.37
2017-08-02,1662.19,1648.07,1662.45,1642.65,-1.0,-16.57,429950,587365219.0,1.19,0.36
2017-08-03,1641.1,1651.86,1667.77,1638.23,0.23,3.79,475245,715098876.0,1.79,0.4
2017-08-04,1648.03,1630.44,1648.16,1627.67,-1.3,-21.42,379897,554656352.0,1.24,0.32
2017-08-07,1623.55,1638.81,1638.81,1621.6,0.51,8.37,357830,477554408.0,1.06,0.3
2017-08-08,1638.97,1636.4,1638.97,1622.29,-0.15,-2.41,320495,406783139.0,1.02,0.27
2017-08-09,1634.37,1631.57,1636.99,1621.48,-0.3,-4.83,323384,467679621.0,0.95,0.27
2017-08-10,1631.31,1607.61,1631.31,1599.1,-1.47,-23.96,363560,479700119.0,1.97,0.3
2017-08-11,1597.53,1590.43,1604.88,1585.67,-1.07,-17.18,357236,502613477.0,1.19,0.3
2017-08-14,1584.89,1615.05,1619.33,1584.89,1.55,24.62,298015,446234913.0,2.17,0.25
2017-08-15,1616.71,1620.03,1627.37,1611.11,0.31,4.98,274960,441217438.0,1.01,0.23
2017-08-16,1619.76,1640.16,1643.34,1617.58,1.24,20.13,438081,671105736.0,1.59,0.36
2017-08-17,1634.21,1649.77,1650.27,1633.32,0.59,9.61,402690,543669545.0,1.03,0.34
2017-08-18,1637.83,1636.65,1642.77,1631.64,-0.8,-13.12,336761,473411439.0,0.67,0.28
2017-08-21,1641.94,1644.49,1646.29,1637.37,0.48,7.84,332921,429480226.0,0.55,0.28
2017-08-22,1645.89,1638.66,1647.42,1633.49,-0.35,-5.83,392798,461290103.0,0.85,0.33
2017-08-23,1636.14,1644.77,1644.77,1625.84,0.37,6.11,341335,420839139.0,1.16,0.28
2017-08-24,1646.38,1626.96,1646.38,1623.85,-1.08,-17.81,285748,384869346.0,1.37,0.24
2017-08-25,1629.1,1639.4,1640.46,1627.22,0.76,12.44,268406,348527595.0,0.81,0.22
2017-08-28,1637.15,1664.96,1667.41,1637.15,1.56,25.56,406113,598307921.0,1.85,0.34
2017-08-29,1664.47,1669.23,1678.84,1663.34,0.26,4.27,357164,524393865.0,0.93,0.3
2017-08-30,1669.59,1663.44,1670.25,1659.12,-0.35,-5.79,304886,400579273.0,0.67,0.25
2017-08-31,1666.42,1691.44,1694.05,1666.42,1.68,28.0,507703,645418629.0,1.66,0.42
2017-09-01,1692.35,1704.97,1707.7,1692.09,0.8,13.53,559965,721218175.0,0.92,0.47
2017-09-04,1701.83,1711.93,1711.93,1697.16,0.41,6.96,574434,666346245.0,0.87,0.48
2017-09-05,1709.19,1719.09,1719.69,1702.77,0.42,7.16,457384,644474489.0,0.99,0.38
2017-09-06,1714.46,1720.81,1720.81,1696.99,0.1,1.72,513508,614579858.0,1.39,0.43
2017-09-07,1718.28,1714.85,1730.98,1713.5,-0.35,-5.96,706501,949456965.0,1.02,0.59
2017-09-08,1710.83,1720.1,1720.1,1706.07,0.31,5.25,511707,656127995.0,0.82,0.43
2017-09-11,1713.93,1750.26,1750.26,1713.93,1.75,30.16,619735,817597355.0,2.11,0.52
2017-09-12,1744.12,1724.35,1744.49,1720.51,-1.48,-25.91,806204,1074151728.0,1.37,0.67
2017-09-13,1722.44,1730.5,1730.5,1713.47,0.36,6.15,527030,630507947.0,0.99,0.44
2017-09-14,1733.52,1722.14,1733.52,1714.78,-0.48,-8.36,586830,668379788.0,1.08,0.49
2017-09-15,1719.51,1706.75,1719.51,1699.43,-0.89,-15.39,395013,506551931.0,1.17,0.33
2017-09-18,1707.79,1733.8,1733.8,1705.71,1.58,27.05,465962,591351047.0,1.65,0.39
2017-09-19,1731.6,1727.97,1734.22,1717.19,-0.34,-5.83,424624,548746566.0,0.98,0.35
2017-09-20,1729.79,1741.72,1748.81,1721.98,0.8,13.75,569381,772018358.0,1.55,0.47
2017-09-21,1738.06,1724.68,1744.3,1720.47,-0.98,-17.04,461296,599207021.0,1.37,0.38
2017-09-22,1718.85,1713.92,1718.85,1701.73,-0.62,-10.76,416625,531050724.0,0.99,0.35
2017-09-25,1711.53,1697.25,1721.73,1695.07,-0.97,-16.67,345419,404527835.0,1.56,0.29
2017-09-26,1695.55,1687.4,1699.59,1676.42,-0.58,-9.85,292638,371366392.0,1.37,0.24
2017-09-27,1692.25,1691.23,1692.98,1680.51,0.23,3.83,271265,324613215.0,0.74,0.23
2017-09-28,1692.4,1679.37,1693.15,1678.84,-0.7,-11.86,282483,331600494.0,0.85,0.24
2017-09-29,1686.34,1710.37,1710.51,1682.44,1.85,31.0,582807,670657126.0,1.67,0.49
2017-10-09,1724.13,1729.15,1732.59,1720.86,1.1,18.78,511749,617393466.0,0.69,0.43
2017-10-10,1729.79,1762.49,1765.3,1722.62,1.93,33.34,656687,840808327.0,2.47,0.55
2017-10-11,1759.18,1764.86,1770.28,1752.26,0.13,2.37,532655,745167896.0,1.02,0.44
2017-10-12,1757.62,1752.64,1766.06,1743.14,-0.69,-12.22,478020,579781919.0,1.3,0.4
2017-10-13,1752.13,1774.94,1776.63,1751.04,1.27,22.3,354316,537120235.0,1.46,0.29
2017-10-16,1770.24,1747.12,1770.24,1747.12,-1.57,-27.82,497344,673597484.0,1.3,0.41
2017-10-17,1752.59,1775.24,1783.79,1752.59,1.61,28.12,852524,788143045.0,1.79,0.71
2017-10-18,1766.78,1754.71,1778.67,1754.03,-1.16,-20.53,631542,664146850.0,1.39,0.53
2017-10-19,1754.97,1739.41,1754.97,1737.54,-0.87,-15.3,489873,534089043.0,0.99,0.41
2017-10-20,1735.72,1758.94,1761.66,1735.72,1.12,19.53,445954,509062531.0,1.49,0.37
2017-10-23,1761.74,1784.42,1785.43,1758.13,1.45,25.48,507106,681212653.0,1.55,0.42
2017-10-24,1785.53,1764.59,1785.53,1757.87,-1.11,-19.83,407442,510343876.0,1.55,0.34
2017-10-25,1766.65,1772.48,1778.13,1759.14,0.45,7.89,507581,511770373.0,1.08,0.42
2017-10-26,1773.16,1767.45,1781.04,1762.17,-0.28,-5.03,682176,759684561.0,1.06,0.57
2017-10-27,1767.02,1762.52,1779.32,1759.44,-0.28,-4.93,491953,520697740.0,1.12,0.41
2017-10-30,1765.81,1729.98,1768.31,1713.0,-1.85,-32.54,677073,745590474.0,3.14,0.56
2017-10-31,1723.15,1767.43,1767.69,1723.15,2.16,37.45,740483,1181213111.0,2.57,0.62
2017-11-01,1769.92,1774.99,1780.63,1762.03,0.43,7.56,666398,1325208939.0,1.05,0.55
2017-11-02,1760.98,1737.8,1763.0,1731.21,-2.1,-37.19,736500,1135943906.0,1.79,0.61
2017-11-03,1733.34,1710.63,1733.34,1701.48,-1.56,-27.17,633039,920033328.0,1.83,0.53
2017-11-06,1717.96,1717.8,1719.02,1700.4,0.42,7.17,543243,876170428.0,1.09,0.45
2017-11-07,1717.15,1729.18,1729.59,1710.3,0.66,11.38,531302,846590871.0,1.12,0.44
2017-11-08,1726.07,1736.02,1754.15,1725.31,0.4,6.84,563904,874163522.0,1.67,0.47
2017-11-09,1734.43,1750.96,1750.96,1730.52,0.86,14.94,577454,753132423.0,1.18,0.48
2017-11-10,1749.77,1757.76,1762.77,1749.77,0.39,6.8,659476,909415967.0,0.74,0.55
2017-11-13,1754.47,1742.88,1755.59,1738.69,-0.85,-14.88,564936,853930132.0,0.96,0.47
2017-11-14,1742.05,1714.42,1742.05,1707.5,-1.63,-28.46,625294,890293689.0,1.98,0.52
2017-11-15,1711.9,1699.35,1714.35,1695.34,-0.88,-15.07,475578,641122535.0,1.11,0.4
2017-11-16,1699.72,1688.77,1716.95,1688.29,-0.62,-10.58,419524,582772439.0,1.69,0.35
2017-11-17,1687.1,1641.28,1692.83,1626.69,-2.81,-47.49,576102,781352231.0,3.92,0.48
2017-11-20,1633.02,1643.13,1643.13,1596.02,0.11,1.85,443690,610800405.0,2.87,0.37
2017-11-21,1640.92,1651.44,1653.64,1628.53,0.51,8.31,510898,743142645.0,1.53,0.43
2017-11-22,1644.61,1625.3,1644.61,1610.4,-1.58,-26.14,383949,523301487.0,2.07,0.32
2017-11-23,1621.42,1590.99,1621.42,1587.44,-2.11,-34.31,382940,515049446.0,2.09,0.32
2017-11-24,1580.71,1591.73,1600.02,1580.71,0.05,0.74,299485,373501305.0,1.21,0.25
2017-11-27,1592.31,1579.64,1596.71,1577.02,-0.76,-12.09,309011,348042890.0,1.24,0.26
2017-11-28,1576.16,1605.89,1605.89,1576.16,1.66,26.25,266792,374751728.0,1.88,0.22
2017-11-29,1599.47,1596.91,1609.35,1577.27,-0.56,-8.98,326293,396744401.0,2.0,0.27
2017-11-30,1591.4,1582.33,1598.36,1577.42,-0.91,-14.58,359838,384515387.0,1.31,0.3
2017-12-01,1579.51,1589.79,1589.79,1574.29,0.47,7.46,548993,504032241.0,0.98,0.46
2017-12-04,1585.04,1536.76,1585.04,1535.92,-3.34,-53.03,423629,498686489.0,3.09,0.35
2017-12-05,1531.55,1512.19,1541.29,1491.23,-1.6,-24.57,462090,511771579.0,3.26,0.38
2017-12-06,1502.05,1507.5,1510.23,1472.66,-0.31,-4.69,490847,463087629.0,2.48,0.41
2017-12-07,1504.26,1510.08,1510.39,1493.84,0.17,2.58,266937,288329933.0,1.1,0.22
2017-12-08,1506.38,1526.08,1528.75,1503.8,1.06,16.0,278761,299930483.0,1.65,0.23
2017-12-11,1522.1,1528.94,1529.0,1522.03,0.19,2.86,281187,302646688.0,0.46,0.23
2017-12-12,1520.43,1495.75,1520.43,1493.05,-2.17,-33.19,221074,243235289.0,1.79,0.18
2017-12-13,1492.13,1500.09,1501.2,1489.62,0.29,4.34,176144,209040357.0,0.77,0.15
2017-12-14,1500.9,1507.56,1507.56,1487.83,0.5,7.47,242740,270377201.0,1.32,0.2
2017-12-15,1516.13,1523.29,1524.35,1513.76,1.04,15.73,261441,357779916.0,0.7,0.22
2017-12-18,1521.17,1506.15,1521.17,1500.97,-1.13,-17.14,261325,345170479.0,1.33,0.22
2017-12-19,1502.33,1508.06,1510.57,1500.2,0.13,1.91,254251,342415312.0,0.69,0.21
2017-12-20,1501.36,1476.5,1501.36,1473.86,-2.09,-31.56,273379,304317192.0,1.82,0.23
2017-12-21,1478.04,1475.68,1479.61,1461.07,-0.06,-0.82,340174,388670457.0,1.26,0.28
2017-12-22,1466.76,1445.13,1466.76,1438.59,-2.07,-30.55,393096,488001722.0,1.91,0.33
2017-12-25,1432.71,1408.86,1436.31,1402.17,-2.51,-36.27,455651,506718443.0,2.36,0.38
2017-12-26,1386.57,1423.13,1424.37,1385.7,1.01,14.27,551938,758804773.0,2.74,0.46
2017-12-27,1409.82,1420.14,1426.52,1405.23,-0.21,-2.99,393277,557454351.0,1.5,0.33
2017-12-28,1413.39,1421.75,1421.75,1403.54,0.11,1.61,406250,491069622.0,1.28,0.34
2017-12-29,1425.31,1422.83,1425.31,1407.99,0.08,1.08,371106,400523882.0,1.22,0.31
2018-01-02,1428.49,1435.92,1436.2,1415.88,0.92,13.09,357380,390186239.0,1.43,0.3
2018-01-03,1430.79,1439.83,1439.83,1425.84,0.27,3.91,355435,411958227.0,0.97,0.3
2018-01-04,1437.5,1432.06,1437.5,1427.4,-0.54,-7.77,305247,364027301.0,0.7,0.25
2018-01-05,1431.69,1430.82,1439.31,1426.46,-0.09,-1.24,305528,332135142.0,0.9,0.25
2018-01-08,1431.84,1436.75,1436.75,1426.88,0.41,5.93,332895,394515581.0,0.69,0.28
2018-01-09,1431.46,1428.71,1434.56,1424.14,-0.56,-8.04,271015,352708443.0,0.73,0.23
2018-01-10,1424.59,1418.2,1425.54,1403.67,-0.74,-10.51,308204,362052359.0,1.53,0.26
2018-01-11,1417.99,1430.14,1430.9,1411.61,0.84,11.94,348112,504304056.0,1.36,0.29
2018-01-12,1426.74,1433.31,1437.33,1426.04,0.22,3.17,269057,389995235.0,0.79,0.22
2018-01-15,1432.42,1404.95,1432.42,1403.74,-1.98,-28.36,339878,444626852.0,2.0,0.28
2018-01-16,1403.34,1414.4,1423.78,1402.54,0.67,9.45,311765,442896388.0,1.51,0.26
2018-01-17,1413.08,1432.27,1435.07,1401.18,1.26,17.87,435767,573079353.0,2.4,0.36
2018-01-18,1435.77,1442.96,1446.67,1424.92,0.75,10.69,377328,475812096.0,1.52,0.31
2018-01-19,1448.22,1454.07,1464.27,1448.22,0.77,11.11,424141,564182377.0,1.11,0.35
2018-01-22,1446.09,1440.8,1446.52,1433.05,-0.91,-13.27,467457,636002532.0,0.93,0.39
2018-01-23,1437.71,1447.33,1455.29,1431.68,0.45,6.53,471276,668964329.0,1.64,0.39
2018-01-24,1439.18,1451.0,1451.43,1431.69,0.25,3.67,581199,688242894.0,1.36,0.48
2018-01-25,1445.64,1454.0,1459.59,1445.64,0.21,3.0,461286,610447553.0,0.96,0.38
2018-01-26,1449.92,1471.91,1471.91,1439.21,1.23,17.91,470435,655028964.0,2.25,0.39
2018-01-29,1474.1,1476.89,1492.33,1472.56,0.34,4.98,591126,969393420.0,1.34,0.49
2018-01-30,1479.37,1508.45,1508.45,1464.83,2.14,31.56,553637,966236197.0,2.95,0.46
2018-01-31,1494.62,1484.92,1505.87,1476.11,-1.56,-23.53,608902,1009113324.0,1.97,0.51
2018-02-01,1484.35,1467.7,1496.15,1439.34,-1.16,-17.22,788443,1171905544.0,3.83,0.66
2018-02-02,1461.28,1460.67,1484.79,1441.51,-0.48,-7.03,633880,770257374.0,2.95,0.53
2018-02-05,1399.53,1411.96,1413.54,1395.38,-3.33,-48.71,344183,425667386.0,1.24,0.29
2018-02-06,1364.93,1317.97,1364.93,1314.71,-6.66,-93.99,464895,585909318.0,3.56,0.39
2018-02-07,1313.11,1301.87,1327.51,1266.87,-1.22,-16.1,855243,1436158105.0,4.6,0.71
2018-02-08,1283.92,1306.72,1308.27,1283.92,0.37,4.85,644206,1139427646.0,1.87,0.54
2018-02-09,1261.27,1241.96,1270.5,1227.97,-4.96,-64.76,724873,729458008.0,3.25,0.6
2018-02-12,1235.39,1283.0,1293.35,1235.39,3.3,41.04,632132,833536867.0,4.67,0.53
2018-02-13,1289.61,1258.33,1289.61,1258.33,-1.92,-24.67,540330,714336846.0,2.44,0.45
2018-02-14,1249.18,1241.74,1250.42,1233.38,-1.32,-16.59,374688,498546777.0,1.35,0.31
2018-02-22,1248.7,1264.16,1265.91,1244.55,1.81,22.42,446755,523230975.0,1.72,0.37
2018-02-23,1266.68,1266.82,1271.31,1256.73,0.21,2.66,405493,526125225.0,1.15,0.34
2018-02-26,1273.19,1307.18,1307.3,1269.69,3.19,40.36,582359,726006094.0,2.97,0.48
2018-02-27,1304.26,1338.74,1340.45,1303.19,2.41,31.56,672982,979673616.0,2.85,0.56
2018-02-28,1321.9,1339.4,1350.23,1304.91,0.05,0.66,554665,827381195.0,3.39,0.46
2018-03-01,1331.03,1381.46,1384.85,1325.8,3.14,42.06,675570,1017535481.0,4.41,0.56
2018-03-02,1371.47,1370.12,1387.22,1365.69,-0.82,-11.34,626177,945607516.0,1.56,0.52
2018-03-05,1372.88,1373.67,1374.35,1358.07,0.26,3.55,432188,616431891.0,1.19,0.36
2018-03-06,1376.06,1384.72,1384.72,1366.6,0.8,11.05,539753,697083850.0,1.32,0.45
2018-03-07,1384.11,1379.25,1392.62,1377.5,-0.4,-5.47,474598,663610278.0,1.09,0.39
2018-03-08,1374.44,1394.08,1395.67,1372.23,1.08,14.83,471496,738090900.0,1.7,0.39
2018-03-09,1395.81,1415.88,1418.74,1395.81,1.56,21.8,707784,915019593.0,1.64,0.59
2018-03-12,1428.94,1439.52,1440.38,1426.28,1.67,23.64,750004,933516908.0,1.0,0.62
2018-03-13,1433.94,1417.7,1440.33,1414.58,-1.52,-21.82,615484,807079639.0,1.79,0.51
2018-03-14,1411.86,1401.33,1426.02,1400.7,-1.15,-16.37,635837,726292885.0,1.79,0.53
2018-03-15,1391.72,1357.55,1397.59,1348.13,-3.12,-43.78,603451,711339828.0,3.53,0.5
2018-03-16,1352.05,1357.41,1366.76,1352.05,-0.01,-0.14,404141,490930092.0,1.08,0.34
2018-03-19,1361.01,1376.82,1379.71,1359.66,1.43,19.41,383752,496678170.0,1.48,0.32
2018-03-20,1377.76,1391.31,1391.31,1368.81,1.05,14.49,514759,825316634.0,1.63,0.43
2018-03-21,1380.73,1404.39,1421.28,1380.73,0.94,13.08,680691,1064603016.0,2.91,0.57
2018-03-22,1397.57,1397.63,1402.78,1385.78,-0.48,-6.76,558285,867665591.0,1.21,0.46
2018-03-23,1360.33,1311.56,1364.81,1303.44,-6.16,-86.07,674808,806409086.0,4.39,0.56
2018-03-26,1279.48,1326.42,1327.39,1257.74,1.13,14.86,457947,555175021.0,5.31,0.38
2018-03-27,1334.98,1351.39,1359.92,1334.98,1.88,24.97,444708,603460366.0,1.88,0.37
2018-03-28,1337.78,1343.66,1352.08,1332.02,-0.57,-7.73,462109,571571546.0,1.48,0.38
2018-03-29,1342.03,1362.94,1367.77,1342.03,1.43,19.28,471253,645071621.0,1.92,0.39
2018-03-30,1369.58,1378.55,1383.15,1369.58,1.15,15.61,601069,804923138.0,1.0,0.5
2018-04-02,1384.14,1376.56,1386.35,1371.13,-0.14,-1.99,633482,817519997.0,1.1,0.53
2018-04-03,1358.89,1375.99,1377.04,1357.93,-0.04,-0.57,552274,773140893.0,1.39,0.46
2018-04-04,1379.24,1371.33,1384.88,1367.2,-0.34,-4.66,383814,595035776.0,1.28,0.32
2018-04-09,1363.46,1358.09,1367.82,1337.91,-0.97,-13.24,358023,554002730.0,2.18,0.3
2018-04-10,1359.82,1368.42,1369.53,1346.85,0.76,10.33,426989,628773589.0,1.67,0.36
2018-04-11,1371.19,1383.13,1384.92,1368.12,1.07,14.71,406543,633435376.0,1.23,0.34
2018-04-12,1384.06,1394.92,1398.46,1379.54,0.85,11.79,433711,729591624.0,1.37,0.36
2018-04-13,1395.81,1396.14,1409.59,1390.98,0.09,1.22,470208,655396800.0,1.33,0.39
2018-04-16,1389.29,1389.65,1391.58,1370.46,-0.46,-6.49,406643,527688474.0,1.51,0.34
2018-04-17,1392.12,1374.59,1398.05,1373.36,-1.08,-15.06,451010,584113855.0,1.78,0.38
2018-04-18,1376.98,1375.92,1380.01,1334.35,0.1,1.33,406924,552174335.0,3.32,0.34
2018-04-19,1371.62,1355.5,1372.18,1355.5,-1.48,-20.42,368730,467254333.0,1.21,0.31
2018-04-20,1342.88,1311.59,1342.88,1308.09,-3.24,-43.91,464618,654998073.0,2.57,0.39
2018-04-23,1307.34,1314.98,1317.77,1298.47,0.26,3.39,420417,547408216.0,1.47,0.35
2018-04-24,1308.85,1336.18,1336.18,1308.85,1.61,21.2,511779,560709608.0,2.08,0.43
2018-04-25,1325.59,1330.46,1330.46,1318.15,-0.43,-5.72,313811,390638035.0,0.92,0.26
2018-04-26,1329.27,1296.0,1331.49,1295.18,-2.59,-34.46,305549,351777793.0,2.73,0.25
2018-04-27,1302.65,1303.89,1306.65,1291.9,0.61,7.89,260761,277474089.0,1.14,0.22
2018-05-02,1309.11,1313.23,1318.73,1303.55,0.72,9.34,413868,364442791.0,1.16,0.34
2018-05-03,1306.6,1330.32,1330.72,1293.66,1.3,17.09,337236,349750717.0,2.82,0.28
2018-05-04,1327.05,1322.64,1337.65,1320.75,-0.58,-7.68,268597,315269298.0,1.27,0.22
2018-05-07,1318.38,1350.12,1350.12,1318.38,2.08,27.48,402169,428348174.0,2.4,0.33
2018-05-08,1350.97,1353.5,1358.77,1347.4,0.25,3.38,448013,509547751.0,0.84,0.37
2018-05-09,1349.08,1375.26,1377.21,1345.76,1.61,21.76,414124,604427435.0,2.32,0.34
2018-05-10,1377.04,1388.33,1392.03,1377.04,0.95,13.07,409916,581276276.0,1.09,0.34
2018-05-11,1394.55,1357.83,1395.6,1356.47,-2.2,-30.5,488603,678187873.0,2.82,0.41
2018-05-14,1350.97,1344.97,1357.42,1339.05,-0.95,-12.86,359768,426139824.0,1.35,0.3
2018-05-15,1353.24,1361.62,1362.12,1344.71,1.24,16.65,336264,422017061.0,1.29,0.28
2018-05-16,1361.37,1345.19,1361.37,1345.19,-1.21,-16.43,366739,572527126.0,1.19,0.31
2018-05-17,1337.48,1339.96,1344.58,1334.68,-0.39,-5.23,260369,359486528.0,0.74,0.22
2018-05-18,1335.76,1340.25,1342.68,1330.74,0.02,0.29,248523,348446089.0,0.89,0.21
2018-05-21,1343.83,1361.44,1365.16,1343.83,1.58,21.19,348247,480274537.0,1.59,0.29
2018-05-22,1360.02,1374.25,1374.25,1358.12,0.94,12.81,318976,503191486.0,1.18,0.27
2018-05-23,1367.84,1372.24,1386.31,1367.12,-0.15,-2.01,463649,611193053.0,1.4,0.39
2018-05-24,1372.18,1377.46,1382.38,1372.08,0.38,5.22,396433,544822839.0,0.75,0.33
2018-05-25,1381.72,1373.08,1384.05,1370.57,-0.32,-4.38,394628,630395927.0,0.98,0.33
2018-05-28,1372.14,1348.94,1373.21,1345.62,-1.76,-24.14,446052,552036004.0,2.01,0.37
2018-05-29,1357.94,1358.01,1370.54,1351.42,0.67,9.07,359921,423155747.0,1.42,0.3
2018-05-30,1343.2,1320.65,1345.78,1317.82,-2.75,-37.36,465365,640853190.0,2.06,0.39
2018-05-31,1318.94,1338.28,1340.48,1317.99,1.33,17.63,394134,537892060.0,1.7,0.33
2018-06-01,1331.16,1318.85,1337.28,1308.71,-1.45,-19.43,302111,373648549.0,2.13,0.25
2018-06-04,1319.62,1352.75,1358.58,1319.62,2.57,33.9,693987,608250570.0,2.95,0.58
2018-06-05,1347.16,1368.11,1368.11,1344.18,1.14,15.36,684398,627589220.0,1.77,0.57
2018-06-06,1357.92,1377.71,1384.82,1352.31,0.7,9.6,1807580,1264254564.0,2.38,1.5
2018-06-07,1375.15,1356.03,1375.15,1353.83,-1.57,-21.68,1124552,772440389.0,1.55,0.94
2018-06-08,1353.71,1343.89,1361.5,1334.3,-0.9,-12.14,977849,695743381.0,2.01,0.81
2018-06-11,1343.36,1332.34,1343.36,1323.86,-0.86,-11.55,750288,604216524.0,1.45,0.62
2018-06-12,1332.25,1339.33,1339.33,1306.29,0.52,6.99,808805,567621037.0,2.48,0.67
2018-06-13,1339.24,1321.66,1339.37,1321.66,-1.32,-17.67,710542,520399297.0,1.32,0.59
2018-06-14,1318.57,1324.55,1334.51,1316.6,0.22,2.89,580473,610662378.0,1.36,0.48
2018-06-15,1318.38,1287.97,1319.83,1270.63,-2.76,-36.58,837033,766223999.0,3.71,0.7
2018-06-19,1261.02,1183.56,1261.02,1174.57,-8.11,-104.41,908531,675695433.0,6.71,0.76
2018-06-20,1176.92,1216.57,1224.16,1172.22,2.79,33.01,919347,718484796.0,4.39,0.77
2018-06-21,1221.28,1200.76,1235.5,1198.08,-1.3,-15.81,1057840,820188002.0,3.08,0.88
2018-06-22,1188.37,1218.55,1219.14,1175.99,1.48,17.79,893231,643758761.0,3.59,0.74
2018-06-25,1228.54,1237.04,1254.06,1228.54,1.52,18.49,1292205,856777741.0,2.09,1.08
2018-06-26,1227.42,1255.84,1255.84,1219.07,1.52,18.8,1314231,1056787653.0,2.97,1.09
2018-06-27,1253.73,1246.13,1258.39,1241.72,-0.77,-9.71,995316,958946119.0,1.33,0.83
2018-06-28,1241.65,1241.91,1255.52,1232.66,-0.34,-4.22,887893,826252388.0,1.83,0.74
2018-06-29,1241.3,1272.59,1274.4,1234.76,2.47,30.68,1183128,935109907.0,3.19,0.98
2018-07-02,1280.81,1272.53,1288.2,1262.31,0.0,-0.06,1471312,953761750.0,2.03,1.22
2018-07-03,1268.13,1311.32,1311.48,1268.13,3.05,38.79,1196632,976753823.0,3.41,1.0
2018-07-04,1308.48,1294.88,1314.49,1285.75,-1.25,-16.44,1141133,1110266992.0,2.19,0.95
2018-07-05,1283.55,1258.13,1285.59,1255.5,-2.84,-36.75,889745,816158344.0,2.32,0.74
2018-07-06,1250.66,1264.56,1276.44,1231.4,0.51,6.43,772750,678680641.0,3.58,0.64
2018-07-09,1269.12,1296.45,1296.45,1269.12,2.52,31.89,654822,607105262.0,2.16,0.54
2018-07-10,1304.68,1317.52,1318.22,1298.72,1.63,21.07,632483,611681994.0,1.5,0.53
2018-07-11,1302.26,1303.39,1311.7,1281.25,-1.07,-14.13,940349,765659676.0,2.31,0.78
2018-07-12,1296.3,1343.9,1348.46,1296.3,3.11,40.51,1083003,974366666.0,4.0,0.9
2018-07-13,1342.39,1341.01,1349.46,1337.23,-0.22,-2.89,1066619,867151947.0,0.91,0.89
2018-07-16,1339.28,1362.72,1367.82,1339.28,1.62,21.71,953507,769387106.0,2.13,0.79
2018-07-17,1360.31,1361.49,1369.68,1339.28,-0.09,-1.23,1036300,798681142.0,2.23,0.86
2018-07-18,1358.41,1353.04,1367.96,1351.47,-0.62,-8.45,813285,644271152.0,1.21,0.68
2018-07-19,1342.95,1323.12,1355.37,1318.19,-2.21,-29.92,675420,530680019.0,2.75,0.56
2018-07-20,1319.61,1335.29,1335.89,1319.61,0.92,12.17,548684,452153875.0,1.23,0.46
2018-07-23,1331.42,1349.41,1350.24,1327.84,1.06,14.12,580411,539436355.0,1.68,0.48
2018-07-24,1349.59,1365.25,1366.38,1347.85,1.17,15.84,778428,673535351.0,1.37,0.65
2018-07-25,1368.04,1367.94,1375.5,1362.34,0.2,2.69,854596,668871355.0,0.96,0.71
2018-07-26,1364.79,1359.39,1371.22,1355.18,-0.63,-8.55,1351929,797490714.0,1.17,1.13
2018-07-27,1358.48,1352.1,1358.48,1340.36,-0.54,-7.29,1182440,726424507.0,1.33,0.98
2018-07-30,1350.11,1324.48,1350.56,1314.1,-2.04,-27.62,668490,479126950.0,2.7,0.56
2018-07-31,1322.04,1327.57,1332.89,1320.78,0.23,3.09,567799,382296696.0,0.91,0.47
2018-08-01,1330.36,1325.26,1353.44,1325.26,-0.17,-2.31,762293,616696004.0,2.12,0.63
2018-08-02,1320.63,1278.16,1320.63,1250.39,-3.55,-47.1,958141,798593250.0,5.3,0.8
2018-08-03,1271.36,1263.07,1281.89,1263.07,-1.18,-15.09,526669,462915107.0,1.47,0.44
2018-08-06,1254.26,1226.25,1260.32,1208.5,-2.92,-36.82,533126,417660086.0,4.1,0.44
2018-08-07,1226.16,1260.7,1260.87,1222.13,2.81,34.45,683816,563054872.0,3.16,0.57
2018-08-08,1252.46,1253.73,1262.47,1249.33,-0.55,-6.97,709357,556622042.0,1.04,0.59
2018-08-09,1245.03,1274.75,1280.56,1245.03,1.68,21.02,731562,577683152.0,2.83,0.61
2018-08-10,1271.99,1279.69,1280.58,1267.66,0.39,4.94,490311,414796309.0,1.01,0.41
2018-08-13,1264.55,1279.35,1280.36,1256.43,-0.03,-0.34,614754,433299613.0,1.87,0.51
2018-08-14,1278.1,1284.02,1285.11,1271.25,0.37,4.67,543526,379781068.0,1.08,0.45
2018-08-15,1283.09,1251.77,1290.25,1251.77,-2.51,-32.25,555620,412743550.0,3.0,0.46
2018-08-16,1242.18,1252.97,1263.93,1233.26,0.1,1.2,457292,327704570.0,2.45,0.38
2018-08-17,1267.04,1221.96,1269.78,1221.96,-2.47,-31.01,490925,350492852.0,3.82,0.41
2018-08-20,1222.21,1242.23,1242.23,1211.15,1.66,20.27,513169,351673043.0,2.54,0.43
2018-08-21,1240.76,1254.25,1254.87,1236.21,0.97,12.02,532589,378793406.0,1.5,0.44
2018-08-22,1249.98,1231.0,1249.98,1228.81,-1.85,-23.25,363668,266712642.0,1.69,0.3
2018-08-23,1230.12,1235.26,1241.64,1226.96,0.35,4.26,310752,240175985.0,1.19,0.26
2018-08-24,1237.94,1234.8,1243.01,1227.44,-0.04,-0.46,531322,371144078.0,1.26,0.44
2018-08-27,1245.2,1267.44,1267.85,1245.2,2.64,32.64,749236,558575495.0,1.83,0.62
2018-08-28,1266.4,1279.48,1279.48,1266.4,0.95,12.04,702162,539003920.0,1.03,0.58
2018-08-29,1275.93,1273.69,1280.86,1268.42,-0.45,-5.79,431938,347326846.0,0.97,0.36
2018-08-30,1271.37,1254.04,1275.09,1253.23,-1.54,-19.65,402213,295350895.0,1.72,0.33
2018-08-31,1251.35,1248.38,1256.7,1236.76,-0.45,-5.66,762750,539428439.0,1.59,0.63
2018-09-03,1245.69,1247.24,1255.85,1230.18,-0.09,-1.14,848052,611410550.0,2.06,0.71
2018-09-04,1245.6,1261.6,1264.45,1245.6,1.15,14.36,602752,452236001.0,1.51,0.5
2018-09-05,1258.84,1249.11,1271.92,1247.57,-0.99,-12.49,823631,573350315.0,1.93,0.69
2018-09-06,1245.04,1240.59,1252.13,1233.01,-0.68,-8.52,551567,383842654.0,1.53,0.46
2018-09-07,1242.01,1247.33,1266.41,1240.85,0.54,6.74,600799,492310832.0,2.06,0.5
2018-09-10,1243.09,1212.82,1243.71,1211.81,-2.77,-34.51,527748,434689972.0,2.56,0.44
2018-09-11,1210.75,1218.64,1223.6,1205.98,0.48,5.82,542535,402169556.0,1.45,0.45
2018-09-12,1221.77,1228.96,1236.97,1217.65,0.85,10.32,563900,448106124.0,1.59,0.47
2018-09-13,1240.65,1246.69,1246.69,1224.05,1.44,17.73,576345,437070839.0,1.84,0.48
2018-09-14,1241.81,1225.05,1246.15,1223.68,-1.74,-21.64,522277,387255474.0,1.8,0.43
2018-09-17,1221.67,1202.37,1221.67,1200.24,-1.85,-22.68,416684,316227736.0,1.75,0.35
2018-09-18,1201.97,1217.39,1218.87,1193.9,1.25,15.02,449605,341914020.0,2.08,0.37
2018-09-19,1213.94,1236.07,1243.87,1212.02,1.53,18.68,722289,520732731.0,2.62,0.6
2018-09-20,1234.65,1245.51,1252.29,1230.97,0.76,9.44,515027,389169218.0,1.72,0.43
2018-09-21,1246.81,1258.91,1261.55,1240.95,1.08,13.4,791752,595017316.0,1.65,0.66
2018-09-25,1250.47,1260.71,1261.63,1250.47,0.14,1.8,574662,461585394.0,0.89,0.48
2018-09-26,1264.48,1262.02,1266.75,1255.94,0.1,1.31,575689,458053111.0,0.86,0.48
2018-09-27,1264.53,1231.9,1264.53,1231.7,-2.39,-30.12,584925,436249427.0,2.6,0.49
2018-09-28,1234.33,1257.56,1257.56,1234.33,2.08,25.66,442611,383317522.0,1.89,0.37
2018-10-08,1237.48,1219.86,1237.48,1216.08,-3.0,-37.7,555567,461846090.0,1.7,0.46
2018-10-09,1228.21,1223.94,1238.43,1218.6,0.33,4.08,521125,416275070.0,1.63,0.43
2018-10-10,1218.71,1219.88,1225.94,1207.84,-0.33,-4.06,570634,469067440.0,1.48,0.47
2018-10-11,1168.94,1119.52,1169.87,1115.63,-8.23,-100.36,694553,528722654.0,4.45,0.58
2018-10-12,1096.32,1113.18,1121.71,1059.02,-0.57,-6.34,1105303,742929313.0,5.6,0.92
2018-10-15,1117.71,1094.57,1128.9,1089.65,-1.67,-18.61,693417,491456128.0,3.53,0.58
2018-10-16,1094.64,1063.16,1103.7,1054.6,-2.87,-31.41,609944,411079296.0,4.49,0.51
2018-10-17,1076.18,1071.51,1082.51,1045.78,0.79,8.35,566779,396350365.0,3.45,0.47
2018-10-18,1070.46,1050.0,1070.46,1045.39,-2.01,-21.51,538078,395124738.0,2.34,0.45
2018-10-19,1032.84,1068.73,1069.49,1020.82,1.78,18.73,898523,524802196.0,4.64,0.75
2018-10-22,1076.82,1121.6,1130.69,1076.82,4.95,52.87,1177244,752661779.0,5.04,0.98
2018-10-23,1112.7,1112.35,1120.78,1096.91,-0.82,-9.25,937853,585824648.0,2.13,0.78
2018-10-24,1105.42,1099.86,1115.04,1095.0,-1.12,-12.49,651303,414905793.0,1.8,0.54
2018-10-25,1059.74,1096.07,1096.55,1047.98,-0.34,-3.79,631708,369315234.0,4.42,0.53
2018-10-26,1098.53,1091.0,1103.66,1087.62,-0.46,-5.07,556035,313209049.0,1.46,0.46
2018-10-29,1091.37,1079.72,1093.07,1073.99,-1.03,-11.28,433165,264805065.0,1.75,0.36
2018-10-30,1076.31,1096.78,1103.92,1070.36,1.58,17.06,520572,320387049.0,3.11,0.43
2018-10-31,1097.94,1119.28,1119.67,1097.94,2.05,22.5,589346,369058913.0,1.98,0.49
2018-11-01,1123.91,1127.33,1146.32,1123.91,0.72,8.05,655777,449216586.0,2.0,0.55
2018-11-02,1137.65,1153.79,1155.06,1135.48,2.35,26.46,837676,577998719.0,1.74,0.7
2018-11-05,1158.33,1162.43,1163.22,1141.24,0.75,8.64,945105,584279218.0,1.91,0.79
2018-11-06,1156.93,1161.26,1162.43,1147.8,-0.1,-1.17,531877,397564144.0,1.26,0.44
2018-11-07,1160.1,1160.49,1175.92,1155.94,-0.07,-0.77,802381,509122489.0,1.72,0.67
2018-11-08,1161.98,1179.77,1186.44,1161.98,1.66,19.28,692633,596344239.0,2.11,0.58
2018-11-09,1186.54,1203.48,1207.68,1186.54,2.01,23.71,666490,699387909.0,1.79,0.55
2018-11-12,1207.13,1221.29,1221.29,1192.46,1.48,17.81,962730,957145959.0,2.4,0.8
2018-11-13,1199.86,1250.41,1253.06,1199.86,2.38,29.12,1080798,947005908.0,4.36,0.9
2018-11-14,1249.46,1251.28,1265.13,1247.01,0.07,0.87,818986,868428080.0,1.45,0.68
2018-11-15,1256.74,1261.51,1262.24,1247.31,0.82,10.23,756631,917009457.0,1.19,0.63
2018-11-16,1254.25,1260.79,1270.38,1250.94,-0.06,-0.72,869784,857209937.0,1.54,0.72
2018-11-19,1262.21,1266.63,1268.8,1254.72,0.46,5.84,868433,683494340.0,1.12,0.72
2018-11-20,1249.7,1239.03,1256.37,1237.01,-2.18,-27.6,1063879,808085021.0,1.53,0.89
2018-11-21,1224.24,1254.42,1254.55,1220.46,1.24,15.39,988473,607480142.0,2.75,0.82
2018-11-22,1256.64,1255.75,1259.93,1248.16,0.11,1.33,709041,479529310.0,0.94,0.59
2018-11-23,1257.55,1207.51,1257.55,1207.51,-3.84,-48.24,873170,630942032.0,3.98,0.73
2018-11-26,1200.22,1205.1,1211.34,1193.24,-0.2,-2.41,546797,427375560.0,1.5,0.46
2018-11-27,1204.24,1207.78,1211.71,1190.37,0.22,2.68,519080,371503491.0,1.77,0.43
2018-11-28,1205.03,1216.4,1217.61,1181.83,0.71,8.62,519457,374586393.0,2.96,0.43
2018-11-29,1215.86,1182.22,1220.54,1182.22,-2.81,-34.18,489168,355216164.0,3.15,0.41
2018-11-30,1181.02,1174.37,1181.02,1150.66,-0.66,-7.85,485147,345571573.0,2.57,0.4
2018-12-03,1197.8,1217.58,1223.94,1197.8,3.68,43.21,801428,516291995.0,2.23,0.67
2018-12-04,1211.98,1232.93,1233.02,1211.98,1.26,15.35,695511,482270342.0,1.73,0.58
2018-12-05,1223.59,1230.07,1238.36,1218.74,-0.23,-2.86,535687,408150923.0,1.59,0.45
2018-12-06,1235.32,1203.94,1235.32,1203.18,-2.12,-26.13,514476,457549356.0,2.61,0.43
2018-12-07,1200.23,1187.31,1203.13,1183.33,-1.38,-16.63,398077,335808866.0,1.64,0.33
2018-12-10,1177.87,1178.75,1187.21,1170.25,-0.72,-8.56,572361,450189784.0,1.43,0.48
2018-12-11,1175.88,1197.31,1197.31,1175.88,1.57,18.56,609774,470771714.0,1.82,0.51
2018-12-12,1200.95,1193.29,1201.39,1188.99,-0.34,-4.02,507415,375936341.0,1.04,0.42
2018-12-13,1192.58,1191.38,1203.59,1187.82,-0.16,-1.91,444738,344955070.0,1.32,0.37
2018-12-14,1191.59,1166.31,1194.71,1164.51,-2.1,-25.07,572432,416457683.0,2.53,0.48
2018-12-17,1156.9,1168.28,1169.28,1148.96,0.17,1.97,435522,350664096.0,1.74,0.36
2018-12-18,1161.6,1161.29,1171.67,1148.46,-0.6,-6.99,432062,333946474.0,1.99,0.36
2018-12-19,1159.8,1143.24,1165.99,1143.09,-1.55,-18.05,476721,347386154.0,1.97,0.4
2018-12-20,1137.85,1153.16,1154.12,1137.85,0.87,9.92,386149,367153900.0,1.42,0.32
2018-12-21,1145.3,1145.96,1154.32,1137.15,-0.62,-7.2,353981,296592092.0,1.49,0.29
2018-12-24,1143.91,1156.95,1156.95,1143.24,0.96,10.99,396286,329428896.0,1.2,0.33
2018-12-25,1148.3,1141.34,1148.3,1110.2,-1.35,-15.61,495498,372185693.0,3.29,0.41
2018-12-26,1136.06,1141.35,1144.88,1130.61,0.0,0.01,328351,292127299.0,1.25,0.27
2018-12-27,1156.24,1112.32,1156.24,1112.32,-2.54,-29.03,457760,344934218.0,3.85,0.38
2018-12-28,1112.78,1107.1,1119.95,1105.09,-0.47,-5.22,380404,281757204.0,1.34,0.32
2019-01-02,1109.99,1108.03,1120.41,1107.76,0.08,0.93,318291,225084241.0,1.14,0.26
2019-01-03,1108.7,1094.39,1117.07,1093.93,-1.23,-13.64,310300,238867271.0,2.09,0.26
2019-01-04,1086.33,1123.78,1124.42,1083.35,2.69,29.39,490175,352148277.0,3.75,0.41
2019-01-07,1127.06,1145.96,1147.5,1126.32,1.97,22.18,851694,494362062.0,1.88,0.71
2019-01-08,1141.81,1142.22,1148.83,1139.97,-0.33,-3.74,647518,406611648.0,0.77,0.54
2019-01-09,1142.08,1138.73,1155.5,1138.27,-0.31,-3.49,551514,387682851.0,1.51,0.46
2019-01-10,1138.29,1133.1,1142.75,1130.99,-0.49,-5.63,370337,273564586.0,1.03,0.31
2019-01-11,1134.29,1144.01,1144.01,1127.54,0.96,10.91,320762,238222602.0,1.45,0.27
2019-01-14,1148.56,1136.69,1148.56,1131.09,-0.64,-7.32,320820,238783279.0,1.53,0.27
2019-01-15,1132.2,1156.02,1156.87,1132.2,1.7,19.33,462453,382287367.0,2.17,0.38
2019-01-16,1153.23,1151.2,1157.56,1147.01,-0.42,-4.82,420124,322406473.0,0.91,0.35
2019-01-17,1162.36,1144.03,1162.58,1143.27,-0.62,-7.17,326669,261537521.0,1.68,0.27
2019-01-18,1153.73,1156.93,1159.85,1146.02,1.13,12.9,491480,327814393.0,1.21,0.41
2019-01-21,1170.36,1186.81,1188.89,1168.54,2.58,29.88,625468,432990848.0,1.76,0.52
2019-01-22,1196.7,1194.21,1203.8,1190.01,0.62,7.4,434101,381564284.0,1.16,0.36
2019-01-23,1205.39,1208.83,1215.69,1201.54,1.22,14.62,470647,366326177.0,1.18,0.39
2019-01-24,1222.03,1225.08,1227.39,1217.39,1.34,16.25,589816,463533184.0,0.83,0.49
2019-01-25,1233.36,1249.02,1254.96,1230.86,1.95,23.94,1807414,1477298463.0,1.97,1.5
2019-01-28,1257.77,1245.15,1261.28,1238.0,-0.31,-3.87,1700528,1387004008.0,1.86,1.42
2019-01-29,1239.71,1240.18,1252.05,1226.05,-0.4,-4.97,1891280,1461257726.0,2.09,1.57
2019-01-30,1216.25,1212.25,1234.4,1211.57,-2.25,-27.93,763332,553065351.0,1.84,0.64
2019-01-31,1195.98,1155.98,1205.27,1154.64,-4.64,-56.27,1408508,892983309.0,4.18,1.17
2019-02-01,1160.42,1171.58,1175.27,1158.32,1.35,15.6,1109700,708584365.0,1.47,0.92
2019-02-11,1185.16,1217.84,1219.31,1183.05,3.95,46.26,1240613,856052971.0,3.09,1.03
2019-02-12,1217.26,1247.04,1247.04,1217.26,2.4,29.2,1403771,1025299698.0,2.45,1.17
2019-02-13,1245.62,1263.22,1264.07,1242.79,1.3,16.18,1378367,1023130460.0,1.71,1.15
2019-02-14,1262.8,1271.44,1273.37,1256.68,0.65,8.22,1045613,783919479.0,1.32,0.87
2019-02-15,1266.84,1264.62,1276.41,1261.11,-0.54,-6.82,1188155,851166088.0,1.2,0.99
2019-02-18,1274.39,1314.5,1314.63,1274.39,3.94,49.88,1496842,1107476456.0,3.18,1.25
2019-02-19,1325.13,1334.8,1344.87,1322.41,1.54,20.3,1405153,1101859563.0,1.71,1.17
2019-02-20,1346.83,1367.79,1369.03,1339.15,2.47,32.99,838734,769866909.0,2.24,0.7
2019-02-21,1381.8,1396.9,1404.44,1368.5,2.13,29.11,2214592,2038787297.0,2.63,1.84
2019-02-22,1388.67,1407.22,1417.87,1377.55,0.74,10.32,2262465,2142203638.0,2.89,1.88
2019-02-25,1411.27,1467.4,1474.82,1408.3,4.28,60.18,3146889,2939830109.0,4.73,2.62
2019-02-26,1459.85,1430.42,1469.12,1427.44,-2.52,-36.98,2677469,2378354574.0,2.84,2.23
2019-02-27,1431.57,1410.66,1440.51,1399.26,-1.38,-19.76,2748482,2072933864.0,2.88,2.29
2019-02-28,1404.8,1432.29,1442.28,1404.8,1.53,21.63,2362943,1787937214.0,2.66,1.97
2019-03-01,1434.07,1440.58,1448.33,1423.7,0.58,8.29,2296796,1959116430.0,1.72,1.91
2019-03-04,1456.41,1475.5,1486.68,1451.55,2.42,34.92,3661042,3123752399.0,2.44,3.05
2019-03-05,1469.45,1506.06,1506.06,1463.01,2.07,30.56,3019048,2704962155.0,2.92,2.51
2019-03-06,1513.61,1551.29,1554.79,1511.38,3.0,45.23,3311912,3170220084.0,2.88,2.76
2019-03-07,1559.79,1588.92,1607.14,1548.05,2.43,37.63,3632702,3774115833.0,3.81,3.02
2019-03-08,1548.71,1511.18,1594.73,1510.03,-4.89,-77.74,3342748,3451543195.0,5.33,2.78
2019-03-11,1519.73,1574.05,1575.71,1518.08,4.16,62.87,2224009,2394864172.0,3.81,1.85
2019-03-12,1584.38,1614.55,1630.04,1580.51,2.57,40.5,2511085,2760194789.0,3.15,2.09
2019-03-13,1627.9,1631.0,1667.45,1616.31,1.02,16.45,2777352,3197006844.0,3.17,2.31
2019-03-14,1617.18,1577.6,1639.81,1563.28,-3.27,-53.4,2064264,2680060688.0,4.69,1.72
2019-03-15,1586.93,1592.56,1601.92,1579.98,0.95,14.96,1821276,2179454900.0,1.39,1.52
2019-03-18,1597.25,1610.24,1610.24,1564.51,1.11,17.68,2225520,2421865482.0,2.87,1.85
2019-03-19,1613.32,1627.09,1630.55,1607.07,1.05,16.85,1980180,2092124068.0,1.46,1.65
2019-03-20,1634.76,1645.97,1645.97,1611.32,1.16,18.88,2201540,2520273522.0,2.13,1.83
2019-03-21,1656.04,1685.35,1724.16,1656.04,2.39,39.38,3865481,3913117268.0,4.14,3.22
2019-03-22,1680.29,1727.05,1728.65,1664.19,2.47,41.7,4274013,4917514855.0,3.82,3.56
2019-03-25,1720.96,1761.04,1783.22,1720.96,1.97,33.99,3240368,4109888960.0,3.6,2.7
2019-03-26,1769.58,1737.4,1791.05,1729.35,-1.34,-23.64,4650700,6453627467.0,3.5,3.87
2019-03-27,1745.92,1843.22,1843.22,1739.8,6.09,105.82,4688378,6305751058.0,5.95,3.9
2019-03-28,1842.9,1801.14,1846.03,1797.53,-2.28,-42.08,5719653,8580072656.0,2.63,4.76
2019-03-29,1766.26,1828.77,1836.68,1749.51,1.53,27.63,4516148,6346290812.0,4.84,3.76
2019-04-01,1835.58,1915.86,1916.23,1835.58,4.76,87.09,4572605,6803355521.0,4.41,3.81
2019-04-02,1916.77,1895.4,1960.53,1890.87,-1.07,-20.46,4954826,7842399472.0,3.64,4.12
2019-04-03,1889.11,1914.73,1923.44,1874.59,1.02,19.33,4010084,6213872002.0,2.58,3.34
2019-04-04,1926.03,1929.54,1946.23,1895.72,0.77,14.81,4004772,6518975598.0,2.64,3.33
2019-04-08,1918.03,1901.6,1930.34,1884.63,-1.45,-27.94,4045909,6445560990.0,2.37,3.37
2019-04-09,1888.06,1894.53,1909.68,1868.44,-0.37,-7.07,3905215,6445675389.0,2.17,3.25
2019-04-10,1881.39,1867.54,1900.62,1862.7,-1.42,-26.99,3189444,5272549972.0,2.0,2.65
2019-04-11,1862.23,1800.6,1862.73,1800.6,-3.58,-66.94,2660123,4037106511.0,3.33,2.21
2019-04-12,1802.66,1811.34,1822.46,1790.91,0.6,10.74,2082547,3145054642.0,1.75,1.73
2019-04-15,1830.92,1808.12,1841.31,1804.53,-0.18,-3.22,2283495,3178370264.0,2.03,1.9
2019-04-16,1801.68,1851.94,1851.94,1798.42,2.42,43.82,2330413,3544424739.0,2.96,1.94
2019-04-17,1850.01,1878.69,1883.03,1834.5,1.44,26.75,2773269,4455422359.0,2.62,2.31
2019-04-18,1871.43,1897.56,1922.97,1871.43,1.0,18.87,3825642,6184478933.0,2.74,3.18
2019-04-19,1880.23,1892.16,1904.83,1870.63,-0.28,-5.4,3059994,4577616552.0,1.8,2.55
2019-04-22,1877.99,1849.29,1891.56,1839.93,-2.27,-42.87,2601202,3786500151.0,2.73,2.16
2019-04-23,1841.44,1827.14,1855.17,1807.33,-1.2,-22.15,2265684,2956458656.0,2.59,1.89
2019-04-24,1826.34,1846.35,1853.47,1817.07,1.05,19.21,1835734,2387105493.0,1.99,1.53
2019-04-25,1845.69,1776.69,1861.07,1776.69,-3.77,-69.66,2353656,3061830388.0,4.57,1.96
2019-04-26,1770.12,1783.2,1804.06,1770.12,0.37,6.51,2011163,2469137225.0,1.91,1.67
2019-04-29,1782.17,1689.96,1787.74,1688.17,-5.23,-93.24,2048976,2459844246.0,5.58,1.71
2019-04-30,1665.13,1706.39,1727.95,1665.13,0.97,16.43,2150920,2767698078.0,3.72,1.79
2019-05-06,1633.23,1551.24,1642.1,1549.6,-9.09,-155.15,2203617,2471918610.0,5.42,1.83
2019-05-07,1554.01,1565.12,1589.45,1537.33,0.89,13.88,2025437,2354596448.0,3.36,1.69
2019-05-08,1537.43,1575.33,1599.52,1519.11,0.65,10.21,1991359,2390019084.0,5.14,1.66
2019-05-09,1559.47,1547.71,1579.0,1545.01,-1.75,-27.62,1669170,1970302629.0,2.16,1.39
2019-05-10,1572.64,1623.71,1624.3,1542.73,4.91,76.0,2223892,2610449214.0,5.27,1.85
2019-05-13,1610.02,1610.4,1626.0,1598.24,-0.82,-13.31,1525229,1788468213.0,1.71,1.27
2019-05-14,1589.11,1613.36,1634.7,1589.11,0.18,2.96,1778094,2173992353.0,2.83,1.48
2019-05-15,1630.25,1682.65,1683.65,1627.17,4.29,69.29,2427697,3186129697.0,3.5,2.02
2019-05-16,1681.49,1672.47,1684.82,1667.1,-0.6,-10.18,2103317,2764665323.0,1.05,1.75
2019-05-17,1683.73,1607.01,1684.49,1598.04,-3.91,-65.46,2447382,2705161040.0,5.17,2.04
2019-05-20,1607.18,1577.74,1610.27,1541.21,-1.82,-29.27,1652773,1767934024.0,4.3,1.38
2019-05-21,1582.06,1638.03,1638.03,1578.78,3.82,60.29,1867564,2256290989.0,3.76,1.55
2019-05-22,1636.37,1619.55,1636.37,1602.55,-1.13,-18.48,1607713,1860359311.0,2.06,1.34
2019-05-23,1614.04,1594.18,1617.26,1584.29,-1.57,-25.37,1257810,1478971015.0,2.04,1.05
2019-05-24,1598.05,1596.15,1609.22,1584.93,0.12,1.97,1262898,1583827731.0,1.52,1.05
2019-05-27,1597.72,1638.42,1641.23,1591.14,2.65,42.27,1556283,1906566039.0,3.14,1.3
2019-05-28,1639.91,1640.3,1668.51,1629.19,0.11,1.88,2459190,2923471617.0,2.4,2.05
2019-05-29,1627.14,1631.48,1642.51,1624.22,-0.54,-8.82,1758551,1968821317.0,1.12,1.46
2019-05-30,1619.47,1599.98,1619.47,1577.06,-1.93,-31.5,1595362,1780419408.0,2.6,1.33
2019-05-31,1598.46,1590.97,1609.26,1588.03,-0.56,-9.01,1354143,1570484317.0,1.33,1.13
2019-06-03,1590.31,1549.57,1590.31,1539.14,-2.6,-41.4,2019228,1951010115.0,3.22,1.68
2019-06-04,1544.77,1519.62,1548.38,1507.07,-1.93,-29.95,1511751,1368260889.0,2.67,1.26
2019-06-05,1535.14,1494.19,1535.14,1494.19,-1.67,-25.43,1515522,1378442375.0,2.69,1.26
2019-06-06,1495.21,1463.75,1495.21,1455.98,-2.04,-30.44,1418730,1214825324.0,2.63,1.18
2019-06-10,1471.62,1466.8,1476.14,1446.49,0.21,3.05,1204612,1022825938.0,2.03,1.0
2019-06-11,1489.95,1548.04,1549.2,1489.09,5.54,81.24,2695471,2151092689.0,4.1,2.24
2019-06-12,1556.46,1538.89,1558.03,1535.1,-0.59,-9.15,2340098,1794901657.0,1.48,1.95
2019-06-13,1522.61,1586.93,1600.22,1517.85,3.12,48.04,3593632,2606228195.0,5.35,2.99
2019-06-14,1587.06,1542.39,1608.15,1542.09,-2.81,-44.54,3349197,2394180611.0,4.16,2.79
2019-06-17,1532.25,1514.53,1541.24,1508.28,-1.81,-27.86,2135722,1513243806.0,2.14,1.78
2019-06-18,1506.47,1516.92,1530.94,1506.47,0.16,2.39,1786678,1213021439.0,1.62,1.49
2019-06-19,1549.08,1546.01,1565.02,1542.3,1.92,29.09,2676939,2018318248.0,1.5,2.23
2019-06-20,1541.23,1577.03,1584.82,1536.13,2.01,31.02,2730053,2247212598.0,3.15,2.27
2019-06-21,1580.34,1587.26,1603.17,1578.08,0.65,10.23,3058778,2681663178.0,1.59,2.55
2019-06-24,1571.91,1584.85,1584.85,1568.41,-0.15,-2.41,2145357,1818355671.0,1.04,1.79
2019-06-25,1581.26,1569.85,1589.51,1552.42,-0.95,-15.0,1670790,1375841453.0,2.34,1.39
2019-06-26,1560.07,1560.64,1570.46,1551.92,-0.59,-9.21,1432787,1072991953.0,1.18,1.19
2019-06-27,1558.98,1589.14,1593.24,1558.98,1.83,28.5,2185029,1851033132.0,2.2,1.82
2019-06-28,1588.1,1555.85,1588.1,1537.24,-2.09,-33.29,1960253,1538870118.0,3.2,1.63
2019-07-01,1588.55,1603.06,1603.42,1579.96,3.03,47.21,2116351,1850107902.0,1.51,1.76
2019-07-02,1604.55,1644.04,1655.58,1597.73,2.56,40.98,3191954,2569296125.0,3.61,2.66
2019-07-03,1634.34,1616.76,1651.84,1607.15,-1.66,-27.28,3064948,2279054970.0,2.72,2.55
2019-07-04,1614.99,1594.0,1618.08,1586.68,-1.41,-22.76,1956046,1468217399.0,1.94,1.63
2019-07-05,1589.06,1598.63,1606.91,1586.93,0.29,4.63,1484194,1113932210.0,1.25,1.24
2019-07-08,1602.13,1545.64,1602.13,1537.82,-3.31,-52.99,1808682,1416430484.0,4.02,1.51
2019-07-09,1547.03,1542.02,1552.18,1524.63,-0.23,-3.62,1339740,949153323.0,1.78,1.11
2019-07-10,1545.66,1517.13,1545.66,1512.67,-1.61,-24.89,1255414,979765842.0,2.14,1.04
2019-07-11,1525.83,1508.88,1537.21,1503.72,-0.54,-8.25,1067120,854890348.0,2.21,0.89
2019-07-12,1512.56,1511.92,1518.84,1503.22,0.2,3.04,828574,677136641.0,1.04,0.69
2019-07-15,1509.83,1525.85,1532.35,1483.85,0.92,13.93,1163717,940482340.0,3.21,0.97
2019-07-16,1528.33,1519.04,1529.5,1512.95,-0.45,-6.81,908996,770553034.0,1.08,0.76
2019-07-17,1517.7,1514.44,1525.37,1512.08,-0.3,-4.6,885258,755750229.0,0.87,0.74
2019-07-18,1510.06,1474.43,1510.06,1474.43,-2.64,-40.01,970158,757159470.0,2.35,0.81
2019-07-19,1475.83,1493.13,1503.81,1475.83,1.27,18.7,862893,734279096.0,1.9,0.72
2019-07-22,1501.06,1451.45,1501.06,1451.45,-2.79,-41.68,1018836,794887499.0,3.32,0.85
2019-07-23,1455.14,1470.28,1470.71,1453.69,1.3,18.83,768378,649327140.0,1.17,0.64
2019-07-24,1474.69,1493.64,1499.6,1474.69,1.59,23.36,1027221,891126764.0,1.69,0.85
2019-07-25,1495.42,1519.1,1519.73,1490.54,1.7,25.46,1242577,1041018907.0,1.95,1.03
2019-07-26,1514.81,1524.59,1530.53,1510.02,0.36,5.49,1406440,1223038392.0,1.35,1.17
2019-07-29,1521.6,1524.25,1530.42,1516.96,-0.02,-0.34,1006847,963525883.0,0.88,0.84
2019-07-30,1524.71,1531.65,1545.08,1524.71,0.49,7.4,1116510,1032302099.0,1.34,0.93
2019-07-31,1530.35,1514.97,1530.35,1514.48,-1.09,-16.68,924045,795120875.0,1.04,0.77
2019-08-01,1507.97,1520.82,1524.18,1505.73,0.39,5.85,905038,809153868.0,1.22,0.75
2019-08-02,1479.77,1495.38,1496.89,1476.7,-1.67,-25.44,1086939,930918099.0,1.33,0.9
2019-08-05,1486.41,1473.41,1499.31,1473.41,-1.47,-21.97,913971,865182453.0,1.73,0.76
2019-08-06,1451.21,1401.19,1451.21,1370.97,-4.9,-72.22,1505250,1191839629.0,5.45,1.25
2019-08-07,1415.24,1394.17,1419.17,1394.17,-0.5,-7.02,1192702,1301030548.0,1.78,0.99
2019-08-08,1391.19,1399.4,1408.95,1382.64,0.38,5.23,1555826,1753165013.0,1.89,1.29
2019-08-09,1404.3,1380.82,1413.43,1375.59,-1.33,-18.58,1362993,1651292166.0,2.7,1.13
2019-08-12,1380.06,1397.97,1397.97,1370.97,1.24,17.15,1104873,1275410857.0,1.96,0.92
2019-08-13,1388.34,1373.58,1388.34,1368.76,-1.74,-24.39,988804,1085767784.0,1.4,0.82
2019-08-14,1396.65,1391.33,1402.12,1387.16,1.29,17.75,1405416,1441956921.0,1.09,1.17
2019-08-15,1358.36,1409.26,1410.73,1344.85,1.29,17.93,1807095,1656939681.0,4.74,1.5
2019-08-16,1406.37,1405.55,1416.21,1401.64,-0.26,-3.71,1450618,1417261817.0,1.03,1.21
2019-08-19,1414.59,1445.26,1447.12,1413.06,2.83,39.71,1789477,1672102660.0,2.42,1.49
2019-08-20,1446.77,1468.32,1470.4,1443.72,1.6,23.06,1943801,1924875347.0,1.85,1.62
2019-08-21,1461.05,1467.54,1483.24,1459.71,-0.05,-0.78,1911775,1820979380.0,1.6,1.59
2019-08-22,1464.3,1469.46,1470.96,1453.06,0.13,1.92,2369921,1988117611.0,1.22,1.97
2019-08-23,1464.99,1475.38,1479.88,1451.64,0.4,5.92,2499260,2075963762.0,1.92,2.08
2019-08-26,1441.66,1469.94,1482.11,1434.65,-0.37,-5.44,2788167,2401254530.0,3.22,2.32
2019-08-27,1475.42,1490.08,1497.86,1474.5,1.37,20.14,2576708,2268376221.0,1.59,2.14
2019-08-28,1483.59,1473.6,1489.74,1472.2,-1.11,-16.48,2050600,1738357896.0,1.18,1.71
2019-08-29,1477.45,1477.91,1480.5,1469.29,0.29,4.31,1675098,1528524810.0,0.76,1.39
2019-08-30,1481.08,1447.61,1483.36,1443.76,-2.05,-30.3,1751444,1573325363.0,2.68,1.46
2019-09-02,1440.22,1492.95,1492.95,1440.22,3.13,45.34,1796882,1614798434.0,3.64,1.5
2019-09-03,1495.47,1511.39,1511.55,1490.25,1.24,18.44,1817689,1644631932.0,1.43,1.51
2019-09-04,1506.51,1512.85,1515.05,1499.2,0.1,1.46,1683176,1497365355.0,1.05,1.4
2019-09-05,1521.14,1519.41,1537.25,1518.71,0.43,6.56,2217709,1966779548.0,1.23,1.85
2019-09-06,1522.15,1510.72,1524.32,1499.58,-0.57,-8.69,1509068,1387847434.0,1.63,1.26
2019-09-09,1520.75,1546.28,1546.28,1514.76,2.35,35.56,2015582,1783252129.0,2.09,1.68
2019-09-10,1550.84,1566.97,1568.26,1536.69,1.34,20.69,2895492,2682191500.0,2.04,2.41
2019-09-11,1571.91,1556.07,1585.19,1553.91,-0.7,-10.9,2769394,2593184019.0,2.0,2.3
2019-09-12,1557.05,1554.74,1557.91,1533.3,-0.09,-1.33,2172873,2017322755.0,1.58,1.81
2019-09-16,1557.7,1554.44,1561.0,1546.04,-0.02,-0.3,2162092,2016950865.0,0.96,1.8
2019-09-17,1553.36,1519.84,1553.36,1513.57,-2.23,-34.6,1783317,1670858382.0,2.56,1.48
2019-09-18,1519.47,1519.74,1530.21,1515.4,-0.01,-0.1,1243389,1282589845.0,0.97,1.03
2019-09-19,1518.91,1517.44,1519.48,1497.41,-0.15,-2.3,1234313,1171683331.0,1.45,1.03
2019-09-20,1517.32,1508.69,1521.25,1506.68,-0.58,-8.75,1143546,1143189140.0,0.96,0.95
2019-09-23,1500.64,1481.8,1500.64,1469.09,-1.78,-26.89,1250112,1109624293.0,2.09,1.04
2019-09-24,1481.12,1488.91,1500.06,1480.43,0.48,7.11,1235615,1097839371.0,1.32,1.03
2019-09-25,1484.61,1454.25,1484.61,1452.38,-2.33,-34.66,1147811,1032721611.0,2.16,0.96
2019-09-26,1461.91,1424.32,1470.25,1423.68,-2.06,-29.93,1249975,1156524211.0,3.2,1.04
2019-09-27,1428.77,1439.3,1439.3,1419.08,1.05,14.98,966223,932173658.0,1.42,0.8
2019-09-30,1439.63,1419.98,1445.62,1417.88,-1.34,-19.32,735659,663361518.0,1.93,0.61
2019-10-08,1420.95,1424.06,1436.53,1420.95,0.29,4.08,958795,795819899.0,1.1,0.8
2019-10-09,1418.16,1447.22,1447.22,1408.64,1.63,23.16,747693,676406277.0,2.71,0.62
2019-10-10,1444.87,1452.44,1453.39,1439.54,0.36,5.22,695102,657219740.0,0.96,0.58
2019-10-11,1453.83,1464.3,1466.53,1452.17,0.82,11.86,1164299,928842225.0,0.99,0.97
2019-10-14,1475.7,1488.63,1490.11,1474.15,1.66,24.33,1815392,1522583552.0,1.09,1.51
2019-10-15,1481.77,1475.26,1481.77,1468.34,-0.9,-13.37,1361577,1101164425.0,0.9,1.13
2019-10-16,1479.84,1471.76,1484.38,1470.48,-0.24,-3.5,987589,871382002.0,0.94,0.82
2019-10-17,1472.04,1490.79,1497.96,1472.04,1.29,19.03,1683672,1227983520.0,1.76,1.4
2019-10-18,1504.38,1494.94,1528.46,1494.94,0.28,4.15,2660373,2052996141.0,2.25,2.21
2019-10-21,1477.07,1461.15,1477.07,1439.1,-2.26,-33.79,1762887,1174643425.0,2.54,1.47
2019-10-22,1451.42,1471.03,1471.03,1448.33,0.68,9.88,1598354,1202100334.0,1.55,1.33
2019-10-23,1466.7,1463.15,1471.61,1457.05,-0.54,-7.88,1446228,1089120662.0,0.99,1.2
2019-10-24,1461.19,1454.94,1465.86,1445.99,-0.56,-8.21,1055678,847359989.0,1.36,0.88
2019-10-25,1471.07,1484.78,1489.94,1464.16,2.05,29.84,1294804,1166365134.0,1.77,1.08
2019-10-28,1510.11,1516.46,1517.86,1500.24,2.13,31.68,1823609,1600878257.0,1.19,1.52
2019-10-29,1514.1,1483.4,1517.94,1483.4,-2.18,-33.06,2965287,2235681159.0,2.28,2.47
2019-10-30,1467.92,1455.96,1475.6,1450.81,-1.85,-27.44,1927061,1449089333.0,1.67,1.6
2019-10-31,1463.31,1461.03,1483.22,1456.93,0.35,5.07,1882444,1488266415.0,1.81,1.57
2019-11-01,1452.54,1486.37,1488.72,1447.3,1.73,25.34,1709147,1303164596.0,2.83,1.42
2019-11-04,1490.03,1492.34,1499.41,1474.89,0.4,5.97,2662289,2226671829.0,1.65,2.22
2019-11-05,1487.54,1487.83,1504.86,1485.18,-0.3,-4.51,2022293,1874593837.0,1.32,1.68
2019-11-06,1480.37,1460.42,1485.61,1454.53,-1.84,-27.41,2124662,1633129085.0,2.09,1.77
2019-11-07,1456.66,1466.24,1475.96,1455.18,0.4,5.82,1388480,1107895491.0,1.42,1.16
2019-11-08,1474.23,1456.71,1477.65,1455.68,-0.65,-9.53,1478550,1257397761.0,1.5,1.23
2019-11-11,1447.98,1428.23,1447.98,1417.79,-1.96,-28.48,1361070,1101434159.0,2.07,1.13
2019-11-12,1425.62,1445.05,1449.73,1417.12,1.18,16.82,1230184,1025536259.0,2.28,1.02
2019-11-13,1443.11,1432.82,1443.11,1427.27,-0.85,-12.23,1225434,1005882222.0,1.1,1.02
2019-11-14,1426.35,1428.92,1431.16,1416.8,-0.27,-3.9,1056454,870284647.0,1.0,0.88
2019-11-15,1424.85,1421.93,1430.81,1405.86,-0.49,-6.99,1094346,878322615.0,1.75,0.91
2019-11-18,1420.21,1441.13,1442.71,1420.21,1.35,19.2,974782,879149270.0,1.58,0.81
2019-11-19,1446.16,1475.2,1475.2,1441.16,2.36,34.07,1595401,1488263366.0,2.36,1.33
2019-11-20,1474.99,1453.64,1474.99,1452.91,-1.46,-21.56,1782711,1558800450.0,1.5,1.48
2019-11-21,1450.07,1455.81,1457.78,1443.0,0.15,2.17,1499074,1328045624.0,1.02,1.25
2019-11-22,1456.26,1436.26,1467.87,1425.79,-1.34,-19.55,1498732,1279317671.0,2.89,1.25
2019-11-25,1433.68,1422.4,1440.37,1417.44,-0.97,-13.86,1152583,980894731.0,1.6,0.96
2019-11-26,1424.43,1407.73,1429.47,1405.72,-1.03,-14.67,841074,727905156.0,1.67,0.7
2019-11-27,1408.49,1408.16,1412.76,1395.15,0.03,0.43,1029591,853934049.0,1.25,0.86
2019-11-28,1406.18,1402.78,1407.7,1398.11,-0.38,-5.38,761221,689062498.0,0.68,0.63
2019-11-29,1397.17,1404.49,1405.76,1392.72,0.12,1.71,816328,846362000.0,0.93,0.68
2019-12-02,1408.8,1404.05,1411.88,1395.93,-0.03,-0.44,1134272,1121326290.0,1.14,0.94
2019-12-03,1396.37,1418.84,1418.84,1392.55,1.05,14.79,990647,868109822.0,1.87,0.82
2019-12-04,1409.32,1414.97,1419.44,1408.19,-0.27,-3.87,911210,848330458.0,0.79,0.76
2019-12-05,1418.42,1428.04,1431.01,1415.02,0.92,13.07,1071888,1033575199.0,1.13,0.89
2019-12-06,1428.32,1438.52,1438.62,1425.32,0.73,10.48,1237569,1257543410.0,0.93,1.03
2019-12-09,1441.55,1443.89,1443.89,1432.58,0.37,5.37,1200880,1167702589.0,0.79,1.0
2019-12-10,1440.04,1443.5,1447.34,1432.85,-0.03,-0.39,1134388,1059113591.0,1.0,0.94
2019-12-11,1441.55,1449.26,1453.21,1439.98,0.4,5.76,1451069,1384878688.0,0.92,1.21
2019-12-12,1451.64,1432.03,1454.22,1432.03,-1.19,-17.23,1288166,1207854766.0,1.53,1.07
2019-12-13,1432.78,1447.01,1448.95,1432.78,1.05,14.98,1521878,1249375466.0,1.13,1.27
2019-12-16,1449.36,1472.17,1472.17,1448.32,1.74,25.16,1361207,1206303534.0,1.65,1.13
2019-12-17,1469.52,1491.52,1492.08,1468.28,1.31,19.35,1785391,1547618624.0,1.62,1.49
2019-12-18,1488.63,1490.74,1498.63,1487.62,-0.05,-0.78,1705971,1370446133.0,0.74,1.42
2019-12-19,1495.93,1514.07,1517.89,1492.68,1.56,23.33,2505421,1908520088.0,1.69,2.09
2019-12-20,1515.75,1496.48,1516.52,1496.48,-1.16,-17.59,1910519,1582569248.0,1.32,1.59
2019-12-23,1491.73,1477.02,1498.88,1475.41,-1.3,-19.46,1423213,1283268590.0,1.57,1.18
2019-12-24,1474.85,1507.63,1508.02,1474.85,2.07,30.61,990309,957342110.0,2.25,0.82
2019-12-25,1504.82,1500.25,1508.67,1494.53,-0.49,-7.38,1169101,1121420128.0,0.94,0.97
2019-12-26,1497.97,1501.0,1501.42,1487.04,0.05,0.75,926131,837484824.0,0.96,0.77
2019-12-27,1500.72,1484.57,1504.1,1484.57,-1.09,-16.43,1246675,1130879831.0,1.3,1.04
2019-12-30,1471.1,1477.21,1479.93,1443.4,-0.5,-7.36,1181674,1064123891.0,2.46,0.98
2019-12-31,1475.8,1490.86,1493.03,1472.94,0.92,13.65,1217743,992433924.0,1.36,1.01
2020-01-02,1501.8,1511.92,1513.38,1497.22,1.41,21.06,1397861,1203048209.0,1.08,1.16
2020-01-03,1515.44,1521.97,1530.83,1513.13,0.66,10.05,1332196,1178867533.0,1.17,1.11
2020-01-06,1510.4,1531.25,1542.94,1506.81,0.61,9.28,2114076,1819668416.0,2.37,1.76
2020-01-07,1532.3,1540.8,1541.03,1520.81,0.62,9.55,1862981,1481652355.0,1.32,1.55
2020-01-08,1528.53,1509.09,1535.56,1505.39,-2.06,-31.71,2035758,1706969513.0,1.96,1.69
2020-01-09,1523.61,1538.25,1538.25,1523.07,1.93,29.16,1373732,1278103364.0,1.01,1.14
2020-01-10,1540.76,1527.64,1545.58,1522.76,-0.69,-10.61,1078987,1007528863.0,1.48,0.9
2020-01-13,1529.75,1543.17,1543.57,1516.3,1.02,15.53,1061641,976853164.0,1.79,0.88
2020-01-14,1553.38,1546.53,1558.03,1543.71,0.22,3.36,1488319,1415849631.0,0.93,1.24
2020-01-15,1544.37,1535.13,1544.37,1524.03,-0.74,-11.4,1161215,1010953672.0,1.32,0.97
2020-01-16,1535.65,1531.45,1538.97,1528.63,-0.24,-3.68,1080226,1045761816.0,0.67,0.9
2020-01-17,1534.08,1527.19,1540.06,1525.98,-0.28,-4.26,917884,920667805.0,0.92,0.76
2020-01-20,1533.76,1556.56,1556.56,1533.76,1.92,29.37,1162001,1296429471.0,1.49,0.97
2020-01-21,1554.26,1541.5,1554.26,1536.95,-0.97,-15.06,1275634,1220020473.0,1.11,1.06
2020-01-22,1536.66,1541.4,1543.87,1503.41,-0.01,-0.1,1282553,1255404736.0,2.62,1.07
2020-01-23,1519.44,1469.68,1525.62,1459.14,-4.65,-71.72,1890537,1555449597.0,4.31,1.57
2020-02-03,1322.89,1324.2,1334.31,1322.89,-9.9,-145.48,457181,483323205.0,0.78,0.38
2020-02-04,1231.2,1292.25,1300.95,1231.2,-2.41,-31.95,1916508,1352271004.0,5.27,1.59
2020-02-05,1299.81,1340.18,1351.51,1296.24,3.71,47.93,1481715,1092405697.0,4.28,1.23
2020-02-06,1357.04,1377.22,1383.9,1339.62,2.76,37.04,1676580,1206265215.0,3.3,1.4
2020-02-07,1383.36,1399.14,1399.36,1368.06,1.59,21.92,1536706,1217154805.0,2.27,1.28
2020-02-10,1386.89,1419.64,1420.86,1383.22,1.47,20.5,1321051,1122470902.0,2.69,1.1
2020-02-11,1422.01,1407.45,1424.25,1406.47,-0.86,-12.19,1341896,1016101392.0,1.25,1.12
2020-02-12,1404.75,1416.52,1417.01,1403.45,0.64,9.07,1085718,885940612.0,0.96,0.9
2020-02-13,1415.52,1390.28,1420.02,1390.28,-1.85,-26.24,1031793,876698713.0,2.1,0.86
2020-02-14,1390.04,1389.27,1397.94,1381.74,-0.07,-1.01,829269,723609653.0,1.17,0.69
2020-02-17,1389.65,1422.42,1422.42,1389.65,2.39,33.15,1243378,1010980950.0,2.36,1.03
2020-02-18,1425.96,1442.9,1442.9,1420.73,1.44,20.48,1375626,1128261433.0,1.56,1.14
2020-02-19,1438.2,1432.21,1448.73,1431.51,-0.74,-10.69,1160105,971408499.0,1.19,0.97
2020-02-20,1435.78,1462.17,1463.6,1427.84,2.09,29.96,1453557,1201628457.0,2.5,1.21
2020-02-21,1465.38,1489.12,1496.07,1465.38,1.84,26.95,1779723,1518363670.0,2.1,1.48
2020-02-24,1488.99,1496.99,1502.24,1472.09,0.53,7.87,1717953,1470551103.0,2.02,1.43
2020-02-25,1462.9,1469.98,1475.51,1418.22,-1.8,-27.01,2107843,1826301913.0,3.83,1.75
2020-02-26,1456.04,1462.48,1489.51,1456.04,-0.51,-7.5,2186680,1876374839.0,2.28,1.82
2020-02-27,1470.8,1459.6,1479.8,1450.84,-0.2,-2.88,1694427,1326514162.0,1.98,1.41
2020-02-28,1402.41,1363.51,1426.24,1362.88,-6.58,-96.09,1942431,1434413018.0,4.34,1.62
2020-03-02,1370.93,1413.25,1413.9,1370.93,3.65,49.74,1499073,1135188333.0,3.15,1.25
2020-03-03,1430.57,1436.18,1450.22,1423.3,1.62,22.93,2243536,1607885625.0,1.9,1.87
2020-03-04,1429.19,1452.99,1453.54,1424.02,1.17,16.81,2632173,1833459268.0,2.06,2.19
2020-03-05,1465.57,1494.89,1494.89,1453.43,2.88,41.9,3216710,2219521250.0,2.85,2.68
2020-03-06,1478.5,1497.62,1505.57,1471.7,0.18,2.73,2348213,1834803586.0,2.27,1.95
2020-03-09,1479.22,1450.19,1486.1,1448.51,-3.17,-47.43,2714361,2067357806.0,2.51,2.26
2020-03-10,1424.23,1470.49,1470.49,1400.46,1.4,20.3,2341220,1791950614.0,4.83,1.95
2020-03-11,1470.49,1451.31,1482.28,1449.17,-1.3,-19.18,2026803,1381103303.0,2.25,1.69
2020-03-12,1430.52,1413.2,1433.73,1403.23,-2.63,-38.11,1565121,1092467184.0,2.1,1.3
2020-03-13,1340.84,1382.7,1396.29,1333.23,-2.16,-30.5,1667031,1236978610.0,4.46,1.39
2020-03-16,1394.37,1338.09,1401.06,1320.33,-3.23,-44.61,1495120,1134262950.0,5.84,1.24
2020-03-17,1340.99,1330.33,1360.95,1285.6,-0.58,-7.76,1477607,1195412835.0,5.63,1.23
2020-03-18,1339.2,1293.54,1351.3,1293.54,-2.77,-36.79,1522614,1044744173.0,4.34,1.27
2020-03-19,1286.73,1291.39,1301.78,1264.23,-0.17,-2.15,1152168,793951647.0,2.9,0.96
2020-03-20,1304.35,1336.35,1336.64,1303.36,3.48,44.96,1341168,984675137.0,2.58,1.12
2020-03-23,1306.64,1294.23,1322.08,1290.71,-3.15,-42.12,1394253,1114394277.0,2.35,1.16
2020-03-24,1316.63,1316.35,1320.71,1281.23,1.71,22.12,1087826,838053121.0,3.05,0.91
2020-03-25,1339.42,1350.79,1352.14,1328.83,2.62,34.44,1227630,993819628.0,1.77,1.02
2020-03-26,1339.19,1343.37,1351.27,1332.17,-0.55,-7.42,964416,775453577.0,1.41,0.8
2020-03-27,1355.47,1353.95,1373.48,1351.5,0.79,10.58,1028485,887445439.0,1.64,0.86
2020-03-30,1331.39,1344.21,1345.3,1321.72,-0.72,-9.74,1060772,930095182.0,1.74,0.88
2020-03-31,1353.38,1343.75,1355.59,1335.21,-0.03,-0.46,816496,708648246.0,1.52,0.68
2020-04-01,1338.35,1338.77,1356.81,1334.72,-0.37,-4.98,890933,770536978.0,1.64,0.74
2020-04-02,1331.71,1361.14,1361.14,1325.49,1.67,22.37,846500,855657304.0,2.66,0.7
2020-04-03,1358.63,1343.63,1360.22,1338.16,-1.29,-17.51,785266,711633452.0,1.62,0.65
2020-04-07,1362.03,1388.15,1392.17,1360.56,3.31,44.52,1296259,1169950472.0,2.35,1.08
2020-04-08,1381.89,1392.82,1396.22,1381.49,0.34,4.67,1050761,933212168.0,1.06,0.87
2020-04-09,1397.9,1390.68,1398.19,1382.13,-0.15,-2.14,895552,800326855.0,1.15,0.75
2020-04-10,1388.56,1341.69,1388.56,1341.26,-3.52,-48.99,946403,761524874.0,3.4,0.79
2020-04-13,1338.21,1324.77,1338.21,1315.58,-1.26,-16.92,631074,501108570.0,1.69,0.53
2020-04-14,1330.11,1339.56,1339.7,1324.1,1.12,14.79,750012,581994088.0,1.18,0.62
2020-04-15,1338.06,1336.35,1348.03,1332.63,-0.24,-3.21,886028,676756432.0,1.15,0.74
2020-04-16,1329.84,1359.06,1359.06,1325.55,1.7,22.71,769968,607011261.0,2.51,0.64
2020-04-17,1373.06,1370.33,1383.98,1369.04,0.83,11.27,1029755,921531177.0,1.1,0.86
2020-04-20,1379.91,1389.86,1389.86,1374.03,1.43,19.53,868630,752383313.0,1.16,0.72
2020-04-21,1404.26,1385.93,1404.26,1379.52,-0.28,-3.93,1707156,1206402160.0,1.78,1.42
2020-04-22,1375.97,1391.33,1393.27,1370.04,0.39,5.4,2024755,1240063423.0,1.68,1.69
2020-04-23,1386.96,1377.43,1395.05,1376.77,-1.0,-13.9,1535910,1045210321.0,1.31,1.28
2020-04-24,1369.84,1359.52,1376.42,1354.02,-1.3,-17.91,1182276,822981089.0,1.63,0.98
2020-04-27,1358.55,1338.78,1358.55,1337.32,-1.53,-20.74,978804,731915252.0,1.56,0.81
2020-04-28,1342.73,1306.35,1342.73,1275.08,-2.42,-32.43,1061249,751715890.0,5.05,0.88
2020-04-29,1304.74,1312.89,1317.58,1298.7,0.5,6.54,752468,580860185.0,1.45,0.63
2020-04-30,1318.83,1345.1,1346.56,1318.83,2.45,32.21,918542,685360171.0,2.11,0.76
2020-05-06,1331.87,1355.29,1355.3,1331.87,0.76,10.19,841904,724102746.0,1.74,0.7
2020-05-07,1356.17,1349.33,1356.79,1347.27,-0.44,-5.96,822240,681037449.0,0.7,0.68
2020-05-08,1353.75,1360.0,1366.31,1352.78,0.79,10.67,790554,676190898.0,1.0,0.66
2020-05-11,1370.83,1369.13,1375.59,1361.79,0.67,9.13,868505,743185371.0,1.01,0.72
2020-05-12,1370.15,1361.89,1370.15,1348.91,-0.53,-7.24,648595,548239873.0,1.55,0.54
2020-05-13,1357.33,1366.05,1367.84,1353.55,0.31,4.16,541758,467587687.0,1.05,0.45
2020-05-14,1362.78,1366.42,1369.34,1356.58,0.03,0.37,793663,571165893.0,0.93,0.66
2020-05-15,1368.84,1364.81,1370.46,1358.69,-0.12,-1.61,640301,571370006.0,0.86,0.53
2020-05-18,1364.99,1359.77,1367.58,1350.88,-0.37,-5.04,757271,624324655.0,1.22,0.63
2020-05-19,1366.55,1371.65,1373.15,1362.74,0.87,11.88,839581,559662602.0,0.77,0.7
2020-05-20,1370.0,1357.8,1370.0,1355.8,-1.01,-13.85,644316,512737316.0,1.04,0.54
2020-05-21,1359.05,1349.43,1361.84,1348.55,-0.62,-8.37,635826,499979430.0,0.98,0.53
2020-05-22,1351.07,1332.58,1351.07,1327.12,-1.25,-16.85,620188,509204460.0,1.77,0.52
2020-05-25,1331.55,1339.05,1339.05,1327.37,0.49,6.47,590469,454967958.0,0.88,0.49
2020-05-26,1341.33,1357.98,1357.98,1339.55,1.41,18.93,676862,510090795.0,1.38,0.56
2020-05-27,1356.58,1367.18,1370.39,1354.8,0.68,9.2,1015018,747721853.0,1.15,0.84
2020-05-28,1363.44,1355.65,1363.99,1341.05,-0.84,-11.53,684761,544080524.0,1.68,0.57
2020-05-29,1355.72,1386.0,1387.99,1351.4,2.24,30.35,837324,916261333.0,2.7,0.7
2020-06-01,1391.03,1418.82,1419.32,1391.03,2.37,32.82,1112076,1224054964.0,2.04,0.93
2020-06-02,1421.32,1428.85,1431.29,1414.42,0.71,10.03,930982,1011876466.0,1.19,0.77
2020-06-03,1428.85,1433.64,1442.38,1422.88,0.34,4.79,970516,983458817.0,1.36,0.81
2020-06-04,1437.96,1442.3,1445.67,1424.06,0.6,8.66,1027869,871791364.0,1.51,0.86
2020-06-05,1444.31,1436.69,1444.31,1426.89,-0.39,-5.61,816145,713294747.0,1.21,0.68
2020-06-08,1446.16,1458.46,1458.46,1443.0,1.52,21.77,898898,863013717.0,1.08,0.75
2020-06-09,1464.92,1474.49,1475.18,1460.09,1.1,16.03,806727,795839928.0,1.03,0.67
2020-06-10,1469.47,1475.74,1478.95,1458.51,0.08,1.25,1485588,1253324459.0,1.39,1.24
2020-06-11,1469.54,1454.15,1470.86,1449.47,-1.46,-21.59,1359315,1031654359.0,1.45,1.13
2020-06-12,1427.73,1463.64,1467.12,1427.29,0.65,9.49,1158287,913436050.0,2.74,0.96
2020-06-15,1459.38,1468.27,1486.71,1459.38,0.32,4.63,1342528,1009267616.0,1.87,1.12
2020-06-16,1475.13,1483.2,1484.72,1470.28,1.02,14.93,992668,828976351.0,0.98,0.83
2020-06-17,1485.58,1498.26,1498.26,1475.95,1.02,15.06,1141691,893019720.0,1.5,0.95
2020-06-18,1503.49,1503.56,1510.01,1488.97,0.35,5.3,1377668,1159446868.0,1.4,1.15
2020-06-19,1490.46,1506.41,1514.14,1490.46,0.19,2.85,1830470,1522922264.0,1.57,1.52
2020-06-22,1510.67,1517.73,1517.98,1497.85,0.75,11.32,2626964,1896211664.0,1.34,2.19
2020-06-23,1520.43,1500.51,1520.43,1500.51,-1.13,-17.22,2109206,1619319506.0,1.31,1.76
2020-06-24,1494.28,1498.23,1503.88,1486.55,-0.15,-2.28,1699202,1346051554.0,1.15,1.41
2020-06-29,1492.69,1479.27,1495.24,1475.03,-1.27,-18.96,1703293,1228894519.0,1.35,1.42
2020-06-30,1483.7,1498.23,1498.68,1483.15,1.28,18.96,1342710,1081000958.0,1.05,1.12
2020-07-01,1503.12,1531.69,1531.69,1503.12,2.23,33.46,1749532,1804937254.0,1.91,1.46
2020-07-02,1530.81,1552.91,1554.22,1527.26,1.39,21.22,2314904,2207415825.0,1.76,1.93
2020-07-03,1551.8,1598.08,1602.78,1545.22,2.91,45.17,2856030,3029642403.0,3.71,2.38
2020-07-06,1601.27,1669.35,1671.63,1601.27,4.46,71.27,3480278,3418334398.0,4.4,2.9
2020-07-07,1700.28,1782.78,1787.74,1690.53,6.79,113.43,5053326,3966582457.0,5.82,4.21
2020-07-08,1841.4,1830.13,1854.66,1808.62,2.66,47.35,7062524,6658609096.0,2.58,5.88
2020-07-09,1808.36,1837.58,1842.17,1794.11,0.41,7.45,6193189,6872681879.0,2.63,5.15
2020-07-10,1817.25,1758.12,1817.25,1756.93,-4.32,-79.46,4939767,4903552932.0,3.28,4.11
2020-07-13,1747.13,1820.43,1820.43,1747.13,3.54,62.31,4113412,4524870706.0,4.17,3.42
2020-07-14,1813.65,1837.16,1841.41,1803.76,0.92,16.73,4401430,4584101507.0,2.07,3.66
2020-07-15,1844.71,1767.95,1847.27,1767.77,-3.77,-69.21,3420771,3795964906.0,4.33,2.85
2020-07-16,1777.9,1684.89,1777.9,1680.45,-4.7,-83.06,2720446,2670818855.0,5.51,2.26
2020-07-17,1678.74,1695.04,1707.73,1662.27,0.6,10.15,2075476,2032986229.0,2.7,1.73
2020-07-20,1697.11,1740.14,1740.14,1697.11,2.66,45.1,2385530,2467156348.0,2.54,1.99
2020-07-21,1736.39,1733.47,1738.67,1713.59,-0.38,-6.67,2018057,2160974403.0,1.44,1.68
2020-07-22,1727.06,1731.06,1747.95,1717.72,-0.14,-2.41,2019884,1978737163.0,1.74,1.68
2020-07-23,1718.92,1703.65,1718.92,1661.01,-1.58,-27.41,1869275,1849980838.0,3.35,1.56
2020-07-24,1701.19,1636.4,1718.35,1634.04,-3.95,-67.25,2475629,2720527370.0,4.95,2.06
2020-07-27,1644.19,1620.4,1644.75,1597.54,-0.98,-16.0,1501919,1554311022.0,2.88,1.25
2020-07-28,1632.0,1651.5,1656.57,1632.0,1.92,31.1,1275659,1363193256.0,1.52,1.06
2020-07-29,1662.7,1696.2,1696.56,1641.53,2.71,44.7,1501963,1590965627.0,3.33,1.25
2020-07-30,1698.73,1720.29,1732.53,1696.27,1.42,24.09,1898654,2507491472.0,2.14,1.58
2020-07-31,1707.3,1755.03,1756.16,1704.12,2.02,34.74,2259877,2407141970.0,3.03,1.88
2020-08-03,1772.5,1813.81,1814.16,1772.5,3.35,58.78,2587480,2554371915.0,2.37,2.15
2020-08-04,1823.31,1804.3,1823.31,1799.85,-0.52,-9.51,2125043,2258581725.0,1.29,1.77
2020-08-05,1810.83,1815.1,1828.48,1785.7,0.6,10.8,2056541,2204353269.0,2.37,1.71
2020-08-06,1812.42,1789.35,1812.42,1765.88,-1.42,-25.75,1791048,1857046786.0,2.56,1.49
2020-08-07,1782.83,1740.14,1792.84,1725.13,-2.75,-49.21,1770458,1861189044.0,3.78,1.47
2020-08-10,1717.62,1727.7,1738.59,1712.7,-0.71,-12.44,1523741,1443180413.0,1.49,1.27
2020-08-11,1729.43,1674.36,1729.43,1671.39,-3.09,-53.34,1718531,1701737310.0,3.36,1.43
2020-08-12,1669.18,1656.62,1672.61,1621.25,-1.06,-17.74,1605007,1472193450.0,3.07,1.34
2020-08-13,1661.69,1688.94,1700.1,1661.69,1.95,32.32,1990809,1562056861.0,2.32,1.66
2020-08-14,1684.0,1693.21,1694.73,1671.3,0.25,4.27,1948344,1508955757.0,1.39,1.62
2020-08-17,1699.98,1714.82,1719.41,1690.39,1.28,21.61,1680910,1427980358.0,1.71,1.4
2020-08-18,1715.52,1718.69,1718.94,1700.4,0.23,3.87,1452577,1304866521.0,1.08,1.21
2020-08-19,1713.01,1697.43,1720.69,1693.64,-1.24,-21.26,1399972,1417846928.0,1.57,1.17
2020-08-20,1692.44,1684.25,1692.44,1673.07,-0.78,-13.18,1275840,1187137065.0,1.14,1.06
2020-08-21,1686.93,1698.86,1708.07,1686.93,0.87,14.61,980854,1089819061.0,1.26,0.82
2020-08-24,1701.77,1702.73,1706.08,1674.16,0.23,3.87,1015910,1034998368.0,1.88,0.85
2020-08-25,1701.67,1689.09,1709.06,1683.8,-0.8,-13.64,1028648,1081694654.0,1.48,0.86
2020-08-26,1684.56,1659.42,1688.33,1655.24,-1.76,-29.67,1122667,1023817104.0,1.96,0.93
2020-08-27,1662.34,1684.93,1688.28,1655.53,1.54,25.51,898458,826569418.0,1.97,0.75
2020-08-28,1688.82,1703.67,1705.1,1681.56,1.11,18.74,936431,1019453390.0,1.4,0.78
2020-08-31,1707.44,1707.8,1724.61,1706.45,0.24,4.13,1201286,1172741204.0,1.07,1.0
2020-09-01,1708.78,1729.29,1730.4,1699.68,1.26,21.49,1332713,1230060236.0,1.8,1.11
2020-09-02,1734.72,1737.17,1739.91,1716.53,0.46,7.88,1596237,1308771227.0,1.35,1.33
2020-09-03,1735.39,1744.72,1765.17,1735.39,0.43,7.55,1875604,1517489476.0,1.71,1.56
2020-09-04,1718.16,1742.87,1745.59,1707.49,-0.11,-1.85,1585146,1372358204.0,2.18,1.32
2020-09-07,1739.26,1722.05,1764.06,1716.25,-1.19,-20.82,1854845,1572306166.0,2.74,1.54
2020-09-08,1726.38,1729.19,1731.8,1706.11,0.41,7.14,1656143,1270531149.0,1.49,1.38
2020-09-09,1715.55,1699.29,1727.36,1690.75,-1.73,-29.9,2153835,1636089203.0,2.12,1.79
2020-09-10,1704.9,1639.73,1709.64,1634.51,-3.5,-59.56,1710318,1259928115.0,4.42,1.42
2020-09-11,1614.51,1659.03,1672.13,1598.36,1.18,19.3,2046783,2297923240.0,4.5,1.7
2020-09-14,1658.63,1686.68,1689.77,1648.14,1.67,27.65,2311482,2348042121.0,2.51,1.92
2020-09-15,1683.3,1696.46,1699.63,1668.31,0.58,9.78,2205166,2725993382.0,1.86,1.84
2020-09-16,1687.48,1671.31,1690.67,1655.8,-1.48,-25.15,1917766,2320766875.0,2.06,1.6
2020-09-17,1665.93,1672.27,1689.73,1660.36,0.06,0.96,1789151,2534616324.0,1.76,1.49
2020-09-18,1663.73,1689.58,1694.53,1663.73,1.04,17.31,1765937,2270782804.0,1.84,1.47
2020-09-21,1688.79,1679.78,1694.77,1676.28,-0.58,-9.8,1335422,1614742788.0,1.09,1.11
2020-09-22,1663.61,1642.58,1669.97,1639.88,-2.21,-37.2,1225428,1328836518.0,1.79,1.02
2020-09-23,1648.92,1644.19,1653.76,1639.16,0.1,1.61,965745,1136549990.0,0.89,0.8
2020-09-24,1631.55,1594.83,1631.55,1594.83,-3.0,-49.36,1271456,1425719916.0,2.23,1.06
2020-09-25,1601.42,1579.54,1601.42,1572.49,-0.96,-15.29,1034099,1167636473.0,1.81,0.86
2020-09-28,1582.76,1535.49,1582.76,1534.39,-2.79,-44.05,844454,870007059.0,3.06,0.7
2020-09-29,1539.92,1539.79,1552.69,1529.33,0.28,4.3,835305,900243894.0,1.52,0.7
2020-09-30,1546.42,1541.58,1555.88,1528.82,0.12,1.79,995828,1300596801.0,1.76,0.83
2020-10-09,1561.25,1596.37,1598.31,1559.09,3.55,54.79,1149086,1361338621.0,2.54,0.96
2020-10-12,1601.87,1632.77,1634.19,1601.87,2.28,36.4,1433058,1554929752.0,2.02,1.19
2020-10-13,1630.41,1623.46,1630.41,1617.33,-0.57,-9.31,1084774,1236741888.0,0.8,0.9
2020-10-14,1622.59,1614.26,1627.66,1609.2,-0.57,-9.2,1069307,1443481330.0,1.14,0.89
2020-10-15,1611.86,1603.04,1614.45,1600.46,-0.7,-11.22,920707,1114668394.0,0.87,0.77
2020-10-16,1599.93,1616.47,1617.1,1595.14,0.84,13.43,1030568,1112244245.0,1.37,0.86
2020-10-19,1619.85,1600.12,1624.47,1596.04,-1.01,-16.35,940385,1027315368.0,1.76,0.78
2020-10-20,1596.72,1617.2,1618.37,1582.57,1.07,17.08,1098074,1372248726.0,2.24,0.91
2020-10-21,1618.43,1618.09,1622.64,1600.84,0.06,0.89,1223202,1993924189.0,1.35,1.02
2020-10-22,1609.03,1599.26,1609.03,1594.1,-1.16,-18.83,1100000,1741136845.0,0.92,0.92
2020-10-23,1602.88,1572.13,1609.98,1570.45,-1.7,-27.13,1013547,1499386392.0,2.47,0.84
2020-10-26,1570.43,1571.63,1573.45,1548.71,-0.03,-0.5,1105938,1418785204.0,1.57,0.92
2020-10-27,1562.01,1557.76,1573.08,1547.58,-0.88,-13.87,884757,1146843442.0,1.62,0.74
2020-10-28,1557.27,1557.3,1560.26,1536.51,-0.03,-0.46,1023042,1250956951.0,1.52,0.85
2020-10-29,1534.39,1565.7,1573.51,1534.28,0.54,8.4,1092148,1260507011.0,2.52,0.91
2020-10-30,1568.75,1511.16,1568.75,1511.16,-3.48,-54.54,1356635,1577080025.0,3.68,1.13
2020-11-02,1515.06,1515.36,1523.3,1506.18,0.28,4.2,1034139,1221998400.0,1.13,0.86
2020-11-03,1524.47,1546.84,1546.84,1521.32,2.08,31.48,1195382,1202401514.0,1.68,0.99
2020-11-04,1543.86,1531.78,1543.86,1520.9,-0.97,-15.06,1032439,1073055288.0,1.48,0.86
2020-11-05,1551.37,1572.53,1573.12,1551.37,2.66,40.75,1243164,1389073739.0,1.42,1.03
2020-11-06,1586.31,1562.54,1586.31,1552.41,-0.64,-9.99,1694353,1604220046.0,2.16,1.41
2020-11-09,1587.27,1587.91,1598.34,1584.07,1.62,25.37,1935459,1817259706.0,0.91,1.61
2020-11-10,1589.96,1554.88,1589.96,1548.01,-2.08,-33.03,1529725,1449156202.0,2.64,1.27
2020-11-11,1545.99,1531.46,1549.48,1531.46,-1.51,-23.42,1096247,993755837.0,1.16,0.91
2020-11-12,1534.96,1528.97,1537.92,1524.51,-0.16,-2.49,814906,802352472.0,0.88,0.68
2020-11-13,1539.06,1528.04,1539.06,1517.89,-0.06,-0.93,835557,837825623.0,1.38,0.7
2020-11-16,1527.92,1558.6,1558.91,1527.81,2.0,30.56,1096589,1180342123.0,2.04,0.91
2020-11-17,1555.44,1547.98,1555.44,1537.46,-0.68,-10.62,1009588,1018375926.0,1.15,0.84
2020-11-18,1550.94,1581.17,1585.21,1546.57,2.14,33.19,1636188,1741714268.0,2.5,1.36
2020-11-19,1577.03,1570.95,1577.03,1564.42,-0.65,-10.22,1658819,1362144886.0,0.8,1.38
2020-11-20,1570.69,1565.28,1570.69,1555.45,-0.36,-5.67,1121355,1052066980.0,0.97,0.93
2020-11-23,1562.08,1566.07,1569.85,1554.37,0.05,0.79,1199449,1136765776.0,0.99,1.0
2020-11-24,1568.73,1574.09,1574.6,1560.69,0.51,8.02,1288419,1258446944.0,0.89,1.07
2020-11-25,1575.88,1548.37,1575.88,1548.37,-1.63,-25.72,1346304,1333102835.0,1.75,1.12
2020-11-26,1543.68,1532.48,1545.13,1525.64,-1.03,-15.89,957979,973685478.0,1.26,0.8
2020-11-27,1529.32,1534.09,1535.84,1515.34,0.11,1.61,1381230,1285310293.0,1.34,1.15
2020-11-30,1534.0,1521.84,1538.87,1521.04,-0.8,-12.25,1369987,1562983784.0,1.16,1.14
2020-12-01,1523.8,1541.71,1543.28,1523.8,1.31,19.87,1506121,1470529290.0,1.28,1.25
2020-12-02,1537.19,1535.51,1541.17,1531.54,-0.4,-6.2,1104127,1210147248.0,0.62,0.92
2020-12-03,1536.63,1551.35,1556.2,1527.44,1.03,15.84,1904625,1638007295.0,1.87,1.59
2020-12-04,1551.05,1572.36,1575.85,1541.02,1.35,21.01,2107252,1965921313.0,2.25,1.75
2020-12-07,1567.71,1554.38,1568.97,1552.88,-1.14,-17.98,1609484,1367279284.0,1.02,1.34
2020-12-08,1553.44,1558.94,1568.39,1551.72,0.29,4.56,1785214,1447500119.0,1.07,1.49
2020-12-09,1556.3,1525.89,1557.95,1525.89,-2.12,-33.05,2040996,1501826394.0,2.06,1.7
2020-12-10,1519.49,1532.89,1545.45,1513.53,0.46,7.0,1478622,1275543740.0,2.09,1.23
2020-12-11,1535.92,1509.44,1536.93,1500.99,-1.53,-23.45,1484460,1345075485.0,2.34,1.24
2020-12-14,1510.2,1532.94,1544.09,1498.66,1.56,23.5,2305710,1631243042.0,3.01,1.92
2020-12-15,1520.22,1515.13,1522.71,1510.27,-1.16,-17.81,1766271,1320178815.0,0.81,1.47
2020-12-16,1516.42,1521.23,1529.3,1506.76,0.4,6.1,1884629,1301510611.0,1.49,1.57
2020-12-17,1521.23,1540.42,1540.42,1514.85,1.26,19.19,1725399,1306814924.0,1.68,1.44
2020-12-18,1540.39,1522.16,1547.58,1522.16,-1.19,-18.26,2785768,1704683439.0,1.65,2.32
2020-12-21,1513.1,1513.28,1514.25,1496.27,-0.58,-8.88,2358799,1495654749.0,1.18,1.96
2020-12-22,1502.32,1477.13,1507.23,1476.32,-2.39,-36.15,1828637,1401697294.0,2.04,1.52
2020-12-23,1469.11,1468.78,1479.87,1463.86,-0.57,-8.35,1516949,1111508438.0,1.08,1.26
2020-12-24,1465.52,1430.54,1465.52,1420.24,-2.6,-38.24,1570315,1662522793.0,3.08,1.31
2020-12-25,1422.39,1439.51,1458.89,1420.01,0.63,8.97,1444727,1399649226.0,2.72,1.2
2020-12-28,1430.99,1422.07,1437.91,1418.23,-1.21,-17.44,1448925,1408850414.0,1.37,1.21
2020-12-29,1417.98,1411.68,1431.6,1407.14,-0.73,-10.39,1153697,1114367453.0,1.72,0.96
2020-12-30,1408.84,1401.23,1413.21,1396.54,-0.74,-10.45,1240497,1062005273.0,1.18,1.03
2020-12-31,1402.01,1422.6,1427.68,1402.01,1.53,21.37,1361091,1089978973.0,1.83,1.13
2021-01-04,1426.26,1437.32,1441.55,1422.18,1.03,14.72,1510157,1305736972.0,1.36,1.26
2021-01-05,1433.19,1424.75,1437.56,1420.58,-0.87,-12.57,1375359,1107294383.0,1.18,1.14
2021-01-06,1423.41,1433.87,1440.61,1423.41,0.64,9.12,1541394,1330264781.0,1.21,1.28
2021-01-07,1433.24,1371.88,1433.24,1364.74,-4.32,-61.99,1932035,1419768534.0,4.78,1.61
2021-01-08,1364.91,1345.4,1368.88,1323.15,-1.93,-26.48,1414879,1036146452.0,3.33,1.18
2021-01-11,1345.53,1317.41,1345.53,1317.41,-2.08,-27.99,1340549,1064161336.0,2.09,1.12
2021-01-12,1311.95,1324.77,1339.45,1309.79,0.56,7.36,1080579,1001928961.0,2.25,0.9
2021-01-13,1325.85,1291.02,1325.85,1287.39,-2.55,-33.75,1126255,983372528.0,2.9,0.94
2021-01-14,1290.07,1330.72,1332.77,1288.11,3.08,39.7,1503457,1403155426.0,3.46,1.25
2021-01-15,1328.52,1364.25,1367.65,1328.52,2.52,33.53,1464530,1457166778.0,2.94,1.22
2021-01-18,1361.19,1396.96,1400.62,1361.19,2.4,32.71,1394842,1476867975.0,2.89,1.16
2021-01-19,1403.62,1471.37,1481.8,1402.38,5.33,74.41,2154600,2013086136.0,5.69,1.79
2021-01-20,1476.13,1460.33,1480.49,1450.48,-0.75,-11.04,2600359,2074567618.0,2.04,2.16
2021-01-21,1463.63,1489.34,1497.17,1463.63,1.99,29.01,2551448,2212025658.0,2.3,2.12
2021-01-22,1485.24,1522.33,1546.53,1456.8,2.22,32.99,2988771,2405775283.0,6.02,2.49
2021-01-25,1536.92,1517.09,1558.72,1513.21,-0.34,-5.24,3412714,2732174126.0,2.99,2.84
2021-01-26,1493.63,1455.69,1493.63,1455.69,-4.05,-61.4,2434007,1916697535.0,2.5,2.03
2021-01-27,1430.14,1446.06,1453.72,1427.35,-0.66,-9.63,1494736,1249680826.0,1.81,1.24
2021-01-28,1419.32,1466.42,1477.39,1415.43,1.41,20.36,3238683,2115924847.0,4.28,2.7
2021-01-29,1448.92,1419.53,1459.76,1410.43,-3.2,-46.89,2788087,1784734881.0,3.36,2.32
2021-02-01,1395.59,1418.45,1418.45,1390.42,-0.08,-1.08,2272592,1521421815.0,1.97,1.89
2021-02-02,1422.93,1423.24,1427.15,1399.04,0.34,4.79,2569161,2048960143.0,1.98,2.14
2021-02-03,1421.91,1425.86,1441.26,1417.74,0.18,2.62,3039925,2310112343.0,1.65,2.53
2021-02-04,1428.46,1427.62,1441.19,1410.74,0.12,1.76,3253358,2354404505.0,2.14,2.71
2021-02-05,1425.73,1396.76,1425.73,1394.49,-2.16,-30.86,3151261,2180489690.0,2.19,2.62
2021-02-08,1389.83,1359.07,1389.83,1358.65,-2.7,-37.69,2219269,1703104773.0,2.23,1.85
2021-02-09,1364.21,1375.07,1380.47,1355.39,1.18,16.0,2093132,1552985266.0,1.85,1.74
2021-02-10,1375.28,1368.15,1386.18,1363.09,-0.5,-6.92,1898736,1362379000.0,1.68,1.58
2021-02-18,1382.37,1412.08,1414.41,1382.37,3.21,43.93,2262253,1761440413.0,2.34,1.88
2021-02-19,1412.72,1452.07,1454.3,1412.04,2.83,39.99,2280405,1831444476.0,2.99,1.9
2021-02-22,1460.12,1455.68,1492.85,1454.32,0.25,3.61,2810954,2193591610.0,2.65,2.34
2021-02-23,1450.34,1431.99,1455.02,1426.08,-1.63,-23.69,1907038,1472258836.0,1.99,1.59
2021-02-24,1431.98,1448.02,1460.62,1428.73,1.12,16.03,2241966,1584920339.0,2.23,1.87
2021-02-25,1452.14,1435.43,1452.14,1432.81,-0.87,-12.59,2306023,1617272142.0,1.33,1.92
2021-02-26,1420.13,1431.26,1444.37,1420.13,-0.29,-4.17,1575143,1198501684.0,1.69,1.31
2021-03-01,1424.01,1456.28,1456.28,1424.01,1.75,25.02,1883409,1356571110.0,2.25,1.57
2021-03-02,1457.82,1458.49,1468.09,1445.95,0.15,2.21,1694148,1376215465.0,1.52,1.41
2021-03-03,1454.26,1479.45,1480.07,1449.17,1.44,20.96,1525809,1263157597.0,2.12,1.27
2021-03-04,1470.95,1461.92,1473.83,1459.02,-1.18,-17.53,1648458,1226769148.0,1.0,1.37
2021-03-05,1458.26,1492.72,1495.8,1457.31,2.11,30.8,1668150,1609454763.0,2.63,1.39
2021-03-08,1493.77,1485.37,1503.01,1483.17,-0.49,-7.35,1485913,1315153600.0,1.33,1.24
2021-03-09,1490.34,1448.45,1492.24,1434.65,-2.49,-36.92,1650699,1396787540.0,3.88,1.37
2021-03-10,1456.81,1432.88,1466.34,1424.54,-1.07,-15.57,1182655,1109583667.0,2.89,0.98
2021-03-11,1439.86,1452.41,1452.58,1424.11,1.36,19.53,1194311,991598206.0,1.99,0.99
2021-03-12,1454.35,1465.01,1465.01,1439.96,0.87,12.6,1320467,1016843403.0,1.72,1.1
2021-03-15,1446.79,1444.6,1458.12,1433.5,-1.39,-20.41,1150228,998728498.0,1.68,0.96
2021-03-16,1431.62,1465.21,1465.21,1431.62,1.43,20.61,1492520,1233913636.0,2.33,1.24
2021-03-17,1459.21,1464.69,1465.77,1447.07,-0.04,-0.52,1192242,868521836.0,1.28,0.99
2021-03-18,1458.45,1466.18,1472.65,1457.88,0.1,1.49,1161325,979237428.0,1.01,0.97
2021-03-19,1448.96,1460.76,1473.57,1448.66,-0.37,-5.42,1197034,999455248.0,1.7,1.0
2021-03-22,1458.06,1477.91,1479.21,1454.83,1.17,17.15,1309460,1069133917.0,1.67,1.09
2021-03-23,1503.47,1475.91,1525.01,1475.77,-0.14,-2.0,2120357,2111701341.0,3.33,1.76
2021-03-24,1455.35,1434.21,1458.79,1431.74,-2.83,-41.7,2696995,1879778443.0,1.83,2.24
2021-03-25,1416.76,1420.68,1435.26,1410.91,-0.94,-13.53,1464607,962767845.0,1.7,1.22
2021-03-26,1419.56,1434.44,1439.78,1413.61,0.97,13.76,1472442,980001978.0,1.84,1.23
2021-03-29,1428.98,1445.69,1448.03,1423.67,0.78,11.25,1607138,1119579559.0,1.7,1.34
2021-03-30,1436.92,1423.12,1436.92,1419.07,-1.56,-22.57,1479275,1003683846.0,1.23,1.23
2021-03-31,1421.28,1426.27,1426.72,1413.89,0.22,3.15,1268283,771872992.0,0.9,1.06
2021-04-01,1423.5,1437.13,1440.84,1417.68,0.76,10.86,1182018,864168807.0,1.62,0.98
2021-04-02,1437.29,1445.44,1454.4,1433.31,0.58,8.31,1418338,965780827.0,1.47,1.18
2021-04-06,1445.31,1474.22,1477.05,1444.16,1.99,28.78,1584404,1135128138.0,2.28,1.32
2021-04-07,1468.64,1486.74,1487.65,1466.73,0.85,12.52,1964109,1314987013.0,1.42,1.63
2021-04-08,1483.07,1466.83,1487.02,1466.58,-1.34,-19.91,1834349,1288783836.0,1.37,1.53
2021-04-09,1463.03,1472.28,1477.34,1461.66,0.37,5.45,1239497,897243257.0,1.07,1.03
2021-04-12,1469.5,1442.47,1469.5,1438.77,-2.02,-29.81,1212128,877353981.0,2.09,1.01
2021-04-13,1436.39,1429.36,1437.91,1422.22,-0.91,-13.11,1039429,690799863.0,1.09,0.87
2021-04-14,1426.95,1440.76,1443.26,1421.22,0.8,11.4,1077410,721355803.0,1.54,0.9
2021-04-15,1439.94,1441.99,1442.67,1425.84,0.09,1.23,1093838,762936140.0,1.17,0.91
2021-04-16,1440.82,1469.35,1470.62,1440.82,1.9,27.36,1427062,965472008.0,2.07,1.19
2021-04-19,1470.63,1483.97,1485.87,1466.39,0.99,14.62,1403257,985404110.0,1.33,1.17
2021-04-20,1482.92,1473.53,1501.22,1472.1,-0.7,-10.44,1565016,1033003482.0,1.96,1.3
2021-04-21,1470.22,1490.2,1498.38,1470.22,1.13,16.67,1145211,901173846.0,1.91,0.95
2021-04-22,1491.94,1506.87,1508.06,1487.87,1.12,16.67,1789333,1201072329.0,1.35,1.49
2021-04-23,1504.06,1487.96,1504.06,1477.64,-1.25,-18.91,1269844,910971764.0,1.75,1.06
2021-04-26,1484.36,1497.01,1500.84,1474.43,0.61,9.05,1736016,1310546497.0,1.77,1.44
2021-04-27,1486.48,1474.7,1488.61,1465.28,-1.49,-22.31,1236917,926956547.0,1.56,1.03
2021-04-28,1469.84,1476.99,1481.59,1464.08,0.16,2.29,1130765,928927988.0,1.19,0.94
2021-04-29,1475.5,1476.0,1493.77,1475.11,-0.07,-0.99,1132302,979743368.0,1.26,0.94
2021-04-30,1465.13,1456.26,1465.13,1446.44,-1.34,-19.74,1382045,974129765.0,1.27,1.15
2021-05-06,1456.55,1448.62,1466.62,1442.5,-0.52,-7.64,1063543,874925167.0,1.66,0.89
2021-05-07,1446.29,1445.03,1455.57,1439.81,-0.25,-3.59,1047369,731313033.0,1.09,0.87
2021-05-10,1451.08,1438.59,1451.08,1430.95,-0.45,-6.44,1514802,1055999082.0,1.39,1.26
2021-05-11,1429.38,1440.36,1440.36,1423.82,0.12,1.77,1357447,891122444.0,1.15,1.13
2021-05-12,1435.55,1453.15,1453.65,1427.18,0.89,12.79,1093574,779833173.0,1.84,0.91
2021-05-13,1446.79,1445.55,1459.05,1442.74,-0.52,-7.6,961224,683014335.0,1.12,0.8
2021-05-14,1451.61,1452.87,1452.87,1445.33,0.51,7.32,1105426,758390133.0,0.52,0.92
2021-05-17,1450.38,1443.28,1450.38,1437.45,-0.66,-9.59,1149450,906715770.0,0.89,0.96
2021-05-18,1447.19,1447.45,1447.79,1435.61,0.29,4.17,1107802,869520126.0,0.84,0.92
2021-05-19,1451.27,1443.61,1457.23,1439.96,-0.27,-3.84,1029716,852569116.0,1.19,0.86
2021-05-20,1434.98,1439.27,1445.46,1425.53,-0.3,-4.34,1333946,1106517342.0,1.38,1.11
2021-05-21,1439.47,1440.39,1442.56,1432.53,0.08,1.12,1221725,920725731.0,0.7,1.02
2021-05-24,1443.69,1453.67,1455.5,1443.69,0.92,13.28,1364129,975790951.0,0.82,1.14
2021-05-25,1453.2,1452.73,1455.88,1443.33,-0.06,-0.94,1107799,841175515.0,0.86,0.92
2021-05-26,1454.44,1475.07,1475.58,1450.98,1.54,22.34,1521256,1213376073.0,1.69,1.27
2021-05-27,1473.19,1469.97,1476.83,1466.9,-0.35,-5.1,1268236,1070335468.0,0.67,1.06
2021-05-28,1469.71,1452.27,1473.11,1446.07,-1.2,-17.7,1195462,966250114.0,1.84,0.99
2021-05-31,1451.95,1460.93,1460.93,1448.04,0.6,8.66,1010159,849822215.0,0.89,0.84
2021-06-01,1463.21,1482.58,1483.11,1454.95,1.48,21.65,1763777,1535515878.0,1.93,1.47
2021-06-02,1478.87,1463.37,1482.42,1462.06,-1.3,-19.21,1462311,1215976600.0,1.37,1.22
2021-06-03,1461.96,1462.5,1470.25,1461.52,-0.06,-0.87,917479,780189546.0,0.6,0.76
2021-06-04,1459.9,1462.96,1469.18,1458.18,0.03,0.46,1066480,907092825.0,0.75,0.89
2021-06-07,1472.87,1456.01,1472.87,1451.88,-0.48,-6.95,1009932,820287970.0,1.43,0.84
2021-06-08,1455.68,1446.52,1455.68,1440.82,-0.65,-9.49,929821,787053675.0,1.02,0.77
2021-06-09,1448.26,1451.79,1457.59,1440.09,0.36,5.27,761170,628049476.0,1.21,0.63
2021-06-10,1450.72,1454.07,1456.03,1447.98,0.16,2.28,824404,695699276.0,0.55,0.69
2021-06-11,1456.2,1445.49,1456.88,1445.49,-0.59,-8.58,858207,784073194.0,0.78,0.71
2021-06-15,1445.12,1422.49,1445.12,1421.54,-1.59,-23.0,935372,766794943.0,1.63,0.78
2021-06-16,1425.09,1416.02,1425.09,1412.58,-0.45,-6.47,886666,780263297.0,0.88,0.74
2021-06-17,1416.54,1412.75,1422.08,1409.47,-0.23,-3.27,611591,506424421.0,0.89,0.51
2021-06-18,1413.65,1425.55,1425.55,1405.12,0.91,12.8,1110736,777480156.0,1.45,0.92
2021-06-21,1417.4,1435.48,1435.48,1417.12,0.7,9.93,794456,688485937.0,1.29,0.66
2021-06-22,1437.41,1439.8,1441.33,1434.48,0.3,4.32,830575,726341409.0,0.48,0.69
2021-06-23,1439.44,1437.37,1440.45,1433.0,-0.17,-2.43,723498,607461036.0,0.52,0.6
2021-06-24,1435.69,1429.05,1435.69,1425.54,-0.58,-8.32,631939,513509685.0,0.71,0.53
2021-06-25,1430.61,1437.86,1440.34,1424.37,0.62,8.81,682863,590854593.0,1.12,0.57
2021-06-28,1439.21,1445.08,1445.08,1435.28,0.5,7.22,699211,588807909.0,0.68,0.58
2021-06-29,1443.91,1432.44,1443.91,1429.75,-0.87,-12.64,631371,554199775.0,0.98,0.53
2021-06-30,1428.39,1425.56,1429.73,1421.17,-0.48,-6.88,665235,528439125.0,0.6,0.55
2021-07-01,1429.41,1405.35,1429.41,1405.35,-1.42,-20.21,705222,530718625.0,1.69,0.59
2021-07-02,1400.75,1392.97,1403.69,1391.45,-0.88,-12.38,597632,477244665.0,0.87,0.5
2021-07-05,1394.18,1407.44,1408.33,1394.18,1.04,14.47,571254,446093318.0,1.02,0.48
2021-07-06,1409.65,1427.57,1428.47,1406.74,1.43,20.13,1097988,1149723072.0,1.54,0.91
2021-07-07,1423.69,1429.95,1431.22,1422.8,0.17,2.38,966702,905470000.0,0.59,0.8
2021-07-08,1430.15,1413.51,1430.87,1411.07,-1.15,-16.44,817578,773173580.0,1.38,0.68
2021-07-09,1411.75,1416.22,1416.35,1405.54,0.19,2.71,634217,571773152.0,0.76,0.53
2021-07-12,1421.44,1427.89,1433.75,1420.11,0.82,11.67,699604,665036439.0,0.96,0.58
2021-07-13,1429.39,1431.56,1432.01,1422.64,0.26,3.67,707722,680399565.0,0.66,0.59
2021-07-14,1430.42,1429.09,1437.8,1423.93,-0.17,-2.47,813283,774753303.0,0.97,0.68
2021-07-15,1431.13,1415.59,1431.13,1398.79,-0.94,-13.5,987854,868743876.0,2.26,0.82
2021-07-16,1411.28,1408.01,1416.15,1406.46,-0.54,-7.58,738280,657656770.0,0.68,0.61
2021-07-19,1409.52,1391.43,1409.52,1385.77,-1.18,-16.58,725200,588383697.0,1.69,0.6
2021-07-20,1382.36,1386.11,1386.61,1379.48,-0.38,-5.32,546427,455523953.0,0.51,0.45
2021-07-21,1388.56,1389.97,1395.74,1386.03,0.28,3.86,698193,646321852.0,0.7,0.58
2021-07-22,1392.27,1395.94,1399.16,1388.49,0.43,5.97,670112,676132808.0,0.77,0.56
2021-07-23,1393.93,1371.28,1393.93,1369.03,-1.77,-24.66,774170,647146257.0,1.78,0.64
2021-07-26,1369.41,1347.38,1369.41,1337.65,-1.74,-23.9,915475,740277571.0,2.32,0.76
2021-07-27,1349.87,1316.9,1355.97,1316.9,-2.26,-30.48,963168,947420483.0,2.9,0.8
2021-07-28,1316.35,1295.69,1316.35,1276.57,-1.61,-21.21,1034529,888467947.0,3.02,0.86
2021-07-29,1304.38,1301.06,1306.72,1294.62,0.41,5.37,807551,704506787.0,0.93,0.67
2021-07-30,1297.11,1299.72,1302.43,1288.52,-0.1,-1.34,792852,703626360.0,1.07,0.66
2021-08-02,1299.35,1315.69,1316.6,1290.6,1.23,15.97,788086,651302888.0,2.0,0.66
2021-08-03,1315.97,1320.5,1325.96,1312.64,0.37,4.81,848339,685879168.0,1.01,0.71
2021-08-04,1321.13,1318.55,1323.25,1316.24,-0.15,-1.95,663823,601499757.0,0.53,0.55
2021-08-05,1314.78,1300.64,1314.78,1298.26,-1.36,-17.91,753941,683258386.0,1.25,0.63
2021-08-06,1299.37,1285.45,1299.37,1281.64,-1.17,-15.19,725633,639929531.0,1.36,0.6
2021-08-09,1283.19,1309.23,1310.28,1283.19,1.85,23.78,743581,624567540.0,2.11,0.62
2021-08-10,1308.82,1319.83,1319.83,1305.55,0.81,10.6,624829,503854966.0,1.09,0.52
2021-08-11,1319.68,1322.22,1325.41,1315.49,0.18,2.39,705811,500082334.0,0.75,0.59
2021-08-12,1322.79,1321.42,1328.87,1317.19,-0.06,-0.8,749595,605982439.0,0.88,0.62
2021-08-13,1320.83,1317.16,1320.83,1308.32,-0.32,-4.26,613736,475047468.0,0.95,0.51
2021-08-16,1319.25,1334.41,1335.87,1319.25,1.31,17.25,687129,574249595.0,1.26,0.57
2021-08-17,1335.83,1306.65,1335.83,1306.22,-2.08,-27.76,805631,683575598.0,2.22,0.67
2021-08-18,1304.7,1314.98,1315.49,1299.99,0.64,8.33,783977,539947813.0,1.19,0.65
2021-08-19,1313.45,1314.19,1315.64,1303.22,-0.06,-0.79,687456,472508185.0,0.94,0.57
2021-08-20,1312.99,1308.0,1312.99,1296.76,-0.47,-6.19,786386,592994056.0,1.23,0.65
2021-08-23,1306.39,1323.26,1325.13,1306.39,1.17,15.26,829892,671273626.0,1.43,0.69
2021-08-24,1323.94,1328.92,1331.63,1321.47,0.43,5.66,783073,600005404.0,0.77,0.65
2021-08-25,1327.15,1339.95,1342.59,1320.94,0.83,11.03,1114668,683167740.0,1.63,0.93
2021-08-26,1343.35,1347.84,1354.05,1343.28,0.59,7.89,976386,688002879.0,0.8,0.81
2021-08-27,1341.33,1351.47,1353.92,1339.72,0.27,3.63,1007525,756369660.0,1.05,0.84
2021-08-30,1353.0,1353.65,1361.55,1347.63,0.16,2.18,1326062,995367529.0,1.03,1.1
2021-08-31,1352.04,1358.8,1358.88,1343.14,0.38,5.15,1158060,904050521.0,1.16,0.96
2021-09-01,1360.15,1377.88,1378.06,1351.15,1.4,19.08,1394461,1110667776.0,1.98,1.16
2021-09-02,1371.46,1391.64,1393.08,1371.13,1.0,13.76,1456182,1130355471.0,1.59,1.21
2021-09-03,1393.09,1438.92,1439.92,1393.09,3.4,47.28,2795455,2227012175.0,3.37,2.33
2021-09-06,1442.34,1454.89,1454.89,1427.2,1.11,15.97,2247291,1796759082.0,1.92,1.87
2021-09-07,1460.41,1473.54,1473.83,1452.39,1.28,18.65,2041466,1560086732.0,1.47,1.7
2021-09-08,1472.35,1484.43,1484.43,1467.63,0.74,10.89,1865488,1430453321.0,1.14,1.55
2021-09-09,1487.65,1487.96,1497.95,1482.13,0.24,3.53,1985953,1420107811.0,1.07,1.65
2021-09-10,1490.54,1478.98,1498.12,1473.3,-0.6,-8.98,2093213,1604565762.0,1.67,1.74
2021-09-13,1473.61,1495.95,1495.95,1468.23,1.15,16.97,2139095,1580885174.0,1.87,1.78
2021-09-14,1494.37,1473.39,1500.0,1471.14,-1.51,-22.56,1664232,1314387471.0,1.93,1.39
2021-09-15,1455.36,1463.9,1468.05,1451.09,-0.64,-9.49,2015117,1739714693.0,1.15,1.68
2021-09-16,1457.33,1442.6,1474.02,1441.74,-1.46,-21.3,2041149,1665825527.0,2.21,1.7
2021-09-17,1437.94,1427.08,1438.58,1418.35,-1.08,-15.52,1845411,1458909424.0,1.4,1.54
2021-09-22,1413.97,1423.02,1425.44,1410.67,-0.28,-4.06,1788947,1440210058.0,1.03,1.49
2021-09-23,1427.08,1468.52,1468.92,1427.08,3.2,45.5,2499537,1945782636.0,2.94,2.08
2021-09-24,1461.4,1411.97,1461.4,1410.73,-3.85,-56.55,1896586,1554695654.0,3.45,1.58
2021-09-27,1408.62,1361.65,1408.62,1354.56,-3.56,-50.32,1667299,1287546313.0,3.83,1.39
2021-09-28,1359.96,1367.83,1369.37,1353.98,0.45,6.18,1088475,845123474.0,1.13,0.91
2021-09-29,1360.61,1327.24,1360.61,1327.24,-2.97,-40.59,1287737,1040556638.0,2.44,1.07
2021-09-30,1334.86,1353.47,1355.79,1334.86,1.98,26.23,954553,756890760.0,1.58,0.79
2021-10-08,1368.87,1382.77,1384.34,1368.87,2.16,29.3,1212173,845813883.0,1.14,1.01
2021-10-11,1383.39,1385.07,1389.09,1377.09,0.17,2.3,1000653,707499347.0,0.87,0.83
2021-10-12,1384.94,1356.79,1384.94,1347.11,-2.04,-28.28,923994,663546691.0,2.73,0.77
2021-10-13,1369.12,1373.67,1375.98,1351.0,1.24,16.88,1783874,1074918010.0,1.84,1.48
2021-10-14,1372.79,1378.97,1382.36,1364.09,0.39,5.3,1618859,995146591.0,1.33,1.35
2021-10-15,1374.16,1363.14,1375.99,1361.02,-1.15,-15.83,1189736,853460137.0,1.09,0.99
2021-10-18,1361.8,1370.5,1371.36,1358.16,0.54,7.36,1102001,809808182.0,0.97,0.92
2021-10-19,1372.39,1369.17,1376.9,1366.39,-0.1,-1.33,903002,714651586.0,0.77,0.75
2021-10-20,1369.88,1361.55,1369.88,1357.12,-0.56,-7.62,879691,687219797.0,0.93,0.73
2021-10-21,1363.82,1353.49,1363.82,1349.59,-0.59,-8.06,907587,706282309.0,1.05,0.76
2021-10-22,1356.11,1345.3,1359.16,1342.29,-0.61,-8.19,1146355,822351288.0,1.25,0.95
2021-10-25,1341.57,1350.86,1352.13,1334.57,0.41,5.56,843837,700118922.0,1.31,0.7
2021-10-26,1351.07,1351.66,1355.85,1343.54,0.06,0.8,1029699,891925062.0,0.91,0.86
2021-10-27,1351.91,1333.76,1351.91,1328.96,-1.32,-17.9,1091346,1077428006.0,1.7,0.91
2021-10-28,1328.22,1300.91,1328.22,1297.9,-2.46,-32.85,975384,901598637.0,2.27,0.81
2021-10-29,1296.61,1325.82,1327.95,1294.45,1.91,24.91,936363,734280144.0,2.58,0.78
2021-11-01,1328.15,1325.82,1333.95,1313.05,0.0,0.0,942929,808250041.0,1.58,0.78
2021-11-02,1324.99,1314.18,1338.46,1304.56,-0.88,-11.64,1426566,1358764606.0,2.56,1.19
2021-11-03,1316.47,1333.61,1333.64,1316.47,1.48,19.43,1054181,1092889473.0,1.31,0.88
2021-11-04,1334.98,1352.12,1352.12,1328.47,1.39,18.51,1111237,1128776030.0,1.77,0.92
2021-11-05,1351.07,1354.42,1367.21,1348.94,0.17,2.3,1226017,1137343143.0,1.35,1.02
2021-11-08,1353.42,1357.41,1359.36,1346.84,0.22,2.99,968360,825896320.0,0.92,0.81
2021-11-09,1358.02,1363.93,1365.13,1358.02,0.48,6.52,941632,864283827.0,0.52,0.78
2021-11-10,1363.11,1367.31,1369.51,1349.31,0.25,3.38,1035777,921504310.0,1.48,0.86
2021-11-11,1363.86,1396.86,1400.15,1363.76,2.16,29.55,1694100,1350643783.0,2.66,1.41
2021-11-12,1398.02,1445.78,1447.7,1398.02,3.5,48.92,2988039,2840146393.0,3.56,2.49
2021-11-15,1458.63,1470.93,1479.49,1451.27,1.74,25.15,3835088,4001168979.0,1.95,3.19
2021-11-16,1467.0,1445.63,1471.37,1443.69,-1.72,-25.3,2211965,2256516166.0,1.88,1.84
2021-11-17,1442.26,1469.87,1469.87,1442.26,1.68,24.24,1872115,1803138985.0,1.91,1.56
2021-11-18,1458.73,1436.53,1458.73,1436.53,-2.27,-33.34,1630384,1667039949.0,1.51,1.36
2021-11-19,1434.32,1440.0,1444.82,1422.78,0.24,3.47,1468797,1476217521.0,1.53,1.22
2021-11-22,1439.27,1454.95,1457.17,1433.33,1.04,14.95,1654331,1551368338.0,1.66,1.38
2021-11-23,1457.86,1520.54,1522.38,1457.86,4.51,65.59,3773710,2934687979.0,4.43,3.14
2021-11-24,1526.64,1532.5,1538.36,1519.13,0.79,11.96,4283994,3955907348.0,1.26,3.57
2021-11-25,1527.11,1559.76,1563.46,1524.47,1.78,27.26,4252663,3874982750.0,2.54,3.54
2021-11-26,1554.98,1543.49,1562.0,1539.79,-1.04,-16.27,3817836,2881274371.0,1.42,3.18
2021-11-29,1543.61,1573.71,1581.43,1543.61,1.96,30.22,2980388,3429472783.0,2.45,2.48
2021-11-30,1583.96,1596.75,1615.86,1567.89,1.46,23.04,5480924,4428243103.0,3.05,4.56
2021-12-01,1586.96,1662.77,1677.41,1586.96,4.13,66.02,4376128,4245170517.0,5.66,3.64
2021-12-02,1689.31,1645.41,1700.18,1632.88,-1.04,-17.36,7418618,6415233762.0,4.05,6.17
2021-12-03,1647.9,1617.86,1663.83,1616.71,-1.67,-27.55,5867256,4761986222.0,2.86,4.88
2021-12-06,1597.36,1561.45,1597.36,1561.45,-3.49,-56.41,5740457,4618645030.0,2.22,4.78
2021-12-07,1568.32,1521.06,1568.32,1514.13,-2.59,-40.39,4083605,3201963827.0,3.47,3.4
2021-12-08,1517.14,1526.77,1530.89,1508.41,0.38,5.71,3572065,2934915268.0,1.48,2.97
2021-12-09,1532.29,1557.16,1561.28,1526.73,1.99,30.39,4533929,3439653599.0,2.26,3.77
2021-12-10,1549.36,1551.04,1562.77,1534.23,-0.39,-6.12,4246594,3179292581.0,1.83,3.53
2021-12-13,1553.74,1556.79,1567.21,1550.22,0.37,5.75,3422380,2834458991.0,1.1,2.85
2021-12-14,1548.35,1616.18,1617.7,1547.35,3.81,59.39,4197748,3890459923.0,4.52,3.49
2021-12-15,1623.86,1637.4,1654.08,1623.86,1.31,21.22,3544278,3692255625.0,1.87,2.95
2021-12-16,1645.42,1646.75,1658.65,1638.48,0.57,9.35,4094904,4054540134.0,1.23,3.41
2021-12-17,1654.34,1642.41,1654.34,1632.52,-0.26,-4.34,2655725,2574615601.0,1.33,2.21
2021-12-20,1642.19,1645.58,1657.63,1635.62,0.19,3.17,4234770,4599063907.0,1.34,3.52
2021-12-21,1633.34,1650.38,1651.37,1630.06,0.29,4.8,3618720,3764196695.0,1.29,3.01
2021-12-22,1650.94,1687.71,1696.44,1644.57,2.26,37.33,4702134,4933466483.0,3.14,3.91
2021-12-23,1685.81,1658.36,1685.81,1649.48,-1.74,-29.35,3527665,3291581088.0,2.15,2.94
2021-12-24,1653.69,1645.39,1658.19,1632.76,-0.78,-12.97,3934846,3741912303.0,1.53,3.27
2021-12-27,1644.8,1697.82,1701.83,1644.8,3.19,52.43,4563719,4395420321.0,3.47,3.8
2021-12-28,1706.75,1682.86,1711.53,1681.99,-0.88,-14.96,5425792,4930942384.0,1.74,4.52
2021-12-29,1671.2,1685.63,1694.43,1659.01,0.16,2.77,4255603,3663120976.0,2.1,3.54
2021-12-30,1691.02,1733.3,1742.29,1690.66,2.83,47.67,4793088,4577388747.0,3.06,3.99
2021-12-31,1739.83,1728.49,1743.67,1715.91,-0.28,-4.81,5233937,4814394379.0,1.6,4.36
2022-01-04,1722.45,1779.5,1779.5,1719.25,2.95,51.01,4971787,4475469609.0,3.49,4.14
2022-01-05,1768.53,1738.01,1768.53,1724.21,-2.33,-41.49,4090854,3829496942.0,2.49,3.4
2022-01-06,1716.37,1763.14,1770.75,1708.09,1.45,25.13,6332347,5898899275.0,3.61,5.27
2022-01-07,1757.64,1717.3,1760.0,1716.48,-2.6,-45.84,5098171,4653493078.0,2.47,4.24
2022-01-10,1711.12,1740.81,1740.95,1695.84,1.37,23.51,3555477,3259262291.0,2.63,2.96
2022-01-11,1743.76,1746.34,1755.56,1736.5,0.32,5.53,3032042,2734690113.0,1.09,2.52
2022-01-12,1753.23,1814.03,1815.02,1746.72,3.88,67.69,5594958,5585067919.0,3.91,4.66
2022-01-13,1807.36,1784.15,1807.36,1784.08,-1.65,-29.88,4935800,4801382894.0,1.28,4.11
2022-01-14,1781.35,1767.63,1793.06,1757.68,-0.93,-16.52,5273802,4307850171.0,1.98,4.39
2022-01-17,1768.74,1782.82,1794.81,1768.74,0.86,15.19,4415512,4211330882.0,1.47,3.67
2022-01-18,1780.38,1742.6,1780.38,1732.27,-2.26,-40.22,4462182,4230130700.0,2.7,3.71
2022-01-19,1731.08,1730.54,1742.66,1715.82,-0.69,-12.06,3508446,3234217590.0,1.54,2.92
2022-01-20,1730.05,1674.42,1731.72,1672.77,-3.24,-56.12,3008037,2599826516.0,3.41,2.5
2022-01-21,1668.46,1660.61,1681.76,1655.88,-0.82,-13.81,3354551,2679436901.0,1.55,2.79
2022-01-24,1650.98,1626.36,1654.94,1623.18,-2.06,-34.25,3215108,2909374004.0,1.91,2.68
2022-01-25,1620.3,1553.22,1620.3,1549.11,-4.5,-73.14,2832105,2369261830.0,4.38,2.36
2022-01-26,1560.63,1566.48,1573.46,1548.13,0.85,13.26,2358202,2142589406.0,1.63,1.96
2022-01-27,1567.94,1519.29,1567.94,1518.56,-3.01,-47.19,3090276,2733568632.0,3.15,2.57
2022-01-28,1532.39,1543.31,1554.88,1513.45,1.58,24.02,3057472,2247363538.0,2.73,2.54
2022-02-07,1561.76,1561.47,1575.85,1544.29,1.18,18.16,3027030,2387038393.0,2.04,2.52
2022-02-08,1565.32,1587.73,1593.77,1563.08,1.68,26.26,1933483,1609770011.0,1.97,1.61
2022-02-09,1595.96,1597.71,1602.13,1579.75,0.63,9.98,3358748,2760580268.0,1.41,2.8
2022-02-10,1597.36,1616.36,1619.52,1589.06,1.17,18.65,3454404,3049819715.0,1.91,2.87
2022-02-11,1608.19,1566.09,1610.62,1563.77,-3.11,-50.27,2985462,2582217223.0,2.9,2.48
2022-02-14,1561.5,1569.39,1581.46,1555.6,0.21,3.3,1871882,1698134657.0,1.65,1.56
2022-02-15,1571.79,1572.7,1584.17,1557.18,0.21,3.31,1502380,1313538449.0,1.72,1.25
2022-02-16,1579.05,1587.1,1588.05,1578.15,0.92,14.4,1449069,1333955490.0,0.63,1.21
2022-02-17,1582.82,1574.04,1594.2,1572.05,-0.82,-13.06,2011398,1650777451.0,1.4,1.67
2022-02-18,1567.68,1574.83,1575.61,1556.58,0.05,0.79,1516404,1231575483.0,1.21,1.26
2022-02-21,1577.11,1597.11,1597.84,1570.85,1.41,22.28,1787693,1321267152.0,1.71,1.49
2022-02-22,1585.77,1568.92,1585.77,1559.05,-1.77,-28.19,2098402,1785376607.0,1.67,1.75
2022-02-23,1569.4,1589.62,1590.05,1567.85,1.32,20.7,2008070,1814807042.0,1.41,1.67
2022-02-24,1583.15,1541.42,1591.21,1522.61,-3.03,-48.2,2442504,1949870230.0,4.32,2.03
2022-02-25,1549.07,1563.99,1575.76,1549.07,1.46,22.57,1581069,1429102546.0,1.73,1.32
2022-02-28,1561.94,1554.77,1561.94,1528.74,-0.59,-9.22,1268319,1078705673.0,2.12,1.06
2022-03-01,1557.17,1552.07,1562.72,1545.26,-0.17,-2.7,1386201,1321892861.0,1.12,1.15
2022-03-02,1544.88,1561.3,1562.06,1538.65,0.59,9.23,1510752,1269854507.0,1.51,1.26
2022-03-03,1563.52,1557.13,1565.65,1551.54,-0.27,-4.17,1411047,1086528076.0,0.9,1.17
2022-03-04,1556.98,1549.82,1561.87,1542.92,-0.47,-7.31,1545239,1121183559.0,1.22,1.29
2022-03-07,1546.01,1534.41,1553.42,1525.87,-0.99,-15.41,1903750,1362079897.0,1.78,1.58
2022-03-08,1529.82,1476.21,1529.82,1470.06,-3.79,-58.2,1818418,1325079593.0,3.89,1.51
2022-03-09,1480.33,1466.15,1489.21,1402.64,-0.68,-10.06,2041883,1431683148.0,5.86,1.7
2022-03-10,1490.24,1488.67,1505.16,1483.53,1.54,22.52,1516490,1132496886.0,1.48,1.26
2022-03-11,1476.97,1498.17,1502.06,1454.02,0.64,9.5,1525660,1125348337.0,3.23,1.27
2022-03-14,1504.51,1471.92,1513.17,1471.92,-1.75,-26.25,2719141,2489109305.0,2.75,2.26
2022-03-15,1443.25,1388.83,1447.37,1388.83,-5.65,-83.09,2749939,2217637559.0,3.98,2.29
2022-03-16,1407.5,1431.11,1433.73,1370.59,3.04,42.28,2371344,1932006653.0,4.55,1.97
2022-03-17,1440.25,1450.81,1472.15,1438.54,1.38,19.7,2296000,1814264463.0,2.35,1.91
2022-03-18,1446.35,1476.54,1479.57,1446.35,1.77,25.73,1940621,1414374233.0,2.29,1.62
2022-03-21,1480.96,1497.86,1500.03,1476.13,1.44,21.32,1871947,1384751723.0,1.62,1.56
2022-03-22,1494.36,1503.57,1508.19,1478.34,0.38,5.71,1996302,1443316110.0,1.99,1.66
2022-03-23,1503.04,1500.76,1510.28,1496.91,-0.19,-2.81,2507736,1883966755.0,0.89,2.09
2022-03-24,1492.58,1477.99,1492.58,1476.15,-1.52,-22.77,1807697,1361372965.0,1.09,1.5
2022-03-25,1485.53,1514.69,1536.27,1485.53,2.48,36.7,2881933,2064618070.0,3.43,2.4
2022-03-28,1522.23,1529.89,1540.74,1506.83,1.0,15.2,4211543,2858974637.0,2.24,3.51
2022-03-29,1521.71,1495.62,1521.71,1486.04,-2.24,-34.27,2879780,1963789302.0,2.33,2.4
2022-03-30,1493.58,1520.0,1525.03,1490.2,1.63,24.38,2698760,1859328914.0,2.33,2.25
2022-03-31,1515.56,1525.12,1534.07,1505.72,0.34,5.12,2861276,1987562110.0,1.87,2.38
2022-04-01,1511.87,1513.42,1517.12,1495.31,-0.77,-11.7,2342920,1857034707.0,1.43,1.95
2022-04-06,1496.66,1516.46,1522.89,1496.66,0.2,3.04,2147887,1634271297.0,1.73,1.79
2022-04-07,1507.91,1463.7,1507.91,1463.7,-3.48,-52.76,2324728,1626809156.0,2.92,1.93
2022-04-08,1467.12,1449.79,1467.63,1438.03,-0.95,-13.91,1745088,1192177848.0,2.02,1.45
2022-04-11,1444.68,1421.03,1450.91,1410.51,-1.98,-28.76,1609111,1113429119.0,2.79,1.34
2022-04-12,1417.75,1465.74,1465.74,1412.21,3.15,44.71,1842828,1292531035.0,3.77,1.53
2022-04-13,1482.61,1436.8,1482.61,1436.8,-1.97,-28.94,2422974,1794713730.0,3.13,2.02
2022-04-14,1433.54,1434.13,1444.95,1430.55,-0.19,-2.67,1755661,1224086667.0,1.0,1.46
2022-04-15,1426.0,1392.02,1426.0,1389.5,-2.94,-42.11,1714813,1007380709.0,2.55,1.43
2022-04-18,1381.85,1396.9,1397.38,1365.14,0.35,4.88,1408181,803165492.0,2.32,1.17
2022-04-19,1383.53,1400.95,1404.26,1380.81,0.29,4.05,2636981,2085162465.0,1.68,2.19
2022-04-20,1407.99,1402.14,1430.02,1393.02,0.08,1.19,3019800,2567102981.0,2.64,2.51
2022-04-21,1398.58,1352.03,1405.17,1347.87,-3.57,-50.11,3014406,2338159308.0,4.09,2.51
2022-04-22,1349.06,1353.49,1369.18,1332.76,0.11,1.46,2098977,1714941640.0,2.69,1.75
2022-04-25,1332.78,1250.67,1333.47,1250.46,-7.6,-102.82,2389009,1605936978.0,6.13,1.99
2022-04-26,1255.2,1209.09,1264.31,1206.26,-3.32,-41.58,2066111,1370391640.0,4.64,1.72
2022-04-27,1189.72,1237.3,1237.47,1164.93,2.33,28.21,1937671,1296357817.0,6.0,1.61
2022-04-28,1227.87,1209.05,1238.35,1190.63,-2.28,-28.25,1662096,1218813623.0,3.86,1.38
2022-04-29,1223.3,1268.58,1274.82,1221.36,4.92,59.53,1922456,1332406069.0,4.42,1.6
2022-05-05,1261.23,1278.81,1286.72,1251.25,0.81,10.23,1874076,1397182589.0,2.8,1.56
2022-05-06,1248.98,1272.37,1279.65,1242.28,-0.5,-6.44,2128262,1316637203.0,2.92,1.77
2022-05-09,1273.58,1332.82,1342.38,1273.58,4.75,60.45,2183662,1509817881.0,5.41,1.82
2022-05-10,1316.37,1333.76,1337.26,1313.06,0.07,0.94,2303125,1533851967.0,1.82,1.92
2022-05-11,1327.02,1319.46,1352.29,1319.46,-1.07,-14.3,2604917,1834006156.0,2.46,2.17
2022-05-12,1311.66,1327.41,1331.92,1310.52,0.6,7.95,1957436,1303436469.0,1.62,1.63
2022-05-13,1331.12,1326.12,1342.17,1315.77,-0.1,-1.29,1367682,967944972.0,1.99,1.14
2022-05-16,1333.11,1344.14,1346.8,1330.19,1.36,18.02,1534388,1189145072.0,1.25,1.28
2022-05-17,1343.88,1336.13,1343.88,1311.06,-0.6,-8.01,1559582,1131391298.0,2.44,1.3
2022-05-18,1338.5,1338.78,1349.36,1335.46,0.2,2.65,1420692,1044530832.0,1.04,1.18
2022-05-19,1326.37,1335.88,1335.88,1324.41,-0.22,-2.9,1668039,1127204814.0,0.86,1.39
2022-05-20,1337.39,1352.0,1364.38,1337.39,1.21,16.12,2755640,2124352617.0,2.02,2.29
2022-05-23,1349.54,1360.56,1362.67,1346.47,0.63,8.56,2308216,1615977243.0,1.2,1.92
2022-05-24,1360.01,1292.22,1360.01,1292.22,-5.02,-68.34,2193021,1502602574.0,4.98,1.83
2022-05-25,1292.24,1315.68,1317.32,1292.24,1.82,23.46,1292357,861546664.0,1.94,1.08
2022-05-26,1324.97,1321.12,1324.97,1292.97,0.41,5.44,1177928,849873678.0,2.43,0.98
2022-05-27,1323.06,1313.09,1328.41,1301.91,-0.61,-8.03,1671406,1218351668.0,2.01,1.39
2022-05-30,1309.84,1312.18,1314.7,1295.53,-0.07,-0.91,1534202,1106211083.0,1.46,1.28
2022-05-31,1315.18,1345.6,1345.83,1300.56,2.55,33.42,3110266,1948630435.0,3.45,2.59
2022-06-01,1341.99,1341.2,1356.11,1330.16,-0.33,-4.4,2683041,1733504619.0,1.93,2.23
2022-06-02,1338.66,1338.64,1340.1,1317.66,-0.19,-2.56,1666852,1086361361.0,1.67,1.39
2022-06-06,1339.72,1367.69,1369.97,1336.71,2.17,29.05,2454672,1726618782.0,2.48,2.04
2022-06-07,1370.08,1383.54,1390.7,1358.85,1.16,15.85,4435397,2924050817.0,2.33,3.69
2022-06-08,1381.46,1374.5,1390.22,1356.71,-0.65,-9.04,3793853,2419828606.0,2.42,3.16
2022-06-09,1371.12,1353.63,1374.96,1348.08,-1.52,-20.87,2479122,1649667898.0,1.96,2.06
2022-06-10,1348.78,1379.26,1381.62,1348.36,1.89,25.63,3072055,1968422722.0,2.46,2.56
2022-06-13,1376.34,1408.81,1414.51,1368.06,2.14,29.55,4405292,2911016542.0,3.37,3.67
2022-06-14,1393.55,1397.64,1397.71,1361.22,-0.79,-11.17,3808138,2537888836.0,2.59,3.17
2022-06-15,1395.32,1392.77,1410.08,1389.25,-0.35,-4.87,3451085,2261498360.0,1.49,2.87
2022-06-16,1401.62,1426.51,1429.67,1401.62,2.42,33.74,3151102,2157524431.0,2.01,2.62
2022-06-17,1423.19,1415.99,1429.71,1405.04,-0.74,-10.52,2676452,1874119231.0,1.73,2.23
2022-06-20,1408.74,1424.77,1428.31,1406.89,0.62,8.78,2472912,1760141810.0,1.51,2.06
2022-06-21,1419.42,1408.84,1419.42,1394.28,-1.12,-15.93,2067272,1435166595.0,1.76,1.72
2022-06-22,1408.22,1381.39,1408.22,1381.39,-1.95,-27.45,1604033,1112736801.0,1.9,1.33
2022-06-23,1383.06,1402.17,1402.3,1375.29,1.5,20.78,1567416,1094570740.0,1.96,1.3
2022-06-24,1401.99,1403.89,1409.0,1396.78,0.12,1.72,1777012,1193704914.0,0.87,1.48
2022-06-27,1405.56,1440.75,1440.75,1400.37,2.63,36.86,3774733,2680370544.0,2.88,3.14
2022-06-28,1441.03,1467.26,1468.69,1429.93,1.84,26.51,3823894,2510390834.0,2.69,3.18
2022-06-29,1463.55,1437.15,1470.28,1437.15,-2.05,-30.11,3660613,2567380753.0,2.26,3.05
2022-06-30,1436.48,1436.04,1448.18,1432.46,-0.08,-1.11,2250250,1586837904.0,1.09,1.87
2022-07-01,1434.6,1430.37,1434.6,1419.37,-0.39,-5.67,2566996,2073861765.0,1.06,2.14
2022-07-04,1426.92,1448.51,1448.51,1420.87,1.27,18.14,2030003,1529139659.0,1.93,1.69
2022-07-05,1446.44,1430.55,1452.11,1417.58,-1.24,-17.96,1772775,1271959060.0,2.38,1.48
2022-07-06,1425.18,1416.24,1426.23,1406.91,-1.0,-14.31,1356454,994743993.0,1.35,1.13
2022-07-07,1417.59,1418.64,1430.49,1414.15,0.17,2.4,1316940,951685591.0,1.15,1.1
2022-07-08,1420.99,1422.36,1427.09,1418.25,0.26,3.72,1260795,877873660.0,0.62,1.05
2022-07-11,1421.52,1406.17,1421.52,1398.9,-1.14,-16.19,1317130,959115883.0,1.59,1.1
2022-07-12,1405.23,1387.51,1405.23,1386.61,-1.33,-18.66,1177751,829276229.0,1.32,0.98
2022-07-13,1391.76,1410.88,1410.88,1389.54,1.68,23.37,1358655,945943842.0,1.54,1.13
2022-07-14,1408.23,1413.76,1414.22,1405.25,0.2,2.88,1144965,880516327.0,0.64,0.95
2022-07-15,1415.59,1379.1,1415.59,1378.98,-2.45,-34.66,1645250,1151093921.0,2.59,1.37
2022-07-18,1382.59,1418.16,1423.02,1382.59,2.83,39.06,2133254,1607772755.0,2.93,1.78
2022-07-19,1420.63,1437.38,1439.19,1418.36,1.36,19.22,1848980,1380930085.0,1.47,1.54
2022-07-20,1443.73,1454.96,1460.81,1439.5,1.22,17.58,1616506,1303831417.0,1.48,1.35
2022-07-21,1461.94,1449.61,1466.12,1449.14,-0.37,-5.35,1904220,1425165565.0,1.17,1.58
2022-07-22,1448.92,1439.08,1457.61,1425.54,-0.73,-10.53,1867903,1354918122.0,2.21,1.55
2022-07-25,1444.38,1447.62,1455.67,1440.04,0.59,8.54,1446546,1022885596.0,1.09,1.2
2022-07-26,1456.74,1474.41,1474.41,1438.09,1.85,26.79,2431348,1582226888.0,2.51,2.02
2022-07-27,1488.19,1502.11,1508.36,1488.19,1.88,27.7,4254512,2920868028.0,1.37,3.54
2022-07-28,1499.01,1504.16,1514.53,1496.55,0.14,2.05,3645326,2538233121.0,1.2,3.03
2022-07-29,1501.56,1483.86,1502.68,1483.57,-1.35,-20.3,2238664,1609897501.0,1.27,1.86
2022-08-01,1481.58,1473.53,1482.25,1467.88,-0.7,-10.33,1754808,1252207927.0,0.97,1.46
2022-08-02,1462.59,1396.3,1462.59,1385.16,-5.24,-77.23,2531631,1661236650.0,5.25,2.11
2022-08-03,1396.32,1384.78,1423.52,1381.38,-0.83,-11.52,1658145,1106974088.0,3.02,1.38
2022-08-04,1393.45,1417.14,1417.14,1393.45,2.34,32.36,1526552,1053587729.0,1.71,1.27
2022-08-05,1418.97,1433.31,1433.86,1413.7,1.14,16.17,1450746,1040125141.0,1.42,1.21
2022-08-08,1433.6,1447.47,1448.16,1425.2,0.99,14.16,1259248,889569150.0,1.6,1.05
2022-08-09,1448.66,1437.17,1449.94,1431.74,-0.71,-10.3,1289798,875906736.0,1.26,1.07
2022-08-10,1436.47,1445.14,1449.46,1426.13,0.55,7.97,1153243,822203818.0,1.62,0.96
2022-08-11,1449.31,1469.15,1470.85,1449.31,1.66,24.01,1629845,1204076956.0,1.49,1.36
2022-08-12,1469.68,1483.68,1489.95,1467.63,0.99,14.53,2471774,1822210379.0,1.52,2.06
2022-08-15,1481.72,1488.74,1492.0,1469.93,0.34,5.06,2021921,1464067681.0,1.49,1.68
2022-08-16,1488.9,1494.71,1496.34,1482.78,0.4,5.97,1543230,1206602065.0,0.91,1.28
2022-08-17,1497.73,1492.47,1502.07,1487.29,-0.15,-2.24,1382101,1082531101.0,0.99,1.15
2022-08-18,1490.75,1483.7,1490.75,1475.63,-0.59,-8.77,1324480,977541367.0,1.01,1.1
2022-08-19,1485.27,1476.04,1506.1,1476.04,-0.52,-7.66,1483425,1130449043.0,2.03,1.23
2022-08-22,1478.33,1491.7,1492.86,1476.96,1.06,15.66,1816425,1391174791.0,1.08,1.51
2022-08-23,1491.85,1496.91,1496.91,1484.94,0.35,5.21,1425691,1059924104.0,0.8,1.19
2022-08-24,1498.48,1462.02,1498.48,1460.36,-2.33,-34.89,1937954,1373909753.0,2.55,1.61
2022-08-25,1468.26,1455.49,1469.28,1430.79,-0.45,-6.53,1578347,1201283271.0,2.63,1.31
2022-08-26,1465.59,1453.92,1474.95,1449.53,-0.11,-1.57,1556742,1141105007.0,1.75,1.3
2022-08-29,1436.92,1472.41,1473.58,1428.53,1.27,18.49,1462805,1048805168.0,3.1,1.22
2022-08-30,1473.05,1491.12,1497.33,1473.05,1.27,18.71,2115459,1662168894.0,1.65,1.76
2022-08-31,1488.49,1447.29,1488.49,1446.39,-2.94,-43.83,1691745,1311424930.0,2.82,1.41
2022-09-01,1449.56,1455.36,1474.43,1447.23,0.56,8.07,1484205,1147783552.0,1.88,1.24
2022-09-02,1463.46,1488.9,1489.58,1461.77,2.3,33.54,1837579,1525555301.0,1.91,1.53
2022-09-05,1480.84,1479.52,1485.29,1468.42,-0.63,-9.38,2118839,2015067342.0,1.13,1.76
2022-09-06,1483.94,1490.11,1492.58,1472.08,0.72,10.59,1943043,1732547536.0,1.39,1.62
2022-09-07,1486.46,1486.5,1492.92,1478.94,-0.24,-3.61,1610564,1374654203.0,0.94,1.34
2022-09-08,1489.36,1474.44,1489.36,1474.02,-0.81,-12.06,2181582,1806668852.0,1.03,1.82
2022-09-09,1475.2,1474.39,1480.19,1470.09,0.0,-0.05,1733706,1483271528.0,0.69,1.44
2022-09-13,1483.23,1502.97,1510.89,1483.23,1.94,28.58,1675289,1325917850.0,1.88,1.39
2022-09-14,1486.06,1497.47,1500.93,1478.58,-0.37,-5.5,1912300,1774379377.0,1.49,1.59
2022-09-15,1487.26,1462.32,1490.1,1444.67,-2.35,-35.15,2338869,2023022840.0,3.03,1.95
2022-09-16,1453.25,1431.95,1454.53,1431.95,-2.08,-30.37,2135153,1876341186.0,1.54,1.78
2022-09-19,1429.43,1402.35,1429.43,1393.08,-2.07,-29.6,1909538,1668188338.0,2.54,1.59
2022-09-20,1411.7,1415.77,1424.87,1408.21,0.96,13.42,1787845,1545691593.0,1.19,1.49
2022-09-21,1411.01,1414.78,1419.81,1391.49,-0.07,-0.99,1418530,1119700566.0,2.0,1.18
2022-09-22,1404.77,1397.51,1417.57,1396.62,-1.22,-17.27,1437422,1145164088.0,1.48,1.2
2022-09-23,1397.85,1373.92,1401.11,1363.93,-1.69,-23.59,1767032,1215344001.0,2.66,1.47
2022-09-26,1361.66,1331.35,1362.13,1330.45,-3.1,-42.57,1554816,1055012780.0,2.31,1.29
2022-09-27,1333.75,1376.31,1376.31,1332.88,3.38,44.96,1660989,1233644933.0,3.26,1.38
2022-09-28,1374.39,1348.63,1379.32,1346.71,-2.01,-27.68,1349362,1049004515.0,2.37,1.12
2022-09-29,1364.25,1325.47,1364.25,1317.08,-1.72,-23.16,1590921,1202391388.0,3.5,1.32
2022-09-30,1326.75,1308.94,1328.97,1305.01,-1.25,-16.53,1155684,858002320.0,1.81,0.96
2022-10-10,1314.55,1290.55,1321.19,1288.41,-1.4,-18.39,1416567,1054919292.0,2.5,1.18
2022-10-11,1293.76,1289.27,1293.76,1270.21,-0.1,-1.28,1446404,1079698386.0,1.82,1.2
2022-10-12,1290.97,1319.0,1319.0,1273.65,2.31,29.73,1316576,1009313030.0,3.52,1.1
2022-10-13,1315.72,1335.52,1343.93,1314.95,1.25,16.52,1495621,1118846277.0,2.2,1.24
2022-10-14,1349.0,1363.88,1364.05,1349.0,2.12,28.36,1610431,1108075041.0,1.13,1.34
2022-10-17,1358.64,1381.61,1384.87,1358.64,1.3,17.73,1494808,1179618848.0,1.92,1.24
2022-10-18,1382.03,1386.61,1392.85,1375.51,0.36,5.0,1322033,1137161994.0,1.26,1.1
2022-10-19,1393.65,1380.19,1396.08,1377.38,-0.46,-6.42,1359635,1031181181.0,1.35,1.13
2022-10-20,1381.7,1370.36,1389.11,1370.27,-0.71,-9.83,2272566,1403516046.0,1.37,1.89
2022-10-21,1371.27,1370.29,1380.86,1361.17,-0.01,-0.07,1798625,1187699209.0,1.44,1.5
2022-10-24,1374.06,1354.17,1384.99,1345.51,-1.18,-16.12,1937705,1284796211.0,2.88,1.61
2022-10-25,1348.81,1349.62,1358.21,1326.19,-0.34,-4.55,1723022,1145300496.0,2.36,1.43
2022-10-26,1384.55,1393.46,1404.99,1384.55,3.25,43.84,3635275,2478155980.0,1.51,3.03
2022-10-27,1392.92,1415.19,1435.5,1385.93,1.56,21.73,5050194,3399287006.0,3.56,4.2
2022-10-28,1402.21,1349.24,1402.21,1342.82,-4.66,-65.95,4141965,2685394560.0,4.2,3.45
2022-10-31,1342.79,1346.09,1356.85,1329.99,-0.23,-3.15,2586779,1700107996.0,1.99,2.15
2022-11-01,1347.67,1369.04,1369.63,1341.5,1.7,22.95,2444065,1655612731.0,2.09,2.03
2022-11-02,1366.78,1383.64,1385.99,1366.78,1.07,14.6,2737667,1807358058.0,1.4,2.28
2022-11-03,1371.54,1375.83,1380.78,1368.26,-0.56,-7.81,1951124,1406427778.0,0.9,1.62
2022-11-04,1375.46,1391.49,1394.88,1375.43,1.14,15.66,2409860,1696232249.0,1.41,2.01
2022-11-07,1389.97,1400.69,1400.69,1382.45,0.66,9.2,2119163,1544973275.0,1.31,1.76
2022-11-08,1401.18,1406.44,1406.87,1392.59,0.41,5.75,1838215,1352867138.0,1.02,1.53
2022-11-09,1405.21,1433.59,1439.86,1405.06,1.93,27.15,3150530,2053249999.0,2.47,2.62
2022-11-10,1430.5,1440.69,1445.87,1429.3,0.5,7.1,3293166,2121470195.0,1.16,2.74
2022-11-11,1454.02,1449.75,1469.01,1444.34,0.63,9.06,3550480,2506217326.0,1.71,2.95
2022-11-14,1449.22,1439.2,1454.45,1432.8,-0.73,-10.55,2279768,1705097655.0,1.49,1.9
2022-11-15,1440.25,1448.97,1448.97,1428.1,0.68,9.77,2093340,1559148338.0,1.45,1.74
2022-11-16,1447.34,1464.08,1475.3,1447.34,1.04,15.11,3548762,2327433053.0,1.93,2.95
2022-11-17,1460.33,1459.44,1460.33,1447.69,-0.32,-4.64,2664375,1682210875.0,0.86,2.22
2022-11-18,1463.37,1460.52,1478.08,1459.97,0.07,1.08,2937670,1941469549.0,1.24,2.44
2022-11-21,1451.25,1460.41,1460.52,1445.85,-0.01,-0.11,1894190,1299882389.0,1.0,1.58
2022-11-22,1460.59,1456.3,1475.95,1450.83,-0.28,-4.11,2185429,1498806559.0,1.72,1.82
2022-11-23,1454.44,1438.45,1454.44,1420.53,-1.23,-17.85,1934384,1323866696.0,2.33,1.61
2022-11-24,1444.12,1446.03,1454.85,1437.05,0.53,7.58,1485795,1048680908.0,1.24,1.24
2022-11-25,1443.68,1435.72,1445.24,1433.45,-0.71,-10.31,1314700,1104143865.0,0.82,1.09
2022-11-28,1425.7,1423.51,1426.43,1410.88,-0.85,-12.21,1311424,1017648414.0,1.08,1.09
2022-11-29,1424.79,1440.9,1442.38,1424.79,1.22,17.39,1491300,1164892827.0,1.24,1.24
2022-11-30,1443.43,1438.71,1443.43,1428.37,-0.15,-2.19,1251909,1022931141.0,1.05,1.04
2022-12-01,1441.6,1451.99,1454.18,1440.32,0.92,13.28,1775153,1273768281.0,0.96,1.48
2022-12-02,1450.78,1464.15,1468.02,1450.78,0.84,12.16,1801847,1318407047.0,1.19,1.5
2022-12-05,1472.72,1456.45,1475.31,1452.64,-0.53,-7.7,1944875,1452669596.0,1.55,1.62
2022-12-06,1455.97,1437.6,1455.97,1432.23,-1.29,-18.85,1957701,1488540230.0,1.63,1.63
2022-12-07,1433.27,1436.16,1441.17,1423.31,-0.1,-1.44,1971380,1428043931.0,1.24,1.64
2022-12-08,1436.75,1433.59,1438.02,1425.81,-0.18,-2.57,1578760,1109899259.0,0.85,1.31
2022-12-09,1433.68,1433.52,1439.43,1425.0,0.0,-0.07,1674373,1255447985.0,1.01,1.39
2022-12-12,1432.89,1429.65,1432.89,1420.8,-0.27,-3.87,1992430,1432725558.0,0.84,1.66
2022-12-13,1433.45,1429.05,1433.45,1417.91,-0.04,-0.6,2454144,1503743311.0,1.09,2.04
2022-12-14,1426.75,1426.49,1433.16,1422.34,-0.18,-2.56,1789074,1286432157.0,0.76,1.49
2022-12-15,1424.6,1421.34,1433.11,1416.88,-0.36,-5.15,1486095,1029869286.0,1.14,1.24
2022-12-16,1412.55,1409.37,1424.2,1407.62,-0.84,-11.97,1657392,1241054732.0,1.17,1.38
2022-12-19,1405.28,1372.38,1408.39,1368.83,-2.62,-36.99,1888620,1433207250.0,2.81,1.57
2022-12-20,1369.9,1356.58,1369.9,1349.85,-1.15,-15.8,1108392,837233694.0,1.46,0.92
2022-12-21,1357.73,1353.45,1360.94,1346.68,-0.23,-3.13,995749,709002078.0,1.05,0.83
2022-12-22,1358.94,1356.8,1378.39,1356.15,0.25,3.35,2058193,1330372448.0,1.64,1.71
2022-12-23,1358.41,1359.44,1375.36,1353.25,0.19,2.64,2333842,1647529998.0,1.63,1.94
2022-12-26,1359.82,1376.47,1377.37,1359.82,1.25,17.03,3271124,2358609685.0,1.29,2.72
2022-12-27,1379.27,1390.07,1390.07,1372.73,0.99,13.6,2794195,2087748317.0,1.26,2.33
2022-12-28,1389.86,1377.77,1390.07,1373.63,-0.88,-12.3,3615343,2803454855.0,1.18,3.01
2022-12-29,1373.28,1364.8,1379.26,1363.32,-0.94,-12.97,2885625,2236112086.0,1.16,2.4
2022-12-30,1368.73,1365.76,1368.76,1362.2,0.07,0.96,2576481,1968765071.0,0.48,2.14
2023-01-03,1361.55,1387.25,1389.67,1359.74,1.57,21.49,2522261,1873107614.0,2.19,2.1
2023-01-04,1380.65,1405.85,1417.7,1380.65,1.34,18.6,2843060,2059779431.0,2.67,2.37
2023-01-05,1408.92,1418.58,1419.8,1398.53,0.91,12.73,2712411,1871901409.0,1.51,2.26
2023-01-06,1420.65,1410.91,1426.24,1408.47,-0.54,-7.67,2083543,1521786491.0,1.25,1.73
2023-01-09,1414.92,1416.22,1420.59,1409.65,0.38,5.31,1877555,1387549731.0,0.78,1.56
2023-01-10,1416.0,1402.48,1416.0,1398.76,-0.97,-13.74,1584885,1183285501.0,1.22,1.32
2023-01-11,1403.14,1388.38,1403.14,1386.54,-1.01,-14.1,1453935,1044461370.0,1.18,1.21
2023-01-12,1391.71,1381.57,1391.71,1378.55,-0.49,-6.81,1248278,846386003.0,0.95,1.04
2023-01-13,1386.89,1392.12,1392.12,1382.41,0.76,10.55,1475207,1095317510.0,0.7,1.23
2023-01-16,1394.84,1416.92,1416.94,1394.84,1.78,24.8,1713477,1344432643.0,1.59,1.43
2023-01-17,1416.47,1407.91,1416.47,1400.82,-0.64,-9.01,1666616,1263847421.0,1.1,1.39
2023-01-18,1407.84,1410.11,1411.33,1403.91,0.16,2.2,1179601,933605870.0,0.53,0.98
2023-01-19,1405.83,1411.28,1412.29,1404.76,0.08,1.17,1154200,960905261.0,0.53,0.96
2023-01-20,1409.68,1416.91,1417.6,1407.14,0.4,5.63,1601350,1181676296.0,0.74,1.33
2023-01-30,1429.11,1450.94,1450.94,1429.11,2.4,34.03,2764588,2245813686.0,1.54,2.3
2023-01-31,1447.11,1463.91,1464.26,1445.95,0.89,12.97,1860999,1471913468.0,1.26,1.55
2023-02-01,1465.92,1480.43,1480.43,1465.12,1.13,16.52,2194305,1714125090.0,1.05,1.83
2023-02-02,1477.59,1467.33,1477.59,1464.95,-0.88,-13.1,1779378,1413394834.0,0.85,1.48
2023-02-03,1467.55,1483.48,1483.48,1463.16,1.1,16.15,2821041,2171662049.0,1.38,2.35
2023-02-06,1480.32,1479.2,1480.32,1469.64,-0.29,-4.28,3062987,2466446012.0,0.72,2.55
2023-02-07,1478.04,1484.57,1487.57,1472.35,0.36,5.37,2568473,2067003139.0,1.03,2.14
2023-02-08,1486.66,1474.28,1486.66,1472.85,-0.69,-10.29,2392330,1788254488.0,0.93,1.99
2023-02-09,1471.6,1489.07,1489.09,1471.09,1.0,14.79,2185801,1590358415.0,1.22,1.82
2023-02-10,1494.63,1516.11,1528.81,1494.63,1.82,27.04,4352174,3046969708.0,2.3,3.62
2023-02-13,1512.65,1528.47,1531.05,1512.53,0.82,12.36,4105940,2856575314.0,1.22,3.42
2023-02-14,1532.66,1531.61,1536.39,1525.05,0.21,3.14,3363526,2325089281.0,0.74,2.8
2023-02-15,1532.52,1535.1,1541.21,1526.42,0.23,3.49,2848629,2141496730.0,0.97,2.37
2023-02-16,1532.53,1489.11,1533.51,1479.34,-3.0,-45.99,3234800,2302883158.0,3.53,2.69
2023-02-17,1491.81,1493.66,1509.9,1491.33,0.31,4.55,2201652,1692365523.0,1.25,1.83
2023-02-20,1495.34,1500.91,1500.91,1483.46,0.49,7.25,2030721,1648363826.0,1.17,1.69
2023-02-21,1499.14,1502.33,1507.08,1491.93,0.09,1.42,1853067,1406649485.0,1.01,1.54
2023-02-22,1497.15,1505.85,1506.36,1490.8,0.23,3.52,1597200,1293450361.0,1.04,1.33
2023-02-23,1507.48,1495.37,1507.48,1489.45,-0.7,-10.48,1560176,1184170918.0,1.2,1.3
2023-02-24,1497.37,1491.93,1499.82,1483.24,-0.23,-3.44,1314911,976925482.0,1.11,1.09
2023-02-27,1485.46,1466.06,1485.46,1462.79,-1.73,-25.87,1454267,1084586854.0,1.52,1.21
2023-02-28,1467.93,1483.26,1483.26,1467.63,1.17,17.2,1131418,880429320.0,1.07,0.94
2023-03-01,1482.72,1490.01,1490.01,1474.86,0.46,6.75,1413459,1141965648.0,1.02,1.18
2023-03-02,1489.25,1483.28,1489.25,1480.86,-0.45,-6.73,1448648,1103324449.0,0.56,1.21
2023-03-03,1484.56,1476.25,1485.54,1468.53,-0.47,-7.03,1665006,1246781856.0,1.15,1.39
2023-03-06,1479.64,1473.64,1479.65,1468.78,-0.18,-2.61,1255330,946939384.0,0.74,1.04
2023-03-07,1473.27,1444.84,1473.27,1444.5,-1.95,-28.8,1613024,1142718442.0,1.95,1.34
2023-03-08,1441.44,1454.54,1454.59,1441.44,0.67,9.7,969654,747978113.0,0.91,0.81
2023-03-09,1456.15,1452.31,1456.15,1443.46,-0.15,-2.23,870915,648978163.0,0.87,0.72
2023-03-10,1446.11,1433.66,1447.82,1432.63,-1.28,-18.65,1156916,829494948.0,1.05,0.96
2023-03-13,1430.66,1436.01,1436.58,1424.83,0.16,2.35,965921,694717356.0,0.82,0.8
2023-03-14,1437.19,1414.14,1437.19,1403.24,-1.52,-21.87,1223235,888989391.0,2.36,1.02
2023-03-15,1421.13,1434.4,1434.4,1420.45,1.43,20.26,938566,688446072.0,0.99,0.78
2023-03-16,1427.53,1411.72,1427.82,1409.98,-1.58,-22.68,865736,646645994.0,1.24,0.72
2023-03-17,1419.76,1421.94,1432.41,1419.55,0.72,10.22,1200188,906927125.0,0.91,1.0
2023-03-20,1424.65,1403.2,1424.65,1400.78,-1.32,-18.74,1254066,953107142.0,1.68,1.04
2023-03-21,1402.16,1431.17,1431.17,1399.37,1.99,27.97,1062157,832943885.0,2.27,0.88
2023-03-22,1435.09,1441.05,1446.28,1434.78,0.69,9.88,1238917,937209809.0,0.8,1.03
2023-03-23,1438.11,1439.28,1441.24,1434.22,-0.12,-1.77,1111001,932310643.0,0.49,0.92
2023-03-24,1439.94,1439.81,1444.57,1436.58,0.04,0.53,1087593,909940047.0,0.56,0.91
2023-03-27,1441.09,1424.81,1441.09,1415.94,-1.04,-15.0,1311659,1003434872.0,1.75,1.09
2023-03-28,1424.2,1414.48,1424.2,1410.34,-0.73,-10.33,1071046,858488751.0,0.97,0.89
2023-03-29,1416.93,1409.12,1419.58,1407.21,-0.38,-5.36,990736,745174914.0,0.87,0.82
2023-03-30,1407.72,1397.56,1407.72,1386.9,-0.82,-11.56,1042143,746531408.0,1.48,0.87
2023-03-31,1396.66,1407.81,1409.43,1396.66,0.73,10.25,984040,740166404.0,0.91,0.82
2023-04-03,1411.03,1412.93,1413.25,1401.62,0.36,5.12,1154901,926912361.0,0.83,0.96
2023-04-04,1412.54,1398.06,1412.54,1393.04,-1.05,-14.87,1254397,977252363.0,1.38,1.04
2023-04-06,1392.67,1379.82,1392.9,1378.48,-1.3,-18.24,1174101,923368902.0,1.03,0.98
2023-04-07,1382.12,1389.9,1390.93,1378.06,0.73,10.08,922761,675194795.0,0.93,0.77
2023-04-10,1387.15,1371.0,1387.15,1369.0,-1.36,-18.9,1252702,888074490.0,1.31,1.04
2023-04-11,1368.05,1370.32,1372.26,1361.93,-0.05,-0.68,806091,615213064.0,0.75,0.67
2023-04-12,1371.55,1381.8,1382.05,1370.57,0.84,11.48,894299,698867113.0,0.84,0.74
2023-04-13,1379.6,1380.14,1383.93,1377.03,-0.12,-1.66,994149,769536556.0,0.5,0.83
2023-04-14,1382.75,1375.62,1386.04,1368.88,-0.33,-4.52,952500,717761155.0,1.24,0.79
2023-04-17,1374.64,1389.8,1390.74,1370.01,1.03,14.18,1479688,1195123094.0,1.51,1.23
2023-04-18,1391.61,1374.9,1391.61,1374.14,-1.07,-14.9,1101747,883636292.0,1.26,0.92
2023-04-19,1373.33,1368.13,1376.29,1366.37,-0.49,-6.77,963197,732407169.0,0.72,0.8
2023-04-20,1366.44,1366.17,1366.69,1349.52,-0.14,-1.96,1132408,828085261.0,1.25,0.94
2023-04-21,1364.59,1338.39,1364.97,1337.31,-2.03,-27.78,1139084,787266016.0,2.02,0.95
2023-04-24,1334.34,1340.42,1345.02,1322.82,0.15,2.03,967379,732537101.0,1.66,0.81
2023-04-25,1343.19,1314.49,1343.19,1298.33,-1.93,-25.93,1097478,790478624.0,3.35,0.91
2023-04-26,1310.36,1335.68,1340.87,1310.36,1.61,21.19,930888,725599937.0,2.32,0.77
2023-04-27,1336.72,1338.41,1347.5,1335.26,0.2,2.73,1051068,851052434.0,0.92,0.87
2023-04-28,1335.81,1357.03,1357.03,1335.81,1.39,18.62,996517,810893655.0,1.59,0.83
2023-05-04,1352.45,1369.7,1369.7,1352.45,0.93,12.67,1237134,857735492.0,1.27,1.03
2023-05-05,1368.66,1364.73,1368.66,1351.34,-0.36,-4.97,1138115,860157934.0,1.26,0.95
2023-05-08,1362.76,1372.86,1374.02,1362.1,0.6,8.13,1010137,767298919.0,0.87,0.84
2023-05-09,1368.03,1362.44,1369.89,1356.19,-0.76,-10.42,1217233,967433392.0,1.0,1.01
2023-05-10,1359.14,1367.75,1373.58,1359.14,0.39,5.31,952310,766908336.0,1.06,0.79
2023-05-11,1370.75,1376.13,1378.41,1365.0,0.61,8.38,873412,648158011.0,0.98,0.73
2023-05-12,1375.44,1365.24,1377.82,1363.42,-0.79,-10.89,929345,742615377.0,1.05,0.77
2023-05-15,1360.56,1372.6,1372.6,1350.96,0.54,7.36,1064950,802074410.0,1.59,0.89
2023-05-16,1370.23,1360.82,1370.23,1358.75,-0.86,-11.78,834706,685064678.0,0.84,0.69
2023-05-17,1357.69,1368.91,1368.91,1357.22,0.59,8.09,603657,441097524.0,0.86,0.5
2023-05-18,1367.58,1368.05,1371.07,1362.35,-0.06,-0.86,629139,480460365.0,0.64,0.52
2023-05-19,1366.81,1368.72,1370.4,1357.69,0.05,0.67,654308,465557905.0,0.93,0.54
2023-05-22,1369.89,1371.4,1372.54,1364.17,0.2,2.68,752063,546168928.0,0.61,0.63
2023-05-23,1370.71,1362.02,1372.13,1362.02,-0.68,-9.38,654856,465281327.0,0.74,0.54
2023-05-24,1359.49,1361.74,1367.7,1354.06,-0.02,-0.28,708436,536853955.0,1.0,0.59
2023-05-25,1360.76,1351.98,1361.85,1339.38,-0.72,-9.76,910975,651448396.0,1.65,0.76
2023-05-26,1354.36,1355.38,1356.77,1342.25,0.25,3.4,688449,482859182.0,1.07,0.57
2023-05-29,1356.11,1343.18,1359.28,1342.05,-0.9,-12.2,1106413,736875601.0,1.27,0.92
2023-05-30,1341.67,1343.1,1343.79,1328.13,-0.01,-0.08,931959,642118234.0,1.17,0.78
2023-05-31,1342.35,1339.25,1342.35,1333.76,-0.29,-3.85,753243,547709534.0,0.64,0.63
2023-06-01,1330.41,1337.88,1343.04,1323.91,-0.1,-1.37,862299,565337538.0,1.43,0.72
2023-06-02,1332.98,1342.47,1342.49,1329.23,0.34,4.59,1175371,816924677.0,0.99,0.98
2023-06-05,1341.55,1339.1,1341.55,1331.25,-0.25,-3.37,1846698,1007196137.0,0.77,1.54
2023-06-06,1339.45,1316.46,1339.45,1315.36,-1.69,-22.64,1309260,715188214.0,1.8,1.09
2023-06-07,1313.89,1324.15,1330.43,1310.73,0.58,7.69,951790,568644426.0,1.5,0.79
2023-06-08,1324.15,1315.17,1324.15,1311.29,-0.68,-8.98,746964,474889604.0,0.97,0.62
2023-06-09,1320.43,1316.4,1320.61,1309.8,0.09,1.23,958773,594256154.0,0.82,0.8
2023-06-12,1316.36,1327.77,1329.76,1307.95,0.86,11.37,919265,571600934.0,1.66,0.77
2023-06-13,1322.01,1337.07,1338.0,1322.01,0.7,9.3,1101700,1098878833.0,1.2,0.92
2023-06-14,1334.51,1326.16,1335.96,1324.48,-0.82,-10.91,968489,931702721.0,0.86,0.81
2023-06-15,1325.01,1322.56,1325.01,1319.66,-0.27,-3.6,844906,774497874.0,0.4,0.7
2023-06-16,1324.78,1323.34,1327.97,1321.68,0.06,0.78,824563,731091027.0,0.48,0.69
2023-06-19,1320.68,1308.03,1322.91,1306.58,-1.16,-15.31,947414,761952910.0,1.23,0.79
2023-06-20,1305.58,1301.51,1308.49,1300.2,-0.5,-6.52,817707,639060172.0,0.63,0.68
2023-06-21,1300.2,1286.25,1300.8,1286.25,-1.17,-15.26,1056561,889694846.0,1.12,0.88
2023-06-26,1281.1,1273.07,1285.8,1271.85,-1.02,-13.18,939938,667326882.0,1.08,0.78
2023-06-27,1275.78,1296.31,1299.85,1274.9,1.83,23.24,982589,706138106.0,1.96,0.82
2023-06-28,1299.74,1292.82,1299.74,1275.58,-0.27,-3.49,830254,602678646.0,1.86,0.69
2023-06-29,1290.59,1301.56,1304.29,1290.59,0.68,8.74,766070,584101380.0,1.06,0.64
2023-06-30,1300.42,1315.25,1317.32,1300.42,1.05,13.69,978930,728969838.0,1.3,0.81
2023-07-03,1317.04,1326.39,1328.21,1317.04,0.85,11.14,1199981,805572345.0,0.85,1.0
2023-07-04,1328.12,1335.06,1335.21,1327.51,0.65,8.67,1008498,778165777.0,0.58,0.84
2023-07-05,1335.45,1335.37,1340.74,1332.35,0.02,0.31,1035095,748864231.0,0.63,0.86
2023-07-06,1335.44,1332.92,1341.29,1331.1,-0.18,-2.45,1107431,853035236.0,0.76,0.92
2023-07-07,1332.81,1324.97,1333.6,1323.18,-0.6,-7.95,877856,634511838.0,0.78,0.73
2023-07-10,1327.17,1323.75,1328.08,1319.41,-0.09,-1.22,844167,591117706.0,0.65,0.7
2023-07-11,1325.32,1332.96,1333.13,1321.74,0.7,9.21,754263,574062874.0,0.86,0.63
2023-07-12,1334.28,1315.14,1334.93,1313.95,-1.34,-17.82,878232,633138498.0,1.57,0.73
2023-07-13,1318.16,1324.41,1324.65,1318.16,0.7,9.27,818155,592514324.0,0.49,0.68
2023-07-14,1324.45,1330.28,1332.62,1319.16,0.44,5.87,836612,664540614.0,1.02,0.7
2023-07-17,1329.53,1354.58,1354.88,1321.41,1.83,24.3,1787134,1409551067.0,2.52,1.49
2023-07-18,1348.46,1356.2,1357.14,1342.71,0.12,1.62,1909720,1418193823.0,1.07,1.59
2023-07-19,1359.41,1373.32,1376.59,1356.0,1.26,17.12,2866163,1808034433.0,1.52,2.39
2023-07-20,1371.32,1355.32,1371.96,1352.3,-1.31,-18.0,1998360,1281871954.0,1.43,1.66
2023-07-21,1356.19,1371.62,1377.92,1356.19,1.2,16.3,2088371,1372094722.0,1.6,1.74
2023-07-24,1372.3,1372.13,1379.77,1356.91,0.04,0.51,2888307,1655876856.0,1.67,2.4
2023-07-25,1373.95,1379.21,1379.21,1372.66,0.52,7.08,2226858,1368240739.0,0.48,1.85
2023-07-26,1376.48,1381.5,1382.05,1372.56,0.17,2.29,1780266,1142971798.0,0.69,1.48
2023-07-27,1380.57,1365.17,1382.34,1363.95,-1.18,-16.33,1296089,845394349.0,1.33,1.08
2023-07-28,1365.66,1372.89,1374.27,1361.84,0.57,7.72,1396824,877447265.0,0.91,1.16
2023-07-31,1373.62,1378.54,1382.58,1373.62,0.41,5.65,1622949,1093670314.0,0.65,1.35
2023-08-01,1379.72,1373.41,1379.72,1370.87,-0.37,-5.13,1150316,779910977.0,0.64,0.96
2023-08-02,1373.08,1368.33,1373.08,1363.35,-0.37,-5.08,1177669,765407701.0,0.71,0.98
2023-08-03,1367.03,1365.34,1367.75,1360.59,-0.22,-2.99,882160,573158690.0,0.52,0.73
2023-08-04,1366.64,1357.77,1371.46,1357.14,-0.55,-7.57,1233482,813601808.0,1.05,1.03
2023-08-07,1355.68,1350.74,1355.68,1347.55,-0.52,-7.03,1058666,686363936.0,0.6,0.88
2023-08-08,1351.02,1351.7,1352.79,1341.29,0.07,0.96,1002689,761879363.0,0.85,0.83
2023-08-09,1352.38,1349.61,1352.38,1343.55,-0.15,-2.09,1097461,798577924.0,0.65,0.91
2023-08-10,1348.53,1371.13,1374.05,1347.18,1.59,21.52,1721232,1550293694.0,1.99,1.43
2023-08-11,1370.45,1351.25,1371.61,1350.39,-1.45,-19.88,1663717,1410802856.0,1.55,1.38
2023-08-14,1342.87,1351.03,1351.03,1334.24,-0.02,-0.22,1319233,1091051033.0,1.24,1.1
2023-08-15,1350.57,1348.84,1355.45,1343.64,-0.16,-2.19,1716531,1393957026.0,0.87,1.43
2023-08-16,1345.43,1350.78,1360.03,1341.13,0.14,1.94,1914889,1384409960.0,1.4,1.59
2023-08-17,1346.31,1361.51,1362.45,1338.58,0.79,10.73,2751888,1878763510.0,1.77,2.29
2023-08-18,1361.96,1341.47,1363.06,1340.22,-1.47,-20.04,2037135,1501590185.0,1.68,1.7
2023-08-21,1333.21,1333.56,1344.64,1332.75,-0.59,-7.91,1685342,1302746311.0,0.89,1.4
2023-08-22,1331.52,1320.1,1333.21,1304.58,-1.01,-13.46,1949932,1483783044.0,2.15,1.62
2023-08-23,1315.43,1291.63,1315.43,1291.44,-2.16,-28.47,1406044,1039228969.0,1.82,1.17
2023-08-24,1291.74,1286.27,1296.98,1280.76,-0.41,-5.36,1237420,863683170.0,1.26,1.03
2023-08-25,1283.66,1275.28,1299.16,1272.13,-0.85,-10.99,1543545,1010459773.0,2.1,1.28
2023-08-28,1326.74,1291.38,1326.74,1289.29,1.26,16.1,2524999,1570804290.0,2.94,2.1
2023-08-29,1285.95,1328.67,1328.67,1285.95,2.89,37.29,1790460,1270285528.0,3.31,1.49
2023-08-30,1328.58,1335.18,1341.98,1326.72,0.49,6.51,1719374,1177016377.0,1.15,1.43
2023-08-31,1333.19,1341.28,1344.37,1325.31,0.46,6.1,2654511,1601062806.0,1.43,2.21
2023-09-01,1342.89,1352.19,1358.55,1342.43,0.81,10.91,3004345,1706653989.0,1.2,2.5
2023-09-04,1352.52,1365.94,1365.94,1352.52,1.02,13.75,2246236,1317246049.0,0.99,1.87
2023-09-05,1360.77,1351.94,1363.29,1348.79,-1.02,-14.0,1520320,940169304.0,1.06,1.27
2023-09-06,1351.99,1354.36,1359.02,1349.04,0.18,2.42,1412342,889472861.0,0.74,1.18
2023-09-07,1348.39,1332.71,1355.82,1332.71,-1.6,-21.65,1406074,872830424.0,1.71,1.17
2023-09-08,1330.12,1326.91,1330.73,1323.26,-0.44,-5.8,997275,672750491.0,0.56,0.83
2023-09-11,1326.2,1332.39,1333.73,1315.08,0.41,5.48,1102291,717183312.0,1.41,0.92
2023-09-12,1335.64,1338.65,1341.98,1330.29,0.47,6.26,1665257,933820753.0,0.88,1.39
2023-09-13,1337.93,1328.66,1337.93,1320.22,-0.75,-9.99,1444090,965817691.0,1.32,1.2
2023-09-14,1323.96,1313.8,1323.96,1307.34,-1.12,-14.86,1089236,737338437.0,1.25,0.91
2023-09-15,1319.57,1321.43,1327.2,1315.22,0.58,7.63,1228299,773247099.0,0.91,1.02
2023-09-18,1319.08,1327.22,1331.56,1308.81,0.44,5.79,1034596,700156978.0,1.72,0.86
2023-09-19,1324.47,1314.17,1324.47,1311.31,-0.98,-13.05,852063,557135621.0,0.99,0.71
2023-09-20,1312.06,1303.78,1313.56,1303.37,-0.79,-10.39,824301,540822547.0,0.78,0.69
2023-09-21,1305.1,1296.17,1307.76,1294.58,-0.58,-7.61,768451,522965251.0,1.01,0.64
2023-09-22,1294.32,1317.51,1317.82,1292.33,1.65,21.34,918208,601172633.0,1.97,0.76
2023-09-25,1315.37,1308.37,1319.51,1304.26,-0.69,-9.14,895047,550466828.0,1.16,0.74
2023-09-26,1305.5,1298.75,1305.58,1298.07,-0.74,-9.62,746370,453299374.0,0.57,0.62
2023-09-27,1299.56,1311.64,1314.94,1294.19,0.99,12.89,910916,629401577.0,1.6,0.76
2023-09-28,1313.71,1330.02,1330.02,1311.66,1.4,18.38,1062680,814047075.0,1.4,0.88
2023-10-09,1326.36,1308.73,1326.36,1304.54,-1.6,-21.29,1183142,829455627.0,1.64,0.98
2023-10-10,1308.84,1303.41,1311.96,1299.39,-0.41,-5.32,981388,661858591.0,0.96,0.82
2023-10-11,1305.66,1299.0,1305.66,1295.71,-0.34,-4.41,933056,628830972.0,0.76,0.78
2023-10-12,1301.98,1304.75,1306.19,1295.71,0.44,5.75,923307,656507972.0,0.81,0.77
2023-10-13,1300.47,1288.9,1300.63,1285.62,-1.21,-15.85,889264,628838788.0,1.15,0.74
2023-10-16,1291.49,1284.97,1292.44,1279.97,-0.3,-3.93,928194,626279090.0,0.97,0.77
2023-10-17,1286.56,1286.14,1287.45,1278.51,0.09,1.17,726560,538454369.0,0.7,0.6
2023-10-18,1283.75,1265.68,1283.75,1262.72,-1.59,-20.46,1023744,678833634.0,1.64,0.85
2023-10-19,1261.31,1257.92,1274.09,1253.78,-0.61,-7.76,783951,531564279.0,1.6,0.65
2023-10-20,1256.01,1253.78,1266.56,1252.25,-0.33,-4.14,838135,564102837.0,1.14,0.7
2023-10-23,1247.66,1222.71,1247.66,1217.36,-2.48,-31.07,1109827,684039909.0,2.42,0.92
2023-10-24,1225.35,1265.98,1265.98,1225.35,3.54,43.27,1201718,784090586.0,3.32,1.0
2023-10-25,1269.38,1276.92,1279.8,1267.89,0.86,10.94,1319193,833690699.0,0.94,1.1
2023-10-26,1270.19,1272.9,1274.16,1256.4,-0.31,-4.02,1123497,760641905.0,1.39,0.94
2023-10-27,1270.45,1292.36,1295.79,1269.75,1.53,19.46,1210909,815400739.0,2.05,1.01
2023-10-30,1291.04,1307.47,1308.24,1291.04,1.17,15.11,1210825,802927570.0,1.33,1.01
2023-10-31,1311.63,1308.81,1313.77,1304.62,0.1,1.34,1280374,787524837.0,0.7,1.07
2023-11-01,1312.58,1320.13,1325.57,1312.58,0.86,11.32,1694985,1084995198.0,0.99,1.41
2023-11-02,1319.65,1310.48,1327.81,1305.38,-0.73,-9.65,1485559,1037382415.0,1.7,1.24
2023-11-03,1310.81,1317.95,1321.05,1310.75,0.57,7.47,1154918,831654699.0,0.79,0.96
2023-11-06,1321.0,1337.98,1340.41,1321.0,1.52,20.03,1420524,1081173213.0,1.47,1.18
2023-11-07,1336.28,1350.22,1356.84,1332.13,0.91,12.24,1711262,1288686812.0,1.85,1.42
2023-11-08,1348.99,1347.04,1353.45,1342.25,-0.24,-3.18,1516866,1106222318.0,0.83,1.26
2023-11-09,1344.67,1335.13,1347.67,1331.22,-0.88,-11.91,1209771,851770804.0,1.22,1.01
2023-11-10,1335.97,1343.77,1344.62,1328.55,0.65,8.64,2050815,1117287952.0,1.2,1.71
2023-11-13,1344.23,1353.46,1353.84,1341.06,0.72,9.69,2826196,1439816269.0,0.95,2.35
2023-11-14,1351.85,1353.3,1358.67,1348.52,-0.01,-0.16,1904138,1229467329.0,0.75,1.58
2023-11-15,1356.34,1357.59,1361.59,1351.37,0.32,4.29,1639619,1190649585.0,0.76,1.36
2023-11-16,1354.86,1353.81,1358.44,1349.96,-0.28,-3.78,1330087,935738686.0,0.62,1.11
2023-11-17,1354.6,1367.07,1367.07,1353.65,0.98,13.26,1263450,925622062.0,0.99,1.05
2023-11-20,1371.78,1384.22,1384.95,1362.7,1.25,17.15,1891072,1377993210.0,1.63,1.57
2023-11-21,1384.05,1402.81,1419.64,1382.59,1.34,18.59,2345697,1568022596.0,2.68,1.95
2023-11-22,1407.29,1421.7,1423.65,1404.91,1.35,18.89,1589632,1134272648.0,1.34,1.32
2023-11-23,1425.12,1427.29,1436.08,1408.48,0.39,5.59,1474623,1199016568.0,1.94,1.23
2023-11-24,1414.71,1431.73,1432.55,1409.36,0.31,4.44,1425511,1082224501.0,1.62,1.19
2023-11-27,1439.7,1449.87,1450.82,1420.21,1.27,18.14,1344226,986334694.0,2.14,1.12
2023-11-28,1432.93,1450.74,1457.22,1432.93,0.06,0.87,1185020,933222624.0,1.68,0.99
2023-11-29,1449.63,1427.57,1452.39,1426.11,-1.6,-23.17,1318777,1001626061.0,1.81,1.1
2023-11-30,1429.09,1421.92,1434.12,1409.17,-0.4,-5.65,1162452,864532980.0,1.75,0.97
2023-12-01,1426.37,1429.06,1439.92,1422.39,0.5,7.14,1185262,826446107.0,1.23,0.99
2023-12-04,1422.21,1424.75,1428.09,1414.34,-0.3,-4.31,1185244,876895338.0,0.96,0.99
2023-12-05,1420.32,1421.74,1435.43,1415.62,-0.21,-3.01,1272599,908899741.0,1.39,1.06
2023-12-06,1419.63,1447.57,1453.24,1419.63,1.82,25.83,1257580,933923945.0,2.36,1.05
2023-12-07,1441.17,1443.11,1444.77,1432.79,-0.31,-4.46,1284924,888620145.0,0.83,1.07
2023-12-08,1440.95,1419.27,1443.41,1414.82,-1.65,-23.84,1668545,1135998595.0,1.98,1.39
2023-12-11,1417.61,1422.13,1427.35,1406.19,0.2,2.86,1457642,995902950.0,1.49,1.21
2023-12-12,1418.27,1437.64,1437.73,1418.27,1.09,15.51,1402230,940498031.0,1.37,1.17
2023-12-13,1435.31,1439.6,1449.06,1426.01,0.14,1.96,1367610,940741241.0,1.6,1.14
2023-12-14,1444.56,1452.94,1463.71,1442.35,0.93,13.34,1261546,982160567.0,1.48,1.05
2023-12-15,1455.5,1445.7,1457.69,1439.78,-0.5,-7.24,1141313,922965142.0,1.23,0.95
2023-12-18,1444.14,1443.47,1458.62,1435.31,-0.15,-2.23,1608596,1416027930.0,1.61,1.34
2023-12-19,1439.93,1437.37,1439.93,1423.88,-0.42,-6.1,1359422,1133661558.0,1.11,1.13
2023-12-20,1437.2,1431.11,1446.2,1429.47,-0.44,-6.26,1276282,1037867922.0,1.16,1.06
2023-12-21,1426.62,1442.67,1448.62,1419.79,0.81,11.56,1579773,1224207481.0,2.01,1.31
2023-12-22,1444.43,1420.69,1444.43,1413.46,-1.52,-21.98,1670433,1424141081.0,2.15,1.39
2023-12-25,1423.38,1423.4,1423.97,1403.22,0.19,2.71,1555492,1209444162.0,1.46,1.29
2023-12-26,1425.53,1427.2,1439.37,1417.34,0.27,3.8,1458612,1220127961.0,1.55,1.21
2023-12-27,1421.92,1430.97,1433.49,1410.74,0.26,3.77,1332031,1111031977.0,1.59,1.11
2023-12-28,1424.51,1446.75,1453.24,1413.82,1.1,15.78,1577325,1240593742.0,2.75,1.31
2023-12-29,1443.22,1465.97,1467.54,1443.22,1.33,19.22,1253576,1050318054.0,1.68,1.04
2024-01-02,1466.75,1488.99,1493.65,1466.75,1.57,23.02,1832651,1395127708.0,1.83,1.53
2024-01-03,1488.18,1483.44,1488.98,1470.94,-0.37,-5.55,1344128,981554959.0,1.21,1.12
2024-01-04,1488.98,1492.85,1496.21,1484.76,0.63,9.41,1035828,832251210.0,0.77,0.86
2024-01-05,1487.59,1468.25,1497.88,1462.79,-1.65,-24.6,1589713,1120974305.0,2.35,1.32
2024-01-08,1462.47,1428.89,1462.47,1428.89,-2.68,-39.36,1515930,989457406.0,2.29,1.26
2024-01-09,1432.56,1427.31,1447.16,1413.62,-0.11,-1.58,1240541,895007749.0,2.35,1.03
2024-01-10,1424.21,1427.96,1437.17,1406.88,0.05,0.65,1151256,824063739.0,2.12,0.96
2024-01-11,1425.19,1450.48,1452.09,1425.19,1.58,22.52,1208884,845189842.0,1.88,1.01
2024-01-12,1447.19,1423.97,1458.23,1423.97,-1.83,-26.51,1270293,902226448.0,2.36,1.06
2024-01-15,1421.39,1425.78,1439.88,1414.76,0.13,1.81,2007906,1140547395.0,1.76,1.67
2024-01-16,1425.35,1424.42,1426.23,1397.21,-0.1,-1.36,1840223,1054549197.0,2.04,1.53
2024-01-17,1422.16,1402.72,1431.14,1402.72,-1.52,-21.7,1759791,1024851141.0,2.0,1.46
2024-01-18,1395.21,1398.47,1399.02,1360.54,-0.3,-4.25,2378899,1435140015.0,2.74,1.98
2024-01-19,1397.42,1403.52,1424.0,1390.6,0.36,5.05,1856840,1220364174.0,2.39,1.55
2024-01-22,1400.11,1320.08,1400.11,1308.01,-5.95,-83.44,2423890,1451479455.0,6.56,2.02
2024-01-23,1315.88,1328.79,1334.01,1291.08,0.66,8.71,2424824,1446947438.0,3.25,2.02
2024-01-24,1332.61,1341.85,1350.09,1292.05,0.98,13.06,2408206,1443731155.0,4.37,2.0
2024-01-25,1339.85,1373.3,1375.66,1331.58,2.34,31.45,2277552,1395695622.0,3.29,1.9
2024-01-26,1370.08,1377.46,1398.29,1370.08,0.3,4.16,2404344,1514318194.0,2.05,2.0
2024-01-29,1374.72,1319.23,1374.72,1316.93,-4.23,-58.23,1881716,1191813462.0,4.2,1.57
2024-01-30,1313.33,1275.64,1313.33,1271.12,-3.3,-43.59,1503597,913324366.0,3.2,1.25
2024-01-31,1261.12,1218.22,1277.55,1213.7,-4.5,-57.42,2476214,1433149782.0,5.01,2.06
2024-02-01,1200.83,1174.92,1210.87,1161.23,-3.55,-43.3,2171428,1124814424.0,4.07,1.81
2024-02-02,1175.79,1127.72,1194.69,1080.99,-4.02,-47.2,2576742,1233874240.0,9.68,2.14
2024-02-05,1111.59,1025.54,1111.59,1009.42,-9.06,-102.18,2746510,1227803982.0,9.06,2.29
2024-02-06,991.96,1049.27,1069.86,963.13,2.31,23.73,3012815,1322850335.0,10.41,2.51
2024-02-07,1051.89,1017.8,1054.04,1006.29,-3.0,-31.47,2841603,1360641714.0,4.55,2.36
2024-02-08,1015.85,1080.7,1080.7,1001.68,6.18,62.9,2818734,1413651760.0,7.76,2.35
2024-02-19,1091.44,1118.85,1120.44,1091.44,3.53,38.15,2446265,1280504707.0,2.68,2.04
2024-02-20,1119.43,1138.03,1138.47,1108.38,1.71,19.18,1651477,887596967.0,2.69,1.37
2024-02-21,1130.13,1157.73,1186.87,1126.9,1.73,19.7,2003706,1066122101.0,5.27,1.67
2024-02-22,1156.15,1180.32,1180.32,1151.22,1.95,22.59,1462122,812830633.0,2.51,1.22
2024-02-23,1182.55,1211.09,1211.09,1178.02,2.61,30.77,1781739,1006694812.0,2.8,1.48
2024-02-26,1211.03,1226.21,1243.89,1207.53,1.25,15.12,1906418,1126363806.0,3.0,1.59
2024-02-27,1222.71,1261.62,1261.62,1218.87,2.89,35.41,1562829,961665810.0,3.49,1.3
2024-02-28,1266.62,1188.55,1292.66,1188.55,-5.79,-73.07,2979091,1644236613.0,8.25,2.48
2024-02-29,1174.69,1225.25,1225.25,1174.69,3.09,36.7,1907729,1107359231.0,4.25,1.59
2024-03-01,1227.4,1229.26,1235.36,1214.23,0.33,4.01,1598317,905542595.0,1.72,1.33
2024-03-04,1231.23,1214.86,1233.76,1199.5,-1.17,-14.4,1441071,832176111.0,2.79,1.2
2024-03-05,1210.45,1184.94,1210.45,1183.52,-2.46,-29.92,1268721,683935175.0,2.22,1.06
2024-03-06,1184.81,1209.73,1214.27,1184.18,2.09,24.79,1209646,649265096.0,2.54,1.01
2024-03-07,1219.23,1217.37,1233.75,1208.63,0.63,7.64,2163547,1122006223.0,2.08,1.8
2024-03-08,1217.59,1220.2,1222.49,1203.06,0.23,2.83,1961041,963219269.0,1.6,1.63
2024-03-11,1219.59,1240.7,1240.7,1216.55,1.68,20.5,1666625,877235858.0,1.98,1.39
2024-03-12,1243.19,1257.44,1257.44,1235.72,1.35,16.74,1758202,971941554.0,1.75,1.46
2024-03-13,1256.58,1247.57,1259.57,1240.72,-0.78,-9.87,1505222,884687942.0,1.5,1.25
2024-03-14,1247.36,1249.58,1265.69,1235.36,0.16,2.01,1411203,791751314.0,2.43,1.17
2024-03-15,1253.15,1276.37,1276.99,1242.31,2.14,26.79,1361027,945771585.0,2.78,1.13
2024-03-18,1275.78,1297.17,1297.17,1275.78,1.63,20.8,2276918,1394982965.0,1.68,1.89
2024-03-19,1298.32,1295.07,1312.98,1294.89,-0.16,-2.1,2115463,1205488537.0,1.39,1.76
2024-03-20,1293.73,1311.46,1311.53,1291.86,1.27,16.39,1614972,1012388663.0,1.52,1.34
2024-03-21,1320.28,1315.6,1326.28,1302.53,0.32,4.14,1626061,1021580223.0,1.81,1.35
2024-03-22,1323.56,1320.55,1327.85,1307.33,0.38,4.95,2023927,1165647331.0,1.56,1.68
2024-03-25,1321.51,1295.72,1324.28,1294.37,-1.88,-24.83,1946953,1073345955.0,2.26,1.62
2024-03-26,1295.24,1298.78,1310.43,1276.34,0.24,3.06,1634933,1364684993.0,2.63,1.36
2024-03-27,1290.74,1265.25,1297.08,1264.43,-2.58,-33.53,1534782,951303581.0,2.51,1.28
2024-03-28,1257.48,1290.14,1302.46,1257.48,1.97,24.89,2548008,1494934779.0,3.56,2.12
2024-03-29,1293.76,1305.54,1305.6,1288.32,1.19,15.4,2900494,1579122899.0,1.34,2.41
2024-04-01,1305.33,1323.13,1323.64,1305.33,1.35,17.59,2302943,1444762082.0,1.4,1.92
2024-04-02,1327.24,1343.64,1343.64,1324.88,1.55,20.51,3099504,1831790686.0,1.42,2.58
2024-04-03,1340.3,1337.17,1348.27,1326.71,-0.48,-6.47,2575385,1535651864.0,1.6,2.14
2024-04-08,1334.38,1312.4,1340.52,1311.38,-1.85,-24.77,2676980,1548369127.0,2.18,2.23
2024-04-09,1314.03,1350.49,1350.7,1314.03,2.9,38.09,2653929,1619996460.0,2.79,2.21
2024-04-10,1344.5,1318.1,1346.01,1311.09,-2.4,-32.39,2152492,1442315062.0,2.59,1.79
2024-04-11,1310.62,1325.4,1342.28,1310.62,0.55,7.3,2066241,1442047337.0,2.4,1.72
2024-04-12,1323.25,1301.63,1329.7,1300.51,-1.79,-23.77,1896831,1365445712.0,2.2,1.58
2024-04-15,1296.86,1237.37,1297.59,1223.98,-4.94,-64.26,2592658,1444069426.0,5.66,2.16
2024-04-16,1224.93,1147.19,1224.93,1146.68,-7.29,-90.18,2537224,1248107142.0,6.32,2.11
2024-04-17,1151.02,1216.33,1216.33,1151.02,6.03,69.14,2832451,1710785158.0,5.69,2.36
2024-04-18,1218.91,1210.9,1222.09,1190.94,-0.45,-5.43,1988228,1224015920.0,2.56,1.65
2024-04-19,1208.68,1187.59,1212.95,1184.23,-1.93,-23.31,1920961,1094996275.0,2.37,1.6
2024-04-22,1182.72,1174.56,1191.03,1159.16,-1.1,-13.03,1665679,923208695.0,2.68,1.39
2024-04-23,1173.6,1181.87,1187.64,1173.6,0.62,7.31,1335730,786614389.0,1.2,1.11
2024-04-24,1182.17,1199.14,1199.79,1177.63,1.46,17.27,1335622,868596192.0,1.87,1.11
2024-04-25,1193.82,1203.12,1212.1,1191.07,0.33,3.98,1313093,879302902.0,1.75,1.09
2024-04-26,1207.3,1221.68,1224.08,1199.93,1.54,18.56,1727193,1094261041.0,2.01,1.44
2024-04-29,1223.66,1261.61,1261.61,1223.66,3.27,39.93,2124361,1228102696.0,3.11,1.77
2024-04-30,1260.61,1266.99,1272.34,1254.99,0.43,5.38,2152376,1164165345.0,1.38,1.79
2024-05-06,1281.8,1295.8,1295.89,1280.71,2.27,28.81,1931452,1148165752.0,1.2,1.61
2024-05-07,1297.94,1300.76,1300.76,1286.96,0.38,4.96,1429790,896979104.0,1.06,1.19
2024-05-08,1299.68,1297.75,1306.65,1296.08,-0.23,-3.01,1513928,1091491651.0,0.81,1.26
2024-05-09,1296.03,1310.63,1313.98,1296.03,0.99,12.88,1610461,1084767932.0,1.38,1.34
2024-05-10,1313.23,1298.59,1314.74,1295.0,-0.92,-12.04,1588340,910128092.0,1.51,1.32
2024-05-13,1287.4,1271.12,1287.4,1269.0,-2.12,-27.47,1659075,982171449.0,1.42,1.38
2024-05-14,1276.15,1293.34,1298.34,1276.15,1.75,22.22,1444979,1030858461.0,1.75,1.2
2024-05-15,1291.79,1282.91,1295.01,1281.86,-0.81,-10.43,1250735,829876713.0,1.02,1.04
2024-05-16,1285.65,1285.77,1294.42,1281.3,0.22,2.86,1196195,798513014.0,1.02,1.0
2024-05-17,1289.84,1300.52,1300.52,1284.49,1.15,14.75,1732295,955154103.0,1.25,1.44
2024-05-20,1301.48,1296.46,1307.58,1292.24,-0.31,-4.06,1856723,1148985637.0,1.18,1.55
2024-05-21,1293.37,1279.28,1293.37,1275.52,-1.33,-17.18,1363793,934583881.0,1.38,1.14
2024-05-22,1272.34,1273.43,1282.67,1270.93,-0.46,-5.85,1642737,1091943942.0,0.92,1.37
2024-05-23,1274.59,1252.98,1274.59,1249.05,-1.61,-20.45,1774251,1121389301.0,2.01,1.48
2024-05-24,1250.92,1248.09,1265.42,1246.03,-0.39,-4.89,1430114,932293899.0,1.55,1.19
2024-05-27,1251.19,1241.41,1251.19,1224.93,-0.54,-6.68,1542118,959495281.0,2.1,1.28
2024-05-28,1241.41,1223.63,1242.85,1220.77,-1.43,-17.78,1308416,774354160.0,1.78,1.09
2024-05-29,1217.6,1220.0,1229.3,1212.51,-0.3,-3.63,1306077,735828639.0,1.37,1.09
2024-05-30,1214.29,1201.13,1221.2,1200.14,-1.55,-18.87,1573072,802285497.0,1.73,1.31
2024-05-31,1205.02,1216.23,1219.96,1200.36,1.26,15.1,1512934,826702379.0,1.63,1.26
2024-06-03,1216.81,1190.61,1216.81,1181.46,-2.11,-25.62,1721872,939950854.0,2.91,1.43
2024-06-04,1185.95,1177.29,1185.95,1165.8,-1.12,-13.32,1457160,796652925.0,1.69,1.21
2024-06-05,1174.94,1156.66,1174.94,1156.66,-1.75,-20.63,1726403,909989835.0,1.55,1.44
2024-06-06,1157.83,1106.87,1159.59,1094.57,-4.3,-49.79,2285357,1115680621.0,5.62,1.9
2024-06-07,1121.12,1135.94,1138.91,1116.79,2.63,29.07,1611849,818217783.0,2.0,1.34
2024-06-11,1135.29,1133.46,1135.29,1113.06,-0.22,-2.48,1252854,631971448.0,1.96,1.04
2024-06-12,1129.75,1148.98,1151.72,1129.75,1.37,15.52,1149746,637045667.0,1.94,0.96
2024-06-13,1150.5,1140.0,1154.53,1136.92,-0.78,-8.98,1138289,727715031.0,1.53,0.95
2024-06-14,1137.43,1143.48,1144.59,1130.34,0.31,3.48,1054173,589674493.0,1.25,0.88
2024-06-17,1140.73,1128.96,1140.73,1126.77,-1.27,-14.52,1166617,641252760.0,1.22,0.97
2024-06-18,1129.14,1143.9,1144.07,1125.65,1.32,14.94,1073652,611913658.0,1.63,0.89
2024-06-19,1145.5,1150.94,1155.29,1140.92,0.62,7.04,1064533,637366649.0,1.26,0.89
2024-06-20,1146.95,1128.76,1150.59,1126.03,-1.93,-22.18,1302885,723524091.0,2.13,1.08
2024-06-21,1124.84,1128.32,1135.33,1117.1,-0.04,-0.44,1073308,595459257.0,1.62,0.89
2024-06-24,1129.64,1092.31,1131.45,1088.88,-3.19,-36.01,1572957,806447041.0,3.77,1.31
2024-06-25,1083.7,1096.91,1105.85,1083.17,0.42,4.6,1264184,643576738.0,2.08,1.05
2024-06-26,1091.86,1123.94,1123.94,1086.29,2.46,27.03,1258248,690774956.0,3.43,1.05
2024-06-27,1120.77,1099.7,1125.2,1098.57,-2.16,-24.24,1065608,577481360.0,2.37,0.89
2024-06-28,1098.1,1096.21,1116.62,1093.53,-0.32,-3.49,996389,529574779.0,2.1,0.83
2024-07-01,1094.74,1109.95,1110.55,1085.63,1.25,13.74,985540,517683426.0,2.27,0.82
2024-07-02,1110.68,1117.65,1121.75,1105.51,0.69,7.7,1131064,555407075.0,1.46,0.94
2024-07-03,1117.48,1122.11,1126.2,1115.7,0.4,4.46,1604653,728406713.0,0.94,1.34
2024-07-04,1119.91,1088.67,1119.91,1085.93,-2.98,-33.44,1587576,699089721.0,3.03,1.32
2024-07-05,1087.07,1108.43,1108.52,1074.14,1.82,19.76,1433594,790893481.0,3.16,1.19
2024-07-08,1110.74,1072.36,1110.74,1070.93,-3.25,-36.07,1430784,770999311.0,3.59,1.19
2024-07-09,1068.59,1081.89,1083.88,1051.43,0.89,9.53,1408769,770558850.0,3.03,1.17
2024-07-10,1074.07,1073.8,1085.62,1068.01,-0.75,-8.09,1129882,663095779.0,1.63,0.94
2024-07-11,1090.29,1111.3,1111.46,1089.77,3.49,37.5,1532508,852444313.0,2.02,1.28
2024-07-12,1109.97,1110.2,1118.64,1104.22,-0.1,-1.1,1326033,728210427.0,1.3,1.1
2024-07-15,1106.73,1087.18,1106.73,1083.9,-2.07,-23.02,1324969,663613001.0,2.06,1.1
2024-07-16,1084.21,1094.04,1094.04,1080.17,0.63,6.86,1102211,585729852.0,1.28,0.92
2024-07-17,1093.36,1097.8,1101.46,1090.46,0.34,3.76,1135528,610438737.0,1.01,0.95
2024-07-18,1092.54,1083.19,1092.54,1068.37,-1.33,-14.61,1190858,625612808.0,2.2,0.99
2024-07-19,1078.37,1085.5,1087.44,1070.44,0.21,2.31,927291,516025883.0,1.57,0.77
2024-07-22,1085.04,1093.36,1094.9,1077.52,0.72,7.86,956890,513820331.0,1.6,0.8
2024-07-23,1093.82,1073.97,1099.31,1073.97,-1.77,-19.39,1112439,539954054.0,2.32,0.93
2024-07-24,1073.01,1055.23,1073.48,1055.23,-1.74,-18.74,1273750,555583475.0,1.7,1.06
2024-07-25,1054.45,1066.29,1072.67,1049.83,1.05,11.06,1091968,442107250.0,2.16,0.91
2024-07-26,1066.33,1084.28,1084.28,1066.33,1.69,17.99,1068331,479995675.0,1.68,0.89
2024-07-29,1080.87,1083.5,1088.45,1072.58,-0.07,-0.78,1060784,477813251.0,1.46,0.88
2024-07-30,1081.84,1100.95,1103.69,1079.92,1.61,17.45,1138488,620657809.0,2.19,0.95
2024-07-31,1103.08,1139.97,1140.45,1103.08,3.54,39.02,2005273,1072410391.0,3.39,1.67
2024-08-01,1140.2,1146.38,1147.94,1135.3,0.56,6.41,1587062,867954591.0,1.11,1.32
2024-08-02,1137.58,1129.61,1151.02,1127.88,-1.46,-16.77,1343476,792767545.0,2.02,1.12
2024-08-05,1126.28,1111.2,1143.24,1111.2,-1.63,-18.41,1450767,727591998.0,2.84,1.21
2024-08-06,1120.06,1125.69,1126.53,1114.29,1.3,14.49,1074957,540632974.0,1.1,0.89
2024-08-07,1129.45,1133.41,1136.08,1119.06,0.69,7.72,1503837,748387904.0,1.51,1.25
2024-08-08,1124.96,1128.68,1132.83,1112.43,-0.42,-4.73,1499145,699118430.0,1.8,1.25
2024-08-09,1132.05,1119.7,1134.87,1119.06,-0.8,-8.98,1137207,589715861.0,1.4,0.95
2024-08-12,1116.96,1120.57,1126.79,1110.94,0.08,0.87,1064062,536770541.0,1.42,0.89
2024-08-13,1116.38,1122.14,1123.21,1108.42,0.14,1.57,1008675,471257583.0,1.32,0.84
2024-08-14,1118.77,1105.41,1119.3,1105.02,-1.49,-16.73,1000631,489804628.0,1.27,0.83
2024-08-15,1102.18,1112.72,1117.8,1091.56,0.66,7.31,2396871,921439350.0,2.37,1.99
2024-08-16,1109.16,1098.47,1111.22,1095.06,-1.28,-14.25,2031233,759028093.0,1.45,1.69
2024-08-19,1089.47,1095.06,1098.56,1085.24,-0.31,-3.41,1572469,679758970.0,1.21,1.31
2024-08-20,1099.2,1083.41,1099.2,1078.13,-1.06,-11.65,1365549,577268713.0,1.92,1.14
2024-08-21,1082.62,1089.53,1089.92,1079.47,0.56,6.12,2015989,729276721.0,0.96,1.68
2024-08-22,1087.27,1079.03,1088.5,1073.8,-0.96,-10.5,1522213,620530693.0,1.35,1.27
2024-08-23,1078.49,1065.7,1081.52,1061.23,-1.24,-13.33,1522239,697492758.0,1.88,1.27
2024-08-26,1062.95,1073.83,1077.3,1060.78,0.76,8.13,1359994,640336769.0,1.55,1.13
2024-08-27,1072.11,1055.73,1073.36,1054.49,-1.69,-18.1,1190743,592602239.0,1.76,0.99
2024-08-28,1052.1,1065.38,1073.35,1050.2,0.91,9.65,1180122,535157467.0,2.19,0.98
2024-08-29,1060.63,1075.84,1077.19,1054.63,0.98,10.46,1216115,540563024.0,2.12,1.01
2024-08-30,1074.56,1089.5,1102.33,1070.64,1.27,13.66,1670876,779395224.0,2.95,1.39
2024-09-02,1086.73,1082.27,1097.86,1082.22,-0.66,-7.23,1485932,681997190.0,1.44,1.24
2024-09-03,1099.55,1115.51,1121.76,1099.55,3.07,33.24,2452225,993916771.0,2.05,2.04
2024-09-04,1108.01,1110.77,1115.85,1098.64,-0.42,-4.74,2972957,1092365321.0,1.54,2.47
2024-09-05,1108.97,1117.28,1118.07,1106.8,0.59,6.51,3167752,1149421658.0,1.01,2.64
2024-09-06,1111.19,1088.41,1111.19,1088.05,-2.58,-28.87,2426492,879843188.0,2.07,2.02
2024-09-09,1079.39,1084.18,1093.41,1073.13,-0.39,-4.23,1955380,719918311.0,1.86,1.63
2024-09-10,1082.91,1083.04,1083.48,1063.41,-0.11,-1.14,1774410,724364072.0,1.85,1.48
2024-09-11,1078.84,1075.59,1082.8,1070.21,-0.69,-7.45,1367577,541928256.0,1.16,1.14
2024-09-12,1073.91,1077.95,1085.58,1073.91,0.22,2.36,1537739,632808756.0,1.08,1.28
2024-09-13,1077.73,1072.29,1077.73,1067.52,-0.53,-5.66,1561919,682799890.0,0.95,1.3
2024-09-18,1070.52,1065.49,1074.42,1049.0,-0.63,-6.8,1455860,687309522.0,2.37,1.21
2024-09-19,1069.74,1093.04,1093.04,1065.19,2.59,27.55,1648543,747853342.0,2.61,1.37
2024-09-20,1091.14,1086.81,1091.14,1076.26,-0.57,-6.23,1419624,701004092.0,1.36,1.18
2024-09-23,1082.31,1089.13,1091.65,1077.24,0.21,2.32,1389357,1068697855.0,1.33,1.16
2024-09-24,1091.65,1120.07,1120.54,1090.94,2.84,30.94,2183368,1451464458.0,2.72,1.82
2024-09-25,1126.83,1137.94,1165.38,1126.83,1.6,17.87,2596357,1647713035.0,3.44,2.16
2024-09-26,1135.05,1171.0,1171.0,1133.93,2.91,33.06,2452805,1487040237.0,3.26,2.04
2024-09-27,1186.35,1221.27,1231.09,1180.0,4.29,50.27,3021190,1791896570.0,4.36,2.51
2024-09-30,1266.12,1350.81,1362.42,1252.99,10.61,129.54,5506090,3444448937.0,8.96,4.58
2024-10-08,1516.92,1444.88,1516.92,1367.36,6.96,94.07,6430458,4075811203.0,11.07,5.35
2024-10-09,1408.76,1309.78,1408.76,1309.18,-9.35,-135.1,4346274,2931445368.0,6.89,3.62
2024-10-10,1320.08,1315.7,1344.58,1292.06,0.45,5.92,2947255,2101474108.0,4.01,2.45
2024-10-11,1315.74,1273.94,1322.42,1262.16,-3.17,-41.76,2441930,1784174914.0,4.58,2.03
2024-10-14,1277.17,1305.85,1308.29,1260.29,2.5,31.91,2165648,1537241043.0,3.77,1.8
2024-10-15,1306.6,1300.54,1332.4,1296.19,-0.41,-5.31,3161640,1848305023.0,2.77,2.63
2024-10-16,1286.64,1299.26,1313.12,1286.32,-0.1,-1.28,2406204,1487528998.0,2.06,2.0
2024-10-17,1306.18,1290.51,1318.67,1290.51,-0.67,-8.75,2269618,1386949131.0,2.17,1.89
2024-10-18,1291.12,1326.7,1344.14,1287.94,2.8,36.19,2914211,1910352858.0,4.35,2.43
2024-10-21,1332.27,1362.6,1363.59,1329.13,2.71,35.9,3189370,2269139047.0,2.6,2.65
2024-10-22,1362.16,1394.88,1409.13,1351.46,2.37,32.28,3541619,2332028605.0,4.23,2.95
2024-10-23,1392.46,1412.25,1422.33,1384.72,1.25,17.37,4466973,2608308923.0,2.7,3.72
2024-10-24,1403.44,1419.31,1422.06,1395.82,0.5,7.06,2878669,1953178029.0,1.86,2.4
2024-10-25,1424.59,1450.4,1464.81,1424.59,2.19,31.09,3149483,2251215170.0,2.83,2.62
2024-10-28,1455.42,1514.62,1514.68,1455.42,4.43,64.22,3637468,2523753666.0,4.09,3.03
2024-10-29,1554.93,1537.7,1554.93,1526.11,1.52,23.08,4042243,2863670778.0,1.9,3.36
2024-10-30,1528.4,1540.9,1568.41,1528.32,0.21,3.2,3682091,2935426540.0,2.61,3.06
2024-10-31,1535.54,1597.26,1604.2,1532.79,3.66,56.36,4063685,3060224056.0,4.63,3.38
2024-11-01,1580.64,1512.03,1580.64,1500.34,-5.34,-85.23,3562290,2707001738.0,5.03,2.96
2024-11-04,1485.29,1519.25,1519.25,1482.01,0.48,7.22,2625892,2105622082.0,2.46,2.19
2024-11-05,1514.24,1561.41,1561.98,1514.24,2.78,42.16,3791679,2582731653.0,3.14,3.16
2024-11-06,1562.28,1586.08,1602.06,1562.28,1.58,24.67,5004561,3221985713.0,2.55,4.17
2024-11-07,1574.43,1630.11,1630.11,1573.93,2.78,44.03,4578025,2948678392.0,3.54,3.81
2024-11-08,1648.31,1646.44,1655.92,1624.91,1.0,16.33,4155897,3274917074.0,1.9,3.46
2024-11-11,1640.26,1671.33,1671.33,1639.51,1.51,24.89,3315946,2543042231.0,1.93,2.76
2024-11-12,1677.45,1654.08,1681.23,1639.06,-1.03,-17.25,3611237,2980535203.0,2.52,3.01
2024-11-13,1645.54,1658.0,1664.66,1617.34,0.24,3.92,2621735,2221401016.0,2.86,2.18
2024-11-14,1653.07,1621.42,1661.94,1619.53,-2.21,-36.58,3517896,2388345670.0,2.56,2.93
2024-11-15,1617.1,1616.36,1653.42,1614.42,-0.31,-5.06,4354158,2908944655.0,2.41,3.62
2024-11-18,1619.62,1583.4,1631.06,1572.78,-2.04,-32.96,4177586,2670334314.0,3.61,3.48
2024-11-19,1581.5,1608.66,1608.66,1560.63,1.6,25.26,2511110,1770488278.0,3.03,2.09
2024-11-20,1616.99,1656.74,1659.88,1614.61,2.99,48.08,4314898,2904930738.0,2.81,3.59
2024-11-21,1651.32,1696.78,1699.27,1651.32,2.42,40.04,4590258,3130532054.0,2.89,3.82
2024-11-22,1687.49,1664.5,1725.25,1661.08,-1.9,-32.28,6554100,4329304867.0,3.78,5.45
2024-11-25,1667.09,1690.51,1693.41,1653.9,1.56,26.01,5182795,3684474994.0,2.37,4.31
2024-11-26,1687.19,1656.82,1706.56,1651.61,-1.99,-33.69,4189842,2975308565.0,3.25,3.49
2024-11-27,1644.36,1698.12,1698.12,1615.73,2.49,41.3,3705371,2724824201.0,4.97,3.08
2024-11-28,1707.39,1709.94,1751.51,1703.69,0.7,11.82,4151956,3332950651.0,2.82,3.46
2024-11-29,1712.22,1737.85,1751.15,1700.31,1.63,27.91,4387553,3389489033.0,2.97,3.65
2024-12-02,1733.26,1778.72,1778.72,1731.92,2.35,40.87,4553198,3584016681.0,2.69,3.79
2024-12-03,1775.96,1772.56,1777.92,1751.0,-0.35,-6.16,3777875,2958661358.0,1.51,3.14
2024-12-04,1763.21,1745.75,1765.51,1736.26,-1.51,-26.81,4086110,2903729888.0,1.65,3.4
2024-12-05,1748.15,1769.27,1771.36,1732.36,1.35,23.52,3673810,2818534331.0,2.23,3.06
2024-12-06,1774.49,1792.89,1800.45,1752.55,1.34,23.62,4761273,3460915158.0,2.71,3.96
2024-12-09,1785.44,1775.26,1792.09,1757.12,-0.98,-17.63,4165975,2943493567.0,1.95,3.47
2024-12-10,1819.32,1772.33,1819.32,1767.25,-0.17,-2.93,3803652,2899754585.0,2.93,3.17
2024-12-11,1764.15,1798.56,1798.56,1764.15,1.48,26.23,3724771,2652652602.0,1.94,3.1
2024-12-12,1812.38,1824.06,1824.06,1792.54,1.42,25.5,4390022,3463541168.0,1.75,3.65
2024-12-13,1819.75,1822.9,1846.63,1819.75,-0.06,-1.16,3471676,2928133454.0,1.47,2.89
2024-12-16,1814.86,1804.43,1833.13,1796.69,-1.01,-18.47,3623579,3189441308.0,2.0,3.02
2024-12-17,1794.23,1704.53,1794.23,1702.0,-5.54,-99.9,3725609,2750545417.0,5.11,3.1
2024-12-18,1718.86,1703.26,1725.91,1690.57,-0.07,-1.27,2687548,2014739135.0,2.07,2.24
2024-12-19,1698.3,1705.29,1706.21,1660.83,0.12,2.03,3062576,2288099238.0,2.66,2.55
2024-12-20,1695.81,1714.26,1729.95,1695.22,0.53,8.97,2720015,2021735123.0,2.04,2.26
2024-12-23,1710.62,1614.17,1710.62,1613.73,-5.84,-100.09,3379818,2335070856.0,5.65,2.81
2024-12-24,1614.81,1613.72,1631.17,1589.6,-0.03,-0.45,2258168,1734509155.0,2.58,1.88
2024-12-25,1614.42,1578.18,1614.42,1561.19,-2.2,-35.54,2613025,1870599289.0,3.3,2.17
2024-12-26,1578.99,1599.87,1610.14,1578.99,1.37,21.69,2269582,1741904890.0,1.97,1.89
2024-12-27,1606.91,1618.37,1632.32,1596.45,1.16,18.5,2424254,1907465318.0,2.24,2.02
2024-12-30,1615.27,1603.08,1615.27,1582.19,-0.94,-15.29,2560938,1881128113.0,2.04,2.13
2024-12-31,1606.42,1577.69,1613.08,1575.15,-1.58,-25.39,2176246,1676092543.0,2.37,1.81
2025-01-02,1578.82,1569.08,1607.17,1554.68,-0.55,-8.61,2367559,1677578311.0,3.33,1.97
2025-01-03,1570.18,1505.56,1570.61,1501.69,-4.05,-63.52,2987093,1836321968.0,4.39,2.49
2025-01-06,1499.66,1490.93,1511.69,1452.34,-0.97,-14.63,2459869,1619785979.0,3.94,2.05
2025-01-07,1491.07,1512.29,1512.82,1474.75,1.43,21.36,2031855,1462479159.0,2.55,1.69
2025-01-08,1507.46,1530.28,1530.28,1479.18,1.19,17.99,2266900,1663363227.0,3.38,1.89
2025-01-09,1521.53,1541.6,1547.57,1519.0,0.74,11.32,1946949,1529484150.0,1.87,1.62
2025-01-10,1545.67,1486.92,1545.67,1486.92,-3.55,-54.68,1956663,1414098104.0,3.81,1.63
2025-01-13,1467.5,1497.11,1501.54,1457.15,0.69,10.19,1915008,1285627119.0,2.99,1.59
2025-01-14,1508.17,1564.94,1564.94,1507.1,4.53,67.83,2286436,1647088890.0,3.86,1.9
2025-01-15,1567.75,1560.47,1592.16,1557.14,-0.29,-4.47,2017713,1783851651.0,2.24,1.68
2025-01-16,1566.33,1575.03,1585.85,1553.15,0.93,14.56,2107334,1672588712.0,2.1,1.75
2025-01-17,1568.97,1569.51,1576.08,1551.61,-0.35,-5.52,2588362,1601833641.0,1.55,2.15
2025-01-20,1579.44,1590.42,1596.36,1564.81,1.33,20.91,2603717,1801235076.0,2.01,2.17
2025-01-21,1609.0,1591.18,1609.0,1571.58,0.05,0.76,2633086,1984744651.0,2.35,2.19
2025-01-22,1592.3,1561.69,1592.3,1557.02,-1.85,-29.49,3165946,2038100840.0,2.22,2.63
2025-01-23,1571.87,1556.19,1587.92,1556.19,-0.35,-5.5,2859531,1809329340.0,2.03,2.38
2025-01-24,1559.61,1565.11,1567.52,1548.45,0.57,8.92,3660500,2354350750.0,1.23,3.05
2025-01-27,1570.34,1569.47,1594.51,1569.47,0.28,4.36,2316941,1655613792.0,1.6,1.93
2025-02-05,1564.19,1569.49,1577.37,1560.74,0.0,0.02,3121621,1946993244.0,1.06,2.6
2025-02-06,1568.81,1589.02,1589.02,1553.34,1.24,19.53,2867201,1984707447.0,2.27,2.39
2025-02-07,1583.75,1608.02,1621.95,1583.68,1.2,19.0,3048754,2203704986.0,2.41,2.54
2025-02-10,1608.81,1633.94,1633.94,1605.46,1.61,25.92,2561187,1906157417.0,1.77,2.13
2025-02-11,1632.54,1633.97,1639.94,1620.29,0.0,0.03,2458618,1842646742.0,1.2,2.05
2025-02-12,1629.96,1633.38,1636.24,1618.73,-0.04,-0.59,2277765,1920140097.0,1.07,1.9
2025-02-13,1630.12,1621.05,1635.92,1617.59,-0.75,-12.33,2168035,1701915488.0,1.12,1.8
2025-02-14,1620.43,1614.23,1629.93,1608.75,-0.42,-6.82,3114944,2146742119.0,1.31,2.59
2025-02-17,1612.36,1623.06,1627.63,1608.48,0.55,8.83,3106971,2150316752.0,1.19,2.59
2025-02-18,1619.23,1567.52,1619.23,1563.15,-3.42,-55.54,2754417,1785404346.0,3.46,2.29
2025-02-19,1566.12,1578.93,1578.93,1562.63,0.73,11.41,2000894,1476370187.0,1.04,1.67
2025-02-20,1578.53,1588.64,1594.62,1573.06,0.61,9.71,2085622,1517460024.0,1.37,1.74
2025-02-21,1588.53,1583.62,1588.53,1565.75,-0.32,-5.02,2221034,1702972328.0,1.43,1.85
2025-02-24,1580.04,1584.53,1593.83,1572.94,0.06,0.91,2217585,1639406010.0,1.32,1.85
2025-02-25,1573.9,1577.82,1593.57,1570.07,-0.42,-6.71,1899965,1404759830.0,1.48,1.58
2025-02-26,1582.02,1597.73,1597.73,1582.02,1.26,19.91,2662513,1806869453.0,1.0,2.22
2025-02-27,1597.27,1611.9,1611.9,1587.74,0.89,14.17,2894300,2022408266.0,1.51,2.41
2025-02-28,1607.54,1578.23,1608.22,1575.0,-2.09,-33.67,2622680,1987285030.0,2.06,2.18
2025-03-03,1580.39,1576.55,1596.0,1567.74,-0.11,-1.68,2633960,1721437396.0,1.79,2.19
2025-03-04,1571.77,1593.14,1593.14,1566.54,1.05,16.59,1826104,1297168796.0,1.69,1.52
2025-03-05,1590.54,1583.84,1590.67,1567.59,-0.58,-9.3,2013066,1399315919.0,1.45,1.68
2025-03-06,1585.64,1603.54,1607.8,1583.82,1.24,19.7,2317652,1740285655.0,1.51,1.93
2025-03-07,1605.61,1598.88,1611.81,1588.83,-0.29,-4.66,2182856,1789516328.0,1.43,1.82
2025-03-10,1598.44,1599.48,1602.91,1585.34,0.04,0.6,1807379,1466102687.0,1.1,1.5
2025-03-11,1587.49,1604.99,1604.99,1582.22,0.34,5.51,1753481,1159318944.0,1.42,1.46
2025-03-12,1606.7,1604.33,1614.2,1601.12,-0.04,-0.66,2100971,1424786898.0,0.81,1.75
2025-03-13,1606.28,1598.92,1606.32,1575.85,-0.34,-5.41,2276383,1509599836.0,1.9,1.89
2025-03-14,1597.27,1633.18,1633.18,1595.03,2.14,34.26,2746311,1867212823.0,2.39,2.29
2025-03-17,1635.94,1651.81,1651.81,1629.98,1.14,18.63,3238404,2204382212.0,1.34,2.7
2025-03-18,1654.94,1653.1,1654.94,1641.23,0.08,1.29,2030445,1416338499.0,0.83,1.69
2025-03-19,1649.25,1638.02,1649.84,1629.39,-0.91,-15.08,1871458,1329585585.0,1.24,1.56
2025-03-20,1636.22,1628.11,1643.96,1627.24,-0.6,-9.91,2184027,1354577901.0,1.02,1.82
2025-03-21,1623.19,1606.3,1627.15,1596.7,-1.34,-21.81,2051346,1284214851.0,1.87,1.71
2025-03-24,1606.55,1571.12,1606.55,1542.7,-2.19,-35.18,2461850,1501979872.0,3.97,2.05
2025-03-25,1570.76,1589.06,1592.32,1561.31,1.14,17.94,2120993,1281587493.0,1.97,1.77
2025-03-26,1584.3,1602.56,1611.36,1584.3,0.85,13.5,1950170,1194429879.0,1.7,1.62
2025-03-27,1601.36,1600.39,1614.94,1584.68,-0.14,-2.17,2070021,1312907334.0,1.89,1.72
2025-03-28,1600.66,1570.44,1600.66,1569.66,-1.87,-29.95,1834330,1253072083.0,1.94,1.53
2025-03-31,1561.26,1544.62,1561.26,1526.11,-1.64,-25.82,1988848,1303701688.0,2.24,1.66
2025-04-01,1547.01,1564.01,1577.16,1547.01,1.26,19.39,1764052,1087686413.0,1.95,1.47
2025-04-02,1576.48,1587.35,1595.4,1569.63,1.49,23.34,2606710,1363168866.0,1.65,2.17
2025-04-03,1570.57,1582.59,1596.55,1565.94,-0.3,-4.76,2598314,1980676701.0,1.93,2.16
2025-04-07,1497.3,1377.09,1497.3,1365.32,-12.99,-205.5,3387693,1895270002.0,8.34,2.82
2025-04-08,1368.32,1370.8,1405.88,1342.19,-0.46,-6.29,3152015,1979844620.0,4.62,2.62
2025-04-09,1350.89,1403.46,1412.46,1292.13,2.38,32.66,2799711,1661637685.0,8.78,2.33
2025-04-10,1426.14,1448.66,1468.31,1426.14,3.22,45.2,2409880,1679305800.0,3.0,2.01
2025-04-11,1435.98,1461.09,1473.29,1435.98,0.86,12.43,1796517,1253081868.0,2.58,1.5
2025-04-14,1488.53,1498.54,1505.77,1487.26,2.56,37.45,2138948,1390682491.0,1.27,1.78
2025-04-15,1507.33,1526.27,1532.94,1507.33,1.85,27.73,1990344,1493388700.0,1.71,1.66
2025-04-16,1514.97,1492.86,1514.97,1472.64,-2.19,-33.41,2139757,1469083880.0,2.77,1.78
2025-04-17,1492.34,1511.34,1519.06,1491.85,1.24,18.48,1616267,1141955021.0,1.82,1.35
2025-04-18,1517.52,1512.42,1522.15,1499.52,0.07,1.08,1587806,981038623.0,1.5,1.32
2025-04-21,1530.25,1550.55,1552.7,1513.77,2.52,38.13,3045182,1887313151.0,2.57,2.53
2025-04-22,1543.1,1579.19,1598.77,1543.1,1.85,28.64,4963471,2665627931.0,3.59,4.13
2025-04-23,1579.74,1572.74,1586.64,1569.13,-0.41,-6.45,4701958,2491273098.0,1.11,3.91
2025-04-24,1573.23,1571.48,1585.53,1559.94,-0.08,-1.26,3827325,2091056626.0,1.63,3.19
2025-04-25,1568.73,1569.45,1584.48,1563.0,-0.13,-2.03,3299705,1864285996.0,1.37,2.75
2025-04-28,1565.87,1549.82,1565.87,1532.62,-1.25,-19.63,3031679,1711431949.0,2.12,2.52
2025-04-29,1543.27,1565.6,1572.43,1538.15,1.02,15.78,2838482,1758226014.0,2.21,2.36
2025-04-30,1571.29,1567.57,1577.6,1566.57,0.13,1.97,2643549,1537988448.0,0.7,2.2
2025-05-06,1577.89,1602.03,1602.03,1577.89,2.2,34.46,2401007,1541006710.0,1.54,2.0
2025-05-07,1616.76,1609.79,1618.69,1595.92,0.48,7.76,2897800,1819702934.0,1.42,2.41
2025-05-08,1606.91,1627.93,1630.45,1606.91,1.13,18.14,2820319,1869250330.0,1.46,2.35
2025-05-09,1629.43,1619.32,1629.7,1607.13,-0.53,-8.61,2534445,1755445915.0,1.39,2.11
2025-05-12,1625.04,1629.32,1629.84,1616.9,0.62,10.0,2778057,1829423523.0,0.8,2.31
2025-05-13,1643.07,1622.73,1647.75,1621.66,-0.4,-6.59,2741208,1933899015.0,1.6,2.28
2025-05-14,1621.51,1629.27,1630.9,1602.77,0.4,6.54,2512030,1681794386.0,1.73,2.09
2025-05-15,1631.17,1628.18,1639.69,1622.11,-0.07,-1.09,2401891,1652355114.0,1.08,2.0
2025-05-16,1621.74,1625.29,1631.92,1619.23,-0.18,-2.89,2275720,1517246639.0,0.78,1.89
2025-05-19,1627.68,1652.63,1652.63,1614.0,1.68,27.34,2590585,1961928096.0,2.38,2.16
2025-05-20,1659.22,1711.94,1713.43,1659.22,3.59,59.31,2808358,2518266580.0,3.28,2.34
2025-05-21,1717.48,1694.31,1720.23,1690.42,-1.03,-17.63,2761184,2335892889.0,1.74,2.3
2025-05-22,1689.69,1667.41,1700.84,1659.89,-1.59,-26.9,3451791,2489658265.0,2.42,2.87
2025-05-23,1661.93,1651.62,1680.55,1647.74,-0.95,-15.79,2810753,2148603449.0,1.97,2.34
2025-05-26,1651.65,1674.13,1674.13,1645.01,1.36,22.51,2876443,2155335803.0,1.76,2.39
2025-05-27,1672.15,1680.18,1690.94,1669.61,0.36,6.05,2453204,1986669575.0,1.27,2.04
2025-05-28,1677.61,1661.93,1680.5,1655.0,-1.09,-18.25,2229649,1709577832.0,1.52,1.86
2025-05-29,1655.43,1681.03,1682.43,1653.95,1.15,19.1,2517477,1805514814.0,1.71,2.1
2025-05-30,1678.57,1656.24,1679.21,1651.27,-1.47,-24.79,2073377,1412461569.0,1.66,1.73
2025-06-03,1650.61,1676.08,1680.25,1650.61,1.2,19.84,2127176,1498824516.0,1.79,1.77
2025-06-04,1682.16,1732.29,1732.46,1679.26,3.35,56.21,5118112,3037383378.0,3.17,4.26
2025-06-05,1735.12,1711.34,1735.12,1704.09,-1.21,-20.95,3966728,2387582187.0,1.79,3.3
2025-06-06,1712.57,1718.58,1721.01,1705.16,0.42,7.24,3219645,2060709790.0,0.93,2.68
2025-06-09,1723.41,1758.19,1758.19,1723.41,2.3,39.61,3891959,2620961780.0,2.02,3.24
2025-06-10,1755.53,1740.55,1758.48,1717.06,-1.0,-17.64,3363626,2333441589.0,2.36,2.8
2025-06-11,1743.56,1758.22,1767.16,1743.56,1.02,17.67,2947665,2269807953.0,1.36,2.45
2025-06-12,1756.55,1785.95,1786.79,1753.4,1.58,27.73,3079468,2736567991.0,1.9,2.56
2025-06-13,1773.57,1742.8,1775.19,1738.56,-2.42,-43.15,3100779,2669734812.0,2.05,2.58
2025-06-16,1732.86,1766.08,1771.77,1732.86,1.34,23.28,2892553,2463215549.0,2.23,2.41
2025-06-17,1765.08,1747.08,1766.99,1739.86,-1.08,-19.0,2398192,2139232649.0,1.54,2.0
2025-06-18,1741.01,1727.59,1741.01,1717.25,-1.12,-19.49,2220429,1739434197.0,1.36,1.85
2025-06-19,1723.49,1687.09,1726.09,1683.0,-2.34,-40.5,2153143,1621825315.0,2.49,1.79
2025-06-20,1689.64,1686.01,1706.47,1682.14,-0.06,-1.08,2159773,1563696712.0,1.44,1.8
2025-06-23,1672.82,1711.04,1711.04,1669.68,1.48,25.03,3154533,2012210191.0,2.45,2.63
2025-06-24,1712.37,1761.13,1761.13,1712.37,2.93,50.09,3450862,2302578474.0,2.85,2.87
2025-06-25,1769.34,1763.05,1779.89,1752.19,0.11,1.92,4015099,2714326822.0,1.57,3.34
2025-06-26,1764.89,1774.67,1786.35,1761.15,0.66,11.62,3660416,2464194862.0,1.43,3.05
2025-06-27,1777.37,1784.37,1789.33,1777.19,0.55,9.7,3417054,2254909034.0,0.68,2.84
2025-06-30,1785.33,1810.12,1810.12,1778.94,1.44,25.75,3139063,2239458293.0,1.75,2.61
2025-07-01,1809.71,1815.16,1815.16,1792.91,0.28,5.04,2567259,1868146973.0,1.23,2.14
2025-07-02,1821.44,1804.1,1821.44,1797.76,-0.61,-11.06,2683240,1969907068.0,1.3,2.23
2025-07-03,1809.29,1829.69,1830.17,1809.29,1.42,25.59,3042754,2213231781.0,1.16,2.53
2025-07-04,1824.64,1804.04,1824.64,1803.78,-1.4,-25.65,2987587,1990332972.0,1.14,2.49
2025-07-07,1815.42,1840.64,1841.05,1811.97,2.03,36.6,3172321,2318440603.0,1.61,2.64
2025-07-08,1857.05,1869.87,1872.87,1850.72,1.59,29.23,3905200,3085640997.0,1.2,3.25
2025-07-09,1869.51,1850.6,1871.25,1845.27,-1.03,-19.27,3409510,2606836756.0,1.39,2.84
2025-07-10,1848.56,1837.76,1848.56,1822.36,-0.69,-12.84,2664765,2004930547.0,1.42,2.22
2025-07-11,1839.65,1835.87,1839.65,1818.35,-0.1,-1.89,2756826,1925791505.0,1.16,2.29
2025-07-14,1836.92,1851.47,1853.48,1836.92,0.85,15.6,2687127,1898945444.0,0.9,2.24
2025-07-15,1846.79,1838.27,1849.41,1817.3,-0.71,-13.2,2805886,2039731414.0,1.73,2.34
2025-07-16,1838.1,1847.63,1851.91,1838.1,0.51,9.36,2175819,1672768103.0,0.75,1.81
2025-07-17,1844.3,1860.35,1860.35,1840.9,0.69,12.72,2111129,1621462277.0,1.05,1.76
2025-07-18,1865.84,1886.26,1886.94,1861.03,1.39,25.91,1858041,1601969249.0,1.39,1.55
2025-07-21,1882.59,1900.74,1901.92,1873.42,0.77,14.48,2463054,1918650755.0,1.51,2.05
2025-07-22,1895.24,1876.8,1895.24,1873.4,-1.26,-23.94,2865833,2117285930.0,1.15,2.39
2025-07-23,1868.27,1875.6,1886.95,1864.33,-0.06,-1.2,2644480,2010717246.0,1.21,2.2
2025-07-24,1872.53,1882.03,1882.23,1871.39,0.34,6.43,2354700,1793821052.0,0.58,1.96
2025-07-25,1885.33,1894.25,1898.95,1881.76,0.65,12.22,2327865,1732616548.0,0.91,1.94
2025-07-28,1894.25,1913.9,1917.07,1892.39,1.04,19.65,3702035,2449796517.0,1.3,3.08
2025-07-29,1914.4,1913.96,1917.96,1888.36,0.0,0.06,3171332,2175186273.0,1.55,2.64
2025-07-30,1910.01,1903.05,1912.71,1887.23,-0.57,-10.91,2706793,1791823399.0,1.33,2.25
2025-07-31,1901.41,1892.53,1905.62,1886.41,-0.55,-10.52,3368800,2178869272.0,1.01,2.8
2025-08-01,1906.04,1928.13,1928.13,1906.04,1.88,35.6,2950497,2026373614.0,1.17,2.46
2025-08-04,1934.04,1933.87,1935.83,1906.24,0.3,5.74,3512907,2644922130.0,1.53,2.92
2025-08-05,1934.38,1944.73,1945.79,1932.11,0.56,10.86,2996821,2231879109.0,0.71,2.49
2025-08-06,1946.07,1948.29,1949.77,1935.66,0.18,3.56,2791347,2059917208.0,0.73,2.32
2025-08-07,1951.58,1958.61,1961.66,1950.08,0.53,10.32,3013791,2148068332.0,0.59,2.51
2025-08-08,1956.11,1956.53,1958.23,1942.18,-0.11,-2.08,2781344,1889435334.0,0.82,2.31
2025-08-11,1962.83,1990.13,1991.33,1950.28,1.72,33.6,3776330,2622085514.0,2.1,3.14
2025-08-12,1991.95,1978.03,1995.76,1974.34,-0.61,-12.1,3489784,2620406531.0,1.08,2.9
2025-08-13,1984.15,1982.36,1984.15,1968.6,0.22,4.33,3155710,2377363492.0,0.79,2.63
2025-08-14,1985.51,1968.84,1994.0,1967.93,-0.68,-13.52,3588996,2720497296.0,1.32,2.99
2025-08-15,1968.39,1974.43,1980.63,1967.28,0.28,5.59,3820765,2818419794.0,0.68,3.18
2025-08-18,1985.73,2000.41,2000.86,1984.57,1.32,25.98,4212097,3052687830.0,0.83,3.51
2025-08-19,2005.81,2005.48,2008.89,1987.51,0.25,5.07,3757705,2839867315.0,1.07,3.13
2025-08-20,2004.14,2048.71,2053.57,1999.14,2.16,43.23,3474765,2672413652.0,2.71,2.89
2025-08-21,2053.52,2039.88,2053.52,2028.53,-0.43,-8.83,3110248,2381945947.0,1.22,2.59
2025-08-22,2038.9,2054.31,2055.55,2014.76,0.71,14.43,3720660,2807654309.0,2.0,3.1
2025-08-25,2055.57,2055.31,2066.21,2041.22,0.05,1.0,4494323,3407865517.0,1.22,3.74
2025-08-26,2048.5,2060.72,2075.24,2040.36,0.26,5.41,4743022,3320150325.0,1.7,3.95
2025-08-27,2063.31,2011.86,2072.18,2011.86,-2.37,-48.86,4234762,3221351817.0,2.93,3.52
2025-08-28,2006.67,1995.98,2023.55,1941.58,-0.79,-15.88,4054653,3198901719.0,4.07,3.37
2025-08-29,1991.21,1985.41,1997.1,1978.52,-0.53,-10.57,3180796,2633139451.0,0.93,2.65
2025-09-01,1984.71,2016.99,2017.62,1981.08,1.59,31.58,3508402,2973169206.0,1.84,2.92
2025-09-02,2012.15,1988.92,2012.15,1964.83,-1.39,-28.07,3465794,2721481275.0,2.35,2.88
2025-09-03,1987.77,1960.22,1992.5,1954.28,-1.44,-28.7,2748917,2166408592.0,1.92,2.29
2025-09-04,1962.03,1967.32,1990.82,1943.77,0.36,7.1,3479401,2767006515.0,2.4,2.9
2025-09-05,1969.99,2021.39,2021.39,1954.37,2.75,54.07,3283800,2673643744.0,3.41,2.73
2025-09-08,2026.14,2060.6,2062.05,2026.14,1.94,39.21,3440033,2936608993.0,1.78,2.86
2025-09-09,2054.47,2060.4,2071.88,2045.24,-0.01,-0.2,3663769,2999893629.0,1.29,3.05
2025-09-10,2061.29,2065.79,2070.91,2055.8,0.26,5.39,3308917,2882463216.0,0.73,2.75
2025-09-11,2062.5,2076.24,2077.18,2041.78,0.51,10.45,3242055,2635587640.0,1.71,2.7
2025-09-12,2082.81,2062.05,2082.81,2051.58,-0.68,-14.19,3123323,2491174373.0,1.5,2.6
2025-09-15,2064.19,2050.17,2064.33,2046.44,-0.58,-11.88,3054551,2320351822.0,0.87,2.54
2025-09-16,2053.87,2056.67,2056.67,2034.47,0.32,6.5,2674763,2001207300.0,1.08,2.23
2025-09-17,2061.13,2061.68,2070.81,2051.97,0.24,5.01,2884919,2166157192.0,0.92,2.4
2025-09-18,2064.17,2037.58,2069.42,2019.17,-1.17,-24.1,4304584,3242613473.0,2.44,3.58
2025-09-19,2033.5,2042.13,2043.17,2020.08,0.22,4.55,3816908,2743565976.0,1.13,3.18
2025-09-22,2041.43,2049.89,2050.18,2019.73,0.38,7.76,4255767,3008363293.0,1.49,3.54
2025-09-23,2045.15,2008.93,2045.15,1966.43,-2.0,-40.96,3669491,2790808550.0,3.84,3.05
2025-09-24,2002.55,2035.02,2035.44,1995.72,1.3,26.09,2625063,2084277700.0,1.98,2.18
2025-09-25,2032.19,2022.39,2039.61,2019.92,-0.62,-12.63,2898673,2183498933.0,0.97,2.41
2025-09-26,2015.16,2016.88,2029.4,2002.18,-0.27,-5.51,2341630,1885074142.0,1.35,1.95
2025-09-29,2010.82,2025.6,2033.87,1993.73,0.43,8.72,3137172,2449996556.0,1.99,2.61
2025-09-30,2026.98,2020.94,2036.23,2018.47,-0.23,-4.66,2568777,2099741959.0,0.88,2.14
2025-10-09,2025.22,2026.99,2026.99,1998.42,0.3,6.05,3270474,2546556350.0,1.41,2.72
2025-10-10,2017.74,2030.66,2036.84,2011.6,0.18,3.67,3587663,2620658083.0,1.25,2.99
2025-10-13,1955.8,2011.9,2016.28,1954.35,-0.92,-18.76,3092575,2357624181.0,3.05,2.57
2025-10-14,2021.63,2006.16,2028.69,1998.79,-0.29,-5.74,3110296,2249887736.0,1.49,2.59
2025-10-15,2008.44,2022.01,2023.68,1995.67,0.79,15.85,2305809,1955269611.0,1.4,1.92
2025-10-16,2019.52,1998.13,2027.36,1992.52,-1.18,-23.88,2619777,1944946171.0,1.72,2.18
2025-10-17,1996.99,1948.18,1997.32,1947.35,-2.5,-49.95,2279239,1586614694.0,2.5,1.9
2025-10-20,1964.95,1968.41,1975.33,1954.75,1.04,20.23,1816151,1295145048.0,1.06,1.51
2025-10-21,1973.02,2013.34,2013.34,1961.87,2.28,44.93,2453407,1946024269.0,2.61,2.04
2025-10-22,2010.23,2011.54,2023.11,2005.37,-0.09,-1.8,3059454,2199651820.0,0.88,2.55
2025-10-23,2008.45,2019.94,2019.94,1997.08,0.42,8.4,2334207,1775947947.0,1.14,1.94
2025-10-24,2022.52,2046.72,2050.21,2017.49,1.33,26.78,3198975,2523391728.0,1.62,2.66
2025-10-27,2054.44,2042.25,2054.44,2022.98,-0.22,-4.47,3167619,2545182655.0,1.54,2.64
2025-10-28,2039.76,2037.77,2049.4,2031.31,-0.22,-4.48,2524641,2057144220.0,0.89,2.1
2025-10-29,2031.85,2025.84,2031.85,1999.38,-0.59,-11.93,2371192,1865362301.0,1.59,1.97
2025-10-30,2029.5,2025.83,2039.39,2014.41,0.0,-0.01,2297390,1850906686.0,1.23,1.91
2025-10-31,2024.58,2053.48,2056.47,2019.4,1.36,27.65,2300523,2032780702.0,1.83,1.91
2025-11-03,2059.16,2052.68,2059.16,2038.96,-0.04,-0.8,2169270,1751487529.0,0.98,1.81
2025-11-04,2052.36,2064.04,2065.36,2047.95,0.55,11.36,2728875,2011503315.0,0.85,2.27
2025-11-05,2049.69,2079.4,2086.71,2047.52,0.74,15.36,2763631,2251758134.0,1.9,2.3
2025-11-06,2084.25,2083.52,2089.43,2071.21,0.2,4.12,3227809,2453407665.0,0.88,2.69
2025-11-07,2079.69,2080.8,2085.9,2068.8,-0.13,-2.72,2653874,2243985937.0,0.82,2.21
2025-11-10,2081.87,2100.34,2101.83,2077.37,0.94,19.54,3255107,2566911434.0,1.18,2.71
2025-11-11,2103.06,2109.85,2114.88,2095.21,0.45,9.51,2773901,2114375506.0,0.94,2.31
2025-11-12,2112.09,2112.33,2119.78,2097.07,0.12,2.48,2493069,2127377148.0,1.08,2.07
2025-11-13,2111.04,2134.31,2137.33,2106.92,1.04,21.98,3761825,2818839245.0,1.44,3.13
2025-11-14,2136.4,2134.56,2150.26,2129.67,0.01,0.25,4926926,3153938021.0,0.96,4.1
2025-11-17,2127.99,2137.98,2143.34,2114.93,0.16,3.42,4587023,3039562612.0,1.33,3.82
2025-11-18,2133.52,2121.78,2133.52,2110.96,-0.76,-16.2,4103589,2860924047.0,1.06,3.42
2025-11-19,2128.38,2112.76,2143.74,2103.08,-0.43,-9.02,3336067,2664865604.0,1.92,2.78
2025-11-20,2117.32,2115.0,2126.6,2099.89,0.11,2.24,3435204,2546752319.0,1.26,2.86
2025-11-21,2096.25,2054.4,2123.81,2038.09,-2.87,-60.6,4436458,3110007636.0,4.05,3.69
2025-11-24,2067.25,2091.87,2098.55,2046.42,1.82,37.47,3928864,2900207721.0,2.54,3.27
2025-11-25,2097.76,2124.01,2146.57,2095.33,1.54,32.14,5108410,3565663598.0,2.45,4.25
2025-11-26,2118.16,2099.67,2135.6,2090.35,-1.15,-24.34,4664024,3295339532.0,2.13,3.88
2025-11-27,2093.29,2105.97,2119.28,2085.61,0.3,6.3,3329015,2539494848.0,1.6,2.77
2025-11-28,2113.04,2136.32,2136.32,2100.78,1.44,30.35,3137831,2350280502.0,1.69,2.61
2025-12-01,2148.71,2143.28,2154.37,2138.3,0.33,6.96,2703291,2185673301.0,0.75,2.25
2025-12-02,2141.71,2161.01,2174.6,2126.76,0.83,17.73,6368667,5175857310.0,2.23,5.3
2025-12-03,2157.96,2174.17,2177.79,2156.35,0.61,13.16,7715329,5901303463.0,0.99,6.42
2025-12-04,2163.84,2143.77,2171.38,2136.51,-1.4,-30.4,7676846,6755190069.0,1.6,6.39
2025-12-05,2143.94,2198.88,2199.2,2141.31,2.57,55.11,5610736,4358057849.0,2.7,4.67
2025-12-08,2223.82,2212.99,2229.27,2208.98,0.64,14.11,6155418,4732304407.0,0.92,5.12
2025-12-09,2216.71,2194.23,2226.36,2190.03,-0.85,-18.76,8256112,8548293964.0,1.64,6.87
2025-12-10,2191.21,2178.21,2206.91,2168.54,-0.73,-16.02,7381064,7484429054.0,1.75,6.14
2025-12-11,2174.5,2160.09,2174.5,2149.12,-0.83,-18.12,7793432,7883432602.0,1.17,6.49
2025-12-12,2159.17,2163.95,2182.31,2149.74,0.18,3.86,5659086,5932203387.0,1.51,4.71
2025-12-15,2175.01,2164.63,2182.48,2142.34,0.03,0.68,7414758,9209188885.0,1.85,6.17
2025-12-16,2156.69,2142.25,2156.69,2128.94,-1.03,-22.38,6796861,8459078900.0,1.28,5.66
2025-12-17,2142.9,2142.64,2148.01,2114.17,0.02,0.39,5946307,7036861971.0,1.58,4.95
2025-12-18,2142.9,2173.44,2190.03,2141.95,1.44,30.8,4233190,4652613914.0,2.24,3.52
2025-12-19,2181.65,2237.44,2245.7,2179.06,2.94,64.0,7302095,8756397111.0,3.07,6.08
2025-12-22,2242.04,2230.18,2246.47,2225.32,-0.32,-7.26,5957061,6552251742.0,0.95,4.96
2025-12-23,2236.4,2234.64,2245.64,2222.52,0.2,4.46,6506538,6592556859.0,1.04,5.42
2025-12-24,2231.48,2302.25,2308.22,2231.48,3.03,67.61,6602770,7186502134.0,3.43,5.5
2025-12-25,2318.4,2322.11,2331.32,2291.32,0.86,19.86,6962953,8682936627.0,1.74,5.79
2025-12-26,2319.75,2300.63,2319.75,2279.61,-0.93,-21.48,9893510,10256405437.0,1.73,8.23
2025-12-29,2274.55,2264.94,2274.55,2251.86,-1.55,-35.69,5659299,7291790003.0,0.99,4.71
2025-12-30,2246.47,2221.42,2246.47,2213.76,-1.92,-43.52,5967840,7933407993.0,1.44,4.97
2025-12-31,2226.55,2225.46,2227.05,2211.85,0.18,4.04,7056334,6823985745.0,0.68,5.87
2026-01-05,2230.6,2230.07,2236.76,2212.11,0.21,4.61,7350236,9284178783.0,1.11,6.12
2026-01-06,2229.92,2255.9,2260.51,2227.7,1.16,25.83,7079377,8656645507.0,1.47,5.89
2026-01-07,2258.56,2255.59,2267.52,2240.74,-0.01,-0.31,7211158,9186331118.0,1.19,6.0
2026-01-08,2248.5,2280.4,2283.05,2245.53,1.1,24.81,6591920,9464880558.0,1.66,5.49
2026-01-09,2285.52,2312.0,2312.0,2276.96,1.39,31.6,7212336,10561022507.0,1.54,6.0
2026-01-12,2324.03,2353.33,2356.99,2317.09,1.79,41.33,8974976,11727142648.0,1.73,7.47
2026-01-13,2352.71,2301.7,2352.71,2297.18,-2.19,-51.63,6227746,6469222705.0,2.36,5.18
2026-01-14,2287.44,2305.38,2323.96,2269.52,0.16,3.68,6948867,7845966788.0,2.37,5.78
2026-01-15,2284.51,2280.72,2290.89,2271.46,-1.07,-24.66,4822443,5315650815.0,0.84,4.01
2026-01-16,2287.91,2280.57,2293.94,2259.51,-0.01,-0.15,4910968,5558336471.0,1.51,4.09
2026-01-19,2279.26,2307.82,2317.81,2279.26,1.19,27.25,4057703,4279389045.0,1.69,3.38
2026-01-20,2312.27,2290.94,2320.06,2276.87,-0.73,-16.88,4344275,4748332042.0,1.87,3.62
2026-01-21,2288.41,2327.17,2328.06,2282.81,1.58,36.23,3484210,3561923853.0,1.98,2.9
2026-01-22,2331.47,2341.09,2341.09,2306.64,0.6,13.92,4497653,4775247663.0,1.48,3.74
2026-01-23,2343.99,2366.29,2366.29,2338.95,1.08,25.2,4575593,5226468908.0,1.17,3.81
2026-01-26,2366.92,2343.98,2366.92,2319.45,-0.94,-22.31,4832622,5565301726.0,2.01,4.02
2026-01-27,2329.9,2323.44,2337.74,2285.26,-0.88,-20.54,4177887,5042578071.0,2.24,3.48
2026-01-28,2317.38,2291.12,2324.34,2284.08,-1.39,-32.32,4703763,5120608550.0,1.73,3.91
2026-01-29,2278.73,2266.93,2308.4,2258.06,-1.06,-24.19,3937704,4667320908.0,2.2,3.28
2026-01-30,2258.42,2301.64,2301.64,2254.71,1.53,34.71,4129218,4657234533.0,2.07,3.44
2026-02-02,2283.62,2241.22,2293.89,2239.04,-2.63,-60.42,3661948,4034412141.0,2.38,3.05
2026-02-03,2247.55,2255.81,2255.81,2233.83,0.65,14.59,3437130,4067077494.0,0.98,2.86
2026-02-04,2254.53,2290.45,2293.25,2253.47,1.54,34.64,4934709,6929946158.0,1.76,4.11
2026-02-05,2283.6,2298.6,2307.76,2275.75,0.36,8.15,3905731,4790536032.0,1.4,3.25
2026-02-06,2290.83,2320.45,2337.23,2283.14,0.95,21.85,4245862,5356848636.0,2.35,3.53
2026-02-09,2338.07,2373.55,2373.87,2328.59,2.29,53.1,5114453,6090897853.0,1.95,4.26
2026-02-10,2373.74,2395.71,2401.78,2363.03,0.93,22.16,5101429,6026369142.0,1.63,4.25
2026-02-11,2390.89,2368.41,2402.46,2368.41,-1.14,-27.3,3837487,4404910292.0,1.42,3.19
2026-02-12,2372.87,2352.21,2377.57,2351.38,-0.68,-16.2,3858607,4233806883.0,1.11,3.21
2026-02-13,2356.84,2338.66,2373.63,2338.14,-0.58,-13.55,2952144,3021211624.0,1.51,2.46
2026-02-24,2361.71,2343.86,2362.56,2335.96,0.22,5.2,2640979,2757922319.0,1.14,2.2
2026-02-25,2349.76,2362.99,2372.05,2344.89,0.82,19.13,3374673,3572336215.0,1.16,2.81
2026-02-26,2368.3,2351.35,2373.57,2342.27,-0.49,-11.64,3339806,3787948052.0,1.32,2.78
2026-02-27,2338.09,2353.91,2365.26,2336.49,0.11,2.56,2797107,3268458752.0,1.22,2.33
2026-03-02,2320.7,2273.28,2331.96,2270.69,-3.43,-80.63,3760887,3887925105.0,2.6,3.13
2026-03-03,2279.45,2187.34,2290.36,2184.97,-3.78,-85.94,3917263,3878868662.0,4.64,3.26
2026-03-04,2171.24,2171.96,2202.42,2157.73,-0.7,-15.38,2688430,2541929516.0,2.04,2.24
2026-03-05,2207.06,2213.66,2225.49,2200.48,1.92,41.7,2305299,2266126845.0,1.15,1.92
2026-03-06,2207.59,2241.42,2245.07,2205.98,1.25,27.76,2234511,2173921120.0,1.77,1.86
2026-03-09,2218.24,2210.96,2222.04,2170.36,-1.36,-30.46,3117304,3272900635.0,2.31,2.59
2026-03-10,2226.72,2256.72,2258.91,2226.72,2.07,45.76,3195947,3470234875.0,1.46,2.66
2026-03-11,2265.75,2260.88,2275.88,2253.3,0.18,4.16,2782320,3145920123.0,1.0,2.32
2026-03-12,2269.39,2240.32,2270.56,2235.57,-0.91,-20.56,2542562,3196003749.0,1.55,2.12
2026-03-13,2235.88,2224.79,2250.75,2218.01,-0.69,-15.53,2646287,3091101963.0,1.46,2.2
2026-03-16,2225.92,2232.32,2232.82,2199.32,0.34,7.53,2632975,3415552374.0,1.51,2.19
2026-03-17,2236.59,2201.07,2244.97,2199.2,-1.4,-31.25,2877177,3597793299.0,2.05,2.39
2026-03-18,2205.36,2251.38,2252.54,2188.74,2.29,50.31,4799063,6817080373.0,2.9,3.99
2026-03-19,2245.35,2209.66,2249.56,2199.38,-1.85,-41.72,5225857,7633820030.0,2.23,4.35
2026-03-20,2228.28,2155.62,2237.96,2155.58,-2.45,-54.04,4538297,6053498539.0,3.73,3.78
2026-03-23,2133.36,2048.98,2136.46,2038.56,-4.95,-106.64,7118638,9221544515.0,4.54,5.92
2026-03-24,2085.76,2111.1,2111.13,2042.01,3.03,62.12,6429249,8659141594.0,3.37,5.35
2026-03-25,2120.64,2144.61,2152.56,2117.36,1.59,33.51,6101044,8806734433.0,1.67,5.08
2026-03-26,2149.63,2139.84,2174.95,2130.78,-0.22,-4.77,5097636,6744890554.0,2.06,4.24
2026-03-27,2118.34,2162.07,2170.43,2107.88,1.04,22.23,5249347,6396709214.0,2.92,4.37
2026-03-30,2135.22,2168.2,2168.2,2123.11,0.28,6.13,4633942,5686029615.0,2.09,3.86
2026-03-31,2167.77,2153.03,2196.22,2148.57,-0.7,-15.17,3698199,4573300840.0,2.2,3.08
2026-04-01,2190.81,2203.96,2204.36,2179.83,2.37,50.93,5650891,7459027270.0,1.14,4.7
2026-04-02,2212.14,2180.79,2220.76,2168.24,-1.05,-23.17,5830048,6546893913.0,2.38,4.85
2026-04-03,2183.62,2106.26,2188.34,2097.23,-3.42,-74.53,5608207,6016515128.0,4.18,4.67
2026-04-07,2105.98,2160.28,2163.19,2105.98,2.56,54.02,5369227,6715832328.0,2.72,4.47
2026-04-08,2199.06,2232.51,2233.47,2195.4,3.34,72.23,6081106,8587159798.0,1.76,5.06
2026-04-09,2218.93,2207.63,2240.09,2203.3,-1.11,-24.88,5992627,8865066701.0,1.65,4.99
2026-04-10,2225.21,2225.24,2241.32,2210.48,0.8,17.61,4747606,6501891872.0,1.4,3.95
2026-04-13,2210.31,2206.79,2220.99,2186.73,-0.83,-18.45,3381291,4325464534.0,1.54,2.81
2026-04-14,2220.79,2211.85,2222.18,2184.4,0.23,5.06,4401006,6195636842.0,1.71,3.66
2026-04-15,2229.05,2205.49,2229.05,2198.48,-0.29,-6.36,4624936,6859895792.0,1.38,3.85
2026-04-16,2212.82,2237.42,2239.53,2207.05,1.45,31.93,5164816,7985092035.0,1.47,4.3
2026-04-17,2231.67,2241.73,2243.55,2213.27,0.19,4.31,6018617,9658308936.0,1.35,5.01
2026-04-20,2245.86,2264.26,2268.75,2244.37,1.01,22.53,5454314,8943559490.0,1.09,4.54
2026-04-21,2272.93,2278.58,2279.28,2246.41,0.63,14.32,4731158,7066967661.0,1.45,3.94
2026-04-22,2273.03,2253.87,2273.03,2248.9,-1.08,-24.71,6078735,10365615223.0,1.06,5.06
2026-04-23,2258.2,2218.71,2258.81,2209.29,-1.56,-35.16,5409461,8535877950.0,2.2,4.5
2026-04-24,2213.13,2206.53,2219.27,2183.36,-0.55,-12.18,5947999,9240368824.0,1.62,4.95
2026-04-27,2207.35,2220.29,2226.12,2175.5,0.62,13.76,4830810,6385224687.0,2.29,4.02
2026-04-28,2216.67,2179.85,2222.08,2171.51,-1.82,-40.44,5215190,6674184721.0,2.28,4.34
2026-04-29,2174.12,2214.41,2219.18,2172.57,1.59,34.56,4229706,5190858120.0,2.14,3.52
2026-04-30,2211.05,2248.95,2249.19,2210.04,1.56,34.54,4447849,6011268844.0,1.77,3.7
2026-05-06,2254.3,2258.61,2268.52,2247.71,0.43,9.66,4704143,6672503829.0,0.93,3.91
2026-05-07,2262.07,2265.8,2271.46,2253.14,0.32,7.19,4576546,6758434451.0,0.81,3.81
2026-05-08,2264.42,2302.25,2304.12,2248.89,1.61,36.45,5060355,7315288852.0,2.44,4.21
2026-05-11,2308.93,2328.55,2329.47,2288.66,1.14,26.3,6067089,8811894818.0,1.77,5.05
2026-05-12,2327.35,2302.02,2327.71,2290.29,-1.14,-26.53,4825557,7162722142.0,1.61,4.02
2026-05-13,2302.59,2303.28,2317.84,2288.23,0.05,1.26,4215229,5554584124.0,1.29,3.51
2026-05-14,2303.9,2249.49,2313.15,2249.49,-2.34,-53.79,4234641,5370820671.0,2.76,3.52
2026-05-15,2252.46,2233.3,2261.14,2221.19,-0.72,-16.19,3949242,4703863930.0,1.78,3.29
2026-05-18,2223.23,2220.38,2228.43,2201.99,-0.58,-12.92,3503017,4169276262.0,1.18,2.92
2026-05-19,2217.51,2237.02,2243.28,2204.87,0.75,16.64,3472954,4629335668.0,1.73,2.89
2026-05-20,2239.68,2222.24,2240.05,2202.09,-0.66,-14.78,3270864,4094170986.0,1.7,2.72
2026-05-21,2223.5,2147.3,2240.56,2144.48,-3.37,-74.94,3780906,4912131413.0,4.32,3.15
2026-05-22,2160.8,2163.51,2167.08,2134.79,0.75,16.21,2886982,3747852815.0,1.5,2.4
2026-05-25,2162.78,2116.61,2167.1,2101.66,-2.17,-46.9,3066796,3877072913.0,3.02,2.55
2026-05-26,2110.82,2073.2,2110.82,2049.75,-2.05,-43.41,3263915,4026695142.0,2.89,2.72
2026-05-27,2072.24,2035.14,2074.25,2016.87,-1.84,-38.06,2804109,3228390917.0,2.77,2.33
2026-05-28,2037.1,2042.26,2049.94,1995.77,0.35,7.12,2592110,2939038325.0,2.66,2.16
2026-05-29,2043.11,2000.01,2048.94,1985.97,-2.07,-42.25,3292556,3671410286.0,3.08,2.74
2026-06-01,2000.34,2041.58,2048.44,1991.0,2.08,41.57,2982984,3365523172.0,2.87,2.48
2026-06-02,2037.58,2029.34,2044.76,2012.06,-0.6,-12.24,2948773,3745631205.0,1.6,2.45
2026-06-03,2028.25,2018.09,2033.77,2002.94,-0.55,-11.25,3256875,4086648810.0,1.52,2.71
2026-06-04,2004.99,1978.96,2015.29,1964.34,-1.94,-39.13,2450500,2704690824.0,2.52,2.04
2026-06-05,1985.03,2005.6,2018.23,1972.13,1.35,26.64,3599320,4490236325.0,2.33,3.0
2026-06-08,1968.26,1975.03,2011.13,1937.94,-1.52,-30.57,3558118,4347110161.0,3.65,2.96
2026-06-09,1979.98,1974.14,1988.18,1955.97,-0.05,-0.89,3052524,3736976531.0,1.63,2.54
2026-06-10,1966.09,1952.25,1967.12,1915.26,-1.11,-21.89,2855278,3322204889.0,2.63,2.38
2026-06-11,1944.58,1941.85,1950.6,1910.34,-0.53,-10.4,3101138,4124597584.0,2.06,2.58
2026-06-12,1956.75,1970.95,1978.8,1928.0,1.5,29.1,3067863,3622836088.0,2.62,2.55
2026-06-15,1981.82,1992.3,2009.95,1974.19,1.08,21.35,2888638,3199715981.0,1.81,2.4
2026-06-16,1998.35,1999.23,2008.71,1973.74,0.35,6.93,3454188,3289300985.0,1.76,2.87
2026-06-17,1999.71,1998.28,2001.43,1982.17,-0.05,-0.95,4492275,4208985158.0,0.96,3.74
2026-06-18,1990.13,1979.05,1996.52,1964.26,-0.96,-19.23,4186761,4437163259.0,1.61,3.48
2026-06-22,1974.68,2002.3,2002.3,1919.18,1.17,23.25,4382774,4809068461.0,4.2,3.65
2026-06-23,1996.04,2004.27,2032.3,1992.19,0.1,1.97,3463353,4053039913.0,2.0,2.88
2026-06-24,1996.09,1980.86,2004.65,1956.77,-1.17,-23.41,4107752,3778744097.0,2.39,3.42
2026-06-25,1969.58,1934.65,1969.81,1931.26,-2.33,-46.21,4584427,3822776679.0,1.95,3.82
2026-06-26,1925.1,1900.61,1938.51,1900.0,-1.76,-34.04,4890859,4134615920.0,1.99,4.07
2026-06-29,1897.2,1904.35,1912.51,1853.44,0.2,3.74,4920917,5548158859.0,3.11,4.1
2026-06-30,1900.66,1889.98,1908.56,1872.32,-0.75,0,4011877.0,4283893050.0,0,0
2026-07-01,1887.10,1950.53,1967.34,1883.91,3.20,0,4368792.0,4254219634.0,0,0
2026-07-02,1942.72,1919.38,1969.99,1916.35,-1.60,0,3675981.0,4009666282.0,0,0
2026-07-03,0.00,1925.70,0.00,0.00,0.33,0,0,0,0,0
