日期,开盘,收盘,最高,最低,涨跌幅,涨跌额,成交量,成交额,振幅,换手率
2000-01-04,1005.26,1025.61,1033.39,997.13,2.56,25.61,50804,46661000.0,3.63,0.0
2000-01-05,1027.81,1036.51,1071.41,1015.9,1.06,10.9,112957,88284000.0,5.41,0.0
2000-01-06,1034.2,1094.26,1099.03,1023.82,5.57,57.75,186980,137733000.0,7.26,0.01
2000-01-07,1079.21,1087.99,1098.79,1069.07,-0.57,-6.27,290442,257177000.0,2.72,0.01
2000-01-10,1100.13,1142.65,1158.33,1067.4,5.02,54.66,387796,421765000.0,8.36,0.01
2000-01-11,1161.86,1084.18,1173.12,1067.19,-5.12,-58.47,327327,352725000.0,9.27,0.01
2000-01-12,1074.85,1042.71,1106.52,1036.24,-3.83,-41.47,158265,159176000.0,6.48,0.01
2000-01-13,1042.74,1030.01,1056.72,1016.05,-1.22,-12.7,74919,70249000.0,3.9,0.0
2000-01-14,1013.73,998.7,1018.34,995.36,-3.04,-31.31,61736,55539000.0,2.23,0.0
2000-01-17,995.44,1031.49,1042.29,982.13,3.28,32.79,81428,88332000.0,6.02,0.0
2000-01-18,1034.55,1023.55,1063.61,1012.39,-0.77,-7.94,126132,148658000.0,4.97,0.0
2000-01-19,1023.95,1036.69,1053.06,1014.83,1.28,13.14,81210,88995000.0,3.74,0.0
2000-01-20,1039.69,1057.32,1071.39,1033.99,1.99,20.63,119626,134091000.0,3.61,0.0
2000-01-21,1036.03,1032.14,1051.84,1027.25,-2.38,-25.18,169812,186521000.0,2.33,0.01
2000-01-24,1028.61,1014.19,1041.86,994.39,-1.74,-17.95,144696,144716000.0,4.6,0.01
2000-01-25,1013.73,1027.17,1055.61,999.86,1.28,12.98,114578,130166000.0,5.5,0.0
2000-01-26,1033.14,1053.54,1075.25,1024.67,2.57,26.37,153549,173822000.0,4.92,0.01
2000-01-27,1057.32,1042.29,1079.28,1031.55,-1.07,-11.25,175508,180588000.0,4.53,0.01
2000-01-28,1018.11,1012.56,1027.72,1003.65,-2.85,-29.73,205561,210354000.0,2.31,0.01
2000-02-14,1047.78,1103.89,1107.18,1029.84,9.02,91.33,307417,329026000.0,7.64,0.01
2000-02-15,1140.03,1121.59,1185.66,1096.82,1.6,17.7,513593,583083000.0,8.05,0.02
2000-02-16,1141.96,1174.82,1185.66,1116.93,4.75,53.23,478726,497464000.0,6.13,0.02
2000-02-17,1204.58,1150.11,1246.47,1116.36,-2.1,-24.71,726647,747298000.0,11.07,0.03
2000-02-18,1127.67,1135.94,1144.05,1093.34,-1.23,-14.17,509509,473129000.0,4.41,0.02
2000-02-21,1149.02,1134.25,1184.85,1098.51,-0.15,-1.69,483809,495454000.0,7.6,0.02
2000-02-22,1133.34,1096.75,1165.54,1074.12,-3.31,-37.5,336851,343591000.0,8.06,0.01
2000-02-23,1089.45,1086.44,1129.96,1061.22,-0.94,-10.31,314163,320160000.0,6.27,0.01
2000-02-24,1085.39,1094.1,1115.47,1066.81,0.71,7.66,157531,157899000.0,4.48,0.01
2000-02-25,1070.85,1072.31,1085.85,1054.78,-1.99,-21.79,224422,226179000.0,2.84,0.01
2000-02-28,1084.33,1126.97,1142.78,1067.34,5.1,54.66,277253,285209000.0,7.04,0.01
2000-02-29,1132.05,1092.99,1146.66,1075.64,-3.02,-33.98,285048,288817000.0,6.3,0.01
2000-03-01,1077.72,1111.66,1154.75,1071.23,1.71,18.67,461356,455894000.0,7.64,0.02
2000-03-02,1107.53,1103.45,1140.04,1074.59,-0.74,-8.21,297496,294131000.0,5.89,0.01
2000-03-03,1134.01,1152.86,1160.13,1126.5,4.48,49.41,475649,561454000.0,3.05,0.02
2000-03-06,1192.76,1116.18,1207.96,1110.13,-3.18,-36.68,588879,715021000.0,8.49,0.02
2000-03-07,1100.78,1169.55,1173.76,1083.91,4.78,53.37,344102,429376000.0,8.05,0.01
2000-03-08,1180.54,1169.18,1200.95,1138.52,-0.03,-0.37,315956,397355000.0,5.34,0.01
2000-03-09,1210.28,1170.87,1229.03,1142.9,0.14,1.69,752156,938442000.0,7.37,0.03
2000-03-10,1200.61,1197.95,1217.4,1181.8,2.31,27.08,546362,611958000.0,3.04,0.02
2000-03-13,1197.62,1230.7,1244.26,1178.07,2.73,32.75,347229,445986000.0,5.53,0.01
2000-03-14,1201.19,1187.73,1220.23,1137.61,-3.49,-42.97,343231,413653000.0,6.71,0.01
2000-03-15,1185.44,1192.5,1227.62,1163.5,0.4,4.77,239787,259410000.0,5.4,0.01
2000-03-16,1192.09,1120.16,1199.62,1106.9,-6.07,-72.34,252699,286792000.0,7.78,0.01
2000-03-17,1147.16,1169.48,1177.38,1142.61,4.4,49.32,225003,243677000.0,3.1,0.01
2000-03-20,1150.93,1192.54,1211.99,1136.43,1.97,23.06,317770,318912000.0,6.46,0.01
2000-03-21,1204.32,1192.01,1226.68,1173.6,-0.04,-0.53,265385,272144000.0,4.45,0.01
2000-03-22,1193.69,1214.4,1231.87,1182.43,1.88,22.39,286900,302563000.0,4.15,0.01
2000-03-23,1218.94,1277.63,1290.39,1210.15,5.21,63.23,976928,1119092000.0,6.61,0.04
2000-03-24,1319.65,1291.57,1326.91,1287.04,1.09,13.94,673003,813629000.0,3.12,0.03
2000-03-27,1287.51,1356.19,1365.44,1280.66,5.0,64.62,547231,625178000.0,6.56,0.02
2000-03-28,1367.62,1353.96,1391.04,1323.47,-0.16,-2.23,587699,540407000.0,4.98,0.02
2000-03-29,1363.51,1379.51,1414.01,1328.31,1.89,25.55,785750,661602000.0,6.33,0.03
2000-03-30,1382.91,1385.24,1417.86,1354.34,0.42,5.73,441260,455781000.0,4.6,0.02
2000-03-31,1378.39,1377.31,1399.29,1364.86,-0.57,-7.93,279655,287980000.0,2.49,0.01
2000-04-03,1380.09,1367.17,1417.39,1337.67,-0.74,-10.14,369707,416403000.0,5.79,0.01
2000-04-04,1362.14,1358.75,1390.01,1314.65,-0.62,-8.42,396234,496826000.0,5.51,0.01
2000-04-05,1359.71,1371.46,1405.59,1336.42,0.94,12.71,378993,495118000.0,5.09,0.01
2000-04-06,1370.42,1387.63,1410.63,1356.53,1.18,16.17,282814,343627000.0,3.94,0.01
2000-04-07,1355.33,1358.12,1373.91,1347.16,-2.13,-29.51,338008,425441000.0,1.93,0.01
2000-04-10,1361.96,1355.99,1391.14,1335.01,-0.16,-2.13,299225,382049000.0,4.13,0.01
2000-04-11,1354.12,1324.43,1373.19,1312.27,-2.33,-31.56,277276,333438000.0,4.49,0.01
2000-04-12,1325.97,1325.5,1349.51,1304.78,0.08,1.07,193459,232145000.0,3.38,0.01
2000-04-13,1328.41,1336.21,1350.98,1317.5,0.81,10.71,161535,180638000.0,2.53,0.01
2000-04-14,1306.77,1296.26,1311.59,1288.1,-2.99,-39.95,226619,245843000.0,1.76,0.01
2000-04-17,1285.2,1247.6,1291.22,1229.16,-3.75,-48.66,225847,258668000.0,4.79,0.01
2000-04-18,1246.2,1258.23,1273.84,1226.19,0.85,10.63,136743,151173000.0,3.82,0.01
2000-04-19,1268.36,1275.2,1306.06,1254.53,1.35,16.97,154044,178101000.0,4.1,0.01
2000-04-20,1277.12,1274.05,1289.57,1261.43,-0.09,-1.15,133694,157760000.0,2.21,0.01
2000-04-21,1295.66,1291.93,1308.27,1283.23,1.4,17.88,170865,183236000.0,1.97,0.01
2000-04-24,1292.21,1285.33,1315.02,1266.22,-0.51,-6.6,154628,184201000.0,3.78,0.01
2000-04-25,1287.37,1291.91,1306.13,1265.69,0.51,6.58,90187,116938000.0,3.15,0.0
2000-04-26,1293.88,1296.8,1328.74,1284.51,0.38,4.89,129822,164243000.0,3.42,0.0
2000-04-27,1306.51,1272.49,1312.16,1270.05,-1.87,-24.31,101238,121079000.0,3.25,0.0
2000-04-28,1304.58,1308.07,1312.87,1298.31,2.8,35.58,129788,139937000.0,1.14,0.0
2000-05-08,1322.06,1332.61,1346.68,1294.59,1.88,24.54,157807,198734000.0,3.98,0.01
2000-05-09,1335.67,1303.79,1342.19,1296.48,-2.16,-28.82,113779,132513000.0,3.43,0.0
2000-05-10,1299.05,1243.61,1302.98,1239.49,-4.62,-60.18,127344,138914000.0,4.87,0.0
2000-05-11,1235.83,1222.0,1256.97,1212.27,-1.74,-21.61,81543,86559000.0,3.59,0.0
2000-05-12,1193.92,1186.2,1200.57,1180.05,-2.93,-35.8,84242,89799000.0,1.68,0.0
2000-05-15,1182.32,1153.05,1192.53,1139.0,-2.79,-33.15,68670,74023000.0,4.51,0.0
2000-05-16,1159.38,1168.11,1182.54,1153.23,1.31,15.06,48708,50975000.0,2.54,0.0
2000-05-17,1175.33,1163.66,1183.37,1154.72,-0.38,-4.45,65319,75390000.0,2.45,0.0
2000-05-18,1164.05,1188.99,1195.79,1149.4,2.18,25.33,87514,96401000.0,3.99,0.0
2000-05-19,1162.19,1169.88,1175.31,1155.39,-1.61,-19.11,97260,105863000.0,1.68,0.0
2000-05-22,1174.73,1213.21,1220.82,1165.71,3.7,43.33,133437,156030000.0,4.71,0.0
2000-05-23,1217.67,1216.83,1236.37,1184.41,0.3,3.62,118555,136203000.0,4.28,0.0
2000-05-24,1216.53,1217.83,1244.75,1202.88,0.08,1.0,123087,148793000.0,3.44,0.0
2000-05-25,1223.03,1237.85,1250.86,1209.64,1.64,20.02,116872,135043000.0,3.38,0.0
2000-05-26,1209.96,1199.77,1215.44,1190.66,-3.08,-38.08,146957,156192000.0,2.0,0.01
2000-05-29,1199.51,1215.86,1232.52,1184.73,1.34,16.09,163926,175324000.0,3.98,0.01
2000-05-30,1216.03,1195.71,1231.95,1184.12,-1.66,-20.15,122346,138367000.0,3.93,0.0
2000-05-31,1193.92,1230.58,1247.32,1185.71,2.92,34.87,250588,273133000.0,5.15,0.01
2000-06-01,1237.56,1234.38,1260.5,1220.62,0.31,3.8,184219,190401000.0,3.24,0.01
2000-06-02,1205.5,1205.45,1215.27,1193.98,-2.34,-28.93,272604,247513000.0,1.72,0.01
2000-06-05,1210.75,1184.67,1242.98,1173.58,-1.72,-20.78,333930,303475000.0,5.76,0.01
2000-06-06,1183.78,1221.7,1227.02,1165.19,3.13,37.03,169871,137950000.0,5.22,0.01
2000-06-07,1232.91,1247.82,1267.57,1221.28,2.14,26.12,287201,243352000.0,3.79,0.01
2000-06-08,1254.83,1259.61,1282.43,1241.95,0.94,11.79,254382,252993000.0,3.24,0.01
2000-06-09,1261.17,1244.07,1268.61,1241.57,-1.23,-15.54,195365,184078000.0,2.15,0.01
2000-06-12,1238.16,1252.68,1274.11,1227.59,0.69,8.61,118623,115337000.0,3.74,0.0
2000-06-13,1265.54,1274.27,1285.48,1249.32,1.72,21.59,132897,129345000.0,2.89,0.0
2000-06-14,1280.03,1278.77,1307.31,1266.17,0.35,4.5,209097,195741000.0,3.23,0.01
2000-06-15,1279.06,1292.33,1314.15,1266.97,1.06,13.56,461414,534635000.0,3.69,0.02
2000-06-16,1325.5,1309.83,1329.79,1307.92,1.35,17.5,259733,279271000.0,1.69,0.01
2000-06-19,1303.17,1313.98,1337.38,1279.49,0.32,4.15,240245,258977000.0,4.42,0.01
2000-06-20,1309.88,1306.48,1334.21,1290.35,-0.57,-7.5,323261,247838000.0,3.34,0.01
2000-06-21,1305.71,1312.36,1319.91,1284.62,0.45,5.88,179088,152653000.0,2.7,0.01
2000-06-22,1318.7,1319.79,1346.46,1292.54,0.57,7.43,446617,343201000.0,4.11,0.02
2000-06-23,1240.77,1246.47,1260.13,1234.11,-5.56,-73.32,356552,298592000.0,1.97,0.01
2000-06-26,1253.67,1247.07,1271.03,1227.72,0.05,0.6,302233,298808000.0,3.47,0.01
2000-06-27,1251.25,1256.82,1288.97,1240.08,0.78,9.75,298706,277135000.0,3.92,0.01
2000-06-28,1231.11,1242.2,1265.81,1225.86,-1.16,-14.62,205859,194710000.0,3.18,0.01
2000-06-29,1229.09,1212.38,1251.59,1199.85,-2.4,-29.82,350278,278185000.0,4.17,0.01
2000-06-30,1213.57,1208.89,1224.85,1199.24,-0.29,-3.49,245488,224320000.0,2.11,0.01
2000-07-03,1199.12,1174.79,1209.47,1162.12,-2.82,-34.1,173449,168258000.0,3.92,0.01
2000-07-04,1173.62,1195.45,1205.1,1166.78,1.76,20.66,107220,100235000.0,3.26,0.0
2000-07-05,1194.75,1191.78,1213.32,1185.7,-0.31,-3.67,85812,83062000.0,2.31,0.0
2000-07-06,1192.12,1182.6,1198.91,1172.66,-0.77,-9.18,73301,71246000.0,2.2,0.0
2000-07-07,1212.03,1218.58,1226.26,1207.44,3.04,35.98,103582,98596000.0,1.59,0.0
2000-07-10,1215.71,1237.29,1246.31,1208.71,1.54,18.71,139167,133506000.0,3.09,0.01
2000-07-11,1238.92,1239.73,1256.48,1223.92,0.2,2.44,173499,163224000.0,2.63,0.01
2000-07-12,1242.25,1244.58,1262.21,1222.71,0.39,4.85,155286,155844000.0,3.19,0.01
2000-07-13,1253.57,1248.57,1278.58,1239.73,0.32,3.99,190845,173390000.0,3.12,0.01
2000-07-14,1281.16,1286.53,1295.65,1273.82,3.04,37.96,262469,212705000.0,1.75,0.01
2000-07-17,1288.07,1280.04,1304.88,1263.48,-0.5,-6.49,243062,207805000.0,3.22,0.01
2000-07-18,1280.89,1285.74,1295.28,1267.42,0.45,5.7,112187,105186000.0,2.18,0.0
2000-07-19,1289.69,1287.22,1304.6,1271.83,0.12,1.48,133418,127543000.0,2.55,0.0
2000-07-20,1293.73,1322.09,1351.81,1284.2,2.71,34.87,274796,255728000.0,5.25,0.01
2000-07-21,1357.0,1352.07,1365.13,1343.39,2.27,29.98,231059,240888000.0,1.64,0.01
2000-07-24,1354.52,1359.92,1373.96,1333.05,0.58,7.85,126512,135888000.0,3.03,0.0
2000-07-25,1363.73,1369.03,1383.53,1350.48,0.67,9.11,103719,112428000.0,2.43,0.0
2000-07-26,1368.81,1397.87,1410.18,1355.74,2.11,28.84,173881,191181000.0,3.98,0.01
2000-07-27,1423.02,1408.05,1462.72,1389.02,0.73,10.18,399154,470371000.0,5.27,0.01
2000-07-28,1445.29,1442.03,1456.25,1434.92,2.41,33.98,224093,219564000.0,1.51,0.01
2000-07-31,1429.97,1455.03,1475.82,1416.83,0.9,13.0,205246,189600000.0,4.09,0.01
2000-08-01,1455.74,1440.91,1473.13,1435.71,-0.97,-14.12,138348,140506000.0,2.57,0.01
2000-08-02,1444.25,1434.97,1451.65,1417.2,-0.41,-5.94,123319,124064000.0,2.39,0.0
2000-08-03,1434.95,1435.1,1449.71,1419.52,0.01,0.13,154677,146954000.0,2.1,0.01
2000-08-04,1470.58,1465.74,1478.8,1456.16,2.14,30.64,169510,157905000.0,1.58,0.01
2000-08-07,1465.62,1476.95,1486.4,1451.02,0.76,11.21,144004,124965000.0,2.41,0.01
2000-08-08,1477.9,1497.56,1513.93,1467.76,1.4,20.61,187590,166541000.0,3.13,0.01
2000-08-09,1499.06,1492.47,1520.92,1478.06,-0.34,-5.09,160244,154872000.0,2.86,0.01
2000-08-10,1496.21,1474.72,1505.36,1467.84,-1.19,-17.75,144271,136703000.0,2.51,0.01
2000-08-11,1501.09,1502.23,1513.72,1495.71,1.87,27.51,123433,116095000.0,1.22,0.0
2000-08-14,1500.78,1518.61,1530.19,1494.28,1.09,16.38,122621,127715000.0,2.39,0.0
2000-08-15,1519.85,1535.05,1548.07,1511.78,1.08,16.44,152263,171796000.0,2.39,0.01
2000-08-16,1553.88,1550.19,1571.71,1531.7,0.99,15.14,268563,324130000.0,2.61,0.01
2000-08-17,1554.74,1549.18,1584.74,1527.9,-0.07,-1.01,229201,239935000.0,3.67,0.01
2000-08-18,1567.57,1575.04,1584.41,1556.88,1.67,25.86,236135,283716000.0,1.78,0.01
2000-08-21,1584.21,1615.78,1642.19,1572.89,2.59,40.74,407604,453670000.0,4.4,0.02
2000-08-22,1613.96,1563.3,1635.35,1554.01,-3.25,-52.48,322816,318362000.0,5.03,0.01
2000-08-23,1545.33,1569.57,1590.72,1475.76,0.4,6.27,365483,384226000.0,7.35,0.01
2000-08-24,1569.74,1577.14,1600.78,1538.33,0.48,7.57,226241,265914000.0,3.98,0.01
2000-08-25,1596.37,1598.56,1602.65,1580.49,1.36,21.42,139416,148971000.0,1.41,0.01
2000-08-28,1600.08,1615.58,1624.26,1587.6,1.06,17.02,158832,170427000.0,2.29,0.01
2000-08-29,1620.76,1619.44,1643.77,1596.82,0.24,3.86,125384,161912000.0,2.91,0.0
2000-08-30,1621.44,1589.94,1635.19,1579.18,-1.82,-29.5,167365,179578000.0,3.46,0.01
2000-08-31,1583.96,1524.22,1586.44,1520.51,-4.13,-65.72,192351,202738000.0,4.15,0.01
2000-09-01,1509.04,1507.26,1525.59,1502.85,-1.11,-16.96,156942,158061000.0,1.49,0.01
2000-09-04,1504.19,1528.06,1535.27,1487.86,1.38,20.8,118785,120059000.0,3.15,0.0
2000-09-05,1534.72,1479.6,1544.01,1468.74,-3.17,-48.46,104472,103504000.0,4.93,0.0
2000-09-06,1471.53,1447.55,1495.03,1440.03,-2.17,-32.05,107772,109995000.0,3.72,0.0
2000-09-07,1451.68,1472.16,1491.49,1443.95,1.7,24.61,77740,76092000.0,3.28,0.0
2000-09-08,1452.76,1453.49,1460.16,1442.43,-1.27,-18.67,87406,92402000.0,1.2,0.0
2000-09-11,1453.62,1471.48,1478.27,1442.22,1.24,17.99,97526,112039000.0,2.48,0.0
2000-09-12,1475.3,1494.92,1503.59,1461.29,1.59,23.44,141040,166224000.0,2.87,0.01
2000-09-13,1486.83,1497.98,1524.81,1463.4,0.2,3.06,167310,162369000.0,4.11,0.01
2000-09-14,1499.35,1497.97,1524.22,1478.41,0.0,-0.01,200929,231038000.0,3.06,0.01
2000-09-15,1496.36,1490.31,1504.27,1483.43,-0.51,-7.66,154162,181438000.0,1.39,0.01
2000-09-18,1491.76,1465.72,1508.45,1456.02,-1.65,-24.59,102861,117298000.0,3.52,0.0
2000-09-19,1455.22,1434.74,1469.82,1416.09,-2.11,-30.98,114554,120913000.0,3.67,0.0
2000-09-20,1444.88,1479.55,1496.7,1434.91,3.12,44.81,171988,201349000.0,4.31,0.01
2000-09-21,1482.65,1491.12,1531.12,1451.69,0.78,11.57,191848,247466000.0,5.37,0.01
2000-09-22,1490.53,1487.44,1500.68,1480.0,-0.25,-3.68,141842,158415000.0,1.39,0.01
2000-09-25,1487.57,1469.02,1504.83,1440.44,-1.24,-18.42,104764,120660000.0,4.33,0.0
2000-09-26,1469.82,1466.2,1488.19,1450.74,-0.19,-2.82,87183,100892000.0,2.55,0.0
2000-09-27,1469.57,1490.54,1497.11,1462.76,1.66,24.34,55224,65225000.0,2.34,0.0
2000-09-28,1494.32,1465.14,1500.11,1459.82,-1.7,-25.4,65803,72921000.0,2.7,0.0
2000-09-29,1501.0,1507.42,1513.4,1500.06,2.89,42.28,49187,54678000.0,0.91,0.0
2000-10-09,1513.88,1511.66,1528.58,1478.75,0.28,4.24,64088,71600000.0,3.31,0.0
2000-10-10,1525.85,1557.94,1569.68,1515.73,3.06,46.28,111541,148422000.0,3.57,0.0
2000-10-11,1564.45,1542.95,1570.21,1529.65,-0.96,-14.99,96170,119799000.0,2.6,0.0
2000-10-12,1548.45,1563.63,1578.76,1532.97,1.34,20.68,210071,277523000.0,2.97,0.01
2000-10-13,1606.4,1606.3,1624.32,1595.0,2.73,42.67,195275,256045000.0,1.88,0.01
2000-10-16,1612.59,1599.22,1638.39,1579.91,-0.44,-7.08,127637,157503000.0,3.64,0.0
2000-10-17,1602.13,1597.0,1629.09,1577.5,-0.14,-2.22,98001,121129000.0,3.23,0.0
2000-10-18,1595.79,1590.3,1617.49,1580.0,-0.42,-6.7,99059,130139000.0,2.35,0.0
2000-10-19,1591.85,1576.67,1601.97,1568.25,-0.86,-13.63,85477,106355000.0,2.12,0.0
2000-10-20,1614.65,1621.65,1625.2,1605.01,2.85,44.98,95285,115273000.0,1.28,0.0
2000-10-23,1622.46,1640.72,1655.19,1606.34,1.18,19.07,87278,108813000.0,3.01,0.0
2000-10-24,1644.04,1643.45,1657.42,1620.78,0.17,2.73,72101,86718000.0,2.23,0.0
2000-10-25,1646.45,1659.52,1674.34,1634.34,0.98,16.07,122877,162363000.0,2.43,0.0
2000-10-26,1662.1,1650.95,1672.16,1637.43,-0.52,-8.57,90867,102244000.0,2.09,0.0
2000-10-27,1694.21,1686.37,1697.52,1678.68,2.15,35.42,81237,91130000.0,1.14,0.0
2000-10-30,1687.13,1691.29,1707.61,1661.66,0.29,4.92,85799,102296000.0,2.72,0.0
2000-10-31,1692.47,1667.93,1702.79,1660.69,-1.38,-23.36,77155,91734000.0,2.49,0.0
2000-11-01,1666.77,1666.34,1679.63,1651.63,-0.1,-1.59,60389,75359000.0,1.68,0.0
2000-11-02,1660.55,1672.63,1698.41,1649.01,0.38,6.29,104177,107973000.0,2.96,0.0
2000-11-03,1714.55,1718.21,1732.53,1704.75,2.73,45.58,149875,163082000.0,1.66,0.01
2000-11-06,1722.07,1729.19,1747.72,1696.15,0.64,10.98,114968,133937000.0,3.0,0.0
2000-11-07,1732.58,1732.59,1758.52,1711.31,0.2,3.4,109219,113256000.0,2.73,0.0
2000-11-08,1737.43,1736.8,1754.92,1716.17,0.24,4.21,109687,119853000.0,2.24,0.0
2000-11-09,1737.26,1739.57,1760.29,1723.63,0.16,2.77,137293,149524000.0,2.11,0.01
2000-11-10,1785.03,1796.86,1806.29,1775.72,3.29,57.29,310266,263205000.0,1.76,0.01
2000-11-13,1799.98,1810.97,1835.74,1783.49,0.79,14.11,415764,346056000.0,2.91,0.02
2000-11-14,1804.98,1820.41,1839.46,1788.59,0.52,9.44,185716,192978000.0,2.81,0.01
2000-11-15,1823.28,1827.34,1848.05,1803.69,0.38,6.93,158531,169453000.0,2.44,0.01
2000-11-16,1830.79,1839.99,1868.58,1822.93,0.69,12.65,235172,234491000.0,2.5,0.01
2000-11-17,1884.01,1877.65,1899.54,1872.42,2.05,37.66,216309,222652000.0,1.47,0.01
2000-11-20,1878.7,1914.77,1923.86,1854.23,1.98,37.12,208927,234423000.0,3.71,0.01
2000-11-21,1927.37,1928.71,1974.75,1908.22,0.73,13.94,252276,303465000.0,3.47,0.01
2000-11-22,1931.93,1965.75,1978.9,1922.86,1.92,37.04,203462,233736000.0,2.91,0.01
2000-11-23,1997.8,1987.85,2037.98,1949.1,1.12,22.1,306796,393573000.0,4.52,0.01
2000-11-24,2037.44,1989.14,2049.51,1981.72,0.06,1.29,339671,402407000.0,3.41,0.01
2000-11-27,1977.26,2020.97,2043.8,1963.01,1.6,31.83,161603,190348000.0,4.06,0.01
2000-11-28,2024.52,2052.87,2069.35,2018.69,1.58,31.9,155000,190253000.0,2.51,0.01
2000-11-29,2053.54,2041.71,2081.8,2012.97,-0.54,-11.16,198871,241603000.0,3.35,0.01
2000-11-30,2043.26,2042.96,2067.91,2013.2,0.06,1.25,120954,151284000.0,2.68,0.0
2000-12-01,2098.1,2092.78,2108.55,2085.6,2.44,49.82,98351,121350000.0,1.12,0.0
2000-12-04,2097.36,2114.66,2130.82,2081.34,1.05,21.88,88140,109446000.0,2.36,0.0
2000-12-05,2117.87,2086.73,2127.71,2072.57,-1.32,-27.93,106167,136051000.0,2.61,0.0
2000-12-06,2088.38,2056.26,2107.94,2041.12,-1.46,-30.47,133776,169324000.0,3.2,0.01
2000-12-07,2052.43,2035.64,2074.33,2019.72,-1.0,-20.62,117608,141910000.0,2.66,0.0
2000-12-08,2085.1,2091.37,2102.99,2080.56,2.74,55.73,92990,111378000.0,1.1,0.0
2000-12-11,2090.91,2043.3,2100.42,2034.16,-2.3,-48.07,91598,111922000.0,3.17,0.0
2000-12-12,2032.91,2075.82,2085.33,2001.59,1.59,32.52,144867,173319000.0,4.1,0.01
2000-12-13,2080.11,2081.26,2101.29,2045.02,0.26,5.44,147623,193681000.0,2.71,0.01
2000-12-14,2085.41,2070.75,2099.19,2062.28,-0.5,-10.51,82980,103398000.0,1.77,0.0
2000-12-15,2122.23,2113.57,2127.33,2102.83,2.07,42.82,96213,116760000.0,1.18,0.0
2000-12-18,2135.16,2140.55,2158.56,2099.97,1.28,26.98,103046,123286000.0,2.77,0.0
2000-12-19,2145.01,2129.71,2166.57,2114.69,-0.51,-10.84,77037,97824000.0,2.42,0.0
2000-12-20,2127.96,2133.41,2153.69,2104.64,0.17,3.7,87862,107224000.0,2.3,0.0
2000-12-21,2136.61,2148.04,2168.54,2118.24,0.69,14.63,94024,117230000.0,2.36,0.0
2000-12-22,2200.07,2191.46,2208.74,2184.86,2.02,43.42,92020,111324000.0,1.11,0.0
2000-12-25,2191.26,2178.99,2209.2,2164.93,-0.57,-12.47,87086,104463000.0,2.02,0.0
2000-12-26,2180.05,2175.4,2204.99,2158.41,-0.16,-3.59,67042,82013000.0,2.14,0.0
2000-12-27,2180.84,2159.92,2195.12,2146.69,-0.71,-15.48,89865,110329000.0,2.23,0.0
2000-12-28,2159.55,2148.32,2183.07,2133.95,-0.54,-11.6,63759,79167000.0,2.27,0.0
2000-12-29,2063.84,2088.79,2100.08,2059.17,-2.77,-59.53,64354,68342000.0,1.9,0.0
2001-01-02,2089.75,2112.0,2119.48,2069.52,1.11,23.21,78893,94843000.0,2.39,0.0
2001-01-03,2116.57,2111.88,2138.44,2082.66,-0.01,-0.12,123689,152678000.0,2.64,0.0
2001-01-04,2115.43,2121.53,2142.38,2098.24,0.46,9.65,109223,133242000.0,2.09,0.0
2001-01-05,2026.75,2021.41,2031.75,2005.49,-4.72,-100.12,98667,116512000.0,1.24,0.0
2001-01-08,2024.14,1995.43,2031.71,1970.8,-1.29,-25.98,91882,110528000.0,3.01,0.0
2001-01-09,1994.24,2016.42,2037.77,1975.43,1.05,20.99,512451,752368000.0,3.12,0.02
2001-01-10,2019.79,2052.44,2062.01,2014.76,1.79,36.02,239734,335525000.0,2.34,0.01
2001-01-11,2059.69,2043.46,2087.72,2034.85,-0.44,-8.98,208960,284074000.0,2.58,0.01
2001-01-12,1995.55,1989.99,2004.25,1983.72,-2.62,-53.47,155308,196169000.0,1.0,0.01
2001-01-15,1984.3,1909.09,1990.21,1897.7,-4.07,-80.9,132449,167789000.0,4.65,0.0
2001-01-16,1898.07,1928.36,1941.4,1879.16,1.01,19.27,96980,123293000.0,3.26,0.0
2001-01-17,1933.1,1924.84,1956.14,1911.28,-0.18,-3.52,94444,127142000.0,2.33,0.0
2001-01-18,1928.61,1926.97,1954.26,1916.49,0.11,2.13,72377,91436000.0,1.96,0.0
2001-01-19,1931.64,1941.07,1945.83,1927.94,0.73,14.1,81311,97699000.0,0.93,0.0
2001-02-05,1950.27,1898.59,1959.06,1892.14,-2.19,-42.48,75193,91010000.0,3.45,0.0
2001-02-06,1886.18,1873.72,1898.52,1826.85,-1.31,-24.87,72616,84916000.0,3.77,0.0
2001-02-07,1875.88,1849.15,1887.72,1837.26,-1.31,-24.57,47381,52644000.0,2.69,0.0
2001-02-08,1843.34,1781.72,1864.78,1773.59,-3.65,-67.43,80881,98583000.0,4.93,0.0
2001-02-09,1682.04,1699.77,1710.47,1678.96,-4.6,-81.95,84260,99512000.0,1.77,0.0
2001-02-12,1704.41,1705.49,1712.95,1672.25,0.34,5.72,58811,68695000.0,2.39,0.0
2001-02-13,1692.5,1692.98,1721.3,1678.03,-0.73,-12.51,61765,60819000.0,2.54,0.0
2001-02-14,1696.07,1685.17,1701.81,1673.89,-0.46,-7.81,50787,53898000.0,1.65,0.0
2001-02-15,1684.4,1667.11,1699.17,1663.52,-1.07,-18.06,45718,51756000.0,2.12,0.0
2001-02-16,1519.56,1520.25,1526.13,1503.87,-8.81,-146.86,64106,65721000.0,1.34,0.0
2001-02-19,1522.95,1544.21,1548.76,1510.4,1.58,23.96,45043,53246000.0,2.52,0.0
2001-02-20,1542.0,1523.7,1556.48,1518.09,-1.33,-20.51,49530,60471000.0,2.49,0.0
2001-02-21,1518.33,1485.29,1526.2,1471.43,-2.52,-38.41,63625,68073000.0,3.59,0.0
2001-02-22,1477.8,1461.79,1498.31,1456.88,-1.58,-23.5,60098,68045000.0,2.79,0.0
2001-02-23,1302.66,1309.93,1315.34,1288.36,-10.39,-151.86,89679,83555000.0,1.85,0.0
2001-02-26,1312.78,1338.25,1344.64,1306.82,2.16,28.32,61624,72027000.0,2.89,0.0
2001-02-27,1345.68,1349.91,1358.57,1330.87,0.87,11.66,55266,68845000.0,2.07,0.0
2001-02-28,1350.87,1345.34,1358.51,1332.47,-0.34,-4.57,58924,77582000.0,1.93,0.0
2001-03-01,1347.18,1357.22,1369.38,1340.23,0.88,11.88,66608,86163000.0,2.17,0.0
2001-03-02,1390.36,1402.28,1408.62,1389.58,3.32,45.06,136509,168737000.0,1.4,0.01
2001-03-05,1404.45,1391.02,1413.03,1385.64,-0.8,-11.26,68687,84349000.0,1.95,0.0
2001-03-06,1393.65,1385.14,1397.41,1370.62,-0.42,-5.88,60885,79255000.0,1.93,0.0
2001-03-07,1387.07,1385.98,1401.16,1376.32,0.06,0.84,66340,86815000.0,1.79,0.0
2001-03-08,1387.4,1400.82,1412.97,1373.9,1.07,14.84,102828,129536000.0,2.82,0.0
2001-03-09,1434.48,1441.16,1445.61,1428.83,2.88,40.34,109114,134334000.0,1.2,0.0
2001-03-12,1447.33,1441.44,1457.74,1425.77,0.02,0.28,88444,105334000.0,2.22,0.0
2001-03-13,1441.47,1431.43,1451.73,1419.11,-0.69,-10.01,63300,77019000.0,2.26,0.0
2001-03-14,1427.58,1454.48,1461.84,1424.1,1.61,23.05,73467,96534000.0,2.64,0.0
2001-03-15,1452.17,1448.36,1461.28,1440.02,-0.42,-6.12,63180,78750000.0,1.46,0.0
2001-03-16,1481.01,1482.96,1491.42,1475.48,2.39,34.6,82312,100772000.0,1.1,0.0
2001-03-19,1482.25,1496.23,1502.56,1471.97,0.89,13.27,71978,91743000.0,2.06,0.0
2001-03-20,1499.45,1504.46,1516.45,1486.5,0.55,8.23,75444,93728000.0,2.0,0.0
2001-03-21,1509.49,1525.18,1536.72,1503.32,1.38,20.72,110222,136572000.0,2.22,0.0
2001-03-22,1527.47,1523.72,1538.45,1509.95,-0.1,-1.46,96517,119401000.0,1.87,0.0
2001-03-23,1557.88,1537.89,1559.1,1536.24,0.93,14.17,112850,130524000.0,1.5,0.0
2001-03-26,1540.0,1568.88,1576.07,1534.54,2.02,30.99,71639,86627000.0,2.7,0.0
2001-03-27,1574.22,1584.09,1596.7,1563.26,0.97,15.21,107102,139279000.0,2.13,0.0
2001-03-28,1587.62,1580.03,1593.31,1570.93,-0.26,-4.06,73108,92028000.0,1.41,0.0
2001-03-29,1580.52,1580.73,1601.61,1568.12,0.04,0.7,85221,109641000.0,2.12,0.0
2001-03-30,1575.64,1580.5,1586.17,1567.99,-0.01,-0.23,83431,103349000.0,1.15,0.0
2001-04-02,1583.83,1588.33,1602.99,1571.6,0.5,7.83,101049,127678000.0,1.99,0.0
2001-04-03,1593.42,1588.96,1602.89,1567.58,0.04,0.63,144756,213368000.0,2.22,0.01
2001-04-04,1590.52,1559.62,1603.04,1549.17,-1.85,-29.34,168415,243753000.0,3.39,0.01
2001-04-05,1557.58,1581.84,1591.56,1549.14,1.42,22.22,102212,148663000.0,2.72,0.0
2001-04-06,1621.88,1622.73,1633.7,1613.89,2.58,40.89,125725,149276000.0,1.25,0.0
2001-04-09,1624.71,1632.88,1642.47,1602.53,0.63,10.15,126228,154466000.0,2.46,0.0
2001-04-10,1633.77,1639.18,1651.02,1623.3,0.39,6.3,71583,89861000.0,1.7,0.0
2001-04-11,1643.34,1653.5,1665.65,1627.2,0.87,14.32,105158,141235000.0,2.35,0.0
2001-04-12,1656.43,1638.59,1664.85,1624.39,-0.9,-14.91,131356,177517000.0,2.45,0.0
2001-04-13,1678.91,1674.36,1683.51,1667.59,2.18,35.77,165813,207200000.0,0.97,0.01
2001-04-16,1675.34,1673.81,1685.26,1655.09,-0.03,-0.55,146576,191241000.0,1.8,0.01
2001-04-17,1676.99,1682.88,1695.31,1658.92,0.54,9.07,136243,177699000.0,2.17,0.01
2001-04-18,1690.3,1681.52,1715.74,1665.98,-0.08,-1.36,145612,193956000.0,2.96,0.01
2001-04-19,1681.8,1687.13,1711.41,1663.68,0.33,5.61,131330,180652000.0,2.84,0.0
2001-04-20,1688.35,1669.76,1704.34,1663.28,-1.03,-17.37,101474,134436000.0,2.43,0.0
2001-04-23,1667.13,1669.09,1686.57,1646.03,-0.04,-0.67,93372,118366000.0,2.43,0.0
2001-04-24,1674.8,1668.65,1687.27,1657.21,-0.03,-0.44,50863,64436000.0,1.8,0.0
2001-04-25,1670.09,1631.86,1676.5,1624.16,-2.2,-36.79,99774,127770000.0,3.14,0.0
2001-04-26,1623.76,1622.23,1644.84,1612.48,-0.59,-9.63,67671,89208000.0,1.98,0.0
2001-04-27,1623.15,1633.14,1646.52,1618.34,0.67,10.91,99399,150772000.0,1.74,0.0
2001-04-30,1632.26,1633.65,1649.74,1620.15,0.03,0.51,40192,52238000.0,1.81,0.0
2001-05-08,1642.87,1657.76,1673.13,1616.01,1.48,24.11,54901,82368000.0,3.5,0.0
2001-05-09,1660.58,1653.9,1674.62,1642.93,-0.23,-3.86,71399,104576000.0,1.91,0.0
2001-05-10,1653.95,1656.94,1672.1,1643.49,0.18,3.04,42057,62277000.0,1.73,0.0
2001-05-11,1658.75,1669.74,1685.0,1646.98,0.77,12.8,61629,77927000.0,2.29,0.0
2001-05-14,1676.27,1675.75,1687.37,1654.93,0.36,6.01,93396,111144000.0,1.94,0.0
2001-05-15,1680.83,1689.59,1706.54,1665.78,0.83,13.84,88627,110716000.0,2.43,0.0
2001-05-16,1696.6,1696.21,1709.0,1674.19,0.39,6.62,81641,98852000.0,2.06,0.0
2001-05-17,1698.17,1677.73,1700.76,1671.77,-1.09,-18.48,67176,87767000.0,1.71,0.0
2001-05-18,1677.81,1686.08,1703.39,1665.33,0.5,8.35,75840,100239000.0,2.27,0.0
2001-05-21,1690.27,1696.21,1708.36,1674.73,0.6,10.13,109484,143458000.0,1.99,0.0
2001-05-22,1699.27,1693.51,1711.27,1682.85,-0.16,-2.7,64821,88859000.0,1.68,0.0
2001-05-23,1692.71,1672.23,1703.73,1656.52,-1.26,-21.28,85184,114640000.0,2.79,0.0
2001-05-24,1678.49,1678.08,1694.4,1663.41,0.35,5.85,82624,108991000.0,1.85,0.0
2001-05-25,1678.72,1678.22,1694.72,1663.77,0.01,0.14,91485,116879000.0,1.84,0.0
2001-05-28,1679.44,1657.67,1684.64,1649.17,-1.22,-20.55,87316,117508000.0,2.11,0.0
2001-05-29,1656.87,1667.99,1686.84,1651.47,0.62,10.32,70234,92586000.0,2.13,0.0
2001-05-30,1688.04,1694.51,1717.69,1671.23,1.59,26.52,107088,139468000.0,2.79,0.0
2001-05-31,1697.05,1684.22,1713.93,1674.68,-0.61,-10.29,90803,115308000.0,2.32,0.0
2001-06-01,1690.02,1695.07,1710.91,1680.96,0.64,10.85,123261,152723000.0,1.78,0.0
2001-06-04,1698.32,1700.13,1718.01,1684.75,0.3,5.06,115374,145216000.0,1.96,0.0
2001-06-05,1705.76,1703.74,1721.07,1686.14,0.21,3.61,104140,135446000.0,2.05,0.0
2001-06-06,1704.73,1714.16,1726.61,1679.8,0.61,10.42,136159,195853000.0,2.75,0.01
2001-06-07,1717.65,1717.97,1743.9,1701.36,0.22,3.81,136688,192780000.0,2.48,0.01
2001-06-08,1717.38,1706.37,1725.48,1688.9,-0.68,-11.6,132326,181631000.0,2.13,0.0
2001-06-11,1707.11,1717.7,1730.57,1700.16,0.66,11.33,106282,131721000.0,1.78,0.0
2001-06-12,1719.34,1737.04,1744.89,1715.52,1.13,19.34,115379,143279000.0,1.71,0.0
2001-06-13,1744.22,1737.04,1753.07,1727.08,0.0,0.0,91738,118325000.0,1.5,0.0
2001-06-14,1739.58,1698.33,1744.96,1694.97,-2.23,-38.71,148578,191470000.0,2.88,0.01
2001-06-15,1692.62,1719.51,1732.45,1686.08,1.25,21.18,120097,131613000.0,2.73,0.0
2001-06-18,1722.39,1689.73,1731.24,1679.72,-1.73,-29.78,131474,150148000.0,3.0,0.0
2001-06-19,1690.38,1701.94,1721.9,1673.34,0.72,12.21,103947,135927000.0,2.87,0.0
2001-06-20,1699.28,1703.66,1721.13,1683.7,0.1,1.72,138154,167419000.0,2.2,0.01
2001-06-21,1705.03,1713.15,1726.38,1696.1,0.56,9.49,119355,128589000.0,1.78,0.0
2001-06-22,1718.55,1733.85,1748.15,1708.67,1.21,20.7,146270,147771000.0,2.3,0.01
2001-06-25,1739.78,1742.75,1767.32,1726.06,0.51,8.9,207003,205845000.0,2.38,0.01
2001-06-26,1747.23,1731.12,1760.22,1721.37,-0.67,-11.63,116510,138978000.0,2.23,0.0
2001-06-27,1739.53,1740.62,1754.61,1719.27,0.55,9.5,126913,145539000.0,2.04,0.0
2001-06-28,1739.88,1740.97,1763.72,1730.64,0.02,0.35,105415,124577000.0,1.9,0.0
2001-06-29,1742.46,1738.84,1757.1,1729.83,-0.12,-2.13,89072,119098000.0,1.57,0.0
2001-07-02,1740.97,1718.15,1752.31,1713.81,-1.19,-20.69,99240,145386000.0,2.21,0.0
2001-07-03,1716.98,1715.35,1730.71,1699.27,-0.16,-2.8,126622,193512000.0,1.83,0.0
2001-07-04,1719.35,1710.58,1733.31,1701.44,-0.28,-4.77,128881,198057000.0,1.86,0.0
2001-07-05,1710.92,1699.46,1734.08,1688.72,-0.65,-11.12,108492,132559000.0,2.65,0.0
2001-07-06,1738.67,1735.02,1745.95,1730.28,2.09,35.56,75728,101409000.0,0.92,0.0
2001-07-09,1734.44,1741.9,1759.5,1726.15,0.4,6.88,53534,71694000.0,1.92,0.0
2001-07-10,1748.03,1758.09,1766.48,1738.89,0.93,16.19,46914,61919000.0,1.58,0.0
2001-07-11,1756.76,1747.62,1774.73,1737.45,-0.6,-10.47,51180,64991000.0,2.12,0.0
2001-07-12,1744.85,1739.24,1761.13,1723.72,-0.48,-8.38,53235,70681000.0,2.14,0.0
2001-07-13,1784.75,1787.22,1794.3,1779.3,2.76,47.98,53945,78330000.0,0.86,0.0
2001-07-16,1806.29,1784.31,1817.81,1775.45,-0.16,-2.91,74989,102266000.0,2.37,0.0
2001-07-17,1779.03,1782.97,1796.19,1763.16,-0.08,-1.34,77218,104858000.0,1.85,0.0
2001-07-18,1787.62,1799.86,1823.67,1776.58,0.95,16.89,123136,184100000.0,2.64,0.0
2001-07-19,1803.04,1811.31,1824.96,1787.3,0.64,11.45,101633,151429000.0,2.09,0.0
2001-07-20,1856.55,1858.66,1867.11,1849.53,2.61,47.35,73946,97873000.0,0.97,0.0
2001-07-23,1854.97,1861.61,1872.81,1835.97,0.16,2.95,79548,107993000.0,1.98,0.0
2001-07-24,1852.41,1828.39,1863.97,1814.99,-1.78,-33.22,100807,137838000.0,2.63,0.0
2001-07-25,1824.99,1811.41,1840.01,1795.61,-0.93,-16.98,83841,109463000.0,2.43,0.0
2001-07-26,1806.85,1791.55,1822.98,1778.21,-1.1,-19.86,53645,69125000.0,2.47,0.0
2001-07-27,1830.57,1825.03,1842.04,1821.11,1.87,33.48,55970,74371000.0,1.17,0.0
2001-07-30,1805.89,1717.03,1809.26,1706.16,-5.92,-108.0,96144,112571000.0,5.65,0.0
2001-07-31,1682.62,1676.09,1740.18,1659.57,-2.38,-40.94,86813,100001000.0,4.69,0.0
2001-08-01,1681.94,1746.54,1755.33,1674.36,4.2,70.45,79866,95694000.0,4.83,0.0
2001-08-02,1746.76,1721.1,1752.89,1666.17,-1.46,-25.44,77736,91385000.0,4.97,0.0
2001-08-03,1768.48,1761.65,1774.43,1752.0,2.36,40.55,37041,42846000.0,1.3,0.0
2001-08-06,1751.65,1704.87,1768.2,1684.86,-3.22,-56.78,57980,61354000.0,4.73,0.0
2001-08-07,1698.88,1728.59,1739.3,1685.19,1.39,23.72,48001,55323000.0,3.17,0.0
2001-08-08,1728.3,1717.75,1738.61,1697.49,-0.63,-10.84,26975,30421000.0,2.38,0.0
2001-08-09,1718.85,1747.16,1751.23,1707.81,1.71,29.41,44157,56649000.0,2.53,0.0
2001-08-10,1793.95,1795.73,1807.44,1789.96,2.78,48.57,40765,55991000.0,1.0,0.0
2001-08-13,1803.07,1797.66,1816.96,1779.44,0.11,1.93,48650,53650000.0,2.09,0.0
2001-08-14,1800.53,1781.57,1811.25,1765.52,-0.9,-16.09,35740,40149000.0,2.54,0.0
2001-08-15,1777.39,1797.93,1811.73,1773.25,0.92,16.36,45516,55257000.0,2.16,0.0
2001-08-16,1797.86,1773.77,1807.25,1769.92,-1.34,-24.16,48840,66268000.0,2.08,0.0
2001-08-17,1814.27,1816.78,1824.54,1805.8,2.42,43.01,33254,40007000.0,1.06,0.0
2001-08-20,1818.16,1829.38,1836.04,1803.61,0.69,12.6,28039,37515000.0,1.79,0.0
2001-08-21,1829.18,1831.5,1842.65,1816.33,0.12,2.12,26286,31826000.0,1.44,0.0
2001-08-22,1825.82,1788.42,1827.68,1773.29,-2.35,-43.08,43966,48909000.0,2.97,0.0
2001-08-23,1778.78,1783.93,1800.32,1743.85,-0.25,-4.49,45815,59062000.0,3.16,0.0
2001-08-24,1819.97,1812.16,1832.44,1809.35,1.58,28.23,32507,43970000.0,1.29,0.0
2001-08-27,1800.57,1727.39,1809.99,1722.47,-4.68,-84.77,75061,90735000.0,4.83,0.0
2001-08-28,1714.4,1737.74,1758.03,1679.26,0.6,10.35,64787,82578000.0,4.56,0.0
2001-08-29,1748.68,1745.48,1778.71,1723.33,0.45,7.74,45382,53707000.0,3.19,0.0
2001-08-30,1734.42,1743.65,1756.13,1721.59,-0.1,-1.83,26030,31733000.0,1.98,0.0
2001-08-31,1744.11,1742.61,1759.47,1724.4,-0.06,-1.04,47068,61470000.0,2.01,0.0
2001-09-03,1745.25,1743.4,1764.5,1720.42,0.05,0.79,62497,60613000.0,2.53,0.0
2001-09-04,1737.01,1778.75,1785.71,1723.64,2.03,35.35,69390,82944000.0,3.56,0.0
2001-09-05,1780.9,1775.49,1798.7,1759.3,-0.18,-3.26,58090,66968000.0,2.22,0.0
2001-09-06,1776.04,1760.95,1786.95,1749.15,-0.82,-14.54,27542,30908000.0,2.13,0.0
2001-09-07,1796.25,1767.18,1803.27,1761.55,0.35,6.23,51467,53812000.0,2.37,0.0
2001-09-10,1749.99,1806.8,1816.69,1725.95,2.24,39.62,31440,34957000.0,5.13,0.0
2001-09-11,1807.82,1822.42,1831.87,1791.27,0.86,15.62,24450,28218000.0,2.25,0.0
2001-09-12,1765.78,1816.22,1844.5,1740.52,-0.34,-6.2,93764,95211000.0,5.71,0.0
2001-09-13,1814.66,1812.41,1845.56,1791.81,-0.21,-3.81,64768,62248000.0,2.96,0.0
2001-09-14,1853.8,1835.26,1863.2,1829.12,1.26,22.85,42645,43381000.0,1.88,0.0
2001-09-17,1826.25,1779.54,1837.24,1758.66,-3.04,-55.72,53912,54240000.0,4.28,0.0
2001-09-18,1777.05,1809.9,1832.72,1771.94,1.71,30.36,30967,33846000.0,3.42,0.0
2001-09-19,1813.64,1859.46,1883.36,1766.21,2.74,49.56,164792,186054000.0,6.47,0.01
2001-09-20,1861.94,1842.83,1887.19,1826.65,-0.89,-16.63,372572,384685000.0,3.26,0.01
2001-09-21,1883.11,1885.89,1901.14,1870.41,2.34,43.06,175446,180670000.0,1.67,0.01
2001-09-24,1880.55,1862.83,1898.78,1853.37,-1.22,-23.06,95533,97035000.0,2.41,0.0
2001-09-25,1873.4,1863.44,1901.72,1848.27,0.03,0.61,104643,115756000.0,2.87,0.0
2001-09-26,1864.79,1830.2,1877.69,1824.66,-1.78,-33.24,63488,63991000.0,2.85,0.0
2001-09-27,1828.22,1821.89,1875.92,1799.84,-0.45,-8.31,94120,95239000.0,4.16,0.0
2001-09-28,1859.47,1861.07,1879.26,1848.76,2.15,39.18,57557,59103000.0,1.67,0.0
2001-10-08,1872.53,1831.36,1900.84,1814.03,-1.6,-29.71,50157,51755000.0,4.66,0.0
2001-10-09,1823.96,1864.62,1882.12,1814.0,1.82,33.26,151518,170627000.0,3.72,0.01
2001-10-10,1864.36,1784.14,1872.21,1771.13,-4.32,-80.48,102523,101806000.0,5.42,0.0
2001-10-11,1780.48,1737.51,1804.89,1718.82,-2.61,-46.63,81461,80899000.0,4.82,0.0
2001-10-12,1779.6,1817.23,1834.32,1748.22,4.59,79.72,332734,338472000.0,4.96,0.01
2001-10-15,1814.11,1831.91,1843.64,1782.61,0.81,14.68,220960,229979000.0,3.36,0.01
2001-10-16,1835.07,1789.75,1848.57,1757.42,-2.3,-42.16,105179,107957000.0,4.98,0.0
2001-10-17,1797.07,1794.71,1832.7,1764.34,0.28,4.96,118640,113743000.0,3.82,0.0
2001-10-18,1802.55,1775.23,1826.8,1759.78,-1.09,-19.48,108571,116258000.0,3.73,0.0
2001-10-19,1810.78,1792.59,1824.06,1765.42,0.98,17.36,202175,195089000.0,3.3,0.01
2001-10-22,1773.26,1753.05,1814.6,1716.58,-2.21,-39.54,149976,138673000.0,5.47,0.01
2001-10-23,1881.22,1916.86,1917.01,1847.66,9.34,163.81,267113,293554000.0,3.96,0.01
2001-10-24,1973.93,1970.75,2023.61,1923.86,2.81,53.89,393585,404633000.0,5.2,0.01
2001-10-25,1960.14,1919.41,1985.97,1888.12,-2.61,-51.34,311641,321014000.0,4.97,0.01
2001-10-26,1956.58,1980.45,1991.49,1947.18,3.18,61.04,310992,331001000.0,2.31,0.01
2001-10-29,1997.53,2015.06,2025.85,1977.3,1.75,34.61,182275,204833000.0,2.45,0.01
2001-10-30,2019.18,1987.41,2025.74,1972.24,-1.37,-27.65,124269,135259000.0,2.66,0.0
2001-10-31,1978.74,2006.86,2010.44,1949.37,0.98,19.45,91359,99656000.0,3.07,0.0
2001-11-01,2014.69,2026.59,2050.25,1994.06,0.98,19.73,140056,169170000.0,2.8,0.01
2001-11-02,2067.65,2055.89,2078.49,2045.98,1.45,29.3,101291,115191000.0,1.6,0.0
2001-11-05,2037.34,2019.0,2057.39,1998.01,-1.79,-36.89,101227,115986000.0,2.89,0.0
2001-11-06,2013.08,2014.41,2045.19,2000.88,-0.23,-4.59,68987,79861000.0,2.19,0.0
2001-11-07,2001.6,1915.38,2034.76,1902.35,-4.92,-99.03,138893,138935000.0,6.57,0.01
2001-11-08,1885.14,1931.89,1947.43,1855.73,0.86,16.51,85562,87102000.0,4.79,0.0
2001-11-09,1986.54,1997.16,2007.27,1962.74,3.38,65.27,95284,101461000.0,2.3,0.0
2001-11-12,2015.76,1980.19,2020.06,1972.01,-0.85,-16.97,54127,57891000.0,2.41,0.0
2001-11-13,1958.68,1977.96,2000.88,1923.49,-0.11,-2.23,49324,49356000.0,3.91,0.0
2001-11-14,1976.52,1973.69,1999.19,1951.62,-0.22,-4.27,34155,38858000.0,2.41,0.0
2001-11-15,1973.94,1986.87,2000.35,1953.56,0.67,13.18,42544,44482000.0,2.37,0.0
2001-11-16,2107.39,2057.25,2120.79,2049.09,3.54,70.38,200851,226859000.0,3.61,0.01
2001-11-19,2054.14,2082.86,2094.36,2040.12,1.24,25.61,98479,122714000.0,2.64,0.0
2001-11-20,2092.24,2114.21,2127.13,2075.93,1.51,31.35,144382,174653000.0,2.46,0.01
2001-11-21,2109.99,2145.98,2153.29,2077.28,1.5,31.77,227918,263873000.0,3.6,0.01
2001-11-22,2144.31,2153.33,2173.05,2122.48,0.34,7.35,321252,357034000.0,2.36,0.01
2001-11-23,2204.97,2197.43,2214.02,2188.76,2.05,44.1,191197,212937000.0,1.17,0.01
2001-11-26,2196.49,2182.86,2209.82,2166.54,-0.66,-14.57,108066,126291000.0,1.97,0.0
2001-11-27,2175.03,2207.04,2212.8,2165.3,1.11,24.18,127447,145380000.0,2.18,0.0
2001-11-28,2228.77,2256.94,2296.62,2214.45,2.26,49.9,299678,328917000.0,3.72,0.01
2001-11-29,2269.07,2257.03,2289.59,2235.07,0.0,0.09,222127,251650000.0,2.42,0.01
2001-11-30,2318.3,2325.37,2328.99,2305.58,3.03,68.34,148703,168603000.0,1.04,0.01
2001-12-03,2328.11,2346.3,2364.16,2319.43,0.9,20.93,189910,189382000.0,1.92,0.01
2001-12-04,2333.58,2365.57,2383.38,2312.89,0.82,19.27,167053,178367000.0,3.0,0.01
2001-12-05,2345.4,2279.27,2356.65,2272.84,-3.65,-86.3,189086,203644622.0,3.54,0.01
2001-12-06,2257.32,2298.25,2309.48,2244.25,0.83,18.98,122144,139905441.0,2.86,0.0
2001-12-07,2353.26,2342.12,2360.97,2332.86,1.91,43.87,103425,125603823.0,1.22,0.0
2001-12-10,2338.19,2349.41,2357.11,2307.37,0.31,7.29,61121,67009163.0,2.12,0.0
2001-12-11,2336.69,2335.02,2373.18,2307.13,-0.61,-14.39,72290,78140332.0,2.81,0.0
2001-12-12,2323.63,2331.75,2362.88,2306.5,-0.14,-3.27,99854,100119115.0,2.41,0.0
2001-12-13,2318.81,2286.75,2347.24,2267.76,-1.93,-45.0,119682,122419442.0,3.41,0.0
2001-12-14,2334.04,2328.27,2359.69,2315.31,1.82,41.52,163642,181684311.0,1.94,0.01
2001-12-17,2322.45,2289.96,2343.91,2273.64,-1.65,-38.31,89724,97815589.0,3.02,0.0
2001-12-18,2283.67,2282.04,2307.49,2227.3,-0.35,-7.92,95283,98474804.0,3.5,0.0
2001-12-19,2295.19,2286.15,2340.77,2276.76,0.18,4.11,73758,77749304.0,2.8,0.0
2001-12-20,2273.29,2245.99,2292.24,2232.83,-1.76,-40.16,75890,76742026.0,2.6,0.0
2001-12-21,2278.5,2289.39,2302.74,2272.48,1.93,43.4,70157,78156156.0,1.35,0.0
2001-12-24,2283.67,2206.04,2293.74,2192.73,-3.64,-83.35,60681,72233776.0,4.41,0.0
2001-12-25,2200.05,2214.57,2229.69,2180.83,0.39,8.53,66957,70891850.0,2.21,0.0
2001-12-26,2209.83,2243.55,2249.64,2200.75,1.31,28.98,46212,51053027.0,2.21,0.0
2001-12-27,2250.11,2224.24,2271.7,2211.05,-0.86,-19.31,54094,57054136.0,2.7,0.0
2001-12-28,2151.45,2146.39,2164.56,2134.89,-3.5,-77.85,70928,80605015.0,1.33,0.0
2001-12-31,2149.08,2153.05,2200.41,2121.0,0.31,6.66,72822,78665668.0,3.7,0.0
2002-01-04,2163.53,2155.38,2176.93,2144.05,0.11,2.33,65486,68918211.0,1.53,0.0
2002-01-07,2142.62,2138.94,2158.25,2111.6,-0.76,-16.44,39479,39399151.0,2.16,0.0
2002-01-08,2142.13,2119.44,2164.6,2115.18,-0.91,-19.5,32434,34257047.0,2.31,0.0
2002-01-09,2111.97,2059.01,2127.57,2042.02,-2.85,-60.43,59001,54421206.0,4.04,0.0
2002-01-10,2053.8,2051.12,2075.64,1955.83,-0.38,-7.89,101009,92815208.0,5.82,0.0
2002-01-11,2057.86,2001.55,2058.58,1994.46,-2.42,-49.57,71537,68446568.0,3.13,0.0
2002-01-14,1965.22,1900.27,1988.28,1888.08,-5.06,-101.28,76598,61514882.0,5.01,0.0
2002-01-15,1873.67,1872.33,1924.75,1858.55,-1.47,-27.94,66028,54306468.0,3.48,0.0
2002-01-16,1876.51,1912.53,1923.21,1856.82,2.15,40.2,54986,46378354.0,3.55,0.0
2002-01-17,1904.15,1783.47,1912.76,1770.43,-6.75,-129.06,97082,76245672.0,7.44,0.0
2002-01-18,1735.85,1696.27,1754.26,1677.26,-4.89,-87.2,131632,103959794.0,4.32,0.0
2002-01-21,1659.37,1561.23,1682.38,1550.1,-7.96,-135.04,183327,113261513.0,7.8,0.01
2002-01-22,1540.14,1515.59,1616.94,1474.25,-2.92,-45.64,161606,93848599.0,9.14,0.01
2002-01-23,1510.84,1645.59,1646.23,1480.95,8.58,130.0,187671,116021440.0,10.91,0.01
2002-01-24,1639.73,1709.89,1764.84,1580.6,3.91,64.3,329733,209122979.0,11.2,0.01
2002-01-25,1745.32,1773.24,1791.3,1732.07,3.7,63.35,221419,152193020.0,3.46,0.01
2002-01-28,1738.95,1655.09,1778.1,1635.07,-6.66,-118.15,203352,122601892.0,8.07,0.01
2002-01-29,1612.09,1728.35,1751.37,1589.36,4.43,73.26,151653,82798243.0,9.79,0.01
2002-01-30,1722.93,1756.38,1787.89,1683.22,1.62,28.03,205135,126562947.0,6.06,0.01
2002-01-31,1768.67,1898.9,1909.19,1768.47,8.11,142.52,438217,304062092.0,8.01,0.02
2002-02-01,1953.21,1952.64,1982.3,1934.29,2.83,53.74,374446,278462580.0,2.53,0.01
2002-02-04,1962.58,2007.55,2019.74,1928.86,2.81,54.91,179357,130368251.0,4.65,0.01
2002-02-05,2003.85,2020.89,2055.97,1974.57,0.66,13.34,191156,137608172.0,4.05,0.01
2002-02-06,2015.81,1936.83,2029.19,1922.43,-4.16,-84.06,152030,105387933.0,5.28,0.01
2002-02-07,1933.09,1988.06,2007.57,1921.98,2.65,51.23,115871,87045949.0,4.42,0.0
2002-02-08,2041.54,2028.75,2054.59,2025.28,2.05,40.69,92848,72528120.0,1.47,0.0
2002-02-25,2075.79,2089.42,2126.99,2052.41,2.99,60.67,97056,71233333.0,3.68,0.0
2002-02-26,2089.55,2112.57,2129.75,2049.11,1.11,23.15,94609,66887257.0,3.86,0.0
2002-02-27,2113.57,2113.56,2155.39,2082.13,0.05,0.99,142552,109986876.0,3.47,0.01
2002-02-28,2114.76,2084.18,2125.58,2074.91,-1.39,-29.38,76081,56660047.0,2.4,0.0
2002-03-01,2073.87,2043.36,2092.0,2030.89,-1.96,-40.82,81736,57919006.0,2.93,0.0
2002-03-04,2027.53,2096.48,2101.27,2015.68,2.6,53.12,118960,92444919.0,4.19,0.0
2002-03-05,2103.28,2141.84,2166.62,2090.58,2.16,45.36,203488,159558889.0,3.63,0.01
2002-03-06,2146.48,2156.89,2214.96,2134.75,0.7,15.05,243289,197840337.0,3.74,0.01
2002-03-07,2151.43,2252.16,2259.34,2145.23,4.42,95.27,382331,315313847.0,5.29,0.01
2002-03-08,2271.52,2290.44,2334.29,2214.99,1.7,38.28,434955,367832541.0,5.3,0.02
2002-03-11,2309.32,2358.61,2374.14,2256.28,2.98,68.17,435266,422304150.0,5.15,0.02
2002-03-12,2363.36,2321.65,2406.64,2304.02,-1.57,-36.96,398492,353159278.0,4.35,0.01
2002-03-13,2314.03,2287.85,2412.56,2257.24,-1.46,-33.8,389782,351168226.0,6.69,0.01
2002-03-14,2281.61,2356.96,2363.39,2249.33,3.02,69.11,252886,225792695.0,4.99,0.01
2002-03-15,2361.29,2284.39,2383.6,2251.53,-3.08,-72.57,241881,214268450.0,5.6,0.01
2002-03-18,2303.44,2295.54,2359.73,2255.75,0.49,11.15,198808,172035751.0,4.55,0.01
2002-03-19,2306.77,2329.41,2342.77,2258.71,1.48,33.87,167710,150011860.0,3.66,0.01
2002-03-20,2353.51,2408.36,2436.16,2338.51,3.39,78.95,353841,327688096.0,4.19,0.01
2002-03-21,2424.5,2397.21,2439.08,2379.0,-0.46,-11.15,166125,155893842.0,2.49,0.01
2002-03-22,2397.62,2367.29,2412.95,2339.73,-1.25,-29.92,144842,133828518.0,3.05,0.01
2002-03-25,2362.4,2384.27,2407.05,2339.25,0.72,16.98,96439,94498488.0,2.86,0.0
2002-03-26,2382.52,2324.38,2391.57,2298.63,-2.51,-59.89,130902,129137229.0,3.9,0.0
2002-03-27,2312.58,2346.2,2357.92,2289.75,0.94,21.82,96367,96393984.0,2.93,0.0
2002-03-28,2344.59,2325.09,2370.92,2302.51,-0.9,-21.11,101164,103267610.0,2.92,0.0
2002-03-29,2319.0,2234.01,2329.66,2216.12,-3.92,-91.08,128285,113913995.0,4.88,0.0
2002-04-01,2226.53,2257.18,2277.81,2199.71,1.04,23.17,93619,86594782.0,3.5,0.0
2002-04-02,2259.03,2225.1,2282.52,2168.63,-1.42,-32.08,161276,137782322.0,5.05,0.01
2002-04-03,2217.59,2249.18,2266.78,2205.83,1.08,24.08,95460,75977606.0,2.74,0.0
2002-04-04,2251.98,2323.03,2331.55,2215.57,3.28,73.85,138892,117779748.0,5.16,0.01
2002-04-05,2310.82,2312.06,2357.31,2279.2,-0.47,-10.97,116978,103033194.0,3.36,0.0
2002-04-08,2304.32,2330.74,2350.09,2278.48,0.81,18.68,85106,72613358.0,3.1,0.0
2002-04-09,2325.54,2364.1,2379.84,2304.21,1.43,33.36,151752,132295396.0,3.24,0.01
2002-04-10,2364.24,2374.13,2412.37,2306.61,0.42,10.03,118830,98775317.0,4.47,0.0
2002-04-11,2379.8,2314.15,2386.88,2307.48,-2.53,-59.98,99715,85128531.0,3.34,0.0
2002-04-12,2310.69,2325.24,2351.76,2298.8,0.48,11.09,74818,60702435.0,2.29,0.0
2002-04-15,2329.63,2298.07,2334.38,2268.29,-1.17,-27.17,79948,64390295.0,2.84,0.0
2002-04-16,2291.52,2283.59,2306.79,2270.37,-0.63,-14.48,50692,43100137.0,1.58,0.0
2002-04-17,2287.18,2290.2,2311.77,2255.85,0.29,6.61,46420,37820844.0,2.45,0.0
2002-04-18,2280.04,2241.8,2297.35,2231.65,-2.11,-48.4,64236,54848096.0,2.87,0.0
2002-04-19,2243.12,2253.68,2266.45,2178.62,0.53,11.88,71527,56559460.0,3.92,0.0
2002-04-22,2217.86,2248.45,2285.04,2199.15,-0.23,-5.23,97521,60361937.0,3.81,0.0
2002-04-23,2232.14,2232.38,2272.25,2207.15,-0.71,-16.07,52501,38769240.0,2.9,0.0
2002-04-24,2231.8,2224.91,2265.67,2196.55,-0.33,-7.47,89239,55631185.0,3.1,0.0
2002-04-25,2219.25,2224.97,2241.28,2192.14,0.0,0.06,73507,51480201.0,2.21,0.0
2002-04-26,2225.39,2274.1,2286.76,2219.17,2.21,49.13,106225,74492341.0,3.04,0.0
2002-04-29,2387.36,2402.64,2411.23,2379.18,5.65,128.54,138585,104894124.0,1.41,0.01
2002-04-30,2521.04,2520.51,2545.68,2499.79,4.91,117.87,130096,100010144.0,1.91,0.0
2002-05-08,2643.38,2625.66,2651.66,2611.13,4.17,105.15,51639,39842946.0,1.61,0.0
2002-05-09,2747.6,2771.56,2788.19,2736.89,5.56,145.9,144727,94793958.0,1.95,0.01
2002-05-10,2900.54,2897.7,2919.53,2873.79,4.55,126.14,161773,118107958.0,1.65,0.01
2002-05-13,3036.84,3027.51,3061.42,2996.96,4.48,129.81,192127,165728692.0,2.22,0.01
2002-05-14,3088.35,2998.4,3191.76,2973.57,-0.96,-29.11,153640,228672395.0,7.21,0.01
2002-05-15,2923.8,2851.04,3006.54,2834.23,-4.91,-147.36,177247,183645305.0,5.75,0.01
2002-05-16,2818.61,2743.44,2852.66,2708.86,-3.77,-107.6,171664,168145969.0,5.04,0.01
2002-05-17,2742.51,2695.36,2821.04,2606.56,-1.75,-48.08,135902,132980525.0,7.82,0.01
2002-05-20,2683.07,2691.12,2734.07,2619.84,-0.16,-4.24,80968,66801190.0,4.24,0.0
2002-05-21,2747.55,2790.51,2828.37,2686.64,3.69,99.39,217794,173599758.0,5.27,0.01
2002-05-22,2781.13,2664.76,2808.85,2619.58,-4.51,-125.75,163854,140216333.0,6.78,0.01
2002-05-23,2665.23,2678.72,2743.26,2644.11,0.52,13.96,165789,123934558.0,3.72,0.01
2002-05-24,2654.63,2668.63,2729.12,2615.61,-0.38,-10.09,177497,136205440.0,4.24,0.01
2002-05-27,2671.77,2634.01,2702.93,2569.72,-1.3,-34.62,135054,106741561.0,4.99,0.01
2002-05-28,2635.95,2598.32,2666.63,2544.96,-1.35,-35.69,58988,55087957.0,4.62,0.0
2002-05-29,2591.95,2507.82,2605.62,2495.18,-3.48,-90.5,126403,98784577.0,4.25,0.0
2002-05-30,2508.97,2489.75,2547.13,2433.25,-0.72,-18.07,127477,95508354.0,4.54,0.0
2002-05-31,2491.26,2450.99,2510.31,2441.66,-1.56,-38.76,92841,65877745.0,2.76,0.0
2002-06-03,2432.17,2373.59,2438.09,2354.86,-3.16,-77.4,101373,70226639.0,3.4,0.0
2002-06-04,2395.07,2469.35,2490.05,2369.61,4.03,95.76,274871,191476369.0,5.07,0.01
2002-06-05,2458.75,2437.42,2509.23,2397.63,-1.29,-31.93,252975,191444739.0,4.52,0.01
2002-06-06,2424.08,2608.06,2641.37,2379.55,7.0,170.64,427799,324130464.0,10.74,0.02
2002-06-07,2671.81,2703.78,2785.14,2621.66,3.67,95.72,505631,414531095.0,6.27,0.02
2002-06-10,2690.18,2673.78,2751.89,2612.68,-1.11,-30.0,351769,294129925.0,5.15,0.01
2002-06-11,2658.33,2768.12,2823.69,2645.94,3.53,94.34,235276,212266897.0,6.65,0.01
2002-06-12,2767.18,2768.13,2833.27,2694.58,0.0,0.01,281124,249611323.0,5.01,0.01
2002-06-13,2761.0,2689.51,2790.75,2674.54,-2.84,-78.62,331612,300006028.0,4.2,0.01
2002-06-14,2674.48,2632.38,2702.67,2619.02,-2.12,-57.13,185028,157255811.0,3.11,0.01
2002-06-17,2606.86,2657.22,2665.81,2576.13,0.94,24.84,124277,107686488.0,3.41,0.0
2002-06-18,2659.52,2705.12,2736.01,2643.13,1.8,47.9,218133,189348749.0,3.5,0.01
2002-06-19,2702.04,2640.59,2705.58,2628.04,-2.39,-64.53,134331,123329418.0,2.87,0.01
2002-06-20,2645.13,2658.17,2702.77,2625.97,0.67,17.58,131452,115033080.0,2.91,0.0
2002-06-21,2674.35,2761.94,2801.6,2661.66,3.9,103.77,442977,391421404.0,5.26,0.02
2002-06-24,3029.1,3011.1,3029.1,2894.77,9.02,249.16,793596,664566501.0,4.86,0.03
2002-06-25,3065.78,2994.7,3123.1,2952.88,-0.54,-16.4,1068988,993530134.0,5.65,0.04
2002-06-26,2991.49,3024.34,3088.91,2940.16,0.99,29.64,693085,662353469.0,4.97,0.03
2002-06-27,3052.73,3036.56,3072.7,2979.17,0.4,12.22,403966,408224000.0,3.09,0.02
2002-06-28,3029.22,2970.17,3108.4,2924.38,-2.19,-66.39,593787,567877308.0,6.06,0.02
2002-07-01,2959.09,2889.0,2986.57,2868.91,-2.73,-81.17,277155,257403500.0,3.96,0.01
2002-07-02,2880.47,2938.62,2952.81,2856.68,1.72,49.62,228867,217591854.0,3.33,0.01
2002-07-03,2943.07,2926.69,2966.28,2902.29,-0.41,-11.93,187876,168914699.0,2.18,0.01
2002-07-04,2940.21,3011.86,3100.39,2915.11,2.91,85.17,330024,341908801.0,6.33,0.01
2002-07-05,2983.89,3011.68,3044.36,2958.99,-0.01,-0.18,140137,138373734.0,2.83,0.01
2002-07-08,3015.16,3028.51,3057.78,2990.8,0.56,16.83,140298,137964786.0,2.22,0.01
2002-07-09,3023.58,3020.46,3048.16,2999.6,-0.27,-8.05,128858,120752284.0,1.6,0.0
2002-07-10,3023.45,3007.19,3067.95,2980.19,-0.44,-13.27,163019,153810918.0,2.91,0.01
2002-07-11,2997.37,2982.28,3030.86,2962.09,-0.83,-24.91,105125,97530543.0,2.29,0.0
2002-07-12,2979.05,2974.53,3013.77,2946.39,-0.26,-7.75,78868,78022317.0,2.26,0.0
2002-07-15,2977.33,2920.99,2985.55,2901.64,-1.8,-53.54,101762,97321183.0,2.82,0.0
2002-07-16,2935.35,2934.0,2974.5,2912.46,0.45,13.01,89139,95576711.0,2.12,0.0
2002-07-17,2942.36,2974.37,2983.86,2917.3,1.38,40.37,72978,71944281.0,2.27,0.0
2002-07-18,2973.72,2963.93,2993.91,2942.37,-0.35,-10.44,122775,115067772.0,1.73,0.0
2002-07-19,2963.49,2976.25,3002.9,2942.19,0.42,12.32,69677,66565208.0,2.05,0.0
2002-07-22,2986.0,2898.25,2989.37,2889.29,-2.62,-78.0,96077,86045228.0,3.36,0.0
2002-07-23,2917.5,2918.82,2959.2,2886.71,0.71,20.57,90655,85040172.0,2.5,0.0
2002-07-24,2914.08,2916.24,2944.86,2889.73,-0.09,-2.58,59023,51761011.0,1.89,0.0
2002-07-25,2927.71,2907.63,2953.51,2888.6,-0.3,-8.61,68384,63735372.0,2.23,0.0
2002-07-26,2917.52,2879.29,2925.27,2872.73,-0.97,-28.34,44025,38572839.0,1.81,0.0
2002-07-29,2881.82,2891.48,2912.64,2839.43,0.42,12.19,62256,55346111.0,2.54,0.0
2002-07-30,2906.86,2953.43,2982.36,2871.93,2.14,61.95,383969,369323052.0,3.82,0.01
2002-07-31,2939.31,2919.81,2972.5,2896.52,-1.14,-33.62,384369,392005435.0,2.57,0.01
2002-08-01,2905.11,2951.22,2975.18,2883.33,1.08,31.41,188604,193916494.0,3.15,0.01
2002-08-02,2931.91,2944.22,2964.32,2911.42,-0.24,-7.0,87617,88945331.0,1.79,0.0
2002-08-05,2931.5,2918.26,2946.26,2883.3,-0.88,-25.96,92836,87694000.0,2.14,0.0
2002-08-06,2897.25,2933.61,2961.19,2893.96,0.53,15.35,104263,105925517.0,2.3,0.0
2002-08-07,2936.97,2959.81,2974.16,2916.07,0.89,26.2,169367,166368195.0,1.98,0.01
2002-08-08,2962.43,2934.75,2979.4,2928.64,-0.85,-25.06,93427,92548611.0,1.71,0.0
2002-08-09,2926.05,2904.18,2949.24,2891.74,-1.04,-30.57,102938,98420215.0,1.96,0.0
2002-08-12,2888.47,2892.34,2925.73,2862.09,-0.41,-11.84,154514,155091357.0,2.19,0.01
2002-08-13,2886.42,2872.82,2918.64,2861.36,-0.67,-19.52,107604,105071862.0,1.98,0.0
2002-08-14,2872.4,2883.35,2901.54,2851.95,0.37,10.53,92121,94356806.0,1.73,0.0
2002-08-15,2886.33,2871.83,2910.87,2850.58,-0.4,-11.52,106045,101096351.0,2.09,0.0
2002-08-16,2859.45,2889.54,2908.21,2837.08,0.62,17.71,134043,132482854.0,2.48,0.01
2002-08-19,2884.08,2899.04,2920.02,2872.35,0.33,9.5,169942,160890357.0,1.65,0.01
2002-08-20,2901.63,2959.34,2997.15,2888.14,2.08,60.3,717943,720466628.0,3.76,0.03
2002-08-21,2959.16,2944.77,2975.8,2922.35,-0.49,-14.57,352313,347198136.0,1.81,0.01
2002-08-22,2941.8,3035.82,3087.81,2922.61,3.09,91.05,345872,356659200.0,5.61,0.01
2002-08-23,3015.43,3026.14,3060.38,2995.11,-0.32,-9.68,306595,323456566.0,2.15,0.01
2002-08-26,3033.19,3035.14,3084.86,2994.01,0.3,9.0,191330,201958935.0,3.0,0.01
2002-08-27,3030.24,3053.11,3091.55,3006.21,0.59,17.97,191084,201187177.0,2.81,0.01
2002-08-28,3053.73,3020.75,3070.1,3007.45,-1.06,-32.36,130734,138087000.0,2.05,0.0
2002-08-29,3025.12,2984.24,3045.43,2975.12,-1.21,-36.51,116111,121589412.0,2.33,0.0
2002-08-30,2979.37,2967.26,3005.55,2954.65,-0.57,-16.98,82496,87994440.0,1.71,0.0
2002-09-02,2969.33,2992.59,3016.64,2955.86,0.85,25.33,84053,86155109.0,2.05,0.0
2002-09-03,2998.44,2995.04,3028.97,2957.0,0.08,2.45,150924,153858446.0,2.4,0.01
2002-09-04,2990.33,2970.2,3013.4,2954.81,-0.83,-24.84,104347,104967795.0,1.96,0.0
2002-09-05,2968.32,2918.87,2972.99,2905.46,-1.73,-51.33,196018,199297914.0,2.27,0.01
2002-09-06,2902.33,2892.59,2932.32,2886.0,-0.9,-26.28,108351,105847592.0,1.59,0.0
2002-09-09,2886.73,2865.86,2896.27,2849.89,-0.92,-26.73,98884,95435523.0,1.6,0.0
2002-09-10,2891.14,2880.69,2908.94,2859.59,0.52,14.83,63701,60160097.0,1.72,0.0
2002-09-11,2876.96,2889.34,2905.48,2837.92,0.3,8.65,123427,121729567.0,2.35,0.0
2002-09-12,2871.85,2889.85,2915.1,2852.85,0.02,0.51,63131,63041216.0,2.15,0.0
2002-09-13,2875.84,2877.72,2897.32,2850.15,-0.42,-12.13,49950,49403363.0,1.63,0.0
2002-09-16,2871.88,2818.88,2879.55,2809.51,-2.04,-58.84,127001,118159205.0,2.43,0.0
2002-09-17,2822.03,2812.39,2878.59,2766.94,-0.23,-6.49,129854,123477793.0,3.96,0.0
2002-09-18,2811.4,2800.6,2840.86,2787.24,-0.42,-11.79,57366,54200611.0,1.91,0.0
2002-09-19,2795.17,2854.34,2883.84,2781.68,1.92,53.74,121473,116202738.0,3.65,0.0
2002-09-20,2855.05,2838.7,2879.86,2817.17,-0.55,-15.64,93174,90689677.0,2.2,0.0
2002-09-23,2836.07,2837.81,2850.83,2808.37,-0.03,-0.89,34940,34209646.0,1.5,0.0
2002-09-24,2834.29,2843.32,2874.47,2822.18,0.19,5.51,48466,48832846.0,1.84,0.0
2002-09-25,2834.99,2828.09,2865.11,2818.56,-0.54,-15.23,47653,47734067.0,1.64,0.0
2002-09-26,2830.52,2798.42,2839.66,2782.32,-1.05,-29.67,57519,52719716.0,2.03,0.0
2002-09-27,2806.58,2788.89,2838.79,2776.62,-0.34,-9.53,107170,102794105.0,2.22,0.0
2002-10-08,2782.2,2739.53,2785.83,2724.74,-1.77,-49.36,52999,48337143.0,2.19,0.0
2002-10-09,2733.02,2673.71,2745.02,2649.13,-2.4,-65.82,72991,62052283.0,3.5,0.0
2002-10-10,2666.11,2654.14,2696.27,2644.21,-0.73,-19.57,39082,33988450.0,1.95,0.0
2002-10-11,2703.03,2641.44,2717.12,2630.3,-0.48,-12.7,39911,33389701.0,3.27,0.0
2002-10-14,2637.22,2645.81,2658.46,2586.94,0.17,4.37,69122,59265430.0,2.71,0.0
2002-10-15,2641.14,2647.58,2675.25,2620.68,0.07,1.77,55174,49681499.0,2.06,0.0
2002-10-16,2644.05,2693.76,2720.16,2640.17,1.74,46.18,125116,110143898.0,3.02,0.0
2002-10-17,2693.71,2649.27,2709.18,2639.19,-1.65,-44.49,76412,69937874.0,2.6,0.0
2002-10-18,2618.61,2636.26,2665.41,2589.92,-0.49,-13.01,83545,74751070.0,2.85,0.0
2002-10-21,2633.76,2645.03,2662.53,2599.38,0.33,8.77,61804,56253239.0,2.4,0.0
2002-10-22,2628.0,2688.67,2724.02,2620.3,1.65,43.64,100221,92231294.0,3.92,0.0
2002-10-23,2693.48,2685.62,2702.73,2658.65,-0.11,-3.05,59708,53238442.0,1.64,0.0
2002-10-24,2684.08,2698.55,2748.46,2664.44,0.48,12.93,84905,80626393.0,3.13,0.0
2002-10-25,2697.25,2641.83,2722.74,2629.58,-2.1,-56.72,64183,59500467.0,3.45,0.0
2002-10-28,2622.25,2613.36,2647.73,2592.34,-1.08,-28.47,50165,43734051.0,2.1,0.0
2002-10-29,2596.63,2630.7,2638.23,2574.85,0.66,17.34,47372,41503684.0,2.43,0.0
2002-10-30,2635.28,2619.1,2649.3,2596.35,-0.44,-11.6,34339,30695383.0,2.01,0.0
2002-10-31,2614.67,2631.36,2668.66,2603.01,0.47,12.26,33954,31108958.0,2.51,0.0
2002-11-01,2617.55,2632.54,2651.63,2597.94,0.04,1.18,45630,42363216.0,2.04,0.0
2002-11-04,2634.07,2676.21,2690.61,2625.34,1.66,43.67,102606,102277938.0,2.48,0.0
2002-11-05,2686.95,2729.93,2746.67,2677.0,2.01,53.72,171390,163931508.0,2.6,0.01
2002-11-06,2730.4,2732.81,2748.2,2706.64,0.11,2.88,91447,87012936.0,1.52,0.0
2002-11-07,2725.95,2721.09,2747.35,2699.8,-0.43,-11.72,64984,64407665.0,1.74,0.0
2002-11-08,2756.21,2652.41,2767.17,2636.41,-2.52,-68.68,98850,92942716.0,4.81,0.0
2002-11-11,2639.53,2614.47,2671.93,2600.25,-1.43,-37.94,70945,67740500.0,2.7,0.0
2002-11-12,2611.26,2544.24,2632.49,2527.89,-2.69,-70.23,86301,77488883.0,4.0,0.0
2002-11-13,2538.04,2549.48,2555.75,2479.44,0.21,5.24,84510,71986026.0,3.0,0.0
2002-11-14,2545.43,2493.93,2551.26,2471.14,-2.18,-55.55,66573,57763051.0,3.14,0.0
2002-11-15,2466.61,2501.11,2538.35,2452.94,0.29,7.18,81042,72232951.0,3.42,0.0
2002-11-18,2502.52,2418.14,2511.96,2402.67,-3.32,-82.97,64448,57625491.0,4.37,0.0
2002-11-19,2417.37,2452.04,2466.53,2390.05,1.4,33.9,70202,62576337.0,3.16,0.0
2002-11-20,2434.4,2357.34,2451.41,2350.98,-3.86,-94.7,66645,54356970.0,4.1,0.0
2002-11-21,2349.9,2254.17,2356.19,2239.6,-4.38,-103.17,100285,76483705.0,4.95,0.0
2002-11-22,2260.87,2264.91,2315.14,2216.97,0.48,10.74,96897,70620845.0,4.36,0.0
2002-11-25,2262.6,2287.0,2308.3,2232.76,0.98,22.09,65066,58436606.0,3.34,0.0
2002-11-26,2287.38,2232.63,2314.5,2228.45,-2.38,-54.37,84717,77198007.0,3.76,0.0
2002-11-27,2212.29,2273.47,2297.7,2181.47,1.83,40.84,85296,58218275.0,5.21,0.0
2002-11-28,2264.6,2350.7,2359.78,2251.54,3.4,77.23,109128,77924950.0,4.76,0.0
2002-11-29,2350.15,2368.54,2408.49,2318.48,0.76,17.84,142584,102762783.0,3.83,0.01
2002-12-02,2365.68,2302.07,2390.77,2298.77,-2.81,-66.47,106948,82684304.0,3.88,0.0
2002-12-03,2283.2,2326.92,2336.44,2252.7,1.08,24.85,67256,51577143.0,3.64,0.0
2002-12-04,2328.83,2349.87,2378.24,2302.85,0.99,22.95,74053,55764468.0,3.24,0.0
2002-12-05,2327.32,2336.0,2355.84,2306.53,-0.59,-13.87,51098,40558259.0,2.1,0.0
2002-12-06,2333.53,2343.92,2379.23,2310.98,0.34,7.92,39000,29662634.0,2.92,0.0
2002-12-09,2337.42,2340.59,2361.43,2315.42,-0.14,-3.33,35540,26258671.0,1.96,0.0
2002-12-10,2338.28,2320.61,2360.54,2306.43,-0.85,-19.98,50681,37850694.0,2.31,0.0
2002-12-11,2307.6,2308.66,2324.24,2279.06,-0.51,-11.95,47704,35266554.0,1.95,0.0
2002-12-12,2307.08,2340.51,2376.03,2300.05,1.38,31.85,49065,40143269.0,3.29,0.0
2002-12-13,2323.48,2392.37,2404.06,2285.71,2.22,51.86,149756,115475742.0,5.06,0.01
2002-12-16,2390.4,2404.34,2418.47,2370.02,0.5,11.97,116730,101569337.0,2.03,0.0
2002-12-17,2407.08,2449.75,2470.57,2389.4,1.89,45.41,67364,51753192.0,3.38,0.0
2002-12-18,2450.63,2442.95,2489.56,2422.38,-0.28,-6.8,87239,66887716.0,2.74,0.0
2002-12-19,2429.57,2453.53,2470.21,2408.85,0.43,10.58,136642,110708210.0,2.51,0.01
2002-12-20,2454.54,2475.28,2484.79,2437.82,0.89,21.75,90374,69954656.0,1.91,0.0
2002-12-23,2476.54,2496.86,2529.23,2467.18,0.87,21.58,100745,78251861.0,2.51,0.0
2002-12-24,2489.62,2608.51,2625.82,2471.61,4.47,111.65,78812,72083979.0,6.18,0.0
2002-12-25,2600.59,2547.9,2607.61,2542.53,-2.32,-60.61,60645,51831610.0,2.49,0.0
2002-12-26,2537.22,2439.62,2548.91,2432.51,-4.25,-108.28,103575,79367771.0,4.57,0.0
2002-12-27,2419.55,2464.19,2496.28,2379.22,1.01,24.57,69476,50395902.0,4.8,0.0
2002-12-30,2439.66,2445.14,2480.56,2394.97,-0.77,-19.05,89394,76786022.0,3.47,0.0
2002-12-31,2428.48,2433.1,2472.49,2404.38,-0.49,-12.04,93558,73498708.0,2.79,0.0
2003-01-02,2402.97,2393.85,2438.52,2373.35,-1.61,-39.25,68398,50626648.0,2.68,0.0
2003-01-03,2392.21,2445.83,2464.61,2380.0,2.17,51.98,63231,45141630.0,3.53,0.0
2003-01-06,2440.33,2355.43,2487.93,2302.9,-3.7,-90.4,2001388,1042570187.0,7.57,0.07
2003-01-07,2343.79,2310.4,2374.54,2289.33,-1.91,-45.03,647449,332007629.0,3.62,0.02
2003-01-08,2302.45,2466.55,2470.44,2291.31,6.76,156.15,873713,480828505.0,7.75,0.03
2003-01-09,2537.64,2590.57,2615.56,2502.67,5.03,124.02,1357274,832731960.0,4.58,0.05
2003-01-10,2651.14,2647.05,2739.92,2615.51,2.18,56.48,2229392,1427186909.0,4.8,0.08
2003-01-13,2657.27,2663.59,2724.44,2609.58,0.62,16.54,1165758,741258637.0,4.34,0.04
2003-01-14,2658.84,2765.8,2866.67,2635.8,3.84,102.21,1821456,1215102687.0,8.67,0.07
2003-01-15,2759.39,2818.89,2858.19,2717.37,1.92,53.09,1576319,1065053155.0,5.09,0.06
2003-01-16,2813.35,2831.81,2870.58,2767.86,0.46,12.92,810148,560059312.0,3.64,0.03
2003-01-17,2832.12,2775.62,2855.03,2757.85,-1.98,-56.19,822484,550167627.0,3.43,0.03
2003-01-20,2759.12,2832.14,2882.9,2720.95,2.04,56.52,863736,595200032.0,5.83,0.03
2003-01-21,2840.77,2761.95,2860.39,2745.38,-2.48,-70.19,561365,384672778.0,4.06,0.02
2003-01-22,2756.94,2767.3,2817.94,2714.22,0.19,5.35,427691,283106920.0,3.76,0.02
2003-01-23,2765.2,2760.96,2836.9,2739.53,-0.23,-6.34,393745,265861394.0,3.52,0.01
2003-01-24,2755.81,2877.28,2925.87,2748.79,4.21,116.32,1059064,723830768.0,6.41,0.04
2003-01-27,2863.45,2882.57,2909.73,2830.11,0.18,5.29,521431,364799750.0,2.77,0.02
2003-01-28,2879.84,2901.73,2920.73,2848.93,0.66,19.16,350994,244011083.0,2.49,0.01
2003-01-29,2896.85,2869.96,2918.69,2850.74,-1.09,-31.77,422769,301807132.0,2.34,0.02
2003-02-10,2871.8,2840.61,2890.18,2823.82,-1.02,-29.35,316970,207484734.0,2.31,0.01
2003-02-11,2833.41,2873.15,2879.86,2828.67,1.15,32.54,152375,104789180.0,1.8,0.01
2003-02-12,2870.09,2932.05,2948.98,2847.95,2.05,58.9,321043,229905004.0,3.52,0.01
2003-02-13,2939.01,2917.41,2994.05,2905.68,-0.5,-14.64,510748,365025857.0,3.01,0.02
2003-02-14,2912.6,2933.88,2956.17,2893.98,0.56,16.47,248302,171357266.0,2.13,0.01
2003-02-17,2941.7,2933.29,3015.09,2885.64,-0.02,-0.59,346733,245692708.0,4.41,0.01
2003-02-18,2931.28,2960.47,2999.48,2913.03,0.93,27.18,395650,278680845.0,2.95,0.01
2003-02-19,2953.28,2986.01,3014.61,2937.91,0.86,25.54,374767,276081496.0,2.59,0.01
2003-02-20,2987.24,2958.73,3012.52,2945.75,-0.91,-27.28,235051,171645702.0,2.24,0.01
2003-02-21,2960.6,2888.28,2967.14,2873.4,-2.38,-70.45,379324,264887102.0,3.17,0.01
2003-02-24,2878.56,2892.84,2921.99,2872.72,0.16,4.56,165078,113590780.0,1.71,0.01
2003-02-25,2893.91,2953.87,2977.12,2890.85,2.11,61.03,270743,196526087.0,2.98,0.01
2003-02-26,2958.22,2953.78,2985.45,2935.49,0.0,-0.09,204147,149873618.0,1.69,0.01
2003-02-27,2961.94,2957.53,3001.21,2929.07,0.13,3.75,350785,270632942.0,2.44,0.01
2003-02-28,2963.51,2952.04,2975.72,2925.03,-0.19,-5.49,165491,123424343.0,1.71,0.01
2003-03-03,2949.69,2969.8,2980.89,2931.44,0.6,17.76,194131,140823008.0,1.68,0.01
2003-03-04,2977.8,2989.12,3026.32,2956.1,0.65,19.32,375841,271429180.0,2.36,0.01
2003-03-05,2988.58,2957.09,2997.4,2933.5,-1.07,-32.03,207904,152173215.0,2.14,0.01
2003-03-06,2960.03,2898.85,2966.39,2884.34,-1.97,-58.24,220697,159159359.0,2.77,0.01
2003-03-07,2890.85,2860.05,2909.15,2853.03,-1.34,-38.8,131756,99231274.0,1.94,0.0
2003-03-10,2857.06,2823.75,2884.38,2800.41,-1.27,-36.3,185185,130407649.0,2.94,0.01
2003-03-11,2811.76,2824.7,2850.53,2808.37,0.03,0.95,84921,58410923.0,1.49,0.0
2003-03-12,2821.09,2794.34,2840.84,2761.9,-1.07,-30.36,169803,114084646.0,2.79,0.01
2003-03-13,2801.18,2779.91,2816.76,2764.95,-0.52,-14.43,106949,72683752.0,1.85,0.0
2003-03-14,2780.0,2782.52,2812.91,2762.76,0.09,2.61,92089,62800676.0,1.8,0.0
2003-03-17,2785.32,2820.83,2830.38,2763.99,1.38,38.31,135368,89149520.0,2.39,0.01
2003-03-18,2828.44,2819.93,2882.57,2797.02,-0.03,-0.9,144819,98720450.0,3.03,0.01
2003-03-19,2808.02,2831.15,2862.99,2775.5,0.4,11.22,192846,131816340.0,3.1,0.01
2003-03-20,2824.17,2814.37,2856.77,2796.61,-0.59,-16.78,132668,87949094.0,2.12,0.0
2003-03-21,2814.66,2823.41,2846.48,2791.58,0.32,9.04,132260,98500476.0,1.95,0.0
2003-03-24,2826.55,2848.27,2874.94,2794.73,0.88,24.86,116602,87679046.0,2.84,0.0
2003-03-25,2839.72,2788.22,2856.03,2769.87,-2.11,-60.05,282638,190487297.0,3.02,0.01
2003-03-26,2780.66,2772.36,2813.02,2740.6,-0.57,-15.86,209215,147246081.0,2.6,0.01
2003-03-27,2768.94,2907.39,2948.24,2742.23,4.87,135.03,896037,659241068.0,7.43,0.03
2003-03-28,2924.48,2939.02,3011.97,2900.25,1.09,31.63,893138,748159747.0,3.84,0.03
2003-03-31,2951.86,2957.35,3006.48,2919.77,0.62,18.33,419657,358314308.0,2.95,0.02
2003-04-01,2951.21,2988.44,3011.16,2940.56,1.05,31.09,185128,140694129.0,2.39,0.01
2003-04-02,3020.29,3050.66,3072.74,2994.55,2.08,62.22,687578,534642121.0,2.62,0.03
2003-04-03,3060.28,3054.34,3141.0,3017.78,0.12,3.68,520009,404185931.0,4.04,0.02
2003-04-04,3064.55,3095.36,3120.44,3034.15,1.34,41.02,448477,345159142.0,2.83,0.02
2003-04-07,3085.47,3135.52,3190.35,3075.87,1.3,40.16,746864,610664376.0,3.7,0.03
2003-04-08,3135.05,3139.53,3188.45,3102.61,0.13,4.01,443530,355784472.0,2.74,0.02
2003-04-09,3138.36,3285.74,3318.14,3101.38,4.66,146.21,1055501,855371455.0,6.9,0.04
2003-04-10,3311.28,3260.98,3342.85,3212.48,-0.75,-24.76,1071046,849755412.0,3.97,0.04
2003-04-11,3256.63,3266.84,3330.71,3210.84,0.18,5.86,791961,658299086.0,3.68,0.03
2003-04-14,3266.14,3402.81,3445.0,3248.39,4.16,135.97,937473,783058010.0,6.02,0.04
2003-04-15,3370.94,3473.58,3560.39,3338.31,2.08,70.77,762385,661492918.0,6.53,0.03
2003-04-16,3465.42,3411.53,3633.04,3347.21,-1.79,-62.05,1090400,968827339.0,8.23,0.04
2003-04-17,3407.98,3391.08,3476.33,3330.06,-0.6,-20.45,595012,530980519.0,4.29,0.02
2003-04-18,3387.22,3324.28,3423.96,3289.86,-1.97,-66.8,444324,371614480.0,3.95,0.02
2003-04-21,3309.18,3242.26,3335.14,3143.32,-2.47,-82.02,732144,595448163.0,5.77,0.03
2003-04-22,3229.63,3244.17,3293.54,3193.38,0.06,1.91,450029,374672990.0,3.09,0.02
2003-04-23,3227.58,3180.56,3270.54,3157.25,-1.96,-63.61,361180,287828789.0,3.49,0.01
2003-04-24,3157.57,3134.17,3197.93,3065.42,-1.46,-46.39,489439,378455344.0,4.17,0.02
2003-04-25,3118.54,3082.64,3178.06,3037.96,-1.64,-51.53,399312,311096877.0,4.47,0.01
2003-04-28,3062.29,3270.16,3282.63,3004.66,6.08,187.52,813921,640144173.0,9.02,0.03
2003-04-29,3225.49,3201.66,3284.02,3152.52,-2.09,-68.5,690744,549470201.0,4.02,0.03
2003-04-30,3194.19,3233.23,3320.78,3184.52,0.99,31.57,626214,492265519.0,4.26,0.02
2003-05-12,3229.08,3276.69,3335.81,3151.27,1.34,43.46,504481,395617279.0,5.71,0.02
2003-05-13,3265.33,3096.56,3318.51,3074.34,-5.5,-180.13,579097,469844865.0,7.45,0.02
2003-05-14,3075.18,3165.93,3182.78,3048.48,2.24,69.37,375300,283747223.0,4.34,0.01
2003-05-15,3155.24,3212.53,3242.86,3105.16,1.47,46.6,442181,342362759.0,4.35,0.02
2003-05-16,3212.47,3232.07,3289.49,3178.97,0.61,19.54,468116,379670252.0,3.44,0.02
2003-05-19,3245.28,3220.69,3272.61,3172.24,-0.35,-11.38,295483,233049771.0,3.11,0.01
2003-05-20,3209.33,3176.07,3236.74,3135.07,-1.39,-44.62,556822,440685324.0,3.16,0.02
2003-05-21,3174.72,3172.73,3222.92,3153.09,-0.11,-3.34,315470,251157361.0,2.2,0.01
2003-05-22,3165.81,3247.01,3272.25,3147.71,2.34,74.28,239708,199198652.0,3.93,0.01
2003-05-23,3249.0,3260.72,3311.57,3224.44,0.42,13.71,653301,520178424.0,2.68,0.02
2003-05-26,3268.29,3275.02,3311.68,3237.66,0.44,14.3,400890,311379313.0,2.27,0.02
2003-05-27,3286.5,3340.8,3370.35,3254.38,2.01,65.78,679963,563323388.0,3.54,0.03
2003-05-28,3348.72,3260.0,3378.36,3233.02,-2.42,-80.8,502675,404610070.0,4.35,0.02
2003-05-29,3248.87,3291.01,3349.73,3211.07,0.95,31.01,331757,264901882.0,4.25,0.01
2003-05-30,3300.1,3302.32,3357.51,3273.06,0.34,11.31,434271,314935867.0,2.57,0.02
2003-06-02,3300.29,3303.3,3333.16,3250.77,0.03,0.98,211094,163958039.0,2.49,0.01
2003-06-03,3305.1,3306.86,3373.94,3274.26,0.11,3.56,216560,172436547.0,3.02,0.01
2003-06-04,3295.25,3334.22,3363.38,3249.75,0.83,27.36,348016,290301946.0,3.44,0.01
2003-06-05,3305.24,3277.33,3366.32,3251.12,-1.71,-56.89,215838,176253557.0,3.46,0.01
2003-06-06,3262.44,3176.12,3281.04,3165.25,-3.09,-101.21,266298,220782037.0,3.53,0.01
2003-06-09,3144.05,3082.76,3187.72,3073.91,-2.94,-93.36,227384,173638627.0,3.58,0.01
2003-06-10,3079.02,3107.62,3143.51,3072.51,0.81,24.86,144627,105560906.0,2.3,0.01
2003-06-11,3130.29,3189.21,3197.66,3113.26,2.63,81.59,290759,193933531.0,2.72,0.01
2003-06-12,3203.51,3167.13,3216.19,3146.82,-0.69,-22.08,178656,133638313.0,2.18,0.01
2003-06-13,3166.4,3191.9,3215.21,3153.33,0.78,24.77,135591,101745613.0,1.95,0.01
2003-06-16,3189.65,3162.98,3205.18,3144.36,-0.91,-28.92,118338,85915841.0,1.91,0.0
2003-06-17,3160.47,3171.07,3209.53,3129.43,0.26,8.09,141975,108641673.0,2.53,0.01
2003-06-18,3174.36,3187.38,3223.92,3160.99,0.51,16.31,124320,99076277.0,1.98,0.0
2003-06-19,3184.58,3160.32,3207.02,3125.28,-0.85,-27.06,135019,102805914.0,2.56,0.01
2003-06-20,3172.51,3146.61,3199.32,3113.5,-0.43,-13.71,187922,155904657.0,2.72,0.01
2003-06-23,3138.71,3080.31,3168.23,3069.98,-2.11,-66.3,150204,115247552.0,3.12,0.01
2003-06-24,3071.53,3081.98,3103.56,3042.18,0.05,1.67,124131,95812563.0,1.99,0.0
2003-06-25,3089.32,3007.7,3104.03,2987.42,-2.41,-74.28,160061,117604907.0,3.78,0.01
2003-06-26,3002.36,3058.8,3085.44,2957.38,1.7,51.1,153834,111771135.0,4.26,0.01
2003-06-27,3033.56,2980.07,3065.35,2966.17,-2.57,-78.73,142935,87920003.0,3.24,0.01
2003-07-01,2986.1,2958.96,3019.98,2939.87,-0.71,-21.11,125210,92746304.0,2.69,0.0
2003-07-02,2969.06,2985.0,3021.45,2909.82,0.88,26.04,151118,113600960.0,3.77,0.01
2003-07-03,2987.0,2973.08,3000.14,2956.06,-0.4,-11.92,108366,80506590.0,1.48,0.0
2003-07-04,2973.84,2952.25,3000.99,2930.7,-0.7,-20.83,102991,76040278.0,2.36,0.0
2003-07-07,2929.6,2913.66,2938.64,2878.08,-1.31,-38.59,72435,51577321.0,2.05,0.0
2003-07-08,2923.07,2931.47,2960.63,2901.84,0.61,17.81,106574,76153251.0,2.02,0.0
2003-07-09,2932.14,2938.5,2982.5,2882.14,0.24,7.03,112684,81606903.0,3.42,0.0
2003-07-10,2932.58,2990.1,3018.78,2896.75,1.76,51.6,215223,157921701.0,4.15,0.01
2003-07-11,2990.09,2964.39,3009.18,2939.74,-0.86,-25.71,159413,118949397.0,2.32,0.01
2003-07-14,2964.5,2942.58,2977.99,2925.3,-0.74,-21.81,94976,69862852.0,1.78,0.0
2003-07-15,2966.57,3006.41,3036.6,2948.43,2.17,63.83,99328,73740373.0,3.0,0.0
2003-07-16,3007.62,2996.41,3037.12,2977.29,-0.33,-10.0,99223,72475672.0,1.99,0.0
2003-07-17,3000.74,3119.0,3163.0,2971.61,4.09,122.59,379760,295106617.0,6.39,0.01
2003-07-18,3113.87,3069.01,3172.1,3025.6,-1.6,-49.99,287961,219840727.0,4.7,0.01
2003-07-21,3057.06,3080.09,3099.63,3008.36,0.36,11.08,199632,148766045.0,2.97,0.01
2003-07-22,3093.77,3063.99,3132.5,3019.21,-0.52,-16.1,126223,96903336.0,3.68,0.0
2003-07-23,3061.13,3063.23,3091.86,3033.69,-0.02,-0.76,76259,58871267.0,1.9,0.0
2003-07-24,3064.61,3007.27,3075.03,2994.92,-1.83,-55.96,85465,63704824.0,2.62,0.0
2003-07-25,3002.02,2934.61,3035.76,2907.19,-2.42,-72.66,135866,97508353.0,4.28,0.01
2003-07-28,2912.76,2844.88,2928.34,2823.51,-3.06,-89.73,140662,102300765.0,3.57,0.01
2003-07-29,2840.08,2864.32,2885.73,2827.77,0.68,19.44,70738,50433994.0,2.04,0.0
2003-07-30,2875.15,2866.48,2919.66,2826.59,0.08,2.16,74767,52877202.0,3.25,0.0
2003-07-31,2866.84,2872.82,2895.06,2843.31,0.22,6.34,71430,50445425.0,1.81,0.0
2003-08-01,2872.43,2888.57,2914.28,2840.49,0.55,15.75,83098,58437445.0,2.57,0.0
2003-08-04,2866.24,2941.66,2959.07,2846.86,1.84,53.09,105680,73766811.0,3.88,0.0
2003-08-05,2939.16,2934.13,2974.42,2914.38,-0.26,-7.53,75372,50457803.0,2.04,0.0
2003-08-06,2925.05,2908.21,2949.48,2878.89,-0.88,-25.92,64743,46130373.0,2.41,0.0
2003-08-07,2905.15,2982.2,3054.85,2892.92,2.54,73.99,360774,276782227.0,5.57,0.01
2003-08-08,2966.05,2919.26,2988.45,2907.17,-2.11,-62.94,195561,154242836.0,2.73,0.01
2003-08-11,2908.05,2994.4,3019.11,2897.19,2.57,75.14,234483,184944863.0,4.18,0.01
2003-08-12,3009.56,3003.29,3047.69,2970.62,0.3,8.89,151703,119167524.0,2.57,0.01
2003-08-13,3010.87,2947.15,3024.36,2937.72,-1.87,-56.14,114939,88135576.0,2.88,0.0
2003-08-14,2946.78,2913.45,2979.59,2891.89,-1.14,-33.7,143865,105598300.0,2.98,0.01
2003-08-15,2925.51,2953.76,3009.23,2890.38,1.38,40.31,244071,192575098.0,4.08,0.01
2003-08-18,2939.66,2935.88,2972.64,2920.09,-0.61,-17.88,85304,65794845.0,1.78,0.0
2003-08-19,2931.73,2932.16,2967.88,2912.4,-0.13,-3.72,76245,58036025.0,1.89,0.0
2003-08-20,2925.73,2899.2,2941.36,2869.35,-1.12,-32.96,102274,75426119.0,2.46,0.0
2003-08-21,2891.81,2917.51,2930.72,2874.65,0.63,18.31,75269,56851459.0,1.93,0.0
2003-08-22,2904.72,2925.68,2962.38,2883.02,0.28,8.17,86557,62133308.0,2.72,0.0
2003-08-25,2904.59,2889.39,2933.32,2868.69,-1.24,-36.29,93282,66866945.0,2.21,0.0
2003-08-26,2879.33,2903.49,2946.18,2866.96,0.49,14.1,126907,97878317.0,2.74,0.0
2003-08-27,2899.27,2931.09,2966.95,2887.99,0.95,27.6,86352,65094414.0,2.72,0.0
2003-08-28,2923.03,2881.35,2957.76,2863.78,-1.7,-49.74,87000,61832771.0,3.21,0.0
2003-08-29,2888.24,2949.84,2966.57,2861.87,2.38,68.49,236463,187442552.0,3.63,0.01
2003-09-01,2975.92,3002.35,3013.93,2915.14,1.78,52.51,336625,264483526.0,3.35,0.01
2003-09-02,2995.48,2958.49,2998.62,2935.37,-1.46,-43.86,180301,141118355.0,2.11,0.01
2003-09-03,2968.87,2985.27,3002.85,2925.09,0.91,26.78,216526,172988581.0,2.63,0.01
2003-09-04,2956.52,2950.48,3014.81,2916.17,-1.17,-34.79,207677,155629390.0,3.3,0.01
2003-09-05,2941.99,2899.46,2959.92,2878.58,-1.73,-51.02,126862,97017600.0,2.76,0.0
2003-09-08,2880.56,2923.01,2936.94,2845.46,0.81,23.55,107676,80432141.0,3.16,0.0
2003-09-09,2910.04,2911.53,2937.12,2881.3,-0.39,-11.48,68492,51413990.0,1.91,0.0
2003-09-10,2911.76,2922.33,2939.58,2886.92,0.37,10.8,91712,64205884.0,1.81,0.0
2003-09-11,2921.37,2938.29,2955.64,2909.05,0.55,15.96,107498,81961516.0,1.59,0.0
2003-09-12,2941.2,2879.52,2946.64,2864.14,-2.0,-58.77,88331,65659838.0,2.81,0.0
2003-09-15,2876.27,2837.43,2896.95,2808.34,-1.46,-42.09,105471,77823498.0,3.08,0.0
2003-09-16,2837.2,2880.75,2892.28,2808.12,1.53,43.32,84698,62002075.0,2.97,0.0
2003-09-17,2878.24,2839.72,2888.49,2796.9,-1.42,-41.03,163369,121187465.0,3.18,0.01
2003-09-18,2819.0,2855.3,2896.6,2803.14,0.55,15.58,182631,134149544.0,3.29,0.01
2003-09-19,2847.3,2878.92,2902.34,2832.25,0.83,23.62,152128,113985832.0,2.45,0.01
2003-09-22,2885.4,2864.79,2905.05,2843.06,-0.49,-14.13,84047,63598877.0,2.15,0.0
2003-09-23,2844.83,2902.89,2915.67,2839.19,1.33,38.1,161837,124554063.0,2.67,0.01
2003-09-24,2903.4,2906.89,2934.92,2872.24,0.14,4.0,103885,80283632.0,2.16,0.0
2003-09-25,2907.16,2870.55,2938.14,2855.94,-1.25,-36.34,167119,123356800.0,2.83,0.01
2003-09-26,2853.68,2859.56,2898.07,2833.35,-0.38,-10.99,95324,69634684.0,2.25,0.0
2003-09-29,2846.46,2817.56,2867.17,2807.08,-1.47,-42.0,98067,71944931.0,2.1,0.0
2003-09-30,2802.67,2739.26,2850.1,2636.49,-2.78,-78.3,298821,211641692.0,7.58,0.01
2003-10-08,2730.52,2712.29,2748.94,2661.49,-0.98,-26.97,122332,82035465.0,3.19,0.0
2003-10-09,2698.92,2709.96,2742.57,2683.78,-0.09,-2.33,67892,45405529.0,2.17,0.0
2003-10-10,2699.4,2780.42,2807.15,2672.1,2.6,70.46,164955,112184656.0,4.98,0.01
2003-10-13,2786.18,2747.98,2803.37,2734.15,-1.17,-32.44,393931,274834768.0,2.49,0.01
2003-10-14,2740.63,2706.41,2759.21,2695.46,-1.51,-41.57,155596,110954685.0,2.32,0.01
2003-10-15,2704.45,2711.31,2762.35,2694.35,0.18,4.9,114082,78388170.0,2.51,0.0
2003-10-16,2707.6,2682.42,2725.19,2662.3,-1.07,-28.89,85289,55225501.0,2.32,0.0
2003-10-17,2661.07,2669.07,2710.13,2641.94,-0.5,-13.35,107119,71566270.0,2.54,0.0
2003-10-20,2663.7,2560.42,2670.12,2536.01,-4.07,-108.65,194605,125202245.0,5.02,0.01
2003-10-21,2563.71,2553.45,2579.18,2510.97,-0.27,-6.97,111819,69223404.0,2.66,0.0
2003-10-22,2569.34,2633.58,2675.1,2561.33,3.14,80.13,258650,163386111.0,4.46,0.01
2003-10-23,2636.69,2627.95,2690.7,2606.74,-0.21,-5.63,203406,134867242.0,3.19,0.01
2003-10-24,2622.05,2593.5,2656.6,2578.6,-1.31,-34.45,135383,84110805.0,2.97,0.01
2003-10-27,2624.9,2613.68,2651.76,2575.1,0.78,20.18,134530,82362294.0,2.96,0.01
2003-10-28,2614.74,2634.26,2669.45,2578.83,0.79,20.58,152228,96041765.0,3.47,0.01
2003-10-29,2648.37,2598.38,2671.12,2541.21,-1.36,-35.88,199677,121940650.0,4.93,0.01
2003-10-30,2607.8,2531.92,2615.36,2486.65,-2.56,-66.46,167430,105958235.0,4.95,0.01
2003-10-31,2525.84,2537.22,2601.16,2493.68,0.21,5.3,127208,80354717.0,4.25,0.0
2003-11-03,2517.57,2562.63,2583.78,2505.58,1.0,25.41,105982,65269175.0,3.08,0.0
2003-11-04,2568.03,2631.93,2686.94,2563.55,2.7,69.3,399146,253897277.0,4.81,0.01
2003-11-05,2651.89,2675.61,2733.7,2623.8,1.66,43.68,392123,246285626.0,4.18,0.01
2003-11-06,2674.5,2601.9,2706.87,2564.39,-2.75,-73.71,342199,202189054.0,5.33,0.01
2003-11-07,2611.36,2565.48,2620.16,2514.95,-1.4,-36.42,197386,110362029.0,4.04,0.01
2003-11-10,2561.61,2499.16,2577.85,2453.05,-2.59,-66.32,129898,75460690.0,4.86,0.0
2003-11-11,2511.22,2496.1,2544.72,2476.96,-0.12,-3.06,123866,67932170.0,2.71,0.0
2003-11-12,2489.9,2435.99,2504.81,2427.66,-2.41,-60.11,158646,91425817.0,3.09,0.01
2003-11-13,2422.46,2444.8,2474.63,2404.38,0.36,8.81,114383,65550105.0,2.88,0.0
2003-11-14,2446.78,2447.41,2489.61,2372.79,0.11,2.61,112057,66106973.0,4.78,0.0
2003-11-17,2434.2,2405.82,2450.8,2384.22,-1.7,-41.59,38956,20419280.0,2.72,0.0
2003-11-18,2411.37,2350.52,2422.83,2342.58,-2.3,-55.3,126468,74685388.0,3.34,0.0
2003-11-19,2345.93,2424.73,2447.14,2335.97,3.16,74.21,161466,95689310.0,4.73,0.01
2003-11-20,2428.82,2536.14,2563.3,2406.03,4.59,111.41,301147,182253688.0,6.49,0.01
2003-11-21,2536.9,2457.95,2573.17,2434.47,-3.08,-78.19,273224,163851224.0,5.47,0.01
2003-11-24,2465.51,2581.73,2601.59,2456.43,5.04,123.78,309308,194571891.0,5.91,0.01
2003-11-25,2598.27,2658.64,2754.36,2590.37,2.98,76.91,1152035,781926025.0,6.35,0.04
2003-11-26,2645.67,2680.65,2724.81,2592.46,0.83,22.01,451610,287225447.0,4.98,0.02
2003-11-27,2675.43,2586.02,2695.49,2573.36,-3.53,-94.63,311666,195428824.0,4.56,0.01
2003-11-28,2586.35,2613.01,2629.61,2574.37,1.04,26.99,169498,105209882.0,2.14,0.01
2003-12-01,2612.48,2677.4,2685.24,2604.48,2.46,64.39,244946,155741044.0,3.09,0.01
2003-12-02,2683.82,2658.86,2734.33,2650.67,-0.69,-18.54,258381,169301888.0,3.12,0.01
2003-12-03,2643.14,2659.44,2709.49,2612.22,0.02,0.58,285179,180429416.0,3.66,0.01
2003-12-04,2664.03,2683.34,2728.15,2647.58,0.9,23.9,356971,240281862.0,3.03,0.01
2003-12-05,2705.2,2726.73,2764.37,2668.47,1.62,43.39,273841,190099679.0,3.57,0.01
2003-12-08,2736.58,2662.35,2745.35,2646.5,-2.36,-64.38,197834,131472114.0,3.63,0.01
2003-12-09,2664.88,2654.71,2674.87,2576.04,-0.29,-7.64,164275,107337389.0,3.71,0.01
2003-12-10,2654.08,2697.82,2726.82,2647.8,1.62,43.11,263008,172006453.0,2.98,0.01
2003-12-11,2720.1,2709.09,2751.7,2678.16,0.42,11.27,245816,165783237.0,2.73,0.01
2003-12-12,2711.49,2726.74,2767.02,2682.87,0.65,17.65,369626,253231513.0,3.11,0.01
2003-12-15,2735.54,2732.44,2771.11,2711.69,0.21,5.7,214116,155913380.0,2.18,0.01
2003-12-16,2736.27,2718.28,2774.6,2660.56,-0.52,-14.16,222302,152176870.0,4.17,0.01
2003-12-17,2720.83,2716.51,2804.92,2671.31,-0.07,-1.77,260806,177482269.0,4.92,0.01
2003-12-18,2703.91,2689.0,2738.5,2649.6,-1.01,-27.51,202847,129870422.0,3.27,0.01
2003-12-19,2730.93,2622.09,2768.54,2584.1,-2.49,-66.91,330273,225738367.0,6.86,0.01
2003-12-22,2606.0,2722.84,2736.44,2560.86,3.84,100.75,600268,389952204.0,6.7,0.02
2003-12-23,2727.55,2731.96,2787.3,2679.28,0.33,9.12,435019,294799601.0,3.97,0.02
2003-12-24,2741.66,2772.45,2802.57,2725.16,1.48,40.49,402460,280068131.0,2.83,0.02
2003-12-25,2772.16,2748.52,2809.4,2722.6,-0.86,-23.93,339936,233753864.0,3.13,0.01
2003-12-26,2744.63,2745.86,2779.19,2718.15,-0.1,-2.66,195592,144163059.0,2.22,0.01
2003-12-29,2748.06,2715.08,2785.93,2707.56,-1.12,-30.78,232957,159989307.0,2.85,0.01
2003-12-30,2713.94,2740.37,2773.72,2686.22,0.93,25.29,203785,135049729.0,3.22,0.01
2003-12-31,2742.18,2743.45,2813.78,2714.11,0.11,3.08,264723,191637664.0,3.64,0.01
2004-01-02,2741.64,2786.72,2818.11,2727.73,1.58,43.27,289734,196537493.0,3.29,0.01
2004-01-05,2792.22,2860.0,2897.01,2768.91,2.63,73.28,514771,357902129.0,4.6,0.02
2004-01-06,2871.1,2904.75,2965.35,2850.03,1.56,44.75,613041,455820424.0,4.03,0.02
2004-01-07,2906.25,2955.13,2999.43,2873.82,1.73,50.38,486345,348999229.0,4.32,0.02
2004-01-08,2972.3,2987.65,3047.07,2932.04,1.1,32.52,474379,327978672.0,3.89,0.02
2004-01-09,3058.21,2953.22,3090.65,2941.25,-1.15,-34.43,498953,373185566.0,5.0,0.02
2004-01-12,2943.22,3039.34,3059.0,2917.78,2.92,86.12,300595,212597127.0,4.78,0.01
2004-01-13,3044.97,3006.64,3080.08,2959.09,-1.08,-32.7,303396,213277934.0,3.98,0.01
2004-01-14,3004.04,2977.17,3025.2,2942.85,-0.98,-29.47,295076,198404070.0,2.74,0.01
2004-01-15,2978.94,2970.91,3040.39,2947.16,-0.21,-6.26,360927,253652945.0,3.13,0.01
2004-01-16,2965.78,2978.84,3017.89,2908.5,0.27,7.93,263502,185174871.0,3.68,0.01
2004-01-29,3060.28,3076.65,3120.39,2987.9,3.28,97.81,391193,287603163.0,4.45,0.01
2004-01-30,3049.72,2988.21,3081.5,2968.13,-2.87,-88.44,307960,216553771.0,3.68,0.01
2004-02-02,3173.57,3186.78,3208.45,3084.61,6.65,198.57,1651625,1363144527.0,4.14,0.06
2004-02-03,3250.2,3245.85,3323.6,3172.39,1.85,59.07,1105788,947904021.0,4.74,0.04
2004-02-04,3263.99,3297.35,3333.07,3219.92,1.59,51.5,677837,549486509.0,3.49,0.03
2004-02-05,3305.98,3467.43,3511.34,3281.42,5.16,170.08,1347526,1190614646.0,6.97,0.05
2004-02-06,3437.5,3447.51,3559.39,3381.54,-0.57,-19.92,781246,653910374.0,5.13,0.03
2004-02-09,3454.57,3542.51,3578.11,3417.56,2.76,95.0,565455,485833525.0,4.66,0.02
2004-02-10,3550.17,3477.61,3592.72,3454.29,-1.83,-64.9,521746,437276040.0,3.91,0.02
2004-02-11,3487.2,3460.81,3541.66,3398.18,-0.48,-16.8,462188,385636256.0,4.13,0.02
2004-02-12,3463.26,3399.68,3513.46,3375.96,-1.77,-61.13,403647,345902552.0,3.97,0.02
2004-02-13,3400.12,3353.42,3450.46,3346.69,-1.36,-46.26,381694,328002341.0,3.05,0.01
2004-02-16,3364.14,3461.92,3473.62,3346.05,3.24,108.5,380845,315021309.0,3.8,0.01
2004-02-17,3477.94,3484.54,3519.71,3431.91,0.65,22.62,361168,295458518.0,2.54,0.01
2004-02-18,3485.22,3508.56,3535.23,3431.18,0.69,24.02,473815,378168660.0,2.99,0.02
2004-02-19,3513.86,3528.4,3583.36,3464.64,0.57,19.84,479007,380647822.0,3.38,0.02
2004-02-20,3552.75,3561.86,3614.41,3520.24,0.95,33.46,728261,577111824.0,2.67,0.03
2004-02-23,3574.59,3455.16,3609.16,3434.33,-3.0,-106.7,584433,471268006.0,4.91,0.02
2004-02-24,3446.29,3458.35,3521.05,3338.94,0.09,3.19,434679,337440592.0,5.27,0.02
2004-02-25,3475.46,3400.69,3548.89,3382.43,-1.67,-57.66,340996,268823470.0,4.81,0.01
2004-02-26,3383.45,3382.17,3437.7,3320.9,-0.54,-18.52,323115,236128046.0,3.43,0.01
2004-02-27,3389.16,3446.33,3473.91,3367.46,1.9,64.16,338584,252842110.0,3.15,0.01
2004-03-01,3448.35,3478.71,3501.82,3389.72,0.94,32.38,395612,301161940.0,3.25,0.01
2004-03-02,3518.0,3491.13,3586.64,3463.81,0.36,12.42,427440,344876647.0,3.53,0.02
2004-03-03,3486.55,3378.61,3498.51,3366.11,-3.22,-112.52,278869,220231582.0,3.79,0.01
2004-03-04,3364.61,3366.66,3412.41,3302.11,-0.35,-11.95,258244,199458745.0,3.26,0.01
2004-03-05,3374.66,3337.5,3396.97,3318.87,-0.87,-29.16,157716,120188670.0,2.32,0.01
2004-03-08,3333.17,3219.74,3343.6,3195.41,-3.53,-117.76,236121,183425624.0,4.44,0.01
2004-03-09,3214.79,3214.51,3308.16,3199.29,-0.16,-5.23,194019,142721611.0,3.38,0.01
2004-03-10,3210.83,3322.12,3327.97,3206.48,3.35,107.61,160971,120735532.0,3.78,0.01
2004-03-11,3326.17,3357.32,3379.32,3278.59,1.06,35.2,248545,175491595.0,3.03,0.01
2004-03-12,3356.83,3351.58,3379.84,3294.19,-0.17,-5.74,323798,227061340.0,2.55,0.01
2004-03-15,3350.56,3437.73,3467.49,3339.28,2.57,86.15,371268,279950230.0,3.83,0.01
2004-03-16,3441.56,3441.53,3475.0,3404.59,0.11,3.8,268320,206228391.0,2.05,0.01
2004-03-17,3444.18,3455.4,3490.33,3385.0,0.4,13.87,232761,177656862.0,3.06,0.01
2004-03-18,3453.95,3375.12,3484.44,3362.17,-2.32,-80.28,220631,162931858.0,3.54,0.01
2004-03-19,3381.64,3468.64,3489.2,3371.43,2.77,93.52,267712,204370359.0,3.49,0.01
2004-03-22,3479.87,3510.57,3552.29,3457.0,1.21,41.93,254621,203333220.0,2.75,0.01
2004-03-23,3518.93,3485.29,3530.94,3435.19,-0.72,-25.28,218334,172140436.0,2.73,0.01
2004-03-24,3488.62,3467.29,3528.23,3431.43,-0.52,-18.0,206609,161408101.0,2.78,0.01
2004-03-25,3465.79,3487.25,3547.99,3440.98,0.58,19.96,184676,150471527.0,3.09,0.01
2004-03-26,3493.7,3465.75,3530.83,3431.1,-0.62,-21.5,217986,168817608.0,2.86,0.01
2004-03-29,3469.71,3386.14,3509.61,3374.19,-2.3,-79.61,271213,218777898.0,3.91,0.01
2004-03-30,3414.57,3403.14,3434.79,3361.39,0.5,17.0,170013,126262403.0,2.17,0.01
2004-03-31,3415.08,3465.27,3499.17,3387.91,1.83,62.13,252302,206834389.0,3.27,0.01
2004-04-01,3467.46,3529.63,3550.47,3447.46,1.86,64.36,315490,241473036.0,2.97,0.01
2004-04-02,3538.22,3599.97,3639.26,3516.25,1.99,70.34,321727,252007205.0,3.49,0.01
2004-04-05,3610.54,3636.19,3695.63,3548.61,1.01,36.22,444203,358698723.0,4.08,0.02
2004-04-06,3637.17,3712.42,3741.68,3595.36,2.1,76.23,463199,354824001.0,4.02,0.02
2004-04-07,3711.69,3705.44,3751.53,3665.81,-0.19,-6.98,309218,246781073.0,2.31,0.01
2004-04-08,3694.86,3693.53,3771.81,3640.71,-0.32,-11.91,311154,251464439.0,3.54,0.01
2004-04-09,3699.12,3568.9,3722.79,3536.18,-3.37,-124.63,306753,248823540.0,5.05,0.01
2004-04-12,3539.13,3540.29,3598.05,3485.74,-0.8,-28.61,230168,174288635.0,3.15,0.01
2004-04-13,3577.15,3506.92,3614.01,3476.83,-0.94,-33.37,248660,178767945.0,3.87,0.01
2004-04-14,3550.73,3496.53,3601.89,3443.53,-0.3,-10.39,287749,248476642.0,4.52,0.01
2004-04-15,3500.25,3418.91,3542.6,3388.79,-2.22,-77.62,181510,144970951.0,4.4,0.01
2004-04-16,3419.7,3425.8,3477.43,3340.24,0.2,6.89,210376,157327366.0,4.01,0.01
2004-04-19,3436.4,3353.2,3460.65,3323.64,-2.12,-72.6,160380,115956820.0,4.0,0.01
2004-04-20,3375.3,3358.91,3404.28,3306.42,0.17,5.71,154105,108748217.0,2.92,0.01
2004-04-21,3373.82,3351.12,3417.54,3323.86,-0.23,-7.79,127831,91868393.0,2.79,0.0
2004-04-22,3353.22,3346.55,3395.43,3291.22,-0.14,-4.57,143291,110074510.0,3.11,0.01
2004-04-23,3320.32,3277.99,3359.2,3246.09,-2.05,-68.56,191804,133260596.0,3.38,0.01
2004-04-26,3294.47,3286.26,3359.79,3231.77,0.25,8.27,133063,101051614.0,3.91,0.0
2004-04-27,3255.54,3136.49,3293.83,3122.73,-4.56,-149.77,180871,132825757.0,5.21,0.01
2004-04-28,3123.98,3158.41,3205.05,3072.91,0.7,21.92,90557,58766644.0,4.21,0.0
2004-04-29,3108.27,3074.1,3190.55,3049.21,-2.67,-84.31,223927,148391169.0,4.48,0.01
2004-04-30,3067.81,3112.34,3159.5,3059.67,1.24,38.24,178893,115787692.0,3.25,0.01
2004-05-10,3114.54,2979.55,3137.61,2963.12,-4.27,-132.79,116276,72886994.0,5.61,0.0
2004-05-11,2962.61,3028.18,3053.88,2955.23,1.63,48.63,124145,73184934.0,3.31,0.0
2004-05-12,3027.86,3134.11,3146.67,3007.28,3.5,105.93,182211,117772592.0,4.6,0.01
2004-05-13,3132.92,3096.22,3144.04,3071.02,-1.21,-37.89,111626,73624848.0,2.33,0.0
2004-05-14,3098.27,2998.56,3110.18,2966.42,-3.15,-97.66,121512,78353297.0,4.64,0.0
2004-05-17,2983.26,2999.02,3055.0,2948.25,0.02,0.46,103945,67814715.0,3.56,0.0
2004-05-18,2985.85,3065.12,3075.84,2947.82,2.2,66.1,139844,89736438.0,4.27,0.01
2004-05-19,3072.7,3062.78,3130.84,3030.66,-0.08,-2.34,234963,159860168.0,3.27,0.01
2004-05-20,3064.25,3062.44,3120.67,3032.83,-0.01,-0.34,105969,71827350.0,2.87,0.0
2004-05-21,3073.86,3074.72,3108.81,3041.8,0.4,12.28,83681,55271238.0,2.19,0.0
2004-05-24,3079.54,3022.92,3101.73,2998.38,-1.68,-51.8,76051,50720388.0,3.36,0.0
2004-05-25,3022.67,2931.56,3037.22,2911.39,-3.02,-91.36,112864,72415350.0,4.16,0.0
2004-05-26,2921.81,2963.68,2981.4,2896.66,1.1,32.12,83546,52624368.0,2.89,0.0
2004-05-27,2965.24,3040.91,3063.08,2929.93,2.61,77.23,149709,100468615.0,4.49,0.01
2004-05-28,3040.3,3005.22,3088.36,2981.64,-1.17,-35.69,162971,109331508.0,3.51,0.01
2004-05-31,3011.79,3046.54,3059.84,2984.99,1.37,41.32,116851,77867651.0,2.49,0.0
2004-06-01,3048.77,3100.84,3115.93,3005.18,1.78,54.3,214111,146206677.0,3.64,0.01
2004-06-02,3101.23,3105.4,3161.05,3052.97,0.15,4.56,159427,112419367.0,3.49,0.01
2004-06-03,3098.88,3020.31,3104.93,3005.67,-2.74,-85.09,140077,90920031.0,3.2,0.01
2004-06-04,3006.31,3027.59,3041.07,2967.44,0.24,7.28,99260,69047159.0,2.44,0.0
2004-06-07,3007.13,2941.09,3027.06,2920.21,-2.86,-86.5,126881,80777773.0,3.53,0.0
2004-06-08,2951.95,2870.76,2961.91,2836.79,-2.39,-70.33,128971,84140696.0,4.25,0.0
2004-06-09,2866.85,2815.46,2904.56,2804.92,-1.93,-55.3,119228,69013614.0,3.47,0.0
2004-06-10,2812.07,2804.43,2849.96,2771.31,-0.39,-11.03,98208,60148272.0,2.79,0.0
2004-06-11,2836.87,2795.12,2911.06,2782.14,-0.33,-9.31,95766,60029019.0,4.6,0.0
2004-06-14,2807.6,2710.83,2809.26,2656.52,-3.02,-84.29,144649,85682861.0,5.46,0.01
2004-06-15,2703.72,2878.2,2905.6,2676.38,6.17,167.37,401955,252475620.0,8.46,0.02
2004-06-16,2847.14,2865.07,2957.77,2800.63,-0.46,-13.13,444117,274049573.0,5.46,0.02
2004-06-17,2854.18,2809.45,2881.03,2795.4,-1.94,-55.62,182931,107396250.0,2.99,0.01
2004-06-18,2814.65,2808.34,2873.59,2771.05,-0.04,-1.11,203201,120899333.0,3.65,0.01
2004-06-21,2795.15,2778.86,2826.19,2709.16,-1.05,-29.48,182080,111402433.0,4.17,0.01
2004-06-22,2789.4,2851.29,2883.94,2761.59,2.61,72.43,192605,122603623.0,4.4,0.01
2004-06-23,2839.02,2825.0,2873.94,2786.27,-0.92,-26.29,127538,77531830.0,3.07,0.0
2004-06-24,2826.88,2791.56,2860.09,2777.84,-1.18,-33.44,127051,69778275.0,2.91,0.0
2004-06-25,2785.82,2747.07,2901.44,2711.56,-1.59,-44.49,231015,134159215.0,6.8,0.01
2004-06-28,2730.34,2661.76,2761.07,2641.07,-3.11,-85.31,184436,105662464.0,4.37,0.01
2004-06-29,2654.07,2715.93,2748.2,2579.81,2.04,54.17,224792,121658027.0,6.33,0.01
2004-06-30,2710.95,2685.67,2745.34,2662.96,-1.11,-30.26,115244,64245975.0,3.03,0.0
2004-07-01,2680.76,2800.11,2824.09,2666.68,4.26,114.44,258226,151355920.0,5.86,0.01
2004-07-02,2797.87,2809.6,2844.97,2757.68,0.34,9.49,230811,121931884.0,3.12,0.01
2004-07-05,2802.53,2822.91,2832.83,2776.71,0.47,13.31,131481,71511915.0,2.0,0.0
2004-07-06,2832.05,2831.05,2879.41,2805.74,0.29,8.14,226642,127501809.0,2.61,0.01
2004-07-07,2818.76,2796.43,2826.69,2770.67,-1.22,-34.62,113975,60853405.0,1.98,0.0
2004-07-08,2800.71,2802.01,2820.54,2756.25,0.2,5.58,109737,58503561.0,2.3,0.0
2004-07-09,2788.63,2803.51,2866.08,2775.38,0.05,1.5,164881,102991538.0,3.24,0.01
2004-07-12,2751.06,2670.82,2764.84,2606.8,-4.73,-132.69,266726,160555146.0,5.64,0.01
2004-07-13,2649.66,2661.14,2701.83,2601.14,-0.36,-9.68,115941,63941493.0,3.77,0.0
2004-07-14,2691.16,2686.25,2723.2,2621.61,0.94,25.11,173228,90621692.0,3.82,0.01
2004-07-15,2687.33,2696.26,2724.29,2641.28,0.37,10.01,137793,73866680.0,3.09,0.01
2004-07-16,2700.13,2791.56,2809.4,2685.41,3.53,95.3,309699,183667494.0,4.6,0.01
2004-07-19,2791.13,2785.07,2815.86,2752.39,-0.23,-6.49,220472,123666664.0,2.27,0.01
2004-07-20,2796.83,2813.12,2845.52,2766.88,1.01,28.05,153431,85762633.0,2.82,0.01
2004-07-21,2799.5,2788.21,2832.86,2773.12,-0.89,-24.91,106282,59995203.0,2.12,0.0
2004-07-22,2789.79,2701.23,2811.75,2694.25,-3.12,-86.98,132134,71519961.0,4.21,0.0
2004-07-23,2691.73,2716.0,2725.12,2655.19,0.55,14.77,108953,55843817.0,2.59,0.0
2004-07-26,2696.36,2660.18,2698.21,2642.83,-2.06,-55.82,59697,32064511.0,2.04,0.0
2004-07-27,2673.62,2602.91,2699.97,2549.26,-2.15,-57.27,143964,81170501.0,5.67,0.01
2004-07-28,2611.33,2546.04,2635.32,2470.24,-2.18,-56.87,235446,132323402.0,6.34,0.01
2004-07-29,2543.09,2576.21,2587.51,2512.27,1.18,30.17,138574,76689377.0,2.96,0.01
2004-07-30,2578.67,2544.02,2595.31,2532.88,-1.25,-32.19,94157,51800896.0,2.42,0.0
2004-08-02,2513.2,2502.11,2541.52,2464.69,-1.65,-41.91,77565,38616596.0,3.02,0.0
2004-08-03,2498.53,2500.71,2539.46,2471.37,-0.06,-1.4,78214,40835356.0,2.72,0.0
2004-08-04,2503.45,2590.28,2666.2,2487.0,3.58,89.57,192822,109012038.0,7.17,0.01
2004-08-05,2582.8,2561.7,2673.73,2553.43,-1.1,-28.58,258268,138334627.0,4.64,0.01
2004-08-06,2547.93,2549.62,2589.91,2507.21,-0.47,-12.08,122123,61585529.0,3.23,0.0
2004-08-09,2544.42,2539.72,2563.55,2508.56,-0.39,-9.9,91280,45999440.0,2.16,0.0
2004-08-10,2548.4,2568.16,2587.11,2535.89,1.12,28.44,83778,46238832.0,2.02,0.0
2004-08-11,2572.11,2545.58,2583.04,2533.69,-0.88,-22.58,83802,45793393.0,1.92,0.0
2004-08-12,2535.53,2507.39,2537.97,2476.38,-1.5,-38.19,120567,62561421.0,2.42,0.0
2004-08-13,2520.99,2535.38,2621.65,2504.87,1.12,27.99,445522,230072292.0,4.66,0.02
2004-08-16,2520.72,2512.8,2551.37,2482.2,-0.89,-22.58,174597,88763491.0,2.73,0.01
2004-08-17,2535.19,2555.53,2594.89,2503.77,1.7,42.73,270472,145499194.0,3.63,0.01
2004-08-18,2547.17,2551.3,2586.37,2533.59,-0.17,-4.23,148327,79896914.0,2.07,0.01
2004-08-19,2549.68,2510.29,2569.05,2469.49,-1.61,-41.01,208321,102443917.0,3.9,0.01
2004-08-20,2496.9,2489.29,2533.04,2439.47,-0.84,-21.0,159262,81147602.0,3.73,0.01
2004-08-23,2486.21,2485.18,2518.52,2441.62,-0.17,-4.11,121218,62322949.0,3.09,0.0
2004-08-24,2481.63,2541.34,2560.38,2463.58,2.26,56.16,200537,103237674.0,3.9,0.01
2004-08-25,2535.12,2514.35,2549.1,2493.06,-1.06,-26.99,95817,49364367.0,2.21,0.0
2004-08-26,2494.91,2526.14,2553.76,2451.88,0.47,11.79,85898,42651639.0,4.05,0.0
2004-08-27,2526.76,2491.48,2544.75,2473.57,-1.37,-34.66,93392,47004643.0,2.82,0.0
2004-08-30,2486.7,2537.52,2599.67,2444.13,1.85,46.04,288076,156468729.0,6.24,0.01
2004-08-31,2598.88,2627.78,2677.68,2565.88,3.56,90.26,551897,315848330.0,4.41,0.02
2004-09-01,2611.15,2616.43,2674.47,2563.38,-0.43,-11.35,351707,213361135.0,4.23,0.01
2004-09-02,2616.82,2679.55,2710.21,2569.1,2.41,63.12,398872,247496668.0,5.39,0.01
2004-09-03,2673.4,2656.62,2707.19,2638.82,-0.86,-22.93,271819,161079996.0,2.55,0.01
2004-09-06,2646.21,2621.07,2666.62,2586.55,-1.34,-35.55,219014,133459267.0,3.01,0.01
2004-09-07,2618.95,2669.19,2679.16,2603.04,1.84,48.12,267277,156913137.0,2.9,0.01
2004-09-08,2673.0,2646.67,2678.84,2616.21,-0.84,-22.52,134659,75311555.0,2.35,0.01
2004-09-09,2627.21,2578.09,2638.62,2559.43,-2.59,-68.58,186566,106969871.0,2.99,0.01
2004-09-10,2564.74,2589.31,2600.74,2544.4,0.44,11.22,128076,69399377.0,2.19,0.0
2004-09-13,2562.94,2582.17,2633.78,2531.61,-0.28,-7.14,167014,89968153.0,3.95,0.01
2004-09-14,2616.61,2670.67,2692.01,2602.8,3.43,88.5,465284,267763465.0,3.45,0.02
2004-09-15,2656.62,2778.72,2860.72,2628.99,4.05,108.05,716688,438532867.0,8.68,0.03
2004-09-16,2794.98,2793.4,2833.22,2747.19,0.53,14.68,468570,258428795.0,3.1,0.02
2004-09-17,2815.42,2884.92,2915.2,2773.78,3.28,91.52,668975,400623445.0,5.06,0.03
2004-09-20,2913.54,2989.97,3000.42,2898.45,3.64,105.05,744812,444108726.0,3.53,0.03
2004-09-21,2994.27,2938.01,3008.94,2908.16,-1.74,-51.96,486224,290739523.0,3.37,0.02
2004-09-22,2920.42,2873.71,2977.84,2849.17,-2.19,-64.3,377147,222647508.0,4.38,0.01
2004-09-23,2863.03,2960.77,2967.7,2830.9,3.03,87.06,308256,178806891.0,4.76,0.01
2004-09-24,2990.43,2888.64,3078.16,2879.44,-2.44,-72.13,616400,384637540.0,6.71,0.02
2004-09-27,2923.82,2865.64,2979.59,2843.01,-0.8,-23.0,297186,178964828.0,4.73,0.01
2004-09-28,2891.11,2851.61,2912.82,2811.35,-0.49,-14.03,216380,132111214.0,3.54,0.01
2004-09-29,2852.46,2831.5,2893.96,2812.9,-0.71,-20.11,170572,95869106.0,2.84,0.01
2004-09-30,2840.05,2743.11,2856.44,2720.75,-3.12,-88.39,226652,129857639.0,4.79,0.01
2004-10-08,2749.42,2804.04,2810.59,2650.1,2.22,60.93,194876,110148884.0,5.85,0.01
2004-10-11,2791.55,2830.56,2881.75,2733.29,0.95,26.52,388986,210104755.0,5.29,0.01
2004-10-12,2831.55,2838.24,2908.9,2791.4,0.27,7.68,274191,161337615.0,4.15,0.01
2004-10-13,2865.22,2917.82,2969.65,2839.67,2.8,79.58,451096,274426262.0,4.58,0.02
2004-10-14,2899.5,2736.51,2906.3,2724.81,-6.21,-181.31,307525,172622145.0,6.22,0.01
2004-10-15,2721.91,2720.14,2773.62,2657.04,-0.6,-16.37,223261,113705276.0,4.26,0.01
2004-10-18,2729.9,2734.67,2772.42,2692.25,0.53,14.53,109507,56898384.0,2.95,0.0
2004-10-19,2823.36,2822.63,2922.26,2784.33,3.22,87.96,520011,289016419.0,5.04,0.02
2004-10-20,2805.84,2784.08,2825.72,2726.96,-1.37,-38.55,303003,144839481.0,3.5,0.01
2004-10-21,2834.82,2846.1,2905.72,2746.25,2.23,62.02,497636,262867484.0,5.73,0.02
2004-10-22,2830.16,2890.8,2926.45,2790.68,1.57,44.7,593507,308058325.0,4.77,0.02
2004-10-25,2917.69,2854.04,2957.7,2827.82,-1.27,-36.76,391259,205534599.0,4.49,0.01
2004-10-26,2838.5,2880.8,2902.64,2767.13,0.94,26.76,271618,139183354.0,4.75,0.01
2004-10-27,2877.04,2903.48,2934.97,2832.94,0.79,22.68,241853,127668618.0,3.54,0.01
2004-10-28,2903.26,2880.71,2963.72,2814.37,-0.78,-22.77,487707,257933638.0,5.14,0.02
2004-10-29,2797.59,2768.4,2850.64,2726.45,-3.9,-112.31,332762,172250444.0,4.31,0.01
2004-11-01,2755.03,2705.69,2794.99,2682.94,-2.27,-62.71,187142,96532622.0,4.05,0.01
2004-11-02,2697.78,2721.51,2744.27,2663.39,0.58,15.82,136966,69428255.0,2.99,0.01
2004-11-03,2727.24,2786.06,2799.18,2698.94,2.37,64.55,201477,99160617.0,3.68,0.01
2004-11-04,2780.22,2695.02,2807.79,2683.05,-3.27,-91.04,165843,84273986.0,4.48,0.01
2004-11-05,2783.77,2725.11,2831.79,2699.64,1.12,30.09,264803,142126610.0,4.9,0.01
2004-11-08,2717.27,2756.45,2770.64,2689.53,1.15,31.34,108198,54978982.0,2.98,0.0
2004-11-09,2769.6,2776.95,2809.01,2749.71,0.74,20.5,118219,64360506.0,2.15,0.0
2004-11-10,2793.02,2885.84,2916.07,2759.64,3.92,108.89,391727,208878691.0,5.63,0.01
2004-11-11,2897.01,2851.74,2957.73,2842.23,-1.18,-34.1,484973,262036945.0,4.0,0.02
2004-11-12,2851.13,2854.21,2897.73,2817.11,0.09,2.47,265521,129575688.0,2.83,0.01
2004-11-15,2859.12,2886.88,2905.71,2843.38,1.14,32.67,173756,84898927.0,2.18,0.01
2004-11-16,2903.09,2853.85,2907.72,2835.97,-1.14,-33.03,144579,73647859.0,2.49,0.01
2004-11-17,2853.95,2821.31,2861.53,2786.82,-1.14,-32.54,153219,77244832.0,2.62,0.01
2004-11-18,2817.85,2853.2,2865.81,2807.95,1.13,31.89,231763,105584571.0,2.05,0.01
2004-11-19,2857.24,2912.79,2935.68,2838.62,2.09,59.59,316377,162333427.0,3.4,0.01
2004-11-22,2928.98,2926.08,2979.03,2872.29,0.46,13.29,225341,124281387.0,3.66,0.01
2004-11-23,2927.01,2911.94,2956.88,2882.93,-0.48,-14.14,325207,163386522.0,2.53,0.01
2004-11-24,2911.78,2885.1,2930.77,2868.37,-0.92,-26.84,253584,128915268.0,2.14,0.01
2004-11-25,2886.22,2942.93,2986.68,2860.48,2.0,57.83,425411,228286832.0,4.37,0.02
2004-11-26,2930.33,2912.06,2955.3,2894.41,-1.05,-30.87,177032,89001191.0,2.07,0.01
2004-11-29,2900.02,2834.01,2918.93,2805.93,-2.68,-78.05,148168,81594505.0,3.88,0.01
2004-11-30,2829.26,2833.78,2863.97,2804.17,-0.01,-0.23,107000,55350179.0,2.11,0.0
2004-12-01,2842.63,2828.52,2877.77,2816.04,-0.19,-5.26,111072,54798866.0,2.18,0.0
2004-12-02,2829.85,2782.01,2840.91,2731.32,-1.64,-46.51,219183,111545571.0,3.87,0.01
2004-12-03,2777.27,2798.63,2837.21,2764.92,0.6,16.62,186186,89410490.0,2.6,0.01
2004-12-06,2792.09,2795.57,2818.95,2751.51,-0.11,-3.06,132163,63428089.0,2.41,0.0
2004-12-07,2788.72,2742.4,2811.48,2733.86,-1.9,-53.17,98274,47755722.0,2.78,0.0
2004-12-08,2767.98,2747.47,2800.1,2732.22,0.18,5.07,78245,37951746.0,2.48,0.0
2004-12-09,2747.31,2784.11,2840.47,2711.01,1.33,36.64,164805,84307693.0,4.71,0.01
2004-12-10,2780.58,2695.27,2792.72,2686.62,-3.19,-88.84,154797,74431653.0,3.81,0.01
2004-12-13,2687.24,2641.66,2705.76,2622.75,-1.99,-53.61,112339,52579546.0,3.08,0.0
2004-12-14,2641.0,2638.58,2673.11,2622.89,-0.12,-3.08,60050,28759470.0,1.9,0.0
2004-12-15,2649.09,2628.34,2661.14,2562.52,-0.39,-10.24,131174,60254194.0,3.74,0.0
2004-12-16,2622.88,2618.58,2675.23,2582.39,-0.37,-9.76,122244,59339192.0,3.53,0.0
2004-12-17,2607.87,2582.86,2637.33,2571.88,-1.36,-35.72,76883,36349665.0,2.5,0.0
2004-12-20,2557.12,2549.92,2588.02,2521.91,-1.28,-32.94,77565,38674046.0,2.56,0.0
2004-12-21,2560.09,2559.27,2600.31,2538.98,0.37,9.35,65639,32264085.0,2.41,0.0
2004-12-22,2577.49,2632.74,2637.31,2554.95,2.87,73.47,134814,68100073.0,3.22,0.01
2004-12-23,2634.07,2564.3,2636.52,2555.87,-2.6,-68.44,86045,44437640.0,3.06,0.0
2004-12-24,2557.65,2549.98,2583.17,2536.2,-0.56,-14.32,84709,44738795.0,1.83,0.0
2004-12-27,2555.1,2531.15,2578.25,2506.41,-0.74,-18.83,70339,35442487.0,2.82,0.0
2004-12-28,2522.71,2538.81,2552.81,2501.8,0.3,7.66,59935,28438060.0,2.02,0.0
2004-12-29,2541.29,2513.94,2554.86,2502.78,-0.98,-24.87,69073,30914840.0,2.05,0.0
2004-12-30,2540.67,2517.59,2563.71,2495.49,0.15,3.65,113820,54303976.0,2.71,0.0
2004-12-31,2520.05,2506.24,2541.43,2491.69,-0.45,-11.35,73888,31880724.0,1.98,0.0
2005-01-04,2494.56,2451.64,2499.93,2406.18,-2.18,-54.6,76204,33426234.0,3.74,0.0
2005-01-05,2450.45,2493.43,2518.13,2431.14,1.7,41.79,90721,38316745.0,3.55,0.0
2005-01-06,2520.51,2495.8,2532.23,2479.67,0.1,2.37,95137,46722997.0,2.11,0.0
2005-01-07,2514.66,2514.11,2553.16,2483.67,0.73,18.31,115103,49859318.0,2.78,0.0
2005-01-10,2515.22,2543.29,2549.71,2466.79,1.16,29.18,115531,53517413.0,3.3,0.0
2005-01-11,2544.01,2548.44,2558.6,2515.44,0.2,5.15,82854,36779631.0,1.7,0.0
2005-01-12,2547.61,2538.08,2563.96,2508.84,-0.41,-10.36,59753,28132866.0,2.16,0.0
2005-01-13,2530.86,2526.28,2554.46,2505.26,-0.46,-11.8,89188,41528356.0,1.94,0.0
2005-01-14,2518.48,2479.9,2543.65,2471.43,-1.84,-46.38,86898,39062779.0,2.86,0.0
2005-01-17,2425.53,2319.28,2437.36,2306.63,-6.48,-160.62,238101,112238973.0,5.27,0.01
2005-01-18,2309.9,2346.41,2357.36,2282.38,1.17,27.13,159148,69964724.0,3.23,0.01
2005-01-19,2329.15,2314.29,2342.51,2297.82,-1.37,-32.12,129337,52283623.0,1.9,0.0
2005-01-20,2298.37,2272.64,2332.04,2228.12,-1.8,-41.65,129319,58328748.0,4.49,0.0
2005-01-21,2288.83,2393.77,2439.93,2258.89,5.33,121.13,298637,133508558.0,7.97,0.01
2005-01-24,2462.03,2450.59,2513.45,2400.01,2.37,56.82,306916,140046264.0,4.74,0.01
2005-01-25,2442.89,2439.84,2459.75,2387.3,-0.44,-10.75,158306,69679828.0,2.96,0.01
2005-01-26,2432.3,2432.01,2470.89,2398.66,-0.32,-7.83,163376,74547658.0,2.96,0.01
2005-01-27,2417.16,2366.57,2435.44,2356.79,-2.69,-65.44,137029,57170705.0,3.23,0.01
2005-01-28,2370.97,2335.04,2393.8,2314.56,-1.33,-31.53,142557,59077623.0,3.35,0.01
2005-01-31,2266.41,2209.2,2291.17,2172.84,-5.39,-125.84,134803,59807263.0,5.07,0.01
2005-02-01,2186.95,2215.42,2265.21,2178.42,0.28,6.22,154436,63789834.0,3.93,0.01
2005-02-02,2225.22,2391.48,2400.87,2214.25,7.95,176.06,277813,121379516.0,8.42,0.01
2005-02-03,2387.64,2354.86,2440.65,2318.4,-1.53,-36.62,345066,157615188.0,5.11,0.01
2005-02-04,2345.15,2446.32,2478.71,2325.49,3.88,91.46,286765,134077567.0,6.51,0.01
2005-02-16,2462.24,2449.81,2499.97,2422.34,0.14,3.49,193111,90596645.0,3.17,0.01
2005-02-17,2451.09,2441.56,2463.96,2397.92,-0.34,-8.25,122825,55027351.0,2.7,0.0
2005-02-18,2436.04,2401.84,2472.52,2393.22,-1.63,-39.72,160796,72536259.0,3.25,0.01
2005-02-21,2400.02,2443.12,2458.77,2392.44,1.72,41.28,142082,62754670.0,2.76,0.01
2005-02-22,2451.48,2502.33,2524.08,2422.29,2.42,59.21,309642,142422281.0,4.17,0.01
2005-02-23,2503.16,2506.96,2530.41,2470.37,0.19,4.63,283985,131821908.0,2.4,0.01
2005-02-24,2493.9,2540.44,2561.17,2474.05,1.34,33.48,332002,156614195.0,3.48,0.01
2005-02-25,2542.11,2507.43,2572.36,2497.18,-1.3,-33.01,343103,160558795.0,2.96,0.01
2005-02-28,2499.68,2486.39,2529.06,2461.43,-0.84,-21.04,317342,138717514.0,2.7,0.01
2005-03-01,2485.19,2510.18,2541.32,2474.63,0.96,23.79,205958,96701828.0,2.68,0.01
2005-03-02,2503.27,2463.79,2536.18,2438.51,-1.85,-46.39,210602,96717459.0,3.89,0.01
2005-03-03,2453.08,2475.65,2507.82,2431.16,0.48,11.86,261554,126214191.0,3.11,0.01
2005-03-04,2474.11,2453.49,2482.89,2439.29,-0.9,-22.16,158021,82990878.0,1.76,0.01
2005-03-07,2456.18,2460.31,2499.39,2439.81,0.28,6.82,219046,96394899.0,2.43,0.01
2005-03-08,2482.45,2507.15,2520.17,2448.61,1.9,46.84,271502,132980390.0,2.91,0.01
2005-03-09,2517.1,2491.22,2529.39,2464.87,-0.64,-15.93,289089,135464504.0,2.57,0.01
2005-03-10,2501.22,2389.01,2507.36,2368.89,-4.1,-102.21,269295,126154701.0,5.56,0.01
2005-03-11,2383.83,2360.14,2399.64,2330.64,-1.21,-28.87,267105,124547998.0,2.89,0.01
2005-03-14,2356.92,2348.12,2385.88,2283.01,-0.51,-12.02,243279,112658134.0,4.36,0.01
2005-03-15,2357.2,2342.81,2387.69,2318.45,-0.23,-5.31,201069,91187217.0,2.95,0.01
2005-03-16,2336.79,2311.84,2349.97,2285.21,-1.32,-30.97,161134,73669102.0,2.76,0.01
2005-03-17,2328.42,2287.22,2346.79,2274.78,-1.06,-24.62,144069,63908407.0,3.11,0.01
2005-03-18,2287.92,2255.59,2329.69,2238.7,-1.38,-31.63,197541,92506054.0,3.98,0.01
2005-03-21,2257.76,2251.62,2282.67,2210.86,-0.18,-3.97,132490,58554375.0,3.18,0.0
2005-03-22,2243.87,2195.39,2267.18,2163.78,-2.5,-56.23,174362,73905875.0,4.59,0.01
2005-03-23,2188.09,2148.87,2222.36,2118.56,-2.12,-46.52,203549,86603369.0,4.73,0.01
2005-03-24,2146.57,2179.51,2192.92,2129.16,1.43,30.64,121995,53512710.0,2.97,0.0
2005-03-25,2186.43,2163.79,2207.61,2148.25,-0.72,-15.72,106475,49632828.0,2.72,0.0
2005-03-28,2162.01,2130.07,2176.88,2080.83,-1.56,-33.72,148377,67821754.0,4.44,0.01
2005-03-29,2143.28,2093.95,2159.31,2085.59,-1.7,-36.12,124038,54545646.0,3.46,0.0
2005-03-30,2084.18,2046.44,2093.76,2028.44,-2.27,-47.51,173057,70853534.0,3.12,0.01
2005-03-31,2037.24,2062.35,2075.58,2005.52,0.78,15.91,192640,78305433.0,3.42,0.01
2005-04-01,2066.51,2218.33,2232.19,2033.28,7.56,155.98,485148,201228281.0,9.64,0.02
2005-04-04,2194.5,2233.58,2327.0,2151.06,0.69,15.25,692546,294910695.0,7.93,0.03
2005-04-05,2225.04,2196.9,2280.57,2160.08,-1.64,-36.68,414311,176566483.0,5.39,0.02
2005-04-06,2162.02,2265.39,2289.59,2116.39,3.12,68.49,544697,228276346.0,7.88,0.02
2005-04-07,2265.39,2326.16,2396.67,2244.63,2.68,60.77,700084,306497471.0,6.71,0.03
2005-04-08,2318.49,2350.46,2361.96,2276.11,1.04,24.3,410431,178733077.0,3.69,0.02
2005-04-11,2350.05,2319.08,2387.06,2294.75,-1.34,-31.38,294391,140961424.0,3.93,0.01
2005-04-12,2314.13,2245.39,2317.58,2232.89,-3.18,-73.69,346198,149041706.0,3.65,0.01
2005-04-13,2303.99,2397.82,2406.51,2286.27,6.79,152.43,661716,302722077.0,5.35,0.02
2005-04-14,2442.78,2364.72,2475.58,2354.64,-1.38,-33.1,842545,388704615.0,5.04,0.03
2005-04-15,2339.63,2308.11,2361.78,2267.63,-2.39,-56.61,436148,184572580.0,3.98,0.02
2005-04-18,2291.07,2263.16,2314.96,2230.52,-1.95,-44.95,240754,99999118.0,3.66,0.01
2005-04-19,2270.74,2342.11,2369.76,2261.83,3.49,78.95,477230,208500394.0,4.77,0.02
2005-04-20,2297.94,2276.89,2334.1,2245.95,-2.78,-65.22,291884,127356092.0,3.76,0.01
2005-04-21,2261.26,2207.7,2292.0,2165.82,-3.04,-69.19,292623,123158879.0,5.54,0.01
2005-04-22,2180.65,2118.66,2215.29,2077.68,-4.03,-89.04,364142,146086834.0,6.23,0.01
2005-04-25,2099.32,2147.26,2170.25,2026.09,1.35,28.6,288957,113846950.0,6.8,0.01
2005-04-26,2125.13,2221.26,2280.39,2095.98,3.45,74.0,597617,250210668.0,8.59,0.02
2005-04-27,2228.23,2174.63,2268.68,2138.73,-2.1,-46.63,673656,286673550.0,5.85,0.03
2005-04-28,2141.32,2223.18,2280.66,2105.44,2.23,48.55,674272,301867311.0,8.06,0.03
2005-04-29,2202.89,2196.8,2254.7,2169.34,-1.19,-26.38,428672,188288326.0,3.84,0.02
2005-05-09,2208.97,2108.65,2256.89,2099.01,-4.01,-88.15,288833,126178566.0,7.19,0.01
2005-05-10,2099.29,2178.86,2195.55,2062.55,3.33,70.21,448071,196468605.0,6.31,0.02
2005-05-11,2173.83,2123.49,2199.01,2112.65,-2.54,-55.37,270325,119462149.0,3.96,0.01
2005-05-12,2116.34,2090.11,2158.17,2068.04,-1.57,-33.38,229772,104035388.0,4.24,0.01
2005-05-13,2085.32,2069.48,2129.96,2022.17,-0.99,-20.63,264511,116840909.0,5.16,0.01
2005-05-16,2063.96,2073.21,2087.82,2037.4,0.18,3.73,205357,72573678.0,2.44,0.01
2005-05-17,2068.86,2115.09,2140.37,2053.9,2.02,41.88,240189,100363652.0,4.17,0.01
2005-05-18,2109.44,2137.12,2156.62,2080.57,1.04,22.03,178449,74176461.0,3.6,0.01
2005-05-19,2136.66,2124.62,2148.7,2073.68,-0.58,-12.5,246463,93488925.0,3.51,0.01
2005-05-20,2118.01,2150.28,2202.4,2093.16,1.21,25.66,669140,274657652.0,5.14,0.03
2005-05-23,2141.32,2088.77,2158.26,2065.27,-2.86,-61.51,392679,140539721.0,4.32,0.01
2005-05-24,2068.27,2112.24,2142.94,2048.84,1.12,23.47,382025,161006876.0,4.51,0.01
2005-05-25,2116.43,2115.88,2154.18,2088.34,0.17,3.64,220727,95560342.0,3.12,0.01
2005-05-26,2112.83,2067.94,2137.58,2052.23,-2.27,-47.94,324611,133510399.0,4.03,0.01
2005-05-27,2060.64,2050.61,2121.37,2041.6,-0.84,-17.33,246348,99227056.0,3.86,0.01
2005-05-30,2046.66,2076.18,2085.76,2027.42,1.25,25.57,167058,64727338.0,2.85,0.01
2005-05-31,2080.07,2023.87,2098.2,2006.74,-2.52,-52.31,254232,103204823.0,4.41,0.01
2005-06-01,2010.09,2006.44,2057.49,1980.02,-0.86,-17.43,272010,105916220.0,3.83,0.01
2005-06-02,1999.36,1924.02,2030.47,1891.38,-4.11,-82.42,250860,97351728.0,6.93,0.01
2005-06-03,1909.31,1930.64,1972.69,1893.89,0.34,6.62,208614,81974514.0,4.1,0.01
2005-06-06,1922.88,1973.43,1982.72,1895.34,2.22,42.79,185414,73396004.0,4.53,0.01
2005-06-07,1977.02,1974.88,2035.49,1950.6,0.07,1.45,288959,113005683.0,4.3,0.01
2005-06-08,2021.36,2159.27,2164.8,1991.84,9.34,184.39,1036288,448377094.0,8.76,0.04
2005-06-09,2261.85,2314.13,2332.58,2228.02,7.17,154.86,1056252,468133499.0,4.84,0.04
2005-06-10,2388.55,2364.28,2481.61,2306.81,2.17,50.15,1748043,955959894.0,7.55,0.07
2005-06-13,2363.84,2395.71,2456.14,2293.57,1.33,31.43,795889,429147414.0,6.88,0.03
2005-06-14,2391.45,2293.98,2441.0,2263.18,-4.25,-101.73,760612,391361485.0,7.42,0.03
2005-06-15,2277.41,2309.78,2376.29,2228.28,0.69,15.8,609994,314413205.0,6.45,0.02
2005-06-16,2298.01,2341.46,2361.67,2266.79,1.37,31.68,482398,245592229.0,4.11,0.02
2005-06-17,2340.46,2295.45,2368.63,2264.63,-1.97,-46.01,447867,227768828.0,4.44,0.02
2005-06-20,2279.24,2317.61,2342.06,2164.7,0.97,22.16,348416,148885612.0,7.73,0.01
2005-06-21,2305.0,2314.02,2354.88,2256.66,-0.15,-3.59,207891,87981734.0,4.24,0.01
2005-06-22,2298.69,2279.72,2316.54,2238.4,-1.48,-34.3,150382,60646829.0,3.38,0.01
2005-06-23,2259.28,2218.52,2277.97,2202.68,-2.68,-61.2,168845,63813838.0,3.3,0.01
2005-06-24,2206.36,2242.29,2261.03,2177.33,1.07,23.77,375764,112197916.0,3.77,0.01
2005-06-27,2274.84,2309.84,2345.21,2261.21,3.01,67.55,428458,154847025.0,3.75,0.02
2005-06-28,2291.62,2279.41,2305.89,2231.23,-1.32,-30.43,159278,49357636.0,3.23,0.01
2005-06-29,2268.53,2286.15,2332.37,2250.32,0.3,6.74,178915,67606117.0,3.6,0.01
2005-06-30,2285.28,2201.84,2296.58,2195.25,-3.69,-84.31,255372,83681574.0,4.43,0.01
2005-07-01,2179.24,2087.05,2194.07,2067.92,-5.21,-114.79,288653,91383664.0,5.73,0.01
2005-07-04,2053.15,2040.49,2102.49,1962.68,-2.23,-46.56,301885,82837295.0,6.7,0.01
2005-07-05,2029.94,2045.51,2088.59,1998.01,0.25,5.02,234241,68895001.0,4.44,0.01
2005-07-06,2054.03,1930.56,2059.92,1914.79,-5.62,-114.95,600582,277421969.0,7.1,0.02
2005-07-07,1907.28,1945.04,1965.55,1899.05,0.75,14.48,279846,116226162.0,3.44,0.01
2005-07-08,1928.45,1903.97,1961.08,1848.68,-2.11,-41.07,267631,108741966.0,5.78,0.01
2005-07-11,1947.6,1862.33,1982.49,1849.77,-2.19,-41.64,312964,119349827.0,6.97,0.01
2005-07-12,1833.7,1991.71,2000.79,1816.9,6.95,129.38,803703,354512435.0,9.87,0.03
2005-07-13,1966.75,1969.43,2023.74,1933.8,-1.12,-22.28,721654,325209758.0,4.52,0.03
2005-07-14,1958.2,1958.15,2002.29,1922.25,-0.57,-11.28,440791,168917007.0,4.06,0.02
2005-07-15,1958.76,1947.44,1996.22,1921.51,-0.55,-10.71,492992,177099838.0,3.82,0.02
2005-07-18,1938.12,1940.17,1975.47,1891.6,-0.37,-7.27,383391,157765430.0,4.31,0.01
2005-07-19,1933.52,1935.75,1959.42,1905.83,-0.23,-4.42,303043,122694735.0,2.76,0.01
2005-07-20,1947.44,1943.03,1981.9,1918.39,0.38,7.28,314527,133442421.0,3.28,0.01
2005-07-21,1941.28,1958.94,1966.99,1915.74,0.82,15.91,232817,92524073.0,2.64,0.01
2005-07-22,1977.45,2015.4,2067.21,1963.11,2.88,56.46,562414,236874926.0,5.31,0.02
2005-07-25,2011.45,2023.93,2068.88,1986.78,0.42,8.53,402969,153339233.0,4.07,0.02
2005-07-26,2027.46,2073.31,2100.17,2012.51,2.44,49.38,582288,258824823.0,4.33,0.02
2005-07-27,2083.61,2112.99,2139.08,2029.6,1.91,39.68,591787,233601133.0,5.28,0.02
2005-07-28,2104.42,2101.75,2173.34,2057.24,-0.53,-11.24,521292,157851042.0,5.49,0.02
2005-07-29,2085.3,2109.39,2153.7,2059.75,0.36,7.64,262150,82381994.0,4.47,0.01
2005-08-01,2101.78,2107.51,2138.7,2079.67,-0.09,-1.88,234470,73181847.0,2.8,0.01
2005-08-02,2105.25,2170.25,2174.85,2086.23,2.98,62.74,394082,107143323.0,4.2,0.01
2005-08-03,2178.48,2204.35,2270.75,2159.32,1.57,34.1,440660,136253040.0,5.13,0.02
2005-08-04,2200.49,2201.64,2233.59,2156.36,-0.12,-2.71,479106,131464322.0,3.5,0.02
2005-08-05,2201.24,2283.07,2300.31,2190.64,3.7,81.43,472571,153131078.0,4.98,0.02
2005-08-08,2303.28,2360.27,2417.17,2285.05,3.38,77.2,664729,205403897.0,5.79,0.02
2005-08-09,2358.89,2405.76,2438.34,2312.99,1.93,45.49,460254,154865575.0,5.31,0.02
2005-08-10,2421.47,2449.09,2480.43,2373.07,1.8,43.33,608672,210664148.0,4.46,0.02
2005-08-11,2448.17,2521.81,2581.82,2412.2,2.97,72.72,370031,141021910.0,6.93,0.01
2005-08-12,2526.95,2522.79,2595.89,2457.49,0.04,0.98,665396,240872415.0,5.49,0.02
2005-08-15,2717.99,2693.81,2754.33,2609.99,6.78,171.02,1596120,755217436.0,5.72,0.06
2005-08-16,2694.28,2669.88,2762.71,2605.65,-0.89,-23.93,949576,410649110.0,5.83,0.04
2005-08-17,2660.46,2709.76,2727.71,2609.52,1.49,39.88,711948,295514388.0,4.43,0.03
2005-08-18,2700.59,2579.17,2754.25,2567.79,-4.82,-130.59,987842,400859693.0,6.88,0.04
2005-08-19,2566.05,2594.46,2650.12,2503.94,0.59,15.29,650923,244348585.0,5.67,0.02
2005-08-22,2590.58,2588.61,2611.05,2528.94,-0.23,-5.85,331272,136434417.0,3.16,0.01
2005-08-23,2589.36,2582.28,2644.26,2546.39,-0.24,-6.33,502789,214257869.0,3.78,0.02
2005-08-24,2585.49,2595.51,2641.05,2535.74,0.51,13.23,905985,325991770.0,4.08,0.03
2005-08-25,2599.12,2595.87,2634.89,2547.76,0.01,0.36,457614,179639216.0,3.36,0.02
2005-08-26,2588.82,2631.5,2666.55,2528.36,1.37,35.63,803886,301065125.0,5.32,0.03
2005-08-29,2646.17,2666.68,2706.88,2591.24,1.34,35.18,815586,308461351.0,4.39,0.03
2005-08-30,2683.47,2653.64,2718.82,2628.02,-0.49,-13.04,697297,265944926.0,3.4,0.03
2005-08-31,2651.44,2658.87,2695.94,2585.84,0.2,5.23,739918,266620080.0,4.15,0.03
2005-09-01,2646.01,2704.45,2731.72,2614.67,1.71,45.58,976915,381368804.0,4.4,0.04
2005-09-02,2705.17,2687.58,2743.35,2663.75,-0.62,-16.87,676943,269554338.0,2.94,0.03
2005-09-05,2677.71,2738.75,2763.38,2648.64,1.9,51.17,714681,288083552.0,4.27,0.03
2005-09-06,2730.62,2673.61,2778.06,2649.98,-2.38,-65.14,830805,320365717.0,4.68,0.03
2005-09-07,2664.44,2712.73,2737.05,2619.36,1.46,39.12,655366,260257041.0,4.4,0.02
2005-09-08,2714.16,2695.04,2750.35,2649.9,-0.65,-17.69,574182,232623793.0,3.7,0.02
2005-09-09,2693.87,2663.33,2726.2,2643.4,-1.18,-31.71,441433,164375880.0,3.07,0.02
2005-09-12,2660.94,2632.2,2688.62,2592.34,-1.17,-31.13,254484,87120761.0,3.62,0.01
2005-09-13,2632.77,2688.96,2702.71,2605.15,2.16,56.76,531580,206212992.0,3.71,0.02
2005-09-14,2696.03,2719.16,2748.3,2664.1,1.12,30.2,681054,302451280.0,3.13,0.03
2005-09-15,2713.06,2760.13,2799.47,2698.02,1.51,40.97,1074562,436055692.0,3.73,0.04
2005-09-16,2762.59,2749.72,2782.37,2718.88,-0.38,-10.41,615008,242689930.0,2.3,0.02
2005-09-19,2755.23,2782.37,2804.67,2721.29,1.19,32.65,836102,320831387.0,3.03,0.03
2005-09-20,2785.66,2812.3,2864.75,2751.48,1.08,29.93,953375,412328154.0,4.07,0.04
2005-09-21,2808.2,2733.26,2832.62,2717.88,-2.81,-79.04,819082,341073422.0,4.08,0.03
2005-09-22,2719.81,2670.69,2760.5,2614.37,-2.29,-62.57,698770,288456244.0,5.35,0.03
2005-09-23,2666.01,2694.98,2743.0,2630.85,0.91,24.29,661566,279183833.0,4.2,0.02
2005-09-26,2753.06,2771.49,2808.4,2683.48,2.84,76.51,1172727,582842626.0,4.64,0.04
2005-09-27,2753.01,2663.44,2768.33,2652.64,-3.9,-108.05,526919,227036539.0,4.17,0.02
2005-09-28,2653.35,2642.24,2694.72,2611.9,-0.8,-21.2,363939,140249966.0,3.11,0.01
2005-09-29,2645.04,2677.41,2706.66,2619.94,1.33,35.17,467928,178564161.0,3.28,0.02
2005-09-30,2667.87,2663.93,2711.31,2642.64,-0.5,-13.48,347296,140991466.0,2.56,0.01
2005-10-10,2660.03,2583.27,2679.27,2562.25,-3.03,-80.66,243410,96437570.0,4.39,0.01
2005-10-11,2576.43,2630.44,2639.91,2552.78,1.83,47.17,194515,79940178.0,3.37,0.01
2005-10-12,2632.89,2633.67,2679.56,2589.69,0.12,3.23,315654,136096615.0,3.42,0.01
2005-10-13,2643.92,2644.65,2702.55,2619.55,0.42,10.98,479552,174825948.0,3.15,0.02
2005-10-14,2639.11,2559.89,2664.71,2549.15,-3.2,-84.76,340119,141559090.0,4.37,0.01
2005-10-17,2555.29,2540.9,2586.83,2485.64,-0.74,-18.99,325148,131954640.0,3.95,0.01
2005-10-18,2540.37,2563.92,2601.5,2508.59,0.91,23.02,308454,122619658.0,3.66,0.01
2005-10-19,2562.66,2605.41,2639.61,2546.69,1.62,41.49,517166,213179165.0,3.62,0.02
2005-10-20,2601.08,2624.88,2652.15,2541.68,0.75,19.47,851919,361564016.0,4.24,0.03
2005-10-21,2622.61,2634.37,2703.91,2580.45,0.36,9.49,851652,387549764.0,4.7,0.03
2005-10-24,2618.73,2583.79,2645.63,2554.82,-1.92,-50.58,431271,194985173.0,3.45,0.02
2005-10-25,2580.09,2573.49,2611.03,2530.74,-0.4,-10.3,419737,167362791.0,3.11,0.02
2005-10-26,2571.77,2359.7,2582.06,2342.69,-8.31,-213.79,583247,240414162.0,9.3,0.02
2005-10-27,2336.26,2340.11,2393.79,2299.49,-0.83,-19.59,494043,177099372.0,4.0,0.02
2005-10-28,2360.99,2341.05,2382.96,2275.57,0.04,0.94,402079,141501535.0,4.59,0.02
2005-10-31,2325.89,2371.54,2394.61,2316.01,1.3,30.49,388236,124178278.0,3.36,0.01
2005-11-01,2372.59,2364.95,2400.11,2298.11,-0.28,-6.59,441558,145950284.0,4.3,0.02
2005-11-02,2366.65,2408.57,2434.53,2351.39,1.84,43.62,411259,151961260.0,3.52,0.02
2005-11-03,2415.91,2393.18,2448.11,2361.55,-0.64,-15.39,422588,147799704.0,3.59,0.02
2005-11-04,2390.67,2415.13,2437.34,2358.91,0.92,21.95,267021,92398977.0,3.28,0.01
2005-11-07,2420.36,2419.59,2431.8,2372.89,0.18,4.46,225159,79411699.0,2.44,0.01
2005-11-08,2404.09,2450.45,2466.03,2374.46,1.28,30.86,428426,161957330.0,3.78,0.02
2005-11-09,2437.99,2434.52,2481.38,2407.06,-0.65,-15.93,323362,126639119.0,3.03,0.01
2005-11-10,2429.19,2374.6,2444.0,2363.06,-2.46,-59.92,334434,122989473.0,3.32,0.01
2005-11-11,2370.43,2398.11,2417.13,2329.97,0.99,23.51,247493,91101901.0,3.67,0.01
2005-11-14,2402.68,2420.43,2446.91,2380.47,0.93,22.32,224602,82091313.0,2.77,0.01
2005-11-15,2405.18,2408.42,2449.67,2373.48,-0.5,-12.01,268381,91442818.0,3.15,0.01
2005-11-16,2420.3,2428.37,2445.86,2365.54,0.83,19.95,259492,90493186.0,3.33,0.01
2005-11-17,2424.71,2447.09,2488.07,2394.79,0.77,18.72,362895,138494093.0,3.84,0.01
2005-11-18,2440.64,2501.35,2525.62,2431.75,2.22,54.26,611086,218969954.0,3.84,0.02
2005-11-21,2497.57,2510.36,2529.75,2469.42,0.36,9.01,325791,119507559.0,2.41,0.01
2005-11-22,2514.73,2431.28,2520.26,2423.23,-3.15,-79.08,263927,96414877.0,3.87,0.01
2005-11-23,2421.98,2448.49,2464.22,2410.21,0.71,17.21,219594,76028867.0,2.22,0.01
2005-11-24,2447.12,2497.12,2553.12,2433.81,1.99,48.63,441304,181338456.0,4.87,0.02
2005-11-25,2498.8,2551.15,2560.78,2481.87,2.16,54.03,412885,174467451.0,3.16,0.02
2005-11-28,2558.69,2540.87,2604.91,2509.96,-0.4,-10.28,401099,178437083.0,3.72,0.02
2005-11-29,2530.82,2545.19,2562.06,2499.94,0.17,4.32,273653,109119900.0,2.44,0.01
2005-11-30,2541.04,2560.69,2575.54,2513.33,0.61,15.5,275863,111972854.0,2.44,0.01
2005-12-01,2562.29,2539.6,2587.08,2513.57,-0.82,-21.09,294229,117685433.0,2.87,0.01
2005-12-02,2536.1,2511.69,2560.07,2484.18,-1.1,-27.91,251546,96681940.0,2.99,0.01
2005-12-05,2490.39,2447.17,2509.45,2435.52,-2.57,-64.52,204908,81361876.0,2.94,0.01
2005-12-06,2438.43,2490.38,2505.3,2413.12,1.77,43.21,183054,75727516.0,3.77,0.01
2005-12-07,2487.55,2504.05,2526.52,2466.51,0.55,13.67,167073,70820788.0,2.41,0.01
2005-12-08,2509.93,2501.53,2548.22,2481.73,-0.1,-2.52,267055,101572355.0,2.66,0.01
2005-12-09,2498.75,2552.71,2566.71,2486.71,2.05,51.18,289535,120003983.0,3.2,0.01
2005-12-12,2552.64,2552.53,2583.32,2503.93,-0.01,-0.18,219064,90367319.0,3.11,0.01
2005-12-13,2551.76,2576.72,2591.02,2520.5,0.95,24.19,240610,99003085.0,2.76,0.01
2005-12-14,2567.85,2599.44,2626.63,2539.09,0.88,22.72,355985,150483692.0,3.4,0.01
2005-12-15,2605.63,2571.01,2650.31,2551.68,-1.09,-28.43,402834,177607952.0,3.79,0.02
2005-12-16,2579.14,2664.04,2674.32,2558.76,3.62,93.03,166055,65019512.0,4.49,0.01
2005-12-19,2674.92,2662.95,2697.36,2644.76,-0.04,-1.09,224140,94053929.0,1.97,0.01
2005-12-20,2659.71,2679.24,2694.86,2632.98,0.61,16.29,284235,107741694.0,2.32,0.01
2005-12-21,2674.69,2658.91,2703.96,2643.37,-0.76,-20.33,255290,93456083.0,2.26,0.01
2005-12-22,2646.08,2652.56,2669.27,2624.32,-0.24,-6.35,226019,86693742.0,1.69,0.01
2005-12-23,2649.94,2701.64,2706.14,2640.61,1.85,49.08,309356,111546895.0,2.47,0.01
2005-12-26,2699.49,2740.79,2764.12,2689.24,1.45,39.15,399746,172108827.0,2.77,0.01
2005-12-27,2737.04,2723.75,2754.85,2698.62,-0.62,-17.04,230309,94099347.0,2.05,0.01
2005-12-28,2724.03,2710.01,2738.03,2684.25,-0.5,-13.74,247114,99460154.0,1.97,0.01
2005-12-29,2709.33,2744.01,2767.82,2691.61,1.25,34.0,372704,148115545.0,2.81,0.01
2005-12-30,2754.09,2738.55,2795.68,2699.91,-0.2,-5.46,375570,164383209.0,3.49,0.01
2006-01-04,2748.61,2768.46,2807.19,2719.46,1.09,29.91,373003,173696631.0,3.2,0.01
2006-01-05,2786.57,2827.44,2849.53,2771.75,2.13,58.98,401192,178853791.0,2.81,0.02
2006-01-06,2836.28,2843.27,2898.09,2794.09,0.56,15.83,564620,256981109.0,3.68,0.02
2006-01-09,2853.83,2942.46,2966.55,2837.04,3.49,99.19,616721,298533441.0,4.55,0.02
2006-01-10,2930.09,2956.79,2972.19,2873.95,0.49,14.33,452628,211912297.0,3.34,0.02
2006-01-11,2950.53,2929.48,3011.34,2897.59,-0.92,-27.31,441302,208555586.0,3.85,0.02
2006-01-12,2919.5,2961.0,2985.49,2891.58,1.08,31.52,436011,202506220.0,3.21,0.02
2006-01-13,2966.2,3039.34,3105.9,2936.52,2.65,78.34,658715,317001558.0,5.72,0.02
2006-01-16,3015.79,2942.17,3035.38,2927.74,-3.2,-97.17,389328,191454490.0,3.54,0.01
2006-01-17,2975.96,2959.17,3008.7,2914.24,0.58,17.0,371298,183151608.0,3.21,0.01
2006-01-18,2951.18,3049.04,3079.28,2944.18,3.04,89.87,470252,226910115.0,4.57,0.02
2006-01-19,3055.59,3106.92,3118.77,3009.65,1.9,57.88,428319,200333849.0,3.58,0.02
2006-01-20,3109.88,3148.71,3191.26,3064.78,1.35,41.79,455898,232723526.0,4.07,0.02
2006-01-23,3150.23,3115.0,3182.14,3079.66,-1.07,-33.71,524023,262772265.0,3.25,0.02
2006-01-24,3105.16,3177.5,3229.63,3033.78,2.01,62.5,542830,263741415.0,6.29,0.02
2006-01-25,3160.72,3210.05,3261.56,3113.64,1.02,32.55,432937,218125849.0,4.66,0.02
2006-02-06,3219.44,3265.09,3294.95,3171.64,1.71,55.04,445051,241149781.0,3.84,0.02
2006-02-07,3257.14,3221.33,3303.33,3158.84,-1.34,-43.76,711015,364187388.0,4.43,0.03
2006-02-08,3218.1,3194.5,3239.05,3135.35,-0.83,-26.83,618752,287779530.0,3.22,0.02
2006-02-09,3187.87,3159.59,3237.02,3132.65,-1.09,-34.91,421327,200536022.0,3.27,0.02
2006-02-10,3159.09,3174.79,3215.79,3119.47,0.48,15.2,394921,188177227.0,3.05,0.01
2006-02-13,3151.07,3211.94,3229.54,3127.06,1.17,37.15,318129,147136395.0,3.23,0.01
2006-02-14,3203.8,3243.16,3253.45,3170.59,0.97,31.22,297692,139362686.0,2.58,0.01
2006-02-15,3242.68,3289.12,3372.1,3224.81,1.42,45.96,605634,329895581.0,4.54,0.02
2006-02-16,3283.68,3177.18,3313.3,3144.48,-3.4,-111.94,669119,316265843.0,5.13,0.03
2006-02-17,3175.89,3086.79,3211.49,3063.32,-2.84,-90.39,324704,136224347.0,4.66,0.01
2006-02-20,3086.2,2987.93,3120.13,2954.87,-3.2,-98.86,470172,244347285.0,5.35,0.02
2006-02-21,2981.91,3066.87,3087.54,2924.47,2.64,78.94,418176,205272277.0,5.46,0.02
2006-02-22,3065.19,3063.6,3134.69,3004.1,-0.11,-3.27,387678,192996537.0,4.26,0.01
2006-02-23,3076.21,3113.9,3151.9,3042.42,1.64,50.3,487829,229801579.0,3.57,0.02
2006-02-24,3129.4,3108.22,3153.65,3071.03,-0.18,-5.68,404318,195111099.0,2.65,0.02
2006-02-27,3109.5,3055.77,3126.75,3034.88,-1.69,-52.45,326957,157771730.0,2.96,0.01
2006-02-28,3056.14,3087.02,3113.66,3004.58,1.02,31.25,294939,145466543.0,3.57,0.01
2006-03-01,3090.12,3126.79,3155.6,3073.07,1.29,39.77,469137,235016299.0,2.67,0.02
2006-03-02,3126.56,3059.77,3174.19,3025.88,-2.14,-67.02,413250,191442686.0,4.74,0.02
2006-03-03,3062.0,3067.54,3135.2,2997.65,0.25,7.77,539209,246778142.0,4.5,0.02
2006-03-06,3080.14,3067.73,3122.44,3043.03,0.01,0.19,299827,141969290.0,2.59,0.01
2006-03-07,3073.55,2984.85,3098.79,2958.66,-2.7,-82.88,460760,227644130.0,4.57,0.02
2006-03-08,2986.25,2977.27,3052.58,2905.73,-0.25,-7.58,421239,205922746.0,4.92,0.02
2006-03-09,2976.62,2986.92,3032.47,2950.97,0.32,9.65,239946,120126610.0,2.74,0.01
2006-03-10,2995.98,2967.57,3024.64,2944.1,-0.65,-19.35,175972,79234003.0,2.7,0.01
2006-03-13,2979.12,3002.24,3026.2,2940.35,1.17,34.67,152675,70555941.0,2.89,0.01
2006-03-14,3004.17,2970.45,3014.4,2940.97,-1.06,-31.79,142219,64051939.0,2.45,0.01
2006-03-15,2973.97,3035.63,3048.28,2942.59,2.19,65.18,278453,135791019.0,3.56,0.01
2006-03-16,3038.92,3080.35,3122.22,3022.02,1.47,44.72,386674,201732324.0,3.3,0.01
2006-03-17,3081.21,3099.64,3133.85,3043.29,0.63,19.29,376490,184745356.0,2.94,0.01
2006-03-20,3081.63,3206.56,3224.28,3040.98,3.45,106.92,391885,206400766.0,5.91,0.01
2006-03-21,3210.62,3222.95,3361.71,3196.54,0.51,16.39,553822,307841033.0,5.15,0.02
2006-03-22,3219.08,3253.07,3285.1,3182.52,0.93,30.12,313907,168663126.0,3.18,0.01
2006-03-23,3252.73,3281.1,3326.08,3216.7,0.86,28.03,390871,207154298.0,3.36,0.01
2006-03-24,3253.13,3240.57,3310.75,3203.77,-1.24,-40.53,401431,202090160.0,3.26,0.02
2006-03-27,3249.19,3232.05,3293.35,3169.0,-0.26,-8.52,351780,169932865.0,3.84,0.01
2006-03-28,3233.01,3321.33,3355.71,3207.5,2.76,89.28,463218,251737896.0,4.59,0.02
2006-03-29,3363.18,3310.35,3428.41,3280.82,-0.33,-10.98,543464,293626208.0,4.44,0.02
2006-03-30,3303.84,3276.23,3344.79,3249.66,-1.03,-34.12,343099,177587296.0,2.87,0.01
2006-03-31,3259.46,3462.48,3483.26,3220.64,5.68,186.25,719605,426930535.0,8.02,0.03
2006-04-03,3469.56,3609.31,3680.39,3441.09,4.24,146.83,652770,410330071.0,6.91,0.02
2006-04-04,3606.72,3673.28,3690.98,3548.57,1.77,63.97,524584,294500347.0,3.95,0.02
2006-04-05,3663.14,3650.84,3722.88,3593.58,-0.61,-22.44,441485,252482794.0,3.52,0.02
2006-04-06,3646.28,3640.44,3764.5,3600.59,-0.28,-10.4,482656,281445621.0,4.49,0.02
2006-04-07,3636.27,3617.66,3669.37,3543.32,-0.63,-22.78,463433,267968665.0,3.46,0.02
2006-04-10,3620.35,3732.56,3746.35,3567.84,3.18,114.9,455327,250607549.0,4.93,0.02
2006-04-11,3730.21,3724.73,3790.25,3651.1,-0.21,-7.83,485230,271156969.0,3.73,0.02
2006-04-12,3700.7,3652.63,3748.28,3620.05,-1.94,-72.1,320416,170616182.0,3.44,0.01
2006-04-13,3648.21,3507.27,3678.53,3495.69,-3.98,-145.36,459803,260296681.0,5.01,0.02
2006-04-14,3490.61,3752.24,3765.61,3479.68,6.98,244.97,614283,333480430.0,8.15,0.02
2006-04-17,3737.14,3898.15,3978.92,3700.84,3.89,145.91,682776,467685022.0,7.41,0.03
2006-04-18,3848.13,3902.11,3992.12,3798.24,0.1,3.96,387359,251368200.0,4.97,0.01
2006-04-19,3895.97,3877.85,3976.77,3820.43,-0.62,-24.26,347032,218236586.0,4.01,0.01
2006-04-20,3879.84,3890.35,4050.92,3817.48,0.32,12.5,458809,278983454.0,6.02,0.02
2006-04-21,3887.63,4123.12,4144.43,3840.22,5.98,232.77,764236,480315618.0,7.82,0.03
2006-04-24,4152.44,4253.79,4334.14,4019.73,3.17,130.67,636422,471769465.0,7.63,0.02
2006-04-25,4218.13,4245.1,4427.49,4077.56,-0.2,-8.69,507365,383155902.0,8.23,0.02
2006-04-26,4254.75,4504.65,4569.29,4227.81,6.11,259.55,733087,577781987.0,8.04,0.03
2006-04-27,4484.62,4259.7,4585.23,4190.94,-5.44,-244.95,834732,689165387.0,8.75,0.03
2006-04-28,4045.8,4451.18,4506.58,4004.26,4.5,191.48,754155,567684996.0,11.79,0.03
2006-05-08,4501.99,4576.27,4671.34,4379.28,2.81,125.09,685219,292762892.0,6.56,0.03
2006-05-09,4820.8,4883.81,4907.95,4780.95,6.72,307.54,810741,474558598.0,2.78,0.03
2006-05-10,5081.82,5135.43,5230.84,4893.03,5.15,251.62,1277781,929255648.0,6.92,0.05
2006-05-11,5091.2,5034.54,5363.52,4897.95,-1.96,-100.89,1042192,757703927.0,9.07,0.04
2006-05-12,5005.23,5152.51,5193.61,4931.87,2.34,117.97,697905,332141306.0,5.2,0.03
2006-05-15,5436.82,5516.35,5540.88,5260.43,7.06,363.84,1276072,954677215.0,5.44,0.05
2006-05-16,5577.43,5701.0,5848.1,5290.77,3.35,184.65,1068703,923710557.0,10.1,0.04
2006-05-17,5777.71,5702.31,6095.86,5361.5,0.02,1.31,1050103,1066146621.0,12.88,0.04
2006-05-18,5617.16,5581.45,5730.53,5397.93,-2.12,-120.86,1030672,874542047.0,5.83,0.04
2006-05-19,5588.63,5923.45,5973.41,5414.7,6.13,342.0,1009700,957186736.0,10.01,0.04
2006-05-22,5934.06,5914.62,6141.7,5789.74,-0.15,-8.83,806175,721831683.0,5.94,0.03
2006-05-23,5893.78,5586.22,5935.63,5507.25,-5.55,-328.4,1005703,757293361.0,7.24,0.04
2006-05-24,5707.01,5665.97,5905.8,5376.01,1.43,79.75,1024853,763289767.0,9.48,0.04
2006-05-25,5659.51,5789.12,5874.86,5573.56,2.17,123.15,804221,626015266.0,5.32,0.03
2006-05-26,5855.07,5807.47,5934.09,5698.1,0.32,18.35,664812,491122765.0,4.08,0.02
2006-05-29,5886.28,6032.98,6069.06,5835.34,3.88,225.51,322318,177251140.0,4.02,0.01
2006-05-30,6127.91,6081.65,6290.25,6036.76,0.81,48.67,683911,548667451.0,4.2,0.03
2006-05-31,6075.32,6119.1,6190.94,5947.75,0.62,37.45,692443,507567164.0,4.0,0.03
2006-06-01,6110.18,6566.41,6629.8,6049.4,7.31,447.31,839730,897388219.0,9.49,0.03
2006-06-02,6682.88,6531.43,7047.33,6358.72,-0.53,-34.98,798096,904857593.0,10.49,0.03
2006-06-05,6470.97,6493.85,6702.93,6147.84,-0.58,-37.58,473164,430173891.0,8.5,0.02
2006-06-06,6470.05,6391.17,6612.01,6318.04,-1.58,-102.68,328631,271019468.0,4.53,0.01
2006-06-07,6361.88,5994.39,6542.16,5906.39,-6.21,-396.78,768371,558880260.0,9.95,0.03
2006-06-08,5891.13,5977.99,6129.32,5664.33,-0.27,-16.4,575008,487304573.0,7.76,0.02
2006-06-09,6000.15,5653.28,6018.42,5584.21,-5.43,-324.71,644569,537971792.0,7.26,0.02
2006-06-12,5601.8,5548.18,5740.63,5458.79,-1.86,-105.1,384185,303917097.0,4.99,0.01
2006-06-13,5537.49,5707.22,5843.77,5458.87,2.87,159.04,372870,366568353.0,6.94,0.01
2006-06-14,5595.8,5511.23,5644.58,5337.45,-3.43,-195.99,302249,289542049.0,5.38,0.01
2006-06-15,5680.41,5616.56,5821.79,5508.9,1.91,105.33,345459,333074432.0,5.68,0.01
2006-06-16,5662.27,6049.72,6083.44,5624.65,7.71,433.16,463010,433738357.0,8.17,0.02
2006-06-19,5977.53,6164.33,6298.78,5881.61,1.89,114.61,425724,422510598.0,6.9,0.02
2006-06-20,6111.05,6133.64,6269.12,6015.51,-0.5,-30.69,358395,324005408.0,4.11,0.01
2006-06-21,6302.71,6332.0,6622.17,6159.84,3.23,198.36,1381861,1181230436.0,7.54,0.05
2006-06-22,6298.76,6384.99,6542.26,6212.86,0.84,52.99,881019,715834470.0,5.2,0.03
2006-06-23,6352.24,6428.38,6526.37,6242.62,0.68,43.39,502786,435993979.0,4.44,0.02
2006-06-26,6455.31,6612.56,6730.45,6402.83,2.87,184.18,595235,583021407.0,5.1,0.02
2006-06-27,6625.11,6669.78,6833.54,6498.51,0.87,57.22,419112,338109071.0,5.07,0.02
2006-06-28,6606.64,6810.24,6972.83,6551.22,2.11,140.46,606377,538673455.0,6.32,0.02
2006-06-29,6831.92,7013.16,7087.23,6815.79,2.98,202.92,755763,678266905.0,3.99,0.03
2006-06-30,7070.37,7065.49,7255.34,6876.52,0.75,52.33,1018069,903017709.0,5.4,0.04
2006-07-03,7192.39,7404.38,7472.49,7081.63,4.8,338.89,814451,850733313.0,5.53,0.03
2006-07-04,7427.82,7289.37,7496.79,7150.71,-1.55,-115.01,642660,650883958.0,4.67,0.02
2006-07-05,7288.19,7006.67,7320.5,6885.84,-3.88,-282.7,549283,543751900.0,5.96,0.02
2006-07-06,6985.23,7196.19,7323.13,6912.8,2.7,189.52,550900,545703688.0,5.86,0.02
2006-07-07,7276.34,7213.35,7435.83,7111.55,0.24,17.16,612720,530457640.0,4.51,0.02
2006-07-10,7176.74,7131.54,7290.85,6977.8,-1.13,-81.81,447693,418204672.0,4.34,0.02
2006-07-11,7125.35,7167.18,7270.24,7035.89,0.5,35.64,391052,335125843.0,3.29,0.01
2006-07-12,7166.91,7121.85,7320.34,6983.88,-0.63,-45.33,525708,485082761.0,4.69,0.02
2006-07-13,7036.78,6466.41,7115.48,6446.72,-9.2,-655.44,851088,750784192.0,9.39,0.03
2006-07-14,6283.37,6461.76,6580.65,6257.53,-0.07,-4.65,531583,469282706.0,5.0,0.02
2006-07-17,6457.06,6540.62,6585.26,6377.38,1.22,78.86,399796,353088056.0,3.22,0.01
2006-07-18,6590.87,6564.82,6656.88,6413.62,0.37,24.2,413481,377646240.0,3.72,0.02
2006-07-19,6573.72,6267.55,6641.5,6136.7,-4.53,-297.27,499029,476171638.0,7.69,0.02
2006-07-20,6289.46,6398.44,6465.33,6209.86,2.09,130.89,401816,326575853.0,4.08,0.02
2006-07-21,6535.3,6519.01,6790.48,6449.51,1.88,120.57,696093,521148700.0,5.33,0.03
2006-07-24,6521.5,6787.85,6861.75,6413.57,4.12,268.84,404322,201551531.0,6.87,0.02
2006-07-25,6957.27,6961.51,7087.35,6827.34,2.56,173.66,757330,611228413.0,3.83,0.03
2006-07-26,6936.21,6876.18,6989.2,6789.87,-1.23,-85.33,477593,359672037.0,2.86,0.02
2006-07-27,6882.86,6815.3,7020.9,6724.98,-0.89,-60.88,494005,385762563.0,4.3,0.02
2006-07-28,6809.16,6655.05,6892.21,6517.25,-2.35,-160.25,575125,427598460.0,5.5,0.02
2006-07-31,6648.65,6287.01,6676.94,6181.65,-5.53,-368.04,532986,390486783.0,7.44,0.02
2006-08-01,6279.94,6197.8,6382.95,6123.31,-1.42,-89.21,360879,264204316.0,4.13,0.01
2006-08-02,6176.38,6268.06,6311.56,6020.8,1.13,70.26,398387,292954849.0,4.69,0.01
2006-08-03,6315.49,6195.59,6350.02,6073.4,-1.16,-72.47,300339,231390748.0,4.41,0.01
2006-08-04,6178.02,6031.96,6238.12,5994.35,-2.64,-163.63,417793,244772974.0,3.93,0.02
2006-08-07,5937.86,5874.35,6033.43,5750.99,-2.61,-157.61,386704,269176959.0,4.68,0.01
2006-08-08,5872.24,6108.53,6142.17,5828.7,3.99,234.18,415205,288898940.0,5.34,0.02
2006-08-09,6093.34,5970.98,6121.43,5859.05,-2.25,-137.55,342564,274151783.0,4.3,0.01
2006-08-10,5916.25,6051.96,6093.38,5763.41,1.36,80.98,597296,485709686.0,5.53,0.02
2006-08-11,5979.67,6202.92,6302.84,5925.12,2.49,150.96,539453,438240306.0,6.24,0.02
2006-08-14,6111.18,5994.25,6343.15,5930.36,-3.36,-208.67,477947,396213934.0,6.65,0.02
2006-08-15,5935.28,6159.16,6212.33,5910.46,2.75,164.91,565945,556500805.0,5.04,0.02
2006-08-16,6155.9,6190.24,6260.34,6047.94,0.5,31.08,421839,359881955.0,3.45,0.02
2006-08-17,6177.23,6128.72,6303.95,6024.19,-0.99,-61.52,526407,373312058.0,4.52,0.02
2006-08-18,6110.92,6078.29,6198.51,5982.41,-0.82,-50.43,408460,294877667.0,3.53,0.02
2006-08-21,5829.39,6081.86,6102.61,5803.06,0.06,3.57,378399,278071277.0,4.93,0.01
2006-08-22,6063.5,6148.93,6229.77,6021.54,1.1,67.07,372563,302981724.0,3.42,0.01
2006-08-23,6135.28,6288.84,6416.45,6059.66,2.28,139.91,999210,861403814.0,5.8,0.04
2006-08-24,6243.39,6301.55,6344.75,6172.78,0.2,12.71,664435,474526306.0,2.73,0.02
2006-08-25,6294.45,6311.89,6412.47,6272.05,0.16,10.34,437754,321855576.0,2.23,0.02
2006-08-28,6361.2,6612.36,6689.69,6295.9,4.76,300.47,934188,780909965.0,6.24,0.03
2006-08-29,6640.4,6615.79,6789.97,6567.47,0.05,3.43,823641,671512964.0,3.36,0.03
2006-08-30,6611.98,6712.13,6776.7,6542.93,1.46,96.34,618934,450263535.0,3.53,0.02
2006-08-31,6732.8,6655.65,6787.44,6605.02,-0.84,-56.48,487130,312437326.0,2.72,0.02
2006-09-01,6657.64,6433.66,6686.53,6386.23,-3.34,-221.99,597301,424360509.0,4.51,0.02
2006-09-04,6366.81,6526.44,6564.7,6348.96,1.44,92.78,500199,334044497.0,3.35,0.02
2006-09-05,6567.99,6584.52,6688.65,6501.79,0.89,58.08,617257,408269471.0,2.86,0.02
2006-09-06,6593.31,6580.48,6668.49,6451.8,-0.06,-4.04,517856,330861507.0,3.29,0.02
2006-09-07,6573.88,6403.29,6617.56,6366.31,-2.69,-177.19,484528,354528677.0,3.82,0.02
2006-09-08,6430.56,6470.5,6514.13,6355.47,1.05,67.21,341915,239903203.0,2.48,0.01
2006-09-11,6503.89,6501.3,6585.89,6332.59,0.48,30.8,387383,270647523.0,3.91,0.01
2006-09-12,6489.53,6609.18,6685.72,6442.35,1.66,107.88,607057,502158610.0,3.74,0.02
2006-09-13,6614.13,6466.71,6639.32,6439.39,-2.16,-142.47,619533,479942079.0,3.03,0.02
2006-09-14,6495.94,6384.58,6586.94,6286.19,-1.27,-82.13,569836,452862477.0,4.65,0.02
2006-09-15,6390.4,6535.1,6573.96,6326.03,2.36,150.52,602295,509400830.0,3.88,0.02
2006-09-18,6551.66,6737.25,6777.18,6511.2,3.09,202.15,785947,696143913.0,4.07,0.03
2006-09-19,6754.83,6738.74,6886.29,6664.0,0.02,1.49,758628,626179183.0,3.3,0.03
2006-09-20,6723.22,6730.59,6812.49,6641.25,-0.12,-8.15,661888,452113396.0,2.54,0.02
2006-09-21,6725.67,6810.3,6887.89,6695.52,1.18,79.71,655407,517561734.0,2.86,0.02
2006-09-22,6845.56,6773.3,6932.05,6686.25,-0.54,-37.0,691791,550311024.0,3.61,0.03
2006-09-25,6761.3,6743.37,6878.59,6647.18,-0.44,-29.93,573344,410785533.0,3.42,0.02
2006-09-26,6750.7,6602.52,6808.89,6524.34,-2.09,-140.85,497822,376001534.0,4.22,0.02
2006-09-27,6600.85,6655.19,6710.71,6538.3,0.8,52.67,373169,257524916.0,2.61,0.01
2006-09-28,6665.62,6874.41,6979.84,6603.25,3.29,219.22,741514,778768418.0,5.66,0.03
2006-09-29,6889.71,7063.45,7110.77,6837.32,2.75,189.04,842739,853753992.0,3.98,0.03
2006-10-09,7164.98,7235.37,7387.18,7092.21,2.43,171.92,752196,753259053.0,4.18,0.03
2006-10-10,7240.29,7197.32,7343.47,7085.34,-0.53,-38.05,558536,518583845.0,3.57,0.02
2006-10-11,7189.66,7284.79,7412.86,7121.71,1.22,87.47,686859,585586807.0,4.05,0.03
2006-10-12,7305.02,7159.76,7396.82,7084.11,-1.72,-125.03,527790,438212627.0,4.29,0.02
2006-10-13,7147.45,7129.27,7277.88,7069.46,-0.43,-30.49,571290,496124813.0,2.91,0.02
2006-10-16,7131.57,7004.64,7240.43,6930.57,-1.75,-124.63,612988,554689148.0,4.35,0.02
2006-10-17,6960.83,7007.53,7120.39,6908.81,0.04,2.89,425927,348277825.0,3.02,0.02
2006-10-18,7066.27,7096.92,7174.27,6913.12,1.28,89.39,436777,363415075.0,3.73,0.02
2006-10-19,7122.51,7240.64,7328.37,7084.27,2.03,143.72,535646,511153655.0,3.44,0.02
2006-10-20,7268.15,7280.68,7380.43,7192.09,0.55,40.04,788103,543389082.0,2.6,0.03
2006-10-23,7278.94,6975.11,7301.8,6886.2,-4.2,-305.57,549914,450305438.0,5.71,0.02
2006-10-24,6965.65,7224.57,7277.22,6943.18,3.58,249.46,375642,332383041.0,4.79,0.01
2006-10-25,7246.17,7240.16,7450.83,7136.01,0.22,15.59,503288,464931068.0,4.36,0.02
2006-10-26,7281.67,7251.55,7351.82,7149.7,0.16,11.39,364331,330863722.0,2.79,0.01
2006-10-27,7302.11,7046.68,7328.23,6993.1,-2.83,-204.87,431560,379076566.0,4.62,0.02
2006-10-30,7024.64,7049.12,7132.71,6864.48,0.03,2.44,211770,97835827.0,3.81,0.01
2006-10-31,7103.06,7059.68,7155.34,6934.95,0.15,10.56,365404,366341155.0,3.13,0.01
2006-11-01,7097.69,7209.86,7268.12,7060.74,2.13,150.18,398906,360219402.0,2.94,0.01
2006-11-02,7257.09,7033.02,7327.25,6857.55,-2.45,-176.84,526926,571549904.0,6.51,0.02
2006-11-03,7032.3,7017.64,7127.74,6960.24,-0.22,-15.38,334409,341608336.0,2.38,0.01
2006-11-06,6959.23,6887.75,7018.08,6823.86,-1.85,-129.89,572467,486915838.0,2.77,0.02
2006-11-07,6928.09,6976.01,7068.61,6862.54,1.28,88.26,370386,360082121.0,2.99,0.01
2006-11-08,6957.63,6966.73,7017.34,6854.61,-0.13,-9.28,300975,233362647.0,2.33,0.01
2006-11-09,6954.64,7106.36,7173.05,6890.25,2.0,139.63,346735,327548538.0,4.06,0.01
2006-11-10,7119.85,7217.44,7414.36,7021.2,1.56,111.08,741250,751916981.0,5.53,0.03
2006-11-13,7207.04,7577.88,7724.11,7105.68,4.99,360.44,1143644,1387190705.0,8.57,0.04
2006-11-14,7525.52,7505.3,7577.56,7243.06,-0.96,-72.58,597431,667408017.0,4.41,0.02
2006-11-15,7506.19,7662.69,7737.79,7408.38,2.1,157.39,899739,1080485391.0,4.39,0.03
2006-11-16,7656.51,7601.86,7885.25,7539.52,-0.79,-60.83,798530,872095851.0,4.51,0.03
2006-11-17,7533.86,7698.99,7755.38,7447.44,1.28,97.13,659850,572605952.0,4.05,0.02
2006-11-20,7638.06,8025.15,8076.37,7592.66,4.24,326.16,765745,842469767.0,6.28,0.03
2006-11-21,8029.67,8005.03,8186.91,7836.27,-0.25,-20.12,576857,616211596.0,4.37,0.02
2006-11-22,7974.94,8440.85,8678.82,7942.54,5.44,435.82,1100995,1170804321.0,9.2,0.04
2006-11-23,8497.1,8525.44,8717.32,8376.18,1.0,84.59,656340,746177783.0,4.04,0.02
2006-11-24,8539.52,8430.57,8612.82,8316.05,-1.11,-94.87,710578,703620161.0,3.48,0.03
2006-11-27,8417.99,8485.63,8542.88,8220.81,0.65,55.06,575718,639176793.0,3.82,0.02
2006-11-28,8477.45,8207.98,8508.9,8133.33,-3.27,-277.65,382127,510963984.0,4.43,0.01
2006-11-29,8071.86,8543.15,8619.07,7962.75,4.08,335.17,880172,910845625.0,8.0,0.03
2006-11-30,8576.79,8895.29,9072.57,8527.65,4.12,352.14,988203,1099703008.0,6.38,0.04
2006-12-01,8931.53,9169.67,9356.19,8862.16,3.08,274.38,984236,1153048015.0,5.55,0.04
2006-12-04,9187.82,9534.94,9606.75,9123.2,3.98,365.27,898726,1124746549.0,5.27,0.03
2006-12-05,9540.54,10162.7,10413.98,9508.71,6.58,627.76,1134047,1504616872.0,9.49,0.04
2006-12-06,10148.03,10063.26,10266.38,9404.17,-0.98,-99.44,849532,1203083776.0,8.48,0.03
2006-12-07,9945.25,9712.72,10329.05,9684.02,-3.48,-350.54,582613,869646905.0,6.41,0.02
2006-12-08,9552.31,9183.15,9784.21,9112.73,-5.45,-529.57,568586,792733468.0,6.91,0.02
2006-12-11,9214.22,10085.35,10091.03,9214.22,9.82,902.2,685650,986876458.0,9.55,0.03
2006-12-12,10358.74,10352.18,10838.3,10271.14,2.65,266.83,808081,1274756999.0,5.62,0.03
2006-12-13,10408.52,10385.78,10608.88,10112.27,0.32,33.6,430605,695384467.0,4.8,0.02
2006-12-14,10403.39,10961.64,11035.99,10369.23,5.54,575.86,453358,733745381.0,6.42,0.02
2006-12-15,11035.91,11530.02,11600.26,10947.98,5.19,568.38,618162,1050748020.0,5.95,0.02
2006-12-18,11634.13,11814.59,12036.6,11289.88,2.47,284.57,930810,1396574287.0,6.48,0.03
2006-12-19,12004.66,11594.19,12147.29,11422.48,-1.87,-220.4,897729,1430207590.0,6.13,0.03
2006-12-20,11398.61,11738.21,11842.33,11276.2,1.24,144.02,520974,833283235.0,4.88,0.02
2006-12-21,11699.31,11374.57,11854.03,11300.77,-3.1,-363.64,499221,822871396.0,4.71,0.02
2006-12-22,11286.37,11133.81,11459.07,10893.22,-2.12,-240.76,488345,867411655.0,4.97,0.02
2006-12-25,11344.65,11588.73,12040.16,11227.58,4.09,454.92,806362,1580602613.0,7.3,0.03
2006-12-26,11609.68,11495.13,11746.1,11399.28,-0.81,-93.6,519549,987278906.0,2.99,0.02
2006-12-27,11442.51,11721.57,12060.95,11368.23,1.97,226.44,456326,843641096.0,6.03,0.02
2006-12-28,11772.67,12053.84,12250.78,11555.24,2.83,332.27,827900,1147129497.0,5.93,0.03
2006-12-29,12302.3,12593.83,12873.54,12173.35,4.48,539.99,810942,1344304847.0,5.81,0.03
2007-01-04,13242.89,13044.33,13705.44,12885.89,3.58,450.5,937233,1805895770.0,6.51,0.04
2007-01-05,13280.68,13272.46,13618.59,13079.93,1.75,228.13,620146,1113016203.0,4.13,0.02
2007-01-08,13668.99,13832.42,13947.35,13229.62,4.22,559.96,585028,1123490270.0,5.41,0.02
2007-01-09,15062.1,14760.61,15122.52,14519.46,6.71,928.19,748744,1588340026.0,4.36,0.03
2007-01-10,15339.1,16169.73,16206.96,15191.98,9.55,1409.12,1025679,2219746413.0,6.88,0.04
2007-01-11,16898.28,16725.24,17008.11,16531.3,3.44,555.51,448026,1142230321.0,2.95,0.02
2007-01-12,17301.77,17706.73,18210.22,17248.77,5.87,981.49,1176525,2245153629.0,5.75,0.04
2007-01-15,17689.49,19030.53,19138.97,17591.18,7.48,1323.8,906475,1836927201.0,8.74,0.03
2007-01-16,19262.48,19435.93,19800.73,18837.27,2.13,405.4,913883,2011658128.0,5.06,0.03
2007-01-17,19258.17,17744.62,19868.45,17698.95,-8.7,-1691.31,1134356,2811570075.0,11.16,0.04
2007-01-18,17712.62,18301.23,18570.98,16947.2,3.14,556.61,902761,2246460770.0,9.15,0.03
2007-01-19,18390.33,18456.18,18766.08,17912.53,0.85,154.95,714560,1703781802.0,4.66,0.03
2007-01-22,18634.95,18946.87,19355.17,18570.51,2.66,490.69,653192,1526330874.0,4.25,0.02
2007-01-23,19044.88,18938.69,19294.94,17894.07,-0.04,-8.18,788028,1808063146.0,7.39,0.03
2007-01-24,19652.61,20555.15,20783.95,19640.27,8.54,1616.46,1149298,3200965783.0,6.04,0.04
2007-01-25,20904.4,21358.77,22003.19,20612.69,3.91,803.62,1005356,2711436104.0,6.76,0.04
2007-01-26,21813.59,22328.05,22629.06,21268.86,4.54,969.28,1258480,2368102689.0,6.37,0.05
2007-01-29,23195.37,23038.71,23510.56,22532.31,3.18,710.66,1401264,2640181095.0,4.38,0.05
2007-01-30,23367.95,23132.82,23893.02,22974.56,0.41,94.11,492308,1163118821.0,3.99,0.02
2007-01-31,23385.34,22632.38,24149.33,22140.63,-2.16,-500.44,1198984,2292174516.0,8.68,0.04
2007-02-01,23183.44,23725.22,23819.36,22654.54,4.83,1092.84,1207409,2501115612.0,5.15,0.05
2007-02-02,23892.18,22342.11,23992.36,21827.99,-5.83,-1383.11,1210641,2411331069.0,9.12,0.05
2007-02-05,22060.33,21713.29,22768.84,21298.97,-2.81,-628.82,760101,1446528119.0,6.58,0.03
2007-02-06,21448.96,21663.18,21914.83,20107.54,-0.23,-50.11,1085053,2314463769.0,8.32,0.04
2007-02-07,22122.45,22623.81,23400.21,21929.89,4.43,960.63,1220950,2616563267.0,6.79,0.05
2007-02-08,22692.91,23100.09,23467.53,22283.05,2.11,476.28,890115,1664286687.0,5.24,0.03
2007-02-09,23181.54,22932.13,23880.71,22587.38,-0.73,-167.96,726895,1385466989.0,5.6,0.03
2007-02-12,23036.8,24890.15,25086.8,22725.2,8.54,1958.02,1042676,2571075325.0,10.3,0.04
2007-02-13,24949.05,25230.88,25696.49,24422.71,1.37,340.73,644000,1467842204.0,5.12,0.02
2007-02-14,25277.19,27114.79,27352.56,25110.4,7.47,1883.91,870201,2160866721.0,8.89,0.03
2007-02-15,27866.3,28691.06,28954.92,27543.81,5.81,1576.27,956396,2253407091.0,5.2,0.04
2007-02-16,29575.95,28385.06,29988.26,27816.78,-1.07,-306.0,911773,2061906542.0,7.57,0.03
2007-02-26,28225.4,27952.71,28835.98,27562.33,-1.52,-432.35,584831,1348744279.0,4.49,0.02
2007-02-27,27923.01,25212.33,28124.13,25163.83,-9.8,-2740.38,950730,2161834697.0,10.59,0.04
2007-02-28,24672.81,25635.11,25909.7,23857.82,1.68,422.78,973388,2255617425.0,8.14,0.04
2007-03-01,25435.3,23895.08,25435.3,23521.34,-6.79,-1740.03,709055,1519164112.0,7.47,0.03
2007-03-02,23724.92,24960.09,25427.74,23666.28,4.46,1065.01,648950,1591429230.0,7.37,0.02
2007-03-05,24572.32,23991.72,25220.63,23292.41,-3.88,-968.37,572629,1346556508.0,7.73,0.02
2007-03-06,23904.14,25333.12,25941.88,23892.72,5.59,1341.4,869879,2088569705.0,8.54,0.03
2007-03-07,25389.3,27175.26,27659.54,25332.17,7.27,1842.14,858147,2107045959.0,9.19,0.03
2007-03-08,27322.09,28304.5,28580.47,26629.6,4.16,1129.24,654211,1777947496.0,7.18,0.02
2007-03-09,28220.92,28198.48,29278.37,27805.78,-0.37,-106.02,1035557,2528283778.0,5.2,0.04
2007-03-12,28207.92,28824.43,29585.05,27377.28,2.22,625.95,1071244,2398173787.0,7.83,0.04
2007-03-13,28942.5,29426.16,30227.24,28638.71,2.09,601.73,1126394,2465145611.0,5.51,0.04
2007-03-14,28648.88,28139.08,29527.54,27719.49,-4.37,-1287.08,1248616,2566630264.0,6.14,0.05
2007-03-15,28064.49,28228.03,28855.71,27875.25,0.32,88.95,732337,1562404525.0,3.48,0.03
2007-03-16,28011.64,26767.35,28387.68,26379.39,-5.17,-1460.68,934089,2282526028.0,7.11,0.03
2007-03-19,26021.48,27716.04,28248.72,25916.91,3.54,948.69,779881,1964558839.0,8.71,0.03
2007-03-20,27951.08,27575.41,28168.47,27213.73,-0.51,-140.63,475845,1112066472.0,3.44,0.02
2007-03-21,27864.93,27931.16,28642.03,27522.02,1.29,355.75,681701,1591900875.0,4.06,0.03
2007-03-22,28221.33,28053.8,28792.34,27780.6,0.44,122.64,708095,1807381426.0,3.62,0.03
2007-03-23,27803.02,27473.78,28193.01,26934.81,-2.07,-580.02,701722,1778450698.0,4.48,0.03
2007-03-26,27650.93,27769.81,28112.6,27079.69,1.08,296.03,582784,1391455180.0,3.76,0.02
2007-03-27,27743.55,28220.44,28684.06,27488.75,1.62,450.63,608209,1542141783.0,4.3,0.02
2007-03-28,28332.37,28285.72,28706.15,26733.52,0.23,65.28,905248,2210186053.0,6.99,0.03
2007-03-29,29203.45,30203.65,31059.6,29182.01,6.78,1917.93,1472493,3931838084.0,6.64,0.06
2007-03-30,29862.66,29998.97,30855.41,29479.92,-0.68,-204.68,659084,1885154054.0,4.55,0.02
2007-04-02,30224.51,31985.91,32554.12,30206.1,6.62,1986.94,1018150,3092995453.0,7.83,0.04
2007-04-03,32222.65,32358.2,32995.46,31494.76,1.16,372.29,992941,2520553713.0,4.69,0.04
2007-04-04,32632.77,32512.28,33337.86,31949.62,0.48,154.08,861958,2235544488.0,4.29,0.03
2007-04-05,32366.79,34626.02,34800.29,32140.78,6.5,2113.74,1064927,3006419470.0,8.18,0.04
2007-04-06,34276.95,35815.68,36982.39,34107.06,3.44,1189.66,1181590,3419716709.0,8.3,0.04
2007-04-09,36685.0,38761.91,38846.29,35168.71,8.23,2946.23,784951,1783287390.0,10.27,0.03
2007-04-10,39966.28,38574.01,40497.04,37600.69,-0.48,-187.9,1222104,4233430720.0,7.47,0.05
2007-04-11,38747.59,37597.9,38868.46,36896.7,-2.53,-976.11,1078699,3404681989.0,5.11,0.04
2007-04-12,37723.52,38169.86,38708.98,37255.45,1.52,571.96,939298,3086229193.0,3.87,0.04
2007-04-13,38085.93,37028.48,38214.22,36755.22,-2.99,-1141.38,994930,3244206840.0,3.82,0.04
2007-04-16,36892.84,38223.16,38753.9,36663.06,3.23,1194.68,850515,2891667741.0,5.65,0.03
2007-04-17,38415.23,37828.5,38705.53,36469.87,-1.03,-394.66,951835,2916002362.0,5.85,0.04
2007-04-18,37696.01,38604.69,39340.6,36758.61,2.05,776.19,1137121,3470813369.0,6.83,0.04
2007-04-19,38407.41,36686.86,38462.35,35400.26,-4.97,-1917.83,1164072,3701299266.0,7.93,0.04
2007-04-20,37346.22,39282.73,39573.46,37179.77,7.08,2595.87,1199467,3822506995.0,6.52,0.04
2007-04-23,40812.44,41631.21,42284.82,40135.63,5.98,2348.48,1137041,3696428335.0,5.47,0.04
2007-04-24,41834.4,42420.43,43311.57,40563.09,1.9,789.22,1019412,3266654552.0,6.6,0.04
2007-04-25,42510.35,41585.7,43845.56,41202.52,-1.97,-834.73,963702,3202750002.0,6.23,0.04
2007-04-26,41965.14,44328.15,45005.31,41333.32,6.59,2742.45,1298895,4552911846.0,8.83,0.05
2007-04-27,44350.93,45129.19,46574.46,43367.61,1.81,801.04,1434141,5284421631.0,7.23,0.05
2007-04-30,46175.01,49590.25,49626.2,46015.56,9.89,4461.06,1559991,6510316078.0,8.0,0.06
2007-05-08,52862.96,51624.32,53394.59,50710.47,4.1,2034.07,1506291,6462457670.0,5.41,0.06
2007-05-09,51048.7,49143.64,51823.38,46839.57,-4.81,-2480.68,1495425,6306017456.0,9.65,0.06
2007-05-10,48706.41,48164.47,49450.48,46975.31,-1.99,-979.17,613165,2920522753.0,5.04,0.02
2007-05-11,47230.45,47866.51,48830.01,46246.43,-0.62,-297.96,1217276,4545641799.0,5.36,0.05
2007-05-14,46630.96,47735.46,49143.01,46036.72,-0.27,-131.05,1089885,4286550268.0,6.49,0.04
2007-05-15,47325.73,46022.15,48979.99,45486.38,-3.59,-1713.31,822481,3661930875.0,7.32,0.03
2007-05-16,45588.19,47350.07,47624.32,45007.54,2.89,1327.92,836867,3281968711.0,5.69,0.03
2007-05-17,47568.05,48984.33,50921.05,47108.55,3.45,1634.26,953453,4157652774.0,8.05,0.04
2007-05-18,48463.47,48762.43,50047.71,47909.25,-0.45,-221.9,783376,3295218436.0,4.37,0.03
2007-05-21,46801.91,48227.35,49101.09,46520.93,-1.1,-535.08,829091,3313276896.0,5.29,0.03
2007-05-22,48453.88,48555.59,50443.78,48211.69,0.68,328.24,809491,3296898146.0,4.63,0.03
2007-05-23,48717.76,49510.57,49761.31,48094.66,1.97,954.98,696145,2702568384.0,3.43,0.03
2007-05-24,49608.88,50736.27,51672.2,48589.27,2.48,1225.7,1328953,5376003442.0,6.23,0.05
2007-05-25,50638.64,54494.61,55311.36,49946.65,7.41,3758.34,1466059,6252782319.0,10.57,0.05
2007-05-28,56507.25,53757.51,56576.35,53265.17,-1.35,-737.1,1187969,5204939477.0,6.08,0.04
2007-05-29,53779.56,53536.82,54465.63,52663.65,-0.41,-220.69,933506,4023849711.0,3.35,0.03
2007-05-30,48242.79,48206.68,50705.93,48206.68,-9.96,-5330.14,1585316,7350481039.0,4.67,0.06
2007-05-31,44964.75,44486.94,46568.62,43409.91,-7.72,-3719.74,1831400,7325906292.0,6.55,0.07
2007-06-01,45754.28,44830.09,47444.17,44274.78,0.77,343.15,1606724,6317767461.0,7.12,0.06
2007-06-04,46046.11,42151.91,46709.5,41885.45,-5.97,-2678.18,1090874,4097705023.0,10.76,0.04
2007-06-05,42697.05,45841.62,45881.86,38933.32,8.75,3689.71,1493435,5033127609.0,16.48,0.06
2007-06-06,46082.1,45709.78,47306.76,44413.93,-0.29,-131.84,1226439,4104651430.0,6.31,0.05
2007-06-07,45865.81,48625.18,48846.48,45433.1,6.38,2915.4,1183276,4539596333.0,7.47,0.04
2007-06-08,48280.85,50215.36,51100.67,47155.61,3.27,1590.18,1158309,4879513358.0,8.11,0.04
2007-06-11,52306.37,51780.9,52963.16,50757.59,3.12,1565.54,819379,3625518391.0,4.39,0.03
2007-06-12,53210.37,51940.73,53820.5,49971.59,0.31,159.83,1413046,5598126557.0,7.43,0.05
2007-06-13,51963.0,52174.2,53526.47,51170.48,0.45,233.47,1050662,4458725271.0,4.54,0.04
2007-06-14,52103.13,51282.16,52695.93,50579.54,-1.71,-892.04,1095621,4177601503.0,4.06,0.04
2007-06-15,50894.0,52256.94,53303.63,50382.16,1.9,974.78,1218762,4735262340.0,5.7,0.05
2007-06-18,53548.34,55111.46,55681.12,52775.63,5.46,2854.52,1245385,4984146995.0,5.56,0.05
2007-06-19,55081.45,54119.01,55327.63,53592.61,-1.8,-992.45,852119,3461079441.0,3.15,0.03
2007-06-20,54180.53,52249.72,55803.74,51958.35,-3.45,-1869.29,782164,2142504091.0,7.11,0.03
2007-06-21,51477.51,52092.24,52822.97,50649.08,-0.3,-157.48,866588,3569414847.0,4.16,0.03
2007-06-22,52025.09,49455.99,52418.96,48206.59,-5.06,-2636.25,997807,3986952534.0,8.09,0.04
2007-06-25,48926.5,45971.07,49487.29,45673.81,-7.05,-3484.92,915701,3569348652.0,7.71,0.03
2007-06-26,44161.08,45634.87,45844.35,43330.25,-0.73,-336.2,896815,3365707699.0,5.47,0.03
2007-06-27,45362.77,46177.72,47191.43,44687.89,1.19,542.85,804917,3195293075.0,5.49,0.03
2007-06-28,46124.13,43356.79,47067.93,43111.55,-6.11,-2820.93,741633,2845855595.0,8.57,0.03
2007-06-29,42580.0,41919.43,43471.75,41247.93,-3.32,-1437.36,721249,2550626720.0,5.13,0.03
2007-07-02,41660.35,40425.03,42558.32,38915.09,-3.56,-1494.4,845502,3188440101.0,8.69,0.03
2007-07-03,40058.45,41760.9,41911.04,39892.53,3.3,1335.87,642293,2279070700.0,4.99,0.02
2007-07-04,41802.66,40862.07,42599.36,40689.18,-2.15,-898.83,598627,1943611855.0,4.57,0.02
2007-07-05,40157.27,39580.31,41485.53,39151.2,-3.14,-1281.76,630270,2256743974.0,5.71,0.02
2007-07-06,39759.98,42767.66,42812.55,39614.04,8.05,3187.35,815125,2895839492.0,8.08,0.03
2007-07-09,43333.34,43936.13,45126.87,42988.5,2.73,1168.47,904159,3478040163.0,5.0,0.03
2007-07-10,44828.86,46598.83,48093.33,44489.38,6.06,2662.7,1387167,5542416342.0,8.2,0.05
2007-07-11,46034.25,45652.37,46725.29,44363.98,-2.03,-946.46,637171,2490235753.0,5.07,0.02
2007-07-12,45688.26,45467.99,46309.66,44362.39,-0.4,-184.38,467161,1693108848.0,4.27,0.02
2007-07-13,45656.07,46172.86,46743.62,44690.55,1.55,704.87,449222,1803262231.0,4.52,0.02
2007-07-16,46396.12,43693.93,46579.91,43549.82,-5.37,-2478.93,415442,1657603254.0,6.56,0.02
2007-07-17,42519.62,43833.26,44402.63,41570.89,0.32,139.33,545671,2245164701.0,6.48,0.02
2007-07-18,43396.66,43504.16,44770.76,42439.26,-0.75,-329.1,449355,1843811259.0,5.32,0.02
2007-07-19,43381.34,43733.65,44665.45,43014.95,0.53,229.49,308931,1342399616.0,3.79,0.01
2007-07-20,43490.58,45641.4,46094.07,43427.25,4.36,1907.75,736019,3250159640.0,6.1,0.03
2007-07-23,46208.02,48554.06,49012.74,46192.95,6.38,2912.66,1025374,4452077786.0,6.18,0.04
2007-07-24,49716.53,49061.43,51166.16,48626.27,1.04,507.37,616063,2361675451.0,5.23,0.02
2007-07-25,51785.89,50411.94,52780.52,48975.88,2.75,1350.51,1002288,4719072466.0,7.75,0.04
2007-07-26,51240.09,53491.91,54279.7,50989.38,6.11,3079.97,1155831,5510294334.0,6.53,0.04
2007-07-27,53402.41,52695.67,54112.82,51943.26,-1.49,-796.24,792089,3813626986.0,4.06,0.03
2007-07-30,53067.29,53687.13,54923.38,51796.36,1.88,991.46,843291,3988431007.0,5.93,0.03
2007-07-31,53697.05,52781.43,54911.77,51974.9,-1.69,-905.7,798357,3795920028.0,5.47,0.03
2007-08-01,53090.13,50675.87,54406.33,49306.32,-3.99,-2105.56,958116,4482296233.0,9.66,0.04
2007-08-02,51004.28,51887.09,52478.36,50081.54,2.39,1211.22,801218,4055995444.0,4.73,0.03
2007-08-03,52512.43,55628.86,55893.09,52284.04,7.21,3741.77,1354524,6983642712.0,6.96,0.05
2007-08-06,56081.48,55901.59,57471.63,55020.28,0.49,272.73,979737,5049585799.0,4.41,0.04
2007-08-07,55850.71,56425.33,57711.09,55020.31,0.94,523.74,1209713,5883467429.0,4.81,0.05
2007-08-08,55700.79,55847.45,57587.96,54544.6,-1.02,-577.88,828176,4007572539.0,5.39,0.03
2007-08-09,55652.25,58588.05,59909.0,55430.64,4.91,2740.6,815150,4120353140.0,8.02,0.03
2007-08-10,58326.81,57558.97,58826.31,56086.56,-1.76,-1029.08,787892,4071862831.0,4.68,0.03
2007-08-13,57496.01,56556.46,59755.98,55864.59,-1.74,-1002.51,899146,4514301426.0,6.76,0.03
2007-08-14,56491.47,60917.09,61761.24,56476.63,7.71,4360.63,1100269,5773278603.0,9.34,0.04
2007-08-15,60287.68,59386.61,61520.25,58063.48,-2.51,-1530.48,857105,4597928793.0,5.67,0.03
2007-08-16,59442.22,58072.69,59893.57,57044.37,-2.21,-1313.92,766532,3811572995.0,4.8,0.03
2007-08-17,57707.14,57354.26,60415.63,57171.15,-1.24,-718.43,864473,4145404950.0,5.59,0.03
2007-08-20,59432.69,61528.97,62091.31,58610.54,7.28,4174.71,767698,4400583228.0,6.07,0.03
2007-08-21,61829.84,63438.91,64239.82,61644.82,3.1,1909.94,636364,3482941759.0,4.22,0.02
2007-08-22,62342.27,65376.38,66358.48,61742.61,3.05,1937.47,834549,4419335118.0,7.28,0.03
2007-08-23,69735.81,68014.22,70399.96,66102.65,4.03,2637.84,597894,3902379387.0,6.57,0.02
2007-08-24,69060.56,67265.31,69279.56,66401.95,-1.1,-748.91,530902,3821338424.0,4.23,0.02
2007-08-27,80244.26,76235.88,81920.7,75669.48,13.34,8970.57,666141,3489740396.0,9.29,0.02
2007-08-28,75493.13,76872.54,79224.96,73366.11,0.84,636.66,442828,2274215439.0,7.69,0.02
2007-08-29,76469.17,76087.46,79001.98,75169.54,-1.02,-785.08,564439,2953492848.0,4.99,0.02
2007-08-30,76276.36,76817.09,77798.82,75495.38,0.96,729.63,309694,1616936107.0,3.03,0.01
2007-08-31,77641.96,73765.7,77724.99,72873.13,-3.97,-3051.39,752968,5798048980.0,6.32,0.03
2007-09-03,74099.94,75175.64,76552.62,73236.59,1.91,1409.94,606896,4414369138.0,4.5,0.02
2007-09-04,73536.12,73381.91,76661.14,72856.02,-2.39,-1793.73,666940,4788692207.0,5.06,0.02
2007-09-05,73292.82,71832.12,74374.76,70415.27,-2.11,-1549.79,543291,3820589691.0,5.4,0.02
2007-09-06,72062.89,72025.31,73863.02,71094.01,0.27,193.19,433282,3024030394.0,3.85,0.02
2007-09-07,71872.02,69172.16,71888.51,69003.18,-3.96,-2853.15,676865,4616393531.0,4.01,0.03
2007-09-10,68261.27,70194.55,70794.04,67481.02,1.48,1022.39,419840,2785699392.0,4.79,0.02
2007-09-11,70987.53,66135.34,71265.33,65560.27,-5.78,-4059.21,505062,3350660318.0,8.13,0.02
2007-09-12,66111.47,68152.6,69150.54,65979.77,3.05,2017.26,518512,3306650040.0,4.79,0.02
2007-09-13,68564.73,72094.98,72880.31,68042.69,5.78,3942.38,611225,4362735544.0,7.1,0.02
2007-09-14,72212.1,70952.69,72861.57,69531.6,-1.58,-1142.29,444613,3217312813.0,4.62,0.02
2007-09-17,70610.95,70542.69,71920.47,69572.31,-0.58,-410.0,398183,2762130476.0,3.31,0.01
2007-09-18,70574.71,70627.73,73309.17,68486.28,0.12,85.04,549444,3663665498.0,6.84,0.02
2007-09-19,70978.18,69417.88,71609.93,69036.29,-1.71,-1209.85,296242,1983777052.0,3.64,0.01
2007-09-20,69136.26,70734.52,72040.09,68898.49,1.9,1316.64,438558,3292848266.0,4.53,0.02
2007-09-21,70599.37,70765.12,72088.92,69466.95,0.04,30.6,349604,2388398736.0,3.71,0.01
2007-09-24,70720.68,69525.58,70929.23,68471.05,-1.75,-1239.54,312631,2011110489.0,3.47,0.01
2007-09-25,69686.27,71042.32,72485.19,69515.91,2.18,1516.74,354566,2543347480.0,4.27,0.01
2007-09-26,71149.77,74664.46,76275.56,71127.58,5.1,3622.14,648041,4244370428.0,7.25,0.02
2007-09-27,75002.45,74239.32,76486.09,73706.33,-0.57,-425.14,634385,3262050455.0,3.72,0.02
2007-09-28,74565.92,77585.17,78295.98,74082.9,4.51,3345.85,689656,4001398651.0,5.67,0.03
2007-10-08,79433.39,79772.88,81725.49,78217.27,2.82,2187.71,872725,5032893624.0,4.52,0.03
2007-10-09,79617.2,79831.01,80945.46,78432.35,0.07,58.13,407961,2575458493.0,3.15,0.02
2007-10-10,80165.04,78874.98,82418.63,78333.54,-1.2,-956.03,515736,3206406140.0,5.12,0.02
2007-10-11,78612.15,78904.34,80471.06,76786.59,0.04,29.36,488266,3142899206.0,4.67,0.02
2007-10-12,80953.34,84066.17,85780.79,79865.48,6.54,5161.83,1207761,7308643774.0,7.5,0.05
2007-10-15,87376.2,87856.84,90371.78,85689.59,4.51,3790.67,723010,5023886625.0,5.57,0.03
2007-10-16,90227.02,92347.17,94484.43,88917.1,5.11,4490.33,941972,6448011463.0,6.34,0.04
2007-10-17,92971.13,90595.45,95044.3,88283.02,-1.9,-1751.72,973998,6879349954.0,7.32,0.04
2007-10-18,90017.63,88424.99,90859.95,86033.05,-2.4,-2170.46,645318,4783541672.0,5.33,0.02
2007-10-19,89514.92,87031.23,91049.66,86111.58,-1.58,-1393.76,437428,2858406025.0,5.58,0.02
2007-10-22,86672.44,88931.17,92083.54,84581.3,2.18,1899.94,305252,1509854663.0,8.62,0.01
2007-10-23,89589.4,89617.18,91769.01,85482.63,0.77,686.01,270667,1289807660.0,7.07,0.01
2007-10-24,91453.35,96081.64,97754.21,89481.95,7.21,6464.46,659561,3362036185.0,9.23,0.02
2007-10-25,95181.81,89828.72,95403.62,88542.38,-6.51,-6252.92,524592,2660029245.0,7.14,0.02
2007-10-26,90183.45,86812.07,91737.57,84265.21,-3.36,-3016.65,386334,1738618434.0,8.32,0.01
2007-10-29,87677.72,88844.08,89288.7,84940.43,2.34,2032.01,226145,1053019846.0,5.01,0.01
2007-10-30,119705.05,118358.99,121182.69,113410.79,33.22,29514.91,476540,2307157024.0,8.75,0.02
2007-10-31,120371.16,122344.13,127355.39,119045.3,3.37,3985.14,584073,3053679523.0,7.02,0.02
2007-11-01,121294.81,122547.57,126415.45,119170.96,0.17,203.44,289362,1524208558.0,5.92,0.01
2007-11-02,129160.07,128282.45,132026.7,125313.81,4.68,5734.88,1013113,8370149946.0,5.48,0.04
2007-11-05,126541.48,118501.19,128734.78,118049.48,-7.62,-9781.26,744707,5603561715.0,8.33,0.03
2007-11-06,116536.37,118421.81,123241.31,115742.29,-0.07,-79.38,408306,3032876988.0,6.33,0.02
2007-11-07,119449.98,115773.56,120792.66,110848.59,-2.24,-2648.25,556534,4010999733.0,8.4,0.02
2007-11-08,114474.13,107077.73,114675.52,106646.79,-7.51,-8695.83,575604,3949867020.0,6.93,0.02
2007-11-09,105202.98,104464.59,108159.33,103374.97,-2.44,-2613.14,475111,3165078928.0,4.47,0.02
2007-11-12,101017.47,108163.02,108566.43,98948.1,3.54,3698.43,652104,4453506169.0,9.21,0.02
2007-11-13,109312.22,108632.38,112418.14,105360.64,0.43,469.36,724231,4989237647.0,6.52,0.03
2007-11-14,110626.06,113378.49,113588.7,108468.99,4.37,4746.11,521451,3485363704.0,4.71,0.02
2007-11-15,113286.92,113256.39,115825.91,111181.7,-0.11,-122.1,579123,3325529620.0,4.1,0.02
2007-11-16,110760.45,110675.23,112621.96,107208.06,-2.28,-2581.16,387837,2355471832.0,4.78,0.01
2007-11-19,110474.43,108286.02,112184.77,107222.77,-2.16,-2389.21,279094,1930355352.0,4.48,0.01
2007-11-20,106212.52,109664.31,111053.08,104425.49,1.27,1378.29,519403,3556999680.0,6.12,0.02
2007-11-21,109983.98,107417.87,111639.63,106755.81,-2.05,-2246.44,304212,1943781855.0,4.45,0.01
2007-11-22,104966.25,100294.9,105811.31,99771.21,-6.63,-7122.97,466577,3219787469.0,5.62,0.02
2007-11-23,99554.59,102136.73,102559.78,97113.62,1.84,1841.83,405927,2769111312.0,5.43,0.02
2007-11-26,103986.91,99276.1,104575.13,98945.83,-2.8,-2860.63,380953,2492243156.0,5.51,0.01
2007-11-27,97613.78,95306.62,98824.05,94502.59,-4.0,-3969.48,451198,2688627200.0,4.35,0.02
2007-11-28,95985.2,95441.81,97129.57,93420.19,0.14,135.19,324815,1931837561.0,3.89,0.01
2007-11-29,97186.89,100797.17,101538.84,94833.08,5.61,5355.36,479596,2885121924.0,7.03,0.02
2007-11-30,101086.65,96539.27,101168.94,96228.28,-4.22,-4257.9,323490,1889351621.0,4.9,0.01
2007-12-03,95846.46,97163.61,98756.16,94721.52,0.65,624.34,235548,1444448654.0,4.18,0.01
2007-12-04,97237.13,99124.36,100484.07,97101.2,2.02,1960.75,302688,1887527736.0,3.48,0.01
2007-12-05,98858.72,102396.58,103346.91,97809.59,3.3,3272.22,762644,3414817027.0,5.59,0.03
2007-12-06,102854.77,101027.41,103429.98,100252.82,-1.34,-1369.17,371708,1767915334.0,3.1,0.01
2007-12-07,101180.55,102483.55,102942.73,100720.28,1.44,1456.14,336944,1450503858.0,2.2,0.01
2007-12-10,100232.7,106422.04,106743.0,99582.92,3.84,3938.49,459579,1572344648.0,6.99,0.02
2007-12-11,109075.15,106854.64,109676.93,104691.89,0.41,432.6,606040,3748164621.0,4.68,0.02
2007-12-12,106390.64,104861.88,107108.59,103428.75,-1.86,-1992.76,570894,3650691497.0,3.44,0.02
2007-12-13,104146.61,99903.43,104411.4,99164.41,-4.73,-4958.45,636083,3842266611.0,5.0,0.02
2007-12-14,98602.57,101998.66,102192.7,98021.57,2.1,2095.23,429335,2340934171.0,4.18,0.02
2007-12-17,101897.89,96925.36,101994.87,95846.89,-4.97,-5073.3,576744,3276617474.0,6.03,0.02
2007-12-18,95357.04,94299.11,97527.82,93512.21,-2.71,-2626.25,566739,2897337825.0,4.14,0.02
2007-12-19,95887.13,97800.22,98155.71,94721.91,3.71,3501.11,511392,2500400211.0,3.64,0.02
2007-12-20,98056.88,99832.63,100846.83,96750.36,2.08,2032.41,523511,2267632774.0,4.19,0.02
2007-12-21,99138.2,101076.35,101957.06,98850.45,1.25,1243.72,543623,2681079937.0,3.11,0.02
2007-12-24,102684.52,106096.81,107407.13,102389.79,4.97,5020.46,662807,3806392034.0,4.96,0.02
2007-12-25,107261.75,105689.63,108450.62,104772.59,-0.38,-407.18,631786,3379015154.0,3.47,0.02
2007-12-26,107214.72,106533.11,107928.66,104806.02,0.8,843.48,554096,2924186696.0,2.95,0.02
2007-12-27,124584.41,129163.49,131075.48,123340.54,21.24,22630.38,1446251,6536230855.0,7.26,0.05
2007-12-28,129755.52,127841.88,130291.69,126945.35,-1.02,-1321.61,914676,4503230607.0,2.59,0.03
2008-01-02,127574.61,125056.24,128280.73,123501.51,-2.18,-2785.64,788996,4140548645.0,3.74,0.03
2008-01-03,124409.77,123586.2,125185.41,120337.75,-1.18,-1470.04,964841,5404159523.0,3.88,0.04
2008-01-04,123949.89,129029.83,129944.7,123754.58,4.4,5443.63,979282,5005589311.0,5.01,0.04
2008-01-07,129323.8,131201.36,133150.02,128331.55,1.68,2171.53,823636,4485510365.0,3.73,0.03
2008-01-08,135546.23,132959.53,140253.88,131476.45,1.34,1758.17,1256742,7730515570.0,6.69,0.05
2008-01-09,133112.91,135423.8,136218.23,132494.67,1.85,2464.27,741492,4009461177.0,2.8,0.03
2008-01-10,139514.94,135207.72,140035.66,134708.83,-0.16,-216.08,830182,4669558269.0,3.93,0.03
2008-01-11,135888.91,136016.98,137707.63,134184.48,0.6,809.26,627217,3874617619.0,2.61,0.02
2008-01-14,137199.22,140069.13,141692.2,136470.81,2.98,4052.15,800122,4587189292.0,3.84,0.03
2008-01-15,140941.88,136197.11,141544.67,135237.83,-2.76,-3872.02,786002,4630295455.0,4.5,0.03
2008-01-16,134534.14,129433.13,134648.73,128702.83,-4.97,-6763.98,1034719,6349367613.0,4.37,0.04
2008-01-17,128453.3,125960.42,130697.15,122190.11,-2.68,-3472.71,1037263,6584543003.0,6.57,0.04
2008-01-18,125954.31,127049.98,128089.13,124473.82,0.87,1089.56,671065,4328779052.0,2.87,0.03
2008-01-21,127598.26,118589.51,128487.3,118059.17,-6.66,-8460.47,830559,4823661664.0,8.21,0.03
2008-01-22,116351.86,107575.43,116564.54,107126.08,-9.29,-11014.08,1253895,7145145346.0,7.96,0.05
2008-01-23,109274.09,111475.41,112787.1,105856.73,3.63,3899.98,981951,5203565358.0,6.44,0.04
2008-01-24,114371.8,111224.42,114806.34,108333.9,-0.23,-250.99,841719,4437906372.0,5.81,0.03
2008-01-25,111251.79,114653.66,116036.02,108763.27,3.08,3429.24,899950,4653760179.0,6.54,0.03
2008-01-28,112854.29,103581.07,113070.33,103573.77,-9.66,-11072.59,1209751,5081976979.0,8.28,0.05
2008-01-29,103865.91,103111.13,106518.77,100378.51,-0.45,-469.94,647358,3082274075.0,5.93,0.02
2008-01-30,104271.27,101493.51,105526.22,97700.73,-1.57,-1617.62,627714,3170885334.0,7.59,0.02
2008-01-31,100447.23,103416.77,106352.9,98931.01,1.89,1923.26,687001,3744103582.0,7.31,0.03
2008-02-01,103666.44,102721.44,105673.98,98249.12,-0.67,-695.33,888205,3533849790.0,7.18,0.03
2008-02-04,106327.65,111257.91,111901.97,104934.6,8.31,8536.47,1070024,5090643262.0,6.78,0.04
2008-02-05,110027.48,109408.77,111337.63,107771.83,-1.66,-1849.14,634400,2872219690.0,3.2,0.02
2008-02-13,106980.8,104546.13,107404.2,103689.33,-4.44,-4862.64,489379,2473040000.0,3.4,0.02
2008-02-14,105716.43,106377.24,107163.35,104820.81,1.75,1831.11,313755,1470280498.0,2.24,0.01
2008-02-15,104831.62,102907.97,104992.36,100818.88,-3.26,-3469.27,601692,2567251324.0,3.92,0.02
2008-02-18,104439.02,104735.65,106269.76,103159.0,1.78,1827.68,506733,2236659723.0,3.02,0.02
2008-02-19,104897.84,107367.37,107605.23,102525.94,2.51,2631.72,713410,3453390281.0,4.85,0.03
2008-02-20,107571.67,104276.1,108863.99,103445.31,-2.88,-3091.27,706977,3263786115.0,5.05,0.03
2008-02-21,103460.66,103086.27,104342.24,100690.01,-1.14,-1189.83,505128,2187949143.0,3.5,0.02
2008-02-22,101471.72,97021.34,101969.59,96054.19,-5.88,-6064.93,900321,4241104619.0,5.74,0.03
2008-02-25,96701.31,90423.56,97455.2,89825.95,-6.8,-6597.78,677228,2877444993.0,7.86,0.03
2008-02-26,93421.6,92051.2,94577.81,88964.77,1.8,1627.64,668616,3059345046.0,6.21,0.03
2008-02-27,92420.06,96758.94,98741.27,91094.41,5.11,4707.74,816444,4044792116.0,8.31,0.03
2008-02-28,97198.35,95763.27,97664.87,94384.27,-1.03,-995.67,528008,2229569158.0,3.39,0.02
2008-02-29,95165.53,95641.0,97121.09,94042.88,-0.13,-122.27,407022,1894481017.0,3.21,0.02
2008-03-03,94105.89,98939.12,100248.83,92549.47,3.45,3298.12,752363,3550275054.0,8.05,0.03
2008-03-04,99410.12,95162.49,100484.17,94851.33,-3.82,-3776.63,623485,2931809627.0,5.69,0.02
2008-03-05,94439.36,94070.32,96108.4,90940.17,-1.15,-1092.17,602254,2795207369.0,5.43,0.02
2008-03-06,94220.88,96352.37,99590.58,92562.84,2.43,2282.05,750216,3492117953.0,7.47,0.03
2008-03-07,94826.45,93811.76,96181.45,93213.91,-2.64,-2540.61,434662,2056593806.0,3.08,0.02
2008-03-10,93127.48,91957.24,94748.43,90791.19,-1.98,-1854.52,465909,2117662485.0,4.22,0.02
2008-03-11,91536.6,92604.4,93833.87,89431.56,0.7,647.16,406818,1816625493.0,4.79,0.02
2008-03-12,95117.83,88536.31,95685.51,88443.54,-4.39,-4068.09,555190,2496663973.0,7.82,0.02
2008-03-13,87539.92,84103.63,88046.1,82108.21,-5.01,-4432.68,818379,3466018011.0,6.71,0.03
2008-03-14,84090.89,85287.42,86492.24,82209.04,1.41,1183.79,590346,2665015306.0,5.09,0.02
2008-03-17,86032.73,84532.56,88753.65,82296.16,-0.89,-754.86,1016166,4839940082.0,7.57,0.04
2008-03-18,84038.89,78770.05,86029.95,77593.44,-6.82,-5762.51,793106,3274660305.0,9.98,0.03
2008-03-19,81752.63,80694.11,82902.52,78176.59,2.44,1924.06,868810,3533815875.0,6.0,0.03
2008-03-20,78684.96,81990.09,83313.83,74296.3,1.61,1295.98,1041589,4272735884.0,11.17,0.04
2008-03-21,81923.02,82964.75,84628.42,80771.2,1.19,974.66,707372,3053700715.0,4.7,0.03
2008-03-24,84117.66,77917.52,84602.2,77687.77,-6.08,-5047.23,700906,2809632193.0,8.33,0.03
2008-03-25,75858.0,75939.79,78176.98,73208.17,-2.54,-1977.73,707742,2947206610.0,6.38,0.03
2008-03-26,76373.82,76260.69,78770.94,75362.32,0.42,320.9,477241,1875971683.0,4.49,0.02
2008-03-27,73458.27,71258.05,74944.66,70732.49,-6.56,-5002.64,609994,2211639797.0,5.52,0.02
2008-03-28,70611.56,76826.42,77037.68,68845.56,7.81,5568.37,927081,3570349068.0,11.5,0.03
2008-03-31,73606.94,73670.06,75687.51,72436.1,-4.11,-3156.36,541633,1952850027.0,4.23,0.02
2008-04-01,72532.46,68347.04,73815.77,67840.23,-7.23,-5323.02,688618,2399330747.0,8.11,0.03
2008-04-02,69769.59,68935.52,71814.99,66515.21,0.86,588.48,867139,2990142157.0,7.75,0.03
2008-04-03,67903.7,70607.66,71398.9,66437.66,2.43,1672.14,640473,2174189325.0,7.2,0.02
2008-04-07,69697.99,77375.13,77540.91,68947.88,9.58,6767.47,1207774,4783548841.0,12.17,0.05
2008-04-08,78910.93,80305.77,83737.67,77668.95,3.79,2930.64,2202767,8248587725.0,7.84,0.08
2008-04-09,78812.22,77063.52,81767.55,76488.72,-4.04,-3242.25,1587820,5100771646.0,6.57,0.06
2008-04-10,76908.71,83227.22,83270.47,76472.65,8.0,6163.7,735557,1667379788.0,8.82,0.03
2008-04-11,86154.33,83921.09,87064.94,82898.85,0.83,693.87,970454,3540408931.0,5.01,0.04
2008-04-14,81097.63,76875.57,81808.08,76542.29,-8.4,-7045.52,844181,2990368349.0,6.27,0.03
2008-04-15,75775.14,80901.41,81439.51,74158.77,5.24,4025.84,860014,2895947919.0,9.47,0.03
2008-04-16,80239.51,77995.02,80797.73,76738.28,-3.59,-2906.39,639682,2075865046.0,5.02,0.02
2008-04-17,78125.36,77421.23,80826.05,76415.34,-0.74,-573.79,570195,2019077538.0,5.66,0.02
2008-04-18,77186.93,76218.06,79537.62,75208.66,-1.55,-1203.17,632075,2337470583.0,5.59,0.02
2008-04-21,83425.91,80451.06,83559.45,78595.19,5.55,4233.0,1526628,5459279796.0,6.51,0.06
2008-04-22,78545.93,82342.55,82921.87,74772.27,2.35,1891.49,1208026,3765318954.0,10.13,0.05
2008-04-23,81125.12,86415.53,87981.18,80231.56,4.95,4072.98,1910133,7044763322.0,9.41,0.07
2008-04-24,95240.93,95240.93,95240.93,94993.29,10.21,8825.4,656730,1739685317.0,0.29,0.02
2008-04-25,104018.91,104326.56,104482.27,101414.67,9.54,9085.63,4934003,16598437995.0,3.22,0.18
2008-04-28,104642.01,105158.22,108410.02,102713.79,0.8,831.66,4482307,15004896283.0,5.46,0.17
2008-04-29,103243.31,111270.49,111986.2,102135.4,5.81,6112.27,3751712,12118443377.0,9.37,0.14
2008-04-30,113076.52,118589.21,120760.31,111583.61,6.58,7318.72,4294002,14972525001.0,8.25,0.16
2008-05-05,119870.52,119109.86,121581.08,115527.77,0.44,520.65,3415072,12330263208.0,5.1,0.13
2008-05-06,116756.33,124610.77,128871.49,113804.81,4.62,5500.91,4613790,17053177950.0,12.65,0.17
2008-05-07,121106.49,116523.91,126831.67,116075.65,-6.49,-8086.86,3480983,12686647159.0,8.63,0.13
2008-05-08,112959.24,119001.55,121229.34,111995.45,2.13,2477.64,2605290,9396326612.0,7.92,0.1
2008-05-09,119707.91,113851.43,120215.17,110128.45,-4.33,-5150.12,2406758,8395492834.0,8.48,0.09
2008-05-12,109103.22,116434.56,119711.07,106189.1,2.27,2583.13,2481853,8812711611.0,11.88,0.09
2008-05-13,111860.63,110591.6,116037.45,110079.23,-5.02,-5842.96,2152291,7329367435.0,5.12,0.08
2008-05-14,108941.93,112836.19,115468.72,108675.06,2.03,2244.59,1703554,5912724034.0,6.14,0.06
2008-05-15,113344.85,112461.33,116601.08,112198.66,-0.33,-374.86,1350196,4810051678.0,3.9,0.05
2008-05-16,113907.77,117757.13,119016.11,110933.53,4.71,5295.8,2333095,8221598083.0,7.19,0.09
2008-05-19,117024.18,115818.13,118658.91,114334.82,-1.65,-1939.0,1200604,4204956381.0,3.67,0.04
2008-05-20,115437.34,107609.24,117243.48,106369.67,-7.09,-8208.89,1564208,5254126256.0,9.39,0.06
2008-05-21,106012.6,110397.39,112853.12,101121.41,2.59,2788.15,1879328,5986858646.0,10.9,0.07
2008-05-22,107448.66,106372.88,110876.13,105958.22,-3.65,-4024.51,1130751,3433509047.0,4.45,0.04
2008-05-23,105011.52,102278.66,107389.35,101019.17,-3.85,-4094.22,1117917,3217312206.0,5.99,0.04
2008-05-26,99450.98,94943.24,100659.18,94835.75,-7.17,-7335.42,1431699,4042248778.0,5.69,0.05
2008-05-27,95381.17,99567.76,101002.05,95135.52,4.87,4624.52,1604178,4571251969.0,6.18,0.06
2008-05-28,98956.48,105360.42,107199.35,96429.39,5.82,5792.66,2244769,6787259906.0,10.82,0.08
2008-05-29,104430.42,100870.7,108104.02,100702.17,-4.26,-4489.72,1826866,5579732100.0,7.03,0.07
2008-05-30,101363.84,106050.98,107545.48,100047.63,5.14,5180.28,2101103,6532328754.0,7.43,0.08
2008-06-02,104869.38,105675.83,108346.23,103578.51,-0.35,-375.15,1594626,5072707816.0,4.5,0.06
2008-06-03,104918.16,103824.91,106802.92,102791.24,-1.75,-1850.92,1038227,3233005537.0,3.8,0.04
2008-06-04,103406.32,103332.57,105699.08,101778.69,-0.47,-492.34,951365,2977234514.0,3.78,0.04
2008-06-05,102457.07,106833.3,108415.45,101670.7,3.39,3500.73,1462233,4558265688.0,6.53,0.05
2008-06-06,107189.41,107142.56,109777.91,104875.53,0.29,309.26,1336168,3936973779.0,4.59,0.05
2008-06-10,100675.38,100374.34,104861.92,97765.13,-6.32,-6768.22,1852694,5352399199.0,6.62,0.07
2008-06-11,98572.63,104975.59,106073.89,98002.8,4.58,4601.25,2077315,6108431557.0,8.04,0.08
2008-06-12,103581.93,98163.09,105104.91,95342.98,-6.49,-6812.5,2323038,6624231131.0,9.3,0.09
2008-06-13,98608.62,90247.52,99406.35,90142.73,-8.06,-7915.57,1574339,4193190405.0,9.44,0.06
2008-06-16,89587.48,86643.13,91493.62,84468.94,-3.99,-3604.39,1404380,3541715587.0,7.78,0.05
2008-06-17,85501.61,79572.7,87246.41,79172.61,-8.16,-7070.43,1568325,3671577189.0,9.32,0.06
2008-06-18,77940.83,85142.28,86063.81,72764.88,7.0,5569.58,2553008,5879251081.0,16.71,0.1
2008-06-19,82453.64,77042.24,86494.1,77002.43,-9.51,-8100.04,1834520,4512078001.0,11.15,0.07
2008-06-20,77859.12,83580.41,84382.23,74938.82,8.49,6538.17,3313478,8126395263.0,12.26,0.12
2008-06-23,82043.83,82151.06,84876.37,79807.3,-1.71,-1429.35,1970028,4623612381.0,6.06,0.07
2008-06-24,81018.2,85891.2,87365.61,80460.2,4.55,3740.14,2135463,5159345933.0,8.41,0.08
2008-06-25,85361.1,89216.62,90696.24,84151.06,3.87,3325.42,2823387,7081606408.0,7.62,0.11
2008-06-26,87983.27,89341.35,90864.89,86872.54,0.14,124.73,2013153,5033314314.0,4.47,0.08
2008-06-27,85870.45,82524.83,87141.73,80683.83,-7.63,-6816.52,2079669,4777373465.0,7.23,0.08
2008-06-30,80295.59,81912.1,85126.95,79067.32,-0.74,-612.73,1338511,3128437384.0,7.34,0.05
2008-07-01,81902.73,76420.17,82720.63,75797.63,-6.7,-5491.93,1616243,3605551677.0,8.45,0.06
2008-07-02,75465.74,74885.14,77868.22,73260.6,-2.01,-1535.03,1522019,3213826234.0,6.03,0.06
2008-07-03,72921.77,77530.56,79989.48,70696.86,3.53,2645.42,2077424,4425234439.0,12.41,0.08
2008-07-04,76968.24,78474.6,80548.19,75544.03,1.22,944.04,1710836,3812450585.0,6.45,0.06
2008-07-07,77873.67,84492.95,85743.3,77534.3,7.67,6018.35,2279656,5362329358.0,10.46,0.09
2008-07-08,84884.92,84349.2,86016.25,82011.88,-0.17,-143.75,2141286,4900128917.0,4.74,0.08
2008-07-09,85629.01,87866.12,88599.38,84886.17,4.17,3516.92,2466112,5879730716.0,4.4,0.09
2008-07-10,86120.96,84062.19,87999.23,83824.06,-4.33,-3803.93,1821168,4306564949.0,4.75,0.07
2008-07-11,83402.8,82060.18,84388.02,80237.48,-2.38,-2002.01,1552730,3478615455.0,4.94,0.06
2008-07-14,79798.51,83116.31,85482.18,79115.15,1.29,1056.13,1513487,3506243224.0,7.76,0.06
2008-07-15,83483.2,78577.6,84259.54,78303.3,-5.46,-4538.71,1729955,3826622153.0,7.17,0.06
2008-07-16,77197.55,75970.52,78714.73,74482.12,-3.32,-2607.08,1270948,2639243809.0,5.39,0.05
2008-07-17,77818.76,74143.43,78484.35,73942.45,-2.4,-1827.09,1016902,2138938177.0,5.98,0.04
2008-07-18,74928.66,79211.03,79518.34,73500.92,6.83,5067.6,1328728,2807278280.0,8.12,0.05
2008-07-21,78546.48,82929.1,83328.03,77884.48,4.69,3718.07,2013928,4443842409.0,6.87,0.08
2008-07-22,83731.99,82919.72,85868.38,82657.63,-0.01,-9.38,1910846,4300580299.0,3.87,0.07
2008-07-23,84287.24,82571.56,85221.56,81957.51,-0.42,-348.16,1556000,3466402236.0,3.94,0.06
2008-07-24,83561.91,86542.36,87671.93,82478.33,4.81,3970.8,2404723,5609903284.0,6.29,0.09
2008-07-25,84993.74,84264.23,86161.39,83669.53,-2.63,-2278.13,1642305,3697795999.0,2.88,0.06
2008-07-28,84836.04,83594.12,86211.72,83142.11,-0.8,-670.11,1386439,3204383962.0,3.64,0.05
2008-07-29,82017.04,80737.03,82148.98,79685.49,-3.42,-2857.09,1179437,2594117300.0,2.95,0.04
2008-07-30,82130.07,80604.49,82649.81,79378.66,-0.16,-132.54,774991,1695102077.0,4.05,0.03
2008-07-31,80886.98,77774.16,81205.7,77456.98,-3.51,-2830.33,866648,1859801119.0,4.65,0.03
2008-08-01,76847.79,81771.51,83189.88,75683.12,5.14,3997.35,1565578,3362245211.0,9.65,0.06
2008-08-04,80135.06,78130.56,80913.57,77872.13,-4.45,-3640.95,1134583,2335563572.0,3.72,0.04
2008-08-05,78558.75,77674.07,79507.32,76742.45,-0.58,-456.49,967456,1939463335.0,3.54,0.04
2008-08-06,78518.68,79720.07,81178.48,77142.06,2.63,2046.0,1289860,2707916658.0,5.2,0.05
2008-08-07,79201.83,78693.76,80197.83,76939.68,-1.29,-1026.31,1061989,2234334734.0,4.09,0.04
2008-08-08,78338.91,73669.55,78882.02,72282.34,-6.38,-5024.21,1275874,2572764078.0,8.39,0.05
2008-08-11,73083.72,67087.77,73272.05,66785.65,-8.93,-6581.78,1088405,2089719691.0,8.8,0.04
2008-08-12,65215.68,61659.09,66364.88,61509.52,-8.09,-5428.68,1350931,2347511855.0,7.24,0.05
2008-08-13,60886.01,62847.17,64573.91,58505.64,1.93,1188.08,1681031,2858992100.0,9.84,0.06
2008-08-14,61555.69,62427.11,64274.67,60565.57,-0.67,-420.06,1329127,2383709305.0,5.9,0.05
2008-08-15,61704.38,61711.3,64622.66,60336.17,-1.15,-715.81,1190051,2096036266.0,6.87,0.04
2008-08-18,61447.13,56285.75,62168.88,56062.85,-8.79,-5425.55,1147332,1909371340.0,9.89,0.04
2008-08-19,54400.29,57078.24,57749.43,54064.3,1.41,792.49,999123,1600408827.0,6.55,0.04
2008-08-20,56142.78,62541.27,62541.27,55534.44,9.57,5463.03,1561532,2643413497.0,12.28,0.06
2008-08-21,64157.21,65183.51,68152.34,63332.11,4.22,2642.24,4003769,7179148025.0,7.71,0.15
2008-08-22,63248.26,64310.91,66498.2,60889.52,-1.34,-872.6,2721893,4531956474.0,8.6,0.1
2008-08-25,64172.34,63283.48,65883.22,61539.65,-1.6,-1027.43,1585628,2677245941.0,6.75,0.06
2008-08-26,61229.65,60060.02,62840.45,58657.53,-5.09,-3223.46,1677926,2606149373.0,6.61,0.06
2008-08-27,59488.15,62851.73,64642.09,59307.07,4.65,2791.71,2312414,3862167117.0,8.88,0.09
2008-08-28,62091.73,63922.14,66283.15,61722.62,1.7,1070.41,2104869,3713336811.0,7.26,0.08
2008-08-29,64366.04,66465.27,67970.91,62790.57,3.98,2543.13,2388608,4149352989.0,8.1,0.09
2008-09-01,65345.44,63026.53,65808.49,62452.07,-5.17,-3438.74,1587982,2651952517.0,5.05,0.06
2008-09-02,62234.41,63346.77,65336.8,61905.19,0.51,320.24,1441927,2437735440.0,5.44,0.05
2008-09-03,62758.48,63566.61,64916.82,61068.8,0.35,219.84,1837031,3061610169.0,6.07,0.07
2008-09-04,62278.7,63457.98,64582.03,61299.98,-0.17,-108.63,1581532,2608439057.0,5.16,0.06
2008-09-05,61038.01,60763.3,63647.2,60017.37,-4.25,-2694.68,1378666,2263101524.0,5.72,0.05
2008-09-08,61448.02,58824.34,62922.33,58083.71,-3.19,-1938.96,1469862,2429615038.0,7.96,0.06
2008-09-09,59327.52,59743.79,60338.6,58025.28,1.56,919.45,1107951,1800724561.0,3.93,0.04
2008-09-10,60479.59,62589.69,64878.38,59637.14,4.76,2845.9,2271867,3766845682.0,8.77,0.09
2008-09-11,61725.65,64080.49,65257.69,60922.2,2.38,1490.8,2039605,3399247471.0,6.93,0.08
2008-09-12,63594.5,62863.68,64818.75,62280.01,-1.9,-1216.81,1685760,2835123505.0,3.96,0.06
2008-09-16,62109.47,59521.79,62653.4,57569.41,-5.32,-3341.89,1839227,2973625259.0,8.09,0.07
2008-09-17,59141.52,57657.13,60778.57,56946.59,-3.13,-1864.66,1499178,2372527643.0,6.44,0.06
2008-09-18,55239.06,55009.25,57323.91,52136.67,-4.59,-2647.88,2432046,3527040339.0,9.0,0.09
2008-09-19,60279.31,60279.31,60279.31,60267.8,9.58,5270.06,390947,591357603.0,0.02,0.01
2008-09-22,66049.38,66068.16,66068.16,63690.38,9.6,5788.85,5092788,9238704548.0,3.94,0.19
2008-09-23,64238.93,67858.05,70404.08,63918.33,2.71,1789.89,6065635,11122487969.0,9.82,0.23
2008-09-24,65944.85,70171.17,70304.35,65214.6,3.41,2313.12,3352093,6178663591.0,7.5,0.13
2008-09-25,72549.9,76749.19,76920.51,71805.17,9.37,6578.02,5565921,11255603809.0,7.29,0.21
2008-09-26,77196.04,81038.21,81928.95,75218.58,5.59,4289.02,4868403,10502243868.0,8.74,0.18
2008-10-06,83280.77,86753.62,88123.59,78266.7,7.05,5715.41,2371882,4682468073.0,12.16,0.09
2008-10-07,80262.8,78366.96,82831.98,78345.67,-9.67,-8386.66,4744700,10188028754.0,5.17,0.18
2008-10-08,73491.05,72348.06,75694.55,71119.19,-7.68,-6018.9,3393852,6580122582.0,5.84,0.13
2008-10-09,73203.63,73129.56,77064.72,72214.73,1.08,781.5,3222039,6337562642.0,6.7,0.12
2008-10-10,67714.11,71259.43,74121.96,67313.37,-2.56,-1870.13,2816005,5211699737.0,9.31,0.11
2008-10-13,71475.17,78042.13,78084.95,67933.75,9.52,6782.7,3268345,6306979878.0,14.25,0.12
2008-10-14,81725.66,70865.52,82246.09,70712.91,-9.2,-7176.61,4436099,9100748630.0,14.78,0.17
2008-10-15,68537.59,69643.13,71499.48,67647.69,-1.72,-1222.39,2175148,3986980821.0,5.44,0.08
2008-10-16,65604.29,64066.96,68079.28,63422.49,-8.01,-5576.17,2783284,4729477622.0,6.69,0.1
2008-10-17,65601.18,65465.18,66950.01,64294.3,2.18,1398.22,1802236,3120196420.0,4.15,0.07
2008-10-20,64918.68,71310.41,71750.23,62488.09,8.93,5845.23,2882508,5184907475.0,14.15,0.11
2008-10-21,70630.82,69385.89,73534.01,68693.44,-2.7,-1924.52,3091771,5791238428.0,6.79,0.12
2008-10-22,67852.27,68252.4,71160.19,67111.57,-1.63,-1133.49,1930591,3513586099.0,5.83,0.07
2008-10-23,66152.81,71151.61,72560.56,65954.63,4.25,2899.21,2512541,4597199883.0,9.68,0.09
2008-10-24,70585.2,69162.69,71940.31,67563.54,-2.8,-1988.92,2205710,3989906201.0,6.15,0.08
2008-10-27,67835.53,63447.13,69177.39,63238.36,-8.26,-5715.56,2461107,4225303669.0,8.59,0.09
2008-10-28,61772.59,68500.15,69150.85,61385.68,7.96,5053.02,3667880,6322825319.0,12.24,0.14
2008-10-29,68714.46,63604.38,68983.63,63273.79,-7.15,-4895.77,3143452,5413674940.0,8.34,0.12
2008-10-30,64728.72,64961.73,67585.92,63835.57,2.13,1357.35,2330257,4005580204.0,5.9,0.09
2008-10-31,64108.13,62521.73,64770.49,61655.7,-3.76,-2440.0,1875886,3063178789.0,4.79,0.07
2008-11-03,59936.43,57821.07,61014.33,57416.87,-7.52,-4700.66,2410104,3700998068.0,5.75,0.09
2008-11-04,56360.92,54318.57,57021.07,54018.9,-6.06,-3502.5,1927605,2716612719.0,5.19,0.07
2008-11-05,54826.95,54962.33,58280.54,53211.57,1.19,643.76,2952829,4269947805.0,9.33,0.11
2008-11-06,52936.49,54356.1,55608.93,52009.47,-1.1,-606.23,2275549,3162375400.0,6.55,0.09
2008-11-07,52804.78,55356.35,56444.18,52407.29,1.84,1000.25,2553716,3816302761.0,7.43,0.1
2008-11-10,56597.56,60461.38,60626.54,56230.41,9.22,5105.03,3166728,5227798008.0,7.94,0.12
2008-11-11,60484.17,58023.91,61188.19,57742.4,-4.03,-2437.47,3065405,4866005161.0,5.7,0.11
2008-11-12,57140.47,60361.01,60788.69,56959.24,4.03,2337.1,2688954,4369409740.0,6.6,0.1
2008-11-13,59291.91,62292.74,63628.03,58243.96,3.2,1931.73,3916872,6498791993.0,8.92,0.15
2008-11-14,63085.68,66190.98,66533.29,61635.53,6.26,3898.24,4309540,7325443965.0,7.86,0.16
2008-11-17,64871.74,65704.74,67001.2,63821.99,-0.73,-486.24,3661883,6522615506.0,4.8,0.14
2008-11-18,65173.35,60456.25,67846.43,59979.29,-7.99,-5248.49,4445009,7651813683.0,11.97,0.17
2008-11-19,59862.04,63931.13,64958.68,58581.41,5.75,3474.88,3573177,6024460698.0,10.55,0.13
2008-11-20,62431.41,62240.81,64345.62,61131.07,-2.64,-1690.32,2836556,4786016302.0,5.03,0.11
2008-11-21,58946.99,60423.88,62085.98,57299.21,-2.92,-1816.93,3317030,5643222028.0,7.69,0.12
2008-11-24,58477.21,56939.08,59419.47,56898.69,-5.77,-3484.8,1732044,2903739672.0,4.17,0.06
2008-11-25,56584.14,57083.17,58044.31,55671.85,0.25,144.09,2939242,4401994600.0,4.17,0.11
2008-11-26,55769.67,55983.81,57366.49,54892.33,-1.93,-1099.36,5505285,6031037481.0,4.33,0.21
2008-11-27,59405.07,57611.22,60166.59,57023.0,2.91,1627.41,6848493,9708331962.0,5.62,0.26
2008-11-28,56603.67,55160.43,57564.39,54212.54,-4.25,-2450.79,3362974,4410320644.0,5.82,0.13
2008-12-01,55030.61,55403.05,55836.21,53247.67,0.44,242.62,2984488,3680931219.0,4.69,0.11
2008-12-02,53841.03,56655.08,58235.91,53314.89,2.26,1252.03,4595251,6061711031.0,8.88,0.17
2008-12-03,56780.93,58277.22,58532.94,56535.45,2.86,1622.14,4342171,6062528567.0,3.53,0.16
2008-12-04,59344.27,60683.25,62912.35,59189.93,4.13,2406.03,6633902,10260019938.0,6.39,0.25
2008-12-05,60609.89,61501.72,61880.28,59478.85,1.35,818.47,3946377,5981029866.0,3.96,0.15
2008-12-08,62463.93,63044.14,63703.11,61374.94,2.51,1542.42,4694262,7197191051.0,3.79,0.18
2008-12-09,63008.06,59966.21,63167.69,59797.77,-4.88,-3077.93,3728214,5760832400.0,5.35,0.14
2008-12-10,59553.97,63198.74,63511.0,59403.83,5.39,3232.53,4442161,6929900973.0,6.85,0.17
2008-12-11,62694.48,60669.05,63235.39,60405.72,-4.0,-2529.69,3794150,5968326507.0,4.48,0.14
2008-12-12,59760.15,58226.1,60769.35,57409.51,-4.03,-2442.95,3403598,5189558564.0,5.54,0.13
2008-12-15,59274.81,57894.39,59847.21,56910.05,-0.57,-331.71,2498593,3670446924.0,5.04,0.09
2008-12-16,57267.67,60374.59,60817.08,56165.11,4.28,2480.2,3284822,4416294851.0,8.04,0.12
2008-12-17,59730.9,59479.31,61318.4,58628.73,-1.48,-895.28,3489666,4948609650.0,4.45,0.13
2008-12-18,58944.9,59237.81,59824.62,57811.11,-0.41,-241.5,2899270,4055693487.0,3.39,0.11
2008-12-19,58964.61,59987.6,61530.19,58785.14,1.27,749.79,3940058,5865896849.0,4.63,0.15
2008-12-22,60101.47,58936.07,60893.15,58462.35,-1.75,-1051.53,3095961,4542358988.0,4.05,0.12
2008-12-23,58663.55,54358.83,58693.47,54245.55,-7.77,-4577.24,3723569,5235328539.0,7.55,0.14
2008-12-24,53195.27,51856.2,53848.86,51266.88,-4.6,-2502.63,2566119,3289533591.0,4.75,0.1
2008-12-25,51915.0,52496.89,53127.57,50835.62,1.24,640.69,2293661,2879637745.0,4.42,0.09
2008-12-26,52236.23,52832.02,54379.19,51147.22,0.64,335.13,2725050,3125815039.0,6.16,0.1
2008-12-29,54084.49,53175.18,54949.81,52605.43,0.65,343.16,3853854,4044893089.0,4.44,0.14
2008-12-30,52733.52,52289.82,53865.71,51754.84,-1.66,-885.36,2516827,3013783583.0,3.97,0.09
2008-12-31,52586.04,51480.78,52896.82,51375.2,-1.55,-809.04,1755789,2136719279.0,2.91,0.07
2009-01-05,52364.66,54378.49,54584.9,51854.72,5.63,2897.71,3493313,3955716483.0,5.3,0.13
2009-01-06,53913.11,55809.73,56542.73,53641.38,2.63,1431.24,3782576,4697905135.0,5.34,0.14
2009-01-07,55649.81,55434.56,56680.29,55140.41,-0.67,-375.17,2603409,3258638961.0,2.76,0.1
2009-01-08,54305.71,55115.34,55693.71,53860.84,-0.58,-319.22,2922021,3389086186.0,3.31,0.11
2009-01-09,54941.98,55510.65,56123.99,54868.57,0.72,395.31,2225107,2651628578.0,2.28,0.08
2009-01-12,55271.93,54909.39,56075.84,54346.41,-1.08,-601.26,2057266,2551709501.0,3.12,0.08
2009-01-13,54074.15,53674.72,54758.85,53354.71,-2.25,-1234.67,1563192,1919482781.0,2.56,0.06
2009-01-14,53668.32,58488.38,58656.97,53589.01,8.97,4813.66,4972689,6381129260.0,9.44,0.19
2009-01-15,58011.68,58435.25,59888.11,57342.34,-0.09,-53.13,4775506,6140395403.0,4.35,0.18
2009-01-16,58797.07,60949.82,63368.44,58716.54,4.3,2514.57,6732099,9747403026.0,7.96,0.25
2009-01-19,61798.07,60659.92,63364.21,59633.46,-0.48,-289.9,4579909,6335867960.0,6.12,0.17
2009-01-20,60574.96,63117.9,63560.1,59848.59,4.05,2457.98,3836084,5242935416.0,6.12,0.14
2009-01-21,62060.64,63726.7,64884.72,61597.0,0.96,608.8,4949434,7442859454.0,5.21,0.19
2009-01-22,64334.78,63748.13,65071.09,62447.02,0.03,21.43,3126715,4629398447.0,4.12,0.12
2009-01-23,63741.83,63762.69,64890.83,63175.38,0.02,14.56,2706917,4118751882.0,2.69,0.1
2009-02-02,64191.5,63737.13,64668.59,62585.0,-0.04,-25.56,1999650,2957613354.0,3.27,0.07
2009-02-03,64362.98,65358.76,66348.52,64050.02,2.54,1621.63,3817583,5757454012.0,3.61,0.14
2009-02-04,65877.28,67928.56,68359.69,65409.0,3.93,2569.8,4225136,6697754774.0,4.51,0.16
2009-02-05,67502.23,67239.85,70268.19,66567.93,-1.01,-688.71,4914894,8200946943.0,5.45,0.18
2009-02-06,67411.83,69973.48,70366.83,67278.58,4.07,2733.63,4145283,6636753352.0,4.59,0.16
2009-02-09,70743.0,70728.06,72357.13,69769.52,1.08,754.58,5145172,8613555782.0,3.7,0.19
2009-02-10,70712.01,71197.43,72029.78,68832.48,0.66,469.37,4255377,6925950579.0,4.52,0.16
2009-02-11,69670.8,74493.0,77552.6,68770.73,4.63,3295.57,8208228,14111143900.0,12.33,0.31
2009-02-12,74461.83,73359.34,75061.94,71288.73,-1.52,-1133.66,4900943,8363147988.0,5.07,0.18
2009-02-13,73342.27,76821.62,77408.9,72632.84,4.72,3462.28,5659879,9667414716.0,6.51,0.21
2009-02-16,78144.98,80006.47,82018.73,77942.73,4.15,3184.85,6186272,11681227804.0,5.31,0.23
2009-02-17,79700.52,76507.76,80067.77,76099.64,-4.37,-3498.71,4750115,8836593341.0,4.96,0.18
2009-02-18,74666.73,72347.57,76045.62,71848.03,-5.44,-4160.19,4767357,8526592152.0,5.49,0.18
2009-02-19,73236.48,72316.31,73819.06,70376.68,-0.04,-31.26,3952717,6837542760.0,4.76,0.15
2009-02-20,71898.01,73384.36,73729.52,70740.17,1.48,1068.05,3275759,5604083800.0,4.13,0.12
2009-02-23,72420.03,75552.23,76300.09,71221.22,2.95,2167.87,4292655,7417304632.0,6.92,0.16
2009-02-24,73970.24,68619.74,74812.83,68386.1,-9.18,-6932.49,6785473,11670423386.0,8.51,0.25
2009-02-25,69759.58,68706.64,70111.69,65445.37,0.13,86.9,5366387,8459874922.0,6.8,0.2
2009-02-26,68000.06,64187.19,69047.06,63285.96,-6.58,-4519.45,4422356,6897671716.0,8.39,0.17
2009-02-27,63755.06,64039.96,65390.11,62713.56,-0.23,-147.23,4236523,6255319177.0,4.17,0.16
2009-03-02,63371.13,64302.84,64942.09,62541.56,0.41,262.88,2620460,3884560179.0,3.75,0.1
2009-03-03,62210.72,63046.85,64038.83,61577.77,-1.95,-1255.99,3054468,4269367508.0,3.83,0.11
2009-03-04,63799.19,68645.91,68981.24,63697.59,8.88,5599.06,6304641,9510184691.0,8.38,0.24
2009-03-05,69866.54,69325.81,70950.69,67423.64,0.99,679.9,7656133,12034558082.0,5.14,0.29
2009-03-06,67600.19,69988.86,71497.48,67188.01,0.96,663.05,6570041,10219381919.0,6.22,0.25
2009-03-09,70205.32,65269.52,71057.17,64981.52,-6.74,-4719.34,5853759,9012308269.0,8.68,0.22
2009-03-10,64310.3,67377.31,67588.76,63957.21,3.23,2107.79,3592328,5246555185.0,5.56,0.13
2009-03-11,69277.02,66929.27,70102.81,66603.64,-0.66,-448.04,4358202,6844008319.0,5.19,0.16
2009-03-12,66438.23,66554.85,67107.82,64468.91,-0.56,-374.42,3148091,4639118583.0,3.94,0.12
2009-03-13,66714.84,65191.99,67254.35,64742.3,-2.05,-1362.86,2917142,4465003872.0,3.77,0.11
2009-03-16,64939.16,66976.61,67518.94,64229.19,2.74,1784.62,2914830,4331931186.0,5.05,0.11
2009-03-17,66987.7,69409.56,70058.98,65934.29,3.63,2432.95,4852558,7483769271.0,6.16,0.18
2009-03-18,69633.72,69428.07,71208.58,69044.46,0.03,18.51,4799401,7731423066.0,3.12,0.18
2009-03-19,69516.91,71646.16,72177.02,69209.17,3.19,2218.09,5047585,8037643580.0,4.27,0.19
2009-03-20,71639.37,71011.45,72204.63,69768.1,-0.89,-634.71,4105862,6478252673.0,3.4,0.15
2009-03-23,71069.57,73834.24,74731.67,70713.62,3.98,2822.79,5815138,9783444724.0,5.66,0.22
2009-03-24,75586.44,73843.19,76375.9,73536.96,0.01,8.95,5518998,9532328291.0,3.85,0.21
2009-03-25,73220.99,71353.39,74419.06,71149.64,-3.37,-2489.8,4327397,7350232688.0,4.43,0.16
2009-03-26,72037.7,73991.58,74167.51,70539.66,3.7,2638.19,5274219,8475424077.0,5.08,0.2
2009-03-27,74644.95,73848.92,75565.51,73058.74,-0.19,-142.66,4992493,8271332572.0,3.39,0.19
2009-03-30,74092.05,76308.2,77291.58,73445.14,3.33,2459.28,5789484,10303406495.0,5.21,0.22
2009-03-31,75461.55,78477.52,79489.23,74371.95,2.84,2169.32,7029969,12555719825.0,6.71,0.26
2009-04-01,78934.91,79621.07,80801.98,77467.27,1.46,1143.55,6331504,11544454481.0,4.25,0.24
2009-04-02,79928.96,79710.18,81427.14,79162.78,0.11,89.11,5692468,10511462077.0,2.84,0.21
2009-04-03,80451.56,78761.47,81257.4,78343.09,-1.19,-948.71,4985826,9126643317.0,3.66,0.19
2009-04-07,78731.46,78335.45,80298.21,76986.91,-0.54,-426.02,3792505,7062050706.0,4.2,0.14
2009-04-08,77747.25,73467.24,78286.9,73064.02,-6.21,-4868.21,6097784,10286377656.0,6.67,0.23
2009-04-09,73513.42,75088.14,75255.23,72635.01,2.21,1620.9,4051127,6861211896.0,3.57,0.15
2009-04-10,75674.49,78336.57,78523.98,74691.39,4.33,3248.43,5746155,10011514010.0,5.1,0.22
2009-04-13,79180.12,79712.56,80940.6,78665.09,1.76,1375.99,6284340,11508732816.0,2.9,0.24
2009-04-14,79654.58,81294.49,82937.32,79052.01,1.98,1581.93,5732594,10899381052.0,4.87,0.21
2009-04-15,80734.77,80990.91,81746.49,78206.14,-0.37,-303.58,5323932,9624527173.0,4.35,0.2
2009-04-16,81443.52,80129.33,82633.41,78728.89,-1.06,-861.58,2383410,5247212193.0,4.82,0.09
2009-04-17,79571.73,82131.91,84417.8,78714.27,2.5,2002.58,4573475,9988576953.0,7.12,0.17
2009-04-20,82037.77,82701.28,83529.19,80861.87,0.69,569.37,5204234,8985774306.0,3.25,0.19
2009-04-21,80878.38,80165.64,81892.77,78383.95,-3.07,-2535.64,4745531,8853509097.0,4.24,0.18
2009-04-22,80649.66,76108.58,81170.02,75668.2,-5.06,-4057.06,5037322,9718838720.0,6.86,0.19
2009-04-23,75599.64,76596.55,77060.71,75054.41,0.64,487.97,2771707,5125290188.0,2.64,0.1
2009-04-24,77052.7,75267.01,77409.98,74812.79,-1.74,-1329.54,2868493,5323919580.0,3.39,0.11
2009-04-27,74742.95,72612.53,75343.03,72042.94,-3.53,-2654.48,2846169,4867025480.0,4.38,0.11
2009-04-28,71759.0,74453.09,74849.84,71639.82,2.53,1840.56,2967897,5188059547.0,4.42,0.11
2009-04-29,74387.47,76443.43,77359.52,73685.01,2.67,1990.34,3561729,6319229449.0,4.94,0.13
2009-04-30,75808.72,74664.48,76175.35,73506.31,-2.33,-1778.95,4095491,8007128371.0,3.49,0.15
2009-05-04,74920.26,78323.75,78515.23,74441.29,4.9,3659.27,4413190,8189384764.0,5.46,0.17
2009-05-05,78690.6,77870.66,79512.65,77143.32,-0.58,-453.09,3817822,7196638062.0,3.03,0.14
2009-05-06,77588.02,77643.56,78406.47,76319.65,-0.29,-227.1,3443752,6607510338.0,2.68,0.13
2009-05-07,78117.74,77085.78,79096.31,76289.48,-0.72,-557.78,4131934,7810508636.0,3.62,0.15
2009-05-08,76562.09,79229.35,79940.72,75293.2,2.78,2143.57,3761343,7966855807.0,6.03,0.14
2009-05-11,80127.42,78028.45,83149.27,77851.9,-1.52,-1200.9,7654021,14669175136.0,6.69,0.29
2009-05-12,77028.69,79021.42,79119.31,76732.35,1.27,992.97,3266958,5971248182.0,3.06,0.12
2009-05-13,79066.48,82041.81,82921.63,77972.68,3.82,3020.39,8445060,15064649626.0,6.26,0.32
2009-05-14,80835.95,81830.83,82861.19,80140.51,-0.26,-210.98,5911356,10859575861.0,3.32,0.22
2009-05-15,82563.95,81767.8,83297.64,80925.16,-0.08,-63.03,3990609,7433077490.0,2.9,0.15
2009-05-18,81211.84,80819.23,81549.88,78676.2,-1.16,-948.57,3592304,6425263746.0,3.51,0.13
2009-05-19,81732.41,80895.33,82414.91,79848.71,0.09,76.1,4067012,7535327235.0,3.18,0.15
2009-05-20,80662.93,80206.23,82368.21,79481.25,-0.85,-689.1,5336872,9265538859.0,3.57,0.2
2009-05-21,79365.18,77640.99,80141.62,77137.51,-3.2,-2565.24,4215794,7375202257.0,3.75,0.16
2009-05-22,77037.09,77867.34,78915.02,76800.33,0.29,226.35,1930901,3424787488.0,2.72,0.07
2009-05-25,76463.03,81800.53,82408.01,76202.66,5.05,3933.19,4294927,6796327668.0,7.97,0.16
2009-05-26,83618.82,81580.22,84135.91,81424.63,-0.27,-220.31,4543073,8420655132.0,3.31,0.17
2009-05-27,82133.41,82380.98,83264.09,80884.4,0.98,800.76,3014363,5460538301.0,2.92,0.11
2009-06-01,83185.29,85668.63,86653.38,82785.61,3.99,3287.65,6759994,12896768224.0,4.69,0.25
2009-06-02,86068.09,84979.81,86345.07,84587.49,-0.8,-688.82,4339639,8321016766.0,2.05,0.16
2009-06-03,84871.31,87727.77,88284.09,84605.36,3.23,2747.96,5862417,11711906283.0,4.33,0.22
2009-06-04,87146.88,88717.7,90785.06,86677.8,1.13,989.93,6750515,13917188714.0,4.68,0.25
2009-06-05,89497.37,87112.39,90099.13,86840.77,-1.81,-1605.31,4093051,8032734666.0,3.67,0.15
2009-06-08,87638.13,87130.81,88881.37,86104.51,0.02,18.42,3427111,6967926576.0,3.19,0.13
2009-06-09,87241.35,91386.9,91558.06,85637.55,4.88,4256.09,5271434,10505242283.0,6.79,0.2
2009-06-10,91466.13,91326.08,92833.13,90248.49,-0.07,-60.82,5597512,11257296992.0,2.83,0.21
2009-06-11,91646.18,90489.37,93444.62,89960.25,-0.92,-836.71,4813246,9645193132.0,3.82,0.18
2009-06-12,90399.45,89889.66,92525.38,88323.25,-0.66,-599.71,4130221,8254079853.0,4.64,0.15
2009-06-15,90229.02,91141.81,91388.86,88842.17,1.39,1252.15,3615196,7036356919.0,2.83,0.14
2009-06-16,90303.33,93334.7,94340.28,89746.34,2.41,2192.89,5349390,11377581652.0,5.04,0.2
2009-06-17,93205.51,93528.29,94241.18,90886.42,0.21,193.59,4039028,8246415238.0,3.59,0.15
2009-06-18,93704.19,93709.58,95322.36,93079.23,0.19,181.29,4509997,9435616736.0,2.4,0.17
2009-06-19,94094.06,96233.77,98523.37,93511.75,2.69,2524.19,6252336,13418832887.0,5.35,0.23
2009-06-22,97875.84,95044.4,98367.61,94631.21,-1.24,-1189.37,4901048,10441301358.0,3.88,0.18
2009-06-23,93129.13,92564.14,94518.09,90922.16,-2.61,-2480.26,4983533,10539349097.0,3.78,0.19
2009-06-24,92161.04,93952.73,94260.71,90859.45,1.5,1388.59,4027871,8756706688.0,3.67,0.15
2009-06-25,93566.81,92808.88,95262.68,92365.43,-1.22,-1143.85,3752748,8047290742.0,3.08,0.14
2009-06-26,92917.72,91772.7,93409.09,91290.44,-1.12,-1036.18,3259992,6759485256.0,2.28,0.12
2009-06-29,92523.13,92666.79,94178.47,91627.39,0.97,894.09,2259645,3984619097.0,2.78,0.08
2009-06-30,93463.88,93315.91,94907.27,91249.58,0.7,649.12,4747885,10809575049.0,3.95,0.18
2009-07-01,92658.95,96143.15,96824.16,92354.75,3.03,2827.24,6100576,13322235941.0,4.79,0.23
2009-07-02,96376.31,96407.83,97822.44,95358.06,0.28,264.68,5268179,11495402614.0,2.56,0.2
2009-07-03,95645.23,98931.98,99813.75,94630.99,2.62,2524.15,6035457,13202060562.0,5.38,0.23
2009-07-06,99738.37,104453.83,107728.4,99712.59,5.58,5521.85,9008472,21174599711.0,8.1,0.34
2009-07-07,104574.34,103882.2,106229.39,103082.76,-0.55,-571.63,5651425,13553082493.0,3.01,0.21
2009-07-08,102512.16,107429.2,108533.14,101191.23,3.41,3547.0,6427507,15894411626.0,7.07,0.24
2009-07-09,107300.13,107993.08,109175.05,106436.25,0.52,563.88,5178575,12839929449.0,2.55,0.19
2009-07-10,108027.53,107292.31,109429.59,105892.73,-0.65,-700.77,4744555,11752000448.0,3.28,0.18
2009-07-13,106118.01,103786.06,107162.15,103515.06,-3.27,-3506.25,4449708,10940660467.0,3.4,0.17
2009-07-14,104487.45,107959.98,108322.52,104411.63,4.02,4173.92,5234424,13030147456.0,3.77,0.2
2009-07-15,108319.95,107937.27,109971.83,106972.1,-0.02,-22.71,4623594,11522748231.0,2.78,0.17
2009-07-16,108978.81,108045.77,111153.52,107075.84,0.1,108.5,4937317,11815224517.0,3.78,0.18
2009-07-17,108063.98,107602.35,109504.73,105921.51,-0.41,-443.42,3972156,9599075734.0,3.32,0.15
2009-07-20,107830.56,109073.23,109835.98,106697.18,1.37,1470.88,4596432,10882328279.0,2.92,0.17
2009-07-21,110301.44,109825.17,113879.64,109120.72,0.69,751.94,6804584,16785872084.0,4.36,0.25
2009-07-22,109194.69,114065.33,114717.51,108773.74,3.86,4240.16,6189385,15812930595.0,5.41,0.23
2009-07-23,113871.66,113503.53,115362.59,112210.01,-0.49,-561.8,3899285,9969912564.0,2.76,0.15
2009-07-24,114762.58,113827.78,116511.78,111232.23,0.29,324.25,5015016,12567431526.0,4.65,0.19
2009-07-27,116283.76,117791.66,118806.66,114932.17,3.48,3963.88,4948843,13124909239.0,3.4,0.19
2009-07-28,118105.52,119464.74,120081.78,115567.96,1.42,1673.08,4854637,12701182633.0,3.83,0.18
2009-07-29,118850.71,112992.82,122442.35,108580.17,-5.42,-6471.92,7008645,18719933534.0,11.6,0.26
2009-07-30,114995.63,115925.77,117318.94,111224.29,2.6,2932.95,4501649,12227091599.0,5.39,0.17
2009-07-31,116818.39,119398.33,119999.23,114457.83,3.0,3472.56,4528135,12141812896.0,4.78,0.17
2009-08-03,120989.7,120826.74,122346.94,119040.94,1.2,1428.41,4547664,11862740279.0,2.77,0.17
2009-08-04,121440.65,118717.81,121562.29,116934.65,-1.75,-2108.93,3856425,10131339301.0,3.83,0.14
2009-08-05,118597.98,116313.16,119996.02,114698.64,-2.03,-2404.65,4419142,11767681861.0,4.46,0.17
2009-08-06,115204.99,112474.71,115447.31,110389.34,-3.3,-3838.45,4523345,12078832183.0,4.35,0.17
2009-08-07,112763.48,111491.68,114685.42,110599.18,-0.87,-983.03,4083219,10540530268.0,3.63,0.15
2009-08-10,113219.86,110468.78,113798.17,108392.79,-0.92,-1022.9,3027054,8098612887.0,4.85,0.11
2009-08-11,110950.64,110736.66,111611.6,108947.61,0.24,267.88,2106518,5490071013.0,2.41,0.08
2009-08-12,110358.38,104209.55,110475.2,103816.52,-5.89,-6527.11,3206689,8233067641.0,6.01,0.12
2009-08-13,104297.29,104800.32,105700.69,101808.7,0.57,590.77,3004742,7755268187.0,3.73,0.11
2009-08-14,104787.14,103996.24,106758.55,100610.9,-0.77,-804.08,4101945,10324605805.0,5.87,0.15
2009-08-17,101708.34,100526.67,104493.62,99546.28,-3.34,-3469.57,4257100,10439931860.0,4.76,0.16
2009-08-18,99190.45,96225.04,99788.52,93002.7,-4.28,-4301.63,6087006,15164131348.0,6.75,0.23
2009-08-19,95954.91,88203.49,96377.58,87730.04,-8.34,-8021.55,4816865,11042369888.0,8.99,0.18
2009-08-20,88512.27,91713.72,91978.83,87660.51,3.98,3510.23,4961420,10900848641.0,4.9,0.19
2009-08-21,91017.51,92270.34,93321.97,89775.2,0.61,556.62,4289978,9530603501.0,3.87,0.16
2009-08-24,92686.38,92458.72,93233.31,90859.83,0.2,188.38,3657578,7909667922.0,2.57,0.14
2009-08-25,92090.71,87879.53,92474.98,84991.71,-4.95,-4579.19,4891520,10578987627.0,8.09,0.18
2009-08-26,86971.63,89761.86,90996.09,86170.59,2.14,1882.33,3793243,8215246894.0,5.49,0.14
2009-08-27,89220.81,90335.62,92061.52,88639.31,0.64,573.76,3657323,7840916268.0,3.81,0.14
2009-08-28,90315.93,86459.88,90744.13,85752.27,-4.29,-3875.74,3474526,7406072946.0,5.53,0.13
2009-08-31,85461.23,79545.73,85585.38,79300.41,-8.0,-6914.15,3912870,7843354395.0,7.27,0.15
2009-09-01,79140.48,80090.94,82116.9,78497.46,0.69,545.21,2992490,6007172837.0,4.55,0.11
2009-09-02,79361.06,80534.6,81581.91,78824.51,0.55,443.66,2427144,4734501343.0,3.44,0.09
2009-09-03,80712.88,85502.46,85804.51,80354.7,6.17,4967.86,4667911,9567811712.0,6.77,0.17
2009-09-04,85177.1,85472.93,86526.0,84322.06,-0.03,-29.53,3716266,7812279537.0,2.58,0.14
2009-09-07,86156.11,85909.06,87750.13,84971.03,0.51,436.13,3634867,7703181789.0,3.25,0.14
2009-09-08,85130.93,87146.52,87321.59,83616.95,1.44,1237.46,3372980,7157927216.0,4.31,0.13
2009-09-09,88077.14,88959.14,90515.21,86961.2,2.08,1812.62,4985232,10797914776.0,4.08,0.19
2009-09-10,87759.35,86724.79,88530.17,86382.56,-2.51,-2234.35,2708184,5731911063.0,2.41,0.1
2009-09-11,87394.19,88920.29,89719.92,87204.97,2.53,2195.5,3365375,7229220585.0,2.9,0.13
2009-09-14,89034.13,91990.83,92768.38,88538.51,3.45,3070.54,4545133,9921509492.0,4.76,0.17
2009-09-15,92059.94,91497.32,92609.49,90472.07,-0.54,-493.51,3485794,7738594055.0,2.32,0.13
2009-09-16,91004.2,89628.76,91573.41,88360.23,-2.04,-1868.56,3238193,7100740203.0,3.51,0.12
2009-09-17,90111.11,91230.12,91963.06,90078.66,1.79,1601.36,2862523,6189126084.0,2.1,0.11
2009-09-18,91721.45,88223.46,92771.49,87337.34,-3.3,-3006.66,4192768,9295535878.0,5.96,0.16
2009-09-21,87257.37,87318.2,87665.83,84189.15,-1.03,-905.26,2688312,5754171958.0,3.94,0.1
2009-09-22,86874.52,84246.06,88165.06,84211.31,-3.52,-3072.14,2375640,4999394201.0,4.53,0.09
2009-09-23,84318.53,82439.9,85285.77,81855.58,-2.14,-1806.16,2174204,4452666355.0,4.07,0.08
2009-09-24,82280.64,83663.37,84884.47,80747.19,1.48,1223.47,2258211,4686976925.0,5.02,0.08
2009-09-25,83025.67,82887.08,83997.13,81754.59,-0.93,-776.29,1518659,3078393892.0,2.68,0.06
2009-09-28,83088.8,80178.31,83692.73,79662.35,-3.27,-2708.77,1477039,3018614214.0,4.86,0.06
2009-09-29,80083.62,78910.67,80679.45,77576.13,-1.58,-1267.64,1668710,3236541750.0,3.87,0.06
2009-09-30,79740.33,80889.63,81253.95,78955.41,2.51,1978.96,2020234,3934355522.0,2.91,0.08
2009-10-09,82637.72,84755.8,85001.81,81965.2,4.78,3866.17,2258516,4608754668.0,3.75,0.08
2009-10-12,84835.7,83521.81,85157.56,83403.01,-1.46,-1233.99,1720317,3573117701.0,2.07,0.06
2009-10-13,83178.27,84585.93,84877.13,82861.51,1.27,1064.12,1341730,2838855618.0,2.41,0.05
2009-10-14,84858.2,85962.11,87596.43,84406.59,1.63,1376.18,2866419,6037094681.0,3.77,0.11
2009-10-15,87869.52,87525.63,90248.6,87224.44,1.82,1563.52,3147820,6913744414.0,3.52,0.12
2009-10-16,87838.49,87324.61,88284.49,85548.73,-0.23,-201.02,2320071,4827180645.0,3.13,0.09
2009-10-19,87227.66,89749.95,89948.42,86606.86,2.78,2425.34,2772694,5895830698.0,3.83,0.1
2009-10-20,90485.31,90886.46,91201.51,89232.41,1.27,1136.51,3498326,7524241740.0,2.19,0.13
2009-10-21,90974.51,92958.43,95247.0,89880.09,2.28,2071.97,5510133,12207649113.0,5.91,0.21
2009-10-22,92300.6,92635.36,94520.49,91820.59,-0.35,-323.07,3518606,7869543160.0,2.9,0.13
2009-10-23,92952.55,93641.88,94833.33,92660.54,1.09,1006.52,3311970,7228301148.0,2.35,0.12
2009-10-26,93899.89,92333.76,94097.05,91621.55,-1.4,-1308.12,2601478,5990670890.0,2.64,0.1
2009-10-27,91182.84,88657.06,91391.01,88299.81,-3.98,-3676.7,3215069,7025330971.0,3.35,0.12
2009-10-28,88312.19,90826.42,91434.31,87395.08,2.45,2169.36,3255017,7128579663.0,4.56,0.12
2009-10-29,88517.59,88601.55,89854.98,87974.83,-2.45,-2224.87,2147019,4582971731.0,2.07,0.08
2009-10-30,90119.59,88543.95,90617.65,88450.56,-0.07,-57.6,2086020,4521071275.0,2.45,0.08
2009-11-02,85819.38,90464.23,90766.14,85150.15,2.17,1920.28,2891597,6262053768.0,6.34,0.11
2009-11-03,90806.35,91920.96,93038.72,90345.45,1.61,1456.73,3402428,7501476648.0,2.98,0.13
2009-11-04,92080.92,93027.2,94332.74,91246.7,1.2,1106.24,3587040,8070724202.0,3.36,0.13
2009-11-05,93317.19,93195.67,93961.88,91859.51,0.18,168.47,2774239,6023760587.0,2.26,0.1
2009-11-06,94424.51,93496.76,95056.57,93030.59,0.32,301.09,3521007,7541575546.0,2.17,0.13
2009-11-09,94006.81,94429.74,94701.92,92762.69,1.0,932.98,2842540,6132841173.0,2.07,0.11
2009-11-10,95094.34,93892.63,95567.04,93715.45,-0.57,-537.11,2922322,6310672092.0,1.96,0.11
2009-11-11,94302.39,96819.9,97623.32,93361.1,3.12,2927.27,5302422,11687456971.0,4.54,0.2
2009-11-12,96844.57,96608.06,97889.02,95872.33,-0.22,-211.84,3661171,8107652647.0,2.08,0.14
2009-11-13,95774.73,95735.41,96265.12,93460.25,-0.9,-872.65,5525271,11890025403.0,2.9,0.21
2009-11-16,96094.41,99963.23,100065.12,96000.65,4.42,4227.82,4371106,11010062858.0,4.25,0.16
2009-11-17,101007.37,99550.34,101234.59,98889.13,-0.41,-412.89,5130920,14231279044.0,2.35,0.19
2009-11-18,99001.26,99107.95,100202.9,98228.68,-0.44,-442.39,4044725,10402535040.0,1.98,0.15
2009-11-19,99464.19,99903.87,101103.35,99067.36,0.8,795.92,3029776,7771181862.0,2.05,0.11
2009-11-20,99612.34,102221.35,103631.51,98697.27,2.32,2317.48,4755077,12156282739.0,4.94,0.18
2009-11-23,102129.06,102424.62,103223.56,101289.63,0.2,203.27,3246596,8246689782.0,1.89,0.12
2009-11-24,102926.31,98923.53,104156.88,98259.61,-3.42,-3501.09,5052420,12989041837.0,5.76,0.19
2009-11-25,99186.17,100218.62,101055.29,97126.34,1.31,1295.09,6087687,12948787135.0,3.97,0.23
2009-11-26,100042.7,94508.56,100760.21,94174.21,-5.7,-5710.06,5468790,12241021084.0,6.57,0.2
2009-11-27,93514.59,91549.6,94485.37,90918.72,-3.13,-2958.96,4202065,9191845954.0,3.77,0.16
2009-11-30,92658.52,98016.73,99271.76,92466.61,7.06,6467.13,6184910,13243312648.0,7.43,0.23
2009-12-01,97502.65,100034.3,101276.51,96661.83,2.06,2017.57,5858112,12516396028.0,4.71,0.22
2009-12-02,100122.0,99773.6,101454.0,99198.14,-0.26,-260.7,4074522,8842746525.0,2.26,0.15
2009-12-03,100280.88,101571.7,103475.45,99992.85,1.8,1798.1,4978588,10831350922.0,3.49,0.19
2009-12-04,101530.48,106562.58,107920.88,100039.3,4.91,4990.88,9704969,22413025261.0,7.76,0.36
2009-12-07,106837.41,106738.6,108617.43,105741.79,0.17,176.02,6764472,16480782827.0,2.7,0.25
2009-12-08,106858.56,104428.38,107372.68,102696.13,-2.16,-2310.22,5396675,12715836609.0,4.38,0.2
2009-12-09,102924.02,101537.36,103957.69,100968.48,-2.77,-2891.02,3860681,8739819141.0,2.86,0.14
2009-12-10,102363.7,102674.27,103572.96,100756.41,1.12,1136.91,3387472,7712481919.0,2.77,0.13
2009-12-11,102695.59,102211.09,103992.29,101675.02,-0.45,-463.18,2899248,6596206992.0,2.26,0.11
2009-12-14,101431.21,102609.31,103814.81,97917.62,0.39,398.22,4312674,9623994647.0,5.77,0.16
2009-12-15,101631.35,100094.73,102249.55,99836.91,-2.45,-2514.58,2736640,6184679629.0,2.35,0.1
2009-12-16,99124.59,100479.24,102793.8,98764.23,0.38,384.51,2932331,6452182822.0,4.03,0.11
2009-12-17,100466.73,98520.0,101247.13,98012.19,-1.95,-1959.24,3132077,6855796157.0,3.22,0.12
2009-12-18,97664.14,97914.19,99734.63,95870.07,-0.61,-605.81,3656488,7812099839.0,3.92,0.14
2009-12-21,98389.34,100173.2,100460.77,97495.34,2.31,2259.01,3493109,7373017111.0,3.03,0.13
2009-12-22,100053.91,96488.64,100510.45,96239.05,-3.68,-3684.56,3401894,7146826107.0,4.26,0.13
2009-12-23,96372.33,97550.66,98248.63,95783.77,1.1,1062.02,2937870,6089284175.0,2.55,0.11
2009-12-24,97978.69,99979.73,100567.6,97267.38,2.49,2429.07,3810077,8152848142.0,3.38,0.14
2009-12-25,99803.62,99077.75,100387.06,98831.59,-0.9,-901.98,2283822,4880508537.0,1.56,0.09
2009-12-28,100819.52,102031.05,103585.55,100534.26,2.98,2953.3,4389604,9876700635.0,3.08,0.16
2009-12-29,101923.54,104270.43,104642.39,101700.48,2.19,2239.38,4075800,9614968680.0,2.88,0.15
2009-12-30,105046.65,106510.98,107352.81,104690.2,2.15,2240.55,7294447,17792042230.0,2.55,0.27
2009-12-31,106997.83,107209.35,107951.06,105797.76,0.66,698.37,4922900,12114571354.0,2.02,0.18
2010-01-04,107751.77,105002.07,108481.88,104865.22,-2.06,-2207.28,3943452,9431368725.0,3.37,0.15
2010-01-05,105725.03,109642.23,111055.13,103539.59,4.42,4640.16,7676776,18906904545.0,7.16,0.29
2010-01-06,109984.29,108692.88,111058.04,108396.49,-0.87,-949.35,5589787,14009100589.0,2.43,0.21
2010-01-07,108514.9,106399.31,110215.95,105562.92,-2.11,-2293.57,4985076,12176024420.0,4.28,0.19
2010-01-08,105729.7,108504.03,108990.33,105145.08,1.98,2104.72,3992602,9852707891.0,3.61,0.15
2010-01-11,118461.02,110795.51,118519.77,109861.61,2.11,2291.48,11952418,30621109674.0,7.98,0.45
2010-01-12,109475.2,111377.75,112282.79,107471.56,0.53,582.24,5498806,13417419418.0,4.34,0.21
2010-01-13,108208.83,105883.45,109987.31,105420.14,-4.93,-5494.3,6494239,15619951490.0,4.1,0.24
2010-01-14,106231.17,107385.63,108482.52,104586.52,1.42,1502.18,4124811,9971278726.0,3.68,0.15
2010-01-15,107511.63,106886.99,108341.59,105815.58,-0.46,-498.64,3119768,7730542973.0,2.35,0.12
2010-01-18,105561.91,103957.27,105684.41,102627.34,-2.74,-2929.72,5164991,12382494747.0,2.86,0.19
2010-01-19,104110.67,104975.23,106262.46,103634.13,0.98,1017.96,3800480,9046906237.0,2.53,0.14
2010-01-20,104717.15,101447.45,105130.81,100935.83,-3.36,-3527.78,4975595,12363322801.0,4.0,0.19
2010-01-21,101622.59,102546.62,103182.34,100333.2,1.08,1099.17,3286816,7722319179.0,2.81,0.12
2010-01-22,100700.09,100067.64,101623.38,97686.69,-2.42,-2478.98,3924893,8895179207.0,3.84,0.15
2010-01-25,99532.56,100070.26,101940.39,98807.68,0.0,2.62,2655568,6118998450.0,3.13,0.1
2010-01-26,100200.14,98036.0,101013.26,96828.99,-2.03,-2034.26,2768643,6327296491.0,4.18,0.1
2010-01-27,98312.12,96696.98,98966.17,96508.59,-1.37,-1339.02,2385964,5437756257.0,2.51,0.09
2010-01-28,96701.01,96519.21,97363.59,95062.28,-0.18,-177.77,2141347,4584218063.0,2.38,0.08
2010-01-29,95915.12,96439.36,98718.66,95416.46,-0.08,-79.85,2514837,5450124998.0,3.42,0.09
2010-02-01,95637.86,91995.64,96056.98,91059.85,-4.61,-4443.72,3480745,7647191306.0,5.18,0.13
2010-02-02,92654.52,91077.35,93747.36,90808.64,-1.0,-918.29,2417456,5212935091.0,3.19,0.09
2010-02-03,92179.76,94558.27,94672.77,90283.93,3.82,3480.92,3447374,7609190206.0,4.82,0.13
2010-02-04,93557.29,93927.76,94879.19,93052.02,-0.67,-630.51,2358914,5172014999.0,1.93,0.09
2010-02-05,91412.84,91875.67,92802.34,90745.42,-2.18,-2052.09,2206362,4689369291.0,2.19,0.08
2010-02-08,91856.63,93378.61,94639.68,91344.66,1.64,1502.94,1978274,4247494830.0,3.59,0.07
2010-02-09,93036.59,93768.41,94652.28,92631.16,0.42,389.8,1678613,3622831072.0,2.16,0.06
2010-02-10,94622.17,95701.61,95857.23,93777.17,2.06,1933.2,2244373,4831712888.0,2.22,0.08
2010-02-11,95739.7,95327.48,96133.27,94938.73,-0.39,-374.13,1624354,3551686807.0,1.25,0.06
2010-02-12,97399.25,97031.14,97712.74,96012.81,1.79,1703.66,1957954,5303105934.0,1.78,0.07
2010-02-22,97521.67,97543.52,98904.81,96539.32,0.53,512.38,2457623,6182254610.0,2.44,0.09
2010-02-23,97084.04,95179.63,97150.03,93655.01,-2.42,-2363.89,2299970,5337298237.0,3.58,0.09
2010-02-24,94382.45,96261.28,96377.91,93934.11,1.14,1081.65,1724171,3920960790.0,2.57,0.06
2010-02-25,96745.49,97832.45,98501.91,96334.2,1.63,1571.17,3005613,6895191240.0,2.25,0.11
2010-02-26,97628.53,96779.98,97935.35,96369.48,-1.08,-1052.47,1969972,4302914509.0,1.6,0.07
2010-03-01,96603.91,97918.77,98360.67,96301.22,1.18,1138.79,2107985,4585359456.0,2.13,0.08
2010-03-02,98014.79,96973.8,98374.84,96486.86,-0.97,-944.97,1913682,4352789797.0,1.93,0.07
2010-03-03,96816.63,97922.2,98358.78,95890.9,0.98,948.4,2565752,5788947256.0,2.54,0.1
2010-03-04,97927.81,94639.58,98109.06,94434.73,-3.35,-3282.62,2643665,5814481809.0,3.75,0.1
2010-03-05,95076.91,96363.2,97623.92,95005.4,1.82,1723.62,3157713,7192824249.0,2.77,0.12
2010-03-08,96629.8,96485.59,97037.47,95581.48,0.13,122.39,1794821,3995878319.0,1.51,0.07
2010-03-09,96427.71,96953.02,97631.41,95164.55,0.48,467.43,2156196,4787914298.0,2.56,0.08
2010-03-10,97104.49,96764.78,98514.83,96271.86,-0.19,-188.24,2264566,5147135951.0,2.31,0.08
2010-03-11,97225.48,98647.57,99281.05,96312.63,1.95,1882.79,3681087,8465753295.0,3.07,0.14
2010-03-12,98607.28,97553.16,99363.86,97327.04,-1.11,-1094.41,2724099,6354761766.0,2.06,0.1
2010-03-15,97828.35,97004.67,98335.66,96141.62,-0.56,-548.49,2085611,4761673611.0,2.25,0.08
2010-03-16,96811.44,97787.38,98250.15,96365.97,0.81,782.71,2028672,4900886850.0,1.94,0.08
2010-03-17,98149.02,99278.2,99381.99,97255.82,1.52,1490.82,2590401,5691827235.0,2.17,0.1
2010-03-18,99286.93,98606.54,99741.22,98111.66,-0.68,-671.66,2286882,5322577838.0,1.64,0.09
2010-03-19,98643.95,98834.75,99090.23,97457.11,0.23,228.21,1992953,4514550120.0,1.66,0.07
2010-03-22,99427.81,98416.84,99711.44,98079.15,-0.42,-417.91,2448423,5545152811.0,1.65,0.09
2010-03-23,98482.91,96948.65,98734.14,96772.63,-1.49,-1468.19,2332973,5161430780.0,1.99,0.09
2010-03-24,97264.54,96807.72,97888.77,96538.09,-0.15,-140.93,1651924,3758051558.0,1.39,0.06
2010-03-25,96652.13,94740.36,96744.44,94418.34,-2.14,-2067.36,2540115,5532687249.0,2.4,0.1
2010-03-26,94701.76,95711.35,96343.12,94173.03,1.02,970.99,1857527,4080028144.0,2.29,0.07
2010-03-29,96609.2,98420.0,98901.18,96498.37,2.83,2708.65,3371274,7700966439.0,2.51,0.13
2010-03-30,98491.04,98138.78,98774.2,97456.84,-0.29,-281.22,1851301,4210958075.0,1.34,0.07
2010-03-31,99269.98,97973.76,99826.88,97692.45,-0.17,-165.02,2126911,5110767540.0,2.17,0.08
2010-04-01,97976.74,98838.76,99146.05,97361.05,0.88,865.0,2955033,6678093796.0,1.82,0.11
2010-04-02,98949.91,98602.94,99230.83,97947.2,-0.24,-235.82,2665026,5713861976.0,1.3,0.1
2010-04-06,98812.71,99043.12,100037.45,98372.21,0.45,440.18,2542895,5738173961.0,1.69,0.1
2010-04-07,98898.73,97583.11,99000.66,97011.54,-1.47,-1460.01,2212687,4955220272.0,2.01,0.08
2010-04-08,97354.2,96408.56,97538.71,96118.08,-1.2,-1174.55,2344457,4926415903.0,1.46,0.09
2010-04-09,96534.95,97190.03,97492.81,96307.95,0.81,781.47,1895316,4042849381.0,1.23,0.07
2010-04-12,97269.51,95912.07,97824.76,95364.71,-1.31,-1277.96,2313353,5060979091.0,2.53,0.09
2010-04-13,95990.41,98667.6,98868.17,95831.34,2.87,2755.53,3693872,8135820486.0,3.17,0.14
2010-04-14,98828.85,98204.17,99011.23,97592.45,-0.47,-463.43,2118416,4697584660.0,1.44,0.08
2010-04-15,98546.79,98974.23,99714.94,97920.2,0.78,770.06,3088539,7044203568.0,1.83,0.12
2010-04-16,99108.72,96580.76,99181.21,96390.18,-2.42,-2393.47,1460472,2758934162.0,2.82,0.05
2010-04-19,95596.32,89150.39,95608.13,88901.0,-7.69,-7430.37,2656667,4899050694.0,6.94,0.1
2010-04-20,88735.98,86541.81,89872.73,84540.21,-2.93,-2608.58,2185328,3755916776.0,5.98,0.08
2010-04-21,86695.6,87624.52,87782.89,85331.51,1.25,1082.71,1770072,3043304017.0,2.83,0.07
2010-04-22,87292.52,85640.49,87423.7,85028.3,-2.26,-1984.03,1792997,3122808762.0,2.73,0.07
2010-04-23,85639.33,85470.04,86630.82,84661.7,-0.2,-170.45,1321171,2281961797.0,2.3,0.05
2010-04-26,85475.02,84088.34,86170.48,83886.0,-1.62,-1381.7,1476657,2633091569.0,2.67,0.06
2010-04-27,83720.58,81382.7,83857.31,80287.34,-3.22,-2705.64,1717585,2843852404.0,4.25,0.06
2010-04-28,80631.53,81636.06,82425.28,79945.01,0.31,253.36,1212167,1983216115.0,3.05,0.05
2010-04-29,81931.77,80459.66,82514.45,80384.61,-1.44,-1176.4,1014898,1665585091.0,2.61,0.04
2010-04-30,80642.54,82604.85,82743.28,79483.94,2.67,2145.19,1663104,2624804203.0,4.05,0.06
2010-05-04,77923.8,77470.98,78452.66,77176.08,-6.21,-5133.87,1441008,2474631525.0,1.55,0.05
2010-05-05,73485.79,75381.37,75826.72,73162.05,-2.7,-2089.61,3893905,7951664016.0,3.44,0.15
2010-05-06,74523.71,70479.52,74948.52,70167.64,-6.5,-4901.85,2838776,5363386654.0,6.34,0.11
2010-05-07,69389.23,69319.67,71396.71,67873.46,-1.65,-1159.85,2581014,4549919164.0,5.0,0.1
2010-05-10,69251.92,69440.56,70209.52,67532.48,0.17,120.89,2119243,3567043642.0,3.86,0.08
2010-05-11,71090.89,66702.03,71169.15,66460.91,-3.94,-2738.53,2494102,4279966574.0,6.78,0.09
2010-05-12,66119.34,67089.17,67687.06,64950.68,0.58,387.14,1998297,3311964214.0,4.1,0.07
2010-05-13,67135.75,68535.55,68657.6,66759.16,2.16,1446.38,2185546,3701773332.0,2.83,0.08
2010-05-14,67888.97,67498.23,68435.81,67086.09,-1.51,-1037.32,1727422,2858895446.0,1.97,0.06
2010-05-17,66439.63,62026.6,66502.74,61940.87,-8.11,-5471.63,2462100,4023771977.0,6.76,0.09
2010-05-18,62052.57,63684.93,64209.57,61601.41,2.67,1658.33,2123155,3263509122.0,4.2,0.08
2010-05-19,63067.88,62922.05,64132.87,62229.78,-1.2,-762.88,1325271,2282239548.0,2.99,0.05
2010-05-20,62175.56,62104.04,63807.54,61807.45,-1.3,-818.01,1619743,2498609928.0,3.18,0.06
2010-05-21,60116.93,62856.02,63309.11,59583.56,1.21,751.98,2124673,3126662803.0,6.0,0.08
2010-05-24,63366.49,66452.74,67178.82,63203.02,5.72,3596.72,3663479,6024026812.0,6.33,0.14
2010-05-25,65558.47,64942.32,66026.57,64088.96,-2.27,-1510.42,2565345,4291733248.0,2.92,0.1
2010-05-26,65292.78,65229.66,66051.23,64582.28,0.44,287.34,1624648,2690659629.0,2.26,0.06
2010-05-27,65252.81,65972.13,66321.76,63756.18,1.14,742.47,2097297,3402699825.0,3.93,0.08
2010-05-28,66601.51,65218.83,66954.55,64885.63,-1.14,-753.3,1781156,2917729054.0,3.14,0.07
2010-05-31,64654.45,62551.79,65126.73,62379.48,-4.09,-2667.04,1798089,2799963732.0,4.21,0.07
2010-06-01,61996.7,61469.43,62698.52,60769.88,-1.73,-1082.36,1561133,2352585122.0,3.08,0.06
2010-06-02,61107.49,62983.42,63239.23,60695.4,2.46,1513.99,1687025,2661239441.0,4.14,0.06
2010-06-03,62925.03,61805.61,63292.07,61696.81,-1.87,-1177.81,1597176,2474173738.0,2.53,0.06
2010-06-04,61454.68,63182.32,64235.99,61228.48,2.23,1376.71,2272687,3644083954.0,4.87,0.09
2010-06-07,61649.77,61745.16,62333.7,61105.52,-2.27,-1437.16,1655545,2613734080.0,1.94,0.06
2010-06-08,61674.52,62293.41,63089.66,61390.06,0.89,548.25,1384097,2208613953.0,2.75,0.05
2010-06-09,62761.56,64594.55,64985.47,61797.99,3.69,2301.14,2871887,4527034344.0,5.12,0.11
2010-06-10,63750.59,63463.06,64402.73,63298.72,-1.75,-1131.49,1688270,2710743548.0,1.71,0.06
2010-06-11,63941.91,63639.47,64365.91,63312.94,0.28,176.41,1312219,2090857285.0,1.66,0.05
2010-06-17,64193.59,63180.17,64468.37,63087.31,-0.72,-459.3,670328,939239614.0,2.17,0.03
2010-06-18,63036.13,62335.95,63718.84,61868.38,-1.34,-844.22,1372159,2181088602.0,2.93,0.05
2010-06-21,62452.45,64463.46,64708.22,62221.04,3.41,2127.51,1919997,3101547788.0,3.99,0.07
2010-06-22,64120.09,64457.57,64784.16,63888.56,-0.01,-5.89,1335418,2135284650.0,1.39,0.05
2010-06-23,64141.56,64475.13,65320.44,63827.71,0.03,17.56,1680926,2863499241.0,2.32,0.06
2010-06-24,64624.79,64718.52,65744.52,64250.63,0.38,243.39,1115274,1586254113.0,2.32,0.04
2010-06-25,64201.66,63151.02,64363.61,62812.19,-2.42,-1567.5,1310815,1777755664.0,2.4,0.05
2010-06-28,63100.82,62176.06,63404.1,62021.64,-1.54,-974.96,1067800,1440118686.0,2.19,0.04
2010-06-29,62364.61,58537.07,62742.0,58405.32,-5.85,-3638.99,2072227,2691551494.0,6.97,0.08
2010-06-30,58154.43,57208.95,58419.2,56477.54,-2.27,-1328.12,1580707,1947875558.0,3.32,0.06
2010-07-01,57113.0,56264.99,58095.1,56049.44,-1.65,-943.96,1597421,1895052868.0,3.58,0.06
2010-07-02,56236.71,56975.36,57311.62,55147.82,1.26,710.37,1720257,2080166227.0,3.85,0.06
2010-07-05,56283.56,56047.39,56701.13,55267.83,-1.63,-927.97,1102461,1338991519.0,2.52,0.04
2010-07-06,55953.07,56920.51,57131.15,55758.59,1.56,873.12,1249143,1492580590.0,2.45,0.05
2010-07-07,56857.88,57402.13,57770.89,56339.22,0.85,481.62,1464860,1809068124.0,2.52,0.05
2010-07-08,57716.69,56849.97,57964.56,56589.04,-0.96,-552.16,1223324,1478186857.0,2.4,0.05
2010-07-09,56782.77,58046.09,58393.42,55900.06,2.1,1196.12,2601791,3333455768.0,4.39,0.1
2010-07-12,58096.78,58887.04,59192.82,57642.61,1.45,840.95,2156439,2708555589.0,2.67,0.08
2010-07-13,58235.15,57441.93,58377.15,57295.73,-2.45,-1445.11,1450059,1790641741.0,1.84,0.05
2010-07-14,57619.86,57955.22,58778.83,57477.37,0.89,513.29,1587527,1964666388.0,2.27,0.06
2010-07-15,57883.73,56495.65,58644.12,56436.62,-2.52,-1459.57,1478321,1822470675.0,3.81,0.06
2010-07-16,56363.52,56315.66,56664.06,55582.05,-0.32,-179.99,1144403,1436911046.0,1.92,0.04
2010-07-19,55682.29,57840.9,58281.61,55508.91,2.71,1525.24,1958001,2384462540.0,4.92,0.07
2010-07-20,57893.63,59407.83,59689.57,57799.57,2.71,1566.93,3183110,3966762576.0,3.27,0.12
2010-07-21,59393.12,59374.62,60152.35,59051.48,-0.06,-33.21,2385051,2974080962.0,1.85,0.09
2010-07-22,59122.67,60007.07,60239.82,58858.37,1.07,632.45,2361146,2961892853.0,2.33,0.09
2010-07-23,60180.68,61174.59,61385.98,59754.77,1.95,1167.52,3604469,4609118780.0,2.72,0.13
2010-07-26,61278.75,60987.95,61590.91,60131.67,-0.31,-186.64,2444926,3132131830.0,2.39,0.09
2010-07-27,60796.34,60771.91,61488.35,60172.65,-0.35,-216.04,2323785,3035412561.0,2.16,0.09
2010-07-28,60673.36,62703.56,62850.25,60148.64,3.18,1931.65,4025781,5314929741.0,4.45,0.15
2010-07-29,62937.0,63900.19,64764.65,62890.36,1.91,1196.63,5329227,7219724657.0,2.99,0.2
2010-07-30,63603.27,63166.01,63762.28,62476.34,-1.15,-734.18,2585723,3403699075.0,2.01,0.1
2010-08-02,63177.97,64079.7,64464.13,63040.3,1.45,913.69,2570025,3439698336.0,2.25,0.1
2010-08-03,64280.55,63245.07,65354.8,63115.71,-1.3,-834.63,3686354,5073395034.0,3.49,0.14
2010-08-04,63033.4,63365.28,63723.59,61808.33,0.19,120.21,2768572,3691762008.0,3.03,0.1
2010-08-05,63353.82,62265.7,63576.47,61867.34,-1.74,-1099.58,2324501,3054450077.0,2.7,0.09
2010-08-06,62326.13,64193.59,64372.4,61596.18,3.1,1927.89,3248780,4369364782.0,4.46,0.12
2010-08-09,63972.78,64200.77,64654.13,63477.8,0.01,7.18,2571620,3442639585.0,1.83,0.1
2010-08-10,64192.11,61365.94,64407.34,61315.71,-4.42,-2834.83,3094353,4199651983.0,4.82,0.12
2010-08-11,61242.65,61419.48,62024.44,60910.57,0.09,53.54,1980771,2618296253.0,1.82,0.07
2010-08-12,60677.56,60003.48,61359.65,59799.47,-2.31,-1416.0,2319155,2982166362.0,2.54,0.09
2010-08-13,59932.7,60639.98,60798.07,59498.98,1.06,636.5,1856651,2383145737.0,2.17,0.07
2010-08-16,60446.05,63007.05,63391.21,60120.46,3.9,2367.07,3242246,4218905638.0,5.39,0.12
2010-08-17,63112.61,63071.34,63517.4,62376.76,0.1,64.29,2512519,3327752817.0,1.81,0.09
2010-08-18,63209.77,62678.66,63596.45,62274.57,-0.62,-392.68,2247336,3035308647.0,2.1,0.08
2010-08-19,62771.93,63295.47,63958.45,62392.63,0.98,616.81,2971775,4018384918.0,2.5,0.11
2010-08-20,62915.66,61295.2,63107.09,60934.43,-3.16,-2000.27,2721485,3621266724.0,3.43,0.1
2010-08-23,61165.76,61147.32,61981.32,60675.34,-0.24,-147.88,1976079,2615239344.0,2.13,0.07
2010-08-24,61140.4,61329.91,62181.99,60368.87,0.3,182.59,2131122,2767154109.0,2.97,0.08
2010-08-25,60756.01,59529.91,61462.92,59444.24,-2.93,-1800.0,2327016,2993085178.0,3.29,0.09
2010-08-26,59672.15,59424.95,60197.8,58910.25,-0.18,-104.96,1649995,2059729516.0,2.16,0.06
2010-08-27,59355.71,59345.9,59739.38,58785.05,-0.13,-79.05,1274223,1631198602.0,1.61,0.05
2010-08-30,59612.66,60321.22,60911.67,59132.75,1.64,975.32,2571302,3284000169.0,3.0,0.1
2010-08-31,59856.0,59358.7,60053.88,58938.54,-1.6,-962.52,2291205,2898129566.0,1.85,0.09
2010-09-01,59489.82,58780.23,60293.59,58366.2,-0.97,-578.47,2500244,3173390033.0,3.25,0.09
2010-09-02,59522.99,59027.21,59807.61,58702.1,0.42,246.98,2085038,2675627869.0,1.88,0.08
2010-09-03,59057.22,58438.66,59332.57,57996.41,-1.0,-588.55,2663563,3341518299.0,2.26,0.1
2010-09-06,58724.22,61116.24,61444.4,58612.42,4.58,2677.58,5398699,7382360112.0,4.85,0.2
2010-09-07,61279.57,60768.66,61467.2,60083.62,-0.57,-347.58,2934723,4059006119.0,2.26,0.11
2010-09-08,60358.18,60061.51,60537.49,59555.59,-1.16,-707.15,2211411,2987440432.0,1.62,0.08
2010-09-09,60195.67,59161.4,61014.8,59027.75,-1.5,-900.11,2842378,3896374419.0,3.31,0.11
2010-09-10,59095.78,58524.96,59595.98,57941.27,-1.08,-636.44,2107720,2709884497.0,2.8,0.08
2010-09-13,58660.38,58938.84,59573.11,58181.48,0.71,413.88,1835147,2458541801.0,2.38,0.07
2010-09-14,59121.38,58562.41,59533.45,58398.39,-0.64,-376.43,1855664,2488075874.0,1.93,0.07
2010-09-15,58516.97,57202.56,58578.26,57047.11,-2.32,-1359.85,2304903,2908746040.0,2.61,0.09
2010-09-16,57263.43,57280.54,58607.52,56944.64,0.14,77.98,2821710,3709590353.0,2.91,0.11
2010-09-17,57363.41,56508.44,57597.82,56284.98,-1.35,-772.1,1847955,2386737330.0,2.29,0.07
2010-09-20,56533.56,55710.94,56807.15,55448.28,-1.41,-797.5,1518155,1894807892.0,2.4,0.06
2010-09-21,56023.09,55779.01,56299.72,55579.66,0.12,68.07,898210,1099494605.0,1.29,0.03
2010-09-27,55990.13,56140.9,56353.97,55521.3,0.65,361.89,1381074,1683099771.0,1.49,0.05
2010-09-28,55997.85,54706.32,56045.11,54508.12,-2.56,-1434.58,1720209,2066365769.0,2.74,0.06
2010-09-29,54694.59,54331.15,55297.54,54129.41,-0.69,-375.17,1532117,1810451364.0,2.14,0.06
2010-09-30,54054.95,55159.74,55635.78,53861.27,1.53,828.59,1820015,2157310115.0,3.27,0.07
2010-10-08,55675.11,58184.72,58897.57,55558.35,5.48,3024.98,4244147,5350573744.0,6.05,0.16
2010-10-11,58549.41,63589.87,63863.82,58266.42,9.29,5405.15,10094017,13498791380.0,9.62,0.38
2010-10-12,63933.31,64550.76,65021.52,62539.79,1.51,960.89,7270174,9951167469.0,3.9,0.27
2010-10-13,64380.95,64526.27,65237.16,63547.32,-0.04,-24.49,5261519,7330489129.0,2.62,0.2
2010-10-14,65116.01,67371.98,70044.95,65067.74,4.41,2845.71,12584360,18473289473.0,7.71,0.47
2010-10-15,66752.15,72851.25,73260.45,66091.56,8.13,5479.27,12154812,18175337802.0,10.64,0.46
2010-10-18,73884.63,74549.88,77789.06,71364.17,2.33,1698.63,15468513,25159215980.0,8.82,0.58
2010-10-19,73761.8,75489.12,75686.66,72211.53,1.26,939.24,7787718,12596363684.0,4.66,0.29
2010-10-20,73605.64,77404.98,79990.13,73184.4,2.54,1915.86,10771167,17898276404.0,9.02,0.4
2010-10-21,77470.33,75240.27,78100.52,74361.55,-2.8,-2164.71,6867807,11428015308.0,4.83,0.26
2010-10-22,74860.76,73526.1,75395.96,72602.01,-2.28,-1714.17,5899682,9516555264.0,3.71,0.22
2010-10-25,73361.81,80098.19,80283.75,73113.25,8.94,6572.09,9950708,16440469146.0,9.75,0.37
2010-10-26,80927.11,81047.69,83778.27,79430.78,1.19,949.5,11628759,19273375238.0,5.43,0.44
2010-10-27,80102.2,78927.68,82790.73,78567.08,-2.62,-2120.01,6567567,11020684593.0,5.21,0.25
2010-10-28,78212.22,79977.82,81114.37,77734.78,1.33,1050.14,5837768,9710411518.0,4.28,0.22
2010-10-29,79460.02,76695.68,79826.02,76154.51,-4.1,-3282.14,5956061,9697503827.0,4.59,0.22
2010-11-01,76348.46,78682.85,79438.33,76132.54,2.59,1987.17,5229785,8798480024.0,4.31,0.2
2010-11-02,78810.7,78172.48,81044.01,76448.05,-0.65,-510.37,6811908,11461959999.0,5.84,0.26
2010-11-03,78091.75,77626.2,79832.31,76278.41,-0.7,-546.28,6089972,10736840267.0,4.55,0.23
2010-11-04,77756.64,78488.95,79206.62,76730.66,1.11,862.75,4702559,8042032394.0,3.19,0.18
2010-11-05,80816.48,79217.75,81864.2,78627.78,0.93,728.8,6476696,11377715996.0,4.12,0.24
2010-11-08,79504.64,79662.67,80776.95,78351.42,0.56,444.92,4525864,7766530997.0,3.06,0.17
2010-11-09,79770.43,77994.88,79888.49,77483.66,-2.09,-1667.79,4000703,6833972598.0,3.02,0.15
2010-11-10,77417.99,76493.75,77905.54,75562.41,-1.92,-1501.13,4931104,7845430929.0,3.0,0.18
2010-11-11,76328.95,77024.84,79002.49,75797.23,0.69,531.09,5878401,9875492478.0,4.19,0.22
2010-11-12,76408.92,69837.47,76607.65,69451.34,-9.33,-7187.37,7876645,12402234436.0,9.29,0.29
2010-11-15,69907.2,69268.56,70942.44,67853.83,-0.81,-568.91,4214757,6385267864.0,4.42,0.16
2010-11-16,69496.93,66146.38,70455.67,65720.33,-4.51,-3122.18,6627288,9717923990.0,6.84,0.25
2010-11-17,65092.53,64501.03,66505.89,63888.31,-2.49,-1645.35,4890521,6757832195.0,3.96,0.18
2010-11-18,65339.65,65127.31,65850.93,64002.22,0.97,626.28,3775391,5068701875.0,2.87,0.14
2010-11-19,65514.14,65330.45,65796.84,62312.78,0.31,203.14,5328975,7346840003.0,5.35,0.2
2010-11-22,64338.27,64280.79,65269.84,63687.52,-1.61,-1049.66,3729200,5161987188.0,2.42,0.14
2010-11-23,63776.18,62379.51,63969.73,61352.2,-2.96,-1901.28,3599467,4889532850.0,4.07,0.13
2010-11-24,62202.74,65325.73,65843.4,62135.48,4.72,2946.22,5133494,7205082826.0,5.94,0.19
2010-11-25,65575.02,66055.81,66542.38,64331.7,1.12,730.08,4342175,6194363787.0,3.38,0.16
2010-11-26,65804.52,65338.74,66477.55,64500.09,-1.09,-717.07,3258397,4593222553.0,2.99,0.12
2010-11-29,64902.11,64444.68,65227.0,63978.7,-1.37,-894.06,2614342,3649150311.0,1.91,0.1
2010-11-30,64379.9,62700.99,64987.55,61231.45,-2.71,-1743.69,3622963,4897408864.0,5.83,0.14
2010-12-01,62721.65,62901.9,63672.43,62322.36,0.32,200.91,1861097,2546829328.0,2.15,0.07
2010-12-02,64390.19,63885.51,65096.8,63747.34,1.56,983.61,2928220,4017767056.0,2.15,0.11
2010-12-03,63742.1,64139.76,64607.32,63320.23,0.4,254.25,1795511,2410411285.0,2.01,0.07
2010-12-06,64252.32,67125.0,67753.93,63702.62,4.65,2985.24,5388932,7700519466.0,6.32,0.2
2010-12-07,66514.4,67222.34,67907.29,65099.69,0.15,97.34,4722407,6986995812.0,4.18,0.18
2010-12-08,66961.27,65242.31,67266.74,65031.09,-2.95,-1980.03,3103829,4476731581.0,3.33,0.12
2010-12-09,64720.28,64052.94,65795.42,63911.13,-1.82,-1189.37,2273043,3351618420.0,2.89,0.09
2010-12-10,63264.69,64827.77,65361.69,63043.31,1.21,774.83,1929125,2897401033.0,3.62,0.07
2010-12-13,65224.68,66917.77,67128.78,64704.29,3.22,2090.0,3357532,4919423522.0,3.74,0.13
2010-12-14,67117.64,66422.98,67347.7,66065.19,-0.74,-494.79,2654077,3845288791.0,1.92,0.1
2010-12-15,66468.95,66482.09,67921.88,65665.76,0.09,59.11,3753836,5489645815.0,3.4,0.14
2010-12-16,66193.11,65259.47,66645.65,65034.69,-1.84,-1222.62,2190785,3168431248.0,2.42,0.08
2010-12-17,65193.43,65244.74,65933.1,64679.87,-0.02,-14.73,1707633,2421234076.0,1.92,0.06
2010-12-20,65437.69,63323.33,65787.67,62402.65,-2.94,-1921.41,2980358,4094910499.0,5.19,0.11
2010-12-21,63537.36,65568.16,65976.52,63187.42,3.55,2244.83,3432915,4869938160.0,4.4,0.13
2010-12-22,65524.63,64240.99,65902.06,63931.93,-2.02,-1327.17,2323854,3250914510.0,3.0,0.09
2010-12-23,63905.6,63877.56,65296.09,63470.05,-0.57,-363.43,2214151,3084821293.0,2.84,0.08
2010-12-24,63480.41,63756.85,64373.06,63024.1,-0.19,-120.71,1764187,2475830839.0,2.11,0.07
2010-12-27,64122.09,62728.81,65521.25,62579.22,-1.61,-1028.04,3349285,4881771595.0,4.61,0.13
2010-12-28,62163.8,60718.91,62742.09,60533.29,-3.2,-2009.9,2714239,3740348271.0,3.52,0.1
2010-12-29,60896.84,60326.17,61367.31,59743.26,-0.65,-392.74,1943467,2670300593.0,2.67,0.07
2010-12-30,60410.08,59734.52,60599.48,58738.21,-0.98,-591.65,2316238,3054584484.0,3.09,0.09
2010-12-31,60134.49,61250.96,61431.63,59798.31,2.54,1516.44,2472772,3453684045.0,2.73,0.09
2011-01-04,61689.32,62643.14,63279.7,60880.8,2.27,1392.18,2950855,4193949790.0,3.92,0.11
2011-01-05,62093.25,61730.82,62494.82,61274.91,-1.46,-912.32,2277640,3114583972.0,1.95,0.09
2011-01-06,61856.3,61632.65,62799.03,61314.27,-0.16,-98.17,1834176,2542539440.0,2.41,0.07
2011-01-07,61402.93,62366.77,63656.68,60602.75,1.19,734.12,3822981,5365774359.0,4.96,0.14
2011-01-10,62051.02,60768.04,62635.15,60640.83,-2.56,-1598.73,2447257,3435291241.0,3.2,0.09
2011-01-11,60598.19,61341.13,61672.96,60267.41,0.94,573.09,1699052,2298571372.0,2.31,0.06
2011-01-12,61716.88,61814.91,62213.29,60637.77,0.77,473.78,1792758,2415121560.0,2.57,0.07
2011-01-13,62103.93,61379.63,62326.56,60933.95,-0.7,-435.28,2352845,3170022451.0,2.25,0.09
2011-01-14,61068.83,60118.41,61324.98,59774.71,-2.05,-1261.22,2303400,3017769506.0,2.53,0.09
2011-01-17,59969.0,57917.06,60420.34,57564.63,-3.66,-2201.35,2562839,3255986219.0,4.75,0.1
2011-01-18,57718.63,57918.57,58432.83,57359.71,0.0,1.51,1511536,1896216637.0,1.85,0.06
2011-01-19,57931.83,58810.32,58902.66,57398.61,1.54,891.75,1745324,2171183539.0,2.6,0.07
2011-01-20,58709.18,56789.4,58748.73,56675.32,-3.44,-2020.92,1813208,2233963267.0,3.53,0.07
2011-01-21,56779.61,57924.27,59077.43,56632.41,2.0,1134.87,2080825,2563293058.0,4.31,0.08
2011-01-24,57939.68,57375.73,58308.73,57072.42,-0.95,-548.54,1424945,1762359336.0,2.13,0.05
2011-01-25,57399.92,57825.66,58102.14,57109.33,0.78,449.93,1302027,1618078397.0,1.73,0.05
2011-01-26,57780.97,58254.54,58430.22,57672.28,0.74,428.88,1238156,1559302838.0,1.31,0.05
2011-01-27,57980.02,59724.99,60277.85,57461.98,2.52,1470.45,2631714,3378336191.0,4.83,0.1
2011-01-28,59830.49,59739.97,60268.54,59030.68,0.03,14.98,1808557,2329270883.0,2.07,0.07
2011-01-31,59618.82,60022.23,60442.51,59318.27,0.47,282.26,1506201,1952144183.0,1.88,0.06
2011-02-01,60199.79,59777.11,60492.11,59422.18,-0.41,-245.12,1468636,1961019258.0,1.78,0.05
2011-02-09,59430.56,58782.95,60349.06,58571.64,-1.66,-994.16,1538257,1985221479.0,2.97,0.06
2011-02-10,58659.09,60257.9,60332.41,58391.62,2.51,1474.95,1700696,2184832915.0,3.3,0.06
2011-02-11,60188.98,60291.98,60789.8,59716.24,0.06,34.08,1949314,2570063896.0,1.78,0.07
2011-02-14,59984.85,65988.56,66215.36,59847.12,9.45,5696.58,8372849,11471000837.0,10.56,0.31
2011-02-15,66249.35,65587.82,68396.39,65306.51,-0.61,-400.74,9728766,13782250859.0,4.68,0.36
2011-02-16,65469.76,66242.31,66384.67,64760.63,1.0,654.49,4896279,6923075964.0,2.48,0.18
2011-02-17,66441.04,65325.86,66722.36,64675.78,-1.38,-916.45,3655007,5256398388.0,3.09,0.14
2011-02-18,65248.12,65187.38,66441.02,64206.42,-0.21,-138.48,4001830,5753025207.0,3.42,0.15
2011-02-21,64835.76,66709.66,67143.33,64487.53,2.34,1522.28,4347956,6221522343.0,4.07,0.16
2011-02-22,66883.98,63851.96,67183.95,63750.82,-4.28,-2857.7,4432045,6260083110.0,5.15,0.17
2011-02-23,63588.04,63944.22,64551.53,63256.57,0.14,92.26,2498476,3423920161.0,2.03,0.09
2011-02-24,63873.46,65897.26,67341.77,63479.47,3.05,1953.04,5017643,7416972061.0,6.04,0.19
2011-02-25,65704.84,66345.06,67326.18,64690.32,0.68,447.8,4609241,6802888295.0,4.0,0.17
2011-02-28,66368.42,67777.02,68425.27,65285.84,2.16,1431.96,5729183,8489634478.0,4.73,0.21
2011-03-01,67674.68,67759.2,69621.86,67060.14,-0.03,-17.82,5927940,8740930548.0,3.78,0.22
2011-03-02,67010.85,66827.39,67549.26,65827.39,-1.38,-931.81,3529584,5104117851.0,2.54,0.13
2011-03-03,67000.93,66263.03,68155.48,66055.07,-0.84,-564.36,4043050,5887939341.0,3.14,0.15
2011-03-04,66293.34,67792.34,68058.27,65823.38,2.31,1529.31,3522473,5190120022.0,3.37,0.13
2011-03-07,68068.2,69637.83,70171.09,67877.31,2.72,1845.49,6524846,9856805119.0,3.38,0.24
2011-03-08,69742.88,69452.95,70509.7,68675.92,-0.27,-184.88,4121856,6259895147.0,2.63,0.15
2011-03-09,69960.76,69736.24,71211.12,69135.31,0.41,283.29,4454066,6633702678.0,2.99,0.17
2011-03-10,69551.36,67454.91,69620.78,67290.3,-3.27,-2281.33,4288171,6277824232.0,3.34,0.16
2011-03-14,67010.21,67493.31,67690.75,66260.77,0.06,38.4,2727888,3897261052.0,2.12,0.1
2011-03-15,67048.53,65627.0,67267.38,64341.68,-2.77,-1866.31,3990826,5511811297.0,4.33,0.15
2011-03-16,65833.15,66949.29,67359.06,65589.58,2.01,1322.29,3077715,4396766826.0,2.7,0.12
2011-03-17,65980.79,65208.34,66509.88,64731.82,-2.6,-1740.95,2719916,3927534546.0,2.66,0.1
2011-03-18,66239.08,66251.13,67104.09,65522.07,1.6,1042.79,2459576,3569681625.0,2.43,0.09
2011-03-21,66302.23,65619.75,66726.74,65201.96,-0.95,-631.38,2309866,3200473628.0,2.3,0.09
2011-03-22,66011.1,66031.69,66531.5,64792.19,0.63,411.94,2113202,2964719769.0,2.65,0.08
2011-03-23,65891.45,66909.96,67331.63,65563.12,1.33,878.27,1915621,2839395951.0,2.68,0.07
2011-03-24,66821.0,66370.66,67071.25,66219.63,-0.81,-539.3,1203103,1778762812.0,1.27,0.05
2011-03-25,66473.38,67288.39,67717.17,66209.28,1.38,917.73,2126629,3095155557.0,2.27,0.08
2011-03-28,67570.22,67570.63,68684.49,67299.14,0.42,282.24,2510065,3679839716.0,2.06,0.09
2011-03-29,68164.62,67371.45,69241.56,67116.35,-0.29,-199.18,4155963,6073104581.0,3.15,0.16
2011-03-30,67253.21,65917.77,67759.41,65445.24,-2.16,-1453.68,2864484,4132772430.0,3.43,0.11
2011-03-31,65983.1,65995.26,67258.84,65533.09,0.12,77.49,1870667,2642711222.0,2.62,0.07
2011-04-01,66015.98,67186.77,67349.09,65792.26,1.81,1191.51,2048362,2873706059.0,2.36,0.08
2011-04-06,66951.24,69130.02,70266.2,66677.37,2.89,1943.25,5163121,7587880193.0,5.34,0.19
2011-04-07,69074.76,68708.94,69346.07,68253.34,-0.61,-421.08,3023241,4574387676.0,1.58,0.11
2011-04-08,68687.71,69375.95,69772.97,68376.97,0.97,667.01,2863609,4342570527.0,2.03,0.11
2011-04-11,69720.87,68427.16,70354.98,68245.31,-1.37,-948.79,3046839,4554695796.0,3.04,0.11
2011-04-12,68229.23,68243.27,69074.4,67640.69,-0.27,-183.89,2703956,3956736318.0,2.1,0.1
2011-04-13,67936.26,70088.06,70396.21,67702.42,2.7,1844.79,3036448,4571860351.0,3.95,0.11
2011-04-14,70565.69,69569.82,71053.36,69333.87,-0.74,-518.24,3537028,5241692796.0,2.45,0.13
2011-04-15,69246.57,70280.73,71042.49,68943.02,1.02,710.91,3469732,5036481732.0,3.02,0.13
2011-04-18,69901.92,69805.15,70690.22,69089.64,-0.68,-475.58,3171641,4619839040.0,2.28,0.12
2011-04-19,69105.23,67481.88,69241.75,67311.78,-3.33,-2323.27,3285125,4661565161.0,2.76,0.12
2011-04-20,67700.97,67415.41,68172.58,66902.84,-0.1,-66.47,2211054,3155062093.0,1.88,0.08
2011-04-21,67826.76,68759.24,70164.16,67266.27,1.99,1343.83,3838425,5584223614.0,4.3,0.14
2011-04-22,68598.35,67766.34,68813.95,67331.62,-1.44,-992.9,2213108,3148460291.0,2.16,0.08
2011-04-25,67571.68,66223.13,67851.83,66031.89,-2.28,-1543.21,2305992,3145366494.0,2.69,0.09
2011-04-26,65977.56,64666.93,66525.3,64448.32,-2.35,-1556.2,3037354,3964402640.0,3.14,0.11
2011-04-27,65163.94,64560.52,65578.85,63843.07,-0.16,-106.41,2375346,3011297318.0,2.68,0.09
2011-04-28,64977.97,63648.4,65564.34,63496.75,-1.41,-912.12,2537969,3424666274.0,3.2,0.1
2011-04-29,63821.08,64161.89,64440.16,63321.2,0.81,513.49,1435167,1856941098.0,1.76,0.05
2011-05-03,64321.59,64405.18,64735.59,63276.52,0.38,243.29,2315422,3452216042.0,2.27,0.09
2011-05-04,64142.17,62098.34,64209.85,61843.79,-3.58,-2306.84,2908036,4009262804.0,3.67,0.11
2011-05-05,61947.03,62159.43,62698.22,61712.17,0.1,61.09,1569662,2155189644.0,1.59,0.06
2011-05-06,61725.11,62018.3,62489.77,61171.08,-0.23,-141.13,1713739,2403252119.0,2.12,0.06
2011-05-09,62345.34,62300.46,62988.68,61887.38,0.45,282.16,1542689,2151287922.0,1.78,0.06
2011-05-10,62373.05,63174.8,63290.84,61907.15,1.4,874.34,1705024,2252648513.0,2.22,0.06
2011-05-11,62385.29,62359.46,63175.23,61688.63,-1.29,-815.34,3376503,3916782644.0,2.35,0.13
2011-05-12,61584.98,61840.12,62696.45,61180.66,-0.83,-519.34,2376466,3296926930.0,2.43,0.09
2011-05-13,61934.18,63076.91,63915.49,61655.07,2.0,1236.79,3431404,4518316603.0,3.66,0.13
2011-05-16,62905.31,62404.5,63455.59,62258.98,-1.07,-672.41,1234842,1638018932.0,1.9,0.05
2011-05-17,62072.25,62571.11,63521.65,61432.14,0.27,166.61,2685509,3721443012.0,3.35,0.1
2011-05-18,62448.97,62716.39,63151.66,62028.45,0.23,145.28,1730261,2318140045.0,1.8,0.06
2011-05-19,62921.48,62099.58,63085.97,61951.36,-0.98,-616.81,1480729,1951332473.0,1.81,0.06
2011-05-20,62052.57,62070.43,62557.75,61731.54,-0.05,-29.15,1128131,1535524453.0,1.33,0.04
2011-05-23,61970.43,59651.84,62036.6,59526.2,-3.9,-2418.59,2568165,3217768244.0,4.04,0.1
2011-05-24,59590.51,59575.09,60015.99,59039.15,-0.13,-76.75,1476963,1881045654.0,1.64,0.06
2011-05-25,59597.41,58956.25,59934.42,58743.17,-1.04,-618.84,1307304,1678697332.0,2.0,0.05
2011-05-26,59395.88,59827.56,61548.16,59173.83,1.48,871.31,2207149,3115470521.0,4.03,0.08
2011-05-27,59780.01,59891.75,60809.97,59452.85,0.11,64.19,1875180,2441432676.0,2.27,0.07
2011-05-30,59566.39,59692.68,60694.73,58864.52,-0.33,-199.07,1496799,1933279690.0,3.06,0.06
2011-05-31,59914.97,60882.41,61002.83,59710.75,1.99,1189.73,1607362,2268658583.0,2.16,0.06
2011-06-01,60683.39,60430.29,60912.37,60043.69,-0.74,-452.12,1360784,1838029008.0,1.43,0.05
2011-06-02,59760.22,59146.86,60074.72,58502.01,-2.12,-1283.43,1844084,2383229071.0,2.6,0.07
2011-06-03,59138.65,59767.8,60071.84,58964.64,1.05,620.94,1127660,1473418808.0,1.87,0.04
2011-06-07,59609.06,59888.52,60161.52,59324.05,0.2,120.72,1066268,1381522819.0,1.4,0.04
2011-06-08,59580.96,59652.72,59825.13,58706.14,-0.39,-235.8,1508170,1977049677.0,1.87,0.06
2011-06-09,59436.57,58559.37,59820.06,58392.76,-1.83,-1093.35,1073613,1382334642.0,2.39,0.04
2011-06-10,58284.48,58659.6,59176.96,57883.92,0.17,100.23,1678406,2041929240.0,2.21,0.06
2011-06-13,58257.57,57966.65,58409.77,57344.35,-1.18,-692.95,1231581,1490487813.0,1.82,0.05
2011-06-14,57905.28,59110.41,59897.02,57771.1,1.97,1143.76,2280006,2915558935.0,3.67,0.09
2011-06-15,58964.96,58429.94,59264.72,58183.59,-1.15,-680.47,1543633,1976131696.0,1.83,0.06
2011-06-16,58130.51,57344.97,58434.74,57092.67,-1.86,-1084.97,1571609,2033952776.0,2.3,0.06
2011-06-17,57289.19,56964.75,58107.48,56723.07,-0.66,-380.22,1596137,2071953682.0,2.41,0.06
2011-06-20,56781.38,57393.41,58101.85,56597.92,0.75,428.66,1547682,1968052262.0,2.64,0.06
2011-06-21,57518.06,57982.49,58261.86,57184.59,1.03,589.08,1723816,2293187951.0,1.88,0.06
2011-06-22,58094.11,57476.55,58430.93,57144.82,-0.87,-505.94,1295750,1708378452.0,2.22,0.05
2011-06-23,57276.23,58536.52,58843.1,57010.18,1.84,1059.97,1605370,2149550614.0,3.19,0.06
2011-06-24,58268.85,62344.7,63763.9,58118.59,6.51,3808.18,7110136,9980501501.0,9.64,0.27
2011-06-27,61941.82,62029.72,62977.78,61466.34,-0.51,-314.98,4448625,6454341492.0,2.42,0.17
2011-06-28,61954.13,62212.51,62683.71,61206.9,0.29,182.79,3162928,4525786343.0,2.38,0.12
2011-06-29,62210.99,61265.68,62619.04,61076.04,-1.52,-946.83,2659376,3890457252.0,2.48,0.1
2011-06-30,61417.3,62271.4,63226.11,61230.49,1.64,1005.72,3574458,5061185087.0,3.26,0.13
2011-07-01,62398.68,62202.22,63041.74,61847.19,-0.11,-69.18,2414151,3468047722.0,1.92,0.09
2011-07-04,62760.05,63842.45,64667.74,62498.81,2.64,1640.23,4274225,6028504698.0,3.49,0.16
2011-07-05,63786.62,63787.07,64223.52,63219.81,-0.09,-55.38,2246632,3122946479.0,1.57,0.08
2011-07-06,63741.26,63122.63,63763.23,62652.31,-1.04,-664.44,1939708,2693329306.0,1.74,0.07
2011-07-07,63911.66,62759.95,64464.72,62662.22,-0.57,-362.68,2891478,4161727043.0,2.86,0.11
2011-07-08,62809.23,62968.31,63511.87,62421.05,0.33,208.36,2020460,2766113024.0,1.74,0.08
2011-07-11,62771.89,62870.08,63194.04,62045.41,-0.16,-98.23,1891294,2590135558.0,1.82,0.07
2011-07-12,62288.72,61083.62,62419.35,60804.55,-2.84,-1786.46,2847655,3780993459.0,2.57,0.11
2011-07-13,61127.73,62084.63,62431.25,61083.93,1.64,1001.01,2404790,3284300623.0,2.21,0.09
2011-07-14,62154.14,61990.37,62435.63,61370.76,-0.15,-94.26,2272989,3256606279.0,1.72,0.09
2011-07-15,61780.38,62315.14,62597.52,61256.57,0.52,324.77,2273787,3062867173.0,2.16,0.09
2011-07-18,62444.49,61941.19,62723.71,61723.77,-0.6,-373.95,1807181,2412427445.0,1.6,0.07
2011-07-19,61625.72,61123.85,61755.78,60828.22,-1.32,-817.34,1746066,2284092682.0,1.5,0.07
2011-07-20,61625.62,61365.5,61951.67,60757.18,0.4,241.65,1568497,2085365077.0,1.95,0.06
2011-07-21,61284.36,60750.52,61702.91,60638.65,-1.0,-614.98,1579415,2219015497.0,1.73,0.06
2011-07-22,61128.85,61415.1,62108.95,60904.2,1.09,664.58,2248848,3099427804.0,1.98,0.08
2011-07-25,60874.31,58857.04,61077.78,58467.21,-4.17,-2558.06,2637542,3514177718.0,4.25,0.1
2011-07-26,58832.75,58833.88,59302.9,58357.75,-0.04,-23.16,1103178,1419466586.0,1.61,0.04
2011-07-27,58431.68,58971.73,59209.15,58138.18,0.23,137.85,1309581,1647617418.0,1.82,0.05
2011-07-28,58366.26,58090.0,58602.17,57624.0,-1.5,-881.73,1479612,1824030643.0,1.66,0.06
2011-07-29,58158.54,59053.13,60161.22,57730.67,1.66,963.13,2287705,3007561866.0,4.18,0.09
2011-08-01,58888.3,59126.04,59563.04,58321.15,0.12,72.91,1407334,1822979957.0,2.1,0.05
2011-08-02,58544.5,58216.74,58631.68,57505.17,-1.54,-909.3,1448090,1810188517.0,1.91,0.05
2011-08-03,57749.6,58167.57,58895.67,57446.7,-0.08,-49.17,1283237,1704060542.0,2.49,0.05
2011-08-04,58456.15,58201.06,59017.71,57994.85,0.06,33.49,1080123,1392027759.0,1.76,0.04
2011-08-05,56540.13,56807.19,57384.98,56119.25,-2.39,-1393.87,1943390,2385690187.0,2.17,0.07
2011-08-08,56258.76,54149.64,56997.75,52898.6,-4.68,-2657.55,2699784,3105879451.0,7.22,0.1
2011-08-09,53128.6,54012.28,54681.38,52277.64,-0.25,-137.36,2964308,3395262995.0,4.44,0.11
2011-08-10,55055.98,54333.59,55452.74,54162.13,0.59,321.31,2325342,2764494718.0,2.39,0.09
2011-08-11,53314.45,55896.09,56754.23,53055.39,2.88,1562.5,7351163,6179438023.0,6.81,0.28
2011-08-12,56067.09,55578.23,56491.23,55403.07,-0.57,-317.86,7229125,5760336707.0,1.95,0.27
2011-08-15,55713.33,56525.04,56794.16,55300.91,1.7,946.81,4174301,3444386355.0,2.69,0.16
2011-08-16,56815.38,56000.15,57241.7,55739.72,-0.93,-524.89,4240541,3884620482.0,2.66,0.16
2011-08-17,55939.78,56921.02,57622.58,55722.53,1.64,920.87,5358725,4909669727.0,3.39,0.2
2011-08-18,56880.98,55932.27,57186.56,55723.5,-1.74,-988.75,3434719,3326985806.0,2.57,0.13
2011-08-19,54748.81,55160.78,55630.29,54376.59,-1.38,-771.49,3122303,2869088399.0,2.24,0.12
2011-08-22,55710.69,54687.7,56135.47,54352.06,-0.86,-473.08,3252987,2706185348.0,3.23,0.12
2011-08-23,54984.42,56038.2,56195.56,54696.69,2.47,1350.5,3110029,2904475396.0,2.74,0.12
2011-08-24,56286.48,55600.79,56572.47,55443.99,-0.78,-437.41,2811020,2671020608.0,2.01,0.11
2011-08-25,55879.63,58536.47,58789.06,55661.79,5.28,2935.68,8477742,8372855200.0,5.62,0.32
2011-08-26,58305.88,58284.52,59039.93,57659.41,-0.43,-251.95,5854004,5607977302.0,2.36,0.22
2011-08-29,57525.83,56459.13,57687.82,56240.38,-3.13,-1825.39,4253722,4371955768.0,2.48,0.16
2011-08-30,57030.02,56145.88,57846.44,56036.75,-0.55,-313.25,4704562,4703666305.0,3.21,0.18
2011-08-31,56193.48,56331.48,56743.52,55686.93,0.33,185.6,2647239,2583065773.0,1.88,0.1
2011-09-01,56499.43,56234.96,57411.56,55849.97,-0.17,-96.52,3005659,2986634636.0,2.77,0.11
2011-09-02,56138.06,55625.27,56278.75,55483.2,-1.08,-609.69,2916473,2648624640.0,1.41,0.11
2011-09-05,54977.11,54152.04,54977.11,54104.1,-2.65,-1473.23,2768742,2633685776.0,1.57,0.1
2011-09-06,53752.65,54169.41,54312.43,53646.66,0.03,17.37,2430562,2224745936.0,1.23,0.09
2011-09-07,54537.94,55637.97,56197.47,54479.76,2.71,1468.56,4430465,4205561024.0,3.17,0.17
2011-09-08,55735.03,55062.17,55866.71,55056.98,-1.03,-575.8,3149497,2974665344.0,1.46,0.12
2011-09-09,55536.87,55787.86,57228.22,55420.27,1.32,725.69,5768005,5353135616.0,3.28,0.22
2011-09-13,54746.28,55965.06,55978.04,54596.74,0.32,177.2,4156459,3840919168.0,2.48,0.16
2011-09-14,56075.19,57078.41,57086.97,55090.9,1.99,1113.35,5299677,5002834688.0,3.57,0.2
2011-09-15,56948.2,56975.27,57761.21,56753.3,-0.18,-103.14,6034254,6142627840.0,1.77,0.23
2011-09-16,57287.35,56436.04,57533.75,56396.9,-0.95,-539.23,3468369,3572310144.0,2.0,0.13
2011-09-19,55795.85,55060.9,55803.57,55053.56,-2.44,-1375.14,3256095,3242978704.0,1.33,0.12
2011-09-20,55056.84,56208.07,56316.63,54944.74,2.08,1147.17,3971876,3941453760.0,2.49,0.15
2011-09-21,56139.05,58106.01,58496.03,55524.41,3.38,1897.94,7715784,8364803584.0,5.29,0.29
2011-09-22,57407.41,55857.94,57545.88,55823.22,-3.87,-2248.07,5528111,5952043520.0,2.96,0.21
2011-09-23,54737.75,56361.53,56364.92,54661.36,0.9,503.59,4587287,4742172416.0,3.05,0.17
2011-09-26,55673.11,55059.78,56653.2,54703.17,-2.31,-1301.75,3838539,4028075536.0,3.46,0.14
2011-09-27,55667.79,55964.22,56452.43,55231.79,1.64,904.44,4753579,4820788224.0,2.22,0.18
2011-09-28,56312.89,54928.28,56536.94,54607.98,-1.85,-1035.94,3687485,3770480672.0,3.45,0.14
2011-09-29,54470.96,54539.77,55603.59,54343.45,-0.71,-388.51,2868206,3194009584.0,2.29,0.11
2011-09-30,54628.93,53804.38,54910.3,53599.9,-1.35,-735.39,3251725,3281441600.0,2.4,0.12
2011-10-10,54085.16,53419.28,54196.23,53215.48,-0.72,-385.1,2423256,2486161856.0,1.82,0.09
2011-10-11,55616.32,54342.87,55970.14,53691.88,1.73,923.59,5014237,5177214464.0,4.26,0.19
2011-10-12,53923.44,58450.39,58817.96,53659.18,7.56,4107.52,11175814,11495368192.0,9.49,0.42
2011-10-13,58256.13,58552.84,59190.13,58055.46,0.18,102.45,8736264,8998028800.0,1.94,0.33
2011-10-14,58058.53,58478.79,58826.29,57809.1,-0.13,-74.05,5203750,5436825088.0,1.74,0.19
2011-10-17,58328.5,58437.23,59093.81,57919.95,-0.07,-41.56,4623418,4799129088.0,2.01,0.17
2011-10-18,57862.62,55686.72,57893.34,55508.57,-4.71,-2750.51,5993797,5867075840.0,4.08,0.22
2011-10-19,55936.49,55970.53,57036.95,55531.81,0.51,283.81,4318320,4266317472.0,2.7,0.16
2011-10-20,55424.68,55624.29,56035.54,54936.82,-0.62,-346.24,4147660,4048259328.0,1.96,0.16
2011-10-21,55657.06,55189.87,56111.69,55155.91,-0.78,-434.42,3161582,3091416192.0,1.72,0.12
2011-10-24,55536.2,57657.77,58108.67,55536.2,4.47,2467.9,6426924,6426944256.0,4.66,0.24
2011-10-25,57376.48,57981.43,58605.13,56709.43,0.56,323.66,6188417,6251057152.0,3.29,0.23
2011-10-26,57554.74,58058.98,58932.29,57498.04,0.13,77.55,5881133,6232601088.0,2.47,0.22
2011-10-27,58347.57,58078.16,58524.01,57818.81,0.03,19.18,4185687,4390118912.0,1.21,0.16
2011-10-28,59260.08,59133.25,59569.06,58436.12,1.82,1055.09,6115954,6445287168.0,1.95,0.23
2011-10-31,59458.23,58399.4,59578.79,58168.78,-1.24,-733.85,4389070,4653205248.0,2.38,0.16
2011-11-01,57769.72,58919.32,59237.63,57648.08,0.89,519.92,4740858,4907118848.0,2.72,0.18
2011-11-02,57771.27,60140.45,60359.9,57618.47,2.07,1221.13,6443187,6586524160.0,4.65,0.24
2011-11-03,60362.36,59493.53,60856.83,59443.93,-1.08,-646.92,7167532,7706372864.0,2.35,0.27
2011-11-04,60105.35,59784.56,60308.94,59283.77,0.49,291.03,4201315,4435825152.0,1.72,0.16
2011-11-07,59411.04,58634.34,59440.97,58551.81,-1.92,-1150.22,3658826,3659775632.0,1.49,0.14
2011-11-08,58780.57,58325.65,59330.61,58180.51,-0.53,-308.69,3069932,3118732592.0,1.96,0.11
2011-11-09,58680.5,59023.57,59092.81,57960.81,1.2,697.92,3246293,3214947952.0,1.94,0.12
2011-11-10,58230.85,57603.79,58380.2,57603.79,-2.41,-1419.78,7034948,5672872448.0,1.32,0.26
2011-11-11,57719.06,57369.49,58047.84,57172.9,-0.41,-234.3,3434938,2993401808.0,1.52,0.13
2011-11-14,57893.03,58579.75,58697.48,57724.09,2.11,1210.26,4184778,3705289344.0,1.7,0.16
2011-11-15,58466.13,58032.94,58553.84,57790.02,-0.93,-546.81,3309451,3093932384.0,1.3,0.12
2011-11-16,58065.48,56113.45,58078.84,55938.04,-3.31,-1919.49,4431473,4093373264.0,3.69,0.17
2011-11-17,56084.25,55729.8,56306.49,55664.09,-0.68,-383.65,2748622,2526964736.0,1.14,0.1
2011-11-18,55439.91,55149.41,56392.13,54926.43,-1.04,-580.39,4466708,4098598080.0,2.63,0.17
2011-11-21,55192.78,55378.12,55406.59,54599.41,0.41,228.71,2331436,2090747632.0,1.46,0.09
2011-11-22,54893.35,55381.26,55468.36,54646.52,0.01,3.14,2333355,2124039552.0,1.48,0.09
2011-11-23,55460.47,53750.14,55505.15,53634.31,-2.95,-1631.12,2947057,2733942480.0,3.38,0.11
2011-11-24,53294.88,53413.41,53918.74,53012.06,-0.63,-336.73,2393827,2161496608.0,1.69,0.09
2011-11-25,53354.45,52848.61,53497.12,52716.04,-1.06,-564.8,2077413,1969550336.0,1.46,0.08
2011-11-28,53121.26,53256.4,53766.74,52895.22,0.77,407.79,2631010,2322846752.0,1.65,0.1
2011-11-29,53791.94,53799.59,53884.84,53350.41,1.02,543.19,2575047,2269157904.0,1.0,0.1
2011-11-30,53585.53,50819.28,53670.32,50549.95,-5.54,-2980.31,4342497,3814370192.0,5.8,0.16
2011-12-01,53086.65,52449.39,53757.74,52362.22,3.21,1630.11,5726625,5355474432.0,2.75,0.21
2011-12-02,52076.5,51574.71,52162.23,51293.47,-1.67,-874.68,2985518,2659216992.0,1.66,0.11
2011-12-05,51673.59,51050.17,51747.76,50804.4,-1.02,-524.54,2393707,2077480384.0,1.83,0.09
2011-12-06,50883.45,51459.63,51690.43,50883.45,0.8,409.46,2134411,1908923744.0,1.58,0.08
2011-12-07,51571.71,51902.12,52010.03,51411.23,0.86,442.49,2121734,1901069376.0,1.16,0.08
2011-12-08,51780.78,51690.11,52303.97,50758.79,-0.41,-212.01,2924977,2452098704.0,2.98,0.11
2011-12-09,51201.96,51171.66,51736.54,51087.77,-1.0,-518.45,1965095,1636741200.0,1.26,0.07
2011-12-12,51131.56,50530.68,51151.19,50416.82,-1.25,-640.98,4040285,3178033696.0,1.44,0.15
2011-12-13,50269.51,49238.76,50463.77,49129.7,-2.56,-1291.92,4318348,3474462544.0,2.64,0.16
2011-12-14,49039.33,48475.49,49279.5,48175.45,-1.55,-763.27,3223900,2513075968.0,2.24,0.12
2011-12-15,48164.36,47198.63,48414.17,47169.7,-2.63,-1276.86,4026213,3103713552.0,2.57,0.15
2011-12-16,47063.68,48027.7,48027.7,46158.69,1.76,829.07,4410088,3318346848.0,3.96,0.17
2011-12-19,47370.61,47441.23,47669.86,45926.19,-1.22,-586.47,4057712,3134355696.0,3.63,0.15
2011-12-20,47235.54,46707.59,47796.63,46688.97,-1.55,-733.64,3200145,2515862304.0,2.33,0.12
2011-12-21,47307.66,45667.08,47446.77,45634.47,-2.23,-1040.51,2901221,2244813648.0,3.88,0.11
2011-12-22,45246.43,44893.25,45508.51,43881.07,-1.69,-773.83,3668504,2698036176.0,3.56,0.14
2011-12-23,44799.0,45085.79,45877.59,44593.57,0.43,192.54,2630701,1838043472.0,2.86,0.1
2011-12-26,44758.6,44286.89,45169.69,44245.73,-1.77,-798.9,2505070,1898932848.0,2.05,0.09
2011-12-27,44193.9,44391.94,45714.63,43806.11,0.24,105.05,4664623,3335503776.0,4.31,0.17
2011-12-28,43819.64,45451.67,45632.73,43612.95,2.39,1059.73,5409484,3913078624.0,4.55,0.2
2011-12-29,44916.7,44803.56,45363.3,44767.61,-1.43,-648.11,3583371,2595309456.0,1.31,0.13
2011-12-30,45062.83,45278.51,45637.47,45062.34,1.06,474.95,3218765,2459120848.0,1.28,0.12
2012-01-04,45723.79,44108.7,45723.79,44108.7,-2.58,-1169.81,2811425,2116284384.0,3.57,0.11
2012-01-05,43892.47,43419.96,44809.63,43296.52,-1.56,-688.74,3130860,2392745856.0,3.43,0.12
2012-01-06,43330.78,44412.31,44591.2,43008.92,2.29,992.35,4143861,2973943808.0,3.64,0.16
2012-01-09,44270.27,46165.85,46215.79,43920.87,3.95,1753.54,5360552,4081389792.0,5.17,0.2
2012-01-10,45994.67,47865.47,48092.89,45865.22,3.68,1699.62,6778563,5332613888.0,4.83,0.25
2012-01-11,47722.31,47490.95,47916.86,47167.61,-0.78,-374.52,4413299,3469334624.0,1.57,0.17
2012-01-12,47207.48,47238.7,47880.2,47004.12,-0.53,-252.25,3147833,2479134288.0,1.84,0.12
2012-01-13,47330.65,46151.07,47564.61,45817.49,-2.3,-1087.63,3630978,2818187904.0,3.7,0.14
2012-01-16,46053.56,45612.61,46700.59,45598.11,-1.17,-538.46,2307086,1856563904.0,2.39,0.09
2012-01-17,45652.29,48634.57,48746.67,45550.95,6.63,3021.96,4723362,3731908832.0,7.01,0.18
2012-01-18,48478.9,48455.55,51094.05,48317.08,-0.37,-179.02,7516560,5708407808.0,5.71,0.28
2012-01-19,48516.37,49964.71,50469.15,48416.07,3.11,1509.16,5631151,4579777280.0,4.24,0.21
2012-01-20,50210.48,50537.89,51007.71,49518.7,1.15,573.18,4716412,4021229360.0,2.98,0.18
2012-01-30,50516.67,49245.14,50516.67,49207.37,-2.56,-1292.75,3230636,2720774928.0,2.59,0.12
2012-01-31,49302.07,49431.77,49637.48,48938.96,0.38,186.63,2155963,1746719072.0,1.42,0.08
2012-02-01,49276.95,48222.95,49612.67,48080.02,-2.45,-1208.82,2396803,1967269776.0,3.1,0.09
2012-02-02,48485.5,49787.31,49787.31,48079.61,3.24,1564.36,3308902,2663960336.0,3.54,0.12
2012-02-03,49539.53,49891.05,50233.59,49071.87,0.21,103.74,3463381,2854045104.0,2.33,0.13
2012-02-06,50107.11,49705.45,50273.06,49405.94,-0.37,-185.6,3518261,2850393296.0,1.74,0.13
2012-02-07,49268.34,48147.55,49319.73,47856.22,-3.13,-1557.9,3467518,2829982080.0,2.94,0.13
2012-02-08,48098.13,50185.82,50638.86,47987.03,4.23,2038.27,4754289,3980339200.0,5.51,0.18
2012-02-09,50076.02,49893.75,50473.95,49729.66,-0.58,-292.07,4425588,3689660112.0,1.48,0.17
2012-02-10,49702.68,50331.85,51345.07,49651.41,0.88,438.1,5460687,4675664384.0,3.39,0.2
2012-02-13,49666.98,50234.44,50874.47,49475.09,-0.19,-97.41,3873184,3298150112.0,2.78,0.15
2012-02-14,50202.66,50110.32,50634.08,49657.27,-0.25,-124.12,3836463,3024198176.0,1.94,0.14
2012-02-15,49869.6,51097.48,51614.96,49772.9,1.97,987.16,6361416,5309671680.0,3.68,0.24
2012-02-16,50943.17,50940.04,51287.48,50377.47,-0.31,-157.44,4411236,3713523312.0,1.78,0.17
2012-02-17,51321.64,51082.9,51507.54,50792.73,0.28,142.86,4031608,3419883520.0,1.4,0.15
2012-02-20,52021.32,50946.74,52076.37,50931.44,-0.27,-136.16,4538882,3921961104.0,2.24,0.17
2012-02-21,51038.28,51449.11,51449.11,50365.41,0.99,502.37,3649552,3110797168.0,2.13,0.14
2012-02-22,51357.88,53269.93,53587.19,51254.06,3.54,1820.82,10069691,8431184128.0,4.53,0.38
2012-02-23,53087.6,53001.02,53461.1,52673.22,-0.5,-268.91,5932286,5143115264.0,1.48,0.22
2012-02-24,53023.31,54394.27,54659.59,52949.84,2.63,1393.25,8660911,7597359616.0,3.23,0.32
2012-02-27,54727.32,55010.61,56361.47,54727.32,1.13,616.34,10945957,10243449344.0,3.0,0.41
2012-02-28,54940.11,55242.32,55650.15,54663.19,0.42,231.71,6275919,5923036416.0,1.79,0.23
2012-02-29,55043.73,54142.2,55043.73,54022.93,-1.99,-1100.12,4537946,4320152320.0,1.85,0.17
2012-03-01,53851.01,54343.29,54890.47,53851.01,0.37,201.09,3690694,3299648208.0,1.92,0.14
2012-03-02,54505.47,56204.84,56263.68,54505.47,3.43,1861.55,6234031,6112205312.0,3.24,0.23
2012-03-05,56613.48,56529.76,57420.71,56490.87,0.58,324.92,6783265,6965665792.0,1.65,0.25
2012-03-06,56364.1,55965.71,56461.93,55653.11,-1.0,-564.05,4698003,4639729408.0,1.43,0.18
2012-03-07,55261.32,56040.56,56660.79,55145.78,0.13,74.85,5067296,5112801792.0,2.71,0.19
2012-03-08,56374.11,58045.06,58817.95,56374.11,3.58,2004.5,9135739,8897928448.0,4.36,0.34
2012-03-09,58210.71,58208.85,58369.59,57692.82,0.28,163.79,5898309,5873891072.0,1.17,0.22
2012-03-12,57968.72,57783.33,58463.49,57010.19,-0.73,-425.52,6179625,6000747776.0,2.5,0.23
2012-03-13,57643.67,58210.12,58475.77,57473.18,0.74,426.79,4768137,4659502848.0,1.74,0.18
2012-03-14,58616.93,55965.39,59420.9,55790.73,-3.86,-2244.73,10197727,9959143168.0,6.24,0.38
2012-03-15,55987.91,55695.44,56489.71,55217.61,-0.48,-269.95,5672324,5387945984.0,2.27,0.21
2012-03-16,55889.98,57221.16,57291.33,55889.98,2.74,1525.72,5231437,5142105344.0,2.52,0.2
2012-03-19,56847.74,57416.33,57587.7,56450.35,0.34,195.17,4289120,4213962064.0,1.99,0.16
2012-03-20,57105.7,55115.73,57105.7,55021.01,-4.01,-2300.6,5390771,5185029888.0,3.63,0.2
2012-03-21,55727.87,54766.97,55904.56,54309.44,-0.63,-348.76,4822831,4700772096.0,2.89,0.18
2012-03-22,54806.49,55151.91,55819.38,54526.63,0.7,384.94,3436957,3362335584.0,2.36,0.13
2012-03-23,54831.33,54431.03,55435.0,54227.46,-1.31,-720.88,3761766,3558205136.0,2.19,0.14
2012-03-26,54413.96,54241.37,54726.39,53832.84,-0.35,-189.66,2722087,2559055168.0,1.64,0.1
2012-03-27,54761.37,54111.28,54868.75,53973.94,-0.24,-130.09,2508479,2324376880.0,1.65,0.09
2012-03-28,53930.2,52580.79,54322.94,52492.3,-2.83,-1530.49,4733079,4683725056.0,3.38,0.18
2012-03-29,52101.85,51815.45,52760.47,51292.47,-1.46,-765.34,4031368,3742096432.0,2.79,0.15
2012-03-30,52006.27,52580.68,52949.76,51990.3,1.48,765.23,3876530,3773637344.0,1.85,0.15
2012-04-05,52601.45,55615.06,56880.79,52352.33,5.77,3034.38,8012839,8261439488.0,8.61,0.3
2012-04-06,55187.83,56057.87,56241.9,55187.83,0.8,442.81,4775502,5050487040.0,1.9,0.18
2012-04-09,55840.12,55503.0,56607.68,55383.29,-0.99,-554.87,3241007,3407485120.0,2.18,0.12
2012-04-10,55339.95,56444.32,56449.33,54130.09,1.7,941.32,4214005,4348798976.0,4.18,0.16
2012-04-11,55650.46,56370.22,57218.88,55448.32,-0.13,-74.1,4228219,4370590720.0,3.14,0.16
2012-04-12,56486.27,58642.41,58768.02,56269.9,4.03,2272.19,9094190,9656344576.0,4.43,0.34
2012-04-13,58836.19,59104.37,60754.36,58695.83,0.79,461.96,9629852,10660998912.0,3.51,0.36
2012-04-16,58620.7,59618.13,60227.03,58556.88,0.87,513.76,6925245,7402855680.0,2.83,0.26
2012-04-17,59492.77,57530.35,59665.44,57526.43,-3.5,-2087.78,6017590,6413046016.0,3.59,0.23
2012-04-18,57761.94,60543.7,60744.41,57591.93,5.24,3013.35,11626401,11908657408.0,5.48,0.44
2012-04-19,60378.2,60226.31,61088.28,59893.49,-0.52,-317.39,10937943,11154487040.0,1.97,0.41
2012-04-20,60140.89,62818.19,63619.38,60090.65,4.3,2591.88,18038203,18444484608.0,5.86,0.68
2012-04-23,62831.82,61904.13,63147.86,61812.09,-1.46,-914.06,16642563,16640717056.0,2.13,0.62
2012-04-24,61284.47,61832.84,62879.88,59498.17,-0.12,-71.29,14479807,15190809088.0,5.46,0.54
2012-04-25,61511.95,61456.24,62778.04,60988.91,-0.61,-376.6,11415572,12209956352.0,2.89,0.43
2012-04-26,61538.13,62017.67,62954.96,60279.45,0.91,561.43,10503768,12337945088.0,4.35,0.39
2012-04-27,61624.45,60745.16,61901.73,60583.9,-2.05,-1272.51,8169979,8196888064.0,2.12,0.31
2012-05-02,62771.02,61786.89,62888.36,61725.78,1.71,1041.73,10844945,11726030848.0,1.91,0.41
2012-05-03,61721.95,63418.4,63831.0,61586.76,2.64,1631.51,11785520,13399170816.0,3.63,0.44
2012-05-04,63141.12,62919.59,63590.15,61848.4,-0.79,-498.81,8895805,10351921408.0,2.75,0.33
2012-05-07,62516.06,62442.79,63154.04,61711.65,-0.76,-476.8,7536462,8484324864.0,2.29,0.28
2012-05-08,62573.32,61234.09,62647.11,60864.32,-1.94,-1208.7,7342614,8554387968.0,2.86,0.27
2012-05-09,60506.74,60417.04,61417.35,60068.03,-1.33,-817.05,5891754,6235611136.0,2.2,0.22
2012-05-10,60445.29,60780.22,61275.59,60048.43,0.6,363.18,5675859,6489595136.0,2.03,0.21
2012-05-11,60547.73,59901.72,61130.1,59845.73,-1.45,-878.5,5389681,6230788608.0,2.11,0.2
2012-05-14,60551.3,60151.78,61602.36,59748.54,0.42,250.06,7706738,9066006784.0,3.09,0.29
2012-05-15,59572.43,60936.17,61049.65,59434.85,1.3,784.39,5174267,6301675264.0,2.68,0.19
2012-05-16,60642.81,59941.06,61784.86,59926.95,-1.63,-995.11,6425626,7679976704.0,3.05,0.24
2012-05-17,60093.7,63057.08,63253.22,60093.7,5.2,3116.02,10933934,13129870848.0,5.27,0.41
2012-05-18,62343.94,62212.77,63193.1,61916.01,-1.34,-844.31,8310583,10092510208.0,2.03,0.31
2012-05-21,61707.7,60923.84,62089.28,60449.19,-2.07,-1288.93,6278704,7697334016.0,2.64,0.24
2012-05-22,61271.41,62652.7,62792.96,61271.41,2.84,1728.86,5587628,6735173632.0,2.5,0.21
2012-05-23,62393.75,64114.15,64216.34,62225.69,2.33,1461.45,8817304,10545898240.0,3.18,0.33
2012-05-24,63896.43,63046.59,64243.62,62699.41,-1.67,-1067.56,5471159,6672691968.0,2.41,0.2
2012-05-25,62928.25,62042.26,63617.18,61580.5,-1.59,-1004.33,5144375,6404077056.0,3.23,0.19
2012-05-28,61391.45,62843.49,62891.61,60376.65,1.29,801.23,5741858,6751961344.0,4.05,0.21
2012-05-29,62704.98,64687.46,65437.3,62587.69,2.93,1843.97,9304435,11150831360.0,4.53,0.35
2012-05-30,64521.92,64856.35,65219.9,64341.4,0.26,168.89,5461926,6605491200.0,1.36,0.2
2012-05-31,64255.3,64845.32,65743.58,64151.87,-0.02,-11.03,5705294,7588526848.0,2.45,0.21
2012-06-01,64868.38,65418.98,66358.91,64858.3,0.88,573.66,7093779,8224708352.0,2.31,0.27
2012-06-04,64045.0,62929.41,65388.52,62892.94,-3.81,-2489.57,7799894,8556593664.0,3.81,0.29
2012-06-05,63215.0,61860.73,63491.36,61544.59,-1.7,-1068.68,5217027,5961844224.0,3.09,0.2
2012-06-06,62019.27,61618.91,62645.99,61191.76,-0.39,-241.82,4110308,4404736512.0,2.35,0.15
2012-06-07,62624.72,61651.41,63051.88,61335.81,0.05,32.5,4864403,5244863744.0,2.78,0.18
2012-06-08,62670.95,62162.31,63404.41,61760.73,0.83,510.9,5925550,6445690112.0,2.67,0.22
2012-06-11,62446.16,63821.06,63927.74,62157.22,2.67,1658.75,5244834,5792753920.0,2.85,0.2
2012-06-12,63244.5,62859.75,63620.2,62722.43,-1.51,-961.31,4009659,4469443328.0,1.41,0.15
2012-06-13,63259.76,64532.99,65072.0,62633.1,2.66,1673.24,8638511,9690119168.0,3.88,0.32
2012-06-14,64197.3,63435.52,64521.37,63408.95,-1.7,-1097.47,5185643,5925016576.0,1.72,0.19
2012-06-15,63846.94,63593.6,64304.94,62637.4,0.25,158.08,5665974,6436769536.0,2.63,0.21
2012-06-18,63994.8,64437.55,64895.32,63963.57,1.33,843.95,4700176,5292938752.0,1.47,0.18
2012-06-19,64227.27,63403.02,64268.93,63250.35,-1.61,-1034.53,3884574,4468143104.0,1.58,0.15
2012-06-20,63609.73,62249.13,63787.7,62249.13,-1.82,-1153.89,3882092,4402179072.0,2.43,0.15
2012-06-21,61986.92,59807.28,61986.92,59652.94,-3.92,-2441.85,5731607,6471107584.0,3.75,0.21
2012-06-25,59509.15,57713.13,59509.15,57563.21,-3.5,-2094.15,5045742,5364070400.0,3.25,0.19
2012-06-26,57280.59,58160.38,58597.49,57199.8,0.77,447.25,4021746,4343280128.0,2.42,0.15
2012-06-27,58108.37,57745.24,58761.17,57694.98,-0.71,-415.14,3049771,3188380816.0,1.83,0.11
2012-06-28,57935.51,56823.1,58483.53,56823.1,-1.6,-922.14,2828788,2949997632.0,2.88,0.11
2012-06-29,56340.43,58808.94,59002.53,56304.5,3.49,1985.84,4995461,5267281664.0,4.75,0.19
2012-07-02,59038.6,58713.83,59411.92,58415.7,-0.16,-95.11,3514571,3806959680.0,1.69,0.13
2012-07-03,58789.79,58425.03,59291.13,58080.96,-0.49,-288.8,3594386,3982339168.0,2.06,0.13
2012-07-04,58552.76,58229.31,58739.73,57973.65,-0.33,-195.72,2328898,2591049232.0,1.31,0.09
2012-07-05,57728.36,55707.37,57728.36,55456.73,-4.33,-2521.94,4288937,4372830976.0,3.9,0.16
2012-07-06,56345.45,57419.33,57816.04,55038.92,3.07,1711.96,4922147,5053188864.0,4.99,0.18
2012-07-09,56721.15,55384.73,57145.13,55380.54,-3.54,-2034.6,3820410,3941805568.0,3.07,0.14
2012-07-10,55239.59,55472.9,56014.94,55155.53,0.16,88.17,2836760,2869466416.0,1.55,0.11
2012-07-11,55262.43,56110.75,56215.73,55238.07,1.15,637.85,3431312,3402529008.0,1.76,0.13
2012-07-12,55817.82,57710.95,58170.46,55213.73,2.85,1600.2,6025037,6201319680.0,5.27,0.23
2012-07-13,57360.9,57499.78,58589.27,57279.11,-0.37,-211.17,3708475,3991964512.0,2.27,0.14
2012-07-16,57812.75,56342.03,57812.75,56273.65,-2.01,-1157.75,3682384,3775263536.0,2.68,0.14
2012-07-17,56027.99,58024.59,59001.32,56027.99,2.99,1682.56,4555542,5070385920.0,5.28,0.17
2012-07-18,57823.73,59216.77,59296.36,57231.65,2.05,1192.18,4783188,5415255296.0,3.56,0.18
2012-07-19,58822.44,59791.59,61120.24,58723.44,0.97,574.82,7486933,8345775104.0,4.05,0.28
2012-07-20,59380.09,59076.8,59848.65,58901.71,-1.2,-714.79,3853294,4309562368.0,1.58,0.14
2012-07-23,58550.28,58259.48,58979.25,57434.25,-1.38,-817.32,3815223,4220120896.0,2.62,0.14
2012-07-24,57723.86,58843.7,59396.54,57723.86,1.0,584.22,4769836,5117007616.0,2.87,0.18
2012-07-25,58495.55,57989.27,58920.68,57848.41,-1.45,-854.43,2860686,3042826528.0,1.82,0.11
2012-07-26,57906.32,57568.11,58750.83,57502.38,-0.73,-421.16,3534056,3895616032.0,2.15,0.13
2012-07-27,57793.59,56851.27,58132.46,56377.57,-1.25,-716.84,3621095,3885408416.0,3.05,0.14
2012-07-30,56878.73,55635.25,57482.28,55605.75,-2.14,-1216.02,3291644,3509060688.0,3.3,0.12
2012-07-31,55631.72,56056.98,56500.16,55505.03,0.76,421.73,2497722,2620743712.0,1.79,0.09
2012-08-01,55983.87,57142.29,57725.43,55983.87,1.94,1085.31,3722822,4089034640.0,3.11,0.14
2012-08-02,57032.31,56275.87,57122.19,55912.22,-1.52,-866.42,2852553,3040009760.0,2.12,0.11
2012-08-03,56908.08,57159.22,57159.22,56072.17,1.57,883.35,3407793,3709164192.0,1.93,0.13
2012-08-06,57025.92,58201.0,58397.12,56971.2,1.82,1041.78,4554038,4883627008.0,2.49,0.17
2012-08-07,57994.97,57809.91,58272.8,57577.56,-0.67,-391.09,3377772,3562058000.0,1.19,0.13
2012-08-08,58253.41,58039.27,58801.47,57871.95,0.4,229.36,3884265,4185899344.0,1.61,0.15
2012-08-09,57893.15,58099.02,58200.47,56891.55,0.1,59.75,3743727,3976623536.0,2.26,0.14
2012-08-10,57989.36,57353.06,57989.36,57175.26,-1.28,-745.96,2599236,2751677792.0,1.4,0.1
2012-08-13,57158.88,52981.0,57158.88,52778.41,-7.62,-4372.06,7599537,7641861632.0,7.64,0.28
2012-08-14,52956.74,52466.04,53123.98,51279.21,-0.97,-514.96,5112834,4990386944.0,3.48,0.19
2012-08-15,52161.18,51782.04,52310.7,51659.77,-1.3,-684.0,2469844,2433363920.0,1.24,0.09
2012-08-16,51794.81,51772.26,52504.71,51636.09,-0.02,-9.78,2591853,2530189376.0,1.68,0.1
2012-08-17,51775.72,51905.73,51905.73,51234.28,0.26,133.47,1914717,1880375408.0,1.3,0.07
2012-08-20,51323.24,51880.98,52096.68,51030.63,-0.05,-24.75,2272160,2192367104.0,2.05,0.09
2012-08-21,51911.77,52291.29,52711.77,51787.61,0.79,410.31,3085004,3044277808.0,1.78,0.12
2012-08-22,52395.39,52062.4,52527.0,51857.15,-0.44,-228.89,2321937,2292086864.0,1.28,0.09
2012-08-23,52416.4,52351.81,52936.12,52048.54,0.56,289.41,2537985,2489447520.0,1.7,0.1
2012-08-24,52264.27,51716.36,52394.15,51653.41,-1.21,-635.45,2107005,2054194672.0,1.41,0.08
2012-08-27,51399.05,49047.7,51399.05,49028.72,-5.16,-2668.66,4106154,3803698688.0,4.58,0.15
2012-08-28,48982.0,49728.22,50341.69,48738.69,1.39,680.52,3780579,3565173968.0,3.27,0.14
2012-08-29,49291.16,48988.16,49704.21,48939.99,-1.49,-740.06,2508368,2284485952.0,1.54,0.09
2012-08-30,48878.4,50274.66,50911.73,48878.4,2.63,1286.5,5343466,5001229824.0,4.15,0.2
2012-08-31,50034.67,49923.29,50342.37,49859.05,-0.7,-351.37,2632248,2491294224.0,0.96,0.1
2012-09-03,49660.57,51272.26,51550.11,49587.34,2.7,1348.97,5397756,5353458432.0,3.93,0.2
2012-09-04,51412.73,50694.22,51742.35,50643.54,-1.13,-578.04,3884358,3851150128.0,2.14,0.15
2012-09-05,50530.81,50860.7,51412.49,50523.38,0.33,166.48,3157961,3202270912.0,1.75,0.12
2012-09-06,50879.86,51295.43,51562.12,50879.86,0.85,434.73,2759907,2703983392.0,1.34,0.1
2012-09-07,51879.31,55176.53,55730.34,51879.31,7.57,3881.1,10897053,10727241472.0,7.51,0.41
2012-09-10,55130.18,55487.5,56175.52,55050.57,0.56,310.97,8003176,8225409024.0,2.04,0.3
2012-09-11,55110.68,55168.0,55193.43,54130.41,-0.58,-319.5,5454453,5583476480.0,1.92,0.2
2012-09-12,55571.06,55278.68,55930.96,54446.46,0.2,110.68,4545637,4770619136.0,2.69,0.17
2012-09-13,55094.43,54333.21,55605.72,54321.02,-1.71,-945.47,3983661,4024184832.0,2.32,0.15
2012-09-14,55207.6,54800.31,55621.2,54298.9,0.86,467.1,5660134,5601756160.0,2.43,0.21
2012-09-17,54601.08,52634.59,54754.7,52621.4,-3.95,-2165.72,4575124,4596413696.0,3.89,0.17
2012-09-18,52315.37,52145.06,52913.59,51764.17,-0.93,-489.53,2978449,2916412688.0,2.18,0.11
2012-09-19,52340.95,52960.56,53218.59,52236.69,1.56,815.5,3706364,3764204928.0,1.88,0.14
2012-09-20,52626.73,51792.29,52626.73,51581.98,-2.21,-1168.27,3666869,3610153888.0,1.97,0.14
2012-09-21,51559.8,51852.94,52521.46,51199.56,0.12,60.65,3277230,3224796016.0,2.55,0.12
2012-09-24,51119.89,52555.0,53188.18,50967.84,1.35,702.06,4090892,3991948768.0,4.28,0.15
2012-09-25,52351.62,52872.01,53737.0,52320.43,0.6,317.01,3879750,3949435680.0,2.7,0.15
2012-09-26,52893.04,52520.47,53645.5,52416.36,-0.66,-351.54,3325888,3310915232.0,2.32,0.12
2012-09-27,52589.74,55555.8,56160.68,52589.74,5.78,3035.33,9601769,9786424576.0,6.8,0.36
2012-09-28,54812.99,56657.48,56857.85,54776.04,1.98,1101.68,8082328,8702319616.0,3.75,0.3
2012-10-08,56440.63,55829.56,56963.41,55478.29,-1.46,-827.92,4477221,4884807680.0,2.62,0.17
2012-10-09,56165.47,57799.02,58457.27,56165.47,3.53,1969.46,8225956,8628576768.0,4.1,0.31
2012-10-10,57483.66,57726.8,58014.36,57221.35,-0.12,-72.22,4936543,5214236672.0,1.37,0.18
2012-10-11,57529.75,56704.09,58041.16,56578.64,-1.77,-1022.71,5269577,5511102976.0,2.53,0.2
2012-10-12,56996.91,56815.73,57794.13,55789.31,0.2,111.64,4770988,5051678208.0,3.54,0.18
2012-10-15,56993.77,57144.14,57509.7,56212.34,0.58,328.41,4346786,4660957696.0,2.28,0.16
2012-10-16,57080.12,56993.62,57833.62,56775.37,-0.26,-150.52,4472061,4642289408.0,1.85,0.17
2012-10-17,57522.22,56920.2,57720.89,56258.9,-0.13,-73.42,4718800,5008015360.0,2.57,0.18
2012-10-18,57035.37,57723.24,57885.68,56608.81,1.41,803.04,5823570,6018266624.0,2.24,0.22
2012-10-19,57654.86,57442.44,57920.04,57304.48,-0.49,-280.8,3751792,4124680848.0,1.07,0.14
2012-10-22,57221.73,57940.6,58160.31,57057.77,0.87,498.16,4909048,5153525760.0,1.92,0.18
2012-10-23,57971.68,56269.43,58050.84,56143.59,-2.88,-1671.17,5578345,5820567552.0,3.29,0.21
2012-10-24,56015.03,55533.75,56340.16,55377.18,-1.31,-735.68,4161358,4231765408.0,1.71,0.16
2012-10-25,55461.98,54901.81,55878.63,54845.25,-1.14,-631.94,4054811,4107047632.0,1.86,0.15
2012-10-26,54885.22,53902.52,55096.67,53540.37,-1.82,-999.29,4262233,4239611840.0,2.83,0.16
2012-10-29,53835.18,53301.66,53971.43,52920.15,-1.11,-600.86,3175591,3169773184.0,1.95,0.12
2012-10-30,53338.57,53519.41,54134.81,53222.0,0.41,217.75,3797497,3792800304.0,1.71,0.14
2012-10-31,53633.28,53811.28,53913.57,53068.37,0.55,291.87,3185307,3087551408.0,1.58,0.12
2012-11-01,54028.18,55293.81,55718.06,54028.18,2.76,1482.53,6256075,6442350848.0,3.14,0.23
2012-11-02,55277.44,55650.5,55749.73,54897.87,0.65,356.69,4170304,4218060064.0,1.54,0.16
2012-11-05,55519.52,55129.25,55821.77,54871.63,-0.94,-521.25,3054200,3049222704.0,1.71,0.11
2012-11-06,55281.65,55512.51,55839.16,54031.27,0.7,383.26,5205984,5433816064.0,3.28,0.19
2012-11-07,55147.47,54616.91,55390.16,54593.4,-1.61,-895.6,3516077,3606774240.0,1.44,0.13
2012-11-08,53922.07,52709.94,54101.88,52694.0,-3.49,-1906.97,4173764,4111175248.0,2.58,0.16
2012-11-09,52543.16,52085.91,52734.36,51921.87,-1.18,-624.03,3199244,3076439536.0,1.54,0.12
2012-11-12,52190.69,52409.9,52468.19,51652.2,0.62,323.99,2809672,2755800688.0,1.57,0.11
2012-11-13,52395.54,50771.84,52405.08,50443.49,-3.13,-1638.06,3620197,3398100384.0,3.74,0.14
2012-11-14,50739.94,51245.61,51434.17,50499.91,0.93,473.77,2668537,2567704672.0,1.84,0.1
2012-11-15,50749.06,50224.44,51382.23,50210.14,-1.99,-1021.17,2567736,2381637392.0,2.29,0.1
2012-11-16,50102.84,50230.34,50595.92,49804.99,0.01,5.9,2752067,2597965888.0,1.57,0.1
2012-11-19,50229.57,51035.59,51157.39,50062.69,1.6,805.25,3608798,3464096672.0,2.18,0.14
2012-11-20,51278.17,50379.44,51339.15,50338.79,-1.29,-656.15,2407797,2290354112.0,1.96,0.09
2012-11-21,50381.31,51919.3,51937.38,50374.03,3.06,1539.86,4451715,4380988416.0,3.1,0.17
2012-11-22,51493.18,51426.3,51683.51,51167.43,-0.95,-493.0,2795903,2749495872.0,0.99,0.1
2012-11-23,51724.19,51480.73,52032.34,51450.4,0.11,54.43,2712268,2664548576.0,1.13,0.1
2012-11-26,51285.26,50650.67,51566.49,50623.78,-1.61,-830.06,2408750,2383775376.0,1.83,0.09
2012-11-27,50456.83,49727.11,50734.86,49724.06,-1.82,-923.56,3004149,2824351328.0,2.0,0.11
2012-11-28,49474.61,49179.89,49651.03,49033.57,-1.1,-547.22,2730070,2495950928.0,1.24,0.1
2012-11-29,49300.8,46245.34,49724.56,46190.72,-5.97,-2934.55,5456669,4815253760.0,7.19,0.2
2012-11-30,46267.3,46591.02,46731.54,45156.43,0.75,345.68,4451892,3850765280.0,3.41,0.17
2012-12-03,46479.57,45876.38,47268.51,45800.97,-1.53,-714.64,3086892,2677385840.0,3.15,0.12
2012-12-04,45822.84,47012.4,47201.82,45600.23,2.48,1136.02,3560734,3086017168.0,3.49,0.13
2012-12-05,46823.12,49801.67,50756.41,46773.2,5.93,2789.27,9496089,8689248000.0,8.47,0.36
2012-12-06,49694.06,49412.02,49997.59,49186.06,-0.78,-389.65,4874412,4469766656.0,1.63,0.18
2012-12-07,49525.35,50899.78,51126.27,49364.52,3.01,1487.76,6957162,6467265280.0,3.57,0.26
2012-12-10,51138.17,51432.78,52155.72,51138.17,1.05,533.0,6067025,5697253376.0,2.0,0.23
2012-12-11,51189.05,50978.36,51494.4,50861.01,-0.88,-454.42,3936755,3636780688.0,1.23,0.15
2012-12-12,51045.2,51204.24,51572.37,50543.08,0.44,225.88,3814345,3450847136.0,2.02,0.14
2012-12-13,50910.54,50434.55,51067.78,50363.72,-1.5,-769.69,2989733,2684335072.0,1.38,0.11
2012-12-14,50669.11,54255.75,54301.28,50659.88,7.58,3821.2,11664302,10807689216.0,7.22,0.44
2012-12-17,54391.77,55094.69,55812.52,54154.09,1.55,838.94,10763666,10463402752.0,3.06,0.4
2012-12-18,54839.08,55567.01,57002.19,54402.63,0.86,472.32,10831184,10469405952.0,4.72,0.41
2012-12-19,55306.47,55347.13,55936.79,54917.99,-0.4,-219.88,5902904,5798398208.0,1.83,0.22
2012-12-20,55015.98,56453.09,56911.32,54618.83,2.0,1105.96,7932569,7937572608.0,4.14,0.3
2012-12-21,56466.5,55561.91,57116.16,55269.99,-1.58,-891.18,7515718,7724445440.0,3.27,0.28
2012-12-24,55477.48,56072.07,57228.24,55453.87,0.92,510.16,6675901,7030524160.0,3.19,0.25
2012-12-25,55691.56,57624.92,58680.26,55345.7,2.77,1552.85,11329783,11955890432.0,5.95,0.42
2012-12-26,57456.07,57424.39,57720.05,56873.14,-0.35,-200.53,6947255,7261447936.0,1.47,0.26
2012-12-27,57605.17,56798.89,58150.76,56770.77,-1.09,-625.5,7769023,8513510144.0,2.4,0.29
2012-12-28,57334.02,59636.82,59727.12,56896.74,5.0,2837.93,11653751,12777504768.0,4.98,0.44
2012-12-31,60010.12,60515.05,60688.95,59428.84,1.47,878.23,9750280,11155856384.0,2.11,0.37
2013-01-04,61282.28,60053.39,61490.95,59431.0,-0.76,-461.66,9117843,10421110528.0,3.4,0.34
2013-01-07,59605.97,60184.52,60606.06,59218.5,0.22,131.13,7436895,7434806784.0,2.31,0.28
2013-01-08,60053.17,59136.64,60127.51,58665.9,-1.74,-1047.88,6564482,7674587392.0,2.43,0.25
2013-01-09,58883.55,58973.08,59766.81,58349.74,-0.28,-163.56,5759536,6785999616.0,2.4,0.22
2013-01-10,58960.78,59215.67,60491.85,58643.46,0.41,242.59,6345679,7629025792.0,3.13,0.24
2013-01-11,59173.59,57167.7,59406.84,56773.63,-3.46,-2047.97,7314932,8298104320.0,4.45,0.27
2013-01-14,56911.5,60495.51,60762.46,56911.5,5.82,3327.81,9947338,11753416960.0,6.74,0.37
2013-01-15,60642.3,61242.35,61510.66,60642.3,1.23,746.84,9907369,10463537408.0,1.44,0.37
2013-01-16,61339.65,60459.72,61350.63,59269.47,-1.28,-782.63,9255154,9528366848.0,3.4,0.35
2013-01-17,60202.76,60768.73,61725.15,59518.34,0.51,309.01,9739610,10062097408.0,3.65,0.36
2013-01-18,61123.38,61520.2,62330.89,60368.72,1.24,751.47,9337662,10160623616.0,3.23,0.35
2013-01-21,61602.71,61929.29,62191.15,61156.59,0.66,409.09,7181771,8168019200.0,1.68,0.27
2013-01-22,61838.34,61499.36,62707.89,60895.95,-0.69,-429.93,8719752,10105432320.0,2.93,0.33
2013-01-23,61103.99,61732.11,61998.0,60561.13,0.38,232.75,6730447,7597608704.0,2.34,0.25
2013-01-24,61688.48,61607.16,64086.27,61088.71,-0.2,-124.95,14940170,17329651968.0,4.86,0.56
2013-01-25,61237.22,60424.12,61671.53,60379.93,-1.92,-1183.04,7090693,7948463104.0,2.1,0.27
2013-01-28,60637.22,64168.2,64168.2,60637.22,6.2,3744.08,12170385,13952579072.0,5.84,0.46
2013-01-29,64301.53,67286.38,67441.17,64194.06,4.86,3118.18,16251868,19281618432.0,5.06,0.61
2013-01-30,67682.46,67901.15,69360.24,66675.16,0.91,614.77,13207447,16284823808.0,3.99,0.49
2013-01-31,67749.38,68343.23,68961.09,67275.06,0.65,442.08,10862047,12671699968.0,2.48,0.41
2013-02-01,67721.56,72217.11,72428.43,67650.09,5.67,3873.88,16034090,19308313856.0,6.99,0.6
2013-02-04,73011.67,71671.66,74158.8,71051.62,-0.76,-545.45,17485388,21434107904.0,4.3,0.65
2013-02-05,70547.8,71219.91,71736.47,70066.85,-0.63,-451.75,10337593,12316877056.0,2.33,0.39
2013-02-06,71250.03,72164.7,73910.58,71228.18,1.33,944.79,11562535,14838679296.0,3.77,0.43
2013-02-07,72260.43,72851.64,73403.84,70290.73,0.95,686.94,13318781,16940640256.0,4.31,0.5
2013-02-08,72635.17,72819.68,73657.34,71789.52,-0.04,-31.96,9028007,11832310784.0,2.56,0.34
2013-02-18,73102.81,70169.02,73206.02,70169.02,-3.64,-2650.66,8156530,10264521472.0,4.17,0.31
2013-02-19,69913.84,68711.33,70433.27,68289.45,-2.08,-1457.69,9061532,10906893056.0,3.06,0.34
2013-02-20,68672.92,69232.31,69357.31,67628.89,0.76,520.98,8057294,9710515200.0,2.52,0.3
2013-02-21,68301.1,65667.21,68301.1,65199.18,-5.15,-3565.1,11281589,13254062336.0,4.48,0.42
2013-02-22,65618.92,65307.43,66236.59,65078.65,-0.55,-359.78,6241206,7277388544.0,1.76,0.23
2013-02-25,66080.79,66191.66,67102.05,65739.63,1.35,884.23,7124280,7970744064.0,2.09,0.27
2013-02-26,65156.59,65188.18,67518.73,64296.91,-1.52,-1003.48,10236800,11793412096.0,4.87,0.38
2013-02-27,65740.52,67582.13,68131.19,65740.52,3.67,2393.95,10541128,12332756992.0,3.67,0.39
2013-02-28,68348.29,70858.94,70944.22,67346.66,4.85,3276.81,15453196,17824497920.0,5.32,0.58
2013-03-01,70644.52,71217.29,71621.68,69376.11,0.51,358.35,12283337,14042966016.0,3.17,0.46
2013-03-04,69460.24,66843.13,69564.25,65816.52,-6.14,-4374.16,14514484,16626747904.0,5.26,0.54
2013-03-05,67129.41,70665.07,70698.09,66869.96,5.72,3821.94,13870872,15494904320.0,5.73,0.52
2013-03-06,70945.82,70194.45,71443.79,69760.54,-0.67,-470.62,11883641,13438760704.0,2.38,0.44
2013-03-07,70638.77,68838.56,71219.69,67818.27,-1.93,-1355.89,12506338,14643233024.0,4.85,0.47
2013-03-08,68926.67,67103.07,69169.7,66881.61,-2.52,-1735.49,8610416,9566496000.0,3.32,0.32
2013-03-11,66923.44,66692.27,67795.76,65751.72,-0.61,-410.8,6912238,7674122240.0,3.05,0.26
2013-03-12,66617.4,66197.13,68162.37,65181.48,-0.74,-495.14,8738059,9782483712.0,4.47,0.33
2013-03-13,66073.2,64593.34,66155.2,64263.24,-2.42,-1603.79,7182556,8082097664.0,2.86,0.27
2013-03-14,64251.04,64557.98,65395.11,64202.6,-0.05,-35.36,6625011,7270728192.0,1.85,0.25
2013-03-15,64749.18,64807.94,66964.6,62723.5,0.39,249.96,13838109,15364633344.0,6.57,0.52
2013-03-18,64243.26,63594.79,64544.4,63303.54,-1.87,-1213.15,8770221,9616681216.0,1.91,0.33
2013-03-19,63636.11,64544.97,65164.26,62688.61,1.49,950.18,8713104,9598344704.0,3.89,0.33
2013-03-20,64668.31,68201.02,68411.46,64579.77,5.66,3656.05,15984410,17821852928.0,5.94,0.6
2013-03-21,68085.34,68143.07,68424.91,67477.6,-0.08,-57.95,10046456,11409587456.0,1.39,0.38
2013-03-22,67995.59,67797.51,68346.08,67379.7,-0.51,-345.56,7550708,9003123456.0,1.42,0.28
2013-03-25,68064.63,66439.27,68575.53,66370.16,-2.0,-1358.24,8048374,8992472064.0,3.25,0.3
2013-03-26,65938.62,64445.0,65938.62,64047.76,-3.0,-1994.27,9487394,10317624576.0,2.85,0.36
2013-03-27,64526.12,64957.32,65853.23,63886.43,0.79,512.32,7614927,8217299968.0,3.05,0.29
2013-03-28,63339.25,61288.19,63341.88,61254.38,-5.65,-3669.13,10196212,10929641728.0,3.21,0.38
2013-03-29,61522.13,60360.5,61818.52,60348.29,-1.51,-927.69,5846078,6026954496.0,2.4,0.22
2013-04-01,60460.2,60810.53,61476.57,60430.93,0.75,450.03,4712422,5019149312.0,1.73,0.18
2013-04-02,60985.59,61626.93,62074.16,60538.61,1.34,816.4,7488234,7831829504.0,2.53,0.28
2013-04-03,61686.57,60935.49,62100.64,60794.27,-1.12,-691.44,4919041,5188075520.0,2.12,0.18
2013-04-08,59255.27,59967.16,60110.56,58845.24,-1.59,-968.33,5712822,5832806400.0,2.08,0.21
2013-04-09,60286.96,61254.24,61854.35,60286.96,2.15,1287.08,6795638,7195673088.0,2.61,0.25
2013-04-10,61228.61,60542.05,61431.2,59827.79,-1.16,-712.19,5159978,5320068608.0,2.62,0.19
2013-04-11,61450.37,60010.83,61627.73,59995.11,-0.88,-531.22,4378375,4591921152.0,2.7,0.16
2013-04-12,59944.65,58721.59,60465.98,58561.35,-2.15,-1289.24,6158945,5950672640.0,3.17,0.23
2013-04-15,58363.12,58760.93,59336.51,57754.13,0.07,39.34,5408777,5369422336.0,2.69,0.2
2013-04-16,57975.2,60817.77,61115.72,57975.2,3.5,2056.84,7736280,8046842624.0,5.34,0.29
2013-04-17,60775.65,60640.83,61264.76,59873.37,-0.29,-176.94,6308680,7092454912.0,2.29,0.24
2013-04-18,60020.47,61306.52,61719.49,59922.24,1.1,665.69,6001539,6390490880.0,2.96,0.22
2013-04-19,61550.19,63899.59,64379.19,61496.98,4.23,2593.07,13089070,13881805056.0,4.7,0.49
2013-04-22,63489.69,63794.48,64114.93,63275.12,-0.16,-105.11,7193551,7704718080.0,1.31,0.27
2013-04-23,63622.45,60515.75,63622.45,60408.12,-5.14,-3278.73,8308411,8655930368.0,5.04,0.31
2013-04-24,60672.6,62802.92,63442.19,60163.38,3.78,2287.17,9612595,10394724608.0,5.42,0.36
2013-04-25,62204.61,62430.34,64230.74,61351.05,-0.59,-372.58,10195770,11112171776.0,4.59,0.38
2013-04-26,62779.15,62027.27,63393.28,61815.36,-0.65,-403.07,7084482,8058676992.0,2.53,0.27
2013-05-02,61704.83,62660.73,63093.54,61404.74,1.02,633.46,6237075,7000729856.0,2.72,0.23
2013-05-03,63252.01,64695.6,65727.49,63246.74,3.25,2034.87,11305035,13055912704.0,3.96,0.42
2013-05-06,65126.63,65683.94,65915.18,64602.5,1.53,988.34,9754900,11412592384.0,2.03,0.37
2013-05-07,65283.19,64633.83,65283.19,63920.95,-1.6,-1050.11,8148790,9379885312.0,2.07,0.31
2013-05-08,64599.65,64002.71,65208.32,63425.27,-0.98,-631.12,8621834,9672994816.0,2.76,0.32
2013-05-09,63870.94,63716.77,63870.94,62307.67,-0.45,-285.94,9309819,10422489344.0,2.44,0.35
2013-05-10,63130.69,63673.37,64319.72,63026.22,-0.07,-43.4,5869769,6784526592.0,2.03,0.22
2013-05-13,63685.38,62764.13,63805.36,62389.02,-1.43,-909.24,5644683,6597185024.0,2.22,0.21
2013-05-14,62496.6,61746.2,62604.56,61595.79,-1.62,-1017.93,6218820,6810171136.0,1.61,0.23
2013-05-15,62343.5,62507.5,62921.72,62114.05,1.23,761.3,5168106,5911499264.0,1.31,0.19
2013-05-16,62387.05,64492.94,64793.48,61903.98,3.18,1985.44,10625557,12175039488.0,4.62,0.4
2013-05-17,64436.75,65428.34,65732.06,63942.34,1.45,935.4,10162326,11848866816.0,2.78,0.38
2013-05-20,65111.28,65737.45,66711.06,64945.2,0.47,309.11,10886488,13099268096.0,2.7,0.41
2013-05-21,65530.77,65528.27,65724.95,64727.14,-0.32,-209.18,7743566,9186094336.0,1.52,0.29
2013-05-22,65786.8,65627.13,66666.06,65246.9,0.15,98.86,7737014,9497388288.0,2.17,0.29
2013-05-23,65138.83,64524.02,66154.81,64449.21,-1.68,-1103.11,8239423,9906144768.0,2.6,0.31
2013-05-24,64940.92,65120.39,65415.38,64327.65,0.92,596.37,5972996,7162757376.0,1.69,0.22
2013-05-27,65056.46,66292.63,66693.7,65007.74,1.8,1172.24,8511945,10204292864.0,2.59,0.32
2013-05-28,66356.22,68562.53,68562.53,66135.43,3.42,2269.9,14753375,16921433856.0,3.66,0.55
2013-05-29,68910.02,67882.22,69076.85,67819.95,-0.99,-680.31,10727888,12539538688.0,1.83,0.4
2013-05-30,67681.45,68375.1,69301.0,67643.95,0.73,492.88,9220799,11051719936.0,2.44,0.35
2013-05-31,68629.34,67222.8,68932.31,67180.33,-1.69,-1152.3,6868323,8360979200.0,2.56,0.26
2013-06-03,67332.97,67085.09,68343.7,66876.98,-0.2,-137.71,6872691,8157792000.0,2.18,0.26
2013-06-04,66895.27,65470.9,66895.27,65260.15,-2.41,-1614.19,6961559,8090366976.0,2.44,0.26
2013-06-05,65810.34,65937.3,66255.62,65319.22,0.71,466.4,4896730,5979804928.0,1.43,0.18
2013-06-06,65577.28,65225.2,66202.37,65098.69,-1.08,-712.1,5080210,6104592128.0,1.67,0.19
2013-06-07,65354.59,63362.67,66496.22,63129.5,-2.86,-1862.53,10797867,12656227328.0,5.16,0.4
2013-06-13,62112.06,59819.06,62112.06,59071.39,-5.59,-3543.61,7883460,8609877248.0,4.8,0.3
2013-06-14,60205.74,60090.86,60435.43,59402.56,0.45,271.8,5804155,6397329664.0,1.73,0.22
2013-06-17,60213.06,59098.36,60343.43,58918.81,-1.65,-992.5,4900785,5335180288.0,2.37,0.18
2013-06-18,59570.95,59623.16,60150.74,58963.89,0.89,524.8,4442614,4885903872.0,2.01,0.17
2013-06-19,59177.43,58907.52,59177.43,57009.1,-1.2,-715.64,7178380,7177617664.0,3.64,0.27
2013-06-20,58241.19,57084.05,58358.16,57004.97,-3.1,-1823.47,5125981,5231745280.0,2.3,0.19
2013-06-21,55589.02,57251.87,57974.18,55319.27,0.29,167.82,6943287,6827515392.0,4.65,0.26
2013-06-24,56926.47,52507.47,56926.47,52204.52,-8.29,-4744.4,9178695,8601004800.0,8.25,0.34
2013-06-25,51642.22,51802.45,52248.76,47666.31,-1.34,-705.02,11842680,10089593088.0,8.73,0.44
2013-06-26,51665.0,51700.22,52329.73,50442.53,-0.2,-102.23,8132176,7062192640.0,3.64,0.3
2013-06-27,52054.95,50505.94,52634.94,50250.09,-2.31,-1194.28,7867706,6963546880.0,4.61,0.29
2013-06-28,50208.79,52105.51,53301.54,49884.9,3.17,1599.57,9424012,8392550400.0,6.76,0.35
2013-07-01,51849.95,52174.02,52298.8,50926.29,0.13,68.51,5547671,4862025984.0,2.63,0.21
2013-07-02,52187.81,52563.73,53072.8,51270.01,0.75,389.71,6835736,5911040512.0,3.46,0.26
2013-07-03,52086.88,51449.44,52086.88,50684.29,-2.12,-1114.29,6070827,5277611520.0,2.67,0.23
2013-07-04,50464.1,51919.45,52606.8,50063.44,0.91,470.01,9788685,8372256256.0,4.94,0.37
2013-07-05,51982.61,52141.21,52964.84,51869.74,0.43,221.76,7629786,6825039872.0,2.11,0.29
2013-07-08,51117.12,50761.95,52177.37,50577.83,-2.65,-1379.26,6850414,5913713664.0,3.07,0.26
2013-07-09,50651.59,50643.79,51297.6,50464.57,-0.23,-118.16,5158972,4286975200.0,1.64,0.19
2013-07-10,50677.06,53125.44,53232.14,50436.21,4.9,2481.65,9779404,8515111168.0,5.52,0.37
2013-07-11,53278.34,57489.38,58074.06,53130.99,8.21,4363.94,19737454,18023276544.0,9.3,0.74
2013-07-12,56956.74,55502.38,57990.88,55469.12,-3.46,-1987.0,14769434,13891675904.0,4.39,0.55
2013-07-15,56907.25,58111.0,59760.55,56093.79,4.7,2608.62,16319015,15763465472.0,6.61,0.61
2013-07-16,57565.99,58435.12,58456.53,57191.94,0.56,324.12,9145766,8874362624.0,2.18,0.34
2013-07-17,58346.64,56871.3,59086.65,56864.07,-2.68,-1563.82,8568947,8291212288.0,3.8,0.32
2013-07-18,56437.71,55663.96,56959.16,55571.39,-2.12,-1207.34,7317105,6901652224.0,2.44,0.27
2013-07-19,55820.17,53774.26,56515.72,53653.27,-3.39,-1889.7,8140000,7613625600.0,5.14,0.3
2013-07-22,53211.98,54746.16,54772.43,52872.86,1.81,971.9,6183714,5568712704.0,3.53,0.23
2013-07-23,54901.33,57221.4,57693.9,54707.64,4.52,2475.24,11164740,10523015936.0,5.45,0.42
2013-07-24,56558.89,56614.83,57061.23,55380.07,-1.06,-606.57,8594728,8090478848.0,2.94,0.32
2013-07-25,56929.52,56640.65,57934.77,56291.55,0.05,25.82,8607717,8348887552.0,2.9,0.32
2013-07-26,56132.89,55978.43,56645.48,55545.09,-1.17,-662.22,5426777,5130819072.0,1.94,0.2
2013-07-29,55196.49,54037.72,55288.15,54036.87,-3.47,-1940.71,5538744,5130147328.0,2.24,0.21
2013-07-30,54508.02,55335.05,56631.66,54119.7,2.4,1297.33,7959447,7430875136.0,4.65,0.3
2013-07-31,56199.75,55661.86,57169.54,55506.84,0.59,326.81,6626879,6303886592.0,3.0,0.25
2013-08-01,56154.12,57629.5,57863.11,55766.79,3.53,1967.64,9086515,8865091072.0,3.77,0.34
2013-08-02,58087.9,57192.13,58321.81,56998.01,-0.76,-437.37,6832540,6686118912.0,2.3,0.26
2013-08-05,57128.8,57998.91,58003.54,57055.47,1.41,806.78,5848095,5708849664.0,1.66,0.22
2013-08-06,57776.19,58302.87,58563.41,57092.44,0.52,303.96,7205610,7052033024.0,2.54,0.27
2013-08-07,58270.64,57756.83,59460.18,57550.54,-0.94,-546.04,8939878,8902634496.0,3.28,0.33
2013-08-08,57470.03,57178.75,58012.34,56798.52,-1.0,-578.08,5847130,5625332736.0,2.1,0.22
2013-08-09,57592.6,57804.22,58159.31,56884.1,1.09,625.47,6053040,5932908544.0,2.23,0.23
2013-08-12,58081.12,60024.59,60038.05,57948.99,3.84,2220.37,13160024,12898775040.0,3.61,0.49
2013-08-13,59946.74,59935.06,60278.24,59488.88,-0.15,-89.53,7896624,7834612480.0,1.32,0.3
2013-08-14,60064.56,59292.52,60845.25,59030.53,-1.07,-642.54,8389406,8284760320.0,3.03,0.31
2013-08-15,59182.13,58389.72,59838.45,58341.95,-1.52,-902.8,6355347,6274007040.0,2.52,0.24
2013-08-16,58010.7,58426.35,62674.76,57673.6,0.06,36.63,20087405,20204888832.0,8.57,0.75
2013-08-19,56652.03,57224.93,57744.65,56129.11,-2.06,-1201.42,11711235,11249286144.0,2.77,0.44
2013-08-20,56602.78,55999.53,57464.98,55784.7,-2.14,-1225.4,8529529,8294021376.0,2.94,0.32
2013-08-21,56000.45,56261.44,56374.27,55586.65,0.47,261.91,6751181,6480353792.0,1.41,0.25
2013-08-22,55945.84,55865.9,56687.41,55734.26,-0.7,-395.54,6867821,6471129344.0,1.69,0.26
2013-08-23,56207.06,55129.48,56362.46,54205.85,-1.32,-736.42,7100694,6669303808.0,3.86,0.27
2013-08-26,56336.2,57901.2,58003.78,56048.94,5.03,2771.72,11286918,11462653952.0,3.55,0.42
2013-08-27,57875.54,58195.32,58359.72,57591.95,0.51,294.12,8147052,8361618176.0,1.33,0.31
2013-08-28,57577.88,57522.16,58127.15,57093.03,-1.16,-673.16,8150407,8379006976.0,1.78,0.31
2013-08-29,58523.6,57888.59,58978.08,57661.21,0.64,366.43,8263477,8609498624.0,2.29,0.31
2013-08-30,57794.99,58722.96,59539.31,57337.16,1.44,834.37,12161897,12995762432.0,3.8,0.46
2013-09-02,58673.48,58894.07,59295.47,58049.01,0.29,171.11,10189482,11082353920.0,2.12,0.38
2013-09-03,58954.34,58980.35,59177.84,58208.57,0.15,86.28,9197980,10280957184.0,1.65,0.34
2013-09-04,58775.51,58632.5,59136.84,58427.61,-0.59,-347.85,8150431,8883706880.0,1.2,0.31
2013-09-05,58521.59,57964.27,58622.21,57908.45,-1.14,-668.23,6161176,6608521728.0,1.22,0.23
2013-09-06,57899.2,58460.48,58839.59,57899.2,0.86,496.21,7913865,8751220224.0,1.62,0.3
2013-09-09,58951.97,61761.52,62547.73,58793.77,5.65,3301.04,21614974,24637404160.0,6.42,0.81
2013-09-10,62047.18,64494.62,64521.77,61834.88,4.43,2733.1,19000579,22463891200.0,4.35,0.71
2013-09-11,65514.23,64350.04,66035.2,64304.15,-0.22,-144.58,19088288,23349199104.0,2.68,0.71
2013-09-12,64323.64,65975.27,67189.0,64270.93,2.53,1625.23,19665431,23802791936.0,4.53,0.74
2013-09-13,65670.73,65088.73,66030.59,64678.0,-1.34,-886.54,12183123,14867231744.0,2.05,0.46
2013-09-16,65457.4,63891.47,65484.18,63614.48,-1.84,-1197.26,9894233,11893875456.0,2.87,0.37
2013-09-17,63771.77,62572.31,64105.84,62535.47,-2.06,-1319.16,8867484,10488942336.0,2.46,0.33
2013-09-18,62458.61,63026.87,63064.21,61785.82,0.73,454.56,7514765,9008007424.0,2.04,0.28
2013-09-23,63078.5,63692.08,63704.16,62695.48,1.06,665.21,7425272,8911462144.0,1.6,0.28
2013-09-24,63444.07,62134.0,63444.07,61582.06,-2.45,-1558.08,9116516,10806590720.0,2.92,0.34
2013-09-25,61853.17,61505.34,62751.53,61320.49,-1.01,-628.66,7603321,9295168512.0,2.3,0.28
2013-09-26,61439.57,60097.6,61503.83,60079.3,-2.29,-1407.74,7236711,8198648832.0,2.32,0.27
2013-09-27,60063.4,61268.61,61280.31,60010.89,1.95,1171.01,6279574,7174489600.0,2.11,0.24
2013-09-30,61466.96,60662.77,61578.8,60565.9,-0.99,-605.84,6185379,6811729408.0,1.65,0.23
2013-10-08,60333.05,61354.5,61628.73,59829.41,1.14,691.73,6886407,7552676608.0,2.97,0.26
2013-10-09,61074.32,61782.62,62019.81,60854.98,0.7,428.12,6622884,7846076160.0,1.9,0.25
2013-10-10,61823.24,59882.62,61844.95,59770.06,-3.08,-1900.0,8984041,10329626112.0,3.36,0.34
2013-10-11,60271.67,60949.5,61192.93,60056.97,1.78,1066.88,8281231,9637233920.0,1.9,0.31
2013-10-14,61011.65,60525.09,61040.13,60219.43,-0.7,-424.41,7284293,8416204032.0,1.35,0.27
2013-10-15,60673.53,60599.75,60829.89,60073.79,0.12,74.66,5945566,6677535488.0,1.25,0.22
2013-10-16,60376.84,58938.72,60392.18,58654.8,-2.74,-1661.03,6723933,7319590144.0,2.87,0.25
2013-10-17,59054.66,58752.45,59694.49,58403.96,-0.32,-186.27,6255644,6838857728.0,2.19,0.23
2013-10-18,58636.21,59649.23,60481.28,58626.99,1.53,896.78,7395960,7958705408.0,3.16,0.28
2013-10-21,59839.66,60459.55,60559.47,59116.94,1.36,810.32,7439159,8127593984.0,2.42,0.28
2013-10-22,60491.49,59571.84,60491.49,59399.7,-1.47,-887.71,6131539,6722412800.0,1.81,0.23
2013-10-23,59747.72,59250.55,60719.27,59157.24,-0.54,-321.29,6701337,7308200448.0,2.62,0.25
2013-10-24,58985.57,58310.54,59009.75,58214.22,-1.59,-940.01,4382189,4677507840.0,1.34,0.16
2013-10-25,58285.25,57674.47,58987.79,57406.8,-1.09,-636.07,5764570,6039279104.0,2.71,0.22
2013-10-28,57612.55,57671.82,57974.7,57138.41,0.0,-2.65,4148584,4346432256.0,1.45,0.16
2013-10-29,57839.95,58486.45,59090.01,56823.62,1.41,814.63,8361545,8763578880.0,3.93,0.31
2013-10-30,58526.4,58944.36,58964.11,58077.05,0.78,457.91,5764498,6135413248.0,1.52,0.22
2013-10-31,59034.02,58301.77,59034.02,58249.88,-1.09,-642.59,4366494,4657992448.0,1.33,0.16
2013-11-01,58381.74,58872.97,59178.63,58125.86,0.98,571.2,5123944,5449511936.0,1.81,0.19
2013-11-04,59215.11,58464.32,59363.86,58380.79,-0.69,-408.65,3593061,3779504224.0,1.67,0.13
2013-11-05,58045.72,58259.06,58438.51,57342.61,-0.35,-205.26,4518666,4768147200.0,1.87,0.17
2013-11-06,57983.18,57283.78,58236.5,57273.34,-1.67,-975.28,4207509,4439471616.0,1.65,0.16
2013-11-07,57073.59,56716.43,57400.0,56533.98,-0.99,-567.35,4524293,4865012992.0,1.51,0.17
2013-11-08,56354.54,54915.16,56649.95,54679.31,-3.18,-1801.27,6731157,6972968704.0,3.47,0.25
2013-11-11,54692.25,54603.82,54929.89,54163.46,-0.57,-311.34,3490264,3561918224.0,1.4,0.13
2013-11-12,54750.88,55281.32,55415.16,54716.48,1.24,677.5,3672975,3778740208.0,1.28,0.14
2013-11-13,54938.88,53773.47,54938.88,53773.47,-2.73,-1507.85,4869269,4911792384.0,2.11,0.18
2013-11-14,53696.63,53907.34,54000.16,53348.4,0.25,133.87,3514167,3503688112.0,1.21,0.13
2013-11-15,54181.48,56699.38,57792.23,54161.26,5.18,2792.04,12371509,12970022656.0,6.74,0.46
2013-11-18,57750.78,60495.28,60510.44,57411.13,6.69,3795.9,16644478,18388170752.0,5.47,0.62
2013-11-19,60746.88,60272.22,60746.88,59892.27,-0.37,-223.06,9286244,10659118592.0,1.41,0.35
2013-11-20,60774.67,60543.25,61011.47,59936.47,0.45,271.03,6800396,7778924544.0,1.78,0.25
2013-11-21,60106.89,60204.17,60467.03,59077.11,-0.56,-339.08,9293479,10368046848.0,2.3,0.35
2013-11-22,60495.43,60128.88,61068.06,59959.74,-0.13,-75.29,8308763,9606651392.0,1.84,0.31
2013-11-25,59718.52,59677.05,61121.06,59324.93,-0.75,-451.83,7061304,8131106560.0,2.99,0.26
2013-11-26,59561.77,59883.81,60829.82,59522.51,0.35,206.76,6508793,7337524224.0,2.19,0.24
2013-11-27,59938.45,61740.39,61999.0,59870.09,3.1,1856.58,12179843,13312802048.0,3.56,0.46
2013-11-28,61788.74,61874.31,62958.9,61612.27,0.22,133.92,11129073,12103154432.0,2.18,0.42
2013-11-29,62014.01,61878.69,62171.06,61556.49,0.01,4.38,6250222,6864337408.0,0.99,0.23
2013-12-02,63817.57,64655.31,66060.65,63298.84,4.49,2776.62,22895883,26763363584.0,4.46,0.86
2013-12-03,64613.57,64881.94,65089.1,63925.27,0.35,226.63,10805637,12665199104.0,1.8,0.4
2013-12-04,64803.22,64939.21,65947.31,64536.35,0.09,57.27,11421471,13488057600.0,2.17,0.43
2013-12-05,64778.49,65389.5,65958.38,64634.09,0.69,450.29,8958502,10757722368.0,2.04,0.34
2013-12-06,65130.02,64224.85,65490.1,64006.34,-1.78,-1164.65,9328665,11196426240.0,2.27,0.35
2013-12-09,64268.46,63956.31,65408.12,63893.55,-0.42,-268.54,6504397,7850031360.0,2.36,0.24
2013-12-10,63951.7,64093.96,64588.06,63751.96,0.22,137.65,5799032,6815074816.0,1.31,0.22
2013-12-11,63634.96,62195.81,63634.96,61736.26,-2.96,-1898.15,7934605,9040766464.0,2.96,0.3
2013-12-12,61776.02,61834.27,62417.47,61472.9,-0.58,-361.54,5332621,6006069504.0,1.52,0.2
2013-12-13,61256.5,62202.39,62491.12,61179.48,0.6,368.12,5114993,5774981632.0,2.12,0.19
2013-12-16,62694.68,60981.35,62824.65,60840.89,-1.96,-1221.04,5838522,6533983232.0,3.19,0.22
2013-12-17,60854.99,60833.6,61482.18,60509.28,-0.24,-147.75,4216693,4739409152.0,1.6,0.16
2013-12-18,60889.35,61382.65,61759.43,60824.86,0.9,549.05,4010050,4495255808.0,1.54,0.15
2013-12-19,61778.56,61244.52,62121.97,60973.33,-0.23,-138.13,5048203,5661654272.0,1.87,0.19
2013-12-20,61234.31,59851.22,61510.11,59771.56,-2.27,-1393.3,5727333,6354187776.0,2.84,0.21
2013-12-23,59744.5,59539.51,60184.28,58776.28,-0.52,-311.71,5492175,6117587200.0,2.35,0.21
2013-12-24,59602.03,59388.64,60124.63,58850.75,-0.25,-150.87,4498520,5005600512.0,2.14,0.17
2013-12-25,59465.82,60418.74,60473.77,59243.23,1.73,1030.1,5254268,5909496064.0,2.07,0.2
2013-12-26,60382.49,59497.31,60382.49,59347.34,-1.53,-921.43,4984074,5705567232.0,1.71,0.19
2013-12-27,59362.19,60597.44,60798.41,59345.91,1.85,1100.13,6629143,7479414784.0,2.44,0.25
2013-12-30,61185.88,60659.04,61185.88,60521.88,0.1,61.6,5062993,5774923776.0,1.1,0.19
2013-12-31,60449.71,61735.77,61896.31,60313.84,1.78,1076.73,7724239,8527083776.0,2.61,0.29
2014-01-02,61601.62,61398.34,61794.29,61018.29,-0.55,-337.43,4494168,4953410560.0,1.26,0.17
2014-01-03,60985.7,59817.12,61011.19,59667.8,-2.58,-1581.22,5988219,6519071744.0,2.19,0.22
2014-01-06,59482.56,59454.05,59500.92,58419.35,-0.61,-363.07,6554575,7200723200.0,1.81,0.25
2014-01-07,58816.73,59072.7,59469.11,58711.98,-0.64,-381.35,3693499,4052029568.0,1.27,0.14
2014-01-08,59202.54,59411.45,60222.85,59111.79,0.57,338.75,5696252,6458344960.0,1.88,0.21
2014-01-09,59244.15,58350.97,59841.26,58342.66,-1.78,-1060.48,5095882,5730876672.0,2.52,0.19
2014-01-10,57942.82,57044.57,58070.33,56908.17,-2.24,-1306.4,5109278,5450760448.0,1.99,0.19
2014-01-13,57003.12,56508.45,57496.23,56337.77,-0.94,-536.12,5727445,5181848064.0,2.03,0.21
2014-01-14,56567.41,57109.21,57367.95,56299.45,1.06,600.76,4518136,4343862528.0,1.89,0.17
2014-01-15,57056.32,57028.33,57224.69,56412.49,-0.14,-80.88,4426845,4443069696.0,1.42,0.17
2014-01-16,57005.55,57266.02,57877.12,56803.56,0.42,237.69,4927928,4839974656.0,1.88,0.18
2014-01-17,57036.35,57093.37,57245.32,56371.94,-0.3,-172.65,5716956,5508608256.0,1.53,0.21
2014-01-20,56852.41,56884.04,57320.19,56601.46,-0.37,-209.33,3992057,3838140832.0,1.26,0.15
2014-01-21,57005.85,57988.44,58435.94,57005.85,1.94,1104.4,5620700,5487620864.0,2.51,0.21
2014-01-22,58192.2,59624.9,59634.63,57998.61,2.82,1636.46,7644100,7742014208.0,2.82,0.29
2014-01-23,59578.7,59241.85,59789.81,59046.35,-0.64,-383.05,5759237,5865438720.0,1.25,0.22
2014-01-24,58957.75,59916.88,60298.57,58922.28,1.14,675.03,6760649,6580511488.0,2.32,0.25
2014-01-27,59430.68,58412.34,59519.29,58375.77,-2.51,-1504.54,5851039,6040110080.0,1.91,0.22
2014-01-28,58647.86,58730.63,59204.56,58363.51,0.54,318.29,4340960,4667023616.0,1.44,0.16
2014-01-29,59028.67,59193.35,59403.44,58733.77,0.79,462.72,4607233,4959762176.0,1.14,0.17
2014-01-30,59012.02,58382.27,59159.77,58367.66,-1.37,-811.08,4164406,4474160896.0,1.34,0.16
2014-02-07,57800.07,58661.18,58672.16,57462.27,0.48,278.91,4776650,5246544128.0,2.07,0.18
2014-02-10,58848.18,60161.73,60225.05,58848.18,2.56,1500.55,7095328,7741900544.0,2.35,0.27
2014-02-11,60177.53,60487.13,61258.87,59881.0,0.54,325.4,9083331,9613684480.0,2.29,0.34
2014-02-12,60751.64,60700.27,61288.43,60118.05,0.35,213.14,7392379,8149170176.0,1.93,0.28
2014-02-13,60584.25,59980.56,60956.47,59950.27,-1.19,-719.71,7415350,7927753472.0,1.66,0.28
2014-02-14,59860.4,60267.41,60335.95,59747.5,0.48,286.85,4951308,5275621632.0,0.98,0.19
2014-02-17,60718.97,60689.33,60899.94,60392.57,0.7,421.92,7131659,7845869568.0,0.84,0.27
2014-02-18,60778.56,58824.73,60778.56,58657.11,-3.07,-1864.6,9015294,9709749504.0,3.5,0.34
2014-02-19,58556.35,58989.63,59423.52,57967.97,0.28,164.9,8123534,8707139072.0,2.47,0.3
2014-02-20,58981.54,57573.94,59434.8,57560.62,-2.4,-1415.69,7782231,8222466816.0,3.18,0.29
2014-02-21,57263.21,56252.94,57315.7,55827.34,-2.29,-1321.0,7809617,8176993792.0,2.59,0.29
2014-02-24,55800.38,55228.52,55800.38,54658.03,-1.82,-1024.42,7422368,7418664704.0,2.03,0.28
2014-02-25,55248.54,53621.43,55534.2,53484.12,-2.91,-1607.09,7361237,7293696256.0,3.71,0.28
2014-02-26,53265.48,53281.86,53524.98,52501.57,-0.63,-339.57,6056988,6166749696.0,1.91,0.23
2014-02-27,53714.03,53055.89,53898.57,52955.41,-0.42,-225.97,6277718,6433828352.0,1.77,0.24
2014-02-28,53065.1,55417.7,55692.71,52965.14,4.45,2361.81,10215573,9886312448.0,5.14,0.38
2014-03-03,55114.15,54940.75,55336.59,54612.05,-0.86,-476.95,7449776,6324652032.0,1.31,0.28
2014-03-04,54947.09,54953.62,55305.63,54424.96,0.02,12.87,7000663,6761085952.0,1.6,0.26
2014-03-05,55133.39,54290.91,55250.15,54185.99,-1.21,-662.71,5860016,5672144384.0,1.94,0.22
2014-03-06,54182.59,54734.26,55048.07,53511.48,0.82,443.35,7320777,6891170560.0,2.83,0.27
2014-03-07,54474.19,54187.83,55290.72,53992.06,-1.0,-546.43,6065961,6111152640.0,2.37,0.23
2014-03-10,53477.18,52349.81,53686.8,52340.77,-3.39,-1838.02,6527796,6281592064.0,2.48,0.24
2014-03-11,52135.97,52414.5,52730.7,51770.63,0.12,64.69,5456307,5441001728.0,1.83,0.2
2014-03-12,52149.89,51972.23,52556.74,51239.88,-0.84,-442.27,5838759,5581601536.0,2.51,0.22
2014-03-13,52100.84,52615.31,53262.64,51989.08,1.24,643.08,6068175,5587738368.0,2.45,0.23
2014-03-14,52378.06,52343.88,52914.9,51996.27,-0.52,-271.43,4719838,4725407232.0,1.75,0.18
2014-03-17,52431.67,52535.84,52567.98,51851.2,0.37,191.96,4481923,4305608448.0,1.37,0.17
2014-03-18,52579.39,52299.74,52740.61,52256.65,-0.45,-236.1,4212626,4084696256.0,0.92,0.16
2014-03-19,52115.78,51903.22,52115.78,51596.49,-0.76,-396.52,3671747,3534081696.0,0.99,0.14
2014-03-20,51836.56,51051.67,52347.37,51044.41,-1.64,-851.55,4301795,4054080096.0,2.51,0.16
2014-03-21,50843.0,53290.43,53443.87,50787.48,4.39,2238.76,9165475,8670560768.0,5.2,0.34
2014-03-24,53365.56,54539.27,55240.0,53050.52,2.34,1248.84,11690445,11155621632.0,4.11,0.44
2014-03-25,54310.91,54553.21,55257.47,54194.25,0.03,13.94,7845478,7598577920.0,1.95,0.29
2014-03-26,55250.3,54118.84,55467.83,54021.64,-0.8,-434.37,5757776,5492804608.0,2.65,0.22
2014-03-27,54037.92,53638.54,54772.0,53172.27,-0.89,-480.3,7275094,7260198400.0,2.96,0.27
2014-03-28,53531.09,53330.78,54045.23,53116.01,-0.57,-307.76,6061814,6278321664.0,1.73,0.23
2014-03-31,53484.12,52834.05,53589.34,52601.48,-0.93,-496.73,3781420,3697484768.0,1.85,0.14
2014-04-01,52864.03,53450.06,53682.3,52850.09,1.17,616.01,3790340,3680802352.0,1.58,0.14
2014-04-02,53568.57,53784.34,53973.69,53383.36,0.63,334.28,4186444,4103037360.0,1.1,0.16
2014-04-03,54090.75,53928.41,55042.94,53882.81,0.27,144.07,7198474,6997723136.0,2.16,0.27
2014-04-04,53701.19,54735.72,54741.12,53623.29,1.5,807.31,4745407,4572892416.0,2.07,0.18
2014-04-08,54586.92,56169.95,56508.08,54534.92,2.62,1434.23,10570135,10224140032.0,3.6,0.4
2014-04-09,56366.92,55939.22,56460.8,55676.57,-0.41,-230.73,6017935,5899356928.0,1.4,0.23
2014-04-10,56052.71,58294.02,59127.37,55855.63,4.21,2354.8,18537025,18890961664.0,5.85,0.69
2014-04-11,58328.68,57997.5,59106.36,57865.97,-0.51,-296.52,12374478,13371857152.0,2.13,0.46
2014-04-14,57941.84,57788.57,58276.27,57292.77,-0.36,-208.93,6396854,6841144320.0,1.7,0.24
2014-04-15,57509.45,56498.67,57509.45,56370.09,-2.23,-1289.9,7233740,7359405312.0,1.97,0.27
2014-04-16,56290.61,56830.66,57658.44,56284.12,0.59,331.99,7387241,6760934912.0,2.43,0.28
2014-04-17,57154.06,56913.65,57582.57,56543.02,0.15,82.99,6222942,5787368448.0,1.83,0.23
2014-04-18,56561.18,57130.0,57464.79,56294.72,0.38,216.35,5991589,5531885056.0,2.06,0.22
2014-04-21,57014.02,55750.86,57640.08,55736.45,-2.41,-1379.14,7537750,7100145408.0,3.33,0.28
2014-04-22,55478.52,56084.09,56096.39,54849.37,0.6,333.23,7172951,6810299648.0,2.24,0.27
2014-04-23,55880.27,55538.82,56003.75,55355.69,-0.97,-545.27,4673872,4400512000.0,1.16,0.17
2014-04-24,55370.2,55421.2,56052.98,55283.43,-0.21,-117.62,4124036,3904928272.0,1.39,0.15
2014-04-25,55562.43,54899.0,55871.75,54883.08,-0.94,-522.2,5028416,4706447104.0,1.78,0.19
2014-04-28,54840.82,54150.24,55059.93,54067.91,-1.36,-748.76,5334918,4984904704.0,1.81,0.2
2014-04-29,54075.13,55251.49,55270.41,53748.78,2.03,1101.25,5438532,5028687104.0,2.81,0.2
2014-04-30,55073.3,55155.18,55277.56,54831.98,-0.17,-96.31,4052019,3831869520.0,0.81,0.15
2014-05-05,54920.11,55673.91,55697.45,54511.29,0.94,518.73,4139773,3959272912.0,2.15,0.15
2014-05-06,55470.08,55535.44,56108.64,55318.88,-0.25,-138.47,4273653,4053035904.0,1.42,0.16
2014-05-07,55321.51,55470.79,56038.16,55237.13,-0.12,-64.65,4536164,4362214656.0,1.44,0.17
2014-05-08,55342.04,55865.06,57019.88,55202.66,0.71,394.27,6765759,6405119744.0,3.28,0.25
2014-05-09,55889.73,56304.4,56516.74,55439.65,0.79,439.34,6040242,5779770368.0,1.93,0.23
2014-05-12,57460.68,57933.74,58412.2,56638.57,2.89,1629.34,12436973,12123147264.0,3.15,0.47
2014-05-13,57759.32,57732.63,58151.06,57422.28,-0.35,-201.11,6366533,6378220800.0,1.26,0.24
2014-05-14,57861.29,57786.64,58249.19,57646.23,0.09,54.01,5522477,5585862144.0,1.04,0.21
2014-05-15,57784.14,56318.67,57851.64,56237.65,-2.54,-1467.97,6207716,6053872640.0,2.79,0.23
2014-05-16,56350.97,55648.52,56489.64,55372.47,-1.19,-670.15,5669917,5733626112.0,1.98,0.21
2014-05-19,55306.96,54358.48,55306.96,54179.8,-2.32,-1290.04,5439331,5470901248.0,2.03,0.2
2014-05-20,54717.98,54477.99,54945.94,54206.0,0.22,119.51,3486054,3430964032.0,1.36,0.13
2014-05-21,54205.19,55043.17,55076.34,53875.65,1.04,565.18,4386475,4247864144.0,2.2,0.16
2014-05-22,55030.47,54850.38,55805.29,54774.78,-0.35,-192.79,4811847,4701141248.0,1.87,0.18
2014-05-23,54811.14,55376.33,55376.33,54732.06,0.96,525.95,3493310,3346240560.0,1.17,0.13
2014-05-26,55639.69,55296.62,55723.0,55059.43,-0.14,-79.71,3652069,3530191680.0,1.2,0.14
2014-05-27,55231.73,54743.91,55354.79,54743.31,-1.0,-552.71,3373219,3356081568.0,1.11,0.13
2014-05-28,54773.88,55792.57,56026.63,54590.43,1.92,1048.66,6333493,6333710848.0,2.62,0.24
2014-05-29,55728.27,54773.22,55863.23,54773.22,-1.83,-1019.35,4739292,4660062208.0,1.95,0.18
2014-05-30,54727.78,54901.07,55373.71,54514.45,0.23,127.85,4449407,4581360384.0,1.57,0.17
2014-06-03,54986.14,54556.09,55486.78,54545.06,-0.63,-344.98,4092086,4109478560.0,1.72,0.15
2014-06-04,54529.78,53983.41,54540.49,53758.28,-1.05,-572.68,3828542,3603181904.0,1.43,0.14
2014-06-05,53950.0,54546.07,54567.51,53899.72,1.04,562.66,3297104,3294999872.0,1.24,0.12
2014-06-06,54559.14,54067.75,54559.14,53718.31,-0.88,-478.32,3520488,3555880576.0,1.54,0.13
2014-06-09,53768.61,53779.71,54480.07,53650.36,-0.53,-288.04,3227657,3169417264.0,1.53,0.12
2014-06-10,54053.38,54827.9,54881.78,53841.46,1.95,1048.19,6100623,6304065280.0,1.93,0.23
2014-06-11,54601.36,54523.66,54770.68,54344.76,-0.55,-304.24,3472099,3540585136.0,0.78,0.13
2014-06-12,54423.0,54295.43,54633.44,54257.5,-0.42,-228.23,2870278,2993246928.0,0.69,0.11
2014-06-13,54263.65,54939.76,55355.21,54216.84,1.19,644.33,5815784,6020880384.0,2.1,0.22
2014-06-16,55051.18,55342.25,55514.56,54908.71,0.73,402.49,5347665,5460795904.0,1.1,0.2
2014-06-17,55261.32,54765.62,55261.32,54751.97,-1.04,-576.63,3834551,3971905408.0,0.92,0.14
2014-06-18,54728.02,54386.97,54890.5,54372.95,-0.69,-378.65,3262072,3139580720.0,0.95,0.12
2014-06-19,54410.86,53125.84,54578.81,52991.18,-2.32,-1261.13,4701392,4540109824.0,2.92,0.18
2014-06-20,53156.9,53289.41,53391.93,52942.04,0.31,163.57,3222666,3164909456.0,0.85,0.12
2014-06-23,53320.23,53251.96,53613.53,53228.74,-0.07,-37.45,2657426,2611191824.0,0.72,0.1
2014-06-24,53310.86,53575.0,53593.41,53298.93,0.61,323.04,2574643,2493044576.0,0.55,0.1
2014-06-25,53551.18,53278.16,53551.18,53163.51,-0.55,-296.84,2365559,2191979680.0,0.72,0.09
2014-06-26,53362.16,53837.49,54146.31,53362.16,1.05,559.33,4427192,4136102368.0,1.47,0.17
2014-06-27,53823.57,53979.16,54170.23,53599.35,0.26,141.67,3619494,3418946352.0,1.06,0.14
2014-06-30,54218.65,54359.07,54642.77,54069.82,0.7,379.91,5294866,5188776448.0,1.06,0.2
2014-07-01,54487.51,54263.18,54565.52,54119.38,-0.18,-95.89,3502015,3615772240.0,0.82,0.13
2014-07-02,54315.66,54744.52,54787.96,54259.48,0.89,481.34,5050069,5155468544.0,0.97,0.19
2014-07-03,54623.99,54835.6,55046.57,54512.05,0.17,91.08,4836052,4877227008.0,0.98,0.18
2014-07-04,54841.21,54649.08,55013.36,54578.67,-0.34,-186.52,3623634,3611041536.0,0.79,0.14
2014-07-07,54646.63,54604.82,54845.49,54453.41,-0.08,-44.26,3525725,3604168576.0,0.72,0.13
2014-07-08,54545.21,54536.32,54626.51,54221.84,-0.13,-68.5,3646505,3626544160.0,0.74,0.14
2014-07-09,54674.13,53824.53,54740.8,53823.55,-1.31,-711.79,5615898,5220079872.0,1.68,0.21
2014-07-10,53868.76,53848.13,54054.19,53766.04,0.04,23.6,4541512,4055302768.0,0.54,0.17
2014-07-11,53800.49,54222.43,54427.38,53787.89,0.7,374.3,3710379,3526450928.0,1.19,0.14
2014-07-14,54278.52,54936.1,54950.16,54161.13,1.32,713.67,5857897,5807619072.0,1.46,0.22
2014-07-15,54835.71,54806.99,54924.95,54583.28,-0.24,-129.11,4446804,4414423040.0,0.62,0.17
2014-07-16,54785.74,54718.1,55310.4,54628.52,-0.16,-88.89,4281531,4372230144.0,1.24,0.16
2014-07-17,54640.9,54514.22,54665.25,54207.75,-0.37,-203.88,3714263,3660515760.0,0.84,0.14
2014-07-18,54338.06,54892.57,55234.06,54224.41,0.69,378.35,5309614,5107421440.0,1.85,0.2
2014-07-21,54909.89,54476.65,54992.23,54404.63,-0.76,-415.92,4398005,3883434992.0,1.07,0.16
2014-07-22,54514.12,55311.21,55487.73,54509.09,1.53,834.56,7882945,7350601472.0,1.8,0.3
2014-07-23,55334.17,55635.76,56181.34,55211.09,0.59,324.55,9235449,8899416832.0,1.75,0.35
2014-07-24,55616.82,57482.13,57902.59,55616.82,3.32,1846.37,18335322,16551427584.0,4.11,0.69
2014-07-25,57611.99,58319.61,58319.61,57231.54,1.46,837.48,14121345,12287844608.0,1.89,0.53
2014-07-28,59307.88,61351.62,62570.45,59307.88,5.2,3032.01,29025598,27263313408.0,5.59,1.09
2014-07-29,61539.29,61810.7,62179.95,61342.17,0.75,459.08,17814524,16204251904.0,1.37,0.67
2014-07-30,62006.69,62048.53,62742.57,61737.64,0.38,237.83,16357360,15353622272.0,1.63,0.61
2014-07-31,62114.4,63019.95,63029.79,61839.36,1.57,971.42,16356465,16077570304.0,1.92,0.61
2014-08-01,62620.83,61609.36,63230.06,61533.66,-2.24,-1410.59,16285595,15826620160.0,2.69,0.61
2014-08-04,62224.66,63976.85,63979.19,61964.97,3.84,2367.49,20067814,19842523392.0,3.27,0.75
2014-08-05,64028.27,63855.29,64374.36,63114.13,-0.19,-121.56,15444688,15126841600.0,1.97,0.58
2014-08-06,63459.54,64100.82,64534.15,62840.13,0.38,245.53,15447363,15494009088.0,2.65,0.58
2014-08-07,64037.57,62468.11,64208.75,62428.78,-2.55,-1632.71,14327992,14308231680.0,2.78,0.54
2014-08-08,62661.87,62445.61,62996.43,62101.28,-0.04,-22.5,10787976,10401614592.0,1.43,0.4
2014-08-11,62667.1,63592.25,63901.33,62605.37,1.84,1146.64,12048186,12077441280.0,2.08,0.45
2014-08-12,63503.5,63419.78,63639.72,62905.15,-0.27,-172.47,10125459,9937138944.0,1.16,0.38
2014-08-13,63372.02,63675.2,64318.43,62929.09,0.4,255.42,12429526,12170653952.0,2.19,0.47
2014-08-14,63507.11,62731.92,63819.16,62692.15,-1.48,-943.28,10429187,10307201536.0,1.77,0.39
2014-08-15,62902.27,64299.07,64570.31,62642.39,2.5,1567.15,14312844,14437808384.0,3.07,0.54
2014-08-18,64495.11,64598.41,65065.06,64085.34,0.47,299.34,12085218,12193415936.0,1.52,0.45
2014-08-19,64618.17,64020.51,64635.4,63420.02,-0.89,-577.9,11017129,11106394112.0,1.88,0.41
2014-08-20,63949.63,64004.39,64389.35,63696.7,-0.03,-16.12,10144964,9823186944.0,1.08,0.38
2014-08-21,64064.37,63090.87,64110.95,62557.67,-1.43,-913.52,11124551,11103148032.0,2.43,0.42
2014-08-22,63027.4,63521.7,63605.14,62916.69,0.68,430.83,8907868,8922321152.0,1.09,0.33
2014-08-25,63687.64,62439.17,63691.07,62398.45,-1.7,-1082.53,8553256,8434768384.0,2.03,0.32
2014-08-26,62303.06,61557.27,62703.59,61264.02,-1.41,-881.9,7933422,7614242304.0,2.31,0.3
2014-08-27,61536.82,61648.78,62260.11,61514.44,0.15,91.51,5623741,5494982656.0,1.21,0.21
2014-08-28,61648.97,61499.61,62281.38,61350.74,-0.24,-149.17,6375160,6945146880.0,1.51,0.24
2014-08-29,61664.45,62309.64,62315.15,61397.01,1.32,810.03,5534440,5551631872.0,1.49,0.21
2014-09-01,62344.24,62628.77,62628.77,62131.61,0.51,319.13,6220015,6297922304.0,0.8,0.23
2014-09-02,62724.05,64144.65,64190.1,62441.32,2.42,1515.88,14076553,14269973760.0,2.79,0.53
2014-09-03,64237.91,64141.11,64714.52,63921.79,-0.01,-3.54,12165365,12509679360.0,1.24,0.46
2014-09-04,64283.26,65200.41,65231.24,64156.57,1.65,1059.3,13471364,13890611968.0,1.68,0.5
2014-09-05,65662.33,65746.48,66356.56,65309.81,0.84,546.07,14852753,15308983808.0,1.61,0.56
2014-09-09,65853.96,65124.55,65853.96,64908.72,-0.95,-621.93,9134581,9406466048.0,1.44,0.34
2014-09-10,64740.12,64588.01,64906.55,64302.85,-0.82,-536.54,8138636,8422814208.0,0.93,0.3
2014-09-11,64512.79,64782.46,66227.47,64447.46,0.3,194.45,14089708,15221234688.0,2.76,0.53
2014-09-12,64512.65,64947.67,64948.43,64203.59,0.26,165.21,8040371,8409081600.0,1.15,0.3
2014-09-15,64926.11,65114.61,65237.8,64342.59,0.26,166.94,10778947,11544917248.0,1.38,0.4
2014-09-16,65225.8,63201.98,65346.26,63201.98,-2.94,-1912.63,14913338,15506144768.0,3.29,0.56
2014-09-17,63435.14,63464.26,63832.63,62854.89,0.41,262.28,8823594,8869662720.0,1.55,0.33
2014-09-18,63302.52,64013.81,64666.17,62964.1,0.87,549.55,10896111,9879792896.0,2.68,0.41
2014-09-19,64084.03,64389.52,64639.33,63829.63,0.59,375.71,8342850,7442603008.0,1.26,0.31
2014-09-22,64231.13,63370.86,64451.71,63221.27,-1.58,-1018.66,9163006,8265929728.0,1.91,0.34
2014-09-23,63387.47,64441.72,64642.81,63387.47,1.69,1070.86,10046736,9026785280.0,1.98,0.38
2014-09-24,64202.38,67422.45,67886.22,64103.52,4.63,2980.73,25749250,23958546688.0,5.87,0.96
2014-09-25,67861.73,66889.21,68100.73,66604.23,-0.79,-533.24,21883845,20547595264.0,2.22,0.82
2014-09-26,66568.71,66986.79,67473.43,66342.44,0.15,97.58,12407695,11659035904.0,1.69,0.46
2014-09-29,67500.14,67854.83,68212.43,67331.66,1.3,868.04,16126783,15554126080.0,1.31,0.6
2014-09-30,68075.27,67800.13,68160.13,67547.05,-0.08,-54.7,11148519,11949248768.0,0.9,0.42
2014-10-08,68064.37,68129.06,68232.83,67297.39,0.49,328.93,11161044,11880468736.0,1.38,0.42
2014-10-09,68189.01,67672.55,68560.28,67155.46,-0.67,-456.51,12296727,12563413248.0,2.06,0.46
2014-10-10,67278.33,67504.86,68331.15,66982.74,-0.25,-167.69,13256193,13882035712.0,1.99,0.5
2014-10-13,67039.73,66907.95,67066.31,66269.45,-0.88,-596.91,9932080,10448487424.0,1.18,0.37
2014-10-14,66701.99,66816.16,67727.05,66506.33,-0.14,-91.79,10569272,11130987264.0,1.82,0.4
2014-10-15,66924.66,69176.16,69648.63,66870.14,3.53,2360.0,22068858,22169932288.0,4.16,0.83
2014-10-16,68577.33,68210.52,69962.2,68204.88,-1.4,-965.64,19459692,19344371712.0,2.54,0.73
2014-10-17,68329.63,69328.31,69640.07,67448.98,1.64,1117.79,19115123,19355181824.0,3.21,0.72
2014-10-20,69501.1,69646.83,70054.97,68894.66,0.46,318.52,14903236,15607505408.0,1.67,0.56
2014-10-21,69602.52,69371.33,70927.75,69339.17,-0.4,-275.5,17283489,18231228416.0,2.28,0.65
2014-10-22,69367.73,68309.2,70020.63,68285.76,-1.53,-1062.13,13150584,13861507584.0,2.5,0.49
2014-10-23,67987.55,67665.09,68703.2,67475.53,-0.94,-644.11,11169304,12048519680.0,1.8,0.42
2014-10-24,67905.09,67279.91,68253.95,67105.39,-0.57,-385.18,8888310,9209422592.0,1.7,0.33
2014-10-27,65904.52,65123.04,65904.52,64986.94,-3.21,-2156.87,12605390,12214905088.0,1.36,0.47
2014-10-28,65351.51,67546.95,67546.95,65351.51,3.72,2423.91,13245561,13276664320.0,3.37,0.5
2014-10-29,67812.95,69434.66,70697.23,67503.79,2.79,1887.71,22911344,24073836544.0,4.73,0.86
2014-10-30,69404.31,69783.59,70369.05,69111.61,0.5,348.93,15845856,16210310144.0,1.81,0.59
2014-10-31,70239.72,71806.6,72608.18,70100.81,2.9,2023.01,27008500,27867142656.0,3.59,1.01
2014-11-03,72256.8,71928.89,73410.42,71635.61,0.17,122.29,24626032,24557669120.0,2.47,0.92
2014-11-04,71579.2,71906.1,72537.29,71307.17,-0.03,-22.79,17440595,17527279616.0,1.71,0.65
2014-11-05,72190.96,73594.52,74805.19,71573.01,2.35,1688.42,27079630,28681947392.0,4.5,1.01
2014-11-06,73465.05,73690.23,74029.95,72280.87,0.13,95.71,20822417,20883536640.0,2.38,0.78
2014-11-07,73978.12,76227.96,78858.64,73753.82,3.44,2537.73,44980892,47864086528.0,6.93,1.68
2014-11-10,78173.04,79339.01,79579.48,76203.45,4.08,3111.05,38237383,42373143808.0,4.43,1.43
2014-11-11,80763.6,79907.04,83456.54,77886.73,0.72,568.03,52182528,58278644224.0,7.02,1.95
2014-11-12,78769.21,83414.13,83450.64,78548.57,4.39,3507.09,35255550,39943047168.0,6.13,1.32
2014-11-13,83276.26,82228.58,85186.09,81850.59,-1.42,-1185.55,39976467,47773879808.0,4.0,1.5
2014-11-14,81211.38,81460.49,82426.89,80004.2,-0.93,-768.09,25969038,30650575360.0,2.95,0.97
2014-11-17,82171.15,80514.83,82634.25,80110.77,-1.16,-945.66,23101879,26775593472.0,3.1,0.86
2014-11-18,80073.11,79817.38,80720.95,79533.23,-0.87,-697.45,16853688,19176576256.0,1.48,0.63
2014-11-19,79646.3,79440.77,80513.69,79389.06,-0.47,-376.61,14367750,16268756736.0,1.41,0.54
2014-11-20,79497.82,80662.77,81148.04,79358.16,1.54,1222.0,15349909,17858887680.0,2.25,0.57
2014-11-21,80771.34,85470.14,85817.66,80357.48,5.96,4807.37,36823776,43394292992.0,6.77,1.38
2014-11-24,88353.86,91150.12,92302.72,87757.09,6.65,5679.98,52030085,66519358208.0,5.32,1.95
2014-11-25,91038.52,91669.8,92708.66,90507.13,0.57,519.68,32415612,42035551232.0,2.42,1.21
2014-11-26,92940.16,96348.33,98162.66,92940.16,5.1,4678.53,41057590,55151213568.0,5.7,1.54
2014-11-27,97569.58,102505.17,102505.17,95959.6,6.39,6156.84,50102321,69299699712.0,6.79,1.88
2014-11-28,102364.59,102547.74,104770.91,100431.45,0.04,42.57,48778982,68362373376.0,4.23,1.83
2014-12-01,103433.34,103775.23,106946.09,100759.31,1.2,1227.49,47782267,71996268544.0,6.03,1.79
2014-12-02,102148.45,112557.53,113253.93,101796.42,8.46,8782.3,54835154,84501872640.0,11.04,2.05
2014-12-03,114038.12,115220.56,121339.34,111389.41,2.37,2663.03,65265585,107941175296.0,8.84,2.44
2014-12-04,114342.0,124977.96,124994.62,114047.34,8.47,9757.4,52253417,89657741312.0,9.5,1.96
2014-12-05,131141.58,136967.08,136967.08,127254.57,9.59,11989.12,73692426,141290098688.0,7.77,2.76
2014-12-08,136699.94,149368.31,150283.58,133581.91,9.05,12401.23,64536599,134195073024.0,12.19,2.42
2014-12-09,151352.45,144937.97,163136.28,139897.39,-2.97,-4430.34,88647478,200319807488.0,15.56,3.32
2014-12-10,144853.33,145710.77,151000.44,134051.84,0.53,772.8,75730481,153827291136.0,11.69,2.84
2014-12-11,140549.5,135949.88,145324.08,135937.78,-6.7,-9760.89,53602127,107480973312.0,6.44,2.01
2014-12-12,133807.83,139348.98,145404.7,133807.83,2.5,3399.1,54768174,108564496384.0,8.53,2.05
2014-12-15,138445.73,143785.56,144348.63,136595.7,3.18,4436.58,40266192,80729878528.0,5.56,1.51
2014-12-16,144947.28,157200.2,157224.66,143773.19,9.33,13414.64,70546591,152013357056.0,9.36,2.64
2014-12-17,163372.11,163684.84,167347.14,153057.64,4.13,6484.64,78548321,180035780608.0,9.09,2.94
2014-12-18,158829.94,152578.73,160715.92,152497.11,-6.79,-11106.11,47610708,109887918080.0,5.02,1.78
2014-12-19,152594.69,150981.09,155551.14,143746.31,-1.05,-1597.64,45871160,102729076736.0,7.74,1.72
2014-12-22,149307.09,147939.86,152931.78,142876.42,-2.01,-3041.23,38704560,84545843200.0,6.66,1.45
2014-12-23,147740.98,148500.53,152405.7,147094.42,0.38,560.67,30248143,66335347200.0,3.59,1.13
2014-12-24,150792.42,138852.92,151698.42,136847.81,-6.5,-9647.61,38984563,82260062208.0,10.0,1.46
2014-12-25,139639.34,144613.98,146217.95,136857.75,4.15,5761.06,36040945,74599604224.0,6.74,1.35
2014-12-26,144760.8,157945.59,158094.95,144128.86,9.22,13331.61,55263168,121257574400.0,9.66,2.07
2014-12-29,162895.69,153580.08,163113.19,151146.81,-2.76,-4365.51,50269094,115567796224.0,7.58,1.88
2014-12-30,153373.88,155978.73,159883.22,149290.3,1.56,2398.65,45082202,104274563072.0,6.9,1.69
2014-12-31,155787.8,158265.06,163634.03,154145.7,1.47,2286.33,46325934,107160387584.0,6.08,1.73
2015-01-05,158780.48,157794.56,159958.64,152903.91,-0.3,-470.5,41732000,95289970688.0,4.46,1.56
2015-01-06,155116.7,156288.38,159123.64,152257.34,-0.95,-1506.18,36813867,84891680768.0,4.35,1.38
2015-01-07,156070.53,160437.92,165787.42,155657.55,2.66,4149.54,43665078,104043220992.0,6.48,1.63
2015-01-08,160832.25,154727.97,161514.31,153352.25,-3.56,-5709.95,33200615,78025973760.0,5.09,1.24
2015-01-09,154262.41,154221.34,161004.55,153539.92,-0.33,-506.63,36804882,86941794304.0,4.82,1.38
2015-01-12,154820.39,152213.31,157338.84,150605.95,-1.3,-2008.03,31129042,72907513856.0,4.37,1.17
2015-01-13,151829.3,148430.22,152881.8,147497.03,-2.49,-3783.09,25307864,57724417280.0,3.54,0.95
2015-01-14,148955.39,150569.58,151618.77,148390.55,1.44,2139.36,22916193,52948311040.0,2.17,0.86
2015-01-15,150373.56,155937.97,156181.78,148617.14,3.57,5368.39,39291601,90680102912.0,5.02,1.47
2015-01-16,156346.09,154691.14,156892.16,152482.31,-0.8,-1246.83,32562810,75280617472.0,2.83,1.22
2015-01-19,140396.39,140201.81,140898.52,140153.98,-9.37,-14489.33,19672887,35216077056.0,0.48,0.74
2015-01-20,131965.19,132377.95,135919.48,129798.88,-5.58,-7823.86,54117763,110104780800.0,4.37,2.03
2015-01-21,134672.5,141909.16,143072.31,134459.88,7.2,9531.21,48738506,100403306496.0,6.51,1.82
2015-01-22,142308.28,143259.84,143515.02,140054.67,0.95,1350.68,31782152,66867553280.0,2.44,1.19
2015-01-23,144434.11,145500.67,150411.81,144434.11,1.56,2240.83,36999730,80302747648.0,4.17,1.39
2015-01-26,145705.84,144156.66,145836.45,142615.58,-0.92,-1344.01,24239271,51370296064.0,2.21,0.91
2015-01-27,143884.25,142370.86,144901.89,139441.66,-1.24,-1785.8,32119641,65989708288.0,3.79,1.2
2015-01-28,141489.58,142024.27,145501.48,140674.59,-0.24,-346.59,29447865,64006412544.0,3.39,1.1
2015-01-29,138401.88,138599.64,140540.22,137438.8,-2.41,-3424.63,25879505,52566096384.0,2.18,0.97
2015-01-30,139665.63,136163.22,140747.97,136147.63,-1.76,-2436.42,19667240,39955903488.0,3.32,0.74
2015-02-02,132067.02,132560.84,135409.3,130751.26,-2.65,-3602.38,21743640,41866363648.0,3.42,0.81
2015-02-03,134714.69,138285.27,138789.7,133167.33,4.32,5724.43,26630356,54067014656.0,4.24,1.0
2015-02-04,138592.22,136210.11,141610.28,136125.16,-1.5,-2075.16,27859614,58742287360.0,3.97,1.04
2015-02-05,141657.94,136630.19,141675.41,136603.31,0.31,420.08,31409871,66829729792.0,3.72,1.18
2015-02-06,135393.11,136807.34,139486.36,135264.47,0.13,177.15,22467810,45907699456.0,3.09,0.84
2015-02-09,136568.53,143328.67,145590.34,136560.67,4.77,6521.33,36967231,75166949376.0,6.6,1.38
2015-02-10,142884.44,145345.66,146801.36,142154.02,1.41,2016.99,30276808,61727670784.0,3.24,1.13
2015-02-11,145813.66,146012.23,146532.47,144000.48,0.46,666.57,21299882,44154159104.0,1.74,0.8
2015-02-12,145875.09,145492.44,146359.17,143239.69,-0.36,-519.79,18527739,38999037184.0,2.14,0.69
2015-02-13,146649.97,145465.39,148453.48,145304.36,-0.02,-27.05,24592956,52523936256.0,2.16,0.92
2015-02-16,145230.44,144961.8,146100.63,143693.88,-0.35,-503.59,18489829,39210635520.0,1.65,0.69
2015-02-17,145634.8,146546.75,149060.88,145634.8,1.09,1584.95,21125956,43937491968.0,2.36,0.79
2015-02-25,146819.44,143236.84,146819.44,142812.16,-2.26,-3309.91,16651914,34270418176.0,2.73,0.62
2015-02-26,143014.44,150734.42,151320.36,141630.64,5.23,7497.58,33427807,69555613696.0,6.76,1.25
2015-02-27,150703.31,149709.38,152128.42,149340.75,-0.68,-1025.04,25573746,54934347264.0,1.85,0.96
2015-03-02,153042.44,152028.67,155359.25,150801.92,1.55,2319.29,32908287,70656032768.0,3.04,1.23
2015-03-03,151182.52,146106.92,151182.52,145856.91,-3.9,-5921.75,28271343,59537977344.0,3.5,1.06
2015-03-04,146064.55,146325.44,147567.7,144725.09,0.15,218.52,19383979,40796281088.0,1.95,0.73
2015-03-05,145530.97,146794.38,148915.08,144658.67,0.32,468.94,22496701,47172252160.0,2.91,0.84
2015-03-06,147159.17,145878.0,149709.31,145774.73,-0.62,-916.38,19165634,40116350464.0,2.68,0.72
2015-03-09,140883.48,142447.94,143597.08,137563.89,-2.35,-3430.06,28828806,57942468096.0,4.14,1.08
2015-03-10,141586.05,142292.08,145103.84,140191.25,-0.11,-155.86,20854511,42153218048.0,3.45,0.78
2015-03-11,142419.69,142419.44,145374.44,142030.63,0.09,127.36,18993928,39152882688.0,2.35,0.71
2015-03-12,143587.27,145884.95,147358.23,142100.97,2.43,3465.51,24389456,49901197824.0,3.69,0.91
2015-03-13,146881.23,146526.02,150149.05,145498.27,0.44,641.07,23679014,48668381184.0,3.19,0.89
2015-03-16,147524.52,149866.44,150774.63,145339.3,2.28,3340.42,29006566,60404525056.0,3.71,1.09
2015-03-17,152325.61,154256.31,155212.17,150515.03,2.93,4389.87,45607665,97171410944.0,3.13,1.71
2015-03-18,155492.36,156996.77,157749.27,155023.05,1.78,2740.46,40742215,88419528704.0,1.77,1.53
2015-03-19,157200.0,156085.72,157580.63,154935.13,-0.58,-911.05,32633439,70855180288.0,1.69,1.22
2015-03-20,156549.84,165485.97,169878.67,154631.47,6.02,9400.25,65202593,148716814336.0,9.77,2.44
2015-03-23,166935.69,169469.66,169969.55,165175.45,2.41,3983.69,47479849,113688727552.0,2.9,1.78
2015-03-24,169813.52,166203.64,170546.81,163229.7,-1.93,-3266.02,41827443,99452297216.0,4.32,1.57
2015-03-25,166511.3,164700.02,170326.27,164285.03,-0.9,-1503.62,35150653,83667939328.0,3.63,1.32
2015-03-26,163398.77,164142.75,167503.42,161369.66,-0.34,-557.27,28213350,66078110208.0,3.72,1.06
2015-03-27,164532.92,165491.56,167917.11,163930.39,0.82,1348.81,23908557,56043491072.0,2.43,0.9
2015-03-30,165963.69,170006.2,171264.63,164510.25,2.73,4514.64,40909411,93962723328.0,4.08,1.53
2015-03-31,172206.69,170563.36,180155.78,169789.03,0.33,557.16,53234921,128045719552.0,6.1,1.99
2015-04-01,171531.64,176344.69,177210.75,170212.86,3.39,5781.33,44276093,105225093120.0,4.1,1.66
2015-04-02,178298.84,174734.91,178930.5,172067.53,-0.91,-1609.78,38119621,91709952000.0,3.89,1.43
2015-04-03,174145.5,180922.83,181079.52,174001.84,3.54,6187.92,50019768,122987474944.0,4.05,1.87
2015-04-07,183286.77,183835.75,184083.64,180010.03,1.61,2912.92,46755436,119196979200.0,2.25,1.75
2015-04-08,184621.8,192176.92,195145.77,182157.38,4.54,8341.17,63522330,163446300672.0,7.07,2.38
2015-04-09,196007.53,192137.48,205746.66,191562.58,-0.02,-39.44,69933343,191574691840.0,7.38,2.62
2015-04-10,191261.27,192896.19,193722.66,188225.41,0.39,758.71,43708931,118508126208.0,2.86,1.64
2015-04-13,194207.27,190831.94,194402.77,188268.81,-1.07,-2064.25,40987928,110591537152.0,3.18,1.53
2015-04-14,190316.31,192471.48,194156.41,185573.48,0.86,1639.54,42664294,112916840448.0,4.5,1.6
2015-04-15,191625.97,185673.64,193737.95,185587.84,-3.53,-6797.84,33035056,88000647168.0,4.23,1.24
2015-04-16,182716.5,187922.11,189925.34,181771.17,1.21,2248.47,29538133,76656377856.0,4.39,1.11
2015-04-17,189737.36,189500.73,193009.56,187037.78,0.84,1578.62,38630638,102068465664.0,3.18,1.45
2015-04-20,189720.63,180817.58,189720.63,180805.95,-4.58,-8683.15,41555594,104632766464.0,4.7,1.56
2015-04-21,180794.61,189952.06,192030.19,180794.61,5.05,9134.48,43006136,107439403008.0,6.21,1.61
2015-04-22,191850.61,201420.66,202754.42,190394.39,6.04,11468.6,54068749,146764898304.0,6.51,2.02
2015-04-23,203025.5,200164.13,206950.34,198278.31,-0.62,-1256.53,51968806,147163820032.0,4.31,1.95
2015-04-24,196925.78,194979.72,198338.41,192479.41,-2.59,-5184.41,39100433,106574942208.0,2.93,1.46
2015-04-27,196294.03,196447.89,199987.75,195105.88,0.75,1468.17,34003925,92787130368.0,2.5,1.27
2015-04-28,196928.56,195277.36,199118.58,194194.09,-0.6,-1170.53,37426645,102011834368.0,2.51,1.4
2015-04-29,194266.27,194622.47,196651.98,191716.11,-0.34,-654.89,30487010,79376076800.0,2.53,1.14
2015-04-30,194410.56,190074.8,195753.39,190064.84,-2.34,-4547.67,29477637,78025342976.0,2.92,1.1
2015-05-04,189812.97,188708.41,190368.14,186427.77,-0.72,-1366.39,20697438,54591004416.0,2.07,0.77
2015-05-05,188588.19,183154.48,193189.16,182316.91,-2.94,-5553.93,27893167,74031636480.0,5.76,1.04
2015-05-06,185000.89,183496.42,189864.81,181315.77,0.19,341.94,27993791,72983965696.0,4.67,1.05
2015-05-07,182251.39,184923.36,186970.88,181803.19,0.78,1426.94,23624931,62379276032.0,2.82,0.88
2015-05-08,187518.55,185025.17,188109.92,181268.94,0.06,101.81,24616069,64053331968.0,3.7,0.92
2015-05-11,186312.92,189894.73,189908.38,184401.31,2.63,4869.56,30033617,77625532416.0,2.98,1.12
2015-05-12,189807.69,193334.13,196891.13,187408.31,1.81,3439.4,41085196,108165451776.0,4.99,1.54
2015-05-13,192422.08,188992.14,192479.47,187777.22,-2.25,-4341.99,26350935,68982489088.0,2.43,0.99
2015-05-14,189523.84,188212.98,191430.19,187287.11,-0.41,-779.16,25158797,62807847680.0,2.19,0.94
2015-05-15,187153.23,182042.53,187153.23,180968.11,-3.28,-6170.45,26050668,64157416192.0,3.29,0.98
2015-05-18,179231.47,177874.61,181404.53,177398.14,-2.29,-4167.92,22918828,56794084864.0,2.2,0.86
2015-05-19,177371.59,190662.47,193628.84,177371.59,7.19,12787.86,46840942,120739958784.0,9.14,1.75
2015-05-20,191387.72,187741.22,191505.55,187411.7,-1.53,-2921.25,36319606,96231350272.0,2.15,1.36
2015-05-21,187780.16,187894.23,188648.16,185463.91,0.08,153.01,24721743,64966673408.0,1.7,0.93
2015-05-22,190040.98,194870.66,197347.47,189336.56,3.71,6976.43,45759795,123113984000.0,4.26,1.71
2015-05-25,195697.94,200595.97,203975.47,195697.94,2.94,5725.31,50388800,140067561472.0,4.25,1.89
2015-05-26,201556.48,203705.92,205146.84,196475.91,1.55,3109.95,51331604,135738077184.0,4.32,1.92
2015-05-27,203866.73,202871.83,206224.11,201532.97,-0.41,-834.09,41342834,110842290176.0,2.3,1.55
2015-05-28,202309.72,184456.58,202909.64,184399.13,-9.08,-18415.25,48105784,126941884416.0,9.12,1.8
2015-05-29,185376.09,182460.28,187909.66,178746.36,-1.08,-1996.3,35409577,88986128384.0,4.97,1.33
2015-06-01,182605.59,192515.7,194713.78,180485.78,5.51,10055.42,38228041,98120765440.0,7.8,1.43
2015-06-02,191786.14,192791.84,193893.19,189097.7,0.14,276.14,32724146,84994469888.0,2.49,1.23
2015-06-03,193675.36,191621.8,196315.47,190466.63,-0.61,-1170.04,32191658,84311785472.0,3.03,1.21
2015-06-04,191775.41,195510.55,196673.58,182589.3,2.03,3888.75,40914017,107752648704.0,7.35,1.53
2015-06-05,199672.2,195179.27,200820.22,191616.7,-0.17,-331.28,41190567,109682159616.0,4.71,1.54
2015-06-08,195383.73,204578.0,205029.38,194189.08,4.82,9398.73,51425108,139260956672.0,5.55,1.93
2015-06-09,205790.48,199772.69,206157.36,197623.06,-2.35,-4805.31,35993412,100641042432.0,4.17,1.35
2015-06-10,197716.69,198131.08,200640.59,195884.94,-0.82,-1641.61,28575858,80037908480.0,2.38,1.07
2015-06-11,197654.39,195640.36,198012.95,194265.08,-1.26,-2490.72,25687387,70648647680.0,1.89,0.96
2015-06-12,196428.58,196062.28,199011.64,195124.31,0.22,421.92,26380865,71328452608.0,1.99,0.99
2015-06-15,199239.17,191766.7,200022.56,191474.72,-2.19,-4295.58,32853675,85287157760.0,4.36,1.23
2015-06-16,190384.53,189555.36,195383.97,187310.36,-1.15,-2211.34,27780213,69225889792.0,4.21,1.04
2015-06-17,189961.11,190389.3,191134.17,184171.34,0.44,833.94,23460587,57811258112.0,3.67,0.88
2015-06-18,189022.25,180489.84,189176.81,180489.84,-5.2,-9899.46,21706762,53438137856.0,4.56,0.81
2015-06-19,177643.14,170728.22,183000.47,170728.22,-5.41,-9761.62,23951637,56774301696.0,6.8,0.9
2015-06-23,171491.08,176811.27,177072.5,164998.34,3.56,6083.05,25617040,59432337664.0,7.07,0.96
2015-06-24,177679.75,177181.56,177679.75,172982.58,0.21,370.29,24518372,59748740096.0,2.66,0.92
2015-06-25,177371.56,172395.8,181044.41,171386.16,-2.7,-4785.76,27829496,68462447360.0,5.45,1.04
2015-06-26,168896.84,157131.58,175490.75,156716.75,-8.85,-15264.22,34956762,78552686592.0,10.89,1.31
2015-06-29,162210.09,145732.81,162235.3,142040.44,-7.25,-11398.77,43644884,93832278016.0,12.85,1.63
2015-06-30,145250.16,158527.64,158575.02,138286.02,8.78,12794.83,44774592,97534775296.0,13.92,1.68
2015-07-01,156796.03,148713.14,161171.69,147610.75,-6.19,-9814.5,36320887,85710839808.0,8.55,1.36
2015-07-02,153926.31,146739.03,155439.45,141492.25,-1.33,-1974.11,40466002,88095141888.0,9.38,1.52
2015-07-03,144820.06,139891.94,151668.72,134813.33,-4.67,-6847.09,36488213,74698186752.0,11.49,1.37
2015-07-06,153419.55,147718.02,153419.55,140006.94,5.59,7826.08,49356659,104164548608.0,9.59,1.85
2015-07-07,143634.48,139083.86,147476.23,134381.17,-5.85,-8634.16,49189614,94615019520.0,8.86,1.84
2015-07-08,127785.15,126614.9,130947.9,126583.15,-8.97,-12468.96,35239749,63000593920.0,3.14,1.32
2015-07-09,123962.16,138074.5,138104.53,117359.59,9.05,11459.6,52242708,93543104512.0,16.38,1.96
2015-07-10,137491.84,149708.75,150506.91,136460.16,8.43,11634.25,52842808,109370159104.0,10.17,1.98
2015-07-13,148860.56,152430.91,157073.05,146331.11,1.82,2722.16,52761016,111533035520.0,7.18,1.98
2015-07-14,149222.27,144849.86,152138.84,143166.97,-4.97,-7581.05,42249901,86661763072.0,5.89,1.58
2015-07-15,141923.42,134999.7,146188.36,133402.42,-6.8,-9850.16,35926213,66633663232.0,8.83,1.35
2015-07-16,134461.36,135803.38,139904.86,130964.27,0.6,803.68,23428539,43465316352.0,6.62,0.88
2015-07-17,137183.33,142996.69,144694.44,135821.98,5.3,7193.31,26727555,51886969600.0,6.53,1.0
2015-07-20,142856.89,140251.56,144672.86,138908.5,-1.92,-2745.13,26570859,52252360192.0,4.03,0.99
2015-07-21,138263.81,141595.7,144794.7,136831.91,0.96,1344.14,29027154,56309384960.0,5.68,1.09
2015-07-22,140616.78,139362.48,142367.98,137920.31,-1.58,-2233.22,21683849,42409022208.0,3.14,0.81
2015-07-23,139739.38,143218.86,143729.91,139739.38,2.77,3856.38,28867811,57439059968.0,2.86,1.08
2015-07-24,143781.7,138812.28,144401.3,138329.03,-3.08,-4406.58,28082454,55336682496.0,4.24,1.05
2015-07-27,136129.05,125260.54,136816.81,125256.04,-9.76,-13551.74,28753775,52760807424.0,8.33,1.08
2015-07-28,121060.89,131187.17,132610.25,115453.48,4.73,5926.63,46080284,81318330368.0,13.7,1.73
2015-07-29,130299.79,131998.17,132148.19,127099.34,0.62,811.0,23697798,42578775296.0,3.85,0.89
2015-07-30,131092.3,125723.48,133470.11,125260.81,-4.75,-6274.69,21831822,40183426816.0,6.22,0.82
2015-07-31,123899.81,125933.81,127626.62,123899.81,0.17,210.33,18827061,33528123392.0,2.96,0.7
2015-08-03,123565.74,126356.63,126359.6,123151.27,0.34,422.82,18057269,30870219520.0,2.55,0.68
2015-08-04,126470.95,129939.02,130043.04,125216.73,2.84,3582.39,18369189,32178457600.0,3.82,0.69
2015-08-05,129220.93,126023.6,129716.54,125926.71,-3.01,-3915.42,14598250,25778264064.0,2.92,0.55
2015-08-06,123699.13,123093.43,125627.72,122764.1,-2.33,-2930.17,12312330,21376031232.0,2.27,0.46
2015-08-07,123653.04,124800.55,126432.48,123653.04,1.39,1707.12,12825108,21960584960.0,2.26,0.48
2015-08-10,125483.31,133370.63,134576.19,124486.98,6.87,8570.08,28421324,50902883584.0,8.08,1.06
2015-08-11,132090.53,131633.31,134017.42,131230.17,-1.3,-1737.32,20328970,37436842496.0,2.09,0.76
2015-08-12,130008.87,131294.19,135235.56,129595.73,-0.26,-339.12,19386156,35354361856.0,4.28,0.73
2015-08-13,131261.2,133040.02,133581.69,129354.59,1.33,1745.83,16155520,29529000960.0,3.22,0.6
2015-08-14,134158.42,134425.75,135900.97,132944.17,1.04,1385.73,20747922,38619570944.0,2.22,0.78
2015-08-17,133682.7,132747.92,133830.48,130937.65,-1.25,-1677.83,14978433,28295516672.0,2.15,0.56
2015-08-18,133815.78,124049.02,138249.27,123729.54,-6.55,-8698.9,29452141,54682640128.0,10.94,1.1
2015-08-19,121650.91,126118.09,126341.88,118959.68,1.67,2069.07,22677511,39996010496.0,5.95,0.85
2015-08-20,123859.19,120030.86,125006.07,120030.86,-4.83,-6087.23,16796695,28952622592.0,3.94,0.63
2015-08-21,118294.85,111331.52,120610.34,111084.91,-7.25,-8699.34,18386016,29929835776.0,7.94,0.69
2015-08-24,106458.94,100446.01,107644.46,100446.01,-9.78,-10885.51,21870415,31199089664.0,6.47,0.82
2015-08-25,92051.73,90630.04,96070.61,90622.54,-9.77,-9815.97,29541793,37670973440.0,5.42,1.11
2015-08-26,90355.84,87260.52,95399.23,85387.27,-3.72,-3369.52,31741056,38765919232.0,11.05,1.19
2015-08-27,89926.49,93739.1,93741.03,86517.66,7.42,6478.58,29484525,35589590016.0,8.28,1.1
2015-08-28,94621.88,98373.41,98673.09,93313.52,4.94,4634.31,33267846,43218066688.0,5.72,1.25
2015-08-31,97141.66,96192.13,97141.66,91395.79,-2.22,-2181.28,30739265,39225787392.0,5.84,1.15
2015-09-01,94120.42,97585.66,98752.2,89973.2,1.45,1393.53,35251581,45101950976.0,9.13,1.32
2015-09-02,92697.51,96799.7,98034.2,92450.83,-0.81,-785.96,30125536,38572830976.0,5.72,1.13
2015-09-07,96591.75,95072.92,100007.71,94931.6,-1.78,-1726.78,15807318,20758434304.0,5.24,0.59
2015-09-08,94229.12,98533.91,98575.48,92048.48,3.64,3460.99,14471242,18678194688.0,6.87,0.54
2015-09-09,98967.34,101629.31,102893.31,98193.8,3.14,3095.4,22880310,31404446208.0,4.77,0.86
2015-09-10,99583.54,98782.04,100587.17,98264.02,-2.8,-2847.27,13118499,17661157120.0,2.29,0.49
2015-09-11,98639.87,98229.05,100112.66,97455.84,-0.56,-552.99,9492425,12768909312.0,2.69,0.36
2015-09-14,98222.66,92939.3,98441.65,89076.18,-5.39,-5289.75,21716419,27611660544.0,9.53,0.81
2015-09-15,90543.21,87917.95,92737.36,87063.31,-5.4,-5021.35,12479574,15112095232.0,6.11,0.47
2015-09-16,87930.31,94735.96,95918.34,87183.13,7.75,6818.01,15591541,19407379968.0,9.94,0.58
2015-09-17,93758.57,91833.98,96009.44,91826.94,-3.06,-2901.98,14018724,17952249600.0,4.41,0.52
2015-09-18,92776.81,92355.82,93534.0,91556.65,0.57,521.84,8336818,10411772160.0,2.15,0.31
2015-09-21,91059.2,94092.26,94403.14,90739.25,1.88,1736.44,9225636,11726515968.0,3.97,0.35
2015-09-22,94224.02,97592.49,100025.8,94033.2,3.72,3500.23,18901890,25173016320.0,6.37,0.71
2015-09-23,95687.81,94219.68,96689.27,94199.13,-3.46,-3372.81,11704464,15016734976.0,2.55,0.44
2015-09-24,94851.99,95034.8,95799.09,94113.08,0.87,815.12,8386430,10816782592.0,1.79,0.31
2015-09-25,94667.82,91828.25,95333.91,91030.83,-3.37,-3206.55,9870384,12616827136.0,4.53,0.37
2015-09-28,91663.74,92940.77,93061.3,90570.81,1.21,1112.52,6225981,7808592384.0,2.71,0.23
2015-09-29,91283.38,91942.3,94400.1,89599.09,-1.07,-998.47,9608512,11613728768.0,5.17,0.36
2015-09-30,91728.22,92320.9,94613.65,91725.91,0.41,378.6,10309385,12779622656.0,3.14,0.39
2015-10-08,98087.04,96176.56,98096.27,96122.2,4.18,3855.66,16358491,21194606336.0,2.14,0.61
2015-10-09,96089.15,98721.55,99415.14,95906.12,2.65,2544.99,15809166,20472790272.0,3.65,0.59
2015-10-12,99057.63,104186.34,106201.63,98414.69,5.54,5464.79,25507807,34551091712.0,7.89,0.96
2015-10-13,102735.07,103833.22,104345.96,102497.32,-0.34,-353.12,13738230,18732756736.0,1.77,0.51
2015-10-14,103343.05,102400.38,105846.48,102398.86,-1.38,-1432.84,16795046,22890045696.0,3.32,0.63
2015-10-15,102014.36,105686.45,105686.45,102014.36,3.21,3286.07,16870097,22663907072.0,3.59,0.63
2015-10-16,106878.49,108284.46,109233.93,106295.61,2.46,2598.01,25185416,35560590336.0,2.78,0.94
2015-10-19,109018.43,110666.91,114276.02,108663.03,2.2,2382.45,26989605,39278119168.0,5.18,1.01
2015-10-20,110206.37,112115.96,112124.24,108795.23,1.31,1449.05,18064513,27766378752.0,3.01,0.68
2015-10-21,112241.54,105408.92,112387.06,103342.45,-5.98,-6707.04,23942518,35057791744.0,8.07,0.9
2015-10-22,105144.06,107433.55,107448.7,103438.38,1.92,2024.63,15412410,21834288896.0,3.8,0.58
2015-10-23,108084.27,109325.12,109944.95,106181.99,1.76,1891.57,16325317,23842723584.0,3.5,0.61
2015-10-26,112110.65,111640.52,115366.22,110645.07,2.12,2315.4,25281449,38031547392.0,4.32,0.95
2015-10-27,110453.19,111083.28,111480.66,106359.68,-0.5,-557.24,15492281,22603164928.0,4.59,0.58
2015-10-28,110189.13,107180.63,111211.44,106931.73,-3.51,-3902.65,12905736,18522601472.0,3.85,0.48
2015-10-29,108132.73,107339.4,108720.41,106600.7,0.15,158.77,10588641,15177756672.0,1.98,0.4
2015-10-30,107216.52,109910.14,112833.89,105652.44,2.39,2570.74,22678324,33018934784.0,6.69,0.85
2015-11-02,107537.15,106760.35,110517.17,106660.55,-2.87,-3149.79,15833485,22540335616.0,3.51,0.59
2015-11-03,107128.2,107302.78,108575.65,106231.95,0.51,542.43,13260392,18594766592.0,2.2,0.5
2015-11-04,107966.87,117874.11,117874.11,107899.65,9.85,10571.33,38488372,56355044096.0,9.3,1.44
2015-11-05,121505.19,126478.95,129299.29,121424.27,7.3,8604.84,74848481,121548759040.0,6.68,2.8
2015-11-06,125549.25,137593.39,138419.47,124500.92,8.79,11114.44,69740559,116634243072.0,11.0,2.61
2015-11-09,139315.73,136684.16,144504.53,136327.02,-0.66,-909.23,73615109,128885805056.0,5.94,2.76
2015-11-10,134379.34,139440.69,146515.63,134170.23,2.02,2756.53,63758958,111299727360.0,9.03,2.39
2015-11-11,137980.63,142365.08,144681.63,135924.45,2.1,2924.39,47739643,82113089536.0,6.28,1.79
2015-11-12,141718.39,139321.83,143045.47,137754.89,-2.14,-3043.25,42686169,75358380032.0,3.72,1.6
2015-11-13,137100.52,140782.27,144228.81,137085.16,1.05,1460.44,43505708,74868981760.0,5.13,1.63
2015-11-16,136382.88,139238.28,139400.39,136113.41,-1.1,-1543.99,29448188,51462321664.0,2.33,1.1
2015-11-17,141807.02,140207.16,149307.72,139633.3,0.7,968.88,60452772,109466787840.0,6.95,2.26
2015-11-18,139784.95,134140.08,142627.59,132975.44,-4.33,-6067.08,43709814,80163880960.0,6.88,1.64
2015-11-19,134412.64,137587.88,137618.66,133013.94,2.57,3447.8,26111619,46832363264.0,3.43,0.98
2015-11-20,137226.47,135389.05,137226.47,134077.44,-1.6,-2198.83,23769624,42274469888.0,2.29,0.89
2015-11-23,135839.03,133568.39,138859.09,132945.72,-1.34,-1820.66,24703112,44045563648.0,4.37,0.92
2015-11-24,132979.39,136600.98,138152.09,132608.25,2.27,3032.59,25795148,46253628928.0,4.15,0.97
2015-11-25,135037.88,137328.16,137635.16,134561.03,0.53,727.18,23125562,42020236032.0,2.25,0.87
2015-11-26,138700.98,135553.58,141096.06,135506.55,-1.29,-1774.58,26482160,49153975040.0,4.07,0.99
2015-11-27,133120.41,123657.28,133629.05,123498.07,-8.78,-11896.3,34390428,58547362560.0,7.47,1.29
2015-11-30,122578.27,122904.68,124836.4,117370.75,-0.61,-752.6,29318191,47331106048.0,6.04,1.1
2015-12-01,122113.97,122712.56,123974.95,120818.09,-0.16,-192.12,17165467,28075022848.0,2.57,0.64
2015-12-02,122481.47,130009.16,130972.48,122090.75,5.95,7296.6,30309543,49934561024.0,7.24,1.13
2015-12-03,128951.07,130094.97,132340.3,127952.89,0.07,85.81,24534742,41995386112.0,3.37,0.92
2015-12-04,128522.28,126742.08,129007.15,125880.59,-2.58,-3352.89,17815279,29946285824.0,2.4,0.67
2015-12-07,126258.67,125499.44,126582.2,124182.43,-0.98,-1242.64,13577119,23064990720.0,1.89,0.51
2015-12-08,124522.31,123206.27,126685.78,122984.07,-1.83,-2293.17,14224564,23978798848.0,2.95,0.53
2015-12-09,122622.07,123371.59,125244.77,122243.05,0.13,165.32,11179047,18731450112.0,2.44,0.42
2015-12-10,124331.39,124293.8,129726.99,123873.1,0.75,922.21,20366422,35346546688.0,4.74,0.76
2015-12-11,122615.98,125177.29,127521.79,121400.59,0.71,883.49,18167487,31823317248.0,4.92,0.68
2015-12-14,123219.97,136570.36,136585.81,123121.81,9.1,11393.07,32420921,56681743104.0,10.76,1.21
2015-12-15,136027.19,132494.42,136027.19,132040.34,-2.98,-4075.94,27207935,50221122816.0,2.92,1.02
2015-12-16,133452.05,133126.69,136153.8,132377.34,0.48,632.27,20536046,37698679040.0,2.85,0.77
2015-12-17,134823.83,134982.38,137584.58,133390.63,1.39,1855.69,25763641,47842154752.0,3.15,0.96
2015-12-18,134426.97,133594.16,135772.63,132883.34,-1.03,-1388.22,17084022,30960376832.0,2.14,0.64
2015-12-21,132993.56,135895.91,138185.58,132878.2,1.72,2301.75,22071974,40204102144.0,3.97,0.83
2015-12-22,136110.28,137877.28,138808.97,135321.28,1.46,1981.37,21844315,37006081536.0,2.57,0.82
2015-12-23,138232.3,140241.42,146483.22,137899.25,1.71,2364.14,46394214,84705071104.0,6.23,1.74
2015-12-24,138543.92,134667.69,139129.89,132304.08,-3.97,-5573.73,27896012,49542420736.0,4.87,1.04
2015-12-25,135006.48,135276.16,136240.55,133328.7,0.45,608.47,14939432,26300557568.0,2.16,0.56
2015-12-28,136765.59,129903.27,137069.72,129862.58,-3.97,-5372.89,22118877,38412767232.0,5.33,0.83
2015-12-29,129830.64,131849.8,131886.08,129830.64,1.5,1946.53,11982845,22084715776.0,1.58,0.45
2015-12-30,131937.59,131566.69,132250.97,129621.29,-0.21,-283.11,13005265,23557450496.0,1.99,0.49
2015-12-31,131291.38,129822.52,132479.25,129796.53,-1.33,-1744.17,11496929,20800301312.0,2.04,0.43
2016-01-04,129237.98,117794.43,129585.95,117776.03,-9.27,-12028.09,13384516,22054390016.0,9.1,0.5
2016-01-05,113053.46,118166.13,119641.72,112525.72,0.32,371.7,18419373,28881348864.0,6.04,0.69
2016-01-06,117714.84,120030.92,120662.7,116268.66,1.58,1864.79,14916526,24029672704.0,3.72,0.56
2016-01-07,116420.97,108625.23,116831.18,108344.54,-9.5,-11405.69,4890816,7117266432.0,7.07,0.18
2016-01-08,111623.91,111547.91,116184.73,105229.51,2.69,2922.68,24157119,35697254400.0,10.09,0.9
2016-01-11,108106.47,102309.73,109537.19,102296.81,-8.28,-9238.18,19427088,27673321216.0,6.49,0.73
2016-01-12,103866.59,104085.29,106568.27,102865.7,1.74,1775.56,16794705,23901560576.0,3.62,0.63
2016-01-13,105095.69,103112.93,106515.24,102949.38,-0.93,-972.36,18288313,26453732096.0,3.43,0.68
2016-01-14,99400.76,106160.91,106382.34,99253.17,2.96,3047.98,17763112,25054548480.0,6.91,0.67
2016-01-15,105259.59,102912.29,105742.95,101769.02,-3.06,-3248.62,15053860,22168571904.0,3.74,0.56
2016-01-18,100835.51,103362.99,104941.05,100835.51,0.44,450.7,11092694,15889893120.0,3.99,0.42
2016-01-19,103434.7,106993.73,107641.55,102879.63,3.51,3630.74,16231202,24073651712.0,4.61,0.61
2016-01-20,106423.48,105963.06,107660.17,105100.41,-0.96,-1030.67,13827489,20780561664.0,2.39,0.52
2016-01-21,104564.63,101418.05,107488.35,101417.27,-4.29,-4545.01,13434826,19528919552.0,5.73,0.5
2016-01-22,102905.59,102951.07,103798.25,100191.73,1.51,1533.02,9807388,14055660544.0,3.56,0.37
2016-01-25,103422.32,103290.74,104456.04,102344.62,0.33,339.67,8891506,11684937472.0,2.05,0.33
2016-01-26,101837.3,93836.02,102133.65,93643.95,-9.15,-9454.72,15445482,20162235392.0,8.22,0.58
2016-01-27,94128.31,92247.59,94783.67,88645.25,-1.69,-1588.43,16722536,20353038080.0,6.54,0.63
2016-01-28,91449.51,89827.1,94414.09,89351.77,-2.62,-2420.49,13666883,16773424384.0,5.49,0.51
2016-01-29,90306.81,95069.94,95908.57,90187.55,5.84,5242.84,17876502,22384017408.0,6.37,0.67
2016-02-01,94334.15,93247.63,94590.06,91716.1,-1.92,-1822.31,11754819,14761557248.0,3.02,0.44
2016-02-02,93352.91,95924.48,96724.52,93249.54,2.87,2676.85,11672910,14747563776.0,3.73,0.44
2016-02-03,94712.66,95613.02,96046.16,93914.9,-0.32,-311.46,9785588,11543491840.0,2.22,0.37
2016-02-04,96175.17,97204.36,98186.7,96175.17,1.66,1591.34,11542753,14485773312.0,2.1,0.43
2016-02-05,95730.66,93973.17,96236.78,93952.56,-3.32,-3231.19,10849937,13415770368.0,2.35,0.41
2016-02-15,90520.76,92625.98,93180.99,90477.81,-1.43,-1347.19,7779511,9189932544.0,2.88,0.29
2016-02-16,93576.98,97103.47,97392.23,93576.98,4.83,4477.49,13748301,17690597120.0,4.12,0.51
2016-02-17,96703.21,98088.53,98204.04,96372.78,1.01,985.06,12729212,16410157824.0,1.89,0.48
2016-02-18,99068.77,97953.81,101370.22,97862.36,-0.14,-134.72,15121008,19731491840.0,3.58,0.57
2016-02-19,97664.6,98552.17,99240.81,97254.08,0.61,598.36,9726916,12619074816.0,2.03,0.36
2016-02-22,100219.29,101960.22,103410.23,99022.72,3.46,3408.05,17906836,24341045248.0,4.45,0.67
2016-02-23,101850.26,100131.76,101850.27,98863.1,-1.79,-1828.46,11961085,15762711040.0,2.93,0.45
2016-02-24,99682.36,100972.59,101019.55,98117.39,0.84,840.83,11171210,14739860736.0,2.9,0.42
2016-02-25,100580.34,91804.69,100580.34,91323.11,-9.08,-9167.9,16779960,20940313600.0,9.17,0.63
2016-02-26,92969.88,92623.79,93683.07,90557.89,0.89,819.1,11593400,14212133888.0,3.4,0.43
2016-02-29,92013.88,89000.18,92023.13,86474.71,-3.91,-3623.61,14528426,17019147264.0,5.99,0.54
2016-03-01,89454.35,92556.92,95071.34,88345.22,4.0,3556.74,15627712,19183814912.0,7.56,0.59
2016-03-02,92759.83,98484.66,98797.38,92547.65,6.4,5927.74,21588748,27692207104.0,6.75,0.81
2016-03-03,97992.95,98022.53,99667.48,97292.88,-0.47,-462.13,18201584,23406166528.0,2.41,0.68
2016-03-04,97581.21,98565.77,99489.1,96356.15,0.55,543.24,22006119,28313911296.0,3.2,0.82
2016-03-07,99674.51,99339.7,100887.74,98702.98,0.79,773.93,14431662,19152471296.0,2.22,0.54
2016-03-08,99002.97,99219.08,99219.08,94691.11,-0.12,-120.62,13735137,17599076096.0,4.56,0.51
2016-03-09,96711.23,97763.0,98429.26,95923.26,-1.47,-1456.08,11730908,15223085056.0,2.53,0.44
2016-03-10,97168.2,94689.18,97940.03,94687.86,-3.14,-3073.82,8269904,10628089088.0,3.33,0.31
2016-03-11,93547.09,95913.42,96979.81,93432.42,1.29,1224.24,9947575,13145001984.0,3.75,0.37
2016-03-14,96989.56,98473.39,101062.77,96591.32,2.67,2559.97,17099120,22634621696.0,4.66,0.64
2016-03-15,98038.73,97863.41,98358.48,96405.26,-0.62,-609.98,9791498,12872305408.0,1.98,0.37
2016-03-16,97847.51,98079.97,99298.88,97719.61,0.22,216.56,13924862,17901294848.0,1.61,0.52
2016-03-17,98657.98,100800.31,102011.35,97842.45,2.77,2720.34,18502122,24201556224.0,4.25,0.69
2016-03-18,101254.56,104570.66,105972.2,101017.23,3.74,3770.35,29502695,39085601280.0,4.92,1.1
2016-03-21,108459.38,114957.47,115013.23,108348.3,9.93,10386.81,54444472,76293599232.0,6.37,2.04
2016-03-22,113642.73,111843.02,114709.63,111032.72,-2.71,-3114.45,37390414,55931405824.0,3.2,1.4
2016-03-23,110867.55,113711.34,114399.07,110034.63,1.67,1868.32,29172436,43621573120.0,3.9,1.09
2016-03-24,111324.88,108471.03,111777.96,108470.7,-4.61,-5240.31,23495714,36493739520.0,2.91,0.88
2016-03-25,108156.75,109722.66,110134.77,108156.75,1.15,1251.63,17774747,28176321024.0,1.82,0.67
2016-03-28,109842.17,107081.31,110997.6,106746.2,-2.41,-2641.35,16930538,25037880320.0,3.87,0.63
2016-03-29,107278.91,106628.02,108481.26,105119.74,-0.42,-453.29,17518871,26498271744.0,3.14,0.66
2016-03-30,108391.56,110203.01,110523.09,108299.65,3.35,3574.99,21897551,33281263360.0,2.09,0.82
2016-03-31,110867.56,110481.17,113359.27,109546.7,0.25,278.16,22929092,35445598720.0,3.46,0.86
2016-04-01,109839.19,109751.89,110774.63,107427.87,-0.66,-729.28,15731585,24157833216.0,3.03,0.59
2016-04-05,109452.41,111903.22,113270.18,109235.74,1.96,2151.33,20362277,31353526272.0,3.68,0.76
2016-04-06,111231.48,111219.95,112355.32,109982.9,-0.61,-683.27,14290537,21630917376.0,2.12,0.54
2016-04-07,111738.23,108536.65,112094.4,108501.54,-2.41,-2683.3,13595923,21348193792.0,3.23,0.51
2016-04-08,107438.48,106427.15,107621.55,105121.23,-1.94,-2109.5,13746698,20852379648.0,2.3,0.51
2016-04-11,110739.2,109607.41,111913.23,109575.93,2.99,3180.26,21641423,30845447936.0,2.2,0.81
2016-04-12,109161.15,109327.78,109762.52,107765.58,-0.26,-279.63,11869802,15951355136.0,1.82,0.44
2016-04-13,110256.6,112332.06,114842.73,110256.6,2.75,3004.28,29038324,41299923712.0,4.19,1.09
2016-04-14,112930.0,112942.32,113284.81,111509.3,0.54,610.26,13985308,20083926528.0,1.58,0.52
2016-04-15,112830.16,112246.7,113069.53,111537.77,-0.62,-695.62,11095263,16049234688.0,1.36,0.42
2016-04-18,110981.23,109391.77,110981.23,109017.1,-2.54,-2854.93,12686346,17801072384.0,1.75,0.47
2016-04-19,110209.9,110298.95,110530.08,108927.52,0.83,907.18,10044012,14188847360.0,1.46,0.38
2016-04-20,110361.88,108099.9,110517.32,104152.34,-1.99,-2199.05,20373776,27752944896.0,5.77,0.76
2016-04-21,106516.56,106381.39,108526.0,106133.7,-1.59,-1718.51,12586262,18954046976.0,2.21,0.47
2016-04-22,105433.83,107146.89,107300.66,105317.55,0.72,765.5,9610373,14234960128.0,1.86,0.36
2016-04-25,106422.31,105480.68,106422.31,104473.67,-1.56,-1666.21,8825980,12820617472.0,1.82,0.33
2016-04-26,105578.37,106648.99,107034.3,105044.22,1.11,1168.31,8945924,13604324352.0,1.89,0.33
2016-04-27,106603.85,105265.39,106774.91,105154.31,-1.3,-1383.6,8492156,12620118784.0,1.52,0.32
2016-04-28,105452.56,105005.98,105744.15,103690.48,-0.25,-259.41,10034680,15074757120.0,1.95,0.38
2016-04-29,104483.64,104533.56,105170.78,104332.48,-0.45,-472.42,6980586,10243422208.0,0.8,0.26
2016-05-03,104609.02,107132.21,107881.76,104299.86,2.49,2598.65,14452684,20967296000.0,3.43,0.54
2016-05-04,106476.34,106579.27,107128.15,106047.83,-0.52,-552.94,9246666,13792505344.0,1.01,0.35
2016-05-05,106175.55,106698.4,106962.33,105998.14,0.11,119.13,8018125,11631245056.0,0.9,0.3
2016-05-06,106842.53,102368.57,107113.85,102368.57,-4.06,-4329.83,14333076,20659899136.0,4.45,0.54
2016-05-09,101303.67,99040.81,101306.22,98270.38,-3.25,-3327.76,11924194,16041529600.0,2.97,0.45
2016-05-10,98542.68,98878.64,99621.82,98279.97,-0.16,-162.17,7353553,9909115648.0,1.35,0.28
2016-05-11,99536.37,98318.74,99735.98,98031.38,-0.57,-559.9,7222568,9697414144.0,1.72,0.27
2016-05-12,97316.0,99007.81,99235.97,96294.23,0.7,689.07,8269051,11024226304.0,2.99,0.31
2016-05-13,98658.02,98280.12,99547.95,97755.16,-0.73,-727.69,6447307,8573468160.0,1.81,0.24
2016-05-16,97753.96,99044.84,99053.92,97263.77,0.78,764.72,5587982,7594475520.0,1.82,0.21
2016-05-17,99210.74,99379.01,100616.56,98102.43,0.34,334.17,8342206,11780571136.0,2.54,0.31
2016-05-18,98549.52,99525.98,99929.53,97523.47,0.15,146.97,12131677,17517620736.0,2.42,0.45
2016-05-19,99042.57,99057.46,100166.6,98797.54,-0.47,-468.52,8259835,12775476224.0,1.38,0.31
2016-05-20,98309.77,100355.98,100358.81,97985.2,1.31,1298.52,8791563,12750251776.0,2.4,0.33
2016-05-23,100266.72,100555.27,101482.03,99951.53,0.2,199.29,9838529,14724138752.0,1.53,0.37
2016-05-24,100298.02,99231.42,100298.02,98973.61,-1.32,-1323.85,6372449,9192746752.0,1.32,0.24
2016-05-25,100068.15,99381.58,101093.27,99378.66,0.15,150.16,7688636,11727417088.0,1.73,0.29
2016-05-26,99262.56,99899.25,100134.18,98020.02,0.52,517.67,7924694,11408690688.0,2.13,0.3
2016-05-27,99651.95,99407.98,100121.38,99042.73,-0.49,-491.27,6128368,9157324032.0,1.08,0.23
2016-05-30,99047.27,99803.0,100403.55,98275.97,0.4,395.02,6891570,9937725184.0,2.14,0.26
2016-05-31,99935.0,107647.48,107882.78,99935.0,7.86,7844.48,26844452,37421571328.0,7.96,1.01
2016-06-01,108001.45,106294.45,108864.2,106286.1,-1.26,-1353.03,22331932,33551142400.0,2.39,0.84
2016-06-02,106193.87,107149.4,107462.15,105885.07,0.8,854.95,15473850,23904908544.0,1.48,0.58
2016-06-03,107127.83,107202.47,108876.79,105976.2,0.05,53.07,18205929,28434298368.0,2.71,0.68
2016-06-06,107138.74,106256.66,107410.71,105946.46,-0.88,-945.81,9777370,15371836672.0,1.37,0.37
2016-06-07,106581.76,106960.41,107916.32,106581.76,0.66,703.75,11514650,17471855616.0,1.26,0.43
2016-06-08,106701.29,106303.31,107057.03,105397.88,-0.61,-657.1,12154667,20284984064.0,1.55,0.46
2016-06-13,104628.39,101032.42,105457.78,100996.32,-4.96,-5270.89,12413316,18878395392.0,4.2,0.46
2016-06-14,100585.58,101921.23,102031.38,100180.48,0.88,888.81,11099038,16244130560.0,1.83,0.42
2016-06-15,100053.94,103538.14,105151.11,99946.23,1.59,1616.91,13701095,20725031680.0,5.11,0.51
2016-06-16,103538.14,102122.88,103538.14,101863.61,-1.37,-1415.26,8829875,13294204160.0,1.62,0.33
2016-06-17,102431.93,102962.13,104532.29,102431.63,0.82,839.25,10183100,16109783808.0,2.06,0.38
2016-06-20,103001.47,103142.2,103344.81,102057.69,0.17,180.07,7594430,11927219456.0,1.25,0.28
2016-06-21,103968.59,104229.42,108445.2,103837.95,1.05,1087.22,18989442,28629058048.0,4.47,0.71
2016-06-22,103603.4,106039.53,106039.53,103487.11,1.74,1810.11,12260663,18213782528.0,2.45,0.46
2016-06-23,105848.56,105558.71,105960.95,104388.69,-0.45,-480.82,9535722,14584955136.0,1.48,0.36
2016-06-24,105331.77,103988.66,106763.61,101735.74,-1.49,-1570.05,16121334,22303264000.0,4.76,0.6
2016-06-27,103434.66,106127.97,106139.01,103434.66,2.06,2139.31,13862563,19516047104.0,2.6,0.52
2016-06-28,105516.68,107923.67,108776.41,105081.88,1.69,1795.7,19175076,29457313792.0,3.48,0.72
2016-06-29,108167.6,107599.47,108969.25,107511.77,-0.3,-324.2,15839103,25844031744.0,1.35,0.59
2016-06-30,108004.25,108026.09,109080.69,107830.88,0.4,426.62,12473349,19975414272.0,1.16,0.47
2016-07-01,108394.17,107573.45,108998.88,107200.83,-0.42,-452.64,10783101,16462264832.0,1.66,0.4
2016-07-04,106713.99,110873.68,112117.23,106532.18,3.07,3300.23,20822570,31004177920.0,5.19,0.78
2016-07-05,110525.58,110786.16,111727.59,110354.46,-0.08,-87.52,12337175,18945877760.0,1.24,0.46
2016-07-06,110588.41,110609.8,111196.56,109658.56,-0.16,-176.36,10957132,15741943552.0,1.39,0.41
2016-07-07,110531.27,110709.38,111487.31,109060.27,0.09,99.58,12794437,19181366784.0,2.19,0.48
2016-07-08,110588.13,110936.22,111999.08,110322.93,0.2,226.84,13263336,20590330624.0,1.51,0.5
2016-07-11,110851.82,110501.83,112985.56,110422.53,-0.39,-434.39,17053401,25580325376.0,2.31,0.64
2016-07-12,110406.55,113339.95,113368.25,109908.43,2.57,2838.12,21459659,32731253504.0,3.13,0.8
2016-07-13,113766.11,113834.31,116332.78,113370.64,0.44,494.36,22876960,33906697984.0,2.61,0.86
2016-07-14,113397.51,113901.02,114361.08,113152.88,0.06,66.71,11301065,16252145920.0,1.06,0.42
2016-07-15,114082.38,112770.97,114231.86,112418.1,-0.99,-1130.05,9940034,14465233408.0,1.59,0.37
2016-07-18,111980.46,110251.59,111980.46,110043.2,-2.23,-2519.38,12044159,17152899328.0,1.72,0.45
2016-07-19,110313.13,111135.9,111346.55,109783.93,0.8,884.31,9009574,13479602432.0,1.42,0.34
2016-07-20,111054.69,110516.89,111526.96,110453.88,-0.56,-619.01,6524695,9656575232.0,0.97,0.24
2016-07-21,110607.14,111386.89,112571.72,110607.14,0.79,870.0,10157623,15301296896.0,1.78,0.38
2016-07-22,111129.17,110321.3,111246.88,110125.63,-0.96,-1065.59,8333997,12593190144.0,1.01,0.31
2016-07-25,110174.7,110176.08,110934.14,109750.81,-0.13,-145.22,6469139,9719820800.0,1.07,0.24
2016-07-26,110161.72,111802.33,111817.95,110123.33,1.48,1626.25,8491084,12940615424.0,1.54,0.32
2016-07-27,111738.51,108789.68,111848.81,106029.2,-2.69,-3012.65,17457944,24422563328.0,5.21,0.65
2016-07-28,108005.97,106983.8,108259.01,105830.74,-1.66,-1805.88,10285488,15123145472.0,2.23,0.39
2016-07-29,107044.23,106342.97,107444.6,106076.85,-0.6,-640.83,7272111,10590838784.0,1.28,0.27
2016-08-01,106123.91,105361.82,106537.17,104554.11,-0.92,-981.15,7428298,10263992832.0,1.86,0.28
2016-08-02,105440.66,105915.53,105920.4,105117.59,0.53,553.71,4960915,7174184192.0,0.76,0.19
2016-08-03,105565.86,105669.71,106050.15,105263.02,-0.23,-245.82,5143896,7609903104.0,0.74,0.19
2016-08-04,105590.63,106011.72,106059.82,104902.33,0.32,342.01,5880538,8660080896.0,1.1,0.22
2016-08-05,105921.15,106308.36,107452.07,105525.13,0.28,296.64,7989307,11923935488.0,1.82,0.3
2016-08-08,106121.8,107144.29,107157.73,105239.88,0.79,835.93,6294163,9034386688.0,1.8,0.24
2016-08-09,107046.01,107955.7,108115.1,106815.54,0.76,811.41,7900639,11864116736.0,1.21,0.3
2016-08-10,107937.68,107408.71,108621.37,107273.9,-0.51,-546.99,8280464,12516273408.0,1.25,0.31
2016-08-11,107544.07,107896.31,109448.84,107533.65,0.45,487.6,13425038,20048178688.0,1.78,0.5
2016-08-12,107541.4,110439.55,110439.55,107376.47,2.36,2543.24,15163288,22340945408.0,2.84,0.57
2016-08-15,110838.13,116369.29,119701.76,110529.43,5.37,5929.74,39987495,60459342080.0,8.31,1.5
2016-08-16,115780.6,115075.85,116828.17,114837.77,-1.11,-1293.44,23073113,35986874880.0,1.71,0.86
2016-08-17,115711.65,114474.86,117336.41,113853.63,-0.52,-600.99,19530901,30097478912.0,3.03,0.73
2016-08-18,113883.28,113566.06,115078.31,112831.2,-0.79,-908.8,14362302,22469715712.0,1.96,0.54
2016-08-19,113465.31,113613.59,113904.98,112770.12,0.04,47.53,9176428,14040712448.0,1.0,0.34
2016-08-22,113386.81,111639.1,113849.23,111635.73,-1.74,-1974.49,9757343,14825439744.0,1.95,0.37
2016-08-23,111759.78,112170.94,112797.65,111290.46,0.48,531.84,8354030,12474196992.0,1.35,0.31
2016-08-24,112231.11,111375.7,112538.0,111067.45,-0.71,-795.24,7053779,10712263936.0,1.31,0.26
2016-08-25,111269.31,112078.59,112577.17,110827.59,0.63,702.89,13358682,17123378688.0,1.57,0.5
2016-08-26,112055.34,111521.32,112497.48,111337.22,-0.5,-557.27,8604317,11396724736.0,1.04,0.32
2016-08-29,111456.28,111563.37,111826.3,111014.66,0.04,42.05,6095345,8617363200.0,0.73,0.23
2016-08-30,111735.83,112134.58,112789.44,111435.83,0.51,571.21,9379758,13304253440.0,1.21,0.35
2016-08-31,112134.67,112867.45,113484.85,111657.92,0.65,732.87,9552878,14045206528.0,1.63,0.36
2016-09-01,112773.36,111097.07,112906.62,111013.32,-1.57,-1770.38,8906605,12936426496.0,1.68,0.33
2016-09-02,110779.21,111926.81,113033.65,110758.48,0.75,829.74,11278186,14342305792.0,2.05,0.42
2016-09-05,112204.31,112317.74,113634.51,111850.29,0.35,390.93,11072240,13362181632.0,1.59,0.41
2016-09-06,112121.47,112735.01,113023.92,110869.88,0.37,417.27,11367745,14822366720.0,1.92,0.43
2016-09-07,112711.51,112401.77,113313.8,112249.48,-0.3,-333.24,9543590,12832423936.0,0.94,0.36
2016-09-08,112222.68,112149.84,112510.91,111730.36,-0.22,-251.93,6791557,8768716288.0,0.69,0.25
2016-09-09,112144.47,111361.87,112619.83,111341.08,-0.7,-787.97,8849295,11817089280.0,1.14,0.33
2016-09-12,109358.93,108754.59,109411.87,107537.73,-2.34,-2607.28,14164439,18840355840.0,1.68,0.53
2016-09-13,108847.98,108417.35,108973.27,107840.38,-0.31,-337.24,6490280,8509584896.0,1.04,0.24
2016-09-14,107726.27,107420.11,108166.52,107187.03,-0.92,-997.24,6048743,8166362880.0,0.9,0.23
2016-09-19,107499.91,107934.52,108048.96,107499.91,0.48,514.41,4925508,6325144832.0,0.51,0.18
2016-09-20,107963.38,107701.45,107978.41,107450.13,-0.22,-233.07,4181932,5650533632.0,0.49,0.16
2016-09-21,107735.7,108535.46,109241.84,107617.83,0.77,834.01,7916778,10343186176.0,1.51,0.3
2016-09-22,109276.74,108632.3,109403.09,108582.49,0.09,96.84,6686963,8846134272.0,0.76,0.25
2016-09-23,108796.13,107968.25,108913.16,107951.08,-0.61,-664.05,5041567,6465539584.0,0.89,0.19
2016-09-26,107699.18,106057.78,107699.18,106045.17,-1.77,-1910.47,7334784,9688923904.0,1.53,0.27
2016-09-27,105924.47,107176.94,107187.17,105924.47,1.06,1119.16,6325262,8300935424.0,1.19,0.24
2016-09-28,107106.72,106760.42,107230.63,106634.04,-0.39,-416.52,5095273,5915291648.0,0.56,0.19
2016-09-29,107127.39,108043.96,109183.18,107020.71,1.2,1283.54,11000042,11798011904.0,2.03,0.41
2016-09-30,107645.17,108248.61,108458.66,107631.91,0.19,204.65,6322297,7118704896.0,0.77,0.24
2016-10-10,109103.29,109894.45,110087.67,108561.19,1.52,1645.84,8868407,10630163712.0,1.41,0.33
2016-10-11,110065.25,110179.31,110461.63,109545.67,0.26,284.86,8881683,11084588288.0,0.83,0.33
2016-10-12,109801.51,109732.94,110180.12,109447.85,-0.41,-446.37,6238123,7568132096.0,0.66,0.23
2016-10-13,109656.74,109900.41,110385.8,109356.88,0.15,167.47,7732064,9368497920.0,0.94,0.29
2016-10-14,109725.07,109696.71,109869.87,108916.98,-0.19,-203.7,6501565,8194145792.0,0.87,0.24
2016-10-17,109770.56,108109.83,109918.78,108109.83,-1.45,-1586.88,7042041,8927459328.0,1.65,0.26
2016-10-18,108083.66,110790.61,110901.78,108083.66,2.48,2680.78,13170961,16066132480.0,2.61,0.49
2016-10-19,110754.17,110064.16,110914.1,109808.55,-0.66,-726.45,7738453,9500035072.0,1.0,0.29
2016-10-20,110255.35,109976.15,110536.88,109855.55,-0.08,-88.01,6004082,7214799104.0,0.62,0.22
2016-10-21,109912.26,110608.89,111680.09,109861.52,0.58,632.74,11669114,15681873152.0,1.65,0.44
2016-10-24,110483.18,112923.97,114740.56,110302.81,2.09,2315.08,24731580,34694114816.0,4.01,0.93
2016-10-25,112514.72,112375.63,112892.91,111844.66,-0.49,-548.34,12240060,15557745920.0,0.93,0.46
2016-10-26,112424.89,112101.78,113172.86,111854.62,-0.24,-273.85,10162790,14383092992.0,1.17,0.38
2016-10-27,111973.84,112139.11,112367.23,111557.32,0.03,37.33,7929307,11447545600.0,0.72,0.3
2016-10-28,112968.82,112780.29,115854.27,112683.06,0.57,641.18,19091260,27454237952.0,2.83,0.71
2016-10-31,111982.82,112802.95,113298.0,110977.83,0.02,22.66,9902390,13937889792.0,2.06,0.37
2016-11-01,112733.59,113936.78,114346.83,112605.16,1.01,1133.83,12157270,16322518528.0,1.54,0.46
2016-11-02,113530.99,113306.78,115249.92,113221.64,-0.55,-630.0,12811146,18340859136.0,1.78,0.48
2016-11-03,112911.45,115921.52,117884.13,112835.13,2.31,2614.74,28104804,40606644736.0,4.46,1.05
2016-11-04,115753.03,115481.2,116736.98,115011.84,-0.38,-440.32,15209446,22405305088.0,1.49,0.57
2016-11-07,115614.41,115808.22,116328.74,115286.24,0.28,327.02,11384882,16851366912.0,0.9,0.43
2016-11-08,116887.88,115988.06,117416.64,115629.7,0.16,179.84,12467188,18615730688.0,1.54,0.47
2016-11-09,115920.34,114357.27,115920.74,113320.33,-1.41,-1630.79,16477951,24079813632.0,2.24,0.62
2016-11-10,115761.47,116527.74,117594.82,115665.28,1.9,2170.47,16916136,25005740800.0,1.69,0.63
2016-11-11,117012.02,120820.97,121628.91,116357.09,3.68,4293.23,35007891,49273340416.0,4.52,1.31
2016-11-14,120193.68,122285.69,125150.48,119886.75,1.21,1464.72,38041149,53548330496.0,4.36,1.42
2016-11-15,121916.49,121718.02,122835.23,120768.98,-0.46,-567.67,18249694,24920288000.0,1.69,0.68
2016-11-16,122095.71,121830.52,122352.32,120648.46,0.09,112.5,16925515,23978692352.0,1.4,0.63
2016-11-17,121379.05,122070.59,122417.71,120239.33,0.2,240.07,17125231,22531983360.0,1.79,0.64
2016-11-18,121090.03,119750.41,121470.42,119304.4,-1.9,-2320.18,16199384,21217125376.0,1.77,0.61
2016-11-21,119198.28,120158.91,121461.06,119089.85,0.34,408.5,14689896,20264004608.0,1.98,0.55
2016-11-22,120427.61,121589.49,122292.63,120422.91,1.19,1430.58,18081231,25316763136.0,1.56,0.68
2016-11-23,121780.78,120428.21,122251.81,120162.78,-0.96,-1161.28,14838999,21376504576.0,1.72,0.56
2016-11-24,120220.93,121721.28,123695.73,120184.66,1.07,1293.07,20154467,27396654336.0,2.92,0.75
2016-11-25,121558.57,122403.84,122403.84,119420.45,0.56,682.56,15589883,21602626560.0,2.45,0.58
2016-11-28,123565.02,121686.13,123782.18,121434.7,-0.59,-717.71,17131064,24289496832.0,1.92,0.64
2016-11-29,121092.63,121887.35,123044.56,120027.75,0.17,201.22,19020851,27001730560.0,2.48,0.71
2016-11-30,121404.9,120933.21,123147.71,120264.13,-0.78,-954.14,17519594,25200556800.0,2.37,0.66
2016-12-01,120703.26,122255.63,122311.2,120585.83,1.09,1322.42,15745442,21283306240.0,1.43,0.59
2016-12-02,122157.83,119811.66,122157.83,119270.94,-2.0,-2443.97,17894279,24875282688.0,2.36,0.67
2016-12-05,117881.72,115418.52,118520.73,115252.83,-3.67,-4393.14,19244199,24107365888.0,2.73,0.72
2016-12-06,115305.51,114972.75,115888.27,114920.06,-0.39,-445.77,10661545,14218552832.0,0.84,0.4
2016-12-07,115039.16,115823.64,115852.09,114681.16,0.74,850.89,9128444,12067553280.0,1.02,0.34
2016-12-08,116008.34,114494.81,116127.83,114453.56,-1.15,-1328.83,8412932,11214310912.0,1.45,0.31
2016-12-09,114483.49,114978.63,115855.98,114392.91,0.42,483.82,10978785,15336038912.0,1.28,0.41
2016-12-12,114987.34,111432.68,115040.1,110676.63,-3.08,-3545.95,18181050,23876805632.0,3.8,0.68
2016-12-13,111009.63,111605.83,112213.66,110741.85,0.16,173.15,12201363,16156170496.0,1.32,0.46
2016-12-14,111642.98,109927.03,111642.98,109908.07,-1.5,-1678.8,11156934,15113312000.0,1.55,0.42
2016-12-15,109560.53,109959.44,111109.54,109418.73,0.03,32.41,12075310,16511078912.0,1.54,0.45
2016-12-16,110029.28,109864.63,110486.51,109552.73,-0.09,-94.81,8422340,11372428288.0,0.85,0.32
2016-12-19,109701.45,108894.11,109701.83,108677.27,-0.88,-970.52,7015761,9240416768.0,0.93,0.26
2016-12-20,108846.02,109132.18,109251.87,108319.02,0.22,238.07,7821250,10695528960.0,0.86,0.29
2016-12-21,109370.56,109959.63,110602.58,109370.56,0.76,827.45,9321837,12852304384.0,1.13,0.35
2016-12-22,109799.98,109361.02,109807.34,108906.67,-0.54,-598.61,5766010,7888074496.0,0.82,0.22
2016-12-23,109252.41,108021.83,109254.75,107859.34,-1.22,-1339.19,7176066,9531934208.0,1.28,0.27
2016-12-26,107381.39,109134.07,109306.56,106749.82,1.03,1112.24,8108427,11060921344.0,2.37,0.3
2016-12-27,108918.74,108638.13,109331.44,108548.45,-0.45,-495.94,4860880,6711206656.0,0.72,0.18
2016-12-28,108597.25,108252.31,108899.47,107911.64,-0.36,-385.82,4380671,5941674496.0,0.91,0.16
2016-12-29,108106.81,107926.64,108691.59,107814.65,-0.3,-325.67,4949451,6746392064.0,0.81,0.19
2016-12-30,107950.32,108477.42,108538.98,107716.66,0.51,550.78,4983595,6814280192.0,0.76,0.19
2017-01-03,108544.94,109503.23,109779.84,108544.94,0.95,1025.81,6528563,9028362752.0,1.14,0.24
2017-01-04,109512.36,110012.27,110116.63,109200.35,0.46,509.04,6093218,8299038720.0,0.84,0.23
2017-01-05,110092.71,109577.2,110169.92,109517.68,-0.4,-435.07,5371367,7233548032.0,0.59,0.2
2017-01-06,109653.58,108646.27,109671.07,108615.43,-0.85,-930.93,5703460,7762761472.0,0.96,0.21
2017-01-09,108667.46,109017.71,109263.56,108484.42,0.34,371.44,4434931,5935343360.0,0.72,0.17
2017-01-10,109077.6,109196.23,109608.73,108747.07,0.16,178.52,9111838,10008900352.0,0.79,0.34
2017-01-11,109004.38,108464.81,109585.87,108464.81,-0.67,-731.42,7875261,9266660096.0,1.03,0.29
2017-01-12,108336.09,108290.09,109267.72,108243.76,-0.16,-174.72,6978507,8481537536.0,0.94,0.26
2017-01-13,108222.8,108485.61,109102.01,107545.59,0.18,195.52,7739058,9999021568.0,1.44,0.29
2017-01-16,108124.49,108214.15,108544.13,105992.43,-0.25,-271.46,14711805,19207368704.0,2.35,0.55
2017-01-17,107510.46,107728.3,107826.33,106421.91,-0.45,-485.85,5853031,7237347072.0,1.3,0.22
2017-01-18,107574.49,107671.52,108427.11,107280.32,-0.05,-56.78,5487580,6591414016.0,1.06,0.21
2017-01-19,107361.67,107682.09,108253.84,107250.82,0.01,10.57,5767439,6947074560.0,0.93,0.22
2017-01-20,107142.32,108438.91,108611.19,107142.32,0.7,756.82,10192557,10898024960.0,1.36,0.38
2017-01-23,108377.37,108562.69,109221.49,108369.33,0.11,123.78,6562799,7608189440.0,0.79,0.25
2017-01-24,108627.21,108037.06,108709.8,108003.48,-0.48,-525.63,4687585,5598488064.0,0.65,0.18
2017-01-25,108081.75,108287.54,108397.27,107931.52,0.23,250.48,4338037,5735732480.0,0.43,0.16
2017-01-26,108510.91,108740.69,109201.31,108503.56,0.42,453.15,8443115,10085606656.0,0.64,0.32
2017-02-03,108843.6,108009.36,108911.6,107967.98,-0.67,-731.33,5521042,7077817088.0,0.87,0.21
2017-02-06,108122.46,108176.89,108367.31,107681.37,0.16,167.53,6171049,7582073088.0,0.64,0.23
2017-02-07,108056.22,107542.06,108070.83,107226.76,-0.59,-634.83,5973784,7399031552.0,0.78,0.22
2017-02-08,107467.48,109681.01,109846.62,106903.93,1.99,2138.95,14053614,17234781952.0,2.74,0.53
2017-02-09,109285.46,109741.56,110560.61,109171.31,0.06,60.55,15214822,18389372416.0,1.27,0.57
2017-02-10,109770.04,110343.76,110946.21,109424.69,0.55,602.2,14668279,18397683456.0,1.39,0.55
2017-02-13,110266.74,111036.83,111726.02,110253.21,0.63,693.07,14441044,18870909696.0,1.33,0.54
2017-02-14,111311.49,110956.9,111736.53,110737.69,-0.07,-79.93,11484770,14980190208.0,0.9,0.43
2017-02-15,110916.28,110290.04,111790.07,110175.42,-0.6,-666.86,13224553,17185502720.0,1.46,0.5
2017-02-16,110162.79,111515.65,111740.61,109961.67,1.11,1225.61,15056940,19731926528.0,1.61,0.56
2017-02-17,112224.12,111845.92,115164.44,111687.85,0.3,330.27,29723222,37029372928.0,3.12,1.11
2017-02-20,111319.83,112743.66,112777.13,110991.27,0.8,897.74,17011970,21377921280.0,1.6,0.64
2017-02-21,112812.03,113230.96,114377.88,112643.8,0.43,487.3,16832352,21778387456.0,1.54,0.63
2017-02-22,113055.19,112888.49,113115.81,112199.68,-0.3,-342.47,11063493,13729817088.0,0.81,0.41
2017-02-23,112800.17,111777.63,112856.24,111416.8,-0.98,-1110.86,11000491,13687161344.0,1.28,0.41
2017-02-24,111722.7,112012.13,112192.6,111435.19,0.21,234.5,8572468,10463873792.0,0.68,0.32
2017-02-27,111832.57,110841.77,111832.57,110704.75,-1.04,-1170.36,8586224,11081373440.0,1.01,0.32
2017-02-28,110757.7,111097.02,111518.0,110714.11,0.23,255.25,8569248,10798999296.0,0.73,0.32
2017-03-01,111072.77,110932.87,111608.95,110822.41,-0.15,-164.15,9287552,11921446656.0,0.71,0.35
2017-03-02,111238.47,110800.47,112504.13,110729.72,-0.12,-132.4,15071184,19804478976.0,1.6,0.56
2017-03-03,110105.72,109796.63,110194.65,109390.32,-0.91,-1003.84,10762098,14004321024.0,0.73,0.4
2017-03-06,109711.51,110902.83,110902.83,109613.59,1.01,1106.2,9588469,11774926336.0,1.17,0.36
2017-03-07,110652.54,110682.13,110784.13,110163.01,-0.2,-220.7,9291784,11179887616.0,0.56,0.35
2017-03-08,110710.67,110178.91,110734.86,109911.47,-0.45,-503.22,7511396,9295545344.0,0.74,0.28
2017-03-09,110033.15,109473.24,110053.52,108736.87,-0.64,-705.67,9532483,11442880000.0,1.2,0.36
2017-03-10,109311.07,109101.76,109819.88,109090.13,-0.34,-371.48,8196005,9909965056.0,0.67,0.31
2017-03-13,108888.8,109579.74,109587.69,108182.55,0.44,477.98,7625737,9266085120.0,1.29,0.29
2017-03-14,109497.83,109252.79,109902.88,109033.94,-0.3,-326.95,6635826,8019903488.0,0.79,0.25
2017-03-15,109191.77,109172.66,109359.48,108943.22,-0.07,-80.13,6725099,8084820992.0,0.38,0.25
2017-03-16,109505.86,111536.84,111569.82,109505.86,2.17,2364.18,19988970,25937327616.0,1.89,0.75
2017-03-17,111840.59,109363.57,112000.2,109239.39,-1.95,-2173.27,20622980,26517613056.0,2.48,0.77
2017-03-20,109044.26,108596.1,109160.23,107928.46,-0.7,-767.47,12725633,15406383872.0,1.13,0.48
2017-03-21,108596.1,107808.37,108684.59,107669.46,-0.73,-787.73,10503205,12458750976.0,0.93,0.39
2017-03-22,107310.76,106426.39,107492.01,106420.88,-1.28,-1381.98,11014943,13084711424.0,0.99,0.41
2017-03-23,106515.54,106742.92,107541.45,105984.87,0.3,316.53,11987900,13823500800.0,1.46,0.45
2017-03-24,106710.37,108080.13,108465.08,106186.95,1.25,1337.21,14223163,17085339392.0,2.13,0.53
2017-03-27,107965.04,107848.34,108744.9,107659.74,-0.21,-231.79,12486747,16272969216.0,1.0,0.47
2017-03-28,107864.47,107251.39,107930.13,107151.31,-0.55,-596.95,8409822,11117575168.0,0.72,0.31
2017-03-29,107238.63,106235.71,107577.94,106193.88,-0.95,-1015.68,11317861,14747623168.0,1.29,0.42
2017-03-30,106079.57,105728.91,106601.72,105398.26,-0.48,-506.8,10201051,12551192576.0,1.13,0.38
2017-03-31,105761.09,105670.4,105974.84,105281.74,-0.06,-58.51,7151366,9045465088.0,0.66,0.27
2017-04-05,105670.88,107604.88,107734.3,105670.88,1.83,1934.48,11230791,13838912768.0,1.95,0.42
2017-04-06,107514.29,107343.52,107833.72,107065.9,-0.24,-261.36,8197127,10036054016.0,0.71,0.31
2017-04-07,107276.95,107397.93,107741.99,106955.41,0.05,54.41,8024913,9848338176.0,0.73,0.3
2017-04-10,107316.14,106425.55,107591.98,106364.01,-0.91,-972.38,8017635,9957504256.0,1.14,0.3
2017-04-11,106177.51,106990.72,106999.14,105032.7,0.53,565.17,10172542,12372874752.0,1.85,0.38
2017-04-12,107162.71,107489.42,108530.92,106682.94,0.47,498.7,13024331,16527043584.0,1.73,0.49
2017-04-13,107068.36,106919.87,107328.23,106782.56,-0.53,-569.55,6137308,7578852608.0,0.51,0.23
2017-04-14,106788.31,105814.66,106831.33,105356.9,-1.03,-1105.21,7486232,9040525056.0,1.38,0.28
2017-04-17,105326.33,105738.48,105979.07,104607.77,-0.07,-76.18,7279044,8926965248.0,1.3,0.27
2017-04-18,105498.15,104275.08,105586.02,104275.08,-1.38,-1463.4,5640819,6928670720.0,1.24,0.21
2017-04-19,103993.4,103791.87,104092.14,102916.0,-0.46,-483.21,7900357,9382726656.0,1.13,0.3
2017-04-20,103578.65,103405.69,103944.2,102507.22,-0.37,-386.18,6646982,7893667328.0,1.38,0.25
2017-04-21,103391.21,104045.83,104105.63,103143.27,0.62,640.14,5997173,7403020288.0,0.93,0.22
2017-04-24,103729.16,103848.49,103889.79,102126.63,-0.19,-197.34,9037238,10682086144.0,1.69,0.34
2017-04-25,103586.75,102982.98,103893.48,102888.68,-0.83,-865.51,5195820,6129131776.0,0.97,0.19
2017-04-26,103028.35,103332.11,104372.88,102636.45,0.34,349.13,7737787,9072909824.0,1.69,0.29
2017-04-27,103093.59,103236.57,103386.21,101978.65,-0.09,-95.54,8336233,9250366208.0,1.36,0.31
2017-04-28,103072.01,103330.13,103330.13,102501.51,0.09,93.56,5606199,6661405440.0,0.8,0.21
2017-05-02,103111.4,102281.95,103111.4,102193.63,-1.01,-1048.18,5056748,5949517056.0,0.89,0.19
2017-05-03,102325.45,101744.55,102636.31,101323.95,-0.53,-537.4,6136487,7293993984.0,1.28,0.23
2017-05-04,101462.32,100922.41,101749.87,100761.23,-0.81,-822.14,6525399,7371414016.0,0.97,0.24
2017-05-05,100392.83,99250.04,100392.83,98265.35,-1.66,-1672.37,12976251,14955920896.0,2.11,0.49
2017-05-08,98349.69,98736.28,99085.23,97071.38,-0.52,-513.76,10149192,11174475008.0,2.03,0.38
2017-05-09,98250.65,98608.02,99098.75,98142.72,-0.13,-128.26,5552513,6228061440.0,0.97,0.21
2017-05-10,98596.54,97685.78,98816.37,97595.45,-0.94,-922.24,7833018,8737628672.0,1.24,0.29
2017-05-11,96901.92,97567.83,97859.01,96096.06,-0.12,-117.95,9498993,10488928256.0,1.8,0.36
2017-05-12,97291.17,98327.81,99130.35,97146.99,0.78,759.98,8843061,9665798656.0,2.03,0.33
2017-05-15,98226.09,98662.96,99258.24,98069.84,0.34,335.15,7699614,9106422528.0,1.21,0.29
2017-05-16,98501.37,99282.38,99282.38,97784.15,0.63,619.42,7419145,8149265152.0,1.52,0.28
2017-05-17,99234.94,99419.2,100845.94,99048.23,0.14,136.82,8320549,8927821056.0,1.81,0.31
2017-05-18,98634.59,98202.63,99091.54,98068.22,-1.22,-1216.57,5623919,6233370624.0,1.03,0.21
2017-05-19,98075.71,97955.19,98596.27,97779.68,-0.25,-247.44,4933326,5897304576.0,0.83,0.18
2017-05-22,97452.09,96523.53,97484.0,95705.67,-1.46,-1431.66,8351967,8928777728.0,1.82,0.31
2017-05-23,96205.38,96346.85,96622.53,95625.7,-0.18,-176.68,9700516,10717088768.0,1.03,0.36
2017-05-24,95872.83,96893.34,96905.92,95642.74,0.57,546.49,7465211,8383914496.0,1.31,0.28
2017-05-25,96477.69,100644.76,101168.71,96387.33,3.87,3751.42,18107798,21060039680.0,4.93,0.68
2017-05-26,100065.63,100280.46,101237.13,100017.81,-0.36,-364.3,12420891,14238522624.0,1.21,0.47
2017-05-31,101296.63,101097.77,102234.02,100564.48,0.82,817.31,12646351,14356492800.0,1.66,0.47
2017-06-01,100721.72,100661.29,101464.24,100368.31,-0.43,-436.48,11440308,13401096192.0,1.08,0.43
2017-06-02,100440.38,100540.61,100808.26,99639.13,-0.12,-120.68,8638292,9725004544.0,1.16,0.32
2017-06-05,100444.89,100349.22,100678.41,99921.38,-0.19,-191.39,6515509,7217649152.0,0.75,0.24
2017-06-06,100171.74,100570.61,100763.45,100047.43,0.22,221.39,6161960,6448987648.0,0.71,0.23
2017-06-07,100484.38,101652.31,101861.18,100363.99,1.08,1081.7,12041170,13231579648.0,1.49,0.45
2017-06-08,101549.35,101485.63,101877.26,101207.96,-0.16,-166.68,8143294,8833202944.0,0.66,0.3
2017-06-09,101556.32,101139.63,102260.93,100759.13,-0.34,-346.0,9165726,10730827776.0,1.48,0.34
2017-06-12,100794.09,99805.98,101101.38,99630.34,-1.32,-1333.65,7710306,8669650944.0,1.45,0.29
2017-06-13,99678.83,100436.82,100754.07,99565.32,0.63,630.84,5938024,6641368832.0,1.19,0.22
2017-06-14,100433.05,100560.99,100925.7,100040.17,0.12,124.17,6392161,6915004928.0,0.88,0.24
2017-06-15,100410.24,101772.98,102103.4,100410.24,1.21,1211.99,10124507,10687861760.0,1.68,0.38
2017-06-16,101827.85,101539.25,102339.07,101477.23,-0.23,-233.73,8351750,8785439488.0,0.85,0.31
2017-06-19,101476.59,103385.34,103705.74,101476.59,1.82,1846.09,12658240,14485021952.0,2.2,0.47
2017-06-20,103554.9,103323.69,103700.66,102830.49,-0.06,-61.65,9319664,10871504896.0,0.84,0.35
2017-06-21,104568.17,103319.31,104990.26,102859.13,0.0,-4.38,10846959,13002017024.0,2.06,0.41
2017-06-22,103079.45,103318.15,104970.96,102987.88,0.0,-1.16,15867936,18976981248.0,1.92,0.59
2017-06-23,102873.16,103020.49,103092.77,101845.94,-0.29,-297.66,9880809,11485254656.0,1.21,0.37
2017-06-26,102965.67,104672.15,104681.04,102937.79,1.6,1651.66,12695149,16269121536.0,1.69,0.48
2017-06-27,104627.76,104264.59,104781.54,104000.35,-0.39,-407.56,7721683,9526743808.0,0.75,0.29
2017-06-28,104024.48,104146.86,104803.52,104024.48,-0.11,-117.73,7827767,9878537216.0,0.75,0.29
2017-06-29,104155.95,104405.52,104980.94,104155.95,0.25,258.66,6928288,8420020224.0,0.79,0.26
2017-06-30,104127.51,104385.26,104499.81,103668.34,-0.02,-20.26,7997445,10665525248.0,0.8,0.3
2017-07-03,104305.9,104166.2,104305.9,103465.8,-0.21,-219.06,7008783,9065921024.0,0.8,0.26
2017-07-04,103972.21,103456.15,104237.23,103359.48,-0.68,-710.05,8316228,10409556480.0,0.84,0.31
2017-07-05,103453.94,104638.43,104644.68,103376.17,1.14,1182.28,9282528,11738712576.0,1.23,0.35
2017-07-06,104550.73,104254.69,104680.55,103480.02,-0.37,-383.74,9020036,11683252736.0,1.15,0.34
2017-07-07,104010.92,105754.0,106321.14,103321.3,1.44,1499.31,13330133,15971726592.0,2.88,0.5
2017-07-10,105416.93,106278.26,107854.92,105126.28,0.5,524.26,17871303,21204196352.0,2.58,0.67
2017-07-11,106269.39,105767.4,107451.09,105733.65,-0.48,-510.86,15589404,19784844800.0,1.62,0.58
2017-07-12,105879.53,105062.43,106442.27,104364.3,-0.67,-704.97,12391841,15036302592.0,1.96,0.46
2017-07-13,105115.7,107210.43,107248.02,104876.42,2.04,2148.0,15069734,18982085120.0,2.26,0.56
2017-07-14,107143.51,107039.16,107927.17,106540.91,-0.16,-171.27,10658262,13828159744.0,1.29,0.4
2017-07-17,107027.92,102900.54,107491.1,102899.43,-3.87,-4138.62,16923674,20944632320.0,4.29,0.63
2017-07-18,102485.88,102733.01,103218.16,101496.41,-0.16,-167.53,10896252,13431740416.0,1.67,0.41
2017-07-19,102525.44,109004.7,109007.77,102000.33,6.1,6271.69,28428700,35444564480.0,6.82,1.06
2017-07-20,108910.8,108443.82,109458.33,108146.28,-0.51,-560.88,20546808,26654714368.0,1.2,0.77
2017-07-21,107906.14,107357.78,108999.85,106939.08,-1.0,-1086.04,12124333,15622927104.0,1.9,0.45
2017-07-24,107044.42,107649.94,108513.13,107002.38,0.27,292.16,11864955,14896055552.0,1.41,0.44
2017-07-25,107585.46,106304.94,107794.45,106037.56,-1.25,-1345.0,10450232,12915139328.0,1.63,0.39
2017-07-26,106455.59,106916.41,107174.31,105731.43,0.58,611.47,11264018,14088550656.0,1.36,0.42
2017-07-27,106709.26,108193.72,109049.89,105210.84,1.19,1277.31,16869429,20099335936.0,3.59,0.63
2017-07-28,107697.19,107048.18,108041.22,107042.38,-1.06,-1145.54,8694841,10436579072.0,0.92,0.33
2017-07-31,106748.83,107993.74,108592.14,106308.01,0.88,945.56,13454503,16451251712.0,2.13,0.5
2017-08-01,108014.7,109469.94,110691.44,108014.7,1.37,1476.2,20835674,25449917440.0,2.48,0.78
2017-08-02,109560.12,111242.1,112626.94,109148.79,1.62,1772.16,27438819,33406170880.0,3.18,1.03
2017-08-03,110863.45,110717.48,111733.0,110161.21,-0.47,-524.62,18439013,22331699200.0,1.41,0.69
2017-08-04,110572.89,110834.29,113132.41,110102.92,0.11,116.81,22463821,26012121856.0,2.74,0.84
2017-08-07,110274.15,110250.95,110984.82,109508.41,-0.53,-583.34,13709184,16668953600.0,1.33,0.51
2017-08-08,110151.62,111038.36,111519.04,109041.74,0.71,787.41,14398317,17606726400.0,2.25,0.54
2017-08-09,110545.77,109371.91,110545.77,109322.17,-1.5,-1666.45,10482918,12861013760.0,1.1,0.39
2017-08-10,109166.31,109737.06,111246.47,108598.9,0.33,365.15,12607084,15849106432.0,2.42,0.47
2017-08-11,108886.02,106235.02,108886.02,106235.02,-3.19,-3502.04,12963002,15938870784.0,2.42,0.49
2017-08-14,106450.16,108518.31,108619.76,106336.43,2.15,2283.29,10446320,12408516608.0,2.15,0.39
2017-08-15,108433.72,107955.48,108991.76,107517.05,-0.52,-562.83,7329285,9256232960.0,1.36,0.27
2017-08-16,107668.55,107984.34,108602.56,107339.11,0.03,28.86,8153426,10091425280.0,1.17,0.31
2017-08-17,107775.53,108932.19,108938.9,107677.41,0.88,947.85,8856330,10942739712.0,1.17,0.33
2017-08-18,108363.36,107737.83,108402.7,107667.52,-1.1,-1194.36,6720524,8545990912.0,0.67,0.25
2017-08-21,107885.41,108661.77,108661.77,107884.66,0.86,923.94,7219854,9140929280.0,0.72,0.27
2017-08-22,108669.49,108314.13,109297.85,107862.32,-0.32,-347.64,8169875,10313827328.0,1.32,0.31
2017-08-23,108356.61,109325.45,110556.08,107797.41,0.93,1011.32,13080708,16943933440.0,2.55,0.49
2017-08-24,109084.91,107143.24,109148.17,107137.16,-2.0,-2182.21,9108738,11138865920.0,1.84,0.34
2017-08-25,107056.78,110053.73,110516.95,107056.78,2.72,2910.49,18528828,24207323648.0,3.23,0.69
2017-08-28,111062.81,116758.01,117657.63,111062.81,6.09,6704.28,46986317,61693609216.0,5.99,1.76
2017-08-29,116463.84,115725.27,117194.45,115652.77,-0.88,-1032.74,29224893,40281194240.0,1.32,1.09
2017-08-30,115704.48,116935.66,119299.4,115671.66,1.05,1210.39,28312038,38489961984.0,3.13,1.06
2017-08-31,116808.81,118486.46,118756.53,116514.39,1.33,1550.8,21162303,28284672000.0,1.92,0.79
2017-09-01,118577.83,118940.38,119304.32,117984.74,0.38,453.92,21998510,29771831552.0,1.11,0.82
2017-09-04,118618.71,118677.98,119660.09,117716.15,-0.22,-262.4,16334167,22286593536.0,1.63,0.61
2017-09-05,118721.08,118209.2,119736.39,118048.62,-0.4,-468.78,14947218,20762127616.0,1.42,0.56
2017-09-06,117716.33,117710.22,118310.87,116543.95,-0.42,-498.98,13599610,18637620992.0,1.49,0.51
2017-09-07,117822.36,116222.84,118693.27,116178.41,-1.26,-1487.38,13101428,17799454208.0,2.14,0.49
2017-09-08,116339.02,116206.69,116944.81,115695.98,-0.01,-16.15,11646920,16414700032.0,1.07,0.44
2017-09-11,115931.13,116470.97,117307.13,115665.0,0.23,264.28,10597545,14572863232.0,1.41,0.4
2017-09-12,116708.37,117548.81,119165.23,116656.38,0.93,1077.84,18989029,26287139072.0,2.15,0.71
2017-09-13,117449.33,116830.13,117530.55,116260.38,-0.61,-718.68,9519520,13076455424.0,1.08,0.36
2017-09-14,116777.29,116225.59,118054.67,116040.55,-0.52,-604.54,12081252,16905154304.0,1.72,0.45
2017-09-15,116022.34,116777.08,117684.77,115461.91,0.47,551.49,14276274,19506393600.0,1.91,0.53
2017-09-18,116957.36,118467.56,119363.23,116831.14,1.45,1690.48,20787161,28797905920.0,2.17,0.78
2017-09-19,118526.71,116592.14,118526.71,116185.98,-1.58,-1875.42,14099509,19502438656.0,1.98,0.53
2017-09-20,116504.79,116881.29,117249.17,116187.72,0.25,289.15,11182541,15526436096.0,0.91,0.42
2017-09-21,116839.13,116283.78,118370.95,116283.78,-0.51,-597.51,13412172,18452176896.0,1.79,0.5
2017-09-22,115892.86,115024.31,115989.42,114104.1,-1.08,-1259.47,12436284,16892446208.0,1.62,0.47
2017-09-25,114620.06,113617.12,114620.06,113463.88,-1.22,-1407.19,10374886,14231099648.0,1.01,0.39
2017-09-26,113476.87,113903.8,114029.61,113269.62,0.25,286.68,6690877,9161437184.0,0.67,0.25
2017-09-27,113857.77,113711.02,114313.29,113609.17,-0.17,-192.78,6712864,9227758848.0,0.62,0.25
2017-09-28,113607.12,113254.41,113737.95,113210.0,-0.4,-456.61,6415227,8563009024.0,0.46,0.24
2017-09-29,113468.45,114915.84,115576.83,113468.45,1.47,1661.43,10733431,15293383168.0,1.86,0.4
2017-10-09,117312.64,115086.65,117906.06,115010.21,0.15,170.81,12800118,18276789760.0,2.52,0.48
2017-10-10,115030.08,115515.81,115526.28,114053.57,0.37,429.16,10595359,15118928128.0,1.28,0.4
2017-10-11,115375.56,114879.01,115598.14,114777.26,-0.55,-636.8,7975492,10939372288.0,0.71,0.3
2017-10-12,114864.95,114195.11,115322.79,113663.15,-0.6,-683.9,7146765,9786878208.0,1.44,0.27
2017-10-13,114391.45,114630.11,114927.07,114050.34,0.38,435.0,7132975,9672903680.0,0.77,0.27
2017-10-16,114618.27,113378.12,115670.09,113371.17,-1.09,-1251.99,10833339,14676568320.0,2.01,0.41
2017-10-17,113264.43,112622.88,113532.91,112388.37,-0.67,-755.24,8050668,10765513984.0,1.01,0.3
2017-10-18,112724.18,111955.23,113140.6,111644.58,-0.59,-667.65,9200595,12554082048.0,1.33,0.34
2017-10-19,111796.2,109275.98,111932.89,108664.85,-2.39,-2679.25,11140260,14406610176.0,2.92,0.42
2017-10-20,108909.14,109735.18,109864.55,108884.83,0.42,459.2,5408971,7115373824.0,0.9,0.2
2017-10-23,109616.31,109294.32,109642.97,108696.73,-0.4,-440.86,5626480,7478693888.0,0.86,0.21
2017-10-24,109790.59,111984.05,112026.21,109790.59,2.46,2689.73,8408771,10798186496.0,2.05,0.31
2017-10-25,112260.59,112452.62,112459.16,111577.95,0.42,468.57,5650667,7454607360.0,0.79,0.21
2017-10-26,112593.1,113426.02,114639.59,112206.96,0.87,973.4,9516728,13017877248.0,2.16,0.36
2017-10-27,113511.01,112571.06,114043.19,112516.61,-0.75,-854.96,6493036,8915732736.0,1.35,0.24
2017-10-30,112169.32,109231.35,112169.32,108239.57,-2.97,-3339.71,14386450,20189998080.0,3.49,0.54
2017-10-31,108671.99,108835.39,109060.11,108022.76,-0.36,-395.96,7206588,10179210240.0,0.95,0.27
2017-11-01,108929.76,108322.72,109958.44,108320.49,-0.47,-512.67,8072900,11522158336.0,1.5,0.3
2017-11-02,107955.63,108746.23,109708.48,106833.09,0.39,423.51,10897036,14675559680.0,2.65,0.41
2017-11-03,108360.58,108112.0,108420.21,107239.95,-0.58,-634.23,8163475,11258249728.0,1.09,0.31
2017-11-06,107824.0,107961.23,108026.69,107194.22,-0.14,-150.77,6236430,8681632768.0,0.77,0.23
2017-11-07,107944.23,109699.04,110088.03,107918.63,1.61,1737.81,11331514,16434535936.0,2.01,0.42
2017-11-08,109466.05,111573.17,114039.99,109009.52,1.71,1874.13,18244180,26778376960.0,4.59,0.68
2017-11-09,110897.47,111537.98,111987.81,110663.0,-0.03,-35.19,9093591,13583850496.0,1.19,0.34
2017-11-10,111677.04,112108.37,113031.78,110596.09,0.51,570.39,11128136,16296040448.0,2.18,0.42
2017-11-13,112294.27,111689.87,113451.25,111460.77,-0.37,-418.5,9720262,14002049280.0,1.78,0.36
2017-11-14,111545.61,110602.58,111631.51,110079.31,-0.97,-1087.29,9592511,13357611776.0,1.39,0.36
2017-11-15,110189.7,109740.39,111080.01,109652.15,-0.78,-862.19,8151528,11527374592.0,1.29,0.31
2017-11-16,109477.17,107752.17,109843.96,107715.61,-1.81,-1988.22,8404949,11345421824.0,1.94,0.31
2017-11-17,107683.53,107220.02,108053.81,106234.66,-0.49,-532.15,15339150,20838833920.0,1.69,0.57
2017-11-20,105941.03,105142.83,106047.23,103935.79,-1.94,-2077.19,10383108,13874274304.0,1.97,0.39
2017-11-21,104984.3,108907.39,110606.98,104889.41,3.58,3764.56,21022283,30064531456.0,5.44,0.79
2017-11-22,108715.7,108714.05,110147.98,108036.49,-0.18,-193.34,15140703,22662495744.0,1.94,0.57
2017-11-23,108524.2,105770.92,109711.73,105228.2,-2.71,-2943.13,12536608,18209860608.0,4.12,0.47
2017-11-24,105347.05,106321.34,106547.61,105000.22,0.52,550.42,10185196,14300175104.0,1.46,0.38
2017-11-27,105823.62,106142.91,107207.73,104804.26,-0.17,-178.43,8913626,12462377728.0,2.26,0.33
2017-11-28,105845.38,106493.28,106494.56,105374.93,0.33,350.37,6625107,9228660992.0,1.05,0.25
2017-11-29,106343.61,107164.2,107376.43,104824.95,0.63,670.92,8852322,12061712384.0,2.4,0.33
2017-11-30,106510.47,106467.66,108138.8,106064.78,-0.65,-696.54,9991563,14629983488.0,1.94,0.37
2017-12-01,106277.34,106315.76,107048.91,105935.13,-0.14,-151.9,6961644,10058510592.0,1.05,0.26
2017-12-04,105630.44,104480.23,106078.51,104212.95,-1.73,-1835.53,8753016,11457142528.0,1.75,0.33
2017-12-05,104286.61,104726.25,105521.63,104279.55,0.24,246.02,13531343,18835828736.0,1.19,0.51
2017-12-06,104232.63,105140.9,105147.81,103816.41,0.4,414.65,8114365,10976763904.0,1.27,0.3
2017-12-07,104715.34,103756.48,104846.06,103572.31,-1.32,-1384.42,7797446,9375806720.0,1.21,0.29
2017-12-08,103640.28,103800.35,104417.23,103506.49,0.04,43.87,6546961,8369132288.0,0.88,0.25
2017-12-11,103608.49,104149.27,104271.12,103506.45,0.34,348.92,6503116,8537728256.0,0.74,0.24
2017-12-12,104085.24,102178.81,104085.24,102164.43,-1.89,-1970.46,6106817,7992547328.0,1.84,0.23
2017-12-13,102059.23,102626.31,102740.87,101780.07,0.44,447.5,6037725,7621648640.0,0.94,0.23
2017-12-14,102526.98,101334.68,102708.59,101018.42,-1.26,-1291.63,7186001,9075843072.0,1.65,0.27
2017-12-15,101153.41,100928.31,101643.77,100491.1,-0.4,-406.37,6412244,8120176128.0,1.14,0.24
2017-12-18,100933.52,100483.06,101512.26,100106.6,-0.44,-445.25,5160048,6275521536.0,1.39,0.19
2017-12-19,100564.64,100974.24,101161.59,100431.79,0.49,491.18,5915113,7319670016.0,0.73,0.22
2017-12-20,100869.29,99427.56,100869.29,98856.58,-1.53,-1546.68,7272111,8859943680.0,1.99,0.27
2017-12-21,99207.64,99727.17,100504.42,98418.17,0.3,299.61,8175491,10190649088.0,2.1,0.31
2017-12-22,99576.85,98605.14,99703.52,98564.37,-1.13,-1122.03,5589126,6813150208.0,1.14,0.21
2017-12-25,98488.38,96922.48,98755.14,96821.83,-1.71,-1682.66,6774015,8078947840.0,1.96,0.25
2017-12-26,96826.88,97788.11,97810.43,96749.56,0.89,865.63,6573887,8016754432.0,1.09,0.25
2017-12-27,97650.53,96610.22,97650.53,96338.88,-1.2,-1177.89,6749870,8231325184.0,1.34,0.25
2017-12-28,96443.17,97694.38,99219.01,96178.08,1.12,1084.16,10403546,11711807232.0,3.15,0.39
2017-12-29,97417.51,97734.71,98124.46,97309.75,0.04,40.33,6190639,6964470272.0,0.83,0.23
2018-01-02,98031.95,98818.15,99094.16,97756.75,1.11,1083.44,9112250,11465301504.0,1.37,0.34
2018-01-03,98778.09,100160.1,100786.2,98549.56,1.36,1341.95,11920578,14670083584.0,2.26,0.45
2018-01-04,99911.67,99787.55,100127.01,99307.16,-0.37,-372.55,7411833,9005591552.0,0.82,0.28
2018-01-05,99683.76,100251.51,101302.84,99522.69,0.46,463.96,10303924,12609418240.0,1.78,0.39
2018-01-08,100029.99,101788.4,103149.34,99803.57,1.53,1536.89,14979216,19560548608.0,3.34,0.56
2018-01-09,101524.1,100807.34,102124.7,100485.62,-0.96,-981.06,8345533,11001259776.0,1.61,0.31
2018-01-10,100728.16,100251.59,101680.37,99573.94,-0.55,-555.75,9791043,12934439680.0,2.09,0.37
2018-01-11,99810.49,100099.94,100332.13,99390.37,-0.15,-151.65,7989580,9954291200.0,0.94,0.3
2018-01-12,100065.56,99834.51,100980.0,99779.48,-0.27,-265.43,7853955,10340863488.0,1.2,0.29
2018-01-15,99497.86,97406.02,99640.15,97380.19,-2.43,-2428.49,11019479,14532454400.0,2.26,0.41
2018-01-16,97179.2,99929.31,99948.51,97179.2,2.59,2523.29,10443884,14564795904.0,2.84,0.39
2018-01-17,100454.29,103414.93,105793.7,100454.29,3.49,3485.62,29926965,41275100672.0,5.34,1.12
2018-01-18,103177.63,103742.03,104606.7,102816.56,0.32,327.1,15939453,23256005120.0,1.73,0.6
2018-01-19,103711.27,107580.41,109554.67,103469.17,3.7,3838.38,30003985,39018387712.0,5.87,1.12
2018-01-22,106746.45,107655.28,108810.09,106054.27,0.07,74.87,17591574,23130630912.0,2.56,0.66
2018-01-23,107448.35,108132.94,108661.63,107000.97,0.44,477.66,17593901,24942808832.0,1.54,0.66
2018-01-24,108598.52,110822.51,111191.74,106933.73,2.49,2689.57,29647737,42813830400.0,3.94,1.11
2018-01-25,109737.25,108043.55,109818.9,108006.2,-2.51,-2778.96,17571393,25054786304.0,1.64,0.66
2018-01-26,107636.37,108012.06,109338.98,107562.41,-0.03,-31.49,13269244,19279479040.0,1.64,0.5
2018-01-29,107927.76,106306.08,108728.99,105963.11,-1.58,-1705.98,14295806,20630843648.0,2.56,0.54
2018-01-30,106181.51,105556.47,106871.26,105307.27,-0.71,-749.61,11891200,17327085056.0,1.47,0.45
2018-01-31,104707.11,102240.43,105008.74,101607.84,-3.14,-3316.04,14223843,19313879296.0,3.22,0.53
2018-02-01,102337.13,99800.54,102773.73,98945.98,-2.39,-2439.89,16826245,22161494784.0,3.74,0.63
2018-02-02,98795.03,99266.71,99624.76,97081.78,-0.53,-533.83,11484931,14364295680.0,2.55,0.43
2018-02-05,98086.23,101231.55,101684.23,98086.23,1.98,1964.84,9791585,13529556480.0,3.62,0.37
2018-02-06,99563.87,96478.94,100456.95,96425.88,-4.69,-4752.61,16436996,22100307200.0,3.98,0.62
2018-02-07,98663.96,96325.63,99064.42,95392.17,-0.16,-153.31,12427682,16071127808.0,3.81,0.47
2018-02-08,96444.99,96651.37,97328.83,95985.95,0.34,325.74,10627716,14427170560.0,1.39,0.4
2018-02-09,94127.1,90413.23,94427.17,88695.89,-6.45,-6238.14,17809863,21691208192.0,5.93,0.67
2018-02-12,90834.99,90484.17,91225.38,90018.35,0.08,70.94,9585029,11754308096.0,1.34,0.36
2018-02-13,91255.81,90632.65,92444.35,90628.03,0.16,148.48,9884155,12597398016.0,2.01,0.37
2018-02-14,90521.91,90146.44,90726.36,89595.77,-0.54,-486.21,6107365,7304227328.0,1.25,0.23
2018-02-22,90988.56,91124.62,91623.15,90442.04,1.09,978.18,9037589,10617322496.0,1.31,0.34
2018-02-23,91175.01,91648.79,92144.97,90874.73,0.58,524.17,7853336,9783948544.0,1.39,0.29
2018-02-26,92177.97,94135.53,94603.04,91372.01,2.71,2486.74,12277174,15073597696.0,3.53,0.46
2018-02-27,93895.77,93222.94,93916.48,92849.12,-0.97,-912.59,8396799,10444028928.0,1.13,0.31
2018-02-28,92060.0,93140.3,94344.58,91340.83,-0.09,-82.64,10577744,12280897792.0,3.22,0.4
2018-03-01,92302.0,93602.17,93621.55,92053.04,0.5,461.87,7570496,8866149888.0,1.68,0.28
2018-03-02,92807.93,92622.2,93865.44,92617.32,-1.05,-979.97,6668034,7798084096.0,1.33,0.25
2018-03-05,92494.98,92668.39,93229.91,92275.07,0.05,46.19,5199276,5918255104.0,1.03,0.19
2018-03-06,93122.02,94569.41,94911.41,92865.98,2.05,1901.02,11819792,13826300928.0,2.21,0.44
2018-03-07,94243.06,93408.57,94986.01,93181.37,-1.23,-1160.84,8663672,9997804032.0,1.91,0.32
2018-03-08,93197.83,93536.45,93740.42,93102.32,0.14,127.88,5602434,6267886080.0,0.68,0.21
2018-03-09,93662.64,95092.16,95204.05,93437.07,1.66,1555.71,12002088,13652198912.0,1.89,0.45
2018-03-12,96002.7,96559.38,97427.43,95442.96,1.54,1467.22,13832660,16112441600.0,2.09,0.52
2018-03-13,96190.35,95016.66,96190.35,94957.86,-1.6,-1542.72,8654992,9925397760.0,1.28,0.32
2018-03-14,94763.8,94376.54,95581.65,94315.39,-0.67,-640.12,6700348,7709273856.0,1.33,0.25
2018-03-15,93988.7,93495.87,94207.83,92794.71,-0.93,-880.67,7050140,7877071360.0,1.5,0.26
2018-03-16,93500.06,92615.64,93989.33,92605.76,-0.94,-880.23,6800543,8095018240.0,1.48,0.25
2018-03-19,92608.09,92960.34,93289.79,92127.26,0.37,344.7,5561001,6574559744.0,1.26,0.21
2018-03-20,92317.27,92692.09,92987.23,91817.9,-0.29,-268.25,5748855,6635698688.0,1.26,0.22
2018-03-21,92795.91,93268.73,95418.54,92795.91,0.62,576.64,12151515,13698158080.0,2.83,0.45
2018-03-22,93189.13,92857.32,94216.14,92695.6,-0.44,-411.41,8145670,9506839040.0,1.63,0.3
2018-03-23,89911.28,87558.62,90350.53,85765.78,-5.71,-5298.7,15760815,16542589952.0,4.94,0.59
2018-03-26,86243.41,88110.32,88141.68,85303.56,0.63,551.7,7571671,8133014272.0,3.24,0.28
2018-03-27,89266.77,89661.36,90006.31,88867.66,1.76,1551.04,8263783,9416631552.0,1.29,0.31
2018-03-28,88563.09,88819.95,89957.02,88338.64,-0.94,-841.41,6572753,7614439936.0,1.8,0.25
2018-03-29,89422.66,90856.78,91265.1,88902.38,2.29,2036.83,10401280,11823548672.0,2.66,0.39
2018-03-30,90966.43,91179.38,91517.11,90587.7,0.36,322.6,7438026,8831598080.0,1.02,0.28
2018-04-02,91037.41,91628.2,93564.41,90754.44,0.49,448.82,11620597,13954133248.0,3.08,0.44
2018-04-03,90468.49,91406.68,92152.63,90130.57,-0.24,-221.52,9438999,11388968192.0,2.21,0.35
2018-04-04,91632.79,90593.87,92513.45,90587.92,-0.89,-812.81,8252357,10122865920.0,2.11,0.31
2018-04-09,90234.83,91130.09,91384.16,89683.74,0.59,536.22,7474673,9110132736.0,1.88,0.28
2018-04-10,91426.77,92616.95,93066.02,91270.85,1.63,1486.86,10293849,12862097920.0,1.97,0.39
2018-04-11,92348.52,92184.59,92816.24,91878.81,-0.47,-432.36,8432666,10239326976.0,1.01,0.32
2018-04-12,92153.51,91774.22,93232.96,91666.32,-0.45,-410.37,7272706,8598909184.0,1.7,0.27
2018-04-13,92159.59,90716.44,92461.56,90716.44,-1.15,-1057.78,5838828,6961928704.0,1.9,0.22
2018-04-16,90234.78,88730.48,90679.2,88730.48,-2.19,-1985.96,7166509,8318461952.0,2.15,0.27
2018-04-17,88955.53,88622.14,90671.8,88585.31,-0.12,-108.34,7610347,8726012416.0,2.35,0.28
2018-04-18,89770.62,89903.98,89986.08,88493.08,1.45,1281.84,7249389,8599427072.0,1.68,0.27
2018-04-19,89896.43,90241.4,91090.72,89604.7,0.38,337.42,7264482,8287394816.0,1.65,0.27
2018-04-20,89785.93,86941.93,89830.01,86938.7,-3.66,-3299.47,7651679,8380848384.0,3.2,0.29
2018-04-23,86973.87,87553.59,88002.42,86664.09,0.7,611.66,5075943,5603327232.0,1.54,0.19
2018-04-24,87651.81,89605.24,89721.87,87651.81,2.34,2051.65,8361143,9933364992.0,2.36,0.31
2018-04-25,89058.21,89019.96,89467.87,88776.28,-0.65,-585.28,5666965,6279383552.0,0.77,0.21
2018-04-26,89083.84,86904.36,89335.2,86904.36,-2.38,-2115.6,5949267,6641986048.0,2.73,0.22
2018-04-27,87428.86,88214.14,88926.72,87213.71,1.51,1309.78,6614385,7393198848.0,1.97,0.25
2018-05-02,89543.45,88665.91,89952.93,88278.17,0.51,451.77,6861320,7522990336.0,1.9,0.26
2018-05-03,88523.89,91161.06,91361.08,88408.56,2.81,2495.15,12977447,14270502400.0,3.33,0.49
2018-05-04,90720.56,90407.71,91015.37,90231.1,-0.83,-753.35,7223248,8312376832.0,0.86,0.27
2018-05-07,90855.79,91349.98,91499.99,90823.8,1.04,942.27,7753322,8860365312.0,0.75,0.29
2018-05-08,91161.42,91644.77,91840.62,90780.2,0.32,294.79,7749260,9343663616.0,1.16,0.29
2018-05-09,91464.08,90650.55,91464.08,90373.19,-1.08,-994.22,5992230,6990321920.0,1.19,0.22
2018-05-10,90983.87,91391.66,91405.07,90428.13,0.82,741.11,6344611,7609924864.0,1.08,0.24
2018-05-11,91453.59,90095.45,91470.09,90088.83,-1.42,-1296.21,5309980,6297952512.0,1.51,0.2
2018-05-14,90122.1,90343.99,90834.77,90122.1,0.28,248.54,5594124,7038423040.0,0.79,0.21
2018-05-15,90351.95,90101.98,90457.99,89067.81,-0.27,-242.01,6341378,7342377984.0,1.54,0.24
2018-05-16,89699.86,88820.48,89763.92,88745.34,-1.42,-1281.5,5260572,5981816064.0,1.13,0.2
2018-05-17,88871.92,88435.82,89081.83,88373.23,-0.43,-384.66,4144702,4897414400.0,0.8,0.16
2018-05-18,88413.27,89369.91,89446.57,88280.66,1.06,934.09,5169288,6113964544.0,1.32,0.19
2018-05-21,89946.17,90117.2,90545.33,89771.86,0.84,747.29,6465287,7572714752.0,0.87,0.24
2018-05-22,90068.22,89819.14,90068.22,89093.92,-0.33,-298.06,5570802,6632068608.0,1.08,0.21
2018-05-23,89583.1,88712.45,89612.77,88694.8,-1.23,-1106.69,5016490,5858535936.0,1.02,0.19
2018-05-24,88635.44,88049.37,88974.81,87981.56,-0.75,-663.08,4549667,5290565120.0,1.12,0.17
2018-05-25,88009.55,86919.81,88236.31,86872.78,-1.28,-1129.56,4761014,5322628096.0,1.55,0.18
2018-05-28,86846.02,86782.22,87341.08,86291.61,-0.16,-137.59,4521545,5058870528.0,1.21,0.17
2018-05-29,86650.99,85539.62,86930.1,85408.9,-1.43,-1242.6,5552288,6118180608.0,1.75,0.21
2018-05-30,84457.34,81973.58,84457.34,81944.83,-4.17,-3566.04,7752289,7990692608.0,2.94,0.29
2018-05-31,82594.94,82986.6,83005.02,82128.01,1.24,1013.02,6021948,6305386240.0,1.07,0.23
2018-06-01,82634.14,83699.06,84853.72,82155.13,0.86,712.46,7848042,7783718400.0,3.25,0.29
2018-06-04,83613.73,82697.62,83897.88,82621.33,-1.2,-1001.44,5309710,5160779776.0,1.53,0.2
2018-06-05,82764.02,83348.38,83348.38,82329.8,0.79,650.76,5013986,5041616384.0,1.23,0.19
2018-06-06,83094.21,83356.2,84055.03,82637.92,0.01,7.82,5820266,5648192512.0,1.7,0.22
2018-06-07,83541.83,83727.45,85045.53,83402.88,0.45,371.25,8986592,9261187840.0,1.97,0.34
2018-06-08,83386.78,81602.22,83386.78,81105.82,-2.54,-2125.23,7894813,7619906816.0,2.72,0.3
2018-06-11,81359.18,81841.93,82528.92,81154.92,0.29,239.71,5085230,5047345664.0,1.68,0.19
2018-06-12,81727.05,82227.95,82247.02,81180.38,0.47,386.02,4510611,4624017664.0,1.3,0.17
2018-06-13,82405.87,81648.8,82969.05,81586.69,-0.7,-579.15,4725060,4624484864.0,1.68,0.18
2018-06-14,81670.29,82465.7,83038.63,81670.29,1.0,816.9,5197983,5241367296.0,1.68,0.19
2018-06-15,82606.53,81626.94,82992.86,81377.6,-1.02,-838.76,7475331,7333477888.0,1.96,0.28
2018-06-19,80866.17,75746.3,81080.3,74755.98,-7.2,-5880.64,12668900,11816110336.0,7.75,0.47
2018-06-20,76107.56,76953.19,77499.06,75641.37,1.59,1206.89,8518290,7846183936.0,2.45,0.32
2018-06-21,77309.62,74950.29,77763.55,74762.95,-2.6,-2002.9,7899848,7437573376.0,3.9,0.3
2018-06-22,75073.94,76656.68,76700.84,74848.25,2.28,1706.39,6708688,5884542976.0,2.47,0.25
2018-06-25,77449.18,76260.0,77605.34,76179.81,-0.52,-396.68,7607292,6970330624.0,1.86,0.28
2018-06-26,75378.82,77383.63,77598.04,75249.59,1.47,1123.63,7340621,6612989952.0,3.08,0.27
2018-06-27,77532.52,77099.88,77532.52,76440.95,-0.37,-283.75,9482385,9456703488.0,1.41,0.36
2018-06-28,76911.55,77754.95,79797.0,76882.75,0.85,655.07,13137137,12087310336.0,3.78,0.49
2018-06-29,77483.56,79142.74,79458.17,77240.33,1.78,1387.79,10385529,9666409728.0,2.85,0.39
2018-07-02,78970.84,77050.02,79031.24,76342.74,-2.64,-2092.72,9379876,9003308288.0,3.4,0.35
2018-07-03,76962.38,78209.34,78221.53,76568.64,1.5,1159.32,8348964,7819668480.0,2.15,0.31
2018-07-04,77874.09,76642.41,77921.63,76388.8,-2.0,-1566.93,7087524,6477232128.0,1.96,0.27
2018-07-05,76781.51,76014.91,78082.11,75977.27,-0.82,-627.5,7377764,6731302400.0,2.75,0.28
2018-07-06,75986.77,76628.64,77979.14,74520.52,0.81,613.73,10603790,9766045184.0,4.55,0.4
2018-07-09,76659.17,77908.12,77908.12,76659.17,1.67,1279.48,7404012,6901579776.0,1.63,0.28
2018-07-10,77810.96,78023.38,78056.8,77311.31,0.15,115.26,7403025,6633614592.0,0.96,0.28
2018-07-11,76670.51,75457.12,76670.51,74637.9,-3.29,-2566.26,8542104,7680000000.0,2.61,0.32
2018-07-12,75341.49,78162.3,78524.12,75341.49,3.59,2705.18,9932496,9146793472.0,4.22,0.37
2018-07-13,78189.36,77745.73,78291.47,77491.06,-0.53,-416.57,7473588,7365856768.0,1.02,0.28
2018-07-16,77792.09,77141.02,77971.37,76914.66,-0.78,-604.71,5851314,5692039424.0,1.36,0.22
2018-07-17,77039.88,76692.34,77040.4,76015.52,-0.58,-448.68,5753917,5378550272.0,1.33,0.22
2018-07-18,76749.23,75919.09,77190.68,75897.29,-1.01,-773.25,5519770,5205319168.0,1.69,0.21
2018-07-19,75890.54,75255.83,76538.7,74987.38,-0.87,-663.26,5324271,4942438912.0,2.04,0.2
2018-07-20,75198.24,77780.19,78334.09,74752.56,3.35,2524.36,12595813,12149785088.0,4.76,0.47
2018-07-23,77241.06,78738.25,79048.68,76798.41,1.23,958.06,11526359,11053168128.0,2.89,0.43
2018-07-24,78536.04,80259.63,81529.7,78536.04,1.93,1521.38,17555489,16172944128.0,3.8,0.66
2018-07-25,79953.75,79675.13,80052.38,79320.79,-0.73,-584.5,9403938,8453213696.0,0.91,0.35
2018-07-26,79747.11,79273.38,80186.96,79096.33,-0.5,-401.75,8682245,7851736064.0,1.37,0.33
2018-07-27,79097.11,78832.13,79556.51,78708.02,-0.56,-441.25,6786554,5932504576.0,1.07,0.25
2018-07-30,78557.81,78039.56,79222.81,77653.98,-1.01,-792.57,7160132,6075305472.0,1.99,0.27
2018-07-31,77857.56,78308.59,78696.0,77790.73,0.34,269.03,5281103,4816351232.0,1.16,0.2
2018-08-01,78352.68,76451.54,78904.38,76451.54,-2.37,-1857.05,6985209,6464910592.0,3.13,0.26
2018-08-02,76167.07,73953.98,76271.09,72814.39,-3.27,-2497.56,8803568,7478426624.0,4.52,0.33
2018-08-03,73816.35,73159.16,74279.48,73137.6,-1.07,-794.82,4637244,3960814912.0,1.54,0.17
2018-08-06,73137.64,72265.25,74000.18,71912.45,-1.22,-893.91,6598895,5860306176.0,2.85,0.25
2018-08-07,72491.52,74272.25,74276.63,72064.49,2.78,2007.0,7346307,6645447936.0,3.06,0.28
2018-08-08,73984.71,72820.32,74097.62,72764.43,-1.95,-1451.93,6164580,5455806976.0,1.8,0.23
2018-08-09,72724.46,74103.78,74609.48,72613.55,1.76,1283.46,7428546,6489132288.0,2.74,0.28
2018-08-10,73989.7,74243.52,74499.24,73662.14,0.19,139.74,4943743,4305242880.0,1.13,0.19
2018-08-13,73377.21,73847.63,74005.55,72736.86,-0.53,-395.89,5474710,4854509568.0,1.71,0.2
2018-08-14,73741.11,73813.55,74059.04,73462.17,-0.05,-34.08,4031758,3478872592.0,0.81,0.15
2018-08-15,73867.28,72261.91,73867.28,72261.91,-2.1,-1551.64,5079925,4406606080.0,2.17,0.19
2018-08-16,71702.82,73076.59,74344.46,71282.49,1.13,814.68,8564250,7170471680.0,4.24,0.32
2018-08-17,73441.92,72177.52,73896.36,72056.93,-1.23,-899.07,6553482,5531282688.0,2.52,0.25
2018-08-20,72140.95,73436.31,73436.31,72134.23,1.74,1258.79,6393165,5504643840.0,1.8,0.24
2018-08-21,73370.31,73854.62,74121.05,73144.26,0.57,418.31,6600690,5807640064.0,1.33,0.25
2018-08-22,73688.74,73123.48,73688.74,73026.49,-0.99,-731.14,4113138,3448043104.0,0.9,0.15
2018-08-23,73090.26,73814.15,74437.28,72854.41,0.94,690.67,6644990,5853896448.0,2.16,0.25
2018-08-24,73612.49,74125.0,74738.73,73219.86,0.42,310.85,6387849,5791013888.0,2.06,0.24
2018-08-27,73918.41,74910.59,75077.52,73918.41,1.06,785.59,7989981,7089943808.0,1.56,0.3
2018-08-28,74885.92,74462.63,74956.56,74243.9,-0.6,-447.96,5014801,4447851008.0,0.95,0.19
2018-08-29,74361.96,74054.89,74475.38,73871.94,-0.55,-407.74,4243529,3796019072.0,0.81,0.16
2018-08-30,73914.17,72704.38,74177.45,72701.23,-1.82,-1350.51,4966228,4118954848.0,1.99,0.19
2018-08-31,72700.66,72658.23,73320.73,72366.58,-0.06,-46.15,5085535,4275292816.0,1.31,0.19
2018-09-03,72468.68,72333.48,72558.88,71709.17,-0.45,-324.75,4505391,3728642288.0,1.17,0.17
2018-09-04,72341.11,73027.64,73297.95,72102.99,0.96,694.16,5520562,4812790784.0,1.65,0.21
2018-09-05,72767.07,71961.81,73026.49,71961.81,-1.46,-1065.83,4832348,4109717632.0,1.46,0.18
2018-09-06,71830.09,71851.82,72522.95,71687.91,-0.15,-109.99,4207376,3508323920.0,1.16,0.16
2018-09-07,71832.22,71879.88,72879.27,71626.13,0.04,28.06,5149011,4166292848.0,1.74,0.19
2018-09-10,71718.84,69720.35,71739.13,69689.16,-3.0,-2159.53,6339867,5094921728.0,2.85,0.24
2018-09-11,69696.4,69928.44,70394.51,69550.59,0.3,208.09,4261675,3324696368.0,1.21,0.16
2018-09-12,69893.4,70292.69,70924.85,69857.04,0.52,364.25,4873121,3853268080.0,1.53,0.18
2018-09-13,70869.41,71198.73,71209.88,70482.55,1.29,906.04,5515048,4517697024.0,1.03,0.21
2018-09-14,71134.95,70702.75,71398.94,70599.49,-0.7,-495.98,4366591,3512765344.0,1.12,0.16
2018-09-17,70467.51,70344.45,70832.44,69972.45,-0.51,-358.3,4672310,3561521568.0,1.22,0.17
2018-09-18,70052.1,71738.64,71738.71,70052.1,1.98,1394.19,6259030,5142487040.0,2.4,0.23
2018-09-19,71486.03,71999.77,72565.28,71283.3,0.36,261.13,7195425,6463851776.0,1.79,0.27
2018-09-20,72065.7,71805.51,72439.61,71723.06,-0.27,-194.26,5461338,4779017472.0,1.0,0.2
2018-09-21,71920.81,73485.83,73485.83,71571.81,2.34,1680.32,10068169,9239509504.0,2.67,0.38
2018-09-25,72824.42,72669.79,72952.67,72382.9,-1.11,-816.04,5140795,4602643712.0,0.78,0.19
2018-09-26,72758.81,72835.84,73739.23,72535.68,0.23,166.05,7952222,7291949824.0,1.66,0.3
2018-09-27,72816.24,71986.52,72816.24,71915.51,-1.17,-849.32,5582852,5089394176.0,1.24,0.21
2018-09-28,72110.17,72650.19,72778.98,72097.75,0.92,663.67,5258624,5049501440.0,0.95,0.2
2018-10-08,71466.1,69992.52,71492.42,69876.36,-3.66,-2657.67,7070677,6010780416.0,2.22,0.26
2018-10-09,70056.28,69878.2,70469.36,69659.58,-0.16,-114.32,4215539,3584678416.0,1.16,0.16
2018-10-10,69956.49,69850.06,70298.07,69446.44,-0.04,-28.14,3657649,3325853904.0,1.22,0.14
2018-10-11,67588.11,63859.0,67803.99,63446.66,-8.58,-5991.06,10799683,8288663296.0,6.24,0.4
2018-10-12,63116.12,62113.48,63464.01,61084.52,-2.73,-1745.52,8067374,5854983680.0,3.73,0.3
2018-10-15,62500.77,61132.19,62964.07,61099.75,-1.58,-981.29,5409041,4096152560.0,3.0,0.2
2018-10-16,61195.65,60593.09,62346.77,60276.96,-0.88,-539.1,6048978,4429609216.0,3.39,0.23
2018-10-17,61433.41,61223.65,61783.54,60036.11,1.04,630.56,6296859,4605593600.0,2.88,0.24
2018-10-18,60886.65,60040.84,61262.44,60023.89,-1.93,-1182.81,5960787,4324953600.0,2.02,0.22
2018-10-19,59559.51,62687.8,62787.19,59559.51,4.41,2646.96,9579147,7368914944.0,5.38,0.36
2018-10-22,63683.72,68962.39,68962.39,63683.72,10.01,6274.59,18340667,16171653888.0,8.42,0.69
2018-10-23,72502.87,69955.32,72742.94,69143.11,1.44,992.93,31963816,26130633216.0,5.22,1.2
2018-10-24,68735.59,71925.73,73991.97,68729.66,2.82,1970.41,33613384,24603072512.0,7.52,1.26
2018-10-25,69566.06,76067.99,76067.99,69471.36,5.76,4142.26,35080440,24042930944.0,9.17,1.31
2018-10-26,76651.68,75192.44,77606.62,74821.53,-1.15,-875.55,30574382,20676248320.0,3.66,1.14
2018-10-29,75061.57,74997.67,76622.91,74378.47,-0.26,-194.77,17920321,12498277632.0,2.98,0.67
2018-10-30,75475.34,79596.71,80790.15,74290.38,6.13,4599.04,36174986,26450466048.0,8.67,1.35
2018-10-31,79116.63,78921.77,80361.05,77708.67,-0.85,-674.94,27553165,20449654016.0,3.33,1.03
2018-11-01,79584.51,79711.0,83774.93,79584.51,1.0,789.23,32844363,26899205888.0,5.31,1.23
2018-11-02,81680.66,82048.67,82117.58,80148.06,2.93,2337.67,26644373,23033490944.0,2.47,1.0
2018-11-05,81732.76,83241.56,83406.63,81240.39,1.45,1192.89,25242600,20790729216.0,2.64,0.95
2018-11-06,82878.48,82108.29,84162.07,81364.16,-1.36,-1133.27,23567541,19287743232.0,3.36,0.88
2018-11-07,81381.67,80513.0,81889.82,80310.46,-1.94,-1595.29,18501104,14961954048.0,1.92,0.69
2018-11-08,81268.59,79116.93,81678.23,78878.33,-1.73,-1396.07,21048797,16149601792.0,3.48,0.79
2018-11-09,78766.97,79125.26,80276.63,78599.74,0.01,8.33,15271133,11561607936.0,2.12,0.57
2018-11-12,78997.06,80848.77,80848.77,78789.21,2.18,1723.51,16705765,12787646208.0,2.6,0.63
2018-11-13,79689.21,83345.23,85373.76,79549.2,3.09,2496.46,35824804,26235500288.0,7.2,1.34
2018-11-14,82585.53,81798.91,83966.17,81642.62,-1.86,-1546.32,25862554,17889076480.0,2.79,0.97
2018-11-15,81489.38,84765.51,84902.66,81472.58,3.63,2966.6,26179417,20370057472.0,4.19,0.98
2018-11-16,84800.42,87517.54,89853.52,84572.04,3.25,2752.03,38368971,30812017920.0,6.23,1.44
2018-11-19,87128.45,90847.56,92141.11,87084.45,3.8,3330.02,38123021,32376182528.0,5.78,1.43
2018-11-20,89514.41,86818.96,91187.26,86770.09,-4.43,-4028.6,29810527,25600106752.0,4.86,1.12
2018-11-21,85806.39,87224.74,88004.31,85072.74,0.47,405.78,21261254,18258047232.0,3.38,0.8
2018-11-22,87216.19,85918.07,87570.92,84625.23,-1.5,-1306.67,17414313,14143373568.0,3.38,0.65
2018-11-23,85552.46,82258.62,86584.49,81902.02,-4.26,-3659.45,18519348,14694933504.0,5.45,0.69
2018-11-26,82079.08,81972.53,83230.42,81184.45,-0.35,-286.09,11945026,9236465920.0,2.49,0.45
2018-11-27,82739.48,82255.45,83346.77,81425.08,0.35,282.92,11224926,8768208896.0,2.34,0.42
2018-11-28,82016.49,84697.23,85003.11,81624.79,2.97,2441.78,18502561,14488081920.0,4.11,0.69
2018-11-29,84962.1,80539.18,85582.97,80539.18,-4.91,-4158.05,18033278,14096140544.0,5.96,0.68
2018-11-30,80027.67,82209.48,82491.75,79121.28,2.07,1670.3,15683026,11663581184.0,4.18,0.59
2018-12-03,86289.52,84384.4,86724.88,84171.48,2.65,2174.92,22250487,19363732480.0,3.11,0.83
2018-12-04,84211.83,85531.65,85531.65,84005.26,1.36,1147.25,14272714,12036872448.0,1.81,0.53
2018-12-05,83704.16,83846.64,84701.98,83538.25,-1.97,-1685.01,12195231,10282071808.0,1.36,0.46
2018-12-06,83126.9,81929.88,83306.46,81596.95,-2.29,-1916.76,11468448,9781097984.0,2.04,0.43
2018-12-07,82309.83,81964.15,82846.63,81750.53,0.04,34.27,8142470,6506294272.0,1.34,0.3
2018-12-10,81156.44,80574.91,81532.49,79864.09,-1.69,-1389.24,8916517,7241615360.0,2.04,0.33
2018-12-11,80967.88,80893.95,81202.64,80317.45,0.4,319.04,6659641,5102991104.0,1.1,0.25
2018-12-12,81299.98,81202.63,82474.65,81042.25,0.38,308.68,9192492,7265358848.0,1.77,0.34
2018-12-13,81435.2,82182.26,83074.45,80286.31,1.21,979.63,14385249,11648006144.0,3.43,0.54
2018-12-14,81794.2,79694.52,81850.7,79685.51,-3.03,-2487.74,12593904,9758615296.0,2.63,0.47
2018-12-17,79285.44,80385.66,80660.13,78955.98,0.87,691.14,9370642,7352476672.0,2.14,0.35
2018-12-18,79775.9,79229.05,80591.94,78537.23,-1.44,-1156.61,9509756,7598948096.0,2.56,0.36
2018-12-19,79428.42,78590.43,79607.97,78398.91,-0.81,-638.62,7372111,5877989376.0,1.53,0.28
2018-12-20,78383.82,79942.91,80475.47,78177.56,1.72,1352.48,13790510,9970852096.0,2.92,0.52
2018-12-21,79322.61,79012.28,79743.44,78291.98,-1.16,-930.63,11792379,9217239808.0,1.82,0.44
2018-12-24,78619.94,77840.67,79065.96,77454.63,-1.48,-1171.61,9784766,7438148608.0,2.04,0.37
2018-12-25,76722.7,75787.98,76722.7,73670.01,-2.64,-2052.69,13132373,8952507136.0,3.92,0.49
2018-12-26,75538.22,74957.81,76046.06,74521.67,-1.1,-830.17,7979602,5336475392.0,2.01,0.3
2018-12-27,76501.77,74344.31,76631.13,74308.17,-0.82,-613.5,10155112,6959911680.0,3.1,0.38
2018-12-28,74605.94,76087.17,77378.23,74605.94,2.34,1742.86,12559316,8027044352.0,3.73,0.47
2019-01-02,76109.93,75945.81,76630.02,75036.44,-0.19,-141.36,10090373,6504369920.0,2.09,0.38
2019-01-03,75918.95,77959.67,79976.48,75877.47,2.65,2013.86,18053366,11874965248.0,5.4,0.68
2019-01-04,77082.63,84850.23,85473.97,77081.63,8.84,6890.56,35468907,24621901312.0,10.76,1.33
2019-01-07,85490.7,84830.2,86266.58,84125.98,-0.02,-20.03,31410798,22050866688.0,2.52,1.18
2019-01-08,84417.42,85248.12,86848.77,83544.89,0.49,417.92,27404301,18736868352.0,3.89,1.03
2019-01-09,85006.07,85268.46,87264.45,84822.38,0.02,20.34,26503534,18951596288.0,2.86,0.99
2019-01-10,85129.17,83465.99,85197.91,83223.14,-2.11,-1802.47,22150179,17420091392.0,2.32,0.83
2019-01-11,83617.59,83995.97,84674.31,83206.98,0.63,529.98,16287304,12507538432.0,1.76,0.61
2019-01-14,84709.63,83568.71,84955.98,83300.09,-0.51,-427.26,13719066,10826113024.0,1.97,0.51
2019-01-15,83399.75,85887.66,86495.56,83314.41,2.77,2318.95,24833203,20551898112.0,3.81,0.93
2019-01-16,85640.56,84503.61,85640.56,84322.57,-1.61,-1384.05,15340324,12569177344.0,1.53,0.57
2019-01-17,84977.72,84597.83,86244.03,84452.04,0.11,94.22,12717172,10613539840.0,2.12,0.48
2019-01-18,84954.78,85564.03,85937.43,84547.02,1.14,966.2,13146069,11237016064.0,1.64,0.49
2019-01-21,85759.91,85224.87,86292.54,84731.72,-0.4,-339.16,12140322,10854715392.0,1.82,0.45
2019-01-22,85132.75,84296.38,85555.27,84169.51,-1.09,-928.49,12515547,10416329472.0,1.63,0.47
2019-01-23,84360.59,84216.87,84863.14,83810.41,-0.09,-79.51,7958425,6468745472.0,1.25,0.3
2019-01-24,84746.38,85773.56,86905.76,84670.68,1.85,1556.69,18488481,15242772992.0,2.65,0.69
2019-01-25,85837.63,84923.34,86218.68,84923.34,-0.99,-850.22,14122346,11999579648.0,1.51,0.53
2019-01-28,85948.91,84288.81,86724.22,84033.1,-0.75,-634.53,16995173,14044521472.0,3.17,0.64
2019-01-29,83822.94,82770.06,83822.94,81342.31,-1.8,-1518.75,12597062,10575435008.0,2.94,0.47
2019-01-30,82263.1,81694.16,83179.09,81678.95,-1.3,-1075.9,7576461,6504890112.0,1.81,0.28
2019-01-31,81832.94,81625.91,83191.73,80919.4,-0.08,-68.25,11920211,10389053952.0,2.78,0.45
2019-02-01,82936.47,84461.52,84461.52,82936.47,3.47,2835.61,13007648,11569252608.0,1.87,0.49
2019-02-11,84393.62,85978.09,85978.09,84168.75,1.8,1516.57,12917789,11529774336.0,2.14,0.48
2019-02-12,85905.79,86529.98,87234.91,85375.54,0.64,551.89,14292243,12977325312.0,2.16,0.54
2019-02-13,86514.72,90197.8,90846.47,86024.72,4.24,3667.82,27393158,24025552896.0,5.57,1.03
2019-02-14,89809.32,89928.2,90584.57,89294.57,-0.3,-269.6,19071554,16862221568.0,1.43,0.71
2019-02-15,89583.9,88836.77,90963.59,88641.77,-1.21,-1091.43,19153821,17811276032.0,2.58,0.72
2019-02-18,89733.09,93907.62,94608.4,89733.09,5.71,5070.85,31308946,28584229120.0,5.49,1.17
2019-02-19,94266.49,94826.36,97552.98,93760.66,0.98,918.74,36197842,32996784896.0,4.04,1.36
2019-02-20,94765.12,95352.2,96449.88,94006.14,0.55,525.84,23638683,21102851328.0,2.58,0.89
2019-02-21,94765.41,95976.37,99574.06,94223.82,0.65,624.17,38570690,35149179648.0,5.61,1.44
2019-02-22,96793.23,105422.2,105441.23,95799.48,9.84,9445.83,58763791,56146220288.0,10.05,2.2
2019-02-25,111327.78,115972.99,115972.99,109592.26,10.01,10550.79,71385388,75849433088.0,6.05,2.67
2019-02-26,119985.61,116014.65,122725.35,115847.59,0.04,41.66,81328896,86962757632.0,5.93,3.05
2019-02-27,115631.4,117359.21,120935.3,113546.32,1.16,1344.56,70016860,74431561728.0,6.37,2.62
2019-02-28,115319.25,111646.49,115319.25,110659.83,-4.87,-5712.72,46336428,44979489792.0,3.97,1.73
2019-03-01,112735.23,115844.06,117417.18,111116.48,3.76,4197.57,55044874,55909604352.0,5.64,2.06
2019-03-04,116864.13,117682.65,124117.36,113906.57,1.59,1838.59,75247690,80569303040.0,8.81,2.82
2019-03-05,115450.34,118547.83,118547.83,114927.52,0.74,865.18,46097380,49196844544.0,3.08,1.73
2019-03-06,118557.38,126443.88,127506.09,118414.69,6.66,7896.05,77205458,86114820096.0,7.67,2.89
2019-03-07,128206.16,132325.83,136251.2,125871.24,4.65,5881.95,93403136,109624373248.0,8.21,3.5
2019-03-08,123811.69,120447.6,128598.93,120418.95,-8.98,-11878.23,77465646,94024421376.0,6.18,2.9
2019-03-11,119325.98,121812.09,123164.77,116110.4,1.13,1364.49,50228306,59071330816.0,5.86,1.88
2019-03-12,122953.04,123738.64,126959.02,122090.66,1.58,1926.55,53419054,64797377280.0,4.0,2.0
2019-03-13,123359.61,121345.48,124991.95,119213.41,-1.93,-2393.16,47946867,56247330816.0,4.67,1.8
2019-03-14,118921.57,116853.92,122175.81,115112.66,-3.7,-4491.56,38171276,44602360832.0,5.82,1.43
2019-03-15,118532.47,117986.56,120553.26,116647.13,0.97,1132.64,32768186,39607737088.0,3.34,1.23
2019-03-18,117421.28,120531.31,120531.31,114723.06,2.16,2544.75,34958723,41359463424.0,4.92,1.31
2019-03-19,120212.94,119948.31,121866.47,119320.89,-0.48,-583.0,28070714,33136115456.0,2.11,1.05
2019-03-20,119201.34,122291.49,123197.34,118856.45,1.95,2343.18,43632858,46005949184.0,3.62,1.63
2019-03-21,122207.95,124461.52,127841.1,121167.01,1.77,2170.03,57816146,64243938816.0,5.46,2.16
2019-03-22,123532.86,122568.81,124284.72,120050.34,-1.52,-1892.71,34976014,38917401856.0,3.4,1.31
2019-03-25,119430.96,118097.31,122217.4,117959.68,-3.65,-4471.5,31744998,36461170176.0,3.47,1.19
2019-03-26,118810.59,114685.18,119259.2,113944.05,-2.89,-3412.13,28749440,32898189824.0,4.5,1.08
2019-03-27,115925.96,115756.72,117075.46,114374.47,0.93,1071.54,23753673,27158047744.0,2.36,0.89
2019-03-28,114493.83,114772.95,117607.88,113258.45,-0.85,-983.77,23458989,26076054016.0,3.76,0.88
2019-03-29,115532.87,124038.08,124121.14,115532.87,8.07,9265.13,55248960,64497907968.0,7.48,2.07
2019-04-01,124907.84,126767.14,129347.51,123372.53,2.2,2729.06,57647654,70235185152.0,4.82,2.16
2019-04-02,126893.33,126508.66,129658.37,125664.13,-0.2,-258.48,44762803,53928355584.0,3.15,1.68
2019-04-03,125056.23,132489.13,132886.94,124837.27,4.73,5980.47,58791237,71624933376.0,6.36,2.2
2019-04-04,133223.25,131902.11,133701.45,130486.58,-0.44,-587.02,48593672,60064881664.0,2.43,1.82
2019-04-08,132783.38,129176.43,133181.11,127086.09,-2.07,-2725.68,41593791,50748662272.0,4.62,1.56
2019-04-09,128686.6,129624.25,130935.73,126859.83,0.35,447.82,32472856,38888945152.0,3.16,1.22
2019-04-10,128855.0,127872.28,130167.45,124794.48,-1.35,-1751.97,45198382,49928575744.0,4.15,1.69
2019-04-11,126742.99,124662.17,127459.3,124496.3,-2.51,-3210.11,29236884,32867445504.0,2.32,1.09
2019-04-12,124311.31,125399.15,127012.12,124128.34,0.59,736.98,25205091,28586375680.0,2.31,0.94
2019-04-15,128440.09,122643.01,128930.62,122643.01,-2.2,-2756.14,29422712,34145262592.0,5.01,1.1
2019-04-16,121404.7,126069.31,126069.31,120448.88,2.79,3426.3,31342006,36528492544.0,4.58,1.17
2019-04-17,125526.38,124597.64,126347.2,124328.26,-1.17,-1471.67,22676605,26500967680.0,1.6,0.85
2019-04-18,124406.11,123586.81,125591.68,123264.88,-0.81,-1010.83,18061022,21235734016.0,1.87,0.68
2019-04-19,124108.27,125227.8,126277.52,123830.83,1.33,1640.99,19612703,23785279488.0,1.98,0.73
2019-04-22,126968.07,122751.44,127201.09,122448.54,-1.98,-2476.36,24339119,30045888000.0,3.8,0.91
2019-04-23,122000.57,123680.21,126563.66,121086.83,0.76,928.77,28145548,33148399616.0,4.46,1.05
2019-04-24,123480.68,124612.39,125103.91,122803.7,0.75,932.18,20234038,23845479936.0,1.86,0.76
2019-04-25,124326.21,120531.03,126514.37,120531.03,-3.28,-4081.36,29167866,32943629568.0,4.8,1.09
2019-04-26,119540.31,120363.04,123184.74,119268.73,-0.14,-167.99,28556503,32313157376.0,3.25,1.07
2019-04-29,120165.43,113156.42,120485.57,112690.37,-5.99,-7206.62,31174582,33299042304.0,6.48,1.17
2019-04-30,112831.15,113743.92,114967.02,112687.31,0.52,587.5,17902304,19772277248.0,2.01,0.67
2019-05-06,107629.29,102980.8,109267.31,102670.81,-9.46,-10763.12,30845064,31893132544.0,5.8,1.15
2019-05-07,103809.83,105623.46,106052.27,101351.13,2.57,2642.66,27245593,27489092608.0,4.57,1.02
2019-05-08,102606.94,104054.47,106173.86,102266.61,-1.49,-1568.99,17777977,18145595648.0,3.7,0.67
2019-05-09,102402.81,103236.06,105736.88,102334.56,-0.79,-818.41,19672565,19543312128.0,3.27,0.74
2019-05-10,105255.01,107974.62,108633.51,102988.45,4.59,4738.56,30735603,32002092032.0,5.47,1.15
2019-05-13,106100.66,105714.38,106993.78,105224.92,-2.09,-2260.24,16516140,16960445952.0,1.64,0.62
2019-05-14,104398.32,104918.49,107101.84,104388.83,-0.75,-795.89,16581974,16997000448.0,2.57,0.62
2019-05-15,106074.97,106716.96,107190.52,105603.49,1.71,1798.47,17408483,18522353664.0,1.51,0.65
2019-05-16,106440.49,106689.95,107225.59,105623.69,-0.03,-27.01,13709585,13804961792.0,1.5,0.51
2019-05-17,106917.48,101435.27,106960.82,100571.09,-4.93,-5254.68,19959497,19465892096.0,5.99,0.75
2019-05-20,100609.65,102659.2,104172.94,100267.71,1.21,1223.93,15860187,15716536832.0,3.85,0.59
2019-05-21,102458.99,104101.29,105194.45,102278.64,1.4,1442.09,15147398,15756317696.0,2.84,0.57
2019-05-22,104137.95,102645.82,104474.87,101946.3,-1.4,-1455.47,11890386,11751804672.0,2.43,0.45
2019-05-23,102003.34,102570.99,104811.95,101428.74,-0.07,-74.83,14997480,15024375808.0,3.3,0.56
2019-05-24,102296.29,102874.24,103890.28,102296.29,0.3,303.25,11978635,12224482560.0,1.55,0.45
2019-05-27,103077.31,106558.17,107131.87,102343.7,3.58,3683.93,21509039,22536723712.0,4.65,0.81
2019-05-28,106056.16,106516.63,107706.12,105412.66,-0.04,-41.54,18355749,18945060352.0,2.15,0.69
2019-05-29,105803.69,106583.99,108062.49,105691.37,0.06,67.36,15589983,16382783488.0,2.23,0.58
2019-05-30,105771.56,105106.2,105840.56,104179.65,-1.39,-1477.79,12796716,13510935552.0,1.56,0.48
2019-05-31,105240.34,104664.06,106247.09,104664.06,-0.42,-442.14,10936255,11332588800.0,1.51,0.41
2019-06-03,105508.94,104730.48,107350.63,104584.0,0.06,66.42,15286574,16395102464.0,2.64,0.57
2019-06-04,104334.91,104468.83,105142.6,103293.73,-0.25,-261.65,13529094,13897107712.0,1.77,0.51
2019-06-05,105944.82,105240.13,107035.27,104932.64,0.74,771.3,15897287,17353298432.0,2.01,0.6
2019-06-06,104885.56,104260.91,106321.59,104037.83,-0.93,-979.22,14452656,15363533824.0,2.17,0.54
2019-06-10,103829.22,101901.13,103920.3,99334.41,-2.26,-2359.78,17465377,17550898688.0,4.4,0.65
2019-06-11,101666.1,108088.1,108467.17,101654.41,6.07,6186.97,29022880,29916247552.0,6.69,1.09
2019-06-12,107714.47,107070.65,109160.3,106913.83,-0.94,-1017.45,20926876,22562978560.0,2.08,0.78
2019-06-13,106854.1,107734.41,109029.03,106791.41,0.62,663.76,19983445,21595337728.0,2.09,0.75
2019-06-14,107894.44,105212.49,108423.09,105132.88,-2.34,-2521.92,18543867,19507102464.0,3.05,0.69
2019-06-17,105164.35,105890.03,106598.1,105125.41,0.64,677.54,12466307,13087574016.0,1.4,0.47
2019-06-18,106188.12,105742.93,106451.32,104595.39,-0.14,-147.1,11242248,11829615872.0,1.75,0.42
2019-06-19,112303.06,107792.41,112899.82,107776.92,1.94,2049.48,28793576,32905570816.0,4.84,1.08
2019-06-20,107237.4,114329.95,116464.43,107205.78,6.06,6537.54,47994271,55155333120.0,8.59,1.8
2019-06-21,114740.49,115879.27,117139.87,114479.98,1.36,1549.32,38638932,46956200192.0,2.33,1.45
2019-06-24,117296.15,115290.59,117654.06,114625.17,-0.51,-588.68,24409956,32841784064.0,2.61,0.91
2019-06-25,114965.52,116693.93,117213.93,112749.41,1.22,1403.34,30174754,37587342592.0,3.87,1.13
2019-06-26,113103.95,112812.86,114412.13,112632.32,-3.33,-3881.07,18561578,21726583040.0,1.53,0.69
2019-06-27,113217.34,114264.69,116627.13,113169.59,1.29,1451.83,24718941,31679511552.0,3.06,0.93
2019-06-28,113806.77,113813.77,114623.85,112628.26,-0.39,-450.92,17221554,21166838528.0,1.75,0.64
2019-07-01,117740.63,116587.98,117966.81,115948.66,2.44,2774.21,29211823,36674969344.0,1.77,1.09
2019-07-02,116001.73,115464.95,116279.09,115130.56,-0.96,-1123.03,17900697,21879746304.0,0.99,0.67
2019-07-03,115090.74,114095.4,115101.92,113354.05,-1.19,-1369.55,16223461,20514541824.0,1.51,0.61
2019-07-04,114332.17,114108.19,115883.47,113282.29,0.01,12.79,16096074,18511648512.0,2.28,0.6
2019-07-05,114501.23,115000.99,115417.88,113966.81,0.78,892.8,12842915,14953228288.0,1.27,0.48
2019-07-08,114815.08,112235.56,115482.21,111521.88,-2.4,-2765.43,19235990,21445190144.0,3.44,0.72
2019-07-09,112589.09,113130.02,113704.09,110877.13,0.8,894.46,16099832,17557139968.0,2.52,0.6
2019-07-10,113326.15,112802.6,114331.14,112175.94,-0.29,-327.42,15097269,16573595648.0,1.91,0.57
2019-07-11,113700.57,112920.74,114994.99,111880.02,0.1,118.14,16375491,19139550464.0,2.76,0.61
2019-07-12,112800.57,113155.72,113893.16,111889.12,0.21,234.98,13761128,15364957184.0,1.77,0.52
2019-07-15,113189.34,116238.81,117889.07,112227.28,2.72,3083.09,24340523,25196281600.0,5.0,0.91
2019-07-16,115908.73,115954.36,116572.3,115611.22,-0.24,-284.45,13875395,13960299264.0,0.83,0.52
2019-07-17,115933.17,116200.97,117297.51,115755.53,0.21,246.61,16407735,15962190848.0,1.33,0.61
2019-07-18,115575.88,114638.06,115912.92,114638.06,-1.35,-1562.91,14169573,13998167040.0,1.1,0.53
2019-07-19,115650.69,117146.86,118096.75,115650.69,2.19,2508.8,18617310,19722804224.0,2.13,0.7
2019-07-22,117878.07,114036.56,117915.8,114036.56,-2.66,-3110.3,18580425,20266376960.0,3.31,0.7
2019-07-23,114248.75,114669.95,115151.57,113966.01,0.56,633.39,11180627,12260873472.0,1.04,0.42
2019-07-24,115064.43,115183.72,116771.28,114918.89,0.45,513.77,15499514,18194355968.0,1.62,0.58
2019-07-25,114923.56,115470.47,115544.49,114304.36,0.25,286.75,13308663,14581421824.0,1.08,0.5
2019-07-26,114898.7,114764.44,115055.41,114227.98,-0.61,-706.03,11430982,11624871424.0,0.72,0.43
2019-07-29,114676.38,113404.81,114702.31,112924.49,-1.18,-1359.63,12552665,13618810112.0,1.55,0.47
2019-07-30,113625.75,114663.86,116289.43,113625.75,1.11,1259.05,16436411,17121223680.0,2.35,0.62
2019-07-31,114184.14,113829.95,114246.07,113589.97,-0.73,-833.91,10640606,11054268928.0,0.57,0.4
2019-08-01,113066.73,112347.31,113918.4,111951.02,-1.3,-1482.64,11946681,13227513600.0,1.73,0.45
2019-08-02,109467.08,109277.11,109855.91,108275.18,-2.73,-3070.2,16363705,17344625664.0,1.41,0.61
2019-08-05,108595.83,107504.97,110062.84,107478.93,-1.62,-1772.14,13539813,14953714176.0,2.36,0.51
2019-08-06,104875.83,107331.95,108899.45,103415.09,-0.16,-173.02,22606789,23671886848.0,5.1,0.85
2019-08-07,107611.38,105241.53,107724.83,105218.46,-1.95,-2090.42,12615486,13636640256.0,2.34,0.47
2019-08-08,108429.37,106381.66,108822.97,106302.96,1.08,1140.13,14744177,16900251392.0,2.39,0.55
2019-08-09,107145.38,104593.87,107324.52,104412.45,-1.68,-1787.79,11444410,12425044224.0,2.74,0.43
2019-08-12,105873.87,107425.73,107425.73,105804.0,2.71,2831.86,13619126,14857855744.0,1.55,0.51
2019-08-13,105995.67,105859.74,106150.46,105389.98,-1.46,-1565.99,9068323,9499168000.0,0.71,0.34
2019-08-14,107745.04,105928.04,107986.66,105912.79,0.06,68.3,9984565,10933389824.0,1.96,0.37
2019-08-15,102992.06,105929.88,106405.93,102780.45,0.0,1.84,11007088,11470339328.0,3.42,0.41
2019-08-16,105818.64,106398.03,107919.31,105582.03,0.44,468.15,13376655,14837066752.0,2.21,0.5
2019-08-19,107999.12,113339.58,113398.13,107222.37,6.52,6941.55,31320460,35298692096.0,5.8,1.17
2019-08-20,113248.43,112433.3,114537.95,112182.24,-0.8,-906.28,24323344,27133099520.0,2.08,0.91
2019-08-21,112210.76,112176.92,113196.83,111976.58,-0.23,-256.38,15987592,17234480896.0,1.09,0.6
2019-08-22,112539.52,111876.87,112614.85,110944.03,-0.27,-300.05,12625456,13375878144.0,1.49,0.47
2019-08-23,111877.7,111407.13,113130.46,110995.79,-0.42,-469.74,13415992,14286270720.0,1.91,0.5
2019-08-26,108841.83,109918.31,110546.9,108686.04,-1.34,-1488.82,13686540,14981185024.0,1.67,0.51
2019-08-27,110606.38,111885.01,113997.52,110606.38,1.79,1966.7,20870982,23468535040.0,3.09,0.78
2019-08-28,111483.59,110391.8,111483.59,110307.62,-1.33,-1493.21,12553102,14014288640.0,1.05,0.47
2019-08-29,110608.77,109794.01,111012.26,109736.94,-0.54,-597.79,10854576,12307669760.0,1.16,0.41
2019-08-30,110994.14,108971.93,111787.59,108452.66,-0.75,-822.08,12961772,14670365440.0,3.04,0.49
2019-09-02,108955.67,111568.98,112333.52,108936.41,2.38,2597.05,17746146,20337954048.0,3.12,0.66
2019-09-03,111541.51,112041.92,112399.65,110796.85,0.42,472.94,15058006,17200705280.0,1.44,0.56
2019-09-04,111505.32,114243.45,115275.06,111365.41,1.96,2201.53,24347384,27940527360.0,3.49,0.91
2019-09-05,116171.95,117824.11,121881.68,116171.95,3.13,3580.66,46744038,53517145344.0,5.0,1.75
2019-09-06,118764.38,118763.1,119131.86,117159.3,0.8,938.99,25509464,29669879808.0,1.67,0.96
2019-09-09,121242.99,120630.04,121696.46,119461.2,1.57,1866.94,29541334,34713223168.0,1.88,1.11
2019-09-10,120436.26,121710.3,122956.76,119144.07,0.9,1080.26,28595662,34224177664.0,3.16,1.07
2019-09-11,123375.3,122246.66,124429.83,121567.23,0.44,536.36,31994425,38663552000.0,2.35,1.2
2019-09-12,122561.96,123957.59,124017.23,121178.02,1.4,1710.93,25426611,30815617280.0,2.32,0.95
2019-09-16,124113.05,122111.26,124113.05,121391.38,-1.49,-1846.33,22531529,27213609472.0,2.2,0.84
2019-09-17,121382.99,118850.43,121785.29,118318.36,-2.67,-3260.83,23329937,28531375360.0,2.84,0.87
2019-09-18,119097.54,118070.33,119359.41,117844.78,-0.66,-780.1,14443008,17400270592.0,1.27,0.54
2019-09-19,118575.97,119365.44,119365.44,117686.9,1.1,1295.11,14636771,16964718080.0,1.42,0.55
2019-09-20,119149.41,118668.36,119208.52,117639.11,-0.58,-697.08,15730241,18799576832.0,1.31,0.59
2019-09-23,117729.02,116981.98,117729.02,116038.44,-1.42,-1686.38,14612940,17128343040.0,1.42,0.55
2019-09-24,117182.02,116842.81,118710.46,116503.67,-0.12,-139.17,14637938,17602210304.0,1.89,0.55
2019-09-25,115981.91,115885.13,117589.67,115537.17,-0.82,-957.68,12819817,14854808576.0,1.76,0.48
2019-09-26,116512.44,113548.94,117073.77,113400.11,-2.02,-2336.19,16591037,18761393920.0,3.17,0.62
2019-09-27,113558.39,114087.76,114634.86,113465.31,0.47,538.82,10138471,11348897536.0,1.03,0.38
2019-09-30,113993.37,111368.69,114364.9,111368.69,-2.38,-2719.07,9961950,11290971904.0,2.63,0.37
2019-10-08,111303.97,110809.05,112327.73,110794.33,-0.5,-559.64,9252059,10843278592.0,1.38,0.35
2019-10-09,110119.95,111651.73,111651.73,109754.94,0.76,842.68,8558996,10347654400.0,1.71,0.32
2019-10-10,111711.81,112446.01,112832.13,111475.17,0.71,794.28,9521025,11432859136.0,1.22,0.36
2019-10-11,112650.49,114392.66,115586.29,111470.81,1.73,1946.65,17039433,20858440960.0,3.66,0.64
2019-10-14,116177.12,116120.03,118118.51,115490.25,1.51,1727.37,21573333,25015128832.0,2.3,0.81
2019-10-15,115766.48,114320.16,116027.32,114320.16,-1.55,-1799.87,12368897,13655524864.0,1.47,0.46
2019-10-16,114814.95,113576.09,116092.97,113470.63,-0.65,-744.07,11900457,13508611072.0,2.29,0.45
2019-10-17,113495.74,113140.09,114302.95,112783.18,-0.38,-436.0,8971001,9738204928.0,1.34,0.34
2019-10-18,113413.95,110442.95,113554.64,110442.95,-2.38,-2697.14,11472611,13037320192.0,2.75,0.43
2019-10-21,109420.41,108856.91,109420.41,107812.7,-1.44,-1586.04,12029396,14921420288.0,1.46,0.45
2019-10-22,108681.97,108995.27,109097.53,107770.64,0.13,138.36,9229972,11141920512.0,1.22,0.35
2019-10-23,109276.88,108117.44,109420.9,107836.17,-0.81,-877.83,8949755,10024105216.0,1.45,0.34
2019-10-24,108032.7,108732.73,109628.69,107645.06,0.57,615.29,9063817,10050378496.0,1.83,0.34
2019-10-25,108667.51,110340.81,110564.59,107950.97,1.48,1608.08,12089869,13208841984.0,2.4,0.45
2019-10-28,110277.04,112233.59,112822.05,110116.38,1.72,1892.78,16794542,17726734080.0,2.45,0.63
2019-10-29,111890.23,109491.96,111890.23,109491.96,-2.44,-2741.63,12187878,13117677568.0,2.14,0.46
2019-10-30,109202.04,108556.53,109899.72,108357.8,-0.85,-935.43,9895500,9771987456.0,1.41,0.37
2019-10-31,108831.73,108330.71,109335.73,108064.22,-0.21,-225.82,9218418,9898633728.0,1.17,0.35
2019-11-01,107935.4,109876.64,110108.63,107760.48,1.43,1545.93,11987250,12815178240.0,2.17,0.45
2019-11-04,109942.8,109967.15,111109.56,109817.81,0.08,90.51,11846897,12946259456.0,1.18,0.44
2019-11-05,110225.48,111467.6,112560.34,110114.48,1.36,1500.45,19942241,22023120896.0,2.22,0.75
2019-11-06,111408.77,109793.61,111418.25,109407.31,-1.5,-1673.99,13119808,13317871360.0,1.8,0.49
2019-11-07,109488.4,109961.23,110774.52,109351.79,0.15,167.62,10604447,11589893120.0,1.3,0.4
2019-11-08,110994.98,108696.73,111322.43,108696.73,-1.15,-1264.5,13329201,14871936256.0,2.39,0.5
2019-11-11,108085.85,106398.77,108394.05,106293.45,-2.11,-2297.96,13397445,13473398016.0,1.93,0.5
2019-11-12,106425.13,106943.59,107112.32,105941.73,0.51,544.82,9776034,9887642112.0,1.1,0.37
2019-11-13,106788.13,105581.85,106788.13,105142.06,-1.27,-1361.74,8970067,8916379136.0,1.54,0.34
2019-11-14,105577.39,105868.32,106749.05,105136.61,0.27,286.47,9059010,9244718080.0,1.53,0.34
2019-11-15,105747.51,104597.95,106456.13,104580.37,-1.2,-1270.37,9854416,9835384064.0,1.77,0.37
2019-11-18,104637.24,106218.37,106733.42,104443.17,1.55,1620.42,12322553,10945658624.0,2.19,0.46
2019-11-19,105993.83,107218.21,107218.21,105876.98,0.94,999.84,10869652,10774263552.0,1.26,0.41
2019-11-20,107014.15,105497.35,107086.77,105444.97,-1.61,-1720.86,9943495,10650811648.0,1.53,0.37
2019-11-21,104945.6,105694.45,106102.63,104780.09,0.19,197.1,7636057,7591215872.0,1.25,0.29
2019-11-22,105712.86,105405.73,106996.28,104839.13,-0.27,-288.72,11373623,11738903296.0,2.04,0.43
2019-11-25,105362.54,105844.07,105844.07,104591.38,0.42,438.34,9125618,9669299712.0,1.19,0.34
2019-11-26,105852.7,105447.04,105922.22,104915.15,-0.38,-397.03,10304480,10554594304.0,0.95,0.39
2019-11-27,104988.27,104627.76,105383.7,104448.89,-0.78,-819.28,6927503,7161042688.0,0.89,0.26
2019-11-28,104552.87,104307.68,105136.1,104042.83,-0.31,-320.08,6519792,6090904064.0,1.04,0.24
2019-11-29,104265.69,105128.29,105765.3,104149.64,0.79,820.61,9290119,8584533504.0,1.55,0.35
2019-12-02,106781.26,105583.51,107221.87,105497.83,0.43,455.22,12407301,13030628096.0,1.64,0.46
2019-12-03,104880.19,106409.18,106409.18,104729.79,0.78,825.67,9811908,10184354560.0,1.59,0.37
2019-12-04,105766.68,106153.43,106238.17,105698.98,-0.24,-255.75,7821840,7933918464.0,0.51,0.29
2019-12-05,106499.17,107605.53,107911.73,106481.69,1.37,1452.1,15876680,17068449280.0,1.35,0.59
2019-12-06,107537.46,107792.15,107934.13,106785.27,0.17,186.62,12287703,13562756608.0,1.07,0.46
2019-12-09,108252.64,107472.59,108326.63,107284.37,-0.3,-319.56,10574994,11303615232.0,0.97,0.4
2019-12-10,107158.16,107030.13,107242.15,106272.13,-0.41,-442.46,10057102,10223750400.0,0.9,0.38
2019-12-11,107191.04,107535.87,108871.95,106701.88,0.47,505.74,15166002,14531181568.0,2.03,0.57
2019-12-12,107285.53,106872.63,107549.27,106774.04,-0.62,-663.24,11397763,10839584256.0,0.72,0.43
2019-12-13,108515.27,111924.83,113008.27,108325.41,4.73,5052.2,37607529,39758459136.0,4.38,1.41
2019-12-16,112145.48,114297.04,115108.36,110990.56,2.12,2372.21,32621994,35945096704.0,3.68,1.22
2019-12-17,113971.17,118283.44,122234.98,113747.84,3.49,3986.4,52648983,56694917376.0,7.43,1.97
2019-12-18,117942.74,119653.48,121606.14,117838.2,1.16,1370.04,44994330,47663937280.0,3.19,1.68
2019-12-19,119354.73,118921.99,119809.46,118250.04,-0.61,-731.49,29776260,31450373376.0,1.3,1.11
2019-12-20,119266.95,119781.77,123200.98,119167.12,0.72,859.78,41415685,44698124544.0,3.39,1.55
2019-12-23,119182.08,116264.27,121366.3,116183.56,-2.94,-3517.5,34921320,37325678080.0,4.33,1.31
2019-12-24,116963.17,117957.63,117957.63,115892.52,1.46,1693.36,22225841,23757920768.0,1.78,0.83
2019-12-25,117090.31,118174.07,119940.68,116330.63,0.18,216.44,26121865,27629692928.0,3.06,0.98
2019-12-26,118159.95,121907.11,121916.54,117886.52,3.16,3733.04,33689723,35745104896.0,3.41,1.26
2019-12-27,121501.59,119059.7,124063.27,119049.02,-2.34,-2847.41,44554084,49139816192.0,4.11,1.67
2019-12-30,117599.48,124427.19,125852.85,117295.56,4.51,5367.49,54158052,66775488768.0,7.19,2.03
2019-12-31,124025.77,124715.77,125469.1,123527.0,0.23,288.58,37444596,44856268544.0,1.56,1.4
2020-01-02,127330.92,125276.09,128230.04,125231.02,0.45,560.32,44885786,55112071936.0,2.4,1.68
2020-01-03,124613.73,125017.85,126769.88,124490.06,-0.21,-258.24,31332762,36147107584.0,1.82,1.17
2020-01-06,123064.86,124707.71,126869.79,122745.36,-0.25,-310.14,32392900,38151860992.0,3.3,1.21
2020-01-07,125037.28,125705.0,126339.45,123533.86,0.8,997.29,28968845,34526148608.0,2.25,1.08
2020-01-08,123946.77,121353.61,124515.8,121013.12,-3.46,-4351.39,29421363,34457476352.0,2.79,1.1
2020-01-09,123480.18,123162.49,124640.55,122408.92,1.49,1808.88,21319471,24919835904.0,1.84,0.8
2020-01-10,124927.8,122906.19,125364.05,122323.33,-0.21,-256.3,22918872,27438653952.0,2.47,0.86
2020-01-13,121971.28,124750.68,124750.68,120421.94,1.5,1844.49,23758001,28574470656.0,3.52,0.89
2020-01-14,124965.41,123255.56,125235.7,123225.14,-1.2,-1495.12,21137652,25607183872.0,1.61,0.79
2020-01-15,122902.77,122968.21,123959.83,122289.13,-0.23,-287.35,16215167,19834693376.0,1.36,0.61
2020-01-16,123029.04,122333.25,123188.63,122039.18,-0.52,-634.96,14932520,18061035776.0,0.93,0.56
2020-01-17,122927.35,122990.61,125060.04,122837.94,0.54,657.36,19289917,23600607232.0,1.82,0.72
2020-01-20,122685.91,124618.63,124671.09,122022.02,1.32,1628.02,20207012,23925129728.0,2.15,0.76
2020-01-21,123989.35,122495.9,125100.55,122422.61,-1.7,-2122.73,22202682,27140843008.0,2.15,0.83
2020-01-22,121631.68,124120.81,125060.31,120426.41,1.33,1624.91,24145639,31108838912.0,3.78,0.9
2020-01-23,122148.77,118675.08,123030.16,117556.45,-4.39,-5445.73,27223441,33978166784.0,4.41,1.02
2020-02-03,106815.73,106815.73,106867.98,106815.73,-9.99,-11859.35,6709958,8161498112.0,0.04,0.25
2020-02-04,98993.77,105298.67,106484.66,98993.77,-1.42,-1517.06,36436859,39429102336.0,7.01,1.36
2020-02-05,105229.01,106884.57,109900.1,104980.53,1.51,1585.9,28279331,30214590464.0,4.67,1.06
2020-02-06,106687.66,109717.14,110522.76,105825.41,2.65,2832.57,31259180,34258875648.0,4.39,1.17
2020-02-07,109221.68,110295.53,111156.26,108606.37,0.53,578.39,27137103,30479871744.0,2.32,1.02
2020-02-10,109352.27,111781.56,112309.34,109249.25,1.35,1486.03,23239251,25975582208.0,2.77,0.87
2020-02-11,112613.02,111253.71,114112.17,111199.48,-0.47,-527.85,22405203,25737047552.0,2.61,0.84
2020-02-12,110743.23,113405.22,114033.23,110652.98,1.93,2151.51,24516608,26995803392.0,3.04,0.92
2020-02-13,113205.7,111299.23,114011.46,111122.21,-1.86,-2105.99,22111639,24305730560.0,2.55,0.83
2020-02-14,110919.39,113263.39,114572.26,110919.01,1.76,1964.16,27565714,29883141632.0,3.28,1.03
2020-02-17,115898.87,118749.94,119301.04,114858.34,4.84,5486.55,41366070,47239394816.0,3.92,1.55
2020-02-18,118219.91,118103.74,119444.18,117079.09,-0.54,-646.2,28641091,31729767936.0,1.99,1.07
2020-02-19,117782.48,118578.48,121454.47,117682.82,0.4,474.74,36534652,40496745728.0,3.19,1.37
2020-02-20,118838.77,126713.84,127169.86,118420.95,6.86,8135.36,60495749,69031731200.0,7.38,2.26
2020-02-21,126400.22,126542.34,131106.3,124656.11,-0.14,-171.5,60854295,70695030784.0,5.09,2.28
2020-02-24,125397.25,127120.66,128962.92,125073.57,0.46,578.32,43333926,51290043392.0,3.07,1.62
2020-02-25,124117.8,128610.01,129199.78,122511.28,1.17,1489.35,61469476,63870219520.0,5.26,2.3
2020-02-26,126266.26,126077.56,130036.83,125310.65,-1.97,-2532.45,56260273,58937021696.0,3.67,2.11
2020-02-27,127618.45,126386.41,129607.82,125749.21,0.24,308.85,38596616,42588784896.0,3.06,1.45
2020-02-28,122293.59,118591.31,124056.02,118076.13,-6.17,-7795.1,43045878,47726672128.0,4.73,1.61
2020-03-02,120691.66,124778.72,126253.88,119703.45,5.22,6187.41,39517934,43374774784.0,5.52,1.48
2020-03-03,127520.88,126415.38,129697.72,125100.82,1.31,1636.66,42264080,47270850560.0,3.68,1.58
2020-03-04,126082.82,131002.88,131002.88,126082.82,3.63,4587.5,45575800,53854900480.0,3.89,1.71
2020-03-05,133273.94,134833.52,137627.42,130367.25,2.92,3830.64,67107133,81989828608.0,5.54,2.51
2020-03-06,132606.33,130192.41,133556.67,130192.41,-3.44,-4641.11,45301855,55028026368.0,2.5,1.7
2020-03-09,128134.56,127706.59,130641.25,125836.02,-1.91,-2485.82,44514831,51947242240.0,3.69,1.67
2020-03-10,128138.28,132613.19,133269.64,126695.36,3.84,4906.6,49708196,57263386112.0,5.15,1.86
2020-03-11,132425.91,128963.43,132667.7,128963.43,-2.75,-3649.76,33359154,40201398528.0,2.79,1.25
2020-03-12,127612.45,128267.65,129912.14,126671.91,-0.54,-695.78,28930268,34326532864.0,2.51,1.08
2020-03-13,121734.68,128137.88,129611.63,121734.68,-0.1,-129.77,37756520,47338565632.0,6.14,1.41
2020-03-16,128241.13,119536.06,128241.13,119425.14,-6.71,-8601.82,34989526,42626690816.0,6.88,1.31
2020-03-17,121865.11,120030.9,122953.06,116863.26,0.41,494.84,27380806,33111292160.0,5.09,1.03
2020-03-18,120576.81,115390.01,121451.55,115304.4,-3.87,-4640.89,26774916,31716598528.0,5.12,1.0
2020-03-19,114982.8,117108.78,118533.38,113435.39,1.49,1718.77,31586835,36482503168.0,4.42,1.18
2020-03-20,117807.65,117607.89,118052.38,115130.68,0.43,499.11,21118683,24004914688.0,2.49,0.79
2020-03-23,113574.31,112419.35,115684.13,112038.63,-4.41,-5188.54,20596469,22321704960.0,3.1,0.77
2020-03-24,114858.19,114852.64,115176.76,111612.7,2.16,2433.29,20974727,24004672512.0,3.17,0.79
2020-03-25,117306.26,116862.34,117780.9,115915.09,1.75,2009.7,21491202,24894006272.0,1.62,0.8
2020-03-26,115781.64,114891.13,116636.37,114782.39,-1.69,-1971.21,13885662,15878583808.0,1.59,0.52
2020-03-27,116283.83,115545.81,118232.44,115375.69,0.57,654.68,17518050,20703944704.0,2.49,0.66
2020-03-30,113707.3,114207.23,115296.7,112756.3,-1.16,-1338.58,15346536,17532538880.0,2.2,0.57
2020-03-31,115397.28,113496.24,115672.81,113456.0,-0.62,-710.99,13852142,16045819904.0,1.94,0.52
2020-04-01,112998.9,112743.2,115461.89,112543.45,-0.66,-753.04,14880862,17305929472.0,2.57,0.56
2020-04-02,112097.81,115246.7,115246.7,112097.81,2.22,2503.5,16226186,18812206080.0,2.79,0.61
2020-04-03,114637.33,113221.55,114651.2,112801.88,-1.76,-2025.15,14026736,15812024320.0,1.6,0.53
2020-04-07,115448.52,116428.83,117068.02,114620.49,2.83,3207.28,24808650,27736553472.0,2.16,0.93
2020-04-08,115346.56,115563.16,116395.75,115154.3,-0.74,-865.67,17705854,18798618624.0,1.07,0.66
2020-04-09,116623.43,116466.17,118474.23,116414.08,0.78,903.01,21910980,24073323776.0,1.78,0.82
2020-04-10,116463.83,114228.3,116581.43,114013.52,-1.92,-2237.87,17267078,18975343872.0,2.2,0.65
2020-04-13,113330.17,113261.09,113894.49,112574.74,-0.85,-967.21,12189861,12940153600.0,1.16,0.46
2020-04-14,113815.04,116078.73,116901.55,113439.0,2.49,2817.64,20699400,24521130496.0,3.06,0.77
2020-04-15,115292.41,114386.86,116805.88,114386.86,-1.46,-1691.87,17068904,21184759296.0,2.08,0.64
2020-04-16,113592.57,115143.56,116489.14,113572.34,0.66,756.7,18138374,24215333632.0,2.55,0.68
2020-04-17,115988.36,114760.73,116295.7,114655.75,-0.33,-382.83,17768214,22100161792.0,1.42,0.67
2020-04-20,115069.81,115140.21,115269.24,114620.52,0.33,379.48,11975140,14352697600.0,0.57,0.45
2020-04-21,114412.95,112987.24,114438.21,112348.96,-1.87,-2152.97,14947494,16942418176.0,1.81,0.56
2020-04-22,112118.98,113406.26,113511.61,111923.26,0.37,419.02,11756970,13396216064.0,1.41,0.44
2020-04-23,113396.31,112154.81,113415.37,112095.11,-1.1,-1251.45,10366062,11992558848.0,1.16,0.39
2020-04-24,111829.87,109518.95,112177.97,109149.37,-2.35,-2635.86,13503698,15273235712.0,2.7,0.51
2020-04-27,109622.51,108703.16,110509.9,108664.84,-0.74,-815.79,10283875,12217776384.0,1.68,0.39
2020-04-28,110230.29,109748.73,110862.59,107689.43,0.96,1045.57,16057406,18827957760.0,2.92,0.6
2020-04-29,109086.54,109871.58,110839.29,109069.89,0.11,122.85,9988851,11551752192.0,1.61,0.37
2020-04-30,110554.02,112824.49,113135.69,110554.02,2.69,2952.91,18025471,20838526976.0,2.35,0.67
2020-05-06,110792.46,113673.37,113673.37,110734.19,0.75,848.88,16561313,19123034368.0,2.61,0.62
2020-05-07,113439.06,113304.99,114790.56,113217.95,-0.32,-368.38,15375052,18474724864.0,1.38,0.58
2020-05-08,114460.83,115999.09,117649.4,113781.48,2.38,2694.1,25132957,28856584192.0,3.41,0.94
2020-05-11,116285.35,115512.02,116887.34,114728.29,-0.42,-487.07,18419898,19943486208.0,1.86,0.69
2020-05-12,115961.18,115141.2,116312.53,113932.51,-0.32,-370.82,13347147,15278609664.0,2.06,0.5
2020-05-13,114465.17,115492.47,116006.38,114291.99,0.31,351.27,11959849,13947051264.0,1.49,0.45
2020-05-14,114728.35,113918.29,115039.56,113821.91,-1.36,-1574.18,11563121,13400424192.0,1.05,0.43
2020-05-15,114718.66,114150.61,115113.02,114088.38,0.2,232.32,11486614,13548669440.0,0.9,0.43
2020-05-18,113886.17,113486.41,114803.27,113185.4,-0.58,-664.2,12455533,14895109120.0,1.42,0.47
2020-05-19,114782.17,114171.75,114990.31,113812.05,0.6,685.34,10760003,12583433472.0,1.04,0.4
2020-05-20,113926.26,113668.31,115028.93,113420.98,-0.44,-503.44,12461168,14277116416.0,1.41,0.47
2020-05-21,113924.8,112383.48,114056.01,112363.23,-1.13,-1284.83,11421664,12700447488.0,1.49,0.43
2020-05-22,112104.2,109486.76,112608.49,109486.76,-2.58,-2896.72,15448454,16772845824.0,2.78,0.58
2020-05-25,109352.36,109065.23,109927.2,108636.83,-0.39,-421.53,10078771,10193259520.0,1.18,0.38
2020-05-26,109521.68,110545.95,110556.78,109514.51,1.36,1480.72,9153266,10049819392.0,0.96,0.34
2020-05-27,110424.54,109099.6,110441.11,108866.34,-1.31,-1446.35,8398458,8969999872.0,1.42,0.31
2020-05-28,109493.15,111071.48,112545.4,109493.15,1.81,1971.88,16078182,17359356416.0,2.8,0.6
2020-05-29,110265.51,110370.7,110783.8,110025.56,-0.63,-700.78,9829352,10603497472.0,0.68,0.37
2020-06-01,113319.84,115267.48,115925.35,112681.1,4.44,4896.78,27945543,30479079424.0,2.94,1.05
2020-06-02,115052.78,114952.66,116193.16,114601.58,-0.27,-314.82,19964080,22624591104.0,1.38,0.75
2020-06-03,115415.67,113370.35,115766.32,113359.18,-1.38,-1582.31,17536150,20400688128.0,2.09,0.66
2020-06-04,114129.81,113147.76,114432.05,112994.96,-0.2,-222.59,13431281,14381989888.0,1.27,0.5
2020-06-05,113515.39,114711.41,114958.83,112842.6,1.38,1563.65,19330991,19979855104.0,1.87,0.72
2020-06-08,115122.57,113774.7,115148.42,113642.05,-0.82,-936.71,15279577,16406493440.0,1.31,0.57
2020-06-09,114104.93,114743.7,115730.2,114011.15,0.85,969.0,16571806,18906754560.0,1.51,0.62
2020-06-10,114647.26,114150.34,114647.26,113808.88,-0.52,-593.36,13052436,13460591616.0,0.73,0.49
2020-06-11,114283.52,113991.1,116322.43,113779.27,-0.14,-159.24,17243331,18601115904.0,2.23,0.65
2020-06-12,112335.02,113870.63,114629.84,112157.12,-0.11,-120.47,18274029,19193404928.0,2.17,0.68
2020-06-15,114506.3,113481.13,116223.44,113481.13,-0.34,-389.5,19405105,21196289280.0,2.41,0.73
2020-06-16,114609.07,115007.48,115033.63,114184.65,1.35,1526.35,18666670,21707985920.0,0.75,0.7
2020-06-17,114870.82,114660.27,114907.72,113763.27,-0.3,-347.21,14817724,16468306944.0,1.0,0.55
2020-06-18,114456.31,115624.55,116725.27,114217.01,0.84,964.28,20651845,22553368320.0,2.19,0.77
2020-06-19,115595.73,119208.98,120179.51,115410.19,3.1,3584.43,41947824,48908530176.0,4.12,1.57
2020-06-22,118960.97,121533.28,125987.18,118778.23,1.95,2324.3,51852803,60674014464.0,6.05,1.94
2020-06-23,121034.07,122785.73,122793.83,119976.87,1.03,1252.45,32537459,37095604736.0,2.32,1.22
2020-06-24,122981.47,121917.83,124412.82,121502.08,-0.71,-867.9,26291908,31371033344.0,2.37,0.98
2020-06-29,120832.04,118049.02,120832.04,117541.72,-3.17,-3868.81,31648601,36432027904.0,2.7,1.18
2020-06-30,118567.84,121099.35,122603.8,117987.51,2.58,3050.33,31785071,35976528384.0,3.91,1.19
2020-07-01,120733.03,123360.23,123360.23,120358.7,1.87,2260.88,33884868,38969671168.0,2.48,1.27
2020-07-02,123091.59,132496.33,133297.3,122918.59,7.41,9136.1,74290921,86904836096.0,8.41,2.78
2020-07-03,135088.06,142562.95,143433.75,133930.92,7.6,10066.62,101922130,125993730048.0,7.17,3.82
2020-07-06,148162.08,155778.44,156114.7,147563.41,9.27,13215.49,101897981,133686915072.0,6.0,3.82
2020-07-07,158654.34,153081.08,158654.34,150274.88,-1.73,-2697.36,110841172,151067357184.0,5.38,4.15
2020-07-08,152628.92,162728.22,165815.92,152628.92,6.3,9647.14,110059528,151880806400.0,8.61,4.12
2020-07-09,161045.28,164319.97,167448.41,158901.22,0.98,1591.75,104543314,147361501184.0,5.25,3.91
2020-07-10,161719.61,163682.56,168034.25,161164.34,-0.39,-637.41,90234345,128314445824.0,4.18,3.38
2020-07-13,163352.52,166455.14,170315.14,161080.73,1.69,2772.58,92187812,133520150528.0,5.64,3.45
2020-07-14,164460.91,166165.61,168272.81,162379.72,-0.17,-289.53,75387768,109879615488.0,3.54,2.82
2020-07-15,167775.81,159212.52,168750.52,159085.28,-4.18,-6953.09,73513183,110183288832.0,5.82,2.75
2020-07-16,158930.7,151713.06,163067.98,151402.03,-4.71,-7499.46,85190369,107407695872.0,7.33,3.19
2020-07-17,153288.44,146899.09,153697.56,144854.2,-3.17,-4813.97,67883400,80134397952.0,5.83,2.54
2020-07-20,149693.38,154674.97,156288.91,149541.19,5.29,7775.88,66866406,84140457984.0,4.59,2.5
2020-07-21,154573.75,151727.66,155553.31,150655.63,-1.91,-2947.31,53944479,63250639616.0,3.17,2.02
2020-07-22,152002.55,153073.38,158692.95,151405.94,0.89,1345.72,69102889,86765023232.0,4.8,2.59
2020-07-23,150342.06,153555.36,154363.83,148597.13,0.31,481.98,58315750,74239873024.0,3.77,2.18
2020-07-24,152048.63,143319.72,153049.83,142201.59,-6.67,-10235.64,59808553,74059616256.0,7.06,2.24
2020-07-27,143858.97,143638.25,144927.2,140248.86,0.22,318.53,35240839,42435112704.0,3.26,1.32
2020-07-28,144926.47,144053.27,145505.86,142643.22,0.29,415.02,28305940,35351352320.0,1.99,1.06
2020-07-29,143332.0,149733.08,150356.55,142911.56,3.94,5679.81,47484388,62463605760.0,5.17,1.78
2020-07-30,149564.7,147908.81,150727.63,147538.83,-1.22,-1824.27,40249161,53994222080.0,2.13,1.51
2020-07-31,147654.69,151014.19,153455.33,147654.69,2.1,3105.38,48627044,61757309952.0,3.92,1.82
2020-08-03,154501.75,154904.17,155034.86,151685.42,2.58,3889.98,52852544,70484516864.0,2.22,1.98
2020-08-04,155423.25,153933.83,157078.8,153341.19,-0.63,-970.34,46750346,60737019392.0,2.41,1.75
2020-08-05,153240.22,153555.05,154507.2,151530.59,-0.25,-378.78,32332419,42258838784.0,1.93,1.21
2020-08-06,154010.02,158285.03,159449.66,150931.66,3.08,4729.98,49940419,70324142080.0,5.55,1.87
2020-08-07,155204.69,153350.2,157298.25,150411.13,-3.12,-4934.83,52271045,76772556800.0,4.35,1.96
2020-08-10,151820.92,154510.67,157174.95,151199.86,0.76,1160.47,42823911,68993064960.0,3.9,1.6
2020-08-11,154434.13,149976.47,156590.81,149921.31,-2.93,-4534.2,37480469,57927371520.0,4.32,1.4
2020-08-12,149491.97,149740.34,151346.83,146911.7,-0.16,-236.13,31191667,46034581760.0,2.96,1.17
2020-08-13,150566.38,150939.75,152886.58,149245.08,0.8,1199.41,29523427,40348348416.0,2.43,1.11
2020-08-14,150103.59,153218.97,153301.44,149906.61,1.51,2279.22,27614692,37506333952.0,2.25,1.03
2020-08-17,155989.69,160968.98,164375.97,155766.81,5.06,7750.01,67909417,95623950336.0,5.62,2.54
2020-08-18,160498.91,160058.7,162304.98,158910.3,-0.57,-910.28,43938496,62284939776.0,2.11,1.65
2020-08-19,159457.84,157800.8,162136.44,157615.45,-1.41,-2257.9,42473404,57015926528.0,2.82,1.59
2020-08-20,156554.25,155221.44,157450.48,154515.27,-1.63,-2579.36,33871935,42817563136.0,1.86,1.27
2020-08-21,156540.8,157101.86,158428.64,154886.11,1.21,1880.42,35558174,40559733760.0,2.28,1.33
2020-08-24,157210.98,155388.55,157210.98,155136.34,-1.09,-1713.31,27777722,31853272064.0,1.32,1.04
2020-08-25,155738.31,154485.63,157784.34,154044.69,-0.58,-902.92,28346764,35680371712.0,2.41,1.06
2020-08-26,153725.36,150408.28,154799.13,150408.28,-2.64,-4077.35,31587103,42383459840.0,2.84,1.18
2020-08-27,150585.05,150850.48,151726.78,148920.27,0.29,442.2,22814880,30221450752.0,1.87,0.85
2020-08-28,150513.19,155162.06,155344.66,150189.14,2.86,4311.58,30942354,43485865728.0,3.42,1.16
2020-08-31,155918.72,154334.28,159422.75,154334.28,-0.53,-827.78,42254130,58083552000.0,3.28,1.58
2020-09-01,153706.59,155188.17,155225.73,153060.56,0.55,853.89,23881153,31197322496.0,1.4,0.89
2020-09-02,155529.02,155264.72,156861.11,153128.73,0.05,76.55,27497751,38082539776.0,2.41,1.03
2020-09-03,154914.84,154459.36,157792.83,153946.95,-0.52,-805.36,25911594,37167738880.0,2.48,0.97
2020-09-04,151599.02,153202.08,153616.88,151493.17,-0.81,-1257.28,20696976,28543416576.0,1.37,0.77
2020-09-07,152667.13,148374.16,153541.34,148374.16,-3.15,-4827.92,26036442,34942259200.0,3.37,0.97
2020-09-08,148711.89,150974.89,152144.91,147289.53,1.75,2600.73,25621416,34839461120.0,3.27,0.96
2020-09-09,148648.72,147687.23,150444.98,147292.2,-2.18,-3287.66,25686174,31509768960.0,2.09,0.96
2020-09-10,149106.08,143466.98,149289.06,143453.25,-2.86,-4220.25,24030375,29823301120.0,3.95,0.9
2020-09-11,142795.88,143788.42,144192.27,141636.11,0.22,321.44,17359747,21943153920.0,1.78,0.65
2020-09-14,144256.31,144139.58,144479.58,142840.47,0.24,351.16,14532647,18352429824.0,1.14,0.54
2020-09-15,143974.67,144200.22,144737.55,143355.13,0.04,60.64,12474141,16600014592.0,0.96,0.47
2020-09-16,144033.81,143714.94,145830.08,143164.98,-0.34,-485.28,15809923,21039379968.0,1.85,0.59
2020-09-17,143118.34,142844.59,144572.73,141569.3,-0.61,-870.35,16913277,22777248256.0,2.09,0.63
2020-09-18,142640.14,150525.23,151128.08,142523.05,5.38,7680.64,37905563,50733213952.0,6.02,1.42
2020-09-21,155183.64,150697.05,155816.88,150697.05,0.11,171.82,37011881,49302598656.0,3.4,1.39
2020-09-22,148884.42,152051.66,156790.42,148864.81,0.9,1354.61,43977628,50133382912.0,5.26,1.65
2020-09-23,152079.7,150620.41,153324.27,150362.27,-0.94,-1431.25,26791966,31073141504.0,1.95,1.0
2020-09-24,149619.45,148944.13,152260.39,148944.13,-1.11,-1676.28,24801409,28107867392.0,2.2,0.93
2020-09-25,149741.91,151780.38,152995.44,148760.63,1.9,2836.25,29541043,35276923648.0,2.84,1.11
2020-09-28,150768.42,151141.53,152545.28,150768.42,-0.42,-638.85,19690089,22943253248.0,1.17,0.74
2020-09-29,151945.14,151607.19,153061.5,151493.84,0.31,465.66,19646569,24569411840.0,1.04,0.74
2020-09-30,151953.63,149395.94,152273.38,148127.47,-1.46,-2211.25,20618378,24656113920.0,2.73,0.77
2020-10-09,151634.56,151351.19,151908.67,150521.13,1.31,1955.25,19392230,25150789120.0,0.93,0.73
2020-10-12,152359.08,156903.77,157450.55,152241.8,3.67,5552.58,37879070,47264440576.0,3.44,1.42
2020-10-13,154746.25,153834.5,154781.86,152533.28,-1.96,-3069.27,31756187,39616237568.0,1.43,1.19
2020-10-14,153354.38,151827.63,153693.39,151317.59,-1.3,-2006.87,20494468,25536083712.0,1.54,0.77
2020-10-15,152012.66,151247.23,154206.94,151125.05,-0.38,-580.4,19894188,23936389120.0,2.03,0.74
2020-10-16,151425.75,151802.05,152694.45,150975.97,0.37,554.82,17371769,22494169088.0,1.14,0.65
2020-10-19,152737.95,149701.88,153803.83,149701.88,-1.38,-2100.17,21529572,27341167104.0,2.7,0.81
2020-10-20,148898.14,149990.36,149990.36,147706.67,0.19,288.48,14869546,19996205312.0,1.53,0.56
2020-10-21,149621.66,148977.14,150069.45,148255.33,-0.68,-1013.22,12534608,16921720064.0,1.21,0.47
2020-10-22,148501.86,150437.91,151784.42,148284.78,0.98,1460.77,18983721,23957985792.0,2.35,0.71
2020-10-23,149967.25,147571.52,151140.06,147571.52,-1.91,-2866.39,17036532,22518577920.0,2.37,0.64
2020-10-26,146252.36,142810.05,146252.36,142184.03,-3.23,-4761.47,21545515,28744890880.0,2.76,0.81
2020-10-27,142210.48,143056.81,143493.63,141859.44,0.17,246.76,13058596,17378087936.0,1.14,0.49
2020-10-28,142806.08,143660.84,144177.61,141905.03,0.42,604.03,13535054,17256968960.0,1.59,0.51
2020-10-29,141701.41,144485.17,145706.58,141607.8,0.57,824.33,18103388,23454289920.0,2.85,0.68
2020-10-30,144007.83,139085.08,145096.34,139085.08,-3.74,-5400.09,21008238,24520900352.0,4.16,0.79
2020-11-02,139209.25,138603.27,142258.73,137075.36,-0.35,-481.81,21602256,27954672384.0,3.73,0.81
2020-11-03,138762.78,142467.02,143604.11,138762.78,2.79,3863.75,23281892,30485039872.0,3.49,0.87
2020-11-04,142182.09,141649.09,142854.03,140368.61,-0.57,-817.93,16734024,23401435392.0,1.74,0.63
2020-11-05,143582.39,143639.36,144947.11,142482.69,1.41,1990.27,20890870,30001412352.0,1.74,0.78
2020-11-06,143839.69,144592.95,146128.94,143298.75,0.66,953.59,25473690,35963997696.0,1.97,0.95
2020-11-09,145788.38,149822.75,151531.25,144749.58,3.62,5229.8,41019957,55653536768.0,4.69,1.54
2020-11-10,150128.17,147024.08,150153.06,146558.89,-1.87,-2798.67,28517057,43004952064.0,2.4,1.07
2020-11-11,146451.83,144416.45,147183.81,144212.73,-1.77,-2607.63,20239436,30575372032.0,2.02,0.76
2020-11-12,144606.02,143778.78,145388.52,143017.94,-0.44,-637.67,15715118,22049228800.0,1.64,0.59
2020-11-13,142951.22,142690.81,143493.48,142047.36,-0.76,-1087.97,15260841,22467099648.0,1.01,0.57
2020-11-16,143716.34,144104.36,144677.78,142501.83,0.99,1413.55,15503498,22696660992.0,1.52,0.58
2020-11-17,143935.47,144182.14,144182.14,142343.55,0.05,77.78,15630582,23265009664.0,1.28,0.59
2020-11-18,144093.61,144896.13,146784.22,144066.61,0.5,713.99,20196200,29344258304.0,1.88,0.76
2020-11-19,143676.09,145482.28,145914.84,142361.25,0.4,586.15,20586912,28468008192.0,2.45,0.77
2020-11-20,144992.81,145920.39,146152.25,144729.94,0.3,438.11,15576790,21940410624.0,0.98,0.58
2020-11-23,145037.97,149136.16,151669.92,144727.58,2.2,3215.77,37285994,51694211840.0,4.76,1.4
2020-11-24,148615.59,147953.88,150138.48,147741.17,-0.79,-1182.28,22122444,32379915264.0,1.61,0.83
2020-11-25,149210.66,145512.59,150174.7,145512.59,-1.65,-2441.29,20835522,29687586304.0,3.15,0.78
2020-11-26,145329.27,146290.16,147136.75,144614.8,0.53,777.57,16516885,23813967360.0,1.73,0.62
2020-11-27,146131.64,149595.33,149595.33,145899.08,2.26,3305.17,22525613,32289352960.0,2.53,0.84
2020-11-30,150371.97,150402.63,155549.08,149990.08,0.54,807.3,51955543,75834810368.0,3.72,1.95
2020-12-01,149573.53,155491.48,157148.22,148744.88,3.38,5088.85,48529976,67824456448.0,5.59,1.82
2020-12-02,155384.55,157158.42,159870.97,154578.09,1.07,1666.94,46543685,64782313984.0,3.4,1.74
2020-12-03,156487.19,157566.27,159754.64,155781.91,0.26,407.85,44959181,54618254592.0,2.53,1.68
2020-12-04,156020.45,154992.73,156355.97,153336.34,-1.63,-2573.54,32715089,43456750336.0,1.92,1.22
2020-12-07,154673.83,152384.86,155254.45,152190.13,-1.68,-2607.87,23945859,31664827392.0,1.98,0.9
2020-12-08,152171.66,152381.59,153987.61,151380.56,0.0,-3.27,21380359,29531201024.0,1.71,0.8
2020-12-09,152545.16,146829.55,153827.42,146660.89,-3.64,-5552.04,29793923,41089166336.0,4.7,1.12
2020-12-10,145828.95,146849.56,147753.72,145211.47,0.01,20.01,23133868,32169436928.0,1.73,0.87
2020-12-11,146524.58,145520.09,146842.83,144056.44,-0.91,-1329.47,25989525,36047204352.0,1.9,0.97
2020-12-14,145292.84,144943.28,145808.02,143514.59,-0.4,-576.81,15150925,21298842112.0,1.58,0.57
2020-12-15,144421.2,145246.09,146253.34,143719.03,0.21,302.81,14594630,21057410560.0,1.75,0.55
2020-12-16,145326.61,143159.52,145479.88,143129.48,-1.44,-2086.57,14796806,20494179584.0,1.62,0.55
2020-12-17,142903.7,147900.42,148311.33,142445.33,3.31,4740.9,25998543,36701104384.0,4.1,0.97
2020-12-18,147277.19,146470.5,148465.63,145977.89,-0.97,-1429.92,19328802,26256050944.0,1.68,0.72
2020-12-21,146121.95,148050.86,149097.11,145294.58,1.08,1580.36,19952013,26433865984.0,2.6,0.75
2020-12-22,147318.86,141283.13,147560.42,141283.13,-4.57,-6767.73,26401311,35527358976.0,4.24,0.99
2020-12-23,141938.14,142785.66,144109.17,141485.19,1.06,1502.53,20044899,25976121856.0,1.86,0.75
2020-12-24,142493.66,141297.63,144552.42,141092.36,-1.04,-1488.03,17336784,22373262336.0,2.42,0.65
2020-12-25,140845.94,143785.81,144981.36,140246.16,1.76,2488.18,21670862,26585751808.0,3.35,0.81
2020-12-28,143077.27,143206.03,145744.38,142230.92,-0.4,-579.78,24587592,28733648384.0,2.44,0.92
2020-12-29,143728.42,143974.58,147164.84,143728.42,0.54,768.55,28092599,33091429376.0,2.4,1.05
2020-12-30,142937.19,147015.14,147044.39,142497.17,2.11,3040.56,31592681,37727509248.0,3.16,1.18
2020-12-31,148390.16,153902.0,154940.7,148390.16,4.68,6886.86,51056625,66182079744.0,4.46,1.91
2021-01-04,156036.88,154344.84,156312.31,151927.38,0.29,442.84,49135232,62403364608.0,2.85,1.84
2021-01-05,153163.55,153810.75,155638.83,151351.11,-0.35,-534.09,51073874,63065907712.0,2.78,1.91
2021-01-06,152925.5,151654.92,155243.48,150146.05,-1.4,-2155.83,36994345,49447552256.0,3.31,1.39
2021-01-07,151445.27,152295.38,152792.64,147777.95,0.42,640.46,40076520,49922782720.0,3.31,1.5
2021-01-08,151831.91,150551.42,152841.33,150127.88,-1.15,-1743.96,33192599,43698514688.0,1.78,1.24
2021-01-11,151137.36,147093.02,151904.39,147044.5,-2.3,-3458.4,31582713,41212663296.0,3.23,1.18
2021-01-12,145939.09,153394.27,154389.69,144988.06,4.28,6301.25,54536371,77149855744.0,6.39,2.04
2021-01-13,152426.66,147579.72,153027.08,146906.02,-3.79,-5814.55,43170964,61862903552.0,3.99,1.62
2021-01-14,146675.97,144360.28,147191.92,144360.28,-2.18,-3219.44,30235661,40941587968.0,1.92,1.13
2021-01-15,144251.28,144705.72,146999.61,143922.41,0.24,345.44,23926136,32217473536.0,2.13,0.9
2021-01-18,144047.64,145192.41,147263.09,143710.34,0.34,486.69,24072594,32517451008.0,2.46,0.9
2021-01-19,144950.86,145470.0,147878.31,144390.66,0.19,277.59,27438576,38122346240.0,2.4,1.03
2021-01-20,145250.7,144820.7,146676.36,144444.34,-0.45,-649.3,21980511,31551012864.0,1.53,0.82
2021-01-21,145071.59,146191.56,148765.33,144371.2,0.95,1370.86,31431872,44340290304.0,3.03,1.18
2021-01-22,145398.53,142490.14,145979.81,142207.11,-2.53,-3701.42,31310947,40671833600.0,2.58,1.17
2021-01-25,142256.28,140751.95,143690.03,140458.39,-1.22,-1738.19,28612651,35840590592.0,2.27,1.07
2021-01-26,140018.08,136850.67,140768.13,136726.98,-2.77,-3901.28,25646839,33171180544.0,2.87,0.96
2021-01-27,136802.05,136764.55,138147.91,136362.91,-0.06,-86.12,16109601,20449339392.0,1.3,0.6
2021-01-28,135498.56,137244.95,138467.13,135247.11,0.35,480.4,19114257,25019482624.0,2.35,0.72
2021-01-29,137787.23,136210.48,138137.19,134651.42,-0.75,-1034.47,19561174,25017242368.0,2.54,0.73
2021-02-01,136503.28,133914.69,136916.98,133688.45,-1.69,-2295.79,21437620,23181608192.0,2.37,0.8
2021-02-02,133557.45,133751.72,134196.27,132159.5,-0.12,-162.97,20867326,24989709056.0,1.52,0.78
2021-02-03,133171.97,132189.45,134625.33,132189.45,-1.17,-1562.27,17693032,19960523520.0,1.82,0.66
2021-02-04,131456.28,128697.83,132129.63,127649.3,-2.64,-3491.62,21237113,26224912640.0,3.39,0.8
2021-02-05,129203.88,127129.34,130788.61,127107.86,-1.22,-1568.49,16654560,19915755776.0,2.86,0.62
2021-02-08,127536.98,127193.71,128572.7,125983.06,0.05,64.37,16499995,20694986752.0,2.04,0.62
2021-02-09,127109.93,130002.69,130292.79,125810.67,2.21,2808.98,21258392,26130088704.0,3.52,0.8
2021-02-10,129824.58,129840.82,130639.02,129023.19,-0.12,-161.87,16578377,21175275776.0,1.24,0.62
2021-02-18,132164.19,131601.75,133596.25,131176.77,1.36,1760.93,20505875,24467431168.0,1.86,0.77
2021-02-19,131334.95,135591.36,135591.36,130999.47,3.03,3989.61,22317751,26528329984.0,3.49,0.84
2021-02-22,135833.61,133868.91,138364.03,133868.91,-1.27,-1722.45,29858099,34967710208.0,3.32,1.12
2021-02-23,133221.8,133069.23,134953.17,132591.58,-0.6,-799.68,18295385,21646566656.0,1.76,0.68
2021-02-24,133032.41,133248.84,135198.06,132022.11,0.13,179.61,18376125,21595162368.0,2.39,0.69
2021-02-25,133883.8,133371.64,134997.41,132742.77,0.09,122.8,20234980,23777357824.0,1.69,0.76
2021-02-26,131378.31,131635.63,132794.08,131247.94,-1.3,-1736.01,17479687,21214058240.0,1.16,0.65
2021-03-01,131896.88,131627.63,132034.16,130360.63,-0.01,-8.0,19042899,23973388288.0,1.27,0.71
2021-03-02,131676.41,130690.77,132540.36,130349.89,-0.71,-936.86,16136983,19348716800.0,1.66,0.6
2021-03-03,130362.49,132701.45,132723.92,130329.58,1.54,2010.68,15910903,18382825216.0,1.83,0.6
2021-03-04,131781.61,130410.26,132322.86,130135.38,-1.73,-2291.19,15640048,19240329472.0,1.65,0.59
2021-03-05,129799.95,133566.77,134326.23,129799.95,2.42,3156.51,25431839,29418496000.0,3.47,0.95
2021-03-08,134589.95,131433.13,135226.34,131421.25,-1.6,-2133.64,21845579,26287805696.0,2.85,0.82
2021-03-09,131152.52,127780.21,131879.14,126973.04,-2.78,-3652.92,22154740,26487175936.0,3.73,0.83
2021-03-10,128494.09,126818.79,128724.07,126489.38,-0.75,-961.42,16081793,18605452800.0,1.75,0.6
2021-03-11,126953.59,128838.23,128934.14,126875.52,1.59,2019.44,15839935,18064017664.0,1.62,0.59
2021-03-12,128497.09,129550.07,131159.98,126700.44,0.55,711.84,22983756,27030287360.0,3.46,0.86
2021-03-15,127893.38,126734.04,127912.41,126184.91,-2.17,-2816.03,15402704,18210253312.0,1.33,0.58
2021-03-16,126773.27,126973.21,127137.33,125840.77,0.19,239.17,11056904,12569252352.0,1.02,0.41
2021-03-17,126724.09,127482.0,128108.49,126394.28,0.4,508.79,12567706,14339533312.0,1.35,0.47
2021-03-18,127483.88,126913.76,128295.48,126896.54,-0.45,-568.24,12426209,14606540288.0,1.1,0.47
2021-03-19,126057.8,125846.95,126584.12,125432.66,-0.84,-1066.81,13825760,16120963072.0,0.91,0.52
2021-03-22,126421.23,128466.09,129211.22,126164.69,2.08,2619.14,17115569,19972245504.0,2.42,0.64
2021-03-23,128234.32,130273.39,131277.52,127582.69,1.41,1807.3,21162521,24232731392.0,2.88,0.79
2021-03-24,129413.49,131711.98,135170.77,129380.45,1.1,1438.59,30243984,35246956800.0,4.44,1.13
2021-03-25,130335.18,130506.97,132726.55,130335.18,-0.91,-1205.01,19077814,21826464512.0,1.82,0.71
2021-03-26,130445.4,130410.81,130935.48,129462.09,-0.07,-96.16,14527153,16939912448.0,1.13,0.54
2021-03-29,130131.73,129588.08,130935.75,129460.13,-0.63,-822.73,13336349,15808706048.0,1.13,0.5
2021-03-30,129380.88,129108.07,130202.22,128895.48,-0.37,-480.01,12907223,14532703744.0,1.01,0.48
2021-03-31,128630.95,127095.0,128743.12,127084.2,-1.56,-2013.07,13504519,15230960384.0,1.28,0.51
2021-04-01,127345.27,127805.59,127999.56,126918.55,0.56,710.59,10945911,12487762176.0,0.85,0.41
2021-04-02,127982.41,127696.09,128431.23,127165.42,-0.09,-109.5,11164102,13520892160.0,0.99,0.42
2021-04-06,128121.49,127598.92,128547.62,127547.38,-0.08,-97.17,9838906,12158222336.0,0.78,0.37
2021-04-07,127510.02,128203.17,129019.79,127151.77,0.47,604.25,14680544,14114503424.0,1.46,0.55
2021-04-08,127712.24,129052.84,130811.88,127623.84,0.66,849.67,25520285,22147787776.0,2.49,0.96
2021-04-09,128322.96,127614.06,128638.66,127437.57,-1.11,-1438.78,16594161,14942125824.0,0.93,0.62
2021-04-12,127101.29,124777.66,127448.23,124751.03,-2.22,-2836.4,18303524,17091656192.0,2.11,0.69
2021-04-13,124619.45,124099.97,124952.03,123233.97,-0.54,-677.69,14565250,13856440576.0,1.38,0.55
2021-04-14,123746.09,125004.42,125426.66,123746.09,0.73,904.45,11895394,11496489216.0,1.35,0.45
2021-04-15,124335.85,123534.37,124335.85,123098.26,-1.18,-1470.05,13320821,12183396096.0,0.99,0.5
2021-04-16,123495.97,124618.48,124986.45,123482.58,0.88,1084.11,12379980,11492388608.0,1.22,0.46
2021-04-19,124335.07,127449.14,127631.02,124084.95,2.27,2830.66,21498360,21773918976.0,2.85,0.8
2021-04-20,127074.41,126108.36,128648.29,126029.88,-1.05,-1340.78,16316770,17110986240.0,2.05,0.61
2021-04-21,125490.66,125746.84,126673.75,125490.66,-0.29,-361.52,11783322,11534115584.0,0.94,0.44
2021-04-22,126280.44,125813.79,127330.38,125630.23,0.05,66.95,14027537,14292542208.0,1.35,0.53
2021-04-23,125327.56,124872.87,125639.44,124383.73,-0.75,-940.92,11665476,12504746496.0,1.0,0.44
2021-04-26,124516.52,121795.83,125448.33,121719.53,-2.46,-3077.04,17707760,18661233920.0,2.99,0.66
2021-04-27,121803.57,121462.01,122274.82,120419.17,-0.27,-333.82,17927603,16244432640.0,1.52,0.67
2021-04-28,121090.24,120735.83,121434.07,120258.88,-0.6,-726.18,13124446,12683131392.0,0.97,0.49
2021-04-29,120104.34,123043.27,124010.09,120046.09,1.91,2307.44,23985697,26793343488.0,3.28,0.9
2021-04-30,122625.01,120993.39,123093.03,120835.14,-1.67,-2049.88,20609887,21412407808.0,1.84,0.77
2021-05-06,122259.01,119630.7,122889.38,119603.58,-1.13,-1362.69,20882554,21725361408.0,2.72,0.78
2021-05-07,119245.38,117858.33,119480.84,117836.73,-1.48,-1772.37,18006154,17838680832.0,1.37,0.67
2021-05-10,117836.53,117248.56,117848.81,116513.37,-0.52,-609.77,17136941,16279587584.0,1.13,0.64
2021-05-11,116762.52,119429.23,120173.55,116723.77,1.86,2180.67,16872105,16671108864.0,2.94,0.63
2021-05-12,119002.81,119644.38,119816.42,118730.35,0.18,215.15,11746364,11714732032.0,0.91,0.44
2021-05-13,119112.79,119333.24,120704.27,119072.45,-0.26,-311.14,10924018,10964476160.0,1.36,0.41
2021-05-14,119933.56,127336.14,127650.26,119933.56,6.71,8002.9,44651185,49251853824.0,6.47,1.67
2021-05-17,126219.52,126034.37,127527.93,124945.49,-1.02,-1301.77,31034391,36844690688.0,2.03,1.16
2021-05-18,126277.81,127107.09,129023.74,126018.55,0.85,1072.72,23035622,23654577408.0,2.38,0.86
2021-05-19,126812.87,127069.82,128945.02,126812.87,-0.03,-37.27,19627922,21137226496.0,1.68,0.73
2021-05-20,127143.55,130289.98,131831.42,127143.55,2.53,3220.16,30878036,32816035328.0,3.69,1.16
2021-05-21,130211.83,128233.25,130306.97,128055.96,-1.58,-2056.73,21041262,22647461120.0,1.73,0.79
2021-05-24,128828.31,130440.7,132106.83,128819.68,1.72,2207.45,30172866,36245118464.0,2.56,1.13
2021-05-25,130040.77,135677.84,136698.98,129981.17,4.01,5237.14,51404403,62240008960.0,5.15,1.92
2021-05-26,137285.7,135642.3,139476.86,135463.61,-0.03,-35.54,52683866,61545973504.0,2.96,1.97
2021-05-27,135056.48,136612.47,137457.25,135011.06,0.72,970.17,36810847,43017624832.0,1.8,1.38
2021-05-28,136252.98,138279.11,140386.52,135358.78,1.22,1666.64,47929874,55323405568.0,3.68,1.79
2021-05-31,137852.34,137718.27,138351.17,136445.55,-0.41,-560.84,36157348,40881259264.0,1.38,1.35
2021-06-01,136703.3,136125.86,136703.3,134637.7,-1.16,-1592.41,32577106,36702609664.0,1.5,1.22
2021-06-02,136042.34,133501.06,137150.2,133208.86,-1.93,-2624.8,27974537,31723169280.0,2.9,1.05
2021-06-03,133346.48,132800.16,135302.97,132763.16,-0.53,-700.9,26185206,30804991232.0,1.9,0.98
2021-06-04,132057.13,134026.86,137084.86,132006.47,0.92,1226.7,36844090,41305357312.0,3.82,1.38
2021-06-07,133544.27,134407.77,135901.45,132948.56,0.28,380.91,25418166,30395941120.0,2.2,0.95
2021-06-08,134091.77,135164.72,136671.86,134047.56,0.56,756.95,27132503,32282142720.0,1.95,1.02
2021-06-09,135385.64,133905.97,135543.3,133502.14,-0.93,-1258.75,21372321,25668096256.0,1.51,0.8
2021-06-10,133619.64,134073.44,135630.36,133619.64,0.13,167.47,22451896,25719222528.0,1.5,0.84
2021-06-11,134022.48,131842.44,135194.06,131726.86,-1.66,-2231.0,28898906,34610040576.0,2.59,1.08
2021-06-15,131402.5,129483.13,131402.5,129426.77,-1.79,-2359.31,20192673,23362120960.0,1.5,0.76
2021-06-16,129086.79,130174.4,131329.59,128758.7,0.53,691.27,20516515,23457991680.0,1.99,0.77
2021-06-17,129892.11,130288.57,131322.52,129479.06,0.09,114.17,18663143,21861742848.0,1.42,0.7
2021-06-18,129958.43,131919.88,132598.89,129625.05,1.25,1631.31,21107290,26143866368.0,2.28,0.79
2021-06-21,131930.63,131452.2,133478.72,131211.05,-0.35,-467.68,18927747,23462681600.0,1.72,0.71
2021-06-22,131894.7,131111.59,132578.0,130633.71,-0.26,-340.61,16843414,20121720832.0,1.48,0.63
2021-06-23,130956.92,131262.23,132509.02,130045.59,0.11,150.64,19410493,23651596288.0,1.88,0.73
2021-06-24,131037.2,132529.61,133733.67,131034.2,0.97,1267.38,21114339,25642207744.0,2.06,0.79
2021-06-25,132654.97,136622.94,137782.14,132165.91,3.09,4093.33,39472421,48084740864.0,4.24,1.48
2021-06-28,136376.34,134657.44,136376.34,134045.98,-1.44,-1965.5,25778009,32751571968.0,1.71,0.97
2021-06-29,134105.11,133365.31,135146.5,133219.38,-0.96,-1292.13,18364645,22836180480.0,1.43,0.69
2021-06-30,133521.08,134712.86,135168.19,132520.08,1.01,1347.55,19359760,24096889856.0,1.99,0.72
2021-07-01,136463.56,129977.73,137127.83,129852.25,-3.51,-4735.13,27345435,32532769024.0,5.4,1.02
2021-07-02,129267.54,127121.09,129703.07,127108.13,-2.2,-2856.64,20688072,23753777152.0,2.0,0.77
2021-07-05,126881.98,127112.42,127675.17,126283.47,-0.01,-8.67,13781719,15413485824.0,1.09,0.52
2021-07-06,127289.45,127916.1,128296.29,126514.37,0.63,803.68,13812573,15622590208.0,1.4,0.52
2021-07-07,127294.35,128051.42,128899.95,127282.71,0.11,135.32,13143903,15601626624.0,1.26,0.49
2021-07-08,128744.3,127443.81,129179.17,127322.27,-0.47,-607.61,15065867,16823844096.0,1.45,0.56
2021-07-09,126831.7,128058.81,128497.66,126800.88,0.48,615.0,14088927,16409996032.0,1.33,0.53
2021-07-12,129568.65,129709.95,130802.27,128535.59,1.29,1651.14,24006377,27340813056.0,1.77,0.9
2021-07-13,129387.45,129027.36,129708.62,128347.02,-0.53,-682.59,16796631,18403485440.0,1.05,0.63
2021-07-14,129045.74,128292.6,129622.83,127742.4,-0.57,-734.76,18270047,21292631040.0,1.46,0.68
2021-07-15,128026.29,129340.61,129793.37,127440.99,0.82,1048.01,18899860,21107947776.0,1.83,0.71
2021-07-16,130043.52,129554.7,131150.16,128772.67,0.17,214.09,20737565,24739545600.0,1.84,0.78
2021-07-19,128721.18,127864.79,128843.21,127047.24,-1.3,-1689.91,17751778,19376623360.0,1.39,0.66
2021-07-20,127151.25,127980.55,128747.31,127124.13,0.09,115.76,13066469,14396593920.0,1.27,0.49
2021-07-21,128056.04,129045.44,130311.41,128056.04,0.83,1064.89,18564294,21595149056.0,1.76,0.7
2021-07-22,128710.28,131212.16,131946.84,128527.45,1.68,2166.72,25869204,30548230656.0,2.65,0.97
2021-07-23,131163.08,133214.8,136151.38,130364.42,1.53,2002.64,41298021,48906582784.0,4.41,1.55
2021-07-26,132956.42,129826.66,134624.56,129746.62,-2.54,-3388.14,37028655,44725189888.0,3.66,1.39
2021-07-27,130008.22,126667.27,130563.17,126525.0,-2.43,-3159.39,28526372,33301060608.0,3.11,1.07
2021-07-28,126532.81,125338.45,127742.23,124971.21,-1.05,-1328.82,22557985,24698110464.0,2.19,0.84
2021-07-29,126655.77,126339.14,127561.6,125312.92,0.8,1000.69,21724562,23998093312.0,1.79,0.81
2021-07-30,125681.72,123420.34,125681.72,123328.2,-2.31,-2918.8,20284255,20856231680.0,1.86,0.76
2021-08-02,122783.27,127130.26,128871.35,121259.73,3.01,3709.92,31132351,34525566720.0,6.17,1.17
2021-08-03,126238.29,127696.59,130455.93,126051.96,0.45,566.33,30721422,35046013440.0,3.46,1.15
2021-08-04,127446.24,127574.33,128317.56,126897.58,-0.1,-122.26,19317279,22298357760.0,1.11,0.72
2021-08-05,127239.38,125624.09,128450.71,125439.45,-1.53,-1950.24,17778350,19956734976.0,2.36,0.67
2021-08-06,125856.74,125821.25,126761.88,125143.21,0.16,197.16,16106288,17098547200.0,1.29,0.6
2021-08-09,125461.9,128211.98,129346.86,125461.9,1.9,2390.73,26237151,30913788928.0,3.09,0.98
2021-08-10,127716.51,130424.09,130424.09,127421.29,1.73,2212.11,26530747,31630027264.0,2.34,0.99
2021-08-11,130330.77,129510.47,131384.59,129332.66,-0.7,-913.62,23608870,28318331648.0,1.57,0.88
2021-08-12,129304.43,129181.78,130233.19,128852.77,-0.25,-328.69,16796441,19435237632.0,1.07,0.63
2021-08-13,129213.27,129013.49,130231.6,128317.64,-0.13,-168.29,17257811,19715278592.0,1.48,0.65
2021-08-16,129340.73,130348.7,131901.22,129278.84,1.03,1335.21,26337170,30129042176.0,2.03,0.99
2021-08-17,129899.03,130269.95,135006.77,129794.47,-0.06,-78.75,41337736,46397912064.0,4.0,1.55
2021-08-18,129933.9,138812.86,138902.73,129933.9,6.56,8542.91,68264241,77712969728.0,6.88,2.56
2021-08-19,138737.63,136604.23,141192.42,136525.3,-1.59,-2208.63,66419123,81980362752.0,3.36,2.49
2021-08-20,136113.38,137874.08,138993.33,135797.31,0.93,1269.85,46912264,53227795456.0,2.34,1.76
2021-08-23,139096.34,137412.08,139815.63,136764.44,-0.34,-462.0,43424161,48754556416.0,2.21,1.63
2021-08-24,137262.34,139044.14,140153.03,136096.25,1.19,1632.06,49138227,60270521856.0,2.95,1.84
2021-08-25,137800.17,137440.44,138824.88,136808.98,-1.15,-1603.7,35238318,42458166016.0,1.45,1.32
2021-08-26,137189.86,136623.45,139044.91,136454.86,-0.59,-816.99,33657199,38873113088.0,1.88,1.26
2021-08-27,136486.27,135274.08,137358.13,135111.34,-0.99,-1349.37,28340340,32699462400.0,1.64,1.06
2021-08-30,135606.95,133321.86,135931.95,132704.72,-1.44,-1952.22,31722710,36486852608.0,2.39,1.19
2021-08-31,132761.64,135710.47,136437.17,132251.48,1.79,2388.61,40581647,49015672320.0,3.14,1.52
2021-09-01,135107.08,140212.88,142994.5,134596.97,3.32,4502.41,67556127,83882856448.0,6.19,2.53
2021-09-02,139629.91,142534.83,143424.97,139420.78,1.66,2321.95,59419822,74630991872.0,2.86,2.22
2021-09-03,148560.27,141662.81,148931.42,141613.48,-0.61,-872.02,72226696,85300719616.0,5.13,2.7
2021-09-06,141367.98,144650.98,146076.69,141367.98,2.11,2988.17,59072412,66301722624.0,3.32,2.21
2021-09-07,143602.02,146789.5,147205.58,142411.78,1.48,2138.52,59334469,69509181440.0,3.31,2.22
2021-09-08,146018.2,147000.95,150073.95,145682.61,0.14,211.45,59408297,65829577216.0,2.99,2.22
2021-09-09,145068.16,146115.27,146792.5,144585.78,-0.6,-885.68,47538419,51784275200.0,1.5,1.78
2021-09-10,146737.41,147094.25,151388.16,146156.41,0.67,978.98,63702771,75041681408.0,3.58,2.39
2021-09-13,146635.09,146690.61,149007.61,146140.75,-0.27,-403.64,40800508,48260973568.0,1.95,1.53
2021-09-14,146711.31,142303.02,146906.44,142105.61,-2.99,-4387.59,42609323,49050759936.0,3.27,1.6
2021-09-15,142181.73,143160.7,144569.83,142165.33,0.6,857.68,38014341,38840970240.0,1.69,1.42
2021-09-16,143247.77,140451.09,144046.64,140350.86,-1.89,-2709.61,36349116,39769974272.0,2.58,1.36
2021-09-17,140820.56,141678.52,142147.19,140061.38,0.87,1227.43,27986538,31634781184.0,1.49,1.05
2021-09-22,139691.31,140868.5,141538.25,139592.84,-0.57,-810.02,22915992,27134305536.0,1.37,0.86
2021-09-23,141419.33,142523.19,143639.88,141179.11,1.17,1654.69,29101568,32879910400.0,1.75,1.09
2021-09-24,142635.78,140117.05,143156.05,139958.23,-1.69,-2406.14,24932076,27837998080.0,2.24,0.93
2021-09-27,139896.44,136889.3,140646.17,136379.03,-2.3,-3227.75,29070143,33290820096.0,3.05,1.09
2021-09-28,137433.73,138536.58,139415.55,137433.73,1.2,1647.28,21632213,25482101760.0,1.45,0.81
2021-09-29,137302.63,136528.19,137642.17,135008.69,-1.45,-2008.39,24554091,28338218496.0,1.9,0.92
2021-09-30,136786.59,136237.17,137086.11,135371.48,-0.21,-291.02,17928580,20390267136.0,1.26,0.67
2021-10-08,137350.53,137426.53,138187.77,136719.86,0.87,1189.36,18571552,21086443776.0,1.08,0.7
2021-10-11,137467.64,136448.0,138286.81,136125.66,-0.71,-978.53,16117547,18115374336.0,1.57,0.6
2021-10-12,135864.09,133408.84,135864.09,132100.23,-2.23,-3039.16,22019744,25884524544.0,2.76,0.82
2021-10-13,133302.95,134365.95,135252.66,132662.95,0.72,957.11,14207479,16105853696.0,1.94,0.53
2021-10-14,134259.27,134261.14,134745.16,133252.23,-0.08,-104.81,12140978,13600332800.0,1.11,0.45
2021-10-15,133631.83,133049.45,134399.81,132722.42,-0.9,-1211.69,14336960,15735062528.0,1.25,0.54
2021-10-18,133071.7,133321.95,133593.36,132372.03,0.2,272.5,12211163,13512197120.0,0.92,0.46
2021-10-19,133135.14,134283.66,135092.55,133094.97,0.72,961.71,16393726,18541962240.0,1.5,0.61
2021-10-20,134228.41,133617.38,134565.36,133520.09,-0.5,-666.28,13223573,15206529280.0,0.78,0.5
2021-10-21,133714.52,133681.48,135088.0,132836.52,0.05,64.1,17136728,18993028864.0,1.69,0.64
2021-10-22,133531.36,133305.98,134467.63,132952.63,-0.28,-375.5,14296971,16208707328.0,1.13,0.54
2021-10-25,133220.36,134119.19,134326.19,131080.28,0.61,813.21,22954179,26231830272.0,2.43,0.86
2021-10-26,133296.31,132446.34,134299.08,132429.42,-1.25,-1672.85,15574778,18525934080.0,1.39,0.58
2021-10-27,132064.97,129110.74,132064.97,129103.62,-2.52,-3335.6,18483676,21031638272.0,2.24,0.69
2021-10-28,128611.57,128261.48,129706.18,128106.97,-0.66,-849.26,15485257,17743513856.0,1.24,0.58
2021-10-29,127982.1,128828.42,129883.3,126669.52,0.44,566.94,22205439,27174590464.0,2.51,0.83
2021-11-01,128692.73,129998.95,131038.59,128571.38,0.91,1170.53,20350335,21983187200.0,1.92,0.76
2021-11-02,129463.74,127560.55,130425.09,126857.33,-1.88,-2438.4,20395267,22187791872.0,2.74,0.76
2021-11-03,127499.62,127921.17,128306.21,127108.06,0.28,360.62,12633437,13531737856.0,0.94,0.47
2021-11-04,128427.73,127985.98,128984.77,127656.57,0.05,64.81,12847590,14232593408.0,1.04,0.48
2021-11-05,127590.76,127331.83,128483.73,127309.3,-0.51,-654.15,13758364,14672053248.0,0.92,0.52
2021-11-08,127036.59,128640.65,129487.6,126920.32,1.03,1308.82,13849910,15007302656.0,2.02,0.52
2021-11-09,128661.55,129449.27,129788.56,128385.59,0.63,808.62,15286716,15716566016.0,1.09,0.57
2021-11-10,129049.95,129709.66,130202.07,128680.52,0.2,260.39,14619389,16352315392.0,1.18,0.55
2021-11-11,129643.73,132529.33,133029.27,129616.94,2.17,2819.67,27577783,32251412224.0,2.63,1.03
2021-11-12,132334.78,131977.95,132385.78,131242.0,-0.42,-551.38,17533100,20388851456.0,0.86,0.66
2021-11-15,132312.52,131124.2,132643.56,130875.19,-0.65,-853.75,15517913,17108866816.0,1.34,0.58
2021-11-16,130896.86,129803.7,131741.45,129596.31,-1.01,-1320.5,16574165,20824718336.0,1.64,0.62
2021-11-17,129719.73,129833.83,130438.31,129599.94,0.02,30.13,11592842,13160430080.0,0.65,0.43
2021-11-18,129839.83,128477.12,129845.02,128477.12,-1.04,-1356.71,13605712,14328206080.0,1.05,0.51
2021-11-19,128446.34,131557.86,132040.55,128253.38,2.4,3080.74,22372136,24632910080.0,2.95,0.84
2021-11-22,131033.99,132163.27,133114.48,130809.4,0.46,605.41,21773149,25060654336.0,1.75,0.82
2021-11-23,131904.25,132807.92,134508.38,131767.58,0.49,644.65,25207654,29607266560.0,2.07,0.94
2021-11-24,132615.0,132595.95,133254.22,132052.3,-0.16,-211.97,17077932,20617504512.0,0.91,0.64
2021-11-25,132586.34,132165.14,133446.95,132064.56,-0.32,-430.81,14776720,17110170368.0,1.04,0.55
2021-11-26,132033.17,131371.48,132632.83,131371.48,-0.6,-793.66,13586996,15822503424.0,0.95,0.51
2021-11-29,129833.88,130017.03,130631.54,129638.87,-1.03,-1354.45,14685098,16699440896.0,0.76,0.55
2021-11-30,130555.12,130258.46,131536.8,129703.7,0.19,241.43,13966375,15882292480.0,1.41,0.52
2021-12-01,130008.78,132266.23,132762.44,130008.78,1.54,2007.77,17690375,21191987712.0,2.11,0.66
2021-12-02,131941.36,132943.88,133918.81,131743.53,0.51,677.65,21643058,25533346560.0,1.64,0.81
2021-12-03,133114.61,133736.73,134274.34,132456.77,0.6,792.85,18479509,22448515328.0,1.37,0.69
2021-12-06,134793.97,134063.97,138144.44,133953.67,0.24,327.24,41038553,52113661440.0,3.13,1.54
2021-12-07,135506.67,134115.52,135705.36,133355.03,0.04,51.55,26589312,32500816640.0,1.75,1.0
2021-12-08,134355.02,136356.61,136356.61,132922.08,1.67,2241.09,26911613,32554956288.0,2.56,1.01
2021-12-09,136096.61,139271.8,141729.25,135901.69,2.14,2915.19,49575852,57470226944.0,4.27,1.86
2021-12-10,137685.23,137893.58,138847.64,137235.41,-0.99,-1378.22,35455431,40319115520.0,1.16,1.33
2021-12-13,140361.09,137975.02,141898.92,137697.66,0.06,81.44,39074394,47857788160.0,3.05,1.46
2021-12-14,136719.64,136616.64,138015.72,136365.83,-0.98,-1358.38,22412106,26716517632.0,1.2,0.84
2021-12-15,136400.23,137476.95,138810.16,136400.23,0.63,860.31,21237919,25712460288.0,1.76,0.8
2021-12-16,137540.42,138913.69,138915.36,137085.61,1.05,1436.74,19734063,23039046912.0,1.33,0.74
2021-12-17,138893.09,138387.16,140500.14,138098.03,-0.38,-526.53,24832964,28334233856.0,1.73,0.93
2021-12-20,137481.73,135872.05,138562.13,135872.05,-1.82,-2515.11,21651824,25073599232.0,1.94,0.81
2021-12-21,135845.41,137926.61,138429.09,135425.16,1.51,2054.56,28428241,26631445504.0,2.21,1.06
2021-12-22,137785.53,136668.56,137960.95,136522.28,-0.91,-1258.05,23230555,20491704832.0,1.04,0.87
2021-12-23,136740.45,136119.5,137333.92,135403.91,-0.4,-549.06,19302641,19311343360.0,1.41,0.72
2021-12-24,136130.05,135010.69,136900.39,135003.77,-0.81,-1108.81,17035293,18137204480.0,1.39,0.64
2021-12-27,135151.36,135414.95,136178.17,134763.98,0.3,404.26,13325796,14270487552.0,1.05,0.5
2021-12-28,135634.52,136835.11,136835.11,135200.89,1.05,1420.16,16255547,17961609728.0,1.21,0.61
2021-12-29,136743.53,135708.34,136967.89,135691.72,-0.82,-1126.77,14720508,16546840576.0,0.93,0.55
2021-12-30,135388.19,137249.59,138032.95,135231.34,1.14,1541.25,23756816,27175594240.0,2.06,0.89
2021-12-31,137221.5,137396.88,138215.59,136844.89,0.11,147.29,20869003,22607097344.0,1.0,0.78
2022-01-04,137454.36,137547.73,137830.58,136421.31,0.11,150.85,19738160,20307735296.0,1.03,0.74
2022-01-05,137385.63,137065.33,138908.75,136910.83,-0.35,-482.4,21216767,23847462400.0,1.45,0.79
2022-01-06,136361.05,135247.89,137006.83,135113.39,-1.33,-1817.44,23166532,27309388800.0,1.38,0.87
2022-01-07,135639.89,135123.52,136844.38,135064.39,-0.09,-124.37,18674077,20525362176.0,1.32,0.7
2022-01-10,135129.47,135263.61,135855.52,134903.75,0.1,140.09,15102825,16305557248.0,0.7,0.57
2022-01-11,135142.98,135589.8,136794.16,134956.72,0.24,326.19,18704626,19228151296.0,1.36,0.7
2022-01-12,135640.25,135839.63,136124.08,134917.86,0.18,249.83,14587894,15282704384.0,0.89,0.55
2022-01-13,136139.7,135035.36,136829.23,135035.36,-0.59,-804.27,17130574,19053409280.0,1.32,0.64
2022-01-14,134164.84,131754.55,134165.08,131699.39,-2.43,-3280.81,22720514,25057414400.0,1.83,0.85
2022-01-17,131291.22,132006.58,132756.09,131199.86,0.19,252.03,14688657,17516701440.0,1.18,0.55
2022-01-18,131919.53,132682.3,133733.0,131307.95,0.51,675.72,19528944,21426662400.0,1.84,0.73
2022-01-19,132303.98,133025.02,134079.94,132300.52,0.26,342.72,18084271,19344556032.0,1.34,0.68
2022-01-20,132945.31,135080.77,136152.98,132785.86,1.55,2055.75,29137662,31731042816.0,2.53,1.09
2022-01-21,134676.5,133835.77,135431.58,133641.89,-0.92,-1245.0,18492128,19451965184.0,1.32,0.69
2022-01-24,133099.25,132889.16,134401.41,132825.13,-0.71,-946.61,15171153,15811806976.0,1.18,0.57
2022-01-25,132461.89,128469.85,132838.53,128442.83,-3.33,-4419.31,18872906,18925359360.0,3.31,0.71
2022-01-26,128745.73,130942.48,131418.7,128513.32,1.92,2472.63,18825781,19888310272.0,2.26,0.7
2022-01-27,130299.79,127599.27,130700.67,127599.27,-2.55,-3343.21,20679695,25108336896.0,2.37,0.77
2022-01-28,128702.15,126707.56,129915.93,126695.81,-0.7,-891.71,18941225,22563438592.0,2.52,0.71
2022-02-07,128311.35,127789.67,128547.94,127110.58,0.85,1082.11,15458863,17903583488.0,1.13,0.58
2022-02-08,127647.41,130759.14,130759.14,127502.27,2.32,2969.47,19339634,20553860096.0,2.55,0.72
2022-02-09,130262.81,130959.45,131365.83,130074.46,0.15,200.31,15183363,16527489280.0,0.99,0.57
2022-02-10,130866.02,131248.45,131423.72,130363.66,0.22,289.0,13904919,15083439104.0,0.81,0.52
2022-02-11,130772.05,131187.88,133211.36,130664.57,-0.05,-60.57,19677093,22767843584.0,1.94,0.74
2022-02-14,130053.27,127793.14,130053.27,127361.6,-2.59,-3394.74,21403973,24757554944.0,2.05,0.8
2022-02-15,127663.38,128153.13,128427.37,127442.76,0.28,359.99,11051082,12907948800.0,0.77,0.41
2022-02-16,128697.04,128553.8,129280.13,128161.72,0.31,400.67,10178479,11611921152.0,0.87,0.38
2022-02-17,128328.09,127319.0,128823.4,127223.32,-0.96,-1234.8,11775906,12536465920.0,1.24,0.44
2022-02-18,126581.95,128205.78,128585.8,126537.29,0.7,886.78,10530060,11339251200.0,1.61,0.39
2022-02-21,128464.02,129099.09,129238.76,128167.59,0.7,893.31,12054169,13523313664.0,0.84,0.45
2022-02-22,128188.3,127456.91,129072.66,127055.38,-1.27,-1642.18,14818499,17202738176.0,1.56,0.55
2022-02-23,127475.56,128522.0,128964.84,127433.52,0.84,1065.09,13022080,14812693504.0,1.2,0.49
2022-02-24,127892.0,124395.33,128238.83,123215.87,-3.21,-4126.67,22298707,23304591872.0,3.91,0.83
2022-02-25,125305.33,124351.58,125873.2,124167.86,-0.04,-43.75,13136099,13677745920.0,1.37,0.49
2022-02-28,124226.73,123784.34,124540.2,122797.38,-0.46,-567.24,12121615,12092153600.0,1.4,0.45
2022-03-01,123969.29,124690.56,124787.64,123556.09,0.73,906.22,11811489,12523412224.0,0.99,0.44
2022-03-02,123871.86,124590.64,124666.3,123790.01,-0.08,-99.92,9332686,10015112704.0,0.7,0.35
2022-03-03,124888.98,124772.95,125421.79,124470.04,0.15,182.31,11103612,11105197824.0,0.76,0.42
2022-03-04,124155.09,123378.39,124155.09,123021.48,-1.12,-1394.56,11809029,12729408512.0,0.91,0.44
2022-03-07,123056.79,121491.12,123186.58,121176.95,-1.53,-1887.27,13977749,15760898304.0,1.63,0.52
2022-03-08,121336.49,118910.7,122551.88,118910.7,-2.12,-2580.42,17199349,17666613504.0,3.0,0.64
2022-03-09,119303.52,115232.09,119588.08,111587.8,-3.09,-3678.61,22887388,21960219136.0,6.73,0.86
2022-03-10,117278.93,114913.65,117411.02,114898.66,-0.28,-318.44,15771094,16358842368.0,2.18,0.59
2022-03-11,113524.43,118413.7,119105.14,112220.34,3.05,3500.05,23145708,23004770304.0,5.99,0.87
2022-03-14,116573.8,117218.39,119523.09,116476.46,-1.01,-1195.31,17927024,18560269824.0,2.57,0.67
2022-03-15,116464.28,113944.43,119468.45,113944.43,-2.79,-3273.96,25822729,26634292480.0,4.71,0.97
2022-03-16,115155.44,120549.27,121217.33,113952.31,5.8,6604.84,34375880,35311201536.0,6.38,1.29
2022-03-17,121887.01,119963.98,122728.2,119627.58,-0.49,-585.29,31446009,34006300928.0,2.57,1.18
2022-03-18,119630.14,120812.52,121628.59,119196.51,0.71,848.54,22341441,23660497664.0,2.03,0.84
2022-03-21,120026.56,119122.23,120149.29,118449.64,-1.4,-1690.29,18698069,19423003904.0,1.41,0.7
2022-03-22,118573.18,119217.41,120492.53,118410.95,0.08,95.18,14906007,15376350720.0,1.75,0.56
2022-03-23,119099.96,118742.87,119750.21,118572.59,-0.4,-474.54,12136163,12524733440.0,0.99,0.45
2022-03-24,117950.42,117175.29,118340.56,117105.59,-1.32,-1567.58,12677297,12760997632.0,1.04,0.47
2022-03-25,117205.36,116123.2,118703.11,116115.81,-0.9,-1052.09,12593936,12673023232.0,2.21,0.47
2022-03-28,114864.63,116463.7,117398.06,114745.81,0.29,340.5,12686479,12700512000.0,2.28,0.47
2022-03-29,116527.33,115153.8,116900.01,114883.18,-1.12,-1309.9,11086406,10675186432.0,1.73,0.42
2022-03-30,116007.21,119113.56,119515.23,116007.21,3.44,3959.76,23274622,23890823424.0,3.05,0.87
2022-03-31,118188.07,118387.09,119725.26,118114.37,-0.61,-726.47,17018800,16739866368.0,1.35,0.64
2022-04-01,117812.03,120157.26,120315.95,117812.03,1.5,1770.17,20339723,20833336064.0,2.12,0.76
2022-04-06,119353.7,120321.23,120655.27,119230.14,0.14,163.97,17396215,16682188288.0,1.19,0.65
2022-04-07,120044.25,118132.01,121164.78,118132.01,-1.82,-2189.22,17367743,17301015552.0,2.52,0.65
2022-04-08,118385.17,119844.85,120549.0,117060.64,1.45,1712.84,18006242,18317551104.0,2.95,0.67
2022-04-11,119103.34,116403.59,119103.34,115856.38,-2.87,-3441.26,17998062,18215663104.0,2.71,0.67
2022-04-12,116081.13,120265.95,121405.2,115711.65,3.32,3862.36,24969958,25262469888.0,4.89,0.93
2022-04-13,119185.31,118847.85,121248.84,118796.48,-1.18,-1418.1,21295355,22810573568.0,2.04,0.8
2022-04-14,119852.46,120569.89,121585.42,119266.62,1.45,1722.04,22412979,24326361856.0,1.95,0.84
2022-04-15,119666.65,118998.85,121329.75,118427.0,-1.3,-1571.04,20890962,21572551936.0,2.41,0.78
2022-04-18,116772.87,115658.72,116772.87,114829.13,-2.81,-3340.13,20768169,20641206528.0,1.63,0.78
2022-04-19,115335.51,115131.44,116011.06,114586.57,-0.46,-527.28,15538509,14935975936.0,1.23,0.58
2022-04-20,114971.35,113675.77,115802.12,113395.71,-1.26,-1455.67,15492772,14925796864.0,2.09,0.58
2022-04-21,113096.07,113224.16,115716.9,112840.49,-0.4,-451.61,19582065,18812482304.0,2.53,0.73
2022-04-22,112387.29,112977.27,114152.09,112372.38,-0.22,-246.89,17107695,16795035136.0,1.57,0.64
2022-04-25,110898.67,108722.31,113444.41,108722.31,-3.77,-4254.96,27060346,24344787200.0,4.18,1.01
2022-04-26,108575.2,102072.29,108881.91,101797.33,-6.12,-6650.02,29899920,25709063424.0,6.52,1.12
2022-04-27,99788.94,102757.34,103223.67,98868.06,0.67,685.05,26265050,20729394432.0,4.27,0.98
2022-04-28,101225.09,99337.02,101871.6,98650.13,-3.33,-3420.32,20925846,16722765568.0,3.14,0.78
2022-04-29,102354.23,103660.34,104715.7,100877.78,4.35,4323.32,30424029,25422069248.0,3.86,1.14
2022-05-05,101615.92,102389.89,102926.73,101286.22,-1.23,-1270.45,20318544,16293664000.0,1.58,0.76
2022-05-06,100658.72,99790.4,101384.09,99633.14,-2.54,-2599.49,15612094,12640168704.0,1.71,0.58
2022-05-09,99451.06,100336.05,100798.23,99368.93,0.55,545.65,10360734,8337533696.0,1.43,0.39
2022-05-10,99292.25,101721.22,102271.97,99205.13,1.38,1385.17,16228250,13487488768.0,3.06,0.61
2022-05-11,101894.66,102107.45,104492.4,101675.4,0.38,386.23,22558775,19484845824.0,2.77,0.84
2022-05-12,101588.15,102217.24,103352.33,101320.62,0.11,109.79,13967769,11853732096.0,1.99,0.52
2022-05-13,102586.2,102975.9,103723.91,102135.2,0.74,758.66,13702822,11515221248.0,1.55,0.51
2022-05-16,103776.12,102266.58,103782.0,101840.82,-0.69,-709.32,12685411,10875299328.0,1.89,0.47
2022-05-17,102114.2,102529.0,102852.83,101253.34,0.26,262.42,11161671,9820969216.0,1.56,0.42
2022-05-18,102722.11,102954.94,103843.09,102470.49,0.42,425.94,15093248,13861798912.0,1.34,0.57
2022-05-19,101761.31,102861.01,102861.01,101612.35,-0.09,-93.93,12699589,10863112192.0,1.21,0.48
2022-05-20,103158.53,104491.21,104857.61,103158.53,1.58,1630.2,19735854,17788539904.0,1.65,0.74
2022-05-23,104311.48,105205.66,105557.73,103909.12,0.68,714.45,16888560,13894724096.0,1.58,0.63
2022-05-24,105109.77,101950.71,106025.69,101923.65,-3.09,-3254.95,19063506,14897941504.0,3.9,0.71
2022-05-25,101943.56,102595.48,102629.88,101943.56,0.63,644.77,11313919,8932286976.0,0.67,0.42
2022-05-26,102701.18,104738.27,105706.91,101849.27,2.09,2142.79,19897660,16212816640.0,3.76,0.74
2022-05-27,105060.77,104467.52,105801.17,103811.09,-0.26,-270.75,17216082,13593336576.0,1.9,0.64
2022-05-30,104512.45,104082.03,104644.17,103468.05,-0.37,-385.49,12341617,9891289856.0,1.13,0.46
2022-05-31,104112.9,105271.66,105361.02,103668.23,1.14,1189.63,16921140,14766173440.0,1.63,0.63
2022-06-01,105033.6,104829.2,105654.88,104222.94,-0.42,-442.46,12774207,11185481472.0,1.36,0.48
2022-06-02,104460.86,105831.59,106305.17,104069.41,0.96,1002.39,15442534,12831464960.0,2.13,0.58
2022-06-06,105375.0,107853.88,108331.58,105207.17,1.91,2022.29,23551992,20602819840.0,2.95,0.88
2022-06-07,107713.98,107804.81,109911.63,107364.8,-0.05,-49.07,24364443,23001929728.0,2.36,0.91
2022-06-08,107847.51,109745.88,110136.64,107598.33,1.8,1941.07,28044122,25600319488.0,2.35,1.05
2022-06-09,110191.83,110324.81,112944.69,109720.91,0.53,578.93,33799282,31063175680.0,2.94,1.27
2022-06-10,109419.89,113641.66,113915.44,108869.02,3.01,3316.85,41910790,38321911040.0,4.57,1.57
2022-06-13,111852.23,112596.2,114192.32,111551.02,-0.92,-1045.46,33273194,32434369280.0,2.32,1.25
2022-06-14,110978.31,118882.0,119526.29,110583.68,5.58,6285.8,48775930,46908380928.0,7.94,1.83
2022-06-15,120639.99,122964.31,127682.96,120639.99,3.43,4082.31,83397271,81998467072.0,5.92,3.12
2022-06-16,122794.81,117946.6,122794.81,117930.34,-4.08,-5017.71,61963015,66161665792.0,3.96,2.32
2022-06-17,116413.8,117692.6,119733.61,114841.82,-0.22,-254.0,42928056,45277557725.0,4.15,1.61
2022-06-20,117008.37,116374.95,118869.59,116344.62,-1.12,-1317.65,27310022,28669350190.0,2.15,1.02
2022-06-21,116341.6,116004.66,117339.73,114858.8,-0.32,-370.29,24139811,25517148794.0,2.13,0.9
2022-06-22,116004.27,113938.27,116859.87,113938.27,-1.78,-2066.39,24894397,26565922810.0,2.52,0.93
2022-06-23,113685.91,117489.32,118331.55,113673.85,3.12,3551.05,34598710,38392729595.0,4.09,1.3
2022-06-24,117782.52,117565.94,118535.6,116579.7,0.07,76.62,27632815,32259777970.0,1.66,1.03
2022-06-27,118448.91,116952.4,118799.14,116765.79,-0.52,-613.54,24036608,27609568100.0,1.73,0.9
2022-06-28,116699.18,118565.12,119289.01,115760.68,1.38,1612.72,25534661,27260456292.0,3.02,0.96
2022-06-29,117832.53,116389.29,119932.21,116315.2,-1.84,-2175.83,29537800,30158977988.0,3.05,1.11
2022-06-30,116333.08,117163.6,118651.79,116333.08,0.67,774.31,23545649,24369390722.0,1.99,0.88
2022-07-01,117151.46,115363.06,117531.64,115205.37,-1.54,-1800.54,18664102,18836730673.0,1.99,0.7
2022-07-04,114991.44,115848.19,116309.39,114044.86,0.42,485.13,16299484,17195375462.0,1.96,0.61
2022-07-05,115927.68,114512.27,116667.23,113611.63,-1.15,-1335.92,17647428,18289259697.0,2.64,0.66
2022-07-06,114235.85,113616.6,114938.71,113175.61,-0.78,-895.67,16806688,17908529116.0,1.54,0.63
2022-07-07,113405.55,113175.87,114492.13,113107.37,-0.39,-440.73,12551957,13196887038.0,1.22,0.47
2022-07-08,113449.92,112873.96,114530.27,112873.96,-0.27,-301.91,12778475,13407872145.0,1.46,0.48
2022-07-11,112606.05,112278.49,113018.21,111881.04,-0.53,-595.47,12241167,12606082399.0,1.01,0.46
2022-07-12,112577.57,112941.04,114657.71,112224.05,0.59,662.55,17684287,17307290150.0,2.17,0.66
2022-07-13,112743.82,112974.47,113941.54,112526.18,0.03,33.43,13017358,12667035512.0,1.25,0.49
2022-07-14,112816.57,112013.75,113337.67,111991.57,-0.85,-960.72,13826575,13309423247.0,1.19,0.52
2022-07-15,111448.49,108453.88,111737.78,108453.88,-3.18,-3559.87,18645538,16720269154.0,2.93,0.7
2022-07-18,108876.89,111300.61,111577.7,108876.89,2.62,2846.73,13510291,12663941647.0,2.49,0.51
2022-07-19,111373.15,112176.03,112688.09,110767.09,0.79,875.42,11928441,11609035220.0,1.73,0.45
2022-07-20,112427.21,112156.47,112956.63,111864.66,-0.02,-19.56,9656473,9293853533.0,0.97,0.36
2022-07-21,111844.48,111299.39,112521.55,111299.27,-0.76,-857.08,10201548,9881206095.0,1.09,0.38
2022-07-22,111511.41,111273.28,112866.9,110336.56,-0.02,-26.11,12097195,11892589408.0,2.27,0.45
2022-07-25,111140.11,110026.81,111276.31,109894.27,-1.12,-1246.47,8984208,8869429288.0,1.24,0.34
2022-07-26,110100.74,110736.67,111327.98,109860.35,0.65,709.86,7938426,7699525908.0,1.33,0.3
2022-07-27,110434.81,110612.84,111099.48,110215.98,-0.11,-123.83,7749279,7388132109.0,0.8,0.29
2022-07-28,111256.09,111530.35,112781.91,111256.09,0.83,917.51,13954855,13817414817.0,1.38,0.52
2022-07-29,111491.76,110564.91,112133.59,110448.77,-0.87,-965.44,10596438,10486012864.0,1.51,0.4
2022-08-01,110378.03,109966.71,110395.81,109391.11,-0.54,-598.2,9701498,9544029013.0,0.91,0.36
2022-08-02,108875.63,106013.07,108875.63,104770.83,-3.6,-3953.64,18180314,15997338471.0,3.73,0.68
2022-08-03,105917.9,105166.81,107463.33,105156.81,-0.8,-846.26,10877422,9901783229.0,2.18,0.41
2022-08-04,105982.91,106467.39,107002.4,105393.78,1.24,1300.58,9246739,8670493434.0,1.53,0.35
2022-08-05,106697.16,109234.52,109341.93,106366.44,2.6,2767.13,14639428,13080048903.0,2.79,0.55
2022-08-08,108725.41,109277.58,109493.42,108595.95,0.04,43.06,9611682,8837821321.0,0.82,0.36
2022-08-09,109112.99,108742.66,109686.68,108566.87,-0.49,-534.92,8350396,7982766308.0,1.02,0.31
2022-08-10,108515.23,108641.79,110010.36,108214.08,-0.09,-100.87,8959822,8295200064.0,1.65,0.34
2022-08-11,109442.95,114507.83,114640.2,109342.25,5.4,5866.04,33555781,31710993034.0,4.88,1.26
2022-08-12,113639.93,114466.51,115450.39,113447.47,-0.04,-41.32,28496754,25962681563.0,1.75,1.07
2022-08-15,113652.87,113340.88,114508.7,113044.38,-0.98,-1125.63,19538065,17522171042.0,1.28,0.73
2022-08-16,113820.58,113356.86,114365.6,112984.15,0.01,15.98,14722619,12976660148.0,1.22,0.55
2022-08-17,113436.02,115770.09,116338.09,112992.41,2.13,2413.23,25792213,24255229710.0,2.95,0.97
2022-08-18,115158.12,114957.8,116024.56,114560.62,-0.7,-812.29,17734185,16127455468.0,1.26,0.66
2022-08-19,114858.64,114396.86,116012.59,114396.2,-0.49,-560.94,15211406,14294667143.0,1.41,0.57
2022-08-22,113775.91,113743.75,114698.65,113454.57,-0.57,-653.11,12382028,11108591055.0,1.09,0.46
2022-08-23,113690.87,114747.12,116361.98,113222.95,0.88,1003.37,19811783,18151644522.0,2.76,0.74
2022-08-24,114513.3,113085.04,117421.27,113085.04,-1.45,-1662.08,26895420,25255639389.0,3.78,1.01
2022-08-25,113599.64,115139.24,115617.32,113158.88,1.82,2054.2,26696856,24222350453.0,2.17,1.0
2022-08-26,115222.88,113933.34,115464.52,113749.72,-1.05,-1205.9,20093458,16827700425.0,1.49,0.75
2022-08-29,112881.99,113534.15,113713.44,112470.38,-0.35,-399.19,16255445,13268709892.0,1.09,0.61
2022-08-30,113447.13,114088.98,115126.18,112874.09,0.49,554.83,18409979,15070908479.0,1.98,0.69
2022-08-31,113607.34,114339.97,115572.81,113268.25,0.22,250.99,23810704,21913395482.0,2.02,0.89
2022-09-01,113893.19,112566.34,114624.9,112520.06,-1.55,-1773.63,15950442,14253982578.0,1.84,0.6
2022-09-02,112625.54,112419.95,113628.59,111811.51,-0.13,-146.39,13495852,12015953753.0,1.61,0.51
2022-09-05,112150.66,113551.41,113579.13,112066.95,1.01,1131.46,12744479,11315135636.0,1.35,0.48
2022-09-06,113798.98,114531.61,114587.48,113569.45,0.86,980.2,16095819,15038876440.0,0.9,0.6
2022-09-07,114052.09,113434.56,114053.57,113157.72,-0.96,-1097.05,10914563,10033310216.0,0.78,0.41
2022-09-08,113675.49,112890.08,114124.55,112834.26,-0.48,-544.48,10696394,10079398545.0,1.14,0.4
2022-09-09,112910.22,114734.04,115327.14,112850.02,1.63,1843.96,20296991,19564077418.0,2.19,0.76
2022-09-13,115034.56,114621.07,116047.24,114488.13,-0.1,-112.97,17141213,15721734978.0,1.36,0.64
2022-09-14,112881.67,112996.41,113535.61,112318.31,-1.42,-1624.66,16114271,14728882408.0,1.06,0.6
2022-09-15,113383.66,112441.56,114231.07,111741.6,-0.49,-554.85,17433438,15821049534.0,2.2,0.65
2022-09-16,112108.48,107031.25,112108.48,106919.87,-4.81,-5410.31,26858301,24588764457.0,4.61,1.01
2022-09-19,106921.7,106310.95,107253.26,105706.02,-0.67,-720.3,12181326,10526814920.0,1.45,0.46
2022-09-20,106834.87,106275.55,107420.74,105921.77,-0.03,-35.4,9039304,7712181044.0,1.41,0.34
2022-09-21,105850.79,106801.39,107361.09,104555.72,0.49,525.84,10877160,9196754647.0,2.64,0.41
2022-09-22,106072.48,106598.96,107443.9,105957.52,-0.19,-202.43,8999840,7525200693.0,1.39,0.34
2022-09-23,106418.88,106550.49,107835.66,105757.2,-0.05,-48.47,11617552,9658481245.0,1.95,0.43
2022-09-26,105740.13,103864.34,106131.1,103796.87,-2.52,-2686.15,11928456,9725159304.0,2.19,0.45
2022-09-27,104312.48,105353.63,105353.63,103823.91,1.43,1489.29,9054065,7676694522.0,1.47,0.34
2022-09-28,104963.73,103253.06,105291.46,103253.06,-1.99,-2100.57,9802859,8217378166.0,1.93,0.37
2022-09-29,103941.65,101689.46,104223.08,101197.74,-1.51,-1563.6,11211859,9227630079.0,2.93,0.42
2022-09-30,101750.51,101557.04,102815.04,101557.04,-0.13,-132.42,8732076,7072409011.0,1.24,0.33
2022-10-10,101530.47,100530.0,102361.6,100380.63,-1.01,-1027.04,8872137,7098010773.0,1.95,0.33
2022-10-11,100823.76,101851.82,102982.15,100428.61,1.31,1321.82,10675756,8094375070.0,2.54,0.4
2022-10-12,101608.55,104288.39,104306.23,101442.56,2.39,2436.57,13308517,10255371036.0,2.81,0.5
2022-10-13,103631.02,104028.54,104661.47,103443.23,-0.25,-259.85,9946780,7929902960.0,1.17,0.37
2022-10-14,104850.31,105361.77,106172.38,104668.78,1.28,1333.23,12754800,10675810923.0,1.45,0.48
2022-10-17,104774.17,105968.86,106315.82,104746.06,0.58,607.09,10376072,8365197526.0,1.49,0.39
2022-10-18,106397.09,105583.49,106850.08,105448.01,-0.36,-385.37,10143432,8182322384.0,1.32,0.38
2022-10-19,105455.7,104644.59,105861.75,104644.59,-0.89,-938.9,8462708,6878583738.0,1.15,0.32
2022-10-20,104314.61,105373.59,106982.54,104314.61,0.7,729.0,12598986,9945486156.0,2.55,0.47
2022-10-21,108302.3,105658.57,108558.43,105640.91,0.27,284.98,18417909,15148851541.0,2.77,0.69
2022-10-24,106100.02,104522.42,108776.67,104104.31,-1.08,-1136.15,21027287,15706309449.0,4.42,0.79
2022-10-25,104200.81,103557.72,105179.72,102221.06,-0.92,-964.7,15915021,11916650624.0,2.83,0.6
2022-10-26,103655.79,104648.18,106043.77,103608.22,1.05,1090.46,15036798,11526014973.0,2.35,0.56
2022-10-27,104640.33,104747.37,106172.03,104452.31,0.09,99.19,13004291,10192426023.0,1.64,0.49
2022-10-28,104174.97,101877.36,104923.09,101639.34,-2.74,-2870.01,15979251,12866449645.0,3.13,0.6
2022-10-31,101231.81,102298.84,103603.7,101138.65,0.41,421.48,14780504,11592313878.0,2.42,0.55
2022-11-01,102456.57,105343.85,105350.3,102442.9,2.98,3045.01,17206867,14288133794.0,2.84,0.64
2022-11-02,104814.05,105757.76,106281.06,104686.33,0.39,413.91,14201048,12037905585.0,1.51,0.53
2022-11-03,104965.58,105179.76,105379.01,104480.21,-0.55,-578.0,9532063,8106577626.0,0.85,0.36
2022-11-04,105138.08,107430.74,108238.26,105138.08,2.14,2250.98,21078541,18167770406.0,2.95,0.79
2022-11-07,106712.27,107533.91,108040.38,106668.59,0.1,103.17,14915972,12123529305.0,1.28,0.56
2022-11-08,107528.79,107020.56,107828.34,106470.95,-0.48,-513.35,9744941,7993960250.0,1.26,0.36
2022-11-09,107026.73,106462.46,107454.15,106450.94,-0.52,-558.1,8617501,7091781901.0,0.94,0.32
2022-11-10,105924.54,107240.07,107955.63,105852.96,0.73,777.61,12181642,10313873144.0,1.98,0.46
2022-11-11,109784.09,109530.66,111039.97,108304.86,2.14,2290.59,30181137,26512293685.0,2.55,1.13
2022-11-14,109868.25,110482.75,112657.75,109818.19,0.87,952.09,27797597,25002153558.0,2.59,1.04
2022-11-15,110118.73,114580.61,115966.4,110102.45,3.71,4097.86,40862408,36847630766.0,5.31,1.53
2022-11-16,114077.48,112881.96,114557.14,112643.55,-1.48,-1698.65,24942936,22483834246.0,1.67,0.93
2022-11-17,112680.61,114299.11,114471.89,112395.65,1.26,1417.15,22256983,19656491743.0,1.84,0.83
2022-11-18,113988.52,112533.71,114230.17,112429.7,-1.54,-1765.4,19707635,18088173213.0,1.58,0.74
2022-11-21,111848.9,110419.68,111848.9,109940.98,-1.88,-2114.03,14851565,13246390952.0,1.7,0.56
2022-11-22,110294.31,110420.48,111616.86,109695.72,0.0,0.8,14893047,13457091617.0,1.74,0.56
2022-11-23,110134.91,110244.49,110960.38,109535.66,-0.16,-175.99,13088186,11516042446.0,1.29,0.49
2022-11-24,111104.95,109707.98,111403.57,109525.38,-0.49,-536.51,11554942,10144059747.0,1.7,0.43
2022-11-25,109442.55,110811.57,111602.98,109438.49,1.01,1103.59,14318092,13028177997.0,1.97,0.54
2022-11-28,108621.48,109211.95,109363.49,107479.56,-1.44,-1599.62,15009236,13136980601.0,1.7,0.56
2022-11-29,109442.1,113076.48,113508.56,109429.63,3.54,3864.53,27739650,25574847401.0,3.73,1.04
2022-11-30,113001.3,112560.06,114569.25,112399.75,-0.46,-516.42,21764365,20407774774.0,1.92,0.81
2022-12-01,114256.32,112811.48,116161.7,112807.95,0.22,251.42,27288880,27305905278.0,2.98,1.02
2022-12-02,112693.36,112168.2,113569.04,111866.96,-0.57,-643.28,14995900,13742592501.0,1.51,0.56
2022-12-05,113283.76,115364.86,115772.13,113175.03,2.85,3196.66,28134641,27139180218.0,2.32,1.05
2022-12-06,114712.05,114682.96,116083.06,114297.39,-0.59,-681.9,19332185,18832399902.0,1.55,0.72
2022-12-07,114181.23,113689.73,115148.41,112970.54,-0.87,-993.23,17664310,16539020036.0,1.9,0.66
2022-12-08,113544.51,113307.8,113979.62,112793.15,-0.34,-381.93,12779437,11923524071.0,1.04,0.48
2022-12-09,113325.77,113672.91,114304.54,112341.26,0.32,365.11,22681844,21202183922.0,1.73,0.85
2022-12-12,112936.56,110969.85,112936.56,110856.55,-2.38,-2703.06,16279897,14696152023.0,1.83,0.61
2022-12-13,111114.19,111109.11,111747.83,110809.45,0.13,139.26,10157872,9258399837.0,0.85,0.38
2022-12-14,111108.33,111782.52,112444.18,110741.26,0.61,673.41,11877841,10629716370.0,1.53,0.44
2022-12-15,111470.91,111098.22,112111.88,110993.28,-0.61,-684.3,9652637,8486987479.0,1.0,0.36
2022-12-16,110510.22,111089.85,111741.43,110422.93,-0.01,-8.37,10202425,9192029743.0,1.19,0.38
2022-12-19,111007.81,107595.39,111411.01,107182.38,-3.15,-3494.46,14766055,12577361097.0,3.81,0.55
2022-12-20,107409.1,107464.22,108169.81,107032.37,-0.12,-131.17,9077735,7733811727.0,1.06,0.34
2022-12-21,107623.12,107029.41,108001.27,106590.34,-0.4,-434.81,7431738,6235055983.0,1.31,0.28
2022-12-22,107797.69,106332.6,108345.09,105906.39,-0.65,-696.81,9869793,8737737281.0,2.28,0.37
2022-12-23,105920.41,106863.91,107554.12,105920.41,0.5,531.31,7585664,6618095140.0,1.54,0.28
2022-12-26,107101.42,106765.63,107255.95,106231.03,-0.09,-98.28,8524963,7209997920.0,0.96,0.32
2022-12-27,107446.8,107821.37,108484.02,107149.77,0.99,1055.74,10608231,9851150943.0,1.25,0.4
2022-12-28,107583.19,107288.48,108087.67,107010.74,-0.49,-532.89,8461631,7769383877.0,1.0,0.32
2022-12-29,106946.01,107150.31,107588.82,106405.2,-0.13,-138.17,11229195,10601526791.0,1.1,0.42
2022-12-30,107355.7,107690.51,108101.24,107334.98,0.5,540.2,10045916,9822748301.0,0.72,0.38
2023-01-03,106810.52,107671.39,107827.17,105154.88,-0.02,-19.12,17081662,16546430857.0,2.48,0.64
2023-01-04,107436.19,107887.97,108440.27,107378.31,0.2,216.58,12863922,12074832336.0,0.99,0.48
2023-01-05,108377.47,109414.61,109984.77,108219.51,1.42,1526.64,19349844,18379962336.0,1.64,0.72
2023-01-06,109011.68,109020.29,110152.58,108862.56,-0.36,-394.32,13256877,12758136629.0,1.18,0.5
2023-01-09,109531.64,110581.87,111771.25,109518.35,1.43,1561.58,21862800,21393401752.0,2.07,0.82
2023-01-10,110751.17,110356.9,112091.74,110219.33,-0.2,-224.97,19226780,18309954836.0,1.69,0.72
2023-01-11,110497.52,109593.81,110720.67,109505.92,-0.69,-763.09,15730126,16342497915.0,1.1,0.59
2023-01-12,109722.35,110739.83,110739.83,109092.92,1.05,1146.02,14637350,14372230449.0,1.5,0.55
2023-01-13,111211.07,112970.01,112970.01,110481.1,2.01,2230.18,22554786,22020089997.0,2.25,0.84
2023-01-16,113249.33,116567.02,118864.38,113077.47,3.18,3597.01,48001983,47859792326.0,5.12,1.8
2023-01-17,116232.09,118658.07,118798.32,116159.24,1.79,2091.05,31264940,29505071327.0,2.26,1.17
2023-01-18,118098.0,118695.79,119582.65,118005.17,0.03,37.72,23328934,21631734099.0,1.33,0.87
2023-01-19,118264.11,121416.27,121416.27,118113.02,2.29,2720.48,29531449,27873563752.0,2.78,1.11
2023-01-20,121351.97,119521.52,121351.97,118777.61,-1.56,-1894.75,25491167,24186721601.0,2.12,0.95
2023-01-30,121003.28,118662.88,121092.7,118565.2,-0.72,-858.64,25862815,25278053421.0,2.11,0.97
2023-01-31,118520.42,118107.07,119444.88,117422.06,-0.47,-555.81,19679016,18749550516.0,1.7,0.74
2023-02-01,118323.77,121312.13,121353.07,118113.66,2.71,3205.06,27709160,26535210012.0,2.74,1.04
2023-02-02,123634.39,119537.38,123634.39,119537.38,-1.46,-1774.75,40950812,39607482454.0,3.38,1.53
2023-02-03,119178.06,119363.65,120022.09,118237.85,-0.15,-173.73,21822634,21000854216.0,1.49,0.82
2023-02-06,118504.58,118008.19,118986.96,117695.9,-1.14,-1355.46,17926558,17983960723.0,1.08,0.67
2023-02-07,118725.49,118390.75,118991.44,117661.22,0.32,382.56,14259669,13364515166.0,1.13,0.53
2023-02-08,118697.68,117289.23,118837.95,117171.51,-0.93,-1101.52,13124008,12230010912.0,1.41,0.49
2023-02-09,117359.71,119163.78,119256.43,117358.83,1.6,1874.55,19673160,21250398073.0,1.62,0.74
2023-02-10,118695.59,118021.1,119305.26,117748.57,-0.96,-1142.68,14330073,14696008193.0,1.31,0.54
2023-02-13,117750.58,118844.22,119077.48,117468.69,0.7,823.12,13911999,13989244855.0,1.36,0.52
2023-02-14,118969.9,118710.22,119056.38,117794.27,-0.11,-134.0,12877411,12444983604.0,1.06,0.48
2023-02-15,118591.03,117736.79,118611.05,117627.99,-0.82,-973.43,11880774,11673243515.0,0.83,0.44
2023-02-16,117737.2,116920.7,120538.37,116159.46,-0.69,-816.09,30847600,29067174283.0,3.72,1.15
2023-02-17,116536.14,114654.38,117098.57,114654.38,-1.94,-2266.32,18545868,17172240827.0,2.09,0.69
2023-02-20,116238.73,119260.36,119608.0,115697.43,4.02,4605.98,29133313,27754133300.0,3.41,1.09
2023-02-21,119047.38,119627.26,119877.78,118486.95,0.31,366.9,20507822,20333880124.0,1.17,0.77
2023-02-22,119001.18,118830.39,120399.91,118571.78,-0.67,-796.87,17348355,17674614728.0,1.53,0.65
2023-02-23,118929.59,119909.2,121267.32,118929.59,0.91,1078.81,22915144,23464255115.0,1.97,0.86
2023-02-24,120003.53,118536.62,120041.97,118212.26,-1.14,-1372.58,17140943,18034316619.0,1.53,0.64
2023-02-27,117588.17,116903.2,117927.06,116539.13,-1.38,-1633.42,12990459,12559645184.0,1.17,0.49
2023-02-28,117278.19,118225.5,118225.5,116808.51,1.13,1322.3,13026082,12673676432.0,1.21,0.49
2023-03-01,117969.55,119611.74,120033.85,117685.14,1.17,1386.24,20379673,19486710304.0,1.99,0.76
2023-03-02,119350.67,119148.73,119716.78,118880.74,-0.39,-463.01,14704316,13811540119.0,0.7,0.55
2023-03-03,119353.86,119742.48,120020.33,118474.35,0.5,593.75,17679749,16866496568.0,1.3,0.66
2023-03-06,119817.46,118115.67,119849.72,117951.02,-1.36,-1626.81,15986604,15603297963.0,1.59,0.6
2023-03-07,118017.58,116083.66,119123.5,116079.92,-1.72,-2032.01,19374746,19440685072.0,2.58,0.73
2023-03-08,115611.5,116213.51,116213.51,115376.87,0.11,129.85,11502488,10791458178.0,0.72,0.43
2023-03-09,116234.1,115482.94,116253.31,115185.06,-0.63,-730.57,9494100,8928145799.0,0.92,0.36
2023-03-10,114770.31,114171.07,115290.58,114154.59,-1.14,-1311.87,13755311,12793636078.0,0.98,0.52
2023-03-13,113972.3,114534.98,114750.32,113261.66,0.32,363.91,11139654,10233058982.0,1.3,0.42
2023-03-14,114209.98,113109.67,114209.98,112060.03,-1.24,-1425.31,12526450,11621990277.0,1.88,0.47
2023-03-15,114000.9,114028.56,114860.9,113997.56,0.81,918.89,11668264,10953377886.0,0.76,0.44
2023-03-16,113180.38,112771.22,114160.18,112771.22,-1.1,-1257.34,10235208,9594872673.0,1.22,0.38
2023-03-17,113783.43,114651.23,115695.84,113783.43,1.67,1880.01,17286216,16544756221.0,1.7,0.65
2023-03-20,114694.26,113671.06,115585.65,113519.74,-0.85,-980.17,14151075,13301225077.0,1.8,0.53
2023-03-21,114141.96,114637.34,114997.5,113841.3,0.85,966.28,10707302,9974013428.0,1.02,0.4
2023-03-22,114808.82,114854.89,115208.17,114338.98,0.19,217.55,11373662,11020839708.0,0.76,0.43
2023-03-23,114420.78,116232.72,116232.72,114319.02,1.2,1377.83,14406559,13599169897.0,1.67,0.54
2023-03-24,116242.86,115954.87,116822.67,115519.34,-0.24,-277.85,13388227,12835790939.0,1.12,0.5
2023-03-27,115878.6,116471.98,116725.0,114921.17,0.45,517.11,14760234,14225509545.0,1.56,0.55
2023-03-28,116611.88,115536.48,116611.88,115399.32,-0.8,-935.5,11054879,10773979827.0,1.04,0.41
2023-03-29,115605.33,114418.59,115713.36,113917.98,-0.97,-1117.89,11466491,10856500408.0,1.55,0.43
2023-03-30,114534.81,114972.53,115639.07,113058.44,0.48,553.94,13968539,12983661149.0,2.26,0.52
2023-03-31,114740.85,114589.57,115320.0,114472.31,-0.33,-382.96,10851271,10691038159.0,0.74,0.41
2023-04-03,114360.68,117528.78,117727.02,114344.95,2.56,2939.21,27928317,27647428778.0,2.95,1.05
2023-04-04,117613.54,118022.25,118468.78,117255.23,0.42,493.47,21256459,22132388437.0,1.03,0.8
2023-04-06,117851.68,117226.36,118015.37,116996.38,-0.67,-795.89,15266960,15387751745.0,0.86,0.57
2023-04-07,117430.33,118372.57,118811.89,116954.37,0.98,1146.21,16855121,18093903125.0,1.58,0.63
2023-04-10,119475.59,117360.36,119669.71,117235.31,-0.86,-1012.21,20874631,21471102543.0,2.06,0.78
2023-04-11,118111.3,118546.09,120109.4,118080.56,1.01,1185.73,23717259,24115246510.0,1.73,0.89
2023-04-12,118531.37,118564.02,119313.3,117783.71,0.02,17.93,17076772,16902176433.0,1.29,0.64
2023-04-13,118208.04,117187.73,118208.04,116909.19,-1.16,-1376.29,14741439,14604409810.0,1.1,0.55
2023-04-14,117521.04,117365.46,118073.73,116845.99,0.15,177.73,13353069,12998220037.0,1.05,0.5
2023-04-17,117679.85,120704.64,121009.8,117571.73,2.85,3339.18,38471371,36125989422.0,2.93,1.44
2023-04-18,120609.68,120130.42,121930.26,119884.89,-0.48,-574.22,29085944,27457165355.0,1.69,1.09
2023-04-19,119823.72,117968.63,119843.78,117709.32,-1.8,-2161.79,21572651,20094917307.0,1.78,0.81
2023-04-20,117745.59,117947.29,118007.88,116778.31,-0.02,-21.34,18073140,16574804837.0,1.04,0.68
2023-04-21,117989.17,113300.41,117989.17,113223.0,-3.94,-4646.88,25118909,23035548554.0,4.04,0.94
2023-04-24,113203.87,112289.03,113788.83,111836.72,-0.89,-1011.38,17241141,15520315280.0,1.72,0.65
2023-04-25,112504.6,112458.48,113210.6,111149.92,0.15,169.45,18106816,15916757806.0,1.84,0.68
2023-04-26,112229.03,112712.75,113009.38,111926.97,0.23,254.27,14524323,12816066694.0,0.96,0.54
2023-04-27,112445.86,113623.66,114165.67,112234.28,0.81,910.91,16947807,15226677657.0,1.71,0.63
2023-04-28,114324.04,116838.48,117815.74,114044.89,2.83,3214.82,34524595,27897203479.0,3.32,1.29
2023-05-04,116044.04,118518.89,118637.27,115892.22,1.44,1680.41,31782971,25705281426.0,2.35,1.19
2023-05-05,118654.56,119686.39,121826.6,118614.53,0.99,1167.5,40505601,39000829286.0,2.71,1.52
2023-05-08,119508.52,121963.93,123213.59,118590.04,1.9,2277.54,45740239,46084387754.0,3.86,1.71
2023-05-09,122295.42,123659.71,128092.47,121792.16,1.39,1695.78,77723258,82366010228.0,5.17,2.91
2023-05-10,122548.92,120599.32,123300.54,120006.23,-2.47,-3060.39,41638084,44627445192.0,2.66,1.56
2023-05-11,121094.95,120405.91,122014.32,120261.08,-0.16,-193.41,24032447,25289441135.0,1.45,0.9
2023-05-12,120291.23,119012.08,120937.8,118930.07,-1.16,-1393.83,18820334,19249404207.0,1.67,0.7
2023-05-15,119023.89,120762.36,121058.61,116644.83,1.47,1750.28,28539355,28651979844.0,3.71,1.07
2023-05-16,120589.61,119438.39,121840.13,119110.3,-1.1,-1323.97,19607582,20500884899.0,2.26,0.73
2023-05-17,119128.55,119249.4,120149.02,118528.57,-0.16,-188.99,14004760,13636478050.0,1.36,0.52
2023-05-18,119427.62,118754.26,119959.97,118278.72,-0.42,-495.14,15868457,15683284890.0,1.41,0.59
2023-05-19,118461.24,116912.22,118461.24,116837.1,-1.55,-1842.04,17156704,16745557671.0,1.37,0.64
2023-05-22,116745.11,116484.0,117206.98,116052.26,-0.37,-428.22,12796154,11816265804.0,0.99,0.48
2023-05-23,116647.0,114856.5,116760.49,114856.5,-1.4,-1627.5,13454689,12620252346.0,1.63,0.5
2023-05-24,114621.21,113729.59,115088.56,113676.12,-0.98,-1126.91,16571230,15467526530.0,1.23,0.62
2023-05-25,113478.98,114454.16,114470.99,113232.69,0.64,724.57,15418780,14345421294.0,1.09,0.58
2023-05-26,114272.25,114829.81,115168.7,113625.26,0.33,375.65,11797365,10958282339.0,1.35,0.44
2023-05-29,114848.96,114186.3,115290.31,113980.23,-0.56,-643.51,13455650,12435860893.0,1.14,0.5
2023-05-30,114027.52,114895.28,114895.28,113429.24,0.62,708.98,13262620,12671991323.0,1.28,0.5
2023-05-31,114608.92,114630.4,114935.03,114064.47,-0.23,-264.88,12989547,12568332097.0,0.76,0.49
2023-06-01,114417.17,114595.67,115645.85,113828.69,-0.03,-34.73,14376564,13630702913.0,1.59,0.54
2023-06-02,114885.3,115027.17,115276.37,114544.47,0.38,431.5,12397364,12345959195.0,0.64,0.46
2023-06-05,115070.28,114408.72,115309.6,114260.77,-0.54,-618.45,9755971,9587050958.0,0.91,0.37
2023-06-06,114213.91,112499.46,114837.4,112358.52,-1.67,-1909.26,14054294,13104752472.0,2.17,0.53
2023-06-07,112511.88,112926.37,113879.73,112470.97,0.38,426.91,9974784,9397918018.0,1.25,0.37
2023-06-08,112792.07,114090.88,114655.39,112191.1,1.03,1164.51,13868809,13850612628.0,2.18,0.52
2023-06-09,114088.51,113794.52,114142.61,113344.12,-0.26,-296.36,12463279,12393726160.0,0.7,0.47
2023-06-12,113474.28,112904.12,113521.99,112613.57,-0.78,-890.4,12074351,11784149402.0,0.8,0.45
2023-06-13,112875.86,113381.95,113569.06,112820.4,0.42,477.83,9198407,9205921458.0,0.66,0.34
2023-06-14,113596.91,113372.63,114900.09,113302.72,-0.01,-9.32,13760965,13774409460.0,1.41,0.52
2023-06-15,113536.08,115149.85,115495.42,113357.88,1.57,1777.22,19122008,18897471875.0,1.89,0.72
2023-06-16,115145.34,115397.46,115633.1,114604.31,0.22,247.61,15101056,14708899903.0,0.89,0.57
2023-06-19,115235.16,114531.36,115240.82,114413.07,-0.75,-866.1,11033822,10841918950.0,0.72,0.41
2023-06-20,114450.33,113949.53,114972.56,113949.53,-0.51,-581.83,11096837,11236464381.0,0.89,0.42
2023-06-21,113829.2,111966.27,114017.34,111966.27,-1.74,-1983.26,12650323,12339553981.0,1.8,0.47
2023-06-26,111109.55,109627.81,111129.57,109557.62,-2.09,-2338.46,14379833,12935512476.0,1.4,0.54
2023-06-27,109861.48,110700.59,110980.98,109799.61,0.98,1072.78,8879974,8123038570.0,1.08,0.33
2023-06-28,110686.66,110763.5,111039.25,109584.16,0.06,62.91,8612549,7958078585.0,1.31,0.32
2023-06-29,110585.88,110603.43,111306.27,110349.94,-0.14,-160.07,8292452,7223696445.0,0.86,0.31
2023-06-30,110561.29,112401.93,112993.68,110556.64,1.63,1798.5,12166870,11528292546.0,2.2,0.46
2023-07-03,112354.21,113951.88,114290.27,112354.21,1.38,1549.95,14731290,13894098148.0,1.72,0.55
2023-07-04,113636.66,113714.55,114275.62,113183.3,-0.21,-237.33,9880182,9334069505.0,0.96,0.37
2023-07-05,113598.76,113003.52,113729.66,112852.15,-0.63,-711.03,7632418,7078516873.0,0.77,0.29
2023-07-06,112758.71,112679.8,113478.68,112477.48,-0.29,-323.72,7529023,6931084467.0,0.89,0.28
2023-07-07,112486.45,113777.52,114424.14,112432.95,0.97,1097.72,11621611,10573925920.0,1.77,0.44
2023-07-10,114160.21,113876.6,114544.18,113541.76,0.09,99.08,9351577,8458387130.0,0.88,0.35
2023-07-11,114022.08,114470.69,114514.4,113751.73,0.52,594.09,8693159,7730381825.0,0.67,0.33
2023-07-12,114398.76,113304.68,114917.91,113205.73,-1.02,-1166.01,9216951,8497201439.0,1.5,0.35
2023-07-13,113943.35,115297.58,115586.49,113943.1,1.76,1992.9,16187921,15403972422.0,1.45,0.61
2023-07-14,115290.02,114888.6,115409.08,114776.49,-0.35,-408.98,10519142,9683444401.0,0.55,0.39
2023-07-17,114572.6,114468.55,114572.6,113873.97,-0.37,-420.05,8649797,7687014194.0,0.61,0.32
2023-07-18,114506.23,114786.79,115379.21,114265.36,0.28,318.24,8725537,7818855447.0,0.97,0.33
2023-07-19,114515.49,115704.93,115732.53,114515.49,0.8,918.14,10593201,9962413249.0,1.06,0.4
2023-07-20,115930.88,114738.03,116039.53,114624.96,-0.84,-966.9,12051406,10624878788.0,1.22,0.45
2023-07-21,114566.98,115118.86,115620.07,114494.57,0.33,380.83,10250655,8069740811.0,0.98,0.38
2023-07-24,114745.75,114908.83,115605.07,114419.83,-0.18,-210.03,8273472,7284680216.0,1.03,0.31
2023-07-25,119055.45,120747.24,121332.83,118116.51,5.08,5838.41,50168924,46663953178.0,2.8,1.88
2023-07-26,120924.27,120883.99,121552.07,119565.09,0.11,136.75,47206226,33917062021.0,1.65,1.77
2023-07-27,120598.77,119581.98,121394.44,119359.41,-1.08,-1302.01,36247765,24628347570.0,1.68,1.36
2023-07-28,119543.13,128280.53,128881.2,119517.76,7.27,8698.55,88309068,78455233460.0,7.83,3.31
2023-07-31,130433.73,129783.35,133323.52,129783.35,1.17,1502.82,88506561,84317627023.0,2.76,3.31
2023-08-01,128625.15,130215.35,132861.06,128272.52,0.33,432.0,103383181,75308842432.0,3.54,3.87
2023-08-02,129790.17,131571.3,133979.13,129579.83,1.04,1355.95,80453188,61531103289.0,3.38,3.01
2023-08-03,133406.38,136422.98,137243.88,130360.33,3.69,4851.68,101424463,84595484010.0,5.23,3.8
2023-08-04,139663.36,138711.06,144724.59,137706.02,1.68,2288.08,152989049,137308216610.0,5.14,5.73
2023-08-07,136518.63,140642.27,140642.27,135682.77,1.39,1931.21,87849825,76580398058.0,3.58,3.29
2023-08-08,138649.08,137701.09,140744.44,134420.09,-2.09,-2941.18,85266919,80634965862.0,4.5,3.19
2023-08-09,137169.88,136686.22,138761.56,136092.98,-0.74,-1014.87,55238503,51825343897.0,1.94,2.07
2023-08-10,136895.55,140179.69,140407.73,136644.13,2.56,3493.47,76207201,67009386089.0,2.75,2.85
2023-08-11,138317.94,134100.8,138317.94,134004.52,-4.34,-6078.89,79993522,70853601403.0,3.08,3.0
2023-08-14,131059.5,132722.38,134996.77,130992.25,-1.03,-1378.42,64405569,55033370707.0,2.99,2.41
2023-08-15,131788.09,134853.89,134853.89,131788.09,1.61,2131.51,56213695,49048832858.0,2.31,2.1
2023-08-16,133089.36,136883.45,139835.19,131847.2,1.51,2029.56,76781014,67075622939.0,5.92,2.87
2023-08-17,135817.06,137443.98,138567.27,134797.03,0.41,560.53,77280803,65455266254.0,2.75,2.89
2023-08-18,137577.97,133583.16,138380.94,133583.16,-2.81,-3860.82,54149217,47266399905.0,3.49,2.03
2023-08-21,132656.31,130054.03,134272.58,129978.99,-2.64,-3529.13,49665312,45319597573.0,3.21,1.86
2023-08-22,130708.3,132235.81,133364.02,129544.66,1.68,2181.78,52962959,47445878576.0,2.94,1.98
2023-08-23,131146.19,128285.28,131166.86,128244.65,-2.99,-3950.53,46239440,38233049365.0,2.21,1.73
2023-08-24,129181.92,129396.52,132014.27,128770.05,0.87,1111.24,44501062,40886427898.0,2.53,1.67
2023-08-25,128774.94,130534.5,131955.8,128746.6,0.88,1137.98,39314648,36627933606.0,2.48,1.47
2023-08-28,143533.97,134145.98,143533.97,133870.23,2.77,3611.48,112283030,105854546220.0,7.4,4.2
2023-08-29,133403.7,133362.22,134640.34,129553.8,-0.58,-783.76,78755728,69803052235.0,3.79,2.95
2023-08-30,132204.34,128911.99,132209.56,128824.56,-3.34,-4450.23,51475208,45930529308.0,2.54,1.93
2023-08-31,128623.07,126272.49,129410.7,126222.34,-2.05,-2639.5,39909766,34369881100.0,2.47,1.49
2023-09-01,127033.0,125478.46,127453.92,125211.81,-0.63,-794.03,31685070,27748721354.0,1.78,1.19
2023-09-04,125777.64,126160.76,126801.19,124680.83,0.54,682.3,31920972,27210632092.0,1.69,1.2
2023-09-05,125688.05,125018.53,125688.05,124511.09,-0.91,-1142.23,29254367,24051562255.0,0.93,1.1
2023-09-06,124373.71,124693.11,125293.9,123981.27,-0.26,-325.42,25113846,21539470770.0,1.05,0.94
2023-09-07,124607.54,124478.1,125848.82,123936.81,-0.17,-215.01,30773130,25999014092.0,1.53,1.15
2023-09-08,123908.65,125012.1,125698.38,123496.12,0.43,534.0,24160288,20149121455.0,1.77,0.9
2023-09-11,125120.06,126462.57,127364.31,123915.1,1.16,1450.47,34576869,30124924329.0,2.76,1.29
2023-09-12,125928.39,125073.5,126188.74,124947.12,-1.1,-1389.07,21726911,17980241714.0,0.98,0.81
2023-09-13,124973.73,123577.13,124973.73,123055.54,-1.2,-1496.37,19316211,16110101362.0,1.53,0.72
2023-09-14,123718.74,123814.69,124442.09,123255.63,0.19,237.56,20053669,16500254193.0,0.96,0.75
2023-09-15,124324.99,123505.4,125003.57,122941.03,-0.25,-309.29,23010710,19683995444.0,1.67,0.86
2023-09-18,122782.05,123456.87,123840.39,122327.44,-0.04,-48.53,17898431,14594454183.0,1.23,0.67
2023-09-19,123444.55,123571.79,124575.93,123125.23,0.09,114.92,19380212,15724868825.0,1.18,0.73
2023-09-20,123269.99,123199.85,124290.86,122962.5,-0.3,-371.94,19066963,14346035406.0,1.07,0.71
2023-09-21,123007.04,122595.36,124298.53,122554.72,-0.49,-604.49,19344590,15595212340.0,1.42,0.72
2023-09-22,122498.84,126132.89,126146.85,122498.84,2.89,3537.53,37787842,30595313974.0,2.98,1.41
2023-09-25,125210.21,123009.27,125210.21,122896.78,-2.48,-3123.62,30456688,24061422175.0,1.83,1.14
2023-09-26,122877.59,123000.95,123741.69,122834.32,-0.01,-8.32,20041834,15133390586.0,0.74,0.75
2023-09-27,122897.26,123018.69,123690.52,122877.74,0.01,17.74,18433664,14735744762.0,0.66,0.69
2023-09-28,123232.36,122412.15,123621.8,122222.43,-0.49,-606.54,18845247,16224750640.0,1.14,0.71
2023-10-09,121694.09,120544.38,121694.09,119638.88,-1.53,-1867.77,20162901,16157383891.0,1.68,0.75
2023-10-10,120933.3,120370.26,121495.21,120239.78,-0.14,-174.12,14796987,11687327799.0,1.04,0.55
2023-10-11,120657.79,119763.49,121247.73,119576.77,-0.5,-606.77,17428713,13498697031.0,1.39,0.65
2023-10-12,121533.28,121018.33,121824.81,120550.87,1.05,1254.84,18620658,15470637229.0,1.06,0.7
2023-10-13,119926.75,119988.12,120525.06,119437.85,-0.85,-1030.21,14719495,11561236150.0,0.9,0.55
2023-10-16,119885.72,120042.53,120695.62,119048.58,0.05,54.41,16366675,13255577391.0,1.37,0.61
2023-10-17,120169.03,121826.81,122898.24,119755.55,1.49,1784.28,28970915,24302900162.0,2.62,1.08
2023-10-18,121145.11,121931.41,123047.56,121113.68,0.09,104.6,22517791,19866993433.0,1.59,0.84
2023-10-19,121386.77,122059.84,124302.71,121307.37,0.11,128.43,33600065,27382589492.0,2.46,1.26
2023-10-20,121415.64,123318.09,124003.07,121411.07,1.03,1258.25,30598353,26058379019.0,2.12,1.15
2023-10-23,122528.39,120226.02,122528.39,119799.83,-2.51,-3092.07,29139283,24290313231.0,2.21,1.09
2023-10-24,120646.27,124863.5,125360.46,120646.27,3.86,4637.48,43876268,34907374538.0,3.92,1.64
2023-10-25,125783.8,123834.23,125783.8,123810.17,-0.82,-1029.27,39890908,32568254690.0,1.58,1.49
2023-10-26,122707.16,123906.02,124376.93,122509.46,0.06,71.79,27171254,22168676122.0,1.51,1.02
2023-10-27,123073.69,123649.13,124179.95,122416.4,-0.21,-256.89,26889293,22674940323.0,1.42,1.01
2023-10-30,122942.34,123452.16,123854.13,122421.83,-0.16,-196.97,26473448,23041996112.0,1.16,0.99
2023-10-31,123336.2,123384.27,124455.37,122856.6,-0.05,-67.89,24157770,20258615208.0,1.3,0.9
2023-11-01,124381.45,123107.71,124647.21,123107.71,-0.22,-276.56,20657449,17343018147.0,1.25,0.77
2023-11-02,122860.27,121847.87,123988.42,121837.99,-1.02,-1259.84,19268070,15876136406.0,1.75,0.72
2023-11-03,121929.09,122797.09,123580.3,121580.01,0.78,949.22,21271637,18729969646.0,1.64,0.8
2023-11-06,126458.85,128290.78,128648.55,125580.85,4.47,5493.69,56645593,48916243854.0,2.5,2.12
2023-11-07,127639.29,129558.96,130247.89,127405.56,0.99,1268.18,50585328,42099143428.0,2.22,1.89
2023-11-08,129208.42,128113.26,129984.44,127225.69,-1.12,-1445.7,41541138,35623298913.0,2.13,1.56
2023-11-09,127711.99,127631.35,128368.75,127023.59,-0.38,-481.91,30423729,27037859407.0,1.05,1.14
2023-11-10,127127.77,127955.43,128843.82,127105.04,0.25,324.08,34942630,30952664248.0,1.36,1.31
2023-11-13,127727.26,127324.65,127787.64,126732.06,-0.49,-630.78,26245331,23045294887.0,0.82,0.98
2023-11-14,127388.34,129155.57,131000.73,127202.36,1.44,1830.92,42243697,40920818335.0,2.98,1.58
2023-11-15,130312.41,129569.89,131752.27,129312.9,0.32,414.32,35543158,35511635762.0,1.89,1.33
2023-11-16,129154.56,128591.89,130292.33,128590.85,-0.75,-978.0,25784174,25331920218.0,1.31,0.97
2023-11-17,128369.46,128893.95,129226.56,128102.94,0.23,302.06,23894955,23522033136.0,0.87,0.89
2023-11-20,128657.3,128373.64,128657.3,127084.02,-0.4,-520.31,23106731,22392585045.0,1.22,0.87
2023-11-21,128734.14,127873.49,130527.97,127738.98,-0.39,-500.15,30070739,28889423624.0,2.17,1.13
2023-11-22,127333.93,126548.13,128131.35,126548.13,-1.04,-1325.36,20415097,18657738372.0,1.24,0.76
2023-11-23,126469.38,127113.25,127233.88,125846.3,0.45,565.12,19122876,18140570687.0,1.1,0.72
2023-11-24,126819.95,125739.32,126824.1,125583.83,-1.08,-1373.93,18538891,17161501817.0,0.98,0.69
2023-11-27,125072.28,124739.57,125101.25,124080.87,-0.8,-999.75,19235934,17874155646.0,0.81,0.72
2023-11-28,124654.4,124476.44,125133.07,123897.6,-0.21,-263.13,14504677,13732641408.0,0.99,0.54
2023-11-29,124475.49,123433.45,124593.23,123300.17,-0.84,-1042.99,15159659,14365800942.0,1.04,0.57
2023-11-30,123410.5,124074.42,124763.3,123410.5,0.52,640.97,17965818,16908194114.0,1.1,0.67
2023-12-01,123941.66,124819.2,124881.79,123744.02,0.6,744.78,16482397,15080070538.0,0.92,0.62
2023-12-04,124838.63,124677.24,125514.63,124531.3,-0.11,-141.96,16031005,14527209902.0,0.79,0.6
2023-12-05,124313.11,123510.6,125326.88,123499.39,-0.94,-1166.64,18919013,17985178575.0,1.47,0.71
2023-12-06,123229.9,123073.58,124167.47,122978.92,-0.35,-437.02,16119153,15238634424.0,0.96,0.6
2023-12-07,122878.56,124208.57,124536.59,122610.28,0.92,1134.99,18635971,17426715919.0,1.57,0.7
2023-12-08,124098.78,123056.45,124571.19,123056.45,-0.93,-1152.12,20623141,18798820780.0,1.22,0.77
2023-12-11,123182.82,125681.37,126032.12,121305.92,2.13,2624.92,29096383,26280124683.0,3.84,1.09
2023-12-12,125085.13,125331.07,125804.13,124667.38,-0.28,-350.3,19647379,18613026814.0,0.9,0.74
2023-12-13,125037.27,124113.25,125061.21,124113.25,-0.97,-1217.82,15058943,14683694350.0,0.76,0.56
2023-12-14,124736.27,123619.5,124906.45,123585.42,-0.4,-493.75,14838750,13978462214.0,1.06,0.56
2023-12-15,123983.94,123860.11,125367.34,123534.44,0.19,240.61,16834908,15964580130.0,1.48,0.63
2023-12-18,123984.74,123369.95,124919.03,122802.06,-0.4,-490.16,19438386,17375332366.0,1.71,0.73
2023-12-19,122954.3,122403.01,123499.45,121288.8,-0.78,-966.94,24837194,20425415057.0,1.79,0.93
2023-12-20,122033.11,118878.28,122033.11,118878.28,-2.88,-3524.73,24050849,19746611667.0,2.58,0.9
2023-12-21,118189.3,118443.91,119031.56,117456.46,-0.37,-434.37,18305808,15408324527.0,1.32,0.69
2023-12-22,118295.48,118016.99,118972.56,117354.6,-0.36,-426.92,16304131,13544081082.0,1.37,0.61
2023-12-25,117438.93,116665.18,117819.49,116499.9,-1.15,-1351.81,12935027,10635338208.0,1.12,0.48
2023-12-26,116527.14,115691.81,116896.33,115471.33,-0.83,-973.37,12407574,10762334552.0,1.22,0.46
2023-12-27,115689.42,117549.1,118443.26,115338.74,1.61,1857.29,18749802,16583502479.0,2.68,0.7
2023-12-28,117114.09,120122.1,120738.16,117045.03,2.19,2573.0,24774756,21953074963.0,3.14,0.93
2023-12-29,119730.38,120068.56,120552.52,119635.38,-0.04,-53.54,18180973,15974619477.0,0.76,0.68
2024-01-02,119887.94,118584.86,119887.94,118584.86,-1.24,-1483.7,14094916,12657508403.0,1.09,0.53
2024-01-03,118425.0,118923.1,119414.93,118237.11,0.29,338.24,12531803,11018269617.0,0.99,0.47
2024-01-04,118728.99,117786.55,118728.99,117088.47,-0.96,-1136.55,12726095,11184124412.0,1.38,0.48
2024-01-05,117594.1,116919.32,118801.14,116412.85,-0.74,-867.23,14672378,13283668500.0,2.03,0.55
2024-01-08,116426.9,114907.15,116643.66,114907.15,-1.72,-2012.17,15383936,13508974989.0,1.49,0.58
2024-01-09,114992.14,114279.68,115534.57,113589.12,-0.55,-627.47,14200685,12274997672.0,1.69,0.53
2024-01-10,113933.78,113502.67,114969.36,113111.32,-0.68,-777.01,12196716,10550011795.0,1.63,0.46
2024-01-11,113417.06,115143.05,115482.54,113323.69,1.45,1640.38,15281611,12875734764.0,1.9,0.57
2024-01-12,114624.05,114025.91,115675.75,114015.04,-0.97,-1117.14,13301148,10820167844.0,1.44,0.5
2024-01-15,113576.78,114040.73,115241.42,113311.55,0.01,14.82,13328502,10036249265.0,1.69,0.5
2024-01-16,113890.72,115716.75,115860.31,113468.9,1.47,1676.02,19005645,16044057631.0,2.1,0.71
2024-01-17,115192.08,113688.68,115759.19,113688.68,-1.75,-2028.07,16232323,14024094830.0,1.79,0.61
2024-01-18,113031.32,114977.36,115218.53,111384.17,1.13,1288.68,27629977,23572766241.0,3.37,1.03
2024-01-19,114124.4,113627.86,114510.12,113106.74,-1.17,-1349.5,17239537,14611005777.0,1.22,0.65
2024-01-22,113252.64,110502.42,114157.38,109557.98,-2.75,-3125.44,24013062,20050368801.0,4.05,0.9
2024-01-23,110225.54,113156.63,114043.48,109272.45,2.4,2654.21,25057222,21254476707.0,4.32,0.94
2024-01-24,113661.33,118321.79,119355.92,112012.19,4.56,5165.16,41293409,35668227195.0,6.49,1.55
2024-01-25,117390.62,119922.01,121044.5,117067.59,1.35,1600.22,41670398,38509626484.0,3.36,1.56
2024-01-26,118986.36,119778.67,121380.64,118275.77,-0.12,-143.34,33232960,32316058330.0,2.59,1.24
2024-01-29,119519.84,116586.4,119944.99,116542.46,-2.67,-3192.27,25954850,23959336006.0,2.84,0.97
2024-01-30,115328.44,114912.89,117546.35,114720.97,-1.44,-1673.51,23671967,21645141899.0,2.42,0.89
2024-01-31,114433.8,113484.78,116140.53,113230.61,-1.24,-1428.11,26023589,23195521956.0,2.53,0.97
2024-02-01,112518.89,112604.76,115171.07,111827.7,-0.78,-880.02,25188510,22485308205.0,2.95,0.94
2024-02-02,112638.39,109566.12,113230.72,106259.57,-2.7,-3038.64,32407214,27683408307.0,6.19,1.21
2024-02-05,108253.69,105495.73,109460.64,104152.93,-3.72,-4070.39,31775087,26498587732.0,4.84,1.19
2024-02-06,103853.92,112122.97,112874.54,103761.59,6.28,6627.24,34207638,27951647774.0,8.64,1.28
2024-02-07,111883.02,114566.1,115284.02,111858.1,2.18,2443.13,38240823,30407910292.0,3.06,1.43
2024-02-08,115562.38,115637.99,118093.43,114923.21,0.94,1071.89,36955596,30212630896.0,2.77,1.38
2024-02-19,115216.95,114316.93,115216.95,112331.14,-1.14,-1321.06,27998166,23399006118.0,2.5,1.05
2024-02-20,113702.19,116266.9,117066.84,113136.77,1.71,1949.97,28561033,25283882433.0,3.44,1.07
2024-02-21,115063.27,116874.93,119917.03,114646.56,0.52,608.03,38260466,34559918408.0,4.53,1.43
2024-02-22,116109.9,118385.85,118959.16,116055.91,1.29,1510.92,28083706,26562182287.0,2.48,1.05
2024-02-23,118448.83,119298.05,119736.08,117784.49,0.77,912.2,29822979,26753876441.0,1.65,1.12
2024-02-26,118840.82,118326.8,119683.79,118138.4,-0.81,-971.25,26745855,23124474257.0,1.3,1.0
2024-02-27,118015.23,120802.47,120802.47,117929.03,2.09,2475.67,29783929,25079998552.0,2.43,1.12
2024-02-28,121757.84,119171.69,124265.07,119171.69,-1.35,-1630.78,56252753,47408339068.0,4.22,2.11
2024-02-29,118282.13,121907.78,121907.78,118282.13,2.3,2736.09,39814509,33073479266.0,3.04,1.49
2024-03-01,121777.68,122607.71,123168.7,121047.67,0.57,699.93,34968779,30267463264.0,1.74,1.31
2024-03-04,122150.32,121097.25,122199.86,120393.87,-1.23,-1510.46,27453680,23658497870.0,1.47,1.03
2024-03-05,120506.35,119735.67,121001.61,119283.6,-1.12,-1361.58,23267575,20389025222.0,1.42,0.87
2024-03-06,119674.03,119836.6,121434.74,118712.42,0.08,100.93,23062184,20571100127.0,2.27,0.86
2024-03-07,119558.82,118560.03,120616.81,118025.98,-1.07,-1276.57,25581075,22770934353.0,2.16,0.96
2024-03-08,118333.48,118629.59,118948.81,117808.0,0.06,69.56,17020023,14611212838.0,0.96,0.64
2024-03-11,118624.75,120442.29,120443.71,118624.75,1.53,1812.7,22189028,19118771363.0,1.53,0.83
2024-03-12,120895.17,120976.27,121784.37,120036.03,0.44,533.98,25156284,22234447215.0,1.45,0.94
2024-03-13,120779.29,119704.36,120783.3,119330.78,-1.05,-1271.91,19674641,17496845415.0,1.2,0.74
2024-03-14,119305.56,118746.7,120138.34,118043.41,-0.8,-957.66,18705356,17016809451.0,1.75,0.7
2024-03-15,118466.78,120008.26,120008.26,118123.42,1.06,1261.56,19769042,16843434853.0,1.59,0.74
2024-03-18,120628.79,122671.23,123516.8,120518.77,2.22,2662.97,36878809,33477867681.0,2.5,1.38
2024-03-19,122201.32,120291.81,122201.32,120282.03,-1.94,-2379.42,23089332,20824149233.0,1.56,0.86
2024-03-20,120212.36,120634.6,121223.43,119707.96,0.28,342.79,19623703,17643738178.0,1.26,0.73
2024-03-21,120936.51,121237.35,122488.49,120830.45,0.5,602.75,25938084,23485584834.0,1.37,0.97
2024-03-22,121203.34,119122.89,121203.34,119101.33,-1.74,-2114.46,25205846,22769623927.0,1.73,0.94
2024-03-25,117880.3,115475.95,118007.29,115445.05,-3.06,-3646.94,25944899,23491162865.0,2.15,0.97
2024-03-26,115550.0,115916.69,116232.57,114982.94,0.38,440.74,17490423,15086706024.0,1.08,0.65
2024-03-27,115551.96,113269.23,115562.29,113269.23,-2.28,-2647.46,17424911,15038374877.0,1.98,0.65
2024-03-28,113391.58,114052.26,115366.58,113329.2,0.69,783.03,18804340,16527872774.0,1.8,0.7
2024-03-29,113822.26,114858.65,114866.39,113083.41,0.71,806.39,19602653,17177856166.0,1.56,0.73
2024-04-01,116502.77,116706.06,116965.29,116057.2,1.61,1847.41,22336237,18759911129.0,0.79,0.84
2024-04-02,116611.0,115803.99,117251.72,115470.12,-0.77,-902.07,21184241,17018637431.0,1.53,0.79
2024-04-03,115581.12,115039.67,116222.64,114919.43,-0.66,-764.32,15878306,13267085418.0,1.13,0.59
2024-04-08,114013.76,112847.9,114527.18,112814.43,-1.91,-2191.77,17913165,15135194778.0,1.49,0.67
2024-04-09,113092.32,113295.75,113629.5,112843.0,0.4,447.85,12613054,10355674762.0,0.7,0.47
2024-04-10,113152.09,111161.64,113152.09,110607.73,-1.88,-2134.11,16505725,13849320050.0,2.25,0.62
2024-04-11,110604.73,111054.82,112099.88,110547.14,-0.1,-106.82,15115605,12381800836.0,1.4,0.57
2024-04-12,110968.37,109133.04,111273.69,109008.29,-1.73,-1921.78,15719265,13249913173.0,2.04,0.59
2024-04-15,109160.39,111639.59,112804.76,107876.73,2.3,2506.55,28084316,24434398588.0,4.52,1.05
2024-04-16,110684.23,108644.14,111588.13,108412.14,-2.68,-2995.45,23026567,19746892003.0,2.84,0.86
2024-04-17,108692.61,111216.73,111216.73,108403.62,2.37,2572.59,22167043,18616139086.0,2.59,0.83
2024-04-18,110734.02,112275.5,113903.88,110531.39,0.95,1058.77,26827988,23082048778.0,3.03,1.0
2024-04-19,111576.02,111577.69,112793.84,111303.39,-0.62,-697.81,17647190,14712927904.0,1.33,0.66
2024-04-22,111159.0,111408.81,112814.3,110974.42,-0.15,-168.88,14778074,13055890157.0,1.65,0.55
2024-04-23,111628.68,111203.77,112109.23,110946.04,-0.18,-205.04,13135478,11475356360.0,1.04,0.49
2024-04-24,111336.59,111257.24,111786.86,110528.53,0.05,53.47,15164385,13165828419.0,1.13,0.57
2024-04-25,110835.25,110939.68,111805.91,110462.34,-0.29,-317.56,12556273,10684931011.0,1.21,0.47
2024-04-26,114222.23,118082.73,118334.2,112732.71,6.44,7143.05,53576982,45409493185.0,5.05,2.01
2024-04-29,118922.79,120701.38,121878.68,118743.27,2.22,2618.65,62029901,51463270648.0,2.66,2.32
2024-04-30,120131.34,118918.59,120796.82,118627.47,-1.48,-1782.79,40610991,32866553848.0,1.8,1.52
2024-05-06,120531.79,119351.91,121269.93,118760.52,0.36,433.32,34062123,29649938543.0,2.11,1.28
2024-05-07,119063.41,119071.99,119821.9,118312.98,-0.23,-279.92,25570799,22994308319.0,1.26,0.96
2024-05-08,118631.77,117275.08,118706.47,117145.14,-1.51,-1796.91,19142628,16789654831.0,1.31,0.72
2024-05-09,117418.91,118159.46,119036.91,117418.91,0.75,884.38,22512397,19266144527.0,1.38,0.84
2024-05-10,118187.01,119061.25,119394.46,117673.82,0.76,901.79,26358702,22333407119.0,1.46,0.99
2024-05-13,118505.77,119563.21,120474.68,117372.91,0.42,501.96,30830323,25743788909.0,2.61,1.15
2024-05-14,119301.91,120476.61,120478.36,118424.75,0.76,913.4,28368806,23661761814.0,1.72,1.06
2024-05-15,121244.96,116808.72,121322.84,116768.03,-3.04,-3667.89,36157295,29412519892.0,3.78,1.35
2024-05-16,117263.36,116675.55,118226.78,116364.23,-0.11,-133.17,23757790,19549528445.0,1.59,0.89
2024-05-17,116434.59,118122.59,118145.01,115985.04,1.24,1447.04,24517892,21269758561.0,1.85,0.92
2024-05-20,117787.87,117948.1,119201.82,117755.01,-0.15,-174.49,24799444,22061975454.0,1.22,0.93
2024-05-21,117690.16,117115.26,118019.92,116713.43,-0.71,-832.84,15392683,13261882432.0,1.11,0.58
2024-05-22,116917.39,117355.3,117899.84,116697.81,0.2,240.04,15801857,13643358527.0,1.03,0.59
2024-05-23,116972.48,114921.38,116982.56,114813.76,-2.07,-2433.92,21732775,18285529130.0,1.85,0.81
2024-05-24,114589.92,113483.91,115132.17,113483.34,-1.25,-1437.47,15622559,13388211149.0,1.43,0.58
2024-05-27,113893.93,114353.1,114430.63,112967.65,0.77,869.19,15589697,13045226014.0,1.29,0.58
2024-05-28,114034.63,113112.68,114583.82,113050.24,-1.08,-1240.42,12878923,10637292407.0,1.34,0.48
2024-05-29,112962.52,113366.26,114395.98,112892.36,0.22,253.58,12276221,10014441224.0,1.33,0.46
2024-05-30,112981.06,113387.99,113608.3,112626.66,0.02,21.73,12880396,11025989422.0,0.87,0.48
2024-05-31,113617.53,113168.31,114193.45,113135.21,-0.19,-219.68,11998242,10415811077.0,0.93,0.45
2024-06-03,112789.7,112039.45,112806.78,111393.76,-1.0,-1128.86,18620900,15085000395.0,1.25,0.7
2024-06-04,111853.62,112866.29,112986.99,111853.62,0.74,826.84,15544674,13500982998.0,1.01,0.58
2024-06-05,112625.81,111947.44,113211.38,111939.81,-0.81,-918.85,12368303,10552453161.0,1.13,0.46
2024-06-06,112067.77,109943.56,112370.4,109749.86,-1.79,-2003.88,18332327,14789844406.0,2.34,0.69
2024-06-07,110077.34,109215.89,110734.81,107468.34,-0.66,-727.67,21574873,15964067057.0,2.97,0.81
2024-06-11,108625.2,109262.12,110297.14,108331.9,0.04,46.23,16597526,12624187019.0,1.8,0.62
2024-06-12,109072.38,109415.78,109863.3,108808.59,0.14,153.66,13208898,9891867520.0,0.97,0.49
2024-06-13,109533.07,109151.86,109906.51,108856.81,-0.24,-263.92,16819164,11876503019.0,0.96,0.63
2024-06-14,109075.0,111225.9,112140.77,108520.62,1.9,2074.04,35034932,29296053817.0,3.32,1.31
2024-06-17,110115.32,111440.57,111654.71,109738.8,0.19,214.67,18922764,15704911166.0,1.72,0.71
2024-06-18,111359.97,112366.1,112882.34,111359.97,0.83,925.53,17908132,14953767494.0,1.37,0.67
2024-06-19,112456.49,110965.95,112562.45,110943.76,-1.25,-1400.15,14664577,11652935031.0,1.44,0.55
2024-06-20,110711.78,109610.52,111202.77,109565.23,-1.22,-1355.43,14759255,11925476973.0,1.48,0.55
2024-06-21,110035.59,109935.56,110954.66,109827.35,0.3,325.04,15179438,12615254254.0,1.03,0.57
2024-06-24,109369.91,108124.4,109956.09,108068.61,-1.65,-1811.16,15834327,12728823321.0,1.72,0.59
2024-06-25,108132.84,106815.7,108431.15,106032.59,-1.21,-1308.7,16572057,13840368745.0,2.22,0.62
2024-06-26,106550.97,108327.61,108526.52,106363.13,1.42,1511.91,13518461,10900305659.0,2.03,0.51
2024-06-27,107893.35,106841.61,107969.77,106831.12,-1.37,-1486.0,12196733,9797575828.0,1.05,0.46
2024-06-28,106829.88,105038.95,108102.27,104832.29,-1.69,-1802.66,19810257,15925512571.0,3.06,0.74
2024-07-01,104812.51,105465.69,105759.42,103603.33,0.41,426.74,13547751,10536376689.0,2.05,0.51
2024-07-02,105428.77,105123.33,106419.11,104894.41,-0.32,-342.36,11770695,8799071132.0,1.45,0.44
2024-07-03,105143.16,105480.74,106004.95,104783.02,0.34,357.41,9822852,7479993414.0,1.16,0.37
2024-07-04,105548.38,103099.98,105805.68,103099.98,-2.26,-2380.76,13552073,10270751923.0,2.57,0.51
2024-07-05,103190.83,103685.03,104637.91,102611.31,0.57,585.05,13513420,10685722608.0,1.97,0.51
2024-07-08,103176.61,100487.31,103176.61,100174.8,-3.08,-3197.72,15489788,11874463217.0,2.9,0.58
2024-07-09,100786.99,102880.63,103030.91,99834.1,2.38,2393.32,16796908,12577399959.0,3.18,0.63
2024-07-10,102212.45,102599.0,104130.72,102107.66,-0.27,-281.63,13249989,10467700663.0,1.97,0.5
2024-07-11,103838.94,104273.28,104894.14,103239.74,1.63,1674.28,15270673,11491306571.0,1.61,0.57
2024-07-12,104119.12,103930.59,104602.77,103553.08,-0.33,-342.69,10083059,7501104431.0,1.01,0.38
2024-07-15,103717.89,103653.13,104198.78,103215.77,-0.27,-277.46,9109877,6873513828.0,0.95,0.34
2024-07-16,103687.17,104190.99,104429.86,103401.84,0.52,537.86,10273433,8625402802.0,0.99,0.38
2024-07-17,104189.95,104722.71,105082.79,104174.66,0.51,531.72,12544453,10237285451.0,0.87,0.47
2024-07-18,104442.19,105179.1,105198.41,103125.31,0.44,456.39,14063279,10897681283.0,1.98,0.53
2024-07-19,104971.38,106329.88,106484.48,104763.06,1.09,1150.78,17113638,14548826243.0,1.64,0.64
2024-07-22,107372.36,106757.36,107760.34,105711.75,0.4,427.48,20257119,19834912517.0,1.93,0.76
2024-07-23,106559.53,105066.33,107652.41,105022.73,-1.58,-1691.03,19639521,16444338073.0,2.46,0.74
2024-07-24,104582.19,103684.96,104991.36,103526.07,-1.31,-1381.37,15124962,12501048788.0,1.39,0.57
2024-07-25,103474.09,105435.77,106030.23,103474.09,1.69,1750.81,16558945,12548729985.0,2.47,0.62
2024-07-26,105627.23,107677.38,108352.08,105529.63,2.13,2241.61,18602057,14383624209.0,2.68,0.7
2024-07-29,106996.31,107040.17,108270.02,106739.38,-0.59,-637.21,13684023,10986420585.0,1.42,0.51
2024-07-30,106752.75,107732.12,108162.64,106667.88,0.65,691.95,14281287,11095041129.0,1.4,0.53
2024-07-31,107868.39,113906.66,114973.12,107868.39,5.73,6174.54,45489517,36040636505.0,6.59,1.7
2024-08-01,113497.35,113875.3,114689.52,113380.88,-0.03,-31.36,35214458,27290212630.0,1.15,1.32
2024-08-02,113450.73,111438.63,114575.27,111143.23,-2.14,-2436.67,25761850,20497344175.0,3.01,0.96
2024-08-05,110930.28,110984.2,113274.63,110902.57,-0.41,-454.43,25455856,19775091249.0,2.13,0.95
2024-08-06,112120.51,110892.1,112710.09,109735.13,-0.08,-92.1,20048443,15723120997.0,2.68,0.75
2024-08-07,110600.2,110124.48,111443.23,109716.05,-0.69,-767.62,15106038,11728634955.0,1.56,0.57
2024-08-08,109973.09,110578.78,112373.41,109872.83,0.41,454.3,24107639,15984881148.0,2.27,0.9
2024-08-09,111420.31,109544.82,111769.65,109544.82,-0.94,-1033.96,18452317,12847518087.0,2.01,0.69
2024-08-12,108968.88,108974.9,109588.95,108606.84,-0.52,-569.92,13918925,9792821839.0,0.9,0.52
2024-08-13,109039.7,110763.51,110821.59,108555.77,1.64,1788.61,19771102,12707019895.0,2.08,0.74
2024-08-14,110275.17,110178.67,111245.01,110047.38,-0.53,-584.84,16731702,12221601540.0,1.08,0.63
2024-08-15,109911.91,111416.42,112750.52,109911.91,1.12,1237.75,22936378,17363204485.0,2.58,0.86
2024-08-16,111109.44,110301.06,111573.49,110080.6,-1.0,-1115.36,17128239,11840519777.0,1.34,0.64
2024-08-19,109976.5,110076.66,111016.04,109669.03,-0.2,-224.4,13630133,9416383880.0,1.22,0.51
2024-08-20,110127.52,108692.3,110150.39,108508.88,-1.26,-1384.36,14004913,10240633317.0,1.49,0.52
2024-08-21,108460.79,108260.13,109243.58,108125.73,-0.4,-432.17,10129548,7535204378.0,1.03,0.38
2024-08-22,108754.25,105926.92,108990.34,105844.88,-2.16,-2333.21,15926118,11378330331.0,2.91,0.6
2024-08-23,105815.16,106549.91,107586.45,105750.88,0.59,622.99,13155547,10098710606.0,1.73,0.49
2024-08-26,106530.75,106710.67,107404.06,106130.97,0.15,160.76,10904942,8365267200.0,1.19,0.41
2024-08-27,106546.64,105657.73,106548.86,105190.49,-0.99,-1052.94,10423270,7533390335.0,1.27,0.39
2024-08-28,105666.09,105796.14,106482.88,105227.37,0.13,138.41,9457425,7077756523.0,1.19,0.35
2024-08-29,105544.36,106204.99,107446.38,105544.36,0.39,408.85,14321022,10975757543.0,1.8,0.54
2024-08-30,106177.03,108848.41,110132.62,106076.53,2.49,2643.42,27699805,21803170036.0,3.82,1.04
2024-09-02,108287.87,105634.89,108327.56,105634.89,-2.95,-3213.52,19563257,14665128401.0,2.47,0.73
2024-09-03,105519.56,106385.45,107023.87,105519.56,0.71,750.56,12546309,9622055364.0,1.42,0.47
2024-09-04,105958.0,106275.34,107450.34,105956.08,-0.1,-110.11,12178575,9386624760.0,1.4,0.46
2024-09-05,106238.92,107176.91,107317.0,106238.92,0.85,901.57,12432149,9795908113.0,1.01,0.47
2024-09-06,109951.09,108159.22,110679.51,107943.68,0.92,982.31,35729134,25145947770.0,2.55,1.34
2024-09-09,106733.09,108363.98,109693.21,106667.45,0.19,204.76,26275770,16675407578.0,2.8,0.98
2024-09-10,108311.27,107489.01,108311.27,105872.79,-0.81,-874.97,23839719,13522423085.0,2.25,0.89
2024-09-11,107058.09,107513.64,108106.31,106624.56,0.02,24.63,19712013,10508989151.0,1.38,0.74
2024-09-12,107355.92,107387.49,108254.7,106868.2,-0.12,-126.15,18567109,10181635351.0,1.29,0.7
2024-09-13,107472.2,107637.82,109154.03,107397.16,0.23,250.33,27478079,13946922328.0,1.64,1.03
2024-09-18,107133.1,107796.96,108301.86,106153.73,0.15,159.14,23377494,12005287853.0,2.0,0.88
2024-09-19,108320.31,109294.02,110675.01,107457.38,1.39,1497.06,27033448,17459907907.0,2.98,1.01
2024-09-20,108863.06,109171.4,109288.64,108112.47,-0.11,-122.62,19265839,11893775464.0,1.08,0.72
2024-09-23,109242.88,109043.77,109746.46,108543.94,-0.12,-127.63,14546633,9472644864.0,1.1,0.54
2024-09-24,110415.51,115575.19,115727.37,109368.51,5.99,6531.42,51908839,40194684118.0,5.83,1.94
2024-09-25,118202.13,118281.56,121522.88,117863.94,2.34,2706.37,66693525,53368932550.0,3.17,2.5
2024-09-26,117503.96,124966.48,124966.48,117473.17,5.65,6684.92,79401681,57678299352.0,6.34,2.97
2024-09-27,128994.85,135249.8,135256.3,126606.23,8.23,10283.32,71554416,61954787877.0,6.92,2.68
2024-09-30,146886.58,148783.58,148783.58,142304.86,10.01,13533.78,100372717,104893816432.0,4.79,3.76
2024-10-08,163663.61,163663.61,163663.61,157455.72,10.0,14880.03,85078155,94964621068.0,4.17,3.19
2024-10-09,160230.63,150222.94,165421.28,150222.94,-8.21,-13440.67,158433134,188032194984.0,9.29,5.93
2024-10-10,152271.97,143855.34,153654.69,141780.02,-4.24,-6367.6,135238779,125848232684.0,7.9,5.06
2024-10-11,141813.83,141729.36,145691.36,140107.84,-1.48,-2125.98,88662933,83110003900.0,3.88,3.32
2024-10-14,142959.58,142464.8,143226.36,135826.8,0.52,735.44,94177256,94877177417.0,5.22,3.53
2024-10-15,140402.78,137971.78,142674.28,137963.39,-3.15,-4493.02,75428510,66300750742.0,3.31,2.82
2024-10-16,135718.19,138826.67,141786.81,135718.19,0.62,854.89,70750107,62528443073.0,4.4,2.65
2024-10-17,139556.77,137053.48,141563.77,137053.48,-1.28,-1773.19,64454079,58911286969.0,3.25,2.41
2024-10-18,136849.06,144033.97,149204.61,136169.75,5.09,6980.49,114444446,111499669412.0,9.51,4.28
2024-10-21,141988.8,141694.81,143227.88,140532.78,-1.62,-2339.16,87883931,78756178221.0,1.87,3.29
2024-10-22,141432.2,142940.97,143579.03,141094.09,0.88,1246.16,66094482,56487551496.0,1.75,2.47
2024-10-23,143271.64,142367.38,145793.72,141762.45,-0.4,-573.59,84629185,70654901351.0,2.82,3.17
2024-10-24,141699.94,143224.44,143970.06,141331.58,0.6,857.06,65929345,53925240854.0,1.85,2.47
2024-10-25,143397.3,144630.2,146470.13,142841.47,0.98,1405.76,73430615,59379578683.0,2.53,2.75
2024-10-28,144242.69,145360.31,145759.77,143774.22,0.5,730.11,58039345,48517238649.0,1.37,2.17
2024-10-29,146011.16,143397.41,147946.34,143120.55,-1.35,-1962.9,68978241,59369968496.0,3.32,2.58
2024-10-30,142620.64,143613.16,144921.81,141918.41,0.15,215.75,58033043,49872265151.0,2.09,2.17
2024-10-31,143364.27,147094.97,149773.44,142811.89,2.42,3481.81,96372293,88769772326.0,4.85,3.61
2024-11-01,147432.09,145139.25,149629.47,145075.94,-1.33,-1955.72,93285025,82725940457.0,3.1,3.49
2024-11-04,146311.3,149932.66,149932.66,145972.36,3.3,4793.41,73004562,69449565276.0,2.73,2.73
2024-11-05,150137.5,156747.94,157293.98,148169.89,4.55,6815.28,105651530,107308751203.0,6.09,3.96
2024-11-06,158188.83,156289.47,161671.44,155217.3,-0.29,-458.47,114710477,125094108820.0,4.12,4.29
2024-11-07,153664.78,165757.45,167333.59,153529.92,6.06,9467.98,129637402,139068983040.0,8.83,4.85
2024-11-08,169656.94,161333.89,169656.94,160970.83,-2.67,-4423.56,114215239,132507908408.0,5.24,4.28
2024-11-11,159019.53,161286.19,162206.64,158319.7,-0.03,-47.7,75508482,86852146364.0,2.41,2.83
2024-11-12,161172.8,157548.8,162216.47,155874.48,-2.32,-3737.39,65776240,75578900178.0,3.93,2.46
2024-11-13,156297.0,157835.0,158992.73,155063.06,0.18,286.2,51526806,61854116085.0,2.49,1.93
2024-11-14,157107.84,155164.13,159140.91,154896.55,-1.69,-2670.87,47840363,57056560589.0,2.69,1.79
2024-11-15,154976.06,149661.8,156463.81,149661.8,-3.55,-5502.33,55814543,61292096112.0,4.38,2.09
2024-11-18,149661.14,146887.98,151062.7,145835.06,-1.85,-2773.82,48555075,49338408193.0,3.49,1.82
2024-11-19,147367.67,149519.59,149922.86,146199.25,1.79,2631.61,40173986,41746701303.0,2.54,1.5
2024-11-20,148585.31,149869.61,150811.03,147742.5,0.23,350.02,38653038,40053781703.0,2.05,1.45
2024-11-21,149670.05,150974.47,151992.75,149007.13,0.74,1104.86,46328523,47246014459.0,1.99,1.73
2024-11-22,150454.39,143662.92,150908.47,143630.61,-4.84,-7311.55,48282611,49826771749.0,4.82,1.81
2024-11-25,144175.33,143889.94,144425.34,141495.17,0.16,227.02,35607037,37572104124.0,2.04,1.33
2024-11-26,143414.2,144141.97,146731.52,143384.94,0.18,252.03,30095364,32192936707.0,2.33,1.13
2024-11-27,143865.81,147377.88,147380.14,143349.16,2.24,3235.91,37106825,39603142442.0,2.8,1.39
2024-11-28,147617.33,146980.69,148722.33,146637.39,-0.27,-397.19,34285462,36067567715.0,1.41,1.28
2024-11-29,146611.59,150516.89,153925.78,146296.56,2.41,3536.2,63675483,64701840770.0,5.19,2.38
2024-12-02,149160.14,152277.31,153361.17,149057.66,1.17,1760.42,53621191,52723502738.0,2.86,2.01
2024-12-03,151722.41,152510.09,153565.11,150139.58,0.15,232.78,43047789,42230877312.0,2.25,1.61
2024-12-04,151764.13,150403.42,153223.31,149554.02,-1.38,-2106.67,38242743,37388907330.0,2.41,1.43
2024-12-05,150015.69,152438.48,153202.58,150015.69,1.35,2035.06,40651048,38841322725.0,2.12,1.52
2024-12-06,152174.69,154278.67,155756.8,151052.83,1.21,1840.19,52029940,53874590104.0,3.09,1.95
2024-12-09,153409.56,152458.06,154471.67,150979.41,-1.18,-1820.61,35991417,37420269428.0,2.26,1.35
2024-12-10,160108.53,153763.58,160108.53,153621.47,0.86,1305.52,63445838,69833828743.0,4.25,2.38
2024-12-11,153581.53,154047.69,154885.61,152960.86,0.18,284.11,33045848,36019080252.0,1.25,1.24
2024-12-12,154555.56,157233.23,158650.41,154002.77,2.07,3185.54,48805607,50139412106.0,3.02,1.83
2024-12-13,155473.75,153979.19,156069.31,153399.05,-2.07,-3254.04,52646777,56422292860.0,1.7,1.97
2024-12-16,153248.17,151582.34,153545.69,150909.83,-1.56,-2396.85,33785053,35141601420.0,1.71,1.26
2024-12-17,150798.45,150778.39,152543.34,149997.13,-0.53,-803.95,34412211,36355718484.0,1.68,1.29
2024-12-18,150927.28,150291.06,151389.38,149917.64,-0.32,-487.33,25579090,26480470948.0,0.98,0.96
2024-12-19,148724.72,149896.67,150333.45,148202.81,-0.26,-394.39,24879906,26143931493.0,1.42,0.93
2024-12-20,149563.56,150556.89,151783.81,149563.56,0.44,660.22,26624150,27337842231.0,1.48,1.0
2024-12-23,150058.8,148308.28,151960.53,148148.02,-1.49,-2248.61,28188240,29050388409.0,2.53,1.06
2024-12-24,148579.36,151556.27,151566.97,148531.67,2.19,3247.99,28937790,31349809102.0,2.05,1.08
2024-12-25,151392.16,150377.41,151519.42,148698.81,-0.78,-1178.86,27810912,29058953860.0,1.86,1.04
2024-12-26,149883.23,150910.91,151318.55,149883.23,0.35,533.5,23409248,24434550561.0,0.95,0.88
2024-12-27,150827.83,152101.61,154694.17,150826.42,0.79,1190.7,39164508,42580448387.0,2.56,1.47
2024-12-30,151462.41,152950.44,153161.11,151406.14,0.56,848.83,26987822,29846509944.0,1.15,1.01
2024-12-31,152994.73,145630.3,152994.73,145630.3,-4.79,-7320.14,41005362,43142566363.0,4.81,1.54
2025-01-02,145122.81,138617.03,145122.86,137265.94,-4.82,-7013.27,44119372,45500129709.0,5.4,1.65
2025-01-03,138811.98,134449.44,139061.22,134210.3,-3.01,-4167.59,32091792,30523077671.0,3.5,1.2
2025-01-06,133775.48,134489.67,135388.69,133350.31,0.03,40.23,22753584,21321403873.0,1.52,0.85
2025-01-07,134827.13,135839.05,136023.41,133724.03,1.0,1349.38,24408188,20900099109.0,1.71,0.91
2025-01-08,135059.02,134704.02,135885.0,131415.67,-0.84,-1135.03,29711463,26093561328.0,3.29,1.11
2025-01-09,133990.36,133922.11,135434.3,133678.45,-0.58,-781.91,19455490,16309029268.0,1.3,0.73
2025-01-10,133951.86,131491.45,134974.97,131491.45,-1.81,-2430.66,19980058,17826310932.0,2.6,0.75
2025-01-13,129901.38,132015.91,132346.5,129901.38,0.4,524.46,17742223,15275136849.0,1.86,0.66
2025-01-14,132485.59,137019.56,137219.3,132393.55,3.79,5003.65,34294026,31232979241.0,3.66,1.28
2025-01-15,136489.67,136092.34,136950.34,135676.31,-0.68,-927.22,21427356,19347854511.0,0.93,0.8
2025-01-16,136817.28,136038.58,138454.41,134976.84,-0.04,-53.76,21747703,19886106144.0,2.56,0.81
2025-01-17,135594.25,136518.95,137504.19,135332.5,0.35,480.37,19061662,16749194836.0,1.6,0.71
2025-01-20,137756.39,137189.83,138902.91,136877.59,0.49,670.88,21297159,20248488457.0,1.48,0.8
2025-01-21,138164.23,137244.08,138262.02,135942.44,0.04,54.25,19333906,17479128923.0,1.69,0.72
2025-01-22,136900.34,137049.45,137515.92,136107.92,-0.14,-194.63,19600011,18789190701.0,1.03,0.73
2025-01-23,139672.75,138060.44,142068.61,138060.44,0.74,1010.99,39469163,37100227670.0,2.92,1.48
2025-01-24,137661.89,139140.53,139996.58,137626.17,0.78,1080.09,25835229,25125592155.0,1.72,0.97
2025-01-27,139453.02,135612.59,139694.91,135612.59,-2.54,-3527.94,22657107,20860148590.0,2.93,0.85
2025-02-05,136533.13,136112.23,136996.22,135588.03,0.37,499.64,19294786,17949953558.0,1.04,0.72
2025-02-06,135810.11,138530.03,138832.19,135533.88,1.78,2417.8,24131686,21619564616.0,2.42,0.9
2025-02-07,138312.84,141765.75,143875.42,138122.33,2.34,3235.72,41920463,39921051822.0,4.15,1.57
2025-02-10,141657.44,142206.2,143022.52,141354.86,0.31,440.45,26344872,25775260217.0,1.18,0.99
2025-02-11,142190.19,141561.05,142238.64,139985.67,-0.45,-645.15,23644987,23462662320.0,1.58,0.89
2025-02-12,141185.83,144199.06,144235.75,141185.83,1.86,2638.01,30886896,28258098858.0,2.15,1.16
2025-02-13,143847.72,143287.5,145812.84,142514.42,-0.63,-911.56,49594085,40972328617.0,2.29,1.86
2025-02-14,142659.63,143344.77,143961.66,142246.91,0.04,57.27,31675781,26842093709.0,1.2,1.19
2025-02-17,145247.69,143937.27,145420.22,143157.92,0.41,592.5,35155441,33655217408.0,1.58,1.32
2025-02-18,143307.77,140147.44,143987.19,139667.03,-2.63,-3789.83,32570946,29642799906.0,3.0,1.22
2025-02-19,139951.36,141914.73,142377.0,139951.36,1.26,1767.29,27993079,26814917346.0,1.73,1.05
2025-02-20,141519.92,141682.45,142400.17,140591.44,-0.16,-232.28,21969993,21905803587.0,1.27,0.82
2025-02-21,141882.78,144599.0,145030.95,140686.61,2.06,2916.55,41981858,40472837419.0,3.07,1.57
2025-02-24,144065.59,143391.7,144740.72,142626.31,-0.83,-1207.3,29859871,29274625783.0,1.46,1.12
2025-02-25,141985.55,141196.97,142686.55,140878.8,-1.53,-2194.73,22264220,21984966944.0,1.26,0.83
2025-02-26,141468.11,145150.36,145168.53,141089.94,2.8,3953.39,36506035,36804996205.0,2.89,1.37
2025-02-27,143945.0,144986.08,145896.44,141964.47,-0.11,-164.28,42895739,47294788992.0,2.71,1.61
2025-02-28,144043.5,140359.2,146495.52,140088.72,-3.19,-4626.88,40162845,43075086101.0,4.42,1.5
2025-03-03,140505.67,139627.75,141631.98,139018.23,-0.52,-731.45,27783609,28369460957.0,1.86,1.04
2025-03-04,138965.72,140353.95,140790.63,138927.64,0.52,726.2,20579215,20838843936.0,1.33,0.77
2025-03-05,140160.89,140364.98,140915.78,138836.73,0.01,11.03,21940118,23415101195.0,1.48,0.82
2025-03-06,141130.08,143552.55,143906.22,140901.88,2.27,3187.57,36892025,39122975596.0,2.14,1.38
2025-03-07,142651.81,141029.98,142682.19,140676.67,-1.76,-2522.57,24749818,25517820941.0,1.4,0.93
2025-03-10,140756.56,140347.27,140965.22,139636.69,-0.48,-682.71,17949267,18909901314.0,0.94,0.67
2025-03-11,139030.33,140832.06,140832.06,138927.05,0.35,484.79,18143228,18596366628.0,1.36,0.68
2025-03-12,141045.44,141830.75,143827.31,140705.34,0.71,998.69,28674831,31282979411.0,2.22,1.07
2025-03-13,141455.97,141044.78,143193.52,140072.25,-0.55,-785.97,23350716,25662186205.0,2.2,0.87
2025-03-14,141238.69,145428.11,146786.2,141238.69,3.11,4383.33,52964301,58628388502.0,3.93,1.98
2025-03-17,145515.86,144162.78,145515.86,144040.34,-0.87,-1265.33,28358217,32056333908.0,1.01,1.06
2025-03-18,144872.48,144460.56,145084.34,143842.98,0.21,297.78,19408033,21681106585.0,0.86,0.73
2025-03-19,144236.61,144620.53,145542.3,144056.52,0.11,159.97,19958538,21783647326.0,1.03,0.75
2025-03-20,144417.45,143588.14,144549.63,143245.97,-0.71,-1032.39,18204816,19617238110.0,0.9,0.68
2025-03-21,143120.52,141242.41,144009.42,140891.19,-1.63,-2345.73,23800790,25856920600.0,2.17,0.89
2025-03-24,140983.05,140755.97,141196.0,139259.17,-0.34,-486.44,19283162,19644857438.0,1.37,0.72
2025-03-25,140749.09,140295.33,141065.14,139681.14,-0.33,-460.64,14514678,15510032775.0,0.98,0.54
2025-03-26,140175.95,140330.38,141125.42,140169.86,0.02,35.05,13146497,13394777123.0,0.68,0.49
2025-03-27,140002.0,140561.27,141661.19,139092.13,0.16,230.89,16105154,17043623094.0,1.83,0.6
2025-03-28,140575.31,140788.47,141476.06,140174.56,0.16,227.2,16594918,17857854716.0,0.93,0.62
2025-03-31,140495.17,138171.84,141245.73,137660.69,-1.86,-2616.63,22438015,23317640859.0,2.55,0.84
2025-04-01,138718.13,138272.64,139456.09,137981.08,0.07,100.8,17445564,17578280881.0,1.07,0.65
2025-04-02,137990.63,139213.05,139673.86,137990.63,0.68,940.41,14744839,14342665921.0,1.22,0.55
2025-04-03,138068.52,139198.48,140177.92,138068.52,-0.01,-14.57,16465960,15744730606.0,1.52,0.62
2025-04-07,132605.95,126214.78,133651.5,125507.21,-9.33,-12983.7,41376983,39227818793.0,5.85,1.55
2025-04-08,126975.06,127182.42,128221.68,125602.98,0.77,967.64,33088466,30839110131.0,2.07,1.24
2025-04-09,125967.08,129495.91,130617.02,123723.38,1.82,2313.49,34614885,30821454774.0,5.42,1.3
2025-04-10,131279.59,131421.84,133043.56,130168.13,1.49,1925.93,29574261,28034261607.0,2.22,1.11
2025-04-11,131021.19,131394.47,132581.88,130593.44,-0.02,-27.37,20861302,20246862818.0,1.51,0.78
2025-04-14,132158.36,131849.94,132492.56,131416.66,0.35,455.47,17362031,15915139840.0,0.82,0.65
2025-04-15,131766.83,131286.2,131766.83,130637.45,-0.43,-563.74,12765533,11803389872.0,0.86,0.48
2025-04-16,131011.87,130727.03,131011.87,128952.05,-0.43,-559.17,15754902,14574049430.0,1.57,0.59
2025-04-17,130041.73,130642.58,131450.34,129967.09,-0.06,-84.45,13812139,12376841302.0,1.13,0.52
2025-04-18,130494.64,131680.03,132204.47,130253.61,0.79,1037.45,18781613,14894519235.0,1.49,0.7
2025-04-21,131181.19,132425.92,132594.56,130813.67,0.57,745.89,15729390,13503364417.0,1.35,0.59
2025-04-22,132221.27,132412.98,133183.31,132151.02,-0.01,-12.94,15670789,13821642318.0,0.78,0.59
2025-04-23,132906.53,132444.44,133287.41,131950.38,0.02,31.46,14932268,13503727410.0,1.01,0.56
2025-04-24,132407.41,131632.72,132870.41,131212.03,-0.61,-811.72,14536231,13425790250.0,1.25,0.54
2025-04-25,131905.97,132745.0,133422.7,131884.89,0.84,1112.28,18111220,16377420679.0,1.17,0.68
2025-04-28,132470.13,131172.91,132498.94,130637.48,-1.18,-1572.09,15958578,13749620904.0,1.4,0.6
2025-04-29,131304.94,131206.39,132328.31,130959.62,0.03,33.48,13866282,12451825559.0,1.04,0.52
2025-04-30,131355.03,131269.03,132593.8,131256.16,0.05,62.64,16534502,15327668854.0,1.02,0.62
2025-05-06,132066.0,133594.55,133680.06,131873.75,1.77,2325.52,22414743,20076342271.0,1.38,0.84
2025-05-07,137277.47,134262.11,137789.45,133790.33,0.5,667.56,29576679,27509426322.0,2.99,1.11
2025-05-08,133745.8,134526.59,135103.78,133694.53,0.2,264.48,17470660,17163263563.0,1.05,0.65
2025-05-09,134518.17,132881.88,134518.17,132606.72,-1.22,-1644.71,14374076,13235548393.0,1.42,0.54
2025-05-12,133698.95,135680.06,135838.06,133195.91,2.11,2798.18,22688144,22858941579.0,1.99,0.85
2025-05-13,136620.69,134804.45,136620.69,134632.84,-0.65,-875.61,17844180,17319525755.0,1.47,0.67
2025-05-14,134739.97,139271.7,141199.81,134104.61,3.31,4467.25,47809784,48512084682.0,5.26,1.79
2025-05-15,138151.25,136524.47,138917.72,136485.77,-1.97,-2747.23,25451765,24905402743.0,1.75,0.95
2025-05-16,136321.38,135194.31,136525.02,134864.61,-0.97,-1330.16,18465070,17467651126.0,1.22,0.69
2025-05-19,135241.77,135524.45,136024.36,134426.77,0.24,330.14,14718213,13777415999.0,1.18,0.55
2025-05-20,135575.06,135708.69,136302.13,135014.83,0.14,184.24,15184060,14232910498.0,0.95,0.57
2025-05-21,135475.41,135383.91,136017.16,135311.22,-0.24,-324.78,12559387,11991338622.0,0.52,0.47
2025-05-22,135098.41,134272.02,135176.52,133987.73,-0.82,-1111.89,12754619,11741416086.0,0.88,0.48
2025-05-23,134146.27,132318.89,134783.48,132318.89,-1.45,-1953.13,15675303,14750506220.0,1.84,0.59
2025-05-26,132107.78,132433.67,132746.31,131704.8,0.09,114.78,10633897,9986551521.0,0.79,0.4
2025-05-27,132410.88,132494.95,132808.84,131851.13,0.05,61.28,9791673,9043630476.0,0.72,0.37
2025-05-28,132553.77,131823.31,132662.06,131643.03,-0.51,-671.64,8777380,8082029261.0,0.77,0.33
2025-05-29,131913.86,133418.59,133740.3,131879.23,1.21,1595.28,14347164,13171045566.0,1.41,0.54
2025-05-30,132948.92,132955.69,133382.34,132203.33,-0.35,-462.9,12825661,12201231382.0,0.88,0.48
2025-06-03,132303.09,134125.94,134620.53,132239.34,0.88,1170.25,16701787,16788610807.0,1.79,0.63
2025-06-04,133958.47,135974.23,136340.0,133958.47,1.38,1848.29,20525316,19870981615.0,1.78,0.77
2025-06-05,135899.61,137100.44,137570.73,135851.64,0.83,1126.21,21850003,23059537697.0,1.26,0.82
2025-06-06,137154.23,135802.17,137430.86,135655.73,-0.95,-1298.27,14418877,14916484251.0,1.29,0.54
2025-06-09,136975.72,137920.2,138686.41,136748.36,1.56,2118.03,24071810,25158605607.0,1.43,0.9
2025-06-10,137809.11,136175.89,137822.67,135225.95,-1.26,-1744.31,20809742,21222534373.0,1.88,0.78
2025-06-11,136494.86,138785.19,140242.98,136429.88,1.92,2609.3,34343325,33198998800.0,2.8,1.29
2025-06-12,137988.98,138458.66,139731.73,137988.98,-0.24,-326.53,28182227,24432244165.0,1.26,1.06
2025-06-13,137966.47,136889.84,138225.36,136483.55,-1.13,-1568.82,26539860,25277332895.0,1.26,0.99
2025-06-16,136393.36,138708.58,138796.75,136393.36,1.33,1818.74,20269829,19821475879.0,1.76,0.76
2025-06-17,138669.44,139234.86,139356.3,138161.31,0.38,526.28,17164447,17133569522.0,0.86,0.64
2025-06-18,138905.7,137377.72,138968.84,136672.34,-1.33,-1857.14,17310375,16524720557.0,1.65,0.65
2025-06-19,137075.19,134713.17,137177.91,134410.05,-1.94,-2664.55,19367921,18165806477.0,2.01,0.73
2025-06-20,134699.5,134068.41,135305.81,134068.41,-0.48,-644.76,12980197,12291192373.0,0.92,0.49
2025-06-23,133354.11,135869.5,136359.56,133354.11,1.34,1801.09,15850066,15105531353.0,2.24,0.59
2025-06-24,136254.13,139813.02,140660.92,136249.94,2.9,3943.52,35267406,34357474429.0,3.25,1.32
2025-06-25,140383.69,145977.23,146652.88,140383.69,4.41,6164.21,73203446,70482038181.0,4.48,2.74
2025-06-26,146900.31,144975.58,146900.31,144402.39,-0.69,-1001.65,64184825,56427373318.0,1.71,2.4
2025-06-27,145203.81,145120.45,149560.16,144972.08,0.1,144.87,72340315,62916393650.0,3.16,2.71
2025-06-30,145090.41,143999.78,145222.91,142951.05,-0.77,-1120.67,44197286,36590802590.0,1.57,1.65
2025-07-01,144196.84,143499.0,144275.14,142442.55,-0.35,-500.78,32575884,27410019721.0,1.27,1.22
2025-07-02,143378.0,142805.86,143779.34,142328.56,-0.48,-693.14,25335646,21956407556.0,1.01,0.95
2025-07-03,142965.7,143498.61,143943.56,142757.36,0.49,692.75,23455969,21464466821.0,0.83,0.88
2025-07-04,143384.92,143441.25,145945.39,142237.69,-0.04,-57.36,41576727,35889242787.0,2.58,1.56
2025-07-07,142811.3,143829.38,144408.41,142789.61,0.27,388.13,24959757,20652207258.0,1.13,0.93
2025-07-08,143810.48,145660.5,145867.44,143598.94,1.27,1831.12,35266718,30552357706.0,1.58,1.32
2025-07-09,145663.98,145445.44,147019.22,145119.86,-0.15,-215.06,34961399,31039772093.0,1.3,1.31
2025-07-10,145101.11,147570.16,148242.41,145101.11,1.46,2124.72,42137526,39176380642.0,2.16,1.58
2025-07-11,148763.94,151678.14,154165.98,147969.66,2.78,4107.98,81959186,79721974066.0,4.2,3.07
2025-07-14,152730.55,149694.58,152730.55,149591.73,-1.31,-1983.56,48957415,46311370979.0,2.07,1.83
2025-07-15,150223.78,149174.92,151039.41,148516.13,-0.35,-519.66,38491522,37663357656.0,1.69,1.44
2025-07-16,149032.33,149000.52,150181.33,148025.02,-0.12,-174.4,26882516,26573932102.0,1.45,1.01
2025-07-17,149021.14,149710.16,150094.31,148560.81,0.48,709.64,25471775,25400428183.0,1.03,0.95
2025-07-18,149749.91,149873.56,150524.5,149361.64,0.11,163.4,26474193,27821337330.0,0.78,0.99
2025-07-21,149732.2,152245.64,152600.58,149514.56,1.58,2372.08,37086763,40435247075.0,2.06,1.39
2025-07-22,151988.34,152468.28,152816.09,150182.5,0.15,222.64,35529471,36685573027.0,1.73,1.33
2025-07-23,152701.48,153231.95,156330.86,152701.48,0.5,763.67,61785279,67436855120.0,2.38,2.31
2025-07-24,152642.41,157746.61,157987.16,152642.41,2.95,4514.66,64423273,68345774823.0,3.49,2.41
2025-07-25,158094.22,157643.27,159648.39,157070.13,-0.07,-103.34,52316385,55289388654.0,1.63,1.96
2025-07-28,157426.08,158284.97,160376.05,156257.06,0.41,641.7,44929313,50800125581.0,2.61,1.68
2025-07-29,157554.73,158841.72,158852.28,155119.88,0.35,556.75,46799311,48857881737.0,2.36,1.75
2025-07-30,158405.31,156679.03,158697.47,155234.83,-1.36,-2162.69,43474463,45379858813.0,2.18,1.63
2025-07-31,155670.59,153196.61,157135.53,152429.34,-2.22,-3482.42,48818398,48444158703.0,3.0,1.83
2025-08-01,153014.42,152322.22,154287.06,151847.08,-0.57,-874.39,34805450,33837284339.0,1.59,1.3
2025-08-04,151521.44,152447.31,152486.75,151283.72,0.08,125.09,24431306,24541244167.0,0.79,0.91
2025-08-05,152905.53,154368.77,155060.0,152905.53,1.26,1921.46,30880387,33080140060.0,1.41,1.16
2025-08-06,154098.14,155048.94,155301.17,153616.0,0.44,680.17,26485202,28529218936.0,1.09,0.99
2025-08-07,155181.47,155486.28,156693.89,154263.3,0.28,437.34,31723487,32374143573.0,1.57,1.19
2025-08-08,155095.8,154182.61,155394.38,153657.02,-0.84,-1303.67,25276358,26375324742.0,1.12,0.95
2025-08-11,154041.06,156111.08,156880.06,154041.06,1.25,1928.47,32820529,35777143817.0,1.84,1.23
2025-08-12,156285.41,157332.66,157631.81,155814.33,0.78,1221.58,29887840,32471687105.0,1.16,1.12
2025-08-13,158019.8,160647.03,161885.55,156694.59,2.11,3314.37,64049546,69494543859.0,3.3,2.4
2025-08-14,160738.81,160249.98,163504.13,159649.17,-0.25,-397.05,62599038,71764486083.0,2.4,2.34
2025-08-15,159847.47,166177.3,167727.83,159510.88,3.7,5927.32,94859085,105105367702.0,5.13,3.55
2025-08-18,168204.05,167991.23,170698.22,165188.8,1.09,1813.93,95524361,104609274600.0,3.32,3.58
2025-08-19,167223.72,166112.19,168599.94,165744.67,-1.12,-1879.04,58827229,65127916003.0,1.7,2.2
2025-08-20,165507.66,168076.64,168076.64,163843.19,1.18,1964.45,53738079,57230888471.0,2.55,2.01
2025-08-21,169497.7,166175.59,169848.86,165369.14,-1.13,-1901.05,47883656,51665696984.0,2.67,1.79
2025-08-22,165213.33,170910.42,170910.42,165213.33,2.85,4734.83,67243203,78860276151.0,3.43,2.52
2025-08-25,172845.53,172685.98,175157.48,170532.72,1.04,1775.56,77964710,89481869680.0,2.71,2.92
2025-08-26,171623.58,171125.25,173063.28,170683.67,-0.9,-1560.73,49489297,54108152655.0,1.38,1.85
2025-08-27,170849.52,166773.02,172943.47,166773.02,-2.54,-4352.23,69411741,73024281844.0,3.61,2.6
2025-08-28,166667.64,169901.39,169901.39,165157.69,1.88,3128.37,56032130,59342978702.0,2.84,2.1
2025-08-29,170439.47,168897.66,171226.56,168325.55,-0.59,-1003.73,53821252,63575469070.0,1.71,2.02
2025-09-01,169313.84,167461.64,169507.31,166636.67,-0.85,-1436.02,44656633,51448576686.0,1.7,1.67
2025-09-02,167386.77,166114.75,168006.69,164580.53,-0.8,-1346.89,61148142,60801270355.0,2.05,2.29
2025-09-03,166671.3,160076.64,166880.67,159150.89,-3.63,-6038.11,54048512,55205240229.0,4.65,2.02
2025-09-04,159888.7,160841.45,162345.22,158792.42,0.48,764.81,56462157,53662702341.0,2.22,2.11
2025-09-05,161074.91,161760.61,162027.44,159214.42,0.57,919.16,43563809,41154384243.0,1.75,1.63
2025-09-08,161217.48,161014.0,161884.08,160130.66,-0.46,-746.61,36647645,36944553755.0,1.08,1.37
2025-09-09,160737.92,160689.14,162244.08,160188.33,-0.2,-324.86,34666388,35549029853.0,1.28,1.3
2025-09-10,160526.8,160373.67,161556.7,159658.97,-0.2,-315.47,30664820,29310741223.0,1.18,1.15
2025-09-11,159939.03,165322.53,165495.66,159487.28,3.09,4948.86,58844707,55699024612.0,3.75,2.2
2025-09-12,164917.58,163224.75,165628.47,162996.84,-1.27,-2097.78,44361620,43568213162.0,1.59,1.66
2025-09-15,163123.95,162599.72,164118.55,162293.13,-0.38,-625.03,32032796,35498811311.0,1.12,1.2
2025-09-16,162678.66,163489.02,164606.03,161597.59,0.55,889.3,44420503,47202518864.0,1.85,1.66
2025-09-17,163159.55,165005.03,166119.58,163096.89,0.93,1516.01,49900063,57164572962.0,1.85,1.87
2025-09-18,164294.63,159892.23,164294.63,158640.33,-3.1,-5112.8,61182037,67979720927.0,3.43,2.29
2025-09-19,159547.17,157996.36,159821.05,157781.22,-1.19,-1895.87,31691348,32994750754.0,1.28,1.19
2025-09-22,158155.13,159615.67,159618.75,157419.52,1.02,1619.31,25677298,29106817150.0,1.39,0.96
2025-09-23,158520.03,156922.94,158520.03,154920.02,-1.69,-2692.73,33921148,35574921492.0,2.26,1.27
2025-09-24,156136.11,158729.45,159481.08,156136.11,1.15,1806.51,31081926,33613689908.0,2.13,1.16
2025-09-25,158301.77,158023.16,159593.44,157997.77,-0.44,-706.29,25764315,29950518509.0,1.01,0.96
2025-09-26,157559.23,157557.06,159431.97,157519.52,-0.29,-466.1,23879921,27219019654.0,1.21,0.89
2025-09-29,157292.89,164447.69,167157.94,157292.89,4.37,6890.63,72398408,93082084899.0,6.26,2.71
2025-09-30,164021.09,163509.77,164882.66,162811.88,-0.57,-937.92,45803760,62122215945.0,1.26,1.71
2025-10-09,162882.84,164746.92,165390.97,161425.27,0.76,1237.15,46177938,61474739644.0,2.43,1.73
2025-10-10,163909.94,165778.95,167871.48,163772.78,0.63,1032.03,46553434,62366263694.0,2.49,1.74
2025-10-13,161356.48,164476.09,164921.45,161356.48,-0.79,-1302.86,37611781,48292191390.0,2.15,1.41
2025-10-14,164655.48,163576.81,167258.91,163047.67,-0.55,-899.28,38466602,48150350534.0,2.56,1.44
2025-10-15,163992.42,165104.66,165178.92,162064.75,0.93,1527.85,36078411,46579126440.0,1.9,1.35
2025-10-16,164339.75,164325.59,165574.73,163582.66,-0.47,-779.07,29674743,39387176948.0,1.21,1.11
2025-10-17,164220.66,160935.3,165692.31,160909.78,-2.06,-3390.29,33640638,42653409461.0,2.91,1.26
2025-10-20,162580.06,161133.19,162794.25,160655.08,0.12,197.89,24387918,30752398919.0,1.33,0.91
2025-10-21,161388.78,162786.47,164675.47,161388.78,1.03,1653.28,40822795,48087168353.0,2.04,1.53
2025-10-22,161954.31,161115.31,162075.63,160876.39,-1.03,-1671.16,24482159,27109333557.0,0.74,0.92
2025-10-23,160989.91,162908.84,162984.66,159433.31,1.11,1793.53,26524659,30397508001.0,2.2,0.99
2025-10-24,162726.8,164152.91,164182.22,162390.95,0.76,1244.07,30459938,39533109256.0,1.1,1.14
2025-10-27,165749.89,166072.22,166788.78,164835.3,1.17,1919.31,47523248,63778650929.0,1.19,1.78
2025-10-28,165380.48,164645.44,166235.67,164436.89,-0.86,-1426.78,31528316,39408424999.0,1.08,1.18
2025-10-29,164507.53,168319.38,168827.14,164491.05,2.23,3673.94,53568033,63749643876.0,2.63,2.01
2025-10-30,167636.11,164744.73,167636.11,164744.73,-2.12,-3574.65,41479030,49992587696.0,1.72,1.55
2025-10-31,165294.39,163102.38,165552.33,163102.38,-1.0,-1642.35,36870076,43720796043.0,1.49,1.38
2025-11-03,162610.34,162362.86,162611.03,160551.28,-0.45,-739.52,26823934,30769228990.0,1.26,1.0
2025-11-04,161953.2,161691.88,162313.91,160705.8,-0.41,-670.98,23112841,26679124487.0,0.99,0.87
2025-11-05,160510.91,161176.44,161912.81,160493.95,-0.32,-515.44,19937750,22716544153.0,0.88,0.75
2025-11-06,161436.27,162806.58,163802.7,161436.27,1.01,1630.14,28790063,35451822010.0,1.47,1.08
2025-11-07,162012.08,161147.27,162300.25,161138.67,-1.02,-1659.31,22651879,25497623014.0,0.71,0.85
2025-11-10,160964.59,163256.63,163846.8,160760.42,1.31,2109.36,28064978,33690590724.0,1.92,1.05
2025-11-11,163397.83,161712.73,163959.59,161515.56,-0.95,-1543.9,24034172,27850996185.0,1.5,0.9
2025-11-12,161483.78,160109.48,161517.08,159335.89,-0.99,-1603.25,23784972,26727653194.0,1.35,0.89
2025-11-13,159794.19,161687.64,161737.64,159716.39,0.99,1578.16,22690998,26557614728.0,1.26,0.85
2025-11-14,160684.7,159927.81,161693.27,159927.81,-1.09,-1759.83,21399312,24764504448.0,1.09,0.8
2025-11-17,159510.98,158581.53,159528.91,158348.81,-0.84,-1346.28,20256195,22912372790.0,0.74,0.76
2025-11-18,158404.22,158830.47,159812.22,158404.22,0.16,248.94,21632285,24668540952.0,0.89,0.81
2025-11-19,158633.42,158443.31,160041.13,157784.5,-0.24,-387.16,19501514,21532123071.0,1.42,0.73
2025-11-20,162028.84,157792.05,162147.58,157782.88,-0.41,-651.26,30129297,33517634358.0,2.75,1.13
2025-11-21,156266.67,152190.59,157418.66,152190.59,-3.55,-5601.46,31969128,33876636187.0,3.31,1.2
2025-11-24,152687.31,152686.33,153565.92,151673.58,0.33,495.74,19172836,20121608845.0,1.24,0.72
2025-11-25,153078.52,152872.36,153997.84,152697.75,0.12,186.03,18144112,19685103685.0,0.85,0.68
2025-11-26,152917.61,152205.97,153437.45,152158.5,-0.44,-666.39,13541463,14467560543.0,0.84,0.51
2025-11-27,152105.28,152268.8,153473.98,152031.34,0.04,62.83,13136364,14003053304.0,0.95,0.49
2025-11-28,152094.89,153121.45,153138.2,151573.81,0.56,852.65,13787210,14740953739.0,1.03,0.52
2025-12-01,152446.8,153691.75,153786.67,152438.56,0.37,570.3,21475305,19851774368.0,0.88,0.8
2025-12-02,153399.77,152300.72,153399.77,152103.19,-0.91,-1391.03,14676683,14627460877.0,0.84,0.55
2025-12-03,152634.3,151020.52,152977.81,150752.92,-0.84,-1280.2,16356135,15554894418.0,1.46,0.61
2025-12-04,150988.69,151443.69,152197.34,150503.67,0.28,423.17,14594388,14304179782.0,1.12,0.55
2025-12-05,151282.28,154883.59,155940.58,151126.69,2.27,3439.9,34246073,35290351202.0,3.18,1.28
2025-12-08,157021.73,156830.47,159442.08,156616.5,1.26,1946.88,50943175,57112764321.0,1.82,1.91
2025-12-09,155805.64,154614.77,156223.13,154436.42,-1.41,-2215.7,26794349,28615338317.0,1.14,1.0
2025-12-10,154207.16,155506.84,155818.52,153748.67,0.58,892.07,22421004,23397983665.0,1.34,0.84
2025-12-11,155326.34,153218.92,155381.22,153110.25,-1.47,-2287.92,19790400,20698439916.0,1.46,0.74
2025-12-12,153272.66,154256.67,155071.7,153023.42,0.68,1037.75,23735219,27041517150.0,1.34,0.89
2025-12-15,153289.52,154376.16,156069.28,153128.59,0.08,119.49,22343541,26422229358.0,1.91,0.84
2025-12-16,154032.81,153434.28,154521.02,153291.27,-0.61,-941.88,18316240,20982017779.0,0.8,0.69
2025-12-17,153260.0,155459.44,156763.05,152030.73,1.32,2025.16,30164531,35516243281.0,3.08,1.13
2025-12-18,156059.45,154031.08,156059.45,154031.08,-0.92,-1428.36,23362009,30547274788.0,1.3,0.87
2025-12-19,153694.52,154769.31,155542.14,153387.52,0.48,738.23,23317308,27515020606.0,1.4,0.87
2025-12-22,154617.47,154521.78,155299.39,154451.19,-0.16,-247.53,17492186,20852764385.0,0.55,0.65
2025-12-23,154531.59,153692.48,155133.06,153479.97,-0.54,-829.3,18986175,22988055907.0,1.07,0.71
2025-12-24,153509.03,155118.16,155360.44,153378.95,0.93,1425.68,18833981,21751194565.0,1.29,0.71
2025-12-25,155088.17,155909.28,156245.98,154878.08,0.51,791.12,19713751,22888697092.0,0.88,0.74
2025-12-26,155771.13,156762.13,158497.8,155736.78,0.55,852.85,29828242,34374470314.0,1.77,1.12
2025-12-29,156597.08,155831.31,156991.27,155543.13,-0.59,-930.82,19070802,22282500063.0,0.92,0.71
2025-12-30,155410.94,155646.66,156784.47,155163.31,-0.12,-184.65,18174511,20871322586.0,1.04,0.68
2025-12-31,155687.42,154747.42,156619.39,154747.42,-0.58,-899.24,19337294,22443241915.0,1.2,0.72
2026-01-05,154720.72,156992.28,156992.28,154611.3,1.45,2244.86,29387662,35698440331.0,1.54,1.1
2026-01-06,156869.69,162656.08,162742.08,156831.08,3.61,5663.8,60783457,70877402694.0,3.77,2.28
2026-01-07,162737.55,160799.86,163102.25,160089.3,-1.14,-1856.22,38026913,46130126951.0,1.85,1.42
2026-01-08,159733.3,157495.36,159743.41,157105.17,-2.06,-3304.5,38489117,48076284322.0,1.64,1.44
2026-01-09,157399.36,158611.39,159608.48,157388.77,0.71,1116.03,33101516,39487808440.0,1.41,1.24
2026-01-12,158315.3,161143.63,161317.64,158056.33,1.6,2532.24,51205272,51274175021.0,2.06,1.92
2026-01-13,161450.34,159995.23,163060.78,159470.27,-0.71,-1148.4,43587611,47028926119.0,2.23,1.63
2026-01-14,159546.64,159332.14,163616.31,158430.89,-0.41,-663.09,54652990,62227230028.0,3.24,2.05
2026-01-15,158287.2,156439.66,158970.34,156008.5,-1.82,-2892.48,35592942,39757305160.0,1.86,1.33
2026-01-16,157440.08,155407.58,157795.77,155283.36,-0.66,-1032.08,29121702,33876380219.0,1.61,1.09
2026-01-19,155097.33,155441.69,155860.66,154602.31,0.02,34.11,21998478,25125568007.0,0.81,0.82
2026-01-20,155418.59,155900.81,156223.19,155042.53,0.3,459.12,22918828,25814800522.0,0.76,0.86
2026-01-21,155469.03,155081.89,155997.41,154760.36,-0.53,-818.92,22885242,26040550260.0,0.79,0.86
2026-01-22,155177.0,155496.89,156364.97,155159.27,0.27,415.0,21313850,24595563687.0,0.78,0.8
2026-01-23,155712.14,156013.94,156591.22,155535.88,0.33,517.05,26289082,30457079894.0,0.68,0.98
2026-01-26,155928.16,156686.81,158606.02,155857.22,0.43,672.87,41778645,47133931621.0,1.76,1.56
2026-01-27,156318.14,155199.53,156373.95,153798.77,-0.95,-1487.28,29993321,31925896464.0,1.64,1.12
2026-01-28,155133.28,155417.14,156806.81,155020.64,0.14,217.61,34484966,37906485041.0,1.15,1.29
2026-01-29,155065.88,157089.27,157513.53,153729.8,1.08,1672.13,40076165,47394150459.0,2.43,1.5
2026-01-30,156406.86,154385.23,156881.14,153956.81,-1.72,-2704.04,32980555,36300444946.0,1.86,1.23
2026-02-02,154022.98,151910.81,155968.77,151825.3,-1.6,-2474.42,33097330,36889304045.0,2.68,1.24
2026-02-03,152737.75,152167.59,153072.16,150777.77,0.17,256.78,26122100,31004708212.0,1.51,0.98
2026-02-04,151869.61,154093.27,154382.44,151558.22,1.27,1925.68,25283163,28642641146.0,1.86,0.95
2026-02-05,153703.66,154930.41,155830.34,153176.38,0.54,837.14,24765560,27937501850.0,1.72,0.93
2026-02-06,154086.2,153785.16,155351.31,153774.34,-0.74,-1145.25,19868525,23541444562.0,1.02,0.74
2026-02-09,154708.53,155209.86,155446.06,154332.19,0.93,1424.7,19085067,22057014408.0,0.72,0.71
2026-02-10,155214.61,154616.22,155419.41,154541.2,-0.38,-593.64,14681458,16535201757.0,0.57,0.55
2026-02-11,154696.22,154580.34,155176.69,154350.42,-0.02,-35.88,14335194,16668598759.0,0.53,0.54
2026-02-12,154481.98,153555.83,154517.16,153482.8,-0.66,-1024.51,16038459,18544777636.0,0.67,0.6
2026-02-13,153750.27,151978.56,154445.33,151978.56,-1.03,-1577.27,21105531,25541511232.0,1.61,0.79
2026-02-24,152703.7,152105.94,152829.22,151973.13,0.08,127.38,18523953,21095885843.0,0.56,0.69
2026-02-25,152218.94,153505.5,154894.19,152218.94,0.92,1399.56,31542011,35996263881.0,1.76,1.18
2026-02-26,153607.89,152249.44,153609.88,151991.77,-0.82,-1256.06,22157617,27118585883.0,1.05,0.83
2026-02-27,152095.09,152923.5,153419.64,151859.08,0.44,674.06,20553008,23804193055.0,1.03,0.77
2026-03-02,151364.28,150980.8,151920.69,149822.63,-1.27,-1942.7,27086228,32057082273.0,1.37,1.01
2026-03-03,151038.58,149440.34,152597.09,149287.14,-1.02,-1540.46,32593396,37909724181.0,2.19,1.22
2026-03-04,148312.09,146310.61,148771.58,146114.17,-2.09,-3129.73,28175371,33543035511.0,1.78,1.05
2026-03-05,147849.38,146348.45,147862.25,145903.78,0.03,37.84,18835774,21651123175.0,1.34,0.71
2026-03-06,145858.56,148466.69,148931.19,145796.55,1.45,2118.24,21648085,23918732224.0,2.14,0.81
2026-03-09,146600.98,146214.88,146600.98,145492.28,-1.52,-2251.81,21723988,25624524614.0,0.75,0.81
2026-03-10,147046.58,147375.23,148017.23,146721.33,0.79,1160.35,17217150,19863188126.0,0.89,0.64
2026-03-11,147381.22,147567.33,148000.36,146610.34,0.13,192.1,18342246,20726262054.0,0.94,0.69
2026-03-12,147276.72,147885.59,148443.64,147146.11,0.22,318.26,19997890,21512791044.0,0.88,0.75
2026-03-13,147416.22,146588.69,148309.11,146427.88,-0.88,-1296.9,19562773,21711642024.0,1.27,0.73
2026-03-16,146315.78,146100.39,146366.34,145295.63,-0.33,-488.3,18578695,21293167459.0,0.73,0.7
2026-03-17,146350.92,146898.2,149453.75,146252.89,0.55,797.81,34226943,42284543732.0,2.19,1.28
2026-03-18,146823.81,146401.92,146834.36,145582.34,-0.34,-496.28,20229721,22376018460.0,0.85,0.76
2026-03-19,145338.22,144862.81,146096.31,144466.16,-1.05,-1539.11,23317354,25716396815.0,1.11,0.87
2026-03-20,145096.5,142594.19,145428.25,142594.19,-1.57,-2268.62,24562550,29284196439.0,1.96,0.92
2026-03-23,140591.19,136272.42,140591.19,135605.25,-4.43,-6321.77,32680639,35307842124.0,3.5,1.22
2026-03-24,137797.69,138438.88,139000.61,136127.17,1.59,2166.46,24289180,25368646161.0,2.11,0.91
2026-03-25,138531.81,139982.53,140905.86,138367.38,1.12,1543.65,21765080,23068714375.0,1.83,0.81
2026-03-26,139696.94,137407.11,140053.0,137183.83,-1.84,-2575.42,19586483,22175141536.0,2.05,0.73
2026-03-27,136427.92,138507.22,138979.16,136427.92,0.8,1100.11,16634477,17777101188.0,1.86,0.62
2026-03-30,137025.41,138282.11,138498.72,136405.31,-0.16,-225.11,17783033,18398450097.0,1.51,0.67
2026-03-31,138147.52,137070.75,139759.78,137031.64,-0.88,-1211.36,19455778,20797661259.0,1.97,0.73
2026-04-01,138795.17,138669.53,138974.5,137715.31,1.17,1598.78,17788045,19787822834.0,0.92,0.67
2026-04-02,138240.56,136510.98,138240.56,136027.14,-1.56,-2158.55,17742372,18395118997.0,1.6,0.66
2026-04-03,136704.5,135110.08,137072.14,135084.64,-1.03,-1400.9,14332284,14552971459.0,1.46,0.54
2026-04-07,135147.66,135249.58,135851.42,134533.7,0.1,139.5,12692564,13173336555.0,0.98,0.48
2026-04-08,137434.41,140325.55,140328.91,137434.41,3.75,5075.97,32677133,34995800941.0,2.14,1.22
2026-04-09,139079.67,137315.8,139079.67,137171.55,-2.14,-3009.75,19514078,20754233556.0,1.36,0.73
2026-04-10,138975.34,140844.19,143724.89,138975.34,2.57,3528.39,48321361,57889140158.0,3.46,1.81
2026-04-13,139787.64,141736.95,142747.38,139767.53,0.63,892.76,27314335,32207966706.0,2.12,1.02
2026-04-14,142636.66,142391.41,142833.5,140728.5,0.46,654.46,22331152,26543700726.0,1.49,0.84
2026-04-15,142779.67,141471.98,142845.61,141348.8,-0.65,-919.43,17224023,20663045846.0,1.05,0.64
2026-04-16,142020.05,142117.98,142946.77,141689.17,0.46,646.0,22383985,26230718148.0,0.89,0.84
2026-04-17,141837.16,141668.17,142268.97,140959.69,-0.32,-449.81,18382000,21591147503.0,0.92,0.69
2026-04-20,141950.72,141432.91,142098.23,141138.98,-0.17,-235.26,18616309,21736851388.0,0.68,0.7
2026-04-21,140992.81,139725.81,140992.81,139513.53,-1.21,-1707.1,17520684,19224950101.0,1.05,0.66
2026-04-22,139262.63,140626.08,141747.47,138935.94,0.64,900.27,25500897,31374066767.0,2.01,0.95
2026-04-23,140448.83,139317.41,140844.77,139042.52,-0.93,-1308.67,20284803,23641442412.0,1.28,0.76
2026-04-24,138926.38,137952.52,139017.58,137435.41,-0.98,-1364.89,17634661,19900707940.0,1.14,0.66
2026-04-27,137846.19,137353.08,138446.44,136828.81,-0.43,-599.44,22373888,26743428138.0,1.17,0.84
2026-04-28,137427.64,138678.78,140243.36,137427.64,0.97,1325.7,30612443,39410589299.0,2.05,1.15
2026-04-29,138117.08,139665.45,139950.92,138111.73,0.71,986.67,24225664,28356620693.0,1.33,0.91
2026-04-30,139878.92,140300.66,142324.17,139584.8,0.45,635.21,34474266,39260084520.0,1.96,1.29
2026-05-06,140507.09,142409.44,143091.58,140507.09,1.5,2108.78,35930817,41680694555.0,1.84,1.35
2026-05-07,143245.59,141833.23,143245.59,141074.61,-0.4,-576.21,32392756,36668830278.0,1.52,1.21
2026-05-08,141395.72,141178.11,142192.23,140839.45,-0.46,-655.12,22607875,25891719602.0,0.95,0.85
2026-05-11,140931.52,143383.47,144038.36,140301.59,1.56,2205.36,41596335,50567512519.0,2.65,1.56
2026-05-12,143184.09,143905.88,145495.19,142458.58,0.36,522.41,39396363,45254890798.0,2.12,1.48
2026-05-13,143544.63,143421.2,144034.11,141989.91,-0.34,-484.68,30724504,36263457343.0,1.42,1.15
2026-05-14,143580.41,140380.94,143802.86,140380.94,-2.12,-3040.26,30826317,35533484453.0,2.39,1.15
2026-05-15,140327.8,137361.44,140565.92,136686.06,-2.15,-3019.5,30726662,34067678121.0,2.76,1.15
2026-05-18,137137.91,137102.45,138307.56,136276.34,-0.19,-258.99,23756703,25274723229.0,1.48,0.89
2026-05-19,137335.22,138590.59,138783.59,136530.41,1.09,1488.14,26148869,29086394540.0,1.64,0.98
2026-05-20,138020.59,137683.36,138623.03,137301.48,-0.65,-907.23,22562552,24357826902.0,0.95,0.84
2026-05-21,138573.75,137476.11,142506.75,137476.11,-0.15,-207.25,50205895,59420800166.0,3.65,1.88
2026-05-22,138105.23,135543.88,138303.69,135145.03,-1.41,-1932.23,33400613,37142187131.0,2.3,1.25
2026-05-25,136052.88,136576.19,137109.41,134966.89,0.76,1032.31,24817840,28127305050.0,1.58,0.93
2026-05-26,136008.75,137734.45,139225.16,135867.8,0.85,1158.26,32977819,40000243377.0,2.46,1.23
2026-05-27,137099.98,136469.06,139344.06,135650.61,-0.92,-1265.39,29231234,33503546746.0,2.68,1.09
2026-05-28,136341.94,133835.41,136360.92,132954.81,-1.93,-2633.65,28941000,32003038464.0,2.5,1.08
2026-05-29,133855.0,134759.09,136616.34,133855.0,0.69,923.68,34328887,42139658150.0,2.06,1.29
2026-06-01,134393.06,135200.3,135468.36,133640.95,0.33,441.21,27013133,32514398218.0,1.36,1.01
2026-06-02,134921.95,134909.66,135643.22,133711.27,-0.21,-290.64,26618874,32323784733.0,1.43,1.0
2026-06-03,134370.47,133742.31,135269.77,133408.16,-0.87,-1167.35,28683200,33600037145.0,1.38,1.07
2026-06-04,133009.83,131406.05,134264.39,130314.15,-1.75,-2336.26,26141141,28021871181.0,2.95,0.98
2026-06-05,131356.27,130425.06,132453.39,130237.98,-0.75,-980.99,24090392,27726192367.0,1.69,0.9
2026-06-08,128828.31,127959.56,130175.31,127167.31,-1.89,-2465.5,28023234,32232878854.0,2.31,1.05
2026-06-09,128349.25,128286.13,128556.53,127176.88,0.26,326.57,19824756,21529092112.0,1.08,0.74
2026-06-10,127597.59,129730.39,129807.67,127377.33,1.13,1444.26,28145994,31050459494.0,1.89,1.05
2026-06-11,129091.07,127842.78,130624.05,126909.89,-1.46,-1887.61,25439661,28472441616.0,2.86,0.95
2026-06-12,128185.24,132790.23,133172.03,127602.44,3.87,4947.45,45541989,52072117862.0,4.36,1.71
2026-06-15,133299.52,136686.48,139970.75,133279.47,2.93,3896.25,56329393,65734295545.0,5.04,2.11
2026-06-16,135911.2,137936.55,138346.28,135148.22,0.91,1250.07,38774912,47056549498.0,2.34,1.45
2026-06-17,137646.84,137543.77,139082.36,136859.28,-0.28,-392.78,29575800,34733241303.0,1.61,1.11
2026-06-18,137132.94,133395.8,137295.23,133226.53,-3.02,-4147.97,33108750,39281828207.0,2.96,1.24
2026-06-22,133038.91,141971.34,142055.14,132981.0,6.43,8575.54,69230177,90371089189.0,6.8,2.59
2026-06-23,141773.45,143309.78,146567.52,141588.13,0.94,1338.44,77900321,99246502522.0,3.51,2.92
2026-06-24,142248.97,140463.16,145438.27,139974.41,-1.99,-2846.62,58165866,71185504071.0,3.81,2.18
2026-06-25,140421.55,144741.56,145753.38,138955.64,3.05,4278.4,72040013,91746885829.0,4.84,2.7
2026-06-26,143659.95,139116.42,145616.53,139109.7,-3.89,-5625.14,56936614,71935381827.0,4.5,2.13
2026-06-29,139501.93,139818.96,141490.39,138201.85,0.51,702.54,44792339,59147116344.0,2.36,1.68
2026-06-30,139044.72,139692.94,141318.97,138225.08,-0.09,0,37587972.0,48546542253.0,0,0
2026-07-01,139502.03,146453.78,147680.14,139259.89,4.84,0,68748815.0,92439362978.0,0,0
2026-07-02,145984.39,143166.88,146833.81,142766.94,-2.24,0,52886789.0,66687643315.0,0,0
2026-07-03,0.00,143720.60,0.00,0.00,0.39,0,0,0,0,0
