日期,开盘,收盘,最高,最低,涨跌幅,涨跌额,成交量,成交额,振幅,换手率
2010-01-04,2083.08,2051.95,2103.18,2051.0,105.2,1051.95,10927682,11616848654.0,5.22,0.08
2010-01-05,2061.06,2072.73,2090.57,2034.69,1.01,20.78,12811673,15330709988.0,2.72,0.1
2010-01-06,2069.65,2046.3,2074.26,2041.81,-1.28,-26.43,10157316,12504298873.0,1.57,0.08
2010-01-07,2042.35,2001.6,2053.15,1993.74,-2.18,-44.7,10956018,12480178286.0,2.9,0.08
2010-01-08,1995.42,2010.79,2019.85,1986.19,0.46,9.19,7525263,8824571914.0,1.68,0.06
2010-01-11,2114.39,2027.12,2126.8,2005.38,0.81,16.33,16660643,18207815797.0,6.04,0.13
2010-01-12,2022.88,2043.13,2051.15,1992.34,0.79,16.01,12380609,14366605741.0,2.9,0.09
2010-01-13,1994.39,1952.32,2012.73,1931.46,-4.44,-90.81,21319750,23724672034.0,3.98,0.16
2010-01-14,1959.32,1957.54,1972.43,1935.31,0.27,5.22,10863451,12273436165.0,1.9,0.08
2010-01-15,1960.38,1958.83,1973.36,1939.51,0.07,1.29,8984701,10214033211.0,1.73,0.07
2010-01-18,1948.94,1958.31,1962.19,1935.21,-0.03,-0.52,8823512,9937710345.0,1.38,0.07
2010-01-19,1959.02,1961.66,1982.42,1952.06,0.17,3.35,9987469,11752330841.0,1.55,0.08
2010-01-20,1968.9,1917.32,1973.31,1910.39,-2.26,-44.34,10403261,11324809317.0,3.21,0.08
2010-01-21,1930.1,1945.97,1956.32,1919.42,1.49,28.65,10195083,11640565855.0,1.92,0.08
2010-01-22,1927.91,1973.0,1996.72,1915.16,1.39,27.03,19952585,22372816759.0,4.19,0.15
2010-01-25,1952.61,1950.14,1998.41,1940.49,-1.16,-22.86,9945024,10858930282.0,2.94,0.07
2010-01-26,1948.38,1946.6,1970.77,1925.93,-0.18,-3.54,10252348,11477440362.0,2.3,0.08
2010-01-27,1948.35,1909.5,1953.81,1895.01,-1.91,-37.1,10478589,11480760037.0,3.02,0.08
2010-01-28,1905.05,1893.83,1913.03,1870.83,-0.82,-15.67,8305656,8782605830.0,2.21,0.06
2010-01-29,1885.23,1888.47,1908.15,1876.5,-0.28,-5.36,7132657,7783231507.0,1.67,0.05
2010-02-01,1883.07,1863.54,1886.28,1849.12,-1.32,-24.93,7498194,7826979269.0,1.97,0.06
2010-02-02,1869.57,1872.63,1905.76,1861.2,0.49,9.09,7279176,8136560914.0,2.39,0.05
2010-02-03,1876.48,1917.94,1927.03,1857.38,2.42,45.31,9965083,10558731663.0,3.72,0.07
2010-02-04,1903.21,1904.79,1917.42,1892.56,-0.69,-13.15,5258653,5984722407.0,1.3,0.04
2010-02-05,1878.49,1885.99,1892.2,1870.58,-0.99,-18.8,5486440,5881612059.0,1.14,0.04
2010-02-08,1879.05,1876.78,1891.07,1866.93,-0.49,-9.21,3798021,4355065625.0,1.28,0.03
2010-02-09,1876.51,1881.53,1890.9,1864.1,0.25,4.75,3835541,4005955845.0,1.43,0.03
2010-02-10,1888.67,1893.74,1898.19,1881.3,0.65,12.21,3538303,4100346697.0,0.9,0.03
2010-02-11,1894.04,1891.98,1899.89,1883.95,-0.09,-1.76,3062360,3366525027.0,0.84,0.02
2010-02-12,1895.71,1908.31,1912.07,1891.24,0.86,16.33,3764533,4001454733.0,1.1,0.03
2010-02-22,1903.56,1895.76,1912.12,1892.34,-0.66,-12.55,3405766,3786308183.0,1.04,0.03
2010-02-23,1896.93,1879.12,1898.38,1862.59,-0.88,-16.64,4391039,4731928622.0,1.89,0.03
2010-02-24,1869.97,1886.52,1891.77,1862.68,0.39,7.4,5087003,5244713597.0,1.55,0.04
2010-02-25,1888.7,1909.87,1917.2,1885.63,1.24,23.35,9427402,11129120569.0,1.67,0.07
2010-02-26,1905.17,1905.18,1918.23,1896.07,-0.25,-4.69,4953446,5434476355.0,1.16,0.04
2010-03-01,1908.16,1924.13,1930.66,1900.79,0.99,18.95,6050106,6067532904.0,1.57,0.05
2010-03-02,1926.66,1923.45,1938.11,1915.58,-0.04,-0.68,5942796,7185105176.0,1.17,0.04
2010-03-03,1925.0,1930.06,1931.17,1913.42,0.34,6.61,4589678,5067468254.0,0.92,0.03
2010-03-04,1928.27,1904.38,1932.41,1892.66,-1.33,-25.68,5545339,6208590346.0,2.06,0.04
2010-03-05,1905.47,1899.77,1913.06,1893.63,-0.24,-4.61,2991153,3087649609.0,1.02,0.02
2010-03-08,1904.96,1907.28,1914.73,1893.56,0.4,7.51,3726792,4245995613.0,1.11,0.03
2010-03-09,1905.41,1924.84,1939.54,1895.5,0.92,17.56,6267143,6107500484.0,2.31,0.05
2010-03-10,1920.95,1913.03,1938.79,1906.86,-0.61,-11.81,4061393,4241817977.0,1.66,0.03
2010-03-11,1917.88,1924.67,1943.71,1911.19,0.61,11.64,7657921,9932926768.0,1.7,0.06
2010-03-12,1923.46,1909.21,1931.39,1901.68,-0.8,-15.46,4321909,5191264195.0,1.54,0.03
2010-03-15,1912.85,1895.97,1916.1,1885.36,-0.69,-13.24,4580409,5270419866.0,1.61,0.03
2010-03-16,1895.33,1902.81,1915.37,1885.14,0.36,6.84,4611864,5225522422.0,1.59,0.03
2010-03-17,1906.44,1924.57,1927.27,1896.97,1.14,21.76,5905748,6894641461.0,1.59,0.04
2010-03-18,1926.08,1915.86,1929.87,1909.72,-0.45,-8.71,5624519,6575215545.0,1.05,0.04
2010-03-19,1915.65,1918.44,1923.69,1902.81,0.13,2.58,3502588,4226848028.0,1.09,0.03
2010-03-22,1920.39,1925.2,1938.59,1914.97,0.35,6.76,6601979,7694594752.0,1.23,0.05
2010-03-23,1929.09,1915.27,1933.61,1910.91,-0.52,-9.93,5024590,5630825496.0,1.18,0.04
2010-03-24,1924.27,1930.22,1944.97,1919.09,0.78,14.95,5839614,5756980708.0,1.35,0.04
2010-03-25,1926.18,1913.59,1928.19,1903.55,-0.86,-16.63,4635277,4964559328.0,1.28,0.03
2010-03-26,1916.55,1937.67,1956.98,1906.74,1.26,24.08,8890382,8896771946.0,2.63,0.07
2010-03-29,1951.43,1989.4,2002.65,1941.7,2.67,51.73,17531448,18930725575.0,3.15,0.13
2010-03-30,1988.04,1994.5,1999.46,1975.32,0.26,5.1,7402208,7690701086.0,1.21,0.06
2010-03-31,1995.66,1972.1,1997.45,1965.06,-1.12,-22.4,6387837,7254516468.0,1.62,0.05
2010-04-01,1974.9,1985.16,1993.65,1969.84,0.66,13.06,6916761,8284253722.0,1.21,0.05
2010-04-02,1986.22,1979.8,1992.43,1971.47,-0.27,-5.36,5944516,6742027987.0,1.06,0.04
2010-04-06,1985.08,1979.84,1999.0,1974.02,0.0,0.04,6780252,7890564616.0,1.26,0.05
2010-04-07,1979.13,1969.51,1983.69,1958.92,-0.52,-10.33,5668690,6631580227.0,1.25,0.04
2010-04-08,1968.05,1949.22,1974.86,1941.83,-1.03,-20.29,5765324,7604751045.0,1.68,0.04
2010-04-09,1945.39,1952.76,1960.89,1941.12,0.18,3.54,5353266,5934595237.0,1.01,0.04
2010-04-12,1955.7,1933.08,1961.31,1921.6,-1.01,-19.68,8896240,10346590913.0,2.03,0.07
2010-04-13,1933.0,1962.03,1969.66,1928.83,1.5,28.95,10499125,11619493555.0,2.11,0.08
2010-04-14,1959.13,1948.65,1964.18,1937.57,-0.68,-13.38,6461841,7038716118.0,1.36,0.05
2010-04-15,1950.04,1947.97,1955.93,1928.58,-0.03,-0.68,6382278,7376934144.0,1.4,0.05
2010-04-16,1946.01,1923.71,1948.5,1919.31,-1.25,-24.26,5815542,7078565398.0,1.5,0.04
2010-04-19,1903.93,1835.25,1906.4,1821.98,-4.6,-88.46,16906787,18510158542.0,4.39,0.13
2010-04-20,1841.01,1823.99,1849.91,1808.34,-0.61,-11.26,9511036,10592143217.0,2.27,0.07
2010-04-21,1827.83,1836.18,1839.96,1806.43,0.67,12.19,8882681,9455995766.0,1.84,0.07
2010-04-22,1827.6,1801.98,1829.17,1784.54,-1.86,-34.2,12554512,12514779341.0,2.43,0.09
2010-04-23,1797.01,1799.45,1812.08,1780.75,-0.14,-2.53,8736902,9607014279.0,1.74,0.07
2010-04-26,1799.65,1790.77,1806.72,1778.39,-0.48,-8.68,5935469,6072351091.0,1.57,0.04
2010-04-27,1785.4,1770.59,1790.58,1752.2,-1.13,-20.18,8018410,7738567266.0,2.14,0.06
2010-04-28,1758.13,1776.58,1778.5,1748.87,0.34,5.99,5863257,5732662134.0,1.67,0.04
2010-04-29,1781.13,1789.21,1814.98,1777.22,0.71,12.63,8280224,8728552349.0,2.13,0.06
2010-04-30,1796.19,1816.09,1817.63,1778.65,1.5,26.88,8835072,8901582270.0,2.18,0.07
2010-05-04,1789.5,1790.0,1804.69,1772.02,-1.44,-26.09,6162714,6722634675.0,1.8,0.05
2010-05-05,1776.51,1795.57,1800.24,1754.05,0.31,5.57,6842733,7705334527.0,2.58,0.05
2010-05-06,1785.65,1746.83,1786.24,1734.8,-2.71,-48.74,8602815,9135397568.0,2.86,0.06
2010-05-07,1722.11,1737.46,1760.68,1709.83,-0.54,-9.37,9355147,9341991060.0,2.91,0.07
2010-05-10,1736.77,1758.85,1762.42,1724.63,1.23,21.39,6705103,6891702631.0,2.18,0.05
2010-05-11,1779.81,1739.21,1790.33,1725.97,-1.12,-19.64,10256004,10441244109.0,3.66,0.08
2010-05-12,1728.62,1777.97,1796.1,1713.95,2.23,38.76,10795704,10358413073.0,4.72,0.08
2010-05-13,1768.79,1798.15,1817.64,1764.01,1.14,20.18,11441510,11619551453.0,3.02,0.09
2010-05-14,1791.1,1780.2,1797.8,1764.92,-1.0,-17.95,5899070,5881324099.0,1.83,0.04
2010-05-17,1761.74,1725.46,1766.65,1715.9,-3.07,-54.74,6982758,6468261511.0,2.85,0.05
2010-05-18,1727.17,1743.81,1760.28,1702.71,1.06,18.35,6787721,7334491215.0,3.34,0.05
2010-05-19,1743.06,1733.88,1761.63,1717.03,-0.57,-9.93,6467743,6211099189.0,2.56,0.05
2010-05-20,1728.03,1730.99,1754.12,1720.44,-0.17,-2.89,5005434,5154138218.0,1.94,0.04
2010-05-21,1705.28,1752.92,1759.21,1693.29,1.27,21.93,6338818,5966194394.0,3.81,0.05
2010-05-24,1755.55,1786.57,1799.82,1753.09,1.92,33.65,9928093,10247712089.0,2.67,0.07
2010-05-25,1772.38,1752.79,1784.44,1746.58,-1.89,-33.78,7285068,6368269524.0,2.12,0.05
2010-05-26,1754.27,1755.56,1768.41,1745.18,0.16,2.77,4578622,3648000366.0,1.33,0.03
2010-05-27,1757.22,1767.95,1770.25,1729.64,0.71,12.39,5127234,4615677768.0,2.31,0.04
2010-05-28,1782.18,1770.42,1792.19,1757.83,0.14,2.47,5536396,4729505069.0,1.94,0.04
2010-05-31,1776.27,1758.76,1787.59,1751.15,-0.66,-11.66,7346541,5867159494.0,2.06,0.06
2010-06-01,1751.54,1751.26,1766.13,1725.84,-0.43,-7.5,8667359,6284061133.0,2.29,0.07
2010-06-02,1714.58,1721.41,1728.81,1694.37,-1.7,-29.85,8228628,5936630292.0,1.97,0.06
2010-06-03,1725.51,1714.05,1735.56,1700.05,-0.43,-7.36,6291434,5532548961.0,2.06,0.05
2010-06-04,1709.78,1704.82,1717.45,1694.74,-0.54,-9.23,4561862,3873121479.0,1.32,0.03
2010-06-07,1682.82,1666.22,1692.23,1662.25,-2.26,-38.6,6378320,5701695205.0,1.76,0.05
2010-06-08,1666.49,1653.89,1674.92,1643.37,-0.74,-12.33,5599024,5110108043.0,1.89,0.04
2010-06-09,1660.4,1707.88,1718.25,1643.04,3.26,53.99,12776193,12141642636.0,4.55,0.1
2010-06-10,1686.91,1678.95,1695.08,1671.88,-1.69,-28.93,7176748,6599010387.0,1.36,0.05
2010-06-11,1683.64,1684.86,1701.3,1677.58,0.35,5.91,5192536,5022031189.0,1.41,0.04
2010-06-17,1694.61,1699.26,1712.62,1684.42,0.85,14.4,5764211,5007585678.0,1.67,0.04
2010-06-18,1696.59,1678.83,1716.65,1672.36,-1.2,-20.43,6890809,6562061059.0,2.61,0.05
2010-06-21,1692.16,1723.9,1731.33,1678.14,2.68,45.07,10546438,10594488099.0,3.17,0.08
2010-06-22,1719.52,1720.08,1729.76,1708.36,-0.22,-3.82,5205244,5267537634.0,1.24,0.04
2010-06-23,1722.88,1718.66,1735.13,1707.08,-0.08,-1.42,4447454,4153323489.0,1.63,0.03
2010-06-24,1711.77,1724.52,1736.18,1705.72,0.34,5.86,4547185,4438586260.0,1.77,0.03
2010-06-25,1718.7,1726.32,1735.84,1712.61,0.1,1.8,4920688,4637578115.0,1.35,0.04
2010-06-28,1726.74,1728.08,1740.03,1713.47,0.1,1.76,5367316,5375226390.0,1.54,0.04
2010-06-29,1726.59,1674.97,1733.06,1670.2,-3.07,-53.11,7880623,7229438921.0,3.64,0.06
2010-06-30,1665.16,1651.92,1684.49,1639.23,-1.38,-23.05,5658007,4400397274.0,2.7,0.04
2010-07-01,1649.72,1646.81,1665.57,1641.4,-0.31,-5.11,3895226,3333961947.0,1.46,0.03
2010-07-02,1649.16,1655.45,1665.75,1634.8,0.52,8.64,5712330,4717852475.0,1.88,0.04
2010-07-05,1644.11,1648.29,1660.33,1631.55,-0.43,-7.16,4579734,3772038199.0,1.74,0.03
2010-07-06,1645.14,1685.29,1691.76,1640.14,2.24,37.0,7230349,5652785314.0,3.13,0.05
2010-07-07,1681.88,1681.74,1688.58,1666.1,-0.21,-3.55,4019989,3331323151.0,1.33,0.03
2010-07-08,1687.28,1683.18,1696.25,1673.68,0.09,1.44,4333534,4264687392.0,1.34,0.03
2010-07-09,1682.64,1712.56,1725.42,1667.73,1.75,29.38,7339018,7087270718.0,3.43,0.06
2010-07-12,1712.66,1740.96,1762.17,1702.36,1.66,28.4,7834821,7251175870.0,3.49,0.06
2010-07-13,1730.64,1720.2,1736.24,1710.08,-1.19,-20.76,4863117,4546015931.0,1.5,0.04
2010-07-14,1722.5,1727.24,1744.2,1711.09,0.41,7.04,6452768,6266760730.0,1.92,0.05
2010-07-15,1723.88,1695.21,1739.33,1692.92,-1.85,-32.03,5474564,5059259281.0,2.69,0.04
2010-07-16,1689.22,1687.45,1699.67,1673.34,-0.46,-7.76,3611065,3428122609.0,1.55,0.03
2010-07-19,1679.9,1706.61,1719.59,1672.12,1.14,19.16,5615160,5634156740.0,2.81,0.04
2010-07-20,1710.35,1727.52,1739.26,1707.0,1.23,20.91,7467929,7391514270.0,1.89,0.06
2010-07-21,1729.44,1725.39,1734.66,1713.0,-0.12,-2.13,5468901,4872871173.0,1.25,0.04
2010-07-22,1721.06,1739.0,1744.35,1715.43,0.79,13.61,6076832,5674404361.0,1.68,0.05
2010-07-23,1741.06,1756.67,1773.96,1734.77,1.02,17.67,9746794,8717022896.0,2.25,0.07
2010-07-26,1760.13,1756.92,1764.63,1740.07,0.01,0.25,4686012,4320544370.0,1.4,0.04
2010-07-27,1748.9,1742.91,1752.87,1733.87,-0.8,-14.01,5058023,4437212228.0,1.08,0.04
2010-07-28,1742.27,1776.25,1782.52,1731.15,1.91,33.34,17045559,10420814988.0,2.95,0.13
2010-07-29,1772.33,1778.91,1787.03,1762.77,0.15,2.66,16716884,9834790349.0,1.37,0.13
2010-07-30,1770.93,1763.8,1776.51,1752.5,-0.85,-15.11,9271387,5307704327.0,1.35,0.07
2010-08-02,1760.82,1787.85,1793.75,1754.69,1.36,24.05,12006740,7755950212.0,2.21,0.09
2010-08-03,1787.08,1754.93,1791.77,1750.42,-1.84,-32.92,11525523,7013360565.0,2.31,0.09
2010-08-04,1749.43,1751.54,1762.16,1733.01,-0.19,-3.39,10222197,7050946838.0,1.66,0.08
2010-08-05,1746.7,1723.83,1752.05,1714.03,-1.58,-27.71,10265348,7274681155.0,2.17,0.08
2010-08-06,1724.81,1739.84,1746.74,1707.29,0.93,16.01,8810050,6306478821.0,2.29,0.07
2010-08-09,1738.19,1732.63,1747.12,1719.89,-0.41,-7.21,9755133,6313067389.0,1.57,0.07
2010-08-10,1733.05,1699.83,1738.39,1697.06,-1.89,-32.8,11732650,7600528977.0,2.39,0.09
2010-08-11,1697.7,1705.9,1710.96,1692.72,0.36,6.07,9952062,6129081708.0,1.07,0.07
2010-08-12,1694.07,1685.33,1701.26,1678.19,-1.21,-20.57,10223868,6158674937.0,1.35,0.08
2010-08-13,1685.77,1691.85,1696.98,1674.84,0.39,6.52,13124701,7920431213.0,1.31,0.1
2010-08-16,1688.93,1716.19,1717.72,1677.59,1.44,24.34,11236034,7697454075.0,2.37,0.08
2010-08-17,1712.57,1711.16,1720.37,1698.25,-0.29,-5.03,10078028,7170163082.0,1.29,0.08
2010-08-18,1713.25,1709.38,1735.03,1699.11,-0.1,-1.78,11612700,7812350231.0,2.1,0.09
2010-08-19,1710.16,1720.8,1727.32,1700.57,0.67,11.42,19803580,11474576598.0,1.56,0.15
2010-08-20,1716.46,1708.49,1728.11,1701.48,-0.72,-12.31,14518286,9173915150.0,1.55,0.11
2010-08-23,1700.42,1700.09,1712.26,1688.43,-0.49,-8.4,10417788,6521234989.0,1.39,0.08
2010-08-24,1697.85,1694.47,1710.25,1679.32,-0.33,-5.62,10915016,6499952455.0,1.82,0.08
2010-08-25,1688.95,1664.5,1691.26,1661.17,-1.77,-29.97,13006351,8026639263.0,1.78,0.1
2010-08-26,1669.51,1674.78,1682.47,1662.3,0.62,10.28,7304667,4653631241.0,1.21,0.05
2010-08-27,1676.58,1669.54,1684.76,1662.14,-0.31,-5.24,6376901,4175472688.0,1.35,0.05
2010-08-30,1677.57,1677.72,1689.02,1670.62,0.49,8.18,11646705,6869346949.0,1.1,0.09
2010-08-31,1671.18,1656.33,1677.18,1653.01,-1.27,-21.39,10102322,6310622051.0,1.44,0.08
2010-09-01,1660.11,1660.83,1683.15,1652.0,0.27,4.5,15095788,10228218957.0,1.88,0.11
2010-09-02,1674.18,1668.81,1679.16,1657.81,0.48,7.98,11399754,10131676002.0,1.29,0.09
2010-09-03,1668.98,1662.77,1671.21,1651.93,-0.36,-6.04,11454590,8375869014.0,1.16,0.09
2010-09-06,1666.86,1684.8,1686.15,1661.96,1.32,22.03,13928583,11069535853.0,1.45,0.1
2010-09-07,1685.41,1681.31,1693.53,1672.2,-0.21,-3.49,8932756,6835755298.0,1.27,0.07
2010-09-08,1673.64,1663.15,1679.79,1654.03,-1.08,-18.16,12698644,10460052209.0,1.53,0.1
2010-09-09,1662.98,1645.99,1663.51,1638.43,-1.03,-17.16,12942466,10396763373.0,1.51,0.1
2010-09-10,1646.49,1646.12,1655.19,1633.61,0.01,0.13,9655726,6999568148.0,1.31,0.07
2010-09-13,1647.27,1648.34,1654.32,1632.76,0.13,2.22,12196467,8687647243.0,1.31,0.09
2010-09-14,1650.15,1639.48,1659.01,1632.17,-0.54,-8.86,10013940,7303876713.0,1.63,0.08
2010-09-15,1639.42,1625.86,1641.52,1618.36,-0.83,-13.62,9507927,6800226635.0,1.41,0.07
2010-09-16,1624.96,1594.9,1627.65,1584.54,-1.9,-30.96,14845732,8948221995.0,2.65,0.11
2010-09-17,1599.77,1593.08,1605.2,1583.86,-0.11,-1.82,8205927,5206078449.0,1.34,0.06
2010-09-20,1593.52,1595.18,1612.98,1587.06,0.13,2.1,6264493,4168567748.0,1.63,0.05
2010-09-21,1600.69,1599.82,1606.62,1591.11,0.29,4.64,4058194,3154919001.0,0.97,0.03
2010-09-27,1602.49,1609.15,1615.28,1586.4,0.58,9.33,6568619,4723730636.0,1.81,0.05
2010-09-28,1602.93,1604.97,1614.19,1591.75,-0.26,-4.18,7187081,5531156133.0,1.39,0.05
2010-09-29,1601.81,1616.61,1625.74,1596.68,0.73,11.64,7912188,5534974800.0,1.81,0.06
2010-09-30,1609.45,1631.22,1636.77,1608.93,0.9,14.61,9569880,6400112679.0,1.72,0.07
2010-10-08,1639.42,1663.3,1673.93,1626.7,1.97,32.08,14877586,11064569000.0,2.9,0.11
2010-10-11,1663.99,1697.48,1710.05,1654.93,2.05,34.18,24451523,17793046721.0,3.31,0.18
2010-10-12,1688.1,1693.4,1703.46,1674.25,-0.24,-4.08,13536109,10376568025.0,1.72,0.1
2010-10-13,1694.01,1717.92,1723.33,1684.19,1.45,24.52,22097657,18346422491.0,2.31,0.17
2010-10-14,1720.38,1756.9,1779.34,1718.81,2.27,38.98,40869783,27999698276.0,3.52,0.31
2010-10-15,1750.98,1857.85,1861.33,1743.84,5.75,100.95,49778220,34716313142.0,6.69,0.37
2010-10-18,1869.9,1856.49,1920.56,1839.76,-0.07,-1.36,38492448,29822201012.0,4.35,0.29
2010-10-19,1856.81,1853.44,1864.88,1817.39,-0.16,-3.05,20478750,15897301976.0,2.56,0.15
2010-10-20,1839.61,1842.53,1884.92,1825.77,-0.59,-10.91,26897161,22514782276.0,3.19,0.2
2010-10-21,1838.36,1803.96,1844.77,1791.23,-2.09,-38.57,21327421,16694400319.0,2.91,0.16
2010-10-22,1798.33,1787.22,1811.29,1774.4,-0.93,-16.74,13663170,11476991972.0,2.04,0.1
2010-10-25,1788.92,1811.28,1816.46,1765.48,1.35,24.06,18686447,14886895659.0,2.85,0.14
2010-10-26,1811.75,1785.25,1822.67,1770.98,-1.44,-26.03,16769196,12960378177.0,2.85,0.13
2010-10-27,1781.33,1781.21,1812.86,1768.11,-0.23,-4.04,16286140,12486450527.0,2.51,0.12
2010-10-28,1779.11,1790.41,1796.45,1764.12,0.52,9.2,12012925,8502459537.0,1.82,0.09
2010-10-29,1790.86,1762.62,1793.17,1752.78,-1.55,-27.79,13670482,11362547684.0,2.26,0.1
2010-11-01,1765.67,1791.6,1795.23,1760.8,1.64,28.98,15442721,12216968107.0,1.95,0.12
2010-11-02,1791.47,1788.78,1807.51,1764.33,-0.16,-2.82,18319162,15062089749.0,2.41,0.14
2010-11-03,1787.5,1837.92,1860.66,1763.96,2.75,49.14,28585610,22329605091.0,5.41,0.21
2010-11-04,1829.67,1849.83,1860.68,1820.2,0.65,11.91,19405244,15727309652.0,2.2,0.15
2010-11-05,1859.59,1905.61,1915.94,1845.73,3.02,55.78,19494781,14856155514.0,3.8,0.15
2010-11-08,1903.28,1902.3,1919.29,1886.51,-0.17,-3.31,16253672,14354580598.0,1.72,0.12
2010-11-09,1901.07,1884.53,1917.67,1849.01,-0.93,-17.77,16629680,14018844704.0,3.61,0.13
2010-11-10,1868.95,1857.2,1879.55,1818.06,-1.45,-27.33,18479231,16096486161.0,3.26,0.14
2010-11-11,1855.51,1869.31,1888.88,1831.08,0.65,12.11,19323638,16284656705.0,3.11,0.15
2010-11-12,1855.83,1807.59,1857.39,1781.57,-3.3,-61.72,22648282,17256837968.0,4.06,0.17
2010-11-15,1801.19,1875.83,1882.58,1756.93,3.78,68.24,22973016,14957248329.0,6.95,0.17
2010-11-16,1864.65,1808.04,1867.92,1798.01,-3.61,-67.79,13962843,10613130452.0,3.73,0.1
2010-11-17,1795.25,1808.04,1831.77,1784.83,0.0,0.0,10749155,8829666518.0,2.6,0.08
2010-11-18,1813.3,1823.07,1836.24,1797.56,0.83,15.03,13361484,8722133013.0,2.14,0.1
2010-11-19,1823.53,1816.65,1827.4,1770.81,-0.35,-6.42,13608554,10113630285.0,3.1,0.1
2010-11-22,1793.24,1787.89,1809.24,1774.21,-1.58,-28.76,9969238,7818566497.0,1.93,0.07
2010-11-23,1782.25,1780.4,1792.74,1750.81,-0.42,-7.49,10574676,7805720647.0,2.35,0.08
2010-11-24,1700.08,1711.09,1743.06,1698.96,-3.89,-69.31,15289119,9954543872.0,2.48,0.11
2010-11-25,1710.0,1717.32,1728.23,1681.96,0.36,6.23,14286223,10269196500.0,2.7,0.11
2010-11-26,1711.16,1699.37,1715.23,1692.18,-1.05,-17.95,9192615,6710278723.0,1.34,0.07
2010-11-29,1694.43,1691.33,1704.49,1681.37,-0.47,-8.04,7610818,5394617581.0,1.36,0.06
2010-11-30,1687.37,1663.93,1698.96,1648.18,-1.62,-27.4,11394496,7926657854.0,3.0,0.09
2010-12-01,1663.58,1682.82,1691.71,1652.48,1.14,18.89,6466604,4330236456.0,2.36,0.05
2010-12-02,1697.82,1704.5,1719.51,1687.06,1.29,21.68,11502370,6901138776.0,1.93,0.09
2010-12-03,1702.29,1695.94,1709.17,1683.07,-0.5,-8.56,5501871,4310753064.0,1.53,0.04
2010-12-06,1697.33,1702.09,1717.73,1690.75,0.36,6.15,9011186,7306929085.0,1.59,0.07
2010-12-07,1698.28,1696.74,1707.02,1673.95,-0.31,-5.35,7306319,5411964470.0,1.94,0.05
2010-12-08,1694.01,1675.14,1698.69,1672.52,-1.27,-21.6,7503948,5277371679.0,1.54,0.06
2010-12-09,1673.42,1662.98,1687.3,1658.29,-0.73,-12.16,7938864,6039308422.0,1.73,0.06
2010-12-10,1660.92,1670.26,1682.58,1654.13,0.44,7.28,7749299,4801973424.0,1.71,0.06
2010-12-13,1670.29,1692.09,1696.48,1664.85,1.31,21.83,11592755,8413508837.0,1.89,0.09
2010-12-14,1694.01,1690.11,1701.3,1681.53,-0.12,-1.98,8555535,6269581724.0,1.17,0.06
2010-12-15,1694.32,1677.77,1699.75,1674.78,-0.73,-12.34,10317170,7502373583.0,1.48,0.08
2010-12-16,1679.11,1673.4,1684.95,1664.86,-0.26,-4.37,6344527,4880980312.0,1.2,0.05
2010-12-17,1674.89,1668.68,1677.58,1661.68,-0.28,-4.72,5352638,4171019395.0,0.95,0.04
2010-12-20,1670.85,1654.04,1678.77,1637.99,-0.88,-14.64,10078443,7318785822.0,2.44,0.08
2010-12-21,1652.84,1670.22,1682.51,1643.31,0.98,16.18,13038746,9504751443.0,2.37,0.1
2010-12-22,1671.31,1654.79,1675.51,1647.72,-0.92,-15.43,7546584,5573870937.0,1.66,0.06
2010-12-23,1654.89,1658.47,1682.64,1645.24,0.22,3.68,12136655,8984446073.0,2.26,0.09
2010-12-24,1651.87,1659.33,1675.37,1643.1,0.05,0.86,12540396,9854313698.0,1.95,0.09
2010-12-27,1668.17,1645.17,1679.16,1641.99,-0.85,-14.16,12290903,9280910568.0,2.24,0.09
2010-12-28,1642.45,1626.66,1658.28,1623.39,-1.13,-18.51,11216157,7633325849.0,2.12,0.08
2010-12-29,1627.22,1633.03,1639.47,1621.0,0.39,6.37,8078830,5839574444.0,1.14,0.06
2010-12-30,1633.03,1654.25,1668.53,1611.97,1.3,21.22,11286256,7048361514.0,3.46,0.08
2010-12-31,1649.07,1659.21,1666.33,1636.63,0.3,4.96,12277890,8131361488.0,1.8,0.09
2011-01-04,1663.86,1669.35,1674.81,1642.77,0.61,10.14,12486964,10254130184.0,1.93,0.09
2011-01-05,1662.54,1655.77,1671.71,1646.98,-0.81,-13.58,10585558,8329219399.0,1.48,0.08
2011-01-06,1653.79,1646.74,1664.42,1639.88,-0.55,-9.03,7791740,5933506018.0,1.48,0.06
2011-01-07,1648.15,1691.3,1705.9,1637.29,2.71,44.56,24316253,22252381935.0,4.17,0.18
2011-01-10,1679.92,1668.59,1696.98,1663.53,-1.34,-22.71,15069744,12049368061.0,1.98,0.11
2011-01-11,1665.89,1680.86,1687.92,1662.96,0.74,12.27,11707151,9641081069.0,1.5,0.09
2011-01-12,1683.01,1693.16,1696.06,1674.49,0.73,12.3,13637794,10982157327.0,1.28,0.1
2011-01-13,1695.87,1701.7,1709.25,1685.93,0.5,8.54,9707987,7623351655.0,1.38,0.07
2011-01-14,1696.94,1694.18,1707.07,1682.51,-0.44,-7.52,8201040,6105917985.0,1.44,0.06
2011-01-17,1681.49,1652.76,1690.46,1636.6,-2.44,-41.42,11416322,8482825656.0,3.18,0.09
2011-01-18,1647.49,1658.64,1662.68,1637.32,0.36,5.88,7166358,5371596444.0,1.53,0.05
2011-01-19,1654.03,1657.59,1664.16,1638.43,-0.06,-1.05,6957437,5123924362.0,1.55,0.05
2011-01-20,1655.51,1629.46,1657.04,1625.17,-1.7,-28.13,8019308,5992924069.0,1.92,0.06
2011-01-21,1629.72,1654.93,1679.28,1624.13,1.56,25.47,9586272,7791371428.0,3.38,0.07
2011-01-24,1654.49,1646.34,1664.07,1640.32,-0.52,-8.59,6835483,5374389721.0,1.44,0.05
2011-01-25,1646.57,1652.09,1663.71,1635.53,0.35,5.75,6971659,5672656210.0,1.71,0.05
2011-01-26,1652.83,1657.13,1660.36,1646.33,0.31,5.04,4672960,3943305985.0,0.85,0.04
2011-01-27,1649.28,1667.16,1670.27,1637.16,0.61,10.03,9657313,7609204163.0,2.0,0.07
2011-01-28,1659.76,1654.6,1666.89,1648.78,-0.75,-12.56,6299580,5687156445.0,1.09,0.05
2011-01-31,1651.38,1662.96,1665.82,1641.77,0.51,8.36,7162646,5463527111.0,1.45,0.05
2011-02-01,1661.24,1666.78,1673.1,1652.92,0.23,3.82,5421067,4359712459.0,1.21,0.04
2011-02-09,1658.53,1655.64,1673.63,1649.58,-0.67,-11.14,6395662,5475778975.0,1.44,0.05
2011-02-10,1654.32,1668.82,1671.28,1649.28,0.8,13.18,6375667,5064966570.0,1.33,0.05
2011-02-11,1667.98,1672.55,1674.14,1657.39,0.22,3.73,8754711,6858236987.0,1.0,0.07
2011-02-14,1672.33,1706.74,1711.82,1668.85,2.04,34.19,20077647,14896543407.0,2.57,0.15
2011-02-15,1706.2,1696.77,1715.32,1692.47,-0.58,-9.97,13666770,11162665152.0,1.34,0.1
2011-02-16,1694.31,1697.9,1703.66,1684.01,0.07,1.13,11769253,9150522256.0,1.16,0.09
2011-02-17,1698.55,1697.82,1710.6,1691.29,0.0,-0.08,10982301,9594268175.0,1.14,0.08
2011-02-18,1697.26,1695.42,1701.91,1683.87,-0.14,-2.4,8049759,6352125138.0,1.06,0.06
2011-02-21,1683.93,1688.24,1694.15,1674.81,-0.42,-7.18,10123936,7872217336.0,1.14,0.08
2011-02-22,1686.55,1660.91,1690.56,1653.16,-1.62,-27.33,13356619,10629865307.0,2.22,0.1
2011-02-23,1656.96,1659.06,1666.84,1649.94,-0.11,-1.85,6825229,5782085244.0,1.02,0.05
2011-02-24,1657.06,1660.75,1665.71,1647.89,0.1,1.69,7101827,5901946048.0,1.07,0.05
2011-02-25,1661.14,1669.83,1679.79,1653.01,0.55,9.08,6688117,5907405601.0,1.61,0.05
2011-02-28,1670.58,1669.31,1676.53,1656.82,-0.03,-0.52,6721966,5587605012.0,1.18,0.05
2011-03-01,1670.08,1677.31,1687.33,1663.94,0.48,8.0,10767137,9561139384.0,1.4,0.08
2011-03-02,1669.76,1686.99,1700.33,1665.32,0.58,9.68,14551090,15010113593.0,2.09,0.11
2011-03-03,1688.15,1704.34,1735.58,1683.05,1.03,17.35,32598750,27105230923.0,3.11,0.25
2011-03-04,1705.99,1719.69,1729.07,1697.05,0.9,15.35,15040181,12921398440.0,1.88,0.11
2011-03-07,1723.14,1733.84,1743.66,1718.51,0.82,14.15,17860724,14751232771.0,1.46,0.13
2011-03-08,1733.34,1737.0,1745.89,1725.7,0.18,3.16,11026906,9466234694.0,1.16,0.08
2011-03-09,1741.98,1749.35,1761.48,1735.02,0.71,12.35,11176869,9061283939.0,1.52,0.08
2011-03-10,1744.7,1717.1,1746.98,1711.5,-1.84,-32.25,11873568,9816898479.0,2.03,0.09
2011-03-14,1715.43,1710.08,1726.5,1704.22,-0.41,-7.02,6180500,4890926347.0,1.3,0.05
2011-03-15,1706.47,1698.91,1709.39,1674.36,-0.65,-11.17,11628381,9035915265.0,2.05,0.09
2011-03-16,1697.09,1710.6,1714.07,1693.03,0.69,11.69,7026698,5830717407.0,1.24,0.05
2011-03-17,1701.9,1694.19,1709.2,1690.54,-0.96,-16.41,6648986,5101539947.0,1.09,0.05
2011-03-18,1702.29,1691.19,1714.92,1679.13,-0.18,-3.0,7019687,6028218734.0,2.11,0.05
2011-03-21,1698.66,1707.77,1715.32,1687.7,0.98,16.58,6824008,5038605183.0,1.63,0.05
2011-03-22,1709.14,1721.3,1729.28,1698.49,0.79,13.53,10062434,8312446520.0,1.8,0.08
2011-03-23,1718.38,1734.37,1741.42,1715.29,0.76,13.07,9311520,7676454501.0,1.52,0.07
2011-03-24,1735.14,1735.99,1744.57,1724.12,0.09,1.62,6655271,5271664589.0,1.18,0.05
2011-03-25,1742.66,1761.75,1771.53,1736.06,1.48,25.76,14133036,11458077098.0,2.04,0.11
2011-03-28,1769.46,1771.64,1790.95,1760.1,0.56,9.89,16321910,12617317075.0,1.75,0.12
2011-03-29,1771.95,1778.17,1800.28,1764.86,0.37,6.53,21384357,17374957305.0,2.0,0.16
2011-03-30,1780.12,1784.79,1799.79,1767.47,0.37,6.62,14853117,12459968580.0,1.82,0.11
2011-03-31,1783.37,1765.74,1790.25,1760.17,-1.07,-19.05,10299760,7954557302.0,1.69,0.08
2011-04-01,1769.96,1788.04,1793.71,1758.63,1.26,22.3,13631473,11918324939.0,1.99,0.1
2011-04-06,1789.01,1820.82,1835.66,1788.48,1.83,32.78,25740527,21370631848.0,2.64,0.19
2011-04-07,1819.16,1818.65,1829.67,1806.18,-0.12,-2.17,14421476,11630305945.0,1.29,0.11
2011-04-08,1817.42,1812.38,1820.82,1801.55,-0.34,-6.27,8709152,7542933139.0,1.06,0.07
2011-04-11,1814.22,1813.84,1838.76,1803.76,0.08,1.46,15905993,14284987945.0,1.93,0.12
2011-04-12,1809.27,1816.15,1828.59,1800.84,0.13,2.31,10986134,9172606523.0,1.53,0.08
2011-04-13,1810.7,1835.96,1836.73,1799.92,1.09,19.81,13457382,12317623863.0,2.03,0.1
2011-04-14,1835.22,1838.88,1854.77,1825.64,0.16,2.92,19367410,15162999808.0,1.59,0.15
2011-04-15,1832.15,1859.13,1863.7,1828.73,1.1,20.25,11420656,9711327970.0,1.9,0.09
2011-04-18,1853.7,1852.63,1863.64,1843.51,-0.35,-6.5,12037968,9745794276.0,1.08,0.09
2011-04-19,1842.22,1812.64,1848.08,1812.05,-2.16,-39.99,10169822,7754640291.0,1.94,0.08
2011-04-20,1817.62,1811.35,1831.55,1803.39,-0.07,-1.29,9655163,8792821716.0,1.55,0.07
2011-04-21,1818.79,1816.51,1830.36,1808.83,0.28,5.16,8155238,6762455376.0,1.19,0.06
2011-04-22,1816.01,1805.43,1822.79,1801.02,-0.61,-11.08,7013754,6018407500.0,1.2,0.05
2011-04-25,1796.87,1791.22,1812.98,1783.94,-0.79,-14.21,8914881,7701815646.0,1.61,0.07
2011-04-26,1790.82,1793.4,1809.86,1785.58,0.12,2.18,8948417,8500215594.0,1.36,0.07
2011-04-27,1798.53,1805.1,1817.99,1792.1,0.65,11.7,12329114,10387172665.0,1.44,0.09
2011-04-28,1813.01,1818.59,1852.34,1804.84,0.75,13.49,15074386,11898883549.0,2.63,0.11
2011-04-29,1821.42,1804.47,1823.19,1781.06,-0.78,-14.12,12619081,11211698056.0,2.32,0.09
2011-05-03,1805.36,1810.72,1816.72,1792.55,0.35,6.25,7342000,6118364271.0,1.34,0.06
2011-05-04,1801.48,1788.35,1815.72,1783.92,-1.24,-22.37,8578360,7955235106.0,1.76,0.06
2011-05-05,1783.02,1807.66,1818.76,1771.84,1.08,19.31,10635968,7764526251.0,2.62,0.08
2011-05-06,1796.93,1796.29,1817.29,1789.9,-0.63,-11.37,7188850,5421486756.0,1.52,0.05
2011-05-09,1798.33,1790.39,1806.64,1782.76,-0.33,-5.9,5250493,4077850059.0,1.33,0.04
2011-05-10,1792.9,1795.7,1803.78,1783.9,0.3,5.31,4404322,3591513628.0,1.11,0.03
2011-05-11,1797.36,1788.41,1802.78,1783.46,-0.41,-7.29,4235035,3218586899.0,1.08,0.03
2011-05-12,1785.38,1772.45,1793.58,1771.32,-0.89,-15.96,5074578,3863893379.0,1.24,0.04
2011-05-13,1772.38,1794.77,1800.91,1767.3,1.26,22.32,7409950,5867606199.0,1.9,0.06
2011-05-16,1785.42,1773.48,1802.6,1767.02,-1.19,-21.29,6199514,4680462960.0,1.98,0.05
2011-05-17,1773.35,1775.39,1787.72,1763.15,0.11,1.91,6713439,5390425922.0,1.39,0.05
2011-05-18,1776.21,1796.38,1806.63,1771.59,1.18,20.99,6429765,5398971000.0,1.97,0.05
2011-05-19,1799.02,1795.29,1807.58,1788.99,-0.06,-1.09,5444601,4473641428.0,1.03,0.04
2011-05-20,1795.25,1794.69,1811.11,1785.91,-0.03,-0.6,6406323,5308856698.0,1.4,0.05
2011-05-23,1792.94,1761.34,1797.12,1750.72,-1.86,-33.35,8776426,6525936850.0,2.59,0.07
2011-05-24,1760.73,1751.55,1772.02,1744.89,-0.56,-9.79,6132289,4620627276.0,1.54,0.05
2011-05-25,1749.62,1724.6,1754.02,1718.45,-1.54,-26.95,6127678,3996361722.0,2.03,0.05
2011-05-26,1732.11,1738.12,1746.86,1727.6,0.78,13.52,4837378,3431916922.0,1.12,0.04
2011-05-27,1741.45,1736.27,1758.83,1727.58,-0.11,-1.85,7079749,5199658330.0,1.8,0.05
2011-05-30,1736.27,1775.1,1784.67,1731.61,2.24,38.83,6324023,3982245878.0,3.06,0.05
2011-05-31,1775.14,1782.5,1790.63,1764.33,0.42,7.4,6496244,4928932189.0,1.48,0.05
2011-06-01,1777.04,1763.67,1781.5,1753.29,-1.06,-18.83,6632739,4705619229.0,1.58,0.05
2011-06-02,1752.82,1733.91,1771.76,1709.29,-1.69,-29.76,13715435,10101557867.0,3.54,0.1
2011-06-03,1730.04,1734.98,1741.3,1716.45,0.06,1.07,6541540,4338050487.0,1.43,0.05
2011-06-07,1730.1,1742.25,1748.89,1724.31,0.42,7.27,4544228,3031622550.0,1.42,0.03
2011-06-08,1741.22,1739.25,1748.49,1718.66,-0.17,-3.0,5972296,4820895132.0,1.71,0.04
2011-06-09,1735.14,1724.36,1741.2,1720.4,-0.86,-14.89,6527303,4140367794.0,1.2,0.05
2011-06-10,1728.51,1730.52,1744.6,1714.07,0.36,6.16,5633071,3803933514.0,1.77,0.04
2011-06-13,1722.97,1744.11,1754.4,1710.86,0.79,13.59,5452637,3616659932.0,2.52,0.04
2011-06-14,1743.85,1735.92,1756.75,1727.28,-0.47,-8.19,8512665,5855476470.0,1.69,0.06
2011-06-15,1738.25,1727.49,1741.44,1722.72,-0.49,-8.43,5185084,3752738954.0,1.08,0.04
2011-06-16,1724.07,1721.67,1732.27,1713.18,-0.34,-5.82,5131399,3468189657.0,1.11,0.04
2011-06-17,1720.15,1719.36,1737.41,1709.61,-0.13,-2.31,4924278,3508203362.0,1.61,0.04
2011-06-20,1718.05,1707.39,1724.77,1697.98,-0.7,-11.97,5818821,3689466549.0,1.56,0.04
2011-06-21,1708.27,1716.23,1725.31,1702.15,0.52,8.84,5712265,3907885332.0,1.36,0.04
2011-06-22,1718.77,1731.01,1737.82,1706.4,0.86,14.78,6218810,3837839541.0,1.83,0.05
2011-06-23,1724.57,1757.04,1760.44,1713.77,1.5,26.03,6959136,4445348650.0,2.7,0.05
2011-06-24,1751.76,1799.03,1803.41,1743.77,2.39,41.99,12232047,8554186924.0,3.39,0.09
2011-06-27,1796.75,1792.32,1805.95,1780.43,-0.37,-6.71,8318040,5880315723.0,1.42,0.06
2011-06-28,1793.97,1787.03,1798.71,1772.85,-0.3,-5.29,6146630,4446168789.0,1.44,0.05
2011-06-29,1784.77,1764.2,1785.61,1753.31,-1.28,-22.83,9943474,6973939128.0,1.81,0.07
2011-06-30,1764.72,1765.28,1787.62,1757.35,0.06,1.08,8636148,6226706431.0,1.72,0.06
2011-07-01,1771.81,1748.61,1774.91,1740.06,-0.94,-16.67,8731902,6257935712.0,1.97,0.07
2011-07-04,1755.56,1771.57,1776.12,1747.32,1.31,22.96,10822927,8542111060.0,1.65,0.08
2011-07-05,1769.88,1765.73,1782.94,1753.24,-0.33,-5.84,7244238,5386552481.0,1.68,0.05
2011-07-06,1761.12,1746.61,1763.45,1726.88,-1.08,-19.12,9351605,5968786142.0,2.07,0.07
2011-07-07,1752.33,1734.04,1767.27,1730.46,-0.72,-12.57,12257442,8656495781.0,2.11,0.09
2011-07-08,1740.11,1748.03,1757.1,1732.02,0.81,13.99,10134539,7432522522.0,1.45,0.08
2011-07-11,1743.95,1743.13,1749.91,1731.74,-0.28,-4.9,6808399,5343264838.0,1.04,0.05
2011-07-12,1735.49,1722.33,1739.68,1718.65,-1.19,-20.8,8482835,5931346593.0,1.21,0.06
2011-07-13,1723.42,1744.72,1750.27,1721.97,1.3,22.39,8381879,5730405961.0,1.64,0.06
2011-07-14,1742.62,1752.04,1757.27,1732.69,0.42,7.32,7987000,5594743987.0,1.41,0.06
2011-07-15,1748.51,1755.52,1760.58,1735.67,0.2,3.48,7544204,5277522354.0,1.42,0.06
2011-07-18,1755.73,1745.76,1759.53,1741.61,-0.56,-9.76,7385073,4904288544.0,1.02,0.06
2011-07-19,1742.57,1738.72,1749.83,1732.13,-0.4,-7.04,6628280,4810044270.0,1.01,0.05
2011-07-20,1746.31,1737.96,1751.15,1730.16,-0.04,-0.76,6224701,4323142974.0,1.21,0.05
2011-07-21,1741.72,1732.06,1744.34,1722.74,-0.34,-5.9,7328772,5252238092.0,1.24,0.06
2011-07-22,1732.92,1730.49,1735.89,1723.49,-0.09,-1.57,5156324,3674198252.0,0.72,0.04
2011-07-25,1720.25,1699.87,1726.28,1694.84,-1.77,-30.62,8967302,6402318923.0,1.82,0.07
2011-07-26,1698.51,1702.28,1711.57,1690.8,0.14,2.41,5618702,3771725887.0,1.22,0.04
2011-07-27,1695.45,1698.05,1706.94,1687.55,-0.25,-4.23,5923657,4304938144.0,1.14,0.04
2011-07-28,1688.21,1676.07,1695.39,1671.89,-1.29,-21.98,6158265,4520980958.0,1.38,0.05
2011-07-29,1681.93,1707.65,1727.21,1669.93,1.88,31.58,11903833,8202879188.0,3.42,0.09
2011-08-01,1697.9,1695.48,1710.63,1688.38,-0.71,-12.17,5847713,4003584868.0,1.3,0.04
2011-08-02,1687.18,1681.97,1692.9,1671.1,-0.8,-13.51,4840474,3264867894.0,1.29,0.04
2011-08-03,1676.31,1677.56,1687.72,1668.06,-0.26,-4.41,4892180,3106982628.0,1.17,0.04
2011-08-04,1682.13,1674.46,1690.31,1667.99,-0.18,-3.1,3409090,2593066237.0,1.33,0.03
2011-08-05,1655.17,1648.33,1661.87,1639.16,-1.56,-26.13,7601780,5248994490.0,1.36,0.06
2011-08-08,1642.32,1612.88,1653.38,1596.39,-2.15,-35.45,10356300,6612036899.0,3.46,0.08
2011-08-09,1592.02,1630.27,1635.36,1567.03,1.08,17.39,11481311,7155813821.0,4.24,0.09
2011-08-10,1654.7,1642.29,1670.37,1631.48,0.74,12.02,8571245,5377119435.0,2.39,0.06
2011-08-11,1623.99,1654.85,1662.81,1614.87,0.76,12.56,8035324,5330532997.0,2.92,0.06
2011-08-12,1660.22,1653.03,1666.0,1641.36,-0.11,-1.82,6171606,4280376083.0,1.49,0.05
2011-08-15,1655.23,1678.44,1687.04,1638.36,1.54,25.41,10874959,7653628287.0,2.94,0.08
2011-08-16,1674.41,1670.73,1688.32,1664.63,-0.46,-7.71,8884190,6400489385.0,1.41,0.07
2011-08-17,1671.19,1673.82,1682.83,1665.6,0.18,3.09,5822914,3746209781.0,1.03,0.04
2011-08-18,1675.44,1660.57,1679.6,1653.34,-0.79,-13.25,5533014,3782375684.0,1.57,0.04
2011-08-19,1641.67,1645.57,1653.52,1633.54,-0.9,-15.0,6213517,3971406068.0,1.2,0.05
2011-08-22,1645.38,1633.18,1655.82,1625.27,-0.75,-12.39,4290782,2874068642.0,1.86,0.03
2011-08-23,1640.06,1653.99,1657.71,1628.7,1.27,20.81,5682083,3936687345.0,1.78,0.04
2011-08-24,1657.16,1644.4,1663.8,1639.24,-0.58,-9.59,5206899,3907203339.0,1.48,0.04
2011-08-25,1646.96,1692.73,1698.32,1643.73,2.94,48.33,17587821,12535733049.0,3.32,0.13
2011-08-26,1682.41,1684.84,1690.18,1671.48,-0.47,-7.89,9312012,6436023533.0,1.1,0.07
2011-08-29,1673.76,1652.72,1674.28,1645.16,-1.91,-32.12,10672587,7927805526.0,1.73,0.08
2011-08-30,1664.53,1659.95,1686.64,1654.31,0.44,7.23,9650836,6757717584.0,1.96,0.07
2011-08-31,1660.83,1670.99,1679.12,1651.68,0.67,11.04,6322806,4556193618.0,1.65,0.05
2011-09-01,1671.07,1671.34,1680.79,1658.77,0.02,0.35,5969995,4581651250.0,1.32,0.04
2011-09-02,1670.14,1655.8,1672.79,1650.84,-0.93,-15.54,4923209,3274476064.0,1.31,0.04
2011-09-05,1648.42,1641.12,1651.88,1636.29,-0.89,-14.68,5471055,3469130768.0,0.94,0.04
2011-09-06,1633.97,1637.04,1645.83,1631.73,-0.25,-4.08,5232801,3330875600.0,0.86,0.04
2011-09-07,1642.28,1660.12,1663.87,1639.99,1.41,23.08,6196329,4080039152.0,1.46,0.05
2011-09-08,1663.06,1660.68,1671.59,1653.26,0.03,0.56,4312013,2850153296.0,1.1,0.03
2011-09-09,1667.38,1667.57,1678.94,1657.55,0.41,6.89,4947885,3205912480.0,1.29,0.04
2011-09-13,1651.57,1657.54,1660.98,1647.17,-0.6,-10.03,4204577,2833402816.0,0.83,0.03
2011-09-14,1660.69,1648.27,1663.74,1631.57,-0.56,-9.27,5640715,3544096896.0,1.94,0.04
2011-09-15,1648.99,1641.4,1656.08,1641.4,-0.42,-6.87,5102198,3318997344.0,0.89,0.04
2011-09-16,1651.28,1651.05,1657.54,1639.73,0.59,9.65,5197103,3606068816.0,1.09,0.04
2011-09-19,1640.91,1630.28,1641.06,1628.62,-1.26,-20.77,4407454,2863060496.0,0.75,0.03
2011-09-20,1628.85,1634.4,1643.58,1626.84,0.25,4.12,3229135,2146683504.0,1.03,0.02
2011-09-21,1639.68,1657.06,1664.19,1628.37,1.39,22.66,8187041,5230639360.0,2.19,0.06
2011-09-22,1646.42,1616.42,1651.94,1616.3,-2.45,-40.64,7072128,4628929792.0,2.15,0.05
2011-09-23,1610.98,1615.05,1629.9,1597.93,-0.08,-1.37,7626054,4523557376.0,1.98,0.06
2011-09-26,1605.97,1588.06,1618.12,1586.02,-1.67,-26.99,6242290,4284006256.0,1.99,0.05
2011-09-27,1596.59,1605.1,1611.4,1593.96,1.07,17.04,4812863,3017055024.0,1.1,0.04
2011-09-28,1612.73,1595.15,1616.0,1590.62,-0.62,-9.95,3922583,2407354016.0,1.58,0.03
2011-09-29,1589.29,1592.94,1602.9,1585.26,-0.14,-2.21,5268485,3309779104.0,1.11,0.04
2011-09-30,1597.44,1591.9,1605.13,1585.82,-0.07,-1.04,6660797,4194253456.0,1.21,0.05
2011-10-10,1588.63,1591.59,1593.36,1579.59,-0.02,-0.31,5336603,3152686144.0,0.87,0.04
2011-10-11,1639.86,1618.54,1651.64,1605.14,1.69,26.95,9499661,5669089536.0,2.92,0.07
2011-10-12,1609.56,1652.2,1656.66,1603.6,2.08,33.66,13074396,7917467392.0,3.28,0.1
2011-10-13,1643.2,1657.4,1659.1,1630.45,0.31,5.2,8051602,4847175680.0,1.73,0.06
2011-10-14,1646.28,1660.77,1663.58,1635.42,0.2,3.37,6352509,3745923424.0,1.7,0.05
2011-10-17,1659.15,1667.77,1671.2,1653.08,0.42,7.0,6652465,4391712768.0,1.09,0.05
2011-10-18,1657.1,1664.5,1664.59,1650.42,-0.2,-3.27,7514283,4195365232.0,0.85,0.06
2011-10-19,1661.55,1662.12,1676.05,1657.66,-0.14,-2.38,4810004,3174570016.0,1.1,0.04
2011-10-20,1654.97,1644.69,1660.61,1634.47,-1.05,-17.43,5988014,3842044592.0,1.57,0.05
2011-10-21,1645.59,1649.38,1658.49,1640.76,0.29,4.69,6319498,4362340608.0,1.08,0.05
2011-10-24,1650.76,1675.73,1681.82,1650.03,1.6,26.35,10410950,7146661632.0,1.93,0.08
2011-10-25,1671.09,1689.32,1696.01,1667.63,0.81,13.59,9895104,6972477440.0,1.69,0.07
2011-10-26,1685.61,1693.6,1706.36,1683.86,0.25,4.28,9923231,6991377920.0,1.33,0.07
2011-10-27,1700.27,1704.83,1707.84,1695.22,0.66,11.23,6780644,4497049856.0,0.75,0.05
2011-10-28,1718.53,1710.71,1729.55,1703.5,0.34,5.88,11336287,7922935552.0,1.53,0.09
2011-10-31,1706.05,1704.88,1717.33,1701.09,-0.34,-5.83,6656721,4642903808.0,0.95,0.05
2011-11-01,1700.42,1701.95,1717.83,1696.13,-0.17,-2.93,7001519,4907331072.0,1.27,0.05
2011-11-02,1688.05,1716.71,1717.64,1687.29,0.87,14.76,8008866,5702106112.0,1.78,0.06
2011-11-03,1720.8,1712.65,1727.95,1712.04,-0.24,-4.06,10397619,7297341440.0,0.93,0.08
2011-11-04,1723.29,1722.27,1728.23,1715.17,0.56,9.62,6608128,4355139584.0,0.76,0.05
2011-11-07,1716.74,1708.18,1722.01,1708.18,-0.82,-14.09,4998112,3692855600.0,0.8,0.04
2011-11-08,1712.56,1711.72,1721.55,1706.83,0.21,3.54,5118596,3392981280.0,0.86,0.04
2011-11-09,1718.64,1719.68,1726.06,1709.9,0.47,7.96,4679061,3109456080.0,0.94,0.04
2011-11-10,1703.92,1687.38,1709.62,1684.14,-1.88,-32.3,7077313,4914523136.0,1.48,0.05
2011-11-11,1689.68,1695.34,1706.66,1689.68,0.47,7.96,4345990,2997978496.0,1.01,0.03
2011-11-14,1700.47,1716.55,1718.79,1697.37,1.25,21.21,5828130,4143272880.0,1.26,0.04
2011-11-15,1712.06,1704.61,1713.55,1700.73,-0.7,-11.94,4376342,3106414736.0,0.75,0.03
2011-11-16,1702.64,1677.74,1704.13,1671.44,-1.58,-26.87,7320340,5220801792.0,1.92,0.06
2011-11-17,1678.32,1681.55,1686.2,1674.4,0.23,3.81,3568309,2535066864.0,0.7,0.03
2011-11-18,1674.32,1671.01,1685.02,1665.58,-0.63,-10.54,4537424,3096581440.0,1.16,0.03
2011-11-21,1671.55,1658.43,1672.0,1654.31,-0.75,-12.58,3234023,2248045744.0,1.06,0.02
2011-11-22,1656.62,1655.33,1663.86,1649.44,-0.19,-3.1,3297621,2376640432.0,0.87,0.02
2011-11-23,1656.2,1651.11,1657.85,1642.66,-0.25,-4.22,3834751,2655809344.0,0.92,0.03
2011-11-24,1646.71,1661.12,1666.76,1643.46,0.61,10.01,3608155,2461519968.0,1.41,0.03
2011-11-25,1655.18,1645.88,1659.72,1640.02,-0.92,-15.24,2730852,1865316048.0,1.19,0.02
2011-11-28,1645.64,1648.72,1660.66,1643.34,0.17,2.84,2758733,1933829472.0,1.05,0.02
2011-11-29,1657.12,1666.11,1667.72,1651.49,1.05,17.39,3438981,2435714784.0,0.98,0.03
2011-11-30,1666.03,1639.12,1667.83,1633.39,-1.62,-26.99,5677646,3643798704.0,2.07,0.04
2011-12-01,1669.0,1677.72,1695.45,1661.8,2.35,38.6,12368346,8773519360.0,2.05,0.09
2011-12-02,1667.83,1672.81,1677.53,1655.44,-0.29,-4.91,5088056,3581964800.0,1.32,0.04
2011-12-05,1674.95,1681.57,1683.77,1665.81,0.52,8.76,6303997,4335378176.0,1.07,0.05
2011-12-06,1675.27,1661.04,1677.46,1657.82,-1.22,-20.53,3951053,2659516976.0,1.17,0.03
2011-12-07,1661.5,1656.13,1666.65,1645.51,-0.3,-4.91,4202604,3128103568.0,1.27,0.03
2011-12-08,1656.25,1656.8,1664.64,1646.07,0.04,0.67,4007009,2903177808.0,1.12,0.03
2011-12-09,1650.59,1655.68,1659.81,1646.95,-0.07,-1.12,3372146,2441061424.0,0.78,0.03
2011-12-12,1651.92,1644.21,1654.63,1639.72,-0.69,-11.47,3018764,2142537456.0,0.9,0.02
2011-12-13,1641.41,1640.58,1653.05,1637.29,-0.22,-3.63,5629873,3873850464.0,0.96,0.04
2011-12-14,1633.44,1628.2,1642.71,1625.97,-0.75,-12.38,3482613,2366563520.0,1.02,0.03
2011-12-15,1626.78,1620.81,1633.63,1618.79,-0.45,-7.39,5258654,3530871328.0,0.91,0.04
2011-12-16,1619.02,1649.9,1651.76,1611.17,1.79,29.09,6510961,4213200128.0,2.5,0.05
2011-12-19,1637.86,1647.98,1651.55,1612.56,-0.12,-1.92,6268739,3989688832.0,2.36,0.05
2011-12-20,1641.82,1642.36,1658.61,1635.18,-0.34,-5.62,4959226,3664126272.0,1.42,0.04
2011-12-21,1650.83,1637.59,1655.2,1633.74,-0.29,-4.77,5822620,3604656480.0,1.31,0.04
2011-12-22,1634.76,1640.87,1650.75,1628.97,0.2,3.28,6251124,3795963600.0,1.33,0.05
2011-12-23,1643.72,1646.01,1652.85,1635.96,0.31,5.14,4617096,2970175744.0,1.03,0.03
2011-12-26,1637.11,1639.79,1645.25,1630.97,-0.38,-6.22,4013592,2557336480.0,0.87,0.03
2011-12-27,1635.83,1637.62,1647.06,1635.65,-0.13,-2.17,4207043,2745020544.0,0.7,0.03
2011-12-28,1635.42,1641.85,1642.01,1621.39,0.26,4.23,5785633,3654366272.0,1.26,0.04
2011-12-29,1635.71,1646.8,1648.62,1631.75,0.3,4.95,4663383,2942464336.0,1.03,0.04
2011-12-30,1648.08,1661.15,1665.29,1643.46,0.87,14.35,6746038,4217501728.0,1.33,0.05
2012-01-04,1664.85,1651.98,1666.81,1646.12,-0.55,-9.17,5731887,3612012720.0,1.25,0.04
2012-01-05,1643.93,1672.27,1686.08,1642.41,1.23,20.29,11858540,7914819840.0,2.64,0.09
2012-01-06,1678.9,1687.68,1702.55,1677.61,0.92,15.41,6982555,4612357632.0,1.49,0.05
2012-01-09,1691.84,1705.89,1712.69,1684.42,1.08,18.21,11361574,7815333632.0,1.68,0.09
2012-01-10,1698.68,1719.24,1725.41,1693.51,0.78,13.35,9862812,6720217344.0,1.87,0.07
2012-01-11,1718.53,1713.39,1723.49,1703.44,-0.34,-5.85,6023864,4075191184.0,1.17,0.05
2012-01-12,1710.04,1713.72,1723.1,1706.84,0.02,0.33,7179552,5193935360.0,0.95,0.05
2012-01-13,1715.86,1713.49,1723.26,1701.79,-0.01,-0.23,6549569,4505837056.0,1.25,0.05
2012-01-16,1705.63,1704.93,1714.91,1702.26,-0.5,-8.56,3631795,2863901552.0,0.74,0.03
2012-01-17,1703.56,1731.98,1733.33,1693.21,1.59,27.05,10150818,7116756736.0,2.35,0.08
2012-01-18,1727.01,1711.75,1730.05,1709.06,-1.17,-20.23,6835952,4548295424.0,1.21,0.05
2012-01-19,1712.29,1732.83,1735.66,1711.74,1.23,21.08,8532511,6003085824.0,1.4,0.06
2012-01-20,1735.93,1746.05,1749.04,1728.43,0.76,13.22,10861266,8355760128.0,1.19,0.08
2012-01-30,1749.67,1715.31,1749.92,1715.2,-1.76,-30.74,8055307,5861138944.0,1.99,0.06
2012-01-31,1719.39,1722.56,1727.76,1714.84,0.42,7.25,4636741,3215865760.0,0.75,0.03
2012-02-01,1721.06,1708.38,1726.87,1706.86,-0.82,-14.18,5020140,3698210752.0,1.16,0.04
2012-02-02,1711.82,1749.27,1751.58,1708.19,2.39,40.89,8791825,6491741184.0,2.54,0.07
2012-02-03,1744.05,1762.06,1767.21,1737.97,0.73,12.79,9786583,7148114944.0,1.67,0.07
2012-02-06,1762.17,1756.7,1766.83,1750.35,-0.3,-5.36,7376173,5439667712.0,0.94,0.06
2012-02-07,1752.27,1730.37,1755.65,1721.57,-1.5,-26.33,5741375,4188334496.0,1.94,0.04
2012-02-08,1729.77,1761.32,1764.69,1727.63,1.79,30.95,7880211,5859841280.0,2.14,0.06
2012-02-09,1758.89,1763.03,1769.66,1748.07,0.1,1.71,6948295,4789321984.0,1.23,0.05
2012-02-10,1756.07,1752.23,1769.82,1746.28,-0.61,-10.8,7194840,5154742528.0,1.34,0.05
2012-02-13,1743.17,1743.15,1752.41,1735.97,-0.52,-9.08,6919976,5230294272.0,0.94,0.05
2012-02-14,1739.11,1735.43,1742.26,1726.21,-0.44,-7.72,5697031,4130480448.0,0.92,0.04
2012-02-15,1732.4,1739.39,1746.41,1727.6,0.23,3.96,6762218,5158685696.0,1.08,0.05
2012-02-16,1741.18,1739.36,1750.17,1734.31,0.0,-0.03,7055515,5019351296.0,0.91,0.05
2012-02-17,1747.62,1743.83,1750.43,1737.15,0.26,4.47,4776681,3570233680.0,0.76,0.04
2012-02-20,1759.46,1748.22,1763.01,1745.73,0.25,4.39,7214989,5634865408.0,0.99,0.05
2012-02-21,1750.73,1767.49,1768.75,1745.06,1.1,19.27,5382801,3921725968.0,1.36,0.04
2012-02-22,1764.14,1761.81,1765.78,1746.34,-0.32,-5.68,8511702,6580022528.0,1.1,0.06
2012-02-23,1758.45,1758.5,1765.19,1752.37,-0.19,-3.31,7390188,5785027840.0,0.73,0.06
2012-02-24,1759.06,1768.08,1768.16,1747.53,0.54,9.58,12193972,9285138688.0,1.17,0.09
2012-02-27,1767.8,1765.74,1775.34,1760.87,-0.13,-2.34,13092748,9897389312.0,0.82,0.1
2012-02-28,1760.94,1776.36,1785.37,1760.94,0.6,10.62,12395105,9057321216.0,1.38,0.09
2012-02-29,1775.73,1769.13,1776.06,1764.76,-0.41,-7.23,6213113,4396068096.0,0.64,0.05
2012-03-01,1766.33,1763.82,1773.19,1762.57,-0.3,-5.31,4071355,2972609536.0,0.6,0.03
2012-03-02,1763.96,1774.59,1775.01,1763.56,0.61,10.77,7313782,5129669120.0,0.65,0.05
2012-03-05,1775.96,1755.63,1777.66,1752.49,-1.07,-18.96,7852050,5439874304.0,1.42,0.06
2012-03-06,1756.43,1738.41,1756.94,1738.08,-0.98,-17.22,8032618,6807738624.0,1.07,0.06
2012-03-07,1732.05,1727.4,1738.47,1722.35,-0.63,-11.01,6890430,5108152576.0,0.93,0.05
2012-03-08,1730.13,1733.18,1738.11,1727.78,0.33,5.78,6415047,4857622272.0,0.6,0.05
2012-03-09,1735.56,1732.59,1738.01,1726.1,-0.03,-0.59,7005683,5382462720.0,0.69,0.05
2012-03-12,1729.57,1727.33,1731.44,1719.31,-0.3,-5.26,7771089,5952333312.0,0.7,0.06
2012-03-13,1724.48,1737.52,1741.33,1722.7,0.59,10.19,6489356,4968783616.0,1.08,0.05
2012-03-14,1741.48,1730.02,1759.51,1726.81,-0.43,-7.5,13019327,9193317888.0,1.88,0.1
2012-03-15,1728.31,1723.65,1750.84,1722.42,-0.37,-6.37,9621110,6087600640.0,1.64,0.07
2012-03-16,1730.64,1724.3,1731.76,1719.86,0.04,0.65,7324171,4925760000.0,0.69,0.06
2012-03-19,1721.37,1719.55,1724.75,1712.55,-0.28,-4.75,6521675,4281859904.0,0.71,0.05
2012-03-20,1717.02,1709.49,1722.14,1705.41,-0.59,-10.06,6482975,4353221632.0,0.97,0.05
2012-03-21,1715.32,1705.99,1718.65,1703.84,-0.2,-3.5,6306715,3972988672.0,0.87,0.05
2012-03-22,1702.52,1711.91,1715.33,1695.45,0.35,5.92,6749974,4244796928.0,1.17,0.05
2012-03-23,1711.16,1701.43,1718.43,1700.27,-0.61,-10.48,5957047,3769423536.0,1.06,0.04
2012-03-26,1706.64,1703.86,1712.32,1700.19,0.14,2.43,3609310,2478100512.0,0.71,0.03
2012-03-27,1708.59,1708.23,1711.77,1703.92,0.26,4.37,4336096,3027337696.0,0.46,0.03
2012-03-28,1707.56,1693.36,1714.16,1690.53,-0.87,-14.87,6410597,4452974848.0,1.38,0.05
2012-03-29,1691.85,1681.02,1695.78,1677.43,-0.73,-12.34,6437663,4471937792.0,1.08,0.05
2012-03-30,1686.73,1705.51,1707.64,1685.81,1.46,24.49,5942194,3746912704.0,1.3,0.04
2012-04-05,1696.04,1702.73,1703.78,1687.29,-0.16,-2.78,9014611,5773808128.0,0.97,0.07
2012-04-06,1695.19,1704.29,1707.63,1690.74,0.09,1.56,5952632,4277306880.0,0.99,0.04
2012-04-09,1700.26,1694.12,1701.25,1690.76,-0.6,-10.17,3456612,2212913360.0,0.62,0.03
2012-04-10,1694.06,1703.38,1705.24,1690.81,0.55,9.26,3742407,2932063984.0,0.85,0.03
2012-04-11,1695.89,1703.77,1709.84,1695.56,0.02,0.39,5454359,3637741552.0,0.84,0.04
2012-04-12,1703.94,1729.03,1729.2,1697.56,1.48,25.26,8459762,6117535488.0,1.86,0.06
2012-04-13,1725.22,1730.24,1734.66,1721.93,0.07,1.21,6384215,4678651648.0,0.74,0.05
2012-04-16,1722.75,1724.14,1728.02,1719.35,-0.35,-6.1,3604103,2583396256.0,0.5,0.03
2012-04-17,1722.15,1720.89,1725.32,1717.27,-0.19,-3.25,4195574,2770282016.0,0.47,0.03
2012-04-18,1725.08,1741.59,1744.1,1719.57,1.2,20.7,7168579,4726606336.0,1.43,0.05
2012-04-19,1738.35,1732.08,1739.4,1727.67,-0.55,-9.51,5266759,3924983952.0,0.67,0.04
2012-04-20,1730.96,1752.14,1752.3,1728.74,1.16,20.06,8473853,6629029888.0,1.36,0.06
2012-04-23,1747.53,1743.95,1753.64,1739.23,-0.47,-8.19,5548690,4261501024.0,0.82,0.04
2012-04-24,1741.95,1757.35,1775.97,1741.9,0.77,13.4,15175870,12130478080.0,1.95,0.11
2012-04-25,1751.67,1755.42,1757.99,1746.56,-0.11,-1.93,7838525,6340574976.0,0.65,0.06
2012-04-26,1755.59,1749.27,1760.25,1741.96,-0.35,-6.15,6720324,5555841280.0,1.04,0.05
2012-04-27,1750.54,1747.88,1752.82,1743.48,-0.08,-1.39,6342358,4658191872.0,0.53,0.05
2012-05-02,1758.33,1763.6,1768.31,1753.84,0.9,15.72,13203731,9781979392.0,0.83,0.1
2012-05-03,1759.81,1750.65,1763.58,1746.32,-0.73,-12.95,6077474,4927279872.0,0.98,0.05
2012-05-04,1748.67,1756.97,1760.26,1746.5,0.36,6.32,9266771,6776913920.0,0.79,0.07
2012-05-07,1756.05,1765.89,1766.12,1754.0,0.51,8.92,8923301,6621329408.0,0.69,0.07
2012-05-08,1765.44,1763.93,1768.66,1753.74,-0.11,-1.96,9293913,6485391104.0,0.84,0.07
2012-05-09,1756.18,1745.71,1761.55,1743.74,-1.03,-18.22,7066011,5422781440.0,1.01,0.05
2012-05-10,1750.42,1751.65,1753.94,1743.48,0.34,5.94,6967646,4823785728.0,0.6,0.05
2012-05-11,1745.24,1740.24,1755.17,1736.74,-0.65,-11.41,4803588,3434919936.0,1.05,0.04
2012-05-14,1745.42,1731.84,1748.57,1728.23,-0.48,-8.4,6934044,5237180160.0,1.17,0.05
2012-05-15,1728.37,1721.09,1734.24,1716.74,-0.62,-10.75,5599345,4164411952.0,1.01,0.04
2012-05-16,1718.8,1704.49,1722.28,1698.88,-0.96,-16.6,7236991,5023674880.0,1.36,0.05
2012-05-17,1705.51,1716.2,1722.88,1701.72,0.69,11.71,5094921,3680005376.0,1.24,0.04
2012-05-18,1711.73,1693.56,1711.73,1687.87,-1.32,-22.64,6517358,4533245184.0,1.39,0.05
2012-05-21,1692.52,1693.88,1698.86,1686.72,0.02,0.32,4857782,3542368800.0,0.72,0.04
2012-05-22,1695.46,1696.9,1700.83,1689.41,0.18,3.02,5075664,3720848384.0,0.67,0.04
2012-05-23,1696.48,1684.94,1698.66,1682.16,-0.7,-11.96,4611930,3312174800.0,0.97,0.03
2012-05-24,1684.73,1684.98,1693.48,1678.97,0.0,0.04,5559523,4202628928.0,0.86,0.04
2012-05-25,1683.85,1681.71,1689.83,1677.45,-0.19,-3.27,4567704,3217371280.0,0.73,0.03
2012-05-28,1679.46,1692.47,1692.63,1675.53,0.64,10.76,6123435,4267221360.0,1.02,0.05
2012-05-29,1690.55,1702.64,1706.06,1683.08,0.6,10.17,7469598,5636624640.0,1.36,0.06
2012-05-30,1698.53,1698.64,1701.25,1687.2,-0.23,-4.0,5598663,4096439328.0,0.83,0.04
2012-05-31,1687.19,1689.53,1693.0,1683.38,-0.54,-9.11,5256729,3970971008.0,0.57,0.04
2012-06-01,1688.46,1692.69,1699.23,1685.44,0.19,3.16,5565140,4129727008.0,0.82,0.04
2012-06-04,1684.53,1665.62,1685.51,1665.51,-1.6,-27.07,7104693,5141274624.0,1.18,0.05
2012-06-05,1670.46,1673.91,1682.64,1668.52,0.5,8.29,5515103,4121677872.0,0.85,0.04
2012-06-06,1674.66,1679.37,1683.12,1671.01,0.33,5.46,4887227,3756059664.0,0.72,0.04
2012-06-07,1687.21,1673.18,1690.5,1669.2,-0.37,-6.19,4287706,3157934288.0,1.27,0.03
2012-06-08,1676.4,1655.71,1676.4,1648.93,-1.04,-17.47,10565210,7991788032.0,1.64,0.08
2012-06-11,1658.16,1660.27,1668.97,1653.9,0.28,4.56,6562034,4296139264.0,0.91,0.05
2012-06-12,1657.3,1655.32,1659.3,1644.12,-0.3,-4.95,6871725,5061226496.0,0.91,0.05
2012-06-13,1656.46,1663.61,1664.26,1650.57,0.5,8.29,5580064,3751494416.0,0.83,0.04
2012-06-14,1662.76,1646.09,1662.76,1642.92,-1.05,-17.52,5360237,3645871008.0,1.19,0.04
2012-06-15,1650.87,1665.84,1671.83,1645.33,1.2,19.75,8451680,6675681536.0,1.61,0.06
2012-06-18,1670.3,1661.38,1671.34,1657.2,-0.27,-4.46,5475230,3837572960.0,0.85,0.04
2012-06-19,1659.44,1660.96,1666.25,1655.15,-0.03,-0.42,5164961,3671418448.0,0.67,0.04
2012-06-20,1664.6,1662.56,1668.86,1661.28,0.1,1.6,4878449,3545132528.0,0.46,0.04
2012-06-21,1662.33,1651.72,1663.89,1647.55,-0.65,-10.84,4445350,2866798048.0,0.98,0.03
2012-06-25,1648.97,1653.84,1660.05,1646.99,0.13,2.12,5981683,4114687664.0,0.79,0.04
2012-06-26,1650.68,1653.75,1658.84,1645.93,-0.01,-0.09,4422186,3126955376.0,0.78,0.03
2012-06-27,1651.63,1651.49,1654.05,1639.93,-0.14,-2.26,3946019,2545985136.0,0.85,0.03
2012-06-28,1651.8,1643.59,1654.37,1642.18,-0.48,-7.9,3553697,2410907104.0,0.74,0.03
2012-06-29,1647.15,1657.77,1661.79,1643.6,0.86,14.18,5613568,3818812448.0,1.11,0.04
2012-07-02,1658.22,1652.21,1658.97,1645.55,-0.34,-5.56,4307358,2897931040.0,0.81,0.03
2012-07-03,1653.86,1649.79,1661.5,1648.04,-0.15,-2.42,4095674,2940112480.0,0.81,0.03
2012-07-04,1652.34,1657.78,1662.46,1651.65,0.48,7.99,4506294,3301288960.0,0.66,0.03
2012-07-05,1654.36,1657.34,1660.14,1648.49,-0.03,-0.44,3763807,2707108496.0,0.7,0.03
2012-07-06,1645.15,1644.84,1648.61,1635.35,-0.75,-12.5,7101053,5407490048.0,0.8,0.05
2012-07-09,1643.0,1612.46,1645.12,1606.55,-1.97,-32.38,7818387,5509391616.0,2.34,0.06
2012-07-10,1613.06,1607.78,1624.11,1605.4,-0.29,-4.68,3953503,2667258160.0,1.16,0.03
2012-07-11,1607.41,1601.95,1612.31,1597.7,-0.36,-5.83,3606762,2359636352.0,0.91,0.03
2012-07-12,1603.15,1592.5,1606.98,1587.06,-0.59,-9.45,8078205,5467067648.0,1.24,0.06
2012-07-13,1593.78,1598.78,1605.78,1590.2,0.39,6.28,4052558,2790202480.0,0.98,0.03
2012-07-16,1601.77,1597.92,1602.23,1590.86,-0.05,-0.86,4775012,3018929360.0,0.71,0.04
2012-07-17,1598.06,1604.93,1609.38,1596.83,0.44,7.01,3771168,2385253968.0,0.79,0.03
2012-07-18,1607.09,1610.87,1613.62,1598.49,0.37,5.94,4112375,2708046000.0,0.94,0.03
2012-07-19,1611.09,1604.84,1614.95,1598.06,-0.37,-6.03,4930468,3390898592.0,1.05,0.04
2012-07-20,1603.78,1592.83,1607.76,1588.2,-0.75,-12.01,3836515,2660365520.0,1.22,0.03
2012-07-23,1585.17,1569.48,1587.31,1562.13,-1.47,-23.35,4929686,3356844432.0,1.58,0.04
2012-07-24,1565.56,1556.09,1567.98,1553.81,-0.85,-13.39,4252496,2699441424.0,0.9,0.03
2012-07-25,1558.0,1555.87,1564.18,1553.94,-0.01,-0.22,2777221,1877574352.0,0.66,0.02
2012-07-26,1555.93,1556.56,1562.11,1552.12,0.04,0.69,2848003,1825302992.0,0.64,0.02
2012-07-27,1561.46,1576.69,1579.4,1557.77,1.29,20.13,5311870,3708641728.0,1.39,0.04
2012-07-30,1580.31,1578.65,1593.14,1578.45,0.12,1.96,5203566,3558219840.0,0.93,0.04
2012-07-31,1581.6,1594.36,1597.62,1580.35,1.0,15.71,5840581,4001246400.0,1.09,0.04
2012-08-01,1592.36,1601.64,1604.3,1588.06,0.46,7.28,4562470,3137979696.0,1.02,0.03
2012-08-02,1598.52,1605.26,1611.86,1596.48,0.23,3.62,4596819,3111403424.0,0.96,0.03
2012-08-03,1606.85,1608.34,1614.03,1604.78,0.19,3.08,3046501,2060740896.0,0.58,0.02
2012-08-06,1608.74,1602.38,1617.62,1600.1,-0.37,-5.96,4359879,2859236288.0,1.09,0.03
2012-08-07,1602.12,1593.89,1605.74,1590.23,-0.53,-8.49,3691377,2357448432.0,0.97,0.03
2012-08-08,1594.28,1611.1,1615.59,1594.26,1.08,17.21,4479044,2854768592.0,1.34,0.03
2012-08-09,1611.12,1605.26,1613.86,1601.77,-0.36,-5.84,3067044,2033596576.0,0.75,0.02
2012-08-10,1609.43,1613.61,1619.16,1609.43,0.52,8.35,4131398,3014554976.0,0.61,0.03
2012-08-13,1613.61,1616.18,1625.71,1609.42,0.16,2.57,4336109,2884152320.0,1.01,0.03
2012-08-14,1619.91,1623.3,1634.59,1617.11,0.44,7.12,3813487,2492869776.0,1.08,0.03
2012-08-15,1619.13,1606.03,1630.16,1605.86,-1.06,-17.27,4034058,2846451888.0,1.5,0.03
2012-08-16,1605.69,1606.28,1612.5,1603.06,0.02,0.25,2544569,1834979360.0,0.59,0.02
2012-08-17,1606.36,1613.09,1618.61,1606.36,0.42,6.81,3126614,1950032848.0,0.76,0.02
2012-08-20,1606.81,1612.76,1615.78,1598.15,-0.02,-0.33,2663844,1782167616.0,1.09,0.02
2012-08-21,1612.67,1605.78,1612.67,1593.39,-0.43,-6.98,4274245,2547742320.0,1.2,0.03
2012-08-22,1604.44,1611.31,1611.31,1596.61,0.34,5.53,3615179,2390952224.0,0.92,0.03
2012-08-23,1605.63,1607.31,1614.48,1597.26,-0.25,-4.0,4246987,2594627984.0,1.07,0.03
2012-08-24,1604.45,1604.59,1609.78,1598.04,-0.17,-2.72,3875661,2438644272.0,0.73,0.03
2012-08-27,1602.16,1603.26,1612.28,1596.57,-0.08,-1.33,4448217,2674376352.0,0.98,0.03
2012-08-28,1603.7,1614.47,1618.5,1599.31,0.7,11.21,4055789,2682401392.0,1.2,0.03
2012-08-29,1610.05,1611.13,1613.46,1603.31,-0.21,-3.34,2892271,1854091248.0,0.63,0.02
2012-08-30,1602.12,1621.55,1621.59,1602.12,0.65,10.42,4826795,2921615376.0,1.21,0.04
2012-08-31,1616.76,1609.81,1617.99,1608.82,-0.72,-11.74,3275577,2012088400.0,0.57,0.02
2012-09-03,1609.55,1593.0,1611.11,1589.8,-1.04,-16.81,5197903,3096402336.0,1.32,0.04
2012-09-04,1590.66,1581.01,1595.98,1575.43,-0.75,-11.99,5359380,3369084912.0,1.29,0.04
2012-09-05,1575.21,1559.25,1580.04,1552.33,-1.38,-21.76,7023868,4429308416.0,1.75,0.05
2012-09-06,1559.74,1564.79,1567.63,1550.38,0.36,5.54,5615222,3454171744.0,1.11,0.04
2012-09-07,1566.09,1599.63,1616.1,1564.79,2.23,34.84,12407474,7661598208.0,3.28,0.09
2012-09-10,1595.32,1597.1,1600.51,1587.01,-0.16,-2.53,5878083,3916368928.0,0.84,0.04
2012-09-11,1590.58,1589.42,1591.34,1575.58,-0.48,-7.68,3790376,2465780368.0,0.99,0.03
2012-09-12,1590.87,1578.51,1595.44,1568.84,-0.69,-10.91,4810141,2838898880.0,1.67,0.04
2012-09-13,1575.76,1573.37,1579.94,1567.55,-0.33,-5.14,3542654,2141937296.0,0.78,0.03
2012-09-14,1577.22,1584.35,1588.33,1571.37,0.7,10.98,6121951,3709848992.0,1.08,0.05
2012-09-17,1581.71,1568.45,1581.91,1567.97,-1.0,-15.9,4083487,2595957440.0,0.88,0.03
2012-09-18,1567.36,1553.3,1568.91,1549.14,-0.97,-15.15,3393403,2097578544.0,1.26,0.03
2012-09-19,1555.35,1550.74,1557.18,1547.62,-0.16,-2.56,3740862,2254268000.0,0.62,0.03
2012-09-20,1547.47,1537.21,1550.35,1532.45,-0.87,-13.53,4759923,2862348128.0,1.15,0.04
2012-09-21,1533.95,1532.32,1540.31,1529.64,-0.32,-4.89,4004160,2372018144.0,0.69,0.03
2012-09-24,1528.92,1527.14,1533.04,1511.74,-0.34,-5.18,4386877,2555783248.0,1.39,0.03
2012-09-25,1524.48,1524.8,1528.56,1515.86,-0.15,-2.34,2314734,1365069168.0,0.83,0.02
2012-09-26,1524.48,1515.48,1527.45,1509.65,-0.61,-9.32,2767484,1628865888.0,1.17,0.02
2012-09-27,1515.85,1556.23,1570.2,1512.63,2.69,40.75,6858203,3970465936.0,3.8,0.05
2012-09-28,1544.02,1570.61,1577.09,1539.73,0.92,14.38,6473982,3609574016.0,2.4,0.05
2012-10-08,1570.3,1570.02,1577.93,1555.09,-0.04,-0.59,3905122,2235085648.0,1.45,0.03
2012-10-09,1573.4,1592.19,1599.54,1571.85,1.41,22.17,5859034,3450858608.0,1.76,0.04
2012-10-10,1593.22,1588.94,1593.25,1582.16,-0.2,-3.25,3191080,1887947040.0,0.7,0.02
2012-10-11,1586.19,1593.85,1596.25,1574.69,0.31,4.91,3704514,2116502000.0,1.36,0.03
2012-10-12,1594.97,1600.6,1608.72,1593.47,0.42,6.75,4991616,3054732096.0,0.96,0.04
2012-10-15,1601.41,1597.63,1606.32,1588.79,-0.19,-2.97,2858720,1645523568.0,1.1,0.02
2012-10-16,1595.66,1598.08,1602.38,1587.42,0.03,0.45,4335492,2835223856.0,0.94,0.03
2012-10-17,1600.47,1606.81,1610.33,1595.23,0.55,8.73,4578026,2846990592.0,0.94,0.03
2012-10-18,1610.3,1619.13,1625.65,1605.51,0.77,12.32,5440733,3367711840.0,1.25,0.04
2012-10-19,1618.77,1618.98,1624.64,1614.13,-0.01,-0.15,3837842,2312547056.0,0.65,0.03
2012-10-22,1615.27,1622.14,1629.78,1611.9,0.2,3.16,4406500,2766617696.0,1.1,0.03
2012-10-23,1621.97,1615.85,1629.66,1615.76,-0.39,-6.29,3479603,2293832352.0,0.86,0.03
2012-10-24,1614.69,1615.88,1622.79,1611.6,0.0,0.03,3112778,1956992336.0,0.69,0.02
2012-10-25,1613.38,1607.75,1619.69,1603.99,-0.5,-8.13,3294638,1990266272.0,0.97,0.02
2012-10-26,1606.11,1591.88,1612.04,1586.54,-0.99,-15.87,4233711,2679882976.0,1.59,0.03
2012-10-29,1588.08,1587.22,1592.11,1580.39,-0.29,-4.66,3209804,2029763264.0,0.74,0.02
2012-10-30,1586.84,1589.43,1592.98,1575.73,0.14,2.21,4091129,2495868064.0,1.09,0.03
2012-10-31,1587.72,1592.46,1598.66,1582.96,0.19,3.03,3575511,2402516304.0,0.99,0.03
2012-11-01,1593.99,1614.74,1621.29,1592.25,1.4,22.28,6596526,4217572192.0,1.82,0.05
2012-11-02,1614.7,1630.11,1634.3,1611.35,0.95,15.37,6127061,3752320000.0,1.42,0.05
2012-11-05,1626.96,1625.52,1631.52,1618.9,-0.28,-4.59,8838512,4624873728.0,0.77,0.07
2012-11-06,1623.78,1625.82,1625.82,1605.16,0.02,0.3,5820889,3325220416.0,1.27,0.04
2012-11-07,1621.66,1627.4,1631.06,1613.43,0.1,1.58,4007176,2327830720.0,1.08,0.03
2012-11-08,1620.87,1620.98,1623.75,1610.13,-0.39,-6.42,4865316,2720363472.0,0.84,0.04
2012-11-09,1615.23,1624.68,1624.68,1610.52,0.23,3.7,4948506,2411422384.0,0.87,0.04
2012-11-12,1623.61,1633.18,1635.23,1614.88,0.52,8.5,6744962,3864532112.0,1.25,0.05
2012-11-13,1629.89,1620.75,1631.15,1608.36,-0.76,-12.43,5733757,3075169504.0,1.4,0.04
2012-11-14,1617.09,1623.16,1624.78,1606.59,0.15,2.41,4067577,2163140960.0,1.12,0.03
2012-11-15,1616.11,1609.92,1619.48,1606.6,-0.82,-13.24,3980940,2104386288.0,0.79,0.03
2012-11-16,1607.39,1596.14,1607.97,1590.63,-0.86,-13.78,4666594,2574693184.0,1.08,0.04
2012-11-19,1595.84,1601.46,1601.7,1585.97,0.33,5.32,3563145,2133468832.0,0.99,0.03
2012-11-20,1602.52,1600.56,1603.31,1583.0,-0.06,-0.9,3029925,1810532816.0,1.27,0.02
2012-11-21,1598.56,1603.0,1606.73,1588.19,0.15,2.44,4051800,2416794592.0,1.16,0.03
2012-11-22,1599.82,1603.42,1605.45,1592.37,0.03,0.42,2694444,1588573824.0,0.82,0.02
2012-11-23,1604.61,1608.01,1613.46,1602.06,0.29,4.59,4834451,2886810480.0,0.71,0.04
2012-11-26,1603.38,1603.33,1606.47,1596.14,-0.29,-4.68,3157658,1847601264.0,0.64,0.02
2012-11-27,1598.72,1606.96,1608.82,1595.41,0.23,3.63,5435191,3292402480.0,0.84,0.04
2012-11-28,1602.62,1609.68,1612.17,1598.75,0.17,2.72,5075025,2927845824.0,0.84,0.04
2012-11-29,1610.07,1612.45,1620.87,1603.29,0.17,2.77,4952606,2817952544.0,1.09,0.04
2012-11-30,1611.73,1613.38,1618.22,1603.13,0.06,0.93,4849646,2879707136.0,0.94,0.04
2012-12-03,1611.2,1601.73,1611.39,1596.89,-0.72,-11.65,5774589,3848563488.0,0.9,0.04
2012-12-04,1601.01,1601.99,1605.22,1596.24,0.02,0.26,4709728,2950375264.0,0.56,0.04
2012-12-05,1602.15,1634.52,1641.84,1599.01,2.03,32.53,17171171,11479694848.0,2.67,0.13
2012-12-06,1633.42,1640.59,1641.71,1629.25,0.37,6.07,10511741,7289482240.0,0.76,0.08
2012-12-07,1640.9,1657.77,1660.82,1633.47,1.05,17.18,18047905,12044613632.0,1.67,0.14
2012-12-10,1662.14,1674.3,1681.05,1660.47,1.0,16.53,16519323,11474735616.0,1.24,0.12
2012-12-11,1672.49,1673.48,1686.2,1666.52,-0.05,-0.82,10675126,7013672960.0,1.18,0.08
2012-12-12,1673.64,1685.74,1690.81,1672.19,0.73,12.26,11521827,7877230336.0,1.11,0.09
2012-12-13,1680.91,1669.22,1683.31,1665.11,-0.98,-16.52,9129054,6236251904.0,1.08,0.07
2012-12-14,1669.84,1744.59,1750.08,1669.19,4.52,75.37,26667429,18451066368.0,4.85,0.2
2012-12-17,1747.53,1739.32,1756.06,1727.54,-0.3,-5.27,18548899,13379160832.0,1.63,0.14
2012-12-18,1734.13,1750.41,1761.87,1727.29,0.64,11.09,18552458,12993154304.0,1.99,0.14
2012-12-19,1747.84,1743.43,1757.32,1739.57,-0.4,-6.98,11646366,8702384384.0,1.01,0.09
2012-12-20,1738.78,1732.41,1741.3,1721.34,-0.63,-11.02,11357939,8727116288.0,1.14,0.09
2012-12-21,1734.09,1711.9,1738.64,1710.63,-1.18,-20.51,10863497,7932541184.0,1.62,0.08
2012-12-24,1712.4,1720.87,1735.44,1712.4,0.52,8.97,9747909,7848559104.0,1.35,0.07
2012-12-25,1717.64,1771.64,1778.22,1712.5,2.95,50.77,17961424,13655905024.0,3.82,0.14
2012-12-26,1769.59,1753.93,1769.59,1746.78,-1.0,-17.71,10647536,8146570496.0,1.29,0.08
2012-12-27,1756.18,1739.8,1763.25,1736.11,-0.81,-14.13,11642271,9063522560.0,1.55,0.09
2012-12-28,1740.07,1759.53,1767.0,1740.05,1.13,19.73,11347113,8179734272.0,1.55,0.09
2012-12-31,1760.28,1787.48,1793.37,1760.19,1.59,27.95,16578343,12576388352.0,1.89,0.12
2013-01-04,1806.81,1813.01,1819.08,1796.36,1.43,25.53,20590648,15156097792.0,1.27,0.15
2013-01-07,1809.15,1819.38,1829.58,1806.38,0.35,6.37,14649987,11864602368.0,1.28,0.11
2013-01-08,1820.68,1792.99,1822.77,1785.97,-1.45,-26.39,12440186,9932102144.0,2.02,0.09
2013-01-09,1788.68,1789.3,1801.99,1784.73,-0.21,-3.69,11591145,9061109504.0,0.96,0.09
2013-01-10,1789.01,1804.09,1806.4,1787.84,0.83,14.79,10059172,8052097536.0,1.04,0.08
2013-01-11,1807.11,1786.46,1809.79,1778.9,-0.98,-17.63,11698711,9414984192.0,1.71,0.09
2013-01-14,1781.08,1835.24,1841.79,1776.86,2.73,48.78,19243312,15612721664.0,3.63,0.14
2013-01-15,1833.07,1829.19,1838.66,1825.7,-0.33,-6.05,13706499,11054384640.0,0.71,0.1
2013-01-16,1827.64,1818.97,1834.86,1792.71,-0.56,-10.22,12121347,10044861696.0,2.3,0.09
2013-01-17,1811.7,1800.45,1813.9,1791.7,-1.02,-18.52,10340843,9104093440.0,1.22,0.08
2013-01-18,1810.78,1821.21,1829.87,1807.35,1.15,20.76,12011756,10619188224.0,1.25,0.09
2013-01-21,1822.22,1824.4,1826.68,1807.82,0.18,3.19,15583729,13275137792.0,1.04,0.12
2013-01-22,1822.58,1846.83,1873.7,1811.66,1.23,22.43,28087539,21134912256.0,3.4,0.21
2013-01-23,1839.73,1843.93,1847.78,1826.33,-0.16,-2.9,19216231,13689107456.0,1.16,0.14
2013-01-24,1843.67,1859.37,1900.28,1843.26,0.84,15.44,29456989,22874965760.0,3.09,0.22
2013-01-25,1857.65,1849.2,1866.55,1847.32,-0.55,-10.17,11878383,9522078720.0,1.03,0.09
2013-01-28,1857.45,1896.05,1897.54,1849.29,2.53,46.85,24150475,20669828352.0,2.61,0.18
2013-01-29,1895.43,1903.48,1908.52,1880.19,0.39,7.43,24186318,20830009856.0,1.49,0.18
2013-01-30,1901.63,1937.41,1939.61,1884.66,1.78,33.93,24783066,17543614464.0,2.89,0.19
2013-01-31,1938.22,1945.66,1959.21,1930.44,0.43,8.25,22154056,15226454272.0,1.48,0.17
2013-02-01,1939.97,1986.48,1988.67,1928.97,2.1,40.82,25179175,20898960896.0,3.07,0.19
2013-02-04,1986.5,2002.98,2032.96,1984.96,0.83,16.5,30111367,25419063040.0,2.42,0.23
2013-02-05,1987.01,1972.31,1999.24,1961.86,-1.53,-30.67,21320135,17414941696.0,1.87,0.16
2013-02-06,1971.71,1976.95,1981.64,1956.06,0.24,4.64,16924566,13875304704.0,1.3,0.13
2013-02-07,1973.78,1927.92,1973.78,1904.73,-2.48,-49.03,27317240,24285049088.0,3.49,0.21
2013-02-08,1925.65,1927.72,1938.04,1916.38,-0.01,-0.2,19588393,17600764928.0,1.12,0.15
2013-02-18,1937.34,1915.57,1943.37,1915.25,-0.63,-12.15,15352372,13063274496.0,1.46,0.12
2013-02-19,1918.55,1896.59,1925.03,1888.55,-0.99,-18.98,14010199,11865446144.0,1.9,0.11
2013-02-20,1903.01,1884.32,1903.34,1867.63,-0.65,-12.27,17872392,15880287744.0,1.88,0.13
2013-02-21,1870.99,1835.65,1870.99,1818.18,-2.58,-48.67,24749220,20906814720.0,2.8,0.19
2013-02-22,1831.37,1823.3,1840.79,1817.59,-0.67,-12.35,14282162,12081213184.0,1.26,0.11
2013-02-25,1827.55,1830.2,1843.28,1824.26,0.38,6.9,12087608,10731405056.0,1.04,0.09
2013-02-26,1823.79,1816.61,1858.61,1809.44,-0.74,-13.59,23382493,22021990656.0,2.69,0.18
2013-02-27,1816.44,1839.22,1842.58,1815.08,1.24,22.61,16267715,14471743488.0,1.51,0.12
2013-02-28,1842.97,1871.1,1881.22,1828.02,1.73,31.88,21963976,20446202880.0,2.89,0.17
2013-03-01,1875.03,1855.71,1877.83,1838.05,-0.82,-15.39,16903242,17260913152.0,2.13,0.13
2013-03-04,1834.05,1793.16,1844.45,1782.96,-3.37,-62.55,22639439,20335044352.0,3.31,0.17
2013-03-05,1795.16,1853.22,1862.69,1792.76,3.35,60.06,22379100,20709272320.0,3.9,0.17
2013-03-06,1859.85,1854.48,1864.81,1843.18,0.07,1.26,19554921,19448987904.0,1.17,0.15
2013-03-07,1844.39,1826.59,1854.13,1813.31,-1.5,-27.89,17005127,16400871680.0,2.2,0.13
2013-03-08,1829.78,1828.26,1841.66,1819.22,0.09,1.67,11765091,12263769856.0,1.23,0.09
2013-03-11,1826.78,1821.13,1829.5,1808.16,-0.39,-7.13,9027710,8697718784.0,1.17,0.07
2013-03-12,1820.43,1813.27,1839.96,1803.22,-0.43,-7.86,14075154,12991009024.0,2.02,0.11
2013-03-13,1810.71,1804.27,1814.85,1794.69,-0.5,-9.0,10440207,9874931712.0,1.11,0.08
2013-03-14,1800.16,1816.68,1817.96,1793.56,0.69,12.41,10326467,9397192960.0,1.35,0.08
2013-03-15,1813.41,1831.64,1853.77,1803.78,0.82,14.96,18874685,17842044416.0,2.75,0.14
2013-03-18,1823.44,1796.41,1834.69,1792.87,-1.92,-35.23,12026611,11004733952.0,2.28,0.09
2013-03-19,1799.48,1806.56,1816.67,1793.2,0.57,10.15,10371732,9348103936.0,1.31,0.08
2013-03-20,1810.16,1864.41,1867.56,1807.74,3.2,57.85,23863065,21984381952.0,3.31,0.18
2013-03-21,1866.11,1866.43,1882.28,1856.49,0.11,2.02,15840031,14155903488.0,1.38,0.12
2013-03-22,1865.21,1868.02,1874.21,1857.8,0.09,1.59,10071564,9078342144.0,0.88,0.08
2013-03-25,1874.39,1871.54,1883.96,1865.82,0.19,3.52,10743151,9699764736.0,0.97,0.08
2013-03-26,1868.13,1848.12,1869.98,1835.99,-1.25,-23.42,12737387,11615107328.0,1.82,0.1
2013-03-27,1852.15,1846.35,1871.68,1838.23,-0.1,-1.77,11761121,9980843264.0,1.81,0.09
2013-03-28,1818.96,1777.01,1818.96,1770.44,-3.76,-69.34,30486248,26488086784.0,2.63,0.23
2013-03-29,1780.04,1789.69,1795.29,1774.37,0.71,12.68,15581960,14213102592.0,1.18,0.12
2013-04-01,1784.98,1785.32,1795.51,1780.25,-0.24,-4.37,8265464,7129538560.0,0.85,0.06
2013-04-02,1787.31,1786.66,1795.94,1777.49,0.08,1.34,9278152,8188728320.0,1.03,0.07
2013-04-03,1791.85,1795.27,1811.11,1787.64,0.48,8.61,8626537,7169240064.0,1.31,0.06
2013-04-08,1774.03,1780.77,1788.1,1763.38,-0.81,-14.5,8969507,7248929792.0,1.38,0.07
2013-04-09,1787.72,1782.62,1796.9,1780.4,0.1,1.85,7724182,6664215040.0,0.93,0.06
2013-04-10,1783.66,1779.24,1788.8,1775.85,-0.19,-3.38,6090328,5368761088.0,0.73,0.05
2013-04-11,1787.52,1781.68,1793.07,1777.29,0.14,2.44,6029124,5568918528.0,0.89,0.05
2013-04-12,1778.21,1779.24,1786.59,1775.01,-0.14,-2.44,6518687,6388255488.0,0.65,0.05
2013-04-15,1774.14,1771.96,1783.92,1764.82,-0.41,-7.28,7489493,5977974528.0,1.07,0.06
2013-04-16,1766.85,1767.02,1773.73,1755.38,-0.28,-4.94,10478717,9605672960.0,1.04,0.08
2013-04-17,1767.38,1757.57,1768.33,1747.22,-0.53,-9.45,8584336,7462918656.0,1.19,0.06
2013-04-18,1748.21,1764.44,1765.72,1743.96,0.39,6.87,9363751,8952999680.0,1.24,0.07
2013-04-19,1764.79,1802.01,1805.88,1762.03,2.13,37.57,17203316,16401177600.0,2.49,0.13
2013-04-22,1797.26,1798.38,1803.31,1793.33,-0.2,-3.63,10192445,9728892416.0,0.55,0.08
2013-04-23,1800.63,1768.12,1802.63,1764.27,-1.68,-30.26,11046094,10650367232.0,2.13,0.08
2013-04-24,1769.11,1788.84,1793.3,1764.34,1.17,20.72,10290368,9541224192.0,1.64,0.08
2013-04-25,1781.88,1780.29,1790.09,1768.0,-0.48,-8.55,8005799,6857447168.0,1.23,0.06
2013-04-26,1782.93,1767.67,1788.34,1765.61,-0.71,-12.62,7274533,6100189952.0,1.28,0.05
2013-05-02,1766.08,1771.29,1773.84,1758.05,0.2,3.62,8079368,6122588672.0,0.89,0.06
2013-05-03,1774.69,1787.83,1806.65,1771.23,0.93,16.54,11741225,10592847104.0,2.0,0.09
2013-05-06,1790.86,1799.15,1807.09,1787.79,0.63,11.32,9245801,8444407040.0,1.08,0.07
2013-05-07,1795.61,1794.77,1800.23,1788.4,-0.24,-4.38,6849280,6223216128.0,0.66,0.05
2013-05-08,1799.55,1800.81,1811.3,1794.42,0.34,6.04,9073384,8381437952.0,0.94,0.07
2013-05-09,1802.96,1793.57,1805.08,1790.34,-0.4,-7.24,6836353,6325135360.0,0.82,0.05
2013-05-10,1792.61,1802.77,1807.34,1790.81,0.51,9.2,7315135,6418817280.0,0.92,0.05
2013-05-13,1804.21,1797.26,1807.12,1793.49,-0.31,-5.51,7676167,7477499904.0,0.76,0.06
2013-05-14,1796.01,1784.89,1800.32,1778.74,-0.69,-12.37,8018366,7645681920.0,1.2,0.06
2013-05-15,1760.5,1759.54,1766.68,1755.22,-1.42,-25.35,5110887,5128341760.0,0.64,0.04
2013-05-16,1757.99,1776.86,1781.13,1750.49,0.98,17.32,12111462,12313442816.0,1.74,0.09
2013-05-17,1774.65,1797.15,1803.68,1772.51,1.14,20.29,12437148,11012127744.0,1.75,0.09
2013-05-20,1826.41,1839.93,1852.39,1825.24,2.38,42.78,14211610,13384235264.0,1.51,0.11
2013-05-21,1835.22,1838.37,1840.06,1828.57,-0.08,-1.56,8155329,7782050816.0,0.62,0.06
2013-05-22,1834.82,1834.71,1843.08,1828.49,-0.2,-3.66,7763966,7693362176.0,0.79,0.06
2013-05-23,1830.31,1818.19,1838.66,1815.26,-0.9,-16.52,9189154,8288331264.0,1.28,0.07
2013-05-24,1825.16,1821.65,1833.2,1814.2,0.19,3.46,6902720,5995056896.0,1.04,0.05
2013-05-27,1819.09,1816.31,1830.37,1815.53,-0.29,-5.34,6507218,5776800512.0,0.81,0.05
2013-05-28,1817.71,1843.58,1845.38,1812.35,1.5,27.27,11377851,10405701376.0,1.82,0.09
2013-05-29,1844.22,1841.87,1852.51,1837.26,-0.09,-1.71,9363979,8538018560.0,0.83,0.07
2013-05-30,1834.89,1835.25,1845.14,1830.87,-0.36,-6.62,7821106,6800661760.0,0.77,0.06
2013-05-31,1838.15,1827.42,1845.91,1827.14,-0.43,-7.83,7101012,6675319552.0,1.02,0.05
2013-06-03,1833.18,1834.83,1838.21,1827.27,0.41,7.41,7408240,6321618176.0,0.6,0.06
2013-06-04,1832.31,1830.87,1838.67,1823.93,-0.22,-3.96,7412283,6330065152.0,0.8,0.06
2013-06-05,1828.87,1823.74,1833.94,1821.39,-0.39,-7.13,6958851,6418336768.0,0.69,0.05
2013-06-06,1824.73,1801.98,1828.14,1799.78,-1.19,-21.76,7883187,7254883584.0,1.56,0.06
2013-06-07,1804.85,1796.2,1814.15,1793.82,-0.32,-5.78,7597664,6615641600.0,1.13,0.06
2013-06-13,1786.56,1773.1,1786.56,1744.85,-1.29,-23.1,12667329,9424135424.0,2.32,0.1
2013-06-14,1770.05,1781.21,1785.44,1762.02,0.46,8.11,8596708,6348347904.0,1.32,0.06
2013-06-17,1786.27,1776.6,1789.43,1773.15,-0.26,-4.61,6442823,4869001216.0,0.91,0.05
2013-06-18,1790.89,1782.87,1790.89,1771.0,0.35,6.27,6299482,5029677824.0,1.12,0.05
2013-06-19,1779.14,1766.99,1780.24,1756.79,-0.89,-15.88,6328440,5434087936.0,1.32,0.05
2013-06-20,1763.11,1720.49,1764.71,1716.85,-2.63,-46.5,10336778,8101897472.0,2.71,0.08
2013-06-21,1710.69,1708.97,1720.54,1696.96,-0.67,-11.52,10764231,7987823872.0,1.37,0.08
2013-06-24,1709.0,1639.34,1709.0,1635.81,-4.07,-69.63,18189385,13452096000.0,4.28,0.14
2013-06-25,1628.34,1657.51,1660.88,1587.2,1.11,18.17,21740428,14848682752.0,4.49,0.16
2013-06-26,1675.16,1657.01,1675.16,1620.65,-0.03,-0.5,15584804,10377185792.0,3.29,0.12
2013-06-27,1659.66,1689.31,1696.71,1659.66,1.95,32.3,13027436,8303130112.0,2.24,0.1
2013-06-28,1690.42,1756.84,1760.63,1689.12,4.0,67.53,15851933,10402419200.0,4.23,0.12
2013-07-01,1739.48,1759.56,1762.88,1725.57,0.15,2.72,11362119,6906317056.0,2.12,0.09
2013-07-02,1749.37,1750.39,1753.83,1728.53,-0.52,-9.17,10489851,6953842176.0,1.44,0.08
2013-07-03,1736.13,1722.48,1737.54,1708.83,-1.59,-27.91,10118622,6186161664.0,1.64,0.08
2013-07-04,1712.41,1718.74,1734.33,1704.52,-0.22,-3.74,8760137,5845982208.0,1.73,0.07
2013-07-05,1719.86,1725.33,1728.22,1714.65,0.38,6.59,6315051,4336943360.0,0.79,0.05
2013-07-08,1716.65,1711.74,1717.29,1701.74,-0.79,-13.59,7465710,4704821760.0,0.9,0.06
2013-07-09,1707.71,1719.27,1725.14,1702.36,0.44,7.53,6026140,3724138448.0,1.33,0.05
2013-07-10,1714.18,1727.69,1732.14,1708.53,0.49,8.42,7379778,4796042240.0,1.37,0.06
2013-07-11,1732.08,1784.72,1800.57,1731.33,3.3,57.03,23688091,17674045952.0,4.01,0.18
2013-07-12,1780.69,1756.77,1784.35,1748.35,-1.57,-27.95,16105234,12193298944.0,2.02,0.12
2013-07-15,1763.32,1762.97,1783.36,1751.22,0.35,6.2,11200556,8150979840.0,1.83,0.08
2013-07-16,1754.58,1766.81,1767.9,1745.54,0.22,3.84,8327867,6041764352.0,1.27,0.06
2013-07-17,1762.18,1761.73,1779.33,1753.25,-0.29,-5.08,7776436,5431014912.0,1.48,0.06
2013-07-18,1760.06,1745.02,1763.0,1743.44,-0.95,-16.71,9379419,6658665984.0,1.11,0.07
2013-07-19,1749.31,1736.96,1759.6,1729.92,-0.46,-8.06,10130753,6799995136.0,1.7,0.08
2013-07-22,1722.93,1732.89,1736.47,1717.37,-0.23,-4.07,9870844,6207713024.0,1.1,0.07
2013-07-23,1734.02,1745.69,1758.99,1725.44,0.74,12.8,10843605,7392466688.0,1.94,0.08
2013-07-24,1740.96,1735.93,1745.67,1723.84,-0.56,-9.76,9315782,6198912512.0,1.25,0.07
2013-07-25,1740.56,1733.01,1746.64,1731.16,-0.17,-2.92,6330690,4175284960.0,0.89,0.05
2013-07-26,1728.91,1721.68,1736.53,1720.35,-0.65,-11.33,5281970,3392091408.0,0.93,0.04
2013-07-29,1715.72,1697.08,1718.22,1690.38,-1.43,-24.6,7853363,5048732672.0,1.62,0.06
2013-07-30,1703.19,1712.01,1726.67,1696.63,0.88,14.93,7588817,4814651392.0,1.77,0.06
2013-07-31,1721.6,1709.58,1728.59,1705.01,-0.14,-2.43,5265839,3499796016.0,1.38,0.04
2013-08-01,1714.05,1729.1,1734.66,1708.56,1.14,19.52,7418707,4779298816.0,1.53,0.06
2013-08-02,1736.48,1722.26,1741.54,1720.38,-0.4,-6.84,6128825,4112431296.0,1.22,0.05
2013-08-05,1726.16,1730.01,1733.46,1716.18,0.45,7.75,5196159,3561150992.0,1.0,0.04
2013-08-06,1723.69,1726.85,1734.3,1716.54,-0.18,-3.16,6462115,4387156224.0,1.03,0.05
2013-08-07,1722.47,1717.8,1733.37,1717.18,-0.52,-9.05,6836824,4684605952.0,0.94,0.05
2013-08-08,1717.47,1717.12,1729.95,1712.17,-0.04,-0.68,5435968,3709338912.0,1.04,0.04
2013-08-09,1724.04,1720.49,1727.87,1707.83,0.2,3.37,6108298,4117893952.0,1.17,0.05
2013-08-12,1722.97,1748.01,1752.56,1718.8,1.6,27.52,13779974,10134975232.0,1.96,0.1
2013-08-13,1747.81,1750.41,1753.98,1739.92,0.14,2.4,11725292,9096833536.0,0.8,0.09
2013-08-14,1754.03,1749.06,1765.69,1745.16,-0.08,-1.35,10538286,8118772736.0,1.17,0.08
2013-08-15,1750.71,1743.08,1758.26,1740.1,-0.34,-5.98,6835956,4872083200.0,1.04,0.05
2013-08-16,1744.02,1752.86,1910.22,1732.78,0.56,9.78,25952665,18237052160.0,10.18,0.2
2013-08-19,1741.14,1755.71,1764.96,1737.1,0.16,2.85,12926187,9590578944.0,1.59,0.1
2013-08-20,1752.95,1750.86,1768.59,1743.9,-0.28,-4.85,13493776,10464028160.0,1.41,0.1
2013-08-21,1757.42,1742.3,1758.28,1734.82,-0.49,-8.56,7562790,5410321408.0,1.34,0.06
2013-08-22,1742.21,1735.16,1752.18,1725.68,-0.41,-7.14,7500320,5452172544.0,1.52,0.06
2013-08-23,1741.78,1724.91,1744.37,1706.04,-0.59,-10.25,10050112,7433402880.0,2.21,0.08
2013-08-26,1723.17,1741.0,1746.81,1715.69,0.93,16.09,10072690,7532582912.0,1.8,0.08
2013-08-27,1739.46,1736.25,1744.87,1725.08,-0.27,-4.75,9115624,6872442368.0,1.14,0.07
2013-08-28,1731.42,1725.54,1735.87,1719.27,-0.62,-10.71,8965461,6397975040.0,0.96,0.07
2013-08-29,1736.21,1725.88,1737.7,1717.91,0.02,0.34,6877908,4887239168.0,1.15,0.05
2013-08-30,1723.53,1735.14,1736.78,1720.23,0.54,9.26,8402270,5682536704.0,0.96,0.06
2013-09-02,1736.99,1732.83,1738.92,1726.39,-0.13,-2.31,8396229,5721279232.0,0.72,0.06
2013-09-03,1737.23,1754.87,1756.56,1731.95,1.27,22.04,12185288,8877400320.0,1.42,0.09
2013-09-04,1751.0,1752.85,1756.3,1742.93,-0.12,-2.02,9775102,7200011520.0,0.76,0.07
2013-09-05,1752.08,1747.92,1754.56,1741.76,-0.28,-4.93,6524715,4891164928.0,0.73,0.05
2013-09-06,1745.03,1755.62,1761.31,1744.51,0.44,7.7,11690797,8324611072.0,0.96,0.09
2013-09-09,1768.85,1885.07,1892.92,1768.85,7.37,129.45,44234885,30487817728.0,7.07,0.33
2013-09-10,1888.09,1863.63,1888.13,1835.37,-1.14,-21.44,37063106,30228059904.0,2.8,0.28
2013-09-11,1859.22,1850.93,1867.74,1848.46,-0.68,-12.7,23438678,19565537536.0,1.03,0.18
2013-09-12,1848.56,1887.39,1918.89,1834.55,1.97,36.46,40029958,32667086848.0,4.56,0.3
2013-09-13,1873.43,1859.55,1885.03,1852.6,-1.48,-27.84,23520981,19938142976.0,1.72,0.18
2013-09-16,1866.87,1855.15,1873.01,1843.11,-0.24,-4.4,23401729,20818823936.0,1.61,0.18
2013-09-17,1852.24,1813.33,1858.0,1811.88,-2.25,-41.82,20221564,17726880512.0,2.49,0.15
2013-09-18,1818.78,1809.34,1824.65,1794.66,-0.22,-3.99,14052392,11650945024.0,1.65,0.11
2013-09-23,1813.82,1816.94,1825.34,1807.98,0.42,7.6,14394904,12562448384.0,0.96,0.11
2013-09-24,1816.32,1793.3,1816.32,1783.59,-1.3,-23.64,17391585,14482665984.0,1.8,0.13
2013-09-25,1792.44,1792.16,1804.82,1785.17,-0.06,-1.14,11729177,9990616576.0,1.1,0.09
2013-09-26,1787.73,1770.92,1789.26,1763.26,-1.19,-21.24,14328852,11695179008.0,1.45,0.11
2013-09-27,1768.92,1775.21,1779.27,1765.86,0.24,4.29,8200372,6681015808.0,0.76,0.06
2013-09-30,1780.9,1778.8,1787.64,1770.77,0.2,3.59,8426142,6462161152.0,0.95,0.06
2013-10-08,1773.21,1785.53,1788.24,1762.89,0.38,6.73,10084659,7861566720.0,1.43,0.08
2013-10-09,1779.18,1791.25,1792.62,1773.95,0.32,5.72,9812960,8181153536.0,1.05,0.07
2013-10-10,1792.11,1774.72,1792.32,1771.65,-0.92,-16.53,9436687,7546838016.0,1.15,0.07
2013-10-11,1784.76,1799.63,1803.25,1779.32,1.4,24.91,14826717,11908708352.0,1.35,0.11
2013-10-14,1800.46,1792.48,1803.08,1783.0,-0.4,-7.15,9919164,7810613248.0,1.12,0.07
2013-10-15,1788.02,1773.89,1791.49,1772.07,-1.04,-18.59,8516564,6628483584.0,1.08,0.06
2013-10-16,1773.26,1773.98,1777.97,1766.56,0.01,0.09,8709045,6709716736.0,0.64,0.07
2013-10-17,1779.96,1773.97,1788.17,1770.68,0.0,-0.01,6625474,4944778496.0,0.99,0.05
2013-10-18,1773.24,1772.61,1788.46,1770.44,-0.08,-1.36,6970317,5198955008.0,1.02,0.05
2013-10-21,1775.9,1790.16,1793.72,1765.59,0.99,17.55,9080906,6838070784.0,1.59,0.07
2013-10-22,1788.98,1776.72,1788.98,1772.22,-0.75,-13.44,6705526,5313037056.0,0.94,0.05
2013-10-23,1780.69,1778.9,1799.22,1773.71,0.12,2.18,12821709,10646531584.0,1.44,0.1
2013-10-24,1777.78,1764.08,1779.23,1760.84,-0.83,-14.82,9936605,8095805696.0,1.03,0.07
2013-10-25,1764.27,1760.99,1785.09,1757.49,-0.18,-3.09,13717556,11064404480.0,1.56,0.1
2013-10-28,1765.07,1760.69,1767.74,1755.02,-0.02,-0.3,7703943,6257031168.0,0.72,0.06
2013-10-29,1763.57,1789.87,1810.32,1763.57,1.66,29.18,23196883,19278061312.0,2.66,0.17
2013-10-30,1787.71,1802.6,1807.77,1775.53,0.71,12.73,13917491,11570530048.0,1.8,0.1
2013-10-31,1800.21,1792.07,1800.21,1780.32,-0.58,-10.53,12510400,10239111424.0,1.1,0.09
2013-11-01,1796.11,1803.47,1811.08,1790.43,0.64,11.4,10778263,8138810112.0,1.15,0.08
2013-11-04,1810.55,1801.49,1814.94,1793.92,-0.11,-1.98,8039778,6210263040.0,1.17,0.06
2013-11-05,1792.34,1795.56,1797.04,1775.97,-0.33,-5.93,10032842,8026467328.0,1.17,0.08
2013-11-06,1785.23,1774.71,1789.19,1774.62,-1.16,-20.85,8544542,6957281536.0,0.81,0.06
2013-11-07,1778.93,1786.86,1788.78,1773.51,0.68,12.15,6880414,5266985216.0,0.86,0.05
2013-11-08,1780.96,1781.51,1789.91,1777.71,-0.3,-5.35,6678949,5216615424.0,0.68,0.05
2013-11-11,1780.11,1785.13,1791.15,1775.17,0.2,3.62,6486749,4893764864.0,0.9,0.05
2013-11-12,1786.47,1791.6,1799.21,1785.44,0.36,6.47,8296417,6721452288.0,0.77,0.06
2013-11-13,1786.69,1765.78,1790.25,1759.32,-1.44,-25.82,10665390,8405577984.0,1.73,0.08
2013-11-14,1764.57,1762.42,1769.62,1753.23,-0.19,-3.36,9471852,7315435520.0,0.93,0.07
2013-11-15,1763.34,1773.05,1786.19,1759.54,0.6,10.63,11190413,8440750336.0,1.51,0.08
2013-11-18,1774.98,1807.98,1813.52,1770.81,1.97,34.93,19873077,15322527232.0,2.41,0.15
2013-11-19,1808.71,1798.04,1808.71,1790.42,-0.55,-9.94,11820256,8988472832.0,1.01,0.09
2013-11-20,1800.69,1804.16,1806.21,1788.93,0.34,6.12,9228042,7236791808.0,0.96,0.07
2013-11-21,1792.65,1815.88,1818.31,1779.58,0.65,11.72,12662463,9366548736.0,2.15,0.1
2013-11-22,1812.71,1805.36,1817.63,1801.04,-0.58,-10.52,9601180,7041124352.0,0.91,0.07
2013-11-25,1801.32,1793.76,1808.09,1793.71,-0.64,-11.6,7066163,5251817472.0,0.8,0.05
2013-11-26,1795.19,1788.5,1801.89,1785.09,-0.29,-5.26,5848677,4279731904.0,0.94,0.04
2013-11-27,1786.92,1791.85,1801.12,1779.22,0.19,3.35,8487332,6584423680.0,1.22,0.06
2013-11-28,1794.45,1801.73,1808.87,1790.8,0.55,9.88,9281072,6884315136.0,1.01,0.07
2013-11-29,1806.99,1800.9,1809.2,1795.73,-0.05,-0.83,7247952,5751851008.0,0.75,0.05
2013-12-02,1801.56,1833.68,1836.4,1801.25,1.82,32.78,22362739,16291785728.0,1.95,0.17
2013-12-03,1821.78,1819.83,1828.11,1809.6,-0.76,-13.85,11818252,8725750784.0,1.01,0.09
2013-12-04,1816.47,1825.43,1834.59,1810.26,0.31,5.6,15690451,11882756864.0,1.34,0.12
2013-12-05,1825.71,1815.27,1826.13,1806.12,-0.56,-10.16,10227584,7555492864.0,1.1,0.08
2013-12-06,1810.66,1813.54,1815.05,1803.51,-0.1,-1.73,8134876,6034184192.0,0.64,0.06
2013-12-09,1813.83,1802.58,1816.44,1799.86,-0.6,-10.96,7416398,5539329536.0,0.91,0.06
2013-12-10,1804.48,1804.1,1810.46,1797.86,0.08,1.52,7501919,5605776640.0,0.7,0.06
2013-12-11,1797.96,1783.06,1802.09,1776.57,-1.17,-21.04,10119930,7766489344.0,1.41,0.08
2013-12-12,1780.12,1774.23,1783.1,1769.14,-0.5,-8.83,6743275,4921160960.0,0.78,0.05
2013-12-13,1766.91,1758.78,1771.72,1752.44,-0.87,-15.45,8153120,5594699776.0,1.09,0.06
2013-12-16,1761.92,1747.3,1768.95,1743.2,-0.65,-11.48,8050955,5894704640.0,1.46,0.06
2013-12-17,1752.73,1744.11,1753.47,1736.2,-0.18,-3.19,6731264,4600707328.0,0.99,0.05
2013-12-18,1742.44,1741.48,1745.08,1735.92,-0.15,-2.63,5598145,3924510960.0,0.53,0.04
2013-12-19,1743.03,1726.83,1745.02,1722.73,-0.84,-14.65,8262384,5714401024.0,1.28,0.06
2013-12-20,1728.56,1680.21,1729.16,1678.69,-2.7,-46.62,12252902,7952778240.0,2.92,0.09
2013-12-23,1692.82,1696.04,1703.35,1684.76,0.94,15.83,7131013,4815833856.0,1.11,0.05
2013-12-24,1698.73,1691.67,1705.37,1686.52,-0.26,-4.37,6421451,4633858816.0,1.11,0.05
2013-12-25,1695.93,1695.93,1699.92,1687.88,0.25,4.26,6066503,4496823296.0,0.71,0.05
2013-12-26,1692.29,1675.16,1695.27,1667.7,-1.22,-20.77,7314225,4854307840.0,1.63,0.05
2013-12-27,1675.91,1692.95,1701.77,1671.39,1.06,17.79,8788464,5818662400.0,1.81,0.07
2013-12-30,1699.54,1681.04,1700.45,1675.61,-0.7,-11.91,10420500,6432105216.0,1.47,0.08
2013-12-31,1679.52,1697.48,1705.76,1674.37,0.98,16.44,12966041,9948186880.0,1.87,0.1
2014-01-02,1695.64,1691.17,1695.72,1682.94,-0.37,-6.31,7006544,4790482176.0,0.75,0.05
2014-01-03,1684.48,1674.12,1689.15,1669.2,-1.01,-17.05,7680036,5113011200.0,1.18,0.06
2014-01-06,1676.0,1660.25,1676.0,1641.98,-0.83,-13.87,9997543,6247784960.0,2.03,0.08
2014-01-07,1648.38,1656.16,1656.27,1640.06,-0.25,-4.09,6226842,3860944080.0,0.98,0.05
2014-01-08,1651.73,1657.14,1666.29,1645.76,0.06,0.98,7315061,4522502144.0,1.24,0.05
2014-01-09,1654.49,1647.99,1666.4,1643.32,-0.55,-9.15,6897145,4619334144.0,1.39,0.05
2014-01-10,1647.24,1647.16,1653.29,1638.33,-0.05,-0.83,6921753,4458589184.0,0.91,0.05
2014-01-13,1649.09,1654.17,1657.28,1644.35,0.43,7.01,6434128,4263338752.0,0.78,0.05
2014-01-14,1651.35,1649.54,1655.33,1640.85,-0.28,-4.63,5840590,3794654016.0,0.88,0.04
2014-01-15,1648.05,1633.0,1649.01,1627.35,-1.0,-16.54,6148495,3733396624.0,1.31,0.05
2014-01-16,1631.88,1624.45,1635.37,1617.65,-0.52,-8.55,6873359,4068736992.0,1.09,0.05
2014-01-17,1618.82,1610.83,1620.43,1606.56,-0.84,-13.62,7018705,4319565568.0,0.85,0.05
2014-01-20,1615.26,1609.2,1618.61,1604.14,-0.1,-1.63,5358813,3178832384.0,0.9,0.04
2014-01-21,1609.29,1613.69,1622.1,1606.98,0.28,4.49,4727617,2804620416.0,0.94,0.04
2014-01-22,1613.56,1632.86,1633.52,1611.76,1.19,19.17,9127852,5372037632.0,1.35,0.07
2014-01-23,1626.18,1614.51,1627.58,1613.22,-1.12,-18.35,6326197,3794399792.0,0.88,0.05
2014-01-24,1609.99,1614.66,1620.23,1606.24,0.01,0.15,6837018,4302613504.0,0.87,0.05
2014-01-27,1611.95,1607.32,1616.34,1599.71,-0.45,-7.34,7681751,4557509376.0,1.03,0.06
2014-01-28,1610.41,1619.58,1623.33,1605.84,0.76,12.26,6648241,3982224000.0,1.09,0.05
2014-01-29,1622.51,1640.7,1641.48,1618.87,1.3,21.12,6830704,4162946112.0,1.4,0.05
2014-01-30,1635.25,1625.18,1638.56,1621.61,-0.95,-15.52,4474428,2896811520.0,1.03,0.03
2014-02-07,1617.6,1618.53,1620.35,1608.22,-0.41,-6.65,4886384,3124775072.0,0.75,0.04
2014-02-10,1622.69,1632.07,1637.2,1619.44,0.84,13.54,8391072,5224407296.0,1.1,0.06
2014-02-11,1630.61,1660.31,1667.5,1626.43,1.73,28.24,19306909,12237453312.0,2.52,0.15
2014-02-12,1656.3,1661.78,1671.58,1652.68,0.09,1.47,13965606,8477883648.0,1.14,0.1
2014-02-13,1656.69,1672.76,1688.96,1651.61,0.66,10.98,22596709,14269432832.0,2.25,0.17
2014-02-14,1674.93,1670.77,1675.76,1663.39,-0.12,-1.99,9935542,6031468544.0,0.74,0.07
2014-02-17,1673.26,1669.05,1676.72,1663.75,-0.1,-1.72,10575815,6936724224.0,0.78,0.08
2014-02-18,1667.94,1654.61,1670.45,1652.21,-0.87,-14.44,10649460,6919891200.0,1.09,0.08
2014-02-19,1654.12,1694.41,1706.71,1649.25,2.41,39.8,19795594,12382862336.0,3.47,0.15
2014-02-20,1689.82,1675.16,1705.37,1671.16,-1.14,-19.25,16799869,11156939520.0,2.02,0.13
2014-02-21,1673.07,1668.77,1678.81,1656.97,-0.38,-6.39,9456221,6231222272.0,1.3,0.07
2014-02-24,1659.82,1638.64,1659.82,1626.55,-1.81,-30.13,12891230,8275681024.0,1.99,0.1
2014-02-25,1638.82,1631.41,1646.03,1624.6,-0.44,-7.23,10929276,6794500864.0,1.31,0.08
2014-02-26,1624.55,1625.93,1637.58,1618.61,-0.34,-5.48,8541088,5119659008.0,1.16,0.06
2014-02-27,1627.29,1638.04,1645.29,1615.4,0.74,12.11,13352829,8344408320.0,1.84,0.1
2014-02-28,1632.9,1628.48,1638.62,1616.79,-0.58,-9.56,9428510,5806076160.0,1.33,0.07
2014-03-03,1626.47,1622.2,1629.52,1614.37,-0.39,-6.28,9666642,5730909184.0,0.93,0.07
2014-03-04,1618.57,1625.87,1627.33,1608.27,0.23,3.67,9749382,6088083712.0,1.17,0.07
2014-03-05,1623.95,1613.48,1626.2,1609.7,-0.76,-12.39,7516851,4785697024.0,1.01,0.06
2014-03-06,1611.44,1616.88,1623.07,1602.92,0.21,3.4,10556156,6214858240.0,1.25,0.08
2014-03-07,1618.51,1616.79,1630.64,1611.42,-0.01,-0.09,9649291,5855096320.0,1.19,0.07
2014-03-10,1609.98,1586.54,1613.02,1582.36,-1.87,-30.25,10922338,6590048512.0,1.9,0.08
2014-03-11,1586.39,1583.31,1588.49,1575.0,-0.2,-3.23,7875337,4587132928.0,0.85,0.06
2014-03-12,1583.31,1590.37,1596.62,1573.33,0.45,7.06,11524833,6899109632.0,1.47,0.09
2014-03-13,1597.46,1618.38,1650.83,1591.52,1.76,28.01,15533394,8665745152.0,3.73,0.12
2014-03-14,1611.39,1604.62,1618.45,1590.65,-0.85,-13.76,11683680,6712236544.0,1.72,0.09
2014-03-17,1603.02,1600.41,1606.25,1590.04,-0.26,-4.21,6908530,3553069168.0,1.01,0.05
2014-03-18,1601.82,1599.62,1603.71,1592.04,-0.05,-0.79,8189634,5123780352.0,0.73,0.06
2014-03-19,1594.26,1598.14,1600.53,1583.64,-0.09,-1.48,6918498,4151853088.0,1.06,0.05
2014-03-20,1594.59,1593.67,1613.81,1589.63,-0.28,-4.47,8854042,5480658688.0,1.51,0.07
2014-03-21,1591.96,1642.21,1650.66,1589.0,3.05,48.54,24782924,16213716992.0,3.87,0.19
2014-03-24,1647.5,1652.25,1662.6,1636.14,0.61,10.04,21105919,14287367936.0,1.61,0.16
2014-03-25,1647.81,1644.82,1653.74,1636.37,-0.45,-7.43,9911403,6667228672.0,1.05,0.07
2014-03-26,1644.84,1649.87,1654.05,1644.03,0.31,5.05,7469689,4812259328.0,0.61,0.06
2014-03-27,1650.29,1653.29,1673.55,1639.06,0.21,3.42,14597865,10154398464.0,2.09,0.11
2014-03-28,1655.73,1674.5,1686.31,1653.99,1.28,21.21,13867676,8604636928.0,1.95,0.1
2014-03-31,1675.59,1671.37,1683.43,1661.15,-0.19,-3.13,9878999,6054798848.0,1.33,0.07
2014-04-01,1668.76,1671.57,1681.12,1663.89,0.01,0.2,7515418,4960610560.0,1.03,0.06
2014-04-02,1673.42,1679.55,1683.5,1667.97,0.48,7.98,9943455,6740132096.0,0.93,0.07
2014-04-03,1678.39,1654.28,1678.86,1647.97,-1.5,-25.27,11664672,6938701568.0,1.84,0.09
2014-04-04,1648.3,1663.56,1667.02,1644.07,0.56,9.28,6710884,4410092288.0,1.39,0.05
2014-04-08,1663.57,1699.03,1706.95,1659.99,2.13,35.47,24861035,18134660352.0,2.82,0.19
2014-04-09,1697.34,1695.8,1704.61,1689.05,-0.19,-3.23,10914435,7619620608.0,0.92,0.08
2014-04-10,1694.14,1716.13,1725.38,1687.58,1.2,20.33,16540666,11622282240.0,2.23,0.12
2014-04-11,1713.5,1720.39,1727.15,1704.2,0.25,4.26,14361928,9627655936.0,1.34,0.11
2014-04-14,1718.7,1712.95,1725.74,1703.48,-0.43,-7.44,8113208,5506884608.0,1.29,0.06
2014-04-15,1704.57,1683.8,1707.17,1679.52,-1.7,-29.15,9669869,6886143744.0,1.61,0.07
2014-04-16,1682.27,1693.24,1700.31,1676.32,0.56,9.44,6617914,4543588608.0,1.42,0.05
2014-04-17,1698.48,1688.21,1698.89,1683.15,-0.3,-5.03,5991655,4423625984.0,0.93,0.05
2014-04-18,1681.06,1682.66,1685.17,1669.97,-0.33,-5.55,7471000,5225054208.0,0.9,0.06
2014-04-21,1677.98,1664.64,1692.39,1664.6,-1.07,-18.02,7302165,5150319104.0,1.65,0.05
2014-04-22,1663.13,1678.89,1684.35,1661.44,0.86,14.25,8774974,6263036928.0,1.38,0.07
2014-04-23,1674.93,1675.63,1681.14,1667.35,-0.19,-3.26,9413589,7295869184.0,0.82,0.07
2014-04-24,1672.22,1667.58,1685.13,1666.1,-0.48,-8.05,6631425,4693541120.0,1.14,0.05
2014-04-25,1674.88,1676.3,1688.6,1667.15,0.52,8.72,10690515,7596679424.0,1.29,0.08
2014-04-28,1678.98,1678.71,1685.39,1669.85,0.14,2.41,9229022,6260017152.0,0.93,0.07
2014-04-29,1677.17,1679.5,1684.48,1667.6,0.05,0.79,8114606,5077769216.0,1.01,0.06
2014-04-30,1680.09,1673.34,1682.46,1667.86,-0.37,-6.16,6868379,4718398208.0,0.87,0.05
2014-05-05,1668.69,1660.77,1669.61,1649.24,-0.75,-12.57,8130148,5243800320.0,1.22,0.06
2014-05-06,1658.43,1655.65,1665.83,1651.61,-0.31,-5.12,5413484,3298803280.0,0.86,0.04
2014-05-07,1653.28,1654.36,1659.81,1650.07,-0.08,-1.29,5543801,3566919648.0,0.59,0.04
2014-05-08,1653.31,1659.98,1671.33,1652.05,0.34,5.62,6311715,4168540496.0,1.17,0.05
2014-05-09,1663.2,1664.77,1671.75,1658.55,0.29,4.79,5216221,3348106512.0,0.8,0.04
2014-05-12,1668.95,1681.78,1690.45,1665.52,1.02,17.01,9445181,6177053696.0,1.5,0.07
2014-05-13,1683.09,1681.18,1686.92,1675.66,-0.04,-0.6,5322094,3388965136.0,0.67,0.04
2014-05-14,1681.11,1679.7,1688.08,1672.69,-0.09,-1.48,5489181,3843409872.0,0.92,0.04
2014-05-15,1678.84,1683.46,1687.15,1678.29,0.22,3.76,5752518,3639526704.0,0.53,0.04
2014-05-16,1681.78,1685.45,1690.6,1678.15,0.12,1.99,6157398,3828262784.0,0.74,0.05
2014-05-19,1683.05,1674.02,1685.84,1666.57,-0.68,-11.43,7636038,5179588352.0,1.14,0.06
2014-05-20,1676.54,1677.83,1679.78,1671.22,0.23,3.81,5435106,3196220272.0,0.51,0.04
2014-05-21,1671.79,1687.07,1688.62,1665.08,0.55,9.24,5143373,2960457824.0,1.4,0.04
2014-05-22,1683.44,1689.92,1701.32,1681.52,0.17,2.85,6760888,4464378880.0,1.17,0.05
2014-05-23,1690.05,1698.6,1698.62,1685.28,0.51,8.68,4421193,2931268256.0,0.79,0.03
2014-05-26,1701.43,1696.56,1704.06,1692.57,-0.12,-2.04,4870796,3283870656.0,0.68,0.04
2014-05-27,1695.03,1699.19,1706.86,1692.01,0.16,2.63,5351875,3387344432.0,0.88,0.04
2014-05-28,1699.09,1709.84,1716.65,1695.74,0.63,10.65,6506670,4222532304.0,1.23,0.05
2014-05-29,1714.57,1709.62,1718.87,1704.88,-0.01,-0.22,5640412,3761560400.0,0.82,0.04
2014-05-30,1707.03,1702.26,1709.85,1698.82,-0.43,-7.36,5171595,3290979344.0,0.65,0.04
2014-06-03,1707.09,1718.84,1724.34,1705.18,0.97,16.58,5752518,3403974784.0,1.13,0.04
2014-06-04,1718.22,1710.47,1722.26,1703.47,-0.49,-8.37,6743736,3903673920.0,1.09,0.05
2014-06-05,1708.53,1731.02,1734.78,1705.4,1.2,20.55,6055068,3426085760.0,1.72,0.05
2014-06-06,1731.31,1719.42,1738.98,1716.66,-0.67,-11.6,5758234,3458100832.0,1.29,0.04
2014-06-09,1714.74,1729.82,1740.24,1713.46,0.6,10.4,5821314,3564778256.0,1.56,0.04
2014-06-10,1729.8,1752.01,1753.07,1726.17,1.28,22.19,8292004,5141609984.0,1.56,0.06
2014-06-11,1747.82,1749.43,1756.09,1739.39,-0.15,-2.58,6027939,3628780608.0,0.95,0.05
2014-06-12,1741.99,1747.84,1750.16,1740.16,-0.09,-1.59,5125557,3190016144.0,0.57,0.04
2014-06-13,1744.25,1769.54,1770.35,1743.23,1.24,21.7,12266376,8166261760.0,1.55,0.09
2014-06-16,1767.52,1781.35,1783.48,1757.38,0.67,11.81,13076292,8622440704.0,1.47,0.1
2014-06-17,1773.5,1764.84,1777.62,1756.74,-0.93,-16.51,8284866,5198082048.0,1.17,0.06
2014-06-18,1762.48,1749.75,1766.24,1739.05,-0.86,-15.09,8827753,4663447552.0,1.54,0.07
2014-06-19,1748.32,1730.78,1753.28,1726.76,-1.08,-18.97,7251140,4322343680.0,1.52,0.05
2014-06-20,1731.12,1741.83,1744.51,1718.65,0.64,11.05,6131398,3636381392.0,1.49,0.05
2014-06-23,1742.79,1730.38,1742.91,1730.26,-0.66,-11.45,5667566,3639423744.0,0.73,0.04
2014-06-24,1733.84,1735.6,1739.29,1727.53,0.3,5.22,5105380,3277973440.0,0.68,0.04
2014-06-25,1734.43,1733.43,1737.68,1724.99,-0.13,-2.17,4763668,2795684336.0,0.73,0.04
2014-06-26,1733.68,1740.38,1743.41,1729.46,0.4,6.95,5563320,3169354368.0,0.8,0.04
2014-06-27,1741.12,1733.45,1741.18,1727.79,-0.4,-6.93,5239620,3102707792.0,0.77,0.04
2014-06-30,1737.02,1736.72,1745.73,1733.45,0.19,3.27,5535209,3394193472.0,0.71,0.04
2014-07-01,1742.85,1740.13,1744.62,1731.75,0.2,3.41,4684616,2696623968.0,0.74,0.04
2014-07-02,1738.28,1744.31,1750.09,1734.13,0.24,4.18,5324948,2915229584.0,0.92,0.04
2014-07-03,1743.85,1753.56,1758.73,1739.71,0.53,9.25,6771861,4046650432.0,1.09,0.05
2014-07-04,1753.49,1753.79,1758.97,1747.72,0.01,0.23,5605990,3265549696.0,0.64,0.04
2014-07-07,1752.54,1758.88,1759.3,1747.72,0.29,5.09,5266246,2949796256.0,0.66,0.04
2014-07-08,1757.36,1762.4,1764.69,1749.09,0.2,3.52,6053755,3492449232.0,0.89,0.05
2014-07-09,1760.67,1742.28,1761.73,1740.71,-1.14,-20.12,8007977,4726962432.0,1.19,0.06
2014-07-10,1739.7,1745.37,1748.79,1738.51,0.18,3.09,6400505,3656112816.0,0.59,0.05
2014-07-11,1744.44,1744.21,1754.72,1742.96,-0.07,-1.16,6468456,3660921584.0,0.67,0.05
2014-07-14,1748.31,1751.49,1754.51,1741.39,0.42,7.28,7029743,3921347664.0,0.75,0.05
2014-07-15,1753.67,1758.74,1758.76,1749.3,0.41,7.25,7126365,3915841296.0,0.54,0.05
2014-07-16,1757.07,1758.05,1759.7,1750.97,-0.04,-0.69,7940064,4511124736.0,0.5,0.06
2014-07-17,1755.65,1755.46,1756.76,1746.88,-0.15,-2.59,5839357,3212572480.0,0.56,0.04
2014-07-18,1748.32,1754.03,1758.24,1746.28,-0.08,-1.43,6747567,4023443648.0,0.68,0.05
2014-07-21,1753.89,1748.73,1756.07,1742.63,-0.3,-5.3,5293549,2956105792.0,0.77,0.04
2014-07-22,1744.92,1753.42,1758.78,1740.75,0.27,4.69,9768442,6078888192.0,1.03,0.07
2014-07-23,1751.87,1755.64,1762.51,1750.06,0.13,2.22,9596666,5580366592.0,0.71,0.07
2014-07-24,1757.33,1787.02,1795.19,1754.74,1.79,31.38,21368029,14131057664.0,2.3,0.16
2014-07-25,1792.98,1809.76,1813.86,1787.98,1.27,22.74,12371855,7902694400.0,1.45,0.09
2014-07-28,1817.23,1873.85,1878.25,1817.23,3.54,64.09,35662958,22143730688.0,3.37,0.27
2014-07-29,1878.07,1878.73,1890.42,1863.99,0.26,4.88,26445453,15983220736.0,1.41,0.2
2014-07-30,1871.86,1858.96,1886.14,1855.02,-1.05,-19.77,20265306,12043233536.0,1.66,0.15
2014-07-31,1858.24,1881.23,1881.24,1852.19,1.2,22.27,16859375,9689761024.0,1.56,0.13
2014-08-01,1874.15,1876.01,1904.42,1870.53,-0.28,-5.22,22941095,13203539456.0,1.8,0.17
2014-08-04,1884.55,1892.53,1896.11,1873.79,0.88,16.52,20095220,11555764224.0,1.19,0.15
2014-08-05,1893.49,1884.52,1896.85,1875.56,-0.42,-8.01,15103416,9237344000.0,1.12,0.11
2014-08-06,1878.89,1876.55,1882.84,1858.37,-0.42,-7.97,14481808,9403371008.0,1.3,0.11
2014-08-07,1873.53,1848.58,1879.52,1846.96,-1.49,-27.97,12758603,7875211520.0,1.74,0.1
2014-08-08,1851.14,1852.89,1859.57,1838.9,0.23,4.31,10652575,6512637696.0,1.12,0.08
2014-08-11,1855.84,1872.93,1879.43,1852.47,1.08,20.04,10701430,6784022528.0,1.46,0.08
2014-08-12,1871.43,1860.66,1871.44,1854.09,-0.66,-12.27,9841067,6225364224.0,0.93,0.07
2014-08-13,1860.38,1855.91,1866.28,1846.76,-0.26,-4.75,10724014,6640561920.0,1.05,0.08
2014-08-14,1855.4,1849.01,1862.82,1845.86,-0.37,-6.9,9852203,6384348416.0,0.91,0.07
2014-08-15,1851.53,1858.74,1861.73,1842.68,0.53,9.73,9501253,6263229184.0,1.03,0.07
2014-08-18,1859.31,1853.45,1866.19,1849.12,-0.28,-5.29,9238965,5949720832.0,0.92,0.07
2014-08-19,1855.17,1854.89,1858.77,1847.24,0.08,1.44,9972111,6216216064.0,0.62,0.07
2014-08-20,1854.39,1851.83,1856.9,1845.09,-0.16,-3.06,7795464,4782793728.0,0.64,0.06
2014-08-21,1849.98,1838.9,1853.66,1828.26,-0.7,-12.93,10242420,6329711616.0,1.37,0.08
2014-08-22,1838.3,1845.48,1847.88,1832.74,0.36,6.58,8181989,5018047232.0,0.82,0.06
2014-08-25,1844.28,1834.16,1845.85,1827.76,-0.61,-11.32,8032368,4867726080.0,0.98,0.06
2014-08-26,1830.94,1830.9,1837.42,1823.96,-0.18,-3.26,8526621,5172724224.0,0.73,0.06
2014-08-27,1828.29,1826.36,1832.38,1820.84,-0.25,-4.54,6414648,4141313136.0,0.63,0.05
2014-08-28,1822.25,1799.34,1826.1,1799.34,-1.48,-27.02,8116326,4885482752.0,1.47,0.06
2014-08-29,1805.89,1818.85,1825.3,1798.62,1.08,19.51,6871936,4007685712.0,1.48,0.05
2014-09-01,1821.09,1820.96,1829.79,1812.62,0.12,2.11,9439460,5576562176.0,0.94,0.07
2014-09-02,1823.3,1844.41,1848.86,1817.23,1.29,23.45,14256261,8910021376.0,1.74,0.11
2014-09-03,1845.57,1861.99,1866.68,1841.63,0.95,17.58,14512656,9184643328.0,1.36,0.11
2014-09-04,1864.04,1873.44,1876.54,1855.86,0.61,11.45,10841746,6886926592.0,1.11,0.08
2014-09-05,1876.67,1883.93,1887.63,1872.21,0.56,10.49,12479176,7919072512.0,0.82,0.09
2014-09-09,1886.36,1873.4,1887.98,1870.14,-0.56,-10.53,9866571,6503274240.0,0.95,0.07
2014-09-10,1870.51,1858.77,1870.59,1852.81,-0.78,-14.63,9780315,6073593088.0,0.95,0.07
2014-09-11,1856.98,1853.11,1876.97,1850.44,-0.3,-5.66,12182862,7840943360.0,1.43,0.09
2014-09-12,1852.15,1864.42,1864.65,1845.72,0.61,11.31,7366827,4815905024.0,1.02,0.06
2014-09-15,1856.91,1857.52,1861.89,1845.74,-0.37,-6.9,10375572,6416279040.0,0.87,0.08
2014-09-16,1860.3,1860.17,1880.98,1849.72,0.14,2.65,20583502,12005088768.0,1.68,0.15
2014-09-17,1859.02,1856.49,1862.55,1849.36,-0.2,-3.68,12289596,7235857664.0,0.71,0.09
2014-09-18,1853.33,1867.47,1874.72,1845.6,0.59,10.98,19598472,11684785920.0,1.57,0.15
2014-09-19,1866.0,1868.51,1869.98,1853.67,0.06,1.04,14561717,9641276672.0,0.87,0.11
2014-09-22,1860.28,1829.57,1863.01,1827.17,-2.08,-38.94,13551731,8506035456.0,1.92,0.1
2014-09-23,1829.2,1837.67,1840.69,1825.83,0.44,8.1,8831308,5424679424.0,0.81,0.07
2014-09-24,1831.59,1856.59,1864.88,1828.58,1.03,18.92,16564120,10083640832.0,1.98,0.12
2014-09-25,1866.9,1858.91,1870.86,1851.18,0.12,2.32,13878903,8477275904.0,1.06,0.1
2014-09-26,1852.68,1856.04,1861.64,1846.2,-0.15,-2.87,7988676,5023504128.0,0.83,0.06
2014-09-29,1855.01,1849.44,1862.24,1845.37,-0.36,-6.6,12681411,7706871296.0,0.91,0.1
2014-09-30,1852.8,1855.31,1855.85,1843.86,0.32,5.87,10564699,6458067712.0,0.65,0.08
2014-10-08,1854.87,1857.66,1858.94,1842.56,0.13,2.35,14451480,9193550848.0,0.88,0.11
2014-10-09,1855.96,1856.76,1862.24,1848.3,-0.05,-0.9,11687706,7739597056.0,0.75,0.09
2014-10-10,1849.83,1849.94,1853.54,1842.63,-0.37,-6.82,12020898,7508390912.0,0.59,0.09
2014-10-13,1843.2,1834.86,1845.57,1828.43,-0.82,-15.08,10742918,6495319296.0,0.93,0.08
2014-10-14,1830.25,1831.97,1845.41,1829.7,-0.16,-2.89,9620224,5637569792.0,0.86,0.07
2014-10-15,1831.62,1841.1,1846.47,1825.0,0.5,9.13,11024564,6592892672.0,1.17,0.08
2014-10-16,1835.9,1849.11,1863.56,1831.92,0.44,8.01,21256116,13546155008.0,1.72,0.16
2014-10-17,1847.63,1841.37,1850.88,1832.09,-0.42,-7.74,13163210,7970499072.0,1.02,0.1
2014-10-20,1846.67,1847.72,1852.6,1837.35,0.34,6.35,10322009,6372425472.0,0.83,0.08
2014-10-21,1845.96,1838.63,1847.97,1831.63,-0.49,-9.09,9366974,5739432448.0,0.88,0.07
2014-10-22,1835.86,1841.0,1849.04,1833.65,0.13,2.37,10153495,6297298176.0,0.84,0.08
2014-10-23,1839.71,1837.09,1849.34,1832.01,-0.21,-3.91,13774639,9089560576.0,0.94,0.1
2014-10-24,1836.54,1834.71,1842.1,1830.75,-0.13,-2.38,9459137,6237102336.0,0.62,0.07
2014-10-27,1829.43,1810.8,1834.18,1804.55,-1.3,-23.91,11671193,7344504832.0,1.61,0.09
2014-10-28,1810.62,1828.83,1830.49,1810.62,1.0,18.03,9776616,6099702784.0,1.1,0.07
2014-10-29,1829.65,1851.89,1857.17,1828.01,1.26,23.06,16639932,10362916608.0,1.59,0.13
2014-10-30,1851.64,1873.95,1881.45,1844.11,1.19,22.06,25449022,15170499584.0,2.02,0.19
2014-10-31,1875.39,1927.3,1946.67,1875.12,2.85,53.35,56479478,36416987136.0,3.82,0.42
2014-11-03,1929.43,1911.55,1932.72,1906.3,-0.82,-15.75,27942515,18540162048.0,1.37,0.21
2014-11-04,1911.16,1910.39,1915.83,1896.33,-0.06,-1.16,19914864,12990724608.0,1.02,0.15
2014-11-05,1908.26,1887.13,1912.63,1878.39,-1.22,-23.26,21275083,13002589696.0,1.79,0.16
2014-11-06,1887.84,1883.75,1894.65,1875.21,-0.18,-3.38,13013447,8265968896.0,1.03,0.1
2014-11-07,1882.27,1887.84,1919.74,1874.32,0.22,4.09,34122819,23805792256.0,2.41,0.26
2014-11-10,1907.27,1941.45,1943.59,1907.27,2.84,53.61,41666374,27088514560.0,1.92,0.31
2014-11-11,1957.57,2046.59,2086.58,1957.57,5.42,105.14,86945416,52349544448.0,6.65,0.65
2014-11-12,2015.98,2019.98,2022.1,1989.96,-1.3,-26.61,35908735,20729519360.0,1.57,0.27
2014-11-13,2023.46,2017.26,2058.9,2008.83,-0.13,-2.72,38543062,23890599936.0,2.48,0.29
2014-11-14,2020.04,2021.54,2026.78,1988.77,0.21,4.28,24661568,14790363392.0,1.88,0.19
2014-11-17,2047.52,1986.08,2054.78,1984.65,-1.75,-35.46,25781367,15176633344.0,3.47,0.19
2014-11-18,1993.01,1945.21,1993.08,1937.95,-2.06,-40.87,26293034,15166528768.0,2.78,0.2
2014-11-19,1938.62,1939.04,1948.18,1926.03,-0.32,-6.17,16125571,9586521856.0,1.14,0.12
2014-11-20,1930.98,1938.27,1946.93,1921.45,-0.04,-0.77,16406358,10215490048.0,1.31,0.12
2014-11-21,1939.56,1964.24,1969.88,1923.49,1.34,25.97,23516427,15142200064.0,2.39,0.18
2014-11-24,1936.36,1961.52,1981.26,1928.6,-0.14,-2.72,45506954,30132400384.0,2.68,0.34
2014-11-25,1959.08,1988.77,1992.36,1952.47,1.39,27.25,33060083,21485768192.0,2.03,0.25
2014-11-26,1988.47,2033.57,2044.79,1985.36,2.25,44.8,50776072,33528791040.0,2.99,0.38
2014-11-27,2050.2,2060.74,2071.74,2031.6,1.34,27.17,60119739,37635943936.0,1.97,0.45
2014-11-28,2061.16,2204.8,2207.13,2054.64,6.99,144.06,116478556,77022863360.0,7.4,0.88
2014-12-01,2220.05,2202.58,2290.85,2194.3,-0.1,-2.22,100112248,68287293184.0,4.38,0.75
2014-12-02,2177.33,2320.75,2347.36,2169.55,5.37,118.17,106800635,71386062848.0,8.07,0.8
2014-12-03,2312.27,2270.27,2361.35,2246.68,-2.18,-50.48,117754040,83192844288.0,4.94,0.89
2014-12-04,2274.51,2375.46,2379.34,2247.52,4.63,105.19,109992914,78506201088.0,5.81,0.83
2014-12-05,2391.22,2514.94,2553.32,2336.52,5.87,139.48,148043756,106631172096.0,9.13,1.11
2014-12-08,2460.43,2535.87,2582.74,2410.74,0.83,20.93,129630843,93475721216.0,6.84,0.97
2014-12-09,2481.62,2307.97,2549.1,2286.83,-8.99,-227.9,140898598,101326188544.0,10.34,1.06
2014-12-10,2303.07,2360.02,2377.86,2211.83,2.26,52.05,97021722,68103053824.0,7.19,0.73
2014-12-11,2314.54,2318.36,2381.24,2297.34,-1.77,-41.66,67354749,52165344512.0,3.56,0.51
2014-12-12,2320.53,2312.9,2359.76,2298.05,-0.24,-5.46,50136975,37268531200.0,2.66,0.38
2014-12-15,2290.93,2274.24,2291.47,2239.09,-1.67,-38.66,47720509,33158537728.0,2.26,0.36
2014-12-16,2269.95,2357.32,2357.32,2263.19,3.65,83.08,70472937,50349302528.0,4.14,0.53
2014-12-17,2369.97,2482.27,2518.02,2344.97,5.3,124.95,148465620,115457241088.0,7.34,1.12
2014-12-18,2492.86,2423.14,2494.61,2401.74,-2.38,-59.13,87157693,70898425856.0,3.74,0.66
2014-12-19,2419.18,2472.32,2488.06,2403.99,2.03,49.18,81018982,60116541696.0,3.47,0.61
2014-12-22,2508.62,2666.48,2698.97,2502.53,7.85,194.16,166340908,117828206592.0,7.95,1.25
2014-12-23,2583.23,2537.51,2649.14,2530.59,-4.84,-128.97,103234051,71807389696.0,4.45,0.78
2014-12-24,2542.55,2434.73,2555.47,2395.94,-4.05,-102.78,77722752,56520606464.0,6.29,0.58
2014-12-25,2480.19,2530.35,2547.38,2440.84,3.93,95.62,80417147,61271147264.0,4.38,0.6
2014-12-26,2532.93,2619.08,2629.87,2512.97,3.51,88.73,94822641,72722640896.0,4.62,0.71
2014-12-29,2713.13,2616.48,2740.71,2574.97,-0.1,-2.6,112544161,91635437568.0,6.33,0.85
2014-12-30,2612.84,2695.83,2723.1,2600.11,3.03,79.35,94952138,75101323264.0,4.7,0.71
2014-12-31,2701.18,2800.87,2835.57,2659.79,3.9,105.04,109348726,84290818048.0,6.52,0.82
2015-01-05,2829.07,2915.33,2951.68,2811.24,4.09,114.46,112439903,87761993728.0,5.01,0.85
2015-01-06,2873.05,2941.86,3065.36,2845.27,0.91,26.53,107453192,82642067456.0,7.55,0.81
2015-01-07,2892.15,2908.22,2959.0,2860.73,-1.14,-33.64,72689513,56693850112.0,3.34,0.55
2015-01-08,2915.23,2786.86,2925.22,2776.24,-4.17,-121.36,65808788,49503200000.0,5.12,0.49
2015-01-09,2767.97,2826.01,2988.26,2738.94,1.4,39.15,104295744,79540199424.0,8.95,0.78
2015-01-12,2792.2,2779.23,2836.71,2728.47,-1.66,-46.78,61414036,48007324928.0,3.83,0.46
2015-01-13,2766.78,2779.46,2795.97,2751.19,0.01,0.23,36225729,27609797888.0,1.61,0.27
2015-01-14,2792.4,2837.67,2876.75,2792.4,2.09,58.21,57339517,42512834048.0,3.03,0.43
2015-01-15,2835.08,2957.09,2961.37,2804.61,4.21,119.42,64691822,49446867968.0,5.52,0.49
2015-01-16,2973.94,3005.58,3047.35,2959.65,1.64,48.49,84966902,68657483520.0,2.97,0.64
2015-01-19,2777.23,2706.61,2869.98,2706.56,-9.95,-298.97,94246339,71553040384.0,5.44,0.71
2015-01-20,2701.63,2705.2,2757.52,2648.26,-0.05,-1.41,74116303,55195876352.0,4.04,0.56
2015-01-21,2725.03,2881.86,2906.18,2694.81,6.53,176.66,90308977,65469404928.0,7.81,0.68
2015-01-22,2876.55,2857.03,2878.42,2812.07,-0.86,-24.83,60133942,44249056512.0,2.3,0.45
2015-01-23,2871.38,2878.02,2950.38,2853.29,0.73,20.99,69975319,51481030400.0,3.4,0.53
2015-01-26,2866.08,2851.68,2870.43,2797.3,-0.92,-26.34,49568842,36848210176.0,2.54,0.37
2015-01-27,2848.18,2772.73,2848.18,2725.28,-2.77,-78.95,59115945,43577882368.0,4.31,0.44
2015-01-28,2744.42,2733.32,2786.2,2713.69,-1.42,-39.41,42559444,31451227392.0,2.62,0.32
2015-01-29,2680.47,2664.51,2702.05,2649.47,-2.52,-68.81,44185165,31151313152.0,1.92,0.33
2015-01-30,2685.58,2649.54,2700.07,2633.6,-0.56,-14.97,36499086,27354583552.0,2.49,0.27
2015-02-02,2584.19,2545.82,2602.32,2539.7,-3.91,-103.72,44703808,30304468736.0,2.36,0.34
2015-02-03,2570.0,2610.83,2619.75,2530.39,2.55,65.01,45597025,29801022976.0,3.51,0.34
2015-02-04,2609.09,2556.62,2628.45,2553.02,-2.08,-54.21,35445608,23818315008.0,2.89,0.27
2015-02-05,2689.22,2545.15,2690.76,2541.47,-0.45,-11.47,73379331,52802132224.0,5.84,0.55
2015-02-06,2520.24,2481.58,2540.58,2459.5,-2.5,-63.57,40999108,27128003328.0,3.19,0.31
2015-02-09,2466.42,2492.71,2517.04,2433.86,0.45,11.13,39984570,26878471424.0,3.35,0.3
2015-02-10,2484.36,2532.7,2539.03,2473.61,1.6,39.99,37365110,25123325696.0,2.62,0.28
2015-02-11,2524.85,2519.89,2538.67,2505.21,-0.51,-12.81,22662543,15888043264.0,1.32,0.17
2015-02-12,2521.56,2516.95,2524.12,2484.67,-0.12,-2.94,25351301,19504967168.0,1.57,0.19
2015-02-13,2526.88,2555.39,2583.79,2516.4,1.53,38.44,46356209,32093621248.0,2.68,0.35
2015-02-16,2547.9,2542.0,2552.83,2526.14,-0.52,-13.39,27248991,20052175360.0,1.04,0.2
2015-02-17,2546.61,2560.92,2576.54,2546.61,0.74,18.92,26436501,18546968832.0,1.18,0.2
2015-02-25,2561.28,2541.71,2563.48,2530.64,-0.75,-19.21,26289093,18999711488.0,1.28,0.2
2015-02-26,2534.26,2595.91,2600.47,2517.78,2.13,54.2,42571191,29185159168.0,3.25,0.32
2015-02-27,2594.85,2585.48,2610.2,2570.36,-0.4,-10.43,35697749,25428729600.0,1.53,0.27
2015-03-02,2595.2,2592.29,2598.91,2564.95,0.26,6.81,42016668,30129941504.0,1.31,0.32
2015-03-03,2574.3,2500.83,2574.3,2500.83,-3.53,-91.46,47145961,31971434496.0,2.83,0.35
2015-03-04,2499.92,2482.64,2510.05,2467.56,-0.73,-18.19,34869226,22261546752.0,1.7,0.26
2015-03-05,2465.96,2426.66,2468.93,2402.89,-2.25,-55.98,43377720,27961992192.0,2.66,0.33
2015-03-06,2423.36,2441.66,2453.17,2417.44,0.62,15.0,28679860,18026914048.0,1.47,0.22
2015-03-09,2450.29,2561.78,2585.61,2421.02,4.92,120.12,83034237,62118881024.0,6.74,0.62
2015-03-10,2532.07,2499.4,2533.72,2494.27,-2.44,-62.38,51067953,40515894272.0,1.54,0.38
2015-03-11,2504.66,2525.98,2565.58,2504.66,1.06,26.58,48223521,35825860608.0,2.44,0.36
2015-03-12,2568.94,2616.23,2657.98,2551.89,3.57,90.25,104196349,89934778368.0,4.2,0.78
2015-03-13,2628.64,2612.71,2677.46,2590.68,-0.13,-3.52,77561480,69487300608.0,3.32,0.58
2015-03-16,2624.13,2637.46,2642.98,2596.49,0.95,24.75,61272266,51780282112.0,1.78,0.46
2015-03-17,2660.53,2663.21,2674.11,2638.0,0.98,25.75,69960346,54456925440.0,1.37,0.53
2015-03-18,2668.02,2741.46,2743.8,2661.54,2.94,78.25,84876900,61793805824.0,3.09,0.64
2015-03-19,2741.83,2708.93,2741.83,2695.74,-1.19,-32.53,65590331,50802786560.0,1.68,0.49
2015-03-20,2706.61,2750.39,2781.7,2687.71,1.53,41.46,86377290,67477352960.0,3.47,0.65
2015-03-23,2779.45,2785.82,2797.47,2759.54,1.29,35.43,71743849,57358904576.0,1.38,0.54
2015-03-24,2787.8,2806.83,2862.08,2755.32,0.75,21.01,85647478,60200733696.0,3.83,0.64
2015-03-25,2790.11,2733.39,2814.55,2725.62,-2.62,-73.44,72821801,52174990848.0,3.17,0.55
2015-03-26,2711.32,2744.9,2774.59,2684.97,0.42,11.51,59002888,45663269632.0,3.28,0.44
2015-03-27,2744.93,2745.99,2774.14,2713.42,0.04,1.09,54707069,39899162624.0,2.21,0.41
2015-03-30,2772.38,2843.47,2851.82,2759.33,3.55,97.48,100285366,77008908288.0,3.37,0.75
2015-03-31,2882.03,2798.42,2905.3,2783.39,-1.58,-45.05,95494564,75595264000.0,4.29,0.72
2015-04-01,2788.88,2817.57,2835.95,2782.39,0.68,19.15,62339973,47819463936.0,1.91,0.47
2015-04-02,2827.12,2792.26,2834.49,2766.88,-0.9,-25.31,62717814,49331591680.0,2.4,0.47
2015-04-03,2771.58,2803.06,2806.02,2765.13,0.39,10.8,54763574,42980122112.0,1.46,0.41
2015-04-07,2837.31,2881.22,2884.3,2829.07,2.79,78.16,96272100,74596044800.0,1.97,0.72
2015-04-08,2886.15,2922.24,2923.86,2846.22,1.42,41.02,106563036,83561721856.0,2.69,0.8
2015-04-09,2925.92,2898.83,2979.15,2894.19,-0.8,-23.41,101286881,80926326784.0,2.91,0.76
2015-04-10,2892.12,2947.03,2954.41,2881.85,1.66,48.2,85453640,69280858112.0,2.5,0.64
2015-04-13,3009.05,3042.08,3050.97,2978.19,3.23,95.05,120731950,92742225920.0,2.47,0.91
2015-04-14,3034.06,3008.54,3040.37,2987.19,-1.1,-33.54,84760489,72361734144.0,1.75,0.64
2015-04-15,3008.68,3064.43,3130.89,2999.45,1.86,55.89,119000996,95909097472.0,4.37,0.89
2015-04-16,3046.2,3143.55,3143.55,3026.98,2.58,79.12,97045734,82297790464.0,3.8,0.73
2015-04-17,3199.08,3176.95,3213.44,3147.55,1.06,33.4,117766310,98548432896.0,2.1,0.89
2015-04-20,3214.81,3068.14,3214.81,3060.42,-3.42,-108.81,140540877,114125234176.0,4.86,1.06
2015-04-21,3054.29,3096.29,3100.03,3029.53,0.92,28.15,83652052,67647748096.0,2.3,0.63
2015-04-22,3111.23,3143.91,3146.41,3086.37,1.54,47.62,93609160,79297122304.0,1.94,0.7
2015-04-23,3146.24,3111.23,3147.61,3088.78,-1.04,-32.68,78951378,68501422592.0,1.87,0.59
2015-04-24,3054.99,3028.7,3066.81,2991.65,-2.65,-82.53,82633380,70247206912.0,2.42,0.62
2015-04-27,3034.12,3115.7,3117.73,3034.12,2.87,87.0,93464392,79736385536.0,2.76,0.7
2015-04-28,3129.72,3213.96,3322.44,3120.81,3.15,98.26,169996508,138812252160.0,6.47,1.28
2015-04-29,3170.82,3156.84,3170.82,3113.1,-1.78,-57.12,79047373,65573547520.0,1.8,0.59
2015-04-30,3151.55,3095.16,3160.57,3092.56,-1.95,-61.68,72849462,65807180544.0,2.15,0.55
2015-05-04,3090.41,3090.13,3102.14,3057.44,-0.16,-5.03,56646080,49619847168.0,1.44,0.43
2015-05-05,3083.35,2945.88,3083.35,2931.0,-4.67,-144.25,79017121,65924684800.0,4.93,0.59
2015-05-06,2949.07,2920.6,3018.52,2897.79,-0.86,-25.28,69345313,60912864512.0,4.1,0.52
2015-05-07,2916.34,2882.57,2931.7,2877.91,-1.3,-38.03,50224474,41787989248.0,1.84,0.38
2015-05-08,2908.97,2916.04,2923.14,2870.49,1.16,33.47,45714217,39840365312.0,1.83,0.34
2015-05-11,2914.14,2957.73,2961.51,2872.65,1.43,41.69,69041756,59750930688.0,3.05,0.52
2015-05-12,2960.08,2963.84,2978.44,2929.18,0.21,6.11,61086861,53267612672.0,1.67,0.46
2015-05-13,2980.38,2940.98,2990.67,2927.93,-0.77,-22.86,57037051,49660435200.0,2.12,0.43
2015-05-14,2951.9,2930.84,2961.84,2920.34,-0.34,-10.14,48696128,45733884672.0,1.41,0.37
2015-05-15,2921.02,2881.03,2925.28,2861.45,-1.7,-49.81,47454303,41268973056.0,2.18,0.36
2015-05-18,2855.28,2830.69,2864.63,2824.04,-1.75,-50.34,39874604,34102500864.0,1.41,0.3
2015-05-19,2822.4,2912.57,2919.68,2818.95,2.89,81.88,52756611,48245147904.0,3.56,0.4
2015-05-20,2915.1,2910.56,2956.57,2891.9,-0.07,-2.01,59971459,55338009344.0,2.22,0.45
2015-05-21,2912.06,2917.85,2925.71,2898.02,0.25,7.29,41039818,35329657856.0,0.95,0.31
2015-05-22,2944.21,3002.05,3003.59,2932.1,2.89,84.2,71908178,64356313600.0,2.45,0.54
2015-05-25,3017.29,3070.84,3074.54,3017.29,2.29,68.79,75236227,68620019456.0,1.91,0.57
2015-05-26,3086.62,3076.51,3093.31,3037.83,0.18,5.67,66853944,60932124160.0,1.81,0.5
2015-05-27,3076.82,3048.12,3088.63,3025.32,-0.92,-28.39,63072276,57350977792.0,2.06,0.47
2015-05-28,3042.33,2885.54,3051.9,2881.2,-5.33,-162.58,85832724,74161557504.0,5.6,0.65
2015-05-29,2880.4,2867.79,2910.17,2819.14,-0.62,-17.75,66549972,56558331392.0,3.15,0.5
2015-06-01,2869.47,2981.21,2989.12,2843.77,3.95,113.42,83222262,70025412608.0,5.07,0.63
2015-06-02,2969.38,2977.67,2996.83,2935.51,-0.12,-3.54,75619589,61955143680.0,2.06,0.57
2015-06-03,2987.68,2981.53,2993.27,2935.45,0.13,3.86,74771159,68322968064.0,1.94,0.56
2015-06-04,2992.11,3098.23,3123.69,2974.96,3.91,116.7,141010870,124723908608.0,4.99,1.06
2015-06-05,3147.0,3085.31,3163.25,3037.88,-0.42,-12.92,110575340,96017244160.0,4.05,0.83
2015-06-08,3094.38,3308.45,3319.61,3082.6,7.23,223.14,178110292,144088551424.0,7.68,1.34
2015-06-09,3328.0,3284.39,3375.15,3226.31,-0.73,-24.06,157170524,125853126656.0,4.5,1.18
2015-06-10,3232.33,3228.21,3259.94,3210.77,-1.71,-56.18,88056038,72969965568.0,1.5,0.66
2015-06-11,3222.76,3188.5,3238.23,3161.46,-1.23,-39.71,74426010,61071402496.0,2.38,0.56
2015-06-12,3195.03,3219.12,3219.12,3149.02,0.96,30.62,82797450,73988620288.0,2.2,0.62
2015-06-15,3215.22,3133.32,3215.68,3128.85,-2.67,-85.8,81437484,72221073408.0,2.7,0.61
2015-06-16,3111.2,3088.01,3167.86,3061.39,-1.45,-45.31,76925647,63444755200.0,3.4,0.58
2015-06-17,3145.72,3129.5,3169.09,3095.33,1.34,41.49,95429394,84224724992.0,2.39,0.72
2015-06-18,3100.71,3003.82,3101.84,2998.48,-4.02,-125.68,75848922,64604578048.0,3.3,0.57
2015-06-19,2977.96,2876.01,3015.57,2870.51,-4.25,-127.81,67747133,57751571456.0,4.83,0.51
2015-06-23,2892.09,2988.51,2992.24,2850.13,3.91,112.5,68655552,56592175104.0,4.94,0.52
2015-06-24,2996.13,3032.57,3036.64,2956.85,1.47,44.06,69069555,59575302144.0,2.67,0.52
2015-06-25,3098.41,2979.57,3105.36,2961.15,-1.75,-53.0,82348595,73858670592.0,4.76,0.62
2015-06-26,2937.9,2849.17,2996.52,2765.85,-4.38,-130.4,93136036,77234753536.0,7.74,0.7
2015-06-29,2909.39,2875.36,2933.38,2692.98,0.92,26.19,103515564,86265200640.0,8.44,0.78
2015-06-30,2884.25,3037.43,3040.79,2852.74,5.64,162.07,112167201,94843260928.0,6.54,0.84
2015-07-01,2999.8,2945.01,3031.56,2932.97,-3.04,-92.42,82423329,69582204928.0,3.25,0.62
2015-07-02,2966.96,3045.76,3057.26,2856.97,3.42,100.75,116886441,93755006976.0,6.8,0.88
2015-07-03,2994.63,2913.54,3029.66,2884.07,-4.34,-132.22,95285379,76032552960.0,4.78,0.72
2015-07-06,3157.52,3182.6,3185.03,3021.76,9.23,269.06,204181297,154218725376.0,5.6,1.53
2015-07-07,3132.33,3391.64,3435.19,3112.83,6.57,209.04,213701650,175556366336.0,10.13,1.61
2015-07-08,3206.38,3283.14,3388.07,3055.52,-3.2,-108.5,239258506,191800123392.0,9.8,1.8
2015-07-09,3279.81,3389.81,3509.67,3122.31,3.25,106.67,168644477,137810087936.0,11.8,1.27
2015-07-10,3293.82,3382.43,3581.67,3239.3,-0.22,-7.38,177390868,150176002048.0,10.1,1.33
2015-07-13,3280.17,3229.83,3310.7,3204.63,-4.51,-152.6,117798648,95940714496.0,3.14,0.89
2015-07-14,3174.34,3187.76,3236.8,3080.34,-1.3,-42.07,98257155,77731598336.0,4.84,0.74
2015-07-15,3147.81,3262.89,3273.73,3137.09,2.36,75.13,97575142,78788341760.0,4.29,0.73
2015-07-16,3262.76,3211.11,3322.65,3176.02,-1.59,-51.78,69758013,52862924800.0,4.49,0.52
2015-07-17,3214.91,3205.33,3224.35,3164.35,-0.18,-5.78,57774044,46708134400.0,1.87,0.43
2015-07-20,3184.78,3183.47,3209.96,3154.82,-0.68,-21.86,54152783,43501707776.0,1.72,0.41
2015-07-21,3160.02,3148.87,3179.41,3139.08,-1.09,-34.6,45815040,36508802816.0,1.27,0.34
2015-07-22,3131.28,3122.37,3155.64,3118.61,-0.84,-26.5,40304033,31859576832.0,1.18,0.3
2015-07-23,3116.23,3145.45,3151.94,3110.42,0.74,23.08,43556393,34979807488.0,1.33,0.33
2015-07-24,3142.0,3106.83,3148.75,3104.27,-1.23,-38.62,44651773,36255904000.0,1.41,0.34
2015-07-27,3077.38,2889.17,3089.91,2873.41,-7.01,-217.66,62664806,48295926272.0,6.97,0.47
2015-07-28,2841.54,2915.59,2986.39,2829.83,0.91,26.42,61063304,46918101760.0,5.42,0.46
2015-07-29,2895.87,2917.86,2924.15,2876.04,0.08,2.27,36607878,27588054016.0,1.65,0.28
2015-07-30,2912.85,2866.02,2914.85,2862.31,-1.78,-51.84,31864799,23879586816.0,1.8,0.24
2015-07-31,2851.47,2868.88,2879.24,2828.51,0.1,2.86,32753945,25483780864.0,1.77,0.25
2015-08-03,2847.31,2909.02,2918.61,2827.7,1.4,40.14,44125553,33672167680.0,3.17,0.33
2015-08-04,2891.95,2919.61,2921.14,2870.48,0.36,10.59,24160906,18397229312.0,1.74,0.18
2015-08-05,2905.11,2869.13,2909.91,2869.13,-1.73,-50.48,18907530,14177196800.0,1.4,0.14
2015-08-06,2848.32,2857.69,2889.94,2844.73,-0.4,-11.44,16201586,13113352960.0,1.58,0.12
2015-08-07,2870.97,2875.53,2890.9,2857.26,0.62,17.84,19029858,15009805312.0,1.18,0.14
2015-08-10,2865.06,2933.25,2940.03,2854.88,2.01,57.72,36965605,28061389056.0,2.96,0.28
2015-08-11,2916.85,2901.96,2920.73,2883.52,-1.07,-31.29,28531781,22251763712.0,1.27,0.21
2015-08-12,2878.7,2859.95,2884.39,2854.61,-1.45,-42.01,21395827,16421012224.0,1.03,0.16
2015-08-13,2858.92,2862.76,2874.27,2830.18,0.1,2.81,20336108,14987457792.0,1.54,0.15
2015-08-14,2859.1,2849.94,2863.2,2842.64,-0.45,-12.82,18743019,14136192256.0,0.72,0.14
2015-08-17,2839.03,2820.77,2842.24,2808.23,-1.02,-29.17,23238828,17202164224.0,1.19,0.17
2015-08-18,2818.18,2766.56,2845.73,2764.73,-1.92,-54.21,35614751,26312560128.0,2.87,0.27
2015-08-19,2746.72,2745.01,2768.65,2680.8,-0.78,-21.55,36043140,25475072768.0,3.18,0.27
2015-08-20,2764.92,2720.91,2770.51,2717.6,-0.88,-24.1,23521758,16283100160.0,1.93,0.18
2015-08-21,2701.73,2697.21,2743.7,2686.32,-0.87,-23.7,31013462,21202345216.0,2.11,0.23
2015-08-24,2648.56,2449.3,2649.99,2438.02,-9.19,-247.91,58137874,39129264128.0,7.86,0.44
2015-08-25,2359.58,2268.95,2478.95,2240.38,-7.36,-180.35,56191209,35431392000.0,9.74,0.42
2015-08-26,2316.55,2365.07,2404.19,2260.95,4.24,96.12,55178035,35277925120.0,6.31,0.41
2015-08-27,2381.56,2508.77,2512.85,2330.39,6.08,143.7,50452050,33356293632.0,7.71,0.38
2015-08-28,2514.32,2521.3,2539.46,2474.65,0.5,12.53,45694958,32089273856.0,2.58,0.34
2015-08-31,2491.32,2536.33,2540.03,2443.32,0.6,15.03,45209039,33084353792.0,3.84,0.34
2015-09-01,2510.08,2668.47,2693.52,2494.83,5.21,132.14,83662746,55299872256.0,7.83,0.63
2015-09-02,2585.37,2822.9,2828.94,2577.71,5.79,154.43,98158054,62623050240.0,9.41,0.74
2015-09-07,2731.25,2610.67,2731.43,2601.22,-7.52,-212.23,40537814,28408520960.0,4.61,0.3
2015-09-08,2582.93,2633.81,2658.09,2551.04,0.89,23.14,29160660,21585372672.0,4.1,0.22
2015-09-09,2620.59,2646.08,2656.67,2605.91,0.47,12.27,27098424,20098479616.0,1.93,0.2
2015-09-10,2620.63,2644.39,2659.23,2611.95,-0.06,-1.69,20579430,16620738304.0,1.79,0.15
2015-09-11,2631.88,2617.07,2644.82,2611.05,-1.03,-27.32,14706005,12840403200.0,1.28,0.11
2015-09-14,2615.58,2642.45,2676.58,2559.8,0.97,25.38,33915740,27634011392.0,4.46,0.25
2015-09-15,2613.51,2644.48,2658.43,2610.14,0.08,2.03,26727391,19795678720.0,1.83,0.2
2015-09-16,2621.31,2652.71,2685.2,2594.96,0.31,8.23,20065133,14477009664.0,3.41,0.15
2015-09-17,2635.1,2628.08,2661.39,2625.66,-0.93,-24.63,14997807,10998320128.0,1.35,0.11
2015-09-18,2628.9,2608.49,2636.83,2604.45,-0.75,-19.59,11675369,8247923200.0,1.23,0.09
2015-09-21,2594.65,2596.64,2603.7,2577.6,-0.45,-11.85,12073325,8368696576.0,1.0,0.09
2015-09-22,2596.49,2612.58,2621.79,2587.54,0.61,15.94,12016130,9243479296.0,1.32,0.09
2015-09-23,2595.84,2572.25,2603.24,2569.03,-1.54,-40.33,10452178,7652243968.0,1.31,0.08
2015-09-24,2576.26,2568.8,2582.16,2558.49,-0.13,-3.45,8149983,6349762560.0,0.92,0.06
2015-09-25,2563.08,2598.0,2598.0,2554.0,1.14,29.2,13537654,10403500800.0,1.71,0.1
2015-09-28,2574.99,2567.89,2576.03,2555.36,-1.16,-30.11,7744387,5781647104.0,0.8,0.06
2015-09-29,2549.97,2526.47,2553.66,2518.47,-1.61,-41.42,9869278,7228240640.0,1.37,0.07
2015-09-30,2529.5,2530.18,2554.43,2523.08,0.15,3.71,10142729,9501447680.0,1.24,0.08
2015-10-08,2578.17,2566.1,2585.32,2561.86,1.42,35.92,13295292,10656091136.0,0.93,0.1
2015-10-09,2572.78,2584.77,2592.94,2566.57,0.73,18.67,10106827,7079656192.0,1.03,0.08
2015-10-12,2590.86,2632.96,2650.49,2580.77,1.86,48.19,20931285,15456866816.0,2.7,0.16
2015-10-13,2623.05,2610.51,2627.58,2602.63,-0.85,-22.45,10789027,7953915392.0,0.95,0.08
2015-10-14,2599.58,2597.4,2611.9,2591.62,-0.5,-13.11,9595662,6810732800.0,0.78,0.07
2015-10-15,2596.12,2627.05,2628.17,2587.69,1.14,29.65,11955364,8510980864.0,1.56,0.09
2015-10-16,2634.31,2639.36,2647.54,2625.33,0.47,12.31,15582331,10849399296.0,0.85,0.12
2015-10-19,2644.26,2632.87,2653.17,2622.0,-0.25,-6.49,15126055,10527036672.0,1.18,0.11
2015-10-20,2626.42,2636.93,2638.26,2618.09,0.15,4.06,11301212,7915480832.0,0.77,0.08
2015-10-21,2637.78,2728.1,2735.25,2624.33,3.46,91.17,37585722,25233040896.0,4.21,0.28
2015-10-22,2667.06,2677.19,2705.22,2653.64,-1.87,-50.91,20197090,13362235136.0,1.89,0.15
2015-10-23,2671.01,2673.98,2678.89,2659.87,-0.12,-3.21,16364097,11083716864.0,0.71,0.12
2015-10-26,2688.48,2677.39,2693.44,2667.25,0.13,3.41,16974652,13410342400.0,0.98,0.13
2015-10-27,2670.51,2668.43,2678.82,2653.22,-0.33,-8.96,13051118,9494080512.0,0.96,0.1
2015-10-28,2659.79,2660.84,2677.62,2651.84,-0.28,-7.59,13735812,9890694400.0,0.97,0.1
2015-10-29,2654.59,2646.52,2660.38,2644.57,-0.54,-14.32,9912397,7373542400.0,0.59,0.07
2015-10-30,2644.76,2647.43,2660.48,2640.52,0.03,0.91,11686806,9473555456.0,0.75,0.09
2015-11-02,2637.09,2620.52,2652.25,2619.45,-1.02,-26.91,10806416,7664624384.0,1.24,0.08
2015-11-03,2620.83,2590.88,2626.03,2583.39,-1.13,-29.64,11048846,7730833664.0,1.63,0.08
2015-11-04,2590.09,2664.65,2667.33,2585.38,2.85,73.77,23117814,17026123520.0,3.16,0.17
2015-11-05,2650.75,2717.9,2761.7,2643.11,2.0,53.25,49834924,39206706944.0,4.45,0.37
2015-11-06,2701.32,2728.02,2731.28,2682.75,0.37,10.12,29298447,22756264704.0,1.79,0.22
2015-11-09,2758.6,2842.42,2889.17,2758.6,4.19,114.4,59661765,46448185344.0,4.79,0.45
2015-11-10,2812.93,2811.79,2849.38,2788.99,-1.08,-30.63,32941296,25727373056.0,2.12,0.25
2015-11-11,2804.77,2785.48,2806.18,2755.7,-0.94,-26.31,22916913,17843981824.0,1.8,0.17
2015-11-12,2782.91,2751.98,2789.17,2742.52,-1.2,-33.5,16568322,12962115072.0,1.67,0.12
2015-11-13,2735.7,2727.44,2763.15,2724.59,-0.89,-24.54,14869616,11641828608.0,1.4,0.11
2015-11-16,2707.67,2746.08,2746.15,2703.53,0.68,18.64,13471118,9689808896.0,1.56,0.1
2015-11-17,2748.15,2755.04,2786.96,2742.22,0.33,8.96,21783512,16731595776.0,1.63,0.16
2015-11-18,2753.5,2769.75,2796.47,2736.65,0.53,14.71,23048633,17440272384.0,2.17,0.17
2015-11-19,2765.87,2774.13,2778.08,2751.27,0.16,4.38,16797316,13354078720.0,0.97,0.13
2015-11-20,2771.39,2763.16,2774.42,2750.26,-0.4,-10.97,20690937,17422062336.0,0.87,0.16
2015-11-23,2756.92,2750.09,2763.38,2738.09,-0.47,-13.07,16155205,14244393472.0,0.92,0.12
2015-11-24,2742.26,2742.51,2745.13,2718.6,-0.28,-7.58,17610746,14591989760.0,0.96,0.13
2015-11-25,2733.3,2761.67,2761.67,2727.26,0.7,19.16,18738589,17516988160.0,1.25,0.14
2015-11-26,2758.63,2757.81,2771.1,2751.25,-0.14,-3.86,16638905,15275344640.0,0.72,0.13
2015-11-27,2747.78,2673.91,2749.42,2651.91,-3.04,-83.9,19300912,15257041920.0,3.54,0.15
2015-11-30,2674.41,2719.77,2722.94,2670.42,1.72,45.86,24037444,16631759872.0,1.96,0.18
2015-12-01,2711.68,2682.97,2711.68,2662.07,-1.35,-36.8,17412060,12451506432.0,1.82,0.13
2015-12-02,2676.99,2802.8,2809.1,2672.0,4.47,119.83,44198840,34014947840.0,5.11,0.33
2015-12-03,2783.44,2875.68,2919.78,2765.22,2.6,72.88,56388572,38962758656.0,5.51,0.42
2015-12-04,2840.85,2795.41,2844.45,2789.63,-2.79,-80.27,26290762,18715040256.0,1.91,0.2
2015-12-07,2799.03,2776.91,2803.57,2760.71,-0.66,-18.5,13918576,11006615040.0,1.53,0.1
2015-12-08,2759.6,2740.85,2765.99,2724.16,-1.3,-36.06,17040673,15536045056.0,1.51,0.13
2015-12-09,2728.29,2759.8,2768.86,2726.73,0.69,18.95,13335788,11742369024.0,1.54,0.1
2015-12-10,2751.82,2741.94,2786.03,2732.05,-0.65,-17.86,13614128,11141003520.0,1.96,0.1
2015-12-11,2730.03,2728.86,2737.0,2704.13,-0.48,-13.08,13982536,11831556864.0,1.2,0.11
2015-12-14,2706.89,2772.93,2775.02,2706.74,1.61,44.07,17752032,14114595584.0,2.5,0.13
2015-12-15,2764.51,2735.79,2768.68,2728.86,-1.34,-37.14,11585675,9430917376.0,1.44,0.09
2015-12-16,2742.3,2731.77,2748.73,2721.73,-0.15,-4.02,9502683,7608630784.0,0.99,0.07
2015-12-17,2737.8,2755.66,2763.48,2734.5,0.87,23.89,15257524,12172320256.0,1.06,0.11
2015-12-18,2745.97,2768.3,2823.93,2740.99,0.46,12.64,28903560,25240099840.0,3.01,0.22
2015-12-21,2751.18,2813.86,2830.41,2750.27,1.65,45.56,38195886,33517400320.0,2.89,0.29
2015-12-22,2807.24,2799.26,2817.55,2781.53,-0.52,-14.6,21191935,19467593728.0,1.28,0.16
2015-12-23,2795.45,2798.95,2830.89,2778.54,-0.01,-0.31,27959389,24053208320.0,1.87,0.21
2015-12-24,2798.16,2788.06,2801.91,2762.06,-0.39,-10.89,20273792,17059739392.0,1.42,0.15
2015-12-25,2788.17,2787.28,2795.67,2777.37,-0.03,-0.78,12373915,11441113088.0,0.66,0.09
2015-12-28,2785.81,2732.52,2792.43,2731.31,-1.96,-54.76,20027329,16939874048.0,2.19,0.15
2015-12-29,2733.21,2754.13,2756.5,2728.89,0.79,21.61,12146605,10494063360.0,1.01,0.09
2015-12-30,2748.92,2752.01,2752.84,2729.18,-0.08,-2.12,12158874,10977529600.0,0.86,0.09
2015-12-31,2748.58,2741.63,2757.27,2736.28,-0.38,-10.38,15369046,13642969600.0,0.76,0.12
2016-01-04,2742.09,2641.4,2742.09,2640.71,-3.66,-100.23,14153539,10808745728.0,3.7,0.11
2016-01-05,2613.81,2657.12,2677.86,2601.69,0.6,15.72,18424364,14085791232.0,2.88,0.14
2016-01-06,2649.32,2678.33,2682.64,2642.86,0.8,21.21,12553359,9740895232.0,1.5,0.09
2016-01-07,2659.73,2604.69,2661.07,2595.91,-2.75,-73.64,4111964,3149760656.0,2.43,0.03
2016-01-08,2629.38,2632.1,2652.31,2593.28,1.05,27.41,19408862,14800667648.0,2.27,0.15
2016-01-11,2608.98,2551.66,2615.09,2551.66,-3.06,-80.44,19149318,14638863872.0,2.41,0.14
2016-01-12,2570.82,2559.8,2578.23,2549.1,0.32,8.14,13104620,10121510912.0,1.14,0.1
2016-01-13,2572.56,2539.27,2575.73,2537.09,-0.8,-20.53,11220301,8616225536.0,1.51,0.08
2016-01-14,2511.11,2545.66,2549.19,2494.1,0.25,6.39,14840308,10282164480.0,2.17,0.11
2016-01-15,2534.18,2489.59,2537.36,2479.42,-2.2,-56.07,12979125,9282552320.0,2.28,0.1
2016-01-18,2463.89,2478.53,2504.03,2457.23,-0.44,-11.06,11474814,7547973120.0,1.88,0.09
2016-01-19,2481.78,2518.34,2528.76,2470.9,1.61,39.81,11708160,8173655040.0,2.33,0.09
2016-01-20,2510.17,2495.77,2516.1,2474.47,-0.9,-22.57,12526408,8844904448.0,1.65,0.09
2016-01-21,2477.18,2472.58,2528.88,2471.77,-0.93,-23.19,13258196,8950713088.0,2.29,0.1
2016-01-22,2487.52,2490.03,2492.81,2464.92,0.71,17.45,9771107,6773743616.0,1.13,0.07
2016-01-25,2485.06,2488.0,2493.71,2468.96,-0.08,-2.03,8432864,5545161216.0,0.99,0.06
2016-01-26,2474.71,2373.83,2477.89,2367.22,-4.59,-114.17,13766805,8979724288.0,4.45,0.1
2016-01-27,2378.49,2375.96,2399.54,2339.52,0.09,2.13,15104291,9852086016.0,2.53,0.11
2016-01-28,2369.91,2339.48,2371.73,2333.26,-1.54,-36.48,9926254,6479852288.0,1.62,0.07
2016-01-29,2337.04,2387.5,2400.19,2336.75,2.05,48.02,13623112,8769375744.0,2.71,0.1
2016-02-01,2384.86,2346.58,2384.86,2331.81,-1.71,-40.92,9655056,6081768192.0,2.22,0.07
2016-02-02,2342.47,2364.7,2374.7,2339.12,0.77,18.12,8532566,5467468288.0,1.52,0.06
2016-02-03,2345.79,2339.27,2352.24,2319.44,-1.08,-25.43,7715865,4936462592.0,1.39,0.06
2016-02-04,2347.18,2353.04,2364.46,2341.28,0.59,13.77,7969252,5527920128.0,0.99,0.06
2016-02-05,2353.93,2348.29,2359.4,2344.18,-0.2,-4.75,6775069,5156943360.0,0.65,0.05
2016-02-15,2300.69,2321.76,2334.48,2294.58,-1.13,-26.53,7378143,5229803776.0,1.7,0.06
2016-02-16,2329.36,2373.45,2377.48,2327.0,2.23,51.69,9940906,5926537728.0,2.17,0.07
2016-02-17,2368.12,2382.29,2386.08,2363.4,0.37,8.84,10015979,6438523904.0,0.96,0.08
2016-02-18,2387.66,2382.93,2393.13,2376.07,0.03,0.64,10075235,6268519168.0,0.72,0.08
2016-02-19,2374.99,2367.37,2380.12,2359.58,-0.65,-15.56,8041322,4940213248.0,0.86,0.06
2016-02-22,2383.87,2410.51,2423.11,2373.62,1.82,43.14,13900952,8544992256.0,2.09,0.1
2016-02-23,2407.17,2385.17,2407.17,2371.1,-1.05,-25.34,9071860,5606077952.0,1.5,0.07
2016-02-24,2375.4,2386.61,2391.79,2366.83,0.06,1.44,7208474,4371069184.0,1.05,0.05
2016-02-25,2386.15,2327.99,2387.51,2319.87,-2.46,-58.62,16367300,9685624576.0,2.83,0.12
2016-02-26,2335.57,2349.67,2361.8,2331.45,0.93,21.68,10099670,5892422912.0,1.3,0.08
2016-02-29,2343.04,2358.61,2358.89,2299.01,0.38,8.94,17066599,9794224896.0,2.55,0.13
2016-03-01,2353.22,2365.6,2371.68,2337.79,0.3,6.99,9869686,5893989888.0,1.44,0.07
2016-03-02,2370.17,2415.34,2416.79,2363.89,2.1,49.74,17151209,10485775104.0,2.24,0.13
2016-03-03,2409.58,2433.16,2433.24,2398.74,0.74,17.82,15214563,9512197888.0,1.43,0.11
2016-03-04,2423.56,2532.99,2542.81,2413.34,4.1,99.83,43034222,28690447104.0,5.32,0.32
2016-03-07,2515.01,2517.88,2530.74,2498.62,-0.6,-15.11,15392667,10356398336.0,1.27,0.12
2016-03-08,2505.55,2529.39,2535.12,2454.93,0.46,11.51,16114490,10165092352.0,3.18,0.12
2016-03-09,2496.17,2554.17,2556.52,2481.58,0.98,24.78,16714872,11173919488.0,2.96,0.13
2016-03-10,2527.05,2501.29,2540.13,2499.18,-2.07,-52.88,9429426,6153193728.0,1.6,0.07
2016-03-11,2486.95,2522.51,2522.73,2481.1,0.85,21.22,10986337,8158706944.0,1.66,0.08
2016-03-14,2520.26,2514.84,2535.97,2503.36,-0.3,-7.67,14327275,10290972160.0,1.29,0.11
2016-03-15,2514.6,2514.21,2523.08,2480.08,-0.03,-0.63,13371830,9473184768.0,1.71,0.1
2016-03-16,2500.75,2559.64,2564.52,2498.8,1.81,45.43,30721951,22702679040.0,2.61,0.23
2016-03-17,2548.95,2539.13,2554.08,2522.85,-0.8,-20.51,16318546,12603842560.0,1.22,0.12
2016-03-18,2541.75,2542.14,2547.77,2523.26,0.12,3.01,22211194,15900057088.0,0.97,0.17
2016-03-21,2540.5,2546.07,2566.62,2533.3,0.15,3.93,23275105,15463981824.0,1.31,0.17
2016-03-22,2544.21,2531.52,2561.67,2528.31,-0.57,-14.55,13436952,9703811840.0,1.31,0.1
2016-03-23,2530.38,2529.09,2540.92,2522.29,-0.1,-2.43,9168735,6509431296.0,0.74,0.07
2016-03-24,2525.24,2503.85,2526.9,2501.43,-1.0,-25.24,9094068,6341032960.0,1.01,0.07
2016-03-25,2502.84,2509.5,2514.95,2499.39,0.23,5.65,5718428,4041308144.0,0.62,0.04
2016-03-28,2508.98,2502.67,2522.53,2490.62,-0.27,-6.83,8675438,5980469760.0,1.27,0.07
2016-03-29,2503.37,2491.91,2512.55,2487.21,-0.43,-10.76,8705626,5797371648.0,1.01,0.07
2016-03-30,2499.97,2537.35,2543.47,2498.02,1.82,45.44,13700446,8995220224.0,1.82,0.1
2016-03-31,2538.09,2531.02,2544.58,2519.39,-0.25,-6.33,10504920,6890462208.0,0.99,0.08
2016-04-01,2527.12,2538.7,2540.96,2503.14,0.3,7.68,12421483,8791580672.0,1.49,0.09
2016-04-05,2525.94,2548.6,2551.15,2518.01,0.39,9.9,13495519,9312432640.0,1.31,0.1
2016-04-06,2535.52,2530.41,2542.26,2525.24,-0.71,-18.19,9041225,6489082880.0,0.67,0.07
2016-04-07,2536.72,2508.43,2537.02,2505.7,-0.87,-21.98,8514424,6028693248.0,1.24,0.06
2016-04-08,2500.33,2505.07,2516.89,2498.58,-0.13,-3.36,7395427,5362658816.0,0.73,0.06
2016-04-11,2504.47,2521.38,2535.34,2504.47,0.65,16.31,9575535,6965954560.0,1.23,0.07
2016-04-12,2523.45,2515.77,2524.33,2510.43,-0.22,-5.61,5692297,3983236320.0,0.55,0.04
2016-04-13,2521.48,2539.73,2553.8,2521.34,0.95,23.96,16581581,11956805376.0,1.29,0.12
2016-04-14,2548.23,2539.62,2551.7,2532.11,0.0,-0.11,7201466,5204051200.0,0.77,0.05
2016-04-15,2544.36,2539.34,2549.83,2533.52,-0.01,-0.28,9899896,8176378624.0,0.64,0.07
2016-04-18,2528.81,2523.12,2533.83,2515.81,-0.64,-16.22,9314819,7609722624.0,0.71,0.07
2016-04-19,2526.43,2521.68,2531.67,2513.67,-0.06,-1.44,6536564,5183806720.0,0.71,0.05
2016-04-20,2523.87,2512.7,2526.68,2468.14,-0.36,-8.98,18079119,12900441856.0,2.32,0.14
2016-04-21,2499.29,2503.52,2520.32,2492.63,-0.37,-9.18,11206635,9886852352.0,1.1,0.08
2016-04-22,2497.81,2509.12,2518.62,2494.56,0.22,5.6,7427861,5895930880.0,0.96,0.06
2016-04-25,2505.1,2505.69,2511.24,2491.57,-0.14,-3.43,7529631,6173987584.0,0.78,0.06
2016-04-26,2506.11,2510.33,2516.03,2498.09,0.19,4.64,6314240,5059254272.0,0.72,0.05
2016-04-27,2514.93,2505.07,2514.93,2501.21,-0.21,-5.26,5345843,4498358528.0,0.55,0.04
2016-04-28,2510.28,2513.33,2520.27,2498.73,0.33,8.26,8111610,6716866048.0,0.86,0.06
2016-04-29,2506.23,2500.48,2509.51,2496.59,-0.51,-12.85,7021467,5625580544.0,0.51,0.05
2016-05-03,2501.15,2517.13,2523.95,2493.75,0.67,16.65,10283448,7809992960.0,1.21,0.08
2016-05-04,2511.16,2513.09,2517.74,2504.72,-0.16,-4.04,6881531,5329672448.0,0.52,0.05
2016-05-05,2510.82,2514.41,2515.1,2503.08,0.05,1.32,5554195,4040896480.0,0.48,0.04
2016-05-06,2513.99,2485.63,2514.01,2484.1,-1.14,-28.78,8463628,6088323328.0,1.19,0.06
2016-05-09,2482.2,2451.97,2485.69,2443.2,-1.35,-33.66,9191949,6601185024.0,1.71,0.07
2016-05-10,2443.31,2446.6,2457.83,2439.34,-0.22,-5.37,6952444,5296990464.0,0.75,0.05
2016-05-11,2450.83,2454.3,2462.25,2437.72,0.31,7.7,6991417,5032678656.0,1.0,0.05
2016-05-12,2444.87,2444.77,2455.15,2429.33,-0.39,-9.53,6717037,5065618944.0,1.05,0.05
2016-05-13,2443.4,2448.56,2455.89,2437.68,0.16,3.79,6665741,4826548224.0,0.74,0.05
2016-05-16,2440.68,2456.92,2457.8,2437.93,0.34,8.36,4952935,3685348912.0,0.81,0.04
2016-05-17,2455.07,2452.21,2456.77,2443.57,-0.19,-4.71,4748851,3357852496.0,0.54,0.04
2016-05-18,2448.88,2454.52,2460.66,2423.59,0.09,2.31,10867949,8208045824.0,1.51,0.08
2016-05-19,2448.76,2451.33,2460.62,2446.53,-0.13,-3.19,5359475,3736162592.0,0.57,0.04
2016-05-20,2450.17,2458.89,2460.58,2445.53,0.31,7.56,5700109,4138634208.0,0.61,0.04
2016-05-23,2460.59,2464.15,2471.89,2454.94,0.21,5.26,6003896,4320375552.0,0.69,0.05
2016-05-24,2465.99,2456.68,2466.17,2451.2,-0.3,-7.47,6171626,4503305984.0,0.61,0.05
2016-05-25,2463.96,2461.33,2468.59,2457.6,0.19,4.65,4364904,3201483584.0,0.45,0.03
2016-05-26,2461.79,2465.41,2470.02,2457.93,0.17,4.08,5281018,3578799088.0,0.49,0.04
2016-05-27,2463.64,2469.69,2473.62,2457.86,0.17,4.28,4609832,3125963424.0,0.64,0.03
2016-05-30,2472.63,2488.96,2490.93,2459.54,0.78,19.27,8192913,5659656960.0,1.27,0.06
2016-05-31,2484.95,2540.96,2547.0,2483.47,2.09,52.0,15147329,10756269824.0,2.55,0.11
2016-06-01,2540.8,2524.25,2541.28,2522.39,-0.66,-16.71,8681022,6324529664.0,0.74,0.07
2016-06-02,2524.11,2520.14,2529.88,2517.13,-0.16,-4.11,5252564,3769055760.0,0.51,0.04
2016-06-03,2527.54,2536.27,2538.03,2510.35,0.64,16.13,6713112,4733296896.0,1.1,0.05
2016-06-06,2534.83,2533.45,2537.0,2525.26,-0.11,-2.82,5844472,4478842880.0,0.46,0.04
2016-06-07,2535.79,2536.82,2544.29,2529.14,0.13,3.37,5632452,3815964368.0,0.6,0.04
2016-06-08,2541.58,2538.07,2542.19,2522.4,0.05,1.25,6364639,4574447360.0,0.78,0.05
2016-06-13,2523.25,2508.09,2536.5,2505.81,-1.18,-29.98,7992542,5782741760.0,1.21,0.06
2016-06-14,2502.8,2521.7,2531.13,2501.68,0.54,13.61,6330126,4403542528.0,1.17,0.05
2016-06-15,2509.58,2521.63,2529.2,2507.81,0.0,-0.07,7254958,5300681728.0,0.85,0.05
2016-06-16,2521.63,2512.94,2521.63,2506.88,-0.34,-8.69,6746752,4893540352.0,0.58,0.05
2016-06-17,2512.81,2518.97,2529.4,2507.65,0.24,6.03,6322524,4402219264.0,0.87,0.05
2016-06-20,2526.05,2525.57,2529.59,2515.98,0.26,6.6,4577057,3097700496.0,0.54,0.03
2016-06-21,2525.6,2530.72,2535.96,2520.13,0.2,5.15,5733807,3956506528.0,0.63,0.04
2016-06-22,2528.57,2541.1,2546.65,2524.31,0.41,10.38,6389611,3996394560.0,0.88,0.05
2016-06-23,2543.93,2544.31,2549.91,2537.42,0.13,3.21,6442074,4036789392.0,0.49,0.05
2016-06-24,2544.04,2523.41,2553.34,2505.55,-0.82,-20.9,9240800,6560221696.0,1.88,0.07
2016-06-27,2516.39,2532.71,2532.79,2513.23,0.37,9.3,6735099,4622817280.0,0.78,0.05
2016-06-28,2524.1,2531.5,2533.23,2512.58,-0.05,-1.21,6482906,4424568832.0,0.82,0.05
2016-06-29,2532.15,2544.55,2547.15,2525.9,0.52,13.05,9408908,6910513408.0,0.84,0.07
2016-06-30,2545.67,2554.24,2560.82,2541.0,0.38,9.69,8432447,5587119616.0,0.78,0.06
2016-07-01,2558.4,2569.13,2573.16,2552.56,0.58,14.89,6611643,4424029696.0,0.81,0.05
2016-07-04,2566.34,2601.66,2608.91,2566.34,1.27,32.53,9503290,6620715264.0,1.66,0.07
2016-07-05,2601.57,2601.78,2609.12,2586.14,0.0,0.12,7763469,5177920256.0,0.88,0.06
2016-07-06,2599.21,2603.86,2608.98,2587.55,0.08,2.08,7825290,5155759616.0,0.82,0.06
2016-07-07,2605.09,2610.48,2612.45,2594.16,0.25,6.62,9121060,5976326656.0,0.7,0.07
2016-07-08,2604.69,2583.74,2605.36,2580.34,-1.02,-26.74,6474326,4247648896.0,0.96,0.05
2016-07-11,2586.13,2587.6,2602.11,2582.85,0.15,3.86,7688644,5125702656.0,0.75,0.06
2016-07-12,2587.99,2628.46,2634.68,2586.53,1.58,40.86,12743436,8098885376.0,1.86,0.1
2016-07-13,2626.03,2648.11,2661.91,2625.98,0.75,19.65,15404312,10628553728.0,1.37,0.12
2016-07-14,2643.8,2631.5,2643.8,2621.86,-0.63,-16.61,7264747,5133602560.0,0.83,0.05
2016-07-15,2632.19,2638.39,2643.03,2627.74,0.26,6.89,7172019,4868497408.0,0.58,0.05
2016-07-18,2633.3,2653.17,2663.78,2633.3,0.56,14.78,12026284,8513361664.0,1.16,0.09
2016-07-19,2654.04,2632.75,2661.17,2628.37,-0.77,-20.42,8022301,5601313536.0,1.24,0.06
2016-07-20,2632.47,2619.85,2635.56,2616.38,-0.49,-12.9,5991443,4210576544.0,0.73,0.05
2016-07-21,2619.77,2624.53,2632.65,2613.82,0.18,4.68,7056070,5285306112.0,0.72,0.05
2016-07-22,2623.62,2618.1,2625.3,2608.9,-0.24,-6.43,7137675,4696201472.0,0.62,0.05
2016-07-25,2611.81,2628.25,2630.35,2610.82,0.39,10.15,6684531,4210327136.0,0.75,0.05
2016-07-26,2622.65,2645.37,2647.81,2619.4,0.65,17.12,7434428,5119308032.0,1.08,0.06
2016-07-27,2643.83,2642.98,2647.77,2606.57,-0.09,-2.39,12675503,8590169600.0,1.56,0.1
2016-07-28,2632.47,2626.96,2634.21,2621.39,-0.61,-16.02,6814361,4738628096.0,0.49,0.05
2016-07-29,2629.42,2636.2,2636.51,2623.73,0.35,9.24,6595775,4778589952.0,0.49,0.05
2016-08-01,2631.5,2648.51,2648.51,2629.65,0.47,12.31,9402123,7035641856.0,0.72,0.07
2016-08-02,2643.44,2648.84,2648.93,2637.82,0.01,0.33,5681739,4189109520.0,0.42,0.04
2016-08-03,2640.31,2638.09,2646.56,2634.24,-0.41,-10.75,6219512,4396634112.0,0.47,0.05
2016-08-04,2638.17,2635.57,2641.45,2622.87,-0.1,-2.52,7621026,5490373888.0,0.7,0.06
2016-08-05,2630.49,2643.51,2648.25,2623.76,0.3,7.94,14085075,13271539200.0,0.93,0.11
2016-08-08,2638.61,2647.35,2650.61,2631.55,0.15,3.84,10610768,9484575488.0,0.72,0.08
2016-08-09,2645.81,2660.51,2663.16,2641.34,0.5,13.16,12906367,11257485568.0,0.82,0.1
2016-08-10,2658.92,2664.17,2668.1,2653.94,0.14,3.66,11136274,10626437632.0,0.53,0.08
2016-08-11,2663.73,2692.71,2720.01,2660.92,1.07,28.54,21082204,17969881088.0,2.22,0.16
2016-08-12,2691.63,2753.04,2754.63,2687.48,2.24,60.33,23395880,19409654016.0,2.49,0.18
2016-08-15,2758.89,2803.55,2831.08,2754.13,1.83,50.51,29657760,27017821696.0,2.8,0.22
2016-08-16,2809.04,2738.69,2811.24,2714.92,-2.31,-64.86,35864695,28631077888.0,3.44,0.27
2016-08-17,2732.39,2728.82,2738.29,2718.56,-0.36,-9.87,14523840,13563466496.0,0.72,0.11
2016-08-18,2723.38,2720.27,2740.69,2712.65,-0.31,-8.55,13708804,12002066432.0,1.03,0.1
2016-08-19,2722.39,2723.58,2727.51,2711.86,0.12,3.31,9150251,8464614400.0,0.58,0.07
2016-08-22,2720.42,2735.36,2744.44,2711.6,0.43,11.78,12010297,9479723520.0,1.21,0.09
2016-08-23,2732.66,2747.72,2760.79,2731.29,0.45,12.36,13694926,11983920896.0,1.08,0.1
2016-08-24,2748.21,2745.68,2751.12,2737.21,-0.07,-2.04,11763442,12959204608.0,0.51,0.09
2016-08-25,2738.48,2746.98,2748.34,2726.33,0.05,1.3,12264331,11942646528.0,0.8,0.09
2016-08-26,2742.57,2736.85,2746.98,2731.84,-0.37,-10.13,9091499,9124579072.0,0.55,0.07
2016-08-29,2732.95,2721.26,2736.25,2710.6,-0.57,-15.59,10566886,8997693440.0,0.94,0.08
2016-08-30,2719.85,2740.05,2741.12,2718.18,0.69,18.79,9684463,8476116224.0,0.84,0.07
2016-08-31,2737.22,2748.54,2753.8,2731.08,0.31,8.49,9979527,10214150400.0,0.83,0.08
2016-09-01,2745.4,2739.81,2751.48,2737.96,-0.32,-8.73,9795028,8681064192.0,0.49,0.07
2016-09-02,2734.71,2742.0,2748.65,2732.16,0.08,2.19,9852927,7902195712.0,0.6,0.07
2016-09-05,2740.5,2741.22,2751.9,2733.03,-0.03,-0.78,9681588,8013773824.0,0.69,0.07
2016-09-06,2741.4,2728.94,2754.27,2724.17,-0.45,-12.28,11655801,8778558976.0,1.1,0.09
2016-09-07,2728.93,2730.84,2737.13,2723.14,0.07,1.9,8908869,7061799936.0,0.51,0.07
2016-09-08,2727.43,2732.2,2734.24,2723.02,0.05,1.36,6768719,5325099776.0,0.41,0.05
2016-09-09,2727.89,2722.18,2733.6,2720.89,-0.37,-10.02,6471391,5230666496.0,0.47,0.05
2016-09-12,2707.66,2684.16,2708.72,2673.5,-1.4,-38.02,14361739,10840894464.0,1.29,0.11
2016-09-13,2687.48,2683.37,2691.95,2677.74,-0.03,-0.79,7815774,6339919872.0,0.53,0.06
2016-09-14,2676.48,2651.2,2681.99,2644.55,-1.2,-32.17,9240197,6852460544.0,1.4,0.07
2016-09-19,2650.42,2663.94,2667.81,2648.0,0.48,12.74,7811001,5873789184.0,0.75,0.06
2016-09-20,2663.98,2661.63,2666.85,2652.82,-0.09,-2.31,7782901,7460455168.0,0.53,0.06
2016-09-21,2661.48,2673.92,2680.89,2654.41,0.46,12.29,7198190,5809545984.0,0.99,0.05
2016-09-22,2679.82,2685.83,2694.43,2674.62,0.45,11.91,7833199,6501902080.0,0.74,0.06
2016-09-23,2686.54,2690.39,2694.93,2682.45,0.17,4.56,6477449,5619258368.0,0.46,0.05
2016-09-26,2686.72,2667.59,2686.72,2665.72,-0.85,-22.8,9519761,7341135360.0,0.78,0.07
2016-09-27,2666.84,2684.36,2687.0,2659.5,0.63,16.77,7272970,5732675328.0,1.03,0.05
2016-09-28,2682.05,2671.22,2684.32,2669.04,-0.49,-13.14,5156888,4138050608.0,0.57,0.04
2016-09-29,2672.41,2680.66,2681.64,2671.02,0.35,9.44,5600930,4383169792.0,0.4,0.04
2016-09-30,2676.34,2677.52,2685.14,2672.3,-0.12,-3.14,4964810,4099368240.0,0.48,0.04
2016-10-10,2683.19,2697.27,2697.33,2678.87,0.74,19.75,8332046,6233821952.0,0.69,0.06
2016-10-11,2697.79,2692.3,2698.33,2689.31,-0.18,-4.97,7266483,5669304576.0,0.33,0.05
2016-10-12,2689.62,2684.43,2693.08,2680.23,-0.29,-7.87,7178592,6299131136.0,0.48,0.05
2016-10-13,2684.97,2680.35,2690.24,2673.62,-0.15,-4.08,7995593,6766977280.0,0.62,0.06
2016-10-14,2678.15,2681.06,2681.47,2669.98,0.03,0.71,6783365,5889737472.0,0.43,0.05
2016-10-17,2679.03,2665.68,2680.89,2660.42,-0.57,-15.38,7360180,6005855232.0,0.76,0.06
2016-10-18,2663.29,2682.34,2687.07,2661.15,0.62,16.66,9496688,7726604288.0,0.97,0.07
2016-10-19,2682.34,2681.07,2694.49,2676.87,-0.05,-1.27,6959948,5535236864.0,0.66,0.05
2016-10-20,2686.11,2681.0,2688.91,2677.39,0.0,-0.07,6088420,5149561344.0,0.43,0.05
2016-10-21,2680.63,2689.1,2691.41,2675.03,0.3,8.1,8311445,7020590848.0,0.61,0.06
2016-10-24,2688.23,2712.57,2730.88,2685.58,0.87,23.47,17588656,14152592128.0,1.68,0.13
2016-10-25,2712.51,2718.22,2724.46,2708.06,0.21,5.65,9956303,7888495872.0,0.6,0.07
2016-10-26,2715.67,2697.67,2718.18,2695.93,-0.76,-20.55,8153598,6608265472.0,0.82,0.06
2016-10-27,2696.04,2690.28,2697.72,2679.36,-0.27,-7.39,7132893,5461826048.0,0.68,0.05
2016-10-28,2688.71,2705.42,2708.48,2685.38,0.56,15.14,12379616,10878099456.0,0.86,0.09
2016-10-31,2696.77,2695.53,2701.35,2682.08,-0.37,-9.89,10362105,9985396480.0,0.71,0.08
2016-11-01,2692.47,2705.37,2705.49,2687.2,0.37,9.84,10792866,11115952896.0,0.68,0.08
2016-11-02,2696.03,2690.75,2699.96,2684.52,-0.54,-14.62,11082262,12512973568.0,0.57,0.08
2016-11-03,2685.77,2692.95,2697.92,2676.77,0.08,2.2,10843073,10946847488.0,0.79,0.08
2016-11-04,2690.56,2690.0,2699.49,2679.98,-0.11,-2.95,11330657,10355528448.0,0.72,0.09
2016-11-07,2686.17,2690.6,2693.05,2679.22,0.02,0.6,8461848,7476295936.0,0.51,0.06
2016-11-08,2690.17,2708.16,2716.81,2687.1,0.65,17.56,14626812,11416581888.0,1.1,0.11
2016-11-09,2704.5,2685.8,2708.03,2672.72,-0.83,-22.36,14533106,12051558400.0,1.3,0.11
2016-11-10,2696.56,2705.86,2710.09,2695.02,0.75,20.06,12458578,12164435200.0,0.56,0.09
2016-11-11,2699.07,2705.5,2708.53,2691.86,-0.01,-0.36,17330738,15190083584.0,0.62,0.13
2016-11-14,2698.01,2709.87,2717.28,2694.57,0.16,4.37,18273344,16547108864.0,0.84,0.14
2016-11-15,2707.76,2704.7,2711.55,2697.82,-0.19,-5.17,10459538,9113136896.0,0.51,0.08
2016-11-16,2704.81,2703.74,2708.0,2698.88,-0.04,-0.96,8265928,7094515200.0,0.34,0.06
2016-11-17,2699.93,2702.19,2707.33,2692.4,-0.06,-1.55,8285161,7297933824.0,0.55,0.06
2016-11-18,2701.7,2701.16,2705.73,2695.04,-0.04,-1.03,9983615,14117140480.0,0.4,0.08
2016-11-21,2696.38,2720.7,2724.13,2693.69,0.72,19.54,16059015,15586151424.0,1.13,0.12
2016-11-22,2715.35,2736.13,2740.1,2712.97,0.57,15.43,20530660,17298447616.0,1.0,0.15
2016-11-23,2732.23,2759.92,2777.92,2730.34,0.87,23.79,28836512,25150972928.0,1.74,0.22
2016-11-24,2753.73,2753.4,2763.3,2743.4,-0.24,-6.52,16117201,15409373952.0,0.72,0.12
2016-11-25,2752.81,2786.56,2787.34,2752.81,1.2,33.16,20241212,16519131904.0,1.25,0.15
2016-11-28,2791.31,2801.96,2824.79,2791.31,0.55,15.4,31835944,25417123840.0,1.2,0.24
2016-11-29,2797.9,2811.5,2815.37,2785.63,0.34,9.54,19923991,17390025728.0,1.06,0.15
2016-11-30,2807.86,2782.56,2809.35,2772.28,-1.03,-28.94,16881011,13943651328.0,1.32,0.13
2016-12-01,2783.49,2788.57,2805.51,2776.98,0.22,6.01,15556412,12999581440.0,1.03,0.12
2016-12-02,2785.8,2785.26,2793.32,2756.54,-0.12,-3.31,19532204,14876278016.0,1.32,0.15
2016-12-05,2772.22,2797.49,2801.11,2767.94,0.44,12.23,17941471,13667219200.0,1.19,0.13
2016-12-06,2793.99,2790.89,2804.42,2787.89,-0.24,-6.6,12679399,9977038336.0,0.59,0.1
2016-12-07,2787.8,2785.24,2790.32,2777.43,-0.2,-5.65,9731327,7931168768.0,0.46,0.07
2016-12-08,2787.9,2800.29,2804.99,2777.61,0.54,15.05,15845819,14983600128.0,0.98,0.12
2016-12-09,2794.21,2843.77,2861.69,2791.69,1.55,43.48,31420430,24201629696.0,2.5,0.24
2016-12-12,2843.57,2855.85,2896.24,2821.66,0.42,12.08,32293501,24750932480.0,2.62,0.24
2016-12-13,2837.19,2812.57,2842.72,2798.39,-1.52,-43.28,16095222,11939728384.0,1.55,0.12
2016-12-14,2809.75,2817.97,2844.97,2806.97,0.19,5.4,16303064,12936835584.0,1.35,0.12
2016-12-15,2805.42,2746.56,2806.94,2737.75,-2.53,-71.41,20614921,15850949120.0,2.46,0.15
2016-12-16,2737.31,2730.41,2745.51,2722.07,-0.59,-16.15,14061190,10928126976.0,0.85,0.11
2016-12-19,2727.12,2725.49,2732.27,2716.92,-0.18,-4.92,9222888,7688233728.0,0.56,0.07
2016-12-20,2724.6,2701.46,2730.44,2682.08,-0.88,-24.03,13615836,10686080768.0,1.77,0.1
2016-12-21,2697.77,2716.4,2720.71,2696.92,0.55,14.94,10648052,8385593600.0,0.88,0.08
2016-12-22,2714.28,2708.08,2718.01,2697.76,-0.31,-8.32,7348376,6081344256.0,0.75,0.06
2016-12-23,2703.84,2698.82,2709.01,2686.73,-0.34,-9.26,8148243,6834306560.0,0.82,0.06
2016-12-26,2688.61,2706.51,2707.06,2671.44,0.28,7.69,9049347,7015423744.0,1.32,0.07
2016-12-27,2698.87,2690.24,2704.89,2688.73,-0.6,-16.27,6463552,5154406912.0,0.6,0.05
2016-12-28,2690.48,2683.44,2695.54,2675.6,-0.25,-6.8,7719183,5871306496.0,0.74,0.06
2016-12-29,2677.07,2682.96,2692.27,2674.53,-0.02,-0.48,8306813,6182014208.0,0.66,0.06
2016-12-30,2685.23,2697.7,2699.9,2681.3,0.55,14.74,9647477,6902859008.0,0.69,0.07
2017-01-03,2696.49,2721.53,2724.58,2692.03,0.88,23.83,12617398,9577183744.0,1.21,0.09
2017-01-04,2717.33,2722.87,2732.95,2711.18,0.05,1.34,11126553,8553336064.0,0.8,0.08
2017-01-05,2727.15,2724.65,2733.14,2719.03,0.07,1.78,8179820,6341327616.0,0.52,0.06
2017-01-06,2724.38,2717.45,2725.54,2708.24,-0.26,-7.2,8767013,6482231296.0,0.63,0.07
2017-01-09,2717.43,2722.45,2725.91,2710.82,0.18,5.0,7857707,5705709568.0,0.56,0.06
2017-01-10,2717.97,2718.58,2724.33,2711.7,-0.14,-3.87,6624240,4748729344.0,0.46,0.05
2017-01-11,2717.14,2715.34,2727.38,2708.42,-0.12,-3.24,7493551,5582774784.0,0.7,0.06
2017-01-12,2714.29,2714.56,2719.45,2706.4,-0.03,-0.78,6477008,4939348480.0,0.48,0.05
2017-01-13,2707.35,2728.93,2733.27,2706.7,0.53,14.37,11590430,8495140096.0,0.98,0.09
2017-01-16,2723.76,2764.26,2775.59,2712.03,1.29,35.33,28617335,20203984640.0,2.33,0.22
2017-01-17,2752.02,2755.5,2761.06,2744.79,-0.32,-8.76,8610918,6830956032.0,0.59,0.06
2017-01-18,2753.65,2761.92,2766.53,2747.72,0.23,6.42,8480885,6414823680.0,0.68,0.06
2017-01-19,2760.73,2765.53,2781.63,2754.07,0.13,3.61,9330989,6658281728.0,1.0,0.07
2017-01-20,2759.28,2767.58,2773.54,2755.66,0.07,2.05,7925900,6676927744.0,0.65,0.06
2017-01-23,2768.5,2768.22,2773.66,2759.63,0.02,0.64,7930623,6201532672.0,0.51,0.06
2017-01-24,2764.71,2785.44,2791.89,2762.54,0.62,17.22,10109879,7143999488.0,1.06,0.08
2017-01-25,2782.6,2789.17,2789.87,2776.12,0.13,3.73,6281897,4735097088.0,0.49,0.05
2017-01-26,2789.71,2810.96,2813.2,2789.48,0.78,21.79,8571638,6573475328.0,0.85,0.06
2017-02-03,2810.7,2784.49,2813.18,2781.07,-0.94,-26.47,5805917,4710581504.0,1.14,0.04
2017-02-06,2791.19,2783.74,2793.03,2777.13,-0.03,-0.75,8558019,6938831360.0,0.57,0.06
2017-02-07,2781.89,2776.83,2788.41,2770.6,-0.25,-6.91,8230513,6763403008.0,0.64,0.06
2017-02-08,2774.27,2783.57,2783.83,2759.69,0.24,6.74,8317484,7009825024.0,0.87,0.06
2017-02-09,2777.68,2790.36,2796.68,2774.8,0.24,6.79,8538150,7137611776.0,0.79,0.06
2017-02-10,2793.83,2806.4,2807.61,2789.46,0.57,16.04,12304915,11097328128.0,0.65,0.09
2017-02-13,2807.94,2827.41,2834.98,2806.38,0.75,21.01,15149947,14130724608.0,1.02,0.11
2017-02-14,2827.65,2822.89,2831.67,2814.91,-0.16,-4.52,10781229,10576462592.0,0.59,0.08
2017-02-15,2823.91,2864.98,2871.26,2819.26,1.49,42.09,24624435,21253223424.0,1.84,0.19
2017-02-16,2868.2,2869.65,2879.89,2852.95,0.16,4.67,15871656,15022051328.0,0.94,0.12
2017-02-17,2872.97,2838.37,2873.14,2832.6,-1.09,-31.28,13174541,12032397312.0,1.41,0.1
2017-02-20,2835.3,2867.04,2892.12,2834.19,1.01,28.67,32221106,26725852160.0,2.04,0.24
2017-02-21,2872.88,2874.79,2897.01,2866.93,0.27,7.75,19758430,18408199680.0,1.05,0.15
2017-02-22,2872.15,2879.61,2880.25,2863.14,0.17,4.82,12710847,12346483968.0,0.6,0.1
2017-02-23,2877.63,2883.97,2892.46,2872.91,0.15,4.36,11210147,10282501120.0,0.68,0.08
2017-02-24,2879.53,2874.7,2882.98,2863.53,-0.32,-9.27,10877069,10766371840.0,0.67,0.08
2017-02-27,2866.27,2859.82,2873.79,2848.96,-0.52,-14.88,11505371,11186112256.0,0.86,0.09
2017-02-28,2853.39,2858.48,2869.5,2849.91,-0.05,-1.34,11894445,13450585344.0,0.69,0.09
2017-03-01,2859.1,2859.67,2878.61,2850.72,0.04,1.19,16763499,16253875456.0,0.98,0.13
2017-03-02,2862.41,2853.06,2868.43,2848.83,-0.23,-6.61,14187156,16512017408.0,0.69,0.11
2017-03-03,2843.44,2838.58,2850.33,2833.62,-0.51,-14.48,10234312,11749698816.0,0.59,0.08
2017-03-06,2836.24,2833.19,2851.19,2828.84,-0.19,-5.39,12930103,11365270528.0,0.79,0.1
2017-03-07,2831.25,2844.04,2844.82,2825.18,0.38,10.85,10738202,11440369408.0,0.69,0.08
2017-03-08,2835.17,2846.76,2848.3,2834.82,0.1,2.72,9407151,10987952128.0,0.47,0.07
2017-03-09,2839.67,2837.33,2846.88,2831.15,-0.33,-9.43,11523715,11350596864.0,0.55,0.09
2017-03-10,2835.74,2838.71,2842.64,2828.47,0.05,1.38,9224904,9359722752.0,0.5,0.07
2017-03-13,2834.31,2859.46,2859.6,2825.55,0.73,20.75,9948210,9042337792.0,1.2,0.07
2017-03-14,2854.51,2863.25,2869.67,2853.89,0.13,3.79,9186508,8479672576.0,0.55,0.07
2017-03-15,2861.0,2861.02,2863.15,2848.4,-0.08,-2.23,8957221,8110725888.0,0.52,0.07
2017-03-16,2860.18,2863.02,2875.02,2857.04,0.07,2.0,17154268,16936289536.0,0.63,0.13
2017-03-17,2861.98,2842.16,2866.85,2829.56,-0.73,-20.86,14961577,13569977344.0,1.3,0.11
2017-03-20,2842.24,2844.89,2849.4,2830.85,0.1,2.73,11183464,10412797184.0,0.65,0.08
2017-03-21,2844.89,2837.89,2845.01,2830.69,-0.25,-7.0,11003544,9405666304.0,0.5,0.08
2017-03-22,2831.61,2808.86,2833.95,2803.07,-1.02,-29.03,13645105,11854164224.0,1.09,0.1
2017-03-23,2810.33,2814.92,2827.58,2806.92,0.22,6.06,10462688,9069458176.0,0.74,0.08
2017-03-24,2816.97,2828.02,2828.27,2809.35,0.47,13.1,10592916,8949910272.0,0.67,0.08
2017-03-27,2820.02,2852.97,2856.15,2818.14,0.88,24.95,15129238,12529760256.0,1.34,0.11
2017-03-28,2855.88,2848.3,2859.87,2838.8,-0.16,-4.67,8376553,7704390400.0,0.74,0.06
2017-03-29,2847.42,2854.09,2860.75,2843.47,0.2,5.79,11999478,9788144640.0,0.61,0.09
2017-03-30,2850.51,2859.75,2863.03,2829.38,0.2,5.66,13033142,9680663552.0,1.18,0.1
2017-03-31,2850.08,2889.98,2898.39,2847.15,1.06,30.23,18893093,16128069632.0,1.79,0.14
2017-04-05,2884.11,2894.62,2897.3,2874.48,0.16,4.64,18190552,17171147264.0,0.79,0.14
2017-04-06,2891.57,2882.96,2892.79,2869.84,-0.4,-11.66,11996600,11000455936.0,0.79,0.09
2017-04-07,2879.16,2889.16,2895.4,2865.75,0.22,6.2,13804884,12637694976.0,1.03,0.1
2017-04-10,2888.57,2872.96,2888.57,2867.4,-0.56,-16.2,12235581,12060243968.0,0.73,0.09
2017-04-11,2864.54,2865.04,2872.47,2846.53,-0.28,-7.92,14499357,14965997824.0,0.9,0.11
2017-04-12,2858.69,2865.16,2869.76,2845.36,0.0,0.12,13450796,12151315456.0,0.85,0.1
2017-04-13,2861.77,2856.29,2862.86,2849.77,-0.31,-8.87,9760492,9094120192.0,0.46,0.07
2017-04-14,2854.23,2845.07,2856.36,2829.76,-0.39,-11.22,11012580,9596659968.0,0.93,0.08
2017-04-17,2833.92,2842.62,2846.12,2811.79,-0.09,-2.45,14920980,12531282944.0,1.21,0.11
2017-04-18,2833.15,2813.18,2837.44,2811.89,-1.04,-29.44,11335621,10315408384.0,0.9,0.09
2017-04-19,2803.96,2787.19,2810.57,2779.2,-0.92,-25.99,14041225,11682737920.0,1.12,0.11
2017-04-20,2785.38,2780.54,2794.3,2776.11,-0.24,-6.65,11017284,9929118464.0,0.65,0.08
2017-04-21,2781.58,2812.5,2817.95,2777.24,1.15,31.96,13724782,10047767040.0,1.46,0.1
2017-04-24,2807.04,2824.01,2829.77,2800.72,0.41,11.51,12527081,10408136960.0,1.03,0.09
2017-04-25,2822.12,2827.2,2833.1,2816.09,0.11,3.19,10610109,9943299328.0,0.6,0.08
2017-04-26,2826.15,2836.81,2842.35,2816.84,0.34,9.61,14855206,12581324800.0,0.9,0.11
2017-04-27,2830.66,2848.51,2848.51,2821.14,0.41,11.7,15053380,12558749696.0,0.96,0.11
2017-04-28,2842.83,2848.69,2848.69,2825.37,0.01,0.18,12506649,11531471104.0,0.82,0.09
2017-05-02,2839.64,2817.79,2839.64,2814.76,-1.08,-30.9,9766561,9565888256.0,0.87,0.07
2017-05-03,2815.88,2802.86,2817.0,2795.67,-0.53,-14.93,9867993,9656559360.0,0.76,0.07
2017-05-04,2800.57,2801.19,2804.62,2786.98,-0.06,-1.67,11845067,12021644032.0,0.63,0.09
2017-05-05,2792.06,2811.47,2814.04,2778.65,0.37,10.28,15525127,14448008448.0,1.26,0.12
2017-05-08,2797.56,2832.42,2832.42,2792.38,0.75,20.95,15247018,12855730176.0,1.42,0.11
2017-05-09,2818.99,2826.3,2834.48,2815.94,-0.22,-6.12,10571470,10774631424.0,0.65,0.08
2017-05-10,2820.51,2838.36,2846.87,2820.51,0.43,12.06,15740464,16259535872.0,0.93,0.12
2017-05-11,2834.5,2861.6,2870.72,2832.67,0.82,23.24,15735544,14677526528.0,1.34,0.12
2017-05-12,2855.55,2920.5,2923.88,2849.34,2.06,58.9,23178765,21351026944.0,2.6,0.17
2017-05-15,2919.2,2918.02,2941.55,2902.01,-0.08,-2.48,14850313,14592347648.0,1.35,0.11
2017-05-16,2913.37,2888.12,2913.37,2873.97,-1.02,-29.9,15141387,13878551808.0,1.35,0.11
2017-05-17,2880.66,2874.11,2881.86,2863.25,-0.49,-14.01,13835886,13780972800.0,0.64,0.1
2017-05-18,2858.97,2875.22,2883.04,2857.58,0.04,1.11,11691382,12177834752.0,0.89,0.09
2017-05-19,2874.72,2874.56,2882.6,2869.8,-0.02,-0.66,8738597,8950129664.0,0.45,0.07
2017-05-22,2871.47,2890.29,2896.05,2868.19,0.55,15.73,12007525,10902510080.0,0.97,0.09
2017-05-23,2889.84,2934.12,2935.62,2887.45,1.52,43.83,20763296,17981350912.0,1.67,0.16
2017-05-24,2928.52,2930.35,2941.57,2904.74,-0.13,-3.77,15338987,14123400448.0,1.26,0.12
2017-05-25,2923.92,2969.42,3024.41,2918.59,1.33,39.07,38915249,32276135424.0,3.61,0.29
2017-05-26,2961.44,2984.38,2989.72,2960.63,0.5,14.96,20117476,18452612864.0,0.98,0.15
2017-05-31,2977.54,3001.16,3017.71,2970.85,0.56,16.78,18636596,16462934528.0,1.57,0.14
2017-06-01,2998.27,3024.24,3026.0,2988.98,0.77,23.08,17334510,16259765248.0,1.23,0.13
2017-06-02,3023.67,3012.94,3050.7,3005.23,-0.37,-11.3,17742063,16347728128.0,1.5,0.13
2017-06-05,3004.26,2939.12,3006.02,2923.88,-2.45,-73.82,23842741,17158133504.0,2.73,0.18
2017-06-06,2932.21,2943.86,2951.15,2924.48,0.16,4.74,11099427,9467632128.0,0.91,0.08
2017-06-07,2942.2,2966.84,2976.99,2937.7,0.78,22.98,17272483,15629398784.0,1.33,0.13
2017-06-08,2959.72,2967.42,2973.92,2942.72,0.02,0.58,13748698,13130869760.0,1.05,0.1
2017-06-09,2967.31,2968.07,2995.75,2958.02,0.02,0.65,21511721,17681343488.0,1.27,0.16
2017-06-12,2964.83,2953.96,2978.43,2947.3,-0.48,-14.11,15105136,12781323776.0,1.05,0.11
2017-06-13,2951.68,2954.12,2961.08,2936.51,0.01,0.16,10582291,9648747264.0,0.83,0.08
2017-06-14,2952.57,2946.03,2955.53,2932.19,-0.27,-8.09,11628459,10323473664.0,0.79,0.09
2017-06-15,2939.14,2914.63,2945.0,2907.72,-1.07,-31.4,12508234,10810152704.0,1.27,0.09
2017-06-16,2913.37,2916.68,2924.92,2901.25,0.07,2.05,9907436,8568331520.0,0.81,0.07
2017-06-19,2916.26,2909.37,2930.36,2905.0,-0.25,-7.31,12723461,9560789504.0,0.87,0.1
2017-06-20,2912.47,2925.0,2930.46,2904.51,0.54,15.63,10387900,8673359104.0,0.89,0.08
2017-06-21,2931.58,2929.07,2938.68,2914.61,0.14,4.07,10501196,9121028864.0,0.82,0.08
2017-06-22,2927.79,2959.25,2994.56,2926.1,1.03,30.18,31310710,26909055488.0,2.34,0.24
2017-06-23,2953.36,2974.02,2978.22,2936.68,0.5,14.77,17723821,15678210048.0,1.4,0.13
2017-06-26,2971.84,2965.65,3013.6,2960.74,-0.28,-8.37,24014628,18839044096.0,1.78,0.18
2017-06-27,2964.07,2967.91,2976.58,2945.35,0.08,2.26,17012904,14629583360.0,1.05,0.13
2017-06-28,2963.75,2985.94,3009.83,2955.2,0.61,18.03,22089546,20678926080.0,1.84,0.17
2017-06-29,2992.27,2988.17,2995.77,2976.66,0.07,2.23,13055576,11810786816.0,0.64,0.1
2017-06-30,2978.75,2973.24,2980.07,2954.87,-0.5,-14.93,12608756,10427122944.0,0.84,0.09
2017-07-03,2968.54,2973.5,2973.55,2960.35,0.01,0.26,11059670,8997819136.0,0.44,0.08
2017-07-04,2971.41,2960.87,2974.3,2945.07,-0.42,-12.63,15165069,12602072320.0,0.98,0.11
2017-07-05,2958.58,2979.69,2982.07,2946.67,0.64,18.82,12919548,11582746368.0,1.2,0.1
2017-07-06,2976.77,2977.81,2982.55,2960.1,-0.06,-1.88,14072389,12424572928.0,0.75,0.11
2017-07-07,2974.05,2974.69,2986.9,2966.02,-0.1,-3.12,12501790,10716898304.0,0.7,0.09
2017-07-10,2972.35,2954.13,2972.35,2950.7,-0.69,-20.56,11719220,10053266944.0,0.73,0.09
2017-07-11,2953.66,3000.49,3024.6,2948.11,1.57,46.36,27668899,23153710336.0,2.59,0.21
2017-07-12,2999.91,3010.91,3052.49,2995.92,0.35,10.42,29390981,24822143744.0,1.89,0.22
2017-07-13,3019.53,3067.62,3069.02,3007.24,1.88,56.71,26216761,21668462336.0,2.05,0.2
2017-07-14,3078.01,3083.4,3095.04,3054.48,0.51,15.78,23052394,19458773504.0,1.32,0.17
2017-07-17,3091.31,3115.99,3190.81,3036.84,1.06,32.59,49066068,39471063040.0,4.99,0.37
2017-07-18,3095.94,3097.91,3110.88,3060.55,-0.58,-18.08,25960213,21179854592.0,1.62,0.2
2017-07-19,3090.19,3125.36,3132.63,3087.89,0.89,27.45,27005695,21974993664.0,1.44,0.2
2017-07-20,3130.13,3120.14,3130.13,3098.43,-0.17,-5.22,18585068,15313652224.0,1.01,0.14
2017-07-21,3112.24,3079.34,3112.24,3072.8,-1.31,-40.8,15947123,13348554240.0,1.26,0.12
2017-07-24,3075.08,3100.1,3117.24,3061.02,0.67,20.76,20948703,17318326528.0,1.83,0.16
2017-07-25,3107.55,3092.85,3135.74,3086.6,-0.23,-7.25,24777659,19332272128.0,1.59,0.19
2017-07-26,3091.46,3074.49,3135.32,3058.27,-0.59,-18.36,23643050,18224983808.0,2.49,0.18
2017-07-27,3070.76,3070.06,3073.23,3042.85,-0.14,-4.43,16994764,13229835008.0,0.99,0.13
2017-07-28,3057.25,3063.7,3074.32,3045.14,-0.21,-6.36,12795584,9973705472.0,0.95,0.1
2017-07-31,3060.29,3049.77,3068.08,3042.86,-0.45,-13.93,16051547,12638372096.0,0.82,0.12
2017-08-01,3050.32,3118.97,3127.95,3045.58,2.27,69.2,19360963,16903541248.0,2.7,0.15
2017-08-02,3118.68,3153.73,3167.22,3104.57,1.11,34.76,26190658,21512783104.0,2.01,0.2
2017-08-03,3152.64,3099.68,3152.64,3091.06,-1.71,-54.05,19929735,16206690560.0,1.95,0.15
2017-08-04,3093.38,3079.81,3108.37,3078.6,-0.64,-19.87,15099909,12852082944.0,0.96,0.11
2017-08-07,3069.8,3076.08,3076.95,3056.86,-0.12,-3.73,12765991,9794732288.0,0.65,0.1
2017-08-08,3071.97,3069.7,3077.55,3057.04,-0.21,-6.38,12678591,9432879616.0,0.67,0.1
2017-08-09,3058.59,3026.08,3062.66,3024.47,-1.42,-43.62,14706055,11220886528.0,1.24,0.11
2017-08-10,3022.88,3033.97,3066.67,3014.76,0.26,7.89,15202426,12120366848.0,1.72,0.11
2017-08-11,3009.75,2971.16,3014.8,2956.4,-2.07,-62.81,24161115,18626632704.0,1.92,0.18
2017-08-14,2951.45,2977.04,2978.15,2951.45,0.2,5.88,14700088,11453858048.0,0.9,0.11
2017-08-15,2977.21,3016.01,3043.93,2977.21,1.31,38.97,21769373,15747409408.0,2.24,0.16
2017-08-16,3015.34,3005.52,3015.34,2986.7,-0.35,-10.49,12385895,9275553024.0,0.95,0.09
2017-08-17,3005.66,3014.89,3014.89,2994.75,0.31,9.37,9066378,7513076736.0,0.67,0.07
2017-08-18,2999.19,3007.81,3020.51,2993.66,-0.23,-7.08,9840156,8470884864.0,0.89,0.07
2017-08-21,3002.99,3010.64,3011.98,2992.91,0.09,2.83,9545450,7560473856.0,0.63,0.07
2017-08-22,3012.28,3023.75,3028.76,2998.5,0.44,13.11,10682867,9479709440.0,1.01,0.08
2017-08-23,3022.3,3066.94,3076.87,3017.65,1.43,43.19,18385304,15727225344.0,1.96,0.14
2017-08-24,3069.79,3045.81,3093.29,3043.31,-0.69,-21.13,15158032,12366168320.0,1.63,0.11
2017-08-25,3042.25,3123.65,3123.65,3042.25,2.56,77.84,30722333,23819584768.0,2.67,0.23
2017-08-28,3126.41,3170.29,3201.66,3126.41,1.49,46.64,30012100,24905836800.0,2.41,0.23
2017-08-29,3166.15,3168.69,3172.57,3149.96,-0.05,-1.6,16938458,14790247936.0,0.71,0.13
2017-08-30,3165.15,3140.56,3183.24,3131.69,-0.89,-28.13,19290781,16623657216.0,1.63,0.15
2017-08-31,3138.36,3129.87,3142.12,3109.09,-0.34,-10.69,22238797,16636428032.0,1.05,0.17
2017-09-01,3121.67,3112.21,3132.0,3103.36,-0.56,-17.66,21137467,15526149376.0,0.92,0.16
2017-09-04,3104.45,3115.83,3116.03,3081.1,0.12,3.62,16865145,13587452928.0,1.12,0.13
2017-09-05,3116.71,3130.39,3145.06,3107.79,0.47,14.56,17945376,14438816768.0,1.2,0.13
2017-09-06,3118.23,3109.69,3123.53,3097.93,-0.66,-20.7,11449090,9551497728.0,0.82,0.09
2017-09-07,3107.8,3089.01,3114.44,3087.73,-0.67,-20.68,10080007,9060374272.0,0.86,0.08
2017-09-08,3085.46,3085.36,3105.61,3077.09,-0.12,-3.65,9812556,8253793024.0,0.92,0.07
2017-09-11,3097.68,3084.48,3106.57,3082.26,-0.03,-0.88,13289445,10730876672.0,0.79,0.1
2017-09-12,3087.11,3083.96,3089.62,3064.16,-0.02,-0.52,12913951,11074141696.0,0.83,0.1
2017-09-13,3079.96,3076.04,3090.0,3060.44,-0.26,-7.92,10543316,8717443328.0,0.96,0.08
2017-09-14,3078.51,3054.66,3078.51,3050.39,-0.7,-21.38,13374942,10665234432.0,0.91,0.1
2017-09-15,3043.12,3048.61,3053.47,3038.43,-0.2,-6.05,12463446,9182550784.0,0.49,0.09
2017-09-18,3053.99,3044.53,3060.09,3044.53,-0.13,-4.08,12045919,9544804864.0,0.51,0.09
2017-09-19,3051.26,3054.04,3065.71,3042.11,0.31,9.51,14290573,10930631424.0,0.78,0.11
2017-09-20,3045.55,3050.24,3054.08,3037.01,-0.12,-3.8,11011559,9239887104.0,0.56,0.08
2017-09-21,3048.89,3060.12,3074.57,3039.8,0.32,9.88,12645463,9863730944.0,1.14,0.1
2017-09-22,3051.89,3047.37,3074.42,3042.92,-0.42,-12.75,12225154,9541421568.0,1.03,0.09
2017-09-25,3039.36,3008.22,3039.36,2992.19,-1.28,-39.15,16431841,12874886656.0,1.55,0.12
2017-09-26,2996.84,2985.22,3002.23,2977.79,-0.76,-23.0,10194578,8222432256.0,0.81,0.08
2017-09-27,2978.96,2964.12,2978.96,2960.92,-0.71,-21.1,10654580,8653750528.0,0.6,0.08
2017-09-28,2962.13,2943.34,2964.77,2941.55,-0.7,-20.78,11102930,8571350272.0,0.78,0.08
2017-09-29,2938.11,2950.94,2961.36,2938.11,0.26,7.6,9315197,7739908352.0,0.79,0.07
2017-10-09,3043.19,2982.38,3043.19,2976.33,1.07,31.44,28567469,21838154240.0,2.27,0.21
2017-10-10,2980.36,2994.82,2994.92,2970.99,0.42,12.44,16321772,14039428096.0,0.8,0.12
2017-10-11,2993.37,2996.12,3006.43,2987.12,0.04,1.3,13705452,11129757696.0,0.64,0.1
2017-10-12,2993.89,2985.73,2996.07,2985.28,-0.35,-10.39,11470806,9294275840.0,0.36,0.09
2017-10-13,2984.75,2980.03,2989.63,2980.03,-0.19,-5.7,10458978,8383689728.0,0.32,0.08
2017-10-16,2981.43,2996.84,2998.42,2976.69,0.56,16.81,14246937,12656503040.0,0.73,0.11
2017-10-17,2997.21,2984.6,2998.52,2982.96,-0.41,-12.24,10039785,8649756160.0,0.52,0.08
2017-10-18,2985.58,2992.94,2993.59,2978.96,0.28,8.34,15713482,11988282368.0,0.49,0.12
2017-10-19,2985.82,2964.59,2985.82,2957.51,-0.95,-28.35,15102773,11971002624.0,0.95,0.11
2017-10-20,2956.65,2958.56,2960.28,2947.18,-0.2,-6.03,8391340,6643839744.0,0.44,0.06
2017-10-23,2955.48,2937.74,2956.71,2937.74,-0.7,-20.82,10955565,8814371584.0,0.64,0.08
2017-10-24,2937.04,2939.69,2944.3,2934.69,0.07,1.95,10581213,8590045952.0,0.33,0.08
2017-10-25,2938.34,2943.11,2952.33,2931.8,0.12,3.42,10421947,7889116416.0,0.7,0.08
2017-10-26,2936.35,2926.62,2936.35,2920.65,-0.56,-16.49,20543816,14690652672.0,0.53,0.15
2017-10-27,2924.95,2965.25,2976.83,2923.93,1.32,38.63,23600514,19763546624.0,1.81,0.18
2017-10-30,2961.14,2928.44,2967.07,2920.44,-1.24,-36.81,20926281,17701645312.0,1.57,0.16
2017-10-31,2923.79,2911.12,2925.71,2902.53,-0.59,-17.32,15533060,12055979008.0,0.79,0.12
2017-11-01,2908.75,2898.58,2911.39,2891.17,-0.43,-12.54,17070006,13571867136.0,0.69,0.13
2017-11-02,2898.17,2895.07,2898.17,2876.87,-0.12,-3.51,16140767,12187674368.0,0.73,0.12
2017-11-03,2888.03,2871.31,2888.03,2851.41,-0.82,-23.76,17712162,13712375296.0,1.26,0.13
2017-11-06,2860.06,2849.6,2866.21,2836.24,-0.76,-21.71,13579487,11582982400.0,1.04,0.1
2017-11-07,2849.19,2890.72,2900.13,2845.41,1.44,41.12,20313664,16535336704.0,1.92,0.15
2017-11-08,2889.04,2898.51,2915.41,2881.66,0.27,7.79,20716679,17953136128.0,1.17,0.16
2017-11-09,2892.4,2887.2,2906.99,2881.4,-0.39,-11.31,13807429,11465358592.0,0.88,0.1
2017-11-10,2884.1,2863.61,2884.34,2856.3,-0.82,-23.59,20438142,15754444032.0,0.97,0.15
2017-11-13,2866.07,2929.34,2957.56,2866.07,2.3,65.73,32850169,27078245632.0,3.19,0.25
2017-11-14,2922.16,2903.41,2922.16,2897.16,-0.89,-25.93,16587718,14752932864.0,0.85,0.12
2017-11-15,2895.96,2899.55,2913.77,2893.88,-0.13,-3.86,13807922,11680589312.0,0.69,0.1
2017-11-16,2878.54,2842.03,2878.54,2841.18,-1.98,-57.52,14530389,12761017344.0,1.29,0.11
2017-11-17,2827.94,2881.11,2891.27,2827.94,1.38,39.08,37814929,32436104448.0,2.23,0.28
2017-11-20,2852.32,2893.87,2895.65,2831.53,0.44,12.76,28469267,26402044416.0,2.23,0.21
2017-11-21,2881.85,2908.51,2933.81,2876.63,0.51,14.64,33331468,29672036352.0,1.98,0.25
2017-11-22,2916.66,2954.94,2976.07,2916.66,1.6,46.43,38997890,33057735936.0,2.04,0.29
2017-11-23,2950.49,2890.58,2965.21,2875.87,-2.18,-64.36,36034989,30347299584.0,3.02,0.27
2017-11-24,2881.95,2890.27,2907.12,2863.19,-0.01,-0.31,22343493,20027641344.0,1.52,0.17
2017-11-27,2875.95,2857.82,2875.95,2836.76,-1.12,-32.45,26362579,22190995200.0,1.36,0.2
2017-11-28,2846.01,2841.96,2849.78,2826.92,-0.55,-15.86,15703271,13818115072.0,0.8,0.12
2017-11-29,2838.78,2873.35,2880.81,2815.88,1.1,31.39,17321713,15484884992.0,2.28,0.13
2017-11-30,2857.73,2896.4,2913.44,2849.54,0.8,23.05,18148678,15339964672.0,2.22,0.14
2017-12-01,2890.49,2867.17,2892.82,2861.95,-1.01,-29.23,18439657,15719881472.0,1.07,0.14
2017-12-04,2859.82,2866.04,2872.33,2849.71,-0.04,-1.13,13068266,11407127808.0,0.79,0.1
2017-12-05,2861.48,2888.47,2903.23,2860.1,0.78,22.43,32601084,26129242112.0,1.5,0.25
2017-12-06,2880.39,2870.71,2880.39,2849.83,-0.61,-17.76,17041645,14131352064.0,1.06,0.13
2017-12-07,2862.69,2851.18,2879.07,2834.27,-0.68,-19.53,14914167,13105651968.0,1.56,0.11
2017-12-08,2846.53,2854.14,2856.91,2833.54,0.1,2.96,13512957,11673767936.0,0.82,0.1
2017-12-11,2848.82,2863.56,2869.33,2830.88,0.33,9.42,16110331,14821146880.0,1.35,0.12
2017-12-12,2858.12,2811.71,2859.53,2810.98,-1.81,-51.85,12102098,10968541696.0,1.7,0.09
2017-12-13,2809.34,2821.61,2824.29,2797.34,0.35,9.9,12011006,10095247360.0,0.96,0.09
2017-12-14,2822.32,2811.71,2837.91,2805.92,-0.35,-9.9,11234378,9566866944.0,1.13,0.08
2017-12-15,2807.33,2783.27,2807.33,2782.93,-1.01,-28.44,11749607,9787565312.0,0.87,0.09
2017-12-18,2785.15,2778.65,2796.73,2773.8,-0.17,-4.62,10324873,8435098368.0,0.82,0.08
2017-12-19,2781.52,2836.13,2839.85,2781.52,2.07,57.48,15816823,14311560192.0,2.1,0.12
2017-12-20,2831.6,2818.55,2833.76,2807.89,-0.62,-17.58,13653941,11453971712.0,0.91,0.1
2017-12-21,2811.44,2825.04,2840.1,2808.21,0.23,6.49,12800548,11451299840.0,1.13,0.1
2017-12-22,2819.15,2807.6,2821.3,2805.3,-0.62,-17.44,9007390,7887348992.0,0.57,0.07
2017-12-25,2803.87,2806.11,2828.46,2801.81,-0.05,-1.49,14096703,12167820032.0,0.95,0.11
2017-12-26,2801.34,2841.75,2842.69,2798.78,1.27,35.64,14848598,12285476096.0,1.56,0.11
2017-12-27,2832.79,2813.75,2847.07,2804.12,-0.99,-28.0,16980644,14086616832.0,1.51,0.13
2017-12-28,2806.42,2818.87,2842.15,2798.36,0.18,5.12,16020924,13007424256.0,1.56,0.12
2017-12-29,2813.3,2829.08,2831.65,2813.29,0.36,10.21,14536993,10718418944.0,0.65,0.11
2018-01-02,2831.13,2860.46,2879.55,2831.13,1.11,31.38,30787728,22198333184.0,1.71,0.23
2018-01-03,2857.81,2876.18,2885.57,2851.52,0.55,15.72,21332268,18464989696.0,1.19,0.16
2018-01-04,2878.64,2901.34,2923.78,2863.48,0.87,25.16,22095318,17604216064.0,2.1,0.17
2018-01-05,2895.39,2893.77,2903.25,2884.01,-0.26,-7.57,17364709,14052638976.0,0.66,0.13
2018-01-08,2889.23,2891.36,2896.04,2881.57,-0.08,-2.41,18801018,16153939200.0,0.5,0.14
2018-01-09,2887.65,2890.74,2905.5,2881.43,-0.02,-0.62,15887822,12772014848.0,0.83,0.12
2018-01-10,2888.53,2930.47,2939.71,2886.21,1.37,39.73,32473882,28057908992.0,1.85,0.24
2018-01-11,2927.23,2933.1,2956.11,2920.48,0.09,2.63,22331645,18511965952.0,1.22,0.17
2018-01-12,2933.42,2934.65,2954.15,2929.9,0.05,1.55,19151853,15894279424.0,0.83,0.14
2018-01-15,2933.6,2959.83,2988.75,2933.6,0.86,25.18,36348391,30232553216.0,1.88,0.27
2018-01-16,2950.84,2984.39,2985.82,2946.62,0.83,24.56,33079353,26794912000.0,1.32,0.25
2018-01-17,2993.44,3042.0,3098.19,2993.44,1.93,57.61,49512317,43069966592.0,3.51,0.37
2018-01-18,3056.51,3127.33,3129.3,3056.51,2.81,85.33,50500165,41900991232.0,2.39,0.38
2018-01-19,3156.69,3213.88,3252.44,3156.69,2.77,86.55,61163876,56113189376.0,3.06,0.46
2018-01-22,3190.32,3158.08,3228.04,3148.0,-1.74,-55.8,51716600,46264301568.0,2.49,0.39
2018-01-23,3135.48,3272.12,3272.26,3134.1,3.61,114.04,68011991,54697111040.0,4.37,0.51
2018-01-24,3256.2,3263.26,3308.79,3227.62,-0.27,-8.86,60921682,55707050240.0,2.48,0.46
2018-01-25,3229.9,3210.48,3229.9,3168.76,-1.62,-52.78,40242117,35730567424.0,1.87,0.3
2018-01-26,3186.05,3223.05,3259.47,3186.05,0.39,12.57,58036608,48291234816.0,2.29,0.44
2018-01-29,3219.34,3195.62,3268.15,3178.06,-0.85,-27.43,46148636,42509769728.0,2.8,0.35
2018-01-30,3181.94,3155.95,3200.54,3144.78,-1.24,-39.67,31771553,27929264896.0,1.74,0.24
2018-01-31,3166.37,3250.16,3250.19,3166.37,2.99,94.21,32344958,29452209152.0,2.66,0.24
2018-02-01,3254.77,3222.95,3289.0,3197.33,-0.84,-27.21,44954698,39783627776.0,2.82,0.34
2018-02-02,3203.39,3227.56,3228.86,3169.38,0.14,4.61,26926102,23924128256.0,1.85,0.2
2018-02-05,3199.45,3362.93,3363.55,3196.52,4.19,135.37,49845696,44642783232.0,5.18,0.37
2018-02-06,3317.61,3304.81,3373.96,3295.82,-1.73,-58.12,63357105,56304810752.0,2.32,0.48
2018-02-07,3357.11,3259.15,3419.21,3246.32,-1.38,-45.66,65171400,60332064512.0,5.23,0.49
2018-02-08,3227.93,3153.93,3230.18,3110.73,-3.23,-105.22,49019133,42148876032.0,3.67,0.37
2018-02-09,3068.77,3004.92,3081.01,2934.58,-4.72,-149.01,55383286,45056650752.0,4.64,0.42
2018-02-12,3003.91,3003.14,3021.72,2968.34,-0.06,-1.78,29280252,24296243456.0,1.78,0.22
2018-02-13,3023.14,3025.64,3078.59,3022.28,0.75,22.5,30747899,25218653184.0,1.88,0.23
2018-02-14,3021.48,3016.19,3029.75,2992.64,-0.31,-9.45,15929550,13424290048.0,1.23,0.12
2018-02-22,3065.74,3084.57,3086.88,3059.93,2.27,68.38,23819563,20072232960.0,0.89,0.18
2018-02-23,3083.09,3105.94,3111.71,3070.62,0.69,21.37,19991774,16978171136.0,1.33,0.15
2018-02-26,3120.65,3133.83,3145.95,3090.42,0.9,27.89,26776896,22107926528.0,1.79,0.2
2018-02-27,3131.94,3076.33,3131.94,3067.6,-1.83,-57.5,27755583,22604878592.0,2.05,0.21
2018-02-28,3047.81,3038.5,3056.16,3022.02,-1.23,-37.83,20286681,16866032384.0,1.11,0.15
2018-03-01,3015.97,3048.81,3060.23,3011.28,0.34,10.31,17366085,14237901568.0,1.61,0.13
2018-03-02,3022.53,3035.45,3056.14,3006.29,-0.44,-13.36,16906765,13911342080.0,1.64,0.13
2018-03-05,3028.93,3017.26,3050.22,3005.11,-0.6,-18.19,16180748,12647443456.0,1.49,0.12
2018-03-06,3030.79,3043.24,3045.49,2994.36,0.86,25.98,30298155,21910648064.0,1.69,0.23
2018-03-07,3070.19,3042.09,3097.02,3040.65,-0.04,-1.15,28520829,23994606080.0,1.85,0.21
2018-03-08,3035.66,3038.26,3046.24,3017.84,-0.13,-3.83,16844921,12907573760.0,0.93,0.13
2018-03-09,3042.01,3045.27,3050.34,3028.54,0.23,7.01,15538385,12495545344.0,0.72,0.12
2018-03-12,3055.24,3044.25,3058.52,3031.7,-0.03,-1.02,25594097,20172201984.0,0.88,0.19
2018-03-13,3043.39,3040.09,3080.96,3036.97,-0.14,-4.16,27007339,19125018368.0,1.45,0.2
2018-03-14,3026.07,3003.84,3026.07,2998.27,-1.19,-36.25,15555059,11973395968.0,0.91,0.12
2018-03-15,2984.33,2974.37,2994.66,2967.19,-0.98,-29.47,14657021,11401181184.0,0.91,0.11
2018-03-16,2972.51,2951.17,2979.46,2950.44,-0.78,-23.2,15066972,11977778944.0,0.98,0.11
2018-03-19,2947.18,2960.08,2961.12,2935.46,0.3,8.91,11614916,9393060096.0,0.87,0.09
2018-03-20,2944.52,2971.39,2976.46,2942.0,0.38,11.31,13311412,10446116864.0,1.16,0.1
2018-03-21,2977.49,2971.24,3002.29,2962.62,-0.01,-0.15,16795363,13763112448.0,1.34,0.13
2018-03-22,2969.84,2948.52,2975.67,2932.77,-0.76,-22.72,16009630,12669432576.0,1.44,0.12
2018-03-23,2883.85,2842.58,2883.85,2799.37,-3.59,-105.94,33375792,25354827264.0,2.87,0.25
2018-03-26,2811.84,2800.87,2814.92,2772.23,-1.47,-41.71,25205835,18720407040.0,1.5,0.19
2018-03-27,2830.35,2807.36,2836.77,2792.36,0.23,6.49,22884614,16790380032.0,1.59,0.17
2018-03-28,2784.09,2819.84,2877.32,2780.32,0.44,12.48,22080402,16626819840.0,3.46,0.17
2018-03-29,2811.62,2860.06,2879.53,2789.88,1.43,40.22,24754947,18515492096.0,3.18,0.19
2018-03-30,2857.25,2839.55,2862.14,2837.0,-0.72,-20.51,16819231,12066852352.0,0.88,0.13
2018-04-02,2839.78,2816.73,2862.52,2815.1,-0.8,-22.82,18936253,13895753984.0,1.67,0.14
2018-04-03,2793.39,2786.88,2798.92,2773.9,-1.06,-29.85,15050798,10683501824.0,0.89,0.11
2018-04-04,2795.17,2790.38,2818.83,2788.55,0.13,3.5,14481793,11035771136.0,1.09,0.11
2018-04-09,2784.02,2791.84,2798.03,2770.39,0.05,1.46,11962222,8997248256.0,0.99,0.09
2018-04-10,2792.21,2868.45,2868.67,2788.85,2.74,76.61,21563003,16011097088.0,2.86,0.16
2018-04-11,2872.5,2896.92,2918.85,2860.58,0.99,28.47,26294129,19713805056.0,2.03,0.2
2018-04-12,2888.57,2860.96,2888.57,2852.43,-1.24,-35.96,15352525,11689884160.0,1.25,0.12
2018-04-13,2877.41,2837.97,2883.58,2837.61,-0.8,-22.99,13001378,9743237376.0,1.61,0.1
2018-04-16,2828.86,2764.52,2828.86,2759.91,-2.59,-73.45,25595152,18734176512.0,2.43,0.19
2018-04-17,2768.05,2751.94,2789.17,2749.1,-0.46,-12.58,15451104,11940573696.0,1.45,0.12
2018-04-18,2794.98,2785.37,2800.45,2759.07,1.21,33.43,18551844,14249000448.0,1.5,0.14
2018-04-19,2779.74,2788.4,2802.52,2776.28,0.11,3.03,13356063,9945599232.0,0.94,0.1
2018-04-20,2780.58,2748.54,2782.44,2732.46,-1.43,-39.86,15154274,11110079488.0,1.79,0.11
2018-04-23,2740.1,2756.4,2767.06,2739.6,0.29,7.86,12608607,9523344896.0,1.0,0.09
2018-04-24,2757.83,2809.33,2827.53,2757.83,1.92,52.93,23269239,17342288896.0,2.53,0.17
2018-04-25,2793.59,2781.56,2801.39,2775.03,-0.99,-27.77,11948005,9337136896.0,0.94,0.09
2018-04-26,2790.48,2758.5,2793.14,2745.99,-0.83,-23.06,12904861,9931378432.0,1.7,0.1
2018-04-27,2767.98,2779.27,2779.63,2748.6,0.75,20.77,14535964,12642427904.0,1.12,0.11
2018-05-02,2793.38,2769.58,2799.31,2758.4,-0.35,-9.69,15702982,12738574336.0,1.47,0.12
2018-05-03,2759.13,2769.08,2776.52,2739.19,-0.02,-0.5,12450641,9894058752.0,1.35,0.09
2018-05-04,2764.44,2745.84,2769.2,2744.9,-0.84,-23.24,9951160,8042788608.0,0.88,0.07
2018-05-07,2749.19,2769.32,2769.96,2740.44,0.86,23.48,13161638,10227782144.0,1.08,0.1
2018-05-08,2767.81,2796.79,2809.77,2764.78,0.99,27.47,18321345,14200039680.0,1.62,0.14
2018-05-09,2794.3,2793.06,2795.11,2781.47,-0.13,-3.73,9286877,7137134080.0,0.49,0.07
2018-05-10,2799.3,2796.42,2807.29,2779.0,0.12,3.36,9671730,7676840704.0,1.01,0.07
2018-05-11,2800.18,2804.11,2819.55,2788.75,0.27,7.69,14312753,11089084928.0,1.1,0.11
2018-05-14,2806.18,2828.18,2846.39,2805.79,0.86,24.07,16375362,13693880576.0,1.45,0.12
2018-05-15,2830.76,2823.7,2832.38,2805.93,-0.16,-4.48,12515646,9538958336.0,0.94,0.09
2018-05-16,2812.43,2787.47,2813.37,2785.69,-1.28,-36.23,11715984,8943722752.0,0.98,0.09
2018-05-17,2790.58,2784.58,2796.43,2779.67,-0.1,-2.89,8841823,6944113920.0,0.6,0.07
2018-05-18,2783.2,2815.42,2815.86,2777.25,1.11,30.84,11601073,8977855744.0,1.39,0.09
2018-05-21,2829.47,2824.97,2833.3,2816.06,0.34,9.55,13864908,10753635584.0,0.61,0.1
2018-05-22,2822.68,2814.7,2822.71,2793.17,-0.36,-10.27,13650523,10400406016.0,1.05,0.1
2018-05-23,2807.88,2776.6,2807.88,2776.6,-1.35,-38.1,13845441,10373442816.0,1.11,0.1
2018-05-24,2778.7,2761.93,2784.31,2760.05,-0.53,-14.67,12533162,9174194688.0,0.87,0.09
2018-05-25,2764.19,2758.61,2771.55,2745.98,-0.12,-3.32,11413187,8199601664.0,0.93,0.09
2018-05-28,2755.42,2742.19,2756.23,2737.22,-0.6,-16.42,9943822,8236086016.0,0.69,0.07
2018-05-29,2735.93,2733.82,2740.24,2702.03,-0.31,-8.37,16346820,12018258688.0,1.39,0.12
2018-05-30,2704.75,2678.04,2705.17,2674.91,-2.04,-55.78,12865955,9993354496.0,1.11,0.1
2018-05-31,2689.73,2709.12,2715.83,2683.9,1.16,31.08,14868048,11505896448.0,1.19,0.11
2018-06-01,2700.83,2701.88,2718.33,2692.71,-0.27,-7.24,11525876,8506548224.0,0.95,0.09
2018-06-04,2711.13,2715.21,2729.45,2705.38,0.49,13.33,12995494,9628004864.0,0.89,0.1
2018-06-05,2713.43,2712.22,2713.43,2689.65,-0.11,-2.99,11229654,8660763136.0,0.88,0.08
2018-06-06,2705.84,2697.87,2705.84,2688.21,-0.53,-14.35,10150386,7744270336.0,0.65,0.08
2018-06-07,2703.49,2706.23,2721.49,2694.94,0.31,8.36,13532905,10745808384.0,0.98,0.1
2018-06-08,2696.49,2650.66,2696.49,2643.87,-2.05,-55.57,15791434,12107782912.0,1.94,0.12
2018-06-11,2639.09,2650.37,2653.4,2627.21,-0.01,-0.29,10849660,8247037184.0,0.99,0.08
2018-06-12,2647.59,2652.71,2656.26,2631.1,0.09,2.34,9384724,7403699456.0,0.95,0.07
2018-06-13,2648.69,2624.16,2648.69,2619.9,-1.08,-28.55,9714064,7232028672.0,1.09,0.07
2018-06-14,2615.25,2626.2,2641.71,2614.49,0.08,2.04,11191305,8138059520.0,1.04,0.08
2018-06-15,2625.59,2640.59,2654.72,2624.12,0.55,14.39,15350044,11374426368.0,1.17,0.12
2018-06-19,2613.97,2562.9,2619.59,2540.24,-2.94,-77.69,33094721,24321071104.0,3.01,0.25
2018-06-20,2552.26,2557.4,2565.43,2540.9,-0.21,-5.5,11549302,8455405312.0,0.96,0.09
2018-06-21,2557.6,2547.28,2586.09,2543.56,-0.4,-10.12,11413057,8342342912.0,1.66,0.09
2018-06-22,2535.67,2558.22,2558.22,2529.27,0.43,10.94,9671700,6917993472.0,1.14,0.07
2018-06-25,2572.65,2516.7,2576.78,2516.01,-1.62,-41.52,12183317,9183490304.0,2.38,0.09
2018-06-26,2499.49,2489.35,2499.49,2454.95,-1.09,-27.35,15283582,10901696256.0,1.77,0.11
2018-06-27,2480.97,2470.4,2511.06,2457.35,-0.76,-18.95,15204070,10138591488.0,2.16,0.11
2018-06-28,2452.78,2452.51,2482.16,2443.85,-0.72,-17.89,12519155,8646538496.0,1.55,0.09
2018-06-29,2457.46,2491.37,2494.32,2454.95,1.58,38.86,10681611,7244128768.0,1.61,0.08
2018-07-02,2486.29,2417.68,2486.29,2407.88,-2.96,-73.69,14696618,9824649728.0,3.15,0.11
2018-07-03,2419.27,2436.04,2436.73,2396.2,0.76,18.36,15926173,10568915456.0,1.68,0.12
2018-07-04,2428.34,2426.59,2448.59,2424.22,-0.39,-9.45,11011430,7100670720.0,1.0,0.08
2018-07-05,2420.09,2420.5,2442.93,2404.3,-0.25,-6.09,14561172,9414479104.0,1.59,0.11
2018-07-06,2421.25,2428.1,2446.7,2387.83,0.31,7.6,13639433,8783220992.0,2.43,0.1
2018-07-09,2432.25,2500.98,2501.42,2432.25,3.0,72.88,16128839,10682859008.0,2.85,0.12
2018-07-10,2502.61,2495.97,2502.61,2477.9,-0.2,-5.01,10923058,7243649280.0,0.99,0.08
2018-07-11,2458.55,2454.42,2464.9,2435.51,-1.66,-41.55,11571126,7545465088.0,1.18,0.09
2018-07-12,2453.58,2503.8,2513.37,2452.02,2.01,49.38,15366561,10420885504.0,2.5,0.12
2018-07-13,2513.47,2494.84,2513.47,2489.98,-0.36,-8.96,9835155,6367284224.0,0.94,0.07
2018-07-16,2491.18,2460.09,2496.69,2456.56,-1.39,-34.75,11370963,7376753664.0,1.61,0.09
2018-07-17,2463.39,2458.28,2463.39,2444.83,-0.07,-1.81,8158893,5268849152.0,0.75,0.06
2018-07-18,2463.9,2449.18,2483.55,2448.19,-0.37,-9.1,8869797,5735726848.0,1.44,0.07
2018-07-19,2454.59,2438.99,2463.66,2433.76,-0.42,-10.19,9018552,5855290112.0,1.22,0.07
2018-07-20,2437.21,2567.96,2581.98,2422.04,5.29,128.97,26033842,17984094464.0,6.56,0.2
2018-07-23,2558.79,2615.25,2634.92,2547.45,1.84,47.29,27502145,19755418368.0,3.41,0.21
2018-07-24,2606.71,2623.06,2646.11,2606.37,0.3,7.81,23583950,17458682880.0,1.52,0.18
2018-07-25,2626.15,2622.08,2627.86,2608.13,-0.04,-0.98,12725743,9227994624.0,0.75,0.1
2018-07-26,2628.83,2603.89,2639.31,2598.38,-0.69,-18.19,13373972,9646606592.0,1.56,0.1
2018-07-27,2601.3,2593.48,2611.65,2581.05,-0.4,-10.41,9155812,6576141824.0,1.18,0.07
2018-07-30,2591.57,2612.55,2633.44,2590.43,0.74,19.07,12827862,9050461440.0,1.66,0.1
2018-07-31,2609.47,2632.84,2656.63,2589.05,0.78,20.29,14516506,10306010112.0,2.59,0.11
2018-08-01,2631.58,2571.44,2648.21,2571.22,-2.33,-61.4,15201339,11050285568.0,2.92,0.11
2018-08-02,2562.3,2525.42,2570.75,2500.94,-1.79,-46.02,15161412,10565954560.0,2.71,0.11
2018-08-03,2522.23,2520.62,2550.49,2518.59,-0.19,-4.8,11119465,7230430720.0,1.26,0.08
2018-08-06,2523.41,2533.22,2569.41,2521.31,0.5,12.6,13653338,8977633536.0,1.91,0.1
2018-08-07,2536.93,2584.96,2584.96,2526.4,2.04,51.74,13860743,10054021376.0,2.31,0.1
2018-08-08,2581.09,2553.5,2581.09,2550.71,-1.22,-31.46,9590117,6867944704.0,1.18,0.07
2018-08-09,2542.36,2589.24,2596.18,2542.36,1.4,35.74,11722754,8513296384.0,2.11,0.09
2018-08-10,2585.91,2576.53,2591.13,2561.99,-0.49,-12.71,8461818,5964662528.0,1.13,0.06
2018-08-13,2554.87,2541.3,2554.87,2513.7,-1.37,-35.23,13310367,9257817344.0,1.6,0.1
2018-08-14,2534.55,2537.47,2543.94,2521.22,-0.15,-3.83,8272007,5536621312.0,0.89,0.06
2018-08-15,2534.19,2489.73,2535.58,2487.87,-1.88,-47.74,9884737,6700256512.0,1.88,0.07
2018-08-16,2471.13,2494.88,2513.77,2459.38,0.21,5.15,11127885,7327224832.0,2.18,0.08
2018-08-17,2507.76,2470.18,2512.54,2467.13,-0.99,-24.7,8647607,5815871488.0,1.82,0.07
2018-08-20,2481.06,2503.49,2507.05,2474.7,1.35,33.31,10361035,7365502976.0,1.31,0.08
2018-08-21,2505.54,2523.21,2535.51,2499.08,0.79,19.72,10661946,7714972416.0,1.46,0.08
2018-08-22,2520.71,2510.75,2520.71,2503.52,-0.49,-12.46,6548764,4765696768.0,0.68,0.05
2018-08-23,2510.9,2519.84,2529.82,2501.2,0.36,9.09,7705341,5631051520.0,1.14,0.06
2018-08-24,2514.34,2582.49,2625.7,2512.14,2.49,62.65,19065344,14351995136.0,4.51,0.14
2018-08-27,2580.13,2607.85,2607.85,2570.65,0.98,25.36,17184671,12809410304.0,1.44,0.13
2018-08-28,2603.12,2597.77,2614.16,2592.23,-0.39,-10.08,10327153,7927891712.0,0.84,0.08
2018-08-29,2594.81,2595.63,2606.31,2587.61,-0.08,-2.14,8709071,6531634432.0,0.72,0.07
2018-08-30,2597.24,2572.36,2613.11,2570.92,-0.9,-23.27,9546028,7018827008.0,1.63,0.07
2018-08-31,2569.74,2587.98,2608.69,2568.72,0.61,15.62,15093834,10748389376.0,1.55,0.11
2018-09-03,2581.24,2582.38,2593.54,2565.12,-0.22,-5.6,9507736,6723181824.0,1.1,0.07
2018-09-04,2581.41,2609.24,2620.56,2568.74,1.04,26.86,11732606,8489321728.0,2.01,0.09
2018-09-05,2595.72,2555.25,2602.36,2555.25,-2.07,-53.99,11692211,8454977536.0,1.81,0.09
2018-09-06,2551.21,2545.95,2566.91,2542.01,-0.36,-9.3,8047426,5643963136.0,0.97,0.06
2018-09-07,2548.71,2555.51,2577.02,2540.63,0.38,9.56,8408239,6325415680.0,1.43,0.06
2018-09-10,2549.35,2542.23,2556.64,2534.8,-0.52,-13.28,8060009,5522861312.0,0.85,0.06
2018-09-11,2541.77,2536.81,2558.44,2527.38,-0.21,-5.42,8480194,6118020864.0,1.22,0.06
2018-09-12,2530.98,2541.76,2554.07,2525.69,0.2,4.95,8015399,5546577152.0,1.12,0.06
2018-09-13,2564.38,2567.46,2571.53,2540.94,1.01,25.7,10658009,7426322944.0,1.2,0.08
2018-09-14,2568.98,2554.36,2568.98,2550.75,-0.51,-13.1,7183772,4905533952.0,0.71,0.05
2018-09-17,2547.22,2527.29,2547.22,2526.51,-1.06,-27.07,6369608,4307247104.0,0.81,0.05
2018-09-18,2526.44,2567.0,2567.7,2526.44,1.57,39.71,10286687,7431078400.0,1.63,0.08
2018-09-19,2580.61,2622.35,2635.08,2580.61,2.16,55.35,13290445,9512309760.0,2.12,0.1
2018-09-20,2636.86,2640.02,2654.7,2633.66,0.67,17.67,11753535,7860432640.0,0.8,0.09
2018-09-21,2654.46,2740.82,2743.07,2644.49,3.82,100.8,27132048,18793717760.0,3.73,0.2
2018-09-25,2712.39,2699.94,2712.39,2693.62,-1.49,-40.88,16914824,12338382080.0,0.68,0.13
2018-09-26,2720.41,2758.52,2788.89,2720.41,2.17,58.58,22390949,16529986304.0,2.54,0.17
2018-09-27,2763.59,2746.19,2763.59,2736.65,-0.45,-12.33,16357452,12624048128.0,0.98,0.12
2018-09-28,2748.07,2778.59,2803.32,2748.07,1.18,32.4,21420286,16503804672.0,2.01,0.16
2018-10-08,2724.45,2678.06,2729.88,2669.9,-3.62,-100.53,20323372,15176923136.0,2.16,0.15
2018-10-09,2677.49,2669.88,2687.76,2656.53,-0.31,-8.18,12847879,9806015488.0,1.17,0.1
2018-10-10,2672.05,2677.9,2693.69,2658.59,0.3,8.02,11226661,8433866496.0,1.31,0.08
2018-10-11,2608.52,2542.52,2621.4,2521.14,-5.06,-135.38,21459521,15176998400.0,3.74,0.16
2018-10-12,2536.79,2589.81,2600.04,2533.84,1.86,47.29,17449726,12857692416.0,2.6,0.13
2018-10-15,2589.07,2549.43,2589.07,2542.46,-1.56,-40.38,12226901,8846673152.0,1.8,0.09
2018-10-16,2549.01,2550.77,2587.64,2543.57,0.05,1.34,12182115,9532987136.0,1.73,0.09
2018-10-17,2576.53,2567.85,2581.91,2532.0,0.67,17.08,15047893,11175182080.0,1.96,0.11
2018-10-18,2559.44,2510.28,2559.44,2510.28,-2.24,-57.57,12719462,9299799040.0,1.91,0.1
2018-10-19,2497.0,2578.09,2580.28,2487.99,2.7,67.81,20714515,15101310208.0,3.68,0.16
2018-10-22,2585.81,2681.78,2707.8,2585.81,4.02,103.69,28211210,20942547456.0,4.73,0.21
2018-10-23,2677.45,2620.85,2684.49,2616.15,-2.27,-60.93,18200397,13559555072.0,2.55,0.14
2018-10-24,2617.97,2704.85,2780.16,2617.97,3.21,84.0,27148351,19898675456.0,6.19,0.2
2018-10-25,2640.77,2755.08,2756.67,2637.54,1.86,50.23,21391620,15833567744.0,4.4,0.16
2018-10-26,2749.74,2729.28,2752.14,2704.03,-0.94,-25.8,17813868,13010515712.0,1.75,0.13
2018-10-29,2736.23,2680.17,2752.76,2662.07,-1.8,-49.11,18724080,14736972032.0,3.32,0.14
2018-10-30,2687.62,2739.94,2765.45,2686.24,2.23,59.77,21184395,16357992192.0,2.96,0.16
2018-10-31,2739.77,2740.23,2758.6,2712.72,0.01,0.29,18832422,14265293824.0,1.67,0.14
2018-11-01,2745.2,2719.15,2774.79,2716.64,-0.77,-21.08,19441082,14953519616.0,2.12,0.15
2018-11-02,2755.16,2785.82,2802.58,2732.06,2.45,66.67,30351131,23668864256.0,2.59,0.23
2018-11-05,2766.5,2755.89,2774.47,2734.82,-1.07,-29.93,17800951,12832108032.0,1.42,0.13
2018-11-06,2747.06,2730.35,2747.68,2712.06,-0.93,-25.54,13022205,9459133696.0,1.29,0.1
2018-11-07,2732.77,2711.56,2750.26,2710.06,-0.69,-18.79,12686571,9791129856.0,1.47,0.1
2018-11-08,2733.73,2718.98,2743.01,2711.6,0.27,7.42,11111444,8769406464.0,1.16,0.08
2018-11-09,2698.12,2650.16,2698.12,2646.52,-2.53,-68.82,24659038,18591936512.0,1.9,0.19
2018-11-12,2646.04,2669.06,2670.96,2646.04,0.71,18.9,14477766,10785526784.0,0.94,0.11
2018-11-13,2641.65,2690.94,2703.03,2640.69,0.82,21.88,15828948,11289474816.0,2.34,0.12
2018-11-14,2684.89,2657.32,2687.06,2654.19,-1.25,-33.62,15016676,10460029952.0,1.22,0.11
2018-11-15,2655.32,2690.5,2690.77,2655.32,1.25,33.18,12866143,8939202560.0,1.33,0.1
2018-11-16,2691.55,2705.97,2730.37,2672.63,0.57,15.47,17397276,12403994880.0,2.15,0.13
2018-11-19,2709.82,2758.04,2759.4,2708.34,1.92,52.07,18979251,14002365952.0,1.89,0.14
2018-11-20,2736.73,2693.19,2741.65,2689.57,-2.35,-64.85,14879226,10546022912.0,1.89,0.11
2018-11-21,2672.47,2700.0,2704.35,2671.5,0.25,6.81,9641665,7081863424.0,1.22,0.07
2018-11-22,2701.44,2681.53,2701.69,2675.98,-0.68,-18.47,7523553,5570303232.0,0.95,0.06
2018-11-23,2678.47,2633.21,2689.84,2633.21,-1.8,-48.32,10935717,7867359232.0,2.11,0.08
2018-11-26,2640.49,2645.29,2666.91,2637.8,0.46,12.08,9015023,6213130752.0,1.11,0.07
2018-11-27,2653.03,2631.85,2657.92,2625.24,-0.51,-13.44,7895144,6030224896.0,1.24,0.06
2018-11-28,2631.77,2655.9,2659.68,2629.2,0.91,24.05,8221947,5896310528.0,1.16,0.06
2018-11-29,2666.1,2621.91,2669.48,2621.91,-1.28,-33.99,8756435,6557788928.0,1.79,0.07
2018-11-30,2619.63,2636.14,2638.27,2612.94,0.54,14.23,8886496,6514617088.0,0.97,0.07
2018-12-03,2683.77,2684.95,2696.45,2666.29,1.85,48.81,17592083,13156623616.0,1.14,0.13
2018-12-04,2680.86,2691.84,2691.84,2676.5,0.26,6.89,9546737,7121435392.0,0.57,0.07
2018-12-05,2664.32,2664.65,2674.63,2660.13,-1.01,-27.19,8942814,6447455488.0,0.54,0.07
2018-12-06,2645.7,2634.01,2648.83,2629.87,-1.15,-30.64,10843123,7633249024.0,0.71,0.08
2018-12-07,2638.72,2631.76,2642.4,2628.12,-0.09,-2.25,5842722,4398677760.0,0.54,0.04
2018-12-10,2616.09,2600.53,2621.79,2596.85,-1.19,-31.23,7909370,5707389952.0,0.95,0.06
2018-12-11,2603.75,2614.18,2624.08,2600.48,0.52,13.65,6315973,4530848512.0,0.91,0.05
2018-12-12,2624.32,2620.81,2629.05,2614.2,0.25,6.63,6680980,4770161664.0,0.57,0.05
2018-12-13,2624.55,2646.81,2660.41,2614.37,0.99,26.0,11533206,8764922624.0,1.76,0.09
2018-12-14,2636.48,2608.7,2640.22,2608.7,-1.44,-38.11,10851498,7672541440.0,1.19,0.08
2018-12-17,2604.29,2618.03,2620.68,2598.07,0.36,9.33,9461611,6610428928.0,0.87,0.07
2018-12-18,2603.1,2595.57,2619.75,2587.03,-0.86,-22.46,9087560,6577112064.0,1.25,0.07
2018-12-19,2600.36,2576.11,2603.78,2574.67,-0.75,-19.46,8767796,7241935872.0,1.12,0.07
2018-12-20,2572.94,2541.0,2579.36,2519.95,-1.36,-35.11,15383619,11438854400.0,2.31,0.12
2018-12-21,2530.99,2516.02,2531.72,2498.47,-0.98,-24.98,14134128,10038960128.0,1.31,0.11
2018-12-24,2503.18,2517.27,2519.78,2497.91,0.05,1.25,9933620,7130675200.0,0.87,0.07
2018-12-25,2494.65,2499.83,2509.1,2462.97,-0.69,-17.44,14382032,9651697408.0,1.83,0.11
2018-12-26,2496.19,2488.47,2506.95,2483.63,-0.45,-11.36,9399531,6333579008.0,0.93,0.07
2018-12-27,2515.55,2483.86,2518.56,2483.86,-0.19,-4.61,12873530,8682750976.0,1.39,0.1
2018-12-28,2489.23,2505.61,2524.27,2489.23,0.88,21.75,11727730,8206535168.0,1.41,0.09
2019-01-02,2505.92,2471.93,2508.28,2464.58,-1.34,-33.68,10561159,7131345408.0,1.74,0.08
2019-01-03,2488.19,2531.31,2545.15,2488.19,2.4,59.38,9282215,6072309504.0,2.3,0.07
2019-01-04,2524.2,2606.8,2614.82,2522.22,2.98,75.49,15489186,10967623680.0,3.66,0.12
2019-01-07,2628.67,2612.87,2628.67,2599.94,0.23,6.07,12514642,8510243328.0,1.1,0.09
2019-01-08,2617.91,2606.63,2618.05,2600.98,-0.24,-6.24,9506524,5910798080.0,0.65,0.07
2019-01-09,2623.22,2630.78,2658.82,2623.05,0.93,24.15,16249268,11189567744.0,1.37,0.12
2019-01-10,2630.75,2623.03,2636.66,2609.95,-0.29,-7.75,14082897,9434974976.0,1.02,0.11
2019-01-11,2622.69,2638.95,2644.18,2621.03,0.61,15.92,11714886,8271516672.0,0.88,0.09
2019-01-14,2637.08,2610.66,2642.87,2608.76,-1.07,-28.29,10847282,7078599936.0,1.29,0.08
2019-01-15,2608.66,2634.76,2639.05,2604.53,0.92,24.1,11611648,7716736512.0,1.32,0.09
2019-01-16,2647.31,2673.27,2674.91,2647.31,1.46,38.51,9757890,6517846016.0,1.05,0.07
2019-01-17,2689.58,2669.33,2695.01,2667.34,-0.15,-3.94,12984301,8339958528.0,1.04,0.1
2019-01-18,2685.97,2716.82,2720.94,2680.25,1.78,47.49,20578327,13689637632.0,1.52,0.15
2019-01-21,2711.22,2701.99,2721.8,2698.19,-0.55,-14.83,16492472,10831488256.0,0.87,0.12
2019-01-22,2698.99,2675.02,2699.9,2670.56,-1.0,-26.97,10682937,7129477888.0,1.09,0.08
2019-01-23,2672.83,2673.99,2690.31,2670.22,-0.04,-1.03,9620734,6332312320.0,0.75,0.07
2019-01-24,2678.39,2693.5,2697.42,2668.89,0.73,19.51,11179744,8177890304.0,1.07,0.08
2019-01-25,2699.23,2717.93,2737.01,2699.23,0.91,24.43,18477849,13415746304.0,1.4,0.14
2019-01-28,2731.16,2698.67,2742.22,2694.19,-0.71,-19.26,14954152,10860870400.0,1.77,0.11
2019-01-29,2693.91,2708.54,2717.04,2667.74,0.37,9.87,13220128,9160730880.0,1.83,0.1
2019-01-30,2701.2,2698.4,2723.99,2694.96,-0.37,-10.14,10863552,7581088000.0,1.07,0.08
2019-01-31,2699.95,2721.93,2742.68,2699.95,0.87,23.53,18288964,12929740032.0,1.58,0.14
2019-02-01,2732.86,2733.31,2736.02,2707.22,0.42,11.38,13082521,9374989056.0,1.06,0.1
2019-02-11,2724.04,2751.81,2751.81,2717.69,0.68,18.5,13848036,9721138688.0,1.25,0.1
2019-02-12,2757.2,2761.03,2770.1,2740.62,0.34,9.22,14199471,10009561088.0,1.07,0.11
2019-02-13,2761.97,2800.81,2807.98,2746.36,1.44,39.78,20459361,14677455360.0,2.23,0.15
2019-02-14,2790.9,2786.03,2802.95,2778.87,-0.53,-14.78,14219945,10236964096.0,0.86,0.11
2019-02-15,2780.16,2743.15,2780.7,2742.28,-1.54,-42.88,15801336,11331737344.0,1.38,0.12
2019-02-18,2755.91,2801.47,2805.03,2755.91,2.13,58.32,19728267,13584354560.0,1.79,0.15
2019-02-19,2798.98,2807.29,2852.41,2788.63,0.21,5.82,22158994,15582093568.0,2.28,0.17
2019-02-20,2807.39,2796.2,2813.66,2782.32,-0.4,-11.09,14297682,10000317184.0,1.12,0.11
2019-02-21,2795.06,2777.74,2816.51,2771.49,-0.66,-18.46,15715367,11235770112.0,1.61,0.12
2019-02-22,2773.0,2852.76,2853.68,2753.95,2.7,75.02,24711652,16888072192.0,3.59,0.19
2019-02-25,2892.92,3083.55,3091.79,2884.75,8.09,230.79,63212165,45729754368.0,7.26,0.48
2019-02-26,3104.76,3020.62,3113.3,3017.49,-2.04,-62.93,48817313,36223780096.0,3.11,0.37
2019-02-27,3016.29,3131.96,3201.23,3014.17,3.69,111.34,52400916,39827916800.0,6.19,0.39
2019-02-28,3119.16,3110.93,3155.91,3100.43,-0.67,-21.03,30323370,23800616448.0,1.77,0.23
2019-03-01,3147.83,3227.19,3227.19,3105.61,3.74,116.26,39295015,31716207616.0,3.91,0.3
2019-03-04,3256.4,3288.77,3391.88,3237.53,1.91,61.58,62629791,49682625280.0,4.78,0.47
2019-03-05,3263.34,3292.81,3305.15,3255.81,0.12,4.04,33208721,26636654080.0,1.5,0.25
2019-03-06,3297.81,3351.19,3357.03,3289.04,1.77,58.38,37232303,29368063744.0,2.06,0.28
2019-03-07,3361.1,3404.46,3437.03,3344.66,1.59,53.27,43865536,35546866432.0,2.76,0.33
2019-03-08,3322.1,3216.42,3333.81,3216.07,-5.52,-188.04,43368504,34442581760.0,3.46,0.33
2019-03-11,3201.22,3250.59,3253.6,3169.76,1.06,34.17,31054742,24906485504.0,2.61,0.23
2019-03-12,3266.12,3267.32,3315.15,3239.69,0.51,16.73,33581831,27511351808.0,2.32,0.25
2019-03-13,3263.01,3221.72,3269.46,3196.67,-1.4,-45.6,28730454,23166158080.0,2.23,0.22
2019-03-14,3207.43,3179.66,3247.31,3161.82,-1.31,-42.06,23431896,19134026240.0,2.65,0.18
2019-03-15,3191.25,3189.14,3223.38,3172.63,0.3,9.48,22385869,17935598336.0,1.6,0.17
2019-03-18,3193.99,3269.31,3269.31,3168.04,2.51,80.17,29849760,23203100928.0,3.18,0.22
2019-03-19,3277.98,3258.58,3290.82,3246.52,-0.33,-10.73,23334508,19643293696.0,1.36,0.18
2019-03-20,3244.63,3289.53,3292.49,3241.13,0.95,30.95,23433805,19616475648.0,1.58,0.18
2019-03-21,3295.96,3270.47,3316.45,3270.03,-0.58,-19.06,24046685,19635894784.0,1.41,0.18
2019-03-22,3273.98,3238.42,3274.99,3217.35,-0.98,-32.05,21156071,17494652928.0,1.76,0.16
2019-03-25,3184.77,3148.05,3194.56,3147.66,-2.79,-90.37,26035694,20360205056.0,1.45,0.2
2019-03-26,3181.98,3155.54,3199.85,3146.15,0.24,7.49,18448554,14416567040.0,1.71,0.14
2019-03-27,3178.95,3189.64,3209.69,3171.15,1.08,34.1,17981559,14594370304.0,1.22,0.14
2019-03-28,3183.63,3160.95,3183.63,3152.99,-0.9,-28.69,15780822,12127410432.0,0.96,0.12
2019-03-29,3177.31,3285.1,3288.52,3176.9,3.93,124.15,32207093,26949356800.0,3.53,0.24
2019-04-01,3308.6,3369.11,3377.35,3307.99,2.56,84.01,40907197,33570461952.0,2.11,0.31
2019-04-02,3386.73,3371.59,3402.45,3363.44,0.07,2.48,31644087,25082342144.0,1.16,0.24
2019-04-03,3343.77,3399.34,3399.76,3331.68,0.82,27.75,34054108,26506898432.0,2.02,0.26
2019-04-04,3408.52,3458.93,3478.66,3407.34,1.75,59.59,46221686,37113768704.0,2.1,0.35
2019-04-08,3468.67,3459.66,3546.48,3432.39,0.02,0.73,46830625,38401242112.0,3.3,0.35
2019-04-09,3445.16,3425.55,3457.08,3405.54,-0.99,-34.11,24552803,20277297664.0,1.49,0.18
2019-04-10,3408.47,3418.89,3439.46,3390.29,-0.19,-6.66,24856501,20866422528.0,1.44,0.19
2019-04-11,3420.1,3382.94,3447.47,3375.7,-1.05,-35.95,22541013,18490520064.0,2.1,0.17
2019-04-12,3376.87,3376.2,3391.04,3358.62,-0.2,-6.74,15815839,12649571840.0,0.96,0.12
2019-04-15,3435.62,3386.47,3478.68,3386.47,0.3,10.27,37049261,30975335168.0,2.73,0.28
2019-04-16,3364.59,3508.28,3510.35,3354.36,3.6,121.81,53484687,44495718400.0,4.61,0.4
2019-04-17,3492.05,3481.43,3524.52,3471.77,-0.77,-26.85,33484203,27016248320.0,1.5,0.25
2019-04-18,3492.16,3456.73,3496.35,3449.57,-0.71,-24.7,19980493,16166660864.0,1.34,0.15
2019-04-19,3454.6,3470.06,3493.2,3432.78,0.39,13.33,20164124,17558466048.0,1.75,0.15
2019-04-22,3473.81,3383.74,3477.21,3376.36,-2.49,-86.32,27156877,23645668864.0,2.91,0.2
2019-04-23,3377.44,3376.06,3408.85,3369.19,-0.23,-7.68,19486737,16030727680.0,1.17,0.15
2019-04-24,3391.98,3378.95,3398.0,3340.58,0.09,2.89,20225148,17305513472.0,1.7,0.15
2019-04-25,3368.49,3327.43,3397.12,3326.36,-1.52,-51.52,21275286,17145529856.0,2.09,0.16
2019-04-26,3307.61,3274.76,3319.41,3274.76,-1.58,-52.67,20853460,16751240960.0,1.34,0.16
2019-04-29,3287.7,3274.62,3318.67,3261.13,0.0,-0.14,23025116,18589149952.0,1.76,0.17
2019-04-30,3273.98,3290.97,3299.65,3260.34,0.5,16.35,22133790,20705303552.0,1.2,0.17
2019-05-06,3212.86,3222.12,3270.3,3154.98,-2.09,-68.85,40230076,32585178880.0,3.5,0.3
2019-05-07,3229.76,3242.04,3256.62,3191.55,0.62,19.92,23326216,19403158016.0,2.02,0.18
2019-05-08,3190.12,3178.53,3224.35,3176.09,-1.96,-63.51,20189372,16436968704.0,1.49,0.15
2019-05-09,3155.09,3119.96,3168.76,3114.2,-1.84,-58.57,19567403,16520815360.0,1.72,0.15
2019-05-10,3145.01,3190.87,3200.88,3108.98,2.27,70.91,22387798,17974297600.0,2.95,0.17
2019-05-13,3150.88,3137.57,3159.66,3134.03,-1.67,-53.3,16136735,11907599360.0,0.8,0.12
2019-05-14,3109.35,3137.98,3161.26,3106.34,0.01,0.41,17245342,14047641344.0,1.75,0.13
2019-05-15,3152.72,3174.74,3185.97,3148.74,1.17,36.76,18220265,13980200192.0,1.19,0.14
2019-05-16,3169.25,3178.31,3178.9,3162.66,0.11,3.57,16276339,11798359040.0,0.51,0.12
2019-05-17,3180.06,3097.02,3181.5,3091.44,-2.56,-81.29,17219050,12860681984.0,2.83,0.13
2019-05-20,3064.83,3065.33,3079.89,3045.19,-1.02,-31.69,20328580,13646775552.0,1.12,0.15
2019-05-21,3061.67,3094.0,3113.83,3061.6,0.94,28.67,15090818,11900676608.0,1.7,0.11
2019-05-22,3100.26,3075.75,3100.61,3068.77,-0.59,-18.25,12533909,9827611136.0,1.03,0.09
2019-05-23,3064.47,3047.16,3076.1,3041.4,-0.93,-28.59,16073823,11178486784.0,1.13,0.12
2019-05-24,3049.24,3083.03,3103.67,3049.18,1.18,35.87,14621117,10721200640.0,1.79,0.11
2019-05-27,3060.97,3104.98,3107.87,3040.79,0.71,21.95,18495335,14741433088.0,2.18,0.14
2019-05-28,3095.53,3102.55,3116.76,3078.16,-0.08,-2.43,19982873,16086269952.0,1.24,0.15
2019-05-29,3084.98,3096.48,3119.3,3081.11,-0.2,-6.07,14530988,11774994176.0,1.23,0.11
2019-05-30,3086.05,3084.39,3089.67,3065.96,-0.39,-12.09,13501272,10324676864.0,0.77,0.1
2019-05-31,3087.12,3086.33,3109.46,3078.45,0.06,1.94,14587481,11005032192.0,1.01,0.11
2019-06-03,3084.69,3080.72,3110.88,3063.78,-0.18,-5.61,17062372,13188051712.0,1.53,0.13
2019-06-04,3074.45,3066.23,3079.99,3056.72,-0.47,-14.49,13404515,10312466944.0,0.76,0.1
2019-06-05,3086.18,3076.19,3100.94,3075.1,0.32,9.96,13904513,10288626688.0,0.84,0.1
2019-06-06,3074.57,3052.32,3074.57,3048.39,-0.78,-23.87,11842539,9077243648.0,0.85,0.09
2019-06-10,3062.05,3084.93,3100.17,3061.43,1.07,32.61,14823824,12064486400.0,1.27,0.11
2019-06-11,3088.4,3155.22,3159.87,3085.39,2.28,70.29,20491539,16263489280.0,2.41,0.15
2019-06-12,3146.44,3138.22,3152.56,3126.55,-0.54,-17.0,14223554,10796875776.0,0.82,0.11
2019-06-13,3132.49,3136.51,3150.62,3120.09,-0.05,-1.71,12267608,9285188608.0,0.97,0.09
2019-06-14,3140.88,3107.9,3146.86,3107.17,-0.91,-28.61,14113467,11097157120.0,1.27,0.11
2019-06-17,3119.26,3127.89,3148.66,3119.26,0.64,19.99,12017526,9363447808.0,0.95,0.09
2019-06-18,3127.67,3132.42,3138.96,3113.35,0.14,4.53,13419249,9733046528.0,0.82,0.1
2019-06-19,3191.52,3161.46,3201.99,3159.34,0.93,29.04,23163162,17665169152.0,1.36,0.17
2019-06-20,3159.65,3251.72,3272.25,3157.36,2.86,90.26,33379179,25983597568.0,3.63,0.25
2019-06-21,3248.73,3239.32,3265.86,3227.96,-0.38,-12.4,24622395,19613229568.0,1.17,0.19
2019-06-24,3235.87,3232.65,3247.07,3220.88,-0.21,-6.67,13531744,10856198912.0,0.81,0.1
2019-06-25,3229.44,3189.83,3229.73,3154.88,-1.32,-42.82,23272962,24149567488.0,2.32,0.17
2019-06-26,3176.45,3182.81,3195.61,3171.58,-0.22,-7.02,12920141,11800340224.0,0.75,0.1
2019-06-27,3188.38,3198.48,3220.82,3188.38,0.49,15.67,16600208,14403741184.0,1.02,0.12
2019-06-28,3196.6,3177.43,3196.67,3163.79,-0.66,-21.05,12466487,9974754560.0,1.03,0.09
2019-07-01,3220.09,3225.04,3228.57,3208.19,1.5,47.61,20132571,17019175168.0,0.64,0.15
2019-07-02,3222.5,3231.27,3234.53,3209.93,0.19,6.23,17632480,14730785792.0,0.76,0.13
2019-07-03,3224.58,3218.48,3224.58,3208.53,-0.4,-12.79,15253284,11854821632.0,0.5,0.11
2019-07-04,3219.51,3215.61,3229.92,3205.27,-0.09,-2.87,14077026,11261653760.0,0.77,0.11
2019-07-05,3217.34,3214.17,3217.49,3200.0,-0.04,-1.44,11702675,9313521152.0,0.54,0.09
2019-07-08,3206.98,3142.43,3207.2,3135.11,-2.23,-71.74,17022624,12952490752.0,2.24,0.13
2019-07-09,3143.88,3135.97,3150.47,3125.92,-0.21,-6.46,10156513,7637057024.0,0.78,0.08
2019-07-10,3141.67,3116.32,3143.85,3108.23,-0.63,-19.65,9849066,8557683200.0,1.14,0.07
2019-07-11,3128.0,3114.65,3141.61,3108.53,-0.05,-1.67,9857096,9152508160.0,1.06,0.07
2019-07-12,3118.9,3156.68,3166.81,3113.24,1.35,42.03,12796784,11669477888.0,1.72,0.1
2019-07-15,3143.26,3160.6,3175.1,3111.7,0.12,3.92,13636857,10813524224.0,2.01,0.1
2019-07-16,3158.81,3157.98,3168.3,3153.97,-0.08,-2.62,8404478,7146831360.0,0.45,0.06
2019-07-17,3151.39,3148.37,3164.11,3144.39,-0.3,-9.61,8344296,6610309888.0,0.62,0.06
2019-07-18,3142.95,3129.68,3143.34,3129.4,-0.59,-18.69,9615089,7584368640.0,0.44,0.07
2019-07-19,3138.22,3156.63,3166.99,3136.93,0.86,26.95,11006429,9948741376.0,0.96,0.08
2019-07-22,3157.4,3128.84,3159.18,3120.25,-0.88,-27.79,12253028,9686562560.0,1.23,0.09
2019-07-23,3130.21,3141.61,3142.74,3126.01,0.41,12.77,10259358,7975530240.0,0.53,0.08
2019-07-24,3150.19,3158.23,3177.01,3148.98,0.53,16.62,13206965,10502749696.0,0.89,0.1
2019-07-25,3160.7,3191.29,3191.29,3158.71,1.05,33.06,14236361,13370893824.0,1.03,0.11
2019-07-26,3178.92,3185.62,3190.09,3176.66,-0.18,-5.67,11316279,9146055680.0,0.42,0.09
2019-07-29,3188.37,3186.19,3190.18,3178.0,0.02,0.57,12207962,9560140544.0,0.38,0.09
2019-07-30,3188.81,3206.42,3223.76,3187.86,0.63,20.23,13810852,11066152704.0,1.13,0.1
2019-07-31,3199.4,3182.03,3199.4,3175.68,-0.76,-24.39,12065035,9762367232.0,0.74,0.09
2019-08-01,3171.37,3152.7,3179.27,3145.48,-0.92,-29.33,12107231,9525632768.0,1.06,0.09
2019-08-02,3114.08,3111.52,3119.1,3101.33,-1.31,-41.18,16367206,13011331840.0,0.56,0.12
2019-08-05,3099.86,3059.62,3102.48,3059.62,-1.67,-51.9,15464235,12027863040.0,1.38,0.12
2019-08-06,3020.01,3014.52,3022.31,2982.22,-1.47,-45.1,17376330,13344803328.0,1.31,0.13
2019-08-07,3025.2,3002.81,3030.16,3002.81,-0.39,-11.71,11555638,9674426880.0,0.91,0.09
2019-08-08,3019.09,3060.96,3074.03,3013.3,1.94,58.15,15426388,13328546560.0,2.02,0.12
2019-08-09,3065.16,3030.85,3065.6,3025.6,-0.98,-30.11,14745193,12785688064.0,1.31,0.11
2019-08-12,3028.04,3063.51,3064.29,3028.04,1.08,32.66,13424866,12728635904.0,1.2,0.1
2019-08-13,3042.69,3028.54,3043.65,3022.29,-1.14,-34.97,10911239,9527833344.0,0.7,0.08
2019-08-14,3056.2,3024.88,3060.56,3023.89,-0.12,-3.66,13098728,11830557696.0,1.21,0.1
2019-08-15,2977.03,3014.82,3015.85,2970.78,-0.33,-10.06,11337794,9356212480.0,1.49,0.09
2019-08-16,3014.67,3012.29,3034.52,3001.1,-0.08,-2.53,12039469,10176307456.0,1.11,0.09
2019-08-19,3006.6,3052.32,3053.39,2977.26,1.33,40.03,26464777,21470410496.0,2.53,0.2
2019-08-20,3039.24,3033.7,3051.63,3030.38,-0.61,-18.62,15963257,13455704320.0,0.7,0.12
2019-08-21,3029.46,3021.31,3035.4,3017.84,-0.41,-12.39,10862417,9996225024.0,0.58,0.08
2019-08-22,3026.5,3018.85,3028.99,3009.39,-0.08,-2.46,10364243,8616645888.0,0.65,0.08
2019-08-23,3020.52,3037.4,3045.73,3016.16,0.61,18.55,12926950,12788999168.0,0.98,0.1
2019-08-26,2992.79,2993.49,3005.41,2983.97,-1.45,-43.91,14097717,12682623744.0,0.71,0.11
2019-08-27,3005.75,3025.83,3047.34,3005.75,1.08,32.34,18870202,15764942336.0,1.39,0.14
2019-08-28,3024.85,3010.93,3025.3,3005.11,-0.49,-14.9,13293951,13390274048.0,0.67,0.1
2019-08-29,3012.92,2997.17,3016.5,2991.02,-0.46,-13.76,12226543,10799725824.0,0.85,0.09
2019-08-30,3013.73,2988.52,3019.97,2981.06,-0.29,-8.65,13140890,11364360448.0,1.3,0.1
2019-09-02,2990.0,3016.23,3026.56,2986.85,0.93,27.71,15156903,12481403136.0,1.33,0.11
2019-09-03,3017.71,3017.8,3020.61,3008.5,0.05,1.57,11251527,9073897216.0,0.4,0.08
2019-09-04,3017.74,3075.38,3081.44,3015.76,1.91,57.58,20417058,16111829504.0,2.18,0.15
2019-09-05,3096.04,3132.98,3175.32,3096.04,1.87,57.6,27756400,22225531136.0,2.58,0.21
2019-09-06,3152.67,3144.65,3152.67,3121.27,0.37,11.67,16171769,13102145024.0,1.0,0.12
2019-09-09,3189.29,3152.01,3190.71,3143.55,0.23,7.36,19972133,17015109888.0,1.5,0.15
2019-09-10,3149.18,3138.9,3149.18,3120.08,-0.42,-13.11,14317856,12123071232.0,0.92,0.11
2019-09-11,3152.1,3149.35,3161.82,3135.09,0.33,10.45,16904739,13197866752.0,0.85,0.13
2019-09-12,3157.43,3161.96,3163.22,3144.85,0.4,12.61,12699731,10892331776.0,0.58,0.1
2019-09-16,3166.25,3142.57,3167.25,3134.65,-0.61,-19.39,11177272,9534661632.0,1.03,0.08
2019-09-17,3136.08,3087.43,3136.37,3080.95,-1.75,-55.14,13594252,10794443264.0,1.76,0.1
2019-09-18,3094.1,3089.3,3106.25,3088.57,0.06,1.87,9989887,8383427840.0,0.57,0.08
2019-09-19,3097.75,3103.7,3103.7,3081.37,0.47,14.4,10408699,9970508032.0,0.72,0.08
2019-09-20,3106.02,3106.91,3108.44,3097.39,0.1,3.21,16329331,14715545600.0,0.36,0.12
2019-09-23,3095.4,3072.72,3095.5,3060.32,-1.1,-34.19,12007880,10733275904.0,1.13,0.09
2019-09-24,3077.02,3071.69,3092.82,3069.85,-0.03,-1.03,9128559,8246379008.0,0.75,0.07
2019-09-25,3063.74,3082.11,3102.22,3054.34,0.34,10.42,11729307,11094343168.0,1.56,0.09
2019-09-26,3088.7,3128.24,3158.75,3084.03,1.5,46.13,23928161,21877793280.0,2.42,0.18
2019-09-27,3122.98,3118.95,3136.59,3097.26,-0.3,-9.29,16942682,14375556864.0,1.26,0.13
2019-09-30,3108.63,3070.76,3119.96,3070.76,-1.55,-48.19,13466864,11228806144.0,1.58,0.1
2019-10-08,3064.29,3107.09,3127.23,3062.55,1.18,36.33,16802903,15134720256.0,2.11,0.13
2019-10-09,3091.39,3162.32,3195.35,3089.2,1.78,55.23,22317415,19824658944.0,3.42,0.17
2019-10-10,3160.67,3164.15,3164.15,3143.6,0.06,1.83,14239969,11647804672.0,0.65,0.11
2019-10-11,3170.58,3216.92,3219.4,3164.25,1.67,52.77,22513840,20416695808.0,1.74,0.17
2019-10-14,3236.79,3310.38,3367.75,3236.79,2.91,93.46,38532258,31119611392.0,4.07,0.29
2019-10-15,3301.33,3313.96,3317.7,3281.42,0.11,3.58,21601403,17755970304.0,1.1,0.16
2019-10-16,3326.79,3283.52,3358.64,3269.99,-0.92,-30.44,22429313,19259300608.0,2.68,0.17
2019-10-17,3282.93,3270.14,3292.54,3256.01,-0.41,-13.38,13658547,11865112576.0,1.11,0.1
2019-10-18,3279.46,3207.87,3296.23,3203.12,-1.9,-62.27,18655396,15770653696.0,2.85,0.14
2019-10-21,3203.57,3243.65,3251.52,3197.07,1.12,35.78,16205876,13348626944.0,1.7,0.12
2019-10-22,3247.21,3232.66,3248.62,3205.68,-0.34,-10.99,14652483,12830988800.0,1.32,0.11
2019-10-23,3227.96,3232.2,3253.81,3221.57,-0.01,-0.46,14670155,11122024704.0,1.0,0.11
2019-10-24,3232.9,3277.5,3300.91,3230.74,1.4,45.3,20686917,16653169152.0,2.17,0.16
2019-10-25,3275.87,3274.06,3279.3,3240.55,-0.1,-3.44,15632190,12374491392.0,1.18,0.12
2019-10-28,3265.21,3263.05,3273.61,3241.18,-0.34,-11.01,16337175,13380876288.0,0.99,0.12
2019-10-29,3261.44,3236.66,3261.44,3233.08,-0.81,-26.39,13690671,11052039680.0,0.87,0.1
2019-10-30,3224.85,3217.83,3244.03,3210.52,-0.58,-18.83,16361260,14684319232.0,1.04,0.12
2019-10-31,3213.91,3183.21,3214.1,3172.4,-1.08,-34.62,17274485,14160694272.0,1.3,0.13
2019-11-01,3177.97,3237.86,3246.66,3169.23,1.72,54.65,20080342,18758992896.0,2.43,0.15
2019-11-04,3239.55,3239.87,3269.25,3234.65,0.06,2.01,17627441,16288006400.0,1.07,0.13
2019-11-05,3239.68,3285.54,3313.13,3233.05,1.41,45.67,25966898,22709487104.0,2.47,0.2
2019-11-06,3279.78,3277.74,3306.0,3263.83,-0.24,-7.8,19289856,17376342784.0,1.28,0.15
2019-11-07,3279.18,3276.17,3294.25,3264.31,-0.05,-1.57,13978040,12090909952.0,0.91,0.11
2019-11-08,3294.05,3233.26,3298.07,3231.66,-1.31,-42.91,16669070,14081055744.0,2.03,0.13
2019-11-11,3215.73,3163.55,3215.73,3161.72,-2.16,-69.71,16900033,13700769536.0,1.67,0.13
2019-11-12,3165.19,3173.35,3178.46,3156.94,0.31,9.8,11548522,9826575360.0,0.68,0.09
2019-11-13,3167.11,3151.88,3167.11,3140.73,-0.68,-21.47,11894048,10185001216.0,0.83,0.09
2019-11-14,3154.52,3147.67,3160.35,3129.66,-0.13,-4.21,12183802,9805289216.0,0.97,0.09
2019-11-15,3148.32,3125.53,3158.31,3125.08,-0.7,-22.14,10985837,9229619200.0,1.06,0.08
2019-11-18,3121.96,3152.84,3158.76,3114.38,0.87,27.31,11990822,10943085056.0,1.42,0.09
2019-11-19,3147.1,3160.58,3166.89,3145.08,0.25,7.74,11021496,9319132160.0,0.69,0.08
2019-11-20,3153.76,3120.86,3154.17,3117.53,-1.26,-39.72,13456957,12903049728.0,1.16,0.1
2019-11-21,3108.45,3109.45,3118.69,3100.21,-0.37,-11.41,11693239,9427048704.0,0.59,0.09
2019-11-22,3115.38,3097.71,3130.49,3089.44,-0.38,-11.74,11191903,9302458880.0,1.32,0.08
2019-11-25,3102.74,3136.26,3139.98,3101.94,1.24,38.55,13368157,10183188736.0,1.23,0.1
2019-11-26,3140.94,3124.6,3140.94,3117.79,-0.37,-11.66,16964184,13890222592.0,0.74,0.13
2019-11-27,3117.86,3099.6,3117.86,3095.51,-0.8,-25.0,14016477,10466232064.0,0.72,0.11
2019-11-28,3098.19,3084.24,3104.07,3077.36,-0.5,-15.36,11516615,8245506048.0,0.86,0.09
2019-11-29,3084.24,3080.9,3104.95,3073.99,-0.11,-3.34,12621860,9387241728.0,1.0,0.09
2019-12-02,3082.78,3079.4,3088.46,3074.09,-0.05,-1.5,11059088,8037080320.0,0.47,0.08
2019-12-03,3072.19,3085.72,3085.72,3065.19,0.21,6.32,10284989,7782344704.0,0.67,0.08
2019-12-04,3076.72,3073.68,3081.89,3070.24,-0.39,-12.04,9917935,7380503296.0,0.38,0.07
2019-12-05,3083.04,3095.69,3095.69,3076.7,0.72,22.01,10750119,8385022976.0,0.62,0.08
2019-12-06,3098.06,3098.94,3103.54,3085.03,0.1,3.25,9719657,7989722368.0,0.6,0.07
2019-12-09,3098.61,3088.97,3101.4,3079.78,-0.32,-9.97,12188057,9076380672.0,0.7,0.09
2019-12-10,3081.68,3070.04,3083.42,3064.78,-0.61,-18.93,11409337,8291535872.0,0.6,0.09
2019-12-11,3072.4,3098.68,3099.21,3068.32,0.93,28.64,18330717,13521431040.0,1.01,0.14
2019-12-12,3098.23,3085.16,3098.23,3083.34,-0.44,-13.52,14026466,9978608128.0,0.48,0.11
2019-12-13,3103.93,3139.43,3143.45,3099.52,1.76,54.27,23574221,18526019584.0,1.42,0.18
2019-12-16,3135.91,3141.68,3142.71,3118.74,0.07,2.25,18003851,14097362432.0,0.76,0.14
2019-12-17,3138.44,3225.59,3260.29,3132.46,2.67,83.91,37630018,27643750144.0,4.07,0.28
2019-12-18,3211.88,3222.25,3257.26,3207.42,-0.1,-3.34,24209231,18919578112.0,1.55,0.18
2019-12-19,3227.61,3235.12,3265.81,3225.92,0.4,12.87,19817681,15743732992.0,1.24,0.15
2019-12-20,3232.1,3244.1,3286.56,3230.7,0.28,8.98,21939786,16703443200.0,1.73,0.16
2019-12-23,3241.16,3180.68,3250.05,3177.15,-1.95,-63.42,20763025,15734426112.0,2.25,0.16
2019-12-24,3191.16,3196.53,3198.23,3179.51,0.5,15.85,11860232,9850827520.0,0.59,0.09
2019-12-25,3192.18,3185.85,3198.97,3174.13,-0.33,-10.68,12285766,9574474752.0,0.78,0.09
2019-12-26,3184.27,3214.46,3214.46,3181.79,0.9,28.61,12858595,9574861056.0,1.03,0.1
2019-12-27,3208.16,3213.88,3259.39,3204.15,-0.02,-0.58,20463393,16160868352.0,1.72,0.15
2019-12-30,3186.77,3221.88,3224.55,3155.24,0.25,8.0,23080407,18522881280.0,2.16,0.17
2019-12-31,3213.17,3232.18,3232.94,3209.34,0.32,10.3,16371189,13018439936.0,0.73,0.12
2020-01-02,3276.94,3262.52,3295.69,3260.87,0.94,30.34,28894703,24687760384.0,1.08,0.22
2020-01-03,3254.94,3251.9,3260.17,3243.8,-0.33,-10.62,18595564,15755304192.0,0.5,0.14
2020-01-06,3232.46,3229.06,3258.45,3217.85,-0.7,-22.84,21883201,17221082112.0,1.25,0.16
2020-01-07,3236.04,3251.21,3261.85,3233.7,0.69,22.15,18440913,13977083904.0,0.87,0.14
2020-01-08,3234.33,3194.05,3234.33,3191.5,-1.76,-57.16,18879171,15073950208.0,1.32,0.14
2020-01-09,3214.49,3210.95,3221.78,3199.8,0.53,16.9,15227624,12537164544.0,0.69,0.11
2020-01-10,3215.92,3208.63,3220.88,3197.59,-0.07,-2.32,11590995,9350141440.0,0.73,0.09
2020-01-13,3205.94,3220.98,3220.98,3186.46,0.38,12.35,15689891,13082456576.0,1.08,0.12
2020-01-14,3224.1,3206.58,3238.17,3205.48,-0.45,-14.4,15618545,13371333632.0,1.01,0.12
2020-01-15,3205.57,3178.72,3206.98,3176.62,-0.87,-27.86,12826589,11467761408.0,0.95,0.1
2020-01-16,3183.2,3157.71,3185.7,3154.82,-0.66,-21.01,16473162,13632643072.0,0.97,0.12
2020-01-17,3163.24,3156.59,3178.14,3153.15,-0.04,-1.12,11419229,9741301504.0,0.79,0.09
2020-01-20,3158.21,3174.48,3174.48,3154.34,0.57,17.89,11810722,10787691776.0,0.64,0.09
2020-01-21,3164.92,3127.84,3164.92,3127.81,-1.47,-46.64,15988886,12837049088.0,1.17,0.12
2020-01-22,3119.62,3129.84,3135.57,3099.56,0.06,2.0,15724599,12888738560.0,1.15,0.12
2020-01-23,3115.12,3054.55,3115.12,3040.41,-2.41,-75.29,23137191,18874572032.0,2.39,0.17
2020-02-03,2781.7,2813.5,2848.75,2781.7,-7.89,-241.05,40654245,29630219008.0,2.2,0.31
2020-02-04,2789.39,2864.55,2868.97,2789.39,1.81,51.05,29781725,23076216832.0,2.83,0.22
2020-02-05,2863.23,2873.13,2905.34,2845.0,0.3,8.58,22232214,17798288640.0,2.11,0.17
2020-02-06,2881.06,2896.46,2908.86,2856.58,0.81,23.33,22074778,16996759552.0,1.82,0.17
2020-02-07,2878.32,2886.05,2886.63,2854.65,-0.36,-10.41,18450018,14349480448.0,1.1,0.14
2020-02-10,2868.92,2888.54,2890.45,2861.96,0.09,2.49,16280484,12947116032.0,0.99,0.12
2020-02-11,2894.69,2913.64,2929.77,2888.43,0.87,25.1,19245794,15123286272.0,1.43,0.14
2020-02-12,2906.95,2927.0,2927.97,2895.21,0.46,13.36,14740124,11538297856.0,1.12,0.11
2020-02-13,2919.71,2896.17,2925.59,2894.81,-1.05,-30.83,14383493,11250654208.0,1.05,0.11
2020-02-14,2891.69,2916.8,2923.04,2891.43,0.71,20.63,12892875,11017228800.0,1.09,0.1
2020-02-17,2916.56,2989.92,2989.92,2913.59,2.51,73.12,21761204,17377578752.0,2.62,0.16
2020-02-18,2972.51,2959.37,2975.24,2949.03,-1.02,-30.55,16646462,13135450368.0,0.88,0.13
2020-02-19,2952.78,2954.58,2980.7,2950.83,-0.16,-4.79,15807958,11944916480.0,1.01,0.12
2020-02-20,2956.26,3016.43,3025.13,2941.16,2.09,61.85,24981808,19257901056.0,2.84,0.19
2020-02-21,3000.72,3005.99,3032.77,2991.28,-0.35,-10.44,20510197,16509348096.0,1.38,0.15
2020-02-24,2996.7,2982.53,3005.37,2973.62,-0.78,-23.46,19869895,16269949952.0,1.06,0.15
2020-02-25,2943.53,2942.28,2952.47,2913.41,-1.35,-40.25,21895024,17357497600.0,1.31,0.16
2020-02-26,2915.64,2959.82,2993.8,2913.69,0.6,17.54,23852579,18470801408.0,2.72,0.18
2020-02-27,2956.62,2975.39,2981.65,2945.48,0.53,15.57,18266651,14463806976.0,1.22,0.14
2020-02-28,2935.21,2886.61,2948.06,2886.61,-2.98,-88.78,25634075,19271947776.0,2.07,0.19
2020-03-02,2888.59,2944.74,2952.74,2888.59,2.01,58.13,20224659,16362156544.0,2.22,0.15
2020-03-03,2959.27,2951.14,2974.56,2942.75,0.22,6.4,20479892,15952996864.0,1.08,0.15
2020-03-04,2938.74,2956.87,2956.9,2931.91,0.19,5.73,14502647,11883412992.0,0.85,0.11
2020-03-05,2970.38,3047.25,3055.67,2961.97,3.06,90.38,37517635,30948647936.0,3.17,0.28
2020-03-06,3018.63,2996.19,3024.92,2995.93,-1.68,-51.06,21732733,17233703168.0,0.95,0.16
2020-03-09,2952.97,2913.77,2952.97,2912.12,-2.75,-82.42,27720670,21592024832.0,1.36,0.21
2020-03-10,2894.51,2950.04,2957.57,2894.51,1.24,36.27,22565517,17255929344.0,2.16,0.17
2020-03-11,2950.28,2921.96,2963.69,2921.96,-0.95,-28.08,16972464,12957260032.0,1.41,0.13
2020-03-12,2924.55,2922.85,2947.22,2907.94,0.03,0.89,20130057,15155492608.0,1.34,0.15
2020-03-13,2831.28,2940.47,2940.47,2825.49,0.6,17.62,30522148,22795368192.0,3.93,0.23
2020-03-16,2926.02,2835.64,2926.02,2835.64,-3.57,-104.83,28020251,21283316992.0,3.07,0.21
2020-03-17,2842.21,2828.4,2867.89,2796.07,-0.26,-7.24,22934813,16692555520.0,2.53,0.17
2020-03-18,2837.28,2760.14,2843.49,2760.14,-2.41,-68.26,19887859,15206053376.0,2.95,0.15
2020-03-19,2750.15,2712.36,2762.6,2679.47,-1.73,-47.78,27090389,21509100032.0,3.01,0.2
2020-03-20,2731.34,2745.49,2756.58,2716.02,1.22,33.13,20741833,17055369984.0,1.5,0.16
2020-03-23,2691.23,2663.26,2699.79,2660.21,-3.0,-82.23,16793793,12951747840.0,1.44,0.13
2020-03-24,2698.11,2714.3,2720.27,2680.54,1.92,51.04,17886097,13498121984.0,1.49,0.13
2020-03-25,2756.4,2758.34,2771.34,2735.69,1.62,44.04,18523528,14308779520.0,1.31,0.14
2020-03-26,2738.72,2757.46,2792.25,2734.3,-0.03,-0.88,17512916,13676375040.0,2.1,0.13
2020-03-27,2776.24,2759.1,2789.7,2757.94,0.06,1.64,14505552,10676004352.0,1.15,0.11
2020-03-30,2728.28,2732.85,2745.69,2718.88,-0.95,-26.25,15580897,10802183168.0,0.97,0.12
2020-03-31,2750.73,2711.52,2753.52,2710.11,-0.78,-21.33,13679357,9512316928.0,1.59,0.1
2020-04-01,2716.42,2715.79,2745.47,2712.97,0.16,4.27,11278636,8226990848.0,1.2,0.08
2020-04-02,2700.0,2734.42,2734.42,2700.0,0.69,18.63,11043859,7868963328.0,1.27,0.08
2020-04-03,2724.06,2717.52,2737.89,2711.13,-0.62,-16.9,10988043,8001244928.0,0.98,0.08
2020-04-07,2753.67,2752.42,2757.62,2745.17,1.28,34.9,15522312,11589157888.0,0.46,0.12
2020-04-08,2742.47,2739.28,2746.59,2734.26,-0.48,-13.14,10948051,8353487104.0,0.45,0.08
2020-04-09,2748.71,2739.44,2751.81,2737.07,0.01,0.16,8718176,6487659264.0,0.54,0.07
2020-04-10,2742.95,2729.65,2750.21,2725.65,-0.36,-9.79,10432483,8084411904.0,0.9,0.08
2020-04-13,2716.07,2706.49,2717.4,2703.64,-0.85,-23.16,8845700,6133033216.0,0.5,0.07
2020-04-14,2713.99,2731.86,2731.86,2712.17,0.94,25.37,10439493,8194861824.0,0.73,0.08
2020-04-15,2729.18,2714.88,2729.77,2712.89,-0.62,-16.98,9002681,6673658624.0,0.62,0.07
2020-04-16,2704.87,2720.37,2723.97,2702.22,0.2,5.49,9932955,7439767040.0,0.8,0.07
2020-04-17,2727.3,2726.47,2740.53,2718.32,0.22,6.1,14721044,12194245376.0,0.82,0.11
2020-04-20,2725.65,2721.49,2725.9,2712.54,-0.18,-4.98,11394683,8739810816.0,0.49,0.09
2020-04-21,2718.54,2714.29,2726.44,2700.48,-0.26,-7.2,12520662,10009252352.0,0.95,0.09
2020-04-22,2708.87,2706.14,2708.87,2696.72,-0.3,-8.15,10703140,7691546368.0,0.45,0.08
2020-04-23,2707.79,2691.3,2707.79,2689.48,-0.55,-14.84,11841705,7800089856.0,0.68,0.09
2020-04-24,2690.75,2667.42,2690.98,2662.75,-0.89,-23.88,9539418,6664727552.0,1.05,0.07
2020-04-27,2671.69,2718.28,2738.74,2671.69,1.91,50.86,17562501,13776486656.0,2.51,0.13
2020-04-28,2715.05,2706.08,2715.76,2673.02,-0.45,-12.2,14646730,10342288128.0,1.57,0.11
2020-04-29,2706.57,2761.86,2762.19,2704.65,2.06,55.78,19283202,15134685696.0,2.13,0.14
2020-04-30,2768.21,2770.76,2790.31,2768.21,0.32,8.9,17590010,13771582208.0,0.8,0.13
2020-05-06,2740.87,2756.21,2758.93,2731.87,-0.53,-14.55,17599958,12830948352.0,0.98,0.13
2020-05-07,2755.17,2741.37,2755.17,2737.32,-0.54,-14.84,11738864,8570501376.0,0.65,0.09
2020-05-08,2753.0,2769.54,2778.54,2747.83,1.03,28.17,13549466,10299851264.0,1.12,0.1
2020-05-11,2768.28,2762.55,2783.54,2756.15,-0.25,-6.99,12072547,9003187200.0,0.99,0.09
2020-05-12,2762.91,2744.9,2768.2,2739.08,-0.64,-17.65,10013933,7810351104.0,1.05,0.08
2020-05-13,2739.22,2744.86,2745.31,2729.43,0.0,-0.04,9179408,7120362752.0,0.58,0.07
2020-05-14,2735.97,2719.53,2735.97,2717.33,-0.92,-25.33,9586592,8160646400.0,0.68,0.07
2020-05-15,2730.54,2716.11,2734.19,2713.72,-0.13,-3.42,9403431,7400392704.0,0.75,0.07
2020-05-18,2714.57,2721.48,2730.33,2711.54,0.2,5.37,9553605,7432594176.0,0.69,0.07
2020-05-19,2742.0,2736.28,2742.84,2732.78,0.54,14.8,9949941,7398557440.0,0.37,0.07
2020-05-20,2735.2,2747.09,2759.01,2721.59,0.4,10.81,11312382,8878171136.0,1.37,0.09
2020-05-21,2750.46,2738.57,2754.4,2736.43,-0.31,-8.52,9074233,7460522240.0,0.65,0.07
2020-05-22,2735.96,2699.63,2736.67,2699.63,-1.42,-38.94,13008064,9774288128.0,1.35,0.1
2020-05-25,2705.71,2697.09,2705.71,2690.84,-0.09,-2.54,9286726,7022462976.0,0.55,0.07
2020-05-26,2700.2,2702.94,2705.12,2695.68,0.22,5.85,10882979,7114476800.0,0.35,0.08
2020-05-27,2706.45,2715.05,2726.11,2699.69,0.45,12.11,12082243,8193840640.0,0.98,0.09
2020-05-28,2721.45,2743.44,2757.87,2720.65,1.05,28.39,15265365,12092418304.0,1.37,0.11
2020-05-29,2732.98,2726.86,2734.15,2723.62,-0.6,-16.58,11436494,8360499712.0,0.38,0.09
2020-06-01,2735.92,2760.42,2762.16,2735.72,1.23,33.56,13444181,10710180352.0,0.97,0.1
2020-06-02,2760.13,2777.73,2782.91,2758.36,0.63,17.31,14492359,10961818112.0,0.89,0.11
2020-06-03,2786.14,2776.91,2816.46,2776.27,-0.03,-0.82,15504824,12467628288.0,1.45,0.12
2020-06-04,2784.55,2765.77,2786.84,2762.17,-0.4,-11.14,9688558,7165594112.0,0.89,0.07
2020-06-05,2771.24,2771.5,2772.3,2757.37,0.21,5.73,8648651,6634576896.0,0.54,0.07
2020-06-08,2776.89,2769.88,2785.69,2767.58,-0.06,-1.62,12581168,10062189568.0,0.65,0.09
2020-06-09,2773.46,2776.6,2779.26,2766.88,0.24,6.72,11338858,8390704896.0,0.45,0.09
2020-06-10,2777.51,2758.98,2777.51,2755.85,-0.63,-17.62,14671259,10053919744.0,0.78,0.11
2020-06-11,2758.12,2740.93,2763.87,2735.8,-0.65,-18.05,17533685,13438870528.0,1.02,0.13
2020-06-12,2718.95,2738.3,2748.03,2716.03,-0.1,-2.63,21475016,14921755648.0,1.17,0.16
2020-06-15,2730.69,2716.06,2737.23,2716.06,-0.81,-22.24,16822865,12617256448.0,0.77,0.13
2020-06-16,2730.11,2733.43,2735.02,2722.96,0.64,17.37,11145470,8454447616.0,0.44,0.08
2020-06-17,2733.23,2731.79,2734.23,2720.33,-0.06,-1.64,9920216,7510519040.0,0.51,0.07
2020-06-18,2720.31,2733.72,2738.17,2707.71,0.07,1.93,16245800,13506361856.0,1.12,0.12
2020-06-19,2733.97,2747.01,2754.78,2729.25,0.49,13.29,19547682,14940393472.0,0.93,0.15
2020-06-22,2742.13,2743.39,2768.2,2735.99,-0.13,-3.62,17542257,13182368000.0,1.17,0.13
2020-06-23,2738.5,2723.87,2738.5,2720.38,-0.71,-19.52,13346517,9968159232.0,0.66,0.1
2020-06-24,2732.11,2765.2,2782.07,2731.93,1.52,41.33,18696427,13834262016.0,1.84,0.14
2020-06-29,2785.92,2753.2,2792.6,2744.84,-0.43,-12.0,19794898,14175364608.0,1.73,0.15
2020-06-30,2756.49,2764.08,2778.46,2746.03,0.4,10.88,16495865,11379906048.0,1.18,0.12
2020-07-01,2763.01,2808.57,2816.16,2751.05,1.61,44.49,26818879,19307768832.0,2.36,0.2
2020-07-02,2803.61,2899.14,2899.14,2798.42,3.22,90.57,44287736,31753313792.0,3.59,0.33
2020-07-03,2908.87,2983.35,2990.71,2908.87,2.9,84.21,51317868,39001099008.0,2.82,0.39
2020-07-06,3031.05,3266.36,3271.21,3031.05,9.49,283.01,90987922,69362188288.0,8.05,0.68
2020-07-07,3365.88,3228.55,3395.26,3228.55,-1.16,-37.81,87411579,68715449088.0,5.1,0.66
2020-07-08,3196.31,3290.42,3321.23,3192.7,1.92,61.87,71189455,54826676736.0,3.98,0.54
2020-07-09,3272.63,3280.95,3307.33,3237.99,-0.29,-9.47,62550395,48581958656.0,2.11,0.47
2020-07-10,3250.19,3147.86,3259.27,3139.34,-4.06,-133.09,59673480,44569164032.0,3.66,0.45
2020-07-13,3115.97,3152.91,3188.4,3098.51,0.16,5.05,56475615,42027688192.0,2.86,0.42
2020-07-14,3142.73,3106.07,3153.98,3082.84,-1.49,-46.84,44066028,32879554816.0,2.26,0.33
2020-07-15,3117.86,3048.01,3126.4,3036.98,-1.87,-58.06,41655206,31148585728.0,2.88,0.31
2020-07-16,3050.12,3042.77,3115.76,3039.57,-0.17,-5.24,46885279,34873068032.0,2.5,0.35
2020-07-17,3055.9,3016.49,3067.19,3002.58,-0.86,-26.28,32440286,24675062784.0,2.12,0.24
2020-07-20,3035.27,3107.08,3110.27,3016.95,3.0,90.59,38801222,31403361024.0,3.09,0.29
2020-07-21,3104.75,3073.37,3104.75,3061.81,-1.08,-33.71,24905724,19210694144.0,1.38,0.19
2020-07-22,3069.82,3072.43,3117.61,3050.8,-0.03,-0.94,30884885,23441005824.0,2.17,0.23
2020-07-23,3047.09,3022.45,3059.19,2990.74,-1.63,-49.98,32334992,24852926976.0,2.23,0.24
2020-07-24,3012.22,2929.22,3022.36,2922.14,-3.08,-93.23,33815789,25865459200.0,3.32,0.25
2020-07-27,2941.8,2910.62,2947.26,2894.85,-0.63,-18.6,21210452,17354221056.0,1.79,0.16
2020-07-28,2925.93,2923.72,2936.56,2909.93,0.45,13.1,16888278,13167601408.0,0.91,0.13
2020-07-29,2916.91,2969.62,2970.77,2905.77,1.57,45.9,23138222,17640227328.0,2.22,0.17
2020-07-30,2966.31,2934.17,2966.76,2931.86,-1.19,-35.45,18425064,14090830336.0,1.18,0.14
2020-07-31,2928.81,2936.02,2969.21,2918.11,0.06,1.85,23527203,17776101888.0,1.74,0.18
2020-08-03,2950.2,2967.69,2968.19,2943.57,1.08,31.67,26504117,20138764544.0,0.84,0.2
2020-08-04,2971.56,3039.31,3057.51,2953.7,2.41,71.62,46990986,38168419072.0,3.5,0.35
2020-08-05,3011.51,2993.03,3011.51,2973.62,-1.52,-46.28,25137188,20144313600.0,1.25,0.19
2020-08-06,2994.21,3009.95,3015.39,2973.21,0.57,16.92,23073392,19745711872.0,1.41,0.17
2020-08-07,2995.64,2979.23,3017.19,2965.56,-1.02,-30.72,21147334,17353715968.0,1.72,0.16
2020-08-10,2976.93,3007.18,3020.92,2960.72,0.94,27.95,23423170,20779723776.0,2.02,0.18
2020-08-11,3008.43,3011.95,3081.77,3008.43,0.16,4.77,35812979,32117571328.0,2.44,0.27
2020-08-12,3007.28,3026.8,3043.72,3001.04,0.49,14.85,26252116,21884167936.0,1.42,0.2
2020-08-13,3030.19,3021.56,3033.35,3011.9,-0.17,-5.24,17538033,14842020352.0,0.71,0.13
2020-08-14,3017.38,3071.03,3071.94,3012.99,1.64,49.47,23843644,19236862720.0,1.95,0.18
2020-08-17,3081.23,3184.71,3221.48,3081.23,3.7,113.68,61646131,48400281600.0,4.57,0.46
2020-08-18,3173.48,3150.55,3173.48,3126.48,-1.07,-34.16,32664222,25200535296.0,1.48,0.25
2020-08-19,3142.53,3117.46,3161.86,3117.37,-1.05,-33.09,25215685,20567601408.0,1.41,0.19
2020-08-20,3104.85,3068.43,3110.14,3060.96,-1.57,-49.03,22554680,18670715392.0,1.58,0.17
2020-08-21,3087.3,3070.27,3088.44,3056.28,0.06,1.84,16826200,14224525312.0,1.05,0.13
2020-08-24,3076.95,3051.34,3077.56,3048.15,-0.62,-18.93,17087695,14616031488.0,0.96,0.13
2020-08-25,3057.81,3048.4,3074.14,3041.86,-0.1,-2.94,15438380,12677648384.0,1.06,0.12
2020-08-26,3045.4,3015.64,3048.88,3009.89,-1.07,-32.76,17399488,13893900032.0,1.28,0.13
2020-08-27,3018.86,3021.22,3023.03,3000.82,0.19,5.58,14775397,11493851136.0,0.74,0.11
2020-08-28,3019.88,3086.08,3086.58,3013.26,2.15,64.86,25061783,22914798848.0,2.43,0.19
2020-08-31,3090.75,3066.68,3126.29,3064.29,-0.63,-19.4,33269039,30186592000.0,2.01,0.25
2020-09-01,3057.71,3062.22,3066.33,3049.64,-0.15,-4.46,19848917,16928472576.0,0.54,0.15
2020-09-02,3064.58,3036.95,3065.18,3022.93,-0.83,-25.27,22572053,18714724608.0,1.38,0.17
2020-09-03,3038.67,3029.89,3054.46,3023.14,-0.23,-7.06,18130232,15067574272.0,1.03,0.14
2020-09-04,3005.12,3015.84,3020.46,2997.0,-0.46,-14.05,16403716,12737853184.0,0.77,0.12
2020-09-07,3008.98,2994.89,3031.89,2992.18,-0.69,-20.95,17287851,14315456256.0,1.32,0.13
2020-09-08,3001.17,3043.32,3043.35,3001.17,1.62,48.43,20334907,17725262592.0,1.41,0.15
2020-09-09,3021.75,3030.51,3053.11,3018.71,-0.42,-12.81,18336547,15003399168.0,1.13,0.14
2020-09-10,3046.22,3015.07,3049.39,3007.85,-0.51,-15.44,18629780,15097441280.0,1.37,0.14
2020-09-11,3010.09,2992.59,3014.02,2976.61,-0.75,-22.48,15929532,13079537408.0,1.24,0.12
2020-09-14,2992.97,3010.27,3011.89,2981.75,0.59,17.68,13747468,11493099264.0,1.01,0.1
2020-09-15,3002.15,3012.14,3018.66,2992.7,0.06,1.87,12776937,10953611776.0,0.86,0.1
2020-09-16,3012.19,3018.94,3034.03,3000.67,0.23,6.8,13576783,11103979776.0,1.11,0.1
2020-09-17,3016.48,3010.19,3030.56,3004.37,-0.29,-8.75,12819956,11459110144.0,0.87,0.1
2020-09-18,3011.08,3077.77,3077.77,3003.79,2.25,67.58,25825346,21880716288.0,2.46,0.19
2020-09-21,3081.36,3048.7,3085.71,3044.68,-0.94,-29.07,16317781,13452697344.0,1.33,0.12
2020-09-22,3031.65,3028.45,3085.18,3021.54,-0.66,-20.25,17470643,13891657984.0,2.09,0.13
2020-09-23,3028.89,3011.48,3032.23,3008.39,-0.56,-16.97,12221371,9796822784.0,0.79,0.09
2020-09-24,3002.51,2971.61,3002.62,2969.81,-1.32,-39.87,15430871,12682550016.0,1.09,0.12
2020-09-25,2974.18,2965.25,2982.04,2958.16,-0.21,-6.36,11592726,8907493632.0,0.8,0.09
2020-09-28,2967.62,2970.43,2978.88,2957.43,0.17,5.18,12778182,8863522816.0,0.72,0.1
2020-09-29,2978.11,2950.38,2980.63,2950.38,-0.67,-20.05,12464995,11811194368.0,1.02,0.09
2020-09-30,2950.31,2929.93,2964.78,2921.23,-0.69,-20.45,16063470,13858974208.0,1.48,0.12
2020-10-09,2948.62,2944.99,2955.51,2941.1,0.51,15.06,14172384,12025501440.0,0.49,0.11
2020-10-12,2948.5,3016.32,3022.57,2947.01,2.42,71.33,26681443,22998170112.0,2.57,0.2
2020-10-13,3008.4,3007.03,3009.27,2995.29,-0.31,-9.29,19042811,14330145280.0,0.46,0.14
2020-10-14,3011.21,3003.53,3019.95,2995.04,-0.12,-3.5,15378770,12356092928.0,0.83,0.12
2020-10-15,3006.27,3038.63,3068.27,3005.34,1.17,35.1,22960837,22534312704.0,2.1,0.17
2020-10-16,3032.54,3083.14,3106.22,3032.54,1.46,44.51,35654813,30014016256.0,2.42,0.27
2020-10-19,3097.12,3085.65,3166.27,3083.51,0.08,2.51,37207897,30906797056.0,2.68,0.28
2020-10-20,3080.57,3061.75,3080.57,3045.11,-0.77,-23.9,20348807,15893995008.0,1.15,0.15
2020-10-21,3065.23,3115.14,3115.39,3048.44,1.74,53.39,25347846,20844922880.0,2.19,0.19
2020-10-22,3110.06,3097.23,3140.52,3080.46,-0.57,-17.91,21306721,18999744512.0,1.93,0.16
2020-10-23,3090.2,3117.24,3150.23,3087.52,0.65,20.01,26315334,21780965888.0,2.02,0.2
2020-10-26,3114.66,3055.11,3122.07,3046.24,-1.99,-62.13,22504775,18425911808.0,2.43,0.17
2020-10-27,3047.45,3034.78,3050.45,3029.15,-0.67,-20.33,15515785,13114025216.0,0.7,0.12
2020-10-28,3028.45,2988.33,3029.27,2977.93,-1.53,-46.45,19790399,17099251456.0,1.69,0.15
2020-10-29,2949.61,2967.97,2982.96,2943.49,-0.68,-20.36,19087826,16416171008.0,1.32,0.14
2020-10-30,2964.68,2927.68,2996.12,2923.51,-1.36,-40.29,22809821,17828099072.0,2.45,0.17
2020-11-02,2930.96,2923.46,2949.41,2915.71,-0.14,-4.22,20760418,16898030592.0,1.15,0.16
2020-11-03,2932.96,2958.08,2976.16,2932.96,1.18,34.62,19739622,18159702528.0,1.48,0.15
2020-11-04,2980.92,2976.95,2989.85,2955.06,0.64,18.87,18074558,18001974016.0,1.18,0.14
2020-11-05,2993.77,2973.99,2994.97,2961.25,-0.1,-2.96,18735104,17419601920.0,1.13,0.14
2020-11-06,2972.23,2970.02,2972.23,2948.36,-0.13,-3.97,17482836,14649118464.0,0.8,0.13
2020-11-09,2978.73,3007.51,3014.48,2978.58,1.26,37.49,23282273,18516076800.0,1.21,0.18
2020-11-10,3030.36,3000.96,3052.53,2997.01,-0.22,-6.55,24876592,20960508672.0,1.85,0.19
2020-11-11,2994.21,3025.35,3034.94,2987.83,0.81,24.39,24023831,18981235456.0,1.57,0.18
2020-11-12,3014.3,2993.21,3017.93,2989.63,-1.06,-32.14,15063723,12583171328.0,0.94,0.11
2020-11-13,2980.59,2952.5,2980.73,2941.51,-1.36,-40.71,19904567,17324183552.0,1.31,0.15
2020-11-16,2955.97,2968.08,2972.63,2952.04,0.53,15.58,14883757,13089900288.0,0.7,0.11
2020-11-17,2967.07,2995.59,3000.95,2963.01,0.93,27.51,17111228,15376942592.0,1.28,0.13
2020-11-18,2991.13,3050.14,3065.04,2987.7,1.82,54.55,31241318,27988769280.0,2.58,0.23
2020-11-19,3049.35,3081.4,3088.63,3036.01,1.02,31.26,23560613,21543621376.0,1.73,0.18
2020-11-20,3066.09,3054.16,3066.09,3041.49,-0.88,-27.24,16795744,14885063424.0,0.8,0.13
2020-11-23,3047.27,3106.43,3120.73,3047.18,1.71,52.27,29292142,25381591552.0,2.41,0.22
2020-11-24,3100.67,3088.62,3113.5,3083.09,-0.57,-17.81,20352046,16804407808.0,0.98,0.15
2020-11-25,3106.81,3076.29,3134.82,3076.29,-0.4,-12.33,21824112,17258840320.0,1.9,0.16
2020-11-26,3075.69,3102.92,3110.72,3069.28,0.87,26.63,19899480,16801046016.0,1.35,0.15
2020-11-27,3110.04,3196.74,3196.74,3108.53,3.02,93.82,48763868,32832929792.0,2.84,0.37
2020-11-30,3236.91,3188.48,3341.0,3188.48,-0.26,-8.26,81506959,60783786496.0,4.77,0.61
2020-12-01,3185.87,3317.12,3330.75,3170.62,4.03,128.64,57237594,42265170176.0,5.02,0.43
2020-12-02,3326.44,3302.52,3348.99,3278.52,-0.44,-14.6,40194956,30876490240.0,2.12,0.3
2020-12-03,3305.17,3345.83,3378.03,3277.54,1.31,43.31,41767596,30796702208.0,3.04,0.31
2020-12-04,3307.72,3258.27,3310.48,3247.4,-2.62,-87.56,36367071,27480595968.0,1.89,0.27
2020-12-07,3248.89,3199.88,3262.0,3190.42,-1.79,-58.39,32399719,26059525888.0,2.2,0.24
2020-12-08,3193.52,3167.87,3215.85,3155.89,-1.0,-32.01,27954160,20654633984.0,1.87,0.21
2020-12-09,3171.94,3165.45,3228.91,3162.78,-0.08,-2.42,29389186,21805940736.0,2.09,0.22
2020-12-10,3148.94,3135.8,3159.72,3110.91,-0.94,-29.65,25360048,18412473088.0,1.54,0.19
2020-12-11,3133.49,3111.63,3139.34,3097.38,-0.77,-24.17,29052340,22292783360.0,1.34,0.22
2020-12-14,3117.66,3118.57,3142.88,3102.54,0.22,6.94,22552601,18146107136.0,1.3,0.17
2020-12-15,3110.61,3084.05,3110.61,3058.91,-1.11,-34.52,25135068,19030413056.0,1.66,0.19
2020-12-16,3085.05,3078.25,3112.54,3068.25,-0.19,-5.8,21124677,15777245440.0,1.44,0.16
2020-12-17,3069.56,3118.49,3123.31,3048.78,1.31,40.24,25993367,19834046976.0,2.42,0.2
2020-12-18,3104.4,3079.08,3117.82,3074.68,-1.26,-39.41,20460719,18093427456.0,1.38,0.15
2020-12-21,3074.3,3084.72,3098.31,3053.04,0.18,5.64,20342548,17280281088.0,1.47,0.15
2020-12-22,3075.09,3022.69,3089.02,3020.18,-2.01,-62.03,27396603,21503227648.0,2.23,0.21
2020-12-23,3022.21,3029.58,3038.9,3006.47,0.23,6.89,20827204,16966781952.0,1.07,0.16
2020-12-24,3029.4,3041.29,3072.83,3029.23,0.39,11.71,16327877,14140864256.0,1.44,0.12
2020-12-25,3038.51,3048.06,3056.16,3015.64,0.22,6.77,16076276,13165185024.0,1.33,0.12
2020-12-28,3037.66,3055.52,3076.06,3015.78,0.24,7.46,22147101,19903575040.0,1.98,0.17
2020-12-29,3056.68,3073.07,3100.58,3056.68,0.57,17.55,22467583,19263444992.0,1.44,0.17
2020-12-30,3060.91,3085.34,3085.34,3041.8,0.4,12.27,23122275,20202679552.0,1.42,0.17
2020-12-31,3083.61,3132.15,3162.97,3082.04,1.52,46.81,33703362,26025672192.0,2.62,0.25
2021-01-04,3112.37,3071.61,3112.37,3045.18,-1.93,-60.54,37786120,33527482880.0,2.15,0.28
2021-01-05,3054.57,3051.46,3057.91,3008.97,-0.66,-20.15,33881869,30651145984.0,1.59,0.25
2021-01-06,3039.7,3075.51,3075.85,3037.15,0.79,24.05,27898537,26527069440.0,1.27,0.21
2021-01-07,3077.69,3053.06,3096.01,3025.23,-0.73,-22.45,29453696,26184524544.0,2.3,0.22
2021-01-08,3044.21,3053.08,3072.85,3034.09,0.0,0.02,25021662,23826724352.0,1.27,0.19
2021-01-11,3055.11,3052.0,3095.46,3047.38,-0.04,-1.08,34583983,32269533440.0,1.57,0.26
2021-01-12,3050.73,3087.87,3089.57,3029.56,1.18,35.87,28730879,25530749184.0,1.97,0.22
2021-01-13,3078.42,3073.82,3087.9,3050.16,-0.46,-14.05,27284407,22369083136.0,1.22,0.21
2021-01-14,3068.71,3080.04,3121.32,3058.6,0.2,6.22,28335419,23294612992.0,2.04,0.21
2021-01-15,3118.04,3148.51,3215.44,3118.04,2.22,68.47,60580554,54323744256.0,3.16,0.46
2021-01-18,3140.02,3176.84,3195.87,3135.01,0.9,28.33,39811889,38886061312.0,1.93,0.3
2021-01-19,3173.51,3200.67,3221.15,3146.42,0.75,23.83,38482972,31933692416.0,2.35,0.29
2021-01-20,3192.21,3163.73,3221.76,3154.56,-1.15,-36.94,27188031,24672211456.0,2.1,0.2
2021-01-21,3170.21,3170.72,3200.43,3154.01,0.22,6.99,27110966,23119404288.0,1.47,0.2
2021-01-22,3164.63,3110.14,3164.63,3104.65,-1.91,-60.58,26705980,24251523840.0,1.89,0.2
2021-01-25,3098.22,3106.54,3116.75,3065.83,-0.12,-3.6,23604980,22572690176.0,1.64,0.18
2021-01-26,3098.12,3101.67,3140.9,3093.85,-0.16,-4.87,22359157,19787545600.0,1.51,0.17
2021-01-27,3095.38,3132.22,3171.36,3095.38,0.98,30.55,27535373,24373869824.0,2.45,0.21
2021-01-28,3108.51,3093.28,3110.8,3085.2,-1.24,-38.94,23431527,19857182464.0,0.82,0.18
2021-01-29,3104.42,3105.14,3137.49,3087.1,0.38,11.86,28477764,24079764992.0,1.63,0.21
2021-02-01,3091.45,3142.8,3151.75,3073.17,1.21,37.66,30733132,27762808320.0,2.53,0.23
2021-02-02,3129.49,3111.07,3150.69,3105.78,-1.01,-31.73,27316837,26817044736.0,1.43,0.21
2021-02-03,3108.72,3121.71,3150.31,3080.52,0.34,10.64,28372675,28200438784.0,2.24,0.21
2021-02-04,3108.95,3141.69,3186.6,3105.53,0.64,19.98,30857657,29198883072.0,2.6,0.23
2021-02-05,3140.74,3261.36,3271.04,3137.63,3.81,119.67,58170488,45275999744.0,4.25,0.44
2021-02-08,3253.64,3229.3,3253.64,3179.99,-0.98,-32.06,40381346,34582671872.0,2.26,0.3
2021-02-09,3214.44,3230.79,3231.26,3182.74,0.05,1.49,32103710,27330748160.0,1.5,0.24
2021-02-10,3229.41,3209.78,3285.02,3191.33,-0.65,-21.01,42820568,37307925248.0,2.9,0.32
2021-02-18,3230.41,3256.0,3284.52,3221.52,1.44,46.22,40353394,36287277568.0,1.96,0.3
2021-02-19,3244.45,3288.05,3298.51,3238.51,0.98,32.05,34498176,29970608128.0,1.84,0.26
2021-02-22,3279.44,3260.06,3300.75,3254.93,-0.85,-27.99,45982909,39015315456.0,1.39,0.35
2021-02-23,3249.47,3284.98,3337.48,3249.47,0.76,24.92,43020178,37376681728.0,2.7,0.32
2021-02-24,3283.49,3239.26,3291.15,3219.37,-1.39,-45.72,36281083,31482182656.0,2.19,0.27
2021-02-25,3254.11,3284.47,3310.24,3238.04,1.4,45.21,39467064,33852971520.0,2.23,0.3
2021-02-26,3246.36,3202.2,3273.49,3193.17,-2.5,-82.27,39569471,35943973120.0,2.45,0.3
2021-03-01,3206.68,3203.51,3218.34,3186.24,0.04,1.31,24813663,23430835200.0,1.0,0.19
2021-03-02,3210.38,3179.17,3220.76,3161.22,-0.76,-24.34,27491930,26006037504.0,1.86,0.21
2021-03-03,3175.21,3296.03,3302.03,3175.21,3.68,116.86,44462310,41043973632.0,3.99,0.33
2021-03-04,3277.48,3281.21,3318.79,3268.81,-0.45,-14.82,40019336,32781145088.0,1.52,0.3
2021-03-05,3267.72,3278.33,3290.79,3232.54,-0.09,-2.88,36340949,30398736128.0,1.78,0.27
2021-03-08,3282.95,3249.51,3322.24,3249.51,-0.88,-28.82,37658235,30196688640.0,2.22,0.28
2021-03-09,3260.77,3185.18,3282.15,3178.44,-1.98,-64.33,38168583,31841917184.0,3.19,0.29
2021-03-10,3185.75,3155.7,3189.04,3153.76,-0.93,-29.48,26948401,23351278336.0,1.11,0.2
2021-03-11,3175.44,3237.05,3247.58,3175.44,2.58,81.35,34013477,29697568000.0,2.29,0.26
2021-03-12,3231.1,3259.3,3265.92,3219.75,0.69,22.25,29333376,24989336064.0,1.43,0.22
2021-03-15,3255.03,3287.66,3321.49,3252.03,0.87,28.36,34039446,30307471616.0,2.13,0.26
2021-03-16,3290.03,3319.84,3333.13,3286.02,0.98,32.18,27225702,24582763264.0,1.43,0.2
2021-03-17,3308.95,3281.54,3308.95,3265.4,-1.15,-38.3,23308958,20260312832.0,1.31,0.18
2021-03-18,3277.74,3282.78,3300.93,3264.5,0.04,1.24,20379292,17909478912.0,1.11,0.15
2021-03-19,3276.78,3217.91,3291.24,3210.65,-1.98,-64.87,30843651,26835851008.0,2.45,0.23
2021-03-22,3211.81,3256.0,3271.74,3211.81,1.18,38.09,23139062,22308013568.0,1.86,0.17
2021-03-23,3253.23,3247.6,3273.66,3229.64,-0.26,-8.4,20521591,17886755840.0,1.35,0.15
2021-03-24,3240.09,3222.43,3246.55,3207.68,-0.78,-25.17,21748571,19601665280.0,1.2,0.16
2021-03-25,3224.29,3195.4,3242.64,3191.73,-0.84,-27.03,19737655,17367855104.0,1.58,0.15
2021-03-26,3204.16,3215.79,3224.57,3196.93,0.64,20.39,22390846,19185827584.0,0.86,0.17
2021-03-29,3217.07,3229.52,3231.44,3199.2,0.43,13.73,28650713,23105363200.0,1.0,0.22
2021-03-30,3224.88,3230.06,3230.06,3199.73,0.02,0.54,23161302,19375909888.0,0.94,0.17
2021-03-31,3218.6,3225.19,3232.02,3198.64,-0.15,-4.87,29125783,22602494208.0,1.03,0.22
2021-04-01,3224.41,3213.03,3224.41,3199.75,-0.38,-12.16,17508396,13706624000.0,0.76,0.13
2021-04-02,3212.34,3188.59,3212.71,3179.12,-0.76,-24.44,20197437,16342046720.0,1.05,0.15
2021-04-06,3187.25,3191.24,3199.68,3182.03,0.08,2.65,14379920,12203975680.0,0.55,0.11
2021-04-07,3189.16,3192.22,3194.91,3178.16,0.03,0.98,18471521,14897920000.0,0.52,0.14
2021-04-08,3184.75,3180.65,3197.31,3175.81,-0.36,-11.57,15604443,12105943808.0,0.67,0.12
2021-04-09,3177.0,3161.32,3177.0,3153.66,-0.61,-19.33,15412132,12007131136.0,0.73,0.12
2021-04-12,3149.48,3151.64,3163.67,3140.26,-0.31,-9.68,18843308,15081424384.0,0.74,0.14
2021-04-13,3154.3,3127.31,3164.9,3121.55,-0.77,-24.33,17864147,14760862720.0,1.38,0.13
2021-04-14,3127.14,3112.25,3131.73,3106.45,-0.48,-15.06,17221657,16164378624.0,0.81,0.13
2021-04-15,3111.43,3094.89,3111.43,3077.58,-0.56,-17.36,18230950,19033360128.0,1.09,0.14
2021-04-16,3094.87,3109.41,3110.18,3090.34,0.47,14.52,13255919,12007610368.0,0.64,0.1
2021-04-19,3107.14,3135.73,3138.07,3092.9,0.85,26.32,19613301,19337728000.0,1.45,0.15
2021-04-20,3126.61,3131.19,3148.06,3125.78,-0.14,-4.54,16749290,15151443712.0,0.71,0.13
2021-04-21,3131.05,3163.39,3171.55,3131.05,1.03,32.2,19028478,20315561216.0,1.29,0.14
2021-04-22,3166.41,3133.74,3166.41,3127.9,-0.94,-29.65,17822307,15467673088.0,1.22,0.13
2021-04-23,3130.79,3131.61,3146.22,3121.62,-0.07,-2.13,15171571,13777716736.0,0.79,0.11
2021-04-26,3141.84,3114.4,3152.15,3112.64,-0.55,-17.21,17895762,19210461184.0,1.26,0.13
2021-04-27,3116.34,3110.06,3118.24,3104.15,-0.14,-4.34,13364846,11367558400.0,0.45,0.1
2021-04-28,3112.45,3102.23,3112.45,3090.03,-0.25,-7.83,15314468,13580607744.0,0.72,0.12
2021-04-29,3105.99,3148.22,3153.41,3102.29,1.48,45.99,24741896,20639696384.0,1.65,0.19
2021-04-30,3136.5,3095.55,3136.5,3081.14,-1.67,-52.67,35414611,26714166528.0,1.76,0.27
2021-05-06,3092.94,3118.57,3133.53,3092.94,0.74,23.02,21586005,18852219392.0,1.31,0.16
2021-05-07,3119.84,3140.98,3158.86,3114.21,0.72,22.41,25144965,22004112384.0,1.43,0.19
2021-05-10,3139.77,3130.61,3139.77,3107.88,-0.33,-10.37,21614237,17794733568.0,1.02,0.16
2021-05-11,3119.93,3145.78,3145.78,3118.11,0.48,15.17,16750655,14061986048.0,0.88,0.13
2021-05-12,3138.45,3160.98,3174.53,3137.43,0.48,15.2,20554190,17073408256.0,1.18,0.15
2021-05-13,3149.49,3149.56,3165.41,3139.46,-0.36,-11.42,16351493,13764805376.0,0.82,0.12
2021-05-14,3157.48,3195.99,3195.99,3139.11,1.47,46.43,20578617,17923381760.0,1.81,0.15
2021-05-17,3184.37,3185.56,3208.07,3174.59,-0.33,-10.43,19656906,17338284544.0,1.05,0.15
2021-05-18,3180.95,3171.51,3184.68,3162.27,-0.44,-14.05,13823912,11371730688.0,0.7,0.1
2021-05-19,3167.01,3143.57,3167.01,3134.35,-0.88,-27.94,16695865,15803214080.0,1.03,0.13
2021-05-20,3139.63,3176.15,3180.84,3127.37,1.04,32.58,17395568,14800471296.0,1.7,0.13
2021-05-21,3177.67,3141.37,3179.82,3138.49,-1.1,-34.78,16236896,14817816576.0,1.3,0.12
2021-05-24,3140.17,3146.03,3160.28,3138.84,0.15,4.66,13691341,12766460928.0,0.68,0.1
2021-05-25,3146.26,3228.41,3232.03,3139.07,2.62,82.38,33208470,30743530496.0,2.95,0.25
2021-05-26,3229.77,3246.69,3271.91,3221.33,0.57,18.28,28290784,25176561920.0,1.57,0.21
2021-05-27,3234.97,3230.46,3252.94,3214.65,-0.5,-16.23,21992560,19503908096.0,1.18,0.17
2021-05-28,3233.63,3236.07,3255.9,3221.06,0.17,5.61,22351510,17418185216.0,1.08,0.17
2021-05-31,3236.14,3224.63,3236.14,3207.64,-0.35,-11.44,21453982,17399455232.0,0.88,0.16
2021-06-01,3213.97,3214.36,3216.64,3196.76,-0.32,-10.27,20359852,17673575680.0,0.62,0.15
2021-06-02,3211.72,3213.44,3221.24,3191.28,-0.03,-0.92,23196627,17629758208.0,0.93,0.17
2021-06-03,3211.99,3202.65,3234.55,3202.65,-0.34,-10.79,21391290,17471336704.0,0.99,0.16
2021-06-04,3203.59,3224.26,3248.34,3201.76,0.67,21.61,23344804,20161062912.0,1.45,0.18
2021-06-07,3221.37,3207.55,3221.37,3202.68,-0.52,-16.71,19594173,14461867264.0,0.58,0.15
2021-06-08,3205.05,3213.47,3218.66,3190.65,0.18,5.92,21183245,17024129024.0,0.87,0.16
2021-06-09,3207.38,3200.86,3215.16,3197.43,-0.39,-12.61,17509273,14085187328.0,0.55,0.13
2021-06-10,3202.25,3198.75,3229.78,3197.84,-0.07,-2.11,20844349,17433986048.0,1.0,0.16
2021-06-11,3198.85,3173.25,3200.19,3167.72,-0.8,-25.5,24985769,22455595776.0,1.02,0.19
2021-06-15,3167.09,3133.08,3167.58,3123.3,-1.27,-40.17,21844624,18383757824.0,1.4,0.16
2021-06-16,3130.73,3147.69,3161.42,3128.12,0.47,14.61,17724987,14950492928.0,1.06,0.13
2021-06-17,3144.77,3136.7,3162.56,3136.7,-0.35,-10.99,16812335,13096414208.0,0.82,0.13
2021-06-18,3136.87,3118.76,3136.87,3112.14,-0.57,-17.94,18143873,15858302976.0,0.79,0.14
2021-06-21,3125.98,3109.8,3127.32,3103.36,-0.29,-8.96,19601602,17311270656.0,0.77,0.15
2021-06-22,3122.84,3137.31,3150.43,3119.05,0.88,27.51,19752914,18630864640.0,1.01,0.15
2021-06-23,3145.57,3136.02,3145.58,3127.93,-0.04,-1.29,17860044,15368350464.0,0.56,0.13
2021-06-24,3145.1,3157.36,3157.36,3127.54,0.68,21.34,18678900,16068532992.0,0.95,0.14
2021-06-25,3160.54,3205.81,3211.58,3160.54,1.53,48.45,22363355,19967151872.0,1.62,0.17
2021-06-28,3207.05,3155.82,3207.05,3150.07,-1.56,-49.99,19938442,19422801664.0,1.78,0.15
2021-06-29,3152.2,3141.24,3165.96,3141.07,-0.46,-14.58,19653728,18630767104.0,0.79,0.15
2021-06-30,3150.64,3151.97,3165.63,3146.52,0.34,10.73,15936589,15201195264.0,0.61,0.12
2021-07-01,3160.2,3178.7,3191.2,3157.65,0.85,26.73,22284778,22706454528.0,1.06,0.17
2021-07-02,3157.7,3133.9,3157.85,3129.73,-1.41,-44.8,22015589,22147170816.0,0.88,0.17
2021-07-05,3122.29,3124.13,3125.21,3101.57,-0.31,-9.77,19170912,16814696192.0,0.75,0.14
2021-07-06,3119.16,3150.7,3156.5,3113.49,0.85,26.57,20673840,18167728640.0,1.38,0.16
2021-07-07,3142.85,3138.24,3156.57,3130.4,-0.4,-12.46,17763634,15132941824.0,0.83,0.13
2021-07-08,3153.81,3095.73,3155.58,3090.3,-1.35,-42.51,26635531,28592094720.0,2.08,0.2
2021-07-09,3085.54,3075.46,3106.64,3069.42,-0.65,-20.27,21712660,20057490688.0,1.2,0.16
2021-07-12,3103.38,3058.26,3106.91,3052.1,-0.56,-17.2,28869822,25127203328.0,1.78,0.22
2021-07-13,3056.93,3071.1,3076.14,3035.13,0.42,12.84,21836097,17948183040.0,1.34,0.16
2021-07-14,3068.68,3025.48,3068.68,3021.77,-1.49,-45.62,24891201,20789965824.0,1.53,0.19
2021-07-15,3026.96,3087.83,3096.22,3025.71,2.06,62.35,26388199,24003269376.0,2.33,0.2
2021-07-16,3073.95,3070.09,3082.57,3059.24,-0.57,-17.74,18743828,15690321920.0,0.76,0.14
2021-07-19,3069.26,3062.5,3069.7,3032.46,-0.25,-7.59,18852461,15498795008.0,1.21,0.14
2021-07-20,3050.21,3040.85,3055.83,3032.51,-0.71,-21.65,15293408,13467774976.0,0.76,0.11
2021-07-21,3045.16,3033.44,3053.98,3024.32,-0.24,-7.41,17337520,15404712704.0,0.98,0.13
2021-07-22,3034.89,3047.17,3066.05,3027.99,0.45,13.73,16497818,15087479808.0,1.25,0.12
2021-07-23,3041.52,3034.84,3056.27,3016.64,-0.4,-12.33,16175740,13639268864.0,1.3,0.12
2021-07-26,3023.67,2963.67,3023.96,2961.72,-2.35,-71.17,24267919,21037166592.0,2.05,0.18
2021-07-27,2963.65,2907.28,2972.11,2904.34,-1.9,-56.39,24152130,21213778432.0,2.29,0.18
2021-07-28,2908.22,2925.87,2945.4,2907.94,0.64,18.59,24024168,19620602368.0,1.29,0.18
2021-07-29,2930.32,2906.52,2930.93,2898.98,-0.66,-19.35,19101092,16025478400.0,1.09,0.14
2021-07-30,2898.33,2865.86,2898.33,2859.33,-1.4,-40.66,18049282,15100387840.0,1.34,0.14
2021-08-02,2854.87,2901.98,2923.34,2834.0,1.26,36.12,23956918,19683972096.0,3.12,0.18
2021-08-03,2889.21,2891.39,2896.33,2869.1,-0.36,-10.59,16573487,13870906880.0,0.94,0.12
2021-08-04,2888.92,2870.95,2893.07,2865.05,-0.71,-20.44,14662502,12688496128.0,0.97,0.11
2021-08-05,2866.69,2867.5,2889.76,2862.88,-0.12,-3.45,13672646,11279270656.0,0.94,0.1
2021-08-06,2861.16,2871.99,2875.73,2841.19,0.16,4.49,14143327,12166383360.0,1.2,0.11
2021-08-09,2868.28,2923.29,2941.83,2867.31,1.79,51.3,22617677,21315633664.0,2.59,0.17
2021-08-10,2919.46,2964.37,2966.14,2907.82,1.41,41.08,20664150,19461037568.0,2.0,0.16
2021-08-11,2962.05,2980.73,3009.89,2962.05,0.55,16.36,26891700,21940739840.0,1.61,0.2
2021-08-12,2972.54,2964.97,2985.99,2962.98,-0.53,-15.76,13829703,12262746880.0,0.77,0.1
2021-08-13,2962.25,2959.45,2967.05,2950.05,-0.19,-5.52,12358380,11372731136.0,0.57,0.09
2021-08-16,2968.43,2968.59,2975.72,2948.9,0.31,9.14,15495935,15134664448.0,0.91,0.12
2021-08-17,2964.25,2946.12,2994.46,2943.55,-0.76,-22.47,18855558,15524718080.0,1.71,0.14
2021-08-18,2943.51,3028.07,3036.92,2943.51,2.78,81.95,27688762,26856359424.0,3.17,0.21
2021-08-19,3018.51,2978.49,3021.9,2968.62,-1.64,-49.58,19326602,17701731328.0,1.76,0.15
2021-08-20,2966.02,2955.84,2978.91,2931.04,-0.76,-22.65,21153963,19629280256.0,1.61,0.16
2021-08-23,2947.04,2949.36,2965.18,2943.45,-0.22,-6.48,18613288,16986118400.0,0.74,0.14
2021-08-24,2949.11,2951.51,2969.12,2936.65,0.07,2.15,19112659,16891166976.0,1.1,0.14
2021-08-25,2948.71,2933.87,2958.11,2928.43,-0.6,-17.64,18102252,14938323200.0,1.01,0.14
2021-08-26,2935.24,2909.97,2935.45,2907.69,-0.81,-23.9,17738105,16749993984.0,0.95,0.13
2021-08-27,2908.21,2909.76,2929.91,2906.35,-0.01,-0.21,15287752,13334893312.0,0.81,0.11
2021-08-30,2905.66,2871.47,2906.03,2863.44,-1.32,-38.29,23929488,21679951104.0,1.46,0.18
2021-08-31,2869.8,2910.13,2912.11,2868.03,1.35,38.66,24077250,19391623936.0,1.54,0.18
2021-09-01,2905.94,2968.22,2974.46,2895.15,2.0,58.09,36600460,29435201792.0,2.73,0.28
2021-09-02,2963.47,2976.03,2976.39,2954.15,0.26,7.81,24278253,22737884672.0,0.75,0.18
2021-09-03,2981.54,2983.51,3008.93,2951.41,0.25,7.48,28270991,22402287104.0,1.93,0.21
2021-09-06,2973.8,2989.04,3002.02,2972.46,0.19,5.53,22067904,17831791616.0,0.99,0.17
2021-09-07,2991.66,3024.36,3030.25,2975.5,1.18,35.32,29028627,23876230912.0,1.83,0.22
2021-09-08,3019.62,3037.51,3055.91,3016.15,0.43,13.15,26356220,20789022208.0,1.31,0.2
2021-09-09,3026.9,3037.2,3044.81,3013.23,-0.01,-0.31,22466774,16692328192.0,1.04,0.17
2021-09-10,3034.5,3084.41,3123.56,3034.01,1.55,47.21,38878485,33625105664.0,2.95,0.29
2021-09-13,3071.41,3073.81,3079.0,3056.14,-0.34,-10.6,26982198,21839686656.0,0.74,0.2
2021-09-14,3076.14,3004.91,3081.52,3003.25,-2.24,-68.9,30440957,23492689920.0,2.55,0.23
2021-09-15,2996.47,2991.17,3011.24,2981.86,-0.46,-13.74,20015466,16219045376.0,0.98,0.15
2021-09-16,2992.25,2967.12,3012.64,2967.11,-0.8,-24.05,24687706,18621059584.0,1.52,0.19
2021-09-17,2965.91,2960.83,2972.32,2947.41,-0.21,-6.29,19525845,15158700288.0,0.84,0.15
2021-09-22,2902.9,2909.65,2915.69,2885.86,-1.73,-51.18,25624447,22283242240.0,1.01,0.19
2021-09-23,2920.89,2926.96,2957.62,2920.36,0.59,17.31,20780712,17492990976.0,1.28,0.16
2021-09-24,2927.99,2899.62,2930.1,2897.92,-0.93,-27.34,18007745,14332014080.0,1.1,0.14
2021-09-27,2897.08,2888.09,2902.2,2873.56,-0.4,-11.53,20498381,16818844672.0,0.99,0.15
2021-09-28,2886.78,2930.3,2938.63,2886.78,1.46,42.21,21997509,18249874944.0,1.8,0.17
2021-09-29,2914.1,2940.07,2954.48,2903.04,0.33,9.77,23363202,19906083584.0,1.76,0.18
2021-09-30,2934.3,2915.2,2934.3,2904.11,-0.85,-24.87,17525354,14505795584.0,1.03,0.13
2021-10-08,2925.43,2958.36,2964.91,2925.43,1.48,43.16,20670156,16877922560.0,1.35,0.16
2021-10-11,2965.53,3003.45,3030.3,2965.53,1.52,45.09,25382176,23482440192.0,2.19,0.19
2021-10-12,2988.44,2993.28,3017.54,2978.61,-0.34,-10.17,21235826,18162373376.0,1.3,0.16
2021-10-13,2990.36,3005.45,3013.97,2965.84,0.41,12.17,15682975,13479648768.0,1.61,0.12
2021-10-14,2999.6,2977.44,3007.95,2975.96,-0.93,-28.01,12722066,11029089024.0,1.06,0.1
2021-10-15,2979.25,2984.11,3001.64,2976.57,0.22,6.67,16614214,14171457536.0,0.84,0.12
2021-10-18,2979.59,2981.09,2986.86,2963.72,-0.1,-3.02,17199925,14402701568.0,0.78,0.13
2021-10-19,2977.04,2996.02,3008.79,2977.04,0.5,14.93,15736234,13130696192.0,1.07,0.12
2021-10-20,3000.97,2976.56,3007.18,2973.18,-0.65,-19.46,14195365,11576241408.0,1.13,0.11
2021-10-21,2994.47,3034.01,3037.25,2994.4,1.93,57.45,25043520,22103565312.0,1.44,0.19
2021-10-22,3040.32,3026.83,3064.83,3019.74,-0.24,-7.18,20316756,18086008832.0,1.49,0.15
2021-10-25,3010.85,3018.77,3022.78,2989.74,-0.27,-8.06,16909572,15341705216.0,1.09,0.13
2021-10-26,3017.02,3018.59,3035.12,3007.92,-0.01,-0.18,18207264,16535747840.0,0.9,0.14
2021-10-27,3010.18,2982.72,3011.22,2968.76,-1.19,-35.87,17744389,14691515648.0,1.41,0.13
2021-10-28,2975.45,2956.53,2985.34,2952.41,-0.88,-26.19,15244034,12262806528.0,1.1,0.11
2021-10-29,2962.86,2949.81,2965.62,2939.67,-0.23,-6.72,19259989,16472665344.0,0.88,0.14
2021-11-01,2948.16,2973.7,2987.67,2935.14,0.81,23.89,27576183,21113175296.0,1.78,0.21
2021-11-02,2971.72,2911.44,2976.78,2898.15,-2.09,-62.26,30259036,26712874752.0,2.64,0.23
2021-11-03,2910.82,2912.93,2918.09,2903.04,0.05,1.49,16591084,14062655232.0,0.52,0.12
2021-11-04,2915.37,2902.1,2916.25,2896.25,-0.37,-10.83,14448382,12450591488.0,0.69,0.11
2021-11-05,2898.32,2882.55,2898.45,2881.61,-0.67,-19.55,14307171,12084585472.0,0.58,0.11
2021-11-08,2879.79,2878.04,2888.98,2870.56,-0.16,-4.51,14917327,12871950080.0,0.64,0.11
2021-11-09,2883.19,2877.24,2887.31,2865.11,-0.03,-0.8,12650972,11404646656.0,0.77,0.1
2021-11-10,2874.96,2876.72,2879.12,2856.07,-0.02,-0.52,15174861,13135066880.0,0.8,0.11
2021-11-11,2873.59,2924.75,2925.91,2870.72,1.67,48.03,21046499,20586209280.0,1.92,0.16
2021-11-12,2923.73,2911.78,2929.19,2906.88,-0.44,-12.97,13730658,11605861888.0,0.76,0.1
2021-11-15,2912.33,2923.43,2924.65,2906.13,0.4,11.65,12071198,10181025792.0,0.64,0.09
2021-11-16,2921.1,2904.86,2929.55,2901.15,-0.64,-18.57,12423451,9931050752.0,0.97,0.09
2021-11-17,2900.75,2892.01,2906.39,2888.85,-0.44,-12.85,12464478,9857176320.0,0.6,0.09
2021-11-18,2890.02,2877.51,2890.71,2876.58,-0.5,-14.5,12018800,9906876160.0,0.49,0.09
2021-11-19,2877.72,2907.92,2908.87,2875.6,1.06,30.41,14980152,12549491456.0,1.16,0.11
2021-11-22,2902.91,2888.76,2903.39,2888.51,-0.66,-19.16,14830445,13537437696.0,0.51,0.11
2021-11-23,2889.27,2896.68,2905.07,2886.49,0.27,7.92,13610154,12911898112.0,0.64,0.1
2021-11-24,2896.5,2901.58,2911.28,2887.19,0.17,4.9,12874240,10576448256.0,0.83,0.1
2021-11-25,2898.91,2895.26,2901.52,2890.27,-0.22,-6.32,10218682,7585456896.0,0.39,0.08
2021-11-26,2891.47,2878.96,2891.68,2877.23,-0.56,-16.3,13408499,12214743040.0,0.5,0.1
2021-11-29,2862.32,2866.38,2873.83,2860.17,-0.44,-12.58,16369192,13239743488.0,0.47,0.12
2021-11-30,2867.51,2866.42,2881.88,2859.73,0.0,0.04,15299184,11913833216.0,0.77,0.12
2021-12-01,2864.13,2886.04,2886.11,2863.71,0.68,19.62,14304559,10986122752.0,0.78,0.11
2021-12-02,2882.83,2888.32,2895.64,2873.52,0.08,2.28,16677499,14630279168.0,0.77,0.13
2021-12-03,2891.76,2902.28,2902.28,2874.7,0.48,13.96,15274086,13442388480.0,0.95,0.11
2021-12-06,2911.73,2911.58,2944.99,2905.26,0.32,9.3,23368688,20620453632.0,1.37,0.18
2021-12-07,2932.35,2927.62,2935.73,2906.41,0.55,16.04,24747512,21893633792.0,1.01,0.19
2021-12-08,2929.15,2924.26,2929.15,2908.09,-0.11,-3.36,19857080,16333472000.0,0.72,0.15
2021-12-09,2921.13,2954.04,2972.86,2916.58,1.02,29.78,28766824,23855083520.0,1.92,0.22
2021-12-10,2937.23,2937.88,2954.01,2928.65,-0.55,-16.16,28201808,20263252736.0,0.86,0.21
2021-12-13,2937.44,2921.94,2957.04,2921.03,-0.54,-15.94,23987175,20094821888.0,1.23,0.18
2021-12-14,2918.19,2898.39,2918.19,2893.1,-0.81,-23.55,21702048,19335179776.0,0.86,0.16
2021-12-15,2895.02,2897.19,2903.9,2890.92,-0.04,-1.2,15627288,12971800064.0,0.45,0.12
2021-12-16,2898.1,2911.18,2911.34,2892.52,0.48,13.99,15786902,12761307392.0,0.65,0.12
2021-12-17,2910.04,2899.36,2913.25,2898.28,-0.41,-11.82,15225883,12502431488.0,0.51,0.11
2021-12-20,2893.52,2888.86,2901.68,2885.9,-0.36,-10.5,16085016,12846787072.0,0.54,0.12
2021-12-21,2888.52,2931.36,2936.34,2888.5,1.47,42.5,23437970,15800195584.0,1.66,0.18
2021-12-22,2937.09,2907.84,2937.09,2907.59,-0.8,-23.52,17675355,13107126528.0,1.01,0.13
2021-12-23,2909.65,2905.41,2916.25,2898.95,-0.08,-2.43,14613816,13060513280.0,0.59,0.11
2021-12-24,2906.67,2898.04,2906.77,2896.73,-0.25,-7.37,13057739,10100963584.0,0.35,0.1
2021-12-27,2899.29,2888.34,2903.09,2883.09,-0.33,-9.7,13475028,12984267008.0,0.69,0.1
2021-12-28,2888.53,2896.41,2898.1,2886.59,0.28,8.07,17446167,14482930176.0,0.4,0.13
2021-12-29,2894.18,2881.85,2894.23,2880.54,-0.5,-14.56,14747261,16672329728.0,0.47,0.11
2021-12-30,2881.37,2887.35,2896.54,2880.92,0.19,5.5,15474636,14527890944.0,0.54,0.12
2021-12-31,2887.27,2890.7,2893.48,2882.48,0.12,3.35,14516233,12692227072.0,0.38,0.11
2022-01-04,2890.0,2908.61,2908.93,2883.67,0.62,17.91,22021754,17456122112.0,0.87,0.17
2022-01-05,2910.2,2939.59,2950.34,2907.93,1.07,30.98,36438529,28807638016.0,1.46,0.27
2022-01-06,2934.27,2928.18,2943.27,2925.91,-0.39,-11.41,22557196,18164474368.0,0.59,0.17
2022-01-07,2929.62,2972.76,2978.78,2929.62,1.52,44.58,33821525,23572515328.0,1.68,0.25
2022-01-10,2981.56,2989.28,3003.13,2966.93,0.56,16.52,27264075,21427368704.0,1.22,0.2
2022-01-11,2991.26,3015.61,3033.25,2982.48,0.88,26.33,29366334,25416656640.0,1.7,0.22
2022-01-12,3022.41,3014.72,3022.62,2994.39,-0.03,-0.89,27356471,21892254976.0,0.94,0.21
2022-01-13,3010.46,3028.92,3059.7,3009.23,0.47,14.2,28477930,20388998656.0,1.67,0.21
2022-01-14,3024.21,2969.37,3024.21,2967.59,-1.97,-59.55,30807959,24085101312.0,1.87,0.23
2022-01-17,2968.89,2965.94,2987.46,2959.15,-0.12,-3.43,19142848,15510965504.0,0.95,0.14
2022-01-18,2976.77,3020.9,3021.54,2975.11,1.85,54.96,26651807,21576397312.0,1.57,0.2
2022-01-19,3022.47,3044.04,3049.04,3021.41,0.77,23.14,23951654,20371619072.0,0.91,0.18
2022-01-20,3047.76,3089.02,3111.09,3044.02,1.48,44.98,42289034,37035869952.0,2.2,0.32
2022-01-21,3077.11,3068.19,3084.35,3060.69,-0.67,-20.83,28527777,24016346624.0,0.77,0.21
2022-01-24,3054.62,3048.26,3065.24,3026.98,-0.65,-19.93,23162718,18974459904.0,1.25,0.17
2022-01-25,3033.76,2980.77,3033.76,2980.77,-2.21,-67.49,26536087,20410527744.0,1.74,0.2
2022-01-26,2982.25,2983.04,2990.98,2965.45,0.08,2.27,20311419,15697503744.0,0.86,0.15
2022-01-27,2975.35,2977.13,3005.06,2957.95,-0.2,-5.91,23697445,18129443584.0,1.58,0.18
2022-01-28,2979.55,2943.26,2983.13,2943.26,-1.14,-33.87,26245031,20552530176.0,1.34,0.2
2022-02-07,2969.57,3014.55,3020.68,2969.13,2.42,71.29,30439998,24819535104.0,1.75,0.23
2022-02-08,3011.89,3076.44,3077.26,3010.46,2.05,61.89,42292866,28971713792.0,2.22,0.32
2022-02-09,3080.57,3071.53,3098.7,3066.45,-0.16,-4.91,34511566,24646600192.0,1.05,0.26
2022-02-10,3066.47,3093.9,3094.03,3050.43,0.73,22.37,26654011,18607546112.0,1.42,0.2
2022-02-11,3088.31,3120.49,3141.06,3087.52,0.86,26.59,33298190,27261999872.0,1.73,0.25
2022-02-14,3107.92,3053.88,3108.14,3048.58,-2.13,-66.61,30265648,22961744384.0,1.91,0.23
2022-02-15,3049.15,3031.38,3068.6,3017.84,-0.74,-22.5,26235934,21224479744.0,1.66,0.2
2022-02-16,3040.83,3051.96,3068.83,3038.1,0.68,20.58,18105981,14328130304.0,1.01,0.14
2022-02-17,3051.49,3042.41,3064.46,3040.0,-0.31,-9.55,19840952,16019146752.0,0.8,0.15
2022-02-18,3033.2,3079.01,3079.01,3031.94,1.2,36.6,20270948,15649822208.0,1.55,0.15
2022-02-21,3070.73,3070.61,3075.66,3044.93,-0.27,-8.4,18869992,14316986880.0,1.0,0.14
2022-02-22,3053.3,3045.12,3066.32,3035.69,-0.83,-25.49,18446261,15268994816.0,1.0,0.14
2022-02-23,3048.95,3028.03,3049.09,3020.87,-0.56,-17.09,21340964,16535832832.0,0.93,0.16
2022-02-24,3021.58,2979.41,3024.47,2966.05,-1.61,-48.62,28517830,20329995520.0,1.93,0.21
2022-02-25,2987.46,2969.37,2994.76,2961.96,-0.34,-10.04,22549386,17015015680.0,1.1,0.17
2022-02-28,2965.99,2963.43,2966.97,2936.51,-0.2,-5.94,20189684,14756439296.0,1.03,0.15
2022-03-01,2968.97,2997.9,3001.74,2961.82,1.16,34.47,21339254,16907718912.0,1.35,0.16
2022-03-02,2983.34,2999.97,3010.22,2981.69,0.07,2.07,17601315,13648685056.0,0.95,0.13
2022-03-03,3005.94,3024.53,3027.63,3005.34,0.82,24.56,20591208,15421215232.0,0.74,0.15
2022-03-04,3018.62,3001.43,3018.62,2983.98,-0.76,-23.1,20886663,16239906304.0,1.15,0.16
2022-03-07,2989.68,2963.25,2997.67,2957.27,-1.27,-38.18,24758420,20867757568.0,1.35,0.19
2022-03-08,2957.41,2903.05,2962.38,2900.49,-2.03,-60.2,27232487,20977381632.0,2.09,0.2
2022-03-09,2909.8,2856.5,2912.97,2794.65,-1.6,-46.55,38821856,26901464832.0,4.08,0.29
2022-03-10,2889.82,2870.3,2895.34,2869.95,0.48,13.8,24551488,19342412288.0,0.89,0.18
2022-03-11,2854.46,2893.53,2899.34,2823.44,0.81,23.23,27784954,20410243328.0,2.64,0.21
2022-03-14,2862.12,2833.87,2889.42,2833.87,-2.06,-59.66,24656835,19370089216.0,1.92,0.19
2022-03-15,2822.91,2722.33,2823.14,2721.34,-3.94,-111.54,42579138,30483207936.0,3.59,0.32
2022-03-16,2743.41,2799.75,2813.28,2693.73,2.84,77.42,38675813,28912483584.0,4.39,0.29
2022-03-17,2820.94,2807.71,2838.36,2799.89,0.28,7.96,33170853,26110908672.0,1.37,0.25
2022-03-18,2802.33,2858.36,2872.18,2798.85,1.8,50.65,35708821,26471884288.0,2.61,0.27
2022-03-21,2856.26,2828.55,2856.26,2818.39,-1.04,-29.81,23303054,18543699712.0,1.32,0.18
2022-03-22,2824.27,2872.54,2888.31,2823.4,1.56,43.99,27941556,19929143040.0,2.29,0.21
2022-03-23,2863.05,2855.09,2866.06,2838.12,-0.61,-17.45,23876752,20439288320.0,0.97,0.18
2022-03-24,2845.79,2849.84,2866.26,2837.72,-0.18,-5.25,18142539,14221280000.0,1.0,0.14
2022-03-25,2848.83,2849.17,2873.48,2841.05,-0.02,-0.67,20121673,14474473728.0,1.14,0.15
2022-03-28,2836.55,2877.2,2892.71,2807.88,0.98,28.03,27808175,17480898304.0,2.98,0.21
2022-03-29,2877.98,2880.88,2887.98,2865.55,0.13,3.68,21151438,13919510784.0,0.78,0.16
2022-03-30,2885.3,2918.72,2919.62,2876.15,1.31,37.84,28151671,19185086464.0,1.51,0.21
2022-03-31,2905.93,2970.66,2987.18,2902.2,1.78,51.94,38436538,25220293888.0,2.91,0.29
2022-04-01,2952.35,3049.28,3049.44,2952.18,2.65,78.62,39185800,27494914816.0,3.27,0.29
2022-04-06,3034.12,3113.44,3124.98,3031.88,2.1,64.16,46110444,32405457920.0,3.05,0.35
2022-04-07,3108.0,3061.36,3136.39,3060.48,-1.67,-52.08,38983489,26918866432.0,2.44,0.29
2022-04-08,3059.34,3085.77,3091.66,3035.7,0.8,24.41,29679810,20886496768.0,1.83,0.22
2022-04-11,3065.06,3014.88,3065.4,3005.54,-2.3,-70.89,28374785,20470193920.0,1.94,0.21
2022-04-12,3010.57,3042.41,3063.07,2983.82,0.91,27.53,30723992,22028167680.0,2.63,0.23
2022-04-13,3029.13,3031.09,3061.21,3024.58,-0.37,-11.32,24545918,17716360960.0,1.2,0.18
2022-04-14,3057.06,3031.11,3068.35,3029.31,0.0,0.02,23224477,17467025408.0,1.29,0.17
2022-04-15,3019.05,3074.28,3086.23,3018.4,1.42,43.17,27285774,20989063168.0,2.24,0.21
2022-04-18,3036.24,2999.41,3036.24,2993.74,-2.44,-74.87,29074209,28631134976.0,1.38,0.22
2022-04-19,2994.53,3015.18,3023.22,2972.45,0.53,15.77,23644858,25282414592.0,1.69,0.18
2022-04-20,3013.72,2970.58,3022.96,2963.96,-1.48,-44.6,20972863,18456072960.0,1.96,0.16
2022-04-21,2960.52,2943.12,2993.28,2933.42,-0.92,-27.46,27679624,21058304512.0,2.02,0.21
2022-04-22,2933.41,2990.03,3002.95,2932.73,1.59,46.91,29532306,23246405376.0,2.39,0.22
2022-04-25,2956.85,2888.78,2979.87,2888.5,-3.39,-101.25,41754654,34523956224.0,3.06,0.31
2022-04-26,2893.57,2842.4,2908.59,2838.08,-1.61,-46.38,32765329,24619412736.0,2.44,0.25
2022-04-27,2821.71,2850.61,2851.77,2804.17,0.29,8.21,33744400,26190259712.0,1.67,0.25
2022-04-28,2844.22,2872.6,2894.28,2838.58,0.77,21.99,30604069,24442113280.0,1.95,0.23
2022-04-29,2876.7,2889.22,2900.27,2839.63,0.58,16.62,35469348,27620216576.0,2.11,0.27
2022-05-05,2882.29,2904.81,2909.8,2877.85,0.54,15.59,32285982,22614902016.0,1.11,0.24
2022-05-06,2872.95,2840.07,2875.1,2835.54,-2.23,-64.74,22832396,17029775616.0,1.36,0.17
2022-05-09,2831.98,2816.18,2840.05,2804.35,-0.84,-23.89,18852572,16135194880.0,1.26,0.14
2022-05-10,2798.97,2838.7,2842.49,2777.34,0.8,22.52,26216268,20024649472.0,2.31,0.2
2022-05-11,2832.19,2825.7,2850.35,2821.77,-0.46,-13.0,26676096,19112282112.0,1.01,0.2
2022-05-12,2814.14,2813.87,2830.12,2803.46,-0.42,-11.83,17851006,13049991936.0,0.94,0.13
2022-05-13,2822.0,2844.55,2853.07,2822.0,1.09,30.68,19267390,15176518656.0,1.1,0.14
2022-05-16,2846.86,2828.96,2846.86,2814.06,-0.55,-15.59,20592806,15765665280.0,1.15,0.15
2022-05-17,2831.09,2835.98,2846.85,2813.77,0.25,7.02,22788528,18308593664.0,1.17,0.17
2022-05-18,2840.12,2816.57,2841.48,2810.34,-0.68,-19.41,19555361,16219142656.0,1.1,0.15
2022-05-19,2793.64,2803.93,2807.53,2786.51,-0.45,-12.64,18593162,13236385792.0,0.75,0.14
2022-05-20,2808.15,2830.68,2834.75,2808.15,0.95,26.75,24144858,20216369408.0,0.95,0.18
2022-05-23,2831.09,2821.7,2832.48,2814.72,-0.32,-8.98,18793618,14118461184.0,0.63,0.14
2022-05-24,2826.01,2780.63,2829.13,2780.58,-1.46,-41.07,22479530,15714943744.0,1.72,0.17
2022-05-25,2779.92,2799.27,2800.44,2776.52,0.67,18.64,16711484,11537897472.0,0.86,0.13
2022-05-26,2803.5,2814.13,2815.52,2790.32,0.53,14.86,19179944,14266075648.0,0.9,0.14
2022-05-27,2818.02,2815.18,2824.45,2802.68,0.04,1.05,16529263,12689630208.0,0.77,0.12
2022-05-30,2820.13,2805.04,2823.12,2798.52,-0.36,-10.14,20499871,13994017024.0,0.87,0.15
2022-05-31,2804.19,2814.31,2818.51,2791.83,0.33,9.27,21857384,15657973760.0,0.95,0.16
2022-06-01,2812.11,2809.96,2813.78,2800.03,-0.15,-4.35,17912678,12516015616.0,0.49,0.13
2022-06-02,2803.67,2808.33,2811.17,2795.81,-0.06,-1.63,17085241,12608409856.0,0.55,0.13
2022-06-06,2806.23,2814.67,2816.05,2784.59,0.23,6.34,29623371,21689797376.0,1.12,0.22
2022-06-07,2812.09,2839.21,2845.49,2806.23,0.87,24.54,24530591,19119642880.0,1.39,0.18
2022-06-08,2839.79,2845.63,2849.65,2825.23,0.23,6.42,21763085,16013602816.0,0.86,0.16
2022-06-09,2845.56,2876.43,2878.65,2842.84,1.08,30.8,28315855,22300613888.0,1.26,0.21
2022-06-10,2864.42,2900.1,2901.76,2859.7,0.82,23.67,33789729,22773606400.0,1.46,0.25
2022-06-13,2881.35,2853.0,2885.18,2838.86,-1.62,-47.1,27520421,20856222720.0,1.6,0.21
2022-06-14,2837.01,2910.25,2912.17,2834.88,2.01,57.25,28984880,19205596416.0,2.71,0.22
2022-06-15,2910.21,2969.82,3019.14,2909.4,2.05,59.57,50129891,37451452416.0,3.77,0.38
2022-06-16,2964.05,2912.76,2964.86,2910.27,-1.92,-57.06,30314026,21289378304.0,1.84,0.23
2022-06-17,2902.93,2908.74,2921.54,2880.7,-0.14,-4.02,23590750,16592423800.0,1.4,0.18
2022-06-20,2904.12,2884.53,2908.05,2880.58,-0.83,-24.21,22423726,16545418635.0,0.94,0.17
2022-06-21,2885.91,2898.36,2910.11,2879.59,0.48,13.83,23614962,16662768725.0,1.06,0.18
2022-06-22,2898.11,2867.04,2898.3,2866.1,-1.08,-31.32,19943125,14598444252.0,1.11,0.15
2022-06-23,2869.0,2890.12,2891.92,2865.68,0.81,23.08,20782487,14316715005.0,0.92,0.16
2022-06-24,2891.42,2875.84,2891.96,2866.47,-0.49,-14.28,22043748,16464471234.0,0.88,0.17
2022-06-27,2875.67,2890.12,2894.36,2872.83,0.5,14.28,26270938,20188415636.0,0.75,0.2
2022-06-28,2889.87,2908.99,2910.48,2885.96,0.65,18.87,23043490,16413223697.0,0.85,0.17
2022-06-29,2908.32,2911.69,2929.17,2905.62,0.09,2.7,24684244,18409440283.0,0.81,0.19
2022-06-30,2908.01,2923.94,2934.1,2901.49,0.42,12.25,26321889,21710414226.0,1.12,0.2
2022-07-01,2925.13,2917.12,2929.22,2913.51,-0.23,-6.82,17080208,13940340617.0,0.54,0.13
2022-07-04,2915.05,2906.7,2916.18,2895.99,-0.36,-10.42,21324127,16263907769.0,0.69,0.16
2022-07-05,2909.31,2907.25,2921.6,2895.96,0.02,0.55,19660423,15022230537.0,0.88,0.15
2022-07-06,2907.38,2879.38,2907.38,2871.59,-0.96,-27.87,22794896,16881204688.0,1.23,0.17
2022-07-07,2880.88,2882.34,2893.66,2871.91,0.1,2.96,17086403,12506981987.0,0.76,0.13
2022-07-08,2892.76,2885.91,2892.76,2876.25,0.12,3.57,17549292,12257130052.0,0.57,0.13
2022-07-11,2890.33,2902.4,2909.39,2888.16,0.57,16.49,26202659,16166948592.0,0.74,0.2
2022-07-12,2907.39,2923.59,2937.98,2906.29,0.73,21.19,28448601,18290012741.0,1.09,0.21
2022-07-13,2921.13,2874.1,2921.13,2871.38,-1.69,-49.49,33005495,25728524985.0,1.7,0.25
2022-07-14,2861.07,2829.7,2861.07,2811.81,-1.54,-44.4,40290313,32771818978.0,1.71,0.3
2022-07-15,2835.67,2796.09,2851.95,2796.09,-1.19,-33.61,30989758,22907086269.0,1.97,0.23
2022-07-18,2803.25,2831.94,2835.93,2803.25,1.28,35.85,21682559,16263608463.0,1.17,0.16
2022-07-19,2837.62,2859.23,2863.96,2832.14,0.96,27.29,19479106,13069006318.0,1.12,0.15
2022-07-20,2868.68,2879.57,2882.83,2864.79,0.71,20.34,17331024,12151283250.0,0.63,0.13
2022-07-21,2881.08,2839.05,2881.08,2839.05,-1.41,-40.52,18863467,14854571022.0,1.46,0.14
2022-07-22,2845.46,2849.18,2864.17,2835.08,0.36,10.13,15843788,11713575470.0,1.02,0.12
2022-07-25,2847.33,2854.32,2859.39,2839.98,0.18,5.14,12710003,9258642602.0,0.68,0.1
2022-07-26,2855.62,2877.38,2881.84,2853.83,0.81,23.06,16058424,11637013400.0,0.98,0.12
2022-07-27,2875.19,2865.94,2875.19,2862.76,-0.4,-11.44,12880551,9344210649.0,0.43,0.1
2022-07-28,2870.2,2860.95,2877.9,2859.28,-0.17,-4.99,14513656,10476345942.0,0.65,0.11
2022-07-29,2863.71,2840.48,2869.91,2837.85,-0.72,-20.47,16097955,11668819010.0,1.12,0.12
2022-08-01,2835.72,2821.36,2836.02,2817.56,-0.67,-19.12,15815681,13015150345.0,0.65,0.12
2022-08-02,2808.7,2768.1,2808.7,2745.23,-1.89,-53.26,23850741,17109446350.0,2.25,0.18
2022-08-03,2766.56,2740.35,2783.52,2740.22,-1.0,-27.75,17478798,13091074028.0,1.56,0.13
2022-08-04,2753.05,2754.71,2756.23,2738.16,0.52,14.36,16883476,10965511731.0,0.66,0.13
2022-08-05,2757.61,2780.62,2782.21,2744.49,0.94,25.91,13857961,9589241661.0,1.37,0.1
2022-08-08,2778.16,2773.39,2792.47,2767.78,-0.26,-7.23,12668169,9044464278.0,0.89,0.1
2022-08-09,2774.59,2762.7,2774.59,2761.06,-0.39,-10.69,10222989,7724136467.0,0.49,0.08
2022-08-10,2764.81,2751.88,2771.93,2746.43,-0.39,-10.82,9988240,8023707171.0,0.92,0.08
2022-08-11,2760.65,2800.06,2802.92,2755.39,1.75,48.18,18245623,13874591355.0,1.73,0.14
2022-08-12,2792.26,2800.35,2804.27,2782.24,0.01,0.29,14698193,10196049874.0,0.79,0.11
2022-08-15,2790.95,2768.0,2795.22,2765.31,-1.16,-32.35,15243674,11662774544.0,1.07,0.11
2022-08-16,2770.91,2770.92,2779.35,2761.42,0.11,2.92,12150100,8720283919.0,0.65,0.09
2022-08-17,2774.95,2794.5,2797.87,2760.17,0.85,23.58,16058259,11662723928.0,1.36,0.12
2022-08-18,2790.87,2763.73,2790.87,2761.74,-1.1,-30.77,13124248,10427872078.0,1.04,0.1
2022-08-19,2756.97,2769.6,2782.55,2756.97,0.21,5.87,15183142,11830320505.0,0.93,0.11
2022-08-22,2763.1,2769.16,2781.23,2762.84,-0.02,-0.44,13628707,10394297906.0,0.66,0.1
2022-08-23,2767.16,2753.42,2767.19,2744.71,-0.57,-15.74,15392922,11432493343.0,0.81,0.12
2022-08-24,2752.92,2738.87,2768.88,2738.49,-0.53,-14.55,15484429,11211995154.0,1.1,0.12
2022-08-25,2743.93,2768.69,2771.29,2735.24,1.09,29.82,14877345,11721055938.0,1.32,0.11
2022-08-26,2770.72,2773.18,2779.84,2757.72,0.16,4.49,13101777,10415006425.0,0.8,0.1
2022-08-29,2755.69,2767.15,2767.6,2744.06,-0.22,-6.03,17261227,13392551661.0,0.85,0.13
2022-08-30,2767.24,2785.4,2788.44,2765.62,0.66,18.25,16568402,12367505165.0,0.82,0.12
2022-08-31,2781.78,2803.86,2816.32,2781.18,0.66,18.46,27211487,22400617950.0,1.26,0.2
2022-09-01,2799.3,2798.44,2814.81,2791.75,-0.19,-5.42,16192841,12048237476.0,0.82,0.12
2022-09-02,2801.72,2795.58,2812.59,2790.9,-0.1,-2.86,14733087,10280482965.0,0.78,0.11
2022-09-05,2793.35,2813.67,2815.07,2783.08,0.65,18.09,14904576,10262940029.0,1.14,0.11
2022-09-06,2816.25,2810.53,2830.82,2805.87,-0.11,-3.14,16501418,12736416755.0,0.89,0.12
2022-09-07,2808.82,2798.26,2808.96,2789.71,-0.44,-12.27,13523657,10328683734.0,0.68,0.1
2022-09-08,2801.99,2813.39,2820.52,2798.19,0.54,15.13,13935734,11040761565.0,0.8,0.1
2022-09-09,2818.12,2844.94,2852.24,2814.66,1.12,31.55,23131278,19850214187.0,1.34,0.17
2022-09-13,2850.43,2849.81,2868.66,2834.99,0.17,4.87,22676132,19430336870.0,1.18,0.17
2022-09-14,2829.07,2832.39,2845.62,2826.65,-0.61,-17.42,15979303,11363079437.0,0.67,0.12
2022-09-15,2842.57,2846.91,2867.18,2834.67,0.51,14.52,27126622,20892054809.0,1.15,0.2
2022-09-16,2845.58,2783.32,2847.93,2783.32,-2.23,-63.59,24599374,16858911555.0,2.27,0.18
2022-09-19,2787.56,2789.2,2797.33,2776.59,0.21,5.88,17404114,10843338363.0,0.75,0.13
2022-09-20,2795.42,2767.36,2795.42,2764.57,-0.78,-21.84,15898176,10661948677.0,1.11,0.12
2022-09-21,2765.36,2793.97,2802.26,2748.42,0.96,26.61,15574556,10357065975.0,1.95,0.12
2022-09-22,2782.92,2784.84,2790.35,2769.34,-0.33,-9.13,14792366,9391200513.0,0.75,0.11
2022-09-23,2780.81,2796.67,2808.7,2780.81,0.42,11.83,19911623,11286001146.0,1.0,0.15
2022-09-26,2785.82,2739.27,2794.76,2738.97,-2.05,-57.4,21671026,13276480607.0,1.99,0.16
2022-09-27,2740.86,2758.77,2760.33,2723.35,0.71,19.5,15651042,10382419347.0,1.35,0.12
2022-09-28,2752.9,2763.47,2791.21,2737.72,0.17,4.7,18454807,12017399534.0,1.94,0.14
2022-09-29,2771.91,2731.61,2780.71,2723.65,-1.15,-31.86,17189656,11915541809.0,2.06,0.13
2022-09-30,2731.7,2738.55,2753.76,2731.7,0.25,6.94,15121234,9900802048.0,0.81,0.11
2022-10-10,2731.27,2720.23,2748.17,2718.45,-0.67,-18.32,25657112,16588688898.0,1.09,0.19
2022-10-11,2722.58,2722.15,2735.01,2712.71,0.07,1.92,18260547,10913824300.0,0.82,0.14
2022-10-12,2721.12,2746.55,2746.55,2712.25,0.9,24.4,19470524,13398926401.0,1.26,0.15
2022-10-13,2739.21,2714.01,2740.64,2708.89,-1.18,-32.54,18782183,14446022246.0,1.16,0.14
2022-10-14,2726.37,2740.5,2753.34,2726.13,0.98,26.49,22374397,15995589530.0,1.0,0.17
2022-10-17,2730.46,2741.92,2747.09,2722.48,0.05,1.42,16158798,11058694077.0,0.9,0.12
2022-10-18,2751.97,2733.95,2757.3,2730.35,-0.29,-7.97,15270523,10671857168.0,0.98,0.11
2022-10-19,2728.75,2709.96,2738.04,2709.69,-0.88,-23.99,13866595,10316967442.0,1.04,0.1
2022-10-20,2705.4,2701.3,2715.9,2699.0,-0.32,-8.66,15936787,10491880131.0,0.62,0.12
2022-10-21,2707.05,2692.12,2709.87,2685.59,-0.34,-9.18,16639796,10700288864.0,0.9,0.13
2022-10-24,2694.44,2636.05,2701.22,2632.05,-2.08,-56.07,29280993,20017696551.0,2.57,0.22
2022-10-25,2635.42,2617.58,2643.31,2608.38,-0.7,-18.47,21463384,14493224437.0,1.33,0.16
2022-10-26,2618.57,2600.17,2631.17,2595.02,-0.67,-17.41,26460614,16025244037.0,1.38,0.2
2022-10-27,2603.63,2593.22,2610.01,2592.82,-0.27,-6.95,22364437,13213799233.0,0.66,0.17
2022-10-28,2589.4,2565.84,2600.78,2561.72,-1.06,-27.38,21516982,14028809009.0,1.51,0.16
2022-10-31,2558.89,2548.14,2569.24,2535.75,-0.69,-17.7,26903155,15978705116.0,1.31,0.2
2022-11-01,2548.34,2583.18,2583.18,2548.34,1.38,35.04,34641809,19076264839.0,1.37,0.26
2022-11-02,2572.78,2575.56,2581.86,2556.25,-0.29,-7.62,24802693,15265053050.0,0.99,0.19
2022-11-03,2564.19,2557.97,2565.7,2548.03,-0.68,-17.59,14959901,9947556042.0,0.69,0.11
2022-11-04,2555.45,2601.32,2605.04,2555.45,1.69,43.35,24743874,15776285110.0,1.94,0.19
2022-11-07,2591.8,2598.74,2602.18,2584.7,-0.1,-2.58,19579388,12232243759.0,0.67,0.15
2022-11-08,2597.69,2595.4,2602.78,2585.29,-0.13,-3.34,14587675,8749330008.0,0.67,0.11
2022-11-09,2594.61,2595.89,2612.29,2592.71,0.02,0.49,12603352,8545599028.0,0.75,0.09
2022-11-10,2585.71,2600.61,2604.14,2575.96,0.18,4.72,15179198,8676894216.0,1.09,0.11
2022-11-11,2627.43,2666.89,2686.59,2617.04,2.55,66.28,33917640,25692161302.0,2.67,0.25
2022-11-14,2682.91,2695.98,2727.35,2682.91,1.09,29.09,34657964,29747247597.0,1.67,0.26
2022-11-15,2690.29,2710.0,2729.6,2683.36,0.52,14.02,21724514,16346376703.0,1.72,0.16
2022-11-16,2704.21,2685.97,2704.42,2683.23,-0.89,-24.03,16436287,11930875386.0,0.78,0.12
2022-11-17,2682.12,2680.45,2684.07,2669.04,-0.21,-5.52,15410023,11854387472.0,0.56,0.12
2022-11-18,2685.76,2664.95,2687.3,2660.15,-0.58,-15.5,17307931,11183383183.0,1.01,0.13
2022-11-21,2656.16,2658.0,2662.42,2639.05,-0.26,-6.95,15089522,10056007340.0,0.88,0.11
2022-11-22,2659.9,2698.06,2711.88,2659.9,1.51,40.06,26212013,16408876465.0,1.96,0.2
2022-11-23,2699.64,2710.67,2737.71,2698.94,0.47,12.61,28613672,16670926565.0,1.44,0.22
2022-11-24,2721.09,2710.94,2730.83,2704.5,0.01,0.27,16079951,9858598279.0,0.97,0.12
2022-11-25,2709.61,2780.63,2784.35,2709.61,2.57,69.69,37651977,22474151122.0,2.76,0.28
2022-11-28,2748.21,2735.17,2748.21,2708.29,-1.63,-45.46,28656019,17198892612.0,1.44,0.22
2022-11-29,2752.42,2831.0,2852.15,2752.42,3.5,95.83,50213865,37224852743.0,3.65,0.38
2022-11-30,2822.03,2809.7,2844.28,2804.91,-0.75,-21.3,33598320,23154684179.0,1.39,0.25
2022-12-01,2833.78,2785.17,2842.64,2783.3,-0.87,-24.53,28807152,19395119951.0,2.11,0.22
2022-12-02,2787.24,2771.05,2791.06,2752.56,-0.51,-14.12,20751139,14869493946.0,1.38,0.16
2022-12-05,2788.64,2832.94,2839.27,2787.83,2.23,61.89,32369047,22135144922.0,1.86,0.24
2022-12-06,2825.32,2830.45,2837.71,2813.43,-0.09,-2.49,24120717,15468398927.0,0.86,0.18
2022-12-07,2825.34,2804.41,2832.83,2798.0,-0.92,-26.04,23309731,15333022290.0,1.23,0.18
2022-12-08,2805.63,2831.67,2846.18,2804.25,0.97,27.26,21816575,13462480758.0,1.5,0.16
2022-12-09,2836.58,2847.71,2859.27,2829.28,0.57,16.04,29751468,20340842110.0,1.06,0.22
2022-12-12,2836.53,2796.5,2838.8,2794.75,-1.8,-51.21,23417741,15234016499.0,1.55,0.18
2022-12-13,2797.98,2816.21,2824.88,2797.98,0.7,19.71,17476688,11290258010.0,0.96,0.13
2022-12-14,2820.21,2813.66,2827.39,2799.93,-0.09,-2.55,16575318,11520308316.0,0.98,0.12
2022-12-15,2810.18,2780.66,2813.34,2780.01,-1.17,-33.0,14560340,9741941046.0,1.18,0.11
2022-12-16,2774.94,2808.52,2816.14,2774.94,1.0,27.86,20069854,13008996567.0,1.48,0.15
2022-12-19,2806.95,2757.15,2818.77,2749.44,-1.83,-51.37,18691184,12313149812.0,2.47,0.14
2022-12-20,2752.87,2726.61,2767.26,2718.5,-1.11,-30.54,17612778,12233075658.0,1.77,0.13
2022-12-21,2733.32,2736.05,2754.55,2727.19,0.35,9.44,11479630,7481595921.0,1.0,0.09
2022-12-22,2750.53,2725.01,2759.83,2716.13,-0.4,-11.04,12014866,7826674720.0,1.6,0.09
2022-12-23,2716.05,2711.79,2735.93,2705.88,-0.49,-13.22,11362098,7269051301.0,1.1,0.09
2022-12-26,2713.87,2703.88,2718.67,2699.08,-0.29,-7.91,13773465,8952559177.0,0.72,0.1
2022-12-27,2717.23,2744.95,2754.23,2715.95,1.52,41.07,16344329,10526189716.0,1.42,0.12
2022-12-28,2744.78,2770.28,2784.48,2738.52,0.92,25.33,17599542,11644159624.0,1.67,0.13
2022-12-29,2760.88,2757.72,2761.97,2732.87,-0.45,-12.56,16025069,10516963344.0,1.05,0.12
2022-12-30,2764.88,2775.17,2786.07,2758.56,0.63,17.45,19113324,11981930088.0,1.0,0.14
2023-01-03,2775.72,2785.27,2789.26,2752.23,0.36,10.1,22201975,15901270407.0,1.33,0.17
2023-01-04,2788.09,2834.56,2837.14,2785.19,1.77,49.29,28105679,20155347404.0,1.87,0.21
2023-01-05,2842.79,2827.64,2848.54,2821.09,-0.24,-6.92,20396626,14795123313.0,0.97,0.15
2023-01-06,2830.08,2817.01,2833.32,2807.61,-0.38,-10.63,18248521,13181563404.0,0.91,0.14
2023-01-09,2824.06,2813.7,2826.94,2809.2,-0.12,-3.31,15387320,11278515060.0,0.63,0.12
2023-01-10,2814.69,2788.02,2814.69,2787.03,-0.91,-25.68,15919537,11770875003.0,0.98,0.12
2023-01-11,2791.23,2802.18,2811.52,2788.61,0.51,14.16,15026627,11537162847.0,0.82,0.11
2023-01-12,2805.46,2795.82,2805.46,2780.84,-0.23,-6.36,14094967,9191315287.0,0.88,0.11
2023-01-13,2798.69,2823.97,2823.97,2796.67,1.01,28.15,16242802,11275604186.0,0.98,0.12
2023-01-16,2831.48,2830.57,2865.62,2819.8,0.23,6.6,28841683,20107030996.0,1.62,0.22
2023-01-17,2832.99,2829.27,2834.41,2815.7,-0.05,-1.3,18009016,12603176345.0,0.66,0.14
2023-01-18,2831.68,2847.13,2864.45,2828.28,0.63,17.86,18629025,11460729754.0,1.28,0.14
2023-01-19,2843.03,2850.85,2851.99,2826.42,0.13,3.72,15593033,11416248199.0,0.9,0.12
2023-01-20,2856.16,2854.05,2858.86,2843.84,0.11,3.2,16732236,11402108674.0,0.53,0.13
2023-01-30,2880.22,2845.14,2881.74,2844.12,-0.31,-8.91,24748734,18826210980.0,1.32,0.19
2023-01-31,2847.39,2831.88,2859.3,2831.4,-0.47,-13.26,18223981,14328011957.0,0.98,0.14
2023-02-01,2837.47,2833.74,2838.34,2815.36,0.07,1.86,20980575,16890272609.0,0.81,0.16
2023-02-02,2837.17,2820.65,2837.17,2813.79,-0.46,-13.09,19083612,14666926646.0,0.83,0.14
2023-02-03,2816.89,2797.92,2816.89,2789.8,-0.81,-22.73,18255005,13017702533.0,0.96,0.14
2023-02-06,2786.98,2782.8,2786.98,2771.97,-0.54,-15.12,17289600,13529439987.0,0.54,0.13
2023-02-07,2787.35,2794.01,2796.72,2785.14,0.4,11.21,13802966,10197198186.0,0.42,0.1
2023-02-08,2796.53,2781.69,2798.27,2780.26,-0.44,-12.32,13138835,8720197658.0,0.64,0.1
2023-02-09,2779.46,2801.56,2806.05,2777.84,0.71,19.87,16084171,11593254096.0,1.01,0.12
2023-02-10,2800.47,2811.68,2813.38,2790.92,0.36,10.12,15283485,10490009227.0,0.8,0.11
2023-02-13,2811.09,2799.22,2811.09,2786.53,-0.44,-12.46,22981484,18191329381.0,0.87,0.17
2023-02-14,2803.13,2809.95,2819.08,2801.65,0.38,10.73,15801573,12041506821.0,0.62,0.12
2023-02-15,2811.2,2790.41,2811.2,2788.35,-0.7,-19.54,15892239,12491601868.0,0.81,0.12
2023-02-16,2791.35,2782.61,2814.5,2773.38,-0.28,-7.8,21523254,14946951006.0,1.47,0.16
2023-02-17,2780.13,2766.44,2787.24,2766.44,-0.58,-16.17,18338465,12867995356.0,0.75,0.14
2023-02-20,2775.0,2826.38,2826.38,2775.0,2.17,59.94,26699500,21245499229.0,1.86,0.2
2023-02-21,2826.12,2833.88,2834.13,2813.86,0.27,7.5,18820532,13273516990.0,0.72,0.14
2023-02-22,2827.23,2819.94,2829.79,2818.41,-0.49,-13.94,12689356,9057335591.0,0.4,0.1
2023-02-23,2824.77,2827.19,2841.64,2821.08,0.26,7.25,16467308,10644429334.0,0.73,0.12
2023-02-24,2829.26,2813.81,2829.26,2805.77,-0.47,-13.38,14963104,10387902577.0,0.83,0.11
2023-02-27,2808.7,2800.22,2815.67,2797.81,-0.48,-13.59,13787392,9126954589.0,0.63,0.1
2023-02-28,2804.12,2809.92,2810.75,2791.77,0.35,9.7,14589098,9787661875.0,0.68,0.11
2023-03-01,2810.82,2830.85,2830.85,2805.87,0.74,20.93,21244307,14677395370.0,0.89,0.16
2023-03-02,2829.47,2838.62,2843.62,2824.9,0.27,7.77,18723689,12188233743.0,0.66,0.14
2023-03-03,2842.53,2865.69,2867.21,2834.69,0.95,27.07,29812264,16451707343.0,1.15,0.22
2023-03-06,2866.36,2835.08,2872.78,2832.21,-1.07,-30.61,28213984,19288284954.0,1.42,0.21
2023-03-07,2836.19,2849.15,2900.75,2832.43,0.5,14.07,53104825,29769052221.0,2.41,0.4
2023-03-08,2834.72,2835.93,2837.47,2812.76,-0.46,-13.22,26682116,16826018725.0,0.87,0.2
2023-03-09,2840.04,2824.43,2852.43,2823.23,-0.41,-11.5,24193196,15220211038.0,1.03,0.18
2023-03-10,2808.6,2779.71,2818.09,2779.42,-1.58,-44.72,23781258,14646460932.0,1.37,0.18
2023-03-13,2767.31,2781.66,2788.32,2762.9,0.07,1.95,21371344,13382799953.0,0.91,0.16
2023-03-14,2766.16,2748.5,2773.95,2741.9,-1.19,-33.16,21955981,13852349045.0,1.15,0.17
2023-03-15,2770.64,2778.86,2784.96,2765.22,1.1,30.36,22361745,14233301894.0,0.72,0.17
2023-03-16,2766.18,2783.63,2810.78,2763.57,0.17,4.77,38163093,19690485243.0,1.7,0.29
2023-03-17,2795.43,2783.86,2808.69,2777.91,0.01,0.23,32398679,20138033956.0,1.11,0.24
2023-03-20,2784.98,2774.56,2810.09,2773.59,-0.33,-9.3,33094957,18606526301.0,1.31,0.25
2023-03-21,2780.44,2770.47,2795.02,2764.26,-0.15,-4.09,25064916,13822522496.0,1.11,0.19
2023-03-22,2779.38,2793.11,2797.53,2773.44,0.82,22.64,21029538,13159939002.0,0.87,0.16
2023-03-23,2786.72,2803.13,2805.43,2780.46,0.36,10.02,20932553,12897598718.0,0.89,0.16
2023-03-24,2802.12,2780.95,2802.12,2780.19,-0.79,-22.18,20828731,12609377408.0,0.78,0.16
2023-03-27,2781.19,2751.33,2782.04,2743.66,-1.07,-29.62,24913664,13699142802.0,1.38,0.19
2023-03-28,2758.86,2757.81,2767.14,2746.1,0.24,6.48,18175301,11120727755.0,0.76,0.14
2023-03-29,2764.37,2745.78,2768.03,2743.11,-0.44,-12.03,18293843,10394049004.0,0.9,0.14
2023-03-30,2752.68,2761.95,2764.98,2736.2,0.59,16.17,22103957,13568697411.0,1.05,0.17
2023-03-31,2760.91,2746.62,2773.41,2743.16,-0.56,-15.33,23455707,14518629373.0,1.1,0.18
2023-04-03,2747.24,2755.36,2759.55,2741.39,0.32,8.74,21339994,12888245735.0,0.66,0.16
2023-04-04,2755.58,2765.63,2766.65,2750.02,0.37,10.27,24048223,13847469886.0,0.6,0.18
2023-04-06,2760.84,2751.37,2760.84,2746.71,-0.52,-14.26,18324540,11057275861.0,0.51,0.14
2023-04-07,2753.2,2754.47,2758.25,2748.01,0.11,3.1,13933849,9154321124.0,0.37,0.1
2023-04-10,2755.1,2752.79,2756.38,2745.13,-0.06,-1.68,18835522,11147088027.0,0.41,0.14
2023-04-11,2754.41,2747.34,2754.41,2738.86,-0.2,-5.45,20090940,12909303070.0,0.56,0.15
2023-04-12,2750.09,2761.22,2769.91,2745.79,0.51,13.88,26225513,14808572745.0,0.88,0.2
2023-04-13,2759.14,2783.21,2792.41,2752.51,0.8,21.99,25103571,16383048608.0,1.45,0.19
2023-04-14,2785.22,2793.92,2801.56,2779.34,0.38,10.71,19664904,14298473702.0,0.8,0.15
2023-04-17,2790.98,2839.61,2840.44,2788.13,1.64,45.69,34148162,22168468284.0,1.87,0.26
2023-04-18,2839.04,2869.94,2879.0,2837.21,1.07,30.33,38513808,25816947924.0,1.47,0.29
2023-04-19,2874.06,2871.25,2893.35,2856.97,0.05,1.31,31515856,19658032280.0,1.27,0.24
2023-04-20,2872.81,2872.1,2881.16,2841.09,0.03,0.85,29101148,18042749817.0,1.4,0.22
2023-04-21,2871.1,2837.4,2885.6,2836.07,-1.21,-34.7,30815542,18538024193.0,1.72,0.23
2023-04-24,2838.59,2827.93,2855.22,2822.21,-0.33,-9.47,30113987,20028346447.0,1.16,0.23
2023-04-25,2829.91,2879.43,2882.95,2829.62,1.82,51.5,40762998,24784076876.0,1.89,0.31
2023-04-26,2868.49,2856.46,2868.49,2816.82,-0.8,-22.97,38435114,22774600049.0,1.79,0.29
2023-04-27,2850.51,2873.34,2875.05,2842.75,0.59,16.88,29205896,21407856351.0,1.13,0.22
2023-04-28,2874.16,2892.06,2907.85,2866.76,0.65,18.72,33424252,23712575299.0,1.43,0.25
2023-05-04,2873.14,2975.4,2977.31,2862.67,2.88,83.34,67819580,40259914328.0,3.96,0.51
2023-05-05,2977.24,2990.62,3034.45,2974.89,0.51,15.22,64781486,38894753956.0,2.0,0.49
2023-05-08,2996.78,3110.29,3136.24,2990.06,4.0,119.67,101014731,60939446443.0,4.89,0.76
2023-05-09,3144.16,3102.29,3184.8,3089.18,-0.26,-8.0,99325169,58962576114.0,3.07,0.75
2023-05-10,3090.32,3010.05,3096.45,2994.96,-2.97,-92.24,75747697,41483539469.0,3.27,0.57
2023-05-11,3010.75,2999.44,3039.39,2987.98,-0.35,-10.61,42876810,23866329550.0,1.71,0.32
2023-05-12,2993.87,2977.65,3010.48,2974.34,-0.73,-21.79,36778496,20944069968.0,1.2,0.28
2023-05-15,2972.23,2997.2,3000.97,2920.0,0.66,19.55,51231243,27513563638.0,2.72,0.39
2023-05-16,2995.05,2980.05,3029.49,2972.08,-0.57,-17.15,39187723,22152178622.0,1.92,0.29
2023-05-17,2971.96,2964.63,2989.56,2951.17,-0.52,-15.42,26096689,15484472623.0,1.29,0.2
2023-05-18,2973.44,2988.4,3015.72,2973.44,0.8,23.77,38117250,21474819868.0,1.43,0.29
2023-05-19,2983.0,2945.14,2983.0,2944.78,-1.45,-43.26,28376881,16224761561.0,1.28,0.21
2023-05-22,2941.78,2945.13,2963.44,2938.24,0.0,-0.01,24625271,14020657519.0,0.86,0.19
2023-05-23,2945.07,2897.86,2959.78,2897.86,-1.61,-47.27,32236209,18007484163.0,2.1,0.24
2023-05-24,2896.51,2843.74,2896.51,2843.74,-1.87,-54.12,40783846,22624453363.0,1.82,0.31
2023-05-25,2837.12,2834.75,2844.09,2814.34,-0.32,-8.99,28001496,16831449207.0,1.05,0.21
2023-05-26,2834.0,2850.24,2858.35,2820.87,0.55,15.49,20168206,11402872581.0,1.32,0.15
2023-05-29,2851.39,2849.86,2867.59,2837.3,-0.01,-0.38,26356342,15431914843.0,1.06,0.2
2023-05-30,2846.99,2843.59,2852.75,2818.61,-0.22,-6.27,23590181,13618995129.0,1.2,0.18
2023-05-31,2837.55,2829.81,2838.01,2819.89,-0.48,-13.78,22037354,13333159265.0,0.64,0.17
2023-06-01,2825.65,2822.53,2842.98,2807.56,-0.26,-7.28,24862121,14153732655.0,1.25,0.19
2023-06-02,2824.24,2848.89,2852.12,2824.12,0.93,26.36,21781958,14047764726.0,0.99,0.16
2023-06-05,2848.87,2864.41,2878.54,2840.62,0.54,15.52,22204409,12212867669.0,1.33,0.17
2023-06-06,2861.43,2848.47,2893.51,2843.92,-0.56,-15.94,25860077,15009185024.0,1.73,0.19
2023-06-07,2855.24,2874.23,2886.02,2854.9,0.9,25.76,20994690,12148488447.0,1.09,0.16
2023-06-08,2878.38,2925.41,2928.29,2866.05,1.78,51.18,30984786,18024603595.0,2.17,0.23
2023-06-09,2922.02,2910.7,2924.15,2907.82,-0.5,-14.71,25353255,15270056843.0,0.56,0.19
2023-06-12,2906.04,2871.77,2906.04,2869.6,-1.34,-38.93,30217330,16058914789.0,1.25,0.23
2023-06-13,2869.99,2873.33,2884.72,2863.67,0.05,1.56,19573636,10927245166.0,0.73,0.15
2023-06-14,2876.05,2834.42,2881.22,2834.42,-1.35,-38.91,30277970,17001141770.0,1.63,0.23
2023-06-15,2841.38,2843.49,2851.64,2825.99,0.32,9.07,19987061,12202278694.0,0.9,0.15
2023-06-16,2846.15,2829.47,2849.2,2829.28,-0.49,-14.02,21673202,13451017380.0,0.7,0.16
2023-06-19,2829.91,2798.26,2829.91,2796.06,-1.1,-31.21,25451603,14502335396.0,1.2,0.19
2023-06-20,2799.22,2780.72,2799.61,2780.72,-0.63,-17.54,18708945,10700145820.0,0.68,0.14
2023-06-21,2780.5,2772.76,2804.35,2772.76,-0.29,-7.96,21346277,12294848396.0,1.14,0.16
2023-06-26,2768.13,2738.44,2768.13,2732.29,-1.24,-34.32,23942035,13527738666.0,1.29,0.18
2023-06-27,2736.66,2766.79,2773.75,2734.71,1.04,28.35,21695952,11208614457.0,1.43,0.16
2023-06-28,2769.18,2769.53,2778.6,2755.73,0.1,2.74,17872499,9601790517.0,0.83,0.13
2023-06-29,2768.29,2757.58,2769.48,2754.79,-0.43,-11.95,16243560,8772313267.0,0.53,0.12
2023-06-30,2758.09,2782.76,2789.09,2757.31,0.91,25.18,18075833,9808639063.0,1.15,0.14
2023-07-03,2788.75,2823.17,2827.35,2785.52,1.45,40.41,23936114,13668213798.0,1.5,0.18
2023-07-04,2819.94,2801.53,2819.94,2793.83,-0.77,-21.64,19331302,10603280914.0,0.92,0.15
2023-07-05,2800.78,2794.98,2803.6,2785.33,-0.23,-6.55,14185024,8659299616.0,0.65,0.11
2023-07-06,2790.39,2773.39,2796.43,2769.14,-0.77,-21.59,19931437,10985257732.0,0.98,0.15
2023-07-07,2770.84,2783.84,2791.11,2766.95,0.38,10.45,15742643,9052318110.0,0.87,0.12
2023-07-10,2788.49,2783.51,2793.75,2777.81,-0.01,-0.33,13285659,7711045394.0,0.57,0.1
2023-07-11,2789.57,2800.55,2801.61,2784.3,0.61,17.04,15308731,9219288425.0,0.62,0.12
2023-07-12,2802.97,2801.72,2821.31,2799.78,0.04,1.17,18015211,12219948424.0,0.77,0.14
2023-07-13,2810.13,2838.96,2840.54,2809.71,1.33,37.24,22401201,13764717023.0,1.1,0.17
2023-07-14,2840.43,2841.03,2850.87,2832.69,0.07,2.07,21113994,12147620672.0,0.64,0.16
2023-07-17,2836.99,2830.97,2836.99,2819.05,-0.35,-10.06,18655010,10210793838.0,0.63,0.14
2023-07-18,2834.01,2826.71,2834.07,2818.84,-0.15,-4.26,18623882,9671333623.0,0.54,0.14
2023-07-19,2826.91,2840.37,2840.67,2822.34,0.48,13.66,15348120,8524806339.0,0.65,0.12
2023-07-20,2843.25,2837.32,2855.29,2833.44,-0.11,-3.05,16011157,9502616672.0,0.77,0.12
2023-07-21,2834.65,2845.92,2851.57,2833.08,0.3,8.6,12963381,7737899421.0,0.65,0.1
2023-07-24,2838.86,2844.81,2851.59,2831.0,-0.04,-1.11,13682615,7528664642.0,0.72,0.1
2023-07-25,2865.34,2908.3,2911.04,2865.34,2.23,63.49,31172195,21648029039.0,1.61,0.23
2023-07-26,2902.99,2905.7,2913.37,2892.79,-0.09,-2.6,16644724,10358973552.0,0.71,0.13
2023-07-27,2907.67,2928.73,2950.48,2904.02,0.79,23.03,26158085,14984362576.0,1.6,0.2
2023-07-28,2920.0,3025.48,3031.92,2918.29,3.3,96.75,45405921,28603125679.0,3.88,0.34
2023-07-31,3033.03,3061.92,3077.04,3033.03,1.2,36.44,49210166,29896073221.0,1.45,0.37
2023-08-01,3046.49,3050.26,3069.7,3036.16,-0.38,-11.66,30446007,17915260985.0,1.1,0.23
2023-08-02,3030.8,3009.06,3046.83,2997.73,-1.35,-41.2,36930727,22045853069.0,1.61,0.28
2023-08-03,3013.78,3046.85,3053.41,2994.69,1.26,37.79,30975231,17883281157.0,1.95,0.23
2023-08-04,3062.9,3065.15,3105.79,3042.74,0.6,18.3,40215688,23150824829.0,2.07,0.3
2023-08-07,3046.84,3028.0,3046.84,3019.76,-1.21,-37.15,25781473,14085502328.0,0.88,0.19
2023-08-08,3025.1,3018.05,3035.33,3007.37,-0.33,-9.95,19990161,12044009901.0,0.92,0.15
2023-08-09,3012.49,3022.53,3032.62,3010.05,0.15,4.48,16541937,9937718875.0,0.75,0.12
2023-08-10,3015.14,3019.6,3027.48,2999.35,-0.1,-2.93,16416724,9548388005.0,0.93,0.12
2023-08-11,3021.28,2966.5,3024.94,2966.5,-1.76,-53.1,23912154,14148853700.0,1.94,0.18
2023-08-14,2947.08,2931.56,2947.08,2920.16,-1.18,-34.94,22499178,13678667538.0,0.91,0.17
2023-08-15,2933.93,2965.48,2972.6,2930.54,1.16,33.92,24448634,13736566889.0,1.43,0.18
2023-08-16,2956.28,2971.1,2985.5,2942.22,0.19,5.62,18139460,10922994311.0,1.46,0.14
2023-08-17,2966.1,2944.88,2969.96,2924.16,-0.88,-26.22,22667229,13836529026.0,1.54,0.17
2023-08-18,2942.57,2963.14,2992.72,2942.57,0.62,18.26,26032462,15698659101.0,1.7,0.2
2023-08-21,2968.33,2923.48,2968.71,2923.48,-1.34,-39.66,22262794,13805342305.0,1.53,0.17
2023-08-22,2931.28,2953.4,2956.36,2928.3,1.02,29.92,22752936,13274432788.0,0.96,0.17
2023-08-23,2950.58,2950.01,2977.48,2946.05,-0.11,-3.39,23051361,13110216929.0,1.06,0.17
2023-08-24,2952.01,2923.64,2959.9,2918.16,-0.89,-26.37,22552972,12815400875.0,1.41,0.17
2023-08-25,2919.11,2950.31,2968.9,2918.66,0.91,26.67,22598507,14006440360.0,1.72,0.17
2023-08-28,3094.37,2996.92,3095.58,2988.32,1.58,46.61,44853948,28967302955.0,3.64,0.34
2023-08-29,2992.09,2946.68,2994.86,2921.28,-1.68,-50.24,38679489,22257806771.0,2.46,0.29
2023-08-30,2940.88,2896.02,2941.15,2896.02,-1.72,-50.66,28469137,17491008133.0,1.53,0.21
2023-08-31,2897.33,2885.02,2920.55,2883.9,-0.38,-11.0,24919230,14849316416.0,1.27,0.19
2023-09-01,2893.19,2913.86,2929.23,2893.19,1.0,28.84,24390442,15977544222.0,1.25,0.18
2023-09-04,2921.67,2968.45,2980.05,2921.6,1.87,54.59,33139001,22566750085.0,2.01,0.25
2023-09-05,2962.24,2925.56,2962.24,2923.64,-1.44,-42.89,21924314,14043974417.0,1.3,0.16
2023-09-06,2922.27,2931.77,2937.33,2915.27,0.21,6.21,16251306,10678650452.0,0.75,0.12
2023-09-07,2929.73,2923.88,2946.13,2921.47,-0.27,-7.89,19657782,11195529305.0,0.84,0.15
2023-09-08,2919.78,2917.96,2925.32,2911.71,-0.2,-5.92,12998671,7773311333.0,0.47,0.1
2023-09-11,2922.02,2933.28,2943.85,2919.8,0.53,15.32,21299875,13256461208.0,0.82,0.16
2023-09-12,2931.11,2924.71,2932.82,2920.97,-0.29,-8.57,13502842,8252910436.0,0.4,0.1
2023-09-13,2930.45,2925.32,2939.38,2917.95,0.02,0.61,16550904,9497118944.0,0.73,0.12
2023-09-14,2929.22,2953.25,2955.04,2925.5,0.95,27.93,28735903,15707044850.0,1.01,0.22
2023-09-15,2961.41,2950.05,2982.38,2941.57,-0.11,-3.2,28105180,16281525545.0,1.38,0.21
2023-09-18,2947.79,2951.03,2954.07,2926.19,0.03,0.98,19908791,11298054798.0,0.95,0.15
2023-09-19,2945.81,2967.37,2972.21,2943.46,0.55,16.34,23716580,13632385613.0,0.97,0.18
2023-09-20,2968.58,2987.11,2993.47,2959.53,0.67,19.74,27074082,14556810537.0,1.14,0.2
2023-09-21,2988.87,2973.24,2995.74,2963.53,-0.46,-13.87,23243457,13339040111.0,1.08,0.17
2023-09-22,2973.59,2992.64,2998.86,2956.04,0.65,19.4,28121266,16986191858.0,1.44,0.21
2023-09-25,2987.57,2995.93,3007.69,2975.62,0.11,3.29,25613722,14801030342.0,1.07,0.19
2023-09-26,2996.3,2981.7,3007.83,2980.63,-0.47,-14.23,19129014,10835008176.0,0.91,0.14
2023-09-27,2987.91,2962.64,2993.43,2960.73,-0.64,-19.06,20343207,11677158541.0,1.1,0.15
2023-09-28,2968.86,2962.71,2978.05,2961.18,0.0,0.07,17020895,10369932866.0,0.57,0.13
2023-10-09,2950.16,2942.93,2950.16,2921.79,-0.67,-19.78,22917530,12824373414.0,0.96,0.17
2023-10-10,2949.52,2930.36,2959.91,2930.36,-0.43,-12.57,19232316,10918817787.0,1.0,0.14
2023-10-11,2937.15,2919.03,2944.16,2915.59,-0.39,-11.33,23441093,13224708373.0,0.97,0.18
2023-10-12,2961.21,2959.28,2977.18,2948.65,1.38,40.25,41180941,23998148556.0,0.98,0.31
2023-10-13,2939.76,2962.15,2977.99,2930.76,0.1,2.87,33215645,18376350070.0,1.6,0.25
2023-10-16,2960.5,2962.28,2967.45,2942.46,0.0,0.13,22907342,12639484413.0,0.84,0.17
2023-10-17,2963.41,2977.21,2982.16,2958.12,0.5,14.93,18766501,10694947054.0,0.81,0.14
2023-10-18,2973.35,2960.08,2991.19,2957.72,-0.58,-17.13,22432879,12633890679.0,1.12,0.17
2023-10-19,2952.79,2896.72,2953.18,2896.01,-2.14,-63.36,32032234,18558386930.0,1.93,0.24
2023-10-20,2889.63,2897.19,2914.3,2876.04,0.02,0.47,23080578,12910005484.0,1.32,0.17
2023-10-23,2887.67,2860.62,2898.34,2849.38,-1.26,-36.57,21852545,12177676955.0,1.69,0.16
2023-10-24,2868.78,2852.49,2869.74,2836.28,-0.28,-8.13,27354972,14957333120.0,1.17,0.21
2023-10-25,2866.91,2863.51,2872.25,2845.23,0.39,11.02,26092586,15054341504.0,0.95,0.2
2023-10-26,2854.77,2884.58,2889.5,2850.88,0.74,21.07,22010607,12204406684.0,1.35,0.17
2023-10-27,2877.37,2878.47,2889.87,2861.06,-0.21,-6.11,26590006,15421314342.0,1.0,0.2
2023-10-30,2869.53,2835.98,2869.53,2826.07,-1.48,-42.49,38407349,21864303710.0,1.51,0.29
2023-10-31,2833.85,2847.33,2852.32,2824.34,0.4,11.35,27043800,16904091433.0,0.99,0.2
2023-11-01,2852.49,2839.09,2853.09,2831.09,-0.29,-8.24,23025128,13568417912.0,0.77,0.17
2023-11-02,2841.2,2850.19,2865.1,2839.92,0.39,11.1,21025226,11891314014.0,0.89,0.16
2023-11-03,2851.48,2839.9,2856.53,2837.93,-0.36,-10.29,20224732,11578409587.0,0.65,0.15
2023-11-06,2845.91,2844.02,2850.15,2834.35,0.15,4.12,28620170,16208708933.0,0.56,0.22
2023-11-07,2840.02,2839.91,2846.11,2829.21,-0.14,-4.11,19940480,11694055248.0,0.59,0.15
2023-11-08,2835.54,2822.23,2840.55,2812.73,-0.62,-17.68,20060415,11534025823.0,0.98,0.15
2023-11-09,2818.65,2830.49,2836.37,2817.31,0.29,8.26,20459049,11485297171.0,0.68,0.15
2023-11-10,2825.98,2810.34,2835.34,2806.66,-0.71,-20.15,20861794,12753972642.0,1.01,0.16
2023-11-13,2811.52,2803.67,2812.67,2788.29,-0.24,-6.67,17948852,11365079880.0,0.87,0.13
2023-11-14,2802.41,2811.8,2816.75,2801.82,0.29,8.13,18754398,11493759269.0,0.53,0.14
2023-11-15,2824.72,2818.61,2828.15,2812.97,0.24,6.81,18440458,11567916076.0,0.54,0.14
2023-11-16,2817.37,2811.86,2823.53,2809.04,-0.24,-6.75,17246124,9727180728.0,0.51,0.13
2023-11-17,2809.0,2796.91,2809.62,2790.66,-0.53,-14.95,16422998,10102019387.0,0.67,0.12
2023-11-20,2799.3,2807.02,2810.43,2788.44,0.36,10.11,16055630,9485168091.0,0.79,0.12
2023-11-21,2810.73,2816.0,2829.37,2809.9,0.32,8.98,20447128,11994200670.0,0.69,0.15
2023-11-22,2811.94,2806.4,2822.94,2806.4,-0.34,-9.6,14674512,8592383312.0,0.59,0.11
2023-11-23,2806.42,2813.24,2815.25,2799.02,0.24,6.84,14448363,8644759190.0,0.58,0.11
2023-11-24,2811.66,2817.68,2823.87,2808.39,0.16,4.44,17415134,9699494077.0,0.55,0.13
2023-11-27,2818.15,2800.66,2818.19,2788.18,-0.6,-17.02,22680948,13185750742.0,1.07,0.17
2023-11-28,2800.51,2789.47,2802.61,2785.55,-0.4,-11.19,16604656,10355182868.0,0.61,0.12
2023-11-29,2788.3,2756.22,2789.3,2752.96,-1.19,-33.25,22505098,14653203591.0,1.3,0.17
2023-11-30,2756.61,2765.8,2774.3,2755.1,0.35,9.58,21398679,12928858595.0,0.7,0.16
2023-12-01,2766.18,2773.84,2781.0,2760.16,0.29,8.04,22377978,13842312680.0,0.75,0.17
2023-12-04,2773.61,2769.53,2779.52,2765.63,-0.16,-4.31,17446671,10934121796.0,0.5,0.13
2023-12-05,2768.02,2733.23,2768.24,2733.23,-1.31,-36.3,20560768,12866549178.0,1.26,0.15
2023-12-06,2731.98,2725.01,2736.91,2705.74,-0.3,-8.22,25066620,14082808279.0,1.14,0.19
2023-12-07,2724.5,2733.03,2740.56,2707.97,0.29,8.02,23004844,12983028260.0,1.2,0.17
2023-12-08,2731.59,2730.03,2749.17,2725.91,-0.11,-3.0,30676097,15895384851.0,0.85,0.23
2023-12-11,2722.01,2744.53,2746.94,2688.07,0.53,14.5,30301626,16601440268.0,2.16,0.23
2023-12-12,2738.6,2767.23,2768.21,2731.53,0.83,22.7,23930934,13508245457.0,1.34,0.18
2023-12-13,2763.36,2742.78,2767.01,2741.81,-0.88,-24.45,19450885,12217424493.0,0.91,0.15
2023-12-14,2750.65,2734.91,2754.86,2734.42,-0.29,-7.87,14519358,8653107926.0,0.75,0.11
2023-12-15,2739.61,2722.48,2753.35,2720.8,-0.45,-12.43,20518401,12953810174.0,1.19,0.15
2023-12-18,2718.54,2717.81,2734.98,2706.3,-0.17,-4.67,20689823,11300583624.0,1.05,0.16
2023-12-19,2716.49,2710.33,2719.62,2700.17,-0.28,-7.48,16696300,9265896952.0,0.72,0.13
2023-12-20,2712.76,2703.73,2728.59,2703.47,-0.24,-6.6,19186210,10677372813.0,0.93,0.14
2023-12-21,2700.29,2705.09,2707.65,2678.98,0.05,1.36,22869364,13219048415.0,1.06,0.17
2023-12-22,2706.75,2703.93,2718.03,2694.35,-0.04,-1.16,20678488,12350840832.0,0.88,0.16
2023-12-25,2702.03,2699.28,2704.04,2691.69,-0.17,-4.65,13531476,7694411761.0,0.46,0.1
2023-12-26,2697.56,2692.71,2705.49,2690.66,-0.24,-6.57,14847222,8418686022.0,0.55,0.11
2023-12-27,2691.61,2708.69,2711.7,2679.18,0.59,15.98,19517717,10889434407.0,1.21,0.15
2023-12-28,2706.61,2734.6,2738.44,2703.95,0.96,25.91,31986246,19301607293.0,1.27,0.24
2023-12-29,2731.7,2741.31,2742.61,2729.16,0.25,6.71,20238761,12367512253.0,0.49,0.15
2024-01-02,2738.55,2734.01,2751.84,2731.86,-0.27,-7.3,22948219,13962192977.0,0.73,0.17
2024-01-03,2732.61,2748.73,2751.96,2731.98,0.54,14.72,23486432,13155669864.0,0.73,0.18
2024-01-04,2747.44,2751.69,2758.77,2731.03,0.11,2.96,24627010,14421045894.0,1.01,0.19
2024-01-05,2750.61,2794.58,2823.85,2742.89,1.56,42.89,42233099,25368967955.0,2.94,0.32
2024-01-08,2783.97,2759.92,2796.91,2755.73,-1.24,-34.66,30191176,17656682166.0,1.47,0.23
2024-01-09,2758.12,2779.31,2783.69,2738.07,0.7,19.39,25183884,14397039523.0,1.65,0.19
2024-01-10,2773.27,2766.55,2784.87,2765.63,-0.46,-12.76,20162627,11797168087.0,0.69,0.15
2024-01-11,2762.39,2766.73,2784.68,2752.83,0.01,0.18,25763644,15139425295.0,1.15,0.19
2024-01-12,2762.68,2794.03,2817.35,2762.68,0.99,27.3,23440104,13452746523.0,1.98,0.18
2024-01-15,2792.37,2812.5,2818.99,2788.91,0.66,18.47,20026740,11684589701.0,1.08,0.15
2024-01-16,2807.64,2847.95,2848.76,2804.95,1.26,35.45,33116217,19634376605.0,1.56,0.25
2024-01-17,2844.12,2821.87,2864.94,2821.69,-0.92,-26.08,33973529,21752103412.0,1.52,0.26
2024-01-18,2810.15,2812.12,2818.41,2744.2,-0.35,-9.75,48521188,27938005028.0,2.63,0.36
2024-01-19,2803.12,2801.83,2816.57,2786.74,-0.37,-10.29,29765224,17871821018.0,1.06,0.22
2024-01-22,2802.62,2764.47,2821.4,2748.69,-1.33,-37.36,42238746,26450173685.0,2.6,0.32
2024-01-23,2755.92,2772.16,2786.87,2731.3,0.28,7.69,30021660,17716202278.0,2.01,0.23
2024-01-24,2780.06,2827.12,2829.4,2763.13,1.98,54.96,35828074,21035355783.0,2.39,0.27
2024-01-25,2828.68,2867.82,2869.28,2827.4,1.44,40.7,38236187,24700670098.0,1.48,0.29
2024-01-26,2877.96,2927.32,2942.27,2876.78,2.07,59.5,46107896,27981033361.0,2.28,0.35
2024-01-29,2939.45,2937.34,2972.87,2923.34,0.34,10.02,47413276,28444721228.0,1.69,0.36
2024-01-30,2920.85,2897.77,2949.15,2894.4,-1.35,-39.57,34092289,20785196692.0,1.86,0.26
2024-01-31,2889.25,2892.2,2918.62,2868.88,-0.19,-5.57,33986995,20453728150.0,1.72,0.26
2024-02-01,2882.95,2869.95,2897.32,2856.47,-0.77,-22.25,31484541,19164011536.0,1.41,0.24
2024-02-02,2871.08,2858.94,2903.22,2807.91,-0.38,-11.01,42899097,25531735971.0,3.32,0.32
2024-02-05,2849.71,2861.28,2887.49,2811.98,0.08,2.34,54968585,32490610859.0,2.64,0.41
2024-02-06,2850.76,2922.9,2929.6,2848.35,2.15,61.62,52979847,31446954217.0,2.84,0.4
2024-02-07,2918.81,2938.01,2939.06,2888.64,0.52,15.11,65544992,38529185151.0,1.73,0.49
2024-02-08,2926.73,2923.76,2940.17,2907.53,-0.49,-14.25,51930628,30682120319.0,1.11,0.39
2024-02-19,2933.14,2962.65,2963.42,2906.15,1.33,38.89,46616810,27873809530.0,1.96,0.35
2024-02-20,2956.63,2984.97,2990.29,2941.09,0.75,22.32,32792001,19815355290.0,1.66,0.25
2024-02-21,2977.21,3050.6,3092.61,2972.58,2.2,65.63,50015367,35109534046.0,4.02,0.38
2024-02-22,3039.79,3054.54,3055.9,3019.81,0.13,3.94,32017874,22770236713.0,1.18,0.24
2024-02-23,3053.82,3065.81,3108.09,3052.89,0.37,11.27,35828893,24187365361.0,1.81,0.27
2024-02-26,3059.74,2993.67,3059.74,2989.09,-2.35,-72.14,36448776,23451150049.0,2.3,0.27
2024-02-27,2986.34,3000.15,3015.52,2979.18,0.22,6.48,26728758,17300554797.0,1.21,0.2
2024-02-28,2996.76,2991.22,3024.04,2980.54,-0.3,-8.93,37170113,23173215424.0,1.45,0.28
2024-02-29,2981.96,3012.07,3012.07,2981.36,0.7,20.85,28599624,17763790199.0,1.03,0.22
2024-03-01,3005.34,3002.74,3007.58,2989.14,-0.31,-9.33,27412448,16937062603.0,0.61,0.21
2024-03-04,2995.01,2974.44,2996.85,2967.32,-0.94,-28.3,28276028,17959681405.0,0.98,0.21
2024-03-05,2967.42,3016.42,3021.21,2966.62,1.41,41.98,34777954,22996516424.0,1.84,0.26
2024-03-06,3013.74,2997.19,3027.99,2996.67,-0.64,-19.23,27032550,17052495617.0,1.04,0.2
2024-03-07,2994.9,3007.51,3031.6,2994.73,0.34,10.32,25069197,15996330659.0,1.23,0.19
2024-03-08,3005.26,3010.83,3019.34,2995.9,0.11,3.32,21093835,13066828119.0,0.78,0.16
2024-03-11,3009.49,3009.37,3019.15,2987.14,-0.05,-1.46,23589836,15322187065.0,1.06,0.18
2024-03-12,3005.82,2978.82,3006.13,2974.55,-1.02,-30.55,33445408,21264118871.0,1.05,0.25
2024-03-13,2976.25,2955.59,2976.25,2948.68,-0.78,-23.23,25128516,15769173804.0,0.93,0.19
2024-03-14,2951.13,2952.71,2974.09,2946.44,-0.1,-2.88,21359660,13588639917.0,0.94,0.16
2024-03-15,2962.36,2978.97,2979.34,2961.94,0.89,26.26,28412352,18502565568.0,0.59,0.21
2024-03-18,2976.51,2979.87,2983.53,2964.41,0.03,0.9,23208011,14253037331.0,0.64,0.17
2024-03-19,2976.34,2954.38,2976.55,2952.85,-0.86,-25.49,22397925,13824751444.0,0.8,0.17
2024-03-20,2953.07,2975.16,2980.95,2943.03,0.7,20.78,21854483,13116685332.0,1.28,0.16
2024-03-21,2974.63,2993.94,2999.82,2969.3,0.63,18.78,23020476,14587043486.0,1.03,0.17
2024-03-22,2991.72,2972.29,2992.46,2954.03,-0.72,-21.65,25114029,15518983449.0,1.28,0.19
2024-03-25,2967.6,2983.97,3003.81,2965.4,0.39,11.68,24897900,15199577923.0,1.29,0.19
2024-03-26,2989.77,3020.0,3020.0,2989.33,1.21,36.03,28495677,19904030947.0,1.03,0.21
2024-03-27,3017.6,3026.72,3049.78,3014.09,0.22,6.72,30743203,19962236214.0,1.18,0.23
2024-03-28,3018.89,2989.16,3019.04,2979.94,-1.24,-37.56,39577118,22803062803.0,1.29,0.3
2024-03-29,2977.35,2995.74,3003.33,2975.23,0.22,6.58,28261248,16873655348.0,0.94,0.21
2024-04-01,2996.98,3029.77,3030.44,2996.98,1.14,34.03,28425379,18038156354.0,1.12,0.21
2024-04-02,3028.85,3038.61,3055.12,3026.12,0.29,8.84,28923387,18219422996.0,0.96,0.22
2024-04-03,3035.83,3030.06,3044.92,3014.02,-0.28,-8.55,21732066,14204652715.0,1.02,0.16
2024-04-08,3025.77,3041.71,3055.0,3012.78,0.38,11.65,27514571,16663840155.0,1.39,0.21
2024-04-09,3042.03,3037.38,3061.7,3030.01,-0.14,-4.33,25532726,15238675388.0,1.04,0.19
2024-04-10,3034.53,3028.46,3054.25,3018.4,-0.29,-8.92,25003089,16431968252.0,1.18,0.19
2024-04-11,3019.22,3026.6,3037.85,3001.93,-0.06,-1.86,21227300,13467578070.0,1.19,0.16
2024-04-12,3021.9,3005.21,3037.1,3002.28,-0.71,-21.39,24759556,15646340860.0,1.15,0.19
2024-04-15,3008.74,3055.75,3060.04,2996.61,1.68,50.54,35263099,22011714231.0,2.11,0.27
2024-04-16,3051.12,3037.62,3065.04,3024.23,-0.59,-18.13,37111438,23224232770.0,1.34,0.28
2024-04-17,3034.03,3103.29,3103.64,3019.57,2.16,65.67,40201293,26288534291.0,2.77,0.3
2024-04-18,3097.64,3137.28,3177.32,3096.27,1.1,33.99,47166392,31773848509.0,2.61,0.35
2024-04-19,3122.98,3128.74,3153.49,3120.83,-0.27,-8.54,28582742,18797686251.0,1.04,0.21
2024-04-22,3137.63,3105.87,3162.41,3093.51,-0.73,-22.87,32601019,21674752604.0,2.2,0.25
2024-04-23,3107.2,3098.78,3130.19,3089.94,-0.23,-7.09,28795840,18830970238.0,1.3,0.22
2024-04-24,3096.83,3084.84,3102.83,3073.27,-0.45,-13.94,23322425,15087340566.0,0.95,0.18
2024-04-25,3081.25,3127.93,3128.68,3077.84,1.4,43.09,25704319,18567490286.0,1.65,0.19
2024-04-26,3114.68,3075.77,3117.99,3050.34,-1.67,-52.16,49897115,33517745719.0,2.16,0.38
2024-04-29,3069.15,3124.12,3132.25,3057.98,1.57,48.35,44632436,30702200638.0,2.41,0.34
2024-04-30,3123.95,3145.92,3169.77,3123.65,0.7,21.8,34079217,23353081896.0,1.48,0.26
2024-05-06,3169.35,3145.03,3178.96,3138.15,-0.03,-0.89,41174346,27653449989.0,1.3,0.31
2024-05-07,3146.66,3138.96,3146.66,3114.59,-0.19,-6.07,31507515,19771218745.0,1.02,0.24
2024-05-08,3135.26,3135.67,3157.55,3132.42,-0.1,-3.29,27138074,17529772157.0,0.8,0.2
2024-05-09,3135.64,3153.37,3164.2,3135.1,0.56,17.7,26242218,17135815615.0,0.93,0.2
2024-05-10,3156.73,3184.65,3190.57,3154.57,0.99,31.28,30309061,22005097327.0,1.14,0.23
2024-05-13,3180.16,3215.17,3220.47,3163.02,0.96,30.52,29862979,20564645323.0,1.8,0.22
2024-05-14,3215.48,3204.39,3231.92,3198.83,-0.34,-10.78,25908761,17723747988.0,1.03,0.19
2024-05-15,3203.55,3211.78,3228.02,3191.25,0.23,7.39,20406997,14783383656.0,1.15,0.15
2024-05-16,3213.59,3262.49,3274.43,3208.8,1.58,50.71,37560225,28176667339.0,2.04,0.28
2024-05-17,3264.47,3300.47,3300.47,3248.37,1.16,37.98,35483633,25055102677.0,1.6,0.27
2024-05-20,3299.31,3277.89,3322.81,3263.3,-0.68,-22.58,37097051,25841080880.0,1.8,0.28
2024-05-21,3272.61,3314.41,3323.99,3267.76,1.11,36.52,29664431,19855150289.0,1.72,0.22
2024-05-22,3313.85,3341.5,3362.59,3311.56,0.82,27.09,34047010,23289509044.0,1.54,0.26
2024-05-23,3334.96,3322.4,3354.06,3312.85,-0.57,-19.1,29310084,20667992022.0,1.23,0.22
2024-05-24,3316.1,3307.87,3355.46,3304.36,-0.44,-14.53,27226340,19670335949.0,1.54,0.2
2024-05-27,3310.98,3346.89,3348.09,3310.98,1.18,39.02,28588902,19908629701.0,1.12,0.21
2024-05-28,3345.45,3322.83,3361.82,3314.45,-0.72,-24.06,24244113,16528318347.0,1.42,0.18
2024-05-29,3317.75,3297.08,3340.13,3286.8,-0.77,-25.75,28332988,18783674837.0,1.6,0.21
2024-05-30,3291.87,3268.86,3314.27,3259.3,-0.86,-28.22,27067833,18447438893.0,1.67,0.2
2024-05-31,3271.54,3280.04,3294.7,3265.74,0.34,11.18,23051862,15877325793.0,0.89,0.17
2024-06-03,3277.06,3226.05,3277.06,3206.18,-1.65,-53.99,36517233,24397142864.0,2.16,0.27
2024-06-04,3224.12,3244.53,3249.74,3214.74,0.57,18.48,24398055,16791293300.0,1.08,0.18
2024-06-05,3244.01,3196.77,3248.36,3191.83,-1.47,-47.76,24720689,17256349107.0,1.74,0.19
2024-06-06,3197.86,3182.58,3205.45,3175.1,-0.44,-14.19,27214842,17895453681.0,0.95,0.2
2024-06-07,3189.62,3213.54,3215.24,3185.61,0.97,30.96,29676302,19293090037.0,0.93,0.22
2024-06-11,3209.27,3159.22,3218.18,3154.37,-1.69,-54.32,33074105,21228618293.0,1.99,0.25
2024-06-12,3157.46,3152.78,3157.46,3119.1,-0.2,-6.44,29989406,18947515471.0,1.21,0.23
2024-06-13,3156.42,3118.89,3162.22,3112.15,-1.07,-33.89,26297838,17085249138.0,1.59,0.2
2024-06-14,3120.56,3143.85,3155.88,3108.26,0.8,24.96,41337239,27875830138.0,1.53,0.31
2024-06-17,3135.64,3114.91,3152.68,3107.9,-0.92,-28.94,29564545,18307102462.0,1.42,0.22
2024-06-18,3115.97,3129.67,3138.85,3094.55,0.47,14.76,22570928,14065897594.0,1.42,0.17
2024-06-19,3130.58,3152.17,3167.03,3129.33,0.72,22.5,24219006,16033795051.0,1.2,0.18
2024-06-20,3151.91,3125.02,3161.34,3119.59,-0.86,-27.15,21308498,13267212654.0,1.32,0.16
2024-06-21,3124.94,3124.58,3144.21,3118.08,-0.01,-0.44,24266209,15313646208.0,0.84,0.18
2024-06-24,3121.59,3099.63,3121.59,3081.48,-0.8,-24.95,28022376,17819779520.0,1.28,0.21
2024-06-25,3100.3,3120.01,3133.27,3100.04,0.66,20.38,26723730,17322965613.0,1.07,0.2
2024-06-26,3117.09,3135.61,3139.04,3115.57,0.5,15.6,23498340,14722835422.0,0.75,0.18
2024-06-27,3133.44,3163.63,3183.23,3127.61,0.89,28.02,30861803,19769711824.0,1.77,0.23
2024-06-28,3165.28,3194.16,3214.65,3152.55,0.97,30.53,28621865,18358163263.0,1.96,0.22
2024-07-01,3192.23,3241.83,3245.56,3191.66,1.49,47.67,27628596,18335702948.0,1.69,0.21
2024-07-02,3239.53,3292.81,3295.2,3238.11,1.57,50.98,33497856,22330217696.0,1.76,0.25
2024-07-03,3291.13,3270.4,3304.71,3256.49,-0.68,-22.41,27075436,17772016748.0,1.46,0.2
2024-07-04,3268.67,3251.14,3282.9,3246.93,-0.59,-19.26,25222185,17030676617.0,1.1,0.19
2024-07-05,3256.64,3190.84,3263.67,3175.16,-1.85,-60.3,33226532,23270890193.0,2.72,0.25
2024-07-08,3188.14,3188.86,3215.24,3173.42,-0.06,-1.98,26904959,17920849918.0,1.31,0.2
2024-07-09,3189.42,3235.48,3239.16,3178.1,1.46,46.62,27663946,18555214635.0,1.91,0.21
2024-07-10,3234.19,3228.05,3250.97,3221.88,-0.23,-7.43,24242668,16793325207.0,0.9,0.18
2024-07-11,3245.77,3208.24,3248.11,3194.83,-0.61,-19.81,28498146,18709504113.0,1.65,0.21
2024-07-12,3208.7,3262.62,3265.46,3207.56,1.7,54.38,30970080,21459904615.0,1.8,0.23
2024-07-15,3263.17,3286.81,3290.84,3251.79,0.74,24.19,27926080,18167352299.0,1.2,0.21
2024-07-16,3289.83,3269.47,3308.46,3252.58,-0.53,-17.34,29706003,18707263678.0,1.7,0.22
2024-07-17,3267.67,3285.32,3292.54,3259.53,0.48,15.85,26801065,18460491980.0,1.01,0.2
2024-07-18,3283.4,3289.03,3291.34,3251.95,0.11,3.71,24829396,16882321566.0,1.2,0.19
2024-07-19,3284.24,3274.7,3284.94,3246.15,-0.44,-14.33,30230279,20399748429.0,1.18,0.23
2024-07-22,3265.82,3229.09,3266.66,3212.91,-1.39,-45.61,29208274,19617940150.0,1.64,0.22
2024-07-23,3226.28,3251.03,3286.31,3226.28,0.68,21.94,34770509,21975564193.0,1.86,0.26
2024-07-24,3249.36,3252.33,3273.84,3238.9,0.04,1.3,29239540,18005773101.0,1.07,0.22
2024-07-25,3252.82,3221.08,3258.75,3193.04,-0.96,-31.25,34021973,21189640936.0,2.02,0.26
2024-07-26,3219.02,3185.73,3223.63,3166.61,-1.1,-35.35,31478490,19689055442.0,1.77,0.24
2024-07-29,3184.49,3233.18,3237.22,3170.9,1.49,47.45,26782812,16500994380.0,2.08,0.2
2024-07-30,3229.13,3221.3,3246.65,3200.61,-0.37,-11.88,22264285,14014018628.0,1.42,0.17
2024-07-31,3222.63,3236.71,3241.47,3217.4,0.48,15.41,33649788,20439979611.0,0.75,0.25
2024-08-01,3233.69,3232.89,3266.12,3207.79,-0.12,-3.82,29357207,18062174800.0,1.8,0.22
2024-08-02,3221.99,3225.33,3247.69,3215.37,-0.23,-7.56,22199944,13682805436.0,1.0,0.17
2024-08-05,3221.05,3190.68,3235.72,3186.69,-1.07,-34.65,28453510,17925426943.0,1.52,0.21
2024-08-06,3199.58,3164.92,3211.48,3147.37,-0.81,-25.76,26642454,16760532763.0,2.01,0.2
2024-08-07,3162.03,3162.87,3185.19,3160.24,-0.06,-2.05,20980259,13100985605.0,0.79,0.16
2024-08-08,3160.22,3160.07,3165.95,3141.77,-0.09,-2.8,17364076,10862187646.0,0.76,0.13
2024-08-09,3162.57,3166.09,3192.79,3156.86,0.19,6.02,18051535,11685626840.0,1.14,0.14
2024-08-12,3163.63,3150.34,3166.06,3146.3,-0.5,-15.75,17769718,10788253148.0,0.62,0.13
2024-08-13,3150.76,3172.0,3183.53,3148.65,0.69,21.66,21133531,12824773312.0,1.11,0.16
2024-08-14,3171.47,3164.81,3192.11,3160.32,-0.23,-7.19,16815025,10315170803.0,1.0,0.13
2024-08-15,3165.03,3198.65,3202.47,3158.12,1.07,33.84,23595727,15517920197.0,1.4,0.18
2024-08-16,3201.42,3232.57,3234.55,3197.58,1.06,33.92,26739912,17291948993.0,1.16,0.2
2024-08-19,3234.65,3303.05,3304.04,3232.51,2.18,70.48,35161976,22104942164.0,2.21,0.26
2024-08-20,3304.84,3299.8,3316.24,3282.44,-0.1,-3.25,32013812,21187853731.0,1.02,0.24
2024-08-21,3290.14,3265.99,3290.65,3250.38,-1.02,-33.81,26719687,17628959390.0,1.22,0.2
2024-08-22,3266.03,3295.58,3306.87,3265.27,0.91,29.59,28872858,19173075622.0,1.27,0.22
2024-08-23,3297.11,3295.13,3304.43,3270.72,-0.01,-0.45,24937984,17361055507.0,1.02,0.19
2024-08-26,3295.17,3306.18,3307.35,3266.58,0.34,11.05,22226913,14908642097.0,1.24,0.17
2024-08-27,3302.9,3311.19,3330.41,3291.75,0.15,5.01,25709473,16838951926.0,1.17,0.19
2024-08-28,3307.87,3276.42,3311.94,3264.1,-1.05,-34.77,25358061,16822744011.0,1.44,0.19
2024-08-29,3268.2,3182.42,3272.44,3176.58,-2.87,-94.0,41605780,26138502086.0,2.93,0.31
2024-08-30,3175.68,3140.23,3194.79,3140.23,-1.33,-42.19,56952480,36367814267.0,1.71,0.43
2024-09-02,3136.68,3149.99,3180.65,3126.12,0.31,9.76,44405125,26515427483.0,1.74,0.33
2024-09-03,3150.19,3102.22,3153.04,3089.37,-1.52,-47.77,41386274,24354711309.0,2.02,0.31
2024-09-04,3092.51,3092.6,3113.87,3083.59,-0.31,-9.62,27871083,16813840852.0,0.98,0.21
2024-09-05,3093.25,3089.06,3100.82,3068.62,-0.11,-3.54,25364487,16239045636.0,1.04,0.19
2024-09-06,3090.99,3085.31,3125.64,3082.47,-0.12,-3.75,23171802,14517647500.0,1.4,0.17
2024-09-09,3079.03,3034.38,3079.03,3030.46,-1.65,-50.93,29547751,19107961272.0,1.57,0.22
2024-09-10,3036.17,3054.66,3057.06,3019.35,0.67,20.28,27341389,16484467527.0,1.24,0.21
2024-09-11,3048.4,2983.99,3048.4,2972.75,-2.31,-70.67,30574040,18143079506.0,2.48,0.23
2024-09-12,2978.23,3004.11,3016.14,2967.1,0.67,20.12,25056671,14626663962.0,1.64,0.19
2024-09-13,3005.24,2987.11,3028.02,2986.98,-0.57,-17.0,22046844,13191416877.0,1.37,0.17
2024-09-18,2990.93,3002.64,3003.4,2964.96,0.52,15.53,19831771,11764856375.0,1.29,0.15
2024-09-19,3007.25,3017.09,3021.61,2978.59,0.48,14.45,24096332,14535823983.0,1.43,0.18
2024-09-20,3016.29,3035.47,3040.87,3013.76,0.61,18.38,26275628,16242894682.0,0.9,0.2
2024-09-23,3032.75,3083.88,3089.32,3027.46,1.59,48.41,23623509,14747946012.0,2.04,0.18
2024-09-24,3097.24,3201.52,3201.98,3097.04,3.81,117.64,47699248,32165087658.0,3.4,0.36
2024-09-25,3236.77,3280.44,3317.58,3236.77,2.47,78.92,58346275,39322208650.0,2.52,0.44
2024-09-26,3275.06,3412.93,3413.1,3268.97,4.04,132.49,58888836,40495944640.0,4.39,0.44
2024-09-27,3456.85,3401.83,3486.73,3348.19,-0.33,-11.1,55758196,36534647784.0,4.06,0.42
2024-09-30,3448.43,3604.09,3634.11,3427.45,5.95,202.26,125092156,85139242903.0,6.07,0.94
2024-10-08,3919.79,3706.49,3919.79,3596.97,2.84,102.4,137268602,98766445785.0,8.96,1.03
2024-10-09,3637.08,3449.1,3637.08,3449.1,-6.94,-257.39,91564132,62951451046.0,5.07,0.69
2024-10-10,3474.75,3564.32,3637.68,3474.75,3.34,115.22,83585243,57494300525.0,4.72,0.63
2024-10-11,3557.9,3515.04,3611.73,3487.67,-1.38,-49.28,52212367,35851889406.0,3.48,0.39
2024-10-14,3572.89,3646.66,3678.09,3572.89,3.74,131.62,74851088,54455558476.0,2.99,0.56
2024-10-15,3626.04,3562.09,3681.29,3561.17,-2.32,-84.57,52948827,37323886778.0,3.29,0.4
2024-10-16,3537.69,3664.42,3685.1,3537.69,2.87,102.33,52740531,38706562350.0,4.14,0.4
2024-10-17,3658.66,3604.38,3690.66,3603.62,-1.64,-60.04,40572165,29935096188.0,2.38,0.31
2024-10-18,3608.54,3630.69,3670.3,3541.69,0.73,26.31,54741181,37979713934.0,3.57,0.41
2024-10-21,3624.79,3593.68,3624.79,3557.29,-1.02,-37.01,48911175,34020291044.0,1.86,0.37
2024-10-22,3588.7,3587.95,3616.65,3566.79,-0.16,-5.73,34589780,23952910361.0,1.39,0.26
2024-10-23,3588.11,3597.1,3610.7,3583.43,0.26,9.15,31632029,22086003349.0,0.76,0.24
2024-10-24,3585.98,3582.67,3610.75,3570.26,-0.4,-14.43,25403402,17094028717.0,1.13,0.19
2024-10-25,3580.95,3563.51,3584.94,3548.9,-0.53,-19.16,29709160,19582967194.0,1.01,0.22
2024-10-28,3557.59,3554.22,3557.59,3520.31,-0.26,-9.29,34524777,22610354743.0,1.05,0.26
2024-10-29,3557.71,3542.48,3602.03,3538.13,-0.33,-11.74,35513506,22690162846.0,1.8,0.27
2024-10-30,3539.4,3505.87,3563.5,3487.73,-1.03,-36.61,33553811,22774538744.0,2.14,0.25
2024-10-31,3510.16,3510.02,3536.26,3477.69,0.12,4.15,37949696,25845318261.0,1.67,0.29
2024-11-01,3507.61,3539.82,3578.05,3507.24,0.85,29.8,41610135,27543137862.0,2.02,0.31
2024-11-04,3543.93,3570.34,3570.34,3497.25,0.86,30.52,32732093,22429480177.0,2.06,0.25
2024-11-05,3559.8,3612.23,3612.23,3550.33,1.17,41.89,38959152,25441154032.0,1.73,0.29
2024-11-06,3608.86,3582.42,3608.86,3565.26,-0.83,-29.81,35246242,24119628411.0,1.21,0.26
2024-11-07,3571.29,3674.49,3674.49,3570.21,2.57,92.07,46242210,30165481783.0,2.91,0.35
2024-11-08,3685.39,3619.84,3698.7,3609.35,-1.49,-54.65,44974878,29413997212.0,2.43,0.34
2024-11-11,3602.79,3574.84,3615.97,3554.34,-1.24,-45.0,42505646,27800586333.0,1.7,0.32
2024-11-12,3572.18,3542.97,3607.73,3531.99,-0.89,-31.87,39174118,26957898999.0,2.12,0.29
2024-11-13,3535.53,3580.47,3589.36,3532.21,1.06,37.5,34031102,22127863008.0,1.61,0.26
2024-11-14,3571.04,3575.98,3614.43,3555.2,-0.13,-4.49,38703763,25807813773.0,1.65,0.29
2024-11-15,3569.12,3568.2,3614.73,3547.91,-0.22,-7.78,41950023,27145645864.0,1.87,0.32
2024-11-18,3610.45,3662.5,3735.72,3610.45,2.64,94.3,90077459,54460973188.0,3.51,0.68
2024-11-19,3650.52,3664.58,3719.86,3607.12,0.06,2.08,66392038,37707451770.0,3.08,0.5
2024-11-20,3649.83,3638.88,3680.93,3625.09,-0.7,-25.7,40965578,23789934018.0,1.52,0.31
2024-11-21,3632.21,3631.31,3640.21,3609.22,-0.21,-7.57,28436414,16947366421.0,0.85,0.21
2024-11-22,3627.68,3530.26,3642.89,3530.26,-2.78,-101.05,38446454,24594298061.0,3.1,0.29
2024-11-25,3535.77,3545.54,3570.19,3528.45,0.43,15.28,34159982,22112747298.0,1.18,0.26
2024-11-26,3537.45,3570.7,3577.78,3527.08,0.71,25.16,34235803,21856258118.0,1.43,0.26
2024-11-27,3562.75,3610.9,3611.04,3527.23,1.13,40.2,35738132,22870556750.0,2.35,0.27
2024-11-28,3605.97,3606.12,3624.09,3588.45,-0.13,-4.78,28961371,18872466465.0,0.99,0.22
2024-11-29,3609.52,3620.31,3656.98,3609.52,0.39,14.19,37487178,24770423327.0,1.32,0.28
2024-12-02,3622.18,3604.52,3622.85,3588.22,-0.44,-15.79,39470098,25953731756.0,0.96,0.3
2024-12-03,3602.55,3661.82,3661.84,3593.32,1.59,57.3,41041727,27411566439.0,1.9,0.31
2024-12-04,3651.92,3664.14,3678.08,3628.37,0.06,2.32,36293454,24761640774.0,1.36,0.27
2024-12-05,3656.24,3663.94,3683.36,3652.74,-0.01,-0.2,27363577,18702061735.0,0.84,0.21
2024-12-06,3663.05,3704.44,3724.34,3663.05,1.11,40.5,41296339,27864515037.0,1.67,0.31
2024-12-09,3700.07,3712.03,3734.48,3689.07,0.2,7.59,35977247,23049955604.0,1.23,0.27
2024-12-10,3762.46,3736.12,3782.78,3716.43,0.65,24.09,49857395,34778370107.0,1.79,0.37
2024-12-11,3727.72,3707.56,3750.61,3701.68,-0.76,-28.56,40438552,26745697690.0,1.31,0.3
2024-12-12,3707.98,3754.32,3759.87,3704.92,1.26,46.76,41072531,27381682995.0,1.48,0.31
2024-12-13,3742.49,3681.44,3742.49,3679.35,-1.94,-72.88,52804229,36282085547.0,1.68,0.4
2024-12-16,3679.32,3706.45,3730.25,3679.32,0.68,25.01,42966570,29321957776.0,1.38,0.32
2024-12-17,3703.62,3679.31,3729.3,3669.91,-0.73,-27.14,36139645,24069981723.0,1.6,0.27
2024-12-18,3692.35,3713.01,3747.46,3692.35,0.92,33.7,39697491,27931121867.0,1.5,0.3
2024-12-19,3699.21,3676.39,3719.93,3661.18,-0.99,-36.62,35564964,23720312095.0,1.58,0.27
2024-12-20,3675.12,3660.07,3695.06,3656.68,-0.44,-16.32,31717560,21618420138.0,1.04,0.24
2024-12-23,3661.83,3701.85,3734.77,3661.83,1.14,41.78,48056631,34205497519.0,1.99,0.36
2024-12-24,3700.32,3749.12,3751.19,3695.2,1.28,47.27,39907484,29397871971.0,1.51,0.3
2024-12-25,3752.2,3788.18,3805.22,3752.09,1.04,39.06,45674530,32155562669.0,1.42,0.34
2024-12-26,3783.1,3768.13,3785.13,3742.93,-0.53,-20.05,34005246,23745394797.0,1.11,0.26
2024-12-27,3763.43,3778.22,3778.72,3705.74,0.27,10.09,40989291,28718103889.0,1.94,0.31
2024-12-30,3768.06,3828.24,3834.3,3768.06,1.32,50.02,43296589,31199301307.0,1.75,0.33
2024-12-31,3823.63,3770.72,3861.0,3770.4,-1.5,-57.52,48996344,32912715124.0,2.37,0.37
2025-01-02,3777.47,3673.4,3799.45,3658.03,-2.58,-97.32,52958342,35710145422.0,3.75,0.4
2025-01-03,3680.79,3639.85,3702.93,3634.92,-0.91,-33.55,41739900,28713495076.0,1.85,0.31
2025-01-06,3641.78,3669.0,3670.48,3585.46,0.8,29.15,40686641,28355156731.0,2.34,0.31
2025-01-07,3660.51,3685.76,3688.63,3640.95,0.46,16.76,31919655,22253791786.0,1.3,0.24
2025-01-08,3683.39,3709.49,3720.98,3665.36,0.64,23.73,38779652,28163963862.0,1.51,0.29
2025-01-09,3705.45,3671.49,3706.94,3657.92,-1.02,-38.0,29300966,20835823864.0,1.32,0.22
2025-01-10,3673.65,3637.93,3688.31,3617.17,-0.91,-33.56,29884919,20835374816.0,1.94,0.22
2025-01-13,3617.63,3588.03,3620.62,3558.39,-1.37,-49.9,32873810,22514036479.0,1.71,0.25
2025-01-14,3590.1,3644.62,3651.57,3584.05,1.58,56.59,34161758,24119381713.0,1.88,0.26
2025-01-15,3641.48,3660.62,3706.41,3640.97,0.44,16.0,32907702,24250815273.0,1.8,0.25
2025-01-16,3679.09,3711.56,3720.06,3662.08,1.39,50.94,31649477,22263661173.0,1.58,0.24
2025-01-17,3703.8,3696.39,3723.53,3677.85,-0.41,-15.17,27337652,19410048430.0,1.23,0.21
2025-01-20,3710.68,3695.78,3731.4,3692.65,-0.02,-0.61,28409577,20249595363.0,1.05,0.21
2025-01-21,3708.86,3691.57,3716.64,3679.36,-0.11,-4.21,25368708,17617194804.0,1.01,0.19
2025-01-22,3687.75,3625.58,3688.57,3616.64,-1.79,-65.99,33259048,23535090377.0,1.95,0.25
2025-01-23,3650.51,3713.53,3732.68,3650.51,2.43,87.95,48330088,32231915088.0,2.27,0.36
2025-01-24,3706.29,3720.89,3733.94,3667.15,0.2,7.36,33777956,23696983200.0,1.8,0.25
2025-01-27,3727.23,3776.5,3790.66,3727.23,1.49,55.61,36445715,25693797121.0,1.7,0.27
2025-02-05,3784.21,3718.52,3786.17,3712.42,-1.54,-57.98,33635977,23405278818.0,1.95,0.25
2025-02-06,3718.27,3722.59,3746.31,3698.28,0.11,4.07,29090220,20871591989.0,1.29,0.22
2025-02-07,3719.12,3718.69,3731.85,3701.17,-0.1,-3.9,36756295,25629564359.0,0.82,0.28
2025-02-10,3716.1,3705.98,3734.2,3700.78,-0.34,-12.71,29888800,21905012199.0,0.9,0.22
2025-02-11,3710.88,3743.39,3747.08,3710.88,1.01,37.41,35457849,24272984928.0,0.98,0.27
2025-02-12,3742.53,3754.53,3758.53,3722.68,0.3,11.14,29880684,21931418116.0,0.96,0.22
2025-02-13,3750.41,3751.0,3767.69,3742.83,-0.09,-3.53,29817551,21451426328.0,0.66,0.22
2025-02-14,3751.51,3748.04,3753.2,3724.7,-0.08,-2.96,27784963,20504261647.0,0.76,0.21
2025-02-17,3749.26,3739.2,3751.86,3718.84,-0.24,-8.84,32790614,24610233832.0,0.88,0.25
2025-02-18,3735.94,3781.06,3807.7,3735.8,1.12,41.86,45392112,31211296816.0,1.92,0.34
2025-02-19,3773.7,3757.14,3789.74,3751.57,-0.63,-23.92,31048169,21849643641.0,1.01,0.23
2025-02-20,3758.19,3751.98,3765.97,3739.73,-0.14,-5.16,22963352,16579045063.0,0.7,0.17
2025-02-21,3752.13,3708.35,3754.84,3699.57,-1.16,-43.63,40401254,29032079535.0,1.47,0.3
2025-02-24,3702.29,3685.81,3713.23,3681.8,-0.61,-22.54,33995220,24611713617.0,0.85,0.26
2025-02-25,3682.89,3651.34,3688.1,3644.74,-0.94,-34.47,31602787,22717323815.0,1.18,0.24
2025-02-26,3651.77,3673.07,3694.49,3651.77,0.6,21.73,30344388,21502756471.0,1.17,0.23
2025-02-27,3675.66,3703.96,3704.73,3656.52,0.84,30.89,33358219,24552905172.0,1.31,0.25
2025-02-28,3697.1,3683.11,3718.22,3683.11,-0.56,-20.85,36118296,26248047865.0,0.95,0.27
2025-03-03,3686.07,3677.83,3697.49,3659.63,-0.14,-5.28,32393266,22450608687.0,1.03,0.24
2025-03-04,3670.76,3684.43,3699.42,3668.49,0.18,6.6,25941034,17994452779.0,0.84,0.2
2025-03-05,3687.07,3737.66,3738.69,3676.35,1.44,53.23,39452683,28233072970.0,1.69,0.3
2025-03-06,3735.59,3717.25,3736.83,3700.69,-0.55,-20.41,34615467,24362302575.0,0.97,0.26
2025-03-07,3715.86,3707.74,3732.27,3699.82,-0.26,-9.51,26862088,21013435869.0,0.87,0.2
2025-03-10,3703.0,3680.93,3704.5,3671.79,-0.72,-26.81,28409798,20284077370.0,0.88,0.21
2025-03-11,3669.2,3705.39,3705.64,3669.2,0.66,24.46,26231256,19525704812.0,0.99,0.2
2025-03-12,3700.56,3699.22,3709.6,3682.18,-0.17,-6.17,26293617,19389607228.0,0.74,0.2
2025-03-13,3698.31,3715.82,3725.81,3695.94,0.45,16.6,28562105,21829751814.0,0.81,0.21
2025-03-14,3713.48,3752.6,3765.81,3713.48,0.99,36.78,44600159,34195827277.0,1.41,0.34
2025-03-17,3754.8,3771.09,3783.6,3748.19,0.49,18.49,36389811,28332146214.0,0.94,0.27
2025-03-18,3775.18,3763.79,3775.79,3755.09,-0.19,-7.3,23162183,17590611253.0,0.55,0.17
2025-03-19,3765.43,3810.04,3810.57,3760.79,1.23,46.25,32345421,25628468774.0,1.32,0.24
2025-03-20,3808.24,3802.95,3834.42,3796.15,-0.19,-7.09,27422285,21285624401.0,1.0,0.21
2025-03-21,3798.58,3771.6,3818.23,3761.86,-0.82,-31.35,31425999,24274879713.0,1.48,0.24
2025-03-24,3773.09,3803.07,3805.27,3773.09,0.83,31.47,31915529,23108264439.0,0.85,0.24
2025-03-25,3802.78,3823.76,3825.1,3802.78,0.54,20.69,26177730,18611915089.0,0.59,0.2
2025-03-26,3817.68,3797.32,3827.49,3788.97,-0.69,-26.44,26707242,23361681062.0,1.01,0.2
2025-03-27,3793.62,3801.36,3817.13,3791.18,0.11,4.04,24781159,18829527112.0,0.68,0.19
2025-03-28,3800.27,3782.01,3801.32,3773.48,-0.51,-19.35,29732329,19584171490.0,0.73,0.22
2025-03-31,3791.14,3796.74,3834.59,3770.47,0.39,14.73,46910518,31244101817.0,1.7,0.35
2025-04-01,3791.8,3789.45,3815.99,3766.35,-0.19,-7.29,37381227,24918778418.0,1.31,0.28
2025-04-02,3787.21,3836.61,3845.19,3787.21,1.24,47.16,34656196,22901270989.0,1.53,0.26
2025-04-03,3817.66,3850.97,3856.71,3815.8,0.37,14.36,31119165,21726937910.0,1.07,0.23
2025-04-07,3756.22,3630.79,3771.11,3554.84,-5.72,-220.18,81586582,59222583907.0,5.62,0.61
2025-04-08,3628.64,3702.02,3706.9,3628.64,1.96,71.23,61021097,46142432029.0,2.16,0.46
2025-04-09,3682.08,3677.33,3682.89,3625.72,-0.67,-24.69,48592101,34713186660.0,1.54,0.37
2025-04-10,3696.28,3698.18,3714.06,3675.48,0.57,20.85,37292267,26748298881.0,1.05,0.28
2025-04-11,3692.76,3693.21,3699.87,3669.94,-0.13,-4.97,31637392,22224402068.0,0.81,0.24
2025-04-14,3701.03,3716.45,3725.77,3694.12,0.63,23.24,32580269,23050116593.0,0.86,0.24
2025-04-15,3716.62,3769.1,3770.97,3715.95,1.42,52.65,36863992,26032133620.0,1.48,0.28
2025-04-16,3765.77,3809.56,3810.03,3763.68,1.07,40.46,39810232,28327898685.0,1.23,0.3
2025-04-17,3802.06,3820.79,3824.44,3775.45,0.29,11.23,29167039,20536490591.0,1.29,0.22
2025-04-18,3813.48,3846.45,3856.59,3813.03,0.67,25.66,29415539,20993157808.0,1.14,0.22
2025-04-21,3838.63,3802.08,3880.02,3800.24,-1.15,-44.37,35557070,24625543648.0,2.07,0.27
2025-04-22,3803.96,3836.6,3843.8,3803.96,0.91,34.52,30802925,21566858167.0,1.05,0.23
2025-04-23,3840.09,3812.66,3844.97,3812.62,-0.62,-23.94,25051566,18034437208.0,0.84,0.19
2025-04-24,3816.34,3856.84,3867.16,3816.34,1.16,44.18,29763151,21129041444.0,1.33,0.22
2025-04-25,3862.14,3868.76,3875.99,3843.69,0.31,11.92,29933540,20172552225.0,0.84,0.23
2025-04-28,3872.52,3906.85,3917.46,3869.75,0.98,38.09,31472005,22605941871.0,1.23,0.24
2025-04-29,3893.16,3886.46,3926.35,3879.95,-0.52,-20.39,29335749,22515758882.0,1.19,0.22
2025-04-30,3880.41,3818.56,3881.93,3814.45,-1.75,-67.9,48994689,36940955923.0,1.74,0.37
2025-05-06,3827.01,3804.03,3827.42,3787.21,-0.38,-14.53,37871710,27370334043.0,1.05,0.28
2025-05-07,3824.88,3855.73,3857.68,3813.61,1.36,51.7,39968215,28434011308.0,1.16,0.3
2025-05-08,3848.34,3901.78,3907.48,3847.08,1.19,46.05,34621615,27180205550.0,1.57,0.26
2025-05-09,3904.11,3953.27,3958.07,3904.11,1.32,51.49,36819564,28981320806.0,1.38,0.28
2025-05-12,3948.61,3951.41,3985.1,3925.02,-0.05,-1.86,35386756,28429693429.0,1.52,0.27
2025-05-13,3958.43,4016.19,4017.54,3936.72,1.64,64.78,38832433,29703452986.0,2.05,0.29
2025-05-14,4007.5,4058.41,4073.68,3995.56,1.05,42.22,43603328,32768829328.0,1.95,0.33
2025-05-15,4051.71,4043.49,4089.13,4040.58,-0.37,-14.92,33875905,25894943398.0,1.2,0.25
2025-05-16,4043.01,4011.91,4054.49,3986.62,-0.78,-31.58,33585742,25285465305.0,1.68,0.25
2025-05-19,4016.05,4007.37,4041.67,4005.32,-0.11,-4.54,26815965,20787509021.0,0.91,0.2
2025-05-20,4017.07,4011.84,4048.62,3997.68,0.11,4.47,26486166,20499336947.0,1.27,0.2
2025-05-21,4016.24,4055.86,4063.38,4012.38,1.1,44.02,27945836,22422396762.0,1.27,0.21
2025-05-22,4054.23,4106.04,4108.39,4044.15,1.24,50.18,32624764,25286594597.0,1.58,0.25
2025-05-23,4107.1,4063.39,4135.58,4060.7,-1.04,-42.65,36224242,26283373934.0,1.82,0.27
2025-05-26,4054.79,4031.65,4080.08,4024.99,-0.78,-31.74,31378938,23353851069.0,1.36,0.24
2025-05-27,4037.42,4067.47,4082.66,4037.42,0.89,35.82,30067690,22017463596.0,1.12,0.23
2025-05-28,4065.08,4078.89,4090.02,4034.84,0.28,11.42,28209701,21459948505.0,1.36,0.21
2025-05-29,4075.46,4066.94,4087.63,4054.05,-0.29,-11.95,29159490,22524237035.0,0.82,0.22
2025-05-30,4072.02,4111.86,4122.49,4072.02,1.1,44.92,38094969,28687282617.0,1.24,0.29
2025-06-03,4114.35,4201.24,4214.09,4114.35,2.17,89.38,50351961,38658890075.0,2.43,0.38
2025-06-04,4202.22,4221.61,4234.14,4177.96,0.48,20.37,36237474,26602285957.0,1.34,0.27
2025-06-05,4226.78,4163.71,4240.37,4156.9,-1.37,-57.9,36686569,26377187132.0,1.98,0.28
2025-06-06,4175.47,4182.71,4206.58,4164.67,0.46,19.0,30035965,21897245316.0,1.01,0.23
2025-06-09,4188.22,4192.04,4194.83,4141.07,0.22,9.33,36222360,26598352154.0,1.29,0.27
2025-06-10,4190.14,4215.42,4249.41,4189.54,0.56,23.38,45625935,32922892164.0,1.43,0.34
2025-06-11,4215.37,4214.76,4233.31,4192.69,-0.02,-0.66,30804978,24702005763.0,0.96,0.23
2025-06-12,4222.89,4258.27,4262.87,4211.22,1.03,43.51,34410102,26306741256.0,1.23,0.26
2025-06-13,4260.85,4210.1,4270.54,4204.65,-1.13,-48.17,50567248,38925567049.0,1.55,0.38
2025-06-16,4206.94,4264.33,4264.33,4190.08,1.29,54.23,41270818,29349354391.0,1.76,0.31
2025-06-17,4261.01,4259.1,4289.98,4245.12,-0.12,-5.23,31057348,23050401521.0,1.05,0.23
2025-06-18,4258.68,4299.87,4302.22,4245.99,0.96,40.77,37912384,27819289418.0,1.32,0.29
2025-06-19,4299.0,4288.51,4314.21,4266.31,-0.26,-11.36,34218085,25720335818.0,1.11,0.26
2025-06-20,4289.75,4338.52,4343.31,4275.2,1.17,50.01,42930629,32439538726.0,1.59,0.32
2025-06-23,4330.2,4381.32,4392.94,4282.27,0.99,42.8,49293580,36591641517.0,2.55,0.37
2025-06-24,4371.96,4378.37,4390.69,4323.54,-0.07,-2.95,52478420,40163590101.0,1.53,0.39
2025-06-25,4369.44,4406.98,4416.04,4334.64,0.65,28.61,47576624,36882787940.0,1.86,0.36
2025-06-26,4402.31,4469.04,4479.6,4373.82,1.41,62.06,47977574,37120055749.0,2.4,0.36
2025-06-27,4462.46,4349.04,4507.31,4334.06,-2.69,-120.0,72343983,54804930253.0,3.88,0.54
2025-06-30,4328.12,4317.61,4337.56,4284.2,-0.72,-31.43,42853455,32929785217.0,1.23,0.32
2025-07-01,4323.49,4396.94,4408.26,4323.49,1.84,79.33,37836963,29333212788.0,1.96,0.28
2025-07-02,4399.96,4424.79,4452.41,4399.7,0.63,27.85,35646598,27461521144.0,1.2,0.27
2025-07-03,4427.26,4427.86,4457.09,4397.94,0.07,3.07,30790955,23968356425.0,1.34,0.23
2025-07-04,4427.55,4500.76,4524.0,4426.31,1.65,72.9,46808632,36363837280.0,2.21,0.35
2025-07-07,4504.15,4529.5,4531.57,4481.1,0.64,28.74,39236034,29694760196.0,1.12,0.29
2025-07-08,4526.31,4508.74,4548.35,4478.0,-0.46,-20.76,37242528,29717077139.0,1.55,0.28
2025-07-09,4505.8,4552.97,4568.4,4502.58,0.98,44.23,42961174,31909608392.0,1.46,0.32
2025-07-10,4555.68,4597.09,4625.12,4555.61,0.97,44.12,58820430,48050297129.0,1.53,0.44
2025-07-11,4607.88,4509.06,4632.44,4509.06,-1.91,-88.03,75477344,60716167596.0,2.68,0.57
2025-07-14,4505.14,4543.66,4591.56,4505.14,0.77,34.6,52348945,40591268106.0,1.92,0.39
2025-07-15,4551.92,4488.86,4568.23,4478.55,-1.21,-54.8,40790271,32063605921.0,1.97,0.31
2025-07-16,4485.58,4455.84,4492.75,4416.61,-0.74,-33.02,42356571,32762590472.0,1.7,0.32
2025-07-17,4454.47,4441.05,4474.54,4425.19,-0.33,-14.79,30530019,23691788336.0,1.11,0.23
2025-07-18,4447.91,4475.07,4484.07,4435.05,0.77,34.02,35599281,27935282295.0,1.1,0.27
2025-07-21,4470.06,4437.81,4480.48,4429.11,-0.83,-37.26,37894853,29562964299.0,1.15,0.28
2025-07-22,4434.22,4393.32,4437.54,4346.88,-1.0,-44.49,52360448,41289198634.0,2.04,0.39
2025-07-23,4382.79,4406.93,4449.01,4382.79,0.31,13.61,48702431,37886371822.0,1.51,0.37
2025-07-24,4409.2,4345.79,4409.2,4339.25,-1.39,-61.14,49512498,39759693444.0,1.59,0.37
2025-07-25,4343.11,4341.77,4375.27,4336.73,-0.09,-4.02,38911640,32247853304.0,0.89,0.29
2025-07-28,4348.22,4357.69,4398.21,4341.4,0.37,15.92,38743122,30839717867.0,1.31,0.29
2025-07-29,4359.58,4300.54,4382.34,4297.62,-1.31,-57.15,41310405,31976583386.0,1.94,0.31
2025-07-30,4303.57,4323.07,4360.32,4291.69,0.52,22.53,43579192,33964669598.0,1.6,0.33
2025-07-31,4322.72,4276.74,4326.79,4246.36,-1.07,-46.33,47920355,37169311165.0,1.86,0.36
2025-08-01,4280.84,4284.47,4311.09,4241.2,0.18,7.73,41844962,32481867722.0,1.63,0.31
2025-08-04,4270.04,4312.54,4341.08,4270.04,0.66,28.07,42136967,32457105906.0,1.66,0.32
2025-08-05,4315.04,4387.96,4391.86,4309.62,1.75,75.42,45800011,34269647194.0,1.91,0.34
2025-08-06,4391.13,4378.22,4408.72,4360.77,-0.22,-9.74,35199792,26817628330.0,1.09,0.26
2025-08-07,4379.78,4392.38,4401.74,4352.3,0.32,14.16,34030147,26650822934.0,1.13,0.26
2025-08-08,4395.89,4379.44,4415.06,4374.38,-0.29,-12.94,30682980,24073975119.0,0.93,0.23
2025-08-11,4377.32,4337.0,4381.52,4330.69,-0.97,-42.44,37590120,29091873538.0,1.16,0.28
2025-08-12,4336.64,4349.81,4371.43,4336.64,0.3,12.81,33014407,26188159780.0,0.8,0.25
2025-08-13,4353.75,4310.27,4361.05,4307.39,-0.91,-39.54,43861282,35742841642.0,1.23,0.33
2025-08-14,4310.98,4290.85,4330.04,4290.55,-0.45,-19.42,36343542,29500063012.0,0.92,0.27
2025-08-15,4294.4,4243.98,4295.0,4204.21,-1.09,-46.87,62531253,48201581749.0,2.12,0.47
2025-08-18,4242.8,4265.91,4284.2,4227.14,0.52,21.93,48290048,38489720962.0,1.34,0.36
2025-08-19,4265.69,4257.72,4271.17,4246.16,-0.19,-8.19,37769899,29220133843.0,0.59,0.28
2025-08-20,4254.85,4288.73,4309.96,4245.56,0.73,31.01,41499614,32467586525.0,1.51,0.31
2025-08-21,4286.69,4321.84,4329.15,4270.55,0.77,33.11,40272609,30558338823.0,1.37,0.3
2025-08-22,4320.82,4291.74,4321.12,4260.01,-0.7,-30.1,45907701,36406634213.0,1.41,0.35
2025-08-25,4283.92,4323.1,4331.02,4271.17,0.73,31.36,51518976,41851236380.0,1.39,0.39
2025-08-26,4317.88,4286.34,4324.61,4284.78,-0.85,-36.76,37988353,30749356970.0,0.92,0.29
2025-08-27,4282.34,4206.44,4283.96,4206.05,-1.86,-79.9,52558711,40522429030.0,1.82,0.4
2025-08-28,4203.65,4222.95,4241.31,4179.51,0.39,16.51,47586438,37508660689.0,1.47,0.36
2025-08-29,4224.28,4213.88,4300.19,4213.88,-0.21,-9.07,65843997,51268382832.0,2.04,0.49
2025-09-01,4217.86,4182.45,4239.74,4179.25,-0.75,-31.43,65594521,49503110818.0,1.44,0.49
2025-09-02,4180.05,4253.13,4253.13,4174.96,1.69,70.68,62233735,49418272926.0,1.87,0.47
2025-09-03,4253.31,4197.57,4259.94,4184.41,-1.31,-55.56,44964998,34712727405.0,1.78,0.34
2025-09-04,4189.02,4213.93,4221.66,4118.99,0.39,16.36,64392373,48954493550.0,2.45,0.48
2025-09-05,4204.3,4177.03,4204.3,4156.48,-0.88,-36.9,43030032,32483832995.0,1.13,0.32
2025-09-08,4167.88,4167.48,4199.05,4160.31,-0.23,-9.55,45331857,35102336307.0,0.93,0.34
2025-09-09,4167.82,4206.46,4207.15,4166.41,0.94,38.98,33842738,26938437802.0,0.98,0.25
2025-09-10,4201.26,4219.72,4230.15,4188.38,0.32,13.26,35564552,26546455866.0,0.99,0.27
2025-09-11,4213.32,4234.56,4235.59,4186.46,0.35,14.84,43643023,33431487274.0,1.16,0.33
2025-09-12,4227.78,4175.32,4236.91,4172.9,-1.4,-59.24,44890168,34965459837.0,1.51,0.34
2025-09-15,4170.26,4137.51,4170.77,4127.24,-0.91,-37.81,45412951,33046886812.0,1.04,0.34
2025-09-16,4137.26,4111.48,4149.43,4106.5,-0.63,-26.03,55771363,38362699244.0,1.04,0.42
2025-09-17,4109.67,4099.94,4120.38,4088.0,-0.28,-11.54,40160225,29343623135.0,0.79,0.3
2025-09-18,4101.66,4022.02,4106.44,4014.53,-1.9,-77.92,54713244,40716017718.0,2.24,0.41
2025-09-19,4018.0,4027.75,4036.66,3985.5,0.14,5.73,48494104,34533708090.0,1.27,0.36
2025-09-22,4021.01,3989.31,4031.31,3982.98,-0.95,-38.44,33563190,25489026220.0,1.2,0.25
2025-09-23,3982.92,4040.21,4057.6,3965.59,1.28,50.9,60768550,45514478516.0,2.31,0.46
2025-09-24,4032.5,4038.51,4076.48,4024.52,-0.04,-1.7,43555193,32071228550.0,1.29,0.33
2025-09-25,4031.21,3999.25,4031.21,3986.56,-0.97,-39.26,38197498,28402607457.0,1.11,0.29
2025-09-26,3995.27,4009.41,4018.92,3963.59,0.25,10.16,33125568,26169669778.0,1.38,0.25
2025-09-29,4005.87,4003.69,4032.87,3973.92,-0.14,-5.72,46919271,35141579869.0,1.47,0.35
2025-09-30,4001.83,3965.3,4002.16,3958.27,-0.96,-38.39,39012827,29013633897.0,1.1,0.29
2025-10-09,3955.64,3964.04,3965.51,3934.52,-0.03,-1.26,45841117,33985997659.0,0.78,0.34
2025-10-10,3958.74,3993.12,4014.27,3958.33,0.73,29.08,57495799,39764995335.0,1.41,0.43
2025-10-13,3969.81,4027.35,4048.77,3945.42,0.86,34.23,58616091,44305567876.0,2.59,0.44
2025-10-14,4018.25,4122.34,4125.45,4001.45,2.36,94.99,72977879,57384939616.0,3.08,0.55
2025-10-15,4115.33,4139.66,4151.25,4105.03,0.42,17.32,51466230,40071941795.0,1.12,0.39
2025-10-16,4134.62,4193.64,4195.79,4133.81,1.3,53.98,54970423,42194024134.0,1.5,0.41
2025-10-17,4188.99,4190.18,4229.41,4177.37,-0.08,-3.46,52241722,39153961627.0,1.24,0.39
2025-10-20,4177.73,4190.91,4196.5,4120.28,0.02,0.73,49195634,35437957863.0,1.82,0.37
2025-10-21,4187.3,4199.08,4210.55,4172.62,0.19,8.17,45291669,33834060281.0,0.91,0.34
2025-10-22,4195.34,4240.7,4245.78,4195.34,0.99,41.62,49665447,34466414303.0,1.2,0.37
2025-10-23,4239.94,4260.98,4287.42,4221.5,0.48,20.28,59485190,42442136836.0,1.55,0.45
2025-10-24,4250.16,4226.54,4268.7,4221.09,-0.81,-34.44,53067594,38284379365.0,1.12,0.4
2025-10-27,4219.7,4229.55,4258.33,4186.29,0.07,3.01,53832060,40865602745.0,1.7,0.4
2025-10-28,4233.64,4220.29,4250.52,4185.86,-0.22,-9.26,44088885,33009651518.0,1.53,0.33
2025-10-29,4207.67,4144.03,4208.58,4137.16,-1.81,-76.26,50022993,39588950221.0,1.69,0.38
2025-10-30,4141.45,4148.74,4184.82,4141.27,0.11,4.71,43582113,35494944809.0,1.05,0.33
2025-10-31,4156.88,4145.7,4158.67,4121.26,-0.07,-3.04,54399583,39363651042.0,0.9,0.41
2025-11-03,4146.86,4192.74,4202.26,4139.73,1.13,47.04,47080318,36039398198.0,1.51,0.35
2025-11-04,4195.19,4268.46,4274.38,4191.49,1.81,75.72,56250634,45284190836.0,1.98,0.42
2025-11-05,4274.3,4260.5,4286.33,4247.38,-0.19,-7.96,41531081,33595348005.0,0.91,0.31
2025-11-06,4250.5,4249.56,4272.95,4226.84,-0.26,-10.94,35591867,29977746756.0,1.08,0.27
2025-11-07,4250.89,4242.77,4286.9,4239.11,-0.16,-6.79,34119475,26604948028.0,1.12,0.26
2025-11-10,4235.42,4276.0,4280.62,4223.18,0.78,33.23,33700275,25888111480.0,1.35,0.25
2025-11-11,4272.17,4287.56,4296.01,4261.2,0.27,11.56,29298281,23315512094.0,0.81,0.22
2025-11-12,4295.54,4299.77,4335.9,4294.49,0.28,12.21,45577818,34459839765.0,0.97,0.34
2025-11-13,4301.34,4289.23,4311.7,4248.75,-0.25,-10.54,40817060,30479641687.0,1.46,0.31
2025-11-14,4286.35,4293.9,4333.19,4286.35,0.11,4.67,44557285,32716065353.0,1.09,0.33
2025-11-17,4289.69,4239.57,4292.37,4234.59,-1.27,-54.33,42675596,31885189747.0,1.35,0.32
2025-11-18,4237.65,4214.68,4244.24,4203.72,-0.59,-24.89,32015586,23364779424.0,0.96,0.24
2025-11-19,4214.32,4241.33,4255.85,4213.75,0.63,26.65,38388085,27677956435.0,1.0,0.29
2025-11-20,4238.26,4290.05,4330.15,4229.79,1.15,48.72,61996803,42514976301.0,2.37,0.47
2025-11-21,4287.2,4219.36,4308.4,4215.87,-1.65,-70.69,56957775,41365444209.0,2.16,0.43
2025-11-24,4223.52,4195.66,4238.44,4186.82,-0.56,-23.7,47583620,35050485419.0,1.22,0.36
2025-11-25,4197.05,4242.83,4248.14,4179.96,1.12,47.17,41385331,30627477988.0,1.63,0.31
2025-11-26,4244.24,4220.73,4265.3,4212.75,-0.52,-22.1,37160047,27434600579.0,1.24,0.28
2025-11-27,4218.07,4241.3,4251.13,4191.54,0.49,20.57,33511755,26224303775.0,1.41,0.25
2025-11-28,4238.05,4214.93,4238.57,4210.53,-0.62,-26.37,33760049,25246469153.0,0.66,0.25
2025-12-01,4215.75,4269.67,4272.88,4213.95,1.3,54.74,43552604,31799244117.0,1.4,0.33
2025-12-02,4264.94,4276.36,4287.59,4247.64,0.16,6.69,30609011,22994725376.0,0.94,0.23
2025-12-03,4269.68,4253.7,4304.81,4251.26,-0.53,-22.66,36534540,26599330641.0,1.25,0.27
2025-12-04,4253.96,4231.33,4260.5,4224.46,-0.53,-22.37,29445694,20812308040.0,0.85,0.22
2025-12-05,4228.62,4189.78,4241.15,4167.67,-0.98,-41.55,36722947,27030064582.0,1.74,0.28
2025-12-08,4189.13,4189.67,4208.57,4173.64,0.0,-0.11,33387793,25278588014.0,0.83,0.25
2025-12-09,4187.51,4176.64,4206.03,4168.94,-0.31,-13.03,31526750,23714657860.0,0.89,0.24
2025-12-10,4175.62,4132.99,4191.05,4116.19,-1.05,-43.65,38315985,30515515075.0,1.79,0.29
2025-12-11,4136.32,4136.78,4144.62,4121.05,0.09,3.79,32729607,25741799006.0,0.57,0.25
2025-12-12,4137.07,4119.06,4137.98,4110.73,-0.43,-17.72,49585889,37934491832.0,0.66,0.37
2025-12-15,4117.34,4130.5,4148.27,4109.54,0.28,11.44,32571509,24623154682.0,0.94,0.24
2025-12-16,4129.52,4112.86,4143.7,4100.68,-0.43,-17.64,30251059,22191822676.0,1.04,0.23
2025-12-17,4109.34,4115.52,4132.77,4091.86,0.06,2.66,30815679,23189788806.0,0.99,0.23
2025-12-18,4115.21,4189.87,4194.47,4108.42,1.81,74.35,33671619,26726086374.0,2.09,0.25
2025-12-19,4181.06,4185.3,4201.89,4165.76,-0.11,-4.57,30803722,23848905526.0,0.86,0.23
2025-12-22,4179.04,4151.38,4180.97,4148.8,-0.81,-33.92,26641512,20391835215.0,0.77,0.2
2025-12-23,4152.27,4159.87,4184.08,4150.5,0.2,8.49,28377060,21288591502.0,0.81,0.21
2025-12-24,4159.48,4154.17,4167.35,4132.02,-0.14,-5.7,25031210,19477497674.0,0.85,0.19
2025-12-25,4151.97,4156.06,4181.49,4148.39,0.05,1.89,22134120,17538050257.0,0.8,0.17
2025-12-26,4153.71,4137.04,4160.11,4132.91,-0.46,-19.02,21364976,17246761123.0,0.65,0.16
2025-12-29,4136.56,4159.09,4169.03,4124.84,0.53,22.05,33100797,26614669722.0,1.07,0.25
2025-12-30,4156.78,4149.26,4159.85,4129.87,-0.24,-9.83,28197480,23051647082.0,0.72,0.21
2025-12-31,4145.69,4153.32,4170.08,4140.98,0.1,4.06,27302229,21526779847.0,0.7,0.21
2026-01-05,4155.31,4147.72,4165.24,4122.47,-0.13,-5.6,37049342,30064854350.0,1.03,0.28
2026-01-06,4147.47,4160.67,4160.9,4125.86,0.31,12.95,39569961,32598801572.0,0.84,0.3
2026-01-07,4155.43,4138.88,4171.25,4134.52,-0.52,-21.79,34551386,29541906891.0,0.88,0.26
2026-01-08,4137.96,4109.75,4140.29,4101.98,-0.7,-29.13,32687418,27838624169.0,0.93,0.25
2026-01-09,4109.92,4099.63,4110.99,4083.14,-0.25,-10.12,30947237,26279290876.0,0.68,0.23
2026-01-12,4089.8,4112.49,4117.17,4081.55,0.31,12.86,35514425,29569408485.0,0.87,0.27
2026-01-13,4113.05,4140.07,4162.29,4113.05,0.67,27.58,44187134,36136544910.0,1.2,0.33
2026-01-14,4136.99,4079.86,4136.99,4079.62,-1.45,-60.21,51981618,42682851238.0,1.39,0.39
2026-01-15,4076.45,4053.87,4082.95,4049.27,-0.64,-25.99,36430085,29519955105.0,0.83,0.27
2026-01-16,4060.45,4014.91,4064.67,4004.54,-0.96,-38.96,44804068,38199164827.0,1.48,0.34
2026-01-19,4008.52,3996.55,4021.73,3984.63,-0.46,-18.36,34081607,28381411909.0,0.92,0.26
2026-01-20,3997.01,4044.21,4049.52,3988.38,1.19,47.66,39875175,31108015013.0,1.53,0.3
2026-01-21,4043.13,3996.3,4059.06,3991.92,-1.18,-47.91,44861312,35566111846.0,1.66,0.34
2026-01-22,3996.94,4005.16,4038.17,3989.74,0.22,8.86,41959556,36454104813.0,1.21,0.32
2026-01-23,4009.49,3990.42,4023.99,3979.38,-0.37,-14.74,41963405,36252408008.0,1.11,0.32
2026-01-26,3986.34,3999.34,4022.76,3971.96,0.22,8.92,50711868,44569713856.0,1.27,0.38
2026-01-27,3998.79,3990.58,4028.75,3987.08,-0.22,-8.76,47916986,38821573600.0,1.04,0.36
2026-01-28,3986.6,3986.94,4027.76,3967.89,-0.09,-3.64,57558319,45733754056.0,1.5,0.43
2026-01-29,3991.22,4059.36,4064.68,3980.81,1.82,72.42,64307668,49597521614.0,2.1,0.48
2026-01-30,4061.7,4042.77,4088.96,4040.59,-0.41,-16.59,49355550,38887062806.0,1.19,0.37
2026-02-02,4044.63,4032.41,4097.42,4025.97,-0.26,-10.36,54721283,41720774043.0,1.77,0.41
2026-02-03,4036.63,3999.72,4037.75,3984.04,-0.81,-32.69,45532097,32697684449.0,1.33,0.34
2026-02-04,3996.98,4058.91,4063.62,3996.98,1.48,59.19,39028136,29136214885.0,1.67,0.29
2026-02-05,4068.79,4144.22,4151.35,4068.52,2.1,85.31,49824727,37825507934.0,2.04,0.37
2026-02-06,4144.18,4135.36,4160.09,4107.39,-0.21,-8.86,41212135,29466460105.0,1.27,0.31
2026-02-09,4129.85,4159.16,4167.19,4118.89,0.58,23.8,33516111,23915726051.0,1.17,0.25
2026-02-10,4156.94,4167.28,4178.57,4150.14,0.2,8.12,32063444,22363664086.0,0.68,0.24
2026-02-11,4167.9,4181.23,4190.11,4150.81,0.33,13.95,26843789,19521101657.0,0.94,0.2
2026-02-12,4179.72,4118.2,4180.4,4112.86,-1.51,-63.03,37778567,27107584252.0,1.62,0.28
2026-02-13,4123.07,4089.23,4132.9,4084.68,-0.7,-28.97,30481368,22156073959.0,1.17,0.23
2026-02-24,4104.24,4075.35,4105.42,4075.35,-0.34,-13.88,27507076,21004882463.0,0.74,0.21
2026-02-25,4082.31,4057.25,4102.38,4051.09,-0.44,-18.1,38674631,26042290519.0,1.26,0.29
2026-02-26,4060.46,4047.48,4081.85,4035.86,-0.24,-9.77,29884847,21345219890.0,1.13,0.22
2026-02-27,4048.74,4054.78,4075.51,4046.28,0.18,7.3,28121786,20922733751.0,0.72,0.21
2026-03-02,4040.03,4083.37,4099.16,4029.05,0.71,28.59,42611994,29826461152.0,1.73,0.32
2026-03-03,4078.89,4100.96,4139.64,4060.33,0.43,17.59,60824025,44636665852.0,1.94,0.46
2026-03-04,4084.65,4047.32,4085.84,4025.76,-1.31,-53.64,53523031,37770291997.0,1.47,0.4
2026-03-05,4047.34,4080.13,4087.09,4043.3,0.81,32.81,35532926,25910023838.0,1.08,0.27
2026-03-06,4072.04,4094.94,4099.9,4064.84,0.36,14.81,28644245,20282130882.0,0.86,0.22
2026-03-09,4079.82,4072.92,4101.7,4064.3,-0.54,-22.02,39282218,28728574380.0,0.91,0.3
2026-03-10,4074.12,4077.11,4079.98,4053.49,0.1,4.19,31587269,22008606483.0,0.65,0.24
2026-03-11,4076.2,4113.78,4116.02,4056.45,0.9,36.67,32260332,23497597722.0,1.46,0.24
2026-03-12,4108.61,4153.83,4157.66,4105.13,0.97,40.05,37551646,24700570631.0,1.28,0.28
2026-03-13,4150.08,4169.92,4204.35,4134.42,0.39,16.09,39844400,27916890988.0,1.68,0.3
2026-03-16,4169.56,4188.62,4211.63,4157.09,0.45,18.7,33964102,24937881304.0,1.31,0.26
2026-03-17,4185.54,4217.23,4233.45,4181.88,0.68,28.61,40121907,28690495697.0,1.23,0.3
2026-03-18,4217.7,4190.74,4217.7,4171.15,-0.63,-26.49,39382795,28261324237.0,1.1,0.3
2026-03-19,4178.46,4169.56,4214.46,4161.76,-0.51,-21.18,38577914,28050834675.0,1.26,0.29
2026-03-20,4170.79,4153.4,4194.06,4151.17,-0.39,-16.16,36011403,25782457369.0,1.03,0.27
2026-03-23,4132.14,3998.76,4132.81,3985.45,-3.72,-154.64,59125946,40028302640.0,3.55,0.44
2026-03-24,4024.5,4097.3,4097.35,4018.4,2.46,98.54,40055309,28445865727.0,1.97,0.3
2026-03-25,4099.24,4145.41,4148.64,4060.34,1.17,48.11,36607105,25089925367.0,2.16,0.28
2026-03-26,4138.93,4155.36,4176.97,4136.83,0.24,9.95,31710110,22597230483.0,0.97,0.24
2026-03-27,4140.29,4119.83,4160.6,4104.44,-0.86,-35.53,28871551,20607886821.0,1.35,0.22
2026-03-30,4099.55,4136.16,4147.8,4096.38,0.4,16.33,30140721,22223519688.0,1.25,0.23
2026-03-31,4140.01,4155.7,4185.5,4138.99,0.47,19.54,47721118,33028464279.0,1.12,0.36
2026-04-01,4169.16,4155.46,4195.43,4146.8,-0.01,-0.24,36658318,26944637297.0,1.17,0.28
2026-04-02,4156.32,4170.86,4191.65,4152.16,0.37,15.4,33042700,23913480614.0,0.95,0.25
2026-04-03,4170.59,4119.5,4170.82,4104.84,-1.23,-51.36,28765468,20141703796.0,1.58,0.22
2026-04-07,4116.47,4087.39,4117.61,4073.97,-0.78,-32.11,27905673,20055221531.0,1.06,0.21
2026-04-08,4102.89,4137.7,4138.38,4085.07,1.23,50.31,35535216,26078317358.0,1.3,0.27
2026-04-09,4126.45,4092.52,4139.03,4091.48,-1.09,-45.18,24474288,18486161306.0,1.15,0.18
2026-04-10,4099.68,4096.25,4111.17,4091.04,0.09,3.73,21899596,16975028275.0,0.49,0.16
2026-04-13,4091.66,4094.6,4095.07,4069.27,-0.04,-1.65,21395415,16605978121.0,0.63,0.16
2026-04-14,4094.43,4128.51,4129.65,4094.43,0.83,33.91,24380749,18355157345.0,0.86,0.18
2026-04-15,4129.62,4162.35,4167.59,4127.89,0.82,33.84,29441404,24197049204.0,0.96,0.22
2026-04-16,4160.8,4147.98,4185.01,4139.27,-0.35,-14.37,27039561,21049931572.0,1.1,0.2
2026-04-17,4145.58,4140.8,4159.36,4133.25,-0.17,-7.18,23220878,18260770365.0,0.63,0.17
2026-04-20,4137.78,4177.54,4180.88,4131.53,0.89,36.74,27747466,22846547036.0,1.19,0.21
2026-04-21,4177.85,4205.46,4223.83,4177.23,0.67,27.92,28654497,23330112808.0,1.12,0.22
2026-04-22,4206.74,4194.2,4218.72,4188.64,-0.27,-11.26,25564490,20396866989.0,0.72,0.19
2026-04-23,4194.54,4240.8,4251.84,4192.43,1.11,46.6,34924169,26595290484.0,1.42,0.26
2026-04-24,4231.93,4209.59,4239.55,4197.68,-0.74,-31.21,27998614,22415060814.0,0.99,0.21
2026-04-27,4212.43,4186.29,4248.77,4181.17,-0.55,-23.3,31647492,28206120604.0,1.61,0.24
2026-04-28,4180.22,4197.44,4199.2,4174.58,0.27,11.15,30348756,24358501088.0,0.59,0.23
2026-04-29,4203.04,4215.97,4234.62,4181.66,0.44,18.53,35935600,33880077845.0,1.26,0.27
2026-04-30,4205.44,4189.31,4224.41,4181.97,-0.63,-26.66,38377865,30960671968.0,1.01,0.29
2026-05-06,4187.68,4156.9,4187.68,4142.02,-0.77,-32.41,40419103,33749048944.0,1.09,0.3
2026-05-07,4156.78,4139.53,4168.19,4136.66,-0.42,-17.37,29149155,23276417279.0,0.76,0.22
2026-05-08,4140.4,4127.31,4162.13,4119.49,-0.3,-12.22,25962440,21566193029.0,1.03,0.2
2026-05-11,4121.02,4120.8,4126.38,4100.24,-0.16,-6.51,35336432,27584648993.0,0.63,0.27
2026-05-12,4120.39,4112.51,4133.66,4105.41,-0.2,-8.29,29012809,24411443289.0,0.69,0.22
2026-05-13,4114.43,4112.74,4122.13,4101.61,0.01,0.23,27650483,22063804936.0,0.5,0.21
2026-05-14,4109.3,4121.2,4134.59,4098.8,0.21,8.46,33480210,26364757385.0,0.87,0.25
2026-05-15,4117.19,4086.09,4130.69,4073.97,-0.85,-35.11,35013538,26342580361.0,1.38,0.26
2026-05-18,4074.99,4051.53,4076.3,4038.92,-0.85,-34.56,29637586,22888507858.0,0.91,0.22
2026-05-19,4051.37,4076.62,4095.72,4051.37,0.62,25.09,28735209,22469403889.0,1.09,0.22
2026-05-20,4077.22,4050.22,4084.72,4044.44,-0.65,-26.4,27211489,20565882346.0,0.99,0.2
2026-05-21,4051.13,4056.9,4082.01,4046.19,0.16,6.68,30769573,24121952528.0,0.88,0.23
2026-05-22,4052.9,4042.08,4059.87,4025.14,-0.37,-14.82,29156261,23403872820.0,0.86,0.22
2026-05-25,4037.62,4033.5,4060.88,4028.96,-0.21,-8.58,23627336,19461251141.0,0.79,0.18
2026-05-26,4033.79,4038.45,4056.61,4022.76,0.12,4.95,26973362,22092493103.0,0.84,0.2
2026-05-27,4034.77,4015.53,4052.73,4005.47,-0.57,-22.92,31996763,25227724362.0,1.17,0.24
2026-05-28,4008.8,3983.54,4028.2,3980.01,-0.8,-31.99,28393916,23122114591.0,1.2,0.21
2026-05-29,3978.47,4047.23,4060.01,3970.79,1.6,63.69,41000680,34746138726.0,2.24,0.31
2026-06-01,4047.26,4114.24,4115.44,4028.55,1.66,67.01,39931284,30985343510.0,2.15,0.3
2026-06-02,4108.72,4124.34,4165.71,4106.15,0.25,10.1,36869618,30042007496.0,1.45,0.28
2026-06-03,4117.42,4082.3,4117.89,4057.94,-1.02,-42.04,32802902,25593237703.0,1.45,0.25
2026-06-04,4080.67,4028.88,4096.71,4018.41,-1.31,-53.42,28333195,22124168099.0,1.92,0.21
2026-06-05,4036.53,4074.42,4092.4,4036.53,1.13,45.54,33244010,25685445071.0,1.39,0.25
2026-06-08,4070.89,4091.42,4110.54,4056.3,0.42,17.0,41122825,31423260912.0,1.33,0.31
2026-06-09,4075.2,4115.65,4138.08,4066.14,0.59,24.23,40411557,30965545170.0,1.76,0.3
2026-06-10,4114.16,4194.1,4198.12,4107.51,1.91,78.45,44197748,34937969960.0,2.2,0.33
2026-06-11,4193.47,4172.66,4197.25,4154.23,-0.51,-21.44,33846824,26776501316.0,1.03,0.25
2026-06-12,4153.57,4230.79,4232.42,4136.64,1.39,58.13,47860590,37939881990.0,2.3,0.36
2026-06-15,4226.64,4185.14,4235.44,4168.28,-1.08,-45.65,45718167,36004387688.0,1.59,0.34
2026-06-16,4173.8,4128.75,4176.92,4120.74,-1.35,-56.39,31499811,24837962719.0,1.34,0.24
2026-06-17,4137.4,4095.42,4148.47,4078.51,-0.81,-33.33,30976008,23425580769.0,1.69,0.23
2026-06-18,4088.93,3984.04,4089.88,3983.42,-2.72,-111.38,43027022,32369201673.0,2.6,0.32
2026-06-22,3973.0,4002.23,4022.69,3930.13,0.46,18.19,42640012,32186428976.0,2.32,0.32
2026-06-23,3998.9,4064.82,4086.05,3997.97,1.56,62.59,47857413,34885988497.0,2.2,0.36
2026-06-24,4067.38,3956.21,4067.41,3955.88,-2.67,-108.61,44960671,33670656821.0,2.74,0.34
2026-06-25,3937.41,3930.15,3975.83,3927.14,-0.66,-26.06,37184217,29081364107.0,1.23,0.28
2026-06-26,3932.78,3886.46,3947.73,3883.75,-1.11,-43.69,37135483,27532219162.0,1.63,0.28
2026-06-29,3877.81,3890.21,3907.17,3798.6,0.1,3.75,40613270,29911017944.0,2.79,0.31
2026-06-30,3876.88,3800.20,3876.97,3783.50,-2.31,0,40959519.0,30357403977.0,0,0
2026-07-01,3796.72,3834.39,3851.52,3785.17,0.90,0,32259987.0,23587975452.0,0,0
2026-07-02,3843.00,3880.50,3918.97,3828.06,1.20,0,39091339.0,29054997866.0,0,0
2026-07-03,0.00,3880.94,0.00,0.00,0.01,0,0,0,0,0
