日期,开盘,收盘,最高,最低,涨跌幅,涨跌额,成交量,成交额,振幅,换手率
2015-12-09,996.7,1000.08,1015.43,995.41,0.01,0.08,1746291,3459662800.0,2.0,1.46
2015-12-10,987.3,1012.46,1018.75,986.76,1.24,12.38,1546781,3383972224.0,3.2,1.29
2015-12-11,1006.86,1000.33,1007.99,986.89,-1.2,-12.13,1509635,3400097392.0,2.08,1.26
2015-12-14,991.04,1032.55,1033.68,987.89,3.22,32.22,1402624,2682565072.0,4.58,1.17
2015-12-15,1031.65,1053.61,1061.3,1030.58,2.04,21.06,1563388,3114067936.0,2.98,1.31
2015-12-16,1053.8,1053.88,1064.68,1048.38,0.03,0.27,1460739,3023121504.0,1.55,1.22
2015-12-17,1056.7,1065.39,1069.2,1056.61,1.09,11.51,927496,2228289200.0,1.19,0.77
2015-12-18,1061.19,1063.42,1067.54,1054.29,-0.18,-1.97,997178,2477542560.0,1.24,0.83
2015-12-21,1058.33,1079.62,1080.59,1052.75,1.52,16.2,1051733,2642699040.0,2.62,0.88
2015-12-22,1085.31,1097.63,1100.18,1081.75,1.67,18.01,1492786,3565946384.0,1.71,1.25
2015-12-23,1102.3,1094.02,1102.83,1082.77,-0.33,-3.61,1309422,3106914848.0,1.83,1.09
2015-12-24,1095.52,1088.89,1100.4,1074.98,-0.47,-5.13,1002818,2357981776.0,2.32,0.84
2015-12-25,1092.41,1094.38,1099.11,1083.68,0.5,5.49,1057682,2525239072.0,1.42,0.88
2015-12-28,1105.03,1085.62,1120.58,1084.95,-0.8,-8.76,1570889,3240315088.0,3.26,1.31
2015-12-29,1083.33,1081.11,1090.17,1056.54,-0.42,-4.51,991967,2018909296.0,3.1,0.83
2015-12-30,1080.76,1091.87,1091.87,1072.38,1.0,10.76,1000076,2086999008.0,1.8,0.83
2015-12-31,1094.4,1087.51,1099.17,1081.31,-0.4,-4.36,1070174,2365968208.0,1.64,0.89
2016-01-04,1084.69,981.09,1088.2,981.01,-9.79,-106.42,754457,1526457936.0,9.86,0.63
2016-01-05,915.12,932.11,985.56,898.32,-4.99,-48.98,1442841,2564868176.0,8.89,1.2
2016-01-06,938.42,970.18,970.85,923.69,4.08,38.07,1064600,1946653888.0,5.06,0.89
2016-01-07,949.69,878.26,949.69,877.34,-9.47,-91.92,226639,399858784.0,7.46,0.19
2016-01-08,899.18,889.01,914.41,830.89,1.22,10.75,1081736,1892610896.0,9.51,0.9
2016-01-11,869.88,813.29,879.4,809.05,-8.52,-75.72,999944,1600834480.0,7.91,0.83
2016-01-12,804.36,808.55,817.73,785.04,-0.58,-4.74,850875,1303636288.0,4.02,0.71
2016-01-13,803.15,775.58,817.94,772.49,-4.08,-32.97,948719,1409586800.0,5.62,0.79
2016-01-14,749.85,799.41,801.72,736.57,3.07,23.83,868486,1277618080.0,8.4,0.73
2016-01-15,788.49,765.77,799.13,758.74,-4.21,-33.64,1038532,1696135664.0,5.05,0.87
2016-01-18,750.05,790.24,794.44,743.93,3.2,24.47,889750,1365221584.0,6.6,0.74
2016-01-19,785.25,824.07,826.86,780.58,4.28,33.83,833045,1304111664.0,5.86,0.7
2016-01-20,818.67,814.64,837.04,803.96,-1.14,-9.43,859902,1363138336.0,4.01,0.72
2016-01-21,799.24,784.52,827.02,783.97,-3.7,-30.12,653188,991116512.0,5.28,0.55
2016-01-22,795.22,800.88,803.07,769.41,2.09,16.36,623120,934945296.0,4.29,0.52
2016-01-25,806.5,803.94,813.71,795.39,0.38,3.06,470242,739808512.0,2.29,0.39
2016-01-26,795.36,732.52,795.54,727.65,-8.88,-71.42,741307,1079854592.0,8.44,0.62
2016-01-27,740.01,713.62,742.32,676.92,-2.58,-18.9,958527,1252276896.0,8.93,0.8
2016-01-28,706.57,681.0,708.92,670.84,-4.57,-32.62,595904,771218208.0,5.34,0.5
2016-01-29,674.58,709.07,712.15,668.48,4.12,28.07,753347,969827792.0,6.41,0.63
2016-02-01,705.04,694.87,713.8,683.85,-2.0,-14.2,478292,605256752.0,4.22,0.4
2016-02-02,697.68,717.91,719.76,697.68,3.32,23.04,519914,682030624.0,3.18,0.43
2016-02-03,709.8,714.49,717.88,698.1,-0.48,-3.42,465565,596605680.0,2.76,0.39
2016-02-04,719.37,733.67,737.34,719.37,2.68,19.18,433295,593082768.0,2.52,0.36
2016-02-05,737.28,750.79,761.71,737.15,2.33,17.12,622339,886905664.0,3.35,0.52
2016-02-15,771.79,789.33,792.1,771.39,5.13,38.54,1187150,1655968192.0,2.76,0.99
2016-02-16,782.93,809.7,812.13,774.36,2.58,20.37,1362774,1872549296.0,4.79,1.14
2016-02-17,798.79,807.24,809.97,788.0,-0.3,-2.46,1141979,1623278320.0,2.71,0.95
2016-02-18,814.09,807.1,819.89,804.65,-0.02,-0.14,1126686,1600261984.0,1.89,0.94
2016-02-19,806.77,808.94,815.1,796.81,0.23,1.84,883104,1311410048.0,2.27,0.74
2016-02-22,821.72,834.18,837.08,813.75,3.12,25.24,1208022,2082922240.0,2.88,1.01
2016-02-23,828.59,823.16,829.6,812.88,-1.32,-11.02,970658,1771273872.0,2.0,0.81
2016-02-24,817.83,834.74,836.23,812.24,1.41,11.58,1139750,1843163792.0,2.91,0.95
2016-02-25,828.86,756.81,830.6,756.42,-9.34,-77.93,975347,1473344464.0,8.89,0.81
2016-02-26,756.5,747.36,764.34,720.95,-1.25,-9.45,855831,1179703904.0,5.73,0.71
2016-02-29,735.64,682.79,737.87,680.38,-8.64,-64.57,810871,1019306128.0,7.69,0.68
2016-03-01,685.18,702.34,706.23,675.67,2.86,19.55,745640,1003626528.0,4.48,0.62
2016-03-02,696.33,738.22,742.31,695.11,5.11,35.88,1037093,1385043728.0,6.72,0.87
2016-03-03,737.84,771.14,776.38,736.68,4.46,32.92,1522136,1887894544.0,5.38,1.27
2016-03-04,772.34,768.1,806.16,762.09,-0.39,-3.04,1849535,2511670816.0,5.71,1.54
2016-03-07,773.54,799.57,802.68,769.36,4.1,31.47,1651572,2461048944.0,4.34,1.38
2016-03-08,788.58,778.77,788.58,748.5,-2.6,-20.8,1307208,1840915584.0,5.01,1.09
2016-03-09,751.57,742.4,762.11,736.42,-4.67,-36.37,967290,1291436896.0,3.3,0.81
2016-03-10,741.7,721.64,748.57,719.26,-2.8,-20.76,717788,979337552.0,3.95,0.6
2016-03-11,726.17,720.82,732.37,715.34,-0.11,-0.82,602552,820637152.0,2.36,0.5
2016-03-14,727.06,752.44,756.9,725.87,4.39,31.62,901822,1261461312.0,4.3,0.75
2016-03-15,742.94,734.27,745.62,728.54,-2.41,-18.17,730104,1002362496.0,2.27,0.61
2016-03-16,734.1,733.02,744.32,721.1,-0.17,-1.25,643291,924958288.0,3.16,0.54
2016-03-17,740.6,753.71,760.64,732.72,2.82,20.69,989771,1447647952.0,3.81,0.83
2016-03-18,760.0,777.6,786.66,756.24,3.17,23.89,1270494,1893978752.0,4.04,1.06
2016-03-21,783.88,797.61,797.72,781.49,2.57,20.01,1403489,2194791392.0,2.09,1.17
2016-03-22,788.74,790.42,796.39,782.7,-0.9,-7.19,1373189,2062232592.0,1.72,1.15
2016-03-23,791.07,795.41,811.51,781.8,0.63,4.99,1127120,1701461296.0,3.76,0.94
2016-03-24,782.89,771.72,783.45,769.12,-2.98,-23.69,1063596,1794006672.0,1.8,0.89
2016-03-25,767.92,784.98,784.98,766.0,1.72,13.26,745009,1305132864.0,2.46,0.62
2016-03-28,791.97,786.79,800.17,778.91,0.23,1.81,1021612,1576899760.0,2.71,0.85
2016-03-29,781.13,765.31,784.52,758.2,-2.73,-21.48,918389,1383848032.0,3.35,0.77
2016-03-30,775.16,786.83,788.84,768.97,2.81,21.52,1056195,1781844416.0,2.6,0.88
2016-03-31,791.18,787.82,795.52,784.12,0.13,0.99,1060509,2091329136.0,1.45,0.89
2016-04-01,782.4,785.29,787.58,769.18,-0.32,-2.53,972259,2116301584.0,2.34,0.81
2016-04-05,784.51,801.15,801.67,777.85,2.02,15.86,1090523,1989083104.0,3.03,0.91
2016-04-06,802.21,808.23,814.97,801.0,0.88,7.08,1300068,2385568112.0,1.74,1.09
2016-04-07,809.52,786.76,811.23,786.76,-2.66,-21.47,1050139,2282903088.0,3.03,0.88
2016-04-08,781.54,784.55,784.83,771.83,-0.28,-2.21,1092942,2239349232.0,1.65,0.91
2016-04-11,790.97,804.89,805.94,790.71,2.59,20.34,1437352,2339493120.0,1.94,1.2
2016-04-12,802.92,795.89,809.74,788.68,-1.12,-9.0,1458117,2314116960.0,2.62,1.22
2016-04-13,798.59,808.64,824.43,798.37,1.6,12.75,1732630,2651835504.0,3.27,1.45
2016-04-14,814.18,828.53,829.37,807.15,2.46,19.89,1619964,2591549408.0,2.75,1.35
2016-04-15,825.17,832.02,836.72,820.04,0.42,3.49,1688337,2681571648.0,2.01,1.41
2016-04-18,825.53,818.98,825.53,810.12,-1.57,-13.04,1403514,2508800992.0,1.85,1.17
2016-04-19,820.67,821.01,825.79,812.64,0.25,2.03,1232217,2259866032.0,1.61,1.03
2016-04-20,827.44,773.92,830.36,756.62,-5.74,-47.09,1780010,2807047056.0,8.98,1.49
2016-04-21,769.63,770.57,780.97,761.31,-0.43,-3.35,1048888,1645055328.0,2.54,0.88
2016-04-22,764.77,776.13,777.21,761.42,0.72,5.56,825806,1307050592.0,2.05,0.69
2016-04-25,772.25,764.09,772.31,755.48,-1.55,-12.04,739393,1175630304.0,2.17,0.62
2016-04-26,764.8,772.63,772.63,761.03,1.12,8.54,737652,1143749856.0,1.52,0.62
2016-04-27,773.37,788.09,790.96,769.34,2.0,15.46,1030100,1477507008.0,2.8,0.86
2016-04-28,781.59,780.81,783.67,764.3,-0.92,-7.28,868337,1261423168.0,2.46,0.72
2016-04-29,778.92,787.25,792.34,777.28,0.82,6.44,713888,998294560.0,1.93,0.6
2016-05-03,795.72,811.27,812.01,791.32,3.05,24.02,1069661,1570214720.0,2.63,0.89
2016-05-04,805.27,802.51,808.5,799.29,-1.08,-8.76,928410,1426329552.0,1.14,0.78
2016-05-05,802.37,805.6,806.42,796.77,0.39,3.09,815266,1281143936.0,1.2,0.68
2016-05-06,805.89,776.89,806.7,776.68,-3.56,-28.71,998474,1520176736.0,3.73,0.83
2016-05-09,769.73,748.35,771.52,745.14,-3.67,-28.54,681519,980339120.0,3.4,0.57
2016-05-10,733.93,739.06,746.25,731.81,-1.24,-9.29,629278,861878832.0,1.93,0.53
2016-05-11,740.69,727.89,745.53,724.42,-1.51,-11.17,537510,786033952.0,2.86,0.45
2016-05-12,719.61,714.41,719.61,697.31,-1.85,-13.48,508921,662472832.0,3.06,0.42
2016-05-13,712.91,711.43,721.05,707.12,-0.42,-2.98,425368,586878736.0,1.95,0.36
2016-05-16,709.78,726.66,726.91,703.39,2.14,15.23,509897,676596304.0,3.31,0.43
2016-05-17,723.9,725.12,731.09,720.75,-0.21,-1.54,499029,692000016.0,1.42,0.42
2016-05-18,720.12,700.24,720.12,689.47,-3.43,-24.88,543813,702179280.0,4.23,0.45
2016-05-19,699.15,701.17,711.02,697.66,0.13,0.93,548655,712341200.0,1.91,0.46
2016-05-20,699.77,710.36,713.74,697.97,1.31,9.19,562038,700330192.0,2.25,0.47
2016-05-23,709.79,712.96,715.34,708.42,0.37,2.6,507266,660619296.0,0.97,0.42
2016-05-24,709.82,707.02,711.12,701.09,-0.83,-5.94,449569,595387776.0,1.41,0.38
2016-05-25,709.1,702.76,712.67,699.94,-0.6,-4.26,432613,610867392.0,1.8,0.36
2016-05-26,701.18,702.86,707.47,689.82,0.01,0.1,619527,793714928.0,2.51,0.52
2016-05-27,700.99,698.16,703.46,695.04,-0.67,-4.7,390876,516410848.0,1.2,0.33
2016-05-30,695.13,695.31,698.32,687.76,-0.41,-2.85,397051,537226256.0,1.51,0.33
2016-05-31,695.77,721.21,721.73,695.77,3.72,25.9,858473,1142691168.0,3.73,0.72
2016-06-01,723.49,722.36,728.13,721.84,0.16,1.15,736096,1029985408.0,0.87,0.61
2016-06-02,720.62,730.02,730.55,718.78,1.06,7.66,678584,915374944.0,1.63,0.57
2016-06-03,728.15,726.01,730.73,720.29,-0.55,-4.01,691177,950331136.0,1.43,0.58
2016-06-06,737.56,732.77,744.47,728.26,0.93,6.76,761131,1047091120.0,2.23,0.64
2016-06-07,731.42,737.83,738.32,728.96,0.69,5.06,714978,972703616.0,1.28,0.6
2016-06-08,735.01,735.47,738.77,725.53,-0.32,-2.36,693232,912521744.0,1.79,0.58
2016-06-13,730.89,726.24,752.25,725.07,-1.25,-9.23,1078239,1394924064.0,3.7,0.9
2016-06-14,719.7,720.24,725.25,710.89,-0.83,-6.0,742606,961897840.0,1.98,0.62
2016-06-15,713.59,746.79,747.5,710.35,3.69,26.55,1008252,1324142576.0,5.16,0.84
2016-06-16,746.79,764.84,770.78,738.79,2.42,18.05,1343256,1701152288.0,4.28,1.12
2016-06-17,752.94,764.31,765.71,752.68,-0.07,-0.53,1226222,1579082240.0,1.7,1.02
2016-06-20,762.01,762.72,770.11,755.26,-0.21,-1.59,968132,1280284736.0,1.94,0.81
2016-06-21,764.35,753.61,770.46,748.85,-1.19,-9.11,1054729,1281468560.0,2.83,0.88
2016-06-22,750.36,763.34,764.13,747.05,1.29,9.73,930323,1121969696.0,2.27,0.78
2016-06-23,762.78,754.17,765.16,752.45,-1.2,-9.17,746234,935072112.0,1.67,0.62
2016-06-24,761.61,785.96,795.99,755.0,4.22,31.79,1923146,2561769616.0,5.44,1.61
2016-06-27,782.18,782.46,782.78,773.54,-0.45,-3.5,1227882,1705828432.0,1.18,1.03
2016-06-28,778.99,780.36,783.53,774.83,-0.27,-2.1,1013392,1416372992.0,1.11,0.85
2016-06-29,782.2,780.1,784.95,779.31,-0.03,-0.26,857732,1151856640.0,0.72,0.72
2016-06-30,781.11,774.16,781.84,772.03,-0.76,-5.94,633474,855731952.0,1.26,0.53
2016-07-01,774.49,783.79,790.65,774.49,1.24,9.63,864174,1168772400.0,2.09,0.72
2016-07-04,782.53,796.95,804.19,782.53,1.68,13.16,1164852,1646947072.0,2.76,0.97
2016-07-05,797.28,793.04,797.8,789.38,-0.49,-3.91,852209,1182055872.0,1.06,0.71
2016-07-06,794.63,834.58,839.19,794.63,5.24,41.54,2147604,3203691712.0,5.62,1.79
2016-07-07,833.11,839.6,865.75,827.08,0.6,5.02,2406362,3637139344.0,4.63,2.01
2016-07-08,830.87,823.09,832.59,822.16,-1.97,-16.51,1124172,1662923312.0,1.24,0.94
2016-07-11,827.17,837.51,860.18,827.17,1.75,14.42,1600835,2449404240.0,4.01,1.34
2016-07-12,832.77,831.89,835.19,813.31,-0.67,-5.62,1024401,1502134288.0,2.61,0.86
2016-07-13,821.83,837.77,837.77,821.11,0.71,5.88,827703,1254108448.0,2.0,0.69
2016-07-14,844.93,840.15,853.62,835.43,0.28,2.38,1231851,1993683744.0,2.17,1.03
2016-07-15,834.33,840.02,844.25,830.64,-0.02,-0.13,909987,1406910848.0,1.62,0.76
2016-07-18,839.25,838.15,845.3,834.91,-0.22,-1.87,615249,999935840.0,1.24,0.51
2016-07-19,837.57,832.51,837.76,826.11,-0.67,-5.64,455464,778595264.0,1.39,0.38
2016-07-20,831.89,823.34,840.29,823.33,-1.1,-9.17,701856,1021731680.0,2.04,0.59
2016-07-21,819.08,818.51,822.7,813.29,-0.59,-4.83,709141,1025027392.0,1.14,0.59
2016-07-22,822.7,801.19,823.79,799.5,-2.12,-17.32,743992,1038102464.0,2.97,0.62
2016-07-25,797.12,803.61,805.59,796.22,0.3,2.42,604743,928239264.0,1.17,0.5
2016-07-26,803.34,816.05,816.55,803.34,1.55,12.44,599405,944972720.0,1.64,0.5
2016-07-27,817.44,783.18,817.9,768.48,-4.03,-32.87,943091,1420014448.0,6.06,0.79
2016-07-28,789.11,797.09,798.4,782.03,1.78,13.91,698606,1048372032.0,2.09,0.58
2016-07-29,797.5,794.43,798.25,788.84,-0.33,-2.66,456150,706192912.0,1.18,0.38
2016-08-01,797.07,788.83,800.46,782.51,-0.7,-5.6,529187,794179088.0,2.26,0.44
2016-08-02,789.61,796.82,797.31,786.3,1.01,7.99,581850,906535456.0,1.4,0.49
2016-08-03,797.82,800.97,802.53,795.47,0.52,4.15,509979,736797632.0,0.89,0.43
2016-08-04,796.95,797.12,798.51,789.5,-0.48,-3.85,471335,770036928.0,1.12,0.39
2016-08-05,796.98,793.27,797.44,790.37,-0.48,-3.85,402414,611915504.0,0.89,0.34
2016-08-08,789.5,790.87,792.91,772.49,-0.3,-2.4,571168,741937312.0,2.57,0.48
2016-08-09,784.8,796.91,797.82,784.8,0.76,6.04,493525,673310480.0,1.65,0.41
2016-08-10,795.9,798.74,802.67,795.9,0.23,1.83,535198,764172704.0,0.85,0.45
2016-08-11,797.65,784.62,797.65,782.39,-1.77,-14.12,454342,653120368.0,1.91,0.38
2016-08-12,788.09,790.92,792.85,780.17,0.8,6.3,573614,769552336.0,1.62,0.48
2016-08-15,787.8,798.49,801.2,783.45,0.96,7.57,747746,1130848736.0,2.24,0.62
2016-08-16,798.66,807.62,811.25,797.91,1.14,9.13,690527,981351136.0,1.67,0.58
2016-08-17,806.95,805.86,807.4,801.85,-0.22,-1.76,511303,737743344.0,0.69,0.43
2016-08-18,804.3,807.58,812.27,804.21,0.21,1.72,568484,763961360.0,1.0,0.47
2016-08-19,808.12,805.64,808.9,801.66,-0.24,-1.94,456629,658168224.0,0.9,0.38
2016-08-22,804.69,804.41,807.18,798.01,-0.15,-1.23,545516,797869920.0,1.14,0.46
2016-08-23,803.12,813.74,816.94,801.15,1.16,9.33,694575,893141200.0,1.96,0.58
2016-08-24,813.98,813.79,815.24,808.27,0.01,0.05,617830,847583296.0,0.86,0.52
2016-08-25,807.93,813.61,813.82,798.31,-0.02,-0.18,642017,847922832.0,1.91,0.54
2016-08-26,813.12,814.79,819.42,811.39,0.15,1.18,626861,832029248.0,0.99,0.52
2016-08-29,812.42,815.28,815.81,806.4,0.06,0.49,485159,666663312.0,1.15,0.41
2016-08-30,816.79,819.25,821.38,813.62,0.49,3.97,540867,686308976.0,0.95,0.45
2016-08-31,821.6,812.19,821.6,810.59,-0.86,-7.06,509861,687945696.0,1.34,0.43
2016-09-01,813.14,811.0,814.62,809.01,-0.15,-1.19,524859,694224144.0,0.69,0.44
2016-09-02,810.1,806.8,810.93,804.77,-0.52,-4.2,436072,631294224.0,0.76,0.36
2016-09-05,807.18,801.14,808.31,799.09,-0.7,-5.66,450564,614431520.0,1.14,0.38
2016-09-06,800.75,817.81,818.77,791.77,2.08,16.67,737964,982929200.0,3.37,0.62
2016-09-07,820.12,815.49,825.4,814.8,-0.28,-2.32,877969,1259535904.0,1.3,0.73
2016-09-08,813.3,816.53,816.6,809.71,0.13,1.04,633034,917687872.0,0.84,0.53
2016-09-09,814.87,814.94,820.75,811.49,-0.19,-1.59,663846,966401296.0,1.13,0.55
2016-09-12,808.46,794.38,808.46,794.21,-2.52,-20.56,682950,884676608.0,1.75,0.57
2016-09-13,796.77,797.07,799.11,792.05,0.34,2.69,388442,486513408.0,0.89,0.32
2016-09-14,792.93,801.78,803.87,788.1,0.59,4.71,508472,692127840.0,1.98,0.42
2016-09-19,804.0,801.84,804.47,800.03,0.01,0.06,496636,685705536.0,0.55,0.41
2016-09-20,801.2,803.07,803.4,798.77,0.15,1.23,541456,710433008.0,0.58,0.45
2016-09-21,801.72,807.63,808.16,801.02,0.57,4.56,444244,598454432.0,0.89,0.37
2016-09-22,812.61,806.66,813.4,805.2,-0.12,-0.97,454759,615405920.0,1.02,0.38
2016-09-23,807.0,803.91,810.08,803.42,-0.34,-2.75,416531,551746528.0,0.83,0.35
2016-09-26,800.92,790.55,803.04,788.19,-1.66,-13.36,463802,631180464.0,1.85,0.39
2016-09-27,789.05,791.31,793.96,784.81,0.1,0.76,379118,488819984.0,1.16,0.32
2016-09-28,793.21,797.42,799.64,789.45,0.77,6.11,403230,518378480.0,1.29,0.34
2016-09-29,797.64,797.23,800.09,794.62,-0.02,-0.19,423517,560637984.0,0.69,0.35
2016-09-30,799.98,803.02,803.71,796.77,0.73,5.79,370360,491054688.0,0.87,0.31
2016-10-10,800.54,809.34,809.98,797.92,0.79,6.32,426262,572935872.0,1.5,0.36
2016-10-11,808.5,813.31,813.59,806.82,0.49,3.97,431319,595741856.0,0.84,0.36
2016-10-12,810.95,811.28,812.15,807.92,-0.25,-2.03,374089,506002240.0,0.52,0.31
2016-10-13,812.21,810.51,812.44,809.62,-0.09,-0.77,437971,630696016.0,0.35,0.37
2016-10-14,810.31,814.88,815.06,805.75,0.54,4.37,497083,739250336.0,1.15,0.42
2016-10-17,814.47,812.56,817.11,807.3,-0.28,-2.32,836610,1226188560.0,1.2,0.7
2016-10-18,811.41,819.82,819.82,808.41,0.89,7.26,662662,960105904.0,1.4,0.55
2016-10-19,819.43,819.74,825.23,816.37,-0.01,-0.08,645016,937990816.0,1.08,0.54
2016-10-20,820.05,821.01,824.02,817.25,0.15,1.27,539822,814975488.0,0.83,0.45
2016-10-21,821.39,818.27,822.49,813.06,-0.33,-2.74,441675,648780576.0,1.15,0.37
2016-10-24,817.94,821.29,822.71,816.27,0.37,3.02,440791,657373984.0,0.79,0.37
2016-10-25,821.24,822.61,824.27,820.28,0.16,1.32,446305,671923952.0,0.49,0.37
2016-10-26,822.9,821.81,824.78,819.92,-0.1,-0.8,587654,822501856.0,0.59,0.49
2016-10-27,821.07,818.98,821.9,815.9,-0.34,-2.83,432461,602528080.0,0.73,0.36
2016-10-28,820.67,813.37,821.61,813.12,-0.68,-5.61,407305,592162960.0,1.04,0.34
2016-10-31,813.63,818.02,818.13,809.57,0.57,4.65,304812,440764688.0,1.05,0.25
2016-11-01,817.78,827.11,828.13,815.28,1.11,9.09,532166,791999152.0,1.57,0.44
2016-11-02,828.2,839.53,846.34,825.62,1.5,12.42,903045,1366616752.0,2.51,0.75
2016-11-03,837.8,838.61,842.64,832.47,-0.11,-0.92,720491,1077337328.0,1.21,0.6
2016-11-04,840.26,832.19,843.56,830.51,-0.77,-6.42,595297,874795712.0,1.56,0.5
2016-11-07,841.82,838.89,842.82,833.08,0.81,6.7,495802,728538592.0,1.17,0.41
2016-11-08,848.2,850.48,853.45,837.41,1.38,11.59,1125668,1631362736.0,1.91,0.94
2016-11-09,848.6,877.97,886.52,846.92,3.23,27.49,2079186,3234567648.0,4.66,1.74
2016-11-10,856.39,870.15,870.59,856.11,-0.89,-7.82,1443597,2235568928.0,1.65,1.21
2016-11-11,877.99,862.67,881.34,860.77,-0.86,-7.48,1313376,1853921680.0,2.36,1.1
2016-11-14,850.35,856.67,857.41,847.4,-0.7,-6.0,949234,1363478816.0,1.16,0.79
2016-11-15,859.33,863.27,864.25,852.64,0.77,6.6,760180,1065903152.0,1.36,0.63
2016-11-16,863.62,867.78,871.33,859.81,0.52,4.51,1088690,1508092112.0,1.33,0.91
2016-11-17,868.77,860.81,872.5,856.7,-0.8,-6.97,1061868,1429480816.0,1.82,0.89
2016-11-18,859.02,852.22,859.4,850.65,-1.0,-8.59,664397,1011469408.0,1.02,0.55
2016-11-21,851.01,851.52,854.61,849.15,-0.08,-0.7,613466,949131184.0,0.64,0.51
2016-11-22,855.23,861.1,861.4,851.28,1.13,9.58,793970,1250621744.0,1.19,0.66
2016-11-23,861.36,855.64,861.36,851.11,-0.63,-5.46,728290,1073101840.0,1.19,0.61
2016-11-24,849.34,851.44,854.4,845.93,-0.49,-4.2,735554,1103090912.0,0.99,0.61
2016-11-25,852.22,857.9,858.78,843.61,0.76,6.46,865859,1238193936.0,1.78,0.72
2016-11-28,862.08,861.59,864.64,855.5,0.43,3.69,677331,987481040.0,1.07,0.57
2016-11-29,861.89,853.73,862.9,851.28,-0.91,-7.86,618164,1017695792.0,1.35,0.52
2016-11-30,854.14,857.31,857.84,850.49,0.42,3.58,560686,809752304.0,0.86,0.47
2016-12-01,856.43,863.94,863.96,854.7,0.77,6.63,506044,762218544.0,1.08,0.42
2016-12-02,866.34,851.36,866.86,847.38,-1.46,-12.58,591720,888673216.0,2.25,0.49
2016-12-05,847.82,840.55,848.79,840.15,-1.27,-10.81,546648,777819920.0,1.01,0.46
2016-12-06,842.66,858.11,859.6,842.19,2.09,17.56,671481,869247072.0,2.07,0.56
2016-12-07,859.71,869.72,870.0,858.14,1.35,11.61,953452,2575731296.0,1.38,0.8
2016-12-08,869.71,867.38,872.28,862.62,-0.27,-2.34,886479,2496477328.0,1.11,0.74
2016-12-09,870.07,881.34,883.19,870.07,1.61,13.96,1126174,2385632304.0,1.51,0.94
2016-12-12,878.12,850.55,878.43,839.72,-3.49,-30.79,1343857,2331244704.0,4.39,1.12
2016-12-13,843.87,855.65,859.43,838.98,0.6,5.1,868669,1502772048.0,2.4,0.73
2016-12-14,877.13,873.73,877.13,849.81,2.11,18.08,1271196,1941223184.0,3.19,1.06
2016-12-15,858.95,856.22,864.72,852.68,-2.0,-17.51,921792,1470160656.0,1.38,0.77
2016-12-16,848.23,850.74,854.53,844.27,-0.64,-5.48,788344,1349741056.0,1.2,0.66
2016-12-19,850.9,851.27,851.72,844.8,0.06,0.53,572660,1030517040.0,0.81,0.48
2016-12-20,848.89,852.11,854.97,845.36,0.1,0.84,775712,1389137984.0,1.13,0.65
2016-12-21,851.32,843.61,851.32,840.33,-1.0,-8.5,708312,1211336624.0,1.29,0.59
2016-12-22,841.01,841.39,842.71,836.76,-0.26,-2.22,541561,950581440.0,0.71,0.45
2016-12-23,840.48,832.65,841.6,827.84,-1.04,-8.74,581919,1076271664.0,1.64,0.49
2016-12-26,829.53,831.05,831.31,815.35,-0.19,-1.6,539080,903645232.0,1.92,0.45
2016-12-27,828.18,831.85,832.64,825.41,0.1,0.8,442724,773456960.0,0.87,0.37
2016-12-28,831.55,830.62,834.46,827.66,-0.15,-1.23,442061,753412816.0,0.82,0.37
2016-12-29,833.71,827.18,834.98,824.84,-0.41,-3.44,431645,700905568.0,1.22,0.36
2016-12-30,830.65,835.65,835.91,828.12,1.02,8.47,396303,681599280.0,0.94,0.33
2017-01-03,836.78,841.57,841.73,834.42,0.71,5.92,584072,950488816.0,0.87,0.49
2017-01-04,840.55,853.8,854.08,839.0,1.45,12.23,637225,1056932304.0,1.79,0.53
2017-01-05,856.44,859.81,863.49,853.81,0.7,6.01,1059254,1808579392.0,1.13,0.88
2017-01-06,858.99,851.93,858.99,848.58,-0.92,-7.88,812591,1502436288.0,1.21,0.68
2017-01-09,848.3,861.41,861.82,848.3,1.11,9.48,858116,1279787584.0,1.59,0.72
2017-01-10,868.62,865.97,884.29,858.55,0.53,4.56,929315,1344835344.0,2.99,0.78
2017-01-11,864.58,851.23,864.77,848.2,-1.7,-14.74,599935,951307264.0,1.91,0.5
2017-01-12,850.8,836.97,852.11,835.44,-1.68,-14.26,521224,795597536.0,1.96,0.44
2017-01-13,837.37,829.27,838.27,822.44,-0.92,-7.7,488850,779153152.0,1.89,0.41
2017-01-16,828.3,784.62,828.55,766.11,-5.38,-44.65,774422,1158241968.0,7.53,0.65
2017-01-17,786.07,795.52,797.42,763.17,1.39,10.9,892185,1217342912.0,4.37,0.74
2017-01-18,788.0,786.4,793.17,782.24,-1.15,-9.12,473571,665767328.0,1.37,0.4
2017-01-19,783.43,780.78,783.43,774.0,-0.71,-5.62,435461,637472112.0,1.2,0.36
2017-01-20,777.99,794.14,794.5,777.06,1.71,13.36,435920,669576320.0,2.23,0.36
2017-01-23,796.51,799.04,802.09,794.24,0.62,4.9,381341,569980688.0,0.99,0.32
2017-01-24,800.26,796.72,800.36,793.68,-0.29,-2.32,328213,560775824.0,0.84,0.27
2017-01-25,793.96,798.02,799.42,791.5,0.16,1.3,286182,474176176.0,0.99,0.24
2017-01-26,798.32,809.32,810.06,798.32,1.42,11.3,309924,448833424.0,1.47,0.26
2017-02-03,810.51,816.76,822.2,809.69,0.92,7.44,342368,528592464.0,1.55,0.29
2017-02-06,816.01,821.07,822.67,815.95,0.53,4.31,627434,1146872784.0,0.82,0.52
2017-02-07,823.19,822.06,826.49,815.1,0.12,0.99,624546,1229061712.0,1.39,0.52
2017-02-08,820.46,823.22,823.62,812.95,0.14,1.16,540669,938380800.0,1.3,0.45
2017-02-09,823.22,827.2,828.09,819.91,0.48,3.98,570164,962122592.0,0.99,0.48
2017-02-10,825.42,816.93,825.44,816.51,-1.24,-10.27,480191,841857344.0,1.08,0.4
2017-02-13,814.79,822.58,825.91,814.79,0.69,5.65,533480,925697856.0,1.36,0.45
2017-02-14,821.0,819.35,822.16,818.28,-0.39,-3.23,418528,687520208.0,0.47,0.35
2017-02-15,818.56,810.2,820.04,807.37,-1.12,-9.15,518124,893952448.0,1.55,0.43
2017-02-16,810.88,815.04,816.58,808.95,0.6,4.84,450973,738230176.0,0.94,0.38
2017-02-17,816.4,805.45,816.42,804.55,-1.18,-9.59,458304,740644576.0,1.46,0.38
2017-02-20,806.59,817.87,817.91,805.93,1.54,12.42,520901,870438480.0,1.49,0.43
2017-02-21,817.56,823.2,823.41,815.02,0.65,5.33,457737,742740912.0,1.03,0.38
2017-02-22,823.9,823.48,824.74,819.62,0.03,0.28,377229,612794928.0,0.62,0.31
2017-02-23,823.54,821.11,823.54,816.03,-0.29,-2.37,527786,934178448.0,0.91,0.44
2017-02-24,821.33,827.74,828.13,820.15,0.81,6.63,541501,1032049920.0,0.97,0.45
2017-02-27,826.33,818.43,828.22,817.93,-1.12,-9.31,420489,812977152.0,1.24,0.35
2017-02-28,817.9,822.48,824.06,817.33,0.49,4.05,384260,665171696.0,0.82,0.32
2017-03-01,821.67,825.9,826.35,820.5,0.42,3.42,398471,723223200.0,0.71,0.33
2017-03-02,825.95,820.55,827.19,818.55,-0.65,-5.35,414972,669156208.0,1.05,0.35
2017-03-03,815.74,820.7,823.1,813.19,0.02,0.15,371244,624297696.0,1.21,0.31
2017-03-06,820.54,826.92,827.5,819.48,0.76,6.22,471058,743871536.0,0.98,0.39
2017-03-07,826.58,825.52,826.98,819.84,-0.17,-1.4,478616,937784608.0,0.86,0.4
2017-03-08,825.96,826.5,826.54,822.22,0.12,0.98,393086,708795632.0,0.52,0.33
2017-03-09,824.85,817.01,825.11,815.01,-1.15,-9.49,410028,686745248.0,1.22,0.34
2017-03-10,815.79,818.95,821.68,812.49,0.24,1.94,493438,757706272.0,1.12,0.41
2017-03-13,820.13,836.59,837.33,817.02,2.15,17.64,773440,1073902368.0,2.48,0.65
2017-03-14,833.45,835.34,838.48,830.39,-0.15,-1.25,608006,938850016.0,0.97,0.51
2017-03-15,834.65,835.23,838.47,832.39,-0.01,-0.11,496031,732433360.0,0.73,0.41
2017-03-16,837.89,841.35,843.89,835.23,0.73,6.12,642617,1108972528.0,1.04,0.54
2017-03-17,840.92,833.98,841.95,832.92,-0.88,-7.37,580795,960664848.0,1.07,0.48
2017-03-20,832.97,837.61,837.8,832.61,0.44,3.63,549661,996174096.0,0.62,0.46
2017-03-21,837.61,838.95,840.47,831.17,0.16,1.34,652378,1220887280.0,1.11,0.54
2017-03-22,834.33,828.74,837.85,828.02,-1.22,-10.21,547676,1051332096.0,1.17,0.46
2017-03-23,828.94,835.82,835.91,827.57,0.85,7.08,674718,1217355344.0,1.01,0.56
2017-03-24,834.37,834.66,835.45,829.08,-0.14,-1.16,500244,873581056.0,0.76,0.42
2017-03-27,834.0,832.8,834.81,829.6,-0.22,-1.86,447307,754073504.0,0.62,0.37
2017-03-28,833.62,824.92,834.24,824.9,-0.95,-7.88,384710,647176576.0,1.12,0.32
2017-03-29,825.1,816.36,825.65,814.97,-1.04,-8.56,468017,829050960.0,1.29,0.39
2017-03-30,813.22,801.28,814.26,800.65,-1.85,-15.08,458792,718043648.0,1.67,0.38
2017-03-31,800.1,804.29,806.15,800.1,0.38,3.01,324764,483193584.0,0.76,0.27
2017-04-05,808.34,819.39,822.15,806.47,1.88,15.1,454886,661058112.0,1.95,0.38
2017-04-06,822.73,823.43,824.57,816.73,0.49,4.04,549396,785717728.0,0.96,0.46
2017-04-07,822.78,838.61,842.03,821.38,1.84,15.18,940086,1309774832.0,2.51,0.78
2017-04-10,832.25,829.12,835.52,826.89,-1.13,-9.49,573485,863865216.0,1.03,0.48
2017-04-11,828.61,831.66,833.36,826.29,0.31,2.54,694299,1010405040.0,0.85,0.58
2017-04-12,836.38,828.68,836.38,828.1,-0.36,-2.98,671639,999022800.0,1.0,0.56
2017-04-13,831.18,828.42,832.55,824.76,-0.03,-0.26,433302,625265472.0,0.94,0.36
2017-04-14,833.72,822.82,833.98,822.14,-0.68,-5.6,599277,911653872.0,1.43,0.5
2017-04-17,818.74,809.45,819.33,806.14,-1.62,-13.37,577122,815574480.0,1.6,0.48
2017-04-18,810.76,804.04,811.39,803.64,-0.67,-5.41,338504,494887472.0,0.96,0.28
2017-04-19,800.09,802.59,803.61,793.7,-0.18,-1.45,414667,583255232.0,1.23,0.35
2017-04-20,804.16,804.23,807.34,799.04,0.2,1.64,402684,592870272.0,1.03,0.34
2017-04-21,803.85,802.64,810.33,801.97,-0.2,-1.59,298740,466019344.0,1.04,0.25
2017-04-24,800.37,782.68,802.83,781.92,-2.49,-19.96,448153,709218672.0,2.61,0.37
2017-04-25,784.79,783.48,787.07,779.79,0.1,0.8,289372,452332592.0,0.93,0.24
2017-04-26,783.52,784.42,789.74,781.35,0.12,0.94,335007,506879808.0,1.07,0.28
2017-04-27,782.9,789.7,790.61,773.8,0.67,5.28,375303,577130496.0,2.14,0.31
2017-04-28,787.7,799.94,799.94,787.24,1.3,10.24,432151,669930400.0,1.61,0.36
2017-05-02,795.1,791.99,795.91,789.88,-0.99,-7.95,410630,650334928.0,0.75,0.34
2017-05-03,792.62,796.61,796.94,788.94,0.58,4.62,390448,571797648.0,1.01,0.33
2017-05-04,795.93,799.85,801.06,795.49,0.41,3.24,303393,468479936.0,0.7,0.25
2017-05-05,799.39,797.26,804.81,795.33,-0.32,-2.59,676241,2009245424.0,1.19,0.56
2017-05-08,796.22,789.3,796.22,788.69,-1.0,-7.96,578266,1385790848.0,0.94,0.48
2017-05-09,788.34,793.49,795.95,785.99,0.53,4.19,439654,1019135936.0,1.26,0.37
2017-05-10,795.25,784.67,798.89,782.95,-1.11,-8.82,507054,1108413152.0,2.01,0.42
2017-05-11,781.71,782.71,784.91,773.6,-0.25,-1.96,466592,945992816.0,1.44,0.39
2017-05-12,782.18,777.99,783.41,774.78,-0.6,-4.72,341856,725798992.0,1.1,0.29
2017-05-15,765.23,766.32,769.54,762.32,-1.5,-11.67,859364,1455761184.0,0.93,0.72
2017-05-16,765.82,781.21,781.29,757.4,1.94,14.89,697292,1253454960.0,3.12,0.58
2017-05-17,781.44,782.38,787.15,778.85,0.15,1.17,570663,1057671856.0,1.06,0.48
2017-05-18,785.44,774.13,787.04,773.43,-1.05,-8.25,563781,1032647360.0,1.74,0.47
2017-05-19,772.54,778.52,780.2,768.68,0.57,4.39,434514,786763376.0,1.49,0.36
2017-05-22,776.91,773.84,780.13,769.07,-0.6,-4.68,585277,1018350048.0,1.42,0.49
2017-05-23,772.93,767.85,777.3,764.25,-0.77,-5.99,491370,863315936.0,1.69,0.41
2017-05-24,765.47,768.84,770.26,755.17,0.13,0.99,434364,729438624.0,1.97,0.36
2017-05-25,768.01,770.86,772.46,758.84,0.26,2.02,457078,730356160.0,1.77,0.38
2017-05-26,770.73,770.91,773.89,767.22,0.01,0.05,414148,697264304.0,0.87,0.35
2017-05-31,773.73,773.94,777.71,771.4,0.39,3.03,385662,716377152.0,0.82,0.32
2017-06-01,773.81,762.9,773.81,761.45,-1.43,-11.04,470230,769005792.0,1.6,0.39
2017-06-02,760.84,772.5,777.11,756.87,1.26,9.6,447986,663660160.0,2.65,0.37
2017-06-05,774.6,775.99,777.78,770.09,0.45,3.49,404967,611982000.0,1.0,0.34
2017-06-06,773.74,781.11,781.11,771.83,0.66,5.12,480566,678665072.0,1.2,0.4
2017-06-07,783.44,789.47,790.55,781.34,1.07,8.36,695252,1047525088.0,1.18,0.58
2017-06-08,785.49,785.29,787.03,780.5,-0.53,-4.18,677230,1000529536.0,0.83,0.57
2017-06-09,783.58,784.29,792.75,778.44,-0.13,-1.0,562533,806426224.0,1.82,0.47
2017-06-12,781.41,781.0,784.25,776.72,-0.42,-3.29,421027,696630048.0,0.96,0.35
2017-06-13,778.94,785.21,786.6,777.93,0.54,4.21,409949,626474864.0,1.11,0.34
2017-06-14,784.55,783.07,786.96,780.24,-0.27,-2.14,343456,547406208.0,0.86,0.29
2017-06-15,783.06,788.36,789.01,781.84,0.68,5.29,475305,777126112.0,0.92,0.4
2017-06-16,787.89,785.53,788.82,783.32,-0.36,-2.83,316142,491036720.0,0.7,0.26
2017-06-19,785.71,787.09,787.5,783.65,0.2,1.56,287743,438613904.0,0.49,0.24
2017-06-20,788.52,790.0,791.63,787.78,0.37,2.91,406064,649280736.0,0.49,0.34
2017-06-21,791.25,790.55,791.54,785.09,0.07,0.55,326177,528215552.0,0.82,0.27
2017-06-22,789.59,784.84,792.81,783.37,-0.72,-5.71,368449,579888448.0,1.19,0.31
2017-06-23,782.74,790.45,790.52,779.91,0.71,5.61,355428,606714880.0,1.35,0.3
2017-06-26,789.75,792.56,792.79,786.72,0.27,2.11,369461,590772000.0,0.77,0.31
2017-06-27,791.93,789.52,792.15,784.67,-0.38,-3.04,316660,492494128.0,0.94,0.26
2017-06-28,788.35,782.58,789.29,781.6,-0.88,-6.94,374591,562377216.0,0.97,0.31
2017-06-29,783.34,787.14,787.14,782.51,0.58,4.56,358833,544216352.0,0.59,0.3
2017-06-30,786.47,790.15,790.66,783.39,0.38,3.01,345858,535551984.0,0.92,0.29
2017-07-03,792.02,793.44,793.44,788.44,0.42,3.29,366939,580555936.0,0.63,0.31
2017-07-04,791.67,793.3,796.22,790.21,-0.02,-0.14,447339,735913664.0,0.76,0.37
2017-07-05,792.76,796.72,796.85,791.54,0.43,3.42,517296,807730464.0,0.67,0.43
2017-07-06,795.89,794.36,796.22,790.83,-0.3,-2.36,470236,746596560.0,0.68,0.39
2017-07-07,793.07,797.47,797.85,793.05,0.39,3.11,553148,960289936.0,0.6,0.46
2017-07-10,796.66,789.65,796.66,787.71,-0.98,-7.82,560128,952246672.0,1.12,0.47
2017-07-11,788.81,786.55,791.6,785.62,-0.39,-3.1,570471,848557776.0,0.76,0.48
2017-07-12,786.25,785.58,788.17,778.73,-0.12,-0.97,536490,740398160.0,1.2,0.45
2017-07-13,785.99,783.08,786.03,781.72,-0.32,-2.5,528440,607365968.0,0.55,0.44
2017-07-14,782.4,780.13,782.78,778.46,-0.38,-2.95,564197,620798704.0,0.55,0.47
2017-07-17,780.21,759.29,781.45,756.08,-2.67,-20.84,877825,1015021728.0,3.25,0.73
2017-07-18,757.84,762.74,762.83,753.2,0.45,3.45,623312,681516048.0,1.27,0.52
2017-07-19,761.84,771.47,771.51,759.69,1.14,8.73,677423,783136528.0,1.55,0.57
2017-07-20,770.0,771.43,773.69,768.18,-0.01,-0.04,574041,698571088.0,0.71,0.48
2017-07-21,771.59,769.0,772.69,768.24,-0.32,-2.43,610873,713625616.0,0.58,0.51
2017-07-24,770.97,774.84,774.91,766.1,0.76,5.84,714065,885799072.0,1.15,0.6
2017-07-25,773.74,768.02,775.01,766.08,-0.88,-6.82,450629,547745344.0,1.15,0.38
2017-07-26,767.99,766.59,769.11,761.57,-0.19,-1.43,617663,675567184.0,0.98,0.52
2017-07-27,765.45,774.02,774.31,761.95,0.97,7.43,796235,898408336.0,1.61,0.66
2017-07-28,771.27,774.98,775.39,770.27,0.12,0.96,846364,893177760.0,0.66,0.71
2017-07-31,771.78,776.72,778.44,771.78,0.22,1.74,770368,838826848.0,0.86,0.64
2017-08-01,775.3,777.96,777.96,772.11,0.16,1.24,607470,697472816.0,0.75,0.51
2017-08-02,776.58,770.07,777.21,767.65,-1.01,-7.89,512800,618373904.0,1.23,0.43
2017-08-03,769.05,771.13,773.06,767.26,0.14,1.06,1049292,1087522560.0,0.75,0.88
2017-08-04,771.74,767.41,771.74,766.8,-0.48,-3.72,1047076,1098011328.0,0.64,0.87
2017-08-07,764.6,767.52,769.01,764.6,0.01,0.11,467862,552462928.0,0.57,0.39
2017-08-08,766.58,767.32,768.48,763.83,-0.03,-0.2,488035,582034080.0,0.61,0.41
2017-08-09,767.36,769.8,770.37,764.84,0.32,2.48,664556,731051616.0,0.72,0.55
2017-08-10,773.23,773.19,774.62,766.96,0.44,3.39,773362,912941584.0,1.0,0.65
2017-08-11,769.89,772.02,778.78,769.39,-0.15,-1.17,775437,1048874768.0,1.21,0.65
2017-08-14,772.16,778.37,778.37,769.9,0.82,6.35,607982,751338400.0,1.1,0.51
2017-08-15,781.69,782.61,782.82,779.87,0.54,4.24,650063,780315744.0,0.38,0.54
2017-08-16,781.14,785.9,785.9,779.72,0.42,3.29,659710,791945984.0,0.79,0.55
2017-08-17,786.64,786.36,787.61,783.26,0.06,0.46,539758,660439120.0,0.55,0.45
2017-08-18,784.38,785.09,786.6,782.08,-0.16,-1.27,641816,777067792.0,0.57,0.54
2017-08-21,785.77,792.04,792.04,785.77,0.89,6.95,632904,754865888.0,0.8,0.53
2017-08-22,794.84,785.79,794.84,784.58,-0.79,-6.25,720495,857145456.0,1.3,0.6
2017-08-23,786.04,780.89,786.43,778.66,-0.62,-4.9,465491,564871072.0,0.99,0.39
2017-08-24,778.96,773.59,778.96,770.9,-0.93,-7.3,613661,736018640.0,1.03,0.51
2017-08-25,768.95,773.73,774.13,766.03,0.02,0.14,800411,939034496.0,1.05,0.67
2017-08-28,771.15,776.28,777.62,768.24,0.33,2.55,1006973,1286506768.0,1.21,0.84
2017-08-29,776.24,773.53,777.52,771.49,-0.35,-2.75,657017,927137648.0,0.78,0.55
2017-08-30,773.38,774.89,776.62,773.38,0.18,1.36,629924,875788464.0,0.42,0.53
2017-08-31,774.94,778.68,779.15,773.8,0.49,3.79,700643,918582528.0,0.69,0.58
2017-09-01,778.5,781.2,781.2,776.65,0.32,2.52,634857,876800464.0,0.58,0.53
2017-09-04,780.21,781.85,782.27,777.9,0.08,0.65,585835,760601168.0,0.56,0.49
2017-09-05,781.37,780.37,782.17,778.26,-0.19,-1.48,439796,611082512.0,0.5,0.37
2017-09-06,779.08,780.74,780.94,777.04,0.05,0.37,563977,647884192.0,0.5,0.47
2017-09-07,779.43,778.23,780.81,777.26,-0.32,-2.51,437831,568183056.0,0.45,0.37
2017-09-08,778.32,787.09,788.55,778.32,1.14,8.86,702943,828407872.0,1.31,0.59
2017-09-11,784.73,788.86,789.05,784.51,0.22,1.77,558251,714239296.0,0.58,0.47
2017-09-12,787.79,780.25,789.23,778.9,-1.09,-8.61,587433,802815440.0,1.31,0.49
2017-09-13,779.58,782.46,782.46,776.91,0.28,2.21,446000,560046688.0,0.71,0.37
2017-09-14,780.13,784.21,785.44,780.13,0.22,1.75,589983,800905024.0,0.68,0.49
2017-09-15,784.0,786.31,786.58,780.43,0.27,2.1,588741,718313696.0,0.78,0.49
2017-09-18,785.16,786.69,786.74,781.92,0.05,0.38,462786,592259824.0,0.61,0.39
2017-09-19,786.98,782.52,787.76,781.76,-0.53,-4.17,370844,463375408.0,0.76,0.31
2017-09-20,781.23,782.7,783.77,777.89,0.02,0.18,393289,512065552.0,0.75,0.33
2017-09-21,781.77,779.82,783.73,778.23,-0.37,-2.88,472813,568159104.0,0.7,0.39
2017-09-22,778.64,775.62,778.64,771.64,-0.54,-4.2,426169,555960320.0,0.9,0.36
2017-09-25,773.54,772.84,779.06,771.66,-0.36,-2.78,413350,547671872.0,0.95,0.35
2017-09-26,773.55,771.26,776.27,768.1,-0.2,-1.58,363405,485170160.0,1.06,0.3
2017-09-27,771.41,771.73,773.26,770.09,0.06,0.47,415613,493079056.0,0.41,0.35
2017-09-28,771.58,769.48,772.05,767.41,-0.29,-2.25,480830,534601392.0,0.6,0.4
2017-09-29,770.1,774.3,774.3,769.06,0.63,4.82,423829,511644592.0,0.68,0.35
2017-10-09,777.73,776.48,779.19,773.97,0.28,2.18,491456,554229216.0,0.67,0.41
2017-10-10,775.34,779.06,779.06,774.12,0.33,2.58,524761,658949008.0,0.64,0.44
2017-10-11,779.16,778.22,780.35,775.79,-0.11,-0.84,536502,654059584.0,0.59,0.45
2017-10-12,778.31,775.14,778.76,772.46,-0.4,-3.08,380955,477851424.0,0.81,0.32
2017-10-13,775.18,780.04,780.04,774.38,0.63,4.9,503295,601941680.0,0.73,0.42
2017-10-16,780.18,767.5,780.21,767.16,-1.61,-12.54,511613,612821824.0,1.67,0.43
2017-10-17,767.5,768.75,770.33,764.28,0.16,1.25,553489,606947568.0,0.79,0.46
2017-10-18,768.55,768.21,774.66,766.91,-0.07,-0.54,1055727,1152219984.0,1.01,0.88
2017-10-19,767.34,760.66,768.68,760.02,-0.98,-7.55,595682,655541232.0,1.13,0.5
2017-10-20,759.65,764.2,764.2,758.23,0.47,3.54,446362,503699280.0,0.78,0.37
2017-10-23,763.03,765.53,765.8,759.9,0.17,1.33,422180,518914448.0,0.77,0.35
2017-10-24,765.61,762.4,766.15,757.94,-0.41,-3.13,433486,470450640.0,1.07,0.36
2017-10-25,760.92,767.67,767.84,760.92,0.69,5.27,571864,688159152.0,0.91,0.48
2017-10-26,766.11,765.59,766.11,762.96,-0.27,-2.08,433633,551071280.0,0.41,0.36
2017-10-27,766.44,767.89,771.82,765.72,0.3,2.3,674228,1112268672.0,0.8,0.56
2017-10-30,766.32,755.27,766.69,753.36,-1.64,-12.62,632911,1100556592.0,1.74,0.53
2017-10-31,754.08,763.55,763.55,753.86,1.1,8.28,563357,915527904.0,1.28,0.47
2017-11-01,763.39,764.02,768.09,761.86,0.06,0.47,486572,784234880.0,0.82,0.41
2017-11-02,764.22,751.34,764.22,745.18,-1.66,-12.68,1800755,1685743328.0,2.49,1.5
2017-11-03,746.29,744.71,747.19,740.29,-0.88,-6.63,1586281,1468049696.0,0.92,1.32
2017-11-06,743.52,750.14,750.14,741.25,0.73,5.43,539434,667659184.0,1.19,0.45
2017-11-07,750.71,751.41,751.41,746.36,0.17,1.27,599912,807961808.0,0.67,0.5
2017-11-08,750.93,750.16,753.32,748.85,-0.17,-1.25,630459,711564336.0,0.59,0.53
2017-11-09,748.69,751.79,751.79,747.61,0.22,1.63,473010,584213216.0,0.56,0.39
2017-11-10,757.96,764.98,764.98,756.19,1.75,13.19,678268,956684016.0,1.17,0.57
2017-11-13,765.49,761.74,765.49,756.74,-0.42,-3.24,675872,926371152.0,1.14,0.56
2017-11-14,761.13,754.6,761.24,752.87,-0.94,-7.14,577779,774249376.0,1.1,0.48
2017-11-15,753.15,754.75,755.07,748.84,0.02,0.15,664078,752829456.0,0.83,0.55
2017-11-16,752.46,756.57,760.28,751.39,0.24,1.82,552837,692643376.0,1.18,0.46
2017-11-17,756.5,731.99,756.5,729.6,-3.25,-24.58,660021,835420560.0,3.56,0.55
2017-11-20,730.63,737.51,737.55,718.43,0.75,5.52,520311,651678464.0,2.61,0.43
2017-11-21,736.07,738.06,740.93,733.22,0.07,0.55,517532,701788832.0,1.05,0.43
2017-11-22,736.29,733.17,737.3,729.74,-0.66,-4.89,467596,581713248.0,1.02,0.39
2017-11-23,732.3,721.32,732.45,720.69,-1.62,-11.85,417097,499755152.0,1.6,0.35
2017-11-24,718.94,723.78,723.88,717.15,0.34,2.46,404405,461717392.0,0.93,0.34
2017-11-27,722.15,719.99,722.97,717.01,-0.52,-3.79,309981,351417472.0,0.82,0.26
2017-11-28,715.18,726.83,727.09,715.18,0.95,6.84,325471,367257440.0,1.65,0.27
2017-11-29,726.0,726.31,727.1,721.04,-0.07,-0.52,366863,386283056.0,0.83,0.31
2017-11-30,726.17,722.3,727.45,720.43,-0.55,-4.01,423109,433155312.0,0.97,0.35
2017-12-01,721.51,724.14,724.29,715.97,0.25,1.84,380306,385315488.0,1.15,0.32
2017-12-04,723.46,720.94,726.74,719.52,-0.44,-3.2,409132,544542592.0,1.0,0.34
2017-12-05,719.37,705.84,721.42,702.64,-2.09,-15.1,460431,546481248.0,2.6,0.38
2017-12-06,704.75,709.05,709.26,698.21,0.45,3.21,485642,577694016.0,1.57,0.41
2017-12-07,707.95,711.6,714.99,704.42,0.36,2.55,543904,533512368.0,1.49,0.45
2017-12-08,711.4,719.11,719.11,709.65,1.06,7.51,550276,572027248.0,1.33,0.46
2017-12-11,719.52,723.0,723.09,718.78,0.54,3.89,590680,581554832.0,0.6,0.49
2017-12-12,722.64,719.76,723.57,717.93,-0.45,-3.24,360065,443977440.0,0.78,0.3
2017-12-13,719.1,719.86,720.57,715.57,0.01,0.1,317770,354721392.0,0.69,0.27
2017-12-14,719.7,725.38,725.86,717.14,0.77,5.52,367290,455209152.0,1.21,0.31
2017-12-15,726.31,732.34,732.34,725.63,0.96,6.96,486072,672392624.0,0.93,0.41
2017-12-18,731.79,732.72,737.14,730.89,0.05,0.38,535948,664457040.0,0.85,0.45
2017-12-19,731.28,734.56,735.46,730.58,0.25,1.84,744585,799501056.0,0.67,0.62
2017-12-20,734.38,729.12,734.38,726.49,-0.74,-5.44,579038,618460480.0,1.07,0.48
2017-12-21,728.22,731.55,732.82,724.59,0.33,2.43,557822,597999168.0,1.13,0.47
2017-12-22,731.37,731.64,732.39,729.36,0.01,0.09,670948,711494288.0,0.41,0.56
2017-12-25,732.02,728.34,733.46,726.03,-0.45,-3.3,787530,827812416.0,1.02,0.66
2017-12-26,725.76,730.97,731.81,724.61,0.36,2.63,876528,875962848.0,0.99,0.73
2017-12-27,730.45,728.44,733.0,725.79,-0.35,-2.53,756593,829384640.0,0.99,0.63
2017-12-28,726.91,731.1,731.13,723.42,0.37,2.66,880096,1000414288.0,1.06,0.73
2017-12-29,730.3,731.44,731.76,726.53,0.05,0.34,735951,795398736.0,0.72,0.61
2018-01-02,730.72,734.0,734.17,729.38,0.35,2.56,865928,848111520.0,0.65,0.72
2018-01-03,733.63,737.63,738.09,732.51,0.49,3.63,713817,736572096.0,0.76,0.6
2018-01-04,736.0,737.3,737.3,733.25,-0.04,-0.33,722404,686343520.0,0.55,0.6
2018-01-05,736.95,741.08,742.54,735.99,0.51,3.78,959049,933751840.0,0.89,0.8
2018-01-08,740.66,747.13,747.13,738.25,0.82,6.05,914130,983680720.0,1.2,0.76
2018-01-09,746.53,742.41,746.53,740.63,-0.63,-4.72,587425,629709408.0,0.79,0.49
2018-01-10,740.41,735.26,740.76,731.34,-0.96,-7.15,659025,719766816.0,1.27,0.55
2018-01-11,732.77,739.02,740.15,732.21,0.51,3.76,719931,859148528.0,1.08,0.6
2018-01-12,738.49,740.18,742.41,737.97,0.16,1.16,628584,715126336.0,0.6,0.52
2018-01-15,740.3,730.92,741.37,728.59,-1.25,-9.26,749187,781308000.0,1.73,0.63
2018-01-16,728.45,735.44,735.45,728.31,0.62,4.52,764497,731848592.0,0.98,0.64
2018-01-17,734.62,733.88,734.62,725.88,-0.21,-1.56,720205,730199392.0,1.19,0.6
2018-01-18,733.0,726.89,733.29,725.65,-0.95,-6.99,627679,637388272.0,1.04,0.52
2018-01-19,726.47,727.13,727.9,723.12,0.03,0.24,573863,658687472.0,0.66,0.48
2018-01-22,725.26,731.12,731.46,722.6,0.55,3.99,463407,497697248.0,1.22,0.39
2018-01-23,730.33,731.11,732.28,728.37,0.0,-0.01,637521,793072848.0,0.53,0.53
2018-01-24,730.57,734.63,734.63,728.8,0.48,3.52,823042,1138675040.0,0.8,0.69
2018-01-25,734.95,741.07,743.42,734.3,0.88,6.44,881908,1041409840.0,1.24,0.74
2018-01-26,739.18,738.25,741.03,736.22,-0.38,-2.82,613807,741823040.0,0.65,0.51
2018-01-29,736.23,731.41,739.85,728.21,-0.93,-6.84,864492,1028097744.0,1.58,0.72
2018-01-30,731.0,727.59,731.64,724.28,-0.52,-3.82,649398,821401440.0,1.01,0.54
2018-01-31,725.99,712.16,725.99,710.04,-2.12,-15.43,678360,838865472.0,2.19,0.57
2018-02-01,704.53,690.66,708.15,685.43,-3.02,-21.5,598364,633924912.0,3.19,0.5
2018-02-02,683.29,689.76,690.79,672.26,-0.13,-0.9,923563,1152000064.0,2.68,0.77
2018-02-05,682.42,684.58,685.55,677.67,-0.75,-5.18,446327,391356944.0,1.14,0.37
2018-02-06,678.72,658.35,679.3,658.35,-3.83,-26.23,527228,556575536.0,3.06,0.44
2018-02-07,664.49,664.36,667.86,650.38,0.91,6.01,574525,570837312.0,2.66,0.48
2018-02-08,661.92,667.41,669.08,659.39,0.46,3.05,357547,320782144.0,1.46,0.3
2018-02-09,657.96,651.53,658.64,645.93,-2.38,-15.88,476881,433962192.0,1.9,0.4
2018-02-12,653.51,664.97,667.35,653.51,2.06,13.44,334789,305499360.0,2.12,0.28
2018-02-13,665.25,667.15,671.08,665.25,0.33,2.18,299834,293443536.0,0.88,0.25
2018-02-14,667.16,666.98,669.11,662.93,-0.03,-0.17,322579,268015593.0,0.93,0.27
2018-02-22,667.95,674.32,674.32,667.95,1.1,7.34,343042,305364128.0,0.96,0.29
2018-02-23,674.08,675.42,676.08,670.03,0.16,1.1,345199,306648608.0,0.9,0.29
2018-02-26,674.29,677.39,678.83,669.42,0.29,1.97,801849,981296656.0,1.39,0.67
2018-02-27,680.55,685.59,688.74,680.55,1.21,8.2,319964,460403296.0,1.21,0.27
2018-02-28,683.94,686.54,687.59,681.84,0.14,0.95,369878,659748288.0,0.84,0.31
2018-03-01,684.32,689.55,690.3,682.56,0.44,3.01,392077,451919216.0,1.13,0.33
2018-03-02,687.91,687.25,691.08,685.72,-0.33,-2.3,313175,380688480.0,0.78,0.26
2018-03-05,687.78,691.51,691.57,681.78,0.62,4.26,434118,502903392.0,1.42,0.36
2018-03-06,692.22,694.07,694.07,689.87,0.37,2.56,333134,409023184.0,0.61,0.28
2018-03-07,693.82,696.75,700.05,692.52,0.39,2.68,296837,364735552.0,1.08,0.25
2018-03-08,694.96,701.54,701.54,693.67,0.69,4.79,283291,305769808.0,1.13,0.24
2018-03-09,701.52,710.1,710.86,699.51,1.22,8.56,519384,519040560.0,1.62,0.43
2018-03-12,710.83,715.06,715.07,707.97,0.7,4.96,645736,711830016.0,1.0,0.54
2018-03-13,712.61,702.58,712.61,701.73,-1.75,-12.48,386014,537071200.0,1.52,0.32
2018-03-14,699.35,698.17,701.92,696.7,-0.63,-4.41,336539,446304592.0,0.74,0.28
2018-03-15,694.79,693.2,699.05,687.99,-0.71,-4.97,283389,321482768.0,1.58,0.24
2018-03-16,694.48,693.99,698.98,692.54,0.11,0.79,325176,423505792.0,0.93,0.27
2018-03-19,693.57,695.29,696.35,691.17,0.19,1.3,199891,258059972.0,0.75,0.17
2018-03-20,694.38,694.63,695.44,689.31,-0.09,-0.66,215504,253240565.0,0.88,0.18
2018-03-21,693.96,694.24,697.43,692.75,-0.06,-0.39,298851,353804656.0,0.67,0.25
2018-03-22,693.72,695.07,697.06,692.66,0.12,0.83,223434,281034096.0,0.63,0.19
2018-03-23,686.82,673.95,693.6,667.91,-3.04,-21.12,547058,613824544.0,3.7,0.46
2018-03-26,666.43,679.81,679.81,660.62,0.87,5.86,454032,503475840.0,2.85,0.38
2018-03-27,681.44,692.59,695.24,681.44,1.88,12.78,549667,625940352.0,2.03,0.46
2018-03-28,686.29,691.26,696.56,683.36,-0.19,-1.33,321632,378079568.0,1.91,0.27
2018-03-29,691.39,693.67,694.84,688.59,0.35,2.41,317288,359158752.0,0.9,0.26
2018-03-30,694.15,700.86,701.33,692.96,1.04,7.19,308292,355204656.0,1.21,0.26
2018-04-02,701.47,709.44,709.45,698.99,1.22,8.58,665975,664733904.0,1.49,0.56
2018-04-03,702.78,707.85,710.09,701.61,-0.22,-1.59,472572,511531056.0,1.2,0.39
2018-04-04,706.75,707.58,713.85,706.75,-0.04,-0.27,404792,467772416.0,1.0,0.34
2018-04-09,702.38,701.26,705.15,699.95,-0.89,-6.32,341637,379342176.0,0.73,0.29
2018-04-10,702.09,702.32,703.58,698.29,0.15,1.06,274238,322082656.0,0.75,0.23
2018-04-11,701.28,708.07,708.08,700.82,0.82,5.75,274853,367924096.0,1.03,0.23
2018-04-12,707.79,704.03,708.7,702.52,-0.57,-4.04,332434,355215232.0,0.87,0.28
2018-04-13,702.72,699.46,705.96,697.69,-0.65,-4.57,248663,294582336.0,1.17,0.21
2018-04-16,698.43,693.63,700.7,690.24,-0.83,-5.83,462283,586883744.0,1.5,0.39
2018-04-17,691.32,677.63,695.27,676.69,-2.31,-16.0,385224,446830400.0,2.68,0.32
2018-04-18,679.38,680.1,682.4,665.99,0.36,2.47,342657,394166160.0,2.42,0.29
2018-04-19,678.82,680.25,683.59,675.11,0.02,0.15,301873,356569280.0,1.25,0.25
2018-04-20,679.61,662.25,679.61,662.25,-2.65,-18.0,257436,337731568.0,2.55,0.21
2018-04-23,663.35,656.89,664.8,649.71,-0.81,-5.36,238644,309268560.0,2.28,0.2
2018-04-24,657.11,668.33,669.55,656.7,1.74,11.44,237635,329779168.0,1.96,0.2
2018-04-25,669.19,667.3,670.07,664.97,-0.15,-1.03,259782,362030448.0,0.76,0.22
2018-04-26,663.45,655.02,665.34,654.02,-1.84,-12.28,282328,388670448.0,1.7,0.24
2018-04-27,657.66,657.25,659.42,651.82,0.34,2.23,256067,285128432.0,1.16,0.21
2018-05-02,657.24,657.12,661.81,654.22,-0.02,-0.13,254131,323539600.0,1.15,0.21
2018-05-03,656.82,660.03,660.04,650.98,0.44,2.91,258909,294570272.0,1.38,0.22
2018-05-04,657.7,665.54,666.03,657.14,0.83,5.51,192411,273249648.0,1.35,0.16
2018-05-07,667.65,671.42,672.93,665.02,0.88,5.88,227934,276203712.0,1.19,0.19
2018-05-08,672.65,673.7,675.76,671.22,0.34,2.28,249396,306757936.0,0.68,0.21
2018-05-09,674.05,675.8,675.8,670.93,0.31,2.1,206011,273090864.0,0.72,0.17
2018-05-10,675.89,676.01,676.33,671.75,0.03,0.21,282519,331355840.0,0.68,0.24
2018-05-11,676.28,670.91,677.1,668.41,-0.75,-5.1,174504,217771018.0,1.29,0.15
2018-05-14,668.71,666.14,672.73,664.13,-0.71,-4.77,263572,281615456.0,1.28,0.22
2018-05-15,667.16,673.53,673.53,666.41,1.11,7.39,213000,277120272.0,1.07,0.18
2018-05-16,673.0,678.68,681.44,670.42,0.76,5.15,295636,445799296.0,1.64,0.25
2018-05-17,673.91,673.98,676.25,669.55,-0.69,-4.7,977860,1003944688.0,0.99,0.82
2018-05-18,668.24,670.07,670.85,665.03,-0.58,-3.91,482465,478195440.0,0.86,0.4
2018-05-21,666.41,672.32,674.09,666.09,0.34,2.25,996645,1076475280.0,1.19,0.83
2018-05-22,667.4,673.39,673.4,664.79,0.16,1.07,1112927,1044742192.0,1.28,0.93
2018-05-23,671.77,665.28,671.77,662.47,-1.2,-8.11,772874,748630960.0,1.38,0.65
2018-05-24,664.38,661.95,666.41,658.07,-0.5,-3.33,648070,679159328.0,1.25,0.54
2018-05-25,660.85,658.53,661.37,656.27,-0.52,-3.42,545363,549096992.0,0.77,0.46
2018-05-28,657.22,656.76,658.43,650.27,-0.27,-1.77,1020338,945657920.0,1.24,0.85
2018-05-29,657.08,656.31,661.15,652.74,-0.07,-0.45,541486,549812496.0,1.28,0.45
2018-05-30,654.25,641.13,654.25,640.26,-2.31,-15.18,607714,599440624.0,2.13,0.51
2018-05-31,645.35,662.75,664.29,643.24,3.37,21.62,841312,1034402432.0,3.28,0.7
2018-06-01,659.77,656.65,663.42,651.53,-0.92,-6.1,592531,701421696.0,1.79,0.49
2018-06-04,657.03,652.75,659.65,649.82,-0.59,-3.9,825574,783436176.0,1.5,0.69
2018-06-05,646.02,653.16,653.21,644.51,0.06,0.41,295295,476245328.0,1.33,0.25
2018-06-06,652.64,648.37,653.62,646.79,-0.73,-4.79,148740,293656352.0,1.05,0.12
2018-06-07,648.91,647.95,650.98,644.93,-0.06,-0.42,199560,354947024.0,0.93,0.17
2018-06-08,646.36,640.78,646.36,637.41,-1.11,-7.17,167379,274526560.0,1.38,0.14
2018-06-11,640.18,637.76,642.12,636.89,-0.47,-3.02,133587,240869766.0,0.82,0.11
2018-06-12,639.3,645.6,645.6,633.7,1.23,7.84,143601,245754041.0,1.87,0.12
2018-06-13,640.55,636.25,640.55,634.48,-1.45,-9.35,1974911,1279413392.0,0.94,1.65
2018-06-14,627.86,627.66,629.14,623.84,-1.35,-8.59,625180,490956352.0,0.83,0.52
2018-06-15,627.46,612.49,628.06,612.1,-2.42,-15.17,199285,284020752.0,2.54,0.17
2018-06-19,609.04,572.69,609.04,564.59,-6.5,-39.8,303902,367128192.0,7.26,0.25
2018-06-20,569.1,582.4,584.82,566.46,1.7,9.71,322956,356485472.0,3.21,0.27
2018-06-21,580.52,568.76,584.35,566.91,-2.34,-13.64,233974,279204576.0,2.99,0.2
2018-06-22,566.83,578.89,580.07,564.54,1.78,10.13,181130,212676044.0,2.73,0.15
2018-06-25,581.04,576.22,583.46,573.48,-0.46,-2.67,122039,153563750.0,1.72,0.1
2018-06-26,571.1,573.67,574.08,564.45,-0.44,-2.55,170958,242405178.0,1.67,0.14
2018-06-27,572.27,567.05,575.9,565.74,-1.15,-6.62,119330,167608438.0,1.77,0.1
2018-06-28,565.91,563.27,568.54,561.31,-0.67,-3.78,111263,146545458.0,1.28,0.09
2018-06-29,562.86,578.62,579.87,558.5,2.73,15.35,231706,271988912.0,3.79,0.19
2018-07-02,572.92,563.08,572.92,560.32,-2.69,-15.54,238737,247590605.0,2.18,0.2
2018-07-03,560.28,564.17,564.19,552.07,0.19,1.09,259696,275634704.0,2.15,0.22
2018-07-04,558.56,551.26,560.61,549.64,-2.29,-12.91,2515103,1081297520.0,1.94,2.1
2018-07-05,550.0,544.54,551.59,543.74,-1.22,-6.72,1888357,844132784.0,1.42,1.58
2018-07-06,543.56,542.99,545.11,527.0,-0.28,-1.55,1231590,677495744.0,3.33,1.03
2018-07-09,538.01,550.24,550.77,538.01,1.34,7.25,1293397,781823136.0,2.35,1.08
2018-07-10,546.31,550.64,551.6,545.5,0.07,0.4,1075981,681535504.0,1.11,0.9
2018-07-11,546.01,533.85,546.01,528.25,-3.05,-16.79,1492814,797386864.0,3.23,1.25
2018-07-12,532.14,543.42,546.42,530.94,1.79,9.57,1242424,698510032.0,2.9,1.04
2018-07-13,544.15,549.08,549.23,540.53,1.04,5.66,1287095,753832496.0,1.6,1.07
2018-07-16,546.31,546.77,548.36,542.58,-0.42,-2.31,913480,552239792.0,1.05,0.76
2018-07-17,546.96,548.72,550.07,544.46,0.36,1.95,1109326,698146400.0,1.03,0.93
2018-07-18,548.01,547.64,553.26,547.36,-0.2,-1.08,1032805,653524848.0,1.08,0.86
2018-07-19,547.79,536.61,548.23,534.85,-2.01,-11.03,947772,556831920.0,2.44,0.79
2018-07-20,535.86,540.84,542.21,533.66,0.79,4.23,775719,443380768.0,1.59,0.65
2018-07-23,541.12,544.98,545.83,538.56,0.77,4.14,703850,486294304.0,1.34,0.59
2018-07-24,544.89,551.86,552.37,541.37,1.26,6.88,1045485,678274832.0,2.02,0.87
2018-07-25,550.53,553.58,553.58,549.03,0.31,1.72,1260485,739331072.0,0.82,1.05
2018-07-26,554.84,558.1,558.28,554.15,0.82,4.52,1888558,1191145712.0,0.75,1.58
2018-07-27,558.52,551.11,560.05,550.83,-1.25,-6.99,1617056,1040475824.0,1.65,1.35
2018-07-30,549.47,543.8,550.67,540.67,-1.33,-7.31,945821,607357152.0,1.81,0.79
2018-07-31,545.01,544.29,546.29,539.17,0.09,0.49,586850,385372704.0,1.31,0.49
2018-08-01,544.16,534.06,545.29,532.72,-1.88,-10.23,929076,506722352.0,2.31,0.78
2018-08-02,533.07,515.6,533.24,506.87,-3.46,-18.46,1017513,584382448.0,4.94,0.85
2018-08-03,515.73,509.67,518.29,509.67,-1.15,-5.93,728274,434284576.0,1.67,0.61
2018-08-06,512.3,506.91,515.01,502.5,-0.54,-2.76,733589,442947472.0,2.45,0.61
2018-08-07,506.99,515.15,515.22,501.5,1.63,8.24,786137,545715328.0,2.71,0.66
2018-08-08,514.03,501.59,514.03,500.68,-2.63,-13.56,701052,471921520.0,2.59,0.59
2018-08-09,501.63,508.24,509.5,498.13,1.33,6.65,747917,523279120.0,2.27,0.62
2018-08-10,507.49,508.62,511.1,505.86,0.07,0.38,557915,387824208.0,1.03,0.47
2018-08-13,504.79,507.32,507.67,500.63,-0.26,-1.3,541908,345541152.0,1.38,0.45
2018-08-14,506.06,508.52,509.69,505.36,0.24,1.2,602101,419511904.0,0.85,0.5
2018-08-15,508.14,499.74,509.24,499.74,-1.73,-8.78,665079,475797584.0,1.87,0.56
2018-08-16,494.32,491.68,496.65,487.45,-1.61,-8.06,584709,384861488.0,1.84,0.49
2018-08-17,494.3,487.29,497.45,486.2,-0.89,-4.39,617867,427395168.0,2.29,0.52
2018-08-20,487.45,488.9,490.86,483.13,0.33,1.61,513089,298196800.0,1.59,0.43
2018-08-21,489.21,493.3,493.3,486.78,0.9,4.4,464612,344708768.0,1.33,0.39
2018-08-22,496.47,492.16,496.47,490.41,-0.23,-1.14,507138,345515872.0,1.23,0.42
2018-08-23,492.76,492.37,494.7,488.51,0.04,0.21,808722,587609088.0,1.26,0.68
2018-08-24,491.06,493.42,494.46,488.14,0.21,1.05,1079698,539541280.0,1.28,0.9
2018-08-27,493.13,500.2,500.72,492.89,1.37,6.78,748921,468812512.0,1.59,0.63
2018-08-28,503.36,505.03,509.49,502.98,0.97,4.83,810705,530244400.0,1.3,0.68
2018-08-29,506.62,506.2,508.4,503.98,0.23,1.17,774727,585414928.0,0.88,0.65
2018-08-30,504.83,497.11,505.41,496.41,-1.8,-9.09,565410,396773312.0,1.78,0.47
2018-08-31,496.82,490.86,496.82,489.1,-1.26,-6.25,522006,342788416.0,1.55,0.44
2018-09-03,489.43,484.89,490.88,479.59,-1.22,-5.97,552248,394169888.0,2.3,0.46
2018-09-04,484.53,492.77,494.86,484.53,1.63,7.88,916784,500984032.0,2.13,0.77
2018-09-05,492.28,486.17,494.33,486.09,-1.34,-6.6,895329,472044800.0,1.67,0.75
2018-09-06,485.28,486.44,489.68,483.49,0.06,0.27,707226,406816640.0,1.27,0.59
2018-09-07,486.46,492.46,493.03,486.14,1.24,6.02,1030872,499157728.0,1.42,0.86
2018-09-10,491.93,483.57,491.93,481.87,-1.81,-8.89,683199,383192960.0,2.04,0.57
2018-09-11,483.74,487.13,488.82,481.29,0.74,3.56,668207,375460720.0,1.56,0.56
2018-09-12,487.38,487.41,490.11,485.61,0.06,0.28,588985,357451888.0,0.92,0.49
2018-09-13,489.09,492.48,492.79,485.96,1.04,5.07,527444,371482240.0,1.4,0.44
2018-09-14,492.55,488.41,493.45,488.2,-0.83,-4.07,512493,330284000.0,1.07,0.43
2018-09-17,487.38,483.98,487.38,482.13,-0.91,-4.43,403504,260639279.0,1.07,0.34
2018-09-18,482.66,491.4,491.4,480.83,1.53,7.42,543412,329131504.0,2.18,0.45
2018-09-19,491.17,494.75,495.86,487.81,0.68,3.35,544158,369149952.0,1.64,0.45
2018-09-20,494.01,496.12,496.12,491.45,0.28,1.37,729351,378369328.0,0.94,0.61
2018-09-21,496.14,498.58,500.42,496.14,0.5,2.46,624588,422675328.0,0.86,0.52
2018-09-25,499.3,499.28,500.38,496.28,0.14,0.7,424368,312383056.0,0.82,0.35
2018-09-26,498.94,503.06,505.55,497.87,0.76,3.78,712839,475251440.0,1.54,0.6
2018-09-27,503.02,500.07,505.56,499.16,-0.59,-2.99,1216638,627234464.0,1.27,1.02
2018-09-28,499.04,502.73,502.93,497.91,0.53,2.66,735486,403945744.0,1.0,0.61
2018-10-08,498.81,487.72,498.81,485.52,-2.99,-15.01,496919,312664672.0,2.64,0.41
2018-10-09,488.4,489.52,492.06,487.49,0.37,1.8,390409,221301075.0,0.94,0.33
2018-10-10,489.97,491.11,492.24,487.31,0.32,1.59,322663,221489707.0,1.01,0.27
2018-10-11,480.25,459.97,482.57,457.43,-6.34,-31.14,787951,510056176.0,5.12,0.66
2018-10-12,457.09,459.66,463.78,445.01,-0.07,-0.31,736069,457149904.0,4.08,0.61
2018-10-15,458.12,448.92,458.39,447.34,-2.34,-10.74,686086,377097040.0,2.4,0.57
2018-10-16,450.51,440.64,452.7,438.33,-1.84,-8.28,941037,411298272.0,3.2,0.79
2018-10-17,445.75,443.52,447.76,434.88,0.65,2.88,1307162,539118192.0,2.92,1.09
2018-10-18,440.95,428.47,441.08,425.76,-3.39,-15.05,799310,355775888.0,3.45,0.67
2018-10-19,424.32,437.84,439.05,418.94,2.19,9.37,723473,355886640.0,4.69,0.6
2018-10-22,442.31,458.78,463.75,442.31,4.78,20.94,990667,556311248.0,4.9,0.83
2018-10-23,458.27,455.54,459.66,452.72,-0.71,-3.24,1159066,529925856.0,1.51,0.97
2018-10-24,456.51,454.76,459.86,452.98,-0.17,-0.78,1083242,554091232.0,1.51,0.9
2018-10-25,444.68,460.3,460.77,443.39,1.22,5.54,1428070,681408912.0,3.82,1.19
2018-10-26,457.59,456.59,461.46,455.36,-0.81,-3.71,1044758,497292768.0,1.33,0.87
2018-10-29,456.17,447.74,457.12,446.8,-1.94,-8.85,645371,331767312.0,2.26,0.54
2018-10-30,447.41,445.51,448.56,437.42,-0.5,-2.23,739442,353996048.0,2.49,0.62
2018-10-31,445.51,450.1,452.38,444.82,1.03,4.59,702578,373407904.0,1.7,0.59
2018-11-01,451.37,454.84,456.04,450.96,1.05,4.74,1097535,541924944.0,1.13,0.92
2018-11-02,453.47,462.04,462.04,453.38,1.58,7.2,1164064,602445376.0,1.9,0.97
2018-11-05,457.66,460.54,461.64,454.95,-0.32,-1.5,989229,524384944.0,1.45,0.83
2018-11-06,455.95,454.9,455.95,450.38,-1.22,-5.64,734413,370078400.0,1.21,0.61
2018-11-07,451.15,453.64,454.04,450.59,-0.28,-1.26,1104242,531917904.0,0.76,0.92
2018-11-08,450.13,449.74,453.68,448.54,-0.86,-3.9,1382052,588125344.0,1.13,1.15
2018-11-09,444.72,442.92,445.05,441.0,-1.52,-6.82,797161,383231120.0,0.9,0.67
2018-11-12,440.42,449.76,449.83,439.69,1.54,6.84,1359655,654093904.0,2.29,1.14
2018-11-13,446.81,464.25,467.09,445.19,3.22,14.49,3775186,1849752448.0,4.87,3.15
2018-11-14,464.74,463.03,468.29,461.18,-0.26,-1.22,3435321,1567703344.0,1.53,2.87
2018-11-15,462.61,468.69,468.71,460.93,1.22,5.66,1984760,999602864.0,1.68,1.66
2018-11-16,469.6,476.69,478.99,467.26,1.71,8.0,2169936,1221576608.0,2.5,1.81
2018-11-19,476.33,476.4,476.66,470.31,-0.06,-0.29,1914967,1096304368.0,1.33,1.6
2018-11-20,472.54,470.81,476.31,469.33,-1.17,-5.59,2453467,1348425040.0,1.47,2.05
2018-11-21,467.2,472.93,475.09,467.08,0.45,2.12,2711329,1531578528.0,1.7,2.26
2018-11-22,472.74,472.64,476.58,471.37,-0.06,-0.29,1837617,1002397408.0,1.1,1.53
2018-11-23,472.25,457.34,472.25,454.36,-3.24,-15.3,2289630,1258532288.0,3.79,1.91
2018-11-26,456.12,456.7,459.7,453.6,-0.14,-0.64,1543188,874942816.0,1.33,1.29
2018-11-27,456.72,456.0,458.78,453.08,-0.15,-0.7,1234846,714495968.0,1.25,1.03
2018-11-28,455.49,457.03,457.03,447.99,0.23,1.03,1262774,665553456.0,1.98,1.05
2018-11-29,457.65,453.85,465.6,452.49,-0.7,-3.18,1792613,987034064.0,2.87,1.5
2018-11-30,450.35,454.05,454.3,444.75,0.04,0.2,1441411,818219808.0,2.1,1.2
2018-12-03,460.66,465.7,466.78,458.95,2.57,11.65,1448391,854988800.0,1.72,1.21
2018-12-04,464.77,468.65,468.65,463.86,0.63,2.95,1194437,716652384.0,1.03,1.0
2018-12-05,464.14,465.75,468.66,463.19,-0.62,-2.9,1215789,707910208.0,1.17,1.02
2018-12-06,464.7,457.67,465.61,457.18,-1.73,-8.08,1114126,692115264.0,1.81,0.93
2018-12-07,458.62,456.1,460.38,454.46,-0.34,-1.57,806791,455965328.0,1.29,0.67
2018-12-10,453.93,446.68,454.68,445.69,-2.07,-9.42,838680,542238736.0,1.97,0.7
2018-12-11,447.25,452.02,452.02,446.78,1.2,5.34,794880,458811280.0,1.17,0.66
2018-12-12,451.33,450.7,452.81,448.99,-0.29,-1.32,689385,430987696.0,0.85,0.58
2018-12-13,451.83,453.18,455.5,448.7,0.55,2.48,738521,471210320.0,1.51,0.62
2018-12-14,452.06,441.41,454.1,440.47,-2.6,-11.77,946606,494903872.0,3.01,0.79
2018-12-17,439.81,439.79,441.04,435.04,-0.37,-1.62,701378,410246528.0,1.36,0.59
2018-12-18,439.18,449.48,450.37,438.57,2.2,9.69,1536543,902937952.0,2.68,1.28
2018-12-19,449.26,445.1,449.46,444.44,-0.97,-4.38,1357311,789979424.0,1.12,1.13
2018-12-20,444.3,443.14,446.29,440.06,-0.44,-1.96,892146,514260544.0,1.4,0.74
2018-12-21,445.58,441.54,448.61,440.09,-0.36,-1.6,1038496,620417296.0,1.92,0.87
2018-12-24,440.51,443.3,443.3,437.73,0.4,1.76,743224,430075856.0,1.26,0.62
2018-12-25,444.4,443.03,444.64,436.73,-0.06,-0.27,1428466,800557344.0,1.78,1.19
2018-12-26,440.52,444.81,445.93,439.41,0.4,1.78,1261140,744617280.0,1.47,1.05
2018-12-27,445.93,439.3,446.35,439.2,-1.24,-5.51,1112837,695341760.0,1.61,0.93
2018-12-28,439.62,440.27,440.65,437.3,0.22,0.97,796145,504246576.0,0.76,0.66
2019-01-02,439.79,434.48,440.52,433.15,-1.32,-5.79,678502,443219392.0,1.67,0.57
2019-01-03,434.88,441.65,442.35,431.67,1.65,7.17,1418876,747078688.0,2.46,1.18
2019-01-04,440.44,449.47,449.47,439.13,1.77,7.82,2533290,1076985328.0,2.34,2.12
2019-01-07,448.35,458.36,460.67,447.3,1.98,8.89,3025811,1263018992.0,2.97,2.53
2019-01-08,455.89,454.06,456.03,451.11,-0.94,-4.3,2084452,841191232.0,1.07,1.74
2019-01-09,452.92,455.76,457.17,452.37,0.37,1.7,2030008,853548240.0,1.06,1.69
2019-01-10,454.38,456.0,458.57,453.85,0.05,0.24,1819382,791547472.0,1.04,1.52
2019-01-11,453.84,455.12,455.65,453.18,-0.19,-0.88,1509121,729860304.0,0.54,1.26
2019-01-14,453.08,456.3,457.7,452.03,0.26,1.18,2455341,1009652992.0,1.25,2.05
2019-01-15,455.62,459.46,459.64,452.93,0.69,3.16,2908669,1240797600.0,1.47,2.43
2019-01-16,457.66,459.57,463.16,457.17,0.02,0.11,2468217,1148546128.0,1.3,2.06
2019-01-17,458.28,457.0,460.63,456.33,-0.56,-2.57,2329448,1116371808.0,0.94,1.94
2019-01-18,453.8,453.71,455.99,451.72,-0.72,-3.29,1862906,852552704.0,0.93,1.56
2019-01-21,452.28,453.43,453.76,449.93,-0.06,-0.28,1318364,652844272.0,0.84,1.1
2019-01-22,453.43,448.31,453.69,447.13,-1.13,-5.12,1561173,665551152.0,1.45,1.3
2019-01-23,448.5,447.08,449.62,445.75,-0.27,-1.23,1073268,458656800.0,0.86,0.9
2019-01-24,445.45,444.46,445.75,442.03,-0.59,-2.62,1091520,482618416.0,0.83,0.91
2019-01-25,441.75,437.39,442.56,436.67,-1.59,-7.07,1996244,711011920.0,1.33,1.67
2019-01-28,437.88,434.06,439.4,433.18,-0.76,-3.33,1370339,539054256.0,1.42,1.14
2019-01-29,434.2,430.74,434.86,422.85,-0.76,-3.32,1327077,657407904.0,2.77,1.11
2019-01-30,431.68,428.61,433.37,427.9,-0.49,-2.13,939480,445320480.0,1.27,0.78
2019-01-31,423.0,420.35,426.62,419.43,-1.93,-8.26,1407304,567654864.0,1.68,1.17
2019-02-01,419.53,427.5,427.82,418.89,1.7,7.15,656911,323502976.0,2.12,0.55
2019-02-11,430.69,437.52,437.78,430.62,2.34,10.02,731799,389448448.0,1.67,0.61
2019-02-12,440.2,444.6,444.97,439.4,1.62,7.08,1300198,637958976.0,1.27,1.09
2019-02-13,442.35,448.07,449.15,441.91,0.78,3.47,2073384,943193424.0,1.63,1.73
2019-02-14,446.72,449.83,450.44,445.09,0.39,1.76,1664878,772649504.0,1.19,1.39
2019-02-15,449.35,445.79,449.35,444.32,-0.9,-4.04,1314150,668492880.0,1.12,1.1
2019-02-18,446.87,456.4,456.66,446.81,2.38,10.61,1741069,834523168.0,2.21,1.45
2019-02-19,458.39,461.77,463.47,456.98,1.18,5.37,2403117,1142341856.0,1.42,2.01
2019-02-20,463.53,465.76,469.4,462.55,0.86,3.99,2575541,1221142544.0,1.48,2.15
2019-02-21,464.59,468.85,472.28,463.92,0.66,3.09,3272468,1475766224.0,1.79,2.73
2019-02-22,468.02,477.48,477.48,467.15,1.84,8.63,2055274,1016943328.0,2.2,1.72
2019-02-25,484.94,498.76,499.64,480.97,4.46,21.28,4109362,2331338288.0,3.91,3.43
2019-02-26,499.1,495.97,504.58,495.17,-0.56,-2.79,3748984,2149517920.0,1.89,3.13
2019-02-27,489.51,494.74,499.87,489.51,-0.25,-1.23,3664444,1884721504.0,2.09,3.06
2019-02-28,493.08,493.03,498.89,489.37,-0.35,-1.71,2988843,1550977840.0,1.92,2.5
2019-03-01,493.54,494.78,494.78,488.32,0.35,1.75,2678726,1385832192.0,1.31,2.24
2019-03-04,494.65,503.99,507.56,494.4,1.86,9.21,3416612,1940425952.0,2.66,2.85
2019-03-05,504.26,511.12,511.23,498.3,1.41,7.13,3263049,1853010272.0,2.57,2.72
2019-03-06,513.54,524.99,524.99,507.58,2.71,13.87,4686164,2752150720.0,3.41,3.91
2019-03-07,521.1,538.56,540.78,519.63,2.58,13.57,4273515,2652645904.0,4.03,3.57
2019-03-08,532.22,514.44,537.51,513.85,-4.48,-24.12,4529254,2552873408.0,4.39,3.78
2019-03-11,510.49,526.33,526.34,510.49,2.31,11.89,3051966,1744405984.0,3.08,2.55
2019-03-12,527.36,536.53,539.08,525.62,1.94,10.2,3462297,2180621760.0,2.56,2.89
2019-03-13,536.37,524.84,536.37,521.82,-2.18,-11.69,3214483,2101894224.0,2.71,2.68
2019-03-14,520.47,507.48,524.25,504.02,-3.31,-17.36,2502051,1435418672.0,3.85,2.09
2019-03-15,507.46,517.46,518.54,507.33,1.97,9.98,2119716,1334826768.0,2.21,1.77
2019-03-18,518.15,528.29,528.59,514.87,2.09,10.83,2352264,1467784976.0,2.65,1.96
2019-03-19,528.06,536.89,536.89,527.86,1.63,8.6,2674937,1711824304.0,1.71,2.23
2019-03-20,535.77,534.56,536.98,527.95,-0.43,-2.33,2408041,1484477904.0,1.68,2.01
2019-03-21,535.69,538.26,540.92,533.58,0.69,3.7,2663313,1618802848.0,1.37,2.22
2019-03-22,537.17,540.66,540.66,529.61,0.45,2.4,2137400,1392443120.0,2.05,1.78
2019-03-25,533.03,538.24,545.0,530.63,-0.45,-2.42,1935579,1273403584.0,2.66,1.62
2019-03-26,539.32,529.07,540.67,526.88,-1.7,-9.17,2483583,1574202320.0,2.56,2.07
2019-03-27,529.84,533.55,534.06,522.11,0.85,4.48,1712178,1222019168.0,2.26,1.43
2019-03-28,529.61,524.82,534.31,524.29,-1.64,-8.73,1619819,1145154896.0,1.88,1.35
2019-03-29,523.93,538.27,539.32,520.85,2.56,13.45,1602889,1153991936.0,3.52,1.34
2019-04-01,540.21,555.01,555.4,540.16,3.11,16.74,2091700,1537065648.0,2.83,1.75
2019-04-02,557.48,568.13,571.01,553.88,2.36,13.12,2221588,1599109456.0,3.09,1.85
2019-04-03,566.97,571.78,571.79,562.53,0.64,3.65,2181093,1583768032.0,1.63,1.82
2019-04-04,571.0,572.0,575.6,567.59,0.04,0.22,2281601,1534460080.0,1.4,1.9
2019-04-08,575.6,573.92,579.66,566.73,0.34,1.92,2469658,1767001232.0,2.26,2.06
2019-04-09,574.31,581.17,584.02,574.25,1.26,7.25,2129376,1680628528.0,1.7,1.78
2019-04-10,574.94,583.8,587.66,572.01,0.45,2.63,2872563,1935099024.0,2.69,2.4
2019-04-11,577.67,569.94,580.5,568.62,-2.37,-13.86,2420881,1548647424.0,2.03,2.02
2019-04-12,562.35,559.4,564.91,555.48,-1.85,-10.54,1514399,1036483088.0,1.65,1.26
2019-04-15,558.16,549.94,566.03,548.87,-1.69,-9.46,1537604,1265879184.0,3.07,1.28
2019-04-16,547.09,553.11,553.41,537.39,0.58,3.17,1561856,1138068080.0,2.91,1.3
2019-04-17,551.91,557.4,559.75,550.04,0.78,4.29,1832713,1221634608.0,1.76,1.53
2019-04-18,556.46,553.7,556.54,551.48,-0.66,-3.7,1696669,1162597824.0,0.91,1.42
2019-04-19,553.79,550.75,553.79,544.69,-0.53,-2.95,1573464,1101472208.0,1.64,1.31
2019-04-22,551.52,549.2,555.13,546.82,-0.28,-1.55,2117603,1301627552.0,1.51,1.77
2019-04-23,548.07,537.62,548.1,535.92,-2.11,-11.58,2503058,1483292544.0,2.22,2.09
2019-04-24,533.66,538.54,538.62,528.16,0.17,0.92,1632674,1002711568.0,1.95,1.36
2019-04-25,535.06,517.54,535.27,517.5,-3.9,-21.0,1610013,953539600.0,3.3,1.34
2019-04-26,514.95,511.56,517.79,508.33,-1.16,-5.98,1276744,774040880.0,1.83,1.07
2019-04-29,507.36,494.19,509.21,492.84,-3.4,-17.37,1724546,911527840.0,3.2,1.44
2019-04-30,491.14,504.12,506.75,491.14,2.01,9.93,1308181,700653456.0,3.16,1.09
2019-05-06,496.18,477.22,497.01,470.46,-5.34,-26.9,2025548,1137976960.0,5.27,1.69
2019-05-07,477.78,483.58,485.26,475.94,1.33,6.36,1302194,751007504.0,1.95,1.09
2019-05-08,476.78,489.7,489.98,473.08,1.27,6.12,1752807,985869952.0,3.49,1.46
2019-05-09,484.9,477.47,486.96,476.2,-2.5,-12.23,1273019,729540976.0,2.2,1.06
2019-05-10,480.73,488.84,489.23,474.73,2.38,11.37,1282792,741235072.0,3.04,1.07
2019-05-13,485.51,481.84,485.84,479.11,-1.43,-7.0,953707,588778112.0,1.38,0.8
2019-05-14,480.96,485.03,489.19,480.96,0.66,3.19,1420411,774028976.0,1.71,1.19
2019-05-15,485.7,489.96,491.23,484.11,1.02,4.93,1597098,872419424.0,1.47,1.33
2019-05-16,488.64,491.27,492.27,485.41,0.27,1.31,1835500,900133232.0,1.4,1.53
2019-05-17,489.03,473.52,489.03,469.26,-3.61,-17.75,1498592,796601824.0,4.02,1.25
2019-05-20,471.67,461.23,471.94,456.0,-2.6,-12.29,1341841,592776336.0,3.37,1.12
2019-05-21,462.2,468.51,469.58,461.06,1.58,7.28,1002774,479627152.0,1.85,0.84
2019-05-22,468.14,466.67,469.84,463.06,-0.39,-1.84,1075972,490244272.0,1.45,0.9
2019-05-23,465.55,458.17,465.77,456.27,-1.82,-8.5,902621,430353056.0,2.04,0.75
2019-05-24,457.99,456.36,460.41,454.44,-0.4,-1.81,788529,353913008.0,1.3,0.66
2019-05-27,456.37,465.58,465.58,455.13,2.02,9.22,830917,412063536.0,2.29,0.69
2019-05-28,465.51,464.62,468.38,462.72,-0.21,-0.96,702591,388690592.0,1.22,0.59
2019-05-29,463.87,466.68,467.17,462.29,0.44,2.06,744450,411859472.0,1.05,0.62
2019-05-30,465.01,462.53,465.01,458.11,-0.89,-4.15,767877,412308784.0,1.48,0.64
2019-05-31,463.02,464.92,468.16,463.02,0.52,2.39,769329,455514928.0,1.11,0.64
2019-06-03,466.65,466.97,471.53,464.56,0.44,2.05,1545106,795485952.0,1.5,1.29
2019-06-04,469.81,461.56,472.24,459.78,-1.16,-5.41,1220008,659641520.0,2.67,1.02
2019-06-05,463.13,462.17,464.23,458.42,0.13,0.61,961823,484376816.0,1.26,0.8
2019-06-06,461.48,458.73,466.67,457.03,-0.74,-3.44,1449572,798096576.0,2.09,1.21
2019-06-10,456.25,463.05,463.25,455.38,0.94,4.32,1335791,881365824.0,1.72,1.12
2019-06-11,461.19,472.22,472.22,459.41,1.98,9.17,1322833,846689648.0,2.77,1.1
2019-06-12,471.25,481.98,482.95,470.51,2.07,9.76,1707140,1088382800.0,2.63,1.43
2019-06-13,482.92,480.24,483.22,479.38,-0.36,-1.74,1350992,824068720.0,0.8,1.13
2019-06-14,483.46,484.06,489.69,478.08,0.8,3.82,3523000,1532267568.0,2.42,2.94
2019-06-17,479.03,476.55,480.94,474.21,-1.55,-7.51,2959070,1215821728.0,1.39,2.47
2019-06-18,474.28,482.84,485.34,470.39,1.32,6.29,3144875,1236939104.0,3.14,2.63
2019-06-19,479.72,482.61,487.98,479.72,-0.05,-0.23,2820247,1186019984.0,1.71,2.35
2019-06-20,489.22,490.75,493.02,487.02,1.69,8.14,2861477,1319386896.0,1.24,2.39
2019-06-21,492.1,502.28,508.94,491.85,2.35,11.53,2910266,1519287504.0,3.48,2.43
2019-06-24,505.89,502.64,509.63,501.09,0.07,0.36,3127843,1302438080.0,1.7,2.61
2019-06-25,508.11,515.09,519.93,508.11,2.48,12.45,4783926,2401532320.0,2.35,3.99
2019-06-26,504.99,497.31,505.32,496.61,-3.45,-17.78,3375047,1606620096.0,1.69,2.82
2019-06-27,495.33,496.22,500.45,495.24,-0.22,-1.09,2220340,1206886144.0,1.05,1.85
2019-06-28,498.7,492.71,504.61,491.34,-0.71,-3.51,2347778,1242251568.0,2.67,1.96
2019-07-01,487.9,496.85,496.89,487.13,0.84,4.14,2104373,1171325920.0,1.98,1.76
2019-07-02,496.09,495.56,498.03,493.12,-0.26,-1.29,1589381,838809520.0,0.99,1.33
2019-07-03,505.04,495.85,506.69,493.46,0.06,0.29,1938215,1132435184.0,2.67,1.62
2019-07-04,495.9,498.6,503.63,495.9,0.55,2.75,1681759,982568144.0,1.56,1.4
2019-07-05,498.66,501.92,502.53,492.55,0.67,3.32,1412913,1236410528.0,2.0,1.18
2019-07-08,494.76,479.56,495.24,477.11,-4.45,-22.36,1929325,1250191584.0,3.61,1.61
2019-07-09,476.52,473.83,477.24,471.21,-1.19,-5.73,1035113,628920672.0,1.26,0.86
2019-07-10,471.6,466.41,472.62,464.64,-1.57,-7.42,1015593,629376320.0,1.68,0.85
2019-07-11,474.5,480.91,482.82,473.01,3.11,14.5,2256898,1208201008.0,2.1,1.88
2019-07-12,475.49,473.89,476.24,472.7,-1.46,-7.02,1651095,897078176.0,0.74,1.38
2019-07-15,469.75,470.66,470.84,462.77,-0.68,-3.23,1350710,775718352.0,1.7,1.13
2019-07-16,470.22,475.18,476.92,468.53,0.96,4.52,1402418,784363424.0,1.78,1.17
2019-07-17,472.42,470.46,472.92,469.7,-0.99,-4.72,1019998,584059600.0,0.68,0.85
2019-07-18,474.81,466.65,476.54,466.65,-0.81,-3.81,1238912,718483360.0,2.1,1.03
2019-07-19,470.98,471.63,475.82,469.66,1.07,4.98,1191563,741446112.0,1.32,0.99
2019-07-22,463.42,458.96,464.27,457.53,-2.69,-12.67,1348955,793370256.0,1.43,1.13
2019-07-23,455.54,462.02,462.02,455.19,0.67,3.06,799653,487501024.0,1.49,0.67
2019-07-24,460.67,465.44,465.46,460.4,0.74,3.42,902611,486700560.0,1.1,0.75
2019-07-25,464.14,464.32,464.95,462.04,-0.24,-1.12,652684,388202944.0,0.63,0.54
2019-07-26,461.62,463.24,464.25,460.28,-0.23,-1.08,572237,330082000.0,0.86,0.48
2019-07-29,464.54,466.6,467.74,462.77,0.73,3.36,947216,515231296.0,1.07,0.79
2019-07-30,465.18,468.17,468.79,463.75,0.34,1.57,1275334,645757488.0,1.08,1.06
2019-07-31,466.48,462.73,466.48,461.97,-1.16,-5.44,933095,505279920.0,0.96,0.78
2019-08-01,456.67,453.89,456.79,452.36,-1.91,-8.84,1098848,581099712.0,0.96,0.92
2019-08-02,455.15,448.33,455.65,446.53,-1.22,-5.56,1039304,570879712.0,2.01,0.87
2019-08-05,447.95,462.53,465.55,447.61,3.17,14.2,2445252,1238010512.0,4.0,2.04
2019-08-06,463.44,449.47,463.44,445.7,-2.82,-13.06,3248861,1402655312.0,3.84,2.71
2019-08-07,449.99,453.76,458.15,449.99,0.95,4.29,2082714,1081278320.0,1.82,1.74
2019-08-08,456.32,467.65,471.53,453.0,3.06,13.89,2511401,1535080304.0,4.08,2.1
2019-08-09,464.66,468.79,473.86,463.22,0.24,1.14,2312581,1383212288.0,2.28,1.93
2019-08-12,466.71,466.51,467.58,462.42,-0.49,-2.28,1482054,877790736.0,1.1,1.24
2019-08-13,471.39,483.58,484.12,467.02,3.66,17.07,3080499,1851134400.0,3.67,2.57
2019-08-14,472.15,475.27,475.89,470.09,-1.72,-8.31,2671333,1437583872.0,1.2,2.23
2019-08-15,477.84,476.06,481.84,473.4,0.17,0.79,2843237,1534458000.0,1.78,2.37
2019-08-16,475.58,476.24,476.39,472.78,0.04,0.18,1913380,1153988912.0,0.76,1.6
2019-08-19,472.54,479.57,479.76,471.5,0.7,3.33,1836242,1091972528.0,1.73,1.53
2019-08-20,476.74,481.8,481.8,475.02,0.47,2.23,2217510,1266571216.0,1.41,1.85
2019-08-21,479.59,477.8,481.03,476.76,-0.83,-4.0,1661468,975117504.0,0.89,1.39
2019-08-22,476.63,475.7,476.65,471.96,-0.44,-2.1,1295350,840519232.0,0.98,1.08
2019-08-23,473.75,472.5,475.89,471.64,-0.67,-3.2,1363037,822845392.0,0.89,1.14
2019-08-26,478.04,473.54,478.04,473.21,0.22,1.04,1937038,1251464032.0,1.02,1.62
2019-08-27,470.59,477.94,477.94,470.15,0.93,4.4,1759285,1026962112.0,1.65,1.47
2019-08-28,477.9,478.2,483.01,477.62,0.05,0.26,1766016,982616144.0,1.13,1.47
2019-08-29,477.64,484.86,484.92,475.6,1.39,6.66,1863100,1029523104.0,1.95,1.56
2019-08-30,480.02,474.14,482.45,474.14,-2.21,-10.72,1698053,950531072.0,1.71,1.42
2019-09-02,473.3,476.17,476.62,470.23,0.43,2.03,1404367,745131040.0,1.35,1.17
2019-09-03,475.36,476.52,476.68,474.0,0.07,0.35,1088637,628615440.0,0.56,0.91
2019-09-04,480.81,480.3,482.9,478.91,0.79,3.78,1403258,849052816.0,0.84,1.17
2019-09-05,480.38,488.26,490.8,479.53,1.66,7.96,2217307,1163796672.0,2.35,1.85
2019-09-06,483.59,480.08,483.6,477.54,-1.68,-8.18,1566972,984309456.0,1.24,1.31
2019-09-09,481.03,486.93,486.93,479.5,1.43,6.85,1261097,779561632.0,1.55,1.05
2019-09-10,484.83,487.37,487.66,482.81,0.09,0.44,1370853,795908304.0,1.0,1.14
2019-09-11,487.05,487.58,488.82,485.93,0.04,0.21,1231559,712518656.0,0.59,1.03
2019-09-12,486.82,484.55,487.11,482.35,-0.62,-3.03,1019151,633848272.0,0.98,0.85
2019-09-16,485.57,487.72,489.05,485.04,0.65,3.17,1635133,865241264.0,0.83,1.37
2019-09-17,485.69,475.58,485.69,473.81,-2.49,-12.14,1413806,746933520.0,2.44,1.18
2019-09-18,475.55,474.44,476.89,473.07,-0.24,-1.14,798561,486416528.0,0.8,0.67
2019-09-19,474.35,475.82,476.09,469.49,0.29,1.38,873970,516739552.0,1.39,0.73
2019-09-20,476.15,475.33,476.74,474.1,-0.1,-0.49,770731,490731584.0,0.55,0.64
2019-09-23,474.83,475.76,475.76,471.88,0.09,0.43,976290,608855376.0,0.82,0.82
2019-09-24,475.71,474.22,476.52,473.28,-0.32,-1.54,913673,565859712.0,0.68,0.76
2019-09-25,472.77,467.18,472.87,465.72,-1.48,-7.04,1004268,627459360.0,1.51,0.84
2019-09-26,465.43,456.2,467.0,455.97,-2.35,-10.98,1037034,630843312.0,2.36,0.87
2019-09-27,455.5,462.31,462.77,454.88,1.34,6.11,742281,478754128.0,1.73,0.62
2019-09-30,461.69,457.13,463.9,456.94,-1.12,-5.18,561170,372726400.0,1.51,0.47
2019-10-08,460.46,454.95,461.19,453.55,-0.48,-2.18,621485,422966336.0,1.67,0.52
2019-10-09,453.88,458.54,460.8,453.51,0.79,3.59,674915,468262336.0,1.6,0.56
2019-10-10,458.37,457.86,458.7,455.52,-0.15,-0.68,597612,381097184.0,0.69,0.5
2019-10-11,456.35,456.38,457.25,453.97,-0.32,-1.48,727140,407250976.0,0.72,0.61
2019-10-14,456.3,459.53,459.66,455.02,0.69,3.15,818585,497916272.0,1.02,0.68
2019-10-15,458.63,456.16,458.81,455.37,-0.73,-3.37,568752,376735840.0,0.75,0.47
2019-10-16,456.16,451.9,456.86,450.91,-0.93,-4.26,639918,351276176.0,1.3,0.53
2019-10-17,451.66,451.09,451.7,448.98,-0.18,-0.81,495701,288840016.0,0.6,0.41
2019-10-18,450.81,445.88,451.71,445.31,-1.15,-5.21,624132,428817728.0,1.42,0.52
2019-10-21,444.53,444.37,445.24,440.34,-0.34,-1.51,662065,388664528.0,1.1,0.55
2019-10-22,443.29,448.01,448.1,443.21,0.82,3.64,582131,373435216.0,1.1,0.49
2019-10-23,449.5,454.38,457.51,447.6,1.42,6.37,1401300,653773536.0,2.21,1.17
2019-10-24,452.17,449.71,452.17,448.35,-1.03,-4.67,890092,549586832.0,0.84,0.74
2019-10-25,449.69,452.31,452.91,446.75,0.58,2.6,847099,521506176.0,1.37,0.71
2019-10-28,453.84,457.64,457.66,453.56,1.18,5.33,884863,620786208.0,0.91,0.74
2019-10-29,458.88,455.45,459.15,454.4,-0.48,-2.19,821809,556899744.0,1.04,0.69
2019-10-30,455.15,453.36,456.4,450.15,-0.46,-2.09,1340010,1094028608.0,1.37,1.12
2019-10-31,454.03,441.15,455.19,439.56,-2.69,-12.21,1176927,863492624.0,3.45,0.98
2019-11-01,439.15,440.03,442.21,437.05,-0.25,-1.12,960127,654282720.0,1.17,0.8
2019-11-04,440.65,437.86,441.6,437.05,-0.49,-2.17,837199,552374304.0,1.03,0.7
2019-11-05,437.68,435.52,437.81,431.88,-0.53,-2.34,872623,519400992.0,1.35,0.73
2019-11-06,433.71,430.08,434.05,428.86,-1.25,-5.44,907255,586900016.0,1.19,0.76
2019-11-07,430.05,429.85,430.95,427.62,-0.05,-0.23,709790,486409472.0,0.77,0.59
2019-11-08,428.61,425.87,429.48,425.27,-0.93,-3.98,714171,499073488.0,0.98,0.6
2019-11-11,424.16,413.83,424.16,412.1,-2.83,-12.04,895744,458613072.0,2.83,0.75
2019-11-12,413.61,418.57,418.57,412.01,1.15,4.74,816074,563814928.0,1.59,0.68
2019-11-13,416.25,425.24,426.88,416.01,1.59,6.67,1571199,782430432.0,2.6,1.31
2019-11-14,423.22,428.44,428.44,419.27,0.75,3.2,1667687,754785072.0,2.16,1.39
2019-11-15,428.07,421.67,432.82,421.42,-1.58,-6.77,2039357,858297888.0,2.66,1.7
2019-11-18,418.92,423.59,423.59,415.96,0.46,1.92,1547832,679773440.0,1.81,1.29
2019-11-19,422.66,427.73,427.92,420.77,0.98,4.14,1388623,604551760.0,1.69,1.16
2019-11-20,427.1,436.4,438.47,425.41,2.03,8.67,2270063,878043088.0,3.05,1.9
2019-11-21,435.16,431.14,435.26,430.28,-1.21,-5.26,2391512,823207024.0,1.14,2.0
2019-11-22,430.45,432.85,437.75,430.08,0.4,1.71,2168128,862202160.0,1.78,1.81
2019-11-25,432.77,432.92,434.37,431.34,0.02,0.07,1624434,708787792.0,0.7,1.36
2019-11-26,431.76,433.52,436.63,430.03,0.14,0.6,1783982,850870608.0,1.52,1.49
2019-11-27,431.02,427.4,431.19,425.97,-1.41,-6.12,1385010,638864992.0,1.2,1.16
2019-11-28,426.82,426.7,429.07,424.78,-0.16,-0.7,1166609,504613248.0,1.0,0.97
2019-11-29,425.67,422.48,425.75,420.84,-0.99,-4.22,1099544,470456560.0,1.15,0.92
2019-12-02,422.24,424.14,424.63,421.45,0.39,1.66,938726,479835584.0,0.75,0.78
2019-12-03,423.2,429.04,429.04,422.78,1.16,4.9,1144465,562359472.0,1.48,0.96
2019-12-04,431.44,435.81,437.77,430.81,1.58,6.77,1836181,843812176.0,1.62,1.53
2019-12-05,432.76,433.21,433.93,431.18,-0.6,-2.6,1299487,631653616.0,0.63,1.08
2019-12-06,432.25,438.66,438.66,432.25,1.26,5.45,1489170,872373520.0,1.48,1.24
2019-12-09,437.66,436.4,439.13,434.35,-0.52,-2.26,1334525,815895776.0,1.09,1.11
2019-12-10,435.07,438.6,438.69,434.72,0.5,2.2,1440154,904074512.0,0.91,1.2
2019-12-11,438.28,435.7,438.61,434.39,-0.66,-2.9,1300988,751920544.0,0.96,1.09
2019-12-12,435.63,431.09,436.26,430.78,-1.06,-4.61,1341240,705913264.0,1.26,1.12
2019-12-13,428.91,433.89,434.65,428.8,0.65,2.8,1154428,696056864.0,1.36,0.96
2019-12-16,434.79,442.52,442.93,434.79,1.99,8.63,1167728,711818288.0,1.88,0.97
2019-12-17,445.77,450.84,452.45,443.93,1.88,8.32,1575377,918344768.0,1.93,1.32
2019-12-18,454.31,456.51,457.77,452.94,1.26,5.67,2057979,1244600256.0,1.07,1.72
2019-12-19,456.68,457.96,461.14,455.61,0.32,1.45,2092661,1559065216.0,1.21,1.75
2019-12-20,460.38,466.03,468.0,459.79,1.76,8.07,2666422,1905674432.0,1.79,2.23
2019-12-23,458.94,453.3,459.97,451.69,-2.73,-12.73,1990109,1060915168.0,1.78,1.66
2019-12-24,449.25,453.36,453.76,449.25,0.01,0.06,1810957,1422496384.0,0.99,1.51
2019-12-25,453.13,452.83,454.23,451.0,-0.12,-0.53,1556533,1135569328.0,0.71,1.3
2019-12-26,450.62,452.06,453.05,448.68,-0.17,-0.77,1619962,1030448528.0,0.97,1.35
2019-12-27,454.04,454.53,462.16,453.78,0.55,2.47,2336812,1301523296.0,1.85,1.95
2019-12-30,452.15,451.0,452.15,445.03,-0.78,-3.53,1594347,986217040.0,1.57,1.33
2019-12-31,451.01,454.76,454.76,450.12,0.83,3.76,1423971,836344480.0,1.03,1.19
2020-01-02,456.03,460.14,461.06,454.93,1.18,5.38,1773166,1102694000.0,1.35,1.48
2020-01-03,460.63,470.34,471.65,458.68,2.22,10.2,3082116,1578738832.0,2.82,2.57
2020-01-06,478.65,488.89,489.23,476.71,3.94,18.55,4970195,2449689360.0,2.66,4.15
2020-01-07,483.31,484.81,488.33,481.86,-0.83,-4.08,3880625,1849842784.0,1.32,3.24
2020-01-08,491.59,494.07,496.36,484.53,1.91,9.26,5074418,2672027072.0,2.44,4.24
2020-01-09,479.38,487.03,487.7,478.7,-1.42,-7.04,3576303,1808823712.0,1.82,2.99
2020-01-10,485.28,487.31,490.6,482.86,0.06,0.28,2384205,1428623728.0,1.59,1.99
2020-01-13,488.26,489.97,491.89,483.16,0.55,2.66,1942127,1320953264.0,1.79,1.62
2020-01-14,487.24,486.51,489.02,484.97,-0.71,-3.46,1660923,1053041280.0,0.83,1.39
2020-01-15,485.65,480.65,485.65,478.27,-1.2,-5.86,1519880,1021136432.0,1.52,1.27
2020-01-16,480.96,484.22,485.66,480.96,0.74,3.57,1676011,1252493056.0,0.98,1.4
2020-01-17,484.77,486.77,490.0,483.2,0.53,2.55,1520271,1367003344.0,1.4,1.27
2020-01-20,483.95,487.54,488.19,480.14,0.16,0.77,1298946,1108649488.0,1.65,1.08
2020-01-21,487.08,477.61,487.08,477.09,-2.04,-9.93,1371747,976930800.0,2.05,1.15
2020-01-22,469.83,468.69,469.84,464.48,-1.87,-8.92,1004862,727474848.0,1.12,0.84
2020-01-23,460.19,448.67,461.0,445.26,-4.27,-20.02,1604723,825797440.0,3.36,1.34
2020-02-03,405.93,405.47,408.27,405.47,-9.63,-43.2,436658,245699769.0,0.62,0.36
2020-02-04,378.97,396.55,397.03,378.97,-2.2,-8.92,2227891,1041556400.0,4.45,1.86
2020-02-05,395.91,406.23,410.96,395.91,2.44,9.68,1793592,842843504.0,3.8,1.5
2020-02-06,405.9,410.21,412.15,402.78,0.98,3.98,1499218,759838208.0,2.31,1.25
2020-02-07,410.34,413.89,415.65,408.67,0.9,3.68,1604883,748096032.0,1.7,1.34
2020-02-10,411.1,421.87,422.62,409.12,1.93,7.98,1616816,764751712.0,3.26,1.35
2020-02-11,419.82,420.91,424.25,419.03,-0.23,-0.96,1392071,795635712.0,1.24,1.16
2020-02-12,419.73,424.5,424.5,419.13,0.85,3.59,1132201,660287232.0,1.28,0.95
2020-02-13,423.41,420.29,424.27,419.43,-0.99,-4.21,1594911,805123488.0,1.14,1.33
2020-02-14,419.02,416.42,419.96,415.17,-0.92,-3.87,1177029,541718752.0,1.14,0.98
2020-02-17,417.08,425.37,425.95,416.79,2.15,8.95,1505653,854848160.0,2.2,1.26
2020-02-18,426.64,435.97,436.42,426.1,2.49,10.6,2444488,1062830240.0,2.43,2.04
2020-02-19,439.6,441.23,445.56,435.07,1.21,5.26,2993360,1288829984.0,2.41,2.5
2020-02-20,439.43,446.21,446.21,438.19,1.13,4.98,2255428,1118331840.0,1.82,1.88
2020-02-21,446.96,453.01,455.94,446.96,1.52,6.8,2662777,1322912800.0,2.01,2.22
2020-02-24,456.51,450.79,458.44,445.98,-0.49,-2.22,2578446,1263786672.0,2.75,2.15
2020-02-25,440.38,444.91,446.62,438.24,-1.3,-5.88,3173313,1348592992.0,1.86,2.65
2020-02-26,438.5,437.47,443.27,436.5,-1.67,-7.44,2189565,970402496.0,1.52,1.83
2020-02-27,437.17,441.23,443.31,436.45,0.86,3.76,1720045,802255264.0,1.57,1.44
2020-02-28,433.57,420.09,435.68,418.87,-4.79,-21.14,2277042,1007627888.0,3.81,1.9
2020-03-02,419.44,428.55,429.87,419.44,2.01,8.46,1483864,753111552.0,2.48,1.24
2020-03-03,430.91,432.94,436.13,429.81,1.02,4.39,1558569,867880576.0,1.47,1.3
2020-03-04,435.0,437.05,438.48,432.78,0.95,4.11,1522376,792518928.0,1.32,1.27
2020-03-05,436.61,447.26,447.29,436.58,2.34,10.21,1985649,1065206784.0,2.45,1.66
2020-03-06,445.71,448.61,451.14,444.81,0.3,1.35,1762909,945233424.0,1.42,1.47
2020-03-09,448.09,433.01,448.09,432.44,-3.48,-15.6,1598223,892006432.0,3.49,1.33
2020-03-10,426.53,438.15,438.15,421.05,1.19,5.14,1393110,691879008.0,3.95,1.16
2020-03-11,437.74,436.71,441.27,435.75,-0.33,-1.44,1248026,687711360.0,1.26,1.04
2020-03-12,432.07,425.08,432.07,422.76,-2.66,-11.63,1043624,531243104.0,2.13,0.87
2020-03-13,408.35,414.76,417.92,402.86,-2.43,-10.32,1212581,604675472.0,3.54,1.01
2020-03-16,417.83,401.79,419.58,401.58,-3.13,-12.97,1036251,542688912.0,4.34,0.87
2020-03-17,401.34,399.73,405.48,386.62,-0.51,-2.06,1067553,521103024.0,4.69,0.89
2020-03-18,402.5,396.05,406.86,395.11,-0.92,-3.68,839099,450481408.0,2.94,0.7
2020-03-19,393.7,393.9,397.0,386.36,-0.54,-2.15,827206,449927984.0,2.69,0.69
2020-03-20,395.02,400.85,401.54,393.48,1.76,6.95,1011450,477960016.0,2.05,0.84
2020-03-23,394.64,389.4,398.17,388.34,-2.86,-11.45,830831,410513504.0,2.45,0.69
2020-03-24,400.2,406.72,407.26,399.28,4.45,17.32,1837719,823090976.0,2.05,1.53
2020-03-25,418.91,421.4,421.77,415.39,3.61,14.68,1702268,827134704.0,1.57,1.42
2020-03-26,423.04,422.34,427.53,421.22,0.22,0.94,2529051,975677600.0,1.5,2.11
2020-03-27,422.64,421.15,425.67,418.86,-0.28,-1.19,2231967,1075558880.0,1.61,1.86
2020-03-30,413.22,404.81,413.22,402.53,-3.88,-16.34,1416490,555215808.0,2.54,1.18
2020-03-31,404.14,401.2,406.38,400.01,-0.89,-3.61,1309325,616183904.0,1.57,1.09
2020-04-01,398.38,408.62,408.62,394.85,1.85,7.42,1737515,740211168.0,3.43,1.45
2020-04-02,402.27,409.34,409.84,400.28,0.18,0.72,1966980,821080080.0,2.34,1.64
2020-04-03,408.88,412.58,419.06,407.14,0.79,3.24,2205883,1026389424.0,2.91,1.84
2020-04-07,418.97,421.88,423.73,414.99,2.25,9.3,2416619,1277910464.0,2.12,2.02
2020-04-08,417.7,421.01,422.79,414.01,-0.21,-0.87,1962341,1048232544.0,2.08,1.64
2020-04-09,419.81,419.91,422.06,418.22,-0.26,-1.1,1435867,807068512.0,0.91,1.2
2020-04-10,422.97,415.37,425.59,414.19,-1.08,-4.54,1727542,1026466192.0,2.71,1.44
2020-04-13,410.87,406.84,410.87,404.7,-2.05,-8.53,1228431,644465296.0,1.49,1.03
2020-04-14,408.69,411.86,414.74,407.66,1.23,5.02,1169339,637988416.0,1.74,0.98
2020-04-15,411.02,405.04,411.02,403.75,-1.66,-6.82,1160932,627397984.0,1.77,0.97
2020-04-16,403.07,403.15,403.19,398.97,-0.47,-1.89,809592,428750816.0,1.04,0.68
2020-04-17,403.26,399.29,403.33,398.75,-0.96,-3.86,1062666,559024048.0,1.14,0.89
2020-04-20,397.21,398.56,398.81,395.45,-0.18,-0.73,853609,397574464.0,0.84,0.71
2020-04-21,398.25,399.78,400.93,396.08,0.31,1.22,880079,479073488.0,1.22,0.73
2020-04-22,397.35,399.31,400.1,397.04,-0.12,-0.47,777058,427254992.0,0.77,0.65
2020-04-23,400.33,399.12,401.59,397.36,-0.05,-0.19,1074122,575689776.0,1.06,0.9
2020-04-24,397.71,392.8,397.71,390.22,-1.58,-6.32,1147539,660265168.0,1.88,0.96
2020-04-27,388.79,383.06,389.76,382.05,-2.48,-9.74,1583556,593475072.0,1.96,1.32
2020-04-28,377.07,369.54,378.31,365.72,-3.53,-13.52,1136080,607185392.0,3.29,0.95
2020-04-29,364.09,366.1,370.89,363.63,-0.93,-3.44,1143951,406785520.0,1.96,0.96
2020-04-30,363.87,369.29,370.59,363.87,0.87,3.19,1260833,630470880.0,1.84,1.05
2020-05-06,366.66,380.19,380.19,364.63,2.95,10.9,1203629,703441376.0,4.21,1.0
2020-05-07,378.29,375.89,378.57,374.97,-1.13,-4.3,996237,590050736.0,0.95,0.83
2020-05-08,376.98,376.96,377.98,374.79,0.28,1.07,924269,498640272.0,0.85,0.77
2020-05-11,374.93,375.26,379.21,373.56,-0.45,-1.7,1265173,573937872.0,1.5,1.06
2020-05-12,376.83,375.94,377.08,372.78,0.18,0.68,858427,614265344.0,1.15,0.72
2020-05-13,376.24,372.14,376.24,368.49,-1.01,-3.8,1331521,544009840.0,2.06,1.11
2020-05-14,369.92,373.67,374.72,368.77,0.41,1.53,1512469,742776288.0,1.6,1.26
2020-05-15,372.71,374.05,375.17,370.75,0.1,0.38,1729440,802522416.0,1.18,1.44
2020-05-18,376.41,380.36,383.2,374.51,1.69,6.31,1917440,990505408.0,2.32,1.6
2020-05-19,377.63,381.05,381.82,374.58,0.18,0.69,1573160,812829152.0,1.9,1.31
2020-05-20,383.58,383.05,385.89,381.93,0.52,2.0,2096251,871816976.0,1.04,1.75
2020-05-21,382.34,376.34,383.3,375.79,-1.75,-6.71,1715574,1055156576.0,1.96,1.43
2020-05-22,371.82,363.6,372.66,360.77,-3.39,-12.74,1166439,578034208.0,3.16,0.97
2020-05-25,357.82,356.69,359.09,354.6,-1.9,-6.91,1270873,632289648.0,1.23,1.06
2020-05-26,357.04,364.47,365.04,355.85,2.18,7.78,1524128,593668640.0,2.58,1.27
2020-05-27,364.24,365.97,367.28,360.59,0.41,1.5,1659679,614951680.0,1.84,1.39
2020-05-28,367.61,364.62,367.61,361.43,-0.37,-1.35,1076618,505702912.0,1.69,0.9
2020-05-29,365.24,365.06,368.65,363.55,0.12,0.44,732402,424200512.0,1.4,0.61
2020-06-01,368.52,374.45,375.92,366.95,2.57,9.39,1666415,623702368.0,2.46,1.39
2020-06-02,375.99,377.34,378.69,374.82,0.77,2.89,1248116,586530672.0,1.03,1.04
2020-06-03,378.11,383.96,385.77,378.04,1.75,6.62,1508696,706236416.0,2.05,1.26
2020-06-04,385.08,390.07,390.48,384.91,1.59,6.11,3066797,870219712.0,1.45,2.56
2020-06-05,391.38,386.09,391.66,385.41,-1.02,-3.98,2171589,711390288.0,1.6,1.81
2020-06-08,382.43,382.08,383.92,380.53,-1.04,-4.01,761446,419489104.0,0.88,0.64
2020-06-09,378.45,386.11,386.42,376.01,1.05,4.03,2659307,613641264.0,2.72,2.22
2020-06-10,384.08,383.84,387.09,381.78,-0.59,-2.27,2455168,746496016.0,1.38,2.05
2020-06-11,382.35,378.88,382.87,376.72,-1.29,-4.96,1497504,564355120.0,1.6,1.25
2020-06-12,373.03,378.71,380.17,371.4,-0.04,-0.17,1350319,603252944.0,2.31,1.13
2020-06-15,376.62,377.07,382.71,376.62,-0.43,-1.64,1344176,706859840.0,1.61,1.12
2020-06-16,378.22,381.82,381.82,377.08,1.26,4.75,1141009,491627360.0,1.26,0.95
2020-06-17,382.51,385.59,386.01,381.16,0.99,3.77,1334009,524061168.0,1.27,1.11
2020-06-18,386.43,383.59,387.45,382.5,-0.52,-2.0,1487633,508006384.0,1.28,1.24
2020-06-19,381.24,383.08,385.01,380.72,-0.13,-0.51,1359480,502145248.0,1.12,1.14
2020-06-22,382.39,381.58,384.39,380.14,-0.39,-1.5,1797592,712891232.0,1.11,1.5
2020-06-23,381.23,378.61,382.17,377.83,-0.78,-2.97,832349,505103664.0,1.14,0.69
2020-06-24,378.33,381.06,383.49,378.33,0.65,2.45,1164214,625493408.0,1.36,0.97
2020-06-29,381.13,381.19,382.38,378.21,0.03,0.13,1156807,660218800.0,1.09,0.97
2020-06-30,381.43,387.82,387.85,381.39,1.74,6.63,1197212,663761696.0,1.69,1.0
2020-07-01,390.66,392.01,392.01,386.52,1.08,4.19,2280243,1107055280.0,1.42,1.9
2020-07-02,390.1,397.97,398.68,388.61,1.52,5.96,2328974,1461898224.0,2.57,1.94
2020-07-03,397.8,406.02,406.95,397.49,2.02,8.05,2038022,1194965616.0,2.38,1.7
2020-07-06,410.28,423.71,424.83,410.28,4.36,17.69,3202673,1960942208.0,3.58,2.67
2020-07-07,423.9,432.8,440.03,423.14,2.15,9.09,3058388,2373594944.0,3.99,2.55
2020-07-08,432.29,437.91,439.02,428.48,1.18,5.11,2838786,2194373744.0,2.44,2.37
2020-07-09,436.51,447.63,448.08,435.16,2.22,9.72,3170388,2319279712.0,2.95,2.65
2020-07-10,444.87,445.36,451.26,441.13,-0.51,-2.27,2950767,2182242160.0,2.26,2.46
2020-07-13,446.19,455.24,455.24,443.33,2.22,9.88,2111457,1599310608.0,2.67,1.76
2020-07-14,456.99,453.8,456.99,440.97,-0.32,-1.44,2824262,2306540752.0,3.52,2.36
2020-07-15,451.49,446.46,454.35,442.79,-1.62,-7.34,2167271,1763249344.0,2.55,1.81
2020-07-16,445.06,424.27,445.79,423.84,-4.97,-22.19,2018863,1495823232.0,4.92,1.69
2020-07-17,422.48,424.77,427.07,417.74,0.12,0.5,1602181,1027854640.0,2.2,1.34
2020-07-20,425.62,435.42,435.42,423.12,2.51,10.65,1638462,1158185856.0,2.9,1.37
2020-07-21,436.42,437.63,438.44,432.45,0.51,2.21,1628558,1085717744.0,1.38,1.36
2020-07-22,444.6,442.16,446.32,439.53,1.04,4.53,1919406,1355078432.0,1.55,1.6
2020-07-23,440.45,442.4,443.05,430.68,0.05,0.24,1699997,1140223856.0,2.8,1.42
2020-07-24,442.36,432.12,448.38,430.7,-2.32,-10.28,1980481,1397897744.0,4.0,1.65
2020-07-27,436.11,454.32,454.44,436.11,5.14,22.2,2333212,1882342240.0,4.24,1.95
2020-07-28,461.51,450.35,461.51,446.04,-0.87,-3.97,3481922,2004821872.0,3.41,2.91
2020-07-29,448.21,456.55,456.58,446.2,1.38,6.2,2539762,1248055120.0,2.3,2.12
2020-07-30,457.97,456.8,461.08,455.85,0.05,0.25,1645454,1188596736.0,1.15,1.37
2020-07-31,455.19,467.1,468.19,453.95,2.25,10.3,2059326,1318097504.0,3.12,1.72
2020-08-03,470.06,471.37,471.98,466.33,0.91,4.27,1658801,1489736736.0,1.21,1.38
2020-08-04,472.27,467.1,472.27,465.45,-0.91,-4.27,1865972,1348796688.0,1.45,1.56
2020-08-05,472.34,477.39,477.39,468.98,2.2,10.29,2212180,1372070688.0,1.8,1.85
2020-08-06,480.14,482.36,482.89,473.59,1.04,4.97,2072552,1516923792.0,1.95,1.73
2020-08-07,485.73,474.32,486.22,469.82,-1.67,-8.04,1940416,1221218960.0,3.4,1.62
2020-08-10,470.72,470.36,473.06,464.65,-0.83,-3.96,1661347,1001727744.0,1.77,1.39
2020-08-11,469.45,466.55,474.7,465.58,-0.81,-3.81,1334632,1014586704.0,1.94,1.11
2020-08-12,460.41,459.44,461.7,453.36,-1.52,-7.11,3049966,1749605856.0,1.79,2.55
2020-08-13,454.61,461.36,465.7,454.23,0.42,1.92,2577425,1298662832.0,2.5,2.15
2020-08-14,459.98,464.15,464.15,454.89,0.6,2.79,1718818,993160512.0,2.01,1.44
2020-08-17,461.72,470.68,471.61,461.72,1.41,6.53,1629255,1032788032.0,2.13,1.36
2020-08-18,473.23,473.25,475.76,470.04,0.55,2.57,1823312,924320112.0,1.22,1.52
2020-08-19,471.42,468.86,473.77,467.75,-0.93,-4.39,1354777,792938944.0,1.27,1.13
2020-08-20,466.14,464.83,469.61,462.6,-0.86,-4.03,1184249,738716384.0,1.5,0.99
2020-08-21,465.31,470.89,472.36,465.31,1.3,6.06,1169601,755203072.0,1.52,0.98
2020-08-24,469.76,470.98,472.18,465.89,0.02,0.09,1515692,849359024.0,1.34,1.27
2020-08-25,470.87,467.72,471.91,466.03,-0.69,-3.26,1656092,770415824.0,1.25,1.38
2020-08-26,466.35,458.19,467.63,457.21,-2.04,-9.53,1190429,793827600.0,2.23,0.99
2020-08-27,457.99,461.26,463.52,457.99,0.67,3.07,1265547,640172720.0,1.21,1.06
2020-08-28,458.71,463.66,463.66,457.23,0.52,2.4,888360,604337808.0,1.39,0.74
2020-08-31,462.59,465.8,469.26,462.59,0.46,2.14,945492,691370144.0,1.44,0.79
2020-09-01,465.59,467.86,468.46,464.56,0.44,2.06,658358,553507232.0,0.84,0.55
2020-09-02,467.38,467.89,468.15,462.99,0.01,0.03,807254,672182576.0,1.1,0.67
2020-09-03,467.25,469.59,472.65,465.76,0.36,1.7,968936,913234688.0,1.47,0.81
2020-09-04,463.94,471.45,472.81,460.48,0.4,1.86,992787,805355824.0,2.63,0.83
2020-09-07,469.77,466.95,475.93,465.25,-0.95,-4.5,1176496,852956832.0,2.27,0.98
2020-09-08,466.92,471.49,471.49,463.51,0.97,4.54,986091,737131472.0,1.71,0.82
2020-09-09,469.2,462.63,469.2,461.02,-1.88,-8.86,1087220,744598880.0,1.73,0.91
2020-09-10,464.59,451.98,465.99,451.98,-2.3,-10.65,919198,535621936.0,3.03,0.77
2020-09-11,451.98,457.69,457.69,448.63,1.26,5.71,708193,457243248.0,2.0,0.59
2020-09-14,458.09,454.35,459.7,451.01,-0.73,-3.34,641944,427609184.0,1.9,0.54
2020-09-15,455.68,457.68,458.52,452.49,0.73,3.33,964637,587723776.0,1.33,0.81
2020-09-16,456.79,453.63,456.79,451.88,-0.88,-4.05,754005,524623728.0,1.07,0.63
2020-09-17,452.55,452.67,454.1,449.77,-0.21,-0.96,1274831,597110432.0,0.95,1.06
2020-09-18,452.6,462.2,462.2,451.78,2.11,9.53,1123912,591807744.0,2.3,0.94
2020-09-21,461.81,461.98,464.94,459.84,-0.05,-0.22,908918,559918624.0,1.1,0.76
2020-09-22,459.4,455.98,460.57,455.24,-1.3,-6.0,765670,484971600.0,1.15,0.64
2020-09-23,456.28,461.69,462.63,455.12,1.25,5.71,1109252,638492816.0,1.65,0.93
2020-09-24,459.98,451.39,460.05,450.69,-2.23,-10.3,773952,466433376.0,2.03,0.65
2020-09-25,451.85,451.98,453.24,447.89,0.13,0.59,615378,388253088.0,1.19,0.51
2020-09-28,452.46,447.11,453.53,445.63,-1.08,-4.87,692438,422536352.0,1.75,0.58
2020-09-29,446.77,442.29,448.42,442.04,-1.08,-4.82,933346,512303600.0,1.43,0.78
2020-09-30,443.39,444.55,445.38,439.89,0.51,2.26,935871,501836608.0,1.24,0.78
2020-10-09,447.05,451.55,453.93,447.05,1.57,7.0,1109614,872985936.0,1.55,0.93
2020-10-12,452.29,458.95,458.95,450.85,1.64,7.4,1141002,998151648.0,1.79,0.95
2020-10-13,457.9,457.68,457.9,453.72,-0.28,-1.27,1084669,746080224.0,0.91,0.91
2020-10-14,457.42,451.01,457.45,448.28,-1.46,-6.67,954676,717891728.0,2.0,0.8
2020-10-15,450.82,448.91,450.84,444.92,-0.47,-2.1,884220,592418096.0,1.31,0.74
2020-10-16,447.03,449.13,450.23,445.66,0.05,0.22,782984,480626048.0,1.02,0.65
2020-10-19,448.71,446.1,450.02,443.79,-0.67,-3.03,660864,413921440.0,1.39,0.55
2020-10-20,445.45,444.69,445.8,441.45,-0.32,-1.41,748158,679725904.0,0.98,0.62
2020-10-21,444.49,440.51,444.77,436.77,-0.94,-4.18,662427,548824080.0,1.8,0.55
2020-10-22,441.04,435.79,441.04,434.23,-1.07,-4.72,788047,548541344.0,1.55,0.66
2020-10-23,435.89,437.23,438.18,433.6,0.33,1.44,948894,527352608.0,1.05,0.79
2020-10-26,436.56,437.34,439.4,431.66,0.03,0.11,925788,483750656.0,1.77,0.77
2020-10-27,437.01,441.2,441.79,436.54,0.88,3.86,922120,465911760.0,1.2,0.77
2020-10-28,441.52,442.64,442.67,438.74,0.33,1.44,806296,529815312.0,0.89,0.67
2020-10-29,440.15,440.91,441.97,437.31,-0.39,-1.73,789951,520282912.0,1.05,0.66
2020-10-30,440.0,432.66,440.0,431.0,-1.87,-8.25,993108,610115312.0,2.04,0.83
2020-11-02,432.74,433.61,434.31,429.43,0.22,0.95,991284,825970000.0,1.13,0.83
2020-11-03,434.21,443.2,443.2,433.18,2.21,9.59,922586,823279440.0,2.31,0.77
2020-11-04,443.29,445.06,445.22,440.22,0.42,1.86,960691,703643888.0,1.13,0.8
2020-11-05,446.31,450.6,451.37,446.31,1.24,5.54,913795,736050880.0,1.14,0.76
2020-11-06,452.83,451.17,452.83,447.38,0.13,0.57,782028,614370432.0,1.21,0.65
2020-11-09,450.68,449.98,452.17,448.49,-0.26,-1.19,901299,861804256.0,0.82,0.75
2020-11-10,448.71,442.51,448.71,441.15,-1.66,-7.47,1089201,1011165648.0,1.68,0.91
2020-11-11,442.49,439.53,445.08,438.78,-0.67,-2.98,986946,837221840.0,1.42,0.82
2020-11-12,439.31,441.32,443.15,438.85,0.41,1.79,810830,684536864.0,0.98,0.68
2020-11-13,440.82,440.19,440.82,437.02,-0.26,-1.13,645482,499474400.0,0.86,0.54
2020-11-16,441.71,449.25,449.74,440.57,2.06,9.06,816332,645618816.0,2.08,0.68
2020-11-17,449.16,447.8,450.3,445.08,-0.32,-1.45,931744,683605376.0,1.16,0.78
2020-11-18,447.33,449.62,450.07,446.23,0.41,1.82,726720,600517952.0,0.86,0.61
2020-11-19,448.02,451.34,451.34,445.87,0.38,1.72,708896,602963056.0,1.22,0.59
2020-11-20,450.4,454.24,454.57,447.66,0.64,2.9,647633,530464320.0,1.53,0.54
2020-11-23,453.88,455.41,456.83,452.23,0.26,1.17,730815,553258368.0,1.01,0.61
2020-11-24,454.65,457.14,457.14,450.97,0.38,1.73,667931,529967024.0,1.35,0.56
2020-11-25,455.58,448.48,456.76,448.19,-1.89,-8.66,578930,460408832.0,1.87,0.48
2020-11-26,448.43,448.37,449.71,444.28,-0.02,-0.11,772764,448870976.0,1.21,0.65
2020-11-27,448.34,449.61,450.22,446.4,0.28,1.24,559073,438504128.0,0.85,0.47
2020-11-30,449.07,445.91,449.07,444.67,-0.82,-3.7,603747,513341632.0,0.98,0.5
2020-12-01,446.04,449.77,449.93,443.9,0.87,3.86,578140,546396720.0,1.35,0.48
2020-12-02,450.16,451.8,452.86,448.88,0.45,2.03,759979,565513504.0,0.88,0.63
2020-12-03,451.56,449.09,451.77,448.22,-0.6,-2.71,758700,577478432.0,0.79,0.63
2020-12-04,448.1,447.96,448.89,446.29,-0.25,-1.13,519106,406144656.0,0.58,0.43
2020-12-07,448.54,450.23,451.97,448.54,0.51,2.27,695413,461365168.0,0.77,0.58
2020-12-08,451.25,449.33,453.7,448.55,-0.2,-0.9,896781,730385280.0,1.14,0.75
2020-12-09,448.41,442.1,448.76,441.51,-1.61,-7.23,792379,482977952.0,1.61,0.66
2020-12-10,441.23,439.2,442.42,437.76,-0.66,-2.9,658204,372070128.0,1.05,0.55
2020-12-11,439.04,434.02,440.39,429.93,-1.18,-5.18,674896,395219520.0,2.38,0.56
2020-12-14,432.21,433.0,433.14,429.9,-0.24,-1.02,550571,373571152.0,0.75,0.46
2020-12-15,429.57,432.05,433.02,425.46,-0.22,-0.95,777630,453002592.0,1.75,0.65
2020-12-16,431.36,436.27,439.22,431.25,0.98,4.22,979754,528446304.0,1.84,0.82
2020-12-17,435.75,432.73,435.75,425.35,-0.81,-3.54,1630774,775297536.0,2.38,1.36
2020-12-18,432.1,435.53,437.45,431.91,0.65,2.8,1707770,879380400.0,1.28,1.43
2020-12-21,434.32,429.87,435.6,429.14,-1.3,-5.66,1225315,672707200.0,1.48,1.02
2020-12-22,425.92,416.65,426.09,416.22,-3.08,-13.22,789734,579277456.0,2.3,0.66
2020-12-23,413.96,415.16,416.59,412.14,-0.36,-1.49,540736,453084496.0,1.07,0.45
2020-12-24,411.93,405.89,413.38,404.92,-2.23,-9.27,663456,479206000.0,2.04,0.55
2020-12-25,403.56,408.22,409.26,401.86,0.57,2.33,656402,366340112.0,1.82,0.55
2020-12-28,407.13,401.95,407.13,400.88,-1.54,-6.27,575356,355836000.0,1.53,0.48
2020-12-29,400.4,404.04,405.5,400.19,0.52,2.09,480752,370397920.0,1.32,0.4
2020-12-30,401.16,403.6,406.13,399.09,-0.11,-0.44,572706,463274512.0,1.74,0.48
2020-12-31,403.63,406.03,407.14,401.94,0.6,2.43,544860,437979504.0,1.29,0.45
2021-01-04,403.18,406.62,406.62,401.2,0.15,0.59,666154,575774336.0,1.33,0.56
2021-01-05,403.4,405.06,405.26,399.95,-0.38,-1.56,650328,598550624.0,1.31,0.54
2021-01-06,404.19,397.24,404.69,396.01,-1.93,-7.82,648255,532784736.0,2.14,0.54
2021-01-07,396.21,388.65,396.24,385.23,-2.16,-8.59,695863,635447568.0,2.77,0.58
2021-01-08,388.39,394.29,394.45,383.71,1.45,5.64,645118,627160768.0,2.76,0.54
2021-01-11,393.66,385.63,393.66,383.88,-2.2,-8.66,552748,566518912.0,2.48,0.46
2021-01-12,385.2,386.03,388.23,383.11,0.1,0.4,456279,385010128.0,1.33,0.38
2021-01-13,385.65,381.31,385.7,378.13,-1.22,-4.72,482828,471634208.0,1.96,0.4
2021-01-14,380.58,385.05,385.62,378.95,0.98,3.74,478273,450970976.0,1.75,0.4
2021-01-15,385.68,391.83,391.83,384.26,1.76,6.78,522136,481954192.0,1.97,0.44
2021-01-18,392.46,396.19,397.81,392.1,1.11,4.36,569994,618135424.0,1.46,0.48
2021-01-19,396.54,409.35,409.94,396.31,3.32,13.16,787228,754300592.0,3.44,0.66
2021-01-20,411.79,413.94,414.29,406.58,1.12,4.59,842018,785549152.0,1.88,0.7
2021-01-21,409.22,407.33,411.37,407.12,-1.6,-6.61,974786,966771888.0,1.03,0.81
2021-01-22,403.43,397.64,404.47,396.37,-2.38,-9.69,665016,689699728.0,1.99,0.56
2021-01-25,394.88,388.35,395.03,385.87,-2.34,-9.29,656246,766780432.0,2.3,0.55
2021-01-26,381.41,380.9,381.54,378.26,-1.92,-7.45,630571,582780176.0,0.84,0.53
2021-01-27,376.26,379.78,381.18,372.7,-0.29,-1.12,716512,519754768.0,2.23,0.6
2021-01-28,380.19,381.28,384.46,376.94,0.39,1.5,621456,671169920.0,1.98,0.52
2021-01-29,384.4,374.87,384.4,372.31,-1.68,-6.41,848836,637555520.0,3.17,0.71
2021-02-01,370.59,368.9,371.93,367.96,-1.59,-5.97,795846,711955872.0,1.06,0.66
2021-02-02,365.19,364.86,367.3,362.49,-1.1,-4.04,632913,711455312.0,1.3,0.53
2021-02-03,360.85,361.41,362.5,358.54,-0.95,-3.45,678114,595126736.0,1.09,0.57
2021-02-04,358.74,354.24,359.23,351.06,-1.98,-7.17,659739,608900352.0,2.26,0.55
2021-02-05,353.08,355.83,359.22,353.08,0.45,1.59,577250,549807504.0,1.73,0.48
2021-02-08,357.36,359.78,361.22,355.48,1.11,3.95,944650,773219632.0,1.61,0.79
2021-02-09,359.82,363.35,363.75,357.1,0.99,3.57,2599577,673878960.0,1.85,2.17
2021-02-10,364.65,366.48,368.03,363.23,0.86,3.13,1227294,589875680.0,1.32,1.02
2021-02-18,371.16,377.45,378.38,371.16,2.99,10.97,1272325,843688784.0,1.97,1.06
2021-02-19,380.03,386.64,386.64,378.33,2.43,9.19,980876,830912528.0,2.2,0.82
2021-02-22,389.91,395.96,400.64,388.53,2.41,9.32,1772393,1196156432.0,3.13,1.48
2021-02-23,397.94,395.31,398.48,392.67,-0.16,-0.65,1131167,1023656288.0,1.47,0.94
2021-02-24,397.27,397.51,404.12,394.12,0.56,2.2,1249920,1544013072.0,2.53,1.04
2021-02-25,402.04,398.11,402.69,395.77,0.15,0.6,923635,1317677216.0,1.74,0.77
2021-02-26,396.19,395.85,397.61,392.27,-0.57,-2.26,1693331,1162303920.0,1.34,1.41
2021-03-01,394.44,397.76,398.64,393.37,0.48,1.91,1433638,1352274352.0,1.33,1.2
2021-03-02,396.38,401.88,402.34,392.95,1.04,4.12,2115810,2878017856.0,2.36,1.77
2021-03-03,398.68,399.75,402.34,396.52,-0.53,-2.13,1808928,2396357584.0,1.45,1.51
2021-03-04,400.69,399.3,403.49,397.2,-0.11,-0.45,1985471,2352147936.0,1.57,1.66
2021-03-05,395.97,397.08,400.49,394.62,-0.56,-2.22,1703164,1757692848.0,1.47,1.42
2021-03-08,399.13,401.78,405.37,397.42,1.18,4.7,1863525,1819115328.0,2.0,1.56
2021-03-09,400.17,392.22,401.48,384.97,-2.38,-9.56,1930565,1947847808.0,4.11,1.61
2021-03-10,392.57,389.82,394.74,386.57,-0.61,-2.4,1941256,1617586768.0,2.08,1.62
2021-03-11,389.54,396.19,396.47,386.39,1.63,6.37,1058901,1446386320.0,2.59,0.88
2021-03-12,394.71,396.61,397.32,393.25,0.11,0.42,1047327,1388089056.0,1.03,0.87
2021-03-15,395.18,399.05,399.25,393.41,0.62,2.44,1074239,1492385056.0,1.47,0.9
2021-03-16,398.35,402.47,403.34,398.35,0.86,3.42,1069418,1266837696.0,1.25,0.89
2021-03-17,401.77,401.5,403.79,399.43,-0.24,-0.97,918058,1190495296.0,1.08,0.77
2021-03-18,400.73,405.04,405.94,399.87,0.88,3.54,1249520,1873490176.0,1.51,1.04
2021-03-19,401.92,408.11,410.18,400.42,0.76,3.07,1618947,2468795680.0,2.41,1.35
2021-03-22,406.98,415.13,416.74,406.06,1.72,7.02,1479062,2458611248.0,2.62,1.23
2021-03-23,416.23,412.64,418.71,410.38,-0.6,-2.49,1665850,3054988240.0,2.01,1.39
2021-03-24,408.5,411.9,414.72,408.47,-0.18,-0.74,1247628,2181800480.0,1.51,1.04
2021-03-25,413.33,406.7,414.84,405.62,-1.26,-5.2,1498693,2708349808.0,2.24,1.25
2021-03-26,405.54,409.6,410.81,405.18,0.71,2.9,1414540,1834354160.0,1.38,1.18
2021-03-29,409.4,411.09,412.52,407.76,0.36,1.49,1230482,1676083504.0,1.16,1.03
2021-03-30,410.81,404.97,410.81,403.64,-1.49,-6.12,1264635,1674044032.0,1.74,1.06
2021-03-31,404.88,414.24,415.6,403.68,2.29,9.27,1335275,1861417216.0,2.94,1.11
2021-04-01,418.28,409.53,418.28,408.68,-1.14,-4.71,1351514,1753460576.0,2.32,1.13
2021-04-02,409.36,413.15,413.75,405.85,0.88,3.62,1395351,2043859568.0,1.93,1.17
2021-04-06,412.93,418.1,419.61,412.19,1.2,4.95,1901378,2778248592.0,1.8,1.59
2021-04-07,415.81,418.0,418.53,414.5,-0.02,-0.1,1856109,2724789520.0,0.96,1.55
2021-04-08,415.8,411.35,415.81,410.49,-1.59,-6.65,1338019,2038875616.0,1.27,1.12
2021-04-09,411.46,412.0,414.78,411.12,0.16,0.65,1012501,1523603296.0,0.89,0.85
2021-04-12,409.79,405.59,409.99,404.9,-1.56,-6.41,1285634,1652371392.0,1.24,1.07
2021-04-13,405.62,399.68,406.42,399.17,-1.46,-5.91,1168451,1457146912.0,1.79,0.98
2021-04-14,399.57,406.26,406.85,399.57,1.65,6.58,1292191,1664389664.0,1.82,1.08
2021-04-15,402.72,403.22,404.28,400.73,-0.75,-3.04,1218095,1805671088.0,0.87,1.02
2021-04-16,403.84,411.57,412.5,403.52,2.07,8.35,1727560,2365940944.0,2.23,1.44
2021-04-19,409.87,412.37,413.01,408.58,0.19,0.8,1375464,1917924912.0,1.08,1.15
2021-04-20,411.16,411.6,414.89,409.96,-0.19,-0.77,1546932,2088058864.0,1.2,1.29
2021-04-21,410.14,409.5,411.72,407.96,-0.51,-2.1,1357587,1683545776.0,0.91,1.13
2021-04-22,412.08,410.39,414.41,409.54,0.22,0.89,1273410,1542051984.0,1.19,1.06
2021-04-23,410.5,401.04,410.5,399.92,-2.28,-9.35,1712405,1853660848.0,2.58,1.43
2021-04-26,400.06,397.97,402.41,397.36,-0.77,-3.07,1132619,1257884672.0,1.26,0.95
2021-04-27,397.71,393.45,397.75,391.94,-1.14,-4.52,1047962,1170948256.0,1.46,0.87
2021-04-28,390.49,398.89,400.17,389.99,1.38,5.44,1316590,1311337728.0,2.59,1.1
2021-04-29,398.03,405.02,406.0,398.03,1.54,6.13,1320257,1284152144.0,2.0,1.1
2021-04-30,403.18,400.3,404.49,398.56,-1.17,-4.72,1610506,1733290928.0,1.46,1.34
2021-05-06,399.26,408.33,409.12,399.26,2.01,8.03,2115480,1969416880.0,2.46,1.77
2021-05-07,409.55,412.12,418.85,409.28,0.93,3.79,2497011,2569986160.0,2.34,2.08
2021-05-10,414.11,412.54,417.55,410.69,0.1,0.42,2758240,2604854464.0,1.66,2.3
2021-05-11,408.74,408.97,412.05,402.0,-0.87,-3.57,2442296,2147505824.0,2.44,2.04
2021-05-12,406.12,413.34,413.65,405.16,1.07,4.37,1831272,1572906768.0,2.08,1.53
2021-05-13,411.33,411.69,417.55,410.23,-0.4,-1.65,1903896,1580331616.0,1.77,1.59
2021-05-14,411.96,412.05,414.69,408.8,0.09,0.36,1572749,1401280688.0,1.43,1.31
2021-05-17,411.63,406.42,412.39,405.33,-1.37,-5.63,1555988,1542733488.0,1.71,1.3
2021-05-18,409.12,419.59,421.05,409.12,3.24,13.17,1815401,2033212832.0,2.94,1.52
2021-05-19,418.52,414.29,418.52,413.39,-1.26,-5.3,1708503,1940805584.0,1.22,1.43
2021-05-20,414.59,415.25,416.65,412.18,0.23,0.96,2210678,2614732688.0,1.08,1.85
2021-05-21,415.11,415.23,416.83,413.12,0.0,-0.02,2009100,2468029856.0,0.89,1.68
2021-05-24,414.64,421.73,422.23,414.23,1.57,6.5,2057188,2595328656.0,1.93,1.72
2021-05-25,419.08,418.78,419.56,414.91,-0.7,-2.95,1771944,2201195648.0,1.1,1.48
2021-05-26,420.99,428.47,431.6,420.75,2.31,9.69,2539438,3351504976.0,2.59,2.12
2021-05-27,426.55,424.51,426.7,421.8,-0.92,-3.96,2011821,2495848000.0,1.14,1.68
2021-05-28,422.76,421.93,424.19,420.91,-0.61,-2.58,2016934,2326424432.0,0.77,1.68
2021-05-31,422.07,422.9,423.22,418.71,0.23,0.97,1853774,2300525488.0,1.07,1.55
2021-06-01,423.91,427.08,427.17,421.46,0.99,4.18,1853271,2305982128.0,1.35,1.55
2021-06-02,426.45,423.08,427.35,422.81,-0.94,-4.0,1892959,2163482752.0,1.06,1.58
2021-06-03,422.57,422.64,426.44,421.84,-0.1,-0.44,1401757,1650287904.0,1.09,1.17
2021-06-04,420.24,418.05,420.86,416.69,-1.09,-4.59,1294117,1514925040.0,0.99,1.08
2021-06-07,419.51,423.25,423.25,416.68,1.24,5.2,1597047,1822896960.0,1.57,1.33
2021-06-08,424.2,428.96,430.84,424.15,1.35,5.71,1765588,2040038608.0,1.58,1.47
2021-06-09,429.93,430.33,432.44,427.35,0.32,1.37,2131922,1683493952.0,1.19,1.78
2021-06-10,428.83,425.25,428.83,423.77,-1.18,-5.08,1791584,1647566752.0,1.18,1.5
2021-06-11,425.68,422.73,427.54,421.38,-0.59,-2.52,1474244,1333911328.0,1.45,1.23
2021-06-15,419.68,414.2,419.68,413.57,-2.02,-8.53,1254913,1206882352.0,1.45,1.05
2021-06-16,413.48,409.82,413.79,408.98,-1.06,-4.38,1102365,1144409792.0,1.16,0.92
2021-06-17,408.5,407.84,410.31,406.44,-0.48,-1.98,1058584,1140805760.0,0.94,0.88
2021-06-18,406.52,409.2,409.2,402.89,0.33,1.36,1077635,1142566976.0,1.55,0.9
2021-06-21,406.7,406.66,408.81,404.61,-0.62,-2.54,1063393,1146442624.0,1.03,0.89
2021-06-22,407.18,410.4,412.78,406.67,0.92,3.74,1160787,1110867840.0,1.5,0.97
2021-06-23,408.8,407.98,410.74,406.11,-0.59,-2.42,1100118,1022524192.0,1.13,0.92
2021-06-24,408.4,407.07,408.96,404.84,-0.22,-0.91,986294,922663680.0,1.01,0.82
2021-06-25,407.52,411.73,412.42,406.23,1.14,4.66,1144506,1138372992.0,1.52,0.96
2021-06-28,411.93,411.19,412.94,409.8,-0.13,-0.54,1013812,958619008.0,0.76,0.85
2021-06-29,411.62,410.2,412.29,409.66,-0.24,-0.99,1003935,1128121456.0,0.64,0.84
2021-06-30,410.21,410.4,411.32,408.62,0.05,0.2,833435,869580896.0,0.66,0.7
2021-07-01,410.93,408.0,411.99,407.72,-0.58,-2.4,876758,879193392.0,1.04,0.73
2021-07-02,411.35,412.47,414.68,410.18,1.1,4.47,989734,1005792368.0,1.1,0.83
2021-07-05,419.16,419.8,420.44,416.04,1.78,7.33,1602765,1304366128.0,1.07,1.34
2021-07-06,421.43,428.18,428.61,420.33,2.0,8.38,1451695,1233352896.0,1.97,1.21
2021-07-07,428.89,423.94,428.89,423.46,-0.99,-4.24,1262806,1034980272.0,1.27,1.05
2021-07-08,423.98,418.22,424.28,417.89,-1.35,-5.72,1404989,1287491072.0,1.51,1.17
2021-07-09,418.26,421.67,422.41,416.82,0.82,3.45,1272269,1162556592.0,1.34,1.06
2021-07-12,422.16,422.79,425.19,420.72,0.27,1.12,1362879,1146823216.0,1.06,1.14
2021-07-13,422.35,422.52,423.06,420.42,-0.06,-0.27,1040812,964029840.0,0.62,0.87
2021-07-14,421.77,420.18,422.67,419.47,-0.55,-2.34,995777,909986000.0,0.76,0.83
2021-07-15,423.18,424.8,425.01,421.07,1.1,4.62,1610848,1617505024.0,0.94,1.34
2021-07-16,423.95,420.62,425.25,420.09,-0.98,-4.18,1478471,1780546464.0,1.21,1.23
2021-07-19,419.31,417.64,419.7,413.6,-0.71,-2.98,1257171,1508021056.0,1.45,1.05
2021-07-20,415.33,421.74,422.27,414.75,0.98,4.1,1487432,1372302288.0,1.8,1.24
2021-07-21,421.13,421.47,424.59,420.72,-0.06,-0.27,1229135,1257525936.0,0.92,1.03
2021-07-22,421.52,420.66,421.85,419.11,-0.19,-0.81,1108348,1104371984.0,0.65,0.93
2021-07-23,420.48,414.08,420.48,412.01,-1.56,-6.58,982393,1019771264.0,2.01,0.82
2021-07-26,412.9,404.61,413.27,401.39,-2.29,-9.47,1096603,1082541392.0,2.87,0.92
2021-07-27,404.01,393.28,406.19,393.28,-2.8,-11.33,991540,984076352.0,3.19,0.83
2021-07-28,392.48,384.27,392.66,376.74,-2.29,-9.01,1047647,947231008.0,4.05,0.87
2021-07-29,385.42,390.59,391.56,385.36,1.64,6.32,988824,949912096.0,1.61,0.83
2021-07-30,390.14,390.27,390.27,385.97,-0.08,-0.32,942502,962484560.0,1.1,0.79
2021-08-02,389.81,396.2,396.56,385.48,1.52,5.93,1190588,1155880432.0,2.84,0.99
2021-08-03,394.48,396.62,399.43,394.48,0.11,0.42,942295,918008624.0,1.25,0.79
2021-08-04,397.07,396.62,398.06,395.34,0.0,0.0,903892,956781168.0,0.69,0.75
2021-08-05,396.16,392.82,396.33,392.0,-0.96,-3.8,794137,760735824.0,1.09,0.66
2021-08-06,393.99,394.31,395.16,392.4,0.38,1.49,834354,750573216.0,0.7,0.7
2021-08-09,391.08,396.53,396.85,390.06,0.56,2.22,951522,867557120.0,1.72,0.79
2021-08-10,396.02,399.69,399.72,395.22,0.8,3.16,838520,824563200.0,1.13,0.7
2021-08-11,398.07,399.57,400.05,397.81,-0.03,-0.12,752037,733913808.0,0.56,0.63
2021-08-12,399.04,401.23,403.31,398.74,0.42,1.66,896247,971292000.0,1.14,0.75
2021-08-13,400.6,398.61,401.07,397.14,-0.65,-2.62,824025,803194864.0,0.98,0.69
2021-08-16,399.99,402.76,404.43,399.57,1.04,4.15,1132037,1210911536.0,1.22,0.95
2021-08-17,402.38,397.8,404.07,396.94,-1.23,-4.96,1542743,1606337744.0,1.77,1.29
2021-08-18,397.63,397.22,397.64,393.07,-0.15,-0.58,1017526,1016024272.0,1.15,0.85
2021-08-19,395.65,395.59,397.0,394.35,-0.41,-1.63,965534,932696096.0,0.67,0.81
2021-08-20,396.15,391.55,396.35,388.93,-1.02,-4.04,823273,812865184.0,1.88,0.69
2021-08-23,389.77,397.66,398.47,389.77,1.56,6.11,967156,962484224.0,2.22,0.81
2021-08-24,398.26,398.49,399.94,397.3,0.21,0.83,894733,856140480.0,0.66,0.75
2021-08-25,398.08,399.8,400.66,396.03,0.33,1.31,879874,828667456.0,1.16,0.73
2021-08-26,399.62,398.43,401.2,397.34,-0.34,-1.37,905105,772763888.0,0.97,0.76
2021-08-27,398.32,399.08,399.71,396.93,0.16,0.65,803064,708890304.0,0.7,0.67
2021-08-30,398.85,394.65,399.61,393.2,-1.11,-4.43,1005187,848707072.0,1.61,0.84
2021-08-31,394.41,393.84,396.45,390.79,-0.21,-0.81,1003042,895063968.0,1.43,0.84
2021-09-01,393.37,399.3,399.42,392.93,1.39,5.46,1236034,1066806592.0,1.65,1.03
2021-09-02,398.64,397.81,398.64,395.8,-0.37,-1.49,1178369,887861824.0,0.71,0.98
2021-09-03,398.37,402.59,403.23,396.97,1.2,4.78,1350361,1242201872.0,1.57,1.13
2021-09-06,403.25,406.92,407.14,402.45,1.08,4.33,1267595,1156744112.0,1.16,1.06
2021-09-07,405.6,407.71,408.1,404.09,0.19,0.79,1266308,1062956656.0,0.99,1.06
2021-09-08,405.99,412.45,412.99,405.18,1.16,4.74,1554803,1068245472.0,1.92,1.3
2021-09-09,411.34,417.45,419.28,410.21,1.21,5.0,1698596,1575460992.0,2.2,1.42
2021-09-10,419.71,423.31,430.0,419.61,1.4,5.86,1876434,1903731888.0,2.49,1.57
2021-09-13,425.41,429.73,429.84,422.67,1.52,6.42,1686587,1666467168.0,1.69,1.41
2021-09-14,430.48,417.47,430.48,417.22,-2.85,-12.26,1829110,2165017840.0,3.09,1.53
2021-09-15,414.44,415.9,417.73,413.91,-0.38,-1.57,1474516,1357398016.0,0.92,1.23
2021-09-16,415.36,410.52,417.52,409.88,-1.29,-5.38,1264165,1152856768.0,1.84,1.06
2021-09-17,409.1,408.2,410.65,403.2,-0.57,-2.32,1252646,991811600.0,1.81,1.05
2021-09-22,404.17,408.79,408.8,403.68,0.14,0.59,1221245,874214608.0,1.25,1.02
2021-09-23,408.84,410.65,412.12,408.51,0.46,1.86,1346099,1031939776.0,0.88,1.12
2021-09-24,410.16,402.07,410.23,401.35,-2.09,-8.58,1120940,900433648.0,2.16,0.94
2021-09-27,402.0,391.51,402.84,388.74,-2.63,-10.56,1256988,1001090384.0,3.51,1.05
2021-09-28,391.32,392.94,395.24,388.07,0.37,1.43,960700,725520896.0,1.83,0.8
2021-09-29,391.7,388.94,395.26,388.77,-1.02,-4.0,880736,798085216.0,1.65,0.74
2021-09-30,389.89,395.24,395.69,389.89,1.62,6.3,805396,727483136.0,1.49,0.67
2021-10-08,398.01,406.47,406.8,398.01,2.84,11.23,1105685,914646448.0,2.22,0.92
2021-10-11,407.58,410.17,411.41,404.65,0.91,3.7,1203753,1108323472.0,1.66,1.01
2021-10-12,410.99,411.52,412.49,407.19,0.33,1.35,1282567,1163830976.0,1.29,1.07
2021-10-13,411.75,411.46,412.12,405.96,-0.01,-0.06,1198211,1125782864.0,1.5,1.0
2021-10-14,413.97,423.39,424.24,413.38,2.9,11.93,1939120,2115153488.0,2.64,1.62
2021-10-15,418.94,412.15,419.88,412.14,-2.65,-11.24,1721001,1857799744.0,1.83,1.44
2021-10-18,410.32,408.91,410.33,404.91,-0.79,-3.24,1292912,1255313984.0,1.32,1.08
2021-10-19,408.43,406.91,408.43,404.32,-0.49,-2.0,1070990,872024880.0,1.01,0.89
2021-10-20,406.23,402.59,406.36,400.46,-1.06,-4.32,1125689,874252816.0,1.45,0.94
2021-10-21,402.39,401.44,404.16,400.48,-0.29,-1.15,1074784,946916928.0,0.91,0.9
2021-10-22,400.23,396.83,400.67,395.64,-1.15,-4.61,959115,843112000.0,1.25,0.8
2021-10-25,396.08,394.2,396.21,392.36,-0.66,-2.63,872514,731733680.0,0.97,0.73
2021-10-26,394.38,392.83,395.93,391.92,-0.35,-1.37,1025592,738364992.0,1.02,0.86
2021-10-27,393.0,382.81,393.0,381.8,-2.55,-10.02,1252356,928007280.0,2.85,1.05
2021-10-28,382.0,379.02,382.0,376.11,-0.99,-3.79,961715,684403840.0,1.54,0.8
2021-10-29,378.92,379.08,381.81,376.12,0.02,0.06,1032320,850044384.0,1.5,0.86
2021-11-01,377.9,378.84,380.6,374.34,-0.06,-0.24,885600,810287024.0,1.65,0.74
2021-11-02,379.23,376.53,379.99,369.82,-0.61,-2.31,1103826,1059267888.0,2.68,0.92
2021-11-03,373.82,374.67,375.72,373.02,-0.49,-1.86,824997,622566512.0,0.72,0.69
2021-11-04,374.49,376.35,376.69,373.14,0.45,1.68,941313,638446432.0,0.95,0.79
2021-11-05,376.7,376.96,378.1,376.12,0.16,0.61,829674,633858640.0,0.53,0.69
2021-11-08,380.07,381.12,382.16,379.48,1.1,4.16,859130,601691088.0,0.71,0.72
2021-11-09,382.75,381.53,383.3,380.45,0.11,0.41,935721,744254208.0,0.75,0.78
2021-11-10,381.09,382.9,383.39,379.71,0.36,1.37,1129179,967576672.0,0.96,0.94
2021-11-11,383.74,392.08,392.42,383.32,2.4,9.18,1328460,1124394032.0,2.38,1.11
2021-11-12,392.38,393.65,394.34,389.3,0.4,1.57,1402139,1145127216.0,1.29,1.17
2021-11-15,393.26,399.73,400.18,392.9,1.54,6.08,1552878,1267640688.0,1.85,1.3
2021-11-16,398.43,400.83,404.42,398.43,0.28,1.1,1437669,1193329376.0,1.5,1.2
2021-11-17,399.18,403.6,403.8,398.86,0.69,2.77,1297697,928970672.0,1.23,1.08
2021-11-18,405.23,405.89,407.66,403.22,0.57,2.29,1592443,1257342384.0,1.1,1.33
2021-11-19,406.54,407.09,408.05,404.02,0.3,1.2,1025551,902773488.0,0.99,0.86
2021-11-22,407.59,412.83,414.07,407.25,1.41,5.74,1059489,980751824.0,1.68,0.88
2021-11-23,413.28,417.78,417.95,410.77,1.2,4.95,1655529,1182360176.0,1.74,1.38
2021-11-24,416.7,424.44,424.85,414.76,1.59,6.66,1434907,1420806656.0,2.42,1.2
2021-11-25,423.22,422.16,424.95,421.74,-0.54,-2.28,1358285,1171596512.0,0.76,1.13
2021-11-26,422.57,428.93,431.04,421.61,1.6,6.77,1491176,1389100288.0,2.23,1.25
2021-11-29,425.22,423.46,425.28,420.79,-1.28,-5.47,1756301,1468979440.0,1.05,1.47
2021-11-30,424.56,427.33,431.36,424.26,0.91,3.87,1594518,1510379264.0,1.68,1.33
2021-12-01,428.87,430.33,431.02,426.03,0.7,3.0,1708414,1379515104.0,1.17,1.43
2021-12-02,430.64,428.1,432.06,427.67,-0.52,-2.23,1645764,1261056224.0,1.02,1.37
2021-12-03,429.61,427.36,430.29,425.96,-0.17,-0.74,1108891,834410464.0,1.01,0.93
2021-12-06,427.79,420.91,428.03,419.99,-1.51,-6.45,1377237,1095077056.0,1.88,1.15
2021-12-07,423.79,426.66,426.66,422.52,1.37,5.75,1256618,937597008.0,0.98,1.05
2021-12-08,430.13,425.31,430.21,423.86,-0.32,-1.35,1608937,1138061680.0,1.49,1.34
2021-12-09,423.71,425.77,426.05,421.89,0.11,0.46,1550270,1346864192.0,0.98,1.29
2021-12-10,425.11,424.35,426.61,423.04,-0.33,-1.42,1569398,1327191936.0,0.84,1.31
2021-12-13,423.66,419.57,424.25,418.71,-1.13,-4.78,1490533,1254390448.0,1.31,1.24
2021-12-14,419.86,419.88,420.19,417.83,0.07,0.31,1104981,949225776.0,0.56,0.92
2021-12-15,419.83,422.47,424.37,418.45,0.62,2.59,1518290,1230480224.0,1.41,1.27
2021-12-16,422.26,422.13,423.04,419.1,-0.08,-0.34,1516203,1075206528.0,0.93,1.27
2021-12-17,423.3,419.07,424.03,418.34,-0.72,-3.06,1574235,1360054560.0,1.35,1.31
2021-12-20,417.44,417.54,420.39,416.51,-0.37,-1.53,1691579,1317640128.0,0.93,1.41
2021-12-21,416.38,427.65,428.52,416.38,2.42,10.11,1829027,1296718080.0,2.91,1.53
2021-12-22,427.85,423.14,429.18,422.59,-1.05,-4.51,1714144,2133631984.0,1.54,1.43
2021-12-23,423.08,416.21,423.08,415.73,-1.64,-6.93,1319203,1491155168.0,1.74,1.1
2021-12-24,416.43,410.95,416.74,407.96,-1.26,-5.26,1510972,1811594496.0,2.11,1.26
2021-12-27,412.22,417.98,418.46,412.13,1.71,7.03,1432216,1525349984.0,1.54,1.2
2021-12-28,418.9,417.62,421.02,417.04,-0.09,-0.36,1491112,1352371040.0,0.95,1.24
2021-12-29,417.71,416.5,418.49,413.2,-0.27,-1.12,2011247,1667890736.0,1.27,1.68
2021-12-30,418.09,423.49,424.07,417.73,1.68,6.99,2015509,2131531936.0,1.52,1.68
2021-12-31,427.22,427.72,428.54,422.95,1.0,4.23,2218145,2101060816.0,1.32,1.85
2022-01-04,429.22,436.22,438.83,427.98,1.99,8.5,2518301,2334892208.0,2.54,2.1
2022-01-05,435.58,443.47,443.65,434.74,1.66,7.25,3700852,3037295296.0,2.04,3.09
2022-01-06,442.59,443.7,444.91,439.7,0.05,0.23,3830980,2941712304.0,1.17,3.2
2022-01-07,440.71,435.45,443.52,435.28,-1.86,-8.25,2709164,2313740160.0,1.86,2.26
2022-01-10,435.49,437.69,439.28,431.75,0.51,2.24,1825504,2092236720.0,1.73,1.52
2022-01-11,439.4,440.48,443.08,439.05,0.64,2.79,2443510,1902287024.0,0.92,2.04
2022-01-12,440.37,440.89,442.64,436.23,0.09,0.41,2322132,1805167712.0,1.46,1.94
2022-01-13,440.4,440.11,443.5,438.03,-0.18,-0.78,2481554,1723999872.0,1.24,2.07
2022-01-14,438.44,432.1,439.4,431.86,-1.82,-8.01,1852587,1854269472.0,1.71,1.55
2022-01-17,430.54,430.76,431.43,427.03,-0.31,-1.34,1793254,1406330352.0,1.02,1.5
2022-01-18,430.83,424.19,431.55,423.56,-1.53,-6.57,1870235,1412424864.0,1.85,1.56
2022-01-19,423.29,425.56,427.41,422.44,0.32,1.37,1488617,1202559504.0,1.17,1.24
2022-01-20,426.81,418.84,428.43,418.29,-1.58,-6.72,1510763,1359250128.0,2.38,1.26
2022-01-21,417.48,416.07,420.2,413.43,-0.66,-2.77,1445835,1280080528.0,1.62,1.21
2022-01-24,416.14,412.97,416.86,412.19,-0.75,-3.1,1418902,1056326688.0,1.12,1.18
2022-01-25,411.97,408.35,418.67,407.59,-1.12,-4.62,1979751,1818912080.0,2.68,1.65
2022-01-26,408.24,409.57,410.6,406.01,0.3,1.22,1764922,1338092176.0,1.12,1.47
2022-01-27,406.21,393.35,407.34,393.15,-3.96,-16.22,1909923,1298879920.0,3.46,1.59
2022-01-28,393.28,399.52,402.04,391.86,1.57,6.17,1793192,1115580640.0,2.59,1.5
2022-02-07,403.12,407.82,408.56,401.0,2.08,8.3,1873750,1695225232.0,1.89,1.56
2022-02-08,407.84,414.74,417.67,407.71,1.7,6.92,1844149,2043703104.0,2.44,1.54
2022-02-09,417.8,421.17,421.5,417.01,1.55,6.43,2567180,2301589824.0,1.08,2.14
2022-02-10,421.82,422.21,424.54,419.31,0.25,1.04,2774474,2502815952.0,1.24,2.32
2022-02-11,420.86,414.95,422.02,414.95,-1.72,-7.26,2796176,2269003888.0,1.67,2.33
2022-02-14,418.41,423.15,425.05,418.25,1.98,8.2,2522310,2388462112.0,1.64,2.11
2022-02-15,423.36,429.54,433.64,423.36,1.51,6.39,2432485,2444191040.0,2.43,2.03
2022-02-16,423.24,426.0,426.84,420.29,-0.82,-3.54,2866257,2297631552.0,1.52,2.39
2022-02-17,424.6,433.5,434.09,421.96,1.76,7.5,3202922,2704160400.0,2.85,2.67
2022-02-18,430.19,427.55,430.2,425.43,-1.37,-5.95,2402886,2038232352.0,1.1,2.01
2022-02-21,426.4,432.89,433.14,425.77,1.25,5.34,2208455,1998446416.0,1.72,1.84
2022-02-22,435.7,434.5,437.66,430.98,0.37,1.61,3005106,2904050192.0,1.54,2.51
2022-02-23,430.51,432.83,433.17,426.81,-0.38,-1.67,2401368,2578679472.0,1.46,2.0
2022-02-24,434.22,436.16,444.5,431.19,0.77,3.33,3937168,4219284048.0,3.08,3.29
2022-02-25,429.94,430.74,435.18,429.94,-1.24,-5.42,2657139,2718138272.0,1.2,2.22
2022-02-28,431.04,429.18,432.61,427.25,-0.36,-1.56,2398659,2371145776.0,1.24,2.0
2022-03-01,427.57,430.12,430.56,424.59,0.22,0.94,1929927,1877405120.0,1.39,1.61
2022-03-02,432.58,431.8,433.08,430.71,0.39,1.68,1688968,1803416512.0,0.55,1.41
2022-03-03,431.49,433.26,435.6,431.3,0.34,1.46,1634203,1867964176.0,1.0,1.36
2022-03-04,433.55,426.15,433.61,425.55,-1.64,-7.11,1583031,1604100256.0,1.86,1.32
2022-03-07,428.55,426.88,434.34,426.19,0.17,0.73,1956617,2064904848.0,1.91,1.63
2022-03-08,426.69,418.92,428.76,415.08,-1.86,-7.96,1991874,1902228992.0,3.2,1.66
2022-03-09,419.13,413.12,419.81,399.25,-1.38,-5.8,2337272,2115560928.0,4.91,1.95
2022-03-10,411.16,412.13,416.52,410.87,-0.24,-0.99,1676594,1610723712.0,1.37,1.4
2022-03-11,408.64,410.15,410.81,399.79,-0.48,-1.98,1587969,1466457056.0,2.67,1.33
2022-03-14,408.13,405.95,412.34,405.82,-1.02,-4.2,1880838,1929690352.0,1.59,1.57
2022-03-15,403.71,383.25,403.71,383.25,-5.59,-22.7,2413924,2361378912.0,5.04,2.02
2022-03-16,387.43,393.92,395.02,380.5,2.78,10.67,2025507,2043192688.0,3.79,1.69
2022-03-17,395.86,398.07,403.87,394.96,1.05,4.15,2205830,2169357568.0,2.26,1.84
2022-03-18,396.38,402.05,402.73,395.57,1.0,3.98,1412107,1260979744.0,1.8,1.18
2022-03-21,401.15,405.71,405.71,401.13,0.91,3.66,1677894,1435293904.0,1.14,1.4
2022-03-22,404.75,407.25,409.57,403.53,0.38,1.54,1542387,1492712960.0,1.49,1.29
2022-03-23,406.15,404.72,407.1,403.36,-0.62,-2.53,1727086,1469891104.0,0.92,1.44
2022-03-24,403.18,402.71,405.35,401.21,-0.5,-2.01,1818727,1602835152.0,1.02,1.52
2022-03-25,403.96,402.36,409.32,402.23,-0.09,-0.35,1599063,1509010896.0,1.76,1.34
2022-03-28,400.74,400.11,403.98,396.46,-0.56,-2.25,1391732,1171050560.0,1.87,1.16
2022-03-29,399.42,397.7,400.17,395.06,-0.6,-2.41,1229651,925265376.0,1.28,1.03
2022-03-30,397.89,399.38,399.93,394.59,0.42,1.68,1152035,911071968.0,1.34,0.96
2022-03-31,399.63,400.36,403.14,397.72,0.25,0.98,1083606,883994528.0,1.36,0.9
2022-04-01,399.64,402.12,402.47,397.59,0.44,1.76,1234152,1133343968.0,1.22,1.03
2022-04-06,401.47,411.47,412.05,401.01,2.33,9.35,1673120,1420491552.0,2.75,1.4
2022-04-07,412.22,408.14,413.79,407.69,-0.81,-3.33,1467246,1410139120.0,1.48,1.23
2022-04-08,408.04,405.87,409.41,403.33,-0.56,-2.27,1588585,1752216464.0,1.49,1.33
2022-04-11,404.37,396.46,405.63,395.53,-2.32,-9.41,1501813,1550983856.0,2.49,1.25
2022-04-12,395.47,403.14,403.47,392.79,1.68,6.68,1543715,1428743600.0,2.69,1.29
2022-04-13,401.15,396.41,402.01,395.9,-1.67,-6.73,1380327,1162995632.0,1.52,1.15
2022-04-14,396.36,399.45,399.91,393.81,0.77,3.04,1305438,1075867536.0,1.54,1.09
2022-04-15,397.42,391.06,397.61,389.62,-2.1,-8.39,1263552,1052756576.0,2.0,1.05
2022-04-18,390.01,393.37,393.96,385.97,0.59,2.31,925755,786419120.0,2.04,0.77
2022-04-19,392.82,397.69,397.88,391.5,1.1,4.32,1056767,890562480.0,1.62,0.88
2022-04-20,396.58,397.32,402.01,394.78,-0.09,-0.37,1217833,1032656880.0,1.82,1.02
2022-04-21,397.51,383.62,397.51,382.88,-3.45,-13.7,1384598,1057642528.0,3.68,1.16
2022-04-22,380.34,382.37,384.52,376.35,-0.33,-1.25,1204938,1210346224.0,2.13,1.01
2022-04-25,377.13,355.5,377.13,355.31,-7.03,-26.87,1633875,1371627040.0,5.71,1.36
2022-04-26,354.63,343.77,356.73,342.42,-3.3,-11.73,1374795,1125621600.0,4.03,1.15
2022-04-27,340.25,348.49,348.49,333.42,1.37,4.72,1305781,1009303920.0,4.38,1.09
2022-04-28,346.33,340.78,349.22,337.15,-2.21,-7.71,1052930,841905600.0,3.46,0.88
2022-04-29,343.17,358.15,359.31,343.17,5.1,17.37,1253250,1061181056.0,4.74,1.05
2022-05-05,357.23,361.93,363.3,355.44,1.06,3.78,1163108,998959456.0,2.19,0.97
2022-05-06,355.88,356.03,358.01,352.67,-1.63,-5.9,931269,760765792.0,1.48,0.78
2022-05-09,353.68,361.87,362.11,352.6,1.64,5.84,948057,733674448.0,2.67,0.79
2022-05-10,357.21,361.2,361.47,355.34,-0.19,-0.67,1167132,792169344.0,1.69,0.97
2022-05-11,360.66,358.76,364.77,358.39,-0.68,-2.44,1297347,968675680.0,1.77,1.08
2022-05-12,357.56,365.76,366.54,356.69,1.95,7.0,1176491,870964368.0,2.75,0.98
2022-05-13,369.22,367.33,370.01,362.74,0.43,1.57,1509211,985270816.0,1.99,1.26
2022-05-16,367.69,368.85,370.08,366.52,0.41,1.52,1176823,876415872.0,0.97,0.98
2022-05-17,368.91,368.17,369.74,365.26,-0.18,-0.68,967229,755186624.0,1.21,0.81
2022-05-18,367.73,369.68,373.01,366.56,0.41,1.51,917943,718880432.0,1.75,0.77
2022-05-19,365.37,369.3,369.52,364.16,-0.1,-0.38,1053514,761345232.0,1.45,0.88
2022-05-20,370.66,376.64,377.0,370.66,1.99,7.34,1149003,870732336.0,1.72,0.96
2022-05-23,376.04,379.48,380.02,374.43,0.75,2.84,1086875,785656656.0,1.48,0.91
2022-05-24,379.39,363.93,380.38,363.8,-4.1,-15.55,1297193,973645792.0,4.37,1.08
2022-05-25,363.3,371.98,371.98,363.3,2.21,8.05,1032758,790437440.0,2.39,0.86
2022-05-26,372.31,374.45,375.46,368.54,0.66,2.47,1007964,771291536.0,1.86,0.84
2022-05-27,377.73,375.34,379.33,373.43,0.24,0.89,1427781,909624880.0,1.58,1.19
2022-05-30,377.73,383.42,383.95,377.73,2.15,8.08,1264402,1093535904.0,1.66,1.06
2022-05-31,384.18,385.93,386.58,380.37,0.65,2.51,1332470,1277906448.0,1.62,1.11
2022-06-01,384.81,387.81,390.22,384.25,0.49,1.88,1212365,1250249136.0,1.55,1.01
2022-06-02,387.44,386.98,388.0,384.79,-0.21,-0.83,1093390,961692944.0,0.83,0.91
2022-06-06,385.63,386.59,388.19,384.2,-0.1,-0.39,1539073,1115410576.0,1.03,1.29
2022-06-07,386.51,385.78,387.04,382.7,-0.21,-0.81,1262381,991557408.0,1.12,1.05
2022-06-08,385.44,384.07,385.61,378.48,-0.44,-1.71,1127864,974295872.0,1.85,0.94
2022-06-09,383.9,381.43,383.9,377.44,-0.69,-2.64,1195191,992804480.0,1.68,1.0
2022-06-10,379.36,385.97,385.97,378.1,1.19,4.54,1038801,909728784.0,2.06,0.87
2022-06-13,385.73,386.99,389.34,384.08,0.26,1.02,1701295,1288461872.0,1.36,1.42
2022-06-14,383.73,384.92,384.92,377.69,-0.53,-2.07,1788607,1210807440.0,1.87,1.49
2022-06-15,384.89,390.24,391.89,384.61,1.38,5.32,1738919,1482302400.0,1.89,1.45
2022-06-16,389.63,395.05,396.54,389.34,1.23,4.81,1650544,1688247824.0,1.85,1.38
2022-06-17,395.75,396.83,398.03,394.01,0.45,1.78,1679169,1579174439.0,1.02,1.4
2022-06-20,395.9,397.66,397.71,394.38,0.21,0.83,1397464,1252177862.0,0.84,1.17
2022-06-21,399.63,397.87,401.5,394.92,0.05,0.21,1178552,1055994197.0,1.65,0.98
2022-06-22,400.58,392.52,400.63,392.39,-1.34,-5.35,1215525,902594146.0,2.07,1.01
2022-06-23,394.22,394.55,395.93,388.75,0.52,2.03,1518352,1505075789.0,1.83,1.27
2022-06-24,393.65,396.67,397.78,392.31,0.54,2.12,1362879,1288819576.0,1.39,1.14
2022-06-27,396.87,401.77,402.03,396.86,1.29,5.1,1360729,1388096326.0,1.3,1.14
2022-06-28,401.07,403.06,403.34,399.76,0.32,1.29,1201429,1246075280.0,0.89,1.0
2022-06-29,402.64,404.19,406.67,401.45,0.28,1.13,1954462,1773276200.0,1.3,1.63
2022-06-30,404.95,413.59,414.98,404.87,2.33,9.4,2499914,2080121743.0,2.5,2.09
2022-07-01,413.1,414.12,415.73,411.5,0.13,0.53,2061900,1798281267.0,1.02,1.72
2022-07-04,413.13,413.13,413.74,410.21,-0.24,-0.99,1205983,1146950968.0,0.85,1.01
2022-07-05,415.47,411.31,417.86,408.06,-0.44,-1.82,1328057,1409759793.0,2.37,1.11
2022-07-06,412.08,405.62,412.14,403.69,-1.38,-5.69,2245709,1581165708.0,2.05,1.87
2022-07-07,405.95,405.18,407.17,402.44,-0.11,-0.44,1591759,1245137318.0,1.17,1.33
2022-07-08,405.25,405.6,408.46,403.75,0.1,0.42,1566602,1452869665.0,1.16,1.31
2022-07-11,405.53,400.63,405.53,398.46,-1.23,-4.97,1262055,1092102216.0,1.74,1.05
2022-07-12,400.06,395.1,400.33,395.1,-1.38,-5.53,1332207,1003027513.0,1.31,1.11
2022-07-13,395.72,400.37,400.51,395.46,1.33,5.27,1189391,899473214.0,1.28,0.99
2022-07-14,400.57,400.1,402.4,398.79,-0.07,-0.27,1591586,1342373602.0,0.9,1.33
2022-07-15,397.96,389.76,397.96,389.73,-2.58,-10.34,1521556,1209868504.0,2.06,1.27
2022-07-18,389.94,396.69,397.3,389.82,1.78,6.93,1208329,992499315.0,1.92,1.01
2022-07-19,396.8,400.26,400.4,396.32,0.9,3.57,1193168,917444444.0,1.03,1.0
2022-07-20,400.86,402.29,402.29,400.06,0.51,2.03,1388725,1242721316.0,0.56,1.16
2022-07-21,401.52,401.26,404.23,399.81,-0.26,-1.03,1459091,1059671013.0,1.1,1.22
2022-07-22,400.56,397.83,402.01,395.6,-0.85,-3.43,1197317,932741575.0,1.6,1.0
2022-07-25,397.42,398.42,400.72,396.35,0.15,0.59,1748533,1457028134.0,1.1,1.46
2022-07-26,398.14,403.65,403.75,396.18,1.31,5.23,2143216,1713629549.0,1.9,1.79
2022-07-27,402.69,403.77,404.64,400.82,0.03,0.12,2165020,1933072011.0,0.95,1.81
2022-07-28,405.82,404.85,407.65,404.74,0.27,1.08,1597043,1608536756.0,0.72,1.33
2022-07-29,406.74,403.38,406.76,402.48,-0.36,-1.47,1170224,1175037404.0,1.06,0.98
2022-08-01,404.6,403.17,405.17,401.73,-0.05,-0.21,1247619,1156675291.0,0.85,1.04
2022-08-02,403.43,391.59,403.43,387.62,-2.87,-11.58,2696007,1619756119.0,3.92,2.25
2022-08-03,388.98,390.91,396.45,388.98,-0.17,-0.68,2019041,1469541074.0,1.91,1.69
2022-08-04,393.15,394.1,394.28,388.56,0.82,3.19,1456151,1040352694.0,1.46,1.22
2022-08-05,394.5,399.49,400.0,393.97,1.37,5.39,1416155,1160801273.0,1.53,1.18
2022-08-08,398.61,406.03,406.03,398.42,1.64,6.54,1298937,1159349440.0,1.9,1.08
2022-08-09,405.77,408.72,409.12,404.51,0.66,2.69,1485952,1283866398.0,1.14,1.24
2022-08-10,408.57,416.93,417.36,408.36,2.01,8.21,2190842,2007349129.0,2.2,1.83
2022-08-11,415.62,417.69,418.68,415.48,0.18,0.76,2102760,1996753521.0,0.77,1.76
2022-08-12,416.37,421.6,423.01,414.99,0.94,3.91,2032222,1668261112.0,1.92,1.7
2022-08-15,421.68,419.93,423.76,417.62,-0.4,-1.67,1938563,1663762107.0,1.46,1.62
2022-08-16,418.68,416.5,419.82,415.75,-0.82,-3.43,1701314,1443841441.0,0.97,1.42
2022-08-17,419.56,420.04,420.98,417.93,0.85,3.54,1935786,1731438326.0,0.73,1.62
2022-08-18,419.94,418.85,420.05,417.54,-0.28,-1.19,2611597,1940276931.0,0.6,2.18
2022-08-19,419.21,415.98,421.41,415.5,-0.69,-2.87,1946065,1752505364.0,1.41,1.62
2022-08-22,415.94,418.59,418.59,412.34,0.63,2.61,1818109,1613159981.0,1.5,1.52
2022-08-23,418.46,421.12,421.12,415.87,0.6,2.53,1703608,1314793513.0,1.25,1.42
2022-08-24,420.55,410.5,420.9,409.77,-2.52,-10.62,1761066,1425817157.0,2.64,1.47
2022-08-25,411.18,411.91,413.69,406.38,0.34,1.41,1487428,1163509383.0,1.78,1.24
2022-08-26,410.79,410.96,414.78,409.79,-0.23,-0.95,1338643,1041348503.0,1.21,1.12
2022-08-29,408.75,411.83,411.94,406.54,0.21,0.87,1070449,1072100416.0,1.31,0.89
2022-08-30,413.0,410.56,416.31,407.92,-0.31,-1.27,1582825,1053473955.0,2.04,1.32
2022-08-31,409.93,400.45,410.61,399.35,-2.46,-10.11,1455031,1334506140.0,2.74,1.21
2022-09-01,401.04,399.54,403.69,398.53,-0.23,-0.91,1091385,983425698.0,1.29,0.91
2022-09-02,400.03,402.74,403.07,399.94,0.8,3.2,950618,874791686.0,0.78,0.79
2022-09-05,403.51,406.55,406.57,402.16,0.95,3.81,1364107,1103974697.0,1.1,1.14
2022-09-06,408.31,408.77,409.16,406.47,0.55,2.22,1260734,1125481638.0,0.66,1.05
2022-09-07,408.6,405.03,408.6,404.47,-0.91,-3.74,1495796,1197749264.0,1.01,1.25
2022-09-08,405.05,406.35,406.75,401.32,0.33,1.32,1478890,1401091353.0,1.34,1.23
2022-09-09,405.64,401.1,405.64,400.06,-1.29,-5.25,1338826,1338832804.0,1.37,1.12
2022-09-13,400.5,400.1,403.76,399.2,-0.25,-1.0,1773675,1514209885.0,1.14,1.48
2022-09-14,393.99,393.95,394.58,390.63,-1.54,-6.15,1433490,1309039745.0,0.99,1.2
2022-09-15,394.41,388.04,394.92,384.08,-1.5,-5.91,1470353,1362345253.0,2.75,1.23
2022-09-16,387.2,378.18,387.2,377.8,-2.54,-9.86,1336865,1146935066.0,2.42,1.12
2022-09-19,378.86,374.32,379.16,371.72,-1.02,-3.86,1217288,1065978565.0,1.97,1.02
2022-09-20,377.83,380.06,380.09,375.84,1.53,5.74,1269859,1146651012.0,1.14,1.06
2022-09-21,378.22,378.9,379.66,374.01,-0.31,-1.16,1003160,872427437.0,1.49,0.84
2022-09-22,376.76,374.43,381.3,374.07,-1.18,-4.47,1139069,1008594334.0,1.91,0.95
2022-09-23,374.06,370.81,375.0,368.47,-0.97,-3.62,1173881,990624018.0,1.74,0.98
2022-09-26,367.72,362.57,369.9,362.57,-2.22,-8.24,1086225,877545157.0,1.98,0.91
2022-09-27,364.46,371.65,371.65,362.66,2.5,9.08,1192029,1016987608.0,2.48,1.0
2022-09-28,371.87,365.22,371.87,365.21,-1.73,-6.43,1168774,991591573.0,1.79,0.98
2022-09-29,367.93,362.24,370.9,359.56,-0.82,-2.98,1039688,916211288.0,3.1,0.87
2022-09-30,361.93,360.79,363.02,358.2,-0.4,-1.45,826764,657637929.0,1.33,0.69
2022-10-10,361.23,355.62,363.4,354.51,-1.43,-5.17,897860,732516285.0,2.46,0.75
2022-10-11,356.15,355.0,356.32,349.08,-0.17,-0.62,957378,761147657.0,2.04,0.8
2022-10-12,354.32,361.55,361.61,351.87,1.85,6.55,981292,870891352.0,2.74,0.82
2022-10-13,360.59,361.37,363.82,359.33,-0.05,-0.18,801869,729542108.0,1.24,0.67
2022-10-14,363.2,368.38,369.33,363.2,1.94,7.01,1039351,955143285.0,1.7,0.87
2022-10-17,367.53,373.74,373.97,367.24,1.46,5.36,1118018,943627255.0,1.83,0.93
2022-10-18,375.3,371.27,375.51,370.81,-0.66,-2.47,1146416,876582831.0,1.26,0.96
2022-10-19,370.89,366.68,370.99,366.65,-1.24,-4.59,924232,696839663.0,1.17,0.77
2022-10-20,365.75,363.89,368.14,363.66,-0.76,-2.79,847969,638623305.0,1.22,0.71
2022-10-21,364.51,362.86,367.09,362.61,-0.28,-1.03,755528,584795099.0,1.23,0.63
2022-10-24,363.67,355.71,365.37,355.01,-1.97,-7.15,1086081,927696466.0,2.86,0.91
2022-10-25,355.96,355.16,356.26,349.71,-0.15,-0.55,842366,699562409.0,1.84,0.7
2022-10-26,357.88,361.68,362.94,357.31,1.84,6.52,914718,734059598.0,1.59,0.76
2022-10-27,361.62,364.11,366.36,361.62,0.67,2.43,940881,759143305.0,1.31,0.79
2022-10-28,361.57,353.06,361.57,352.59,-3.03,-11.05,1104694,791638885.0,2.47,0.92
2022-10-31,351.79,351.35,353.63,348.15,-0.48,-1.71,893221,654748264.0,1.55,0.75
2022-11-01,352.5,362.6,362.67,352.04,3.2,11.25,1049698,935153651.0,3.03,0.88
2022-11-02,362.35,368.3,370.32,361.57,1.57,5.7,1138175,1069991655.0,2.41,0.95
2022-11-03,366.86,367.39,368.09,365.78,-0.25,-0.91,957223,803003663.0,0.63,0.8
2022-11-04,367.82,374.01,375.04,367.82,1.8,6.62,1127846,1042673381.0,1.97,0.94
2022-11-07,376.03,379.73,380.58,374.68,1.53,5.72,1368683,1221449612.0,1.58,1.14
2022-11-08,380.44,380.57,381.72,378.51,0.22,0.84,1363047,1254546324.0,0.85,1.14
2022-11-09,381.82,382.61,384.57,380.96,0.54,2.04,1255295,1122423537.0,0.95,1.05
2022-11-10,381.07,380.31,381.97,379.09,-0.6,-2.3,1164470,1038277178.0,0.75,0.97
2022-11-11,387.5,382.95,390.08,382.64,0.69,2.64,1641940,1840527031.0,1.96,1.37
2022-11-14,382.6,381.22,384.59,379.96,-0.45,-1.73,1077905,1150484115.0,1.21,0.9
2022-11-15,379.88,382.83,383.03,378.53,0.42,1.61,916698,911434628.0,1.18,0.77
2022-11-16,382.38,381.25,382.95,380.11,-0.41,-1.58,955829,1041280731.0,0.74,0.8
2022-11-17,379.55,380.48,381.04,378.53,-0.2,-0.77,786365,697341500.0,0.66,0.66
2022-11-18,379.41,380.79,383.14,379.41,0.08,0.31,2564603,1387533857.0,0.98,2.14
2022-11-21,378.23,377.08,378.23,374.77,-0.97,-3.71,1950436,928545416.0,0.91,1.63
2022-11-22,376.12,372.17,377.17,371.1,-1.3,-4.91,1854039,854992207.0,1.61,1.55
2022-11-23,371.26,368.57,371.63,365.05,-0.97,-3.6,1234501,826062440.0,1.77,1.03
2022-11-24,368.07,369.02,370.91,367.86,0.12,0.45,2159685,755635203.0,0.83,1.8
2022-11-25,368.08,367.8,369.77,366.67,-0.33,-1.22,1785416,739678588.0,0.84,1.49
2022-11-28,365.41,370.37,370.37,362.77,0.7,2.57,1787593,914954416.0,2.07,1.49
2022-11-29,372.64,378.19,378.71,372.64,2.11,7.82,2102657,1228304857.0,1.64,1.76
2022-11-30,379.29,379.03,379.98,377.82,0.22,0.84,1006799,866803122.0,0.57,0.84
2022-12-01,384.42,388.08,390.17,383.96,2.39,9.05,2902792,1838647573.0,1.64,2.42
2022-12-02,388.75,390.17,390.84,387.28,0.54,2.09,2640033,1547787264.0,0.92,2.2
2022-12-05,392.44,395.51,396.01,392.34,1.37,5.34,1554143,1521394314.0,0.94,1.3
2022-12-06,396.07,398.87,401.41,394.85,0.85,3.36,2678621,1736272327.0,1.66,2.24
2022-12-07,398.77,399.75,401.28,396.79,0.22,0.88,1674436,1396811980.0,1.13,1.4
2022-12-08,397.98,397.76,398.73,395.87,-0.5,-1.99,1221495,1117983751.0,0.72,1.02
2022-12-09,396.87,397.28,397.28,392.88,-0.12,-0.48,1505487,1209036997.0,1.11,1.26
2022-12-12,394.9,389.85,396.87,389.58,-1.87,-7.43,2573284,1128617942.0,1.83,2.15
2022-12-13,388.61,394.51,396.9,388.36,1.2,4.66,2315533,1137271922.0,2.19,1.93
2022-12-14,393.91,396.66,397.53,393.16,0.54,2.15,1892663,1063726505.0,1.11,1.58
2022-12-15,397.7,392.47,401.42,392.02,-1.06,-4.19,1936247,961065788.0,2.37,1.62
2022-12-16,391.64,390.09,392.1,387.11,-0.61,-2.38,1634638,806039719.0,1.27,1.36
2022-12-19,389.7,382.78,391.07,381.62,-1.87,-7.31,1421917,812335114.0,2.42,1.19
2022-12-20,382.7,381.64,384.36,378.74,-0.3,-1.14,1700992,839096599.0,1.47,1.42
2022-12-21,382.68,382.94,386.0,380.41,0.34,1.3,1926642,935911306.0,1.46,1.61
2022-12-22,383.65,386.43,392.3,382.55,0.91,3.49,2040223,1258422798.0,2.55,1.7
2022-12-23,386.66,385.3,388.98,383.31,-0.29,-1.13,1749827,1094511882.0,1.47,1.46
2022-12-26,382.75,384.28,385.05,381.85,-0.26,-1.02,1983620,1188379141.0,0.83,1.66
2022-12-27,385.31,398.74,398.99,385.31,3.76,14.46,2337780,1830792268.0,3.56,1.95
2022-12-28,399.98,396.8,400.08,394.18,-0.49,-1.94,3250751,1961527499.0,1.48,2.71
2022-12-29,392.85,391.76,394.4,389.25,-1.27,-5.04,2343875,1340777376.0,1.3,1.96
2022-12-30,390.73,397.31,398.02,389.16,1.42,5.55,2002058,1495723074.0,2.26,1.67
2023-01-03,395.1,402.25,402.33,395.1,1.24,4.94,2453952,1702737684.0,1.82,2.05
2023-01-04,401.24,405.33,406.29,399.79,0.77,3.08,2370292,1590879731.0,1.62,1.98
2023-01-05,406.11,406.66,410.26,403.46,0.33,1.33,2714637,2009406146.0,1.68,2.27
2023-01-06,406.45,401.35,406.83,400.86,-1.31,-5.31,2400466,1341530405.0,1.47,2.0
2023-01-09,403.44,413.3,413.53,403.31,2.98,11.95,2575664,1984683120.0,2.55,2.15
2023-01-10,413.68,419.36,422.07,412.57,1.47,6.06,2719160,2186868667.0,2.3,2.27
2023-01-11,418.33,412.49,420.16,411.85,-1.64,-6.87,3475297,2207254667.0,1.98,2.9
2023-01-12,414.18,410.32,415.52,409.47,-0.53,-2.17,3162473,1873362561.0,1.47,2.64
2023-01-13,409.58,410.77,411.0,406.76,0.11,0.45,2786239,1601716600.0,1.03,2.33
2023-01-16,411.96,411.96,413.69,410.66,0.29,1.19,2537738,1699661068.0,0.74,2.12
2023-01-17,412.6,411.16,413.01,408.29,-0.19,-0.8,2322915,1694884678.0,1.15,1.94
2023-01-18,415.08,415.66,417.99,415.08,1.09,4.5,1743588,1340784257.0,0.71,1.46
2023-01-19,416.14,413.69,416.14,410.89,-0.47,-1.97,2801954,2003732944.0,1.26,2.34
2023-01-20,413.02,415.63,416.13,411.85,0.47,1.94,2455221,1639147648.0,1.03,2.05
2023-01-30,418.58,419.98,423.8,418.58,1.05,4.35,3765362,2472614237.0,1.26,3.14
2023-01-31,414.8,413.39,416.02,411.47,-1.57,-6.59,1773907,1588000481.0,1.08,1.48
2023-02-01,412.56,417.45,417.73,412.24,0.98,4.06,2953992,2543987345.0,1.33,2.47
2023-02-02,416.63,415.94,417.85,414.25,-0.36,-1.51,2549532,2232346158.0,0.86,2.13
2023-02-03,414.82,414.93,415.79,410.96,-0.24,-1.01,2950762,2364035057.0,1.16,2.46
2023-02-06,414.96,412.18,415.0,410.49,-0.66,-2.75,2003467,1688396295.0,1.09,1.67
2023-02-07,414.41,417.59,418.88,412.05,1.31,5.41,2842359,2350406631.0,1.66,2.37
2023-02-08,417.79,414.03,417.79,413.69,-0.85,-3.56,2051405,1724715061.0,0.98,1.71
2023-02-09,413.63,417.11,417.31,412.16,0.74,3.08,2166839,1699910454.0,1.24,1.81
2023-02-10,416.94,420.19,420.78,415.95,0.74,3.08,1854508,1568272150.0,1.16,1.55
2023-02-13,420.06,425.18,425.75,418.72,1.19,4.99,1903105,1868032367.0,1.67,1.59
2023-02-14,425.49,421.04,425.49,419.36,-0.97,-4.14,1640509,1509343922.0,1.44,1.37
2023-02-15,421.1,419.42,421.14,418.01,-0.38,-1.62,1394686,1370907434.0,0.74,1.16
2023-02-16,418.25,410.27,420.54,407.5,-2.18,-9.15,1665332,1515952671.0,3.11,1.39
2023-02-17,410.96,411.07,414.45,410.01,0.19,0.8,1331434,1216981706.0,1.08,1.11
2023-02-20,410.23,413.9,414.05,408.35,0.69,2.83,1395490,1206493844.0,1.39,1.17
2023-02-21,414.45,414.52,415.21,411.7,0.15,0.62,1125197,989818079.0,0.85,0.94
2023-02-22,412.99,413.99,414.49,411.04,-0.13,-0.53,1131599,1055160062.0,0.83,0.94
2023-02-23,414.58,414.5,417.57,413.16,0.12,0.51,1065500,1072692550.0,1.07,0.89
2023-02-24,414.85,413.62,414.85,411.49,-0.21,-0.88,838371,863336432.0,0.81,0.7
2023-02-27,413.26,410.01,413.26,409.22,-0.87,-3.61,1005920,948353943.0,0.98,0.84
2023-02-28,411.23,415.16,415.16,410.73,1.26,5.15,1175794,974926283.0,1.08,0.98
2023-03-01,416.08,419.34,419.34,414.96,1.01,4.18,1138340,1098687032.0,1.06,0.95
2023-03-02,420.24,419.71,420.73,417.61,0.09,0.37,1801453,1193138754.0,0.74,1.5
2023-03-03,419.46,421.5,422.4,418.83,0.43,1.79,1278308,1025123304.0,0.85,1.07
2023-03-06,424.37,423.71,425.1,421.36,0.52,2.21,1586969,1583874910.0,0.89,1.32
2023-03-07,425.29,419.32,425.29,419.09,-1.04,-4.39,2074897,1827841443.0,1.46,1.73
2023-03-08,418.84,420.86,420.86,417.77,0.37,1.54,1200450,1040132476.0,0.74,1.0
2023-03-09,422.01,418.69,422.01,416.43,-0.52,-2.17,1374661,984146487.0,1.33,1.15
2023-03-10,416.71,415.44,418.32,414.83,-0.78,-3.25,1354944,1257842587.0,0.83,1.13
2023-03-13,418.69,421.69,423.18,418.69,1.5,6.25,2134531,1666001706.0,1.08,1.78
2023-03-14,423.41,420.96,430.35,419.95,-0.17,-0.73,2989844,2782421140.0,2.47,2.5
2023-03-15,418.7,423.51,423.76,418.18,0.61,2.55,2197727,1841857842.0,1.33,1.83
2023-03-16,424.36,425.55,429.0,423.27,0.48,2.04,2311803,2006864593.0,1.35,1.93
2023-03-17,425.51,425.1,426.7,423.37,-0.11,-0.45,2005371,1778778021.0,0.78,1.67
2023-03-20,428.37,429.76,430.12,423.41,1.1,4.66,2640086,2660687541.0,1.58,2.2
2023-03-21,428.86,433.86,434.37,426.67,0.95,4.1,2131318,2026655243.0,1.79,1.78
2023-03-22,431.81,431.03,432.75,428.53,-0.65,-2.83,1805107,1586112478.0,0.97,1.51
2023-03-23,431.28,430.04,431.99,428.33,-0.23,-0.99,1378640,1357668940.0,0.85,1.15
2023-03-24,430.91,429.67,432.82,429.12,-0.09,-0.37,1743004,1644809488.0,0.86,1.46
2023-03-27,427.58,424.72,427.85,422.03,-1.15,-4.95,1623561,1466155496.0,1.35,1.36
2023-03-28,424.45,421.43,424.85,420.27,-0.77,-3.29,1199220,1050962238.0,1.08,1.0
2023-03-29,422.42,422.03,423.8,420.47,0.14,0.6,1208027,1044275088.0,0.79,1.01
2023-03-30,421.73,422.14,423.1,418.15,0.03,0.11,959169,855404803.0,1.17,0.8
2023-03-31,422.21,427.95,428.4,421.77,1.38,5.81,1139319,978793133.0,1.57,0.95
2023-04-03,425.78,427.87,428.91,425.0,-0.02,-0.08,1180302,1137769161.0,0.91,0.99
2023-04-04,427.91,426.77,429.08,423.97,-0.26,-1.1,1394306,1455937522.0,1.19,1.16
2023-04-06,426.45,425.48,429.2,425.23,-0.3,-1.29,1758098,1703594263.0,0.93,1.47
2023-04-07,424.6,431.06,431.4,423.12,1.31,5.58,1317827,1499388321.0,1.95,1.1
2023-04-10,430.83,425.77,430.83,425.04,-1.23,-5.29,1218993,1411947852.0,1.34,1.02
2023-04-11,425.71,430.34,430.34,423.44,1.07,4.57,1430149,1497675136.0,1.62,1.19
2023-04-12,429.46,428.93,433.16,427.88,-0.33,-1.41,1551364,1674383233.0,1.23,1.3
2023-04-13,428.69,431.26,433.6,427.74,0.54,2.33,1375368,1471556792.0,1.37,1.15
2023-04-14,432.89,431.58,435.4,430.92,0.07,0.32,1406476,1444297059.0,1.04,1.17
2023-04-17,429.44,428.07,429.44,425.21,-0.81,-3.51,1266251,1290195061.0,0.98,1.06
2023-04-18,428.05,427.82,429.93,426.22,-0.06,-0.25,1067382,1160164422.0,0.87,0.89
2023-04-19,427.55,423.05,428.88,422.21,-1.11,-4.77,1174153,1196759084.0,1.56,0.98
2023-04-20,422.19,421.46,422.19,418.56,-0.38,-1.59,976052,1007940801.0,0.86,0.81
2023-04-21,421.07,411.85,421.69,411.7,-2.28,-9.61,1108645,1072739471.0,2.37,0.93
2023-04-24,411.59,409.23,412.57,407.45,-0.64,-2.62,1071567,1061975727.0,1.24,0.89
2023-04-25,409.76,404.4,411.64,398.79,-1.18,-4.83,1105376,1024237575.0,3.14,0.92
2023-04-26,405.67,410.53,411.27,405.06,1.52,6.13,1124678,1174762174.0,1.54,0.94
2023-04-27,411.27,412.2,414.61,408.87,0.41,1.67,1045210,1131857416.0,1.4,0.87
2023-04-28,414.58,424.06,424.32,414.55,2.88,11.86,1365626,1420050577.0,2.37,1.14
2023-05-04,428.86,436.4,439.42,428.86,2.91,12.34,1966940,2889669524.0,2.49,1.64
2023-05-05,435.34,426.85,435.79,426.01,-2.19,-9.55,1650853,2086563426.0,2.24,1.38
2023-05-08,425.9,424.16,427.91,423.3,-0.63,-2.69,1272197,1483448132.0,1.08,1.06
2023-05-09,421.82,416.78,422.55,416.34,-1.74,-7.38,1635807,2028951691.0,1.46,1.37
2023-05-10,414.75,413.16,416.56,412.17,-0.87,-3.62,1190599,1447063388.0,1.05,0.99
2023-05-11,412.39,418.64,419.98,412.39,1.33,5.48,1196353,1203165307.0,1.84,1.0
2023-05-12,419.22,418.46,422.87,418.07,-0.04,-0.18,820596,931432541.0,1.15,0.69
2023-05-15,419.14,417.79,419.14,410.59,-0.16,-0.67,1188158,1038104895.0,2.04,0.99
2023-05-16,417.99,413.23,418.4,412.11,-1.09,-4.56,836240,871194244.0,1.51,0.7
2023-05-17,412.0,415.37,416.56,411.66,0.52,2.14,813217,832349348.0,1.19,0.68
2023-05-18,415.37,416.45,417.63,414.72,0.26,1.08,720458,743919036.0,0.7,0.6
2023-05-19,415.93,414.26,415.93,411.15,-0.53,-2.19,658047,703463599.0,1.15,0.55
2023-05-22,413.93,419.49,419.69,413.76,1.26,5.23,727681,839331796.0,1.43,0.61
2023-05-23,419.5,415.58,421.86,415.09,-0.93,-3.91,818741,870044430.0,1.61,0.68
2023-05-24,414.63,413.16,416.13,412.98,-0.58,-2.42,843044,837345868.0,0.76,0.7
2023-05-25,410.91,410.61,412.49,406.64,-0.62,-2.55,974185,945906986.0,1.42,0.81
2023-05-26,408.24,408.45,409.19,404.21,-0.53,-2.16,743371,727458042.0,1.21,0.62
2023-05-29,407.68,406.23,410.11,403.85,-0.54,-2.22,1050391,954860879.0,1.53,0.88
2023-05-30,405.45,406.74,407.34,403.4,0.13,0.51,927383,884450396.0,0.97,0.77
2023-05-31,406.65,406.89,407.98,405.37,0.04,0.15,968111,880107066.0,0.64,0.81
2023-06-01,406.86,409.86,412.17,404.45,0.73,2.97,1108768,1101077213.0,1.9,0.93
2023-06-02,410.59,413.01,414.27,409.93,0.77,3.15,953025,989291144.0,1.06,0.8
2023-06-05,412.19,414.34,414.88,411.23,0.32,1.33,771856,917788163.0,0.88,0.64
2023-06-06,414.59,410.59,415.42,409.61,-0.91,-3.75,762692,814566312.0,1.4,0.64
2023-06-07,411.36,411.85,413.17,409.35,0.31,1.26,615337,621460615.0,0.93,0.51
2023-06-08,411.32,408.08,411.91,407.28,-0.92,-3.77,624047,577901319.0,1.12,0.52
2023-06-09,408.63,410.98,412.5,408.14,0.71,2.9,772760,812346573.0,1.07,0.65
2023-06-12,411.07,414.99,415.87,407.78,0.98,4.01,894249,922567706.0,1.97,0.75
2023-06-13,415.77,415.44,419.11,414.84,0.11,0.45,722156,719915257.0,1.03,0.6
2023-06-14,417.07,418.66,420.03,416.4,0.78,3.22,980824,868818527.0,0.87,0.82
2023-06-15,418.48,416.62,418.95,415.51,-0.49,-2.04,815180,765886920.0,0.82,0.68
2023-06-16,417.52,417.74,420.91,417.14,0.27,1.12,780333,791512498.0,0.9,0.65
2023-06-19,418.42,415.38,418.44,415.27,-0.56,-2.36,904382,922725725.0,0.76,0.76
2023-06-20,416.13,414.4,416.63,412.74,-0.24,-0.98,886939,1015533458.0,0.94,0.74
2023-06-21,414.36,408.59,415.34,408.47,-1.4,-5.81,770866,840406346.0,1.66,0.64
2023-06-26,407.38,402.95,408.31,402.33,-1.38,-5.64,830545,860052170.0,1.46,0.69
2023-06-27,406.09,417.81,418.37,405.4,3.69,14.86,1126927,1233414717.0,3.22,0.94
2023-06-28,419.63,420.38,420.95,412.68,0.62,2.57,1160151,1183291795.0,1.98,0.97
2023-06-29,419.59,425.03,426.33,418.71,1.11,4.65,995716,926842407.0,1.81,0.83
2023-06-30,425.78,433.28,434.72,425.33,1.94,8.25,992217,922867224.0,2.21,0.83
2023-07-03,436.27,436.14,436.61,430.57,0.66,2.86,1243086,1176435130.0,1.39,1.04
2023-07-04,437.17,436.26,438.28,435.19,0.03,0.12,1149919,1011788402.0,0.71,0.96
2023-07-05,436.49,436.31,439.91,435.74,0.01,0.05,860585,794574904.0,0.96,0.72
2023-07-06,437.33,431.29,437.75,430.28,-1.15,-5.02,1327289,1054290910.0,1.71,1.11
2023-07-07,431.55,429.9,431.6,427.79,-0.32,-1.39,1089561,883353832.0,0.88,0.91
2023-07-10,431.02,431.19,432.68,429.38,0.3,1.29,893407,793714872.0,0.77,0.75
2023-07-11,430.1,435.51,435.57,429.25,1.0,4.32,947462,898798719.0,1.47,0.79
2023-07-12,435.86,435.87,438.83,435.08,0.08,0.36,945687,861988911.0,0.86,0.79
2023-07-13,436.08,439.45,443.56,436.08,0.82,3.58,1323336,1297719369.0,1.72,1.1
2023-07-14,439.34,437.63,439.6,436.04,-0.41,-1.82,1687054,1492363551.0,0.81,1.41
2023-07-17,436.94,436.66,438.45,433.73,-0.22,-0.97,1186981,1139396086.0,1.08,0.99
2023-07-18,435.94,434.75,436.6,433.79,-0.44,-1.91,1025620,938252913.0,0.64,0.86
2023-07-19,435.36,444.03,444.38,435.36,2.13,9.28,1238218,1433102447.0,2.07,1.03
2023-07-20,444.06,441.0,445.09,440.16,-0.68,-3.03,1078345,1206944023.0,1.11,0.9
2023-07-21,439.22,439.04,442.28,437.29,-0.44,-1.96,1029171,1162300876.0,1.13,0.86
2023-07-24,437.36,434.1,437.75,433.37,-1.13,-4.94,739513,804760586.0,1.0,0.62
2023-07-25,436.06,434.44,438.29,432.67,0.08,0.34,1020043,1094727809.0,1.29,0.85
2023-07-26,434.38,433.9,434.58,431.61,-0.12,-0.54,807453,877677014.0,0.68,0.67
2023-07-27,433.13,432.25,435.1,431.3,-0.38,-1.65,764679,809472349.0,0.88,0.64
2023-07-28,431.14,433.59,434.67,429.02,0.31,1.34,854677,889657415.0,1.31,0.71
2023-07-31,434.82,439.37,439.38,434.26,1.33,5.78,1052765,1179892654.0,1.18,0.88
2023-08-01,440.13,441.46,442.71,439.14,0.48,2.09,1130053,1274156705.0,0.81,0.94
2023-08-02,440.26,436.7,440.57,435.67,-1.08,-4.76,703156,812219861.0,1.11,0.59
2023-08-03,436.84,434.23,437.79,432.88,-0.57,-2.47,699088,792966708.0,1.12,0.58
2023-08-04,434.86,429.52,436.8,429.27,-1.08,-4.71,822488,932610175.0,1.73,0.69
2023-08-07,429.36,426.3,429.43,424.47,-0.75,-3.22,908386,901914441.0,1.15,0.76
2023-08-08,426.33,430.4,431.49,424.38,0.96,4.1,837287,908095312.0,1.67,0.7
2023-08-09,429.58,425.92,429.58,425.17,-1.04,-4.48,661455,730741798.0,1.02,0.55
2023-08-10,425.41,425.52,426.2,423.48,-0.09,-0.4,548370,600701008.0,0.64,0.46
2023-08-11,425.64,419.2,425.97,418.64,-1.49,-6.32,628629,644324046.0,1.72,0.52
2023-08-14,418.84,420.5,420.54,415.71,0.31,1.3,721358,700805685.0,1.15,0.6
2023-08-15,420.76,420.93,423.53,419.02,0.1,0.43,735623,785789864.0,1.07,0.61
2023-08-16,421.15,417.93,421.62,417.15,-0.71,-3.0,785834,717415776.0,1.06,0.66
2023-08-17,418.33,423.76,423.87,416.02,1.39,5.83,779570,680866383.0,1.88,0.65
2023-08-18,423.66,418.34,424.53,418.01,-1.28,-5.42,761502,687672365.0,1.54,0.64
2023-08-21,417.99,415.77,420.53,414.99,-0.61,-2.57,651444,571565595.0,1.32,0.54
2023-08-22,416.36,413.82,417.27,408.66,-0.47,-1.95,641362,628405554.0,2.07,0.54
2023-08-23,414.55,410.9,415.56,410.66,-0.71,-2.92,745846,749563418.0,1.18,0.62
2023-08-24,411.26,418.57,420.23,410.98,1.87,7.67,1121759,1098990390.0,2.25,0.94
2023-08-25,417.54,408.8,417.54,407.76,-2.33,-9.77,959215,951498308.0,2.34,0.8
2023-08-28,424.39,409.14,425.01,408.08,0.08,0.34,1379796,1575862028.0,4.14,1.15
2023-08-29,407.78,417.76,417.78,406.63,2.11,8.62,1069477,1243127155.0,2.73,0.89
2023-08-30,418.2,420.38,422.67,417.84,0.63,2.62,883613,982046650.0,1.16,0.74
2023-08-31,420.25,416.75,422.03,416.58,-0.86,-3.63,729253,788353096.0,1.3,0.61
2023-09-01,418.1,422.1,422.34,417.17,1.28,5.35,940502,1018032945.0,1.24,0.79
2023-09-04,422.43,429.49,429.56,422.31,1.75,7.39,1166022,1221771720.0,1.72,0.97
2023-09-05,429.25,427.33,429.25,425.33,-0.5,-2.16,791375,810476163.0,0.91,0.66
2023-09-06,426.03,426.2,428.56,424.5,-0.26,-1.13,760217,695388152.0,0.95,0.63
2023-09-07,425.68,420.8,426.63,420.39,-1.27,-5.4,639246,601566708.0,1.46,0.53
2023-09-08,419.38,421.43,422.64,419.38,0.15,0.63,607057,611829381.0,0.77,0.51
2023-09-11,421.89,424.64,424.86,420.01,0.76,3.21,810877,883942605.0,1.15,0.68
2023-09-12,424.29,422.68,424.33,421.53,-0.46,-1.96,546776,626383183.0,0.66,0.46
2023-09-13,422.57,421.75,422.8,418.2,-0.22,-0.93,662929,682452779.0,1.09,0.55
2023-09-14,420.56,423.59,423.99,419.74,0.44,1.84,1009578,1098658164.0,1.01,0.84
2023-09-15,424.26,432.77,438.48,423.88,2.17,9.18,1808965,2239584116.0,3.45,1.51
2023-09-18,431.37,431.47,432.31,426.8,-0.3,-1.3,1319566,1581768281.0,1.27,1.1
2023-09-19,430.25,426.0,430.44,425.44,-1.27,-5.47,923237,1078972117.0,1.16,0.77
2023-09-20,425.52,421.25,425.56,421.13,-1.12,-4.75,731800,792750740.0,1.04,0.61
2023-09-21,420.4,416.31,420.46,413.71,-1.17,-4.94,947752,1101879743.0,1.6,0.79
2023-09-22,415.26,418.2,418.27,413.28,0.45,1.89,729289,811796126.0,1.2,0.61
2023-09-25,417.84,413.63,418.74,413.37,-1.09,-4.57,794904,815746876.0,1.28,0.66
2023-09-26,413.67,413.14,415.16,411.93,-0.12,-0.49,651482,707575128.0,0.78,0.54
2023-09-27,412.81,412.97,415.13,412.17,-0.04,-0.17,601484,672635713.0,0.72,0.5
2023-09-28,413.06,416.5,416.5,412.23,0.85,3.53,643424,701170601.0,1.03,0.54
2023-10-09,414.26,403.05,414.26,402.12,-3.23,-13.45,1309497,1243617341.0,2.91,1.09
2023-10-10,402.56,401.61,404.82,400.93,-0.36,-1.44,676884,711484021.0,0.97,0.57
2023-10-11,400.63,399.66,402.39,399.0,-0.49,-1.95,673056,667496314.0,0.84,0.56
2023-10-12,400.91,403.39,403.58,400.24,0.93,3.73,646100,664227866.0,0.84,0.54
2023-10-13,402.74,397.29,402.74,395.84,-1.51,-6.1,628607,595645073.0,1.71,0.52
2023-10-16,399.05,401.43,403.4,399.05,1.04,4.14,877762,925977594.0,1.09,0.73
2023-10-17,400.97,398.1,400.97,397.09,-0.83,-3.33,682918,675726626.0,0.97,0.57
2023-10-18,397.05,390.19,397.06,389.72,-1.99,-7.91,687479,668851493.0,1.84,0.57
2023-10-19,388.5,385.65,389.18,385.4,-1.16,-4.54,566173,601625789.0,0.97,0.47
2023-10-20,384.82,386.04,388.85,384.12,0.1,0.39,854189,671490625.0,1.23,0.71
2023-10-23,383.78,373.97,384.23,372.26,-3.13,-12.07,786857,741093240.0,3.1,0.66
2023-10-24,374.2,380.45,381.05,370.91,1.73,6.48,905031,753689587.0,2.71,0.76
2023-10-25,381.64,380.32,383.21,379.68,-0.03,-0.13,790426,776910891.0,0.93,0.66
2023-10-26,378.45,380.48,380.61,376.18,0.04,0.16,733597,621720830.0,1.16,0.61
2023-10-27,381.23,396.72,397.31,381.05,4.27,16.24,1165052,1261811324.0,4.27,0.97
2023-10-30,397.32,393.3,398.96,390.45,-0.86,-3.42,1906488,2125893302.0,2.15,1.59
2023-10-31,393.07,394.0,395.19,391.98,0.18,0.7,1341724,1363203690.0,0.82,1.12
2023-11-01,393.59,394.22,394.96,392.89,0.06,0.22,994117,981419653.0,0.53,0.83
2023-11-02,393.15,390.3,393.98,389.2,-0.99,-3.92,929366,858877983.0,1.21,0.78
2023-11-03,390.87,391.72,393.22,390.23,0.36,1.42,835380,771372601.0,0.77,0.7
2023-11-06,392.51,395.01,395.01,391.44,0.84,3.29,1091256,1022639070.0,0.91,0.91
2023-11-07,394.76,397.96,398.45,391.59,0.75,2.95,1191260,1277631464.0,1.74,0.99
2023-11-08,397.12,396.64,399.11,394.36,-0.33,-1.32,1281195,1306347650.0,1.19,1.07
2023-11-09,395.67,393.8,395.75,391.47,-0.72,-2.84,1099281,1185415789.0,1.08,0.92
2023-11-10,391.67,389.64,391.69,387.55,-1.06,-4.16,1153025,1072921605.0,1.05,0.96
2023-11-13,390.69,393.81,393.81,389.55,1.07,4.17,1028716,916570575.0,1.09,0.86
2023-11-14,395.21,395.5,396.1,393.57,0.43,1.69,962720,814725537.0,0.64,0.8
2023-11-15,397.5,396.19,398.72,394.66,0.17,0.69,1236176,975614610.0,1.03,1.03
2023-11-16,395.27,393.56,395.48,393.14,-0.66,-2.63,753371,767388394.0,0.59,0.63
2023-11-17,391.67,395.41,395.5,390.64,0.47,1.85,778615,787082626.0,1.23,0.65
2023-11-20,394.11,394.33,394.61,390.06,-0.27,-1.08,939335,941767706.0,1.15,0.78
2023-11-21,393.43,393.64,396.6,393.06,-0.17,-0.69,1322722,988009946.0,0.9,1.1
2023-11-22,392.96,394.08,396.43,392.17,0.11,0.44,1185312,991900457.0,1.08,0.99
2023-11-23,393.44,396.68,397.36,391.3,0.66,2.6,935722,777507738.0,1.54,0.78
2023-11-24,397.0,393.65,398.12,392.39,-0.76,-3.03,1100053,797621508.0,1.44,0.92
2023-11-27,392.91,391.57,393.32,389.6,-0.53,-2.08,970592,755046346.0,0.95,0.81
2023-11-28,391.18,394.89,395.04,389.09,0.85,3.32,880246,674374805.0,1.52,0.73
2023-11-29,395.85,395.2,399.05,394.64,0.08,0.31,1211963,962438196.0,1.12,1.01
2023-11-30,394.54,392.42,394.65,389.6,-0.7,-2.78,1012750,794946096.0,1.28,0.85
2023-12-01,392.25,396.22,396.38,390.87,0.97,3.8,1040186,858181150.0,1.4,0.87
2023-12-04,398.61,398.81,403.42,398.61,0.65,2.59,1350800,1333189433.0,1.21,1.13
2023-12-05,396.95,391.0,397.08,391.0,-1.96,-7.81,1057115,899477361.0,1.52,0.88
2023-12-06,389.73,392.11,393.23,389.1,0.28,1.11,1043034,727020695.0,1.06,0.87
2023-12-07,391.66,391.45,392.31,388.86,-0.17,-0.66,760717,640839966.0,0.88,0.64
2023-12-08,391.17,383.94,391.85,383.89,-1.92,-7.51,869587,744307404.0,2.03,0.73
2023-12-11,382.56,384.73,385.18,379.83,0.21,0.79,925371,769167867.0,1.39,0.77
2023-12-12,385.19,389.99,390.03,384.95,1.37,5.26,775766,628144994.0,1.32,0.65
2023-12-13,391.05,388.65,391.55,388.39,-0.34,-1.34,777248,597356127.0,0.81,0.65
2023-12-14,390.53,389.33,392.69,389.03,0.17,0.68,937037,764385778.0,0.94,0.78
2023-12-15,388.77,389.53,390.49,387.19,0.05,0.2,1006599,767449284.0,0.85,0.84
2023-12-18,388.21,384.24,388.39,383.95,-1.36,-5.29,722161,614051998.0,1.14,0.6
2023-12-19,383.78,383.1,384.06,381.11,-0.3,-1.14,585313,522504728.0,0.77,0.49
2023-12-20,382.31,379.09,383.77,379.08,-1.05,-4.01,557699,531387215.0,1.22,0.47
2023-12-21,378.01,381.2,381.74,374.38,0.56,2.11,654427,615832655.0,1.94,0.55
2023-12-22,380.25,374.59,380.73,373.94,-1.73,-6.61,654916,630687716.0,1.78,0.55
2023-12-25,373.39,372.63,373.63,369.97,-0.52,-1.96,500279,474615017.0,0.98,0.42
2023-12-26,371.52,371.03,372.61,370.15,-0.43,-1.6,498191,497835273.0,0.66,0.42
2023-12-27,370.52,371.48,371.7,366.94,0.12,0.45,1085078,662034437.0,1.28,0.91
2023-12-28,370.04,374.84,376.12,368.3,0.9,3.36,854886,857723660.0,2.11,0.71
2023-12-29,373.83,377.49,377.8,373.28,0.71,2.65,734782,798973326.0,1.21,0.61
2024-01-02,376.79,378.73,379.83,376.21,0.33,1.24,722612,781006506.0,0.96,0.6
2024-01-03,376.62,376.7,377.24,374.92,-0.54,-2.03,621542,643267868.0,0.61,0.52
2024-01-04,375.37,375.63,376.11,374.16,-0.28,-1.07,584629,604563262.0,0.52,0.49
2024-01-05,374.92,372.06,376.73,370.9,-0.95,-3.57,696761,689207811.0,1.55,0.58
2024-01-08,371.08,364.93,371.08,364.9,-1.92,-7.13,622422,588668606.0,1.66,0.52
2024-01-09,364.53,370.29,370.58,363.75,1.47,5.36,785101,712389354.0,1.87,0.66
2024-01-10,369.5,371.27,372.61,367.76,0.26,0.98,693215,642867906.0,1.31,0.58
2024-01-11,372.7,373.93,374.99,371.49,0.72,2.66,721526,695219513.0,0.94,0.6
2024-01-12,375.85,377.08,380.95,375.23,0.84,3.15,937236,925670065.0,1.53,0.78
2024-01-15,376.14,383.15,384.51,376.14,1.61,6.07,1431373,1417106325.0,2.22,1.2
2024-01-16,386.12,382.02,386.7,378.58,-0.29,-1.13,1056532,1131027564.0,2.12,0.88
2024-01-17,382.38,381.12,386.96,381.06,-0.24,-0.9,1472549,1587401489.0,1.54,1.23
2024-01-18,377.48,377.01,379.92,367.8,-1.08,-4.11,2831428,2826605779.0,3.18,2.36
2024-01-19,375.56,381.45,386.06,374.38,1.18,4.44,2467820,2661343126.0,3.1,2.06
2024-01-22,382.83,373.01,387.61,369.71,-2.21,-8.44,2258745,2799789073.0,4.69,1.89
2024-01-23,372.15,371.86,373.58,363.88,-0.31,-1.15,2547146,3073661199.0,2.6,2.13
2024-01-24,372.91,378.62,382.23,372.51,1.82,6.76,2946021,3685188672.0,2.61,2.46
2024-01-25,380.06,388.82,389.65,378.95,2.69,10.2,3249190,4081795113.0,2.83,2.71
2024-01-26,387.56,383.35,392.41,382.95,-1.41,-5.47,3032909,3938506597.0,2.43,2.53
2024-01-29,381.58,376.7,383.1,375.85,-1.73,-6.65,2625747,3157865588.0,1.89,2.19
2024-01-30,373.77,363.66,373.96,362.85,-3.46,-13.04,2355411,2777956439.0,2.95,1.97
2024-01-31,360.39,349.25,362.59,348.63,-3.96,-14.41,1613304,1673529430.0,3.84,1.35
2024-02-01,344.25,344.8,348.12,340.64,-1.27,-4.45,2389272,2476314954.0,2.14,1.99
2024-02-02,344.39,332.38,348.09,327.12,-3.6,-12.42,2664044,2810433553.0,6.08,2.22
2024-02-05,329.88,318.22,330.65,310.83,-4.26,-14.16,2768155,2805699013.0,5.96,2.31
2024-02-06,311.13,324.87,330.57,304.9,2.09,6.65,3199682,3178398394.0,8.07,2.67
2024-02-07,325.11,324.6,330.4,320.98,-0.08,-0.27,3129266,2995230374.0,2.9,2.61
2024-02-08,323.71,335.49,336.28,322.06,3.35,10.89,3074095,2958160661.0,4.38,2.57
2024-02-19,337.82,344.07,344.24,337.68,2.56,8.58,2852467,2726782553.0,1.96,2.38
2024-02-20,342.97,345.92,346.46,339.83,0.54,1.85,1923131,1953790438.0,1.93,1.61
2024-02-21,344.54,351.13,358.67,343.25,1.51,5.21,2396920,2506089602.0,4.46,2.0
2024-02-22,350.88,352.46,353.73,347.69,0.38,1.33,2553478,2777161694.0,1.72,2.13
2024-02-23,352.3,355.41,355.84,348.94,0.84,2.95,2176227,2301728957.0,1.96,1.82
2024-02-26,354.56,358.86,361.43,354.07,0.97,3.45,2357517,2591634866.0,2.07,1.97
2024-02-27,358.33,363.92,363.92,355.18,1.41,5.06,2154808,2405956242.0,2.44,1.8
2024-02-28,363.67,347.23,369.12,347.23,-4.59,-16.69,3089077,3391530479.0,6.02,2.58
2024-02-29,342.24,352.68,352.68,341.79,1.57,5.45,2249601,2242048887.0,3.14,1.88
2024-03-01,352.79,354.64,355.28,351.51,0.56,1.96,2088626,2132861722.0,1.07,1.74
2024-03-04,355.17,358.48,358.58,351.28,1.08,3.84,2327164,2394764209.0,2.06,1.94
2024-03-05,358.93,358.25,362.86,356.12,-0.06,-0.23,2288971,2514852095.0,1.88,1.91
2024-03-06,357.77,362.62,364.83,356.09,1.22,4.37,2002646,2109386552.0,2.44,1.67
2024-03-07,362.96,369.79,372.94,362.73,1.98,7.17,2712859,2814640496.0,2.82,2.27
2024-03-08,369.53,367.32,370.02,361.38,-0.67,-2.47,1903134,1981592268.0,2.34,1.59
2024-03-11,368.13,369.5,370.09,365.85,0.59,2.18,1794058,1823354627.0,1.15,1.5
2024-03-12,371.42,371.81,372.91,368.75,0.63,2.31,1450093,1500736209.0,1.13,1.21
2024-03-13,372.72,371.56,373.13,368.77,-0.07,-0.25,1478732,1527967771.0,1.17,1.23
2024-03-14,372.63,372.2,378.19,368.8,0.17,0.64,2260600,2076996046.0,2.53,1.89
2024-03-15,370.18,376.78,376.78,368.85,1.23,4.58,1845961,1703916646.0,2.13,1.54
2024-03-18,376.89,376.02,377.97,373.28,-0.2,-0.76,1697500,1708211679.0,1.24,1.42
2024-03-19,375.77,376.22,379.14,375.2,0.05,0.2,1638837,1608672165.0,1.05,1.37
2024-03-20,376.09,378.15,378.77,374.89,0.51,1.93,2016230,1940535265.0,1.03,1.68
2024-03-21,381.25,382.59,383.83,377.63,1.17,4.44,2498300,2565986752.0,1.64,2.09
2024-03-22,380.12,374.41,380.12,371.52,-2.14,-8.18,2380550,2195476794.0,2.25,1.99
2024-03-25,372.72,368.21,375.18,367.62,-1.66,-6.2,1635286,1550772515.0,2.02,1.37
2024-03-26,367.64,366.31,368.87,362.09,-0.52,-1.9,1475264,1398276313.0,1.84,1.23
2024-03-27,366.11,360.88,367.63,360.62,-1.48,-5.43,1322215,1359928871.0,1.91,1.1
2024-03-28,361.24,365.88,368.07,361.24,1.39,5.0,1189371,1119788135.0,1.89,0.99
2024-03-29,368.83,380.46,380.91,368.83,3.98,14.58,2284063,2104878181.0,3.3,1.91
2024-04-01,383.13,386.71,387.42,383.13,1.64,6.25,1942091,2073493794.0,1.13,1.62
2024-04-02,386.66,389.51,390.69,386.29,0.72,2.8,2115358,1875866715.0,1.14,1.77
2024-04-03,395.02,402.1,403.09,395.02,3.23,12.59,3332420,3398882151.0,2.07,2.78
2024-04-08,403.89,407.17,413.34,403.89,1.26,5.07,3431843,3918449026.0,2.35,2.87
2024-04-09,403.88,409.41,409.7,401.28,0.55,2.24,2883167,3167013109.0,2.07,2.41
2024-04-10,410.05,418.95,424.04,410.05,2.33,9.54,3180076,3597045880.0,3.42,2.66
2024-04-11,416.89,414.58,425.21,413.69,-1.04,-4.37,3910230,4350974423.0,2.75,3.26
2024-04-12,422.14,431.7,434.15,419.72,4.13,17.12,4127934,4543696240.0,3.48,3.45
2024-04-15,409.52,406.85,409.57,400.13,-5.76,-24.85,2686352,2866459279.0,2.19,2.24
2024-04-16,396.63,379.48,397.2,379.28,-6.73,-27.37,1968840,2115411883.0,4.4,1.64
2024-04-17,373.55,385.71,389.1,373.55,1.64,6.23,3595921,3325508690.0,4.1,3.0
2024-04-18,379.23,382.72,386.83,376.01,-0.78,-2.99,3052612,2853723569.0,2.81,2.55
2024-04-19,381.29,386.87,391.8,380.99,1.08,4.15,2846757,2801143500.0,2.82,2.38
2024-04-22,382.31,370.73,382.51,370.42,-4.17,-16.14,2383088,2246353133.0,3.13,1.99
2024-04-23,365.09,364.31,366.39,362.35,-1.73,-6.42,2260084,1972605968.0,1.09,1.89
2024-04-24,363.81,367.34,367.41,362.74,0.83,3.03,1888455,1623359235.0,1.28,1.58
2024-04-25,364.79,368.96,369.81,362.97,0.44,1.62,1959779,1709543894.0,1.86,1.64
2024-04-26,365.55,368.01,369.26,363.15,-0.26,-0.95,2604710,2507779394.0,1.66,2.17
2024-04-29,367.88,375.1,375.61,366.72,1.93,7.09,2693014,2627012892.0,2.42,2.25
2024-04-30,375.73,369.5,377.16,369.27,-1.49,-5.6,1958161,1836308524.0,2.1,1.63
2024-05-06,370.3,374.84,374.84,367.87,1.45,5.34,2316253,2242082427.0,1.89,1.93
2024-05-07,374.98,375.38,377.74,373.98,0.14,0.54,2264070,2071286380.0,1.0,1.89
2024-05-08,374.48,375.01,377.38,371.54,-0.1,-0.37,2154739,2013204348.0,1.56,1.8
2024-05-09,372.59,375.77,377.77,372.24,0.2,0.76,1917808,1783880652.0,1.47,1.6
2024-05-10,378.66,376.17,381.8,373.69,0.11,0.4,1835721,1841296821.0,2.16,1.53
2024-05-13,372.33,368.39,372.33,366.7,-2.07,-7.78,1874339,1902930507.0,1.5,1.56
2024-05-14,367.83,373.79,373.85,366.6,1.47,5.4,1612945,1591698344.0,1.97,1.35
2024-05-15,373.91,373.87,378.47,371.38,0.02,0.08,1469386,1424006334.0,1.9,1.23
2024-05-16,376.69,374.04,377.92,373.24,0.05,0.17,1514009,1373691879.0,1.25,1.26
2024-05-17,373.62,374.17,374.61,369.77,0.03,0.13,1504515,1339726354.0,1.29,1.26
2024-05-20,380.4,383.71,386.84,379.23,2.55,9.54,2902867,2902075110.0,2.03,2.42
2024-05-21,379.97,373.72,380.74,372.43,-2.6,-9.99,1941689,1904110611.0,2.17,1.62
2024-05-22,373.65,374.36,377.55,373.6,0.17,0.64,1490331,1393085921.0,1.06,1.24
2024-05-23,370.07,365.14,370.07,364.71,-2.46,-9.22,1734512,1510710630.0,1.43,1.45
2024-05-24,363.82,361.93,366.53,361.93,-0.88,-3.21,1279388,1066133839.0,1.26,1.07
2024-05-27,362.4,361.99,363.25,358.09,0.02,0.06,1126269,1000673353.0,1.43,0.94
2024-05-28,362.5,359.29,363.77,359.21,-0.75,-2.7,1105857,1007352705.0,1.26,0.92
2024-05-29,358.69,361.63,364.1,358.03,0.65,2.34,1205438,1093373953.0,1.69,1.01
2024-05-30,359.99,355.28,360.06,354.63,-1.76,-6.35,1178718,1100768803.0,1.5,0.98
2024-05-31,355.51,356.74,357.89,355.48,0.41,1.46,941871,853805065.0,0.68,0.79
2024-06-03,356.27,349.45,356.48,346.97,-2.04,-7.29,1249170,1184877244.0,2.67,1.04
2024-06-04,350.04,351.68,351.68,345.76,0.64,2.23,1072411,1000860122.0,1.69,0.9
2024-06-05,350.55,345.0,350.55,345.0,-1.9,-6.68,855304,861032617.0,1.58,0.71
2024-06-06,346.22,335.97,347.32,335.32,-2.62,-9.03,1344383,1131291023.0,3.48,1.12
2024-06-07,338.29,345.68,345.94,338.29,2.89,9.71,1202734,1078461842.0,2.28,1.0
2024-06-11,341.34,341.18,341.88,337.42,-1.3,-4.5,1029910,967301793.0,1.29,0.86
2024-06-12,342.79,343.73,344.19,341.48,0.75,2.55,944812,836123098.0,0.79,0.79
2024-06-13,343.7,337.94,343.92,337.2,-1.68,-5.79,1028992,883187724.0,1.96,0.86
2024-06-14,337.69,337.32,338.76,335.03,-0.18,-0.62,861673,1002991770.0,1.1,0.72
2024-06-17,336.91,329.27,336.91,329.02,-2.39,-8.05,1051970,1187361481.0,2.34,0.88
2024-06-18,330.16,331.13,332.24,328.73,0.56,1.86,939355,1014814292.0,1.07,0.78
2024-06-19,330.7,330.53,332.92,329.4,-0.18,-0.6,1068900,994779788.0,1.06,0.89
2024-06-20,330.29,322.65,330.35,322.59,-2.38,-7.88,1399820,1148888508.0,2.35,1.17
2024-06-21,322.42,326.81,329.53,322.39,1.29,4.16,1161394,1018295119.0,2.21,0.97
2024-06-24,324.3,318.35,324.3,316.64,-2.59,-8.46,1571146,1188697046.0,2.34,1.31
2024-06-25,317.5,320.4,324.0,316.61,0.64,2.05,1342931,1010093480.0,2.32,1.12
2024-06-26,319.11,324.79,324.91,316.23,1.37,4.39,1222036,984384150.0,2.71,1.02
2024-06-27,323.85,318.31,324.33,318.15,-2.0,-6.48,995836,795765870.0,1.9,0.83
2024-06-28,319.03,318.64,321.24,317.67,0.1,0.33,1022618,794039370.0,1.12,0.85
2024-07-01,317.71,323.1,323.41,317.32,1.4,4.46,960198,818844713.0,1.91,0.8
2024-07-02,322.93,322.72,324.91,321.79,-0.12,-0.38,873363,769348440.0,0.97,0.73
2024-07-03,323.14,322.14,325.14,321.88,-0.18,-0.58,994082,810334638.0,1.01,0.83
2024-07-04,322.59,315.68,323.64,314.46,-2.01,-6.46,1118341,907522564.0,2.85,0.93
2024-07-05,314.66,322.31,322.79,311.66,2.1,6.63,1143120,955419685.0,3.53,0.95
2024-07-08,322.92,314.52,323.19,313.2,-2.42,-7.79,1314203,1081696571.0,3.1,1.1
2024-07-09,312.8,313.13,313.75,304.94,-0.44,-1.39,1420089,1090690340.0,2.8,1.19
2024-07-10,311.93,309.55,313.52,308.8,-1.14,-3.58,1062180,912521441.0,1.51,0.89
2024-07-11,312.81,318.65,319.03,312.81,2.94,9.1,1275221,1063151983.0,2.01,1.06
2024-07-12,321.19,317.38,321.6,315.79,-0.4,-1.27,1254073,1086381992.0,1.82,1.05
2024-07-15,316.65,315.63,316.79,313.72,-0.55,-1.75,956923,840674237.0,0.97,0.8
2024-07-16,314.52,317.01,318.82,313.69,0.44,1.38,1216054,1014211163.0,1.63,1.02
2024-07-17,321.88,320.83,324.8,319.18,1.21,3.82,1655766,1293117098.0,1.77,1.38
2024-07-18,316.12,317.92,318.03,312.85,-0.91,-2.91,1393609,1063345827.0,1.61,1.16
2024-07-19,315.68,313.5,315.68,310.8,-1.39,-4.42,1300832,985118373.0,1.53,1.09
2024-07-22,312.64,312.37,313.61,310.55,-0.36,-1.13,855123,649874772.0,0.98,0.71
2024-07-23,312.23,305.92,314.07,305.88,-2.06,-6.45,1143524,903341246.0,2.62,0.95
2024-07-24,305.57,300.39,306.12,300.14,-1.81,-5.53,1009122,762098572.0,1.95,0.84
2024-07-25,299.14,300.11,303.41,297.58,-0.09,-0.28,825803,614965163.0,1.94,0.69
2024-07-26,300.24,303.7,303.89,300.24,1.2,3.59,739968,542622835.0,1.22,0.62
2024-07-29,304.18,303.35,304.58,301.57,-0.12,-0.35,734711,542958209.0,0.99,0.61
2024-07-30,302.69,305.98,306.39,301.61,0.87,2.63,878872,651426153.0,1.58,0.73
2024-07-31,306.59,314.35,314.46,305.65,2.74,8.37,1482709,1144024439.0,2.88,1.24
2024-08-01,315.2,311.32,315.82,310.99,-0.96,-3.03,1368709,1098029728.0,1.54,1.14
2024-08-02,310.3,314.31,316.36,309.06,0.96,2.99,1719977,1285613416.0,2.34,1.44
2024-08-05,312.07,314.58,320.9,310.64,0.09,0.27,2418312,1830536654.0,3.26,2.02
2024-08-06,311.21,314.45,314.87,311.21,-0.04,-0.13,1546301,1157259130.0,1.16,1.29
2024-08-07,312.67,312.75,313.98,310.76,-0.54,-1.7,1244740,960011985.0,1.02,1.04
2024-08-08,311.01,314.67,315.17,309.17,0.61,1.92,1254485,950534905.0,1.92,1.05
2024-08-09,315.43,314.66,319.26,314.52,0.0,-0.01,1752429,1245637050.0,1.51,1.46
2024-08-12,313.58,311.33,313.58,308.23,-1.06,-3.33,1515172,1027537219.0,1.7,1.27
2024-08-13,313.04,312.44,315.52,310.77,0.36,1.11,1369969,987270323.0,1.53,1.14
2024-08-14,310.67,308.81,311.58,308.14,-1.16,-3.63,1083145,804729101.0,1.1,0.9
2024-08-15,307.44,308.38,310.48,305.38,-0.14,-0.43,1090059,823425127.0,1.65,0.91
2024-08-16,309.24,303.96,310.2,303.8,-1.43,-4.42,1163062,871589237.0,2.08,0.97
2024-08-19,305.26,309.49,311.79,305.26,1.82,5.53,1475820,1131806081.0,2.15,1.23
2024-08-20,309.1,301.42,309.11,300.51,-2.61,-8.07,1363053,1041626365.0,2.78,1.14
2024-08-21,301.68,301.38,304.14,301.1,-0.01,-0.04,1306647,939623209.0,1.01,1.09
2024-08-22,300.25,297.39,301.05,297.03,-1.32,-3.99,1136338,793732154.0,1.33,0.95
2024-08-23,295.54,296.15,297.27,293.97,-0.42,-1.24,1017514,737016712.0,1.11,0.85
2024-08-26,297.13,298.77,299.45,295.91,0.88,2.62,934140,673121703.0,1.2,0.78
2024-08-27,297.75,295.31,298.35,295.1,-1.16,-3.46,993840,669179420.0,1.09,0.83
2024-08-28,296.26,300.49,303.37,295.34,1.75,5.18,1475535,1014122874.0,2.72,1.23
2024-08-29,299.51,303.34,304.06,297.7,0.95,2.85,1443003,993642065.0,2.12,1.2
2024-08-30,303.65,307.94,311.43,300.76,1.52,4.6,2213423,1689548253.0,3.52,1.85
2024-09-02,307.51,301.22,307.59,301.07,-2.18,-6.72,1611563,1204439217.0,2.12,1.35
2024-09-03,300.27,303.26,304.18,299.81,0.68,2.04,1260544,885113995.0,1.45,1.05
2024-09-04,301.6,304.77,307.83,300.7,0.5,1.51,1686106,1083081889.0,2.35,1.41
2024-09-05,304.06,306.95,306.95,303.83,0.72,2.18,1407777,921306480.0,1.02,1.18
2024-09-06,306.62,303.58,307.46,303.53,-1.1,-3.37,1171665,768474699.0,1.28,0.98
2024-09-09,301.82,301.13,303.3,298.77,-0.81,-2.45,930939,641200199.0,1.49,0.78
2024-09-10,301.31,300.77,302.89,296.86,-0.12,-0.36,1018738,701953500.0,2.0,0.85
2024-09-11,300.09,299.46,302.43,298.22,-0.44,-1.31,837442,565113685.0,1.4,0.7
2024-09-12,298.76,297.37,301.07,297.08,-0.7,-2.09,842693,586099512.0,1.33,0.7
2024-09-13,301.0,297.51,302.52,297.33,0.05,0.14,1232949,923975058.0,1.75,1.03
2024-09-18,295.87,294.83,297.05,289.91,-0.9,-2.68,1071471,822876330.0,2.4,0.89
2024-09-19,295.38,301.42,301.96,293.28,2.24,6.59,1378310,1066926467.0,2.94,1.15
2024-09-20,301.53,302.21,302.89,297.9,0.26,0.79,1168127,848646514.0,1.66,0.98
2024-09-23,301.49,301.09,304.1,300.4,-0.37,-1.12,1102916,799532043.0,1.22,0.92
2024-09-24,302.18,310.0,310.0,301.66,2.96,8.91,1673625,1273912040.0,2.77,1.4
2024-09-25,312.98,313.23,319.05,312.87,1.04,3.23,2130988,1742225233.0,1.99,1.78
2024-09-26,312.35,323.35,323.44,312.21,3.23,10.12,1979929,1659932263.0,3.59,1.65
2024-09-27,327.14,335.79,337.64,326.07,3.85,12.44,2530881,2034562523.0,3.58,2.11
2024-09-30,345.83,363.79,365.89,341.61,8.34,28.0,4506394,3903112160.0,7.23,3.76
2024-10-08,398.63,373.75,398.63,359.67,2.74,9.96,5424608,5085271988.0,10.71,4.53
2024-10-09,365.99,343.54,365.99,343.34,-8.08,-30.21,3241661,2833214732.0,6.06,2.71
2024-10-10,343.7,345.37,352.0,338.4,0.53,1.83,2434024,2060144295.0,3.96,2.03
2024-10-11,346.93,341.18,350.33,338.51,-1.21,-4.19,2368362,1938007288.0,3.42,1.98
2024-10-14,341.76,346.64,346.64,337.54,1.6,5.46,2244442,1840889858.0,2.67,1.87
2024-10-15,344.87,344.39,347.86,341.42,-0.65,-2.25,2165071,1773815647.0,1.86,1.81
2024-10-16,341.13,348.33,350.4,340.71,1.14,3.94,2248749,1896169642.0,2.81,1.88
2024-10-17,349.61,342.79,350.91,341.89,-1.59,-5.54,2172606,1689444812.0,2.59,1.81
2024-10-18,343.29,349.22,353.23,341.9,1.88,6.43,2474933,2076075033.0,3.31,2.07
2024-10-21,350.69,349.91,352.62,346.9,0.2,0.69,2439674,2142112107.0,1.64,2.04
2024-10-22,349.46,355.9,355.99,347.49,1.71,5.99,2245434,1961754480.0,2.43,1.87
2024-10-23,355.71,355.37,358.43,354.01,-0.15,-0.53,2169630,1848500281.0,1.24,1.81
2024-10-24,353.4,351.94,354.13,350.37,-0.97,-3.43,1562294,1270096027.0,1.06,1.3
2024-10-25,354.51,358.39,359.31,353.71,1.83,6.45,2107792,1778614824.0,1.59,1.76
2024-10-28,359.92,364.58,364.66,359.91,1.73,6.19,2238303,1859713544.0,1.33,1.87
2024-10-29,367.35,358.74,368.19,358.54,-1.6,-5.84,2729088,2990097201.0,2.65,2.28
2024-10-30,355.97,353.28,357.94,350.67,-1.52,-5.46,2555065,2655766715.0,2.03,2.13
2024-10-31,353.07,357.11,358.4,352.79,1.08,3.83,2687562,2759530265.0,1.59,2.24
2024-11-01,355.57,347.74,356.08,346.11,-2.62,-9.37,2564348,2403639826.0,2.79,2.14
2024-11-04,347.86,350.26,350.26,345.61,0.72,2.52,1686767,1450213006.0,1.34,1.41
2024-11-05,350.38,355.01,355.3,350.14,1.36,4.75,2360776,1984420504.0,1.47,1.97
2024-11-06,355.4,354.83,358.66,353.12,-0.05,-0.18,2586020,2099557449.0,1.56,2.16
2024-11-07,352.24,364.22,364.22,350.48,2.65,9.39,3011105,2668810436.0,3.87,2.51
2024-11-08,365.87,362.83,367.79,360.57,-0.38,-1.39,2794844,2347663888.0,1.98,2.33
2024-11-11,362.22,363.27,363.27,358.1,0.12,0.44,2196120,1835780619.0,1.42,1.83
2024-11-12,363.72,365.95,371.04,363.06,0.74,2.68,3029015,2864435787.0,2.2,2.53
2024-11-13,366.46,365.81,370.36,360.78,-0.04,-0.14,2957198,2324272865.0,2.62,2.47
2024-11-14,364.65,356.69,365.13,356.43,-2.49,-9.12,2152147,1794128534.0,2.38,1.8
2024-11-15,355.17,350.88,358.26,350.83,-1.63,-5.81,2018399,1538048853.0,2.08,1.69
2024-11-18,352.68,349.53,356.18,347.69,-0.38,-1.35,2137285,1759955197.0,2.42,1.78
2024-11-19,349.6,355.42,355.43,348.86,1.69,5.89,1700555,1411601431.0,1.88,1.42
2024-11-20,355.93,357.91,358.5,354.32,0.7,2.49,1500341,1269701692.0,1.18,1.25
2024-11-21,357.7,359.21,359.89,355.13,0.36,1.3,1753881,1472819506.0,1.33,1.46
2024-11-22,360.61,350.09,361.55,349.82,-2.54,-9.12,2275268,1822257813.0,3.27,1.9
2024-11-25,348.33,354.18,355.66,348.33,1.17,4.09,1698469,1442699623.0,2.09,1.42
2024-11-26,352.49,352.58,355.5,351.16,-0.45,-1.6,2288634,1431888475.0,1.23,1.91
2024-11-27,351.79,355.95,356.0,344.57,0.96,3.37,2214182,1639771991.0,3.24,1.85
2024-11-28,357.55,360.51,364.07,357.25,1.28,4.56,3169973,2778704051.0,1.92,2.65
2024-11-29,360.07,366.14,366.94,360.07,1.56,5.63,2982900,2501051904.0,1.91,2.49
2024-12-02,367.27,376.64,377.23,367.27,2.87,10.5,3288607,2850375909.0,2.72,2.75
2024-12-03,377.53,373.97,378.61,373.3,-0.71,-2.67,2966142,2800626782.0,1.41,2.48
2024-12-04,372.8,369.05,374.48,367.29,-1.32,-4.92,2590138,2205483137.0,1.92,2.16
2024-12-05,367.06,373.54,374.05,366.71,1.22,4.49,3083342,2367070431.0,1.99,2.57
2024-12-06,372.99,375.39,376.74,370.21,0.5,1.85,3096656,2351843787.0,1.75,2.59
2024-12-09,375.45,373.47,377.44,370.74,-0.51,-1.92,2577599,2020188099.0,1.78,2.15
2024-12-10,381.08,376.02,382.48,375.1,0.68,2.55,2843669,2511615103.0,1.98,2.37
2024-12-11,375.26,387.55,387.55,375.23,3.07,11.53,3122403,2758997539.0,3.28,2.61
2024-12-12,389.38,394.64,395.07,386.45,1.83,7.09,3760557,3192792917.0,2.22,3.14
2024-12-13,393.67,390.35,394.79,390.01,-1.09,-4.29,3208755,2867066103.0,1.21,2.68
2024-12-16,389.84,389.94,393.49,387.99,-0.11,-0.41,2782923,2284779314.0,1.41,2.32
2024-12-17,389.47,376.8,389.58,375.72,-3.37,-13.14,2868724,2195959741.0,3.55,2.4
2024-12-18,376.62,377.92,379.91,372.41,0.3,1.12,1935776,1423996098.0,1.99,1.62
2024-12-19,374.9,375.93,376.47,370.98,-0.53,-1.99,1679109,1266575697.0,1.45,1.4
2024-12-20,375.66,378.28,381.98,375.57,0.63,2.35,1810331,1412816966.0,1.71,1.51
2024-12-23,377.74,362.78,377.89,361.65,-4.1,-15.5,2677283,2131850190.0,4.29,2.24
2024-12-24,361.82,363.87,363.89,358.28,0.3,1.09,1962581,1605403262.0,1.55,1.64
2024-12-25,363.39,358.91,363.87,353.72,-1.36,-4.96,1858464,1442434956.0,2.79,1.55
2024-12-26,358.3,361.36,363.32,358.3,0.68,2.45,1589620,1168134328.0,1.4,1.33
2024-12-27,361.91,365.72,367.41,360.94,1.21,4.36,1615410,1591750025.0,1.79,1.35
2024-12-30,364.03,359.04,364.03,356.81,-1.83,-6.68,1330684,1234913645.0,1.97,1.11
2024-12-31,359.24,358.97,366.55,358.51,-0.02,-0.07,2559427,2084408995.0,2.24,2.14
2025-01-02,358.47,365.24,371.53,358.47,1.75,6.27,3514955,2896887538.0,3.64,2.93
2025-01-03,365.28,350.04,365.72,348.77,-4.16,-15.2,3235520,2488354823.0,4.64,2.7
2025-01-06,347.97,346.47,351.61,340.44,-1.02,-3.57,2162938,1621005961.0,3.19,1.81
2025-01-07,346.49,350.98,351.09,344.45,1.3,4.51,1869198,1488849107.0,1.92,1.56
2025-01-08,349.33,351.62,354.5,344.51,0.18,0.64,2103993,1780988985.0,2.85,1.76
2025-01-09,349.82,347.58,351.37,346.75,-1.15,-4.04,1393245,1182307379.0,1.31,1.16
2025-01-10,347.2,337.18,347.54,337.11,-2.99,-10.4,1793118,1434629895.0,3.0,1.5
2025-01-13,333.84,336.66,337.27,330.44,-0.15,-0.52,1549858,1222279881.0,2.03,1.29
2025-01-14,338.99,348.04,348.04,338.19,3.38,11.38,1721407,1392678286.0,2.93,1.44
2025-01-15,348.12,347.13,349.35,345.6,-0.26,-0.91,1430761,1209026000.0,1.08,1.19
2025-01-16,349.09,348.8,354.19,346.47,0.48,1.67,1552334,1243077715.0,2.22,1.3
2025-01-17,348.61,345.85,348.78,344.36,-0.85,-2.95,1155405,921629486.0,1.27,0.96
2025-01-20,347.95,348.78,350.28,345.37,0.85,2.93,1213696,984407904.0,1.42,1.01
2025-01-21,349.61,345.28,349.88,342.78,-1.0,-3.5,1053930,811774750.0,2.04,0.88
2025-01-22,345.32,342.46,345.32,340.85,-0.82,-2.82,1039046,922108514.0,1.29,0.87
2025-01-23,345.57,341.87,348.04,341.8,-0.17,-0.59,1220622,969470451.0,1.82,1.02
2025-01-24,341.85,345.61,346.03,339.51,1.09,3.74,1144580,880246229.0,1.91,0.96
2025-01-27,346.13,344.37,349.75,344.37,-0.36,-1.24,1535596,1124847749.0,1.56,1.28
2025-02-05,348.0,345.31,348.16,343.4,0.27,0.94,1544174,1213617041.0,1.38,1.29
2025-02-06,344.71,346.99,347.0,342.26,0.49,1.68,1424183,1113976758.0,1.37,1.19
2025-02-07,346.99,348.78,351.48,345.53,0.52,1.79,1627476,1256692369.0,1.71,1.36
2025-02-10,349.38,353.8,353.88,348.85,1.44,5.02,1682908,1252563355.0,1.44,1.41
2025-02-11,355.19,368.01,369.19,355.17,4.02,14.21,4239628,3860681416.0,3.96,3.54
2025-02-12,364.35,364.97,366.06,361.67,-0.83,-3.04,3302109,2841800663.0,1.19,2.76
2025-02-13,363.81,360.77,363.81,359.73,-1.15,-4.2,2157963,1852098381.0,1.12,1.8
2025-02-14,360.95,361.0,362.03,359.67,0.06,0.23,1799591,1514531940.0,0.65,1.5
2025-02-17,359.47,360.57,362.96,356.7,-0.12,-0.43,2697699,2117692512.0,1.73,2.25
2025-02-18,359.93,352.67,360.36,351.68,-2.19,-7.9,1919456,1519160868.0,2.41,1.6
2025-02-19,354.12,356.91,357.07,353.74,1.2,4.24,2062453,1549233463.0,0.94,1.72
2025-02-20,356.54,362.79,362.79,356.53,1.65,5.88,2209616,1789642947.0,1.75,1.84
2025-02-21,361.89,359.27,361.92,356.68,-0.97,-3.52,2153773,1665983459.0,1.44,1.8
2025-02-24,358.85,360.9,362.14,357.05,0.45,1.63,1660032,1324775899.0,1.42,1.39
2025-02-25,359.01,360.04,362.79,358.32,-0.24,-0.86,1682296,1329655512.0,1.24,1.4
2025-02-26,359.35,360.16,362.26,358.78,0.03,0.12,1608687,1331072866.0,0.97,1.34
2025-02-27,360.18,363.75,363.9,359.29,1.0,3.59,1956732,1576415256.0,1.28,1.63
2025-02-28,362.35,357.58,363.56,357.22,-1.7,-6.17,1790187,1441173133.0,1.74,1.49
2025-03-03,358.0,359.17,363.0,357.71,0.44,1.59,1413799,1143861849.0,1.48,1.18
2025-03-04,358.43,361.53,361.59,357.72,0.66,2.36,1311092,1039094489.0,1.08,1.09
2025-03-05,361.33,365.21,365.55,357.79,1.02,3.68,1783916,1399356042.0,2.15,1.49
2025-03-06,364.62,367.34,367.8,363.63,0.58,2.13,1898792,1582923118.0,1.14,1.59
2025-03-07,366.51,363.55,367.54,362.28,-1.03,-3.79,1441609,1218474438.0,1.43,1.2
2025-03-10,363.66,366.76,366.8,363.27,0.88,3.21,1357129,1128252150.0,0.97,1.13
2025-03-11,365.58,375.11,375.4,364.6,2.28,8.35,3543084,2291012167.0,2.94,2.96
2025-03-12,377.25,384.24,384.7,377.25,2.43,9.13,3807821,3188307065.0,1.99,3.18
2025-03-13,385.94,395.17,400.42,385.94,2.84,10.93,4496892,4066320287.0,3.77,3.75
2025-03-14,401.68,401.68,403.61,395.43,1.65,6.51,3905601,3677242891.0,2.07,3.26
2025-03-17,400.07,400.36,405.71,396.44,-0.33,-1.32,4358968,3763300170.0,2.31,3.64
2025-03-18,399.97,409.3,411.4,396.05,2.23,8.94,4755706,4252451264.0,3.83,3.97
2025-03-19,407.51,413.63,420.28,406.14,1.06,4.33,5069314,4700580133.0,3.45,4.23
2025-03-20,411.54,403.84,415.8,403.05,-2.37,-9.79,4270026,3842200475.0,3.08,3.57
2025-03-21,401.02,390.82,401.21,389.92,-3.22,-13.02,3258063,2623435346.0,2.8,2.72
2025-03-24,387.51,381.87,387.84,377.63,-2.29,-8.95,2726729,2051477345.0,2.61,2.28
2025-03-25,380.99,380.09,382.36,377.72,-0.47,-1.78,1969124,1505600310.0,1.22,1.64
2025-03-26,380.22,382.27,383.68,379.18,0.57,2.18,1774535,1359063025.0,1.18,1.48
2025-03-27,381.53,383.86,384.96,378.3,0.42,1.59,1913774,1533201650.0,1.74,1.6
2025-03-28,387.39,384.78,388.73,381.17,0.24,0.92,2538912,2001018162.0,1.97,2.12
2025-03-31,381.02,385.35,388.26,380.56,0.15,0.57,2690218,2402097574.0,2.0,2.25
2025-04-01,386.42,389.95,393.85,386.42,1.19,4.6,3192739,2996433361.0,1.93,2.67
2025-04-02,389.61,396.63,400.79,388.17,1.71,6.68,3402427,3102498202.0,3.24,2.84
2025-04-03,394.06,393.87,399.15,392.09,-0.7,-2.76,3121724,2841321990.0,1.78,2.61
2025-04-07,370.36,356.67,372.71,353.69,-9.44,-37.2,2292384,2113856756.0,4.83,1.91
2025-04-08,349.1,352.94,359.26,347.02,-1.05,-3.73,3365928,2546879777.0,3.43,2.81
2025-04-09,346.67,359.26,361.69,333.3,1.79,6.32,2900666,2111513519.0,8.04,2.42
2025-04-10,364.34,370.44,372.58,364.34,3.11,11.18,2721852,2171830698.0,2.29,2.27
2025-04-11,375.0,374.21,380.45,373.71,1.02,3.77,2874944,2473111798.0,1.82,2.4
2025-04-14,374.59,380.66,381.2,374.08,1.72,6.45,2389825,2092299451.0,1.9,2.0
2025-04-15,379.45,383.54,384.17,375.45,0.76,2.88,2119657,1854858820.0,2.29,1.77
2025-04-16,384.86,384.88,385.99,378.96,0.35,1.34,2323754,2162262693.0,1.83,1.94
2025-04-17,388.12,390.63,395.42,387.83,1.49,5.75,3700329,3686834461.0,1.97,3.09
2025-04-18,389.0,387.46,390.93,385.1,-0.81,-3.17,3236857,3423145012.0,1.49,2.7
2025-04-21,388.45,398.79,402.92,386.89,2.92,11.33,3813473,3975999569.0,4.14,3.18
2025-04-22,402.75,405.83,411.31,396.26,1.77,7.04,5242436,5139245324.0,3.77,4.38
2025-04-23,398.2,387.25,399.8,386.89,-4.58,-18.58,4502320,4182759833.0,3.18,3.76
2025-04-24,386.67,381.42,388.19,380.93,-1.51,-5.83,2679895,2347882424.0,1.87,2.24
2025-04-25,381.8,384.16,387.51,380.73,0.72,2.74,2227881,1910472855.0,1.78,1.86
2025-04-28,383.56,386.75,387.59,380.14,0.67,2.59,2685949,2342460937.0,1.94,2.24
2025-04-29,387.36,391.31,393.52,387.36,1.18,4.56,3189457,3261136868.0,1.59,2.66
2025-04-30,391.58,392.56,397.23,391.58,0.32,1.25,3151368,3082615844.0,1.44,2.63
2025-05-06,395.98,404.11,404.22,395.98,2.94,11.55,3274044,3037773200.0,2.1,2.73
2025-05-07,405.14,402.47,406.84,399.67,-0.41,-1.64,2844306,2684105112.0,1.77,2.37
2025-05-08,401.06,400.75,404.9,399.25,-0.43,-1.72,2471094,2251005809.0,1.4,2.06
2025-05-09,402.41,405.47,407.34,402.07,1.18,4.72,2493440,2257359895.0,1.32,2.08
2025-05-12,403.45,402.9,405.89,400.66,-0.63,-2.57,2743824,2656521625.0,1.29,2.29
2025-05-13,402.61,406.16,408.47,400.95,0.81,3.26,2671845,2588210449.0,1.87,2.23
2025-05-14,404.15,405.36,405.84,401.08,-0.2,-0.8,2162262,1957703473.0,1.17,1.81
2025-05-15,403.42,402.79,403.77,399.3,-0.63,-2.57,1851451,1674234446.0,1.1,1.55
2025-05-16,403.23,411.0,412.94,403.07,2.04,8.21,2853786,2618463407.0,2.45,2.38
2025-05-19,413.25,416.84,416.94,411.82,1.42,5.84,2550025,2310273336.0,1.25,2.13
2025-05-20,416.09,434.79,435.83,415.92,4.31,17.95,3463173,3768248014.0,4.78,2.89
2025-05-21,440.59,448.33,448.94,431.43,3.11,13.54,4764654,5399468441.0,4.03,3.98
2025-05-22,446.83,445.25,451.29,443.2,-0.69,-3.08,4548198,4775839192.0,1.8,3.8
2025-05-23,442.05,443.15,447.83,438.6,-0.47,-2.1,4035521,4132026805.0,2.07,3.37
2025-05-26,443.0,451.94,457.17,441.37,1.98,8.79,3958321,4585064216.0,3.57,3.3
2025-05-27,451.84,466.29,472.02,450.53,3.18,14.35,4884400,5915214248.0,4.76,4.08
2025-05-28,461.07,486.64,492.08,459.83,4.36,20.35,6502800,7819885896.0,6.92,5.43
2025-05-29,477.23,472.81,479.02,468.23,-2.84,-13.83,5114937,5916813295.0,2.22,4.27
2025-05-30,472.18,465.59,476.65,465.27,-1.53,-7.22,4445533,4958227560.0,2.41,3.71
2025-06-03,470.94,489.86,490.29,467.3,5.21,24.27,5334882,6358177748.0,4.94,4.45
2025-06-04,487.52,516.76,516.76,487.35,5.49,26.9,6367988,8141263878.0,6.0,5.32
2025-06-05,516.18,491.8,519.31,488.63,-4.83,-24.96,6929325,9142714919.0,5.94,5.79
2025-06-06,487.99,477.88,488.55,476.74,-2.83,-13.92,5577709,6538890029.0,2.4,4.66
2025-06-09,475.46,482.13,482.19,472.17,0.89,4.25,4726321,5193838880.0,2.1,3.95
2025-06-10,481.73,480.02,482.83,470.29,-0.44,-2.11,4544471,5647820230.0,2.6,3.79
2025-06-11,479.73,486.84,494.06,478.65,1.42,6.82,4420625,5821758474.0,3.21,3.69
2025-06-12,487.25,497.54,500.73,485.79,2.2,10.7,4949762,6420101851.0,3.07,4.13
2025-06-13,507.37,501.29,511.71,498.36,0.75,3.75,4709265,6764129182.0,2.68,3.93
2025-06-16,496.89,497.88,502.49,491.89,-0.68,-3.41,5322186,5653623923.0,2.11,4.44
2025-06-17,494.49,486.59,498.9,484.4,-2.27,-11.29,6436749,5834385331.0,2.91,5.37
2025-06-18,482.78,479.17,482.78,475.16,-1.52,-7.42,4803924,4243983860.0,1.57,4.01
2025-06-19,476.05,464.4,476.59,463.09,-3.08,-14.77,3749907,3731894649.0,2.82,3.13
2025-06-20,463.34,460.71,467.13,460.36,-0.79,-3.69,2411310,2385115665.0,1.46,2.01
2025-06-23,459.44,469.15,470.43,459.4,1.83,8.44,3069031,3201191259.0,2.39,2.56
2025-06-24,466.3,465.3,471.29,463.39,-0.82,-3.85,3096239,3220365250.0,1.68,2.59
2025-06-25,465.95,463.77,466.77,461.09,-0.33,-1.53,3052906,2867229847.0,1.22,2.55
2025-06-26,462.7,465.88,467.67,458.94,0.45,2.11,3001801,2774905353.0,1.88,2.51
2025-06-27,465.28,472.53,474.92,462.17,1.43,6.65,3437444,3080065734.0,2.74,2.87
2025-06-30,478.13,485.54,487.23,477.99,2.75,13.01,6213461,4607494768.0,1.96,5.19
2025-07-01,489.73,489.67,495.11,483.16,0.85,4.13,5749819,5341852807.0,2.46,4.8
2025-07-02,487.71,486.25,494.82,484.68,-0.7,-3.42,4608793,4587184716.0,2.07,3.85
2025-07-03,485.01,490.75,493.33,483.41,0.93,4.5,5005983,4121629538.0,2.04,4.18
2025-07-04,492.27,484.25,492.7,481.64,-1.32,-6.5,3956336,3784743100.0,2.25,3.3
2025-07-07,482.46,492.55,495.24,482.46,1.71,8.3,4740658,3894156799.0,2.64,3.96
2025-07-08,493.04,496.33,500.7,492.13,0.77,3.78,9830223,6346708564.0,1.74,8.21
2025-07-09,493.97,497.76,501.35,491.73,0.29,1.43,10388853,6917513546.0,1.94,8.67
2025-07-10,496.06,490.66,496.07,488.59,-1.43,-7.1,8731134,5584441736.0,1.5,7.29
2025-07-11,490.86,487.88,491.88,486.77,-0.57,-2.78,6912201,4348130349.0,1.04,5.77
2025-07-14,487.91,492.13,492.33,486.41,0.87,4.25,6907465,4259791858.0,1.21,5.77
2025-07-15,487.87,476.83,488.54,475.25,-3.11,-15.3,5913399,4490622417.0,2.7,4.94
2025-07-16,474.86,477.47,477.76,473.59,0.13,0.64,4495251,3055977544.0,0.87,3.75
2025-07-17,477.97,478.1,480.09,475.06,0.13,0.63,4030878,3041861229.0,1.05,3.37
2025-07-18,477.66,477.31,478.18,474.49,-0.17,-0.79,3667082,2616925086.0,0.77,3.06
2025-07-21,478.0,481.48,481.85,477.1,0.87,4.17,3755521,3011561640.0,1.0,3.14
2025-07-22,482.44,479.52,486.15,477.91,-0.41,-1.96,3987128,3418950314.0,1.71,3.33
2025-07-23,478.98,478.1,483.18,477.29,-0.3,-1.42,3323544,2837154223.0,1.23,2.77
2025-07-24,476.98,482.73,482.84,476.88,0.97,4.63,3132975,2742316816.0,1.25,2.62
2025-07-25,482.46,481.85,484.92,480.47,-0.18,-0.88,2440689,2154514186.0,0.92,2.04
2025-07-28,482.09,478.34,482.76,476.44,-0.73,-3.51,2548880,2507149079.0,1.31,2.13
2025-07-29,477.42,476.72,478.59,472.66,-0.34,-1.62,3309329,2443419533.0,1.24,2.76
2025-07-30,476.26,476.39,479.52,473.17,-0.07,-0.33,2869428,2560105579.0,1.33,2.4
2025-07-31,475.08,469.65,475.08,468.75,-1.41,-6.74,2409425,2251897041.0,1.33,2.01
2025-08-01,469.55,469.92,470.7,468.41,0.06,0.27,1984724,1594296214.0,0.49,1.66
2025-08-04,472.4,480.43,480.64,471.55,2.24,10.51,2659313,2774282949.0,1.93,2.22
2025-08-05,480.47,479.18,482.09,477.94,-0.26,-1.25,2336930,2314258322.0,0.86,1.95
2025-08-06,478.72,483.03,483.2,476.75,0.8,3.85,2340617,2413157904.0,1.35,1.95
2025-08-07,482.25,496.42,497.23,481.51,2.77,13.39,3471514,4252587583.0,3.25,2.9
2025-08-08,499.23,495.49,499.91,491.85,-0.19,-0.93,3685136,4309653320.0,1.62,3.08
2025-08-11,491.39,496.84,497.1,489.32,0.27,1.35,3015916,3252628724.0,1.57,2.52
2025-08-12,497.04,503.8,504.84,496.89,1.4,6.96,5436719,4719706770.0,1.6,4.54
2025-08-13,503.19,499.0,503.27,494.62,-0.95,-4.8,4111489,4448810586.0,1.72,3.43
2025-08-14,497.88,487.68,498.19,487.37,-2.27,-11.32,5014232,4204809073.0,2.17,4.19
2025-08-15,486.31,491.16,491.36,485.5,0.71,3.48,3576152,2963276257.0,1.2,2.99
2025-08-18,490.71,491.46,492.46,489.89,0.06,0.3,3451689,3129526758.0,0.52,2.88
2025-08-19,491.67,488.95,491.7,487.48,-0.51,-2.51,2828332,2570953108.0,0.86,2.36
2025-08-20,488.05,496.47,496.47,487.27,1.54,7.52,3385030,3157556926.0,1.88,2.83
2025-08-21,497.89,499.07,501.61,497.19,0.52,2.6,5460557,4089046897.0,0.89,4.56
2025-08-22,498.25,496.65,498.56,492.68,-0.48,-2.42,3769852,3236498766.0,1.18,3.15
2025-08-25,499.41,502.55,502.55,497.16,1.19,5.9,3832173,3658036177.0,1.09,3.2
2025-08-26,501.38,499.68,503.56,499.18,-0.57,-2.87,3221592,2962500033.0,0.87,2.69
2025-08-27,498.93,485.55,499.09,485.55,-2.83,-14.13,3651123,3209436244.0,2.71,3.05
2025-08-28,485.44,483.87,492.54,472.25,-0.35,-1.68,3684229,3566918086.0,4.18,3.08
2025-08-29,484.74,490.88,495.22,484.44,1.45,7.01,2914060,3242151131.0,2.23,2.43
2025-09-01,493.55,507.44,509.59,492.93,3.37,16.56,4954313,5282483570.0,3.39,4.14
2025-09-02,509.41,515.75,518.18,504.55,1.64,8.31,5241404,6234593662.0,2.69,4.38
2025-09-03,518.7,507.29,526.37,506.32,-1.64,-8.46,4647521,5692459620.0,3.89,3.88
2025-09-04,505.56,507.17,509.84,499.37,-0.02,-0.12,3874388,4537680313.0,2.06,3.23
2025-09-05,505.31,516.87,517.74,496.53,1.91,9.7,4148163,5257109721.0,4.18,3.46
2025-09-08,518.6,519.12,525.98,515.71,0.44,2.25,3770072,4868016660.0,1.99,3.15
2025-09-09,523.95,535.04,546.06,523.9,3.07,15.92,6824615,8279797421.0,4.27,5.7
2025-09-10,521.79,525.4,526.9,519.52,-1.8,-9.64,4763736,5484309519.0,1.38,3.98
2025-09-11,523.25,519.23,523.25,512.32,-1.17,-6.17,3656172,4082599415.0,2.08,3.05
2025-09-12,518.74,521.35,526.2,517.05,0.41,2.12,3283940,3739718564.0,1.76,2.74
2025-09-15,518.28,512.49,518.42,511.78,-1.7,-8.86,2896906,3101024281.0,1.27,2.42
2025-09-16,517.02,513.73,518.23,507.12,0.24,1.24,2691233,3261551800.0,2.17,2.25
2025-09-17,511.54,508.26,511.54,505.81,-1.06,-5.47,2362642,2479998032.0,1.12,1.97
2025-09-18,506.01,495.92,506.01,492.73,-2.43,-12.34,3183452,3225514302.0,2.61,2.66
2025-09-19,494.58,498.0,499.15,491.49,0.42,2.08,1990198,2086566016.0,1.54,1.66
2025-09-22,499.62,498.45,500.12,491.23,0.09,0.45,2296332,2479264000.0,1.79,1.92
2025-09-23,498.26,493.29,500.32,486.82,-1.04,-5.16,2405165,2400787209.0,2.71,2.01
2025-09-24,490.93,495.39,496.18,487.95,0.43,2.1,1845098,1934240360.0,1.67,1.54
2025-09-25,493.91,486.26,493.91,485.76,-1.84,-9.13,2003578,2158348418.0,1.65,1.67
2025-09-26,486.02,485.65,488.86,483.76,-0.13,-0.61,1370933,1416375060.0,1.05,1.14
2025-09-29,487.01,485.33,487.01,478.11,-0.07,-0.32,1846687,1851129199.0,1.83,1.54
2025-09-30,486.78,487.13,489.29,485.19,0.37,1.8,1715168,1735153719.0,0.84,1.43
2025-10-09,499.24,495.82,499.74,490.39,1.78,8.69,3528333,3601976654.0,1.92,2.95
2025-10-10,491.15,493.04,494.97,490.61,-0.56,-2.78,2728607,2693823695.0,0.88,2.28
2025-10-13,482.21,494.08,494.36,481.04,0.21,1.04,2712018,2551709640.0,2.7,2.26
2025-10-14,499.22,499.78,508.58,497.83,1.15,5.7,4141858,4350648807.0,2.18,3.46
2025-10-15,503.19,503.49,503.55,496.94,0.74,3.71,2638459,2970777009.0,1.32,2.2
2025-10-16,503.4,502.98,513.73,501.47,-0.1,-0.51,3005353,3437175133.0,2.44,2.51
2025-10-17,508.47,500.92,516.3,499.94,-0.41,-2.06,3400593,3945249145.0,3.25,2.84
2025-10-20,491.49,490.99,493.5,488.02,-1.98,-9.93,2747942,2926842650.0,1.09,2.29
2025-10-21,494.63,497.0,499.2,492.4,1.22,6.01,2636583,2941081973.0,1.38,2.2
2025-10-22,487.99,486.29,488.74,484.53,-2.15,-10.71,2317187,2508949318.0,0.85,1.93
2025-10-23,486.99,486.42,487.84,480.88,0.03,0.13,2179796,2319136995.0,1.43,1.82
2025-10-24,486.88,481.23,489.04,480.69,-1.07,-5.19,2311957,2718588626.0,1.72,1.93
2025-10-27,481.82,483.59,484.88,480.28,0.49,2.36,2021514,2150387135.0,0.96,1.69
2025-10-28,482.56,485.57,488.38,480.54,0.41,1.98,2036206,2316075426.0,1.62,1.7
2025-10-29,484.88,487.68,487.76,482.15,0.43,2.11,1789548,1999531958.0,1.16,1.49
2025-10-30,486.47,478.83,486.47,478.79,-1.81,-8.85,2266979,2211829741.0,1.57,1.89
2025-10-31,479.84,481.56,483.03,479.84,0.57,2.73,2418432,2253013026.0,0.67,2.02
2025-11-03,480.35,474.04,480.35,470.73,-1.56,-7.52,2366712,2598079716.0,2.0,1.98
2025-11-04,473.6,468.73,473.6,466.02,-1.12,-5.31,1819646,1869669592.0,1.6,1.52
2025-11-05,465.35,473.12,473.89,465.01,0.94,4.39,1839478,1694108776.0,1.89,1.54
2025-11-06,472.92,470.75,473.0,468.71,-0.5,-2.37,1442430,1265412817.0,0.91,1.2
2025-11-07,470.28,472.28,473.18,469.52,0.33,1.53,1383907,1473365297.0,0.78,1.16
2025-11-10,473.94,483.5,483.55,473.69,2.38,11.22,2755886,2693965583.0,2.09,2.3
2025-11-11,484.65,487.33,488.95,482.68,0.79,3.83,3552303,2756354483.0,1.3,2.97
2025-11-12,487.41,485.46,489.41,484.6,-0.38,-1.87,2240971,2073119707.0,0.99,1.87
2025-11-13,486.97,488.67,489.0,483.51,0.66,3.21,1861794,1843144993.0,1.13,1.55
2025-11-14,486.78,486.52,491.07,486.18,-0.44,-2.15,2006108,2015888597.0,1.0,1.67
2025-11-17,487.02,486.37,487.56,484.92,-0.03,-0.15,1652537,1752322491.0,0.54,1.38
2025-11-18,486.54,482.67,487.25,480.53,-0.76,-3.7,1881285,1804353650.0,1.38,1.57
2025-11-19,482.83,487.16,487.68,481.39,0.93,4.49,2512652,2159901098.0,1.3,2.1
2025-11-20,487.61,485.36,491.22,484.31,-0.37,-1.8,2153585,2163574895.0,1.42,1.8
2025-11-21,485.45,475.76,488.83,474.5,-1.98,-9.6,2126735,2120092968.0,2.95,1.78
2025-11-24,476.92,480.06,481.39,473.13,0.9,4.3,2117909,2006134255.0,1.74,1.77
2025-11-25,479.41,481.04,483.42,478.06,0.2,0.98,3121596,2703644089.0,1.12,2.61
2025-11-26,479.78,482.08,484.14,478.55,0.22,1.04,2987414,2545294865.0,1.16,2.49
2025-11-27,481.76,477.59,481.76,477.14,-0.93,-4.49,2278206,2225022662.0,0.96,1.9
2025-11-28,479.38,483.16,483.4,475.64,1.17,5.57,2053174,1875618968.0,1.62,1.71
2025-12-01,485.94,483.98,488.84,482.97,0.17,0.82,2260312,2317630754.0,1.21,1.89
2025-12-02,482.73,481.18,482.73,478.07,-0.58,-2.8,1819902,1909161984.0,0.96,1.52
2025-12-03,481.06,475.82,481.99,474.49,-1.11,-5.36,1652238,1588276182.0,1.56,1.38
2025-12-04,474.82,468.44,475.63,467.47,-1.55,-7.38,1607947,1488512344.0,1.71,1.34
2025-12-05,469.06,474.66,474.73,467.07,1.33,6.22,1528995,1439757162.0,1.64,1.28
2025-12-08,474.33,474.43,475.76,472.98,-0.05,-0.23,1665374,1557081744.0,0.59,1.39
2025-12-09,473.5,469.31,474.66,468.93,-1.08,-5.12,1344799,1292899964.0,1.21,1.12
2025-12-10,469.71,471.97,473.08,468.18,0.57,2.66,1687886,1519700127.0,1.04,1.41
2025-12-11,472.44,461.85,472.6,461.63,-2.14,-10.12,1872963,1598981862.0,2.32,1.56
2025-12-12,462.74,461.97,464.14,460.77,0.03,0.12,2101145,1924339850.0,0.73,1.75
2025-12-15,459.99,462.77,463.81,458.94,0.17,0.8,1685911,1567311338.0,1.05,1.41
2025-12-16,462.09,457.5,464.24,456.76,-1.14,-5.27,1669226,1393371754.0,1.62,1.39
2025-12-17,457.85,462.33,463.04,455.98,1.06,4.83,1797835,1507496015.0,1.54,1.5
2025-12-18,461.78,469.14,472.58,461.42,1.47,6.81,1774327,1739617832.0,2.41,1.48
2025-12-19,471.23,473.2,474.59,466.91,0.87,4.06,2468527,2263014155.0,1.64,2.06
2025-12-22,473.59,472.79,474.53,471.58,-0.09,-0.41,1887162,1776802345.0,0.62,1.58
2025-12-23,474.38,471.8,474.59,470.29,-0.21,-0.99,1826289,1633821055.0,0.91,1.52
2025-12-24,472.84,471.13,473.24,468.18,-0.14,-0.67,1518762,1405909154.0,1.07,1.27
2025-12-25,470.62,471.23,472.19,468.0,0.02,0.1,1653636,1391664265.0,0.89,1.38
2025-12-26,471.26,471.83,476.07,470.69,0.13,0.6,1591298,1511461205.0,1.14,1.33
2025-12-29,472.47,468.79,472.47,467.41,-0.64,-3.04,1659519,1495957997.0,1.07,1.39
2025-12-30,466.15,462.16,466.15,461.62,-1.41,-6.63,1704100,1514835609.0,0.97,1.42
2025-12-31,462.47,466.69,467.65,460.65,0.98,4.53,1964644,1639192480.0,1.51,1.64
2026-01-05,467.86,470.36,470.39,464.89,0.79,3.67,1904620,1881331081.0,1.18,1.59
2026-01-06,470.51,476.08,477.75,470.51,1.22,5.72,2216841,2187218403.0,1.54,1.85
2026-01-07,475.82,471.09,476.31,470.24,-1.05,-4.99,2004939,1932510397.0,1.27,1.67
2026-01-08,470.0,473.53,474.46,469.66,0.52,2.44,1714429,1734093799.0,1.02,1.43
2026-01-09,473.77,477.88,477.94,472.43,0.92,4.35,1915935,1981894745.0,1.16,1.6
2026-01-12,479.78,485.68,485.76,479.57,1.63,7.8,2767953,2580233385.0,1.3,2.31
2026-01-13,488.47,489.75,495.27,488.13,0.84,4.07,3833795,3477554370.0,1.47,3.2
2026-01-14,488.38,496.01,498.74,487.52,1.28,6.26,4447153,4113244162.0,2.29,3.71
2026-01-15,494.54,489.09,494.54,487.27,-1.4,-6.92,2801810,2591185212.0,1.47,2.34
2026-01-16,486.82,481.46,487.55,478.97,-1.56,-7.63,2433065,2124651954.0,1.75,2.03
2026-01-19,482.14,487.79,489.22,481.45,1.31,6.33,2541420,2425390932.0,1.61,2.12
2026-01-20,486.47,489.99,490.27,485.21,0.45,2.2,2593128,2509858182.0,1.04,2.17
2026-01-21,490.98,498.34,498.62,490.55,1.7,8.35,4521403,4149100130.0,1.65,3.78
2026-01-22,493.9,494.72,496.56,491.11,-0.73,-3.62,2977675,2822244643.0,1.09,2.49
2026-01-23,498.51,511.24,516.74,498.12,3.34,16.52,5278600,5151077357.0,3.76,4.41
2026-01-26,518.36,527.87,535.93,518.36,3.25,16.63,8994628,8636850167.0,3.44,7.51
2026-01-27,521.76,521.35,529.65,517.47,-1.24,-6.52,7263909,7711192110.0,2.31,6.06
2026-01-28,528.55,562.06,563.73,528.55,7.81,40.71,7547308,9258311167.0,6.75,6.3
2026-01-29,572.02,547.76,576.74,545.38,-2.54,-14.3,10725666,11550231512.0,5.58,8.96
2026-01-30,526.13,522.54,529.57,514.96,-4.6,-25.22,10650587,12486084534.0,2.67,8.89
2026-02-02,501.26,496.27,505.58,496.27,-5.03,-26.27,3998120,3953155136.0,1.78,3.34
2026-02-03,496.62,507.21,508.1,494.84,2.2,10.94,7060908,7915885190.0,2.67,5.9
2026-02-04,514.0,509.86,515.9,504.63,0.52,2.65,5590684,6737082576.0,2.22,4.67
2026-02-05,502.12,504.09,509.28,501.58,-1.13,-5.77,4612950,5026267219.0,1.51,3.85
2026-02-06,498.2,515.53,520.0,497.1,2.27,11.44,4883284,5770065263.0,4.54,4.08
2026-02-09,520.1,519.25,520.23,516.6,0.72,3.72,3679243,4376393860.0,0.7,3.07
2026-02-10,516.51,510.74,516.53,510.57,-1.64,-8.51,3222950,3236454089.0,1.15,2.69
2026-02-11,508.54,507.76,510.32,506.57,-0.58,-2.98,2257008,2361022751.0,0.73,1.88
2026-02-12,505.17,500.67,507.61,500.23,-1.4,-7.09,2242642,2323418196.0,1.45,1.87
2026-02-13,496.0,495.92,500.94,495.53,-0.95,-4.75,2060457,2059411477.0,1.08,1.72
2026-02-24,502.7,502.13,505.81,500.24,1.25,6.21,4484357,4629289946.0,1.12,3.74
2026-02-25,502.61,501.99,504.39,499.68,-0.03,-0.14,3409306,3390073246.0,0.94,2.85
2026-02-26,504.11,494.59,504.11,493.2,-1.47,-7.4,2901226,2944028247.0,2.17,2.42
2026-02-27,493.28,494.96,495.8,491.81,0.07,0.37,2517618,2525153564.0,0.81,2.1
2026-03-02,499.5,499.05,502.07,486.51,0.83,4.09,6061658,7013417950.0,3.14,5.06
2026-03-03,495.91,482.29,496.45,481.51,-3.36,-16.76,5056721,5792202608.0,2.99,4.22
2026-03-04,471.81,472.47,477.1,468.65,-2.04,-9.82,3126864,3397201707.0,1.75,2.61
2026-03-05,476.98,471.95,477.52,470.42,-0.11,-0.52,2651398,2787299913.0,1.5,2.21
2026-03-06,468.74,479.08,479.08,467.7,1.51,7.13,1924702,1947619350.0,2.41,1.61
2026-03-09,476.43,475.37,477.03,469.85,-0.77,-3.71,2433016,2392135680.0,1.5,2.03
2026-03-10,477.45,479.25,482.07,477.45,0.82,3.88,1926397,1988373616.0,0.97,1.61
2026-03-11,480.0,475.02,481.29,474.0,-0.88,-4.23,1930199,1942736081.0,1.52,1.61
2026-03-12,474.42,470.43,474.95,469.62,-0.97,-4.59,1812831,1734670737.0,1.12,1.51
2026-03-13,468.97,465.19,472.21,464.44,-1.11,-5.24,2093289,1834853746.0,1.65,1.75
2026-03-16,462.57,462.61,465.39,458.95,-0.55,-2.58,1985394,1831836308.0,1.38,1.66
2026-03-17,462.56,458.62,465.18,457.95,-0.86,-3.99,1710117,1471422444.0,1.56,1.43
2026-03-18,459.51,461.27,461.41,457.53,0.58,2.65,1588156,1374072240.0,0.85,1.33
2026-03-19,457.23,452.35,460.01,451.7,-1.93,-8.92,2173016,1817882495.0,1.8,1.81
2026-03-20,451.77,442.97,453.86,442.61,-2.07,-9.38,1965866,1624955858.0,2.49,1.64
2026-03-23,434.18,420.6,435.71,418.6,-5.05,-22.37,2648309,2132877200.0,3.86,2.21
2026-03-24,427.69,435.4,435.62,422.37,3.52,14.8,2484542,2044955081.0,3.15,2.07
2026-03-25,438.39,443.38,444.25,438.26,1.83,7.98,2039497,1844367605.0,1.38,1.7
2026-03-26,441.64,438.01,446.46,436.43,-1.21,-5.37,1561456,1324974431.0,2.26,1.3
2026-03-27,434.65,445.54,445.66,434.23,1.72,7.53,1984532,1345383088.0,2.61,1.66
2026-03-30,443.63,448.04,448.26,440.85,0.56,2.5,1899105,1557450456.0,1.66,1.59
2026-03-31,448.58,442.96,453.22,442.53,-1.13,-5.08,1739948,1428157796.0,2.39,1.45
2026-04-01,447.99,446.15,448.95,443.48,0.72,3.19,1500548,1317094375.0,1.23,1.25
2026-04-02,445.63,440.47,445.63,438.38,-1.27,-5.68,1406653,1197251097.0,1.63,1.17
2026-04-03,441.01,433.12,441.84,430.85,-1.67,-7.35,1177617,934118270.0,2.5,0.98
2026-04-07,433.18,437.36,440.13,432.45,0.98,4.24,1151468,950138132.0,1.77,0.96
2026-04-08,444.91,450.23,450.39,444.91,2.94,12.87,2420687,2174845975.0,1.25,2.02
2026-04-09,447.01,440.71,447.01,439.69,-2.11,-9.52,1662038,1374880133.0,1.63,1.39
2026-04-10,442.45,443.61,445.77,441.8,0.66,2.9,1541547,1246076467.0,0.9,1.29
2026-04-13,443.49,448.12,448.12,441.5,1.02,4.51,1317815,1135194929.0,1.49,1.1
2026-04-14,451.25,449.26,452.42,445.62,0.25,1.14,1808388,1667630635.0,1.52,1.51
2026-04-15,451.2,452.9,454.17,449.29,0.81,3.64,2152657,2129787987.0,1.09,1.8
2026-04-16,452.36,455.75,457.04,450.76,0.63,2.85,2408789,2156350195.0,1.39,2.01
2026-04-17,454.91,450.45,454.91,449.13,-1.16,-5.3,2165325,1602146731.0,1.27,1.81
2026-04-20,448.78,451.5,451.79,447.78,0.23,1.05,1574885,1384422229.0,0.89,1.31
2026-04-21,449.98,449.7,450.24,446.86,-0.4,-1.8,1659533,1573601794.0,0.75,1.39
2026-04-22,446.37,446.13,446.77,443.01,-0.79,-3.57,1750803,1623389097.0,0.84,1.46
2026-04-23,443.6,442.16,445.72,440.57,-0.89,-3.97,1533432,1486027464.0,1.15,1.28
2026-04-24,439.34,438.69,440.32,435.08,-0.78,-3.47,1372035,1289117117.0,1.19,1.15
2026-04-27,437.97,439.89,440.38,434.15,0.27,1.2,1960638,1540215271.0,1.42,1.64
2026-04-28,438.87,438.89,441.06,436.93,-0.23,-1.0,1595812,1402871690.0,0.94,1.33
2026-04-29,438.66,445.31,446.15,438.13,1.46,6.42,2187475,2079988768.0,1.83,1.83
2026-04-30,446.48,440.77,449.17,439.86,-1.02,-4.54,3823016,3416847575.0,2.09,3.19
2026-05-06,441.41,440.53,441.43,437.38,-0.05,-0.24,2706431,2487693367.0,0.92,2.26
2026-05-07,441.35,440.87,444.06,438.42,0.08,0.34,2585093,2397120211.0,1.28,2.16
2026-05-08,440.42,443.08,443.76,439.26,0.5,2.21,2257739,2237244082.0,1.02,1.89
2026-05-11,442.63,440.65,443.2,437.68,-0.55,-2.43,2561722,2378218454.0,1.25,2.14
2026-05-12,441.61,437.23,442.49,436.26,-0.78,-3.42,2147119,1975336705.0,1.41,1.79
2026-05-13,437.04,435.6,437.11,433.27,-0.37,-1.63,1814781,1687012166.0,0.88,1.52
2026-05-14,435.33,429.7,435.92,429.7,-1.35,-5.9,2045576,1724729456.0,1.43,1.71
2026-05-15,428.6,424.18,430.35,422.57,-1.28,-5.52,2049708,1899282678.0,1.81,1.71
2026-05-18,422.24,420.03,422.24,416.98,-0.98,-4.15,2064526,1548175596.0,1.24,1.72
2026-05-19,420.89,425.77,425.77,420.27,1.37,5.74,1731168,1560417161.0,1.31,1.45
2026-05-20,424.9,419.5,424.9,416.85,-1.47,-6.27,1664000,1507256779.0,1.89,1.39
2026-05-21,420.75,412.57,423.8,412.37,-1.65,-6.93,2153925,2131446818.0,2.72,1.8
2026-05-22,414.19,416.57,419.01,411.82,0.97,4.0,1525558,1505938883.0,1.74,1.27
2026-05-25,418.1,416.68,420.83,415.24,0.03,0.11,1618642,1986551982.0,1.34,1.35
2026-05-26,414.98,411.87,415.15,407.74,-1.15,-4.81,1941811,1857790330.0,1.78,1.62
2026-05-27,409.37,399.98,409.49,397.86,-2.89,-11.89,2204311,2192772309.0,2.82,1.84
2026-05-28,399.04,400.19,402.17,394.38,0.05,0.21,1639436,1525923000.0,1.95,1.37
2026-05-29,401.06,401.8,406.69,400.39,0.4,1.61,1838654,1782239676.0,1.57,1.54
2026-06-01,399.83,405.19,406.56,397.6,0.84,3.39,1912629,1619977524.0,2.23,1.6
2026-06-02,404.67,399.97,405.27,396.76,-1.29,-5.22,1567003,1331739299.0,2.1,1.31
2026-06-03,398.95,398.19,399.59,396.51,-0.45,-1.78,1803670,1241465400.0,0.77,1.51
2026-06-04,398.14,393.96,400.85,391.6,-1.06,-4.23,2254174,1425544941.0,2.32,1.88
2026-06-05,393.57,394.89,400.36,392.25,0.24,0.93,2590111,1612759941.0,2.06,2.16
2026-06-08,391.01,384.12,393.67,380.49,-2.73,-10.77,2304363,1523513047.0,3.34,1.92
2026-06-09,385.53,387.06,387.69,381.67,0.77,2.94,1840642,1224020390.0,1.57,1.54
2026-06-10,385.31,382.22,385.55,378.77,-1.25,-4.84,1853046,1170605486.0,1.75,1.55
2026-06-11,379.43,380.1,381.14,376.08,-0.55,-2.12,1899889,1182241413.0,1.32,1.59
2026-06-12,382.2,391.04,392.6,382.02,2.88,10.94,2373427,1748435238.0,2.78,1.98
2026-06-15,392.78,396.55,400.33,392.78,1.41,5.51,2556837,1905059776.0,1.93,2.13
2026-06-16,396.44,393.95,396.44,391.4,-0.66,-2.6,1889415,1475734249.0,1.27,1.58
2026-06-17,393.03,389.07,393.03,387.2,-1.24,-4.88,1512706,1228259579.0,1.48,1.26
2026-06-18,387.35,385.92,389.25,382.84,-0.81,-3.15,1378638,1031724438.0,1.65,1.15
2026-06-22,384.93,389.34,389.54,375.99,0.89,3.42,2032246,1476584823.0,3.51,1.7
2026-06-23,387.65,384.95,390.94,383.78,-1.13,-4.39,2005977,1419587117.0,1.84,1.67
2026-06-24,384.87,378.16,385.12,374.96,-1.76,-6.79,1686253,1202601621.0,2.64,1.41
2026-06-25,376.66,372.5,377.18,370.15,-1.5,-5.66,1819416,1237384426.0,1.86,1.52
2026-06-26,371.46,363.21,371.46,362.2,-2.49,-9.29,1693974,1149815847.0,2.49,1.41
2026-06-29,363.24,370.9,372.96,355.22,2.12,7.7,1873489,1301262898.0,4.88,1.56
2026-06-30,369.95,376.62,377.22,368.75,1.54,0,1921376.0,1293235897.0,0,0
2026-07-01,377.95,383.88,385.69,376.43,1.93,0,2476385.0,1684834035.0,0,0
2026-07-02,384.37,387.41,392.71,384.37,0.92,0,2338135.0,1918323249.0,0,0
2026-07-03,0.00,394.34,0.00,0.00,1.79,0,0,0,0,0
