日期,开盘,收盘,最高,最低,涨跌幅,涨跌额,成交量,成交额,振幅,换手率
2010-10-22,1000.12,1014.85,1028.85,984.17,1.49,14.85,4069164,6443774528.0,4.47,0.38
2010-10-25,1021.14,1031.79,1052.05,1010.84,1.67,16.94,4738857,7899680986.0,4.06,0.44
2010-10-26,1032.22,1052.06,1066.9,1010.09,1.96,20.27,5297296,8767979420.0,5.51,0.49
2010-10-27,1048.48,1026.97,1069.53,1016.65,-2.38,-25.09,4496853,7621872627.0,5.03,0.42
2010-10-28,1023.63,1043.81,1060.7,1009.09,1.64,16.84,4344665,7037692930.0,5.03,0.4
2010-10-29,1047.67,1066.46,1083.1,1036.42,2.17,22.65,4892450,7975252857.0,4.47,0.45
2010-11-01,1074.59,1102.12,1112.75,1057.15,3.34,35.66,4578927,8091581510.0,5.21,0.42
2010-11-02,1110.53,1088.25,1137.2,1073.41,-1.26,-13.87,5892042,10243934860.0,5.79,0.54
2010-11-03,1081.47,1058.76,1106.2,1050.06,-2.71,-29.49,3938458,6591723674.0,5.16,0.36
2010-11-04,1058.6,1098.23,1106.18,1052.41,3.73,39.47,4034468,7329402693.0,5.08,0.37
2010-11-05,1105.72,1103.54,1126.78,1084.18,0.48,5.31,4111154,7251089467.0,3.88,0.38
2010-11-08,1109.54,1133.75,1147.94,1096.31,2.74,30.21,4400385,7752161087.0,4.68,0.41
2010-11-09,1137.84,1137.58,1161.82,1114.19,0.34,3.83,4555603,7730026165.0,4.2,0.42
2010-11-10,1133.8,1137.59,1156.09,1110.75,0.0,0.01,4205776,7858875404.0,3.99,0.39
2010-11-11,1132.25,1130.53,1180.91,1118.61,-0.62,-7.06,4852626,9239234651.0,5.48,0.45
2010-11-12,1123.77,1061.77,1154.17,1045.38,-6.08,-68.76,5679534,10532550231.0,9.62,0.52
2010-11-15,1069.87,1102.71,1109.99,1051.54,3.86,40.94,4107676,8109592668.0,5.5,0.38
2010-11-16,1101.12,1057.26,1124.09,1035.21,-4.12,-45.45,4346133,7976542164.0,8.06,0.4
2010-11-17,1035.5,1001.55,1065.03,987.99,-5.27,-55.71,3148808,5448396384.0,7.29,0.29
2010-11-18,1010.39,1025.85,1039.53,997.05,2.43,24.3,2565615,4339578502.0,4.24,0.24
2010-11-19,1032.07,1076.52,1086.05,1020.13,4.94,50.67,4803882,8185875692.0,6.43,0.44
2010-11-22,1076.23,1111.88,1142.44,1066.99,3.28,35.36,5921939,10540128751.0,7.01,0.55
2010-11-23,1095.92,1095.19,1120.57,1053.81,-1.5,-16.69,4163109,7364664441.0,6.0,0.38
2010-11-24,1083.17,1130.62,1142.53,1075.77,3.24,35.43,4045390,7293970524.0,6.1,0.37
2010-11-25,1137.59,1128.18,1155.56,1111.64,-0.22,-2.44,3821254,7141515573.0,3.88,0.35
2010-11-26,1125.72,1127.79,1151.33,1103.12,-0.03,-0.39,2954249,5403386517.0,4.27,0.27
2010-11-29,1120.96,1132.09,1149.9,1101.32,0.38,4.3,3281771,6022520363.0,4.31,0.3
2010-11-30,1129.23,1093.55,1150.03,1051.38,-3.4,-38.54,4233683,7559022633.0,8.71,0.39
2010-12-01,1090.32,1097.72,1116.57,1071.32,0.38,4.17,2896364,5217902445.0,4.14,0.27
2010-12-02,1110.89,1101.02,1131.25,1090.34,0.3,3.3,3405802,5753886076.0,3.73,0.31
2010-12-03,1100.33,1092.5,1117.23,1072.3,-0.77,-8.52,2956166,5127580654.0,4.08,0.27
2010-12-06,1090.49,1070.9,1104.16,1053.96,-1.98,-21.6,2687318,4693220395.0,4.59,0.25
2010-12-07,1068.25,1088.21,1097.76,1047.52,1.62,17.31,2358335,4493287130.0,4.69,0.22
2010-12-08,1087.08,1086.99,1110.8,1071.84,-0.11,-1.22,2577812,4705478947.0,3.58,0.24
2010-12-09,1080.08,1064.71,1094.22,1051.81,-2.05,-22.28,2464134,4648865684.0,3.9,0.23
2010-12-10,1058.64,1086.54,1095.89,1050.55,2.05,21.83,2265166,4287959917.0,4.26,0.21
2010-12-13,1091.42,1114.64,1123.86,1087.1,2.59,28.1,2750063,5185798257.0,3.38,0.25
2010-12-14,1118.03,1133.53,1148.62,1109.53,1.69,18.89,3637546,6691368877.0,3.51,0.34
2010-12-15,1134.83,1133.2,1158.53,1118.93,-0.03,-0.33,3383741,6222312856.0,3.49,0.31
2010-12-16,1129.96,1130.81,1153.35,1118.58,-0.21,-2.39,2526243,4662584459.0,3.07,0.23
2010-12-17,1129.42,1139.47,1151.92,1114.71,0.77,8.66,2153032,3928679445.0,3.29,0.2
2010-12-20,1143.66,1122.29,1158.42,1085.62,-1.51,-17.18,3091736,5825587045.0,6.39,0.29
2010-12-21,1122.88,1135.48,1143.21,1108.32,1.18,13.19,2012012,4157420651.0,3.11,0.19
2010-12-22,1135.86,1125.15,1152.17,1114.03,-0.91,-10.33,2388445,4758272037.0,3.36,0.22
2010-12-23,1121.61,1099.95,1135.47,1092.09,-2.24,-25.2,1948107,3610593621.0,3.86,0.18
2010-12-24,1095.28,1069.4,1100.4,1058.37,-2.78,-30.55,1749654,3130129143.0,3.82,0.16
2010-12-27,1070.46,1032.38,1094.36,1024.36,-3.46,-37.02,1775323,3362310308.0,6.55,0.16
2010-12-28,1022.08,1007.1,1036.63,985.5,-2.45,-25.28,1987424,3423527629.0,4.95,0.18
2010-12-29,1009.44,1029.94,1037.79,1001.66,2.27,22.84,1709776,3265700769.0,3.59,0.16
2010-12-30,1028.43,1033.89,1048.83,1013.48,0.38,3.95,1858624,3571708703.0,3.43,0.17
2010-12-31,1036.26,1062.47,1072.34,1031.55,2.76,28.58,2139534,4330308819.0,3.95,0.2
2011-01-04,1068.23,1078.86,1090.39,1053.5,1.54,16.39,2355328,5050790632.0,3.47,0.22
2011-01-05,1072.33,1072.19,1088.98,1058.62,-0.62,-6.67,2011322,3986877558.0,2.81,0.19
2011-01-06,1070.15,1067.66,1090.55,1055.65,-0.42,-4.53,1829554,3413840832.0,3.26,0.17
2011-01-07,1062.56,1074.0,1094.02,1048.51,0.59,6.34,2092419,3907473514.0,4.26,0.19
2011-01-10,1070.13,1036.82,1079.74,1027.56,-3.46,-37.18,1844387,3608273558.0,4.86,0.17
2011-01-11,1033.23,1025.07,1043.24,1009.15,-1.13,-11.75,1422369,2620618806.0,3.29,0.13
2011-01-12,1027.1,1027.92,1039.13,1008.25,0.28,2.85,1127825,2065807360.0,3.01,0.1
2011-01-13,1036.65,1032.87,1053.57,1019.3,0.48,4.95,1386962,2640621186.0,3.33,0.13
2011-01-14,1026.33,996.26,1029.88,990.59,-3.54,-36.61,1427762,2684870824.0,3.8,0.13
2011-01-17,987.07,956.2,996.88,943.54,-4.02,-40.06,1565693,2884243591.0,5.35,0.14
2011-01-18,950.76,959.46,970.44,941.41,0.34,3.26,986836,1791035260.0,3.04,0.09
2011-01-19,961.63,984.15,989.82,953.5,2.57,24.69,1241286,2195822498.0,3.79,0.11
2011-01-20,981.41,939.5,988.56,933.67,-4.54,-44.65,1410258,2583710399.0,5.58,0.13
2011-01-21,937.67,949.63,962.68,920.78,1.08,10.13,1362524,2707866507.0,4.46,0.13
2011-01-24,950.46,921.25,959.76,913.75,-2.99,-28.38,1311334,2840064174.0,4.85,0.12
2011-01-25,919.4,908.0,929.8,893.34,-1.44,-13.25,1055847,2028844004.0,3.96,0.1
2011-01-26,911.67,932.28,942.67,907.56,2.67,24.28,1054064,1877126146.0,3.87,0.1
2011-01-27,924.57,948.53,958.52,915.57,1.74,16.25,1529245,2545311090.0,4.61,0.14
2011-01-28,947.68,955.24,964.76,939.76,0.71,6.71,1102870,2024100723.0,2.64,0.1
2011-01-31,956.87,962.12,970.19,943.69,0.72,6.88,1286116,2269831108.0,2.77,0.12
2011-02-01,962.25,969.3,981.7,951.86,0.75,7.18,1384587,2451502631.0,3.1,0.13
2011-02-09,961.46,968.18,988.28,953.56,-0.12,-1.12,1424968,2410932081.0,3.58,0.13
2011-02-10,971.54,997.59,1006.02,966.1,3.04,29.41,1885815,3278987781.0,4.12,0.17
2011-02-11,997.21,1001.62,1017.58,988.33,0.4,4.03,1846465,3230151163.0,2.93,0.17
2011-02-14,1003.02,1021.6,1031.49,999.13,1.99,19.98,2062275,3839712642.0,3.23,0.19
2011-02-15,1023.43,1020.26,1042.93,1013.38,-0.13,-1.34,2309593,4082048433.0,2.89,0.21
2011-02-16,1018.6,1048.0,1053.74,1011.0,2.72,27.74,2570617,4545450156.0,4.19,0.24
2011-02-17,1051.86,1058.07,1075.0,1036.79,0.96,10.07,2949877,5459687020.0,3.65,0.27
2011-02-18,1055.35,1044.72,1069.77,1034.08,-1.26,-13.35,2060603,3889498161.0,3.37,0.19
2011-02-21,1035.16,1082.1,1087.72,1030.86,3.58,37.38,2501261,4912522069.0,5.44,0.23
2011-02-22,1082.63,1053.02,1096.61,1043.98,-2.69,-29.08,2755005,5172237992.0,4.86,0.25
2011-02-23,1048.42,1069.5,1084.36,1039.28,1.57,16.48,2238023,4409309096.0,4.28,0.21
2011-02-24,1066.96,1069.87,1086.96,1053.51,0.03,0.37,1975047,3585330233.0,3.13,0.18
2011-02-25,1068.46,1076.48,1090.39,1053.41,0.62,6.61,2137137,3738259123.0,3.46,0.2
2011-02-28,1079.5,1094.26,1103.24,1066.66,1.65,17.78,2299984,4305554229.0,3.4,0.21
2011-03-01,1094.63,1092.3,1112.88,1079.3,-0.18,-1.96,2331288,4577948562.0,3.07,0.22
2011-03-02,1085.22,1085.88,1100.44,1060.36,-0.59,-6.42,2013904,3894497977.0,3.67,0.19
2011-03-03,1083.69,1063.11,1097.79,1056.99,-2.1,-22.77,2009232,3626831854.0,3.76,0.19
2011-03-04,1065.33,1079.7,1087.07,1054.11,1.56,16.59,1704411,2976660966.0,3.1,0.16
2011-03-07,1082.81,1099.22,1108.76,1075.44,1.81,19.52,2568216,4509645291.0,3.09,0.24
2011-03-08,1098.25,1108.25,1120.92,1083.93,0.82,9.03,2856634,5178228053.0,3.37,0.26
2011-03-09,1108.96,1103.42,1120.34,1090.71,-0.44,-4.83,2312011,4218430042.0,2.67,0.21
2011-03-10,1103.24,1098.01,1117.6,1087.12,-0.49,-5.41,2200431,3967547994.0,2.76,0.2
2011-03-14,1106.89,1112.58,1129.36,1090.03,1.33,14.57,2575647,4524618243.0,3.58,0.24
2011-03-15,1110.43,1095.84,1123.21,1064.68,-1.5,-16.74,2754930,5167359335.0,5.26,0.25
2011-03-16,1094.71,1115.94,1127.67,1086.91,1.83,20.1,2508385,4481812329.0,3.72,0.23
2011-03-17,1102.39,1086.64,1118.35,1077.21,-2.63,-29.3,2328422,4128340980.0,3.69,0.22
2011-03-18,1094.69,1089.13,1107.34,1077.79,0.23,2.49,1512554,2676363346.0,2.72,0.14
2011-03-21,1087.4,1080.22,1099.21,1071.57,-0.82,-8.91,1290951,2319115948.0,2.54,0.12
2011-03-22,1082.55,1080.69,1091.67,1063.26,0.04,0.47,1348674,2393555403.0,2.63,0.12
2011-03-23,1080.72,1093.31,1098.12,1071.67,1.17,12.62,1396022,2417920510.0,2.45,0.13
2011-03-24,1093.79,1091.48,1109.09,1082.86,-0.17,-1.83,1636520,2810852887.0,2.4,0.15
2011-03-25,1091.38,1095.1,1104.57,1082.2,0.33,3.62,1476495,2645465773.0,2.05,0.14
2011-03-28,1099.45,1091.71,1114.36,1083.49,-0.31,-3.39,2155015,3827632669.0,2.82,0.2
2011-03-29,1091.44,1078.12,1108.72,1067.83,-1.24,-13.59,2409151,4013884621.0,3.75,0.22
2011-03-30,1075.56,1062.92,1089.6,1049.02,-1.41,-15.2,2165401,3749109121.0,3.76,0.2
2011-03-31,1065.2,1049.39,1082.17,1036.34,-1.27,-13.53,2594996,4428375565.0,4.31,0.24
2011-04-01,1051.87,1056.8,1067.37,1035.49,0.71,7.41,1772475,2901400048.0,3.04,0.16
2011-04-06,1055.21,1060.74,1075.69,1037.89,0.37,3.94,1873629,3167162862.0,3.58,0.17
2011-04-07,1060.02,1067.15,1075.63,1048.37,0.6,6.41,1704121,2867488349.0,2.57,0.16
2011-04-08,1069.42,1085.05,1093.6,1061.11,1.68,17.9,2004354,3565034075.0,3.04,0.19
2011-04-11,1085.74,1073.28,1100.57,1064.79,-1.08,-11.77,2052026,3616545026.0,3.3,0.19
2011-04-12,1070.1,1079.4,1094.26,1060.21,0.57,6.12,1842307,3149645878.0,3.17,0.17
2011-04-13,1074.76,1089.62,1097.1,1060.91,0.95,10.22,1546270,2496730764.0,3.35,0.14
2011-04-14,1091.27,1090.57,1107.2,1078.69,0.09,0.95,1681083,2695614567.0,2.62,0.16
2011-04-15,1088.77,1084.88,1101.59,1069.14,-0.52,-5.69,1677271,2808915413.0,2.98,0.16
2011-04-18,1082.12,1083.65,1100.35,1065.15,-0.11,-1.23,1950464,3018114216.0,3.24,0.18
2011-04-19,1078.88,1075.34,1096.51,1057.97,-0.77,-8.31,2129063,3392854326.0,3.56,0.2
2011-04-20,1077.9,1086.55,1101.64,1070.93,1.04,11.21,1690925,2907525219.0,2.86,0.16
2011-04-21,1089.66,1084.94,1103.1,1073.12,-0.15,-1.61,2080391,3225492461.0,2.76,0.19
2011-04-22,1082.69,1068.59,1092.27,1060.21,-1.51,-16.35,1459582,2539872133.0,2.96,0.13
2011-04-25,1065.22,1035.54,1072.61,1030.71,-3.09,-33.05,1716289,2694504169.0,3.92,0.16
2011-04-26,1032.41,1019.0,1043.4,1008.79,-1.6,-16.54,1411199,2173956260.0,3.34,0.13
2011-04-27,1023.57,1000.66,1031.41,989.58,-1.8,-18.34,1278251,2095508179.0,4.11,0.12
2011-04-28,1004.28,967.5,1013.31,960.73,-3.31,-33.16,1453073,2178841708.0,5.25,0.13
2011-04-29,965.76,983.63,988.54,959.34,1.67,16.13,1090768,1706272034.0,3.02,0.1
2011-05-03,987.3,1000.61,1005.34,977.37,1.73,16.98,1101083,1684702566.0,2.84,0.1
2011-05-04,997.59,973.13,1005.1,964.45,-2.75,-27.48,1232378,1885895724.0,4.06,0.11
2011-05-05,970.82,978.98,991.39,961.69,0.6,5.85,997624,1656377818.0,3.05,0.09
2011-05-06,971.36,988.26,997.86,962.6,0.95,9.28,804013,1206175481.0,3.6,0.07
2011-05-09,994.31,998.95,1011.75,984.63,1.08,10.69,1125253,1808685956.0,2.74,0.1
2011-05-10,1002.19,1002.76,1011.71,987.37,0.38,3.81,1159866,1819603799.0,2.44,0.11
2011-05-11,1004.05,1005.34,1022.09,990.44,0.26,2.58,1364692,1912892530.0,3.16,0.13
2011-05-12,996.15,981.67,1007.09,975.05,-2.35,-23.67,1417148,1910307406.0,3.19,0.13
2011-05-13,981.67,999.47,1003.87,977.35,1.81,17.8,1057557,1423341745.0,2.7,0.1
2011-05-16,1001.06,999.43,1016.88,990.22,0.0,-0.04,1383194,1834438733.0,2.67,0.13
2011-05-17,997.74,992.7,1009.81,977.02,-0.67,-6.73,1350620,1817292166.0,3.28,0.12
2011-05-18,991.57,1010.45,1020.21,983.28,1.79,17.75,1688789,2296759399.0,3.72,0.16
2011-05-19,1011.94,995.63,1023.95,987.38,-1.47,-14.82,1683503,2247432519.0,3.62,0.16
2011-05-20,991.78,994.09,1008.95,977.15,-0.15,-1.54,1446334,1842337432.0,3.19,0.13
2011-05-23,992.47,964.81,1002.92,955.56,-2.95,-29.28,1796360,2167707101.0,4.76,0.17
2011-05-24,957.98,957.1,970.19,934.11,-0.8,-7.71,1457568,1719948664.0,3.74,0.13
2011-05-25,954.81,935.26,967.49,929.81,-2.28,-21.84,1179823,1389981057.0,3.94,0.11
2011-05-26,942.36,926.94,956.49,919.29,-0.89,-8.32,1270447,1435309016.0,3.98,0.12
2011-05-27,929.56,901.52,939.38,894.83,-2.74,-25.42,1337863,1539109234.0,4.81,0.12
2011-05-30,897.82,873.6,907.83,863.27,-3.1,-27.92,1093380,1306615446.0,4.94,0.1
2011-05-31,875.97,895.47,899.7,867.45,2.5,21.87,1122845,1365591545.0,3.69,0.1
2011-06-01,894.98,905.39,910.52,886.83,1.11,9.92,1005997,1232037825.0,2.65,0.09
2011-06-02,892.32,886.6,903.6,871.97,-2.08,-18.79,1105165,1326825443.0,3.49,0.1
2011-06-03,884.41,904.75,911.9,881.79,2.05,18.15,967676,1266079475.0,3.4,0.09
2011-06-07,904.27,911.41,919.02,895.78,0.74,6.66,798607,1041218039.0,2.57,0.07
2011-06-08,912.63,912.36,919.48,896.61,0.1,0.95,916923,1118659018.0,2.51,0.08
2011-06-09,913.01,888.96,917.45,886.39,-2.56,-23.4,1038699,1210033333.0,3.4,0.1
2011-06-10,885.42,893.45,901.59,871.18,0.51,4.49,932110,1043173823.0,3.42,0.09
2011-06-13,884.78,890.79,896.15,874.53,-0.3,-2.66,642129,768561254.0,2.42,0.06
2011-06-14,890.96,906.16,911.69,886.06,1.73,15.37,959808,1236271367.0,2.88,0.09
2011-06-15,905.82,900.55,920.53,893.8,-0.62,-5.61,1071033,1265695047.0,2.95,0.1
2011-06-16,892.36,885.27,908.46,876.78,-1.7,-15.28,1227756,1434543604.0,3.52,0.11
2011-06-17,883.77,862.75,892.03,858.59,-2.54,-22.52,892017,1025558534.0,3.78,0.08
2011-06-20,861.23,844.11,868.14,836.23,-2.16,-18.64,824093,952341487.0,3.7,0.08
2011-06-21,847.91,855.44,859.45,837.8,1.34,11.33,707507,818431359.0,2.56,0.07
2011-06-22,857.56,852.47,864.69,845.71,-0.35,-2.97,666801,787350485.0,2.22,0.06
2011-06-23,849.79,872.33,877.65,841.48,2.33,19.86,1069911,1310171011.0,4.24,0.1
2011-06-24,869.96,901.03,913.02,865.38,3.29,28.7,1839958,2254989230.0,5.46,0.17
2011-06-27,901.81,910.78,923.59,895.85,1.08,9.75,1626005,2118269967.0,3.08,0.15
2011-06-28,910.67,913.32,922.64,900.8,0.28,2.54,1282458,1585787652.0,2.4,0.12
2011-06-29,912.81,898.97,922.23,894.51,-1.57,-14.35,1287199,1593740019.0,3.04,0.12
2011-06-30,898.8,913.26,922.7,897.02,1.59,14.29,1150991,1479439487.0,2.86,0.11
2011-07-01,915.85,917.34,928.99,910.12,0.45,4.08,1268700,1659949589.0,2.07,0.12
2011-07-04,924.08,941.87,947.37,917.2,2.67,24.53,1876115,2450621064.0,3.29,0.17
2011-07-05,943.38,947.07,957.79,930.44,0.55,5.2,1715743,2190676656.0,2.9,0.16
2011-07-06,945.2,950.56,956.93,931.27,0.37,3.49,1568071,2060005301.0,2.71,0.14
2011-07-07,947.8,955.66,972.78,940.33,0.54,5.1,2111723,2909867652.0,3.41,0.2
2011-07-08,955.58,955.44,967.23,940.73,-0.02,-0.22,1519533,1894405803.0,2.77,0.14
2011-07-11,950.98,960.12,966.93,941.38,0.49,4.68,1466295,1959393917.0,2.67,0.14
2011-07-12,952.22,945.36,965.4,935.58,-1.54,-14.76,1700264,2187670502.0,3.11,0.16
2011-07-13,943.42,968.09,972.02,940.66,2.4,22.73,1956964,2714834023.0,3.32,0.18
2011-07-14,968.19,978.55,987.02,958.95,1.08,10.46,2410695,3410388990.0,2.9,0.22
2011-07-15,976.17,976.45,985.94,964.1,-0.21,-2.1,1917010,2634722255.0,2.23,0.18
2011-07-18,979.52,987.97,1003.45,971.87,1.18,11.52,2395585,3359606793.0,3.23,0.22
2011-07-19,983.56,968.87,988.94,961.28,-1.93,-19.1,1691679,2345577067.0,2.8,0.16
2011-07-20,976.31,973.94,989.88,961.08,0.52,5.07,1653011,2165454647.0,2.97,0.15
2011-07-21,972.72,958.92,982.26,950.9,-1.54,-15.02,1645845,1976663283.0,3.22,0.15
2011-07-22,958.9,962.94,974.8,950.19,0.42,4.02,1556445,1994270971.0,2.57,0.14
2011-07-25,960.05,916.87,969.47,910.0,-4.78,-46.07,2072700,2660616724.0,6.18,0.19
2011-07-26,917.29,921.67,931.87,905.57,0.52,4.8,1185829,1552188001.0,2.87,0.11
2011-07-27,917.93,929.71,935.3,908.55,0.87,8.04,1231502,1622843235.0,2.9,0.11
2011-07-28,922.13,922.33,930.97,905.07,-0.79,-7.38,1344145,1805959007.0,2.79,0.12
2011-07-29,920.56,911.58,929.47,905.2,-1.17,-10.75,1145688,1544066992.0,2.63,0.11
2011-08-01,916.26,918.49,928.67,905.64,0.76,6.91,1261580,1680630364.0,2.53,0.12
2011-08-02,914.42,913.04,923.33,891.12,-0.59,-5.45,1501283,1979567482.0,3.51,0.14
2011-08-03,902.61,917.44,926.53,898.63,0.48,4.4,1302520,1679856940.0,3.06,0.12
2011-08-04,919.9,919.23,931.06,912.0,0.2,1.79,1014445,1257959618.0,2.08,0.09
2011-08-05,892.29,895.11,907.47,879.86,-2.62,-24.12,1292512,1582796143.0,3.0,0.12
2011-08-08,879.64,841.32,889.32,822.13,-6.01,-53.79,2052081,2464264302.0,7.51,0.19
2011-08-09,814.86,835.86,845.56,788.27,-0.65,-5.46,1756068,1970046516.0,6.81,0.16
2011-08-10,852.82,847.59,868.44,840.22,1.4,11.73,1740349,2040698432.0,3.38,0.16
2011-08-11,828.01,855.9,860.67,821.03,0.98,8.31,1506102,1791714623.0,4.68,0.14
2011-08-12,862.0,864.37,879.15,856.26,0.99,8.47,1475134,1771779900.0,2.67,0.14
2011-08-15,869.61,876.09,879.75,859.82,1.36,11.72,1250569,1541020758.0,2.31,0.12
2011-08-16,877.86,873.89,892.0,865.41,-0.25,-2.2,1241312,1527394698.0,3.04,0.11
2011-08-17,873.7,870.63,883.33,862.31,-0.37,-3.26,1125097,1404839938.0,2.41,0.1
2011-08-18,870.81,855.56,881.72,848.82,-1.73,-15.07,1445877,1646361885.0,3.78,0.13
2011-08-19,834.71,848.01,854.19,822.81,-0.88,-7.55,1408846,1718881957.0,3.67,0.13
2011-08-22,847.44,840.34,860.09,831.19,-0.9,-7.67,1592924,2056806877.0,3.41,0.15
2011-08-23,844.11,854.19,862.1,836.68,1.65,13.85,1633616,2100930165.0,3.02,0.15
2011-08-24,859.02,856.05,873.2,847.58,0.22,1.86,1817057,2387249828.0,3.0,0.17
2011-08-25,856.88,875.44,878.96,849.95,2.27,19.39,2024289,2320101285.0,3.39,0.19
2011-08-26,873.0,873.27,882.69,863.66,-0.25,-2.17,1527707,1800976564.0,2.17,0.14
2011-08-29,868.05,859.84,875.5,852.7,-1.54,-13.43,1447319,1805511739.0,2.61,0.13
2011-08-30,867.08,849.76,876.71,847.0,-1.17,-10.08,1348660,1598086064.0,3.46,0.12
2011-08-31,848.43,849.36,858.87,833.11,-0.05,-0.4,1096269,1300452548.0,3.03,0.1
2011-09-01,851.33,848.9,865.09,839.03,-0.05,-0.46,1335604,1518090426.0,3.07,0.12
2011-09-02,845.94,844.27,849.86,836.91,-0.55,-4.63,1170181,1230316416.0,1.53,0.11
2011-09-05,835.39,818.64,835.39,817.55,-3.04,-25.63,1211508,1401999584.0,2.11,0.11
2011-09-06,809.47,805.64,814.97,802.25,-1.59,-13.0,1038824,1147130752.0,1.55,0.1
2011-09-07,812.08,824.89,824.96,805.65,2.39,19.25,1200561,1295754496.0,2.4,0.11
2011-09-08,830.48,818.51,832.65,818.11,-0.77,-6.38,936763,1071373648.0,1.76,0.09
2011-09-09,817.77,809.05,825.43,806.91,-1.16,-9.46,897399,1114397456.0,2.26,0.08
2011-09-13,793.0,794.94,798.64,788.99,-1.74,-14.11,942193,1024924848.0,1.19,0.09
2011-09-14,799.42,803.88,803.88,783.55,1.12,8.94,971339,1042973120.0,2.56,0.09
2011-09-15,805.25,803.15,812.65,803.15,-0.09,-0.73,975000,1064039456.0,1.18,0.09
2011-09-16,807.88,801.74,811.46,801.06,-0.18,-1.41,744820,842488496.0,1.29,0.07
2011-09-19,796.74,781.92,796.74,781.75,-2.47,-19.82,803389,896506832.0,1.87,0.07
2011-09-20,779.98,784.16,789.41,777.2,0.29,2.24,680641,758991520.0,1.56,0.06
2011-09-21,785.51,810.39,813.31,781.46,3.34,26.23,1498156,1671584688.0,4.06,0.14
2011-09-22,803.12,787.23,807.95,786.15,-2.86,-23.16,1369338,1464359040.0,2.69,0.13
2011-09-23,774.29,783.14,784.24,769.63,-0.52,-4.09,1151262,1272905920.0,1.86,0.11
2011-09-26,778.56,770.5,788.78,766.39,-1.61,-12.64,1010228,1095660912.0,2.86,0.09
2011-09-27,776.19,773.16,780.04,765.13,0.35,2.66,891490,1050526320.0,1.94,0.08
2011-09-28,783.94,766.92,786.4,764.17,-0.81,-6.24,1124709,1251689968.0,2.88,0.1
2011-09-29,760.72,744.35,760.72,742.79,-2.94,-22.57,1139583,1187562592.0,2.34,0.11
2011-09-30,749.68,742.23,751.4,734.48,-0.28,-2.12,1016428,1036557968.0,2.27,0.09
2011-10-10,746.45,743.86,749.13,739.98,0.22,1.63,746044,780547888.0,1.23,0.07
2011-10-11,763.95,743.79,767.87,735.57,-0.01,-0.07,1105298,1164137840.0,4.34,0.1
2011-10-12,740.57,770.41,771.86,733.93,3.58,26.62,1639725,1856320352.0,5.1,0.15
2011-10-13,769.23,780.21,782.61,766.05,1.27,9.8,1548868,1795721232.0,2.15,0.14
2011-10-14,777.02,775.7,778.95,765.74,-0.58,-4.51,1115625,1250937488.0,1.69,0.1
2011-10-17,776.44,777.01,782.05,770.98,0.17,1.31,1213367,1450446896.0,1.43,0.11
2011-10-18,771.37,750.49,772.19,749.29,-3.41,-26.52,1399106,1670556576.0,2.95,0.13
2011-10-19,751.53,742.93,754.8,742.25,-1.01,-7.56,1120303,1292792096.0,1.67,0.1
2011-10-20,738.64,714.49,738.64,706.57,-3.83,-28.44,1443879,1527504176.0,4.32,0.13
2011-10-21,715.04,697.37,715.59,695.76,-2.4,-17.12,1115203,1159817056.0,2.78,0.1
2011-10-24,698.48,706.42,706.95,682.34,1.3,9.05,1389133,1362195760.0,3.53,0.13
2011-10-25,706.43,737.72,738.2,702.97,4.43,31.3,2265160,2293535760.0,4.99,0.21
2011-10-26,734.37,753.88,761.53,732.36,2.19,16.16,3413752,3377502112.0,3.95,0.32
2011-10-27,752.64,751.21,757.76,746.27,-0.35,-2.67,2232562,2360596880.0,1.52,0.21
2011-10-28,759.83,769.32,769.32,755.14,2.41,18.11,2627339,2806470176.0,1.89,0.24
2011-10-31,769.5,772.73,772.82,763.75,0.44,3.41,2446931,2655251200.0,1.18,0.23
2011-11-01,763.99,785.19,786.73,762.64,1.61,12.46,3107754,3388124000.0,3.12,0.29
2011-11-02,770.52,832.96,832.96,768.31,6.08,47.77,5169022,5817552640.0,8.23,0.48
2011-11-03,841.68,842.57,867.74,841.68,1.15,9.61,7066129,8788972544.0,3.13,0.65
2011-11-04,845.23,845.18,850.97,836.71,0.31,2.61,3402451,4292595440.0,1.69,0.31
2011-11-07,847.16,850.19,865.38,845.8,0.59,5.01,2930933,3679744064.0,2.32,0.27
2011-11-08,849.97,840.01,850.04,837.04,-1.2,-10.18,2895052,3585731632.0,1.53,0.27
2011-11-09,840.99,857.04,857.04,823.53,2.03,17.03,2978525,3727396000.0,3.99,0.28
2011-11-10,842.83,836.98,855.81,836.68,-2.34,-20.06,3068483,3995510352.0,2.23,0.28
2011-11-11,836.77,842.98,851.46,830.62,0.72,6.0,2584055,3197708176.0,2.49,0.24
2011-11-14,852.97,864.18,865.61,850.96,2.51,21.2,3099404,3967237888.0,1.74,0.29
2011-11-15,863.84,867.41,869.11,858.63,0.37,3.23,2794224,3528541664.0,1.21,0.26
2011-11-16,868.87,845.11,871.7,839.72,-2.57,-22.3,3140877,3792395168.0,3.69,0.29
2011-11-17,845.06,837.05,852.78,833.71,-0.95,-8.06,2303420,2902658848.0,2.26,0.21
2011-11-18,827.73,801.27,830.9,798.1,-4.27,-35.78,2536413,3022339744.0,3.92,0.23
2011-11-21,799.28,800.0,803.37,788.24,-0.16,-1.27,1507132,1722002304.0,1.89,0.14
2011-11-22,791.18,800.17,800.59,784.56,0.02,0.17,1517630,1779799360.0,2.0,0.14
2011-11-23,802.88,792.14,808.12,791.62,-1.0,-8.03,1689816,1921599536.0,2.06,0.16
2011-11-24,782.97,797.64,799.08,777.14,0.69,5.5,1885717,2105810448.0,2.77,0.17
2011-11-25,794.88,787.54,799.97,783.77,-1.27,-10.1,1737688,2371948432.0,2.03,0.16
2011-11-28,787.75,789.73,791.23,776.27,0.28,2.19,1602310,2127892736.0,1.9,0.15
2011-11-29,797.42,805.41,805.72,789.64,1.99,15.68,1851742,2344653472.0,2.04,0.17
2011-11-30,803.4,757.76,803.4,750.87,-5.92,-47.65,2373939,2811459488.0,6.52,0.22
2011-12-01,784.32,772.23,789.96,772.18,1.91,14.47,2084119,2560434432.0,2.35,0.19
2011-12-02,769.8,755.75,772.62,752.58,-2.13,-16.48,1381553,1715310320.0,2.6,0.13
2011-12-05,751.49,725.0,752.01,722.68,-4.07,-30.75,1338309,1631799920.0,3.88,0.12
2011-12-06,722.45,729.61,734.0,715.74,0.64,4.61,1203418,1491245392.0,2.52,0.11
2011-12-07,728.8,733.08,736.29,724.23,0.48,3.47,1049243,1264696048.0,1.65,0.1
2011-12-08,731.65,737.91,746.88,714.92,0.66,4.83,1538773,1813805440.0,4.36,0.14
2011-12-09,727.28,727.52,738.39,725.12,-1.41,-10.39,1055509,1279959536.0,1.8,0.1
2011-12-12,726.4,714.49,730.59,713.08,-1.79,-13.03,848088,1010492400.0,2.41,0.08
2011-12-13,707.53,680.09,708.21,676.78,-4.81,-34.4,1570259,1607335888.0,4.4,0.15
2011-12-14,676.5,668.61,682.97,666.52,-1.69,-11.48,1220099,1290919280.0,2.42,0.11
2011-12-15,664.93,659.7,676.3,655.12,-1.33,-8.91,2738571,2681985504.0,3.17,0.25
2011-12-16,656.24,681.24,681.54,655.65,3.27,21.54,2043266,2092803184.0,3.92,0.19
2011-12-19,677.28,690.96,692.4,668.41,1.43,9.72,2147432,2378685904.0,3.52,0.2
2011-12-20,685.7,681.97,696.42,681.05,-1.3,-8.99,1735830,1835298896.0,2.22,0.16
2011-12-21,689.12,666.13,694.53,664.06,-2.32,-15.84,1805511,1863091376.0,4.47,0.17
2011-12-22,657.42,660.91,666.72,634.46,-0.78,-5.22,1436515,1609262816.0,4.84,0.13
2011-12-23,658.77,663.63,672.22,654.13,0.41,2.72,1289360,1437315984.0,2.74,0.12
2011-12-26,666.05,658.66,673.13,658.17,-0.75,-4.97,1128716,1131305664.0,2.25,0.1
2011-12-27,653.14,634.56,655.06,630.9,-3.66,-24.1,1640056,1583453104.0,3.67,0.15
2011-12-28,626.07,631.92,633.22,613.89,-0.42,-2.64,1275556,1214179872.0,3.05,0.12
2011-12-29,626.66,632.68,638.41,626.66,0.12,0.76,1005439,943778368.0,1.86,0.09
2011-12-30,636.79,649.87,649.87,635.78,2.72,17.19,1627768,1527763504.0,2.23,0.15
2012-01-04,655.85,628.57,657.47,628.45,-3.28,-21.3,1376725,1260569280.0,4.47,0.13
2012-01-05,620.05,605.02,623.58,603.12,-3.75,-23.55,1385592,1307335056.0,3.26,0.13
2012-01-06,603.37,619.91,621.13,599.89,2.46,14.89,1540745,1366872976.0,3.51,0.14
2012-01-09,621.57,657.3,657.42,617.09,6.03,37.39,2539331,2368116272.0,6.51,0.23
2012-01-10,654.11,679.95,680.52,652.68,3.45,22.65,3066397,2936990576.0,4.24,0.28
2012-01-11,677.67,681.54,690.03,671.7,0.23,1.59,2526924,2480691072.0,2.7,0.23
2012-01-12,676.78,681.69,691.34,676.48,0.02,0.15,1960779,1909249616.0,2.18,0.18
2012-01-13,687.95,661.16,689.41,657.15,-3.01,-20.53,2208384,2188610752.0,4.73,0.2
2012-01-16,652.32,636.26,657.05,636.05,-3.77,-24.9,1148031,1242919568.0,3.18,0.11
2012-01-17,633.95,675.49,675.61,631.32,6.17,39.23,2298284,2350052240.0,6.96,0.21
2012-01-18,675.79,654.82,682.44,651.25,-3.06,-20.67,2261160,2259996944.0,4.62,0.21
2012-01-19,652.64,666.52,669.01,649.25,1.79,11.7,1617213,1670183648.0,3.02,0.15
2012-01-20,668.59,674.09,677.04,667.24,1.14,7.57,1448895,1498644976.0,1.47,0.13
2012-01-30,677.31,674.56,689.63,670.12,0.07,0.47,1684844,1717356096.0,2.89,0.16
2012-01-31,671.86,676.82,678.85,668.63,0.34,2.26,1316714,1334059776.0,1.52,0.12
2012-02-01,676.59,679.89,688.4,673.1,0.45,3.07,2120923,2116263888.0,2.26,0.2
2012-02-02,681.0,694.87,694.87,676.81,2.2,14.98,2020629,2064123872.0,2.66,0.19
2012-02-03,695.25,714.09,718.42,693.6,2.77,19.22,3182965,3220859216.0,3.57,0.29
2012-02-06,716.44,716.92,719.85,709.32,0.4,2.83,2659800,2625014864.0,1.47,0.25
2012-02-07,712.81,704.97,712.81,698.62,-1.67,-11.95,2468098,2345757824.0,1.98,0.23
2012-02-08,704.87,724.15,724.36,701.21,2.72,19.18,2703076,2709151072.0,3.28,0.25
2012-02-09,720.86,728.19,735.97,719.75,0.56,4.04,3144528,3191179888.0,2.24,0.29
2012-02-10,726.75,729.57,734.28,723.24,0.19,1.38,2683134,2760354016.0,1.52,0.25
2012-02-13,722.58,751.34,751.34,719.64,2.98,21.77,3549908,3700532816.0,4.35,0.33
2012-02-14,749.72,742.45,750.22,738.48,-1.18,-8.89,2549920,2822962624.0,1.56,0.24
2012-02-15,742.1,754.37,758.63,740.8,1.61,11.92,3214662,3444793488.0,2.4,0.3
2012-02-16,753.51,746.87,759.58,740.6,-0.99,-7.5,2888527,3084965344.0,2.52,0.27
2012-02-17,748.21,748.68,752.92,739.02,0.24,1.81,2430161,2781430288.0,1.86,0.22
2012-02-20,759.03,750.78,763.16,748.0,0.28,2.1,3507752,4108501984.0,2.02,0.32
2012-02-21,746.27,760.66,760.66,737.64,1.32,9.88,3210708,3778973152.0,3.07,0.3
2012-02-22,760.71,779.56,779.63,759.43,2.48,18.9,4217194,5217188864.0,2.66,0.39
2012-02-23,779.12,776.46,785.38,771.06,-0.4,-3.1,3718091,4590674688.0,1.84,0.34
2012-02-24,776.27,784.14,784.45,770.6,0.99,7.68,2928944,3243195216.0,1.78,0.27
2012-02-27,786.87,802.21,815.1,786.87,2.3,18.07,5327521,7037132544.0,3.6,0.49
2012-02-28,800.97,808.03,813.65,797.87,0.73,5.82,3666075,4181019392.0,1.97,0.34
2012-02-29,809.83,796.86,812.03,795.95,-1.38,-11.17,3172058,3741410784.0,1.99,0.29
2012-03-01,792.12,811.2,817.41,791.63,1.8,14.34,3066725,3647280000.0,3.24,0.28
2012-03-02,814.81,829.97,830.23,814.38,2.31,18.77,3830736,4210051296.0,1.95,0.35
2012-03-05,831.7,834.66,847.58,831.7,0.57,4.69,4618167,5924088832.0,1.91,0.43
2012-03-06,834.8,828.99,835.56,820.36,-0.68,-5.67,3755153,4655726848.0,1.82,0.35
2012-03-07,819.59,817.81,833.17,816.58,-1.35,-11.18,3950739,4870966784.0,2.0,0.37
2012-03-08,820.28,831.02,832.79,820.28,1.62,13.21,3341667,4308871936.0,1.53,0.31
2012-03-09,832.97,841.54,841.66,827.09,1.27,10.52,3177345,4110456592.0,1.75,0.29
2012-03-12,841.63,842.83,843.04,835.05,0.15,1.29,3424105,4595481600.0,0.95,0.32
2012-03-13,841.29,858.75,858.8,839.81,1.89,15.92,4437316,5722720512.0,2.25,0.41
2012-03-14,860.43,808.53,864.27,799.51,-5.85,-50.22,5530215,6965167872.0,7.54,0.51
2012-03-15,803.35,790.12,810.34,780.17,-2.28,-18.41,4161176,5233883904.0,3.73,0.38
2012-03-16,792.42,805.63,805.63,783.3,1.96,15.51,3175565,4194506992.0,2.83,0.29
2012-03-19,802.07,814.13,814.71,799.62,1.06,8.5,2904788,3939948576.0,1.87,0.27
2012-03-20,810.48,790.49,810.48,790.13,-2.9,-23.64,2687682,3799398928.0,2.5,0.25
2012-03-21,794.72,795.15,798.23,777.1,0.59,4.66,3279086,4209148576.0,2.67,0.3
2012-03-22,788.76,785.5,791.37,779.14,-1.21,-9.65,2085796,2643258272.0,1.54,0.19
2012-03-23,784.41,773.67,788.38,770.39,-1.51,-11.83,2158433,2917922784.0,2.29,0.2
2012-03-26,774.36,771.95,777.31,765.19,-0.22,-1.72,1562894,2128444048.0,1.57,0.14
2012-03-27,776.62,770.43,782.57,769.32,-0.2,-1.52,1590243,2140814032.0,1.72,0.15
2012-03-28,766.39,731.15,766.52,727.78,-5.1,-39.28,2408947,2979934064.0,5.03,0.22
2012-03-29,726.18,713.29,726.18,703.34,-2.44,-17.86,1959855,2488109392.0,3.12,0.18
2012-03-30,713.77,715.5,719.14,704.41,0.31,2.21,1789626,2149519808.0,2.07,0.17
2012-04-05,716.24,740.44,741.2,715.15,3.49,24.94,2009988,2525406336.0,3.64,0.19
2012-04-06,740.21,747.01,750.03,738.23,0.89,6.57,2104324,2652044688.0,1.59,0.19
2012-04-09,743.17,728.74,743.17,728.74,-2.45,-18.27,1574365,1937010160.0,1.93,0.15
2012-04-10,725.28,740.6,740.77,711.88,1.63,11.86,1909244,2320473488.0,3.96,0.18
2012-04-11,730.99,750.94,751.68,728.08,1.4,10.34,2255153,2625278304.0,3.19,0.21
2012-04-12,751.5,768.63,769.33,751.5,2.36,17.69,2615066,3016722896.0,2.37,0.24
2012-04-13,771.25,771.63,779.57,765.62,0.39,3.0,2851253,3145764256.0,1.81,0.26
2012-04-16,763.6,767.8,773.43,760.78,-0.5,-3.83,2101668,2283685616.0,1.64,0.19
2012-04-17,767.01,764.36,773.75,760.14,-0.45,-3.44,2133943,2370320544.0,1.77,0.2
2012-04-18,766.58,782.95,784.5,764.38,2.43,18.59,2876673,3389794288.0,2.63,0.27
2012-04-19,781.59,780.4,789.22,776.08,-0.33,-2.55,2074871,2554493040.0,1.68,0.19
2012-04-20,779.29,783.13,786.37,774.89,0.35,2.73,2389791,2860316496.0,1.47,0.22
2012-04-23,777.96,760.9,780.75,759.41,-2.84,-22.23,2962646,3693968016.0,2.72,0.27
2012-04-24,752.27,751.87,767.17,731.05,-1.19,-9.03,3122914,3420911136.0,4.75,0.29
2012-04-25,748.09,761.1,763.28,744.25,1.23,9.23,2440369,2545396288.0,2.53,0.23
2012-04-26,761.48,754.99,762.15,748.57,-0.8,-6.11,1966844,2146376384.0,1.78,0.18
2012-04-27,755.7,753.64,759.22,749.39,-0.18,-1.35,1466843,1628123056.0,1.3,0.14
2012-05-02,762.71,763.74,767.46,756.2,1.34,10.1,1970042,2243166464.0,1.49,0.18
2012-05-03,761.41,762.11,764.29,755.82,-0.21,-1.63,1637814,1779585584.0,1.11,0.15
2012-05-04,764.67,771.63,772.84,762.29,1.25,9.52,1779525,2207921344.0,1.38,0.16
2012-05-07,768.85,786.24,786.4,768.07,1.89,14.61,2455217,2905869248.0,2.38,0.23
2012-05-08,786.68,784.23,787.37,777.1,-0.26,-2.01,2271345,2814922608.0,1.31,0.21
2012-05-09,778.31,764.86,778.31,764.12,-2.47,-19.37,2086668,2482224528.0,1.81,0.19
2012-05-10,763.3,769.86,773.22,763.3,0.65,5.0,1592979,1878346736.0,1.3,0.15
2012-05-11,768.67,767.23,777.39,767.2,-0.34,-2.63,1895740,2159768672.0,1.32,0.18
2012-05-14,772.92,762.49,774.62,759.99,-0.62,-4.74,1796803,2043258320.0,1.91,0.17
2012-05-15,755.89,769.91,769.91,753.16,0.97,7.42,2091116,2570573920.0,2.2,0.19
2012-05-16,769.49,762.43,772.67,761.88,-0.97,-7.48,1851724,2333485536.0,1.4,0.17
2012-05-17,765.93,775.37,776.7,761.6,1.7,12.94,2502752,3072760080.0,1.98,0.23
2012-05-18,767.39,755.78,770.41,754.76,-2.53,-19.59,1779865,2043082288.0,2.02,0.16
2012-05-21,753.23,753.21,760.18,746.49,-0.34,-2.57,1851115,2171285344.0,1.81,0.17
2012-05-22,757.34,767.58,767.71,757.34,1.91,14.37,2017918,2586090912.0,1.38,0.19
2012-05-23,765.84,762.12,769.09,755.99,-0.71,-5.46,1851965,2198496896.0,1.71,0.17
2012-05-24,758.63,759.97,767.69,756.82,-0.28,-2.15,2075770,2478326144.0,1.43,0.19
2012-05-25,759.23,748.57,762.07,746.32,-1.5,-11.4,1489286,1744256512.0,2.07,0.14
2012-05-28,744.18,750.1,750.32,727.02,0.2,1.53,1733768,1968946672.0,3.11,0.16
2012-05-29,752.6,772.71,774.35,752.55,3.01,22.61,3228805,3866225504.0,2.91,0.3
2012-05-30,770.41,775.64,781.07,769.49,0.38,2.93,2703108,3043870672.0,1.5,0.25
2012-05-31,772.4,785.45,791.08,771.25,1.26,9.81,3255283,3879201744.0,2.56,0.3
2012-06-01,784.25,776.73,786.88,773.73,-1.11,-8.72,2403575,3025180800.0,1.67,0.22
2012-06-04,760.3,745.56,767.56,745.16,-4.01,-31.17,2477458,3043037568.0,2.88,0.23
2012-06-05,747.21,743.17,752.54,738.5,-0.32,-2.39,1668881,2064994272.0,1.88,0.15
2012-06-06,745.05,741.19,750.17,737.19,-0.27,-1.98,1485200,1905190496.0,1.75,0.14
2012-06-07,750.15,734.11,752.33,732.36,-0.96,-7.08,1408319,1707754960.0,2.69,0.13
2012-06-08,741.99,727.0,741.99,725.1,-0.97,-7.11,1502397,1797224096.0,2.3,0.14
2012-06-11,728.16,744.89,745.0,728.08,2.46,17.89,1549836,1871930736.0,2.33,0.14
2012-06-12,740.43,735.13,741.67,734.53,-1.31,-9.76,1416620,1746290112.0,0.96,0.13
2012-06-13,736.88,746.81,746.83,734.92,1.59,11.68,1820665,2150032304.0,1.62,0.17
2012-06-14,745.3,741.63,749.23,740.46,-0.69,-5.18,1368576,1624005072.0,1.17,0.13
2012-06-15,742.82,740.7,745.82,731.42,-0.13,-0.93,1474422,1713072768.0,1.94,0.14
2012-06-18,743.77,748.48,750.92,742.87,1.05,7.78,1587453,2015817360.0,1.09,0.15
2012-06-19,748.09,740.24,748.09,739.16,-1.1,-8.24,1503013,1842304928.0,1.19,0.14
2012-06-20,743.28,741.56,748.69,740.35,0.18,1.32,1488263,1700594832.0,1.13,0.14
2012-06-21,739.41,727.19,739.72,724.21,-1.94,-14.37,1541139,1898500112.0,2.09,0.14
2012-06-25,723.99,706.86,723.99,705.47,-2.8,-20.33,1410033,1688102544.0,2.55,0.13
2012-06-26,702.13,708.59,710.47,696.36,0.24,1.73,1209798,1405593936.0,2.0,0.11
2012-06-27,706.76,706.46,714.0,705.71,-0.3,-2.13,1214971,1592119840.0,1.17,0.11
2012-06-28,707.68,695.13,709.88,694.14,-1.6,-11.33,1351769,1727487024.0,2.23,0.12
2012-06-29,694.0,707.27,707.32,687.85,1.75,12.14,1449492,1785766288.0,2.8,0.13
2012-07-02,711.71,715.3,718.24,708.06,1.14,8.03,1576263,2030213040.0,1.44,0.15
2012-07-03,714.74,715.72,722.58,711.85,0.06,0.42,1878307,2321704704.0,1.5,0.17
2012-07-04,717.15,710.16,719.7,707.06,-0.78,-5.56,1695476,2154660832.0,1.77,0.16
2012-07-05,709.12,690.62,709.12,689.56,-2.75,-19.54,1719172,2224697728.0,2.75,0.16
2012-07-06,693.73,698.63,698.8,678.13,1.16,8.01,1949095,2404984112.0,2.99,0.18
2012-07-09,692.05,670.57,692.05,669.85,-4.02,-28.06,2132158,2396335552.0,3.18,0.2
2012-07-10,669.02,660.12,669.61,656.34,-1.56,-10.45,1964445,2115492032.0,1.98,0.18
2012-07-11,657.15,665.66,665.71,657.15,0.84,5.54,1539469,1714508160.0,1.3,0.14
2012-07-12,666.51,675.92,677.59,660.92,1.54,10.26,2010524,2070094592.0,2.5,0.19
2012-07-13,671.8,668.02,677.0,666.86,-1.17,-7.9,1549814,1676590032.0,1.5,0.14
2012-07-16,667.45,638.35,668.11,635.75,-4.44,-29.67,2211568,2286318848.0,4.84,0.2
2012-07-17,634.7,644.92,645.04,634.57,1.03,6.57,1586863,1655204976.0,1.64,0.15
2012-07-18,644.06,648.97,649.19,633.76,0.63,4.05,1667456,1789979872.0,2.39,0.15
2012-07-19,648.17,659.23,665.36,645.18,1.58,10.26,1760187,1798454816.0,3.11,0.16
2012-07-20,657.52,652.97,661.53,652.02,-0.95,-6.26,1440420,1449600464.0,1.44,0.13
2012-07-23,649.65,645.33,649.92,640.23,-1.17,-7.64,1246980,1363310240.0,1.48,0.12
2012-07-24,639.65,653.15,656.64,639.01,1.21,7.82,1496454,1687925680.0,2.73,0.14
2012-07-25,651.52,650.73,655.35,647.21,-0.37,-2.42,1543836,1764444896.0,1.25,0.14
2012-07-26,650.19,649.41,659.08,648.93,-0.2,-1.32,1439277,1535180608.0,1.56,0.13
2012-07-27,652.35,645.43,653.74,644.11,-0.61,-3.98,1220872,1304915936.0,1.48,0.11
2012-07-30,644.06,628.94,647.19,626.51,-2.55,-16.49,1301853,1293761600.0,3.2,0.12
2012-07-31,627.07,615.64,627.83,611.77,-2.11,-13.3,1324606,1309475488.0,2.55,0.12
2012-08-01,614.37,627.71,629.97,614.04,1.96,12.07,1506065,1535937760.0,2.59,0.14
2012-08-02,625.89,623.79,631.04,620.06,-0.62,-3.92,1519311,1600191664.0,1.75,0.14
2012-08-03,625.62,638.51,638.51,622.42,2.36,14.72,1612152,1827862832.0,2.58,0.15
2012-08-06,636.7,656.05,656.27,635.2,2.75,17.54,2215184,2518961856.0,3.3,0.2
2012-08-07,656.87,664.83,664.83,656.32,1.34,8.78,2349708,2574156688.0,1.3,0.22
2012-08-08,665.44,663.04,665.98,657.42,-0.27,-1.79,2278428,2376130704.0,1.29,0.21
2012-08-09,662.86,671.54,671.54,658.15,1.28,8.5,2215113,2490853696.0,2.02,0.2
2012-08-10,671.38,675.93,679.2,669.08,0.65,4.39,2619608,2693391056.0,1.51,0.24
2012-08-13,672.22,658.16,672.24,657.51,-2.63,-17.77,1902466,1910962448.0,2.18,0.18
2012-08-14,656.69,665.02,665.27,647.59,1.04,6.86,1898916,1971504048.0,2.69,0.18
2012-08-15,662.16,655.16,663.0,654.79,-1.48,-9.86,1638835,1662818320.0,1.23,0.15
2012-08-16,652.31,652.27,656.9,649.58,-0.44,-2.89,1587193,1563017776.0,1.12,0.15
2012-08-17,651.38,658.56,660.64,650.96,0.96,6.29,1800802,1833709472.0,1.48,0.17
2012-08-20,655.29,657.01,659.05,648.63,-0.24,-1.55,1590570,1658074832.0,1.58,0.15
2012-08-21,657.85,673.44,677.98,656.23,2.5,16.43,2656511,2784841184.0,3.31,0.25
2012-08-22,673.52,667.27,674.33,663.58,-0.92,-6.17,1986003,2112139136.0,1.6,0.18
2012-08-23,665.61,678.86,680.55,664.3,1.74,11.59,2689944,2520003744.0,2.44,0.25
2012-08-24,676.51,662.92,678.54,662.85,-2.35,-15.94,2416598,2230497888.0,2.31,0.22
2012-08-27,659.5,645.65,659.5,644.64,-2.61,-17.27,2042946,1935120368.0,2.24,0.19
2012-08-28,643.33,656.92,661.18,643.33,1.75,11.27,2600505,2359689952.0,2.76,0.24
2012-08-29,659.35,669.92,683.02,658.79,1.98,13.0,3603692,3523078880.0,3.69,0.33
2012-08-30,672.15,658.8,673.8,649.6,-1.66,-11.12,4332832,3866803984.0,3.61,0.4
2012-08-31,654.4,658.95,662.83,652.62,0.02,0.15,2482337,2107731456.0,1.55,0.23
2012-09-03,657.08,674.0,676.68,655.44,2.28,15.05,3389945,3067599696.0,3.22,0.31
2012-09-04,673.27,667.56,679.29,665.61,-0.96,-6.44,2980648,2889057104.0,2.03,0.28
2012-09-05,664.24,679.47,684.2,664.04,1.78,11.91,3264910,3168720176.0,3.02,0.3
2012-09-06,683.76,690.7,690.7,681.97,1.65,11.23,3183358,2920640832.0,1.28,0.29
2012-09-07,698.5,712.3,718.96,695.31,3.13,21.6,4935824,4723903232.0,3.42,0.46
2012-09-10,713.4,717.7,722.08,712.18,0.76,5.4,4244911,4030067968.0,1.39,0.39
2012-09-11,712.26,713.04,716.48,707.6,-0.65,-4.66,3328176,3154774832.0,1.24,0.31
2012-09-12,716.87,716.28,720.65,708.18,0.45,3.24,2888808,2750519264.0,1.75,0.27
2012-09-13,717.81,702.89,720.36,702.78,-1.87,-13.39,2864470,2631560640.0,2.45,0.26
2012-09-14,708.36,703.39,711.43,694.35,0.07,0.5,2596056,2450689744.0,2.43,0.24
2012-09-17,703.71,683.35,705.62,683.21,-2.85,-20.04,2208493,2059680480.0,3.19,0.2
2012-09-18,680.77,686.07,692.2,680.46,0.4,2.72,1699374,1663038944.0,1.72,0.16
2012-09-19,686.24,700.38,700.99,686.24,2.09,14.31,2005833,1879832048.0,2.15,0.19
2012-09-20,696.93,672.76,696.93,672.76,-3.94,-27.62,2240320,2129691392.0,3.45,0.21
2012-09-21,672.37,663.46,674.26,661.34,-1.38,-9.3,1679220,1544028192.0,1.92,0.16
2012-09-24,659.4,668.82,672.67,654.77,0.81,5.36,1381891,1233897824.0,2.7,0.13
2012-09-25,665.55,657.57,668.8,657.57,-1.68,-11.25,1178142,1113158464.0,1.68,0.11
2012-09-26,657.27,638.04,659.65,636.79,-2.97,-19.53,1466032,1274057440.0,3.48,0.14
2012-09-27,637.45,654.86,660.07,636.53,2.64,16.82,1865891,1653747312.0,3.69,0.17
2012-09-28,651.55,666.61,666.74,650.4,1.79,11.75,1879605,1718807984.0,2.5,0.17
2012-10-08,668.63,664.98,672.55,661.32,-0.24,-1.63,1432964,1355730848.0,1.68,0.13
2012-10-09,665.67,688.26,688.36,665.67,3.5,23.28,2516954,2291300272.0,3.41,0.23
2012-10-10,687.87,699.42,700.84,685.06,1.62,11.16,2888437,2590624656.0,2.29,0.27
2012-10-11,697.38,684.17,698.31,684.17,-2.18,-15.25,2388280,2171972576.0,2.02,0.22
2012-10-12,684.98,680.64,693.06,670.07,-0.52,-3.53,2166706,1868856464.0,3.36,0.2
2012-10-15,683.43,677.26,684.53,670.61,-0.5,-3.38,2331431,2101033552.0,2.05,0.22
2012-10-16,678.01,679.11,684.31,675.37,0.27,1.85,1663528,1555346576.0,1.32,0.15
2012-10-17,680.8,675.69,682.58,670.1,-0.5,-3.42,1674204,1629663120.0,1.84,0.15
2012-10-18,677.4,689.29,689.87,677.4,2.01,13.6,2013431,1846009952.0,1.85,0.19
2012-10-19,688.79,690.26,693.26,686.28,0.14,0.97,1918162,1774671488.0,1.01,0.18
2012-10-22,685.65,692.07,693.27,684.24,0.26,1.81,1676826,1553655104.0,1.31,0.15
2012-10-23,692.56,683.61,693.57,683.16,-1.22,-8.46,1529523,1452823216.0,1.5,0.14
2012-10-24,679.3,684.42,688.84,677.64,0.12,0.81,1528538,1330723856.0,1.64,0.14
2012-10-25,681.92,672.54,685.44,672.39,-1.74,-11.88,2595367,2283025264.0,1.91,0.24
2012-10-26,667.95,649.05,668.1,646.24,-3.49,-23.49,2025608,1757323472.0,3.25,0.19
2012-10-29,646.23,642.79,647.68,638.94,-0.96,-6.26,1477587,1306005728.0,1.35,0.14
2012-10-30,642.04,644.11,649.4,640.97,0.21,1.32,1051473,960785200.0,1.31,0.1
2012-10-31,644.44,647.82,648.47,642.46,0.58,3.71,1336190,1197517168.0,0.93,0.12
2012-11-01,648.32,657.42,660.71,648.29,1.48,9.6,1554533,1387536544.0,1.92,0.14
2012-11-02,658.34,657.54,659.66,651.08,0.02,0.12,1167215,1081500032.0,1.31,0.11
2012-11-05,657.43,651.25,659.13,649.56,-0.96,-6.29,1356719,1323156304.0,1.46,0.13
2012-11-06,649.38,644.25,651.07,636.32,-1.07,-7.0,1501082,1305755456.0,2.26,0.14
2012-11-07,644.35,645.0,648.01,641.96,0.12,0.75,1107454,969463376.0,0.94,0.1
2012-11-08,640.23,627.81,640.23,627.81,-2.67,-17.19,1197665,993325024.0,1.93,0.11
2012-11-09,627.02,625.17,630.24,622.9,-0.42,-2.64,843748,713624352.0,1.17,0.08
2012-11-12,627.27,628.76,629.28,622.94,0.57,3.59,755513,674812208.0,1.01,0.07
2012-11-13,630.01,617.54,630.01,616.78,-1.78,-11.22,1041788,931963808.0,2.1,0.1
2012-11-14,617.97,620.15,621.49,613.54,0.42,2.61,857718,747313152.0,1.29,0.08
2012-11-15,617.13,607.69,620.61,607.44,-2.01,-12.46,874813,745180000.0,2.12,0.08
2012-11-16,607.58,603.33,608.25,598.65,-0.72,-4.36,904190,746716352.0,1.58,0.08
2012-11-19,603.38,604.57,605.76,596.27,0.21,1.24,708920,656007360.0,1.57,0.07
2012-11-20,606.37,603.37,609.77,602.78,-0.2,-1.2,707656,645266320.0,1.16,0.07
2012-11-21,601.78,611.37,611.48,595.36,1.33,8.0,1030847,838586400.0,2.67,0.1
2012-11-22,607.33,602.41,607.33,601.0,-1.47,-8.96,875042,710183696.0,1.04,0.08
2012-11-23,602.61,604.18,608.21,601.42,0.29,1.77,879746,693219632.0,1.13,0.08
2012-11-26,604.03,596.96,605.76,596.94,-1.2,-7.22,807652,713893536.0,1.46,0.07
2012-11-27,595.2,575.31,595.2,574.93,-3.63,-21.65,1279160,1016499936.0,3.4,0.12
2012-11-28,570.66,565.03,570.75,561.4,-1.79,-10.28,1082518,816478368.0,1.63,0.1
2012-11-29,563.18,559.06,569.16,556.55,-1.06,-5.97,904341,678298784.0,2.23,0.08
2012-11-30,557.35,565.95,567.23,556.98,1.23,6.89,915155,733486496.0,1.83,0.08
2012-12-03,565.69,549.68,567.82,547.07,-2.87,-16.27,1018382,809872112.0,3.67,0.09
2012-12-04,547.05,558.73,559.2,542.53,1.65,9.05,1329876,1049594112.0,3.03,0.12
2012-12-05,558.17,580.38,584.54,556.33,3.87,21.65,1994172,1585724400.0,5.05,0.18
2012-12-06,579.76,579.17,585.34,576.92,-0.21,-1.21,1305206,1057655232.0,1.45,0.12
2012-12-07,579.66,591.23,592.49,578.41,2.08,12.06,1900062,1479183104.0,2.43,0.18
2012-12-10,592.4,605.16,605.57,591.19,2.36,13.93,2283419,1810089232.0,2.43,0.21
2012-12-11,602.85,599.41,605.15,597.33,-0.95,-5.75,1836831,1447643008.0,1.29,0.17
2012-12-12,598.55,598.99,602.92,593.24,-0.07,-0.42,1424786,1152950960.0,1.61,0.13
2012-12-13,598.92,591.06,600.53,590.57,-1.32,-7.93,1350474,1082412128.0,1.66,0.12
2012-12-14,590.56,617.23,618.18,590.15,4.43,26.17,2607245,2280123920.0,4.74,0.24
2012-12-17,618.88,619.63,620.79,613.24,0.39,2.4,2820850,2535603760.0,1.22,0.26
2012-12-18,617.27,620.53,625.62,613.3,0.15,0.9,2447846,2259877424.0,1.99,0.23
2012-12-19,617.8,623.07,626.07,617.38,0.41,2.54,1994670,1690814512.0,1.4,0.18
2012-12-20,622.83,629.75,630.72,621.17,1.07,6.68,2291099,1871269840.0,1.53,0.21
2012-12-21,630.32,630.04,639.34,625.36,0.05,0.29,2565204,2365980016.0,2.22,0.24
2012-12-24,628.48,631.82,634.44,627.6,0.28,1.78,1846660,1748167008.0,1.09,0.17
2012-12-25,629.44,645.59,647.46,628.79,2.18,13.77,2740231,2501813344.0,2.95,0.25
2012-12-26,645.32,658.93,659.05,643.88,2.07,13.34,2907579,2675239008.0,2.35,0.27
2012-12-27,662.4,647.65,662.54,647.03,-1.71,-11.28,3260194,2918876544.0,2.35,0.3
2012-12-28,646.27,650.15,650.26,640.08,0.39,2.5,2236810,2009481328.0,1.57,0.21
2012-12-31,651.42,653.78,655.26,647.65,0.56,3.63,2107430,2024311552.0,1.17,0.19
2013-01-04,658.55,647.92,659.84,641.69,-0.9,-5.86,1971583,1956555840.0,2.78,0.18
2013-01-07,646.08,653.59,653.71,643.63,0.88,5.67,1951944,1844523776.0,1.56,0.18
2013-01-08,654.31,662.56,665.51,652.31,1.37,8.97,2806703,2570158752.0,2.02,0.26
2013-01-09,661.22,666.39,673.49,660.01,0.58,3.83,2933285,2799160064.0,2.03,0.27
2013-01-10,673.14,676.55,678.97,670.37,1.52,10.16,3322387,3030737248.0,1.29,0.31
2013-01-11,677.51,659.65,680.29,658.4,-2.5,-16.9,3534338,3264716112.0,3.24,0.33
2013-01-14,656.74,685.52,686.66,656.4,3.92,25.87,3573296,3470614176.0,4.59,0.33
2013-01-15,685.49,703.15,706.76,683.68,2.57,17.63,4452701,4217000992.0,3.37,0.41
2013-01-16,701.97,710.22,713.07,694.64,1.01,7.07,4142893,3540772816.0,2.62,0.38
2013-01-17,709.0,703.43,711.3,697.85,-0.96,-6.79,3601212,2865641792.0,1.89,0.33
2013-01-18,703.86,715.55,715.62,701.04,1.72,12.12,3777819,3312234352.0,2.07,0.35
2013-01-21,716.92,718.44,721.98,710.76,0.4,2.89,3558402,3553127680.0,1.57,0.33
2013-01-22,717.86,700.04,717.86,696.43,-2.56,-18.4,3119692,2902102928.0,2.98,0.29
2013-01-23,697.56,705.5,705.5,689.65,0.78,5.46,3124417,2896268992.0,2.26,0.29
2013-01-24,702.84,680.04,706.45,675.49,-3.61,-25.46,3790614,3674279904.0,4.39,0.35
2013-01-25,678.68,681.72,687.01,676.44,0.25,1.68,1869934,1764160560.0,1.55,0.17
2013-01-28,682.93,697.59,697.59,682.89,2.33,15.87,2380684,2308118176.0,2.16,0.22
2013-01-29,698.45,705.99,706.17,695.46,1.2,8.4,2804399,2828432144.0,1.54,0.26
2013-01-30,706.08,707.43,709.8,702.81,0.2,1.44,3017268,2717958400.0,0.99,0.28
2013-01-31,705.69,699.84,705.82,695.04,-1.07,-7.59,2781388,2440360864.0,1.52,0.26
2013-02-01,697.65,702.83,704.92,694.22,0.43,2.99,2438537,2131867216.0,1.53,0.23
2013-02-04,703.26,698.16,706.43,695.79,-0.66,-4.67,2654674,2415235936.0,1.51,0.25
2013-02-05,695.4,707.83,707.96,693.44,1.39,9.67,2435767,2463804832.0,2.08,0.23
2013-02-06,708.15,709.82,714.12,707.48,0.28,1.99,2319015,2359448272.0,0.94,0.21
2013-02-07,710.84,717.09,717.83,707.53,1.02,7.27,2592997,2712768432.0,1.45,0.24
2013-02-08,716.93,725.04,728.51,716.93,1.11,7.95,2551735,2738763264.0,1.61,0.24
2013-02-18,731.77,738.06,740.79,731.77,1.8,13.02,3837937,3714611344.0,1.24,0.35
2013-02-19,737.84,730.51,739.37,724.81,-1.02,-7.55,3733194,3468422432.0,1.97,0.34
2013-02-20,727.49,745.07,745.16,725.45,1.99,14.56,3091883,2938602320.0,2.7,0.29
2013-02-21,740.08,727.21,740.08,721.44,-2.4,-17.86,3467605,3300790176.0,2.5,0.32
2013-02-22,724.98,723.77,731.71,722.15,-0.47,-3.44,2621670,2613356960.0,1.31,0.24
2013-02-25,724.91,735.14,738.38,724.91,1.57,11.37,2796338,2811701664.0,1.86,0.26
2013-02-26,730.01,722.06,736.12,720.67,-1.78,-13.08,2799422,3012541040.0,2.1,0.26
2013-02-27,722.72,720.4,730.43,713.39,-0.23,-1.66,2393810,2428919488.0,2.36,0.22
2013-02-28,724.46,736.61,736.61,720.19,2.25,16.21,2725350,2765200688.0,2.28,0.25
2013-03-01,735.66,748.91,748.93,735.04,1.67,12.3,3401158,3537828160.0,1.89,0.31
2013-03-04,743.37,721.33,743.37,715.93,-3.68,-27.58,3122515,3218808480.0,3.66,0.29
2013-03-05,719.85,748.13,748.21,719.85,3.72,26.8,3078850,3343816128.0,3.93,0.28
2013-03-06,750.66,777.85,779.07,750.47,3.97,29.72,4983402,5342719488.0,3.82,0.46
2013-03-07,775.77,764.53,778.58,753.75,-1.71,-13.32,3607891,3922825248.0,3.19,0.33
2013-03-08,765.7,764.25,775.31,763.51,-0.04,-0.28,2835557,2945213296.0,1.54,0.26
2013-03-11,764.2,762.91,768.68,754.31,-0.18,-1.34,2215081,2291808640.0,1.88,0.2
2013-03-12,761.21,734.63,765.48,726.27,-3.71,-28.28,2960424,3088035760.0,5.14,0.27
2013-03-13,732.49,728.15,732.63,718.52,-0.88,-6.48,2275882,2230776736.0,1.92,0.21
2013-03-14,725.81,731.97,735.76,725.84,0.52,3.82,2107308,2080090512.0,1.36,0.19
2013-03-15,731.54,733.91,748.23,722.07,0.27,1.94,2680258,2712331520.0,3.57,0.25
2013-03-18,731.16,727.49,737.95,726.44,-0.87,-6.42,2279245,2298474752.0,1.57,0.21
2013-03-19,725.71,728.58,732.26,714.04,0.15,1.09,2154709,2163534304.0,2.5,0.2
2013-03-20,728.23,750.01,750.06,727.49,2.94,21.43,2631260,2579902112.0,3.1,0.24
2013-03-21,749.82,760.66,764.16,748.76,1.42,10.65,2831353,2995555984.0,2.05,0.26
2013-03-22,758.8,765.19,769.04,757.25,0.6,4.53,2704493,2742846512.0,1.55,0.25
2013-03-25,765.88,764.32,769.59,760.61,-0.11,-0.87,2502264,2583021360.0,1.17,0.23
2013-03-26,761.57,755.97,763.02,747.58,-1.09,-8.35,2498943,2531182096.0,2.02,0.23
2013-03-27,755.75,761.88,766.19,752.96,0.78,5.91,2195472,2263756944.0,1.75,0.2
2013-03-28,754.9,737.27,755.11,736.92,-3.23,-24.61,2529786,2482510448.0,2.39,0.23
2013-03-29,737.64,739.73,742.69,734.97,0.33,2.46,1899277,2210097216.0,1.05,0.18
2013-04-01,738.34,739.95,747.3,736.81,0.03,0.22,2150795,2581167632.0,1.42,0.2
2013-04-02,739.07,725.96,745.49,723.85,-1.89,-13.99,2582696,3169567376.0,2.92,0.24
2013-04-03,722.96,719.33,726.87,713.53,-0.91,-6.63,2109953,2473547360.0,1.84,0.19
2013-04-08,710.47,725.31,725.39,700.16,0.83,5.98,2178321,2561347216.0,3.51,0.2
2013-04-09,725.33,736.51,739.1,725.41,1.54,11.2,2138998,2405887920.0,1.89,0.2
2013-04-10,735.96,738.04,740.53,729.26,0.21,1.53,2083669,2373363392.0,1.53,0.19
2013-04-11,745.98,740.39,750.67,739.57,0.32,2.35,2333376,2227410576.0,1.5,0.22
2013-04-12,735.87,731.37,742.04,728.62,-1.22,-9.02,1792548,1985144080.0,1.81,0.17
2013-04-15,727.73,717.84,728.63,714.73,-1.85,-13.53,1489856,1622993296.0,1.9,0.14
2013-04-16,709.22,728.3,728.85,708.09,1.46,10.46,1723315,1934333584.0,2.89,0.16
2013-04-17,732.74,737.97,738.99,731.14,1.33,9.67,1971588,2682973056.0,1.08,0.18
2013-04-18,736.61,752.01,752.59,734.73,1.9,14.04,2789255,2866317216.0,2.42,0.26
2013-04-19,751.12,768.92,770.9,751.12,2.25,16.91,3311896,3483994480.0,2.63,0.31
2013-04-22,762.24,775.45,775.96,760.23,0.85,6.53,3053553,3486286912.0,2.05,0.28
2013-04-23,774.63,755.69,774.63,755.25,-2.55,-19.76,3212634,3671031696.0,2.5,0.3
2013-04-24,755.44,784.92,784.92,755.44,3.87,29.23,3691394,4615891456.0,3.9,0.34
2013-04-25,783.2,774.45,794.49,772.3,-1.33,-10.47,4092480,4867094528.0,2.83,0.38
2013-04-26,771.6,753.86,774.1,752.25,-2.66,-20.59,2700309,2818932416.0,2.82,0.25
2013-05-02,747.68,750.85,751.83,740.31,-0.4,-3.01,2682396,2975201408.0,1.53,0.25
2013-05-03,752.22,768.67,774.61,752.22,2.37,17.82,3044373,3507917888.0,2.98,0.28
2013-05-06,768.68,786.1,786.15,768.49,2.27,17.43,3297882,3658186928.0,2.3,0.3
2013-05-07,784.77,779.68,785.86,776.48,-0.82,-6.42,2618660,2880497200.0,1.19,0.24
2013-05-08,778.97,785.53,785.65,773.34,0.75,5.85,3451487,3750673904.0,1.58,0.32
2013-05-09,783.51,788.25,788.38,775.24,0.35,2.72,4118500,4403729408.0,1.67,0.38
2013-05-10,785.68,792.36,793.43,782.18,0.52,4.11,3249016,3553847184.0,1.43,0.3
2013-05-13,792.74,805.97,807.23,791.15,1.72,13.61,3780799,4012384416.0,2.03,0.35
2013-05-14,805.91,794.12,808.0,790.63,-1.47,-11.85,3693896,4242868784.0,2.16,0.34
2013-05-15,786.8,822.89,823.0,785.36,3.62,28.77,5293441,6082915840.0,4.74,0.49
2013-05-16,827.38,828.56,837.16,824.59,0.69,5.67,6838715,7869373952.0,1.53,0.63
2013-05-17,824.87,863.89,868.69,822.63,4.26,35.33,7674228,8350026752.0,5.56,0.71
2013-05-20,881.16,897.44,897.87,875.15,3.88,33.55,8734455,9832881920.0,2.63,0.81
2013-05-21,895.2,919.72,920.5,892.48,2.48,22.28,7934896,9158235904.0,3.12,0.73
2013-05-22,915.8,899.08,917.47,890.34,-2.24,-20.64,6235158,7390924288.0,2.95,0.58
2013-05-23,893.42,900.35,921.19,891.94,0.14,1.27,6542386,7486713600.0,3.25,0.6
2013-05-24,902.3,939.18,939.98,902.3,4.31,38.83,7243798,8674984704.0,4.19,0.67
2013-05-27,943.11,940.61,951.29,931.63,0.15,1.43,6657335,8183797504.0,2.09,0.62
2013-05-28,936.56,914.21,936.56,907.3,-2.81,-26.4,5802905,7133459968.0,3.11,0.54
2013-05-29,912.46,927.83,930.08,907.87,1.49,13.62,5215437,6252483328.0,2.43,0.48
2013-05-30,924.02,921.04,925.43,914.57,-0.73,-6.79,4656077,5374395904.0,1.17,0.43
2013-05-31,919.14,897.01,920.64,896.55,-2.61,-24.03,4256864,5175352576.0,2.62,0.39
2013-06-03,893.89,893.9,903.19,890.58,-0.35,-3.11,3346506,3944336832.0,1.41,0.31
2013-06-04,892.39,873.0,894.84,862.95,-2.34,-20.9,3894674,4685480192.0,3.57,0.36
2013-06-05,875.22,886.61,892.29,873.52,1.56,13.61,3229870,4187075072.0,2.15,0.3
2013-06-06,882.73,867.31,882.73,864.56,-2.18,-19.3,3014087,3607797712.0,2.05,0.28
2013-06-07,866.41,851.57,874.96,845.44,-1.81,-15.74,3319224,4063584560.0,3.4,0.31
2013-06-13,841.73,833.89,841.73,808.02,-2.08,-17.68,2425332,2877502384.0,3.96,0.22
2013-06-14,836.56,863.16,867.34,834.26,3.51,29.27,3618072,4515221760.0,3.97,0.33
2013-06-17,866.28,865.16,878.19,860.37,0.23,2.0,3408566,4338625024.0,2.06,0.31
2013-06-18,866.98,869.94,874.41,846.43,0.55,4.78,3459132,4612780800.0,3.23,0.32
2013-06-19,865.65,868.75,870.82,852.83,-0.14,-1.19,2756411,3440451808.0,2.07,0.25
2013-06-20,859.71,839.14,862.79,837.53,-3.41,-29.61,2409944,3149408688.0,2.91,0.22
2013-06-21,816.7,826.18,836.39,803.81,-1.54,-12.96,2665144,3518482640.0,3.88,0.25
2013-06-24,822.61,776.7,822.66,771.84,-5.99,-49.48,3031935,3595740416.0,6.15,0.28
2013-06-25,760.49,775.21,778.15,716.59,-0.19,-1.49,3516413,4048910000.0,7.93,0.32
2013-06-26,780.31,804.23,804.49,774.93,3.74,29.02,3399969,4521724928.0,3.81,0.31
2013-06-27,804.83,786.34,818.73,785.6,-2.22,-17.89,4023411,4777536512.0,4.12,0.37
2013-06-28,778.61,780.75,801.0,770.17,-0.71,-5.59,3073162,3416853424.0,3.92,0.28
2013-07-01,778.26,798.6,799.1,771.88,2.29,17.85,2606258,3196927936.0,3.49,0.24
2013-07-02,797.79,812.64,814.95,793.74,1.76,14.04,3372074,4263063408.0,2.66,0.31
2013-07-03,810.49,818.08,821.63,792.73,0.67,5.44,3461237,4306053888.0,3.56,0.32
2013-07-04,809.52,818.76,833.02,804.3,0.08,0.68,3397544,4034999040.0,3.51,0.31
2013-07-05,819.7,806.83,821.51,806.39,-1.46,-11.93,3004688,3472150224.0,1.85,0.28
2013-07-08,792.5,766.22,792.5,766.11,-5.03,-40.61,3160388,3496640560.0,3.27,0.29
2013-07-09,761.87,758.39,771.13,752.2,-1.02,-7.83,2377224,2644835808.0,2.47,0.22
2013-07-10,757.21,790.03,790.32,757.21,4.17,31.64,3003585,3204785920.0,4.37,0.28
2013-07-11,794.16,811.93,819.69,791.46,2.77,21.9,3865102,4122128192.0,3.57,0.36
2013-07-12,810.33,804.61,822.77,804.28,-0.9,-7.32,3305133,3617998464.0,2.28,0.31
2013-07-15,807.84,831.42,831.47,807.84,3.33,26.81,3773940,4071208064.0,2.94,0.35
2013-07-16,836.19,854.53,854.8,832.99,2.78,23.11,4265647,4862923008.0,2.62,0.39
2013-07-17,856.5,843.15,865.44,838.62,-1.33,-11.38,4299220,5284115200.0,3.14,0.4
2013-07-18,844.51,847.56,853.51,834.06,0.52,4.41,4404452,4927740928.0,2.31,0.41
2013-07-19,844.98,833.23,862.84,832.92,-1.69,-14.33,5347033,6284226048.0,3.53,0.49
2013-07-22,822.92,856.59,856.93,819.72,2.8,23.36,3760909,4174226576.0,4.47,0.35
2013-07-23,859.66,878.41,879.62,859.47,2.55,21.82,4955812,5600595200.0,2.35,0.46
2013-07-24,878.2,887.0,889.53,864.68,0.98,8.59,5589408,6376100096.0,2.83,0.52
2013-07-25,885.07,854.75,888.43,854.75,-3.64,-32.25,4786350,5511309312.0,3.8,0.44
2013-07-26,854.01,863.27,864.69,839.93,1.0,8.52,3991097,4435532544.0,2.9,0.37
2013-07-29,861.05,854.02,871.1,850.01,-1.07,-9.25,3426716,3853217264.0,2.44,0.32
2013-07-30,857.41,840.04,859.96,822.52,-1.64,-13.98,3538572,4045492832.0,4.38,0.33
2013-07-31,841.78,841.77,854.4,840.24,0.21,1.73,2920316,3259507552.0,1.69,0.27
2013-08-01,843.27,876.56,876.98,841.08,4.13,34.79,4558328,5011267584.0,4.26,0.42
2013-08-02,879.22,887.76,902.0,878.35,1.28,11.2,5733519,6769684224.0,2.7,0.53
2013-08-05,889.23,901.98,901.98,887.13,1.6,14.22,4576907,5668882688.0,1.67,0.42
2013-08-06,901.37,908.19,910.73,896.65,0.69,6.21,4612741,5622497792.0,1.56,0.43
2013-08-07,906.47,893.11,915.17,890.12,-1.66,-15.08,4733298,5414646272.0,2.76,0.44
2013-08-08,887.95,900.52,909.52,887.41,0.83,7.41,4047101,5164134912.0,2.48,0.37
2013-08-09,902.8,894.7,906.36,882.75,-0.65,-5.82,3740069,4599417344.0,2.62,0.35
2013-08-12,898.35,908.4,908.49,895.87,1.53,13.7,4139098,4723070208.0,1.41,0.38
2013-08-13,910.49,914.13,914.23,902.26,0.63,5.73,3817056,4491013632.0,1.32,0.35
2013-08-14,913.19,909.94,917.62,900.84,-0.46,-4.19,4692945,5122504192.0,1.84,0.43
2013-08-15,908.96,896.42,913.59,895.71,-1.49,-13.52,3593658,4126425632.0,1.96,0.33
2013-08-16,890.0,870.47,916.9,870.01,-2.89,-25.95,4739138,5435705600.0,5.23,0.44
2013-08-19,864.95,895.98,896.19,864.59,2.93,25.51,3254506,3648988192.0,3.63,0.3
2013-08-20,893.66,898.37,909.17,890.79,0.27,2.39,3937526,4671939584.0,2.05,0.36
2013-08-21,898.57,912.15,912.24,891.87,1.53,13.78,3918510,4244176704.0,2.27,0.36
2013-08-22,910.1,913.55,922.05,906.66,0.15,1.4,5010303,5530573056.0,1.69,0.46
2013-08-23,914.39,902.45,918.31,884.7,-1.22,-11.1,5142087,6061601792.0,3.68,0.48
2013-08-26,901.94,927.49,928.55,899.8,2.77,25.04,5051385,5742231552.0,3.19,0.47
2013-08-27,926.2,925.64,929.53,917.15,-0.2,-1.85,4088513,4507980032.0,1.33,0.38
2013-08-28,918.65,902.53,918.65,901.87,-2.5,-23.11,4455405,4708971520.0,1.81,0.41
2013-08-29,902.12,897.38,907.4,890.74,-0.57,-5.15,3101446,3313272192.0,1.85,0.29
2013-08-30,897.41,871.56,900.74,866.4,-2.88,-25.82,4461287,4589349632.0,3.83,0.41
2013-09-02,872.59,880.88,883.02,870.6,1.07,9.32,2876279,2955825072.0,1.43,0.27
2013-09-03,881.82,897.22,897.4,881.48,1.85,16.34,2947043,3131082672.0,1.81,0.27
2013-09-04,895.99,890.83,901.03,889.88,-0.71,-6.39,2800428,3262846640.0,1.24,0.26
2013-09-05,890.82,907.32,910.26,889.42,1.85,16.49,4374922,4759504128.0,2.34,0.4
2013-09-06,905.56,907.76,911.1,898.29,0.05,0.44,4377030,4931605504.0,1.41,0.4
2013-09-09,907.4,911.21,911.21,901.21,0.38,3.45,4072548,4694590208.0,1.1,0.38
2013-09-10,914.32,925.84,925.97,914.32,1.61,14.63,4530196,5238917120.0,1.28,0.42
2013-09-11,924.12,903.99,925.58,900.55,-2.36,-21.85,5325660,6185141504.0,2.7,0.49
2013-09-12,899.54,898.27,908.14,895.16,-0.63,-5.72,3792819,4386177280.0,1.44,0.35
2013-09-13,899.49,903.15,905.78,893.9,0.54,4.88,3558061,3987063424.0,1.32,0.33
2013-09-16,904.23,901.67,908.22,899.96,-0.16,-1.48,2868646,3336999792.0,0.91,0.27
2013-09-17,901.58,876.03,901.74,875.78,-2.84,-25.64,3231384,3486275344.0,2.88,0.3
2013-09-18,876.4,879.4,880.12,868.08,0.38,3.37,2536450,3228809984.0,1.37,0.23
2013-09-23,882.05,903.25,903.47,882.05,2.71,23.85,3378274,4005204736.0,2.44,0.31
2013-09-24,902.79,905.92,907.2,894.71,0.3,2.67,3694986,4409660416.0,1.38,0.34
2013-09-25,905.48,903.27,910.84,899.59,-0.29,-2.65,3899760,4353170432.0,1.24,0.36
2013-09-26,902.01,878.26,902.2,878.23,-2.77,-25.01,3218671,3356957472.0,2.65,0.3
2013-09-27,878.13,886.98,890.62,878.13,0.99,8.72,2478354,2838115008.0,1.42,0.23
2013-09-30,890.71,905.02,905.15,890.71,2.03,18.04,3339055,3602712464.0,1.63,0.31
2013-10-08,903.72,929.09,929.68,903.25,2.66,24.07,4433334,5181892096.0,2.92,0.41
2013-10-09,926.89,934.47,934.75,921.54,0.58,5.38,3974025,4944131840.0,1.42,0.37
2013-10-10,933.35,939.3,945.6,926.25,0.52,4.83,4699821,5740756736.0,2.07,0.43
2013-10-11,940.06,953.77,956.1,940.06,1.54,14.47,4520202,5418445056.0,1.71,0.42
2013-10-14,952.74,952.62,954.21,943.48,-0.12,-1.15,3764920,4339067136.0,1.13,0.35
2013-10-15,950.41,947.66,950.95,931.84,-0.52,-4.96,3372151,4141334528.0,2.01,0.31
2013-10-16,943.14,922.64,945.48,916.1,-2.64,-25.02,4224011,4624286720.0,3.1,0.39
2013-10-17,926.44,920.05,937.67,916.91,-0.28,-2.59,3159126,3521669568.0,2.25,0.29
2013-10-18,920.1,928.13,930.29,913.23,0.88,8.08,2507192,2825014992.0,1.85,0.23
2013-10-21,930.54,961.52,961.62,930.54,3.6,33.39,4627870,5266396416.0,3.35,0.43
2013-10-22,960.78,952.65,969.35,949.65,-0.92,-8.87,4845598,5469215232.0,2.05,0.45
2013-10-23,952.64,927.69,960.16,922.43,-2.62,-24.96,3549283,3922140432.0,3.96,0.33
2013-10-24,926.76,920.42,932.27,917.49,-0.78,-7.27,2398349,2709115440.0,1.59,0.22
2013-10-25,920.1,901.67,924.29,892.27,-2.04,-18.75,3110364,3717986496.0,3.48,0.29
2013-10-28,901.85,898.26,904.68,893.94,-0.38,-3.41,2459487,2733512672.0,1.19,0.23
2013-10-29,897.18,863.44,900.11,840.31,-3.88,-34.82,3806889,3923110816.0,6.66,0.35
2013-10-30,860.57,868.67,868.85,855.74,0.61,5.23,2224650,2421355248.0,1.52,0.21
2013-10-31,869.38,860.82,870.09,858.2,-0.9,-7.85,2167595,2444980432.0,1.37,0.2
2013-11-01,860.11,862.14,866.26,852.52,0.15,1.32,1889081,2089915552.0,1.6,0.17
2013-11-04,863.56,864.4,871.72,862.31,0.26,2.26,1780551,1979259280.0,1.09,0.16
2013-11-05,861.51,872.65,873.35,852.88,0.95,8.25,2235589,2363404832.0,2.37,0.21
2013-11-06,871.52,875.01,892.96,869.72,0.27,2.36,3380762,3564385232.0,2.66,0.31
2013-11-07,868.76,853.33,868.76,852.44,-2.48,-21.68,2386597,2649216848.0,1.87,0.22
2013-11-08,853.28,840.66,855.34,837.97,-1.48,-12.67,2097744,2434717440.0,2.04,0.19
2013-11-11,837.88,852.59,855.54,835.78,1.42,11.93,1837189,2116291200.0,2.35,0.17
2013-11-12,853.3,859.38,861.1,852.54,0.8,6.79,2110920,2297774672.0,1.0,0.2
2013-11-13,858.8,850.89,864.29,850.63,-0.99,-8.49,2230510,2331193072.0,1.59,0.21
2013-11-14,850.01,868.68,869.1,844.89,2.09,17.79,2691372,2790523680.0,2.85,0.25
2013-11-15,871.09,884.97,893.3,870.29,1.88,16.29,3860263,3984049952.0,2.65,0.36
2013-11-18,889.21,911.46,911.58,889.21,2.99,26.49,4109131,4300661760.0,2.53,0.38
2013-11-19,913.95,920.44,926.63,909.97,0.99,8.98,4484614,4781794304.0,1.83,0.41
2013-11-20,921.77,928.33,928.41,914.06,0.86,7.89,3698094,3879639008.0,1.56,0.34
2013-11-21,925.0,921.92,926.41,914.07,-0.69,-6.41,3346868,3421890464.0,1.33,0.31
2013-11-22,921.66,908.78,922.39,908.63,-1.43,-13.14,2577975,2634505840.0,1.49,0.24
2013-11-25,906.2,924.15,931.48,904.62,1.69,15.37,3629280,3837620112.0,2.96,0.34
2013-11-26,922.33,942.6,945.59,922.3,2.0,18.45,4517332,4754536704.0,2.52,0.42
2013-11-27,941.42,952.13,956.16,939.76,1.01,9.53,4586314,5294507776.0,1.74,0.42
2013-11-28,953.94,962.02,970.17,952.8,1.04,9.89,4584442,5437586176.0,1.82,0.42
2013-11-29,963.04,977.06,977.25,962.97,1.56,15.04,4331483,5258518784.0,1.48,0.4
2013-12-02,950.2,932.53,968.12,922.14,-4.56,-44.53,5910457,6424178688.0,4.71,0.55
2013-12-03,924.58,957.77,957.94,924.42,2.71,25.24,4279355,4868086784.0,3.59,0.4
2013-12-04,956.49,978.16,986.76,954.34,2.13,20.39,5321312,6165944320.0,3.38,0.49
2013-12-05,980.91,980.54,991.27,975.19,0.24,2.38,5917339,6794423808.0,1.64,0.55
2013-12-06,975.39,970.96,981.99,965.52,-0.98,-9.58,4808415,5376548864.0,1.68,0.44
2013-12-09,974.38,982.33,985.53,974.38,1.17,11.37,3731600,4247174544.0,1.15,0.34
2013-12-10,982.68,979.33,987.53,973.29,-0.31,-3.0,5164505,5762950144.0,1.45,0.48
2013-12-11,972.14,958.6,972.21,951.03,-2.12,-20.73,3570786,3782389408.0,2.16,0.33
2013-12-12,954.95,967.87,973.94,954.95,0.97,9.27,3348252,3808223680.0,1.98,0.31
2013-12-13,961.24,972.54,976.33,958.92,0.48,4.67,3262208,3755762480.0,1.8,0.3
2013-12-16,972.49,950.74,974.62,949.71,-2.24,-21.8,3454676,3776985536.0,2.56,0.32
2013-12-17,949.98,944.9,954.8,940.1,-0.61,-5.84,3054890,3478287424.0,1.55,0.28
2013-12-18,944.52,955.06,963.33,943.07,1.08,10.16,3465904,3805404368.0,2.14,0.32
2013-12-19,957.07,942.24,962.92,942.0,-1.34,-12.82,3002951,3408010784.0,2.19,0.28
2013-12-20,944.03,926.01,946.6,922.61,-1.72,-16.23,2656652,3047881136.0,2.55,0.25
2013-12-23,926.23,920.76,928.76,904.37,-0.57,-5.25,2215747,2495937888.0,2.63,0.2
2013-12-24,922.77,936.03,945.22,922.6,1.66,15.27,2716586,3087193296.0,2.46,0.25
2013-12-25,935.04,960.04,960.33,932.7,2.57,24.01,3321265,3911169424.0,2.95,0.31
2013-12-26,959.39,941.37,959.39,941.18,-1.94,-18.67,3527829,4076089184.0,1.9,0.33
2013-12-27,939.76,971.27,973.96,939.76,3.18,29.9,4012272,4626048768.0,3.63,0.37
2013-12-30,973.56,971.81,975.97,966.94,0.06,0.54,3836725,4597667584.0,0.93,0.35
2013-12-31,967.15,969.5,977.07,964.06,-0.24,-2.31,3244493,3869259744.0,1.34,0.3
2014-01-02,968.79,1007.71,1010.64,966.16,3.94,38.21,5146403,6561990400.0,4.59,0.48
2014-01-03,1006.44,1016.26,1029.39,1006.02,0.85,8.55,6972773,9067003392.0,2.32,0.64
2014-01-06,1015.76,999.27,1024.48,996.22,-1.67,-16.99,6245310,7630463488.0,2.78,0.58
2014-01-07,995.76,1013.23,1013.43,992.64,1.4,13.96,4413364,5377154304.0,2.08,0.41
2014-01-08,1013.03,1032.42,1037.1,1011.55,1.89,19.19,6170530,7507788800.0,2.52,0.57
2014-01-09,1026.78,1003.55,1036.27,1003.36,-2.8,-28.87,5458001,6867252480.0,3.19,0.5
2014-01-10,997.71,983.35,1004.73,979.17,-2.01,-20.2,4275571,5539055104.0,2.55,0.4
2014-01-13,982.08,978.69,991.24,970.23,-0.47,-4.66,3841262,5157885696.0,2.14,0.35
2014-01-14,976.87,1006.44,1006.84,970.91,2.84,27.75,4287038,5520888576.0,3.67,0.4
2014-01-15,1005.4,1036.0,1038.15,1003.83,2.94,29.56,6339225,8166988032.0,3.41,0.59
2014-01-16,1035.99,1026.7,1047.14,1022.61,-0.9,-9.3,5278724,7120140800.0,2.37,0.49
2014-01-17,1021.87,1021.14,1028.3,1015.85,-0.54,-5.56,4315283,6002465024.0,1.21,0.4
2014-01-20,1019.15,1014.94,1033.49,1007.05,-0.61,-6.2,4346016,5715118080.0,2.59,0.4
2014-01-21,1011.99,1042.04,1042.5,1011.99,2.67,27.1,5389713,6864074240.0,3.01,0.5
2014-01-22,1041.5,1060.47,1060.62,1040.84,1.77,18.43,5689806,7687418880.0,1.9,0.53
2014-01-23,1058.79,1070.96,1075.87,1053.57,0.99,10.49,5906257,7644129280.0,2.1,0.55
2014-01-24,1070.33,1089.23,1091.07,1068.98,1.71,18.27,6012616,7752568320.0,2.06,0.56
2014-01-27,1081.91,1078.98,1093.8,1076.54,-0.94,-10.25,5801320,7533910528.0,1.58,0.54
2014-01-28,1078.58,1061.82,1084.54,1055.24,-1.59,-17.16,4731404,6326937600.0,2.72,0.44
2014-01-29,1060.83,1077.56,1079.4,1057.29,1.48,15.74,4351337,5825163776.0,2.08,0.4
2014-01-30,1073.11,1054.83,1074.13,1053.16,-2.11,-22.73,3813838,4895848960.0,1.95,0.35
2014-02-07,1045.83,1102.85,1103.03,1043.62,4.55,48.02,4868248,6426457856.0,5.63,0.45
2014-02-10,1106.37,1129.32,1131.51,1106.37,2.4,26.47,6650975,8994956288.0,2.28,0.61
2014-02-11,1127.56,1118.38,1131.65,1102.9,-0.97,-10.94,6054981,8036717312.0,2.55,0.56
2014-02-12,1117.23,1131.24,1131.38,1107.89,1.15,12.86,5857073,7729476096.0,2.1,0.54
2014-02-13,1128.49,1108.9,1135.12,1108.82,-1.97,-22.34,6294073,8561992192.0,2.32,0.58
2014-02-14,1106.06,1117.58,1120.61,1098.53,0.78,8.68,4581144,6026530816.0,1.99,0.42
2014-02-17,1120.23,1140.88,1141.15,1116.95,2.08,23.3,5950343,8430231296.0,2.17,0.55
2014-02-18,1142.16,1147.18,1155.2,1135.48,0.55,6.3,6925641,9592274688.0,1.73,0.64
2014-02-19,1145.96,1147.16,1156.84,1138.39,0.0,-0.02,5778470,7718662400.0,1.61,0.53
2014-02-20,1151.08,1116.75,1153.53,1114.84,-2.65,-30.41,5785571,7749658624.0,3.37,0.53
2014-02-21,1114.66,1107.24,1121.16,1095.32,-0.85,-9.51,4281026,6001870848.0,2.31,0.4
2014-02-24,1101.81,1126.39,1126.73,1093.92,1.73,19.15,4661819,6312164864.0,2.96,0.43
2014-02-25,1129.05,1067.72,1135.21,1059.11,-5.21,-58.67,7399034,10198274816.0,6.76,0.68
2014-02-26,1057.04,1062.07,1063.27,1031.28,-0.53,-5.65,5069140,6634854912.0,3.0,0.47
2014-02-27,1064.94,1044.41,1087.76,1043.26,-1.66,-17.66,5155861,7097522432.0,4.19,0.48
2014-02-28,1043.46,1062.78,1063.42,1027.33,1.76,18.37,3975501,5215000064.0,3.46,0.37
2014-03-03,1063.33,1083.27,1083.39,1058.21,1.93,20.49,4264635,5754298880.0,2.37,0.39
2014-03-04,1079.24,1079.24,1082.68,1061.68,-0.37,-4.03,4293597,6250741760.0,1.94,0.4
2014-03-05,1082.9,1076.94,1088.93,1074.23,-0.21,-2.3,4403140,6220388864.0,1.36,0.41
2014-03-06,1071.08,1063.1,1072.05,1048.23,-1.29,-13.84,3786603,5247153152.0,2.21,0.35
2014-03-07,1061.94,1060.33,1070.5,1050.52,-0.26,-2.77,3727485,4986488320.0,1.88,0.34
2014-03-10,1052.25,1013.99,1052.25,1009.87,-4.37,-46.34,3718170,4594048000.0,4.0,0.34
2014-03-11,1007.2,1025.01,1028.98,1007.2,1.09,11.02,3559771,4635520000.0,2.15,0.33
2014-03-12,1023.26,1034.94,1039.77,1010.29,0.97,9.93,3831500,5089141760.0,2.88,0.35
2014-03-13,1035.63,1057.75,1058.26,1035.63,2.2,22.81,3854511,5018042880.0,2.19,0.36
2014-03-14,1053.11,1058.19,1063.6,1048.59,0.04,0.44,3311866,4251131376.0,1.42,0.31
2014-03-17,1060.67,1078.19,1078.43,1059.2,1.89,20.0,3607669,4580190208.0,1.82,0.33
2014-03-18,1081.05,1087.72,1088.25,1075.95,0.88,9.53,4311825,5709702400.0,1.14,0.4
2014-03-19,1088.72,1076.15,1088.72,1065.94,-1.06,-11.57,4060881,5423472384.0,2.09,0.38
2014-03-20,1074.23,1036.61,1079.5,1035.79,-3.67,-39.54,3763559,4716996352.0,4.06,0.35
2014-03-21,1028.61,1053.85,1055.96,1013.61,1.66,17.24,3579815,4406265088.0,4.09,0.33
2014-03-24,1052.97,1052.22,1057.21,1041.92,-0.15,-1.63,2953470,3663194784.0,1.45,0.27
2014-03-25,1046.56,1046.7,1052.22,1038.49,-0.52,-5.52,3363242,3930375824.0,1.3,0.31
2014-03-26,1048.48,1065.34,1071.84,1045.84,1.78,18.64,3228877,4130520832.0,2.48,0.3
2014-03-27,1063.47,1039.83,1063.47,1039.65,-2.39,-25.51,3068420,3736680976.0,2.24,0.28
2014-03-28,1035.73,1012.79,1041.56,1011.92,-2.6,-27.04,3197120,3657120736.0,2.85,0.3
2014-03-31,1012.19,1011.09,1018.93,1000.71,-0.17,-1.7,2528114,2976638032.0,1.8,0.23
2014-04-01,1010.7,1048.31,1048.31,1008.66,3.68,37.22,3559540,4483717376.0,3.92,0.33
2014-04-02,1055.88,1053.52,1061.86,1047.7,0.5,5.21,3983108,5573909760.0,1.35,0.37
2014-04-03,1051.09,1052.53,1060.88,1046.98,-0.09,-0.99,2753124,3889637472.0,1.32,0.25
2014-04-04,1051.28,1067.31,1067.95,1050.26,1.4,14.78,2783369,4185316800.0,1.68,0.26
2014-04-08,1061.95,1070.03,1072.37,1057.15,0.25,2.72,3292850,4515640320.0,1.43,0.3
2014-04-09,1070.42,1085.37,1087.61,1070.17,1.43,15.34,3747503,5265711872.0,1.63,0.35
2014-04-10,1089.2,1103.67,1115.89,1089.2,1.69,18.3,5388308,7740061184.0,2.46,0.5
2014-04-11,1095.49,1096.71,1098.62,1085.1,-0.63,-6.96,3454056,4973483008.0,1.23,0.32
2014-04-14,1094.46,1098.94,1104.02,1094.18,0.2,2.23,2937625,4283686672.0,0.9,0.27
2014-04-15,1096.83,1085.68,1097.1,1082.33,-1.21,-13.26,3066090,4491391232.0,1.34,0.28
2014-04-16,1081.66,1090.11,1090.27,1072.86,0.41,4.43,3237562,4542767616.0,1.6,0.3
2014-04-17,1091.1,1093.54,1096.23,1089.2,0.31,3.43,3012148,4527302912.0,0.64,0.28
2014-04-18,1088.21,1092.17,1092.92,1082.11,-0.13,-1.37,3518109,4891628032.0,0.99,0.33
2014-04-21,1082.57,1074.22,1098.14,1072.35,-1.64,-17.95,3263737,4919195136.0,2.36,0.3
2014-04-22,1069.56,1052.19,1073.79,1035.03,-2.05,-22.03,3198990,4689815552.0,3.61,0.3
2014-04-23,1048.72,1051.19,1056.43,1044.97,-0.1,-1.0,1899531,2769203040.0,1.09,0.18
2014-04-24,1051.0,1038.72,1051.79,1036.53,-1.19,-12.47,2037164,2887596944.0,1.45,0.19
2014-04-25,1033.01,1007.67,1036.07,1006.96,-2.99,-31.05,2482409,3260756384.0,2.8,0.23
2014-04-28,999.39,978.91,999.39,976.36,-2.85,-28.76,2425342,3041881488.0,2.29,0.22
2014-04-29,976.73,1000.94,1001.1,976.09,2.25,22.03,2004102,2587017376.0,2.55,0.19
2014-04-30,999.31,1006.31,1007.85,996.25,0.54,5.37,2051222,2555851904.0,1.16,0.19
2014-05-05,1005.28,1023.45,1023.45,999.36,1.7,17.14,1841399,2635693536.0,2.39,0.17
2014-05-06,1024.78,1032.47,1044.24,1022.31,0.88,9.02,2879183,4450163712.0,2.14,0.27
2014-05-07,1029.13,1011.09,1029.59,1009.73,-2.07,-21.38,2087175,2965916224.0,1.92,0.19
2014-05-08,1005.87,1004.94,1023.91,1003.3,-0.61,-6.15,1950990,2706190432.0,2.04,0.18
2014-05-09,1002.94,997.37,1003.94,985.72,-0.75,-7.57,1985414,2966634528.0,1.81,0.18
2014-05-12,1003.96,1020.63,1020.74,996.88,2.33,23.26,2232267,2998500976.0,2.39,0.21
2014-05-13,1023.19,1022.05,1027.53,1018.76,0.14,1.42,2097551,2728116720.0,0.86,0.19
2014-05-14,1021.53,1023.11,1026.23,1017.52,0.1,1.06,1731892,2230173024.0,0.85,0.16
2014-05-15,1022.59,1003.84,1027.97,1003.23,-1.88,-19.27,2168544,2955433696.0,2.42,0.2
2014-05-16,998.82,1000.74,1002.23,989.07,-0.31,-3.1,1717376,2300755632.0,1.31,0.16
2014-05-19,996.37,990.86,996.85,980.63,-0.99,-9.88,1586151,2130188528.0,1.62,0.15
2014-05-20,995.73,994.8,1005.51,991.61,0.4,3.94,1842040,2508948032.0,1.4,0.17
2014-05-21,994.08,1010.42,1010.52,987.92,1.57,15.62,2595179,3129480288.0,2.27,0.24
2014-05-22,1010.92,1005.48,1022.94,1004.8,-0.49,-4.94,2735026,3402897984.0,1.8,0.25
2014-05-23,1003.99,1017.88,1018.01,1002.07,1.23,12.4,2189585,2753701232.0,1.59,0.2
2014-05-26,1023.64,1029.37,1029.54,1021.26,1.13,11.49,2943353,3961100592.0,0.81,0.27
2014-05-27,1027.95,1028.69,1035.74,1025.75,-0.07,-0.68,2780716,3649587856.0,0.97,0.26
2014-05-28,1028.16,1044.87,1045.01,1025.5,1.57,16.18,3479909,4168564480.0,1.9,0.32
2014-05-29,1047.21,1033.41,1049.69,1032.92,-1.1,-11.46,2694995,3639988960.0,1.6,0.25
2014-05-30,1026.97,1029.35,1033.57,1018.58,-0.39,-4.06,2600110,3229226624.0,1.45,0.24
2014-06-03,1030.82,1026.19,1035.8,1025.69,-0.31,-3.16,1744834,2358444576.0,0.98,0.16
2014-06-04,1023.31,1014.56,1023.4,1005.27,-1.13,-11.63,2215388,2705088240.0,1.77,0.2
2014-06-05,1010.89,1020.26,1021.01,1009.1,0.56,5.7,2180880,2917994224.0,1.17,0.2
2014-06-06,1021.91,1025.3,1031.27,1019.4,0.49,5.04,2251915,3161005056.0,1.16,0.21
2014-06-09,1026.31,1019.56,1029.06,1017.63,-0.56,-5.74,1734369,2260337392.0,1.11,0.16
2014-06-10,1018.38,1031.86,1031.92,1011.87,1.21,12.3,2072733,3172184656.0,1.97,0.19
2014-06-11,1035.75,1042.58,1043.97,1033.33,1.04,10.72,2387169,3177896288.0,1.03,0.22
2014-06-12,1041.46,1034.11,1041.5,1032.0,-0.81,-8.47,2422154,3160609344.0,0.91,0.22
2014-06-13,1030.7,1045.88,1048.52,1029.95,1.14,11.77,3240009,4160453040.0,1.8,0.3
2014-06-16,1050.18,1053.54,1055.15,1047.45,0.73,7.66,2580252,3391041072.0,0.74,0.24
2014-06-17,1055.64,1051.79,1061.28,1050.62,-0.17,-1.75,3557146,4117592048.0,1.01,0.33
2014-06-18,1050.66,1044.8,1052.38,1042.86,-0.66,-6.99,2817382,3273411792.0,0.91,0.26
2014-06-19,1046.39,1018.06,1048.84,1010.51,-2.56,-26.74,2959642,3352835696.0,3.67,0.27
2014-06-20,1018.08,1027.19,1027.71,1015.58,0.9,9.13,2002572,2325280832.0,1.19,0.19
2014-06-23,1026.54,1026.64,1035.42,1023.01,-0.05,-0.55,3223478,3544597904.0,1.21,0.3
2014-06-24,1025.87,1031.69,1031.77,1023.89,0.49,5.05,2730627,3020555392.0,0.77,0.25
2014-06-25,1036.3,1030.42,1038.19,1025.35,-0.12,-1.27,2889095,3037198544.0,1.24,0.27
2014-06-26,1029.44,1049.47,1049.57,1028.96,1.85,19.05,3391855,4035416736.0,2.0,0.31
2014-06-27,1046.74,1048.1,1053.66,1044.76,-0.13,-1.37,2660976,3238871184.0,0.85,0.25
2014-06-30,1052.32,1062.16,1062.37,1049.22,1.34,14.06,3023406,3670603344.0,1.25,0.28
2014-07-01,1063.66,1065.15,1065.24,1056.99,0.28,2.99,4288843,5577410816.0,0.78,0.4
2014-07-02,1062.94,1068.87,1068.96,1057.22,0.35,3.72,3893626,4902997248.0,1.1,0.36
2014-07-03,1067.19,1075.84,1076.57,1064.27,0.65,6.97,3914791,4719246848.0,1.15,0.36
2014-07-04,1078.23,1072.35,1082.64,1069.77,-0.32,-3.49,3479058,4310513408.0,1.2,0.32
2014-07-07,1069.83,1052.03,1071.89,1045.87,-1.89,-20.32,4201936,5173173248.0,2.43,0.39
2014-07-08,1050.37,1059.1,1059.23,1047.11,0.67,7.07,3556348,4263552320.0,1.15,0.33
2014-07-09,1058.71,1042.61,1059.07,1041.61,-1.56,-16.49,3542046,4379329024.0,1.65,0.33
2014-07-10,1040.0,1022.82,1043.98,1020.57,-1.9,-19.79,4231113,5412435968.0,2.25,0.39
2014-07-11,1022.93,1037.39,1037.99,1022.01,1.42,14.57,3817563,4560432896.0,1.56,0.35
2014-07-14,1039.63,1050.15,1050.26,1034.01,1.23,12.76,3736861,4386504192.0,1.57,0.35
2014-07-15,1051.7,1052.6,1057.43,1044.24,0.23,2.45,4214104,5093222912.0,1.26,0.39
2014-07-16,1050.21,1039.7,1052.03,1032.74,-1.23,-12.9,3010234,3602593104.0,1.83,0.28
2014-07-17,1040.25,1035.72,1042.69,1027.79,-0.38,-3.98,2824440,3271510896.0,1.43,0.26
2014-07-18,1031.7,1030.2,1038.05,1028.69,-0.53,-5.52,2579702,3244170592.0,0.9,0.24
2014-07-21,1029.79,1025.77,1031.56,1020.95,-0.43,-4.43,2265885,2804896928.0,1.03,0.21
2014-07-22,1024.89,1039.29,1039.53,1022.04,1.32,13.52,3029354,3762897584.0,1.71,0.28
2014-07-23,1038.99,1020.55,1039.9,1018.22,-1.8,-18.74,2919097,3658358976.0,2.09,0.27
2014-07-24,1019.83,1018.0,1024.4,1007.98,-0.25,-2.55,3042022,3586067760.0,1.61,0.28
2014-07-25,1017.64,1024.91,1024.91,1016.16,0.68,6.91,3154261,3568922992.0,0.86,0.29
2014-07-28,1025.56,1040.91,1041.8,1025.56,1.56,16.0,4139881,4800411904.0,1.58,0.38
2014-07-29,1041.95,1050.83,1056.38,1037.72,0.95,9.92,4467632,5486333952.0,1.79,0.41
2014-07-30,1048.87,1055.03,1056.79,1044.92,0.4,4.2,3994916,4700811264.0,1.13,0.37
2014-07-31,1056.17,1067.38,1067.74,1053.01,1.17,12.35,3914662,4707980544.0,1.4,0.36
2014-08-01,1064.25,1052.49,1070.59,1051.24,-1.4,-14.89,3973548,4718557440.0,1.81,0.37
2014-08-04,1053.8,1066.82,1066.89,1053.8,1.36,14.33,3312168,3919072912.0,1.24,0.31
2014-08-05,1067.81,1080.69,1080.8,1061.3,1.3,13.87,4654819,5581084160.0,1.83,0.43
2014-08-06,1077.27,1091.49,1092.68,1072.84,1.0,10.8,4734099,5571791104.0,1.84,0.44
2014-08-07,1091.34,1087.63,1100.46,1085.81,-0.35,-3.86,4921746,5645944832.0,1.34,0.45
2014-08-08,1087.24,1090.92,1094.01,1086.21,0.3,3.29,3254710,3986539632.0,0.72,0.3
2014-08-11,1092.28,1102.81,1103.23,1089.6,1.09,11.89,3631189,4387717888.0,1.25,0.34
2014-08-12,1101.98,1112.54,1112.93,1101.42,0.88,9.73,4292688,5449786880.0,1.04,0.4
2014-08-13,1121.77,1121.5,1122.09,1103.96,0.81,8.96,5116856,6754449408.0,1.63,0.47
2014-08-14,1121.97,1111.58,1127.34,1108.97,-0.88,-9.92,4343244,5555710464.0,1.64,0.4
2014-08-15,1111.37,1126.15,1129.27,1105.94,1.31,14.57,4524514,5677190144.0,2.1,0.42
2014-08-18,1128.58,1141.98,1142.04,1128.58,1.41,15.83,5094663,6762149376.0,1.2,0.47
2014-08-19,1142.58,1146.47,1151.78,1138.29,0.39,4.49,5359999,6956300800.0,1.18,0.5
2014-08-20,1146.24,1144.33,1151.3,1140.77,-0.19,-2.14,4568751,6131255296.0,0.92,0.42
2014-08-21,1144.26,1153.13,1153.28,1135.35,0.77,8.8,5184637,6971538688.0,1.57,0.48
2014-08-22,1148.64,1149.57,1152.65,1141.54,-0.31,-3.56,4184083,5455334656.0,0.96,0.39
2014-08-25,1150.17,1137.12,1153.87,1136.82,-1.08,-12.45,3802482,4993122304.0,1.48,0.35
2014-08-26,1137.76,1125.05,1143.67,1119.1,-1.06,-12.07,4416014,5890769664.0,2.16,0.41
2014-08-27,1123.94,1133.85,1139.28,1123.94,0.78,8.8,3618847,4859638528.0,1.36,0.33
2014-08-28,1133.19,1125.47,1137.38,1120.55,-0.74,-8.38,2975174,3886422224.0,1.48,0.27
2014-08-29,1126.42,1146.79,1147.42,1126.42,1.89,21.32,3386791,4827782144.0,1.87,0.31
2014-09-01,1146.84,1160.45,1160.59,1145.32,1.19,13.66,3863210,5277419776.0,1.33,0.36
2014-09-02,1162.97,1174.93,1174.97,1158.41,1.25,14.48,5072364,7110165504.0,1.43,0.47
2014-09-03,1175.96,1174.68,1179.77,1165.24,-0.02,-0.25,5156607,7106128384.0,1.24,0.48
2014-09-04,1176.43,1186.71,1188.6,1171.82,1.02,12.03,6044213,8206802176.0,1.43,0.56
2014-09-05,1193.27,1193.92,1195.2,1180.96,0.61,7.21,5009400,6873219584.0,1.2,0.46
2014-09-09,1197.95,1195.7,1198.68,1184.74,0.15,1.78,5052648,6821034496.0,1.17,0.47
2014-09-10,1188.74,1186.21,1189.46,1176.69,-0.79,-9.49,6174875,8699935744.0,1.07,0.57
2014-09-11,1187.6,1195.11,1205.2,1183.98,0.75,8.9,7352615,9111962624.0,1.79,0.68
2014-09-12,1197.25,1201.77,1203.66,1192.21,0.56,6.66,6078880,7803405312.0,0.96,0.56
2014-09-15,1201.16,1215.69,1216.23,1201.16,1.16,13.92,6236798,8388596480.0,1.25,0.58
2014-09-16,1219.1,1172.77,1220.7,1171.35,-3.53,-42.92,7614549,9811436800.0,4.06,0.7
2014-09-17,1174.15,1177.16,1180.39,1161.33,0.37,4.39,5116901,6594501888.0,1.63,0.47
2014-09-18,1176.89,1182.82,1183.34,1172.46,0.48,5.66,4013038,4987786240.0,0.92,0.37
2014-09-19,1182.79,1194.38,1195.59,1180.5,0.98,11.56,4094887,5159851264.0,1.28,0.38
2014-09-22,1191.84,1179.74,1191.84,1175.25,-1.23,-14.64,4746054,6303861248.0,1.39,0.44
2014-09-23,1179.92,1195.59,1196.61,1179.92,1.34,15.85,4455011,5942196736.0,1.41,0.41
2014-09-24,1192.13,1208.94,1209.41,1190.12,1.12,13.35,4908815,6426925056.0,1.61,0.45
2014-09-25,1211.22,1200.9,1213.67,1196.54,-0.67,-8.04,5332448,6955588864.0,1.42,0.49
2014-09-26,1197.07,1202.53,1203.18,1191.49,0.14,1.63,4061702,5336041984.0,0.97,0.38
2014-09-29,1205.77,1211.73,1212.41,1203.7,0.77,9.2,4939864,6531545344.0,0.72,0.46
2014-09-30,1215.75,1225.06,1229.29,1213.14,1.1,13.33,4786736,6344736000.0,1.33,0.44
2014-10-08,1234.05,1237.89,1237.89,1219.33,1.05,12.83,6574161,8958364672.0,1.52,0.61
2014-10-09,1238.54,1237.18,1239.42,1222.14,-0.06,-0.71,5873263,7860188416.0,1.4,0.54
2014-10-10,1233.22,1226.4,1236.03,1221.26,-0.87,-10.78,4903808,6481633536.0,1.19,0.45
2014-10-13,1220.28,1212.64,1220.28,1198.99,-1.12,-13.76,4632998,6095548672.0,1.74,0.43
2014-10-14,1210.07,1208.96,1222.31,1202.26,-0.3,-3.68,4503618,5830261248.0,1.65,0.42
2014-10-15,1209.22,1215.64,1215.88,1197.64,0.55,6.68,4661021,5896748288.0,1.51,0.43
2014-10-16,1209.2,1190.4,1215.9,1190.22,-2.08,-25.24,4933644,6535721728.0,2.11,0.46
2014-10-17,1188.88,1180.96,1195.23,1161.8,-0.79,-9.44,4390811,5839387648.0,2.81,0.41
2014-10-20,1185.48,1197.69,1197.81,1182.7,1.42,16.73,3178623,4243456960.0,1.28,0.29
2014-10-21,1197.86,1190.16,1203.22,1188.64,-0.63,-7.53,3299132,4389020928.0,1.22,0.3
2014-10-22,1190.93,1178.53,1198.85,1176.96,-0.98,-11.63,3415981,4923092224.0,1.84,0.32
2014-10-23,1174.38,1164.49,1180.74,1159.44,-1.19,-14.04,3406623,4450776576.0,1.81,0.31
2014-10-24,1165.64,1166.96,1175.06,1164.04,0.21,2.47,2697007,3646104576.0,0.95,0.25
2014-10-27,1164.81,1170.77,1173.65,1160.44,0.33,3.81,2596105,3478389888.0,1.13,0.24
2014-10-28,1172.8,1197.1,1197.55,1172.62,2.25,26.33,3957300,5193414144.0,2.13,0.37
2014-10-29,1198.81,1208.84,1214.15,1198.01,0.98,11.74,5117108,6858980608.0,1.35,0.47
2014-10-30,1208.15,1205.49,1214.48,1202.21,-0.28,-3.35,4053508,5480821760.0,1.02,0.37
2014-10-31,1205.66,1201.55,1209.47,1193.6,-0.33,-3.94,4260103,5562504192.0,1.32,0.39
2014-11-03,1204.82,1210.48,1210.68,1202.83,0.74,8.93,3847133,5290105344.0,0.65,0.36
2014-11-04,1209.59,1209.69,1210.64,1196.45,-0.07,-0.79,5447230,7379370752.0,1.17,0.5
2014-11-05,1206.43,1204.57,1209.68,1197.25,-0.42,-5.12,4044255,5491825664.0,1.03,0.37
2014-11-06,1203.48,1215.04,1215.35,1199.47,0.87,10.47,3956224,5302427392.0,1.32,0.37
2014-11-07,1217.03,1194.55,1218.8,1192.75,-1.69,-20.49,4421465,6214110720.0,2.14,0.41
2014-11-10,1195.34,1199.07,1199.18,1189.91,0.38,4.52,3430230,4859102464.0,0.78,0.32
2014-11-11,1200.84,1158.31,1201.8,1148.53,-3.4,-40.76,5327777,7271078400.0,4.44,0.49
2014-11-12,1156.19,1174.34,1174.64,1153.36,1.38,16.03,2954400,4273514000.0,1.84,0.27
2014-11-13,1173.6,1160.1,1173.6,1149.66,-1.21,-14.24,3817337,5149408512.0,2.04,0.35
2014-11-14,1150.4,1164.17,1164.89,1145.12,0.35,4.07,5212224,5801882368.0,1.7,0.48
2014-11-17,1163.6,1170.37,1179.32,1158.7,0.53,6.2,4799638,5608575488.0,1.77,0.44
2014-11-18,1170.38,1175.11,1175.36,1166.38,0.41,4.74,3563584,4419747840.0,0.77,0.33
2014-11-19,1174.63,1193.95,1198.3,1173.1,1.6,18.84,5657909,6939801600.0,2.14,0.52
2014-11-20,1190.28,1185.28,1192.47,1181.85,-0.73,-8.67,4899028,5896540160.0,0.89,0.45
2014-11-21,1185.28,1189.34,1189.87,1181.45,0.34,4.06,5018976,6306795008.0,0.71,0.46
2014-11-24,1198.75,1200.74,1201.61,1190.74,0.96,11.4,6622916,8417932288.0,0.91,0.61
2014-11-25,1201.63,1223.73,1224.45,1199.7,1.91,22.99,6605883,8733641984.0,2.06,0.61
2014-11-26,1225.34,1221.24,1228.72,1212.36,-0.2,-2.49,6464519,8594247424.0,1.34,0.6
2014-11-27,1222.43,1225.34,1225.73,1213.62,0.34,4.1,6664634,8674392576.0,0.99,0.62
2014-11-28,1224.39,1219.31,1227.38,1210.6,-0.49,-6.03,6335214,8228289024.0,1.37,0.59
2014-12-01,1220.54,1194.81,1220.7,1189.72,-2.01,-24.5,6336650,8191019008.0,2.54,0.59
2014-12-02,1192.69,1208.34,1209.64,1192.51,1.13,13.53,5217148,6865059072.0,1.43,0.48
2014-12-03,1209.05,1234.65,1234.88,1201.58,2.18,26.31,8282482,10881517312.0,2.76,0.77
2014-12-04,1236.16,1247.72,1247.94,1234.42,1.06,13.07,7863680,10462243584.0,1.1,0.73
2014-12-05,1248.81,1207.37,1249.62,1186.4,-3.23,-40.35,7952024,10264788736.0,5.07,0.73
2014-12-08,1202.44,1215.91,1223.15,1193.72,0.71,8.54,7308628,9685860096.0,2.44,0.68
2014-12-09,1210.86,1174.34,1220.17,1170.63,-3.42,-41.57,10065285,12914065920.0,4.07,0.93
2014-12-10,1171.77,1210.31,1210.54,1171.76,3.06,35.97,6698039,8480039936.0,3.3,0.62
2014-12-11,1206.02,1219.54,1219.8,1200.57,0.76,9.23,6175327,8033440768.0,1.59,0.57
2014-12-12,1221.23,1236.58,1237.49,1221.23,1.4,17.04,6963302,8956856832.0,1.33,0.64
2014-12-15,1235.07,1256.87,1257.94,1232.18,1.64,20.29,7154067,9491254016.0,2.08,0.66
2014-12-16,1256.27,1244.04,1258.01,1238.21,-1.02,-12.83,5699842,7459828992.0,1.58,0.53
2014-12-17,1242.05,1218.46,1242.15,1208.61,-2.06,-25.58,6172392,8017998848.0,2.7,0.57
2014-12-18,1220.99,1222.93,1231.99,1218.77,0.37,4.47,5159840,6737099520.0,1.08,0.48
2014-12-19,1220.91,1196.4,1221.62,1180.77,-2.17,-26.53,5521645,7048484864.0,3.34,0.51
2014-12-22,1190.64,1135.2,1190.64,1130.45,-5.12,-61.2,6341032,7649171456.0,5.03,0.59
2014-12-23,1132.27,1126.84,1151.64,1123.86,-0.74,-8.36,3809707,4707681536.0,2.45,0.35
2014-12-24,1131.39,1148.71,1148.83,1131.39,1.94,21.87,3602860,4663654656.0,1.55,0.33
2014-12-25,1151.18,1153.99,1154.12,1143.4,0.46,5.28,3701993,4944726528.0,0.93,0.34
2014-12-26,1154.36,1156.02,1156.16,1144.7,0.18,2.03,4186704,5383366656.0,0.99,0.39
2014-12-29,1157.24,1141.9,1157.37,1136.42,-1.22,-14.12,5107337,6467027968.0,1.81,0.47
2014-12-30,1140.61,1109.16,1144.22,1107.62,-2.87,-32.74,4560441,5420425216.0,3.21,0.42
2014-12-31,1109.39,1122.03,1122.31,1104.61,1.16,12.87,3592974,4378221824.0,1.6,0.33
2015-01-05,1122.39,1141.02,1143.57,1113.0,1.69,18.99,4980866,6227185664.0,2.72,0.46
2015-01-06,1133.5,1167.16,1168.11,1128.17,2.29,26.14,6309464,8232889856.0,3.5,0.58
2015-01-07,1166.01,1158.07,1169.36,1146.17,-0.78,-9.09,4585084,6135435520.0,1.99,0.42
2015-01-08,1156.94,1156.08,1164.0,1148.34,-0.17,-1.99,3872140,5038360832.0,1.35,0.36
2015-01-09,1156.46,1157.44,1179.02,1154.93,0.12,1.36,5717786,8208839936.0,2.08,0.53
2015-01-12,1154.23,1161.96,1164.28,1141.23,0.39,4.52,5622795,8078718208.0,1.99,0.52
2015-01-13,1161.89,1195.56,1203.28,1158.76,2.89,33.6,7044634,10682564096.0,3.83,0.65
2015-01-14,1194.37,1193.81,1201.36,1187.36,-0.15,-1.75,5175787,7561446656.0,1.17,0.48
2015-01-15,1195.16,1198.08,1202.91,1191.99,0.36,4.27,4806836,6777263360.0,0.91,0.44
2015-01-16,1200.06,1215.0,1216.87,1198.06,1.41,16.92,6085083,8361816832.0,1.57,0.56
2015-01-19,1191.05,1170.17,1221.26,1153.06,-3.69,-44.83,7180566,9972222208.0,5.61,0.66
2015-01-20,1178.45,1226.03,1227.36,1178.45,4.77,55.86,8986130,12455849984.0,4.18,0.83
2015-01-21,1227.3,1245.86,1245.99,1224.92,1.62,19.83,8709384,12390437888.0,1.72,0.8
2015-01-22,1242.56,1265.57,1265.67,1236.9,1.58,19.71,7562913,11026318336.0,2.31,0.7
2015-01-23,1267.87,1247.85,1268.49,1244.43,-1.4,-17.72,7244593,10322115584.0,1.9,0.67
2015-01-26,1247.69,1276.64,1277.07,1245.29,2.31,28.79,7270253,10195068928.0,2.55,0.67
2015-01-27,1277.91,1277.78,1281.83,1255.84,0.09,1.14,7516879,10623497984.0,2.04,0.69
2015-01-28,1273.39,1269.71,1285.02,1264.65,-0.63,-8.07,6643734,9397575168.0,1.59,0.61
2015-01-29,1259.84,1259.21,1269.46,1253.09,-0.83,-10.5,5197558,7112763392.0,1.29,0.48
2015-01-30,1266.05,1250.32,1271.68,1249.69,-0.71,-8.89,5903872,8289108224.0,1.75,0.55
2015-02-02,1237.49,1256.92,1263.81,1234.36,0.53,6.6,5623253,7901202176.0,2.36,0.52
2015-02-03,1261.26,1288.46,1292.12,1261.26,2.51,31.54,6793044,9691224576.0,2.46,0.63
2015-02-04,1292.1,1276.35,1296.12,1275.92,-0.94,-12.11,6797540,9686298624.0,1.57,0.63
2015-02-05,1283.86,1286.28,1306.98,1277.26,0.78,9.93,8589208,12330117120.0,2.33,0.79
2015-02-06,1282.85,1258.64,1285.58,1252.13,-2.15,-27.64,6531438,8896136192.0,2.6,0.6
2015-02-09,1258.1,1249.11,1265.84,1244.99,-0.76,-9.53,4697341,6678916608.0,1.66,0.43
2015-02-10,1246.98,1264.43,1264.62,1244.49,1.23,15.32,4729809,6921283328.0,1.61,0.44
2015-02-11,1264.15,1286.56,1287.28,1264.04,1.75,22.13,5699340,8378787840.0,1.84,0.53
2015-02-12,1286.29,1303.67,1309.29,1286.29,1.33,17.11,5153533,7777521920.0,1.79,0.48
2015-02-13,1311.75,1321.45,1329.38,1310.12,1.36,17.78,6549614,9543346688.0,1.48,0.61
2015-02-16,1325.4,1363.13,1363.45,1325.4,3.15,41.68,7310862,11203506688.0,2.88,0.68
2015-02-17,1364.63,1357.67,1368.49,1349.72,-0.4,-5.46,5254104,8167923200.0,1.38,0.49
2015-02-25,1358.59,1352.39,1364.99,1347.64,-0.39,-5.28,5695056,9018283776.0,1.28,0.53
2015-02-26,1350.78,1359.01,1359.38,1340.06,0.49,6.62,5320747,8042855424.0,1.43,0.49
2015-02-27,1356.92,1366.64,1368.97,1354.84,0.56,7.63,5855421,9320910592.0,1.04,0.54
2015-03-02,1371.7,1403.32,1403.64,1364.42,2.68,36.68,8463916,13508945664.0,2.87,0.78
2015-03-03,1397.34,1378.64,1405.69,1377.34,-1.76,-24.68,8626756,13497008128.0,2.02,0.8
2015-03-04,1377.71,1405.07,1405.07,1377.71,1.92,26.43,7517579,11211186432.0,1.98,0.69
2015-03-05,1403.42,1418.27,1418.66,1396.42,0.94,13.2,7557056,11706647296.0,1.58,0.7
2015-03-06,1420.28,1379.96,1421.98,1376.37,-2.7,-38.31,7071429,10984242176.0,3.22,0.65
2015-03-09,1376.4,1404.82,1405.4,1366.47,1.8,24.86,6053205,9120212736.0,2.82,0.56
2015-03-10,1409.32,1423.68,1434.32,1407.4,1.34,18.86,7004708,11388102400.0,1.92,0.65
2015-03-11,1426.31,1419.58,1433.72,1416.86,-0.29,-4.1,6588561,10985499136.0,1.18,0.61
2015-03-12,1424.37,1408.77,1427.56,1400.8,-0.76,-10.81,6418571,10317494528.0,1.89,0.59
2015-03-13,1411.41,1424.83,1424.99,1410.36,1.14,16.06,5641063,8907689472.0,1.04,0.52
2015-03-16,1432.66,1472.74,1474.03,1432.63,3.36,47.91,9591425,14963159040.0,2.91,0.89
2015-03-17,1478.64,1485.1,1496.29,1468.26,0.84,12.36,9844637,15784736256.0,1.9,0.91
2015-03-18,1484.12,1520.49,1521.66,1480.0,2.38,35.39,9400626,15705011200.0,2.81,0.87
2015-03-19,1520.04,1514.87,1523.64,1499.48,-0.37,-5.62,8502607,14078435072.0,1.59,0.79
2015-03-20,1514.41,1524.16,1531.17,1509.83,0.61,9.29,8030384,12957755136.0,1.41,0.74
2015-03-23,1530.28,1560.51,1560.97,1530.19,2.38,36.35,9931956,16526772224.0,2.02,0.92
2015-03-24,1569.12,1553.46,1570.92,1506.5,-0.45,-7.05,11335642,19034687488.0,4.13,1.05
2015-03-25,1551.65,1582.47,1592.06,1537.12,1.87,29.01,11103967,18801478144.0,3.54,1.03
2015-03-26,1573.23,1559.82,1586.4,1546.73,-1.43,-22.65,9147486,15822734592.0,2.51,0.85
2015-03-27,1563.72,1578.79,1582.81,1561.02,1.22,18.97,6428471,10681335808.0,1.4,0.59
2015-03-30,1577.58,1592.69,1595.13,1576.19,0.88,13.9,7926870,13449618944.0,1.2,0.73
2015-03-31,1591.72,1617.79,1635.32,1584.84,1.58,25.1,10015220,17607985920.0,3.17,0.93
2015-04-01,1623.58,1658.19,1663.78,1620.91,2.5,40.4,9779106,18493062656.0,2.65,0.9
2015-04-02,1669.97,1704.73,1704.73,1669.94,2.81,46.54,10500926,19605966592.0,2.1,0.97
2015-04-03,1705.76,1720.3,1724.18,1690.37,0.91,15.57,10178245,18722620160.0,1.98,0.94
2015-04-07,1722.9,1743.08,1743.34,1722.15,1.32,22.78,9802076,19141321216.0,1.23,0.91
2015-04-08,1748.16,1706.27,1751.51,1685.65,-2.11,-36.81,10495864,19736446720.0,3.78,0.97
2015-04-09,1702.97,1663.98,1702.97,1616.34,-2.48,-42.29,9537867,16924548352.0,5.08,0.88
2015-04-10,1659.36,1717.61,1721.46,1653.85,3.22,53.63,9100613,16593473536.0,4.06,0.84
2015-04-13,1724.75,1750.81,1761.39,1723.67,1.93,33.2,9828537,18867918848.0,2.2,0.91
2015-04-14,1754.73,1757.27,1761.32,1726.39,0.37,6.46,10293422,20543885568.0,2.0,0.95
2015-04-15,1752.56,1682.92,1752.56,1682.92,-4.23,-74.35,8680609,16559054592.0,3.96,0.8
2015-04-16,1665.49,1701.25,1716.28,1647.53,1.09,18.33,6793184,12816765440.0,4.09,0.63
2015-04-17,1710.65,1704.44,1720.05,1697.7,0.19,3.19,7837222,14123963136.0,1.31,0.72
2015-04-20,1692.0,1667.83,1700.5,1659.12,-2.15,-36.61,8795266,15088357632.0,2.43,0.81
2015-04-21,1671.63,1738.35,1738.46,1671.63,4.23,70.52,8354263,14873602816.0,4.01,0.77
2015-04-22,1750.8,1772.96,1781.75,1750.8,1.99,34.61,9838490,18098928384.0,1.78,0.91
2015-04-23,1783.43,1801.79,1812.88,1767.14,1.63,28.83,10272878,18928861696.0,2.58,0.95
2015-04-24,1782.12,1845.34,1846.24,1772.77,2.42,43.55,11985759,23054409472.0,4.08,1.11
2015-04-27,1856.39,1836.37,1864.77,1825.93,-0.49,-8.97,10224416,20043876096.0,2.1,0.94
2015-04-28,1837.54,1772.65,1839.85,1755.79,-3.47,-63.72,8799949,17970953472.0,4.58,0.81
2015-04-29,1765.01,1821.49,1823.9,1760.03,2.76,48.84,8871819,16173231616.0,3.6,0.82
2015-04-30,1831.0,1817.87,1844.65,1816.59,-0.2,-3.62,9176951,18006754048.0,1.54,0.85
2015-05-04,1820.26,1835.45,1841.33,1796.65,0.97,17.58,7270395,14166072576.0,2.46,0.67
2015-05-05,1836.72,1784.12,1837.04,1772.25,-2.8,-51.33,8363725,15802921216.0,3.53,0.77
2015-05-06,1791.92,1784.29,1841.87,1763.03,0.01,0.17,8991601,17435984128.0,4.42,0.83
2015-05-07,1774.19,1748.47,1784.49,1740.2,-2.01,-35.82,7200668,13900838400.0,2.48,0.67
2015-05-08,1771.56,1832.33,1832.52,1771.56,4.8,83.86,8927790,17775104512.0,3.49,0.83
2015-05-11,1853.0,1919.9,1920.48,1838.42,4.78,87.57,11792897,24778375680.0,4.48,1.09
2015-05-12,1926.8,1950.48,1951.53,1906.27,1.59,30.58,11716954,24676101376.0,2.36,1.08
2015-05-13,1941.76,1972.97,2002.52,1926.8,1.15,22.49,11868806,24579758848.0,3.88,1.1
2015-05-14,1972.75,2006.67,2012.87,1967.59,1.71,33.7,10673014,21828508928.0,2.3,0.99
2015-05-15,1998.6,1990.87,2011.57,1952.94,-0.79,-15.8,9908275,20027837696.0,2.92,0.92
2015-05-18,1981.38,2032.81,2039.8,1976.63,2.11,41.94,9601588,18540894208.0,3.17,0.89
2015-05-19,2038.68,2092.59,2093.1,2033.7,2.94,59.78,9131108,19182453248.0,2.92,0.84
2015-05-20,2108.03,2133.06,2182.94,2106.97,1.93,40.47,11156524,25400330496.0,3.63,1.03
2015-05-21,2148.42,2229.45,2229.8,2148.42,4.52,96.39,10258195,23888074496.0,3.82,0.95
2015-05-22,2268.51,2233.16,2278.11,2186.08,0.17,3.71,11596819,27883199488.0,4.13,1.07
2015-05-25,2208.63,2302.37,2302.95,2191.77,3.1,69.21,11407084,27624799232.0,4.98,1.05
2015-05-26,2335.05,2434.14,2435.62,2332.57,5.72,131.77,11461804,28329071104.0,4.48,1.06
2015-05-27,2462.78,2488.61,2505.15,2414.66,2.24,54.47,13555239,33187704576.0,3.72,1.25
2015-05-28,2493.26,2331.08,2514.16,2328.37,-6.33,-157.53,13458650,32509338624.0,7.47,1.24
2015-05-29,2330.47,2368.53,2407.2,2244.39,1.61,37.45,11325148,26925435392.0,6.98,1.05
2015-06-01,2385.46,2509.93,2512.96,2384.44,5.97,141.4,10107755,25557572096.0,5.43,0.93
2015-06-02,2548.94,2621.82,2622.94,2534.84,4.46,111.89,11963936,30452150528.0,3.51,1.11
2015-06-03,2633.73,2617.43,2647.96,2560.22,-0.17,-4.39,10462210,26912184064.0,3.35,0.97
2015-06-04,2613.85,2580.57,2620.52,2438.71,-1.41,-36.86,10148808,25536602112.0,6.95,0.94
2015-06-05,2609.81,2612.15,2635.4,2561.1,1.22,31.58,10139338,24945641728.0,2.88,0.94
2015-06-08,2608.23,2566.5,2608.23,2536.38,-1.75,-45.65,9437048,23243281920.0,2.75,0.87
2015-06-09,2566.29,2594.49,2605.83,2557.15,1.09,27.99,7659055,19108217856.0,1.9,0.71
2015-06-10,2585.84,2656.04,2676.26,2561.74,2.37,61.55,9042066,23185073152.0,4.41,0.84
2015-06-11,2656.31,2682.02,2682.71,2638.85,0.98,25.98,7604078,19832068352.0,1.65,0.7
2015-06-12,2695.17,2731.45,2742.42,2694.88,1.84,49.43,9605204,24222577664.0,1.77,0.89
2015-06-15,2754.36,2686.5,2763.03,2681.58,-1.65,-44.95,11057408,27770187008.0,2.98,1.02
2015-06-16,2668.91,2592.8,2673.8,2560.66,-3.49,-93.7,12243065,32125482752.0,4.21,1.13
2015-06-17,2587.02,2630.34,2642.22,2482.04,1.45,37.54,10589473,26668525568.0,6.18,0.98
2015-06-18,2625.22,2507.78,2652.0,2501.34,-4.66,-122.56,9462453,24570023168.0,5.73,0.87
2015-06-19,2435.33,2332.42,2462.5,2323.05,-6.99,-175.36,9339511,21815815168.0,5.56,0.86
2015-06-23,2340.68,2376.62,2377.26,2191.76,1.9,44.2,10422725,23657807104.0,7.95,0.96
2015-06-24,2400.46,2432.19,2456.37,2356.59,2.34,55.57,10683013,25775197952.0,4.2,0.99
2015-06-25,2436.12,2305.49,2436.77,2271.55,-5.21,-126.7,9671650,23030027520.0,6.79,0.89
2015-06-26,2220.9,2082.6,2229.84,2082.5,-9.67,-222.89,8989289,18420959744.0,6.39,0.83
2015-06-29,2142.34,1922.2,2142.34,1881.17,-7.7,-160.4,11791099,22832205568.0,12.54,1.09
2015-06-30,1883.34,2050.61,2055.12,1760.05,6.68,128.41,13762824,25575897856.0,15.35,1.27
2015-07-01,2019.48,1913.66,2109.3,1903.81,-6.68,-136.95,12391989,25036759552.0,10.02,1.15
2015-07-02,1920.42,1760.76,1933.33,1746.78,-7.99,-152.9,11222592,19934495488.0,9.75,1.04
2015-07-03,1691.84,1657.96,1818.16,1611.11,-5.84,-102.8,11278842,17859299584.0,11.76,1.04
2015-07-06,1797.97,1620.71,1797.97,1545.4,-2.25,-37.25,14068128,21803952128.0,15.23,1.3
2015-07-07,1557.69,1515.44,1576.69,1500.71,-6.5,-105.27,8328525,12592117504.0,4.69,0.77
2015-07-08,1436.04,1448.54,1471.01,1435.86,-4.41,-66.9,11214077,12991495168.0,2.32,1.04
2015-07-09,1442.88,1510.51,1510.51,1442.88,4.28,61.97,4845019,5923992320.0,4.67,0.45
2015-07-10,1568.02,1587.46,1587.46,1562.05,5.09,76.95,2615766,3209025568.0,1.68,0.24
2015-07-13,1679.69,1696.48,1696.48,1664.61,6.87,109.02,4960194,7130048512.0,2.01,0.46
2015-07-14,1764.94,1773.32,1804.61,1753.76,4.53,76.84,6998578,11053289728.0,3.0,0.65
2015-07-15,1788.01,1675.79,1788.01,1673.5,-5.5,-97.53,14668952,23975255296.0,6.46,1.36
2015-07-16,1640.01,1721.34,1757.66,1582.76,2.72,45.55,11826633,18874490112.0,10.44,1.09
2015-07-17,1741.17,1828.88,1849.23,1734.66,6.25,107.54,10924148,19323492608.0,6.66,1.01
2015-07-20,1853.14,1887.38,1920.71,1835.46,3.2,58.5,12393754,22797539328.0,4.66,1.15
2015-07-21,1867.08,1910.24,1933.57,1847.46,1.21,22.86,10482173,19317309184.0,4.56,0.97
2015-07-22,1911.89,1955.54,1959.92,1894.38,2.37,45.3,12167050,21969838336.0,3.43,1.12
2015-07-23,1963.85,2025.63,2037.61,1948.83,3.58,70.09,13384861,24108426240.0,4.54,1.24
2015-07-24,2036.67,1974.21,2057.2,1958.72,-2.54,-51.42,13879476,25920352768.0,4.86,1.28
2015-07-27,1927.09,1795.13,1984.22,1794.54,-9.07,-179.08,13161123,24222277632.0,9.61,1.22
2015-07-28,1693.76,1756.41,1823.21,1654.55,-2.16,-38.72,15381894,25633744384.0,9.4,1.42
2015-07-29,1784.37,1846.88,1848.79,1692.63,5.15,90.47,12805129,22329655808.0,8.89,1.18
2015-07-30,1828.32,1771.95,1873.29,1761.64,-4.06,-74.93,11622339,20619891968.0,6.05,1.07
2015-07-31,1734.93,1758.01,1797.24,1724.45,-0.79,-13.94,9466911,16227654400.0,4.11,0.87
2015-08-03,1724.36,1705.03,1745.91,1667.03,-3.01,-52.98,9188762,14977901056.0,4.49,0.85
2015-08-04,1713.13,1825.66,1825.78,1707.23,7.07,120.63,9581715,15691631360.0,6.95,0.89
2015-08-05,1828.0,1796.9,1854.0,1777.53,-1.58,-28.76,10290173,17007505152.0,4.19,0.95
2015-08-06,1754.13,1785.33,1815.53,1745.13,-0.64,-11.57,7309539,11598646016.0,3.92,0.68
2015-08-07,1809.62,1844.95,1851.87,1800.68,3.34,59.62,9150954,15059672832.0,2.87,0.85
2015-08-10,1867.09,1942.17,1957.83,1851.99,5.27,97.22,11477014,20113764352.0,5.74,1.06
2015-08-11,1939.02,1946.39,1979.97,1918.16,0.22,4.22,11445555,20498178816.0,3.18,1.06
2015-08-12,1920.01,1912.75,1968.78,1911.85,-1.73,-33.64,9078306,16090320896.0,2.92,0.84
2015-08-13,1905.73,1972.49,1972.49,1890.36,3.12,59.74,9498044,16700659968.0,4.29,0.88
2015-08-14,1987.68,1982.61,2020.01,1965.71,0.51,10.12,11142281,20513679360.0,2.75,1.03
2015-08-17,1971.52,2014.36,2014.46,1955.87,1.6,31.75,9790340,17549812736.0,2.96,0.9
2015-08-18,2026.72,1861.73,2033.43,1857.35,-7.58,-152.63,13254607,23333814016.0,8.74,1.22
2015-08-19,1795.35,1913.37,1927.74,1729.59,2.77,51.64,12707661,20326478080.0,10.64,1.17
2015-08-20,1893.44,1863.23,1948.03,1863.17,-2.62,-50.14,12723045,22711759104.0,4.44,1.18
2015-08-21,1821.81,1738.53,1843.09,1734.63,-6.69,-124.7,10155780,16688581632.0,5.82,0.94
2015-08-24,1631.82,1576.89,1648.08,1576.88,-9.3,-161.64,7080963,10844333568.0,4.1,0.65
2015-08-25,1435.13,1431.2,1497.89,1430.34,-9.24,-145.69,8683981,11638587392.0,4.28,0.8
2015-08-26,1437.66,1362.15,1487.3,1357.82,-4.82,-69.05,10087919,13262425088.0,9.05,0.93
2015-08-27,1394.06,1423.79,1424.11,1331.34,4.53,61.64,8100782,10504562944.0,6.81,0.75
2015-08-28,1446.21,1524.92,1525.39,1433.43,7.1,101.13,9784106,13218208000.0,6.46,0.9
2015-08-31,1509.76,1477.39,1509.76,1447.13,-3.12,-47.53,8067133,11000430848.0,4.11,0.75
2015-09-01,1450.07,1406.86,1450.07,1375.42,-4.77,-70.53,7319237,9480190208.0,5.05,0.68
2015-09-02,1334.2,1393.87,1442.08,1332.07,-0.92,-12.99,7651001,9733846528.0,7.82,0.71
2015-09-07,1414.97,1402.02,1461.21,1390.09,0.58,8.15,6321381,8203619584.0,5.1,0.58
2015-09-08,1393.33,1471.67,1473.18,1373.62,4.97,69.65,5613605,7165674752.0,7.1,0.52
2015-09-09,1477.3,1530.0,1535.22,1469.89,3.96,58.33,9577077,12967851264.0,4.44,0.89
2015-09-10,1500.69,1487.56,1524.45,1484.02,-2.77,-42.44,6298267,8519660032.0,2.64,0.58
2015-09-11,1486.96,1504.9,1520.41,1477.96,1.17,17.34,5956634,8141144576.0,2.85,0.55
2015-09-14,1514.23,1385.75,1518.46,1377.67,-7.92,-119.15,7102006,9226756608.0,9.36,0.66
2015-09-15,1345.77,1284.45,1369.13,1280.62,-7.31,-101.3,5495139,6382712064.0,6.39,0.51
2015-09-16,1294.37,1388.73,1396.18,1282.23,8.12,104.28,6368311,7514769152.0,8.87,0.59
2015-09-17,1382.21,1353.39,1427.97,1353.39,-2.54,-35.34,7647441,9735001088.0,5.37,0.71
2015-09-18,1364.22,1375.13,1385.36,1351.09,1.61,21.74,5198850,6645157632.0,2.53,0.48
2015-09-21,1352.9,1427.59,1432.06,1345.53,3.81,52.46,6149606,7665712128.0,6.29,0.57
2015-09-22,1431.4,1436.41,1453.72,1414.61,0.62,8.82,6658824,8416793856.0,2.74,0.62
2015-09-23,1408.46,1419.11,1439.36,1404.49,-1.2,-17.3,6241200,7670905344.0,2.43,0.58
2015-09-24,1426.2,1436.37,1445.2,1419.43,1.22,17.26,6046084,7702524928.0,1.82,0.56
2015-09-25,1432.55,1373.23,1438.04,1363.19,-4.4,-63.14,5619647,6885313280.0,5.21,0.52
2015-09-28,1377.41,1401.37,1402.02,1359.53,2.05,28.14,3932098,4651598336.0,3.09,0.36
2015-09-29,1376.85,1364.87,1386.49,1353.82,-2.6,-36.5,3631375,4283473408.0,2.33,0.34
2015-09-30,1373.1,1377.71,1385.34,1365.11,0.94,12.84,3009455,3830752464.0,1.48,0.28
2015-10-08,1432.74,1442.61,1456.61,1419.54,4.71,64.9,6297874,8271371264.0,2.69,0.58
2015-10-09,1447.65,1491.27,1498.03,1445.09,3.37,48.66,6661029,8850779648.0,3.67,0.62
2015-10-12,1503.99,1546.88,1568.45,1500.98,3.73,55.61,8407466,11590727424.0,4.52,0.78
2015-10-13,1538.59,1572.55,1573.25,1531.07,1.66,25.67,7287066,9560011776.0,2.73,0.67
2015-10-14,1562.69,1558.23,1583.23,1554.22,-0.91,-14.32,7305148,9772215296.0,1.84,0.68
2015-10-15,1549.78,1613.24,1613.55,1549.72,3.53,55.01,8441314,11553694720.0,4.1,0.78
2015-10-16,1625.29,1630.83,1637.66,1603.23,1.09,17.59,7784382,10973640448.0,2.13,0.72
2015-10-19,1635.87,1634.33,1652.0,1616.33,0.21,3.5,7667084,10883989504.0,2.19,0.71
2015-10-20,1633.68,1666.66,1667.83,1631.48,1.98,32.33,7168870,10323763712.0,2.22,0.66
2015-10-21,1667.08,1565.43,1669.86,1559.29,-6.07,-101.23,9149068,13518064640.0,6.63,0.85
2015-10-22,1565.4,1615.28,1615.83,1560.36,3.18,49.85,7208084,10481517568.0,3.54,0.67
2015-10-23,1629.41,1652.57,1660.43,1618.56,2.31,37.29,7769006,11944202752.0,2.59,0.72
2015-10-26,1689.29,1689.26,1705.96,1671.53,2.22,36.69,8574070,13726015488.0,2.08,0.79
2015-10-27,1677.32,1714.62,1724.85,1637.48,1.5,25.36,10842680,16682713600.0,5.17,1.0
2015-10-28,1699.88,1678.22,1725.22,1671.24,-2.12,-36.4,8867634,13839784192.0,3.15,0.82
2015-10-29,1693.12,1703.68,1722.34,1678.2,1.52,25.46,7193904,11140570112.0,2.63,0.66
2015-10-30,1694.17,1695.22,1722.62,1662.89,-0.5,-8.46,7699215,11893939712.0,3.51,0.71
2015-11-02,1660.65,1677.33,1717.59,1654.38,-1.06,-17.89,7090199,10105479168.0,3.73,0.66
2015-11-03,1685.1,1673.39,1694.51,1660.22,-0.23,-3.94,5630160,8355538432.0,2.04,0.52
2015-11-04,1680.35,1764.05,1764.32,1680.35,5.42,90.66,8787298,13248763392.0,5.02,0.81
2015-11-05,1766.47,1759.73,1787.52,1747.94,-0.24,-4.32,10858247,16780992768.0,2.24,1.0
2015-11-06,1782.62,1818.84,1824.82,1782.62,3.36,59.11,9806119,15950947072.0,2.4,0.91
2015-11-09,1813.87,1836.05,1844.74,1788.81,0.95,17.21,10984679,18102461952.0,3.08,1.02
2015-11-10,1836.64,1857.48,1870.7,1827.04,1.17,21.43,10447117,17687435264.0,2.38,0.97
2015-11-11,1874.4,1882.66,1882.66,1856.25,1.36,25.18,8928598,15136791040.0,1.42,0.83
2015-11-12,1903.23,1886.77,1905.87,1856.13,0.22,4.11,10381473,18161987328.0,2.64,0.96
2015-11-13,1870.09,1853.97,1881.51,1821.92,-1.74,-32.8,10845296,17714804992.0,3.16,1.0
2015-11-16,1834.0,1925.02,1925.02,1833.35,3.83,71.05,10053843,17712763392.0,4.94,0.93
2015-11-17,1948.04,1898.68,1956.86,1892.73,-1.37,-26.34,11481087,20362749952.0,3.33,1.06
2015-11-18,1899.91,1865.48,1912.15,1858.93,-1.75,-33.2,8160876,14383480064.0,2.8,0.75
2015-11-19,1870.18,1950.24,1950.83,1870.18,4.54,84.76,9511296,17386054912.0,4.32,0.88
2015-11-20,1961.75,1980.68,1994.11,1944.9,1.56,30.44,11356322,21219248896.0,2.52,1.05
2015-11-23,1982.64,1957.18,1994.05,1943.79,-1.19,-23.5,9609841,17240110592.0,2.54,0.89
2015-11-24,1954.76,1990.17,1990.33,1923.83,1.69,32.99,8733303,14793391360.0,3.4,0.81
2015-11-25,1987.69,2022.43,2025.54,1979.73,1.62,32.26,9688168,16895581184.0,2.3,0.9
2015-11-26,2026.34,2003.82,2030.5,1995.48,-0.92,-18.61,9331967,16927288576.0,1.73,0.86
2015-11-27,1989.76,1862.74,1998.11,1845.75,-7.04,-141.08,9510959,16386639104.0,7.6,0.88
2015-11-30,1864.09,1892.43,1894.83,1775.86,1.59,29.69,8503162,13679141120.0,6.39,0.79
2015-12-01,1889.98,1888.11,1906.97,1864.48,-0.23,-4.32,6210392,9979171072.0,2.25,0.57
2015-12-02,1886.91,1876.85,1891.69,1813.58,-0.6,-11.26,6019692,9847744512.0,4.14,0.56
2015-12-03,1883.32,1933.27,1933.27,1881.84,3.01,56.42,6528719,10683605248.0,2.74,0.6
2015-12-04,1924.68,1924.29,1949.2,1907.05,-0.46,-8.98,6751641,11222875648.0,2.18,0.62
2015-12-07,1930.92,1943.23,1948.39,1915.58,0.98,18.94,6341981,11151885312.0,1.71,0.59
2015-12-08,1931.64,1898.67,1932.32,1889.42,-2.29,-44.56,6426672,11197254144.0,2.21,0.59
2015-12-09,1888.37,1884.57,1906.16,1873.64,-0.74,-14.1,5589068,10230816000.0,1.71,0.52
2015-12-10,1892.39,1890.27,1916.03,1885.56,0.3,5.7,5915992,11512957952.0,1.62,0.55
2015-12-11,1883.57,1889.65,1907.77,1878.27,-0.03,-0.62,6699250,12377795584.0,1.56,0.62
2015-12-14,1875.22,1932.18,1932.18,1872.2,2.25,42.53,5422500,9727243776.0,3.17,0.5
2015-12-15,1934.68,1960.64,1964.07,1933.21,1.47,28.46,5982340,11397857024.0,1.6,0.55
2015-12-16,1975.26,1995.0,2016.12,1975.05,1.75,34.36,7566223,16002162176.0,2.09,0.7
2015-12-17,2004.88,2044.01,2044.02,2002.54,2.46,49.01,10009653,20079235840.0,2.08,0.93
2015-12-18,2043.27,2034.8,2051.38,2018.09,-0.45,-9.21,9307198,18198291712.0,1.63,0.86
2015-12-21,2024.53,2068.27,2071.59,2021.34,1.64,33.47,9547613,18145692416.0,2.47,0.88
2015-12-22,2070.26,2084.69,2085.1,2051.0,0.79,16.42,10007430,18819229184.0,1.65,0.92
2015-12-23,2081.26,2051.2,2082.69,2049.15,-1.61,-33.49,8102250,15141172480.0,1.61,0.75
2015-12-24,2051.62,2065.71,2065.84,2020.88,0.71,14.51,6638392,11891721728.0,2.19,0.61
2015-12-25,2073.7,2100.31,2105.81,2068.47,1.67,34.6,6663814,12827442176.0,1.81,0.62
2015-12-28,2109.96,2032.02,2117.75,2031.93,-3.25,-68.29,9495310,17103703040.0,4.09,0.88
2015-12-29,2029.58,2059.63,2059.64,2014.14,1.36,27.61,5856222,10404890624.0,2.24,0.54
2015-12-30,2060.22,2089.12,2092.49,2056.09,1.43,29.49,6641034,12076480000.0,1.77,0.61
2015-12-31,2090.72,2057.54,2094.68,2054.88,-1.51,-31.58,6518968,11946343424.0,1.91,0.6
2016-01-04,2053.36,1874.14,2065.32,1872.25,-8.91,-183.4,5543143,9621030144.0,9.38,0.51
2016-01-05,1773.1,1838.27,1886.56,1761.9,-1.91,-35.87,8101991,13168115456.0,6.65,0.75
2016-01-06,1854.25,1880.96,1881.27,1824.51,2.32,42.69,6265144,10681328128.0,3.09,0.58
2016-01-07,1841.61,1707.26,1841.61,1706.96,-9.23,-173.7,1744386,2850962384.0,7.16,0.16
2016-01-08,1753.55,1711.52,1766.86,1622.48,0.25,4.26,7286945,11432556032.0,8.46,0.67
2016-01-11,1669.31,1566.09,1687.99,1565.66,-8.5,-145.43,6838890,10007047168.0,7.15,0.63
2016-01-12,1566.76,1562.72,1587.7,1518.79,-0.22,-3.37,5835818,7966184704.0,4.4,0.54
2016-01-13,1577.12,1512.71,1598.82,1508.49,-3.2,-50.01,5388389,7591749888.0,5.78,0.5
2016-01-14,1457.92,1580.05,1582.61,1456.47,4.45,67.34,6323315,8396522496.0,8.34,0.58
2016-01-15,1571.08,1524.74,1597.71,1511.59,-3.5,-55.31,6417258,8825961728.0,5.45,0.59
2016-01-18,1484.15,1567.78,1589.15,1484.15,2.82,43.04,5838789,8179150592.0,6.89,0.54
2016-01-19,1565.49,1625.53,1628.39,1558.37,3.68,57.75,6292114,8952913920.0,4.47,0.58
2016-01-20,1616.0,1607.75,1637.37,1593.22,-1.09,-17.78,6368067,9445527296.0,2.72,0.59
2016-01-21,1584.89,1535.23,1626.23,1534.69,-4.51,-72.52,6225857,8928331776.0,5.69,0.58
2016-01-22,1560.24,1571.12,1574.07,1516.3,2.34,35.89,5031791,7066138880.0,3.76,0.46
2016-01-25,1587.7,1602.91,1615.81,1580.25,2.02,31.79,5187548,7691540736.0,2.26,0.48
2016-01-26,1581.88,1487.18,1583.42,1470.47,-7.22,-115.73,6509133,8649369088.0,7.05,0.6
2016-01-27,1483.82,1472.82,1490.77,1387.54,-0.97,-14.36,6677882,8312684544.0,6.94,0.62
2016-01-28,1448.8,1414.12,1476.19,1406.32,-3.99,-58.7,5232143,6814363392.0,4.74,0.48
2016-01-29,1409.77,1462.74,1478.13,1400.38,3.44,48.62,5790072,7587321088.0,5.5,0.54
2016-02-01,1457.96,1434.91,1464.23,1406.3,-1.9,-27.83,4678742,6213775360.0,3.96,0.43
2016-02-02,1435.5,1488.74,1493.72,1435.43,3.75,53.83,4979498,6613060096.0,4.06,0.46
2016-02-03,1468.66,1493.68,1503.87,1455.92,0.33,4.94,4776252,6653208576.0,3.22,0.44
2016-02-04,1507.96,1531.77,1537.18,1507.96,2.55,38.09,5854301,8558004480.0,1.96,0.54
2016-02-05,1539.36,1510.4,1543.45,1510.4,-1.4,-21.37,4652145,6492205568.0,2.16,0.43
2016-02-15,1456.23,1511.85,1523.32,1454.17,0.1,1.45,4544586,6691347456.0,4.58,0.42
2016-02-16,1520.25,1578.37,1583.71,1520.1,4.4,66.52,6460731,9649632512.0,4.21,0.6
2016-02-17,1572.19,1605.11,1606.19,1554.68,1.69,26.74,7019557,10511694848.0,3.26,0.65
2016-02-18,1620.27,1609.4,1625.85,1600.18,0.27,4.29,7436592,11218803200.0,1.6,0.69
2016-02-19,1597.2,1608.89,1622.01,1591.06,-0.03,-0.51,5538434,8468296704.0,1.92,0.51
2016-02-22,1632.06,1642.47,1642.47,1614.84,2.09,33.58,6291327,9804905472.0,1.72,0.58
2016-02-23,1642.32,1625.65,1649.24,1604.88,-1.02,-16.82,5837952,9927346688.0,2.7,0.54
2016-02-24,1615.99,1629.27,1631.61,1587.31,0.22,3.62,5782247,9316070400.0,2.73,0.53
2016-02-25,1625.79,1492.9,1627.48,1488.03,-8.37,-136.37,7313187,10497347584.0,8.56,0.68
2016-02-26,1506.19,1489.15,1511.48,1456.28,-0.25,-3.75,5560976,8201043712.0,3.7,0.51
2016-02-29,1475.64,1386.72,1475.64,1363.89,-6.88,-102.43,5919245,8081939200.0,7.5,0.55
2016-03-01,1382.43,1408.93,1421.05,1356.51,1.6,22.21,5533131,7032120064.0,4.65,0.51
2016-03-02,1399.96,1472.23,1476.3,1399.19,4.49,63.3,8522712,11133523968.0,5.47,0.79
2016-03-03,1468.65,1471.07,1497.75,1464.75,-0.08,-1.16,8368746,11173613312.0,2.24,0.77
2016-03-04,1462.24,1419.3,1472.77,1400.01,-3.52,-51.77,7925530,10353518080.0,4.95,0.73
2016-03-07,1431.6,1450.87,1466.46,1431.6,2.22,31.57,5352677,7089628160.0,2.46,0.49
2016-03-08,1445.93,1454.81,1455.33,1383.32,0.27,3.94,5954227,7593967616.0,4.96,0.55
2016-03-09,1421.87,1425.36,1444.44,1406.22,-2.02,-29.45,5128648,6808845056.0,2.63,0.47
2016-03-10,1425.57,1404.78,1438.99,1403.5,-1.44,-20.58,4781495,6392840704.0,2.49,0.44
2016-03-11,1386.37,1399.89,1410.93,1380.14,-0.35,-4.89,3791086,4871264000.0,2.19,0.35
2016-03-14,1416.54,1456.37,1474.29,1416.54,4.03,56.48,6303209,8230948352.0,4.13,0.58
2016-03-15,1456.35,1450.75,1465.51,1441.26,-0.39,-5.62,5267381,6951361024.0,1.67,0.49
2016-03-16,1463.34,1437.63,1469.07,1428.87,-0.9,-13.12,4777510,6399595520.0,2.77,0.44
2016-03-17,1444.01,1491.91,1499.77,1443.75,3.78,54.28,7166689,9567191296.0,3.9,0.66
2016-03-18,1502.92,1550.59,1561.16,1501.5,3.93,58.68,9473515,13192884736.0,4.0,0.88
2016-03-21,1575.49,1598.57,1598.75,1570.9,3.09,47.98,9921379,14024588288.0,1.8,0.92
2016-03-22,1586.21,1595.49,1612.08,1575.27,-0.19,-3.08,8493680,11978506496.0,2.3,0.78
2016-03-23,1593.67,1610.36,1610.62,1584.47,0.93,14.87,7646556,11472350464.0,1.64,0.71
2016-03-24,1594.63,1581.55,1611.67,1577.63,-1.79,-28.81,8065960,12232283392.0,2.11,0.75
2016-03-25,1574.56,1599.89,1604.2,1573.56,1.16,18.34,5906884,8558144256.0,1.94,0.55
2016-03-28,1608.88,1595.27,1632.58,1588.78,-0.29,-4.62,6877422,9865765120.0,2.74,0.64
2016-03-29,1591.09,1563.44,1596.99,1548.35,-2.0,-31.83,5961064,8335870720.0,3.05,0.55
2016-03-30,1577.77,1624.56,1624.76,1576.89,3.91,61.12,6534285,9668457728.0,3.06,0.6
2016-03-31,1632.37,1632.09,1645.14,1622.8,0.46,7.53,7520292,11254197248.0,1.38,0.69
2016-04-01,1625.06,1625.39,1628.26,1588.92,-0.41,-6.7,6850584,9806907392.0,2.41,0.63
2016-04-05,1629.09,1675.53,1682.13,1626.25,3.08,50.14,8569489,12455475712.0,3.44,0.79
2016-04-06,1672.71,1694.05,1695.76,1668.63,1.11,18.52,9651150,13936190464.0,1.62,0.89
2016-04-07,1699.81,1664.77,1702.79,1664.32,-1.73,-29.28,8656885,12274300160.0,2.27,0.8
2016-04-08,1650.67,1652.58,1656.66,1625.78,-0.73,-12.19,7066289,9881809664.0,1.85,0.65
2016-04-11,1668.27,1682.32,1697.05,1668.27,1.8,29.74,7975286,11510736640.0,1.74,0.74
2016-04-12,1675.78,1671.81,1681.69,1649.63,-0.62,-10.51,6393881,9389668864.0,1.91,0.59
2016-04-13,1679.41,1688.46,1713.87,1679.41,1.0,16.65,8866487,13473958656.0,2.06,0.82
2016-04-14,1697.12,1711.52,1711.52,1684.75,1.37,23.06,6611241,10409843712.0,1.59,0.61
2016-04-15,1716.69,1717.76,1725.13,1705.15,0.36,6.24,7977360,11953184256.0,1.17,0.74
2016-04-18,1706.15,1687.97,1707.55,1677.91,-1.73,-29.79,7152199,11083479040.0,1.73,0.66
2016-04-19,1696.38,1699.2,1702.67,1679.21,0.67,11.23,6321866,9815091712.0,1.39,0.58
2016-04-20,1703.41,1628.83,1705.84,1590.76,-4.14,-70.37,10568971,15312866048.0,6.77,0.98
2016-04-21,1620.24,1612.61,1641.64,1607.08,-1.0,-16.22,6304344,9496107008.0,2.12,0.58
2016-04-22,1602.03,1629.57,1629.7,1596.67,1.05,16.96,4842398,7734827008.0,2.05,0.45
2016-04-25,1623.08,1619.03,1624.01,1595.12,-0.65,-10.54,4655717,6978025472.0,1.77,0.43
2016-04-26,1615.92,1638.28,1638.28,1611.17,1.19,19.25,5085384,7228564992.0,1.67,0.47
2016-04-27,1635.92,1629.07,1652.0,1626.61,-0.56,-9.21,5655770,8431693568.0,1.55,0.52
2016-04-28,1630.47,1630.06,1637.12,1598.41,0.06,0.99,5858653,8296809472.0,2.38,0.54
2016-04-29,1621.62,1622.01,1634.58,1617.34,-0.49,-8.05,4262652,6202205440.0,1.06,0.39
2016-05-03,1629.62,1675.42,1675.42,1619.19,3.29,53.41,6631421,9699274240.0,3.47,0.61
2016-05-04,1670.81,1692.66,1707.7,1668.55,1.03,17.24,8799997,12894538240.0,2.34,0.81
2016-05-05,1688.99,1693.85,1696.76,1679.42,0.07,1.19,6040829,8877802752.0,1.02,0.56
2016-05-06,1694.72,1634.71,1702.21,1634.56,-3.49,-59.14,8712189,12871314688.0,3.99,0.81
2016-05-09,1619.84,1583.16,1619.84,1574.51,-3.15,-51.55,7042952,9769366528.0,2.77,0.65
2016-05-10,1574.4,1570.68,1587.27,1562.73,-0.79,-12.48,4426494,6361594624.0,1.55,0.41
2016-05-11,1579.11,1561.02,1584.74,1555.11,-0.62,-9.66,5618834,8252332800.0,1.89,0.52
2016-05-12,1537.83,1566.03,1566.64,1513.19,0.32,5.01,6189005,8726638080.0,3.42,0.57
2016-05-13,1559.84,1572.12,1584.48,1556.92,0.39,6.09,5267194,7231783424.0,1.76,0.49
2016-05-16,1565.87,1604.83,1605.18,1558.9,2.08,32.71,6070826,7797978368.0,2.94,0.56
2016-05-17,1603.85,1595.04,1613.56,1589.09,-0.61,-9.79,5972011,8244392192.0,1.52,0.55
2016-05-18,1578.95,1544.46,1578.95,1521.1,-3.17,-50.58,6165852,8245630720.0,3.63,0.57
2016-05-19,1541.92,1565.35,1582.49,1541.92,1.35,20.89,5871444,7916994816.0,2.63,0.54
2016-05-20,1555.21,1594.28,1594.54,1546.9,1.85,28.93,6365854,8187905024.0,3.04,0.59
2016-05-23,1604.78,1636.03,1636.34,1604.56,2.62,41.75,7970828,10201699840.0,1.99,0.74
2016-05-24,1639.28,1631.43,1645.49,1615.48,-0.28,-4.6,6536356,8290759680.0,1.83,0.6
2016-05-25,1640.77,1619.81,1647.76,1613.17,-0.71,-11.62,5575954,7472224256.0,2.12,0.52
2016-05-26,1616.31,1623.24,1624.5,1575.89,0.21,3.43,6185065,8122303232.0,3.0,0.57
2016-05-27,1617.91,1637.23,1653.76,1616.07,0.86,13.99,7554551,10017524992.0,2.32,0.7
2016-05-30,1625.08,1637.99,1657.2,1613.07,0.05,0.76,6819052,9415066368.0,2.7,0.63
2016-05-31,1635.95,1704.15,1704.32,1635.95,4.04,66.16,9586793,13568084736.0,4.17,0.89
2016-06-01,1704.87,1721.92,1733.3,1702.62,1.04,17.77,9346174,13055428352.0,1.8,0.86
2016-06-02,1722.73,1773.53,1773.89,1719.21,3.0,51.61,9499687,13185989376.0,3.18,0.88
2016-06-03,1774.04,1774.12,1789.28,1768.83,0.03,0.59,9576497,14176547072.0,1.15,0.88
2016-06-06,1786.78,1777.63,1792.26,1761.9,0.2,3.51,7915424,12201276928.0,1.71,0.73
2016-06-07,1775.65,1782.36,1784.57,1767.13,0.27,4.73,7777364,12027439872.0,0.98,0.72
2016-06-08,1777.12,1780.47,1793.06,1758.08,-0.11,-1.89,7724602,11963720704.0,1.96,0.71
2016-06-13,1753.27,1678.78,1767.21,1678.4,-5.71,-101.69,8262721,12182048256.0,4.99,0.76
2016-06-14,1668.71,1686.48,1688.83,1661.04,0.46,7.7,5890984,8406825984.0,1.66,0.54
2016-06-15,1667.84,1754.75,1764.47,1662.97,4.05,68.27,8376671,12668526336.0,6.02,0.77
2016-06-16,1754.75,1765.39,1776.52,1752.45,0.61,10.64,8820994,13472688128.0,1.37,0.82
2016-06-17,1772.09,1779.81,1793.75,1758.61,0.82,14.42,8129570,12723955712.0,1.99,0.75
2016-06-20,1776.08,1800.15,1804.01,1760.46,1.14,20.34,7722332,11660412672.0,2.45,0.71
2016-06-21,1814.53,1774.59,1827.68,1762.54,-1.42,-25.56,8839145,14278544128.0,3.62,0.82
2016-06-22,1769.93,1808.23,1808.34,1764.73,1.9,33.64,6776862,10541294848.0,2.46,0.63
2016-06-23,1803.21,1794.17,1815.38,1780.34,-0.78,-14.06,7409816,11881651968.0,1.94,0.68
2016-06-24,1792.76,1790.05,1814.41,1729.97,-0.23,-4.12,10115022,14873029376.0,4.71,0.93
2016-06-27,1774.92,1850.51,1851.25,1774.92,3.38,60.46,9220925,14275125248.0,4.26,0.85
2016-06-28,1842.31,1860.22,1861.39,1830.66,0.52,9.71,10250956,15706395648.0,1.66,0.95
2016-06-29,1865.58,1851.23,1869.95,1842.38,-0.48,-8.99,7971238,12399055104.0,1.48,0.74
2016-06-30,1855.28,1843.46,1859.98,1836.94,-0.42,-7.77,6837872,10628492800.0,1.24,0.63
2016-07-01,1845.73,1838.09,1853.69,1827.17,-0.29,-5.37,7545444,12153878272.0,1.44,0.7
2016-07-04,1827.67,1868.8,1872.8,1823.87,1.67,30.71,8104169,12427268864.0,2.66,0.75
2016-07-05,1867.21,1863.58,1871.29,1847.85,-0.28,-5.22,7509380,11880981760.0,1.25,0.69
2016-07-06,1858.77,1868.36,1868.36,1848.53,0.26,4.78,6811126,11099973632.0,1.06,0.63
2016-07-07,1864.19,1863.49,1871.97,1837.47,-0.26,-4.87,8159591,12888008960.0,1.85,0.75
2016-07-08,1858.59,1853.16,1865.08,1847.1,-0.55,-10.33,6117478,10016054784.0,0.96,0.57
2016-07-11,1861.98,1840.96,1868.48,1839.87,-0.66,-12.2,7609260,12540120576.0,1.54,0.7
2016-07-12,1845.39,1860.17,1860.27,1816.44,1.04,19.21,8269014,13001846528.0,2.38,0.76
2016-07-13,1864.78,1884.63,1885.02,1858.05,1.31,24.46,7659959,12635492096.0,1.45,0.71
2016-07-14,1881.77,1886.45,1886.87,1872.81,0.1,1.82,6866612,11519156480.0,0.75,0.63
2016-07-15,1888.79,1885.66,1892.29,1872.64,-0.04,-0.79,6607697,10630772480.0,1.04,0.61
2016-07-18,1882.42,1871.69,1884.75,1861.99,-0.74,-13.97,6477192,10333321984.0,1.21,0.6
2016-07-19,1866.85,1888.7,1888.76,1859.65,0.91,17.01,6189622,10057358848.0,1.56,0.57
2016-07-20,1888.81,1889.28,1897.89,1879.76,0.03,0.58,6149865,9762330368.0,0.96,0.57
2016-07-21,1884.85,1899.45,1914.11,1883.97,0.54,10.17,7339787,11687686656.0,1.6,0.68
2016-07-22,1891.7,1888.37,1898.08,1881.66,-0.58,-11.08,7062846,11177844992.0,0.86,0.65
2016-07-25,1888.1,1907.71,1912.56,1888.09,1.02,19.34,6596545,10614948608.0,1.3,0.61
2016-07-26,1901.45,1922.68,1923.02,1900.57,0.78,14.97,6579113,10377720832.0,1.18,0.61
2016-07-27,1924.89,1846.09,1927.37,1816.96,-3.98,-76.59,10800335,17050218496.0,5.74,1.0
2016-07-28,1837.72,1838.68,1848.77,1812.02,-0.4,-7.41,7814129,12372766208.0,1.99,0.72
2016-07-29,1837.11,1818.13,1840.01,1812.0,-1.12,-20.55,5169762,8453096960.0,1.52,0.48
2016-08-01,1808.41,1775.07,1808.78,1753.28,-2.37,-43.06,5896261,8882519040.0,3.05,0.54
2016-08-02,1773.86,1795.01,1795.04,1773.86,1.12,19.94,3962523,6404587008.0,1.19,0.37
2016-08-03,1790.38,1798.68,1800.14,1785.81,0.2,3.67,4410299,7496630272.0,0.8,0.41
2016-08-04,1797.05,1813.17,1816.07,1792.49,0.81,14.49,4599740,7569015808.0,1.31,0.43
2016-08-05,1810.93,1796.44,1814.15,1795.98,-0.92,-16.73,3941352,6862393856.0,1.0,0.36
2016-08-08,1792.61,1810.99,1811.43,1772.14,0.81,14.55,3908472,6512471040.0,2.19,0.36
2016-08-09,1810.57,1837.07,1838.14,1810.05,1.44,26.08,5313080,8981669632.0,1.55,0.49
2016-08-10,1835.75,1825.79,1841.2,1823.33,-0.61,-11.28,4989911,8245432320.0,0.97,0.46
2016-08-11,1821.33,1792.72,1825.09,1792.72,-1.81,-33.07,4975306,8573304576.0,1.77,0.46
2016-08-12,1788.83,1809.16,1810.04,1786.94,0.92,16.44,3767171,6649192192.0,1.29,0.35
2016-08-15,1812.84,1844.51,1849.73,1801.94,1.95,35.35,6458038,10723385600.0,2.64,0.6
2016-08-16,1847.58,1849.84,1853.78,1840.42,0.29,5.33,7168810,12151508480.0,0.72,0.66
2016-08-17,1850.69,1863.0,1866.93,1846.41,0.71,13.16,6050414,10329327104.0,1.11,0.56
2016-08-18,1864.87,1863.7,1870.0,1855.16,0.04,0.7,6432218,11673005312.0,0.8,0.59
2016-08-19,1861.6,1864.88,1871.37,1856.34,0.06,1.18,5191324,9170318336.0,0.81,0.48
2016-08-22,1866.03,1845.59,1870.59,1845.05,-1.03,-19.29,5361099,8997656576.0,1.37,0.5
2016-08-23,1844.87,1844.18,1849.8,1831.7,-0.08,-1.41,4639370,8249485568.0,0.98,0.43
2016-08-24,1843.36,1851.91,1857.5,1838.07,0.42,7.73,5666286,10003538944.0,1.05,0.52
2016-08-25,1842.39,1844.52,1846.94,1820.36,-0.4,-7.39,5436772,9520539392.0,1.44,0.5
2016-08-26,1847.97,1841.96,1860.06,1839.17,-0.14,-2.56,5375770,9453214976.0,1.13,0.5
2016-08-29,1841.72,1840.47,1847.75,1832.68,-0.08,-1.49,4526744,7556749824.0,0.82,0.42
2016-08-30,1838.83,1841.51,1849.18,1833.25,0.06,1.04,5094169,8241647360.0,0.87,0.47
2016-08-31,1838.36,1843.47,1846.24,1830.3,0.11,1.96,4682558,8836266240.0,0.87,0.43
2016-09-01,1841.94,1835.22,1849.3,1835.1,-0.45,-8.25,4942106,9389297920.0,0.77,0.46
2016-09-02,1831.29,1837.14,1838.07,1820.62,0.1,1.92,5274245,9552404992.0,0.95,0.49
2016-09-05,1839.12,1852.79,1858.18,1839.12,0.85,15.65,4593295,8262179328.0,1.04,0.42
2016-09-06,1854.39,1911.77,1912.04,1844.68,3.18,58.98,9096277,14018482688.0,3.64,0.84
2016-09-07,1919.97,1914.88,1940.29,1912.43,0.16,3.11,10335802,14714261504.0,1.46,0.96
2016-09-08,1908.74,1908.36,1911.58,1896.08,-0.34,-6.52,6176893,9223976704.0,0.81,0.57
2016-09-09,1907.46,1885.35,1909.99,1885.35,-1.21,-23.01,6541283,10665778944.0,1.29,0.6
2016-09-12,1853.03,1832.51,1853.38,1824.77,-2.8,-52.84,6652584,10605793024.0,1.52,0.61
2016-09-13,1838.31,1847.45,1851.53,1836.23,0.82,14.94,5298012,8753518336.0,0.83,0.49
2016-09-14,1839.18,1853.47,1864.68,1834.72,0.33,6.02,4595550,7163006720.0,1.62,0.42
2016-09-19,1861.34,1868.31,1872.17,1860.44,0.8,14.84,4451796,6794782976.0,0.63,0.41
2016-09-20,1866.88,1857.42,1867.06,1850.41,-0.58,-10.89,4030033,6612350720.0,0.89,0.37
2016-09-21,1855.43,1856.76,1862.87,1852.24,-0.04,-0.66,4099920,6517495040.0,0.57,0.38
2016-09-22,1865.74,1863.48,1873.82,1859.78,0.36,6.72,4278331,6784328704.0,0.76,0.4
2016-09-23,1865.28,1851.1,1869.94,1850.71,-0.66,-12.38,4249421,7022954240.0,1.03,0.39
2016-09-26,1844.05,1794.11,1844.09,1791.89,-3.08,-56.99,4690566,7252625408.0,2.82,0.43
2016-09-27,1789.99,1807.39,1807.55,1781.11,0.74,13.28,3538697,5344164864.0,1.47,0.33
2016-09-28,1812.74,1802.8,1812.91,1799.99,-0.25,-4.59,3158676,4368757248.0,0.71,0.29
2016-09-29,1806.22,1802.52,1813.37,1801.79,-0.02,-0.28,3100557,4455384320.0,0.64,0.29
2016-09-30,1801.3,1815.38,1819.23,1800.3,0.71,12.86,2767088,4188944464.0,1.05,0.26
2016-10-10,1824.54,1844.8,1845.05,1820.92,1.62,29.42,3618939,5677550592.0,1.33,0.33
2016-10-11,1852.56,1860.98,1861.27,1849.63,0.88,16.18,4585524,6877425920.0,0.63,0.42
2016-10-12,1853.44,1856.36,1860.4,1848.83,-0.25,-4.62,3930389,5969765120.0,0.62,0.36
2016-10-13,1857.6,1860.74,1865.46,1850.78,0.24,4.38,3957536,6197468160.0,0.79,0.37
2016-10-14,1858.59,1852.56,1858.95,1839.21,-0.44,-8.18,3653675,6051345408.0,1.06,0.34
2016-10-17,1856.43,1839.9,1861.29,1834.18,-0.68,-12.66,4553334,7445786880.0,1.46,0.42
2016-10-18,1839.65,1863.23,1863.24,1838.47,1.27,23.33,4542875,7623387392.0,1.35,0.42
2016-10-19,1865.04,1865.18,1869.25,1858.0,0.1,1.95,4746932,7872476416.0,0.6,0.44
2016-10-20,1866.36,1884.68,1888.43,1866.36,1.05,19.5,6510552,11046811392.0,1.18,0.6
2016-10-21,1881.46,1876.44,1883.92,1858.79,-0.44,-8.24,5113136,8781383680.0,1.33,0.47
2016-10-24,1877.28,1888.49,1890.37,1874.96,0.64,12.05,4787845,8777541376.0,0.82,0.44
2016-10-25,1887.14,1884.58,1887.72,1880.72,-0.21,-3.91,4498202,8730291200.0,0.37,0.42
2016-10-26,1882.28,1876.01,1884.64,1868.7,-0.45,-8.57,4161572,7840171520.0,0.85,0.38
2016-10-27,1873.9,1877.93,1878.35,1869.07,0.1,1.92,4056888,7712602624.0,0.49,0.37
2016-10-28,1875.61,1862.07,1882.97,1859.76,-0.84,-15.86,4554263,8278027520.0,1.24,0.42
2016-10-31,1857.17,1867.99,1868.17,1846.38,0.32,5.92,4219135,7378869504.0,1.17,0.39
2016-11-01,1868.33,1883.44,1886.01,1865.82,0.83,15.45,4341767,8129613568.0,1.08,0.4
2016-11-02,1879.71,1873.71,1885.87,1870.26,-0.52,-9.73,4388964,8191843584.0,0.83,0.41
2016-11-03,1867.85,1879.19,1891.61,1866.33,0.29,5.48,4454027,8799067648.0,1.35,0.41
2016-11-04,1877.52,1867.7,1882.82,1864.44,-0.61,-11.49,3960651,7622085632.0,0.98,0.37
2016-11-07,1866.52,1871.64,1873.78,1858.59,0.21,3.94,4704220,8037983488.0,0.81,0.43
2016-11-08,1879.53,1887.52,1892.65,1879.31,0.85,15.88,5836626,9198593280.0,0.71,0.54
2016-11-09,1886.95,1872.05,1889.14,1847.63,-0.82,-15.47,6773174,10935395840.0,2.2,0.63
2016-11-10,1886.95,1893.71,1894.41,1881.69,1.16,21.66,6365349,10122118400.0,0.68,0.59
2016-11-11,1894.13,1890.68,1894.19,1883.87,-0.16,-3.03,5954852,10700130304.0,0.54,0.55
2016-11-14,1889.5,1891.14,1898.42,1879.79,0.02,0.46,6421957,10687904512.0,0.99,0.59
2016-11-15,1892.27,1899.62,1899.68,1885.27,0.45,8.48,5375320,8566035712.0,0.76,0.5
2016-11-16,1900.38,1900.44,1907.19,1898.4,0.04,0.82,5829802,9290347520.0,0.46,0.54
2016-11-17,1899.37,1891.63,1899.37,1883.94,-0.46,-8.81,3973696,6330130688.0,0.81,0.37
2016-11-18,1892.09,1890.07,1901.3,1887.86,-0.08,-1.56,4422335,6962880512.0,0.71,0.41
2016-11-21,1887.56,1892.01,1896.62,1885.83,0.1,1.94,4545238,7260387328.0,0.57,0.42
2016-11-22,1897.34,1908.44,1908.6,1894.02,0.87,16.43,5461389,9261697792.0,0.77,0.5
2016-11-23,1908.72,1896.27,1911.97,1890.03,-0.64,-12.17,5740406,9048792320.0,1.15,0.53
2016-11-24,1893.99,1891.85,1902.32,1885.32,-0.23,-4.42,5856175,9691210496.0,0.9,0.54
2016-11-25,1889.68,1894.16,1895.5,1863.23,0.12,2.31,6285031,9803875584.0,1.71,0.58
2016-11-28,1898.35,1893.55,1900.82,1891.46,-0.03,-0.61,5506539,8784093952.0,0.49,0.51
2016-11-29,1890.24,1882.73,1901.05,1882.21,-0.57,-10.82,6406258,9990753792.0,0.99,0.59
2016-11-30,1879.67,1875.75,1885.36,1870.69,-0.37,-6.98,4748162,7418524160.0,0.78,0.44
2016-12-01,1879.05,1877.34,1882.61,1871.82,0.08,1.59,4117178,6640297472.0,0.58,0.38
2016-12-02,1876.04,1847.64,1876.36,1846.98,-1.58,-29.7,4998392,8463683584.0,1.56,0.46
2016-12-05,1834.57,1841.43,1852.06,1828.94,-0.34,-6.21,3934013,7817475072.0,1.25,0.36
2016-12-06,1843.91,1837.18,1849.67,1836.24,-0.23,-4.25,3355137,7151820032.0,0.73,0.31
2016-12-07,1838.62,1852.53,1852.74,1834.62,0.84,15.35,3640746,7256281856.0,0.99,0.34
2016-12-08,1855.97,1840.97,1856.99,1839.73,-0.62,-11.56,3368631,6491560192.0,0.93,0.31
2016-12-09,1842.41,1834.06,1844.22,1831.56,-0.38,-6.91,3696398,6984036864.0,0.69,0.34
2016-12-12,1833.88,1756.93,1835.53,1754.08,-4.21,-77.13,5749766,9357180416.0,4.44,0.53
2016-12-13,1754.44,1754.04,1761.66,1738.49,-0.16,-2.89,3259560,5334644480.0,1.32,0.3
2016-12-14,1753.46,1733.96,1755.69,1732.08,-1.14,-20.08,3405681,5145873408.0,1.35,0.31
2016-12-15,1728.19,1747.23,1756.4,1726.49,0.77,13.27,3438918,5347486720.0,1.72,0.32
2016-12-16,1748.37,1764.74,1767.76,1745.93,1.0,17.51,3451682,6174205696.0,1.25,0.32
2016-12-19,1764.43,1760.33,1765.29,1756.8,-0.25,-4.41,3296373,5806568448.0,0.48,0.3
2016-12-20,1760.6,1767.52,1769.71,1756.09,0.41,7.19,3710745,7077686016.0,0.77,0.34
2016-12-21,1768.65,1778.95,1780.95,1768.53,0.65,11.43,3379664,5903931904.0,0.7,0.31
2016-12-22,1778.72,1782.2,1785.24,1773.66,0.18,3.25,2959728,4848165632.0,0.65,0.27
2016-12-23,1781.5,1769.17,1783.29,1765.74,-0.73,-13.03,3191212,5238358272.0,0.98,0.29
2016-12-26,1759.64,1761.85,1764.9,1737.07,-0.41,-7.32,2860176,4829350656.0,1.57,0.26
2016-12-27,1761.84,1758.49,1765.61,1754.66,-0.19,-3.36,3128900,4939812352.0,0.62,0.29
2016-12-28,1760.79,1761.36,1764.55,1755.99,0.16,2.87,3019944,4520925952.0,0.49,0.28
2016-12-29,1759.44,1761.07,1768.41,1754.02,-0.02,-0.29,2880428,4284978832.0,0.82,0.27
2016-12-30,1762.18,1776.31,1777.1,1761.45,0.87,15.24,2741845,3983587744.0,0.89,0.25
2017-01-03,1778.17,1795.87,1796.52,1776.64,1.1,19.56,3151296,4898270464.0,1.12,0.29
2017-01-04,1797.56,1811.75,1811.88,1794.11,0.88,15.88,3854873,5952554752.0,0.99,0.36
2017-01-05,1810.22,1814.84,1817.43,1807.27,0.17,3.09,3638115,5376363776.0,0.56,0.34
2017-01-06,1816.8,1797.08,1817.08,1796.94,-0.98,-17.76,3988517,5918543104.0,1.11,0.37
2017-01-09,1792.82,1804.57,1807.99,1792.76,0.42,7.49,3615215,5064155392.0,0.85,0.33
2017-01-10,1804.74,1805.22,1815.09,1803.69,0.04,0.65,3380019,4758067968.0,0.63,0.31
2017-01-11,1805.93,1781.6,1805.93,1780.99,-1.31,-23.62,3775380,5795919616.0,1.38,0.35
2017-01-12,1784.25,1768.18,1789.64,1766.26,-0.75,-13.42,3098898,4739994112.0,1.31,0.29
2017-01-13,1767.03,1753.42,1769.45,1745.91,-0.83,-14.76,3320033,4748501248.0,1.33,0.31
2017-01-16,1748.5,1724.34,1751.77,1674.62,-1.66,-29.08,5019450,6797603840.0,4.4,0.46
2017-01-17,1715.66,1750.51,1751.06,1712.16,1.52,26.17,3846172,5315302656.0,2.26,0.36
2017-01-18,1748.65,1741.37,1750.67,1738.28,-0.52,-9.14,3038177,4120832592.0,0.71,0.28
2017-01-19,1736.93,1748.35,1754.64,1732.59,0.4,6.98,3077151,4240124656.0,1.27,0.28
2017-01-20,1746.74,1763.99,1769.13,1745.96,0.89,15.64,3160135,4387464704.0,1.33,0.29
2017-01-23,1764.63,1774.1,1781.65,1764.63,0.57,10.11,3062568,4376927744.0,0.96,0.28
2017-01-24,1771.15,1761.12,1774.15,1759.75,-0.73,-12.98,2458453,3530078240.0,0.81,0.23
2017-01-25,1759.38,1771.46,1772.38,1757.27,0.59,10.34,2121460,3145326144.0,0.86,0.2
2017-01-26,1772.87,1781.98,1784.12,1772.45,0.59,10.52,2420598,3412836848.0,0.66,0.22
2017-02-03,1783.94,1771.89,1785.56,1765.93,-0.57,-10.09,2233141,3000951616.0,1.1,0.21
2017-02-06,1770.21,1788.3,1788.3,1770.21,0.93,16.41,2701055,4333542912.0,1.02,0.25
2017-02-07,1788.11,1791.57,1797.96,1782.07,0.18,3.27,3261739,5469391360.0,0.89,0.3
2017-02-08,1790.63,1804.95,1805.16,1779.1,0.75,13.38,3462379,5426298624.0,1.45,0.32
2017-02-09,1804.9,1815.18,1817.05,1803.86,0.57,10.23,3716948,5615465984.0,0.73,0.34
2017-02-10,1813.6,1810.46,1815.57,1806.37,-0.26,-4.72,3341363,4900110848.0,0.51,0.31
2017-02-13,1807.87,1814.57,1815.92,1806.03,0.23,4.11,3248103,5096921600.0,0.55,0.3
2017-02-14,1815.33,1814.74,1819.16,1810.11,0.01,0.17,2905890,4536513280.0,0.5,0.27
2017-02-15,1814.54,1805.17,1827.71,1802.21,-0.53,-9.57,3914498,6090280704.0,1.41,0.36
2017-02-16,1805.38,1818.27,1821.72,1803.61,0.73,13.1,3559599,5393563392.0,1.0,0.33
2017-02-17,1820.04,1805.66,1824.16,1803.54,-0.69,-12.61,3646838,5371995904.0,1.13,0.34
2017-02-20,1807.67,1839.81,1839.81,1807.67,1.89,34.15,4370167,6787514112.0,1.78,0.4
2017-02-21,1840.28,1853.47,1853.52,1837.65,0.74,13.66,4630852,6896562688.0,0.86,0.43
2017-02-22,1854.83,1857.06,1857.6,1847.23,0.19,3.59,4138775,6238119936.0,0.56,0.38
2017-02-23,1856.47,1854.62,1859.01,1843.95,-0.13,-2.44,3877732,5889310464.0,0.81,0.36
2017-02-24,1854.4,1860.67,1863.42,1850.36,0.33,6.05,4118659,6487606016.0,0.7,0.38
2017-02-27,1859.36,1849.54,1864.83,1847.26,-0.6,-11.13,4191019,6600465152.0,0.94,0.39
2017-02-28,1846.88,1857.61,1857.92,1845.67,0.44,8.07,3753612,5782539008.0,0.66,0.35
2017-03-01,1854.87,1859.48,1861.65,1853.59,0.1,1.87,4460565,6740473088.0,0.43,0.41
2017-03-02,1861.63,1853.96,1865.28,1851.81,-0.3,-5.52,4219377,6208672512.0,0.72,0.39
2017-03-03,1850.2,1871.85,1872.87,1844.41,0.96,17.89,4655289,7387714816.0,1.54,0.43
2017-03-06,1873.84,1896.04,1896.18,1873.13,1.29,24.19,5558604,9316705280.0,1.23,0.51
2017-03-07,1896.53,1901.17,1901.8,1889.22,0.27,5.13,5257522,8856362240.0,0.66,0.49
2017-03-08,1899.06,1885.09,1899.06,1882.06,-0.85,-16.08,3792811,6163000832.0,0.89,0.35
2017-03-09,1879.95,1878.25,1882.84,1863.84,-0.36,-6.84,3486945,5489133568.0,1.01,0.32
2017-03-10,1877.65,1884.1,1892.6,1877.52,0.31,5.85,3684300,6026429952.0,0.8,0.34
2017-03-13,1883.9,1904.22,1906.1,1873.61,1.07,20.12,4570998,7377682944.0,1.72,0.42
2017-03-14,1904.68,1894.59,1910.49,1887.21,-0.51,-9.63,4580774,7740822272.0,1.22,0.42
2017-03-15,1893.22,1901.44,1902.49,1886.25,0.36,6.85,4817354,8038729728.0,0.86,0.45
2017-03-16,1902.0,1915.76,1916.27,1901.58,0.75,14.32,5907082,9478085888.0,0.77,0.55
2017-03-17,1915.49,1898.97,1919.99,1896.98,-0.88,-16.79,6028762,9822419968.0,1.2,0.56
2017-03-20,1896.5,1912.28,1912.44,1894.71,0.7,13.31,4802314,8012145152.0,0.93,0.44
2017-03-21,1912.28,1919.38,1919.38,1905.97,0.37,7.1,4519535,7959486464.0,0.7,0.42
2017-03-22,1910.01,1914.54,1918.05,1897.83,-0.25,-4.84,4857712,8460833280.0,1.05,0.45
2017-03-23,1917.69,1916.7,1921.08,1895.04,0.11,2.16,4951260,8475819264.0,1.36,0.46
2017-03-24,1917.09,1934.62,1939.81,1917.09,0.93,17.92,5260215,9136497664.0,1.19,0.49
2017-03-27,1938.87,1922.21,1944.88,1920.97,-0.64,-12.41,4800460,7838877184.0,1.24,0.44
2017-03-28,1922.71,1920.5,1928.16,1911.05,-0.09,-1.71,4188700,6861399552.0,0.89,0.39
2017-03-29,1922.71,1912.68,1924.12,1905.76,-0.41,-7.82,4731134,7824828672.0,0.96,0.44
2017-03-30,1912.32,1881.15,1914.02,1871.23,-1.65,-31.53,5411187,8273149952.0,2.24,0.5
2017-03-31,1881.1,1885.17,1887.5,1877.23,0.21,4.02,3702211,5847999232.0,0.55,0.34
2017-04-05,1890.0,1912.38,1912.93,1890.0,1.44,27.21,4803704,7401769728.0,1.22,0.44
2017-04-06,1912.66,1917.39,1918.54,1907.7,0.26,5.01,3854544,6201065984.0,0.57,0.36
2017-04-07,1915.23,1921.36,1928.43,1910.13,0.21,3.97,5043308,7932373504.0,0.95,0.47
2017-04-10,1922.65,1897.27,1922.65,1895.85,-1.25,-24.09,5299686,8255688960.0,1.39,0.49
2017-04-11,1896.69,1895.38,1899.09,1860.97,-0.1,-1.89,5093745,8453502208.0,2.01,0.47
2017-04-12,1892.72,1884.43,1893.5,1881.95,-0.58,-10.95,4779450,7340285440.0,0.61,0.44
2017-04-13,1887.14,1888.06,1898.18,1885.82,0.19,3.63,3478106,5550621184.0,0.66,0.32
2017-04-14,1885.98,1857.09,1886.72,1855.45,-1.64,-30.97,4192828,6396289536.0,1.66,0.39
2017-04-17,1852.38,1841.72,1853.72,1832.51,-0.83,-15.37,4124142,6386281728.0,1.14,0.38
2017-04-18,1844.53,1832.11,1852.55,1831.35,-0.52,-9.61,4128735,6272052224.0,1.15,0.38
2017-04-19,1826.08,1818.28,1829.18,1796.79,-0.75,-13.83,4138741,5934222848.0,1.77,0.38
2017-04-20,1818.51,1826.09,1829.19,1811.94,0.43,7.81,4195930,6661437696.0,0.95,0.39
2017-04-21,1825.76,1812.28,1830.09,1808.08,-0.76,-13.81,2518840,3921738800.0,1.21,0.23
2017-04-24,1808.68,1781.49,1808.68,1769.01,-1.7,-30.79,3247963,5052172288.0,2.19,0.3
2017-04-25,1782.03,1790.92,1798.88,1782.03,0.53,9.43,3508257,6375240448.0,0.95,0.32
2017-04-26,1792.65,1803.99,1813.78,1792.65,0.73,13.07,3698101,6638066944.0,1.18,0.34
2017-04-27,1800.24,1819.07,1821.07,1780.57,0.84,15.08,4041643,6483990784.0,2.25,0.37
2017-04-28,1814.97,1826.15,1827.2,1814.52,0.39,7.08,3470079,5400732416.0,0.7,0.32
2017-05-02,1822.39,1824.34,1832.49,1819.13,-0.1,-1.81,3719575,5788779008.0,0.73,0.34
2017-05-03,1819.5,1817.46,1821.45,1807.27,-0.38,-6.88,3852530,6041799936.0,0.78,0.36
2017-05-04,1813.38,1814.05,1825.96,1804.5,-0.19,-3.41,3207052,5443698432.0,1.18,0.3
2017-05-05,1811.65,1808.35,1821.19,1807.04,-0.31,-5.7,3292048,5254747904.0,0.78,0.3
2017-05-08,1804.36,1784.2,1810.44,1781.48,-1.34,-24.15,3456611,5408007424.0,1.6,0.32
2017-05-09,1777.2,1804.9,1804.93,1772.63,1.16,20.7,3172851,4796685056.0,1.81,0.29
2017-05-10,1809.81,1794.38,1822.92,1794.31,-0.58,-10.52,3888864,5938343936.0,1.59,0.36
2017-05-11,1785.59,1786.03,1789.83,1751.02,-0.47,-8.35,3981712,5893444096.0,2.16,0.37
2017-05-12,1785.08,1786.2,1790.74,1776.48,0.01,0.17,3052220,4981437952.0,0.8,0.28
2017-05-15,1790.33,1805.91,1806.76,1787.07,1.1,19.71,3144639,5094108672.0,1.1,0.29
2017-05-16,1802.82,1838.77,1838.93,1791.3,1.82,32.86,4055177,6486297856.0,2.64,0.37
2017-05-17,1833.42,1835.66,1852.35,1833.09,-0.17,-3.11,4203649,7164069376.0,1.05,0.39
2017-05-18,1824.98,1824.38,1839.84,1818.65,-0.61,-11.28,3276118,5803604992.0,1.15,0.3
2017-05-19,1825.38,1824.25,1829.39,1815.57,-0.01,-0.13,2567295,4258784272.0,0.76,0.24
2017-05-22,1822.79,1805.8,1833.49,1801.18,-1.01,-18.45,3137975,5148388096.0,1.77,0.29
2017-05-23,1803.42,1773.3,1813.36,1772.96,-1.8,-32.5,3620209,5762643456.0,2.24,0.33
2017-05-24,1766.84,1782.02,1782.59,1743.37,0.49,8.72,3010710,5028286720.0,2.21,0.28
2017-05-25,1779.99,1787.61,1793.24,1762.85,0.31,5.59,3072838,4870645248.0,1.71,0.28
2017-05-26,1784.87,1768.91,1790.68,1765.22,-1.05,-18.7,3583573,6333940480.0,1.42,0.33
2017-05-31,1781.45,1776.51,1785.24,1772.77,0.43,7.6,2960957,5097224960.0,0.7,0.27
2017-06-01,1774.39,1767.23,1777.93,1765.04,-0.52,-9.28,3379008,5553874688.0,0.73,0.31
2017-06-02,1763.97,1779.29,1782.84,1753.13,0.68,12.06,3104945,4633734144.0,1.68,0.29
2017-06-05,1781.58,1797.61,1798.64,1778.65,1.03,18.32,2907405,4723733504.0,1.12,0.27
2017-06-06,1800.53,1812.23,1812.26,1797.21,0.81,14.62,3794485,6035287040.0,0.84,0.35
2017-06-07,1813.04,1844.87,1846.25,1811.44,1.8,32.64,5111671,8409877760.0,1.92,0.47
2017-06-08,1845.14,1850.13,1859.66,1842.88,0.29,5.26,4248095,7160571136.0,0.91,0.39
2017-06-09,1850.93,1857.7,1857.82,1841.89,0.41,7.57,4149613,6264152832.0,0.86,0.38
2017-06-12,1847.05,1837.86,1847.23,1833.83,-1.07,-19.84,3772900,6218986240.0,0.72,0.35
2017-06-13,1835.67,1851.87,1854.87,1834.16,0.76,14.01,3672692,5683023104.0,1.13,0.34
2017-06-14,1849.2,1840.36,1849.36,1838.74,-0.62,-11.51,3691435,5927325440.0,0.57,0.34
2017-06-15,1839.54,1855.0,1857.11,1837.6,0.8,14.64,4500160,7476553216.0,1.06,0.42
2017-06-16,1852.91,1848.81,1854.86,1844.34,-0.33,-6.19,3325559,5358669824.0,0.57,0.31
2017-06-19,1850.62,1858.19,1858.78,1848.63,0.51,9.38,3233430,4953827584.0,0.55,0.3
2017-06-20,1862.39,1857.76,1868.2,1856.26,-0.02,-0.43,4204393,6716732416.0,0.64,0.39
2017-06-21,1860.27,1882.11,1882.18,1857.06,1.31,24.35,3930795,6645181440.0,1.35,0.36
2017-06-22,1878.41,1856.08,1884.99,1854.89,-1.38,-26.03,4520890,7320143360.0,1.6,0.42
2017-06-23,1853.01,1867.16,1867.23,1835.27,0.6,11.08,3869342,5941249024.0,1.72,0.36
2017-06-26,1866.59,1894.43,1894.44,1863.2,1.46,27.27,4221017,6877153280.0,1.67,0.39
2017-06-27,1893.23,1887.76,1896.23,1882.11,-0.35,-6.67,3440595,5867341824.0,0.75,0.32
2017-06-28,1884.44,1876.94,1886.62,1874.63,-0.57,-10.82,3637743,6244288512.0,0.64,0.34
2017-06-29,1877.56,1891.12,1893.48,1877.56,0.76,14.18,3381101,5526686208.0,0.85,0.31
2017-06-30,1885.85,1901.74,1901.83,1885.29,0.56,10.62,3164637,5168241920.0,0.87,0.29
2017-07-03,1902.26,1911.83,1911.86,1894.29,0.53,10.09,5087065,8246723840.0,0.92,0.47
2017-07-04,1917.83,1921.6,1921.74,1910.36,0.51,9.77,4986987,8405840640.0,0.6,0.46
2017-07-05,1920.42,1953.46,1953.86,1920.42,1.66,31.86,5063772,8334196224.0,1.74,0.47
2017-07-06,1953.03,1964.35,1967.47,1946.94,0.56,10.89,5716627,9073473280.0,1.05,0.53
2017-07-07,1960.21,1969.43,1971.43,1960.21,0.26,5.08,4558636,7396875264.0,0.57,0.42
2017-07-10,1968.23,1952.13,1968.23,1948.76,-0.88,-17.3,5435158,8462424064.0,0.99,0.5
2017-07-11,1948.67,1936.78,1955.05,1936.17,-0.79,-15.35,4310698,6519158272.0,0.97,0.4
2017-07-12,1935.2,1940.18,1943.74,1909.62,0.18,3.4,4533336,7115725824.0,1.76,0.42
2017-07-13,1927.62,1927.16,1939.72,1922.34,-0.67,-13.02,4710030,7397270784.0,0.9,0.44
2017-07-14,1922.81,1920.46,1930.78,1916.65,-0.35,-6.7,3845643,5777825280.0,0.73,0.36
2017-07-17,1917.36,1827.39,1917.36,1827.31,-4.85,-93.07,6778640,8159008256.0,4.69,0.63
2017-07-18,1817.45,1839.78,1842.87,1809.5,0.68,12.39,4844931,6202585344.0,1.83,0.45
2017-07-19,1835.07,1856.05,1856.14,1825.0,0.88,16.27,4956344,6988565248.0,1.69,0.46
2017-07-20,1857.99,1872.34,1882.99,1852.51,0.88,16.29,5166442,7597079040.0,1.64,0.48
2017-07-21,1871.69,1871.77,1880.06,1866.21,-0.03,-0.57,4649279,6352005632.0,0.74,0.43
2017-07-24,1868.45,1885.0,1886.79,1860.95,0.71,13.23,4383189,5859915776.0,1.38,0.41
2017-07-25,1882.81,1879.96,1889.28,1871.27,-0.27,-5.04,3716285,5520947456.0,0.96,0.34
2017-07-26,1878.77,1878.76,1884.51,1867.9,-0.06,-1.2,4465905,6681206016.0,0.88,0.41
2017-07-27,1878.15,1920.47,1921.69,1872.95,2.22,41.71,6176178,8856999936.0,2.59,0.57
2017-07-28,1916.27,1917.18,1924.24,1915.52,-0.17,-3.29,4996407,7205346560.0,0.45,0.46
2017-07-31,1918.86,1926.6,1929.56,1911.93,0.49,9.42,5130868,7094236416.0,0.92,0.47
2017-08-01,1925.29,1924.41,1929.3,1912.74,-0.11,-2.19,5073149,6893572608.0,0.86,0.47
2017-08-02,1927.33,1898.98,1928.26,1897.41,-1.32,-25.43,4906675,7134493184.0,1.6,0.45
2017-08-03,1899.14,1906.42,1919.82,1889.77,0.39,7.44,4529752,6820397568.0,1.58,0.42
2017-08-04,1902.23,1887.45,1909.05,1887.45,-1.0,-18.97,4156884,6110523392.0,1.13,0.38
2017-08-07,1886.47,1907.71,1907.71,1886.37,1.07,20.26,3475870,4995123968.0,1.13,0.32
2017-08-08,1907.67,1911.64,1912.13,1893.84,0.21,3.93,4703019,6103991808.0,0.96,0.43
2017-08-09,1906.17,1905.62,1909.28,1899.68,-0.31,-6.02,5367760,7651922944.0,0.5,0.5
2017-08-10,1903.78,1890.34,1907.38,1876.05,-0.8,-15.28,5842187,8681268224.0,1.64,0.54
2017-08-11,1881.04,1867.03,1890.51,1865.96,-1.23,-23.31,5525726,8031091200.0,1.3,0.51
2017-08-14,1869.68,1911.37,1911.42,1866.43,2.37,44.34,5671303,9142380800.0,2.41,0.52
2017-08-15,1918.68,1927.7,1927.7,1915.21,0.85,16.33,5988570,9239441152.0,0.65,0.55
2017-08-16,1926.72,1950.85,1954.18,1925.28,1.2,23.15,6650601,9694012160.0,1.5,0.61
2017-08-17,1948.51,1965.6,1965.88,1944.32,0.76,14.75,6660904,9960157696.0,1.11,0.62
2017-08-18,1952.67,1956.52,1964.39,1947.14,-0.46,-9.08,6782401,10316154624.0,0.88,0.63
2017-08-21,1956.31,1971.54,1971.54,1955.83,0.77,15.02,5781717,8569037824.0,0.8,0.53
2017-08-22,1970.11,1958.74,1970.76,1954.67,-0.65,-12.8,5995637,9181199872.0,0.82,0.55
2017-08-23,1959.76,1965.11,1971.25,1951.12,0.33,6.37,4746046,7301396480.0,1.03,0.44
2017-08-24,1966.98,1951.76,1974.56,1948.87,-0.68,-13.35,5088337,7546422016.0,1.31,0.47
2017-08-25,1946.74,1975.57,1976.28,1946.74,1.22,23.81,4968977,7802205440.0,1.51,0.46
2017-08-28,1978.73,2011.36,2018.56,1978.73,1.81,35.79,7492976,12344171776.0,2.02,0.69
2017-08-29,2012.47,2007.16,2017.11,2004.45,-0.21,-4.2,6676168,12036005120.0,0.63,0.62
2017-08-30,2006.29,2002.86,2013.01,1998.83,-0.21,-4.3,6179404,10940986624.0,0.71,0.57
2017-08-31,2004.09,2023.18,2023.26,2004.09,1.01,20.32,5393389,9212268544.0,0.96,0.5
2017-09-01,2025.9,2033.0,2033.99,2015.23,0.49,9.82,6098243,9956455168.0,0.93,0.56
2017-09-04,2032.08,2047.45,2049.27,2026.73,0.71,14.45,7423189,11763095808.0,1.11,0.69
2017-09-05,2047.01,2053.71,2054.57,2040.11,0.31,6.26,6219587,9869609216.0,0.71,0.57
2017-09-06,2048.5,2063.72,2063.74,2041.03,0.49,10.01,7815731,11322061824.0,1.11,0.72
2017-09-07,2066.94,2057.3,2078.94,2057.03,-0.31,-6.42,8819342,13963960576.0,1.06,0.82
2017-09-08,2053.14,2055.8,2064.73,2040.94,-0.07,-1.5,6780949,10822199296.0,1.16,0.63
2017-09-11,2053.1,2091.87,2091.9,2053.1,1.75,36.07,7702329,12251922176.0,1.89,0.71
2017-09-12,2091.89,2076.89,2095.76,2075.36,-0.72,-14.98,8880191,13789131008.0,0.98,0.82
2017-09-13,2078.74,2080.82,2081.09,2063.95,0.19,3.93,6640767,10424246016.0,0.83,0.61
2017-09-14,2078.39,2076.85,2089.97,2069.2,-0.19,-3.97,6462590,9994155008.0,1.0,0.6
2017-09-15,2073.88,2067.28,2076.16,2059.97,-0.46,-9.57,5388582,8564376832.0,0.78,0.5
2017-09-18,2069.74,2101.07,2101.07,2065.48,1.63,33.79,6441368,10194847232.0,1.72,0.6
2017-09-19,2104.51,2090.3,2108.35,2084.19,-0.51,-10.77,7829945,11872714240.0,1.15,0.72
2017-09-20,2083.85,2125.8,2128.52,2083.85,1.7,35.5,9419161,12505353984.0,2.14,0.87
2017-09-21,2131.69,2112.32,2140.29,2108.31,-0.63,-13.48,12056481,16802013184.0,1.5,1.11
2017-09-22,2099.22,2108.8,2115.53,2087.46,-0.17,-3.52,9215641,13292306944.0,1.33,0.85
2017-09-25,2106.09,2082.81,2115.16,2080.67,-1.23,-25.99,7976911,11785334016.0,1.64,0.74
2017-09-26,2075.79,2068.48,2084.13,2050.15,-0.69,-14.33,6389168,9432707328.0,1.63,0.59
2017-09-27,2067.98,2093.21,2097.43,2064.15,1.2,24.73,6518757,10151595008.0,1.61,0.6
2017-09-28,2091.91,2099.78,2113.39,2089.64,0.31,6.57,8107887,11749375232.0,1.13,0.75
2017-09-29,2097.11,2129.36,2129.42,2097.11,1.41,29.58,7976247,11596887296.0,1.54,0.74
2017-10-09,2146.68,2163.23,2167.44,2141.8,1.59,33.87,11079789,15680424448.0,1.2,1.02
2017-10-10,2155.4,2168.79,2168.79,2147.08,0.26,5.56,10177348,15242693632.0,1.0,0.94
2017-10-11,2164.04,2151.19,2164.69,2148.39,-0.81,-17.6,10049110,13782871808.0,0.75,0.93
2017-10-12,2154.44,2157.22,2165.48,2138.62,0.28,6.03,8024888,11720823808.0,1.25,0.74
2017-10-13,2156.19,2173.06,2173.87,2152.91,0.73,15.84,8595877,12423098624.0,0.97,0.79
2017-10-16,2168.19,2117.33,2168.19,2117.33,-2.56,-55.73,8848134,12746879744.0,2.34,0.82
2017-10-17,2114.95,2126.02,2136.93,2109.58,0.41,8.69,5853536,8619442432.0,1.29,0.54
2017-10-18,2125.08,2111.3,2143.52,2109.28,-0.69,-14.72,8385916,11855697920.0,1.61,0.77
2017-10-19,2104.41,2088.36,2110.13,2076.87,-1.09,-22.94,7283851,10200027904.0,1.58,0.67
2017-10-20,2082.27,2111.81,2111.81,2082.27,1.12,23.45,5439406,8265019136.0,1.41,0.5
2017-10-23,2113.92,2134.91,2135.09,2111.09,1.09,23.1,6931662,9579292160.0,1.14,0.64
2017-10-24,2133.04,2124.89,2133.04,2103.93,-0.47,-10.02,7131891,10046733056.0,1.36,0.66
2017-10-25,2123.93,2159.3,2159.35,2120.99,1.62,34.41,8665928,11935419648.0,1.81,0.8
2017-10-26,2154.77,2168.53,2174.44,2151.23,0.43,9.23,9310309,14000072960.0,1.07,0.86
2017-10-27,2163.93,2163.13,2172.82,2160.58,-0.25,-5.4,7768912,11370132992.0,0.56,0.72
2017-10-30,2161.39,2121.87,2170.02,2100.44,-1.91,-41.26,9747799,14448189440.0,3.22,0.9
2017-10-31,2117.3,2144.79,2145.17,2113.01,1.08,22.92,7675012,11398524160.0,1.52,0.71
2017-11-01,2140.74,2149.4,2161.84,2136.1,0.21,4.61,8574682,13134823424.0,1.2,0.79
2017-11-02,2142.29,2113.97,2142.29,2110.32,-1.65,-35.43,7979633,11631848960.0,1.49,0.74
2017-11-03,2109.3,2107.62,2122.95,2093.63,-0.3,-6.35,8040901,12948608512.0,1.39,0.74
2017-11-06,2112.06,2147.55,2147.87,2109.53,1.89,39.93,8249794,14098882816.0,1.82,0.76
2017-11-07,2145.33,2158.45,2158.48,2133.68,0.51,10.9,8419188,13493127936.0,1.15,0.78
2017-11-08,2153.35,2161.75,2177.63,2151.52,0.15,3.3,9605711,15028917248.0,1.21,0.89
2017-11-09,2160.84,2198.37,2198.37,2155.99,1.69,36.62,9454960,15000572928.0,1.96,0.87
2017-11-10,2194.79,2224.56,2230.89,2191.23,1.19,26.19,14676793,21810054400.0,1.8,1.36
2017-11-13,2225.36,2251.0,2251.07,2217.25,1.19,26.44,14209873,21505952000.0,1.52,1.31
2017-11-14,2247.43,2224.65,2256.29,2209.15,-1.17,-26.35,13372186,21980210176.0,2.09,1.24
2017-11-15,2208.98,2203.49,2224.64,2186.52,-0.95,-21.16,11772039,18676553472.0,1.71,1.09
2017-11-16,2195.79,2193.28,2205.92,2181.77,-0.46,-10.21,11208270,17065090304.0,1.1,1.04
2017-11-17,2185.76,2095.27,2186.54,2092.84,-4.47,-98.01,11765184,17236949504.0,4.27,1.09
2017-11-20,2078.72,2125.39,2126.23,2039.94,1.44,30.12,11047817,15510216960.0,4.12,1.02
2017-11-21,2118.26,2139.15,2145.1,2107.53,0.65,13.76,12546481,18902070528.0,1.77,1.16
2017-11-22,2136.01,2138.39,2161.25,2113.31,-0.04,-0.76,13912284,21287627264.0,2.24,1.29
2017-11-23,2129.77,2063.64,2129.77,2063.44,-3.5,-74.75,14449689,21041657344.0,3.1,1.34
2017-11-24,2052.26,2055.61,2075.22,2050.86,-0.39,-8.03,10933583,15317122048.0,1.18,1.01
2017-11-27,2045.72,2015.16,2048.21,2009.89,-1.97,-40.45,9160248,12359474176.0,1.86,0.85
2017-11-28,2010.42,2066.25,2066.25,2010.42,2.54,51.09,8654852,11703841792.0,2.77,0.8
2017-11-29,2063.29,2055.63,2065.91,2024.56,-0.51,-10.62,9605496,13430027264.0,2.0,0.89
2017-11-30,2045.64,2055.64,2073.79,2041.53,0.0,0.01,9218852,12960207872.0,1.57,0.85
2017-12-01,2050.59,2092.77,2097.95,2049.99,1.81,37.13,10819287,14474473728.0,2.33,1.0
2017-12-04,2088.24,2050.07,2088.24,2048.71,-2.04,-42.7,10179489,13910601472.0,1.89,0.94
2017-12-05,2042.58,1986.8,2049.28,1968.12,-3.09,-63.27,11448567,15207266048.0,3.96,1.06
2017-12-06,1980.28,2031.23,2031.25,1977.61,2.24,44.43,11912552,15604393472.0,2.7,1.1
2017-12-07,2023.52,2024.26,2040.0,2020.87,-0.34,-6.97,10086131,13908899328.0,0.94,0.93
2017-12-08,2015.2,2052.01,2056.02,2012.98,1.37,27.75,10508426,14855702528.0,2.13,0.97
2017-12-11,2050.69,2074.8,2074.89,2050.69,1.11,22.79,9832387,14437349376.0,1.18,0.91
2017-12-12,2071.61,2048.51,2077.96,2047.93,-1.27,-26.29,8866373,13223114240.0,1.45,0.82
2017-12-13,2043.84,2069.39,2069.5,2043.41,1.02,20.88,9352296,14249736704.0,1.27,0.86
2017-12-14,2068.85,2075.85,2078.19,2050.66,0.31,6.46,9765249,14429283840.0,1.33,0.9
2017-12-15,2072.24,2057.77,2078.79,2049.39,-0.87,-18.08,9752403,14350704640.0,1.42,0.9
2017-12-18,2055.37,2038.31,2058.18,2030.56,-0.95,-19.46,8278040,12061286400.0,1.34,0.76
2017-12-19,2038.01,2062.91,2062.96,2038.01,1.21,24.6,7833760,11765522688.0,1.22,0.72
2017-12-20,2059.03,2042.96,2059.03,2039.31,-0.97,-19.95,8377864,12292914944.0,0.96,0.77
2017-12-21,2032.62,2058.11,2064.05,2016.47,0.74,15.15,11227348,17211967232.0,2.33,1.04
2017-12-22,2053.8,2051.22,2061.95,2042.22,-0.33,-6.89,8353401,12718711552.0,0.96,0.77
2017-12-25,2046.71,2018.06,2047.99,2010.3,-1.62,-33.16,8664351,13487583488.0,1.84,0.8
2017-12-26,2012.98,2034.36,2036.41,2001.33,0.81,16.3,7974789,11688973312.0,1.74,0.74
2017-12-27,2029.38,2006.81,2032.63,2005.89,-1.35,-27.55,7634681,12233304832.0,1.31,0.71
2017-12-28,2000.88,2002.86,2021.73,1997.59,-0.2,-3.95,7628688,11318478336.0,1.2,0.7
2017-12-29,2002.37,2024.01,2024.01,2002.37,1.06,21.15,7712254,11544790784.0,1.08,0.71
2018-01-02,2026.95,2039.65,2039.69,2018.13,0.77,15.64,7247503,10731109888.0,1.07,0.67
2018-01-03,2039.15,2064.22,2067.68,2036.03,1.2,24.57,8425224,13336176640.0,1.55,0.78
2018-01-04,2058.86,2069.44,2073.54,2055.95,0.25,5.22,8697444,13286546432.0,0.85,0.8
2018-01-05,2068.23,2062.09,2070.02,2058.31,-0.36,-7.35,7648163,11852628736.0,0.57,0.71
2018-01-08,2058.33,2044.05,2058.33,2030.27,-0.87,-18.04,8507087,13132960000.0,1.36,0.79
2018-01-09,2043.1,2045.16,2045.35,2032.93,0.05,1.11,7194196,11427571968.0,0.61,0.66
2018-01-10,2041.49,2021.86,2041.5,2004.35,-1.14,-23.3,7058126,11159040000.0,1.82,0.65
2018-01-11,2017.0,2046.41,2050.72,2011.89,1.21,24.55,7722066,11413390336.0,1.92,0.71
2018-01-12,2041.87,2021.51,2044.01,2020.86,-1.22,-24.9,6969904,10165364480.0,1.13,0.64
2018-01-15,2013.84,1953.5,2014.39,1947.26,-3.36,-68.01,8829218,13203103744.0,3.32,0.82
2018-01-16,1947.65,1949.3,1961.53,1939.22,-0.21,-4.2,7625556,12604675328.0,1.14,0.7
2018-01-17,1945.45,1967.92,1973.49,1915.54,0.96,18.62,9168676,14831378176.0,2.97,0.85
2018-01-18,1961.24,1966.99,1975.48,1959.36,-0.05,-0.93,5562481,8576030720.0,0.82,0.51
2018-01-19,1966.75,1962.02,1977.01,1957.95,-0.25,-4.97,5715235,8747395328.0,0.97,0.53
2018-01-22,1961.59,1985.15,1985.15,1938.48,1.18,23.13,6650749,10544498432.0,2.38,0.61
2018-01-23,1985.01,1984.49,1994.97,1977.45,-0.03,-0.66,6057177,8692370176.0,0.88,0.56
2018-01-24,1985.58,2009.94,2010.28,1971.46,1.28,25.45,8400030,11601481472.0,1.96,0.78
2018-01-25,2004.57,2000.4,2024.56,2000.38,-0.47,-9.54,7984170,10916824320.0,1.2,0.74
2018-01-26,1991.88,1986.03,2001.2,1983.51,-0.72,-14.37,6585924,9257124864.0,0.88,0.61
2018-01-29,1982.83,1938.15,1985.15,1932.99,-2.41,-47.88,7912177,12236299264.0,2.63,0.73
2018-01-30,1935.43,1936.77,1945.81,1931.52,-0.07,-1.38,4977888,6999665408.0,0.74,0.46
2018-01-31,1923.68,1879.16,1923.68,1874.05,-2.97,-57.61,7907245,9546134528.0,2.56,0.73
2018-02-01,1873.14,1805.25,1880.13,1800.65,-3.93,-73.91,8571531,10335497216.0,4.23,0.79
2018-02-02,1786.42,1803.11,1811.41,1757.55,-0.12,-2.14,6480060,8000075264.0,2.98,0.6
2018-02-05,1776.16,1788.03,1798.94,1767.88,-0.84,-15.08,5073816,6773924096.0,1.72,0.47
2018-02-06,1753.99,1691.28,1761.91,1690.85,-5.41,-96.75,7622068,9460262400.0,3.97,0.7
2018-02-07,1725.16,1712.76,1737.51,1663.45,1.27,21.48,7302562,9354552320.0,4.38,0.67
2018-02-08,1708.23,1756.6,1758.12,1704.8,2.56,43.84,6383003,8353675008.0,3.11,0.59
2018-02-09,1715.64,1718.33,1743.73,1691.2,-2.18,-38.27,7361187,9333683712.0,2.99,0.68
2018-02-12,1728.87,1775.77,1780.96,1728.87,3.34,57.44,6596723,8834862848.0,3.03,0.61
2018-02-13,1780.06,1771.42,1788.96,1767.98,-0.24,-4.35,5392418,7193891584.0,1.18,0.5
2018-02-14,1770.44,1768.83,1773.13,1756.57,-0.15,-2.59,3487724,4805881600.0,0.93,0.32
2018-02-22,1774.74,1800.24,1800.58,1773.32,1.78,31.41,4819050,6698282240.0,1.54,0.45
2018-02-23,1794.49,1796.28,1796.68,1779.92,-0.22,-3.96,4511672,6087044864.0,0.93,0.42
2018-02-26,1800.13,1852.67,1854.51,1795.11,3.14,56.39,9414738,13817438208.0,3.31,0.87
2018-02-27,1850.21,1858.22,1872.31,1848.33,0.3,5.55,8941868,13178619904.0,1.29,0.83
2018-02-28,1846.2,1873.45,1882.82,1839.02,0.82,15.23,8701792,12326524672.0,2.36,0.8
2018-03-01,1863.34,1913.68,1914.24,1860.62,2.15,40.23,9681529,12442118144.0,2.86,0.89
2018-03-02,1899.59,1891.85,1916.8,1885.19,-1.14,-21.83,8703270,11237038080.0,1.65,0.8
2018-03-05,1891.92,1916.81,1917.04,1890.39,1.32,24.96,6962324,9643792640.0,1.41,0.64
2018-03-06,1921.61,1939.91,1949.52,1921.26,1.21,23.1,8866002,12716583424.0,1.47,0.82
2018-03-07,1936.72,1935.14,1947.33,1931.98,-0.25,-4.77,8350513,11720205312.0,0.79,0.77
2018-03-08,1930.38,1940.72,1940.72,1927.06,0.29,5.58,6398658,9334331648.0,0.71,0.59
2018-03-09,1940.83,1987.79,1990.0,1940.78,2.43,47.07,9468084,14184997888.0,2.54,0.87
2018-03-12,1999.33,2027.25,2027.6,1999.33,1.99,39.46,10961801,16259573504.0,1.42,1.01
2018-03-13,2026.47,2015.81,2036.07,2013.59,-0.56,-11.44,9110764,12532820480.0,1.11,0.84
2018-03-14,2008.6,1986.75,2017.98,1983.98,-1.44,-29.06,7371834,10161598720.0,1.69,0.68
2018-03-15,1978.25,1975.02,1983.99,1940.96,-0.59,-11.73,7521107,10672370688.0,2.17,0.7
2018-03-16,1973.14,1966.72,1985.17,1966.22,-0.42,-8.3,6644689,8742893568.0,0.96,0.61
2018-03-19,1961.17,1979.02,1993.13,1961.17,0.63,12.3,6584965,9567944448.0,1.63,0.61
2018-03-20,1960.4,1979.97,1980.86,1944.54,0.05,0.95,7000597,9685676800.0,1.84,0.65
2018-03-21,1985.26,1958.76,2002.86,1957.44,-1.07,-21.21,7380536,10565802240.0,2.29,0.68
2018-03-22,1960.29,1963.53,1973.92,1946.0,0.24,4.77,6379842,9477581312.0,1.43,0.59
2018-03-23,1894.34,1833.83,1915.91,1814.19,-6.61,-129.7,11201391,14719939840.0,5.18,1.04
2018-03-26,1794.99,1871.85,1871.85,1786.09,2.07,38.02,7558710,10158474496.0,4.68,0.7
2018-03-27,1892.73,1932.13,1938.09,1892.73,3.22,60.28,8471896,12016290560.0,2.42,0.78
2018-03-28,1910.58,1925.88,1936.76,1907.17,-0.32,-6.25,8708881,11307829760.0,1.53,0.8
2018-03-29,1929.74,1928.15,1943.61,1913.59,0.12,2.27,8180955,11528492032.0,1.56,0.76
2018-03-30,1932.52,1981.55,1981.62,1931.97,2.77,53.4,9946386,14433716992.0,2.58,0.92
2018-04-02,1991.22,2014.86,2034.7,1989.83,1.68,33.31,11695063,16714829824.0,2.26,1.08
2018-04-03,1985.06,1991.85,1994.23,1968.47,-1.14,-23.01,8629223,11967073280.0,1.28,0.8
2018-04-04,2002.71,1966.55,2010.39,1963.5,-1.27,-25.3,8301729,11865564928.0,2.35,0.77
2018-04-09,1950.51,1965.57,1973.82,1926.34,-0.05,-0.98,7288239,9587211008.0,2.41,0.67
2018-04-10,1959.8,1959.04,1965.81,1931.06,-0.33,-6.53,6913382,9754821632.0,1.77,0.64
2018-04-11,1965.15,1977.33,1988.11,1963.42,0.93,18.29,6659079,9711185920.0,1.26,0.62
2018-04-12,1968.81,1963.66,1978.01,1957.91,-0.69,-13.67,6097033,8341666816.0,1.02,0.56
2018-04-13,1970.9,1961.92,1976.05,1952.12,-0.09,-1.74,5543494,7280481024.0,1.22,0.51
2018-04-16,1948.47,1963.76,1968.33,1937.09,0.09,1.84,6193124,8527839744.0,1.59,0.57
2018-04-17,1963.24,1907.64,1971.2,1905.37,-2.86,-56.12,8755076,12442916096.0,3.35,0.81
2018-04-18,1919.81,1961.28,1968.94,1890.09,2.81,53.64,12373334,17226223616.0,4.13,1.14
2018-04-19,1954.24,1959.23,1983.61,1950.81,-0.1,-2.05,10292317,14497273088.0,1.67,0.95
2018-04-20,1945.38,1918.36,1961.44,1914.74,-2.09,-40.87,10716166,14422105344.0,2.38,0.99
2018-04-23,1913.52,1884.99,1918.72,1856.16,-1.74,-33.37,9095830,12698532608.0,3.26,0.84
2018-04-24,1878.03,1935.21,1935.29,1878.03,2.66,50.22,8658465,12486601984.0,3.04,0.8
2018-04-25,1921.38,1937.87,1943.38,1918.16,0.14,2.66,8807385,12860841216.0,1.3,0.81
2018-04-26,1932.64,1897.69,1933.99,1897.15,-2.07,-40.18,9267401,13281705472.0,1.9,0.86
2018-04-27,1907.26,1890.27,1912.75,1874.87,-0.39,-7.42,7906896,10943398400.0,2.0,0.73
2018-05-02,1888.34,1866.46,1896.4,1852.53,-1.26,-23.81,7021078,9233171968.0,2.32,0.65
2018-05-03,1861.57,1907.79,1907.79,1839.34,2.21,41.33,8070648,11283487744.0,3.67,0.75
2018-05-04,1904.24,1901.95,1917.17,1895.23,-0.31,-5.84,6545840,9287378944.0,1.15,0.6
2018-05-07,1904.84,1934.91,1935.02,1904.49,1.73,32.96,6314240,8789060352.0,1.61,0.58
2018-05-08,1933.25,1947.05,1947.19,1924.06,0.63,12.14,6510267,8911555584.0,1.2,0.6
2018-05-09,1941.94,1945.95,1952.07,1934.96,-0.06,-1.1,5955663,7785749504.0,0.88,0.55
2018-05-10,1946.75,1945.98,1949.89,1927.07,0.0,0.03,6245340,8569938944.0,1.17,0.58
2018-05-11,1946.27,1922.62,1949.09,1921.81,-1.2,-23.36,5558215,7018669312.0,1.4,0.51
2018-05-14,1914.38,1901.07,1927.43,1893.38,-1.12,-21.55,6775413,9540911616.0,1.77,0.63
2018-05-15,1900.4,1925.18,1925.61,1890.18,1.27,24.11,6057360,7840033024.0,1.86,0.56
2018-05-16,1918.2,1906.52,1923.92,1904.61,-0.97,-18.66,5936108,8041265408.0,1.0,0.55
2018-05-17,1905.73,1899.32,1912.41,1894.77,-0.38,-7.2,5093514,6651285760.0,0.93,0.47
2018-05-18,1900.17,1897.28,1903.6,1874.17,-0.11,-2.04,5089319,6623578112.0,1.55,0.47
2018-05-21,1907.79,1940.2,1942.99,1907.79,2.26,42.92,8229811,10644523520.0,1.86,0.76
2018-05-22,1940.07,1944.6,1944.7,1925.84,0.23,4.4,6984091,8489668864.0,0.97,0.65
2018-05-23,1941.53,1929.34,1944.09,1927.91,-0.78,-15.26,6657080,8672131072.0,0.83,0.62
2018-05-24,1928.59,1909.46,1933.28,1907.82,-1.03,-19.88,5501261,7403235328.0,1.32,0.51
2018-05-25,1905.39,1884.98,1909.96,1879.1,-1.28,-24.48,6974280,9177439232.0,1.62,0.64
2018-05-28,1879.31,1865.41,1884.59,1862.31,-1.04,-19.57,5701102,7325686016.0,1.18,0.53
2018-05-29,1867.06,1857.05,1880.28,1856.43,-0.45,-8.36,5353100,6576297472.0,1.28,0.49
2018-05-30,1827.43,1787.7,1827.43,1783.39,-3.73,-69.35,7356013,8791148032.0,2.37,0.68
2018-05-31,1799.9,1807.98,1809.62,1778.4,1.13,20.28,5482544,6919677440.0,1.75,0.51
2018-06-01,1798.78,1786.95,1809.08,1771.7,-1.16,-21.03,5316181,6540481024.0,2.07,0.49
2018-06-04,1787.53,1777.46,1792.01,1768.71,-0.53,-9.49,4754629,6195241472.0,1.3,0.44
2018-06-05,1777.24,1817.23,1818.05,1777.24,2.24,39.77,6747874,9735367680.0,2.3,0.62
2018-06-06,1819.05,1823.18,1825.86,1812.3,0.33,5.95,4954552,6934928896.0,0.75,0.46
2018-06-07,1828.71,1810.77,1831.81,1808.78,-0.68,-12.41,5567954,7674956544.0,1.26,0.51
2018-06-08,1809.02,1804.26,1809.02,1787.24,-0.36,-6.51,6042831,8048155392.0,1.2,0.56
2018-06-11,1797.69,1784.11,1801.19,1778.11,-1.12,-20.15,4932440,6574214144.0,1.28,0.46
2018-06-12,1783.92,1796.76,1798.07,1760.9,0.71,12.65,5159703,6656635392.0,2.08,0.48
2018-06-13,1790.91,1767.36,1797.55,1765.28,-1.64,-29.4,5783574,7885198848.0,1.8,0.53
2018-06-14,1760.05,1758.06,1774.44,1750.51,-0.53,-9.3,5123132,6979270912.0,1.35,0.47
2018-06-15,1757.19,1711.0,1759.71,1696.58,-2.68,-47.06,6155200,7261481216.0,3.59,0.57
2018-06-19,1673.13,1581.23,1675.64,1562.67,-7.58,-129.77,8692481,10211834624.0,6.6,0.8
2018-06-20,1567.7,1603.99,1614.91,1554.17,1.44,22.76,6843527,7618615296.0,3.84,0.63
2018-06-21,1600.27,1546.35,1608.99,1543.97,-3.59,-57.64,6491679,7767494144.0,4.05,0.6
2018-06-22,1537.75,1571.81,1576.9,1523.17,1.65,25.46,5172504,5876420352.0,3.47,0.48
2018-06-25,1590.55,1562.04,1594.41,1559.72,-0.62,-9.77,5232336,5974511360.0,2.21,0.48
2018-06-26,1538.69,1587.03,1588.51,1526.22,1.6,24.99,5820061,6749776640.0,3.99,0.54
2018-06-27,1587.99,1585.78,1604.58,1577.03,-0.08,-1.25,5098400,6370133760.0,1.74,0.47
2018-06-28,1586.56,1576.39,1603.36,1575.61,-0.59,-9.39,5509202,6808895488.0,1.75,0.51
2018-06-29,1574.0,1631.48,1633.15,1572.07,3.49,55.09,6662284,8142500096.0,3.87,0.62
2018-07-02,1629.96,1610.75,1636.01,1595.52,-1.27,-20.73,6095388,7972311552.0,2.48,0.56
2018-07-03,1605.21,1644.81,1647.46,1591.2,2.11,34.06,6756113,9100528896.0,3.49,0.62
2018-07-04,1630.96,1602.96,1630.96,1593.9,-2.54,-41.85,5962044,7281796352.0,2.25,0.55
2018-07-05,1592.84,1553.59,1601.75,1553.44,-3.08,-49.37,5116110,6212214784.0,3.01,0.47
2018-07-06,1548.84,1569.93,1591.38,1529.36,1.05,16.34,7142767,8248693248.0,3.99,0.66
2018-07-09,1569.58,1604.35,1604.46,1569.47,2.19,34.42,6488592,7912926464.0,2.23,0.6
2018-07-10,1602.37,1610.79,1611.32,1593.6,0.4,6.44,5845697,6905931520.0,1.1,0.54
2018-07-11,1577.95,1554.71,1577.95,1533.63,-3.48,-56.08,6714411,7289659392.0,2.75,0.62
2018-07-12,1550.6,1600.42,1609.01,1550.6,2.94,45.71,8206416,10165198080.0,3.76,0.76
2018-07-13,1599.93,1600.79,1607.65,1594.72,0.02,0.37,8852373,10105168640.0,0.81,0.82
2018-07-16,1596.26,1607.38,1612.81,1593.19,0.41,6.59,7301234,8506459136.0,1.23,0.67
2018-07-17,1603.16,1611.38,1611.38,1590.84,0.25,4.0,6219476,7199412480.0,1.28,0.57
2018-07-18,1613.86,1607.44,1629.11,1607.25,-0.24,-3.94,7312030,8779525632.0,1.36,0.68
2018-07-19,1602.33,1590.28,1612.21,1582.56,-1.07,-17.16,6576836,7888707840.0,1.84,0.61
2018-07-20,1589.78,1606.87,1610.76,1578.35,1.04,16.59,6685627,8359373568.0,2.04,0.62
2018-07-23,1601.81,1619.91,1622.39,1596.32,0.81,13.04,7023539,8586747904.0,1.62,0.65
2018-07-24,1619.92,1638.59,1640.78,1613.32,1.15,18.68,8322867,9711758848.0,1.7,0.77
2018-07-25,1640.76,1638.88,1654.71,1632.17,0.02,0.29,7542340,9001975808.0,1.38,0.7
2018-07-26,1636.04,1633.85,1640.41,1627.0,-0.31,-5.03,8073765,8647494400.0,0.82,0.75
2018-07-27,1631.59,1624.03,1635.31,1620.28,-0.6,-9.82,6656546,6694481152.0,0.92,0.62
2018-07-30,1621.68,1588.66,1625.09,1579.98,-2.18,-35.37,7149623,7268639744.0,2.78,0.66
2018-07-31,1583.91,1583.59,1590.42,1574.12,-0.32,-5.07,5616874,6057176320.0,1.03,0.52
2018-08-01,1586.45,1558.41,1596.52,1558.09,-1.59,-25.18,6711813,7726245632.0,2.43,0.62
2018-08-02,1553.49,1513.0,1553.49,1478.27,-2.91,-45.41,7188562,7935671296.0,4.83,0.66
2018-08-03,1507.98,1484.96,1514.23,1484.96,-1.85,-28.04,5692608,6333113088.0,1.93,0.53
2018-08-06,1481.27,1455.4,1489.92,1443.44,-1.99,-29.56,5274510,5626629632.0,3.13,0.49
2018-08-07,1458.57,1493.37,1493.72,1442.75,2.61,37.97,5547276,5640871680.0,3.5,0.51
2018-08-08,1490.71,1460.03,1494.27,1459.53,-2.23,-33.34,5159573,5150424320.0,2.33,0.48
2018-08-09,1456.52,1504.41,1512.33,1454.06,3.04,44.38,7326233,7424695552.0,3.99,0.68
2018-08-10,1502.32,1518.02,1519.84,1500.09,0.9,13.61,5596984,6040558848.0,1.31,0.52
2018-08-13,1500.27,1528.62,1529.27,1490.63,0.7,10.6,5857975,6383407616.0,2.55,0.54
2018-08-14,1524.72,1518.43,1527.32,1512.23,-0.67,-10.19,4617625,4934054912.0,0.99,0.43
2018-08-15,1517.51,1484.18,1519.05,1483.2,-2.26,-34.25,5119645,5338063616.0,2.36,0.47
2018-08-16,1466.04,1471.26,1491.19,1452.22,-0.87,-12.92,4680217,4940170752.0,2.63,0.43
2018-08-17,1483.4,1443.58,1492.3,1440.75,-1.88,-27.68,4750279,4698661632.0,3.5,0.44
2018-08-20,1442.2,1458.41,1458.41,1425.15,1.03,14.83,4252058,4521246208.0,2.3,0.39
2018-08-21,1456.76,1470.76,1475.21,1449.59,0.85,12.35,5485916,6417070336.0,1.76,0.51
2018-08-22,1468.46,1452.25,1468.46,1450.96,-1.26,-18.51,4366533,4758738176.0,1.19,0.4
2018-08-23,1449.26,1464.74,1471.14,1449.26,0.86,12.49,4903190,5375639296.0,1.51,0.45
2018-08-24,1461.55,1464.44,1472.74,1457.28,-0.02,-0.3,4366725,4418429696.0,1.06,0.4
2018-08-27,1462.58,1501.18,1501.18,1462.58,2.51,36.74,6553810,6840459776.0,2.64,0.61
2018-08-28,1502.51,1501.85,1508.85,1495.57,0.04,0.67,6259717,6042659584.0,0.88,0.58
2018-08-29,1499.91,1488.4,1500.28,1484.1,-0.9,-13.45,4349084,4189436384.0,1.08,0.4
2018-08-30,1489.11,1467.34,1495.81,1466.71,-1.41,-21.06,5217503,5511472896.0,1.96,0.48
2018-08-31,1462.94,1443.31,1462.94,1441.53,-1.64,-24.03,4866099,4866139648.0,1.46,0.45
2018-09-03,1442.02,1443.85,1444.42,1418.16,0.04,0.54,5479577,5148163328.0,1.82,0.51
2018-09-04,1442.91,1463.08,1465.74,1439.6,1.33,19.23,6266447,5752913920.0,1.81,0.58
2018-09-05,1459.13,1440.05,1466.69,1440.05,-1.57,-23.03,6152924,5808209920.0,1.82,0.57
2018-09-06,1431.65,1434.66,1453.44,1426.65,-0.37,-5.39,5131986,4686769920.0,1.86,0.47
2018-09-07,1437.04,1437.21,1458.52,1425.05,0.18,2.55,5771042,5732311296.0,2.33,0.53
2018-09-10,1433.97,1403.19,1433.97,1400.91,-2.37,-34.02,6617168,6202130176.0,2.3,0.61
2018-09-11,1398.92,1405.23,1413.39,1390.55,0.15,2.04,5315373,4791882240.0,1.63,0.49
2018-09-12,1403.77,1408.49,1416.58,1398.68,0.23,3.26,4607218,4195992176.0,1.27,0.43
2018-09-13,1418.82,1419.3,1426.69,1401.53,0.77,10.81,5556423,5473039872.0,1.79,0.51
2018-09-14,1419.87,1402.19,1424.22,1400.95,-1.21,-17.11,5297487,4870951424.0,1.64,0.49
2018-09-17,1394.34,1371.29,1394.34,1367.09,-2.2,-30.9,4357317,3848415776.0,1.94,0.4
2018-09-18,1363.6,1386.8,1387.27,1357.53,1.13,15.51,4777880,4539079424.0,2.17,0.44
2018-09-19,1381.52,1402.89,1413.02,1378.94,1.16,16.09,6229740,6236104960.0,2.46,0.58
2018-09-20,1399.89,1399.95,1408.54,1395.77,-0.21,-2.94,5077139,4710905600.0,0.91,0.47
2018-09-21,1402.93,1417.1,1417.1,1392.19,1.23,17.15,5687559,5455382784.0,1.78,0.53
2018-09-25,1409.12,1408.63,1415.92,1402.23,-0.6,-8.47,3917623,3674015680.0,0.97,0.36
2018-09-26,1409.92,1414.17,1421.74,1404.95,0.39,5.54,5748396,5778240000.0,1.19,0.53
2018-09-27,1411.75,1380.15,1411.75,1379.53,-2.41,-34.02,5620790,5157380864.0,2.28,0.52
2018-09-28,1379.36,1388.18,1388.18,1375.71,0.58,8.03,4913947,4799019264.0,0.9,0.45
2018-10-08,1364.8,1333.63,1364.8,1332.02,-3.93,-54.55,4988830,5005797120.0,2.36,0.46
2018-10-09,1337.88,1334.66,1350.52,1326.85,0.08,1.03,3656852,3988015472.0,1.77,0.34
2018-10-10,1336.7,1339.44,1345.88,1325.26,0.36,4.78,3951925,3923200448.0,1.54,0.37
2018-10-11,1296.12,1234.26,1297.57,1225.74,-7.85,-105.18,7857821,6826992896.0,5.36,0.73
2018-10-12,1216.31,1224.14,1233.6,1172.54,-0.82,-10.12,6838888,5572222208.0,4.95,0.63
2018-10-15,1234.17,1213.15,1248.16,1212.03,-0.9,-10.99,5518889,4822464512.0,2.95,0.51
2018-10-16,1209.44,1178.17,1218.01,1171.43,-2.88,-34.98,5605282,4599469568.0,3.84,0.52
2018-10-17,1194.07,1200.03,1204.51,1165.38,1.86,21.86,6440658,5587911680.0,3.32,0.6
2018-10-18,1195.27,1169.93,1195.27,1166.7,-2.51,-30.1,5573306,4628031232.0,2.38,0.52
2018-10-19,1147.42,1196.41,1196.68,1142.76,2.26,26.48,6501119,5883033856.0,4.61,0.6
2018-10-22,1212.28,1254.04,1267.81,1211.92,4.82,57.63,8966199,9101548288.0,4.67,0.83
2018-10-23,1252.87,1235.44,1259.91,1227.02,-1.48,-18.6,7084863,6881248512.0,2.62,0.65
2018-10-24,1236.0,1237.4,1251.7,1228.71,0.16,1.96,5540572,5063998720.0,1.86,0.51
2018-10-25,1199.0,1227.9,1231.49,1189.17,-0.77,-9.5,6069766,5095711744.0,3.42,0.56
2018-10-26,1239.74,1230.54,1249.33,1226.41,0.22,2.64,5581364,4658587648.0,1.87,0.52
2018-10-29,1228.51,1216.44,1233.17,1209.8,-1.15,-14.1,6132313,4909400320.0,1.9,0.57
2018-10-30,1209.69,1225.53,1233.33,1192.0,0.75,9.09,7143473,5583135232.0,3.4,0.66
2018-10-31,1226.26,1245.76,1253.53,1224.69,1.65,20.23,7137528,5631291392.0,2.35,0.66
2018-11-01,1250.13,1252.81,1273.89,1250.13,0.57,7.05,7818932,6526606592.0,1.91,0.72
2018-11-02,1273.2,1299.37,1299.46,1273.2,3.72,46.56,9814376,9370535936.0,2.1,0.91
2018-11-05,1303.94,1314.06,1322.86,1293.7,1.13,14.69,10246995,9092562176.0,2.24,0.95
2018-11-06,1310.28,1310.67,1311.84,1289.99,-0.26,-3.39,7027898,5804685568.0,1.66,0.65
2018-11-07,1309.19,1305.86,1323.76,1304.36,-0.37,-4.81,7382442,6418139648.0,1.48,0.68
2018-11-08,1316.07,1305.0,1319.26,1302.97,-0.07,-0.86,6791446,5540425216.0,1.25,0.63
2018-11-09,1298.02,1302.42,1310.71,1294.03,-0.2,-2.58,5520643,4452347648.0,1.28,0.51
2018-11-12,1300.34,1345.06,1345.12,1299.94,3.27,42.64,8345120,6478425344.0,3.47,0.77
2018-11-13,1331.08,1373.75,1380.82,1327.94,2.13,28.69,11005187,8454703616.0,3.93,1.02
2018-11-14,1374.1,1380.08,1395.21,1370.73,0.46,6.33,10066132,7761921280.0,1.78,0.93
2018-11-15,1379.78,1401.96,1401.96,1377.62,1.59,21.88,8701604,7309634304.0,1.76,0.8
2018-11-16,1401.87,1424.27,1432.03,1398.35,1.59,22.31,11258591,10341692928.0,2.4,1.04
2018-11-19,1417.85,1420.4,1420.68,1400.54,-0.27,-3.87,8614401,7437941760.0,1.41,0.8
2018-11-20,1408.48,1378.18,1415.96,1376.01,-2.97,-42.22,8084817,7243374080.0,2.81,0.75
2018-11-21,1361.35,1392.11,1392.11,1358.03,1.01,13.93,6910534,5740855808.0,2.47,0.64
2018-11-22,1397.79,1394.07,1402.38,1388.58,0.14,1.96,6557541,5140656896.0,0.99,0.61
2018-11-23,1395.74,1329.83,1396.6,1328.7,-4.61,-64.24,8151682,6471106816.0,4.87,0.75
2018-11-26,1327.63,1328.57,1342.43,1321.92,-0.09,-1.26,6415460,5816482560.0,1.54,0.59
2018-11-27,1336.35,1338.45,1346.93,1328.04,0.74,9.88,5741796,5186889728.0,1.42,0.53
2018-11-28,1339.02,1357.07,1357.11,1319.22,1.39,18.62,7071990,6162714880.0,2.83,0.65
2018-11-29,1363.3,1314.21,1366.61,1313.99,-3.16,-42.86,6740586,5641097728.0,3.88,0.62
2018-11-30,1308.15,1324.86,1326.26,1290.76,0.81,10.65,5634269,4654364672.0,2.7,0.52
2018-12-03,1361.97,1377.52,1383.22,1357.21,3.97,52.66,9171615,8124929536.0,1.96,0.85
2018-12-04,1376.13,1386.61,1386.96,1372.55,0.66,9.09,7212619,6062821376.0,1.05,0.67
2018-12-05,1356.13,1372.21,1380.94,1352.31,-1.04,-14.4,6228329,5276182528.0,2.06,0.58
2018-12-06,1365.3,1344.42,1365.77,1343.35,-2.03,-27.79,6381093,5628579328.0,1.63,0.59
2018-12-07,1348.84,1347.79,1355.9,1342.09,0.25,3.37,4675694,4136764880.0,1.03,0.43
2018-12-10,1338.42,1332.4,1345.1,1327.34,-1.14,-15.39,4399558,3876428448.0,1.32,0.41
2018-12-11,1335.64,1352.98,1353.0,1335.64,1.54,20.58,5064825,4649391360.0,1.3,0.47
2018-12-12,1361.84,1354.42,1365.72,1350.78,0.11,1.44,5426379,4378718208.0,1.1,0.5
2018-12-13,1357.66,1367.3,1374.19,1346.87,0.95,12.88,6985064,5716513024.0,2.02,0.65
2018-12-14,1363.04,1321.58,1363.04,1319.22,-3.34,-45.72,7100752,5712201472.0,3.2,0.66
2018-12-17,1315.79,1321.11,1322.03,1303.17,-0.04,-0.47,4918228,4010902352.0,1.43,0.45
2018-12-18,1314.33,1312.49,1324.42,1297.99,-0.65,-8.62,4877124,4076944512.0,2.0,0.45
2018-12-19,1313.19,1293.77,1315.42,1289.8,-1.43,-18.72,4077713,3317039024.0,1.95,0.38
2018-12-20,1289.49,1301.33,1305.34,1288.43,0.58,7.56,4390909,3712375760.0,1.31,0.41
2018-12-21,1299.19,1291.56,1301.5,1283.0,-0.75,-9.77,4310112,3663468768.0,1.42,0.4
2018-12-24,1290.01,1308.56,1308.95,1286.27,1.32,17.0,4271961,3727435760.0,1.76,0.39
2018-12-25,1294.23,1296.52,1297.59,1258.44,-0.92,-12.04,6309287,5216717312.0,2.99,0.58
2018-12-26,1293.89,1284.64,1298.84,1283.28,-0.92,-11.88,4735860,4020134000.0,1.2,0.44
2018-12-27,1301.04,1256.76,1303.78,1256.76,-2.17,-27.88,5402754,4900700160.0,3.66,0.5
2018-12-28,1256.78,1253.55,1264.51,1246.31,-0.26,-3.21,5168762,4591070464.0,1.45,0.48
2019-01-02,1258.24,1250.95,1259.32,1246.35,-0.21,-2.6,4225657,3937089280.0,1.03,0.39
2019-01-03,1250.96,1236.26,1258.79,1235.86,-1.17,-14.69,4555056,4215426336.0,1.83,0.42
2019-01-04,1222.56,1268.22,1268.47,1216.82,2.59,31.96,6006497,5011196416.0,4.18,0.56
2019-01-07,1276.9,1298.4,1301.87,1273.89,2.38,30.18,6766368,5688476928.0,2.21,0.63
2019-01-08,1296.3,1295.18,1302.23,1290.11,-0.25,-3.22,5720947,4516028672.0,0.93,0.53
2019-01-09,1295.42,1304.15,1322.36,1295.42,0.69,8.97,7865133,6385043712.0,2.08,0.73
2019-01-10,1303.78,1306.63,1316.38,1302.11,0.19,2.48,6662416,5211155712.0,1.09,0.62
2019-01-11,1308.71,1318.9,1318.9,1305.1,0.94,12.27,6078273,4723789312.0,1.06,0.56
2019-01-14,1317.13,1305.06,1318.14,1300.56,-1.05,-13.84,5249929,4305898240.0,1.33,0.49
2019-01-15,1303.0,1328.23,1328.23,1301.83,1.78,23.17,6300392,5374775296.0,2.02,0.58
2019-01-16,1329.92,1321.43,1334.19,1319.28,-0.51,-6.8,6948766,6117867776.0,1.12,0.64
2019-01-17,1319.5,1300.25,1319.82,1298.89,-1.6,-21.18,7253554,5945898496.0,1.58,0.67
2019-01-18,1303.47,1309.86,1310.55,1292.06,0.74,9.61,7957426,6699451648.0,1.42,0.74
2019-01-21,1314.51,1325.68,1330.73,1312.8,1.21,15.82,9419469,7822500608.0,1.37,0.87
2019-01-22,1325.71,1311.27,1325.79,1305.34,-1.09,-14.41,8371974,7009071872.0,1.54,0.77
2019-01-23,1305.47,1313.68,1313.79,1301.97,0.18,2.41,6995607,5537364736.0,0.9,0.65
2019-01-24,1313.24,1330.62,1339.85,1309.88,1.29,16.94,9085152,7476121088.0,2.28,0.84
2019-01-25,1327.27,1318.99,1334.77,1318.14,-0.87,-11.63,10286360,8722300928.0,1.25,0.95
2019-01-28,1327.22,1307.18,1330.87,1305.68,-0.9,-11.81,8833019,7522846976.0,1.91,0.82
2019-01-29,1301.56,1278.78,1302.96,1258.29,-2.17,-28.4,8295501,6794254592.0,3.42,0.77
2019-01-30,1265.48,1255.21,1278.34,1254.99,-1.84,-23.57,7363748,6406423808.0,1.83,0.68
2019-01-31,1234.3,1216.24,1245.26,1210.49,-3.1,-38.97,8182349,6643101440.0,2.77,0.76
2019-02-01,1211.8,1252.27,1252.71,1211.8,2.96,36.03,9342733,7818191872.0,3.36,0.86
2019-02-11,1255.8,1295.89,1296.08,1255.8,3.48,43.62,10121055,8809055232.0,3.22,0.94
2019-02-12,1296.47,1326.93,1329.07,1294.04,2.4,31.04,11064886,9817757952.0,2.7,1.02
2019-02-13,1333.0,1374.29,1376.87,1331.13,3.57,47.36,15954376,14269220352.0,3.45,1.47
2019-02-14,1378.12,1382.52,1391.85,1370.67,0.6,8.23,13043686,11603720704.0,1.54,1.21
2019-02-15,1380.02,1381.48,1392.69,1376.76,-0.08,-1.04,12629964,10935997952.0,1.15,1.17
2019-02-18,1391.48,1445.93,1445.93,1391.48,4.67,64.45,16739090,14266909952.0,3.94,1.55
2019-02-19,1458.37,1455.61,1470.92,1433.52,0.67,9.68,18826954,16454104064.0,2.59,1.74
2019-02-20,1450.87,1448.28,1451.77,1426.18,-0.5,-7.33,14494780,11119902464.0,1.76,1.34
2019-02-21,1444.69,1441.58,1481.33,1436.24,-0.46,-6.7,17410872,14731325184.0,3.11,1.61
2019-02-22,1441.34,1487.41,1487.41,1441.34,3.18,45.83,17418224,14699141888.0,3.2,1.61
2019-02-25,1503.98,1563.39,1566.18,1500.85,5.11,75.98,25488487,22939634176.0,4.39,2.36
2019-02-26,1562.62,1540.28,1577.8,1528.24,-1.48,-23.11,23697610,20694703360.0,3.17,2.19
2019-02-27,1529.91,1525.4,1553.53,1507.16,-0.97,-14.88,16789448,15368496384.0,3.01,1.55
2019-02-28,1524.61,1534.19,1544.49,1522.06,0.58,8.79,12081543,11350161152.0,1.47,1.12
2019-03-01,1538.87,1539.23,1543.72,1517.7,0.33,5.04,13228755,12156823808.0,1.7,1.22
2019-03-04,1558.62,1572.75,1597.5,1556.44,2.18,33.52,20213926,19339246848.0,2.67,1.87
2019-03-05,1571.83,1650.15,1650.15,1568.11,4.92,77.4,23283318,21265491712.0,5.22,2.15
2019-03-06,1673.9,1682.68,1683.12,1640.18,1.97,32.53,26551180,25713053952.0,2.6,2.45
2019-03-07,1678.68,1704.67,1722.53,1666.38,1.31,21.99,24528128,23459240704.0,3.34,2.27
2019-03-08,1668.89,1665.4,1750.27,1643.0,-2.3,-39.27,32577120,32471224064.0,6.29,3.01
2019-03-11,1685.9,1741.56,1741.56,1673.39,4.57,76.16,25813837,26620556544.0,4.09,2.39
2019-03-12,1753.29,1765.38,1780.18,1734.12,1.37,23.82,27951592,28756927744.0,2.64,2.58
2019-03-13,1764.68,1717.78,1772.93,1702.57,-2.7,-47.6,24011949,25582942720.0,3.99,2.22
2019-03-14,1700.03,1657.75,1712.12,1633.89,-3.49,-60.03,17535935,16351416576.0,4.55,1.62
2019-03-15,1673.47,1686.99,1703.71,1666.73,1.76,29.24,13902576,14605294336.0,2.23,1.28
2019-03-18,1694.81,1717.9,1717.9,1674.86,1.83,30.91,16807779,16619939840.0,2.55,1.55
2019-03-19,1717.65,1727.34,1736.56,1709.41,0.55,9.44,15612715,15928781824.0,1.58,1.44
2019-03-20,1726.95,1718.24,1727.94,1683.75,-0.53,-9.1,14611887,14177082880.0,2.56,1.35
2019-03-21,1723.87,1749.24,1758.9,1719.88,1.8,31.0,19292141,19610197504.0,2.27,1.78
2019-03-22,1753.55,1764.51,1768.53,1728.69,0.87,15.27,17560997,17272217344.0,2.28,1.62
2019-03-25,1745.6,1766.3,1788.86,1738.06,0.1,1.79,18730123,18979776768.0,2.88,1.73
2019-03-26,1773.2,1715.64,1778.68,1710.03,-2.87,-50.66,19833856,20701856000.0,3.89,1.83
2019-03-27,1730.68,1726.08,1735.58,1683.35,0.61,10.44,16192944,17126322688.0,3.04,1.5
2019-03-28,1719.09,1700.66,1756.02,1700.66,-1.47,-25.42,18107566,21756459008.0,3.21,1.67
2019-03-29,1695.66,1738.93,1738.93,1670.25,2.25,38.27,17113387,19090685440.0,4.04,1.58
2019-04-01,1748.63,1798.94,1801.05,1748.55,3.45,60.01,19674757,22771275520.0,3.02,1.82
2019-04-02,1809.17,1811.94,1829.61,1798.05,0.72,13.0,19422036,23307507712.0,1.75,1.79
2019-04-03,1800.62,1826.89,1826.89,1791.17,0.83,14.95,15604711,17143882496.0,1.97,1.44
2019-04-04,1834.02,1823.46,1839.13,1807.7,-0.19,-3.43,14958429,16422206464.0,1.72,1.38
2019-04-08,1827.16,1793.27,1831.79,1767.35,-1.66,-30.19,16396666,17557901312.0,3.53,1.52
2019-04-09,1788.85,1804.91,1807.85,1778.68,0.65,11.64,11463557,12350115328.0,1.63,1.06
2019-04-10,1791.5,1794.12,1807.0,1773.45,-0.6,-10.79,13064516,13839309824.0,1.86,1.21
2019-04-11,1795.78,1764.04,1799.7,1764.04,-1.68,-30.08,13025080,12725896448.0,1.99,1.2
2019-04-12,1761.86,1770.41,1777.05,1752.17,0.36,6.37,9448383,9421475584.0,1.41,0.87
2019-04-15,1791.28,1753.09,1802.49,1753.09,-0.98,-17.32,12242825,13482629632.0,2.79,1.13
2019-04-16,1739.61,1798.5,1798.5,1727.95,2.59,45.41,13083120,14197790208.0,4.02,1.21
2019-04-17,1797.53,1818.88,1830.97,1797.36,1.13,20.38,15139653,15910312704.0,1.87,1.4
2019-04-18,1817.17,1800.13,1823.85,1797.13,-1.03,-18.75,14238308,12761818112.0,1.47,1.32
2019-04-19,1796.07,1817.75,1817.75,1782.23,0.98,17.62,12340011,11131046400.0,1.97,1.14
2019-04-22,1819.8,1794.52,1822.69,1788.57,-1.28,-23.23,13023966,13650317312.0,1.88,1.2
2019-04-23,1789.04,1753.36,1789.16,1749.84,-2.29,-41.16,12869568,13645900288.0,2.19,1.19
2019-04-24,1749.78,1779.34,1779.34,1731.45,1.48,25.98,14527697,14986217472.0,2.73,1.34
2019-04-25,1772.93,1698.67,1774.03,1698.67,-4.53,-80.67,14333498,14385576960.0,4.24,1.32
2019-04-26,1690.54,1683.88,1713.58,1683.6,-0.87,-14.79,11018615,11325832960.0,1.76,1.02
2019-04-29,1684.91,1615.41,1690.73,1605.54,-4.07,-68.47,12574333,11993776384.0,5.06,1.16
2019-04-30,1608.59,1642.85,1647.01,1608.48,1.7,27.44,9227268,8964378368.0,2.39,0.85
2019-05-06,1587.66,1508.54,1587.66,1497.72,-8.18,-134.31,12136860,10968847104.0,5.47,1.12
2019-05-07,1512.28,1524.42,1536.48,1492.92,1.05,15.88,10490859,9891713536.0,2.89,0.97
2019-05-08,1489.53,1527.18,1551.52,1477.87,0.18,2.76,9906964,8828286208.0,4.83,0.92
2019-05-09,1519.2,1525.65,1549.4,1517.6,-0.1,-1.53,8466864,7701316096.0,2.08,0.78
2019-05-10,1538.11,1587.84,1588.01,1505.74,4.08,62.19,12081655,11385657600.0,5.39,1.12
2019-05-13,1570.12,1572.81,1586.11,1561.66,-0.95,-15.03,10092211,10441729280.0,1.54,0.93
2019-05-14,1550.58,1558.14,1575.77,1547.46,-0.93,-14.67,8792676,9016625920.0,1.8,0.81
2019-05-15,1569.48,1590.03,1591.83,1565.24,2.05,31.89,10726139,10726650112.0,1.71,0.99
2019-05-16,1585.01,1588.71,1592.47,1575.8,-0.08,-1.32,9356515,9018779136.0,1.05,0.86
2019-05-17,1591.07,1534.18,1600.55,1526.64,-3.43,-54.53,12130969,12262526976.0,4.65,1.12
2019-05-20,1543.13,1547.07,1548.54,1521.07,0.84,12.89,12965933,13094075648.0,1.79,1.2
2019-05-21,1539.3,1568.46,1570.98,1529.62,1.38,21.39,11814984,11852519168.0,2.67,1.09
2019-05-22,1564.94,1563.95,1580.29,1547.99,-0.29,-4.51,11182892,11657886976.0,2.06,1.03
2019-05-23,1562.02,1529.98,1563.98,1525.91,-2.17,-33.97,11258949,11486101248.0,2.43,1.04
2019-05-24,1519.86,1506.64,1531.85,1503.02,-1.53,-23.34,8804289,8704213760.0,1.88,0.81
2019-05-27,1508.84,1571.9,1573.39,1507.49,4.33,65.26,11568032,11919156224.0,4.37,1.07
2019-05-28,1580.43,1576.33,1592.64,1569.1,0.28,4.43,12228528,13056637440.0,1.5,1.13
2019-05-29,1576.06,1591.62,1604.64,1573.95,0.97,15.29,11286237,12172023552.0,1.95,1.04
2019-05-30,1590.78,1576.07,1590.78,1551.98,-0.98,-15.55,10201667,10852535552.0,2.44,0.94
2019-05-31,1578.91,1575.91,1599.26,1572.21,-0.01,-0.16,9692583,11217712640.0,1.72,0.9
2019-06-03,1575.72,1553.78,1583.12,1542.13,-1.4,-22.13,9253770,9812262912.0,2.6,0.86
2019-06-04,1549.59,1525.6,1552.54,1516.1,-1.81,-28.18,8132309,8667429376.0,2.35,0.75
2019-06-05,1539.27,1524.01,1542.5,1520.24,-0.1,-1.59,7213246,8014383616.0,1.46,0.67
2019-06-06,1520.5,1476.98,1520.53,1472.27,-3.09,-47.03,7300844,7284297728.0,3.17,0.67
2019-06-10,1480.76,1499.4,1506.76,1479.5,1.52,22.42,6744230,6923982080.0,1.85,0.62
2019-06-11,1502.16,1554.95,1555.33,1494.62,3.7,55.55,11164128,11381646336.0,4.05,1.03
2019-06-12,1550.19,1550.31,1564.64,1543.49,-0.3,-4.64,11262747,11786116608.0,1.36,1.04
2019-06-13,1548.11,1561.98,1565.39,1544.5,0.75,11.67,9393730,9087304448.0,1.35,0.87
2019-06-14,1563.2,1522.31,1565.06,1518.23,-2.54,-39.67,8575986,8538367488.0,3.0,0.79
2019-06-17,1522.13,1522.76,1529.85,1514.28,0.03,0.45,6216841,5962591488.0,1.02,0.57
2019-06-18,1523.28,1518.46,1527.24,1511.09,-0.28,-4.3,5804704,5514697472.0,1.06,0.54
2019-06-19,1555.19,1552.48,1568.01,1552.02,2.24,34.02,11525303,12254952704.0,1.05,1.07
2019-06-20,1552.89,1577.6,1582.98,1544.9,1.62,25.12,10443536,11005577728.0,2.45,0.97
2019-06-21,1600.02,1616.03,1626.31,1599.9,2.44,38.43,11826656,12341259264.0,1.67,1.09
2019-06-24,1617.5,1606.94,1617.78,1596.5,-0.56,-9.09,9700500,9705400576.0,1.32,0.9
2019-06-25,1604.96,1586.06,1604.96,1565.38,-1.3,-20.88,8410116,8791778304.0,2.46,0.78
2019-06-26,1577.36,1583.33,1594.82,1569.66,-0.17,-2.73,8100828,8140525824.0,1.59,0.75
2019-06-27,1585.27,1601.82,1608.64,1585.27,1.17,18.49,10134465,11269325568.0,1.48,0.94
2019-06-28,1603.24,1580.36,1603.24,1566.24,-1.34,-21.46,9089742,9831358464.0,2.31,0.84
2019-07-01,1614.85,1642.09,1642.09,1608.52,3.91,61.73,15004745,16720845312.0,2.12,1.39
2019-07-02,1641.1,1630.41,1641.59,1623.53,-0.71,-11.68,11825559,12645676800.0,1.1,1.09
2019-07-03,1623.45,1602.49,1623.45,1594.06,-1.71,-27.92,8555449,9170979584.0,1.8,0.79
2019-07-04,1604.04,1590.71,1607.67,1581.49,-0.74,-11.78,7942512,8236874752.0,1.63,0.73
2019-07-05,1588.46,1597.6,1600.29,1586.78,0.43,6.89,6446995,6703659008.0,0.85,0.6
2019-07-08,1592.07,1538.66,1592.07,1531.04,-3.69,-58.94,9237405,9120343296.0,3.82,0.85
2019-07-09,1539.83,1545.05,1547.13,1527.78,0.42,6.39,5741816,5607429120.0,1.26,0.53
2019-07-10,1549.06,1541.2,1553.17,1534.35,-0.25,-3.85,6238507,6144229120.0,1.22,0.58
2019-07-11,1548.94,1540.28,1562.62,1531.48,-0.06,-0.92,6828901,6840080128.0,2.02,0.63
2019-07-12,1544.57,1548.87,1553.32,1531.64,0.56,8.59,6774379,6174233856.0,1.41,0.63
2019-07-15,1539.71,1561.24,1566.13,1519.5,0.8,12.37,9551867,9564879360.0,3.01,0.88
2019-07-16,1555.93,1562.99,1563.04,1551.91,0.11,1.75,8258801,8501655552.0,0.71,0.76
2019-07-17,1560.29,1570.42,1578.98,1556.11,0.48,7.43,9539422,9624824832.0,1.46,0.88
2019-07-18,1562.16,1531.04,1562.31,1531.04,-2.51,-39.38,8458939,9425243392.0,1.99,0.78
2019-07-19,1535.53,1539.09,1554.67,1535.47,0.53,8.05,7457377,8640997120.0,1.25,0.69
2019-07-22,1542.38,1503.87,1543.7,1499.59,-2.29,-35.22,8415479,8643611904.0,2.87,0.78
2019-07-23,1504.38,1537.73,1537.73,1503.88,2.25,33.86,9001149,9627271168.0,2.25,0.83
2019-07-24,1539.71,1563.57,1568.5,1539.71,1.68,25.84,11586800,13207922688.0,1.87,1.07
2019-07-25,1559.91,1572.84,1579.32,1558.99,0.59,9.27,11856074,13440792576.0,1.3,1.1
2019-07-26,1565.58,1569.98,1573.41,1559.1,-0.18,-2.86,9487151,10917339392.0,0.91,0.88
2019-07-29,1569.32,1586.33,1589.7,1568.84,1.04,16.35,10425371,13009178624.0,1.33,0.96
2019-07-30,1582.12,1587.2,1599.54,1582.12,0.05,0.87,9653231,11814355712.0,1.1,0.89
2019-07-31,1585.3,1582.07,1587.88,1580.18,-0.32,-5.13,8495200,11226416384.0,0.49,0.79
2019-08-01,1571.65,1573.74,1577.59,1563.48,-0.53,-8.33,9698174,13086619136.0,0.89,0.9
2019-08-02,1535.42,1541.2,1545.46,1527.11,-2.07,-32.54,11072825,15056945152.0,1.17,1.02
2019-08-05,1535.48,1526.72,1556.97,1525.94,-0.94,-14.48,9563986,12369468928.0,2.01,0.88
2019-08-06,1493.86,1476.95,1493.91,1439.26,-3.26,-49.77,12186457,14720180736.0,3.58,1.13
2019-08-07,1486.71,1471.36,1494.56,1471.36,-0.38,-5.59,8404589,10144235264.0,1.57,0.78
2019-08-08,1473.43,1482.08,1487.77,1472.55,0.73,10.72,8332113,9881009664.0,1.03,0.77
2019-08-09,1487.75,1459.01,1494.64,1456.35,-1.56,-23.07,9457268,11351188736.0,2.58,0.87
2019-08-12,1462.31,1500.97,1500.97,1454.96,2.88,41.96,9777567,10915330816.0,3.15,0.9
2019-08-13,1488.68,1495.85,1499.07,1484.71,-0.34,-5.12,9901620,10916272896.0,0.96,0.92
2019-08-14,1521.49,1505.63,1529.94,1502.82,0.65,9.78,12854404,14766008320.0,1.81,1.19
2019-08-15,1464.62,1515.81,1515.81,1458.95,0.68,10.18,11918113,12867299840.0,3.78,1.1
2019-08-16,1513.46,1519.09,1532.03,1511.11,0.22,3.28,12864351,14272857856.0,1.38,1.19
2019-08-19,1541.08,1578.3,1578.3,1537.96,3.9,59.21,16790468,18547143680.0,2.66,1.55
2019-08-20,1581.85,1589.28,1599.47,1579.8,0.7,10.98,13899207,14334764800.0,1.25,1.28
2019-08-21,1587.79,1596.78,1604.42,1582.6,0.47,7.5,14130058,15760565504.0,1.37,1.31
2019-08-22,1600.5,1600.88,1613.93,1588.93,0.26,4.1,15890386,16097681920.0,1.57,1.47
2019-08-23,1598.2,1576.34,1600.68,1568.68,-1.53,-24.54,14680970,15281917440.0,2.0,1.36
2019-08-26,1538.23,1556.26,1558.56,1535.47,-1.27,-20.08,13011438,12667863040.0,1.46,1.2
2019-08-27,1568.09,1597.72,1602.72,1567.86,2.66,41.46,14197450,14214549248.0,2.24,1.31
2019-08-28,1593.66,1583.24,1597.35,1582.85,-0.91,-14.48,12069984,11266447616.0,0.91,1.12
2019-08-29,1583.83,1583.03,1594.72,1579.44,-0.01,-0.21,11736097,11621055488.0,0.97,1.08
2019-08-30,1589.67,1551.6,1595.8,1542.69,-1.99,-31.43,15282741,15912999168.0,3.35,1.41
2019-09-02,1547.97,1595.88,1598.44,1546.74,2.85,44.28,12565148,13511881984.0,3.33,1.16
2019-09-03,1598.5,1625.45,1625.48,1597.26,1.85,29.57,15499586,17986222080.0,1.77,1.43
2019-09-04,1623.72,1638.36,1645.55,1621.85,0.79,12.91,13993419,16469112832.0,1.46,1.29
2019-09-05,1652.45,1660.23,1683.92,1645.77,1.33,21.87,19242375,21923621888.0,2.33,1.78
2019-09-06,1663.11,1657.99,1673.81,1641.63,-0.13,-2.24,14551134,16229758976.0,1.94,1.34
2019-09-09,1672.1,1708.0,1708.0,1664.45,3.02,50.01,17289083,20036453376.0,2.63,1.6
2019-09-10,1709.21,1703.4,1709.4,1688.08,-0.27,-4.6,16783275,19335149312.0,1.25,1.55
2019-09-11,1706.03,1689.02,1711.12,1685.64,-0.84,-14.38,13049425,15025870592.0,1.5,1.21
2019-09-12,1695.55,1708.37,1709.77,1689.91,1.15,19.35,12209844,14624746496.0,1.18,1.13
2019-09-16,1714.57,1730.72,1738.67,1712.78,1.31,22.35,16394526,20920114688.0,1.52,1.52
2019-09-17,1730.26,1681.12,1730.53,1670.35,-2.87,-49.6,14903489,18205729280.0,3.48,1.38
2019-09-18,1684.35,1682.7,1691.85,1669.3,0.09,1.58,12298869,15155966720.0,1.34,1.14
2019-09-19,1685.0,1724.96,1724.96,1684.35,2.51,42.26,14721771,18471610624.0,2.41,1.36
2019-09-20,1728.61,1733.76,1744.02,1725.47,0.51,8.8,15915464,19869206528.0,1.08,1.47
2019-09-23,1728.98,1732.52,1732.56,1708.83,-0.07,-1.24,14479334,18244007424.0,1.37,1.34
2019-09-24,1732.32,1743.83,1756.69,1730.3,0.65,11.31,16489371,21790337024.0,1.52,1.52
2019-09-25,1732.56,1695.23,1732.88,1694.65,-2.79,-48.6,16411991,20916588288.0,2.19,1.52
2019-09-26,1699.1,1625.68,1700.74,1625.68,-4.1,-69.55,15664025,18699690752.0,4.43,1.45
2019-09-27,1626.72,1654.41,1661.97,1626.72,1.77,28.73,12096937,14813958656.0,2.17,1.12
2019-09-30,1653.48,1622.98,1658.64,1622.98,-1.9,-31.43,9707151,12107901952.0,2.16,0.9
2019-10-08,1625.54,1612.18,1639.19,1607.8,-0.67,-10.8,9446578,11870386688.0,1.93,0.87
2019-10-09,1601.88,1632.13,1632.13,1587.61,1.24,19.95,10325584,12120190976.0,2.76,0.95
2019-10-10,1635.88,1660.43,1661.56,1633.85,1.73,28.3,12668355,14152518400.0,1.7,1.17
2019-10-11,1662.16,1646.74,1662.23,1636.47,-0.82,-13.69,11597701,13026421504.0,1.55,1.07
2019-10-14,1659.51,1678.21,1678.35,1658.34,1.91,31.47,12179799,14349402112.0,1.22,1.13
2019-10-15,1671.47,1652.7,1671.85,1645.5,-1.52,-25.51,11509177,12660669952.0,1.57,1.06
2019-10-16,1651.54,1636.15,1658.46,1635.69,-1.0,-16.55,8648764,9652682240.0,1.38,0.8
2019-10-17,1634.57,1633.69,1646.7,1627.23,-0.15,-2.46,7816973,9385187072.0,1.19,0.72
2019-10-18,1633.58,1607.15,1642.03,1601.46,-1.62,-26.54,9517803,10772359168.0,2.48,0.88
2019-10-21,1609.18,1603.42,1609.56,1583.76,-0.23,-3.73,7207922,8250532096.0,1.61,0.67
2019-10-22,1603.08,1620.4,1620.4,1600.27,1.06,16.98,7542266,9366498048.0,1.26,0.7
2019-10-23,1617.74,1611.21,1621.17,1605.8,-0.57,-9.19,7639714,9599339008.0,0.95,0.71
2019-10-24,1606.74,1605.92,1613.36,1594.62,-0.33,-5.29,7468217,9451086848.0,1.16,0.69
2019-10-25,1603.1,1620.02,1622.06,1593.3,0.88,14.1,8664945,10619721984.0,1.79,0.8
2019-10-28,1625.97,1661.73,1661.73,1625.97,2.57,41.71,11793053,14036878336.0,2.21,1.09
2019-10-29,1660.57,1626.5,1660.57,1626.5,-2.12,-35.23,10829032,12828315904.0,2.05,1.0
2019-10-30,1620.89,1609.21,1628.14,1602.18,-1.06,-17.29,9291946,11225916416.0,1.6,0.86
2019-10-31,1611.08,1593.92,1619.36,1592.97,-0.95,-15.29,9133613,11458271232.0,1.64,0.84
2019-11-01,1590.88,1608.79,1611.08,1585.38,0.93,14.87,7746320,9502617344.0,1.61,0.72
2019-11-04,1614.42,1616.63,1629.1,1612.12,0.49,7.84,9335776,11927409664.0,1.06,0.86
2019-11-05,1620.57,1627.22,1629.47,1607.18,0.66,10.59,8959963,11051885824.0,1.38,0.83
2019-11-06,1627.18,1612.12,1631.16,1604.62,-0.93,-15.1,9034458,11287958784.0,1.63,0.83
2019-11-07,1608.36,1621.37,1623.04,1602.27,0.57,9.25,8852457,10323506688.0,1.29,0.82
2019-11-08,1628.23,1625.78,1644.93,1623.66,0.27,4.41,11293592,13654438656.0,1.31,1.04
2019-11-11,1613.82,1583.28,1613.82,1575.79,-2.61,-42.5,10471265,12010931968.0,2.34,0.97
2019-11-12,1581.39,1582.98,1584.67,1558.93,-0.02,-0.3,9382523,10761509376.0,1.63,0.87
2019-11-13,1579.06,1584.73,1590.95,1571.21,0.11,1.75,9670604,13168690688.0,1.25,0.89
2019-11-14,1584.0,1611.49,1618.54,1580.98,1.69,26.76,12142385,16364006656.0,2.37,1.12
2019-11-15,1609.57,1592.66,1617.4,1592.55,-1.17,-18.83,10651934,13624478720.0,1.54,0.98
2019-11-18,1591.84,1594.9,1599.94,1580.98,0.14,2.24,8676897,10747882240.0,1.19,0.8
2019-11-19,1597.37,1622.75,1622.91,1590.05,1.75,27.85,9938387,12621754880.0,2.06,0.92
2019-11-20,1621.97,1605.29,1626.65,1602.8,-1.08,-17.46,10417951,12744199424.0,1.47,0.96
2019-11-21,1600.15,1602.25,1610.9,1594.58,-0.19,-3.04,8484220,10546168576.0,1.02,0.78
2019-11-22,1608.08,1591.55,1625.92,1582.91,-0.67,-10.7,12421587,15374728448.0,2.68,1.15
2019-11-25,1589.53,1573.57,1591.94,1562.57,-1.13,-17.98,9800563,11538636032.0,1.85,0.91
2019-11-26,1573.86,1571.12,1584.18,1569.01,-0.16,-2.45,9451294,10434543872.0,0.96,0.87
2019-11-27,1567.15,1579.19,1587.72,1560.68,0.51,8.07,10240128,12500078592.0,1.72,0.95
2019-11-28,1576.52,1574.36,1585.08,1569.78,-0.31,-4.83,7703146,9816861184.0,0.97,0.71
2019-11-29,1568.9,1584.95,1584.95,1566.46,0.67,10.59,8453646,9181418752.0,1.17,0.78
2019-12-02,1587.38,1597.46,1605.61,1584.46,0.79,12.51,9969250,11683516928.0,1.33,0.92
2019-12-03,1588.98,1618.59,1618.59,1585.3,1.32,21.13,11153750,12352814592.0,2.08,1.03
2019-12-04,1611.82,1628.52,1636.53,1608.39,0.61,9.93,11078635,12402694400.0,1.74,1.02
2019-12-05,1633.04,1654.88,1658.08,1631.6,1.62,26.36,13659893,16646803200.0,1.63,1.26
2019-12-06,1654.11,1678.65,1678.65,1653.19,1.44,23.77,12565607,15266751488.0,1.54,1.16
2019-12-09,1683.34,1686.68,1692.45,1680.59,0.48,8.03,13722280,15942620160.0,0.71,1.27
2019-12-10,1684.99,1730.58,1731.3,1677.04,2.6,43.9,18813313,21593682432.0,3.22,1.74
2019-12-11,1733.67,1722.45,1750.63,1719.44,-0.47,-8.13,18460268,20482540288.0,1.8,1.71
2019-12-12,1721.87,1734.71,1754.84,1717.12,0.71,12.26,20558479,21906414848.0,2.19,1.9
2019-12-13,1745.7,1743.37,1751.06,1730.66,0.5,8.66,18087480,19171411712.0,1.18,1.67
2019-12-16,1755.57,1808.47,1808.47,1753.57,3.73,65.1,23611109,25170768128.0,3.15,2.18
2019-12-17,1816.93,1846.28,1850.37,1814.87,2.09,37.81,26392855,28154239488.0,1.96,2.44
2019-12-18,1850.21,1863.57,1869.55,1847.71,0.94,17.29,24716442,27436626176.0,1.18,2.28
2019-12-19,1856.72,1854.34,1862.04,1840.77,-0.5,-9.23,23021359,26173305088.0,1.14,2.13
2019-12-20,1853.12,1823.11,1857.67,1823.11,-1.68,-31.23,19349035,20987922688.0,1.86,1.79
2019-12-23,1811.3,1777.07,1815.47,1776.74,-2.53,-46.04,16545349,19740444928.0,2.12,1.53
2019-12-24,1780.39,1812.26,1812.26,1779.07,1.98,35.19,14113842,16916246784.0,1.87,1.3
2019-12-25,1811.22,1845.66,1851.21,1810.05,1.84,33.4,19704523,24050108672.0,2.27,1.82
2019-12-26,1844.88,1866.49,1866.49,1843.88,1.13,20.83,17804186,20579680256.0,1.23,1.65
2019-12-27,1868.1,1830.13,1871.23,1829.76,-1.95,-36.36,21088634,23686660352.0,2.22,1.95
2019-12-30,1812.34,1831.2,1837.18,1785.43,0.06,1.07,16316176,18478140672.0,2.83,1.51
2019-12-31,1833.57,1828.98,1844.4,1820.32,-0.12,-2.22,14012872,16322938624.0,1.31,1.29
2020-01-02,1839.38,1876.73,1876.73,1833.27,2.61,47.75,18789504,22922912256.0,2.38,1.74
2020-01-03,1878.14,1888.98,1894.55,1873.26,0.65,12.25,18140770,21890047232.0,1.13,1.68
2020-01-06,1870.72,1911.62,1922.38,1865.19,1.2,22.64,21625287,25710409984.0,3.03,2.0
2020-01-07,1915.0,1931.84,1931.84,1910.21,1.06,20.22,19340810,23665560064.0,1.13,1.79
2020-01-08,1920.4,1914.03,1944.49,1906.44,-0.92,-17.81,20794787,23589231104.0,1.97,1.92
2020-01-09,1927.83,1945.48,1945.68,1927.83,1.64,31.45,18509458,22906889984.0,0.93,1.71
2020-01-10,1949.42,1929.76,1950.36,1923.09,-0.81,-15.72,17764694,22894801664.0,1.4,1.64
2020-01-13,1926.17,1970.19,1970.19,1917.38,2.1,40.43,17683848,24916245504.0,2.74,1.63
2020-01-14,1970.55,1958.48,1973.12,1956.71,-0.59,-11.71,16427810,23022042880.0,0.83,1.52
2020-01-15,1951.22,1956.87,1959.69,1931.84,-0.08,-1.61,15205635,21022774016.0,1.42,1.41
2020-01-16,1956.09,1968.26,1979.56,1951.7,0.58,11.39,16561800,23241295616.0,1.42,1.53
2020-01-17,1967.53,1966.38,1981.83,1954.6,-0.1,-1.88,15596628,22194026240.0,1.38,1.44
2020-01-20,1963.12,2006.14,2009.1,1950.11,2.02,39.76,18298151,26355851264.0,3.0,1.69
2020-01-21,1992.97,1970.9,1997.33,1970.73,-1.76,-35.24,17151465,24971736832.0,1.33,1.58
2020-01-22,1956.31,2013.02,2019.73,1930.25,2.14,42.12,19795676,29367910656.0,4.54,1.83
2020-01-23,1985.32,1930.58,2013.02,1906.49,-4.1,-82.44,22358805,32317447680.0,5.29,2.07
2020-02-03,1728.76,1728.28,1742.65,1727.87,-10.48,-202.3,5718894,8882433792.0,0.77,0.53
2020-02-04,1612.44,1722.36,1735.25,1612.44,-0.34,-5.92,22622916,28807267840.0,7.11,2.09
2020-02-05,1730.16,1759.39,1803.86,1730.16,2.15,37.03,20252092,27013831680.0,4.28,1.87
2020-02-06,1754.0,1798.77,1806.79,1743.15,2.24,39.38,19320781,25255632128.0,3.62,1.79
2020-02-07,1797.28,1838.48,1840.01,1785.28,2.21,39.71,20735764,28314680320.0,3.04,1.92
2020-02-10,1830.77,1856.33,1860.91,1825.86,0.97,17.85,18325090,25146236928.0,1.91,1.69
2020-02-11,1860.2,1857.13,1874.5,1835.07,0.04,0.8,18585092,25916637184.0,2.12,1.72
2020-02-12,1853.23,1912.06,1913.79,1850.39,2.96,54.93,21459893,29828581888.0,3.41,1.98
2020-02-13,1911.58,1907.13,1942.3,1889.78,-0.26,-4.93,24910970,34523731456.0,2.75,2.3
2020-02-14,1901.64,1924.52,1954.19,1900.79,0.91,17.39,24424527,35213233152.0,2.8,2.26
2020-02-17,1946.92,1999.4,1999.4,1946.92,3.89,74.88,23880014,33345219328.0,2.73,2.21
2020-02-18,2004.73,2069.68,2069.68,2001.24,3.52,70.28,26105634,39536110848.0,3.42,2.41
2020-02-19,2065.3,2049.9,2089.22,2043.63,-0.96,-19.78,27194754,41347511296.0,2.2,2.51
2020-02-20,2053.75,2107.58,2107.66,2027.44,2.81,57.68,28013359,42160116480.0,3.91,2.59
2020-02-21,2107.37,2135.68,2156.72,2104.6,1.33,28.1,30757525,44323931392.0,2.47,2.84
2020-02-24,2123.06,2189.01,2194.11,2110.0,2.5,53.33,32769066,46728526592.0,3.94,3.03
2020-02-25,2125.55,2190.77,2201.93,2067.93,0.08,1.76,38183885,58325209088.0,6.12,3.53
2020-02-26,2151.04,2117.98,2195.56,2107.7,-3.32,-72.79,32524743,47982041856.0,4.01,3.01
2020-02-27,2131.12,2101.46,2142.95,2063.77,-0.78,-16.52,26627296,37661220608.0,3.74,2.46
2020-02-28,2009.1,1947.52,2030.65,1946.14,-7.33,-153.94,28433346,38504200192.0,4.02,2.63
2020-03-02,1971.03,2019.38,2033.7,1958.47,3.69,71.86,22349605,31870865664.0,3.86,2.07
2020-03-03,2053.94,2033.93,2096.3,2012.3,0.72,14.55,23332702,33902331648.0,4.16,2.16
2020-03-04,2015.1,2033.05,2040.42,1986.05,-0.04,-0.88,19582730,27653299456.0,2.67,1.81
2020-03-05,2068.09,2081.77,2081.77,2046.32,2.4,48.72,22072892,29462647296.0,1.74,2.04
2020-03-06,2058.72,2066.44,2086.5,2049.46,-0.74,-15.33,17401641,22126189056.0,1.78,1.61
2020-03-09,2029.36,1964.07,2040.26,1964.07,-4.95,-102.37,22538712,29602061056.0,3.69,2.08
2020-03-10,1938.84,2050.81,2050.81,1938.84,4.42,86.74,22908881,31123986688.0,5.7,2.12
2020-03-11,2065.73,2011.58,2080.22,2011.58,-1.91,-39.23,20559769,27329277696.0,3.35,1.9
2020-03-12,1977.31,1985.4,2010.31,1962.87,-1.3,-26.18,21132889,26266990848.0,2.36,1.95
2020-03-13,1878.04,1969.29,1994.74,1876.6,-0.81,-16.11,25282850,33329497344.0,5.95,2.34
2020-03-16,1983.2,1861.3,1983.2,1856.15,-5.48,-107.99,23270105,32080408320.0,6.45,2.15
2020-03-17,1880.39,1864.73,1894.44,1791.73,0.18,3.43,20222844,26568531200.0,5.52,1.87
2020-03-18,1886.34,1830.3,1920.48,1830.3,-1.85,-34.43,20314855,27719659264.0,4.84,1.88
2020-03-19,1832.15,1876.38,1881.35,1809.33,2.52,46.08,18419651,25199432960.0,3.93,1.7
2020-03-20,1894.57,1879.64,1900.45,1852.66,0.17,3.26,15246455,21067061760.0,2.55,1.41
2020-03-23,1822.63,1765.05,1832.98,1757.69,-6.1,-114.59,16375800,21460860160.0,4.01,1.51
2020-03-24,1800.92,1798.07,1806.64,1734.51,1.87,33.02,15868289,21205469184.0,4.09,1.47
2020-03-25,1836.52,1837.64,1841.94,1818.14,2.2,39.57,16547671,22104540928.0,1.32,1.53
2020-03-26,1821.53,1806.88,1834.48,1799.82,-1.67,-30.76,11978738,15736170752.0,1.89,1.11
2020-03-27,1829.86,1785.62,1831.23,1783.98,-1.18,-21.26,11400754,15005857280.0,2.62,1.05
2020-03-30,1755.22,1723.69,1755.22,1698.75,-3.47,-61.93,13520753,17025750272.0,3.16,1.25
2020-03-31,1745.5,1713.48,1752.89,1710.7,-0.59,-10.21,9699898,12745473536.0,2.45,0.9
2020-04-01,1710.76,1726.62,1757.34,1705.5,0.77,13.14,12954677,16771761152.0,3.03,1.2
2020-04-02,1719.44,1798.97,1798.97,1717.12,4.19,72.35,15763324,21845812480.0,4.74,1.46
2020-04-03,1789.66,1782.42,1798.43,1772.72,-0.92,-16.55,12775827,17399420416.0,1.43,1.18
2020-04-07,1820.06,1834.13,1836.07,1819.92,2.9,51.71,13832650,18652784640.0,0.91,1.28
2020-04-08,1823.45,1850.55,1858.21,1820.1,0.9,16.42,13941946,17913536512.0,2.08,1.29
2020-04-09,1858.82,1855.02,1861.93,1841.72,0.24,4.47,11935099,15225712896.0,1.09,1.1
2020-04-10,1850.54,1789.72,1850.54,1783.31,-3.52,-65.3,12414196,15689176832.0,3.62,1.15
2020-04-13,1777.87,1772.09,1781.39,1752.09,-0.99,-17.63,9479988,10920753152.0,1.64,0.88
2020-04-14,1783.08,1809.05,1809.05,1783.08,2.09,36.96,11084009,12429795584.0,1.47,1.02
2020-04-15,1809.97,1791.21,1818.45,1789.19,-0.99,-17.84,12528514,15771671040.0,1.62,1.16
2020-04-16,1778.86,1796.88,1802.04,1766.28,0.32,5.67,10028454,11947447040.0,2.0,0.93
2020-04-17,1808.66,1802.89,1831.78,1800.16,0.33,6.01,14599608,20441734912.0,1.76,1.35
2020-04-20,1802.52,1817.23,1817.23,1797.77,0.8,14.34,10583068,13532284928.0,1.08,0.98
2020-04-21,1808.69,1793.95,1808.69,1769.59,-1.28,-23.28,11332774,14266633472.0,2.15,1.05
2020-04-22,1781.09,1824.86,1824.86,1775.22,1.72,30.91,10456929,13371118336.0,2.77,0.97
2020-04-23,1828.93,1800.02,1830.38,1799.93,-1.36,-24.84,10718961,13423894272.0,1.67,0.99
2020-04-24,1799.06,1768.53,1803.99,1762.73,-1.75,-31.49,10277703,12419889664.0,2.29,0.95
2020-04-27,1768.25,1745.47,1769.15,1743.36,-1.3,-23.06,8854590,10357489152.0,1.46,0.82
2020-04-28,1745.16,1721.77,1747.03,1652.94,-1.36,-23.7,12481610,16456563712.0,5.39,1.15
2020-04-29,1715.14,1731.42,1744.63,1712.45,0.56,9.65,9431742,12021193984.0,1.87,0.87
2020-04-30,1740.7,1795.88,1804.32,1740.7,3.72,64.46,15267950,22105873920.0,3.67,1.41
2020-05-06,1779.72,1856.61,1857.82,1777.94,3.38,60.73,15073704,23368950784.0,4.45,1.39
2020-05-07,1863.14,1841.6,1871.35,1835.55,-0.81,-15.01,12915805,19943157760.0,1.93,1.19
2020-05-08,1851.77,1869.3,1877.72,1851.13,1.5,27.7,12997571,19595333376.0,1.44,1.2
2020-05-11,1886.21,1880.48,1903.78,1866.5,0.6,11.18,12734189,19033967616.0,1.99,1.18
2020-05-12,1878.58,1886.47,1886.47,1845.12,0.32,5.99,13389929,18615193600.0,2.2,1.24
2020-05-13,1881.1,1895.12,1900.4,1876.25,0.46,8.65,12057028,16273946880.0,1.28,1.11
2020-05-14,1890.2,1889.17,1911.56,1883.19,-0.31,-5.95,12998369,17830344960.0,1.5,1.2
2020-05-15,1902.8,1917.74,1937.06,1898.53,1.51,28.57,16309263,24532489728.0,2.04,1.51
2020-05-18,1933.42,1889.87,1934.0,1884.81,-1.45,-27.87,19747290,31637505024.0,2.56,1.82
2020-05-19,1901.22,1941.54,1941.54,1896.86,2.73,51.67,18295739,30415903232.0,2.36,1.69
2020-05-20,1938.57,1923.69,1946.41,1914.63,-0.92,-17.85,17421911,28393789952.0,1.64,1.61
2020-05-21,1924.96,1883.57,1930.8,1880.32,-2.09,-40.12,16039642,24409989120.0,2.62,1.48
2020-05-22,1881.38,1861.98,1887.98,1842.26,-1.15,-21.59,13734376,20976911360.0,2.43,1.27
2020-05-25,1858.9,1848.78,1870.85,1836.7,-0.71,-13.2,10909490,15903840768.0,1.83,1.01
2020-05-26,1856.69,1906.78,1907.79,1856.69,3.14,58.0,12654792,21380141056.0,2.76,1.17
2020-05-27,1907.3,1895.77,1910.94,1886.91,-0.58,-11.01,13286148,22031119616.0,1.26,1.23
2020-05-28,1888.57,1871.34,1894.1,1838.03,-1.29,-24.43,12592201,19810041856.0,2.96,1.16
2020-05-29,1863.1,1878.04,1892.7,1859.91,0.36,6.7,11185110,16965281280.0,1.75,1.03
2020-06-01,1886.95,1954.46,1957.72,1886.95,4.07,76.42,18128307,26941693440.0,3.77,1.68
2020-06-02,1961.74,1995.09,2005.98,1959.03,2.08,40.63,20372072,28841516800.0,2.4,1.88
2020-06-03,2004.32,1999.7,2023.19,1989.03,0.23,4.61,19200597,29827737600.0,1.71,1.77
2020-06-04,2003.87,1993.38,2012.54,1984.61,-0.32,-6.32,15247798,23876787200.0,1.4,1.41
2020-06-05,1996.8,1993.28,2007.29,1980.01,-0.01,-0.1,14822836,22128777728.0,1.37,1.37
2020-06-08,2006.39,2001.31,2029.39,1997.33,0.4,8.03,16832291,25496930048.0,1.61,1.56
2020-06-09,2000.94,1993.49,2001.61,1981.86,-0.39,-7.82,13184760,20828285184.0,0.99,1.22
2020-06-10,1989.19,1980.77,1990.61,1962.02,-0.64,-12.72,13268088,21728925440.0,1.43,1.23
2020-06-11,1975.8,1968.32,1999.27,1957.5,-0.63,-12.45,13191349,21463823872.0,2.11,1.22
2020-06-12,1924.8,1960.07,1970.81,1919.56,-0.42,-8.25,12270926,19155559168.0,2.6,1.13
2020-06-15,1954.13,1942.58,1977.39,1942.58,-0.89,-17.49,12432608,20351057408.0,1.78,1.15
2020-06-16,1959.51,1981.17,1981.26,1959.51,1.99,38.59,13005575,19710769920.0,1.12,1.2
2020-06-17,1982.2,1979.24,1982.84,1957.61,-0.1,-1.93,13218251,19115454208.0,1.27,1.22
2020-06-18,1976.58,1995.63,1998.59,1973.86,0.83,16.39,13584558,23026816768.0,1.25,1.26
2020-06-19,1994.61,2006.92,2010.77,1992.32,0.57,11.29,13426048,21728173056.0,0.92,1.24
2020-06-22,2013.75,2040.24,2049.57,2013.75,1.66,33.32,16277012,26362855680.0,1.78,1.5
2020-06-23,2039.05,2035.86,2044.55,2026.73,-0.21,-4.38,13388187,21699698176.0,0.87,1.24
2020-06-24,2037.74,2030.03,2041.09,2020.65,-0.29,-5.83,13107147,22730912256.0,1.0,1.21
2020-06-29,2016.42,1999.25,2018.7,1993.44,-1.52,-30.78,11845406,19506900480.0,1.24,1.09
2020-06-30,2010.82,2042.18,2045.28,2010.82,2.15,42.93,13940953,25802845440.0,1.72,1.29
2020-07-01,2045.14,2048.55,2057.83,2021.55,0.31,6.37,15507004,26859671040.0,1.78,1.43
2020-07-02,2050.14,2081.86,2081.86,2039.96,1.63,33.31,17754889,28368811264.0,2.05,1.64
2020-07-03,2085.2,2091.97,2092.36,2063.89,0.49,10.11,18680760,29268733184.0,1.37,1.73
2020-07-06,2102.14,2184.92,2192.39,2102.14,4.44,92.95,24863654,40196151296.0,4.31,2.3
2020-07-07,2198.76,2204.91,2254.43,2187.07,0.91,19.99,28309698,47198521088.0,3.08,2.62
2020-07-08,2198.22,2254.25,2254.25,2191.03,2.24,49.34,24517272,37648943872.0,2.87,2.27
2020-07-09,2248.02,2304.52,2310.49,2247.08,2.23,50.27,26583553,43379699968.0,2.81,2.46
2020-07-10,2292.24,2297.3,2321.54,2276.54,-0.31,-7.22,23112593,38013647360.0,1.95,2.14
2020-07-13,2303.48,2384.92,2384.92,2303.48,3.81,87.62,25150608,41815018496.0,3.55,2.32
2020-07-14,2388.17,2363.62,2393.18,2309.5,-0.89,-21.3,26151420,44107018752.0,3.51,2.42
2020-07-15,2367.72,2269.3,2374.45,2265.73,-3.99,-94.32,23271290,38697528832.0,4.6,2.15
2020-07-16,2269.56,2156.41,2286.16,2154.92,-4.97,-112.89,20703721,33819604992.0,5.78,1.91
2020-07-17,2163.76,2158.38,2191.05,2131.42,0.09,1.97,17996286,26719900160.0,2.77,1.66
2020-07-20,2176.37,2226.64,2226.64,2153.79,3.16,68.26,17284584,25699264256.0,3.38,1.6
2020-07-21,2227.91,2255.99,2258.97,2222.14,1.32,29.35,18735598,26542616832.0,1.65,1.73
2020-07-22,2251.83,2267.33,2289.14,2242.64,0.5,11.34,19911348,30778889216.0,2.06,1.84
2020-07-23,2251.35,2241.96,2260.7,2184.8,-1.12,-25.37,19056910,29331120128.0,3.35,1.76
2020-07-24,2221.93,2120.29,2238.93,2114.99,-5.43,-121.67,18708236,28356942080.0,5.53,1.73
2020-07-27,2123.35,2126.82,2137.69,2100.1,0.31,6.53,14178232,21766467840.0,1.77,1.31
2020-07-28,2140.54,2154.62,2164.14,2133.46,1.31,27.8,14265531,22151838208.0,1.44,1.32
2020-07-29,2149.97,2233.15,2233.15,2144.32,3.64,78.53,18824401,29481042432.0,4.12,1.74
2020-07-30,2244.93,2228.05,2250.93,2224.44,-0.23,-5.1,19863949,30978006784.0,1.19,1.84
2020-07-31,2228.37,2285.62,2285.62,2228.37,2.58,57.57,22545202,37608402432.0,2.57,2.08
2020-08-03,2306.74,2355.48,2355.91,2306.74,3.06,69.86,22737994,38911386368.0,2.15,2.1
2020-08-04,2363.68,2316.74,2363.68,2304.77,-1.64,-38.74,22720011,38568161792.0,2.5,2.1
2020-08-05,2354.49,2350.55,2357.77,2311.05,1.46,33.81,19593609,35793890816.0,2.02,1.81
2020-08-06,2345.44,2353.04,2360.15,2319.87,0.11,2.49,20076000,32924148992.0,1.71,1.86
2020-08-07,2345.36,2298.72,2345.36,2264.84,-2.31,-54.32,18899266,32721279232.0,3.42,1.75
2020-08-10,2288.76,2330.67,2342.89,2287.06,1.39,31.95,16638816,29890988544.0,2.43,1.54
2020-08-11,2327.41,2282.26,2330.82,2278.8,-2.08,-48.41,15384335,26986795264.0,2.23,1.42
2020-08-12,2274.59,2299.96,2299.96,2227.76,0.78,17.7,17751992,32457562368.0,3.16,1.64
2020-08-13,2299.0,2308.17,2321.01,2289.97,0.36,8.21,15598839,25981433344.0,1.35,1.44
2020-08-14,2302.25,2320.46,2320.99,2282.71,0.53,12.29,13523695,22610561024.0,1.66,1.25
2020-08-17,2320.88,2364.99,2365.11,2317.46,1.92,44.53,17127471,28786924544.0,2.05,1.58
2020-08-18,2361.14,2373.45,2380.05,2355.4,0.36,8.46,16827690,29095289600.0,1.04,1.56
2020-08-19,2370.62,2320.72,2370.94,2318.67,-2.22,-52.73,17190688,29016870144.0,2.2,1.59
2020-08-20,2300.39,2309.33,2333.24,2295.77,-0.49,-11.39,12429040,22679835136.0,1.61,1.15
2020-08-21,2327.09,2328.19,2352.94,2312.25,0.82,18.86,13902751,28015458816.0,1.76,1.28
2020-08-24,2338.9,2358.37,2374.18,2298.95,1.3,30.18,17040576,30614513408.0,3.23,1.57
2020-08-25,2355.64,2386.19,2396.5,2355.04,1.18,27.82,18950895,28260902400.0,1.76,1.75
2020-08-26,2382.62,2313.98,2382.62,2301.04,-3.03,-72.21,19820483,28612940544.0,3.42,1.83
2020-08-27,2305.81,2368.34,2373.47,2293.35,2.35,54.36,18771626,26827722240.0,3.46,1.73
2020-08-28,2355.43,2375.95,2375.95,2345.84,0.32,7.61,17131280,24715896320.0,1.27,1.58
2020-08-31,2385.47,2384.62,2411.99,2382.2,0.36,8.67,17511353,26692077056.0,1.25,1.62
2020-09-01,2381.3,2415.27,2415.27,2365.89,1.29,30.65,16147295,22931044864.0,2.07,1.49
2020-09-02,2422.08,2441.28,2458.79,2416.34,1.08,26.01,21459421,29338584576.0,1.76,1.98
2020-09-03,2438.55,2419.34,2440.83,2408.0,-0.9,-21.94,19674677,25948499712.0,1.34,1.82
2020-09-04,2386.51,2486.9,2489.12,2384.91,2.79,67.56,24217636,33467926272.0,4.31,2.24
2020-09-07,2515.59,2501.43,2554.12,2484.21,0.58,14.53,27893495,41653064448.0,2.81,2.58
2020-09-08,2502.77,2540.1,2540.28,2476.36,1.55,38.67,28351539,38211858944.0,2.56,2.62
2020-09-09,2502.24,2419.51,2504.86,2419.51,-4.75,-120.59,28351394,37596683520.0,3.36,2.62
2020-09-10,2429.47,2289.98,2437.82,2281.64,-5.35,-129.53,21634846,26887467520.0,6.46,2.0
2020-09-11,2271.99,2347.67,2352.17,2271.66,2.52,57.69,16704261,23371272192.0,3.52,1.54
2020-09-14,2365.79,2423.49,2423.49,2362.17,3.23,75.82,19558878,27960372224.0,2.61,1.81
2020-09-15,2421.59,2423.35,2431.6,2397.03,-0.01,-0.14,17150401,23980274176.0,1.43,1.58
2020-09-16,2415.12,2405.96,2432.57,2389.64,-0.72,-17.39,16316813,22122196992.0,1.77,1.51
2020-09-17,2398.12,2424.4,2447.5,2388.88,0.77,18.44,15817792,23934366464.0,2.44,1.46
2020-09-18,2421.93,2453.74,2453.74,2405.85,1.21,29.34,15474450,22632298752.0,1.98,1.43
2020-09-21,2453.23,2439.77,2462.17,2433.47,-0.57,-13.97,13784019,19965275136.0,1.17,1.27
2020-09-22,2411.3,2388.55,2423.97,2383.67,-2.1,-51.22,15414581,20018643968.0,1.65,1.42
2020-09-23,2395.62,2407.32,2418.0,2384.87,0.79,18.77,13198056,18185193728.0,1.39,1.22
2020-09-24,2386.94,2333.32,2386.94,2332.7,-3.07,-74.0,15033256,20029377024.0,2.25,1.39
2020-09-25,2345.0,2310.01,2351.69,2299.81,-1.0,-23.31,11361182,15294214656.0,2.22,1.05
2020-09-28,2315.36,2275.16,2317.35,2272.86,-1.51,-34.85,10522241,14755210240.0,1.93,0.97
2020-09-29,2286.5,2290.32,2308.82,2278.84,0.67,15.16,10158032,14110248704.0,1.32,0.94
2020-09-30,2302.33,2298.53,2311.06,2287.63,0.36,8.21,11831423,15722632192.0,1.02,1.09
2020-10-09,2339.77,2390.74,2391.87,2339.77,4.01,92.21,13954405,21131640832.0,2.27,1.29
2020-10-12,2417.08,2477.4,2477.4,2410.28,3.62,86.66,18543855,27317135104.0,2.81,1.71
2020-10-13,2469.58,2494.54,2499.87,2456.58,0.69,17.14,17786401,26811777280.0,1.75,1.64
2020-10-14,2487.74,2469.35,2487.74,2456.3,-1.01,-25.19,17561636,26947621632.0,1.26,1.62
2020-10-15,2467.93,2437.35,2470.75,2436.23,-1.3,-32.0,14151349,20887981312.0,1.4,1.31
2020-10-16,2438.61,2429.28,2446.58,2408.0,-0.33,-8.07,11606879,16969242112.0,1.58,1.07
2020-10-19,2440.01,2413.07,2444.49,2407.21,-0.67,-16.21,12731606,18601482240.0,1.53,1.18
2020-10-20,2410.67,2453.62,2453.62,2391.61,1.68,40.55,13635142,19893200384.0,2.57,1.26
2020-10-21,2454.38,2404.41,2454.38,2397.54,-2.01,-49.21,12927290,18359419648.0,2.32,1.19
2020-10-22,2392.74,2420.36,2436.41,2369.84,0.66,15.95,12724432,17019501056.0,2.77,1.18
2020-10-23,2423.32,2389.04,2446.13,2382.67,-1.29,-31.32,13367376,20051970304.0,2.62,1.24
2020-10-26,2380.26,2407.73,2410.79,2361.56,0.78,18.69,11934829,19570760192.0,2.06,1.1
2020-10-27,2398.99,2402.55,2408.29,2378.01,-0.22,-5.18,13459002,21607156992.0,1.26,1.24
2020-10-28,2398.8,2432.01,2438.89,2375.85,1.23,29.46,19469662,27799554816.0,2.62,1.8
2020-10-29,2394.97,2415.84,2433.5,2388.66,-0.66,-16.17,22430848,28732101888.0,1.84,2.07
2020-10-30,2415.15,2349.59,2429.79,2345.54,-2.74,-66.25,24150548,30944209920.0,3.49,2.23
2020-11-02,2350.9,2368.87,2374.6,2343.19,0.82,19.28,24766219,27299740672.0,1.34,2.29
2020-11-03,2376.72,2424.88,2429.14,2370.16,2.36,56.01,23976515,26631110144.0,2.49,2.22
2020-11-04,2425.11,2405.68,2426.01,2392.42,-0.79,-19.2,17047645,21369326080.0,1.39,1.58
2020-11-05,2429.42,2448.83,2448.83,2411.6,1.79,43.15,21823585,25175204608.0,1.55,2.02
2020-11-06,2454.2,2429.36,2454.2,2412.12,-0.8,-19.47,26702623,26945495552.0,1.72,2.47
2020-11-09,2442.45,2519.59,2533.6,2442.45,3.71,90.23,33232309,42965348352.0,3.75,3.07
2020-11-10,2510.9,2480.69,2510.9,2468.05,-1.54,-38.9,27590827,34112421632.0,1.7,2.55
2020-11-11,2476.79,2414.92,2480.12,2411.85,-2.65,-65.77,25206132,28443193856.0,2.75,2.33
2020-11-12,2419.22,2408.71,2428.51,2396.55,-0.26,-6.21,22054267,22386631936.0,1.32,2.04
2020-11-13,2401.52,2404.86,2414.62,2383.94,-0.16,-3.85,19818333,24110784000.0,1.27,1.83
2020-11-16,2412.28,2398.37,2417.22,2382.6,-0.27,-6.49,17539704,23196863488.0,1.44,1.62
2020-11-17,2396.94,2384.97,2396.94,2347.64,-0.56,-13.4,21641606,28205812224.0,2.06,2.0
2020-11-18,2379.28,2411.69,2416.03,2374.6,1.12,26.72,27068653,29955055104.0,1.74,2.5
2020-11-19,2400.63,2425.45,2427.9,2387.19,0.57,13.76,21261332,24398922240.0,1.69,1.96
2020-11-20,2417.64,2423.06,2427.18,2407.01,-0.1,-2.39,18272665,21153622784.0,0.83,1.69
2020-11-23,2422.98,2413.43,2427.46,2404.08,-0.4,-9.63,18964618,22379443712.0,0.96,1.75
2020-11-24,2413.08,2417.07,2428.89,2408.4,0.15,3.64,18910273,22769585920.0,0.85,1.75
2020-11-25,2420.62,2385.67,2425.07,2385.67,-1.3,-31.4,21788217,24442256896.0,1.63,2.01
2020-11-26,2384.12,2375.05,2394.64,2364.27,-0.45,-10.62,19368863,20951235328.0,1.27,1.79
2020-11-27,2371.3,2364.34,2376.01,2341.07,-0.45,-10.71,15876802,18588027904.0,1.47,1.47
2020-11-30,2369.05,2365.95,2388.63,2345.79,0.07,1.61,26971031,29735407360.0,1.81,2.49
2020-12-01,2360.86,2396.42,2398.21,2357.58,1.29,30.47,27592491,29087055616.0,1.72,2.55
2020-12-02,2402.21,2456.42,2462.0,2400.91,2.5,60.0,38687180,37977415680.0,2.55,3.58
2020-12-03,2456.88,2438.14,2463.76,2436.22,-0.74,-18.28,29921164,30205316608.0,1.12,2.77
2020-12-04,2429.47,2445.88,2449.43,2426.01,0.32,7.74,24838368,28178141696.0,0.96,2.3
2020-12-07,2463.99,2438.39,2470.82,2434.5,-0.31,-7.49,25146525,28997645824.0,1.48,2.32
2020-12-08,2436.15,2445.36,2450.13,2429.06,0.29,6.97,23608278,26477532928.0,0.86,2.18
2020-12-09,2440.53,2395.2,2442.42,2395.2,-2.05,-50.16,24992615,32330101248.0,1.93,2.31
2020-12-10,2384.95,2394.59,2402.41,2369.9,-0.03,-0.61,22224069,25941254144.0,1.36,2.05
2020-12-11,2393.92,2353.42,2396.0,2332.28,-1.72,-41.17,25407075,30447055104.0,2.66,2.35
2020-12-14,2356.33,2363.67,2365.6,2339.14,0.44,10.25,20420361,26092724480.0,1.12,1.89
2020-12-15,2355.39,2356.28,2363.04,2336.49,-0.31,-7.39,20112560,23441631488.0,1.12,1.86
2020-12-16,2348.29,2309.05,2350.0,2307.34,-2.0,-47.23,16705866,19663186176.0,1.81,1.54
2020-12-17,2301.89,2321.5,2323.14,2264.42,0.54,12.45,17219772,19292115200.0,2.54,1.59
2020-12-18,2334.11,2307.79,2335.31,2302.38,-0.59,-13.71,17019129,22021349120.0,1.42,1.57
2020-12-21,2306.63,2342.57,2348.11,2301.04,1.51,34.78,26279143,29305207808.0,2.04,2.43
2020-12-22,2332.82,2286.46,2333.45,2284.32,-2.4,-56.11,26820756,30345461760.0,2.1,2.48
2020-12-23,2291.01,2308.01,2310.71,2283.47,0.94,21.55,28165764,32123040768.0,1.19,2.6
2020-12-24,2309.25,2263.99,2309.25,2257.22,-1.91,-44.02,26474718,28568971264.0,2.25,2.45
2020-12-25,2258.18,2267.47,2279.74,2246.69,0.15,3.48,21670419,26885347328.0,1.46,2.0
2020-12-28,2257.2,2223.31,2257.2,2216.71,-1.95,-44.16,20946958,24821586432.0,1.79,1.94
2020-12-29,2231.53,2242.98,2277.35,2228.37,0.88,19.67,26911313,28555750400.0,2.2,2.49
2020-12-30,2236.77,2250.17,2258.72,2226.68,0.32,7.19,32811854,32223934464.0,1.43,3.03
2020-12-31,2250.37,2284.64,2290.32,2250.25,1.53,34.47,27372594,31036731392.0,1.78,2.53
2021-01-04,2286.35,2324.4,2327.91,2280.42,1.74,39.76,31176664,36449683968.0,2.08,2.88
2021-01-05,2313.63,2333.66,2334.55,2290.6,0.4,9.26,36187436,44852648960.0,1.89,3.34
2021-01-06,2334.8,2276.58,2335.91,2266.6,-2.45,-57.08,26587719,34137676800.0,2.97,2.46
2021-01-07,2266.05,2205.89,2266.34,2186.31,-3.11,-70.69,27805240,35968668416.0,3.52,2.57
2021-01-08,2201.9,2217.99,2237.91,2173.54,0.55,12.1,28100868,32817776384.0,2.92,2.6
2021-01-11,2223.34,2201.03,2254.49,2192.89,-0.76,-16.96,34221661,44186369024.0,2.78,3.16
2021-01-12,2189.17,2216.77,2217.72,2188.65,0.72,15.74,36113633,43135342848.0,1.32,3.34
2021-01-13,2214.68,2197.36,2215.37,2182.65,-0.88,-19.41,35780694,46230769920.0,1.48,3.31
2021-01-14,2193.37,2218.6,2238.81,2174.84,0.97,21.24,37930822,50500546560.0,2.91,3.51
2021-01-15,2214.48,2233.98,2241.66,2212.19,0.69,15.38,35152443,43966358528.0,1.33,3.25
2021-01-18,2230.75,2298.58,2298.58,2225.96,2.89,64.6,36412268,44012627200.0,3.25,3.36
2021-01-19,2291.51,2297.39,2312.9,2289.06,-0.05,-1.19,32908062,39884559616.0,1.04,3.04
2021-01-20,2295.82,2304.38,2304.48,2284.54,0.3,6.99,26090302,32897306624.0,0.87,2.41
2021-01-21,2302.29,2317.8,2327.22,2290.05,0.58,13.42,32149200,40074001408.0,1.61,2.97
2021-01-22,2315.62,2286.46,2315.62,2268.8,-1.35,-31.34,27195100,36283327232.0,2.02,2.51
2021-01-25,2281.28,2270.75,2289.88,2253.03,-0.69,-15.71,29444363,39847331328.0,1.61,2.72
2021-01-26,2268.72,2247.1,2289.06,2240.91,-1.04,-23.65,27325913,33627651328.0,2.12,2.53
2021-01-27,2250.8,2245.71,2254.81,2228.65,-0.06,-1.39,23000150,28793240832.0,1.16,2.13
2021-01-28,2222.13,2204.12,2251.13,2204.12,-1.85,-41.59,29476398,35153341184.0,2.09,2.72
2021-01-29,2210.08,2158.97,2215.46,2137.65,-2.05,-45.15,33327115,38488560896.0,3.53,3.08
2021-02-01,2150.71,2170.42,2172.71,2146.66,0.53,11.45,24156903,27072136960.0,1.21,2.23
2021-02-02,2172.85,2168.73,2180.29,2153.73,-0.08,-1.69,20970211,23817308928.0,1.22,1.94
2021-02-03,2165.03,2119.34,2165.98,2117.53,-2.28,-49.39,25163576,28093983488.0,2.23,2.33
2021-02-04,2105.33,2076.03,2109.66,2035.89,-2.04,-43.31,27427335,30474705152.0,3.48,2.53
2021-02-05,2081.38,2026.24,2096.75,2025.96,-2.4,-49.79,23081160,26108785152.0,3.41,2.13
2021-02-08,2027.14,2018.78,2039.52,2009.93,-0.37,-7.46,16888505,20761240832.0,1.46,1.56
2021-02-09,2021.4,2058.35,2061.32,2016.12,1.96,39.57,18259762,21986747904.0,2.24,1.69
2021-02-10,2060.33,2074.07,2079.39,2058.43,0.76,15.72,17820312,24657842432.0,1.02,1.65
2021-02-18,2102.61,2132.78,2142.61,2102.61,2.83,58.71,23686430,29975664128.0,1.93,2.19
2021-02-19,2129.79,2194.77,2194.91,2121.06,2.91,61.99,21916970,27308392960.0,3.46,2.03
2021-02-22,2197.53,2203.5,2243.07,2197.37,0.4,8.73,27293099,32955696384.0,2.08,2.52
2021-02-23,2197.39,2192.22,2209.99,2178.58,-0.51,-11.28,23185735,26807762688.0,1.43,2.14
2021-02-24,2197.5,2218.16,2241.64,2193.71,1.18,25.94,24554901,28246867200.0,2.19,2.27
2021-02-25,2223.24,2200.88,2228.5,2189.72,-0.78,-17.28,20268402,22305968640.0,1.75,1.87
2021-02-26,2170.17,2189.85,2211.55,2165.89,-0.5,-11.03,19673548,23030627840.0,2.07,1.82
2021-03-01,2197.3,2252.88,2253.46,2197.3,2.88,63.03,18431394,23135844352.0,2.56,1.7
2021-03-02,2258.72,2237.45,2260.71,2226.0,-0.68,-15.43,19191015,24764958464.0,1.54,1.77
2021-03-03,2232.23,2253.64,2254.75,2225.08,0.72,16.19,20630709,23077574912.0,1.33,1.91
2021-03-04,2244.87,2228.58,2265.68,2224.01,-1.11,-25.06,21259517,25701547264.0,1.85,1.96
2021-03-05,2214.04,2260.19,2267.23,2210.7,1.42,31.61,23027559,23009834240.0,2.54,2.13
2021-03-08,2272.18,2240.44,2296.56,2238.06,-0.87,-19.75,25437057,25682935296.0,2.59,2.35
2021-03-09,2238.59,2163.81,2244.75,2144.07,-3.42,-76.63,25712770,25999549184.0,4.49,2.38
2021-03-10,2182.77,2133.32,2189.79,2130.07,-1.41,-30.49,18779661,18793220352.0,2.76,1.74
2021-03-11,2128.75,2192.76,2194.15,2110.56,2.79,59.44,22551424,24286471424.0,3.92,2.08
2021-03-12,2188.41,2177.51,2189.64,2167.29,-0.7,-15.25,21285924,21395644160.0,1.02,1.97
2021-03-15,2168.42,2151.57,2171.64,2137.79,-1.19,-25.94,18809513,20367512576.0,1.55,1.74
2021-03-16,2153.28,2163.67,2169.02,2139.65,0.56,12.1,17150156,19864353024.0,1.37,1.58
2021-03-17,2160.04,2188.74,2188.83,2151.24,1.16,25.07,20496996,20165241856.0,1.74,1.89
2021-03-18,2186.57,2177.37,2188.71,2171.82,-0.52,-11.37,16709757,17164033536.0,0.77,1.54
2021-03-19,2159.62,2163.57,2181.93,2151.4,-0.63,-13.8,16533524,17993274112.0,1.4,1.53
2021-03-22,2164.17,2193.67,2193.69,2164.17,1.39,30.1,22317421,21462512896.0,1.36,2.06
2021-03-23,2196.57,2181.65,2209.18,2171.84,-0.55,-12.02,19852559,20383638784.0,1.7,1.83
2021-03-24,2171.07,2157.36,2183.32,2155.18,-1.11,-24.29,14615547,14967112704.0,1.29,1.35
2021-03-25,2153.96,2142.42,2162.78,2137.4,-0.69,-14.94,15801029,15223654656.0,1.18,1.46
2021-03-26,2144.14,2167.82,2170.29,2139.42,1.19,25.4,17561596,17811432960.0,1.44,1.62
2021-03-29,2175.1,2169.84,2183.1,2165.58,0.09,2.02,14733577,16616199168.0,0.81,1.36
2021-03-30,2170.49,2156.32,2170.49,2148.43,-0.62,-13.52,14791540,15402564352.0,1.02,1.37
2021-03-31,2155.9,2165.69,2167.51,2150.47,0.43,9.37,11718418,13265800192.0,0.79,1.08
2021-04-01,2169.88,2187.42,2189.56,2164.05,1.0,21.73,13086201,17283582720.0,1.18,1.21
2021-04-02,2195.02,2251.55,2251.96,2194.18,2.93,64.13,21954130,25865793536.0,2.64,2.03
2021-04-06,2261.46,2270.24,2272.21,2248.18,0.83,18.69,20079640,22981291008.0,1.07,1.86
2021-04-07,2262.64,2277.73,2277.73,2248.91,0.33,7.49,25142886,25624651264.0,1.27,2.32
2021-04-08,2269.8,2246.97,2271.98,2246.39,-1.35,-30.76,17704059,19050914816.0,1.12,1.64
2021-04-09,2247.05,2241.4,2256.98,2234.34,-0.25,-5.57,20538235,20014502400.0,1.01,1.9
2021-04-12,2243.35,2198.04,2243.35,2193.32,-1.93,-43.36,23639633,22378309632.0,2.23,2.18
2021-04-13,2197.66,2186.81,2210.29,2182.86,-0.51,-11.23,26872416,25308783104.0,1.25,2.48
2021-04-14,2183.42,2218.87,2219.22,2180.55,1.47,32.06,27556895,25361234176.0,1.77,2.55
2021-04-15,2213.77,2213.09,2215.99,2200.19,-0.26,-5.78,19447644,19513402112.0,0.71,1.8
2021-04-16,2215.91,2248.95,2250.21,2214.84,1.62,35.86,18177278,19288583424.0,1.6,1.68
2021-04-19,2250.28,2289.64,2289.84,2250.2,1.81,40.69,24571488,26755631616.0,1.76,2.27
2021-04-20,2282.55,2272.3,2296.47,2270.96,-0.76,-17.34,19986696,24547628800.0,1.11,1.85
2021-04-21,2264.05,2254.91,2265.86,2248.16,-0.77,-17.39,20593230,22858326272.0,0.78,1.9
2021-04-22,2260.64,2279.43,2285.12,2260.17,1.09,24.52,19318312,27584036864.0,1.11,1.79
2021-04-23,2283.01,2275.04,2284.34,2264.54,-0.19,-4.39,19826510,23682083072.0,0.87,1.83
2021-04-26,2281.2,2289.07,2316.63,2276.31,0.62,14.03,27835546,32815406336.0,1.77,2.57
2021-04-27,2279.45,2245.76,2279.45,2230.97,-1.89,-43.31,19962283,24333632000.0,2.12,1.84
2021-04-28,2237.4,2246.47,2246.7,2224.39,0.03,0.71,20346792,24368225024.0,0.99,1.88
2021-04-29,2238.65,2237.96,2254.97,2233.52,-0.38,-8.51,18732791,23845033472.0,0.95,1.73
2021-04-30,2235.37,2229.91,2241.51,2221.07,-0.36,-8.05,19900630,24577539072.0,0.91,1.84
2021-05-06,2222.3,2230.56,2235.7,2218.0,0.03,0.65,22212135,25453995264.0,0.79,2.05
2021-05-07,2228.22,2193.68,2230.65,2192.88,-1.65,-36.88,25602905,29421711616.0,1.69,2.37
2021-05-10,2193.56,2193.74,2202.63,2182.18,0.0,0.06,17765045,20539366144.0,0.93,1.64
2021-05-11,2184.22,2204.44,2205.12,2177.05,0.49,10.7,16413741,19408854528.0,1.28,1.52
2021-05-12,2199.92,2235.3,2235.3,2187.75,1.4,30.86,16438268,19360744192.0,2.16,1.52
2021-05-13,2219.42,2239.05,2263.37,2216.52,0.17,3.75,20241450,25083100416.0,2.1,1.87
2021-05-14,2246.28,2272.83,2273.2,2244.67,1.51,33.78,18306793,23240044032.0,1.27,1.69
2021-05-17,2272.85,2258.17,2275.88,2257.18,-0.65,-14.66,20065417,25520440064.0,0.82,1.85
2021-05-18,2246.78,2268.69,2269.27,2241.83,0.47,10.52,16602084,19502869248.0,1.22,1.53
2021-05-19,2267.0,2286.13,2286.43,2264.6,0.77,17.44,16416721,22370798592.0,0.96,1.52
2021-05-20,2280.47,2290.02,2300.21,2273.84,0.17,3.89,15810901,20780408320.0,1.15,1.46
2021-05-21,2295.19,2291.3,2306.74,2289.86,0.06,1.28,19122570,21226940928.0,0.74,1.77
2021-05-24,2290.57,2307.03,2308.13,2283.5,0.69,15.73,18870611,24291570432.0,1.07,1.74
2021-05-25,2309.13,2317.64,2320.18,2301.94,0.46,10.61,19878206,25523045120.0,0.79,1.84
2021-05-26,2318.04,2331.25,2335.22,2313.44,0.59,13.61,17859839,24261933056.0,0.94,1.65
2021-05-27,2335.98,2388.54,2401.22,2332.71,2.46,57.29,22681860,33710244608.0,2.94,2.1
2021-05-28,2384.5,2374.81,2390.07,2367.93,-0.57,-13.73,25373320,32105148928.0,0.93,2.34
2021-05-31,2380.01,2406.14,2406.14,2379.34,1.32,31.33,17577463,24471452160.0,1.13,1.62
2021-06-01,2402.68,2424.24,2430.12,2389.09,0.75,18.1,18776176,29819972096.0,1.71,1.74
2021-06-02,2418.71,2401.78,2420.04,2396.24,-0.93,-22.46,17952195,26215290624.0,0.98,1.66
2021-06-03,2403.39,2402.75,2427.78,2395.09,0.04,0.97,15885099,22043621632.0,1.36,1.47
2021-06-04,2395.28,2430.6,2433.34,2393.91,1.16,27.85,20800612,29702915584.0,1.64,1.92
2021-06-07,2451.02,2470.32,2477.88,2451.02,1.63,39.72,20927595,32900833792.0,1.11,1.93
2021-06-08,2472.43,2456.71,2472.43,2447.33,-0.55,-13.61,19336113,30924304128.0,1.02,1.79
2021-06-09,2454.92,2461.79,2474.45,2452.11,0.21,5.08,18529360,26439941376.0,0.91,1.71
2021-06-10,2458.64,2487.72,2488.43,2455.69,1.05,25.93,23229736,30511477504.0,1.33,2.15
2021-06-11,2486.55,2449.22,2487.42,2448.54,-1.55,-38.5,24695565,31214802432.0,1.56,2.28
2021-06-15,2460.39,2479.04,2490.09,2454.12,1.22,29.82,23180187,31768073216.0,1.47,2.14
2021-06-16,2473.34,2470.81,2510.07,2467.57,-0.33,-8.23,23455575,31877198848.0,1.71,2.17
2021-06-17,2468.72,2542.3,2547.11,2468.72,2.89,71.49,25826201,40573140480.0,3.17,2.39
2021-06-18,2546.96,2571.75,2574.35,2532.91,1.16,29.45,34948763,49170552576.0,1.63,3.23
2021-06-21,2567.35,2605.94,2607.3,2560.95,1.33,34.19,28108734,43223910144.0,1.8,2.6
2021-06-22,2613.59,2622.88,2626.26,2585.71,0.65,16.94,27684040,40259870208.0,1.56,2.56
2021-06-23,2622.96,2659.58,2669.75,2608.18,1.4,36.7,29212666,49031062272.0,2.35,2.7
2021-06-24,2651.31,2630.11,2651.31,2620.73,-1.11,-29.47,25320409,39863612928.0,1.15,2.34
2021-06-25,2624.24,2635.86,2642.55,2601.94,0.22,5.75,24342015,38273636608.0,1.54,2.25
2021-06-28,2640.48,2672.25,2684.69,2639.28,1.38,36.39,22041564,37871028992.0,1.72,2.04
2021-06-29,2664.27,2637.27,2668.12,2633.67,-1.31,-34.98,22161764,34917792256.0,1.29,2.05
2021-06-30,2661.19,2700.26,2703.27,2661.19,2.39,62.99,20324128,32017543680.0,1.6,1.88
2021-07-01,2709.64,2653.3,2712.09,2653.3,-1.74,-46.96,22534040,37111633408.0,2.18,2.08
2021-07-02,2646.27,2663.3,2674.27,2640.38,0.38,10.0,18996084,36768941056.0,1.28,1.76
2021-07-05,2678.43,2740.51,2741.58,2678.43,2.9,77.21,20164872,41849642240.0,2.37,1.86
2021-07-06,2747.85,2736.83,2764.05,2694.15,-0.13,-3.68,24288018,49387944192.0,2.55,2.24
2021-07-07,2710.48,2758.11,2760.81,2695.1,0.78,21.28,21839852,42450857472.0,2.4,2.02
2021-07-08,2754.31,2781.81,2794.07,2751.97,0.86,23.7,28445584,49753666048.0,1.53,2.63
2021-07-09,2770.67,2790.23,2799.13,2748.54,0.3,8.42,24369955,44485234432.0,1.82,2.25
2021-07-12,2800.82,2837.9,2840.26,2784.38,1.71,47.67,28356741,49376729344.0,2.0,2.62
2021-07-13,2826.87,2815.1,2826.87,2787.42,-0.8,-22.8,23876380,43351467776.0,1.39,2.21
2021-07-14,2813.48,2793.62,2830.22,2792.17,-0.76,-21.48,33999887,45195172608.0,1.35,3.14
2021-07-15,2782.18,2770.21,2789.23,2729.92,-0.84,-23.41,28687934,38536721920.0,2.12,2.65
2021-07-16,2769.55,2780.08,2817.28,2768.44,0.36,9.87,27921757,41371312384.0,1.76,2.58
2021-07-19,2766.5,2778.16,2788.33,2761.3,-0.07,-1.92,24034718,37959026432.0,0.97,2.22
2021-07-20,2757.0,2827.17,2828.6,2750.27,1.76,49.01,25638187,38651392256.0,2.82,2.37
2021-07-21,2849.3,2928.6,2942.64,2849.3,3.59,101.43,37437939,63702193408.0,3.3,3.46
2021-07-22,2947.99,3026.23,3034.21,2925.02,3.33,97.63,40763873,75062480896.0,3.73,3.77
2021-07-23,3030.82,3006.68,3064.87,3000.48,-0.65,-19.55,42767554,69962153984.0,2.13,3.95
2021-07-26,3016.8,3019.21,3028.69,2934.49,0.42,12.53,38978163,66533562368.0,3.13,3.6
2021-07-27,3017.47,2940.78,3089.67,2940.78,-2.6,-78.43,40016512,78628098048.0,4.93,3.7
2021-07-28,2897.29,2843.02,2913.11,2768.89,-3.32,-97.76,33192644,58886184704.0,4.9,3.07
2021-07-29,2885.14,3000.49,3010.77,2877.99,5.54,157.47,34057911,66934681856.0,4.67,3.15
2021-07-30,2983.9,3011.09,3038.67,2976.85,0.35,10.6,34492334,65934463744.0,2.06,3.19
2021-08-02,3000.56,3018.91,3027.95,2968.24,0.26,7.82,31851420,62598624768.0,1.98,2.94
2021-08-03,3006.05,2924.68,3015.43,2915.72,-3.12,-94.23,28619792,59097460736.0,3.3,2.64
2021-08-04,2927.08,3004.51,3004.9,2927.08,2.73,79.83,26615760,55282495232.0,2.66,2.46
2021-08-05,2995.73,2997.88,3018.69,2966.16,-0.22,-6.63,27592256,48491385088.0,1.75,2.55
2021-08-06,3004.84,2983.1,3012.77,2944.24,-0.49,-14.78,25670673,44931203328.0,2.29,2.37
2021-08-09,2967.31,2956.99,2967.31,2914.25,-0.88,-26.11,25049272,44483626240.0,1.78,2.31
2021-08-10,2954.47,2977.18,2991.0,2939.57,0.68,20.19,23363406,41833135104.0,1.74,2.16
2021-08-11,2976.32,3017.69,3017.69,2950.49,1.36,40.51,24246057,41441433600.0,2.26,2.24
2021-08-12,3016.47,3047.03,3064.22,3013.94,0.97,29.34,26211672,46171420160.0,1.67,2.42
2021-08-13,3037.06,3010.79,3040.15,3006.35,-1.19,-36.24,27335769,44643894784.0,1.11,2.53
2021-08-16,3008.66,3008.58,3036.0,2971.54,-0.07,-2.21,22126104,41117398784.0,2.14,2.04
2021-08-17,3003.44,2895.77,3004.35,2887.09,-3.75,-112.81,25462215,43899089408.0,3.9,2.35
2021-08-18,2892.58,2895.17,2917.16,2869.41,-0.02,-0.6,19812853,34926679296.0,1.65,1.83
2021-08-19,2889.85,2909.05,2930.35,2873.63,0.48,13.88,22084879,35002693632.0,1.96,2.04
2021-08-20,2903.71,2923.32,2931.01,2868.84,0.49,14.27,22414076,36690779648.0,2.14,2.07
2021-08-23,2925.27,3000.37,3003.4,2925.27,2.64,77.05,24357939,40417694464.0,2.67,2.25
2021-08-24,2999.37,2996.32,3009.14,2973.08,-0.13,-4.05,23274462,40652439040.0,1.2,2.15
2021-08-25,2994.17,2994.96,2999.25,2965.27,-0.05,-1.36,19993169,34970293248.0,1.13,1.85
2021-08-26,2999.14,2956.61,3011.0,2953.59,-1.28,-38.35,20529615,37204249088.0,1.92,1.9
2021-08-27,2946.43,2942.84,2948.24,2914.61,-0.47,-13.77,24076975,41151774720.0,1.14,2.22
2021-08-30,2937.05,2940.11,2982.1,2927.75,-0.09,-2.73,25471548,47981166336.0,1.85,2.35
2021-08-31,2934.04,2891.67,2934.04,2859.42,-1.65,-48.44,25643954,43845952256.0,2.54,2.37
2021-09-01,2893.21,2855.32,2894.39,2807.36,-1.26,-36.35,23059565,42431490560.0,3.01,2.13
2021-09-02,2846.46,2858.71,2858.71,2832.48,0.12,3.39,20037217,33712668928.0,0.92,1.85
2021-09-03,2859.55,2873.16,2897.96,2839.01,0.51,14.45,21967760,35753380864.0,2.06,2.03
2021-09-06,2873.05,2905.53,2905.53,2851.17,1.13,32.37,18333347,31535033088.0,1.89,1.69
2021-09-07,2898.55,2918.27,2923.37,2893.22,0.44,12.74,20001262,31261625856.0,1.04,1.85
2021-09-08,2921.66,2949.5,2950.38,2915.72,1.07,31.23,31727880,45048714496.0,1.19,2.93
2021-09-09,2939.12,2907.26,2939.22,2892.72,-1.43,-42.24,23354023,37887039232.0,1.58,2.16
2021-09-10,2906.03,2941.15,2952.79,2895.46,1.17,33.89,23567450,41974784256.0,1.97,2.18
2021-09-13,2931.84,2903.96,2931.84,2883.55,-1.26,-37.19,20469728,34882723840.0,1.64,1.89
2021-09-14,2901.66,2889.98,2926.54,2878.17,-0.48,-13.98,19497926,30709989376.0,1.67,1.8
2021-09-15,2882.85,2895.61,2901.95,2858.53,0.19,5.63,17205672,25738147328.0,1.5,1.59
2021-09-16,2895.78,2832.38,2908.8,2831.44,-2.18,-63.23,20456312,29998779392.0,2.67,1.89
2021-09-17,2831.74,2812.28,2842.25,2778.08,-0.71,-20.1,17250931,23014145792.0,2.27,1.59
2021-09-22,2783.73,2823.46,2828.2,2776.73,0.4,11.18,15398768,22724684032.0,1.83,1.42
2021-09-23,2834.38,2851.89,2867.67,2833.25,1.01,28.43,17408351,29584957696.0,1.22,1.61
2021-09-24,2852.06,2808.16,2856.17,2806.25,-1.53,-43.73,20835035,29170118656.0,1.75,1.93
2021-09-27,2810.9,2737.49,2829.32,2713.74,-2.52,-70.67,19159229,29506417152.0,4.12,1.77
2021-09-28,2731.16,2735.03,2755.27,2721.77,-0.09,-2.46,13224615,21950220544.0,1.22,1.22
2021-09-29,2714.62,2656.67,2718.89,2656.67,-2.87,-78.36,15898620,23201858048.0,2.27,1.47
2021-09-30,2667.67,2717.04,2719.2,2667.67,2.27,60.37,11981584,20208646656.0,1.94,1.11
2021-10-08,2745.27,2761.87,2777.65,2744.33,1.65,44.83,20073045,27930099456.0,1.23,1.85
2021-10-11,2768.47,2768.57,2783.31,2755.15,0.24,6.7,16021707,23938473216.0,1.02,1.48
2021-10-12,2760.84,2711.99,2765.5,2685.24,-2.04,-56.58,17524786,26268732416.0,2.9,1.62
2021-10-13,2714.33,2742.41,2742.98,2698.09,1.12,30.42,15712106,21507963648.0,1.66,1.45
2021-10-14,2733.24,2751.99,2755.21,2721.85,0.35,9.58,13387733,20689210112.0,1.22,1.24
2021-10-15,2744.66,2763.95,2778.11,2736.25,0.43,11.96,17575607,30944856832.0,1.52,1.62
2021-10-18,2759.74,2762.02,2762.54,2740.12,-0.07,-1.93,16464768,28894276096.0,0.81,1.52
2021-10-19,2758.72,2752.13,2770.99,2743.72,-0.36,-9.89,13690228,22756870912.0,0.99,1.27
2021-10-20,2754.28,2736.91,2754.35,2734.99,-0.55,-15.22,13658643,20374170624.0,0.7,1.26
2021-10-21,2735.81,2710.76,2735.87,2702.71,-0.96,-26.15,15967162,23072420352.0,1.21,1.48
2021-10-22,2716.18,2716.93,2734.34,2704.83,0.23,6.17,15000196,26499676672.0,1.09,1.39
2021-10-25,2718.37,2736.96,2736.96,2697.56,0.74,20.03,17181121,24787001344.0,1.45,1.59
2021-10-26,2739.73,2751.46,2762.29,2734.45,0.53,14.5,21641082,35032542976.0,1.02,2.0
2021-10-27,2741.5,2699.08,2741.86,2690.03,-1.9,-52.38,18893992,28155152128.0,1.88,1.75
2021-10-28,2685.79,2628.92,2696.98,2623.46,-2.6,-70.16,18487782,27685797632.0,2.72,1.71
2021-10-29,2634.62,2697.92,2700.36,2630.65,2.62,69.0,21529941,34549463552.0,2.65,1.99
2021-11-01,2692.61,2726.06,2731.46,2687.45,1.04,28.14,25078328,39731407104.0,1.63,2.32
2021-11-02,2730.1,2719.56,2767.64,2697.79,-0.24,-6.5,25479621,43171777536.0,2.56,2.35
2021-11-03,2718.56,2731.65,2748.3,2706.27,0.44,12.09,23597732,34253791232.0,1.55,2.18
2021-11-04,2735.25,2795.38,2795.38,2735.15,2.33,63.73,22550369,38828124928.0,2.2,2.08
2021-11-05,2801.79,2808.79,2831.82,2796.05,0.48,13.41,25165316,44337816320.0,1.28,2.33
2021-11-08,2799.95,2799.02,2799.95,2765.31,-0.35,-9.77,20375277,36408958208.0,1.23,1.88
2021-11-09,2796.62,2841.84,2843.7,2794.74,1.53,42.82,17879949,33600891136.0,1.75,1.65
2021-11-10,2838.63,2879.29,2880.22,2831.98,1.32,37.45,23034158,40456097536.0,1.7,2.13
2021-11-11,2869.1,2917.32,2932.37,2862.38,1.32,38.03,24230620,46009098496.0,2.43,2.24
2021-11-12,2914.53,2946.6,2952.06,2911.83,1.0,29.28,21038185,37601597696.0,1.38,1.94
2021-11-15,2950.4,2949.72,2966.87,2937.38,0.11,3.12,20285875,36264549120.0,1.0,1.87
2021-11-16,2946.2,2921.26,2957.4,2916.38,-0.96,-28.46,21692932,37538093824.0,1.39,2.0
2021-11-17,2919.13,2959.33,2959.33,2916.69,1.3,38.07,18283760,28937108224.0,1.46,1.69
2021-11-18,2956.82,2926.05,2968.83,2926.05,-1.12,-33.28,19812766,30992680448.0,1.45,1.83
2021-11-19,2926.79,2966.1,2970.14,2926.27,1.37,40.05,17792904,31872898816.0,1.5,1.64
2021-11-22,2974.05,3040.21,3042.51,2972.78,2.5,74.11,24580711,45526395392.0,2.35,2.27
2021-11-23,3033.91,3038.23,3056.76,3025.1,-0.07,-1.98,20947194,37805007616.0,1.04,1.94
2021-11-24,3036.35,3032.71,3057.4,3028.2,-0.18,-5.52,18480684,32630849280.0,0.96,1.71
2021-11-25,3034.43,3032.64,3057.63,3022.56,0.0,-0.07,19169757,33270947584.0,1.16,1.77
2021-11-26,3024.68,2997.51,3024.68,2983.0,-1.16,-35.13,16896603,29697866496.0,1.37,1.56
2021-11-29,2955.12,2997.95,3008.91,2949.13,0.01,0.44,16988922,29498846976.0,1.99,1.57
2021-11-30,3014.2,3012.7,3040.33,2996.23,0.49,14.75,17000820,29932828160.0,1.47,1.57
2021-12-01,3010.94,3042.97,3043.42,3009.98,1.0,30.27,17096788,29661001216.0,1.11,1.58
2021-12-02,3038.3,2988.48,3039.26,2987.22,-1.79,-54.49,18277552,27610460672.0,1.71,1.69
2021-12-03,2987.97,2992.71,3004.64,2986.53,0.14,4.23,14549720,24254318592.0,0.61,1.34
2021-12-06,2996.42,2934.37,2996.93,2929.36,-1.95,-58.34,15901135,25329009664.0,2.26,1.47
2021-12-07,2948.23,2896.8,2951.53,2873.8,-1.28,-37.57,15749002,26185178624.0,2.65,1.46
2021-12-08,2907.05,2952.79,2952.79,2907.05,1.93,55.99,16040696,28457839360.0,1.58,1.48
2021-12-09,2954.8,3015.3,3030.39,2954.8,2.12,62.51,34496530,46515363840.0,2.56,3.19
2021-12-10,3004.76,3014.5,3021.53,2998.18,-0.03,-0.8,30655700,43715037440.0,0.77,2.83
2021-12-13,3016.75,3015.47,3020.16,2991.81,0.03,0.97,22900163,33809169152.0,0.94,2.12
2021-12-14,3011.24,3022.85,3025.78,3001.32,0.24,7.38,17945368,27971295744.0,0.81,1.66
2021-12-15,3021.75,3023.36,3040.39,3017.79,0.02,0.51,19929670,28396275200.0,0.75,1.84
2021-12-16,3030.43,3035.29,3042.81,3026.14,0.39,11.93,16685024,23683978752.0,0.55,1.54
2021-12-17,3034.7,2985.5,3034.79,2983.89,-1.64,-49.79,18637399,28305009408.0,1.68,1.72
2021-12-20,2975.14,2929.16,2985.0,2928.02,-1.89,-56.34,17788844,27643194624.0,1.91,1.64
2021-12-21,2925.21,2966.5,2966.5,2925.21,1.27,37.34,14323774,21928159232.0,1.41,1.32
2021-12-22,2968.92,2988.99,2999.82,2964.53,0.76,22.49,18819873,31508615168.0,1.19,1.74
2021-12-23,2984.86,2963.33,2985.06,2962.56,-0.86,-25.66,16052853,24790353408.0,0.75,1.48
2021-12-24,2966.76,2906.65,2974.03,2906.65,-1.91,-56.68,16821895,25898678784.0,2.27,1.55
2021-12-27,2904.14,2907.26,2923.52,2882.25,0.02,0.61,12838317,19427415808.0,1.42,1.19
2021-12-28,2914.18,2940.35,2940.35,2914.02,1.14,33.09,12695091,19684754944.0,0.91,1.17
2021-12-29,2939.88,2908.74,2939.88,2903.59,-1.08,-31.61,11837281,18550698240.0,1.23,1.09
2021-12-30,2907.01,2951.3,2966.68,2906.82,1.46,42.56,16968676,23222925824.0,2.06,1.57
2021-12-31,2954.17,2962.01,2970.85,2942.78,0.36,10.71,13830875,20966136064.0,0.95,1.28
2022-01-04,2964.89,2986.3,2986.46,2957.7,0.82,24.29,20867953,31176144896.0,0.97,1.93
2022-01-05,2994.58,2957.71,2999.07,2930.07,-0.96,-28.59,23470407,33293933568.0,2.31,2.17
2022-01-06,2940.99,2976.66,2989.69,2940.13,0.64,18.95,17652186,24490105088.0,1.68,1.63
2022-01-07,2974.6,2939.35,2992.33,2934.36,-1.25,-37.31,20429953,25331538432.0,1.95,1.89
2022-01-10,2932.35,2947.59,2958.52,2896.34,0.28,8.24,17473532,22995904256.0,2.12,1.61
2022-01-11,2948.95,2916.22,2958.96,2911.11,-1.06,-31.37,16772054,21769615360.0,1.62,1.55
2022-01-12,2922.66,2955.49,2955.59,2922.66,1.35,39.27,14626686,21449425664.0,1.13,1.35
2022-01-13,2955.36,2919.33,2955.55,2918.11,-1.22,-36.16,15769418,21460638208.0,1.27,1.46
2022-01-14,2908.98,2922.29,2947.88,2902.84,0.1,2.96,16700025,22572510464.0,1.54,1.54
2022-01-17,2928.72,2993.55,2993.67,2928.41,2.44,71.26,16095102,23852624640.0,2.23,1.49
2022-01-18,2995.91,2952.3,2996.74,2946.03,-1.38,-41.25,16431225,23979823872.0,1.69,1.52
2022-01-19,2934.32,2921.19,2949.76,2905.88,-1.05,-31.11,13456565,18742476544.0,1.49,1.24
2022-01-20,2918.12,2835.53,2920.04,2833.4,-2.93,-85.66,14203246,19519709440.0,2.97,1.31
2022-01-21,2831.16,2802.92,2841.88,2794.35,-1.15,-32.61,15234269,18461785088.0,1.68,1.41
2022-01-24,2788.24,2798.05,2815.34,2787.57,-0.17,-4.87,12416344,20588540928.0,0.99,1.15
2022-01-25,2792.3,2691.91,2802.54,2691.6,-3.79,-106.14,16164923,20858635776.0,3.96,1.49
2022-01-26,2705.5,2720.51,2729.09,2683.41,1.06,28.6,11751920,17069834752.0,1.7,1.09
2022-01-27,2716.84,2617.09,2716.84,2616.63,-3.8,-103.42,12453076,16589328128.0,3.68,1.15
2022-01-28,2625.45,2653.21,2687.83,2612.45,1.38,36.12,13241620,17336421376.0,2.88,1.22
2022-02-07,2698.35,2682.96,2709.08,2675.22,1.12,29.75,14270541,18611390720.0,1.28,1.32
2022-02-08,2677.73,2695.74,2696.81,2652.33,0.48,12.78,13604176,18796163840.0,1.66,1.26
2022-02-09,2698.61,2741.93,2742.05,2691.78,1.71,46.19,13498156,17669266432.0,1.86,1.25
2022-02-10,2745.53,2723.44,2745.53,2710.89,-0.67,-18.49,13265698,18632659712.0,1.26,1.23
2022-02-11,2712.88,2654.13,2712.88,2649.15,-2.54,-69.31,15649227,21222102784.0,2.34,1.45
2022-02-14,2635.07,2647.36,2666.1,2614.75,-0.26,-6.77,12892059,16727986176.0,1.93,1.19
2022-02-15,2650.98,2690.08,2690.08,2637.64,1.61,42.72,12986748,18321912576.0,1.98,1.2
2022-02-16,2699.81,2703.44,2711.49,2691.14,0.5,13.36,11562844,15814800384.0,0.76,1.07
2022-02-17,2695.39,2706.3,2731.5,2684.49,0.11,2.86,12024681,17937004800.0,1.74,1.11
2022-02-18,2691.21,2724.91,2725.65,2686.41,0.69,18.61,10766337,14494365952.0,1.45,0.99
2022-02-21,2730.67,2760.14,2761.4,2726.15,1.29,35.23,16666895,17893904128.0,1.29,1.54
2022-02-22,2742.91,2725.26,2742.91,2703.87,-1.26,-34.88,15358860,19949594880.0,1.41,1.42
2022-02-23,2730.85,2802.17,2804.34,2730.85,2.82,76.91,16621924,27803955968.0,2.7,1.54
2022-02-24,2788.84,2727.92,2812.2,2690.3,-2.65,-74.25,22657151,29415435008.0,4.35,2.09
2022-02-25,2753.64,2743.48,2780.76,2737.44,0.57,15.56,13643214,19937391360.0,1.59,1.26
2022-02-28,2742.28,2728.14,2745.53,2700.17,-0.56,-15.34,13314888,17731124992.0,1.65,1.23
2022-03-01,2735.66,2743.61,2744.17,2722.19,0.57,15.47,12672137,16876004096.0,0.81,1.17
2022-03-02,2725.57,2734.42,2736.06,2711.63,-0.33,-9.19,10572558,15511971584.0,0.89,0.98
2022-03-03,2746.58,2702.05,2748.14,2697.6,-1.18,-32.37,11283896,16863259392.0,1.85,1.04
2022-03-04,2690.73,2676.05,2721.04,2670.31,-0.96,-26.0,13003709,19317793792.0,1.88,1.2
2022-03-07,2664.66,2613.45,2664.66,2601.56,-2.34,-62.6,15836324,20759198464.0,2.36,1.46
2022-03-08,2614.53,2562.38,2627.86,2538.77,-1.95,-51.07,17152059,23481715200.0,3.41,1.59
2022-03-09,2571.32,2534.98,2595.73,2438.18,-1.07,-27.4,18497520,26089900032.0,6.15,1.71
2022-03-10,2590.32,2570.17,2603.2,2567.35,1.39,35.19,16153541,24255895808.0,1.41,1.49
2022-03-11,2540.74,2585.42,2586.53,2504.17,0.59,15.25,14063531,20764941056.0,3.2,1.3
2022-03-14,2566.87,2516.41,2571.86,2516.41,-2.67,-69.01,11752206,16337458432.0,2.14,1.09
2022-03-15,2505.79,2397.86,2517.03,2397.86,-4.71,-118.55,16364328,21926213376.0,4.74,1.51
2022-03-16,2437.64,2490.5,2492.89,2358.99,3.86,92.64,17511460,25875086080.0,5.58,1.62
2022-03-17,2519.68,2538.12,2578.78,2519.68,1.91,47.62,17702261,30907006976.0,2.37,1.64
2022-03-18,2529.79,2561.6,2565.69,2525.47,0.93,23.48,12861901,19526577920.0,1.58,1.19
2022-03-21,2565.46,2593.24,2600.32,2560.8,1.24,31.64,13994042,20713622528.0,1.54,1.29
2022-03-22,2584.28,2584.56,2607.51,2573.58,-0.33,-8.68,11567508,17657397248.0,1.31,1.07
2022-03-23,2589.26,2596.73,2603.43,2574.52,0.47,12.17,11316837,17699407360.0,1.12,1.05
2022-03-24,2584.0,2537.22,2584.0,2535.19,-2.29,-59.51,10548380,15876683264.0,1.88,0.97
2022-03-25,2545.87,2535.15,2561.61,2534.64,-0.08,-2.07,10773078,16197472512.0,1.06,1.0
2022-03-28,2518.55,2525.35,2543.34,2490.89,-0.39,-9.8,10408843,14160149248.0,2.07,0.96
2022-03-29,2533.54,2479.88,2533.81,2472.99,-1.8,-45.47,12464017,19918395392.0,2.41,1.15
2022-03-30,2493.31,2526.13,2526.13,2485.2,1.87,46.25,12966132,18424579840.0,1.65,1.2
2022-03-31,2520.03,2515.76,2524.68,2505.98,-0.41,-10.37,12533639,18616806656.0,0.74,1.16
2022-04-01,2506.68,2502.31,2521.34,2490.86,-0.53,-13.45,11388276,15603045376.0,1.21,1.05
2022-04-06,2494.83,2512.68,2520.01,2488.92,0.41,10.37,12819665,17440174848.0,1.24,1.18
2022-04-07,2512.31,2449.57,2513.89,2449.57,-2.51,-63.11,14608772,17640819200.0,2.56,1.35
2022-04-08,2448.16,2427.82,2454.34,2399.53,-0.89,-21.75,13008270,16001656576.0,2.24,1.2
2022-04-11,2417.96,2329.29,2417.96,2319.35,-4.06,-98.53,12900739,15222690304.0,4.06,1.19
2022-04-12,2325.54,2370.53,2370.53,2304.88,1.77,41.24,12603009,15241517056.0,2.82,1.16
2022-04-13,2362.25,2314.31,2362.25,2314.31,-2.37,-56.22,10200738,12488594944.0,2.02,0.94
2022-04-14,2324.05,2331.78,2346.57,2311.45,0.75,17.47,10063004,14494857984.0,1.52,0.93
2022-04-15,2319.36,2290.65,2319.36,2273.48,-1.76,-41.13,10224013,13603286272.0,1.97,0.94
2022-04-18,2278.63,2321.39,2324.58,2253.75,1.34,30.74,9453979,14444890368.0,3.09,0.87
2022-04-19,2314.63,2310.23,2335.01,2296.91,-0.48,-11.16,9721377,12697804288.0,1.64,0.9
2022-04-20,2315.54,2299.98,2338.59,2291.89,-0.44,-10.25,10277427,12324812032.0,2.02,0.95
2022-04-21,2291.09,2213.96,2310.51,2209.67,-3.74,-86.02,13123747,14654984192.0,4.38,1.21
2022-04-22,2202.95,2178.8,2210.05,2166.18,-1.59,-35.16,10704430,13264749568.0,1.98,0.99
2022-04-25,2137.73,1996.2,2137.73,1994.66,-8.38,-182.6,16876498,17932455168.0,6.57,1.56
2022-04-26,1996.29,1920.62,2007.84,1915.56,-3.79,-75.58,14667457,14803875584.0,4.62,1.36
2022-04-27,1888.28,1994.34,1995.2,1869.13,3.84,73.72,16817117,17617717248.0,6.56,1.55
2022-04-28,1981.07,1964.31,1994.66,1938.85,-1.51,-30.03,14735077,17297422080.0,2.8,1.36
2022-04-29,1980.39,2055.97,2064.11,1980.34,4.67,91.66,17184966,18537177856.0,4.26,1.59
2022-05-05,2053.4,2077.3,2097.92,2042.22,1.04,21.33,12691709,14492878336.0,2.71,1.17
2022-05-06,2025.23,2058.2,2081.49,2013.87,-0.92,-19.1,11198354,11416606976.0,3.26,1.03
2022-05-09,2055.63,2091.1,2098.96,2055.63,1.6,32.9,10159066,9652978688.0,2.11,0.94
2022-05-10,2067.56,2138.17,2139.81,2058.24,2.25,47.07,14200433,17300642560.0,3.9,1.31
2022-05-11,2142.92,2157.79,2212.29,2142.31,0.92,19.62,19853256,22735515136.0,3.27,1.83
2022-05-12,2144.63,2174.61,2189.65,2143.66,0.78,16.82,14711089,17062234368.0,2.13,1.36
2022-05-13,2180.68,2176.51,2183.58,2155.82,0.09,1.9,10379735,12506508032.0,1.28,0.96
2022-05-16,2188.66,2176.26,2201.33,2167.48,-0.01,-0.25,10729117,11748409856.0,1.56,0.99
2022-05-17,2176.45,2193.09,2193.09,2156.01,0.77,16.83,12225955,15531539712.0,1.7,1.13
2022-05-18,2196.64,2228.45,2241.89,2191.79,1.61,35.36,11832728,14298031360.0,2.28,1.09
2022-05-19,2198.03,2250.12,2250.12,2190.82,0.97,21.67,12573836,14847327744.0,2.66,1.16
2022-05-20,2259.79,2284.13,2284.13,2254.11,1.51,34.01,15107116,16022968576.0,1.33,1.4
2022-05-23,2293.95,2306.5,2306.53,2280.99,0.98,22.37,12729365,13902173184.0,1.12,1.18
2022-05-24,2307.42,2202.06,2308.22,2201.8,-4.53,-104.44,16623239,17773623808.0,4.61,1.54
2022-05-25,2199.21,2232.11,2232.12,2199.21,1.36,30.05,10184705,12031817984.0,1.49,0.94
2022-05-26,2241.97,2231.74,2247.57,2187.97,-0.02,-0.37,12279052,13828798208.0,2.67,1.13
2022-05-27,2241.75,2223.78,2259.88,2206.06,-0.36,-7.96,11558769,12536026112.0,2.41,1.07
2022-05-30,2235.49,2249.56,2251.72,2224.0,1.16,25.78,12042833,12635864064.0,1.25,1.11
2022-05-31,2254.5,2292.02,2293.93,2220.09,1.89,42.46,18614049,22648480512.0,3.28,1.72
2022-06-01,2287.03,2312.91,2321.64,2282.83,0.91,20.89,13560234,18524340736.0,1.69,1.25
2022-06-02,2310.35,2353.26,2354.79,2297.33,1.74,40.35,14365809,20694451456.0,2.48,1.33
2022-06-06,2361.89,2403.36,2409.47,2361.78,2.13,50.1,16659239,23856262912.0,2.03,1.54
2022-06-07,2411.27,2381.69,2411.27,2363.39,-0.9,-21.67,14557532,19569697024.0,1.99,1.35
2022-06-08,2378.59,2368.11,2395.0,2325.44,-0.57,-13.58,14605094,18318156288.0,2.92,1.35
2022-06-09,2366.76,2307.4,2366.76,2297.96,-2.56,-60.71,13909705,16480755456.0,2.91,1.29
2022-06-10,2297.94,2343.2,2346.26,2294.63,1.55,35.8,13528582,17639951616.0,2.24,1.25
2022-06-13,2326.39,2342.5,2356.2,2319.71,-0.03,-0.7,14416629,17608834304.0,1.56,1.33
2022-06-14,2325.19,2324.86,2325.19,2259.51,-0.75,-17.64,15180324,19850207744.0,2.8,1.4
2022-06-15,2329.98,2351.86,2383.51,2329.13,1.16,27.0,29204139,27412971008.0,2.34,2.7
2022-06-16,2358.79,2392.96,2405.97,2358.32,1.75,41.1,25709630,28402942720.0,2.03,2.38
2022-06-17,2377.86,2396.04,2400.32,2354.83,0.13,3.08,18579633,22262349592.0,1.9,1.72
2022-06-20,2399.05,2429.42,2438.84,2399.05,1.39,33.38,16877108,23617283100.0,1.66,1.56
2022-06-21,2441.1,2435.1,2453.39,2410.74,0.23,5.68,18958852,23691305984.0,1.76,1.75
2022-06-22,2440.79,2395.57,2444.7,2394.54,-1.62,-39.53,16892948,24129680837.0,2.06,1.56
2022-06-23,2397.7,2464.17,2464.17,2397.07,2.86,68.6,20566428,27541746246.0,2.8,1.9
2022-06-24,2474.21,2493.03,2500.58,2471.27,1.17,28.86,20550795,27200251332.0,1.19,1.9
2022-06-27,2500.28,2508.49,2509.64,2481.39,0.62,15.46,19178786,26245067124.0,1.13,1.77
2022-06-28,2506.4,2573.87,2575.54,2493.67,2.61,65.38,25005425,31931207032.0,3.26,2.31
2022-06-29,2565.13,2502.23,2584.0,2502.2,-2.78,-71.64,22831917,31520126044.0,3.18,2.11
2022-06-30,2504.8,2524.75,2541.45,2502.94,0.9,22.52,18110600,24936852525.0,1.54,1.67
2022-07-01,2531.67,2523.15,2551.43,2514.28,-0.06,-1.6,16429984,21251154716.0,1.47,1.52
2022-07-04,2507.43,2505.67,2507.68,2467.75,-0.69,-17.48,16257374,23959914203.0,1.58,1.5
2022-07-05,2504.06,2476.19,2516.58,2445.05,-1.18,-29.48,16433438,22873574317.0,2.85,1.52
2022-07-06,2478.58,2493.02,2516.25,2467.36,0.68,16.83,15190980,24924765178.0,1.97,1.4
2022-07-07,2498.51,2508.14,2512.89,2479.1,0.61,15.12,16831041,22282032633.0,1.36,1.56
2022-07-08,2522.38,2528.12,2557.37,2519.9,0.8,19.98,16874510,25403907696.0,1.49,1.56
2022-07-11,2524.39,2492.21,2524.39,2470.78,-1.42,-35.91,15014014,20108799789.0,2.12,1.39
2022-07-12,2492.91,2430.77,2493.23,2430.41,-2.47,-61.44,12532221,17834092490.0,2.52,1.16
2022-07-13,2438.92,2456.97,2468.41,2435.39,1.08,26.2,11972639,15406559115.0,1.36,1.11
2022-07-14,2453.58,2484.88,2500.03,2452.71,1.14,27.91,14036996,18865541764.0,1.93,1.3
2022-07-15,2471.91,2446.46,2487.71,2446.46,-1.55,-38.42,16652971,21791096738.0,1.66,1.54
2022-07-18,2452.17,2508.28,2508.64,2452.17,2.53,61.82,15346157,18754038032.0,2.31,1.42
2022-07-19,2514.2,2536.47,2537.7,2507.55,1.12,28.19,13770719,18438476987.0,1.2,1.27
2022-07-20,2549.95,2570.88,2571.42,2548.22,1.36,34.41,13869834,19350251828.0,0.91,1.28
2022-07-21,2573.15,2607.55,2626.6,2565.85,1.43,36.67,16627472,24572953974.0,2.36,1.54
2022-07-22,2613.57,2598.19,2625.35,2578.28,-0.36,-9.36,16112956,21605620871.0,1.81,1.49
2022-07-25,2589.47,2548.82,2598.53,2540.32,-1.9,-49.37,12805328,16855741909.0,2.24,1.18
2022-07-26,2550.19,2574.96,2574.96,2514.04,1.03,26.14,10737800,14118560562.0,2.39,0.99
2022-07-27,2571.74,2602.66,2606.35,2569.81,1.08,27.7,10826532,15554212078.0,1.42,1.0
2022-07-28,2619.8,2658.09,2667.39,2619.8,2.13,55.43,19039811,24612221538.0,1.83,1.76
2022-07-29,2666.89,2626.57,2666.89,2624.78,-1.19,-31.52,14353983,20645104677.0,1.58,1.33
2022-08-01,2628.42,2649.43,2651.06,2603.2,0.87,22.86,14513052,23841286119.0,1.82,1.34
2022-08-02,2617.82,2560.27,2617.82,2535.09,-3.37,-89.16,20302146,26694760142.0,3.12,1.88
2022-08-03,2568.56,2570.67,2636.07,2563.14,0.41,10.4,18867800,28439314918.0,2.85,1.74
2022-08-04,2589.07,2629.08,2629.08,2585.57,2.27,58.41,15093566,22146798373.0,1.69,1.39
2022-08-05,2638.27,2721.8,2721.8,2634.3,3.53,92.72,22751535,36474931126.0,3.33,2.1
2022-08-08,2724.47,2748.6,2748.6,2704.57,0.98,26.8,16954607,28759638448.0,1.62,1.57
2022-08-09,2739.68,2778.49,2780.11,2722.92,1.09,29.89,15506280,25661705218.0,2.08,1.43
2022-08-10,2760.93,2789.76,2798.28,2752.95,0.41,11.27,17112852,26633658564.0,1.63,1.58
2022-08-11,2799.47,2850.92,2862.2,2799.47,2.19,61.16,25657227,35476621203.0,2.25,2.37
2022-08-12,2853.45,2817.17,2866.97,2816.47,-1.18,-33.75,21251442,30286314838.0,1.77,1.96
2022-08-15,2819.93,2846.74,2849.55,2812.17,1.05,29.57,18461653,26614561217.0,1.33,1.71
2022-08-16,2849.43,2864.94,2874.63,2838.93,0.64,18.2,19405737,26624157881.0,1.25,1.79
2022-08-17,2865.86,2892.29,2900.11,2848.58,0.95,27.35,22425649,30890599718.0,1.8,2.07
2022-08-18,2884.55,2949.19,2953.43,2880.32,1.97,56.9,25508776,40809457885.0,2.53,2.36
2022-08-19,2959.88,2894.66,2972.92,2893.9,-1.85,-54.53,25921702,37685617826.0,2.68,2.4
2022-08-22,2887.66,2910.75,2921.49,2868.96,0.56,16.09,19003375,28594394458.0,1.81,1.76
2022-08-23,2903.58,2913.91,2923.35,2891.36,0.11,3.16,18181799,25165087623.0,1.1,1.68
2022-08-24,2912.49,2783.05,2915.28,2776.98,-4.49,-130.86,21511063,30109386504.0,4.75,1.99
2022-08-25,2785.45,2732.6,2792.36,2704.74,-1.81,-50.45,16449361,21808211248.0,3.15,1.52
2022-08-26,2731.6,2697.82,2750.98,2689.53,-1.27,-34.78,14253681,19682652472.0,2.25,1.32
2022-08-29,2658.42,2713.54,2717.99,2636.83,0.58,15.72,13026596,17925194551.0,3.01,1.2
2022-08-30,2715.26,2717.94,2749.04,2699.48,0.16,4.4,14224525,19281378559.0,1.83,1.31
2022-08-31,2709.86,2615.6,2716.58,2610.07,-3.77,-102.34,16702683,21082501030.0,3.92,1.54
2022-09-01,2617.56,2588.92,2637.35,2581.58,-1.02,-26.68,13007248,14742474345.0,2.13,1.2
2022-09-02,2590.09,2649.43,2654.55,2587.36,2.34,60.51,12133663,15827307174.0,2.6,1.12
2022-09-05,2650.1,2631.18,2655.14,2615.19,-0.69,-18.25,11105190,14812662375.0,1.51,1.03
2022-09-06,2638.99,2666.1,2666.11,2618.74,1.33,34.92,11622378,15313356203.0,1.8,1.07
2022-09-07,2661.54,2697.6,2713.73,2657.47,1.18,31.5,12848422,20221267374.0,2.11,1.19
2022-09-08,2695.87,2651.34,2698.71,2649.53,-1.71,-46.26,10541121,15772520842.0,1.82,0.97
2022-09-09,2653.52,2641.12,2655.83,2610.19,-0.39,-10.22,9261232,12518755849.0,1.72,0.86
2022-09-13,2649.99,2649.22,2682.22,2641.25,0.31,8.1,9140822,12696875783.0,1.55,0.84
2022-09-14,2609.19,2622.47,2631.6,2600.86,-1.01,-26.75,10390006,13715465817.0,1.16,0.96
2022-09-15,2629.39,2537.29,2633.29,2510.76,-3.25,-85.18,13682813,19178242184.0,4.67,1.26
2022-09-16,2531.71,2485.72,2551.44,2485.72,-2.03,-51.57,12650983,15362005313.0,2.59,1.17
2022-09-19,2486.08,2445.6,2500.05,2433.72,-1.61,-40.12,10944906,13363754311.0,2.67,1.01
2022-09-20,2460.89,2475.72,2491.38,2457.5,1.23,30.12,9908310,14794810745.0,1.39,0.92
2022-09-21,2469.49,2470.27,2482.37,2427.5,-0.22,-5.45,10610665,14173216746.0,2.22,0.98
2022-09-22,2453.69,2461.85,2490.38,2450.27,-0.34,-8.42,9135818,13067900663.0,1.62,0.84
2022-09-23,2464.0,2396.53,2466.1,2380.07,-2.65,-65.32,9821368,13420765464.0,3.49,0.91
2022-09-26,2381.06,2361.21,2407.44,2358.03,-1.47,-35.32,9191765,11564692622.0,2.06,0.85
2022-09-27,2368.6,2416.64,2416.64,2368.48,2.35,55.43,9451179,12372300762.0,2.04,0.87
2022-09-28,2413.25,2336.75,2413.25,2336.75,-3.31,-79.89,9448148,12266851378.0,3.17,0.87
2022-09-29,2360.73,2329.35,2366.81,2318.48,-0.32,-7.4,9710738,11169113964.0,2.07,0.9
2022-09-30,2328.33,2284.68,2338.5,2284.68,-1.92,-44.67,9456335,11173263855.0,2.31,0.87
2022-10-10,2283.85,2209.15,2288.55,2202.23,-3.31,-75.53,10285968,14175196818.0,3.78,0.95
2022-10-11,2216.76,2217.92,2227.36,2187.91,0.4,8.77,8623753,11389966053.0,1.79,0.8
2022-10-12,2216.12,2312.38,2312.39,2203.36,4.26,94.46,15977264,17097565777.0,4.92,1.48
2022-10-13,2307.74,2333.27,2359.81,2298.97,0.9,20.89,13384188,15648288646.0,2.63,1.24
2022-10-14,2354.77,2385.82,2387.37,2343.04,2.25,52.55,13908193,16438625014.0,1.9,1.29
2022-10-17,2371.82,2441.49,2441.93,2370.17,2.33,55.67,14988077,17342414677.0,3.01,1.39
2022-10-18,2449.98,2437.67,2451.66,2418.46,-0.16,-3.82,12645185,14462851489.0,1.36,1.17
2022-10-19,2432.16,2424.72,2455.31,2424.72,-0.53,-12.95,11323047,13631785468.0,1.25,1.05
2022-10-20,2418.39,2458.49,2485.66,2393.23,1.39,33.77,13767616,19741686938.0,3.81,1.27
2022-10-21,2454.47,2450.46,2471.54,2425.66,-0.33,-8.03,11033769,14285388589.0,1.87,1.02
2022-10-24,2460.88,2431.85,2502.97,2414.96,-0.76,-18.61,13559276,15752082928.0,3.59,1.25
2022-10-25,2419.95,2436.4,2463.61,2396.56,0.19,4.55,11282629,14494337821.0,2.76,1.04
2022-10-26,2439.36,2496.34,2506.79,2431.88,2.46,59.94,12997395,17596639414.0,3.07,1.2
2022-10-27,2501.5,2500.89,2528.95,2496.42,0.18,4.55,13465835,18477751812.0,1.3,1.24
2022-10-28,2481.02,2412.81,2506.16,2403.23,-3.52,-88.08,14983849,20173620999.0,4.12,1.38
2022-10-31,2402.06,2459.82,2479.1,2402.06,1.95,47.01,16280318,19085661995.0,3.19,1.5
2022-11-01,2470.96,2522.78,2522.78,2459.72,2.56,62.96,16278263,20582624447.0,2.56,1.5
2022-11-02,2541.38,2573.5,2581.77,2539.0,2.01,50.72,19580786,25917084554.0,1.7,1.81
2022-11-03,2557.64,2615.07,2617.0,2554.46,1.62,41.57,17302062,26231870545.0,2.43,1.6
2022-11-04,2616.24,2636.6,2637.96,2603.35,0.82,21.53,16977670,24975120569.0,1.32,1.57
2022-11-07,2642.96,2668.22,2677.88,2635.87,1.2,31.62,19623103,27657636363.0,1.59,1.81
2022-11-08,2667.35,2646.77,2667.38,2628.61,-0.8,-21.45,16794438,22106589637.0,1.45,1.55
2022-11-09,2639.28,2629.77,2645.74,2621.37,-0.64,-17.0,12095024,15599647780.0,0.92,1.12
2022-11-10,2617.52,2594.05,2631.38,2589.67,-1.36,-35.72,13642431,18017411942.0,1.59,1.26
2022-11-11,2643.06,2593.59,2653.23,2593.3,-0.02,-0.46,20858284,28453761691.0,2.31,1.93
2022-11-14,2589.35,2577.58,2611.67,2567.52,-0.62,-16.01,16428253,23606189431.0,1.7,1.52
2022-11-15,2573.49,2664.31,2664.31,2568.33,3.36,86.73,23528442,32009710248.0,3.72,2.17
2022-11-16,2666.19,2658.28,2678.29,2648.37,-0.23,-6.03,18446057,22905232818.0,1.12,1.7
2022-11-17,2651.57,2683.48,2683.48,2623.23,0.95,25.2,17998587,25841115789.0,2.27,1.66
2022-11-18,2681.69,2637.29,2690.79,2633.92,-1.72,-46.19,17090942,23506441277.0,2.12,1.58
2022-11-21,2634.05,2650.83,2650.83,2603.64,0.51,13.54,13906359,17904878597.0,1.79,1.29
2022-11-22,2646.55,2628.75,2669.77,2617.29,-0.83,-22.08,15366752,18721813402.0,1.98,1.42
2022-11-23,2623.15,2602.61,2623.15,2552.82,-0.99,-26.14,13865484,17930966139.0,2.68,1.28
2022-11-24,2608.3,2604.98,2619.79,2594.05,0.09,2.37,11416496,15488235069.0,0.99,1.06
2022-11-25,2601.58,2569.77,2615.61,2569.13,-1.35,-35.21,10227718,13654487523.0,1.78,0.95
2022-11-28,2539.21,2552.23,2559.15,2524.94,-0.68,-17.54,11105531,13488113528.0,1.33,1.03
2022-11-29,2557.15,2590.21,2593.09,2553.62,1.49,37.98,11756761,15270491232.0,1.55,1.09
2022-11-30,2589.55,2580.13,2593.73,2570.98,-0.39,-10.08,11527953,14541657372.0,0.88,1.07
2022-12-01,2599.73,2611.07,2624.82,2599.73,1.2,30.94,13163963,17272943866.0,0.97,1.22
2022-12-02,2605.43,2621.83,2641.09,2602.67,0.41,10.76,11295177,14878889393.0,1.47,1.04
2022-12-05,2633.52,2640.21,2647.21,2620.96,0.7,18.38,17235845,20528974321.0,1.0,1.59
2022-12-06,2634.59,2647.69,2661.48,2629.65,0.28,7.48,14962925,20137341892.0,1.21,1.38
2022-12-07,2642.91,2636.85,2648.37,2626.67,-0.41,-10.84,12492799,16156444364.0,0.82,1.15
2022-12-08,2632.3,2617.04,2634.72,2614.91,-0.75,-19.81,11086794,14265339685.0,0.75,1.02
2022-12-09,2619.17,2614.82,2632.52,2610.17,-0.08,-2.22,11138140,15098031058.0,0.85,1.03
2022-12-12,2609.87,2624.97,2633.14,2590.04,0.39,10.15,12376697,17407161460.0,1.65,1.14
2022-12-13,2624.69,2598.04,2624.69,2595.7,-1.03,-26.93,10116413,14011896383.0,1.1,0.93
2022-12-14,2622.88,2617.47,2648.56,2612.71,0.75,19.43,12977501,18109939967.0,1.38,1.2
2022-12-15,2609.15,2655.74,2666.08,2601.3,1.46,38.27,13865856,20334628639.0,2.47,1.28
2022-12-16,2639.33,2604.19,2643.48,2597.04,-1.94,-51.55,11773957,14544506475.0,1.75,1.09
2022-12-19,2599.25,2535.21,2603.08,2527.1,-2.65,-68.98,12764249,14271106151.0,2.92,1.18
2022-12-20,2533.22,2536.59,2555.47,2517.39,0.05,1.38,10088309,12909796096.0,1.5,0.93
2022-12-21,2533.67,2494.95,2534.26,2484.3,-1.64,-41.64,8818814,11869842805.0,1.97,0.81
2022-12-22,2507.54,2451.64,2509.49,2446.36,-1.74,-43.31,8972918,11405328693.0,2.53,0.83
2022-12-23,2441.63,2431.2,2453.77,2413.47,-0.83,-20.44,8447826,10706063946.0,1.64,0.78
2022-12-26,2431.42,2488.79,2488.79,2431.09,2.37,57.59,8745518,11469364682.0,2.37,0.81
2022-12-27,2493.37,2499.13,2500.33,2473.78,0.42,10.34,7698216,10499454618.0,1.07,0.71
2022-12-28,2494.88,2452.7,2494.88,2449.2,-1.86,-46.43,8194570,10119914218.0,1.83,0.76
2022-12-29,2449.77,2438.74,2465.31,2438.74,-0.57,-13.96,7707533,9294371307.0,1.08,0.71
2022-12-30,2448.17,2445.93,2455.58,2438.79,0.29,7.19,7149338,8598403725.0,0.69,0.66
2023-01-03,2449.26,2511.71,2515.6,2441.08,2.69,65.78,10719644,12792625345.0,3.05,0.99
2023-01-04,2516.66,2507.53,2528.25,2492.04,-0.17,-4.18,12505194,14742467538.0,1.44,1.16
2023-01-05,2511.12,2530.05,2532.65,2499.67,0.9,22.52,14499817,19189651802.0,1.32,1.34
2023-01-06,2533.58,2534.05,2553.78,2526.99,0.16,4.0,17799893,20149765975.0,1.06,1.64
2023-01-09,2537.07,2545.08,2561.43,2534.71,0.44,11.03,12583793,15106547919.0,1.05,1.16
2023-01-10,2547.29,2553.18,2563.78,2539.88,0.32,8.1,10660332,13924698227.0,0.94,0.99
2023-01-11,2556.74,2521.17,2566.23,2518.62,-1.25,-32.01,13026794,16462202485.0,1.86,1.2
2023-01-12,2518.47,2530.76,2541.12,2510.09,0.38,9.59,13359619,14549484493.0,1.23,1.23
2023-01-13,2535.46,2534.2,2536.46,2519.1,0.14,3.44,10891265,12071466642.0,0.69,1.01
2023-01-16,2535.32,2576.26,2582.33,2535.03,1.66,42.06,15684148,18355162507.0,1.87,1.45
2023-01-17,2579.47,2587.71,2602.9,2575.35,0.44,11.45,14514678,17654086156.0,1.07,1.34
2023-01-18,2590.22,2599.06,2605.12,2578.54,0.44,11.35,11596242,13295051669.0,1.03,1.07
2023-01-19,2595.66,2623.66,2623.66,2590.31,0.95,24.6,15512599,16658773563.0,1.28,1.43
2023-01-20,2626.65,2635.3,2642.5,2623.79,0.44,11.64,13668767,15997497732.0,0.71,1.26
2023-01-30,2662.5,2674.8,2682.31,2657.84,1.5,39.5,20451668,24738150407.0,0.93,1.89
2023-01-31,2663.39,2684.9,2684.95,2656.48,0.38,10.1,19698285,22138651343.0,1.06,1.82
2023-02-01,2691.75,2735.14,2735.15,2691.5,1.87,50.24,19209923,22985876290.0,1.63,1.78
2023-02-02,2740.9,2740.0,2757.77,2731.14,0.18,4.86,18175390,23892572557.0,0.97,1.68
2023-02-03,2734.32,2750.31,2759.69,2709.37,0.38,10.31,20333005,25307652948.0,1.84,1.88
2023-02-06,2741.62,2736.52,2751.39,2723.59,-0.5,-13.79,18599576,24358018694.0,1.01,1.72
2023-02-07,2738.12,2758.69,2758.74,2732.52,0.81,22.17,15943138,20452250549.0,0.96,1.47
2023-02-08,2761.38,2742.69,2770.25,2740.14,-0.58,-16.0,15435457,18747155585.0,1.09,1.43
2023-02-09,2737.04,2812.13,2812.23,2732.08,2.53,69.44,21171475,26435792445.0,2.92,1.96
2023-02-10,2804.14,2802.04,2828.6,2785.75,-0.36,-10.09,18708883,22601476070.0,1.52,1.73
2023-02-13,2801.89,2822.06,2823.47,2795.61,0.71,20.02,17224352,22082897098.0,0.99,1.59
2023-02-14,2831.26,2825.17,2840.39,2815.72,0.11,3.11,16324650,21011307796.0,0.87,1.51
2023-02-15,2821.0,2851.13,2853.04,2821.0,0.92,25.96,24900153,25298217880.0,1.13,2.3
2023-02-16,2848.78,2773.04,2855.48,2754.49,-2.74,-78.09,25526283,29824964353.0,3.54,2.36
2023-02-17,2774.8,2727.99,2786.51,2727.47,-1.62,-45.05,19253574,22187151775.0,2.13,1.78
2023-02-20,2728.54,2762.83,2762.83,2712.62,1.28,34.84,16275014,18531787941.0,1.84,1.5
2023-02-21,2765.9,2766.23,2781.13,2744.25,0.12,3.4,15689933,17193270575.0,1.33,1.45
2023-02-22,2757.14,2775.12,2780.58,2747.32,0.32,8.89,13536787,14165004907.0,1.2,1.25
2023-02-23,2774.61,2775.44,2781.09,2761.05,0.01,0.32,13784072,15996500740.0,0.72,1.27
2023-02-24,2777.66,2777.58,2788.82,2758.63,0.08,2.14,14141186,15703841940.0,1.09,1.31
2023-02-27,2768.44,2753.26,2779.62,2740.66,-0.88,-24.32,14663552,17264180708.0,1.4,1.36
2023-02-28,2760.4,2769.08,2785.92,2739.04,0.57,15.82,14884005,18716929095.0,1.7,1.38
2023-03-01,2768.82,2801.26,2801.59,2765.64,1.16,32.18,17767088,20958390404.0,1.3,1.64
2023-03-02,2798.3,2777.53,2811.2,2774.43,-0.85,-23.73,16544116,19932017217.0,1.31,1.53
2023-03-03,2789.87,2796.32,2811.16,2769.02,0.68,18.79,14563160,19715526826.0,1.52,1.35
2023-03-06,2799.66,2808.04,2814.62,2782.3,0.42,11.72,14135312,18529012688.0,1.16,1.31
2023-03-07,2808.53,2748.76,2816.93,2748.3,-2.11,-59.28,19775959,20826155414.0,2.44,1.83
2023-03-08,2742.15,2790.39,2790.39,2741.3,1.51,41.63,14233747,17429532625.0,1.79,1.32
2023-03-09,2793.25,2816.78,2822.0,2791.67,0.95,26.39,13577175,20863352260.0,1.09,1.25
2023-03-10,2800.69,2792.89,2817.48,2788.19,-0.85,-23.89,14283248,20155111689.0,1.04,1.32
2023-03-13,2784.01,2793.67,2802.46,2765.23,0.03,0.78,14806612,20140845232.0,1.33,1.37
2023-03-14,2787.39,2774.7,2787.39,2728.12,-0.68,-18.97,16576214,23127339593.0,2.12,1.53
2023-03-15,2783.44,2796.73,2827.65,2780.44,0.79,22.03,16639218,23600667615.0,1.7,1.54
2023-03-16,2783.26,2758.04,2794.87,2751.44,-1.38,-38.69,15508100,21835839614.0,1.55,1.43
2023-03-17,2775.04,2790.79,2806.04,2770.86,1.19,32.75,19026595,25289463685.0,1.28,1.76
2023-03-20,2792.48,2808.67,2817.83,2781.95,0.64,17.88,20894383,29150720003.0,1.29,1.93
2023-03-21,2808.58,2831.65,2831.65,2790.64,0.82,22.98,15418737,20247372569.0,1.46,1.42
2023-03-22,2837.35,2852.61,2852.61,2825.8,0.74,20.96,23139915,27111419279.0,0.95,2.14
2023-03-23,2841.79,2878.72,2878.72,2837.53,0.92,26.11,24108027,32628080869.0,1.44,2.23
2023-03-24,2882.57,2890.18,2892.92,2864.82,0.4,11.46,24144826,32071641399.0,0.98,2.23
2023-03-27,2891.22,2887.51,2900.16,2853.35,-0.09,-2.67,25624637,31954969837.0,1.62,2.37
2023-03-28,2883.0,2835.01,2883.0,2833.63,-1.82,-52.5,19055477,24931859226.0,1.71,1.76
2023-03-29,2839.99,2861.16,2882.56,2827.66,0.92,26.15,18093680,26652869124.0,1.94,1.67
2023-03-30,2861.55,2865.48,2878.64,2840.65,0.15,4.32,18397996,25653042924.0,1.33,1.7
2023-03-31,2865.34,2889.39,2892.3,2853.54,0.83,23.91,18556996,28078874257.0,1.35,1.71
2023-04-03,2900.35,2941.57,2941.57,2899.83,1.81,52.18,23868157,37275395297.0,1.44,2.21
2023-04-04,2941.31,2949.87,2967.6,2928.3,0.28,8.3,29788092,47274145299.0,1.34,2.75
2023-04-06,2940.73,3003.98,3021.56,2936.27,1.83,54.11,31106707,53463391292.0,2.89,2.87
2023-04-07,3003.88,3016.55,3017.13,2985.99,0.42,12.57,22762536,38570603785.0,1.04,2.1
2023-04-10,3014.59,2959.2,3031.69,2949.84,-1.9,-57.35,25345507,41645408374.0,2.71,2.34
2023-04-11,2963.31,2960.26,2980.03,2936.32,0.04,1.06,22624453,34516555542.0,1.48,2.09
2023-04-12,2964.52,3006.58,3006.58,2956.3,1.56,46.32,25647720,38363796170.0,1.7,2.37
2023-04-13,2996.24,2944.11,2996.24,2940.85,-2.08,-62.47,24653749,36009400337.0,1.84,2.28
2023-04-14,2951.14,2981.54,2986.48,2909.07,1.27,37.43,21053605,35397275981.0,2.63,1.95
2023-04-17,2980.0,2992.49,3005.97,2979.59,0.37,10.95,19855640,32586162983.0,0.88,1.83
2023-04-18,2986.75,2934.92,2988.0,2920.27,-1.92,-57.57,21516321,33612301843.0,2.26,1.99
2023-04-19,2930.57,2940.12,2972.92,2930.19,0.18,5.2,22234189,33304411291.0,1.46,2.05
2023-04-20,2934.2,2953.21,2953.26,2924.76,0.45,13.09,20080266,32307334508.0,0.97,1.86
2023-04-21,2950.3,2813.85,2950.3,2813.66,-4.72,-139.36,28861958,38801524870.0,4.63,2.67
2023-04-24,2804.46,2777.25,2813.7,2764.43,-1.3,-36.6,20550182,29500821634.0,1.75,1.9
2023-04-25,2774.57,2708.08,2778.48,2673.29,-2.49,-69.17,24671534,32524752769.0,3.79,2.28
2023-04-26,2690.11,2703.66,2723.76,2669.17,-0.16,-4.42,20604948,27559263833.0,2.02,1.9
2023-04-27,2678.36,2695.32,2725.75,2673.99,-0.31,-8.34,17348252,22083477494.0,1.91,1.6
2023-04-28,2694.37,2760.79,2762.71,2694.37,2.43,65.47,16609952,23311072229.0,2.54,1.53
2023-05-04,2749.06,2749.19,2767.06,2732.28,-0.42,-11.6,19046627,23062133864.0,1.26,1.76
2023-05-05,2746.57,2731.64,2746.99,2708.61,-0.64,-17.55,18273159,20494041091.0,1.4,1.69
2023-05-08,2734.37,2749.88,2751.54,2726.38,0.67,18.24,17171227,21014826556.0,0.92,1.59
2023-05-09,2746.53,2700.82,2751.4,2700.82,-1.78,-49.06,19664546,23705977082.0,1.84,1.82
2023-05-10,2697.73,2708.96,2716.38,2683.2,0.3,8.14,14862578,18262531686.0,1.23,1.37
2023-05-11,2718.28,2727.27,2742.09,2710.91,0.68,18.31,13797568,16941339520.0,1.15,1.28
2023-05-12,2723.7,2712.37,2745.88,2711.61,-0.55,-14.9,12810061,15744373391.0,1.26,1.18
2023-05-15,2711.39,2737.72,2737.72,2689.0,0.93,25.35,13952499,18655512014.0,1.8,1.29
2023-05-16,2741.04,2732.17,2747.75,2716.05,-0.2,-5.55,12362690,17812744831.0,1.16,1.14
2023-05-17,2725.17,2761.78,2761.78,2723.7,1.08,29.61,12140508,16548961595.0,1.39,1.12
2023-05-18,2762.85,2786.88,2793.13,2762.85,0.91,25.1,13878648,18288009465.0,1.1,1.28
2023-05-19,2792.46,2827.32,2839.98,2791.88,1.45,40.44,14517169,21504743297.0,1.73,1.34
2023-05-22,2824.95,2828.58,2837.45,2813.65,0.04,1.26,13053793,18385869085.0,0.84,1.21
2023-05-23,2823.33,2787.77,2825.16,2787.77,-1.44,-40.81,14248689,16515467154.0,1.32,1.32
2023-05-24,2778.72,2805.31,2829.06,2772.71,0.63,17.54,14108187,17712712363.0,2.02,1.3
2023-05-25,2805.19,2808.15,2825.53,2768.83,0.1,2.84,14373790,17395511940.0,2.02,1.33
2023-05-26,2807.67,2828.51,2832.7,2793.48,0.73,20.36,11952819,16370002341.0,1.4,1.1
2023-05-29,2832.02,2827.96,2843.84,2822.39,-0.02,-0.55,15970302,20928354337.0,0.76,1.48
2023-05-30,2819.24,2839.3,2839.3,2797.99,0.4,11.34,14151995,19105002454.0,1.46,1.31
2023-05-31,2835.34,2845.76,2851.29,2829.31,0.23,6.46,16165001,21459478839.0,0.77,1.49
2023-06-01,2837.81,2856.79,2870.02,2829.76,0.39,11.03,17223183,23418176421.0,1.41,1.59
2023-06-02,2861.71,2870.9,2880.45,2858.01,0.49,14.11,14645912,19629056647.0,0.79,1.35
2023-06-05,2875.93,2888.75,2902.08,2875.93,0.62,17.85,14928826,19894482633.0,0.91,1.38
2023-06-06,2884.88,2817.48,2884.88,2811.18,-2.47,-71.27,17162642,21948804521.0,2.55,1.59
2023-06-07,2822.17,2852.64,2856.75,2810.27,1.25,35.16,15398902,21370471764.0,1.65,1.42
2023-06-08,2853.3,2822.37,2855.48,2802.89,-1.06,-30.27,17375993,20476901517.0,1.84,1.61
2023-06-09,2822.63,2837.98,2839.28,2804.17,0.55,15.61,22076823,24627857457.0,1.24,2.04
2023-06-12,2836.16,2872.51,2884.3,2834.92,1.22,34.53,20821865,23036901206.0,1.74,1.92
2023-06-13,2868.49,2894.47,2896.55,2857.33,0.76,21.96,21563188,26128438553.0,1.37,1.99
2023-06-14,2893.65,2900.51,2905.45,2875.81,0.21,6.04,20828649,24024391168.0,1.02,1.92
2023-06-15,2901.04,2896.87,2912.12,2890.46,-0.13,-3.64,18139611,23013443516.0,0.75,1.68
2023-06-16,2896.61,2928.56,2931.0,2878.53,1.09,31.69,20238578,25932825453.0,1.81,1.87
2023-06-19,2932.31,2954.75,2956.25,2926.9,0.89,26.19,22068320,30393411914.0,1.0,2.04
2023-06-20,2951.14,2941.1,2958.65,2933.25,-0.46,-13.65,18237165,25763969305.0,0.86,1.69
2023-06-21,2935.99,2883.94,2938.83,2883.94,-1.94,-57.16,18590013,24464506476.0,1.87,1.72
2023-06-26,2872.74,2823.03,2888.77,2820.08,-2.11,-60.91,18423650,22743231751.0,2.38,1.7
2023-06-27,2825.31,2870.43,2871.22,2825.31,1.68,47.4,15236094,18362602472.0,1.63,1.41
2023-06-28,2870.92,2843.01,2871.69,2786.77,-0.96,-27.42,16809766,20037956264.0,2.96,1.55
2023-06-29,2836.07,2884.37,2897.19,2834.93,1.45,41.36,14666199,17290873764.0,2.19,1.36
2023-06-30,2879.42,2927.06,2931.14,2871.87,1.48,42.69,17600784,19863756725.0,2.05,1.63
2023-07-03,2936.88,2939.3,2966.3,2931.22,0.42,12.24,20998280,25742623011.0,1.2,1.94
2023-07-04,2941.49,2966.29,2975.78,2940.34,0.92,26.99,16680031,23417112546.0,1.21,1.54
2023-07-05,2959.29,2945.12,2972.3,2939.15,-0.71,-21.17,14587096,19067251484.0,1.12,1.35
2023-07-06,2936.76,2950.13,2968.8,2927.76,0.17,5.01,17501647,20050360396.0,1.39,1.62
2023-07-07,2946.4,2920.91,2946.4,2899.59,-0.99,-29.22,18407193,19313550310.0,1.59,1.7
2023-07-10,2928.58,2898.04,2932.74,2891.4,-0.78,-22.87,15511762,17005682939.0,1.42,1.43
2023-07-11,2900.05,2928.22,2928.22,2894.23,1.04,30.18,12616123,15610160405.0,1.17,1.17
2023-07-12,2926.82,2876.01,2931.45,2874.86,-1.78,-52.21,16532404,19063484149.0,1.93,1.53
2023-07-13,2883.88,2929.37,2932.96,2883.88,1.86,53.36,14561132,18117575091.0,1.71,1.35
2023-07-14,2935.25,2957.52,2965.5,2934.88,0.96,28.15,17865517,19636702390.0,1.05,1.65
2023-07-17,2952.6,2947.88,2953.52,2928.5,-0.33,-9.64,14540367,18807984539.0,0.85,1.34
2023-07-18,2950.66,2951.22,2978.48,2944.33,0.11,3.34,14643053,19375817437.0,1.16,1.35
2023-07-19,2950.2,2929.07,2962.63,2915.26,-0.75,-22.15,12882789,16071258250.0,1.61,1.19
2023-07-20,2932.64,2886.45,2935.99,2883.2,-1.46,-42.62,14267981,16898103632.0,1.8,1.32
2023-07-21,2878.9,2856.51,2896.61,2847.83,-1.04,-29.94,14102772,15516542620.0,1.69,1.3
2023-07-24,2849.23,2845.83,2875.25,2830.75,-0.37,-10.68,11305255,12454673924.0,1.56,1.04
2023-07-25,2862.75,2883.81,2883.95,2852.99,1.33,37.98,12816805,14618531514.0,1.09,1.18
2023-07-26,2883.57,2856.23,2883.57,2850.26,-0.96,-27.58,12406031,14201937891.0,1.16,1.15
2023-07-27,2852.07,2811.21,2862.72,2807.79,-1.58,-45.02,11153328,13068194962.0,1.92,1.03
2023-07-28,2810.49,2818.93,2823.4,2787.48,0.27,7.72,11431740,13472637662.0,1.28,1.06
2023-07-31,2818.87,2830.55,2841.39,2811.87,0.41,11.62,13393144,15489211694.0,1.05,1.24
2023-08-01,2830.78,2844.14,2845.81,2813.78,0.48,13.59,11608877,13850294315.0,1.13,1.07
2023-08-02,2842.63,2864.29,2867.2,2838.22,0.71,20.15,11431464,14775676840.0,1.02,1.06
2023-08-03,2853.43,2848.49,2863.0,2836.58,-0.55,-15.8,10479148,12832832276.0,0.92,0.97
2023-08-04,2850.11,2865.69,2871.72,2850.11,0.6,17.2,12872768,15703109883.0,0.76,1.19
2023-08-07,2861.61,2858.47,2868.63,2848.9,-0.25,-7.22,10803583,12694206071.0,0.69,1.0
2023-08-08,2858.14,2839.78,2864.83,2834.67,-0.65,-18.69,9155445,11118694061.0,1.06,0.85
2023-08-09,2831.7,2800.99,2833.13,2799.06,-1.37,-38.79,9819886,10796087819.0,1.2,0.91
2023-08-10,2799.97,2810.05,2819.78,2795.33,0.32,9.06,8455601,9693203859.0,0.87,0.78
2023-08-11,2809.73,2745.08,2809.73,2744.37,-2.31,-64.97,11771034,13511752821.0,2.33,1.09
2023-08-14,2727.46,2751.86,2752.63,2710.91,0.25,6.78,10948095,13036247147.0,1.52,1.01
2023-08-15,2753.21,2712.82,2758.75,2698.28,-1.42,-39.04,9644320,12700420286.0,2.2,0.89
2023-08-16,2706.17,2669.64,2710.44,2669.59,-1.59,-43.18,8909032,10961369632.0,1.51,0.82
2023-08-17,2663.16,2702.02,2702.9,2645.14,1.21,32.38,8979331,11490718090.0,2.16,0.83
2023-08-18,2702.39,2659.79,2715.88,2659.79,-1.56,-42.23,9360936,12075079821.0,2.08,0.87
2023-08-21,2657.63,2638.32,2680.07,2637.97,-0.81,-21.47,8332119,10409351870.0,1.58,0.77
2023-08-22,2648.16,2654.97,2665.7,2596.35,0.63,16.65,11671048,14314968810.0,2.63,1.08
2023-08-23,2652.93,2601.44,2652.93,2601.44,-2.02,-53.53,9902543,11752941927.0,1.94,0.92
2023-08-24,2608.35,2600.08,2629.41,2577.19,-0.05,-1.36,9550839,11331898258.0,2.01,0.88
2023-08-25,2584.76,2524.9,2584.76,2513.07,-2.89,-75.18,12600425,12865413303.0,2.76,1.16
2023-08-28,2657.86,2538.8,2661.03,2532.69,0.55,13.9,14917274,17024809594.0,5.08,1.38
2023-08-29,2535.8,2650.36,2652.97,2534.62,4.39,111.56,14145124,16655341613.0,4.66,1.31
2023-08-30,2668.89,2705.4,2725.21,2668.76,2.08,55.04,16612595,21407376013.0,2.13,1.54
2023-08-31,2700.65,2716.11,2724.98,2691.13,0.4,10.71,13205949,18744659466.0,1.25,1.22
2023-09-01,2717.59,2718.55,2733.37,2702.53,0.09,2.44,9824507,14990927178.0,1.14,0.91
2023-09-04,2729.16,2758.67,2758.67,2718.24,1.48,40.12,12457925,16532675148.0,1.49,1.15
2023-09-05,2757.45,2775.57,2788.03,2754.29,0.61,16.9,14019403,18692661579.0,1.22,1.3
2023-09-06,2765.82,2832.13,2835.02,2759.41,2.04,56.56,14285517,22223815770.0,2.72,1.32
2023-09-07,2827.04,2773.08,2827.04,2772.99,-2.09,-59.05,15314212,21228644936.0,1.91,1.42
2023-09-08,2771.58,2801.32,2811.88,2770.39,1.02,28.24,13599611,19385842193.0,1.5,1.26
2023-09-11,2806.16,2806.88,2820.08,2781.22,0.2,5.56,17364515,21174381846.0,1.39,1.6
2023-09-12,2802.2,2805.09,2813.07,2787.69,-0.06,-1.79,16656022,19114057494.0,0.9,1.54
2023-09-13,2800.87,2765.53,2804.18,2740.8,-1.41,-39.56,14454037,17452412397.0,2.26,1.34
2023-09-14,2764.34,2734.07,2768.01,2718.22,-1.14,-31.46,11400156,13786035442.0,1.8,1.05
2023-09-15,2740.0,2743.19,2769.67,2710.61,0.33,9.12,13272486,16011790651.0,2.16,1.23
2023-09-18,2733.54,2743.66,2760.3,2716.95,0.02,0.47,13709612,15680358879.0,1.58,1.27
2023-09-19,2735.24,2699.31,2735.24,2688.93,-1.62,-44.35,12827019,14907315325.0,1.69,1.19
2023-09-20,2693.87,2670.64,2709.55,2670.04,-1.06,-28.67,10370597,12059231620.0,1.46,0.96
2023-09-21,2666.71,2666.59,2683.28,2652.38,-0.15,-4.05,10881133,12149585088.0,1.16,1.01
2023-09-22,2660.69,2724.69,2724.69,2653.4,2.18,58.1,13320067,15088784182.0,2.67,1.23
2023-09-25,2728.02,2706.97,2729.25,2699.86,-0.65,-17.72,11636535,14407688775.0,1.08,1.08
2023-09-26,2699.91,2682.62,2702.77,2678.89,-0.9,-24.35,9707151,11974639634.0,0.88,0.9
2023-09-27,2677.77,2676.46,2705.18,2665.18,-0.23,-6.16,10976385,12776180731.0,1.49,1.01
2023-09-28,2687.73,2732.89,2736.85,2687.72,2.11,56.43,14044595,16174335660.0,1.84,1.3
2023-10-09,2733.26,2747.05,2754.67,2727.33,0.52,14.16,15090711,17325020882.0,1.0,1.39
2023-10-10,2757.68,2765.95,2771.47,2753.05,0.69,18.9,16433604,19050648114.0,0.67,1.52
2023-10-11,2774.39,2791.59,2803.28,2761.97,0.93,25.64,16401549,20893109191.0,1.49,1.52
2023-10-12,2804.38,2815.21,2815.93,2787.71,0.85,23.62,16093357,21416550640.0,1.01,1.49
2023-10-13,2802.56,2815.21,2827.4,2794.9,0.0,0.0,16964806,18628042447.0,1.15,1.57
2023-10-16,2813.35,2782.92,2813.35,2768.95,-1.15,-32.29,19350059,21159476271.0,1.58,1.79
2023-10-17,2784.44,2781.56,2787.58,2757.66,-0.05,-1.36,16760349,17913912013.0,1.08,1.55
2023-10-18,2773.4,2727.81,2776.16,2727.81,-1.93,-53.75,16398177,18463924500.0,1.74,1.52
2023-10-19,2720.2,2721.76,2777.23,2714.9,-0.22,-6.05,16111190,18415904942.0,2.28,1.49
2023-10-20,2712.17,2668.73,2732.93,2666.81,-1.95,-53.03,15694445,17814031568.0,2.43,1.45
2023-10-23,2654.55,2613.36,2668.26,2602.4,-2.07,-55.37,15404260,16769260364.0,2.47,1.42
2023-10-24,2623.05,2672.09,2678.67,2595.83,2.25,58.73,17613146,19737162501.0,3.17,1.63
2023-10-25,2679.08,2706.83,2715.09,2672.98,1.3,34.74,16770434,19287997721.0,1.58,1.55
2023-10-26,2691.89,2719.45,2722.78,2677.78,0.47,12.62,18463126,20567409513.0,1.66,1.71
2023-10-27,2708.46,2745.12,2757.23,2691.09,0.94,25.67,21325413,25493236492.0,2.43,1.97
2023-10-30,2728.2,2812.95,2817.57,2728.2,2.47,67.83,25173025,28934387697.0,3.26,2.33
2023-10-31,2814.03,2799.03,2827.83,2783.04,-0.49,-13.92,20434722,22947324788.0,1.59,1.89
2023-11-01,2792.44,2812.5,2819.57,2784.55,0.48,13.47,21719013,19993556171.0,1.25,2.01
2023-11-02,2811.38,2765.52,2824.21,2764.2,-1.67,-46.98,17176667,17771328555.0,2.13,1.59
2023-11-03,2765.57,2838.16,2843.49,2765.43,2.63,72.64,20353590,22508877975.0,2.82,1.88
2023-11-06,2845.85,2901.24,2902.42,2845.85,2.22,63.08,25597288,28732822555.0,1.99,2.37
2023-11-07,2896.83,2925.11,2927.89,2890.77,0.82,23.87,23233920,27602264381.0,1.28,2.15
2023-11-08,2918.06,2920.59,2936.73,2901.49,-0.15,-4.52,22657179,29369512433.0,1.2,2.09
2023-11-09,2916.7,2881.49,2924.38,2872.78,-1.34,-39.1,18726398,25480106585.0,1.77,1.73
2023-11-10,2871.73,2896.74,2909.82,2859.51,0.53,15.25,18867387,25483759235.0,1.75,1.74
2023-11-13,2907.54,2912.46,2917.11,2895.14,0.54,15.72,17423726,22539622053.0,0.76,1.61
2023-11-14,2908.79,2944.59,2946.37,2899.55,1.1,32.13,19064108,24500981320.0,1.61,1.76
2023-11-15,2960.31,2952.14,2963.36,2939.97,0.26,7.55,21006713,27726541662.0,0.79,1.94
2023-11-16,2937.39,2921.57,2956.77,2921.27,-1.04,-30.57,17798035,22777530562.0,1.2,1.64
2023-11-17,2914.54,2949.91,2951.29,2914.09,0.97,28.34,17354839,22150947281.0,1.27,1.6
2023-11-20,2955.48,2977.19,2982.75,2944.12,0.92,27.28,18240507,23683833313.0,1.31,1.69
2023-11-21,2974.79,2941.43,2975.4,2933.02,-1.2,-35.76,17075918,21339748308.0,1.42,1.58
2023-11-22,2931.55,2903.57,2950.5,2903.57,-1.29,-37.86,15756648,19520577821.0,1.6,1.46
2023-11-23,2898.76,2941.06,2942.52,2898.76,1.29,37.49,14743559,17530358960.0,1.51,1.36
2023-11-24,2939.42,2893.25,2939.64,2886.49,-1.63,-47.81,13653379,15691330692.0,1.81,1.26
2023-11-27,2895.86,2926.21,2929.39,2893.47,1.14,32.96,14759691,17622402759.0,1.24,1.36
2023-11-28,2915.37,2955.96,2969.65,2911.74,1.02,29.75,15574835,16905357967.0,1.98,1.44
2023-11-29,2950.77,2940.97,2977.52,2939.11,-0.51,-14.99,15807203,18149149168.0,1.3,1.46
2023-11-30,2935.55,2897.11,2935.65,2868.87,-1.49,-43.86,14982861,16097330417.0,2.27,1.38
2023-12-01,2891.76,2904.79,2912.1,2873.73,0.27,7.68,12156192,13509965397.0,1.32,1.12
2023-12-04,2905.82,2898.17,2914.6,2892.82,-0.23,-6.62,12083039,14278015565.0,0.75,1.12
2023-12-05,2892.46,2828.12,2892.81,2828.11,-2.42,-70.05,14780243,15696460015.0,2.23,1.37
2023-12-06,2821.93,2833.31,2851.73,2815.88,0.18,5.19,13320827,13355214145.0,1.27,1.23
2023-12-07,2833.43,2825.15,2841.79,2812.47,-0.29,-8.16,12045867,14029989040.0,1.03,1.11
2023-12-08,2823.35,2818.59,2850.94,2814.63,-0.23,-6.56,16839419,19406287201.0,1.29,1.56
2023-12-11,2810.11,2840.74,2840.75,2782.95,0.79,22.15,17969876,18933995182.0,2.05,1.66
2023-12-12,2838.5,2853.19,2853.47,2833.26,0.44,12.45,12448563,13920752515.0,0.71,1.15
2023-12-13,2850.72,2825.99,2855.55,2825.75,-0.95,-27.2,11878480,12788560595.0,1.04,1.1
2023-12-14,2836.22,2823.13,2852.85,2820.67,-0.1,-2.86,12067533,12695585945.0,1.14,1.12
2023-12-15,2826.56,2809.19,2835.91,2800.31,-0.49,-13.94,12363564,12788558006.0,1.26,1.14
2023-12-18,2802.58,2762.67,2802.58,2755.84,-1.66,-46.52,11441163,11720042051.0,1.66,1.06
2023-12-19,2760.84,2795.72,2800.0,2754.36,1.2,33.05,11404236,12473865336.0,1.65,1.05
2023-12-20,2797.45,2779.35,2820.44,2778.7,-0.59,-16.37,13048868,14001852482.0,1.49,1.21
2023-12-21,2766.93,2788.11,2794.49,2727.56,0.32,8.76,14404461,14363996323.0,2.41,1.33
2023-12-22,2787.55,2747.29,2787.55,2737.34,-1.46,-40.82,15246475,14580868879.0,1.8,1.41
2023-12-25,2743.19,2743.75,2764.73,2726.45,-0.13,-3.54,11134487,11462659194.0,1.39,1.03
2023-12-26,2744.0,2697.79,2744.0,2683.72,-1.68,-45.96,12408111,13067083483.0,2.2,1.15
2023-12-27,2695.4,2743.21,2746.39,2682.31,1.68,45.42,14299940,14833007513.0,2.38,1.32
2023-12-28,2738.73,2805.04,2820.01,2722.6,2.25,61.83,16428011,18408429591.0,3.55,1.52
2023-12-29,2802.56,2892.69,2893.36,2801.42,3.12,87.65,23300772,25018663438.0,3.28,2.15
2024-01-02,2900.08,2878.57,2903.3,2876.92,-0.49,-14.12,20316738,23025391115.0,0.91,1.88
2024-01-03,2869.6,2840.46,2876.17,2820.47,-1.32,-38.11,18388570,20366927823.0,1.93,1.7
2024-01-04,2835.62,2812.75,2836.75,2799.64,-0.98,-27.71,15726052,16927694545.0,1.31,1.45
2024-01-05,2811.49,2750.81,2828.51,2735.33,-2.2,-61.94,16488689,17943903533.0,3.31,1.52
2024-01-08,2746.08,2687.24,2750.5,2687.24,-2.31,-63.57,17583335,16571465233.0,2.3,1.62
2024-01-09,2692.29,2682.51,2720.42,2659.45,-0.18,-4.73,16945836,16681828357.0,2.27,1.57
2024-01-10,2672.83,2650.32,2688.55,2618.61,-1.2,-32.19,13810486,13557348171.0,2.61,1.28
2024-01-11,2648.81,2705.75,2713.92,2645.4,2.09,55.43,13056511,13302725160.0,2.59,1.21
2024-01-12,2703.97,2663.07,2714.92,2663.04,-1.58,-42.68,13176054,13818543618.0,1.92,1.22
2024-01-15,2656.53,2659.64,2683.06,2630.57,-0.13,-3.43,10618690,12019738104.0,1.97,0.98
2024-01-16,2659.09,2646.96,2661.72,2609.32,-0.48,-12.68,13350376,13000760803.0,1.97,1.23
2024-01-17,2643.6,2576.29,2643.6,2576.29,-2.67,-70.67,11358987,11075644611.0,2.54,1.05
2024-01-18,2566.63,2576.0,2581.64,2499.68,-0.01,-0.29,18083669,16295240478.0,3.18,1.67
2024-01-19,2579.21,2542.29,2597.0,2542.1,-1.31,-33.71,12139637,12522212341.0,2.13,1.12
2024-01-22,2535.05,2390.77,2546.31,2375.2,-5.96,-151.52,15842444,14755794981.0,6.73,1.46
2024-01-23,2380.94,2387.86,2397.78,2343.75,-0.12,-2.91,14063746,12753957930.0,2.26,1.3
2024-01-24,2393.02,2403.22,2411.08,2315.84,0.64,15.36,14910876,14867657146.0,3.99,1.38
2024-01-25,2404.97,2480.16,2481.53,2385.84,3.2,76.94,15147125,15047952216.0,3.98,1.4
2024-01-26,2476.59,2456.0,2493.02,2450.82,-0.97,-24.16,14994578,15140514295.0,1.7,1.39
2024-01-29,2463.33,2365.47,2473.97,2365.47,-3.69,-90.53,13431070,13581641830.0,4.42,1.24
2024-01-30,2350.68,2282.66,2369.92,2280.2,-3.5,-82.81,12187685,12156796488.0,3.79,1.13
2024-01-31,2272.36,2169.52,2280.54,2163.76,-4.96,-113.14,15649012,14186578916.0,5.12,1.45
2024-02-01,2158.81,2145.99,2195.59,2111.23,-1.08,-23.53,15409759,13393409638.0,3.89,1.42
2024-02-02,2150.73,2043.86,2181.3,1973.38,-4.76,-102.13,18407099,15505038557.0,9.69,1.7
2024-02-05,2020.35,1854.12,2020.35,1812.69,-9.28,-189.74,22302936,17224540655.0,10.16,2.06
2024-02-06,1811.93,1923.29,1963.12,1754.31,3.73,69.17,23785599,18010462052.0,11.26,2.2
2024-02-07,1930.15,1904.28,1976.67,1875.31,-0.99,-19.01,25473436,20741938365.0,5.27,2.35
2024-02-08,1906.35,2056.17,2056.97,1895.33,7.98,151.89,24766126,20681726073.0,8.49,2.29
2024-02-19,2085.98,2137.15,2143.53,2085.98,3.94,80.98,22004348,18966306674.0,2.8,2.03
2024-02-20,2130.07,2158.89,2164.91,2095.98,1.02,21.74,16520822,14013079964.0,3.23,1.53
2024-02-21,2137.74,2189.24,2247.09,2128.19,1.41,30.35,19835230,17324405980.0,5.51,1.83
2024-02-22,2189.15,2242.73,2242.73,2188.32,2.44,53.49,16319083,14964196678.0,2.49,1.51
2024-02-23,2253.99,2319.5,2319.56,2239.06,3.42,76.77,17608853,16724831152.0,3.59,1.63
2024-02-26,2330.78,2357.98,2398.4,2311.75,1.66,38.48,19792561,18903614633.0,3.74,1.83
2024-02-27,2349.27,2439.49,2439.49,2330.49,3.46,81.51,18987558,19499951292.0,4.62,1.75
2024-02-28,2443.63,2268.3,2477.7,2267.18,-7.02,-171.19,26275379,25720711609.0,8.63,2.43
2024-02-29,2244.38,2374.83,2374.83,2244.38,4.7,106.53,20055032,21753207538.0,5.75,1.85
2024-03-01,2381.64,2433.84,2434.42,2375.98,2.48,59.01,25207436,24924105539.0,2.46,2.33
2024-03-04,2445.49,2436.45,2454.91,2380.59,0.11,2.61,21695541,22996119932.0,3.05,2.0
2024-03-05,2418.41,2402.57,2431.21,2381.93,-1.39,-33.88,22134771,22227702465.0,2.02,2.05
2024-03-06,2388.73,2419.37,2439.36,2365.42,0.7,16.8,19871902,20297196694.0,3.08,1.84
2024-03-07,2424.68,2371.06,2439.82,2371.06,-2.0,-48.31,16957173,17424519187.0,2.84,1.57
2024-03-08,2372.35,2414.64,2418.16,2363.75,1.84,43.58,14175296,14764473425.0,2.29,1.31
2024-03-11,2407.84,2464.69,2464.69,2399.6,2.07,50.05,18413456,18214727456.0,2.7,1.7
2024-03-12,2471.05,2486.4,2498.95,2452.57,0.88,21.71,18779494,20243384173.0,1.88,1.74
2024-03-13,2491.83,2499.27,2518.44,2482.01,0.52,12.87,18331693,19276607516.0,1.47,1.69
2024-03-14,2492.89,2471.12,2502.32,2437.42,-1.13,-28.15,15977291,16931244628.0,2.6,1.48
2024-03-15,2465.36,2507.67,2507.67,2450.85,1.48,36.55,16341751,15503979153.0,2.3,1.51
2024-03-18,2519.94,2566.12,2566.14,2511.34,2.33,58.45,22838372,21991498093.0,2.19,2.11
2024-03-19,2561.34,2563.78,2586.09,2555.18,-0.09,-2.34,19619699,20135012459.0,1.2,1.81
2024-03-20,2559.66,2589.5,2589.69,2559.66,1.0,25.72,17134743,17986966012.0,1.17,1.58
2024-03-21,2593.25,2576.8,2610.4,2553.99,-0.49,-12.7,17007608,18122288377.0,2.18,1.57
2024-03-22,2569.81,2548.33,2579.85,2532.46,-1.1,-28.47,18978606,20081949287.0,1.84,1.75
2024-03-25,2539.22,2463.22,2543.74,2462.7,-3.34,-85.11,18575469,19634841650.0,3.18,1.72
2024-03-26,2456.46,2447.5,2486.34,2410.76,-0.64,-15.72,16439144,16049888131.0,3.07,1.52
2024-03-27,2445.7,2346.94,2446.11,2346.94,-4.11,-100.56,17417993,15738440085.0,4.05,1.61
2024-03-28,2352.3,2439.65,2464.29,2352.3,3.95,92.71,18786582,17002290808.0,4.77,1.74
2024-03-29,2459.82,2484.28,2484.28,2439.94,1.83,44.63,15583875,14365224568.0,1.82,1.44
2024-04-01,2505.7,2560.2,2561.33,2505.7,3.06,75.92,28145002,22508092341.0,2.24,2.6
2024-04-02,2565.51,2542.29,2566.33,2525.59,-0.7,-17.91,20618669,17816683049.0,1.59,1.91
2024-04-03,2527.89,2502.89,2528.66,2473.44,-1.55,-39.4,20146838,17270181945.0,2.17,1.86
2024-04-08,2486.78,2416.46,2486.78,2415.69,-3.45,-86.43,16588488,14826834333.0,2.84,1.53
2024-04-09,2409.06,2442.13,2442.15,2402.2,1.06,25.67,15579942,13817277148.0,1.65,1.44
2024-04-10,2435.53,2370.55,2435.53,2352.58,-2.93,-71.58,15862747,13926249923.0,3.4,1.47
2024-04-11,2354.45,2360.54,2398.02,2347.56,-0.42,-10.01,13715522,12766454152.0,2.13,1.27
2024-04-12,2362.94,2343.34,2388.63,2339.81,-0.73,-17.2,15592147,13066127527.0,2.07,1.44
2024-04-15,2328.82,2260.6,2350.15,2230.4,-3.53,-82.74,19301091,16673055978.0,5.11,1.78
2024-04-16,2241.7,2098.15,2241.98,2098.15,-7.19,-162.45,18962881,15449692323.0,6.36,1.75
2024-04-17,2123.3,2248.62,2248.62,2123.3,7.17,150.47,18281941,15441828347.0,5.97,1.69
2024-04-18,2251.44,2247.52,2280.76,2212.27,-0.05,-1.1,18365840,16231721889.0,3.05,1.7
2024-04-19,2233.13,2213.66,2244.44,2192.2,-1.51,-33.86,15517434,14348620813.0,2.32,1.43
2024-04-22,2197.5,2205.98,2225.9,2160.76,-0.35,-7.68,13860978,12195380572.0,2.94,1.28
2024-04-23,2205.49,2225.27,2239.08,2205.49,0.87,19.29,13030134,12013276662.0,1.52,1.2
2024-04-24,2230.89,2280.82,2280.82,2229.4,2.5,55.55,13113193,11987040283.0,2.31,1.21
2024-04-25,2271.84,2283.22,2307.11,2255.88,0.11,2.4,14838734,13346165779.0,2.25,1.37
2024-04-26,2284.75,2330.26,2340.87,2274.44,2.06,47.04,17948312,18095615308.0,2.91,1.66
2024-04-29,2332.93,2404.05,2404.05,2332.93,3.17,73.79,18869742,20249173401.0,3.05,1.74
2024-04-30,2401.07,2383.77,2404.52,2365.56,-0.84,-20.28,15997723,15575643386.0,1.62,1.48
2024-05-06,2412.39,2417.59,2423.11,2405.22,1.42,33.82,19212311,17651517483.0,0.75,1.78
2024-05-07,2416.04,2422.64,2430.22,2405.28,0.21,5.05,14493448,13854519751.0,1.03,1.34
2024-05-08,2416.68,2384.95,2419.01,2383.25,-1.56,-37.69,14178084,12995235369.0,1.48,1.31
2024-05-09,2384.52,2424.41,2430.79,2384.52,1.65,39.46,14285727,14247366020.0,1.94,1.32
2024-05-10,2430.39,2393.24,2432.52,2386.19,-1.29,-31.17,14690166,14455171656.0,1.91,1.36
2024-05-13,2374.94,2347.57,2375.6,2340.95,-1.91,-45.67,16079776,14622823906.0,1.45,1.49
2024-05-14,2350.19,2353.12,2379.22,2343.01,0.24,5.55,13745877,13184174835.0,1.54,1.27
2024-05-15,2349.97,2342.99,2375.5,2332.12,-0.43,-10.13,11293436,10578939511.0,1.84,1.04
2024-05-16,2346.91,2360.66,2375.95,2346.91,0.75,17.67,14028810,12690222370.0,1.24,1.3
2024-05-17,2356.71,2410.28,2410.4,2345.96,2.1,49.62,16158265,13811352166.0,2.73,1.49
2024-05-20,2416.88,2414.9,2438.57,2405.41,0.19,4.62,17556282,15522744719.0,1.38,1.62
2024-05-21,2401.5,2410.39,2418.0,2391.95,-0.19,-4.51,16529294,14270339402.0,1.08,1.53
2024-05-22,2405.17,2444.99,2445.71,2404.35,1.44,34.6,20249182,18210086613.0,1.72,1.87
2024-05-23,2432.13,2397.96,2435.45,2393.45,-1.92,-47.03,19804380,17466892236.0,1.72,1.83
2024-05-24,2392.26,2364.72,2410.49,2362.86,-1.39,-33.24,18053469,16209371815.0,1.99,1.67
2024-05-27,2364.19,2386.04,2386.12,2318.03,0.9,21.32,16912423,16732981836.0,2.88,1.56
2024-05-28,2373.18,2373.39,2408.86,2359.42,-0.53,-12.65,20522420,18589740664.0,2.07,1.9
2024-05-29,2362.37,2360.33,2383.55,2348.04,-0.55,-13.06,16170756,15210977335.0,1.5,1.49
2024-05-30,2345.27,2361.75,2379.45,2323.42,0.06,1.42,15602020,17398403152.0,2.37,1.44
2024-05-31,2359.84,2388.55,2400.99,2359.84,1.13,26.8,18044991,18299933271.0,1.74,1.67
2024-06-03,2390.61,2365.75,2399.52,2348.69,-0.95,-22.8,20837022,21462846788.0,2.13,1.93
2024-06-04,2344.72,2322.25,2344.72,2294.04,-1.84,-43.5,19733191,18703621975.0,2.14,1.82
2024-06-05,2306.95,2288.67,2327.7,2288.67,-1.45,-33.58,18178519,17699255073.0,1.68,1.68
2024-06-06,2288.18,2209.61,2323.01,2201.78,-3.45,-79.06,21448385,21766644104.0,5.3,1.98
2024-06-07,2232.14,2244.23,2274.95,2214.0,1.57,34.62,17252633,18030154522.0,2.76,1.59
2024-06-11,2237.34,2303.71,2304.32,2207.28,2.65,59.48,17383216,20400597136.0,4.32,1.61
2024-06-12,2300.58,2334.04,2343.31,2300.58,1.32,30.33,19821531,23581352292.0,1.85,1.83
2024-06-13,2333.43,2347.5,2362.96,2332.15,0.58,13.46,20803641,24825039864.0,1.32,1.92
2024-06-14,2339.51,2341.42,2346.49,2323.15,-0.26,-6.08,16830186,20781548179.0,0.99,1.56
2024-06-17,2335.19,2367.03,2375.52,2329.9,1.09,25.61,20412723,25369286477.0,1.95,1.89
2024-06-18,2370.02,2395.75,2395.75,2364.06,1.21,28.72,19831257,23998937425.0,1.34,1.83
2024-06-19,2398.63,2396.33,2412.18,2375.9,0.02,0.58,18555370,23605029097.0,1.51,1.71
2024-06-20,2385.91,2359.14,2403.49,2356.95,-1.55,-37.19,19223717,22897651108.0,1.94,1.78
2024-06-21,2340.0,2343.04,2359.59,2313.1,-0.68,-16.1,15879603,18309199034.0,1.97,1.47
2024-06-24,2324.71,2252.0,2330.75,2248.64,-3.89,-91.04,18055901,20905582517.0,3.5,1.67
2024-06-25,2250.14,2222.07,2264.18,2202.41,-1.33,-29.93,17700201,19992998618.0,2.74,1.64
2024-06-26,2212.55,2290.28,2292.08,2188.55,3.07,68.21,16611330,17683651973.0,4.66,1.54
2024-06-27,2280.15,2254.35,2309.8,2254.34,-1.57,-35.93,18201255,19881048245.0,2.42,1.68
2024-06-28,2250.67,2286.43,2323.42,2243.95,1.42,32.08,18964263,20445984079.0,3.53,1.75
2024-07-01,2281.95,2277.71,2291.24,2233.14,-0.38,-8.72,16249134,16925263152.0,2.54,1.5
2024-07-02,2276.24,2267.5,2288.01,2258.57,-0.45,-10.21,13990082,14190977559.0,1.29,1.29
2024-07-03,2265.04,2255.89,2277.5,2240.04,-0.51,-11.61,14128539,15230779943.0,1.65,1.31
2024-07-04,2254.92,2189.95,2260.51,2186.14,-2.92,-65.94,14073307,14402612504.0,3.3,1.3
2024-07-05,2186.05,2200.3,2210.95,2152.12,0.47,10.35,13112194,13425461696.0,2.69,1.21
2024-07-08,2194.84,2152.62,2202.93,2146.68,-2.17,-47.68,13531618,14978879729.0,2.56,1.25
2024-07-09,2153.7,2230.65,2231.34,2145.85,3.62,78.03,18571920,21995054225.0,3.97,1.72
2024-07-10,2223.98,2219.38,2239.74,2211.02,-0.51,-11.27,17981812,20679942770.0,1.29,1.66
2024-07-11,2255.43,2291.63,2291.93,2243.27,3.26,72.25,21097569,23868133573.0,2.19,1.95
2024-07-12,2281.38,2289.5,2300.3,2273.86,-0.09,-2.13,15632717,18483537539.0,1.15,1.44
2024-07-15,2284.75,2256.31,2287.18,2250.23,-1.45,-33.19,23636115,22136876454.0,1.61,2.18
2024-07-16,2255.43,2293.94,2296.89,2247.23,1.67,37.63,20130427,22680107821.0,2.2,1.86
2024-07-17,2294.97,2256.6,2297.87,2256.47,-1.63,-37.34,15874184,20314267865.0,1.8,1.47
2024-07-18,2240.25,2235.89,2247.76,2183.84,-0.92,-20.71,18045106,23271171202.0,2.83,1.67
2024-07-19,2228.76,2266.24,2281.9,2223.95,1.36,30.35,16606570,22878737249.0,2.59,1.53
2024-07-22,2263.3,2279.43,2283.48,2257.4,0.58,13.19,18410535,25078780340.0,1.15,1.7
2024-07-23,2278.73,2217.7,2283.31,2217.26,-2.71,-61.73,18838460,22633361627.0,2.9,1.74
2024-07-24,2211.98,2176.58,2230.73,2173.0,-1.85,-41.12,19517785,21366869568.0,2.6,1.8
2024-07-25,2158.91,2175.35,2200.16,2143.43,-0.06,-1.23,15830984,17927230899.0,2.61,1.46
2024-07-26,2177.45,2208.51,2217.4,2177.45,1.52,33.16,14646124,16337106366.0,1.84,1.35
2024-07-29,2212.02,2217.29,2233.59,2199.31,0.4,8.78,14014591,16715068889.0,1.55,1.3
2024-07-30,2214.64,2236.74,2243.04,2200.88,0.88,19.45,15289260,18507775554.0,1.9,1.41
2024-07-31,2230.13,2314.13,2314.55,2227.23,3.46,77.39,21797617,27555549790.0,3.9,2.01
2024-08-01,2315.9,2328.61,2339.03,2304.63,0.63,14.48,19088617,25208033750.0,1.49,1.76
2024-08-02,2307.26,2270.73,2323.8,2267.87,-2.49,-57.88,16293861,20322369467.0,2.4,1.51
2024-08-05,2249.28,2185.31,2274.92,2185.31,-3.76,-85.42,19319176,22703479462.0,3.95,1.79
2024-08-06,2213.01,2215.68,2230.12,2186.65,1.39,30.37,15018466,16538990167.0,1.99,1.39
2024-08-07,2212.8,2223.34,2238.69,2208.39,0.35,7.66,13175876,13956145843.0,1.37,1.22
2024-08-08,2216.84,2224.28,2246.32,2184.01,0.04,0.94,15849238,17210100299.0,2.8,1.46
2024-08-09,2237.01,2217.55,2253.9,2217.55,-0.3,-6.73,15485301,16745233221.0,1.63,1.43
2024-08-12,2205.1,2178.67,2207.8,2170.92,-1.75,-38.88,13462421,13044479799.0,1.66,1.24
2024-08-13,2176.62,2205.26,2206.65,2166.14,1.22,26.59,12850409,12441849258.0,1.86,1.19
2024-08-14,2205.54,2200.11,2211.53,2194.18,-0.23,-5.15,14390398,15533999717.0,0.79,1.33
2024-08-15,2193.54,2237.77,2250.9,2184.49,1.71,37.66,19208875,17876896376.0,3.02,1.78
2024-08-16,2243.46,2239.74,2272.62,2238.01,0.09,1.97,20189763,18648751538.0,1.55,1.87
2024-08-19,2224.39,2200.03,2235.69,2199.12,-1.77,-39.71,15554263,14362350916.0,1.63,1.44
2024-08-20,2199.06,2178.25,2208.86,2172.14,-0.99,-21.78,16909770,13398563571.0,1.67,1.56
2024-08-21,2170.32,2176.83,2201.89,2166.34,-0.07,-1.42,18603757,16832153693.0,1.63,1.72
2024-08-22,2171.46,2133.75,2176.71,2129.88,-1.98,-43.08,16874115,15483783063.0,2.15,1.56
2024-08-23,2126.36,2133.8,2140.78,2096.78,0.0,0.05,14961535,14363308784.0,2.06,1.38
2024-08-26,2133.16,2161.9,2163.12,2128.94,1.32,28.1,15890673,13948590625.0,1.6,1.47
2024-08-27,2148.88,2102.3,2148.88,2099.49,-2.76,-59.6,16301032,14173329779.0,2.28,1.51
2024-08-28,2092.51,2108.62,2122.74,2086.23,0.3,6.32,13538276,11877463829.0,1.74,1.25
2024-08-29,2099.18,2157.61,2165.56,2097.29,2.32,48.99,18913489,15940008881.0,3.24,1.75
2024-08-30,2158.63,2215.87,2242.78,2158.63,2.7,58.26,26981987,24377279986.0,3.9,2.49
2024-09-02,2212.84,2175.83,2222.17,2174.13,-1.81,-40.04,21676088,20421053386.0,2.17,2.0
2024-09-03,2171.83,2203.11,2212.16,2171.83,1.25,27.28,16311295,13789105145.0,1.85,1.51
2024-09-04,2186.44,2181.58,2198.29,2163.53,-0.98,-21.53,15880585,13411943618.0,1.58,1.47
2024-09-05,2180.75,2193.9,2205.82,2176.97,0.56,12.32,14177686,12051096832.0,1.32,1.31
2024-09-06,2193.51,2140.58,2195.08,2139.59,-2.43,-53.32,13256139,12122746850.0,2.53,1.23
2024-09-09,2134.25,2130.83,2148.87,2120.32,-0.46,-9.75,12809398,11403485011.0,1.33,1.18
2024-09-10,2135.8,2150.71,2160.07,2103.61,0.93,19.88,14119066,12626900902.0,2.65,1.3
2024-09-11,2143.66,2132.02,2149.39,2124.17,-0.87,-18.69,11345737,9741235449.0,1.17,1.05
2024-09-12,2138.02,2117.66,2152.74,2117.55,-0.67,-14.36,11210190,9952650500.0,1.65,1.04
2024-09-13,2119.86,2081.95,2120.93,2081.95,-1.69,-35.71,11930096,10444625367.0,1.84,1.1
2024-09-18,2085.98,2062.1,2091.65,2034.1,-0.95,-19.85,11356287,10383370369.0,2.76,1.05
2024-09-19,2073.56,2104.49,2120.56,2063.87,2.06,42.39,13644044,12227056059.0,2.75,1.26
2024-09-20,2107.47,2105.35,2117.17,2092.44,0.04,0.86,13123329,12183671826.0,1.18,1.21
2024-09-23,2104.54,2112.45,2128.5,2092.57,0.34,7.1,13090256,11381662689.0,1.71,1.21
2024-09-24,2117.34,2184.88,2184.88,2104.5,3.43,72.43,20234691,18651361519.0,3.81,1.87
2024-09-25,2199.59,2202.94,2250.29,2196.65,0.83,18.06,22627020,21060798629.0,2.46,2.09
2024-09-26,2197.86,2274.07,2274.07,2196.72,3.23,71.13,23056427,22205054458.0,3.51,2.13
2024-09-27,2304.96,2392.5,2412.01,2299.11,5.21,118.43,31806810,29146086711.0,4.96,2.94
2024-09-30,2492.62,2689.06,2700.1,2448.63,12.4,296.56,55493073,56397386107.0,10.51,5.13
2024-10-08,3082.44,2996.45,3082.44,2803.45,11.43,307.39,66927972,76344842571.0,10.38,6.18
2024-10-09,2911.03,2746.55,2948.2,2735.02,-8.34,-249.9,56993413,82026117216.0,7.11,5.27
2024-10-10,2776.49,2719.01,2818.11,2690.01,-1.0,-27.54,38487582,54676950488.0,4.66,3.56
2024-10-11,2701.19,2579.31,2701.19,2549.1,-5.14,-139.7,29745006,35999752668.0,5.59,2.75
2024-10-14,2586.83,2667.78,2667.78,2545.46,3.43,88.47,29217369,36551559488.0,4.74,2.7
2024-10-15,2661.74,2644.52,2730.91,2630.29,-0.87,-23.26,30250380,37764053086.0,3.77,2.8
2024-10-16,2602.91,2645.39,2676.47,2600.09,0.03,0.87,24198539,29483009078.0,2.89,2.24
2024-10-17,2664.85,2657.22,2704.71,2655.34,0.45,11.83,27443557,31731026521.0,1.87,2.54
2024-10-18,2653.65,2792.51,2845.76,2651.72,5.09,135.29,42456125,56681727158.0,7.3,3.92
2024-10-21,2822.62,2873.25,2930.86,2815.06,2.89,80.74,45864625,63256854970.0,4.15,4.24
2024-10-22,2872.15,2892.39,2922.66,2849.29,0.67,19.14,42627162,54563487948.0,2.55,3.94
2024-10-23,2878.64,2877.61,2926.88,2865.92,-0.51,-14.78,44146146,57075653797.0,2.11,4.08
2024-10-24,2861.4,2883.72,2892.52,2836.13,0.21,6.11,32290522,41581697384.0,1.96,2.98
2024-10-25,2899.38,2962.11,2984.17,2899.38,2.72,78.39,39129565,52241031577.0,2.94,3.62
2024-10-28,2971.48,3010.28,3010.37,2954.36,1.63,48.17,37973370,49518259718.0,1.89,3.51
2024-10-29,3022.81,2996.42,3046.88,2985.9,-0.46,-13.86,42885175,61714822235.0,2.03,3.96
2024-10-30,2990.45,3046.88,3066.78,2987.64,1.68,50.46,57573789,67325505363.0,2.64,5.32
2024-10-31,3053.98,3102.26,3132.05,3023.34,1.82,55.38,63044872,78234524604.0,3.57,5.83
2024-11-01,3095.46,2931.2,3099.82,2930.43,-5.51,-171.06,54213780,69522479126.0,5.46,5.01
2024-11-04,2911.15,2999.55,3002.37,2911.15,2.33,68.35,32144426,45340026931.0,3.11,2.97
2024-11-05,3013.63,3112.67,3119.55,3013.63,3.77,113.12,46068209,60798054838.0,3.53,4.26
2024-11-06,3126.3,3131.18,3164.85,3098.68,0.59,18.51,46127097,66308289597.0,2.13,4.26
2024-11-07,3111.19,3187.19,3187.27,3095.59,1.79,56.01,45650138,63902912102.0,2.93,4.22
2024-11-08,3217.32,3218.2,3265.04,3199.02,0.97,31.01,48944590,74594002250.0,2.07,4.52
2024-11-11,3223.49,3319.47,3321.72,3223.25,3.15,101.27,49001348,78422666999.0,3.06,4.53
2024-11-12,3327.52,3268.82,3331.98,3229.21,-1.53,-50.65,49999610,78070535120.0,3.1,4.62
2024-11-13,3253.61,3273.96,3278.03,3183.41,0.16,5.14,35448568,54215860063.0,2.89,3.28
2024-11-14,3262.62,3169.78,3272.44,3165.52,-3.18,-104.18,33220947,50164944804.0,3.27,3.07
2024-11-15,3157.04,3098.77,3207.65,3098.6,-2.24,-71.01,35743683,53962808040.0,3.44,3.3
2024-11-18,3106.74,2979.56,3117.25,2961.58,-3.85,-119.21,34015153,45723228347.0,5.02,3.14
2024-11-19,2994.78,3087.61,3087.61,2973.8,3.63,108.05,29551104,39561946620.0,3.82,2.73
2024-11-20,3077.67,3140.48,3147.75,3067.73,1.71,52.87,26652108,37908473714.0,2.59,2.46
2024-11-21,3132.25,3154.56,3165.94,3114.36,0.45,14.08,25807713,36446480689.0,1.64,2.38
2024-11-22,3147.08,3039.15,3182.96,3039.15,-3.66,-115.41,34408912,44472294794.0,4.56,3.18
2024-11-25,3045.61,3073.39,3073.52,3004.79,1.13,34.24,29869700,35832301941.0,2.26,2.76
2024-11-26,3066.74,3025.79,3096.31,3024.43,-1.55,-47.6,24670476,27793136986.0,2.34,2.28
2024-11-27,3009.35,3095.26,3095.5,2941.02,2.3,69.47,31583277,37059624886.0,5.11,2.92
2024-11-28,3096.35,3088.57,3132.25,3083.46,-0.22,-6.69,29045050,34202769656.0,1.58,2.68
2024-11-29,3080.45,3135.41,3162.52,3056.24,1.52,46.84,31335462,39618733857.0,3.44,2.9
2024-12-02,3133.48,3194.32,3196.95,3133.48,1.88,58.91,31322995,41156678457.0,2.02,2.89
2024-12-03,3212.72,3216.35,3229.09,3182.0,0.69,22.03,33476221,40490744963.0,1.47,3.09
2024-12-04,3232.52,3166.29,3238.9,3153.21,-1.56,-50.06,31386726,40460822562.0,2.66,2.9
2024-12-05,3150.52,3209.54,3216.69,3150.52,1.37,43.25,26711744,32395174126.0,2.09,2.47
2024-12-06,3212.73,3226.01,3244.14,3180.13,0.51,16.47,30501938,37367970544.0,1.99,2.82
2024-12-09,3221.52,3199.26,3241.71,3168.72,-0.83,-26.75,29129059,32421231191.0,2.26,2.69
2024-12-10,3293.1,3236.01,3298.59,3229.33,1.15,36.75,39963766,46713974442.0,2.16,3.69
2024-12-11,3232.34,3285.39,3291.86,3229.14,1.53,49.38,35099984,46059080129.0,1.94,3.24
2024-12-12,3288.85,3295.48,3295.55,3248.23,0.31,10.09,29817676,37903841672.0,1.44,2.76
2024-12-13,3280.73,3287.39,3331.32,3269.89,-0.25,-8.09,45369132,52423028038.0,1.86,4.19
2024-12-16,3287.67,3227.3,3294.05,3208.6,-1.83,-60.09,40535828,45831005788.0,2.6,3.75
2024-12-17,3217.57,3119.41,3226.61,3114.88,-3.34,-107.89,34329828,36228892084.0,3.46,3.17
2024-12-18,3122.52,3162.02,3189.88,3079.07,1.37,42.61,33642503,38073024372.0,3.55,3.11
2024-12-19,3122.73,3185.05,3195.79,3119.21,0.73,23.03,33940256,39411830648.0,2.42,3.14
2024-12-20,3175.1,3258.98,3291.16,3173.98,2.32,73.93,35936074,49656617099.0,3.68,3.32
2024-12-23,3260.97,3118.98,3265.55,3113.92,-4.3,-140.0,36521699,46079998804.0,4.65,3.38
2024-12-24,3127.9,3129.63,3154.22,3065.64,0.34,10.65,35287169,43866269058.0,2.84,3.26
2024-12-25,3111.94,3060.12,3112.68,3034.17,-2.22,-69.51,30791980,37992810512.0,2.51,2.85
2024-12-26,3046.74,3124.27,3142.46,3046.74,2.1,64.15,30980215,38937437062.0,3.13,2.86
2024-12-27,3120.84,3131.01,3184.55,3099.39,0.22,6.74,37656854,47615446841.0,2.73,3.48
2024-12-30,3124.58,3097.67,3131.81,3063.19,-1.06,-33.34,34860701,37797432247.0,2.19,3.22
2024-12-31,3104.86,2999.67,3116.22,2999.67,-3.16,-98.0,34996513,40491630758.0,3.76,3.23
2025-01-02,2993.68,2930.37,3029.32,2899.64,-2.31,-69.3,34736303,39520430009.0,4.32,3.21
2025-01-03,2948.04,2848.94,2969.41,2843.05,-2.78,-81.43,34507769,38148686697.0,4.31,3.19
2025-01-06,2833.85,2800.64,2850.49,2766.54,-1.7,-48.3,30465666,31920513224.0,2.95,2.82
2025-01-07,2799.68,2896.7,2897.44,2799.68,3.43,96.06,37228754,37496512795.0,3.49,3.44
2025-01-08,2880.94,2879.15,2902.38,2783.07,-0.61,-17.55,34630545,37658717240.0,4.12,3.2
2025-01-09,2864.26,2892.27,2921.75,2861.8,0.46,13.12,25994043,31301751021.0,2.08,2.4
2025-01-10,2886.76,2799.28,2915.91,2799.28,-3.22,-92.99,25298337,30012886284.0,4.03,2.34
2025-01-13,2762.1,2792.18,2809.4,2725.39,-0.25,-7.1,20356057,23633564736.0,3.0,1.88
2025-01-14,2804.51,2941.25,2941.25,2798.46,5.34,149.07,29585580,35237746857.0,5.11,2.73
2025-01-15,2940.09,2922.86,2949.31,2911.65,-0.63,-18.39,22761462,28199063932.0,1.28,2.1
2025-01-16,2938.61,2937.33,2987.37,2911.59,0.5,14.47,24314207,28701264897.0,2.59,2.25
2025-01-17,2928.44,2957.09,2985.26,2915.64,0.67,19.76,23599974,30153386209.0,2.37,2.18
2025-01-20,2976.58,2987.51,3007.84,2954.57,1.03,30.42,25028625,30967839552.0,1.8,2.31
2025-01-21,3001.13,2996.87,3007.71,2956.17,0.31,9.36,32826539,39121887077.0,1.73,3.03
2025-01-22,2982.22,2968.48,2991.79,2955.82,-0.95,-28.39,24570989,32252632143.0,1.2,2.27
2025-01-23,3003.44,2955.78,3043.22,2955.78,-0.43,-12.7,30672829,38752908839.0,2.95,2.83
2025-01-24,2947.55,3002.13,3004.87,2947.55,1.57,46.35,27373859,33582470692.0,1.94,2.53
2025-01-27,3012.12,2946.51,3018.54,2946.51,-1.85,-55.62,20903667,26019237266.0,2.4,1.93
2025-02-05,2984.87,2999.43,3011.75,2969.27,1.8,52.92,23831649,30877303285.0,1.44,2.2
2025-02-06,2999.54,3095.63,3095.77,2987.36,3.21,96.2,30595131,40736848809.0,3.61,2.83
2025-02-07,3099.31,3129.58,3167.14,3085.51,1.1,33.95,36383713,48060478133.0,2.64,3.36
2025-02-10,3133.95,3172.22,3172.38,3120.04,1.36,42.64,29856356,38348677527.0,1.67,2.76
2025-02-11,3176.57,3158.78,3176.94,3140.6,-0.42,-13.44,27613378,35571313433.0,1.15,2.55
2025-02-12,3150.0,3212.33,3212.4,3146.03,1.7,53.55,31251004,45543188530.0,2.1,2.89
2025-02-13,3205.75,3159.54,3205.75,3153.58,-1.64,-52.79,30533182,41206101651.0,1.62,2.82
2025-02-14,3153.42,3158.68,3167.97,3132.03,-0.03,-0.86,27947903,33440542146.0,1.14,2.58
2025-02-17,3164.69,3194.66,3199.87,3164.27,1.14,35.98,31123281,39729488896.0,1.13,2.88
2025-02-18,3193.03,3108.0,3209.95,3097.19,-2.71,-86.66,30838211,41252081510.0,3.53,2.85
2025-02-19,3106.09,3193.27,3193.27,3106.09,2.74,85.27,30650336,43229823804.0,2.81,2.83
2025-02-20,3202.03,3244.49,3250.66,3196.58,1.6,51.22,37329066,51324859836.0,1.69,3.45
2025-02-21,3242.52,3291.69,3291.77,3220.41,1.45,47.2,38856690,54827045615.0,2.2,3.59
2025-02-24,3296.94,3325.33,3334.45,3270.32,1.02,33.64,37263717,53606331013.0,1.95,3.44
2025-02-25,3287.62,3332.26,3369.81,3280.09,0.21,6.93,40992432,57642387924.0,2.7,3.79
2025-02-26,3346.47,3374.08,3374.11,3328.71,1.26,41.82,40931856,55579351263.0,1.36,3.78
2025-02-27,3374.15,3349.14,3386.52,3291.32,-0.74,-24.94,40315300,55518741063.0,2.82,3.73
2025-02-28,3336.1,3213.28,3339.52,3206.41,-4.06,-135.86,36260977,48636191292.0,3.97,3.35
2025-03-03,3233.6,3233.7,3288.37,3206.31,0.64,20.42,30822529,42074089899.0,2.55,2.85
2025-03-04,3212.82,3293.65,3294.13,3211.26,1.85,59.95,25649359,36606968370.0,2.56,2.37
2025-03-05,3291.42,3307.09,3308.27,3249.75,0.41,13.44,25296208,34265947146.0,1.78,2.34
2025-03-06,3321.25,3354.67,3374.83,3321.25,1.44,47.58,32149617,44807598054.0,1.62,2.97
2025-03-07,3345.07,3318.68,3360.81,3295.11,-1.07,-35.99,27982510,36515707722.0,1.96,2.59
2025-03-10,3321.82,3329.95,3342.12,3298.88,0.34,11.27,22145799,30688157906.0,1.3,2.05
2025-03-11,3292.12,3358.12,3366.58,3288.42,0.85,28.17,29634830,37746429190.0,2.35,2.74
2025-03-12,3374.59,3388.22,3413.54,3362.01,0.9,30.1,31741850,41702525733.0,1.53,2.93
2025-03-13,3385.15,3334.53,3395.77,3301.97,-1.58,-53.69,30389637,38275015834.0,2.77,2.81
2025-03-14,3334.97,3380.22,3381.42,3303.04,1.37,45.69,27000656,34315040489.0,2.35,2.5
2025-03-17,3393.75,3409.37,3421.06,3380.87,0.86,29.15,26689968,33852333088.0,1.19,2.47
2025-03-18,3418.22,3432.92,3451.69,3415.8,0.69,23.55,25943931,34510893672.0,1.05,2.4
2025-03-19,3417.7,3388.74,3419.16,3371.45,-1.29,-44.18,22472125,27977217006.0,1.39,2.08
2025-03-20,3388.71,3371.12,3410.41,3367.86,-0.52,-17.62,22883097,27423582102.0,1.26,2.11
2025-03-21,3358.59,3291.55,3364.06,3282.39,-2.36,-79.57,28134260,32291551176.0,2.42,2.6
2025-03-24,3289.17,3229.37,3298.64,3160.13,-1.89,-62.18,26025796,31120291590.0,4.21,2.41
2025-03-25,3230.19,3217.94,3243.22,3193.76,-0.35,-11.43,20582208,24694941512.0,1.53,1.9
2025-03-26,3213.34,3244.75,3257.47,3213.34,0.83,26.81,18021854,21111709230.0,1.37,1.67
2025-03-27,3227.99,3220.63,3254.78,3180.17,-0.74,-24.12,19217540,22926002551.0,2.3,1.78
2025-03-28,3216.54,3172.19,3238.89,3172.08,-1.5,-48.44,17013274,20870510782.0,2.07,1.57
2025-03-31,3155.72,3148.03,3158.39,3101.84,-0.76,-24.16,19638261,23516472290.0,1.78,1.81
2025-04-01,3157.67,3177.66,3198.46,3157.67,0.94,29.63,15170471,19995870117.0,1.3,1.4
2025-04-02,3175.6,3186.38,3213.93,3175.6,0.27,8.72,14826117,19089618601.0,1.21,1.37
2025-04-03,3151.58,3143.48,3191.96,3118.67,-1.35,-42.9,18171748,25025514199.0,2.3,1.68
2025-04-07,2932.96,2711.24,2961.73,2688.95,-13.75,-432.24,26690155,28061221638.0,8.68,2.47
2025-04-08,2695.13,2698.12,2777.5,2641.73,-0.48,-13.12,29716230,30597312544.0,5.01,2.75
2025-04-09,2638.89,2771.43,2787.16,2513.2,2.72,73.31,33980088,40450605070.0,10.15,3.14
2025-04-10,2836.15,2853.11,2914.83,2836.15,2.95,81.68,28399992,35626770168.0,2.84,2.62
2025-04-11,2832.17,2924.32,2957.3,2830.85,2.5,71.21,25144675,37781094667.0,4.43,2.32
2025-04-14,2987.94,2974.33,3002.58,2961.05,1.71,50.01,25883974,37116873116.0,1.42,2.39
2025-04-15,2970.98,2969.5,2983.43,2939.89,-0.16,-4.83,17690286,24196326960.0,1.46,1.63
2025-04-16,2961.8,2925.69,2972.88,2881.17,-1.48,-43.81,18591398,25716445257.0,3.09,1.72
2025-04-17,2906.97,2945.09,2979.13,2906.76,0.66,19.4,16300368,26182335772.0,2.47,1.51
2025-04-18,2939.43,2946.9,2960.76,2920.04,0.06,1.81,14800115,20489208965.0,1.38,1.37
2025-04-21,2955.1,3003.55,3003.55,2935.67,1.92,56.65,18390310,23724853646.0,2.3,1.7
2025-04-22,2994.17,2995.01,3010.25,2979.9,-0.28,-8.54,18931757,23737850842.0,1.01,1.75
2025-04-23,3008.4,3027.24,3036.02,3006.74,1.08,32.23,19440545,26324323502.0,0.98,1.8
2025-04-24,3023.7,2980.36,3023.7,2963.57,-1.55,-46.88,15311396,19555116788.0,1.99,1.41
2025-04-25,2977.19,2982.52,3001.74,2955.64,0.07,2.16,16661845,22817939425.0,1.55,1.54
2025-04-28,2978.1,2963.33,2982.99,2945.04,-0.64,-19.19,14086867,18406896484.0,1.27,1.3
2025-04-29,2952.09,2994.42,3006.09,2946.01,1.05,31.09,13849726,17755011018.0,2.03,1.28
2025-04-30,3001.31,3036.87,3049.29,3001.31,1.42,42.45,15891725,21868677082.0,1.6,1.47
2025-05-06,3055.11,3125.78,3125.86,3055.11,2.93,88.91,19925478,27266021551.0,2.33,1.84
2025-05-07,3159.62,3135.04,3171.42,3109.16,0.3,9.26,22653244,27432383739.0,1.99,2.09
2025-05-08,3132.59,3178.99,3179.93,3128.82,1.4,43.95,19368727,23034463036.0,1.63,1.79
2025-05-09,3177.98,3132.65,3177.98,3117.84,-1.46,-46.34,15946955,20741666887.0,1.89,1.47
2025-05-12,3155.07,3179.3,3179.3,3147.52,1.49,46.65,19510210,25408957840.0,1.01,1.8
2025-05-13,3216.1,3162.22,3217.39,3157.95,-0.54,-17.08,19079230,23959288357.0,1.87,1.76
2025-05-14,3163.57,3165.22,3185.41,3137.44,0.09,3.0,16084135,20336160096.0,1.52,1.49
2025-05-15,3166.51,3132.69,3166.51,3130.37,-1.03,-32.53,14805704,17241397859.0,1.14,1.37
2025-05-16,3127.83,3148.77,3163.74,3125.48,0.51,16.08,12691898,16317941642.0,1.22,1.17
2025-05-19,3153.22,3164.74,3168.07,3117.8,0.51,15.97,14773075,17169701636.0,1.6,1.37
2025-05-20,3171.9,3196.8,3197.68,3151.13,1.01,32.06,15618918,18279111839.0,1.47,1.44
2025-05-21,3189.38,3166.74,3189.38,3148.11,-0.94,-30.06,15893563,18959771161.0,1.29,1.47
2025-05-22,3160.39,3144.42,3202.6,3141.07,-0.7,-22.32,16384303,19453744999.0,1.94,1.51
2025-05-23,3139.92,3101.41,3164.28,3101.41,-1.37,-43.01,15985169,18770407897.0,2.0,1.48
2025-05-26,3099.26,3136.98,3137.33,3099.26,1.15,35.57,13049444,16187129490.0,1.23,1.21
2025-05-27,3136.84,3134.29,3141.63,3113.63,-0.09,-2.69,13008941,15303153919.0,0.89,1.2
2025-05-28,3138.82,3117.13,3151.82,3108.66,-0.55,-17.16,13557122,15285052009.0,1.38,1.25
2025-05-29,3118.2,3174.64,3174.64,3118.2,1.84,57.51,15112760,19833225548.0,1.81,1.4
2025-05-30,3165.45,3114.47,3165.45,3110.59,-1.9,-60.17,14397356,16082656068.0,1.73,1.33
2025-06-03,3103.63,3130.84,3141.79,3100.83,0.53,16.37,12767698,16235890757.0,1.32,1.18
2025-06-04,3137.88,3167.66,3168.97,3137.88,1.18,36.82,17916255,18389974871.0,0.99,1.66
2025-06-05,3171.59,3208.55,3213.59,3156.71,1.29,40.89,19999989,22902823139.0,1.8,1.85
2025-06-06,3219.56,3233.06,3234.18,3207.3,0.76,24.51,15710473,18198433808.0,0.84,1.45
2025-06-09,3241.36,3254.62,3255.94,3235.68,0.67,21.56,17335282,20047790920.0,0.63,1.6
2025-06-10,3257.06,3213.28,3259.23,3180.81,-1.27,-41.34,19089714,22832760664.0,2.41,1.76
2025-06-11,3215.51,3230.65,3245.76,3215.3,0.54,17.37,15496138,18254817450.0,0.95,1.43
2025-06-12,3228.13,3234.17,3246.09,3221.34,0.11,3.52,17778274,20732405657.0,0.77,1.64
2025-06-13,3224.93,3186.98,3238.39,3181.81,-1.46,-47.19,20210521,24207935659.0,1.75,1.87
2025-06-16,3177.21,3217.25,3219.38,3177.21,0.95,30.27,17868178,25830620035.0,1.32,1.65
2025-06-17,3220.08,3224.19,3234.94,3208.8,0.22,6.94,17594457,21081514775.0,0.81,1.63
2025-06-18,3215.8,3260.7,3260.99,3209.63,1.13,36.51,20499890,25479061969.0,1.59,1.89
2025-06-19,3254.87,3215.88,3275.3,3204.33,-1.37,-44.82,20605302,25447232492.0,2.18,1.9
2025-06-20,3217.27,3218.23,3264.09,3214.99,0.07,2.35,18439350,21278415915.0,1.53,1.7
2025-06-23,3192.49,3281.15,3281.38,3189.32,1.96,62.92,20209349,24542842259.0,2.86,1.87
2025-06-24,3290.43,3345.19,3345.19,3289.64,1.95,64.04,22558259,26734822966.0,1.69,2.08
2025-06-25,3346.54,3370.74,3370.74,3327.68,0.76,25.55,22525640,28492991507.0,1.29,2.08
2025-06-26,3371.6,3361.44,3391.23,3355.51,-0.28,-9.3,23056428,27841554422.0,1.06,2.13
2025-06-27,3380.22,3377.44,3392.02,3361.72,0.48,16.0,22191855,26584902751.0,0.9,2.05
2025-06-30,3391.82,3430.67,3430.87,3391.82,1.58,53.23,21207935,27467134781.0,1.16,1.96
2025-07-01,3434.27,3443.59,3448.15,3412.54,0.38,12.92,23794332,33416487517.0,1.04,2.2
2025-07-02,3432.77,3399.7,3432.77,3382.76,-1.27,-43.89,20771917,27768806436.0,1.45,1.92
2025-07-03,3402.13,3421.24,3425.82,3390.56,0.63,21.54,21154153,28303897398.0,1.04,1.95
2025-07-04,3420.1,3379.6,3423.18,3374.84,-1.22,-41.64,20288692,26030917277.0,1.41,1.87
2025-07-07,3378.19,3386.32,3397.43,3372.06,0.2,6.72,16124438,20966538413.0,0.75,1.49
2025-07-08,3390.97,3443.74,3444.68,3387.34,1.7,57.42,20385262,26772116068.0,1.69,1.88
2025-07-09,3444.38,3428.23,3454.11,3417.15,-0.45,-15.51,19966424,27290774951.0,1.07,1.85
2025-07-10,3425.29,3418.73,3432.64,3403.6,-0.28,-9.5,19864960,22445488738.0,0.85,1.84
2025-07-11,3419.45,3428.31,3437.27,3395.94,0.28,9.58,21134196,25332840977.0,1.21,1.95
2025-07-14,3427.35,3442.89,3444.8,3414.01,0.43,14.58,19104250,23348898110.0,0.9,1.77
2025-07-15,3438.05,3414.83,3444.09,3380.39,-0.82,-28.06,22617816,27514663792.0,1.85,2.09
2025-07-16,3415.62,3423.97,3440.85,3406.24,0.27,9.14,16944954,22134701708.0,1.01,1.57
2025-07-17,3424.02,3455.84,3455.84,3413.04,0.93,31.87,21420170,28745617259.0,1.25,1.98
2025-07-18,3461.93,3446.47,3469.12,3428.88,-0.27,-9.37,19394279,28894633408.0,1.16,1.79
2025-07-21,3447.84,3484.73,3485.13,3441.95,1.11,38.26,20741871,28050637311.0,1.25,1.92
2025-07-22,3482.39,3472.19,3482.98,3456.42,-0.36,-12.54,21322081,31778405377.0,0.76,1.97
2025-07-23,3469.12,3453.3,3480.22,3448.72,-0.54,-18.89,20483940,29396936272.0,0.91,1.89
2025-07-24,3459.92,3491.71,3491.71,3459.92,1.11,38.41,19759538,29667648414.0,0.92,1.83
2025-07-25,3495.24,3530.29,3530.43,3490.26,1.1,38.58,22043685,31460689594.0,1.15,2.04
2025-07-28,3542.55,3563.48,3564.28,3528.41,0.94,33.19,23348322,37812410623.0,1.02,2.16
2025-07-29,3557.35,3593.18,3593.19,3555.55,0.83,29.7,24928403,37048546736.0,1.06,2.3
2025-07-30,3588.11,3562.34,3588.3,3533.21,-0.86,-30.84,22265102,32370879654.0,1.53,2.06
2025-07-31,3561.43,3523.53,3586.47,3511.38,-1.09,-38.81,24864101,36462142946.0,2.11,2.3
2025-08-01,3521.47,3546.94,3557.76,3518.3,0.66,23.41,20916498,32226580207.0,1.12,1.93
2025-08-04,3531.25,3591.12,3591.12,3526.07,1.25,44.18,21479434,31872166281.0,1.83,1.98
2025-08-05,3604.33,3627.95,3628.04,3604.33,1.03,36.83,21003788,29169933136.0,0.66,1.94
2025-08-06,3622.95,3668.26,3669.3,3612.53,1.11,40.31,23964817,34310697199.0,1.56,2.21
2025-08-07,3676.83,3684.06,3698.48,3664.41,0.43,15.8,25851008,42567278646.0,0.93,2.39
2025-08-08,3679.81,3666.0,3681.12,3641.1,-0.49,-18.06,22711206,34578407446.0,1.09,2.1
2025-08-11,3672.38,3734.3,3741.48,3672.38,1.86,68.3,29570455,45242773279.0,1.88,2.73
2025-08-12,3733.7,3744.19,3747.05,3708.58,0.26,9.89,24882353,40758441789.0,1.03,2.3
2025-08-13,3746.46,3769.92,3773.75,3736.33,0.69,25.73,26563562,45239409741.0,1.0,2.45
2025-08-14,3772.36,3709.97,3774.42,3697.38,-1.59,-59.95,36199236,55348962595.0,2.04,3.35
2025-08-15,3707.31,3806.02,3806.02,3707.31,2.59,96.05,32039325,51099092590.0,2.66,2.96
2025-08-18,3826.18,3875.34,3887.16,3812.88,1.82,69.32,40812161,65581189575.0,1.95,3.77
2025-08-19,3882.33,3907.56,3929.12,3869.29,0.83,32.22,35326956,54836278412.0,1.54,3.26
2025-08-20,3893.06,3957.02,3957.02,3870.8,1.27,49.46,39173172,57073972657.0,2.21,3.62
2025-08-21,3972.12,3947.23,4006.59,3926.29,-0.25,-9.79,47748863,65677797336.0,2.03,4.41
2025-08-22,3942.19,3997.24,3997.24,3941.3,1.27,50.01,49962026,70850370688.0,1.42,4.62
2025-08-25,4016.3,3994.22,4021.19,3959.24,-0.08,-3.02,47140274,76656535940.0,1.55,4.36
2025-08-26,3980.64,4032.83,4055.13,3964.5,0.97,38.61,43685309,71483324044.0,2.27,4.04
2025-08-27,4031.0,3947.01,4080.6,3947.01,-2.13,-85.82,50858093,81109953847.0,3.31,4.7
2025-08-28,3954.5,4043.34,4043.34,3907.54,2.44,96.33,48536280,80468925741.0,3.44,4.49
2025-08-29,4057.37,4004.27,4057.37,3990.33,-0.97,-39.07,42768404,71507772100.0,1.66,3.95
2025-09-01,4020.84,4049.91,4056.75,3994.82,1.14,45.64,40345704,67172076948.0,1.55,3.73
2025-09-02,4039.45,3927.73,4040.6,3896.09,-3.02,-122.18,43064974,70591190796.0,3.57,3.98
2025-09-03,3939.61,3851.49,3945.2,3836.06,-1.94,-76.24,34598205,52045086631.0,2.78,3.2
2025-09-04,3864.73,3783.21,3901.4,3727.13,-1.77,-68.28,40618878,59962882878.0,4.52,3.75
2025-09-05,3796.71,3917.79,3917.85,3786.49,3.56,134.58,36807139,55488977922.0,3.47,3.4
2025-09-08,3933.87,3951.97,3954.49,3900.79,0.87,34.18,35949182,59569435726.0,1.37,3.32
2025-09-09,3936.9,3883.3,3937.92,3865.79,-1.74,-68.67,30411155,48765025905.0,1.83,2.81
2025-09-10,3881.27,3888.32,3915.87,3858.25,0.13,5.02,24478376,39357849146.0,1.48,2.26
2025-09-11,3881.38,3974.79,3974.79,3848.5,2.22,86.47,33665041,54802314274.0,3.25,3.11
2025-09-12,3980.06,3979.08,4014.73,3959.45,0.11,4.29,33410129,58067990649.0,1.39,3.09
2025-09-15,4025.88,3998.7,4032.19,3983.16,0.49,19.62,35379792,67546233580.0,1.23,3.27
2025-09-16,3992.45,4043.24,4043.24,3972.27,1.11,44.54,33680093,61969494904.0,1.77,3.11
2025-09-17,4042.63,4101.81,4113.8,4030.02,1.45,58.57,36108357,67864854732.0,2.07,3.34
2025-09-18,4096.21,4072.5,4177.5,4022.69,-0.71,-29.31,51102202,94396864905.0,3.77,4.72
2025-09-19,4069.54,4061.8,4100.21,4040.02,-0.26,-10.7,37592342,68011256527.0,1.48,3.47
2025-09-22,4070.73,4108.57,4108.64,4057.91,1.15,46.77,37944852,69666840052.0,1.25,3.51
2025-09-23,4105.05,4059.52,4105.94,3961.81,-1.19,-49.05,43325801,74824271485.0,3.51,4.0
2025-09-24,4040.57,4171.28,4171.28,4018.63,2.75,111.76,44356380,86604123551.0,3.76,4.1
2025-09-25,4163.05,4140.33,4180.75,4137.54,-0.74,-30.95,36262280,73014511563.0,1.04,3.35
2025-09-26,4127.05,4091.92,4155.03,4091.92,-1.17,-48.41,34948397,65687337632.0,1.52,3.23
2025-09-29,4094.16,4136.67,4142.26,4064.77,1.09,44.75,32707923,58495564604.0,1.89,3.02
2025-09-30,4144.67,4158.15,4181.54,4142.65,0.52,21.48,32357352,62618423496.0,0.94,2.99
2025-10-09,4181.5,4173.61,4210.74,4165.72,0.37,15.46,41725456,77473633748.0,1.08,3.86
2025-10-10,4149.87,4085.33,4149.87,4076.11,-2.12,-88.28,34615647,64781111177.0,1.77,3.2
2025-10-13,3918.33,4089.45,4097.25,3908.26,0.1,4.12,36628542,66626016883.0,4.63,3.38
2025-10-14,4113.46,3977.7,4126.72,3962.58,-2.73,-111.75,33480843,64428480887.0,4.01,3.09
2025-10-15,3981.22,4028.24,4028.84,3938.37,1.27,50.54,24085226,44801524299.0,2.27,2.23
2025-10-16,4017.8,3985.81,4033.43,3972.03,-1.05,-42.43,21494131,40207135220.0,1.52,1.99
2025-10-17,3986.3,3877.34,3999.11,3875.46,-2.72,-108.47,26075771,43182041108.0,3.1,2.41
2025-10-20,3928.08,3942.96,3973.44,3916.43,1.69,65.62,23814059,47116920818.0,1.47,2.2
2025-10-21,3955.59,4027.28,4028.57,3940.36,2.14,84.32,26143558,50650802776.0,2.24,2.42
2025-10-22,4007.57,4018.76,4044.16,3989.55,-0.21,-8.52,19909130,38966951376.0,1.36,1.84
2025-10-23,4010.73,4029.12,4034.02,3966.97,0.26,10.36,20501403,33142719175.0,1.67,1.89
2025-10-24,4047.5,4107.23,4107.23,4047.5,1.94,78.11,22252085,46047585667.0,1.48,2.06
2025-10-27,4146.99,4135.46,4158.78,4099.03,0.69,28.23,27892942,58444966948.0,1.45,2.58
2025-10-28,4121.93,4134.68,4163.88,4110.15,-0.02,-0.78,25400627,47046785013.0,1.3,2.35
2025-10-29,4123.74,4129.03,4131.53,4091.38,-0.14,-5.65,24167936,45465660363.0,0.97,2.23
2025-10-30,4123.89,4066.34,4133.38,4066.34,-1.52,-62.69,28221636,48795865526.0,1.62,2.61
2025-10-31,4056.75,4077.17,4102.86,4055.95,0.27,10.83,25058525,44783123694.0,1.15,2.32
2025-11-03,4075.71,4097.32,4097.44,4031.84,0.49,20.15,21296473,37256836722.0,1.61,1.97
2025-11-04,4096.97,4068.61,4101.94,4041.55,-0.7,-28.71,23699411,37759989702.0,1.47,2.19
2025-11-05,4032.16,4092.29,4104.77,4023.43,0.58,23.68,22018354,34027849653.0,2.0,2.03
2025-11-06,4093.11,4108.56,4111.15,4064.4,0.4,16.27,21202880,39730533528.0,1.14,1.96
2025-11-07,4087.27,4092.24,4105.02,4067.13,-0.4,-16.32,20277033,35953027839.0,0.92,1.87
2025-11-10,4105.52,4127.96,4140.18,4099.82,0.87,35.72,26188076,45032802311.0,0.99,2.42
2025-11-11,4138.72,4121.68,4153.87,4112.29,-0.15,-6.28,22876830,41526278339.0,1.01,2.11
2025-11-12,4113.26,4092.85,4116.89,4057.52,-0.7,-28.83,23499979,36862335757.0,1.44,2.17
2025-11-13,4087.19,4137.15,4146.89,4078.0,1.08,44.3,22688521,34567494774.0,1.68,2.1
2025-11-14,4109.43,4086.33,4133.39,4084.38,-1.23,-50.82,22911976,33635558217.0,1.18,2.12
2025-11-17,4087.54,4099.34,4112.3,4079.32,0.32,13.01,22205883,33121840909.0,0.81,2.05
2025-11-18,4085.85,4070.63,4098.71,4051.34,-0.7,-28.71,21464843,34691801142.0,1.16,1.98
2025-11-19,4064.65,3993.8,4073.88,3979.64,-1.89,-76.83,21039089,30969344603.0,2.32,1.94
2025-11-20,4021.67,3960.03,4032.44,3955.68,-0.85,-33.77,17550584,28027839832.0,1.92,1.62
2025-11-21,3916.26,3797.45,3943.76,3796.03,-4.11,-162.58,24404287,35244110300.0,3.73,2.26
2025-11-24,3823.91,3882.45,3899.92,3815.47,2.24,85.0,21747808,30774113238.0,2.22,2.01
2025-11-25,3907.17,3956.55,3985.49,3905.87,1.91,74.1,22780740,34060903074.0,2.05,2.11
2025-11-26,3962.22,3973.45,4008.82,3951.72,0.43,16.9,22975067,38208362120.0,1.44,2.12
2025-11-27,3971.25,3997.27,4039.02,3970.27,0.6,23.82,23204811,36956793007.0,1.73,2.14
2025-11-28,4001.87,4060.3,4060.3,3996.26,1.58,63.03,22106511,38280673181.0,1.6,2.04
2025-12-01,4061.17,4109.85,4112.6,4057.07,1.22,49.55,28160342,46111435702.0,1.37,2.6
2025-12-02,4108.05,4106.33,4116.69,4091.66,-0.09,-3.52,25362531,41642069433.0,0.61,2.34
2025-12-03,4107.86,4065.33,4111.36,4056.52,-1.0,-41.0,34624968,42932391727.0,1.34,3.2
2025-12-04,4053.13,4051.68,4072.31,4008.18,-0.34,-13.65,28094908,41700102895.0,1.58,2.6
2025-12-05,4056.0,4120.06,4126.61,4021.25,1.69,68.38,40171421,45608014742.0,2.6,3.71
2025-12-08,4128.59,4178.98,4190.52,4128.59,1.43,58.92,36593156,52480314825.0,1.5,3.38
2025-12-09,4164.88,4172.82,4195.24,4160.32,-0.15,-6.16,33471767,55080122244.0,0.84,3.09
2025-12-10,4163.1,4163.95,4177.51,4130.89,-0.21,-8.87,30329645,49947176747.0,1.12,2.8
2025-12-11,4170.5,4078.56,4171.89,4078.56,-2.05,-85.39,26788227,40965211939.0,2.24,2.48
2025-12-12,4076.65,4098.15,4125.01,4051.72,0.48,19.59,29442802,57686002408.0,1.8,2.72
2025-12-15,4075.13,4071.54,4105.34,4056.66,-0.65,-26.61,26437729,47884451010.0,1.19,2.44
2025-12-16,4064.44,3986.56,4066.57,3973.87,-2.09,-84.98,25860958,39913826550.0,2.28,2.39
2025-12-17,3985.55,4028.87,4035.27,3947.6,1.06,42.31,25411454,40919432576.0,2.2,2.35
2025-12-18,4014.57,4036.95,4065.48,4005.15,0.2,8.08,23512626,39634972088.0,1.5,2.17
2025-12-19,4056.06,4085.23,4094.37,4051.32,1.2,48.28,21585723,35132561024.0,1.07,1.99
2025-12-22,4107.7,4140.29,4150.48,4106.32,1.35,55.06,26128134,43041780597.0,1.08,2.41
2025-12-23,4133.39,4123.61,4147.75,4107.16,-0.4,-16.68,22212909,37155460918.0,0.98,2.05
2025-12-24,4131.53,4211.69,4221.09,4131.53,2.14,88.08,26673576,47589424684.0,2.17,2.46
2025-12-25,4223.28,4244.32,4246.2,4190.13,0.77,32.63,26940649,48854400364.0,1.33,2.49
2025-12-26,4236.77,4220.39,4253.58,4200.04,-0.56,-23.93,27442549,46081257659.0,1.26,2.54
2025-12-29,4214.3,4207.77,4220.25,4192.36,-0.3,-12.62,30095181,45584809621.0,0.66,2.78
2025-12-30,4186.01,4199.28,4231.98,4184.73,-0.2,-8.49,25363942,42652940002.0,1.12,2.34
2025-12-31,4207.03,4211.57,4223.89,4168.52,0.29,12.29,27540006,43258069136.0,1.32,2.55
2026-01-05,4229.93,4275.52,4275.52,4226.09,1.52,63.95,30950610,59030575831.0,1.17,2.86
2026-01-06,4275.82,4337.31,4337.31,4274.92,1.45,61.79,47061636,70317133368.0,1.46,4.35
2026-01-07,4353.16,4394.36,4405.81,4347.99,1.32,57.05,41336429,81572514406.0,1.33,3.82
2026-01-08,4389.92,4436.86,4440.13,4388.79,0.97,42.5,33676769,73956590336.0,1.17,3.11
2026-01-09,4443.68,4487.94,4492.44,4430.48,1.15,51.08,40814645,78400624635.0,1.4,3.77
2026-01-12,4507.08,4576.53,4588.73,4499.7,1.97,88.59,46038486,89828030679.0,1.98,4.25
2026-01-13,4581.44,4463.25,4585.02,4452.96,-2.48,-113.28,44266282,80968534582.0,2.89,4.09
2026-01-14,4473.62,4507.7,4570.97,4445.15,1.0,44.45,54431231,87956598599.0,2.82,5.03
2026-01-15,4477.78,4524.5,4524.5,4452.41,0.37,16.8,35204954,71381168808.0,1.6,3.25
2026-01-16,4561.05,4585.39,4602.59,4523.6,1.35,60.89,39939197,85921062385.0,1.75,3.69
2026-01-19,4576.79,4609.48,4617.09,4558.41,0.53,24.09,33833598,66028941197.0,1.28,3.13
2026-01-20,4606.02,4566.5,4617.86,4532.01,-0.93,-42.98,34582690,65159597644.0,1.86,3.2
2026-01-21,4537.34,4624.84,4628.5,4531.07,1.28,58.34,33580199,64629636840.0,2.13,3.1
2026-01-22,4648.74,4667.06,4667.06,4610.47,0.91,42.22,35303102,67574619326.0,1.22,3.26
2026-01-23,4661.28,4769.79,4770.06,4661.28,2.2,102.73,47639750,84599230679.0,2.33,4.4
2026-01-26,4770.87,4683.39,4776.75,4641.84,-1.81,-86.4,42350187,78460018613.0,2.83,3.91
2026-01-27,4663.28,4752.63,4759.81,4579.14,1.48,69.24,42235974,77932516772.0,3.86,3.9
2026-01-28,4751.33,4723.58,4793.66,4711.08,-0.61,-29.05,38583924,82269670806.0,1.74,3.57
2026-01-29,4695.57,4634.2,4748.57,4627.81,-1.89,-89.38,39092815,74678043396.0,2.56,3.61
2026-01-30,4602.74,4635.11,4651.83,4524.55,0.02,0.91,36390587,63882097198.0,2.75,3.36
2026-02-02,4613.5,4530.6,4648.99,4530.13,-2.25,-104.51,33389884,62683548426.0,2.56,3.09
2026-02-03,4594.06,4661.25,4661.25,4577.17,2.88,130.65,29293650,58097010071.0,1.86,2.71
2026-02-04,4647.77,4684.4,4685.16,4633.46,0.5,23.15,32683368,63200761682.0,1.11,3.02
2026-02-05,4643.85,4665.57,4689.79,4623.33,-0.4,-18.83,30039836,62159653240.0,1.42,2.78
2026-02-06,4627.72,4639.44,4689.86,4604.91,-0.56,-26.13,26251128,53507831191.0,1.82,2.43
2026-02-09,4703.77,4735.8,4746.12,4696.36,2.08,96.36,28501652,56640054107.0,1.07,2.63
2026-02-10,4746.69,4736.51,4767.6,4735.45,0.01,0.71,25449465,50090398995.0,0.68,2.35
2026-02-11,4736.68,4712.62,4741.09,4711.8,-0.5,-23.89,26810479,48902368243.0,0.62,2.48
2026-02-12,4721.3,4738.17,4750.69,4693.31,0.54,25.55,26922900,51677312785.0,1.22,2.49
2026-02-13,4714.67,4712.74,4759.59,4709.37,-0.54,-25.43,26203360,47040638144.0,1.06,2.42
2026-02-24,4771.4,4781.82,4811.64,4736.71,1.47,69.08,30591486,52044345215.0,1.59,2.83
2026-02-25,4794.79,4834.99,4840.9,4772.35,1.11,53.17,31895395,60909568721.0,1.43,2.95
2026-02-26,4837.86,4899.23,4906.31,4816.8,1.33,64.24,35841788,69833670036.0,1.85,3.31
2026-02-27,4858.8,4905.31,4905.39,4836.21,0.12,6.08,40068469,64303677625.0,1.41,3.7
2026-03-02,4824.82,4801.59,4877.0,4778.4,-2.11,-103.72,40236227,67496363061.0,2.01,3.72
2026-03-03,4822.33,4591.97,4842.23,4585.84,-4.37,-209.62,45989206,79638326001.0,5.34,4.25
2026-03-04,4541.07,4578.67,4637.91,4541.07,-0.29,-13.3,33087477,51838697192.0,2.11,3.06
2026-03-05,4706.46,4807.49,4846.14,4706.46,5.0,228.82,49788323,71832717285.0,3.05,4.6
2026-03-06,4779.21,4801.3,4811.51,4739.19,-0.13,-6.19,55838136,78967109320.0,1.5,5.16
2026-03-09,4706.38,4743.77,4759.11,4616.58,-1.2,-57.53,44877286,67537188843.0,2.97,4.15
2026-03-10,4789.86,4864.75,4865.93,4789.86,2.55,120.98,38241335,66444404700.0,1.6,3.53
2026-03-11,4865.25,4871.98,4926.03,4860.89,0.15,7.23,46152877,78093160534.0,1.34,4.27
2026-03-12,4860.53,4846.92,4903.48,4812.96,-0.51,-25.06,45813684,72234099234.0,1.86,4.23
2026-03-13,4821.11,4793.27,4880.82,4782.0,-1.11,-53.65,42100753,69886437429.0,2.04,3.89
2026-03-16,4787.47,4811.34,4811.34,4733.8,0.38,18.07,37510178,62290556949.0,1.62,3.47
2026-03-17,4829.9,4659.52,4832.08,4657.69,-3.16,-151.82,33558008,58543671353.0,3.62,3.1
2026-03-18,4689.53,4754.7,4758.15,4675.24,2.04,95.18,31167321,56640302784.0,1.78,2.88
2026-03-19,4686.25,4641.42,4711.98,4622.96,-2.38,-113.28,33133160,51352438231.0,1.87,3.06
2026-03-20,4671.45,4544.39,4720.29,4543.33,-2.09,-97.03,37857319,62826524473.0,3.81,3.5
2026-03-23,4450.37,4264.52,4468.87,4237.86,-6.16,-279.87,40278837,58819298113.0,5.08,3.72
2026-03-24,4356.06,4410.73,4410.73,4251.98,3.43,146.21,35386816,53639089406.0,3.72,3.27
2026-03-25,4439.76,4504.77,4529.96,4439.76,2.13,94.04,31363972,55481898429.0,2.05,2.9
2026-03-26,4498.08,4402.45,4517.3,4385.27,-2.27,-102.32,27782188,43728904136.0,2.93,2.57
2026-03-27,4344.58,4450.85,4468.35,4338.73,1.1,48.4,25223602,41102869252.0,2.94,2.33
2026-03-30,4385.58,4463.65,4463.84,4334.81,0.29,12.8,25593746,44407614366.0,2.9,2.37
2026-03-31,4460.6,4371.75,4500.74,4371.74,-2.06,-91.9,24495450,42660039226.0,2.89,2.26
2026-04-01,4466.83,4463.75,4480.53,4427.62,2.1,92.0,26289452,45867169977.0,1.21,2.43
2026-04-02,4446.75,4367.67,4468.18,4342.19,-2.15,-96.08,23198948,40625788270.0,2.82,2.14
2026-04-03,4397.57,4333.81,4402.36,4330.97,-0.78,-33.86,23541638,42250141907.0,1.63,2.18
2026-04-07,4349.13,4390.16,4412.19,4349.13,1.3,56.35,23458111,43181603900.0,1.46,2.17
2026-04-08,4491.01,4603.5,4603.61,4489.19,4.86,213.34,34000749,62403379223.0,2.61,3.14
2026-04-09,4556.43,4582.89,4613.44,4549.52,-0.45,-20.61,30264147,67423721797.0,1.39,2.8
2026-04-10,4622.78,4630.56,4671.4,4622.78,1.04,47.67,30959798,75843130874.0,1.06,2.86
2026-04-13,4605.94,4650.38,4657.35,4604.13,0.43,19.82,27055847,63282799758.0,1.15,2.5
2026-04-14,4689.15,4708.8,4709.29,4659.04,1.26,58.42,30155129,67003241131.0,1.08,2.79
2026-04-15,4732.71,4694.76,4756.07,4682.17,-0.3,-14.04,32305285,65243021058.0,1.57,2.99
2026-04-16,4701.72,4766.25,4768.58,4680.5,1.52,71.49,32605099,64780380742.0,1.88,3.01
2026-04-17,4758.49,4840.12,4849.8,4758.49,1.55,73.87,35247849,78043064162.0,1.92,3.26
2026-04-20,4839.79,4856.7,4871.88,4828.22,0.34,16.58,42338869,81028364250.0,0.9,3.91
2026-04-21,4841.26,4859.26,4860.62,4795.0,0.05,2.56,41144699,79517670831.0,1.35,3.8
2026-04-22,4839.39,4934.4,4935.57,4834.34,1.55,75.14,39236325,82264240190.0,2.08,3.63
2026-04-23,4950.49,4840.81,4951.06,4813.43,-1.9,-93.59,43398190,100620798200.0,2.79,4.01
2026-04-24,4818.79,4816.53,4848.06,4777.12,-0.5,-24.28,33448393,86808999146.0,1.47,3.09
2026-04-27,4822.17,4920.86,4923.26,4792.2,2.17,104.33,35986085,93359446543.0,2.72,3.33
2026-04-28,4894.75,4847.03,4909.09,4825.69,-1.5,-73.83,34644938,80731453332.0,1.69,3.2
2026-04-29,4820.94,4885.66,4905.76,4820.94,0.8,38.63,30654485,74774254646.0,1.75,2.83
2026-04-30,4897.08,4938.88,4949.81,4884.08,1.09,53.22,35074267,83515031620.0,1.35,3.24
2026-05-06,4996.32,5033.36,5057.41,4996.32,1.91,94.48,43882875,108764910390.0,1.24,4.06
2026-05-07,5041.33,5126.05,5126.05,5019.84,1.84,92.69,40700926,97804353722.0,2.11,3.76
2026-05-08,5096.45,5173.0,5173.29,5074.65,0.92,46.95,36911435,92252358396.0,1.92,3.41
2026-05-11,5220.44,5256.99,5272.28,5194.21,1.62,83.99,41663227,111009448577.0,1.51,3.85
2026-05-12,5274.24,5256.19,5274.24,5192.6,-0.02,-0.8,40984401,112061589739.0,1.55,3.79
2026-05-13,5221.0,5352.76,5352.79,5210.98,1.84,96.57,42166512,113457413160.0,2.7,3.9
2026-05-14,5380.66,5325.83,5408.54,5308.76,-0.5,-26.93,48080922,119547829565.0,1.86,4.44
2026-05-15,5325.13,5262.86,5358.23,5213.23,-1.18,-62.97,46470029,128860955792.0,2.72,4.29
2026-05-18,5226.72,5295.26,5323.24,5200.18,0.62,32.4,39652057,105846229158.0,2.34,3.66
2026-05-19,5273.84,5391.08,5395.54,5228.42,1.81,95.82,39790726,112322267893.0,3.16,3.68
2026-05-20,5370.59,5416.09,5417.68,5330.64,0.46,25.01,39098876,113859350238.0,1.61,3.61
2026-05-21,5496.37,5255.09,5551.25,5244.84,-2.97,-161.0,57981357,146107387236.0,5.66,5.36
2026-05-22,5291.08,5409.69,5424.58,5244.13,2.94,154.6,98266276,142410496967.0,3.43,9.08
2026-05-25,5439.3,5503.64,5503.64,5396.79,1.74,93.95,82378205,150694751754.0,1.98,7.61
2026-05-26,5471.32,5446.93,5474.13,5360.27,-1.03,-56.71,91488526,143627921485.0,2.07,8.45
2026-05-27,5452.42,5405.96,5522.25,5375.11,-0.75,-40.97,98500616,165579223563.0,2.7,9.1
2026-05-28,5369.69,5496.39,5516.44,5356.59,1.67,90.43,73750413,137683795550.0,2.96,6.82
2026-05-29,5502.98,5236.77,5502.98,5200.59,-4.72,-259.62,80254783,138678150957.0,5.5,7.42
2026-06-01,5218.04,5158.18,5297.61,5150.58,-1.5,-78.59,67800755,125488254676.0,2.81,6.27
2026-06-02,5160.72,5205.85,5242.06,5060.5,0.92,47.67,60658994,109895293034.0,3.52,5.61
2026-06-03,5217.49,5244.58,5335.41,5189.39,0.74,38.73,78747768,141368966076.0,2.8,7.28
2026-06-04,5193.51,5297.1,5312.3,5188.63,1.0,52.52,71602057,125518360029.0,2.36,6.62
2026-06-05,5254.03,5303.13,5420.79,5176.13,0.11,6.03,97550541,148461923684.0,4.62,9.01
2026-06-08,5114.46,5115.89,5273.8,5054.94,-3.53,-187.24,83000789,120930917346.0,4.13,7.67
2026-06-09,5192.15,5289.26,5289.26,5134.45,3.39,173.37,75522559,121077140203.0,3.03,6.98
2026-06-10,5234.05,5183.61,5264.85,5117.84,-2.0,-105.65,66399715,111790246574.0,2.78,6.14
2026-06-11,5142.2,5158.13,5210.3,5106.78,-0.49,-25.48,63751762,109033760845.0,2.0,5.89
2026-06-12,5251.55,5127.88,5308.4,5108.52,-0.59,-30.25,67220175,129053910224.0,3.88,6.21
2026-06-15,5172.0,5354.57,5354.94,5172.0,4.42,226.69,63639732,120314435093.0,3.57,5.88
2026-06-16,5367.2,5496.63,5510.28,5357.06,2.65,142.06,65682125,133145737755.0,2.86,6.07
2026-06-17,5441.71,5570.26,5570.5,5440.03,1.34,73.63,59088632,136676384887.0,2.37,5.46
2026-06-18,5550.33,5581.1,5602.05,5497.47,0.19,10.84,79666186,145089024388.0,1.88,7.36
2026-06-22,5613.88,5599.37,5624.23,5452.0,0.33,18.27,78876296,160648849568.0,3.09,7.29
2026-06-23,5569.73,5565.32,5653.15,5522.47,-0.61,-34.05,67993022,143956620882.0,2.33,6.28
2026-06-24,5522.48,5596.77,5601.17,5455.1,0.57,31.45,73572764,142846259453.0,2.62,6.8
2026-06-25,5605.53,5606.48,5664.47,5545.36,0.17,9.71,84074486,170560886031.0,2.13,7.77
2026-06-26,5574.12,5532.22,5679.15,5524.29,-1.32,-74.26,96160070,184836297275.0,2.76,8.89
2026-06-30,5489.23,5746.32,5752.05,5489.23,4.54,0,95236036.0,189855413837.0,0,0
2026-07-01,5737.10,5722.74,5818.23,5680.26,-0.41,0,91660372.0,188164243540.0,0,0
2026-07-02,5594.63,5548.83,5715.52,5514.66,-3.04,0,96160696.0,185401453656.0,0,0
2026-07-03,0.00,5521.42,0.00,0.00,-0.49,0,0,0,0,0
