日期,开盘,收盘,最高,最低,涨跌幅,涨跌额,成交量,成交额,振幅,换手率
2018-04-19,998.31,998.99,1010.57,994.87,-0.1,-1.01,11528853,16364054784.0,1.57,0.91
2018-04-20,992.78,983.94,1008.96,983.23,-1.51,-15.05,12391909,16374129152.0,2.58,0.98
2018-04-23,980.76,966.21,989.25,951.54,-1.8,-17.73,10567518,14378950400.0,3.83,0.83
2018-04-24,964.67,996.26,996.37,961.55,3.11,30.05,10931362,15352877824.0,3.6,0.86
2018-04-25,990.24,1014.14,1014.3,989.28,1.79,17.88,11226772,17838258944.0,2.51,0.88
2018-04-26,1009.89,989.53,1010.98,989.53,-2.43,-24.61,8677783,13336874752.0,2.12,0.68
2018-04-27,995.8,1003.59,1008.47,988.53,1.42,14.06,9098921,14135246848.0,2.02,0.72
2018-05-02,1006.85,995.1,1013.79,985.07,-0.85,-8.49,8947358,13911299328.0,2.86,0.71
2018-05-03,992.43,1004.43,1005.06,972.36,0.94,9.33,8061904,12613279488.0,3.29,0.64
2018-05-04,1000.35,1002.34,1009.68,997.35,-0.21,-2.09,6516164,11184877568.0,1.23,0.51
2018-05-07,1002.68,1022.67,1022.67,1002.23,2.03,20.33,7435689,13006953984.0,2.04,0.59
2018-05-08,1022.64,1025.15,1025.15,1014.72,0.24,2.48,7120847,11806622208.0,1.02,0.56
2018-05-09,1019.6,1021.34,1023.66,1015.39,-0.37,-3.81,7329767,11214857984.0,0.81,0.58
2018-05-10,1020.96,1022.3,1024.12,1011.13,0.09,0.96,7457550,12216303104.0,1.27,0.59
2018-05-11,1022.62,999.67,1022.62,999.67,-2.21,-22.63,7244111,12266661376.0,2.24,0.57
2018-05-14,997.98,986.31,1000.04,983.26,-1.34,-13.36,6757140,10512619776.0,1.68,0.53
2018-05-15,985.96,1008.25,1008.39,985.96,2.22,21.94,6155308,10506170112.0,2.27,0.49
2018-05-16,1004.42,1008.41,1017.72,1002.52,0.02,0.16,6314199,10898288896.0,1.51,0.5
2018-05-17,1007.05,1001.17,1009.86,998.81,-0.72,-7.24,4668990,8335732480.0,1.1,0.37
2018-05-18,999.96,1000.51,1002.55,987.65,-0.07,-0.66,4830115,8387456768.0,1.49,0.38
2018-05-21,1003.14,1013.5,1015.37,1003.14,1.3,12.99,6060497,10188183040.0,1.22,0.48
2018-05-22,1012.96,1022.78,1022.79,1012.31,0.92,9.28,5546512,9784101632.0,1.03,0.44
2018-05-23,1020.46,1019.21,1027.63,1018.3,-0.35,-3.57,6952322,11915738624.0,0.91,0.55
2018-05-24,1020.05,1024.39,1029.3,1018.84,0.51,5.18,6781410,11665550080.0,1.03,0.53
2018-05-25,1022.68,1007.47,1023.8,1006.23,-1.65,-16.92,6602626,12114351360.0,1.72,0.52
2018-05-28,1008.0,1002.16,1010.65,995.58,-0.53,-5.31,8693855,13300174080.0,1.5,0.69
2018-05-29,1000.28,985.22,1015.05,983.48,-1.69,-16.94,10111083,15700821248.0,3.15,0.8
2018-05-30,967.02,954.54,976.81,952.97,-3.11,-30.68,9824036,14541082624.0,2.42,0.77
2018-05-31,963.34,969.76,970.25,952.78,1.59,15.22,7628742,11892290816.0,1.83,0.6
2018-06-01,965.45,951.53,970.25,944.33,-1.88,-18.23,8220046,11482748672.0,2.67,0.65
2018-06-04,952.67,947.91,955.89,938.48,-0.38,-3.62,5914883,9512882688.0,1.83,0.47
2018-06-05,949.5,977.32,977.38,949.5,3.1,29.41,7046064,10726570496.0,2.94,0.56
2018-06-06,978.2,980.35,983.61,972.97,0.31,3.03,6802167,9179303424.0,1.09,0.54
2018-06-07,982.73,967.45,984.8,967.21,-1.32,-12.9,6998514,8818950144.0,1.79,0.55
2018-06-08,967.28,957.58,967.28,948.32,-1.02,-9.87,6152954,8505479168.0,1.96,0.48
2018-06-11,954.8,946.94,955.4,942.67,-1.11,-10.64,4773041,7398128896.0,1.33,0.38
2018-06-12,946.39,959.33,959.75,936.54,1.31,12.39,4807015,7847901440.0,2.45,0.38
2018-06-13,955.86,936.12,955.86,935.93,-2.42,-23.21,4981654,7553828096.0,2.08,0.39
2018-06-14,935.89,932.45,946.63,930.18,-0.39,-3.67,4329013,6743316224.0,1.76,0.34
2018-06-15,933.13,907.97,935.81,904.34,-2.63,-24.48,4961156,7340281600.0,3.37,0.39
2018-06-19,888.69,844.77,891.95,836.28,-6.96,-63.2,7167005,10538580224.0,6.13,0.56
2018-06-20,837.9,854.15,861.05,830.98,1.11,9.38,7162257,11040101888.0,3.56,0.56
2018-06-21,853.33,832.48,860.73,830.6,-2.54,-21.67,6271002,10308859136.0,3.53,0.49
2018-06-22,823.62,842.58,844.66,816.94,1.21,10.1,5093841,7558215680.0,3.33,0.4
2018-06-25,845.6,835.45,848.83,833.76,-0.85,-7.13,4561227,7035482112.0,1.79,0.36
2018-06-26,823.18,849.26,850.6,820.12,1.65,13.81,5207510,8156620288.0,3.65,0.41
2018-06-27,848.33,841.14,851.62,836.6,-0.96,-8.12,9322622,9498936576.0,1.77,0.73
2018-06-28,837.95,828.89,847.7,827.2,-1.46,-12.25,6486097,7504477184.0,2.44,0.51
2018-06-29,831.98,865.16,865.16,831.59,4.38,36.27,6796241,9602873344.0,4.05,0.54
2018-07-02,865.71,858.36,871.06,850.61,-0.79,-6.8,6739100,9228026368.0,2.36,0.53
2018-07-03,857.18,870.41,871.31,841.97,1.4,12.05,7376255,10803478272.0,3.42,0.58
2018-07-04,865.24,849.68,865.46,845.44,-2.38,-20.73,7473989,8040805888.0,2.3,0.59
2018-07-05,846.17,830.62,851.79,828.77,-2.24,-19.06,6364200,7587958784.0,2.71,0.5
2018-07-06,830.73,833.96,848.12,816.77,0.4,3.34,6987758,10383343616.0,3.77,0.55
2018-07-09,832.36,847.12,847.64,832.32,1.58,13.16,5806054,8526893056.0,1.84,0.46
2018-07-10,845.37,846.73,846.75,837.87,-0.05,-0.39,6036190,8107266304.0,1.05,0.48
2018-07-11,832.45,821.71,833.97,809.31,-2.95,-25.02,6839537,8487728384.0,2.91,0.54
2018-07-12,820.29,848.4,852.01,820.29,3.25,26.69,7371100,10625986816.0,3.86,0.58
2018-07-13,849.95,855.36,859.77,849.35,0.82,6.96,6629360,9836641792.0,1.23,0.52
2018-07-16,857.85,861.48,863.38,852.94,0.72,6.12,6592588,9064174080.0,1.22,0.52
2018-07-17,857.74,862.35,862.41,847.42,0.1,0.87,5683263,8082220288.0,1.74,0.45
2018-07-18,862.24,852.74,866.98,852.7,-1.11,-9.61,5665693,8350195200.0,1.66,0.45
2018-07-19,851.35,841.42,855.37,836.96,-1.33,-11.32,5601400,8145580800.0,2.16,0.44
2018-07-20,837.93,850.39,852.36,832.8,1.07,8.97,6201580,9157280512.0,2.32,0.49
2018-07-23,839.64,843.6,846.25,834.07,-0.8,-6.79,8630847,12562969600.0,1.43,0.68
2018-07-24,842.86,854.22,856.86,838.72,1.26,10.62,7778601,10930789632.0,2.15,0.61
2018-07-25,855.4,859.97,864.22,853.75,0.67,5.75,6506763,8434379264.0,1.23,0.51
2018-07-26,859.92,852.01,861.25,849.33,-0.93,-7.96,7013328,7848140800.0,1.39,0.55
2018-07-27,850.34,843.21,850.89,839.21,-1.03,-8.8,5096552,6202409728.0,1.37,0.4
2018-07-30,841.05,825.2,842.45,820.88,-2.14,-18.01,6236240,7526528000.0,2.56,0.49
2018-07-31,824.82,824.02,829.89,820.19,-0.14,-1.18,4004675,5051138048.0,1.18,0.32
2018-08-01,824.98,808.76,829.69,808.75,-1.85,-15.26,5087185,6082951680.0,2.54,0.4
2018-08-02,805.66,787.43,805.66,771.67,-2.64,-21.33,6521181,7770752256.0,4.2,0.51
2018-08-03,787.28,773.28,789.79,773.09,-1.8,-14.15,4923655,6189695232.0,2.12,0.39
2018-08-06,768.86,750.35,771.28,745.83,-2.97,-22.93,5682792,7155835136.0,3.29,0.45
2018-08-07,753.07,769.42,769.53,742.41,2.54,19.07,5959914,7646926080.0,3.61,0.47
2018-08-08,766.99,753.15,768.89,751.79,-2.11,-16.27,5075697,5998165248.0,2.22,0.4
2018-08-09,750.31,777.16,783.02,748.91,3.19,24.01,6677456,8763961856.0,4.53,0.53
2018-08-10,776.54,785.63,786.68,775.73,1.09,8.47,5149695,7215216640.0,1.41,0.41
2018-08-13,776.69,794.82,796.41,773.64,1.17,9.19,6327146,8434679552.0,2.9,0.5
2018-08-14,793.74,790.05,795.42,787.57,-0.6,-4.77,4283033,5825671168.0,0.99,0.34
2018-08-15,789.88,772.15,791.5,769.59,-2.27,-17.9,6701395,7395848704.0,2.77,0.53
2018-08-16,761.9,765.59,776.64,755.76,-0.85,-6.56,5546692,6291773952.0,2.7,0.44
2018-08-17,770.27,746.81,773.54,744.8,-2.45,-18.78,5357442,7816945664.0,3.75,0.42
2018-08-20,744.52,753.17,753.17,734.69,0.85,6.36,5283511,7022532864.0,2.47,0.42
2018-08-21,753.57,765.74,767.15,751.13,1.67,12.57,5183247,7167362048.0,2.13,0.41
2018-08-22,764.45,760.19,768.56,757.91,-0.72,-5.55,7716690,6231811840.0,1.39,0.61
2018-08-23,761.03,767.04,770.83,759.98,0.9,6.85,6018387,7175347712.0,1.43,0.47
2018-08-24,764.95,764.78,769.7,761.91,-0.29,-2.26,7111271,6745057792.0,1.02,0.56
2018-08-27,765.17,787.05,787.86,764.72,2.91,22.27,7498025,9636870144.0,3.03,0.59
2018-08-28,787.57,788.92,790.81,785.29,0.24,1.87,6481440,7997271552.0,0.7,0.51
2018-08-29,790.49,786.89,792.47,784.21,-0.26,-2.03,6318688,6689035776.0,1.05,0.5
2018-08-30,786.64,776.07,788.14,774.79,-1.38,-10.82,6677348,6186755328.0,1.7,0.53
2018-08-31,772.51,768.26,775.0,764.43,-1.01,-7.81,7960397,8552543744.0,1.36,0.63
2018-09-03,766.89,771.7,771.7,753.95,0.45,3.44,7068353,8525668096.0,2.31,0.56
2018-09-04,771.5,790.78,792.95,770.86,2.47,19.08,8368510,10963217152.0,2.86,0.66
2018-09-05,789.91,783.34,797.31,783.34,-0.94,-7.44,6001122,8209670400.0,1.77,0.47
2018-09-06,781.43,781.33,790.24,776.32,-0.26,-2.01,4773935,7373522432.0,1.78,0.38
2018-09-07,782.06,779.06,793.77,772.8,-0.29,-2.27,5903871,9134235136.0,2.68,0.47
2018-09-10,777.24,763.59,778.23,762.99,-1.99,-15.47,4983420,6457928448.0,1.96,0.39
2018-09-11,763.7,768.44,774.05,761.29,0.64,4.85,3844612,5417436160.0,1.67,0.3
2018-09-12,768.38,765.31,774.45,762.68,-0.41,-3.13,4260915,6671667200.0,1.53,0.34
2018-09-13,768.98,765.4,773.03,751.17,0.01,0.09,8337349,9754495232.0,2.86,0.66
2018-09-14,763.87,754.43,763.87,751.75,-1.43,-10.97,8668067,8225604608.0,1.58,0.68
2018-09-17,750.44,741.44,750.93,739.01,-1.72,-12.99,7994760,6939107584.0,1.58,0.63
2018-09-18,739.69,753.85,753.86,736.76,1.67,12.41,7258853,7394727424.0,2.31,0.57
2018-09-19,753.02,761.73,767.7,750.09,1.05,7.88,9235465,9206016512.0,2.34,0.73
2018-09-20,760.15,758.02,763.65,757.27,-0.49,-3.71,8200407,6453964032.0,0.84,0.65
2018-09-21,759.29,769.77,769.88,754.4,1.55,11.75,8134847,8683612672.0,2.04,0.64
2018-09-25,765.72,768.16,771.23,764.36,-0.21,-1.61,4589623,5545930240.0,0.89,0.36
2018-09-26,770.26,772.17,776.83,765.95,0.52,4.01,9057550,8857924608.0,1.42,0.71
2018-09-27,772.39,767.58,781.15,767.04,-0.59,-4.59,11429238,9786279424.0,1.83,0.9
2018-09-28,767.73,774.23,774.62,763.97,0.87,6.65,9411694,8518227200.0,1.39,0.74
2018-10-08,758.67,744.54,761.25,743.61,-3.83,-29.69,8488839,7846104832.0,2.28,0.67
2018-10-09,744.19,739.82,751.95,734.74,-0.63,-4.72,7025885,7041727744.0,2.31,0.55
2018-10-10,740.6,737.64,742.6,730.17,-0.29,-2.18,5471762,5454777344.0,1.68,0.43
2018-10-11,711.55,683.09,714.52,678.28,-7.4,-54.55,8784503,8614217472.0,4.91,0.69
2018-10-12,676.0,675.88,679.96,651.23,-1.06,-7.21,8492761,7846412032.0,4.21,0.67
2018-10-15,676.2,666.66,686.2,665.53,-1.36,-9.22,6174003,6114089216.0,3.06,0.49
2018-10-16,666.23,652.23,673.19,646.78,-2.16,-14.43,7201594,7278823936.0,3.96,0.57
2018-10-17,660.9,659.3,663.81,641.56,1.08,7.07,7545546,7609564416.0,3.41,0.59
2018-10-18,653.5,637.77,653.5,635.87,-3.27,-21.53,6859941,6423526912.0,2.67,0.54
2018-10-19,623.58,653.08,653.61,622.16,2.4,15.31,7569903,8441125376.0,4.93,0.6
2018-10-22,659.3,685.76,691.45,659.3,5.0,32.68,15777469,19359642368.0,4.92,1.24
2018-10-23,683.24,675.0,687.05,670.01,-1.57,-10.76,12334518,12763484928.0,2.48,0.97
2018-10-24,670.03,672.07,680.13,664.88,-0.43,-2.93,10320318,10374333184.0,2.26,0.81
2018-10-25,650.81,665.79,667.7,646.2,-0.93,-6.28,10138980,9919563776.0,3.2,0.8
2018-10-26,671.07,665.75,674.43,660.85,-0.01,-0.04,9140511,9180325376.0,2.04,0.72
2018-10-29,663.82,658.54,666.08,653.84,-1.08,-7.21,9057710,9361692160.0,1.84,0.71
2018-10-30,655.48,662.65,667.81,644.42,0.62,4.11,8470260,9135191040.0,3.55,0.67
2018-10-31,662.81,676.11,678.8,662.81,2.03,13.46,8757629,8860047616.0,2.41,0.69
2018-11-01,687.63,686.76,699.83,683.84,1.58,10.65,12832955,12752395008.0,2.37,1.01
2018-11-02,701.1,714.66,714.66,700.41,4.06,27.9,14884561,15619208704.0,2.07,1.17
2018-11-05,714.47,723.78,727.0,709.27,1.28,9.12,12584703,12570825728.0,2.48,0.99
2018-11-06,720.44,720.02,720.44,709.24,-0.52,-3.76,9711971,9102611456.0,1.55,0.77
2018-11-07,720.58,720.15,730.26,718.54,0.02,0.13,10044137,9561360640.0,1.63,0.79
2018-11-08,726.37,719.71,729.36,718.28,-0.06,-0.44,9361993,8307427584.0,1.54,0.74
2018-11-09,715.97,717.77,724.42,713.3,-0.27,-1.94,8209398,7441518848.0,1.55,0.65
2018-11-12,721.52,748.47,748.47,721.1,4.28,30.7,11228339,11723811072.0,3.81,0.88
2018-11-13,743.6,767.16,773.1,742.2,2.5,18.69,13803130,13980906752.0,4.13,1.09
2018-11-14,769.23,763.63,774.16,760.95,-0.46,-3.53,13278845,11670820864.0,1.72,1.05
2018-11-15,765.16,774.5,774.5,763.31,1.42,10.87,11344366,11462822912.0,1.47,0.89
2018-11-16,775.8,780.42,784.07,770.02,0.76,5.92,13358700,13708155136.0,1.81,1.05
2018-11-19,780.84,784.62,784.62,774.32,0.54,4.2,13360024,13256643840.0,1.32,1.05
2018-11-20,775.61,763.14,779.96,761.69,-2.74,-21.48,11266159,10971543296.0,2.33,0.89
2018-11-21,753.0,767.77,770.68,753.0,0.61,4.63,11754765,10940879360.0,2.32,0.93
2018-11-22,768.7,770.49,775.26,768.26,0.35,2.72,9811404,9007004928.0,0.91,0.77
2018-11-23,768.07,736.95,768.07,734.94,-4.35,-33.54,11028114,10186696704.0,4.3,0.87
2018-11-26,735.29,733.26,742.16,728.89,-0.5,-3.69,7174990,6829179648.0,1.8,0.57
2018-11-27,738.34,740.86,743.66,734.77,1.04,7.6,6522564,6809751040.0,1.21,0.51
2018-11-28,739.75,747.37,747.41,725.86,0.88,6.51,8224140,8068535808.0,2.91,0.65
2018-11-29,750.31,727.12,751.64,727.12,-2.71,-20.25,7606666,7841669120.0,3.28,0.6
2018-11-30,725.41,731.24,732.93,714.56,0.57,4.12,6502287,6369335808.0,2.53,0.51
2018-12-03,748.04,756.49,759.34,744.45,3.45,25.25,9749182,10509209600.0,2.04,0.77
2018-12-04,755.21,762.36,762.49,752.23,0.78,5.87,8204547,8387664640.0,1.36,0.65
2018-12-05,746.83,756.5,762.03,745.24,-0.77,-5.86,7677462,8239734528.0,2.2,0.61
2018-12-06,753.47,736.88,754.91,734.49,-2.59,-19.62,7182908,8395491072.0,2.7,0.57
2018-12-07,735.83,732.42,739.15,729.45,-0.61,-4.46,7490088,8207540736.0,1.32,0.59
2018-12-10,725.33,724.0,730.77,721.96,-1.15,-8.42,6956647,8439322368.0,1.2,0.55
2018-12-11,726.86,730.79,732.74,726.02,0.94,6.79,6557326,6248497920.0,0.93,0.52
2018-12-12,732.68,728.54,734.57,726.2,-0.31,-2.25,5692398,4914977792.0,1.15,0.45
2018-12-13,730.65,734.5,737.66,724.38,0.82,5.96,6764479,6732031744.0,1.82,0.53
2018-12-14,733.35,712.73,733.35,711.48,-2.96,-21.77,6560647,6973235968.0,2.98,0.52
2018-12-17,708.29,709.6,711.27,699.66,-0.44,-3.13,4948714,5224192000.0,1.63,0.39
2018-12-18,707.04,706.34,713.97,700.29,-0.46,-3.26,4842420,5049137920.0,1.93,0.38
2018-12-19,707.57,695.39,708.33,693.6,-1.55,-10.95,5136126,5846047744.0,2.09,0.4
2018-12-20,694.32,701.26,702.31,694.04,0.84,5.87,4854258,4985247488.0,1.19,0.38
2018-12-21,700.67,697.9,703.44,692.41,-0.48,-3.36,6068998,6263783936.0,1.57,0.48
2018-12-24,696.65,705.99,705.99,695.2,1.16,8.09,5404850,5366270720.0,1.55,0.43
2018-12-25,698.59,699.07,701.35,682.18,-0.98,-6.92,6752125,6277731584.0,2.72,0.53
2018-12-26,698.42,696.57,702.56,696.2,-0.36,-2.5,5226135,5018739712.0,0.91,0.41
2018-12-27,706.1,684.41,708.12,684.36,-1.75,-12.16,6297005,5992695296.0,3.41,0.5
2018-12-28,685.77,683.62,689.16,678.23,-0.12,-0.79,5813796,6310870528.0,1.6,0.46
2019-01-02,684.55,675.82,686.34,673.65,-1.14,-7.8,5306407,5976706048.0,1.86,0.42
2019-01-03,674.51,669.51,681.77,669.21,-0.93,-6.31,8171712,6361139200.0,1.86,0.64
2019-01-04,662.34,688.61,688.61,661.78,2.85,19.1,10552933,8703127296.0,4.01,0.83
2019-01-07,692.32,697.78,699.0,688.56,1.33,9.17,9152737,8380190720.0,1.52,0.72
2019-01-08,696.31,694.9,698.33,692.01,-0.41,-2.88,7270454,6078330880.0,0.91,0.57
2019-01-09,696.73,696.54,706.1,693.59,0.24,1.64,9266053,8361436416.0,1.8,0.73
2019-01-10,695.92,689.9,696.48,688.29,-0.95,-6.64,8112729,7825667584.0,1.18,0.64
2019-01-11,689.98,692.05,692.85,686.64,0.31,2.15,7232479,6528424704.0,0.9,0.57
2019-01-14,692.47,685.18,692.84,683.59,-0.99,-6.87,7492118,5896736256.0,1.34,0.59
2019-01-15,684.4,696.71,696.71,683.23,1.68,11.53,7110154,6817045248.0,1.97,0.56
2019-01-16,697.32,695.88,702.92,694.28,-0.12,-0.83,7518289,8205754880.0,1.24,0.59
2019-01-17,694.7,687.93,695.03,686.91,-1.14,-7.95,7084279,6987267328.0,1.17,0.56
2019-01-18,687.58,694.65,695.6,686.15,0.98,6.72,6545398,6749645056.0,1.37,0.52
2019-01-21,695.51,698.54,702.84,695.29,0.56,3.89,7123448,7706895616.0,1.09,0.56
2019-01-22,697.16,686.91,697.16,684.79,-1.66,-11.63,6140986,5926837248.0,1.77,0.48
2019-01-23,685.3,681.86,687.13,678.93,-0.74,-5.05,5388616,4863346176.0,1.19,0.42
2019-01-24,682.61,686.76,690.66,680.74,0.72,4.9,5688376,6199737088.0,1.45,0.45
2019-01-25,686.31,682.18,688.11,681.52,-0.67,-4.58,6556367,5989319936.0,0.96,0.52
2019-01-28,686.82,674.46,687.98,672.97,-1.13,-7.72,7146281,7163720704.0,2.2,0.56
2019-01-29,672.43,661.27,673.19,654.13,-1.96,-13.19,7083454,7316279296.0,2.83,0.56
2019-01-30,657.41,650.97,663.1,650.97,-1.56,-10.3,6219184,6012429568.0,1.83,0.49
2019-01-31,649.08,642.54,654.37,638.52,-1.29,-8.43,7432919,6392772864.0,2.43,0.59
2019-02-01,645.6,663.54,663.81,645.6,3.27,21.0,7044219,7122991104.0,2.83,0.56
2019-02-11,664.1,683.02,683.33,663.9,2.94,19.48,8230072,8516556544.0,2.93,0.65
2019-02-12,681.96,695.54,698.27,681.41,1.83,12.52,11340840,10604438016.0,2.47,0.89
2019-02-13,695.17,706.73,709.13,692.94,1.61,11.19,12701410,12211332352.0,2.33,1.0
2019-02-14,705.52,711.61,714.96,703.26,0.69,4.88,9696443,9362956800.0,1.66,0.76
2019-02-15,710.2,710.79,717.07,709.04,-0.12,-0.82,10700697,11002166784.0,1.13,0.84
2019-02-18,715.59,735.93,735.93,715.54,3.54,25.14,13628779,13730413312.0,2.87,1.07
2019-02-19,737.87,738.1,746.04,729.99,0.29,2.17,14651714,15458621440.0,2.18,1.15
2019-02-20,736.39,734.02,736.43,725.19,-0.55,-4.08,12179830,11691775232.0,1.52,0.96
2019-02-21,733.91,730.81,745.68,728.39,-0.44,-3.21,13537056,13756524032.0,2.36,1.07
2019-02-22,731.27,748.69,748.69,728.58,2.45,17.88,16101124,16054365696.0,2.75,1.27
2019-02-25,757.43,791.19,791.19,756.41,5.68,42.5,23951136,23875234560.0,4.65,1.89
2019-02-26,795.11,796.53,814.54,786.92,0.67,5.34,24865434,30555089920.0,3.49,1.96
2019-02-27,795.52,795.92,810.28,786.28,-0.08,-0.61,17945138,21075522304.0,3.01,1.41
2019-02-28,796.67,805.32,811.04,794.48,1.18,9.4,18556206,19201449728.0,2.08,1.46
2019-03-01,808.97,806.02,812.0,794.83,0.09,0.7,16349651,18805922048.0,2.13,1.29
2019-03-04,815.81,827.28,838.25,814.53,2.64,21.26,23743263,27771229696.0,2.94,1.87
2019-03-05,822.7,850.52,850.52,818.48,2.81,23.24,23042811,22865763840.0,3.87,1.82
2019-03-06,858.32,871.75,871.9,845.93,2.5,21.23,25730726,27298202624.0,3.05,2.03
2019-03-07,869.82,887.82,897.01,864.15,1.84,16.07,27938711,31640028416.0,3.77,2.2
2019-03-08,864.9,849.02,894.27,849.02,-4.37,-38.8,26894768,31577132800.0,5.1,2.12
2019-03-11,856.68,886.42,886.45,850.21,4.41,37.4,20555485,24312985600.0,4.27,1.62
2019-03-12,894.68,905.15,914.18,888.15,2.11,18.73,25220667,30918649856.0,2.94,1.99
2019-03-13,902.89,883.01,909.7,874.54,-2.45,-22.14,23311706,28585329408.0,3.88,1.84
2019-03-14,878.68,854.9,883.97,844.09,-3.18,-28.11,18664018,21086004480.0,4.52,1.47
2019-03-15,857.97,860.81,871.03,851.17,0.69,5.91,13898575,16307891968.0,2.32,1.1
2019-03-18,862.57,883.04,883.04,853.08,2.58,22.23,14987079,18533791232.0,3.48,1.18
2019-03-19,884.2,887.5,892.56,879.96,0.51,4.46,16105148,19404897536.0,1.43,1.27
2019-03-20,888.73,889.93,889.93,870.88,0.27,2.43,15249178,17755498496.0,2.15,1.2
2019-03-21,892.92,903.84,910.97,889.81,1.56,13.91,18405651,22135557632.0,2.38,1.45
2019-03-22,903.57,907.02,907.52,885.81,0.35,3.18,14255995,16632757760.0,2.4,1.12
2019-03-25,892.51,902.88,914.28,887.16,-0.46,-4.14,16722031,18219608320.0,2.99,1.32
2019-03-26,905.7,880.27,909.51,877.06,-2.5,-22.61,16586134,18117117184.0,3.59,1.31
2019-03-27,884.69,885.14,886.97,865.49,0.55,4.87,16899951,18217691904.0,2.44,1.33
2019-03-28,879.87,869.42,890.95,869.25,-1.78,-15.72,13530070,14457874176.0,2.45,1.07
2019-03-29,869.07,897.8,897.8,861.16,3.26,28.38,15220206,18806661376.0,4.21,1.2
2019-04-01,904.27,936.73,936.73,903.98,4.34,38.93,19630044,25867997696.0,3.65,1.55
2019-04-02,939.15,942.3,952.3,936.68,0.59,5.57,22200105,26381020416.0,1.67,1.75
2019-04-03,937.15,951.94,951.97,933.94,1.02,9.64,18459580,21428497408.0,1.91,1.45
2019-04-04,955.15,948.84,956.98,940.88,-0.33,-3.1,19410222,22209592576.0,1.69,1.53
2019-04-08,954.8,939.83,957.72,925.98,-0.95,-9.01,19061563,23556174592.0,3.35,1.5
2019-04-09,937.56,947.79,950.4,929.52,0.85,7.96,15747456,21509720576.0,2.22,1.24
2019-04-10,941.65,951.22,959.62,936.77,0.36,3.43,20054907,23592845056.0,2.41,1.58
2019-04-11,950.65,927.09,952.89,926.53,-2.54,-24.13,19176004,21384043520.0,2.77,1.51
2019-04-12,921.87,919.49,926.39,911.91,-0.82,-7.6,11708178,13274426624.0,1.56,0.92
2019-04-15,929.8,910.13,936.62,909.88,-1.02,-9.36,11824205,13688415232.0,2.91,0.93
2019-04-16,906.31,932.19,932.19,900.4,2.42,22.06,13515228,14756192512.0,3.49,1.07
2019-04-17,932.43,938.4,942.89,930.26,0.67,6.21,15073901,15248475648.0,1.35,1.19
2019-04-18,938.48,925.47,938.5,924.15,-1.38,-12.93,12942021,12987256320.0,1.53,1.02
2019-04-19,923.82,934.4,934.4,919.98,0.96,8.93,11520224,11749417472.0,1.56,0.91
2019-04-22,931.79,916.47,932.48,913.9,-1.92,-17.93,13862040,14018483200.0,1.99,1.09
2019-04-23,914.04,900.51,914.09,899.22,-1.74,-15.96,12670736,14033786624.0,1.62,1.0
2019-04-24,900.04,914.11,914.11,893.27,1.51,13.6,10990948,13958407936.0,2.31,0.87
2019-04-25,907.84,875.03,909.6,875.03,-4.28,-39.08,17877973,16092027136.0,3.78,1.41
2019-04-26,871.02,873.05,884.95,869.73,-0.23,-1.98,10568922,13808985856.0,1.74,0.83
2019-04-29,870.34,841.88,873.78,839.95,-3.57,-31.17,11578232,15225836800.0,3.87,0.91
2019-04-30,837.7,845.75,851.91,835.73,0.46,3.87,6931112,8722271232.0,1.92,0.55
2019-05-06,816.93,779.76,818.37,775.38,-7.8,-65.99,10852221,14020098048.0,5.08,0.86
2019-05-07,780.55,783.95,793.8,769.32,0.54,4.19,8249453,10180421376.0,3.14,0.65
2019-05-08,762.8,780.57,792.43,759.46,-0.43,-3.38,7743122,9497635584.0,4.21,0.61
2019-05-09,772.24,769.25,782.95,768.31,-1.45,-11.32,5933065,7759964416.0,1.88,0.47
2019-05-10,774.68,797.84,798.08,760.47,3.72,28.59,12800342,14193732864.0,4.89,1.01
2019-05-13,785.92,785.29,793.59,781.16,-1.57,-12.55,9209370,10091430656.0,1.56,0.73
2019-05-14,774.81,778.94,788.76,774.37,-0.81,-6.35,7702641,8850037504.0,1.83,0.61
2019-05-15,786.15,794.42,795.97,784.06,1.99,15.48,8750507,10067884800.0,1.53,0.69
2019-05-16,794.44,799.23,800.74,788.97,0.61,4.81,9057014,9691932416.0,1.48,0.71
2019-05-17,800.47,767.67,801.41,764.17,-3.95,-31.56,11431456,12191963904.0,4.66,0.9
2019-05-20,769.0,770.13,770.64,754.77,0.32,2.46,5816617,7597254144.0,2.07,0.46
2019-05-21,769.23,782.34,787.22,766.25,1.59,12.21,6266880,8456914432.0,2.72,0.49
2019-05-22,781.6,782.92,787.6,773.68,0.07,0.58,6352304,8007848448.0,1.78,0.5
2019-05-23,781.49,759.57,781.49,757.3,-2.98,-23.35,6325704,7903288320.0,3.09,0.5
2019-05-24,755.68,753.11,763.59,752.14,-0.85,-6.46,4217792,5218013440.0,1.51,0.33
2019-05-27,755.42,774.9,775.8,751.41,2.89,21.79,5689906,7657265920.0,3.24,0.45
2019-05-28,775.86,773.76,780.69,768.88,-0.15,-1.14,6116990,7951201280.0,1.52,0.48
2019-05-29,769.48,769.32,776.12,766.35,-0.57,-4.44,4519937,5588485888.0,1.26,0.36
2019-05-30,765.59,756.59,765.59,748.32,-1.65,-12.73,6194256,7075543808.0,2.24,0.49
2019-05-31,755.95,753.83,763.33,752.12,-0.36,-2.76,4423617,5521903872.0,1.48,0.35
2019-06-03,754.2,741.02,757.66,737.57,-1.7,-12.81,5103430,6056225792.0,2.67,0.4
2019-06-04,740.05,730.52,741.38,725.41,-1.42,-10.5,5309570,6371927808.0,2.16,0.42
2019-06-05,736.82,724.4,738.3,723.26,-0.84,-6.12,4929625,6555687936.0,2.06,0.39
2019-06-06,722.92,705.28,723.03,703.18,-2.64,-19.12,5318931,6166464512.0,2.74,0.42
2019-06-10,705.97,710.52,714.02,702.69,0.74,5.24,3916575,4939830016.0,1.61,0.31
2019-06-11,710.52,736.67,737.38,709.45,3.68,26.15,6340827,8073439744.0,3.93,0.5
2019-06-12,735.18,730.7,738.47,730.08,-0.81,-5.97,8365143,6867587072.0,1.14,0.66
2019-06-13,729.82,738.6,741.19,729.47,1.08,7.9,6979174,7352357376.0,1.6,0.55
2019-06-14,739.28,722.16,742.25,721.1,-2.23,-16.44,6462869,6789158656.0,2.86,0.51
2019-06-17,723.96,727.04,732.3,722.21,0.68,4.88,5268539,5682935040.0,1.4,0.42
2019-06-18,728.25,725.57,730.45,719.75,-0.2,-1.47,5364915,5630502912.0,1.47,0.42
2019-06-19,740.91,734.37,744.58,733.82,1.21,8.8,8067444,8959534080.0,1.48,0.64
2019-06-20,733.62,747.37,751.39,730.74,1.77,13.0,9671494,11077331456.0,2.81,0.76
2019-06-21,756.99,765.25,768.85,756.99,2.39,17.88,10078140,11976384256.0,1.59,0.79
2019-06-24,767.76,766.48,769.94,762.0,0.16,1.23,7186787,7804273408.0,1.04,0.57
2019-06-25,766.28,760.1,766.28,749.83,-0.83,-6.38,7760498,8927644160.0,2.15,0.61
2019-06-26,757.25,763.12,767.23,754.69,0.4,3.02,5130484,6592613888.0,1.65,0.4
2019-06-27,766.32,769.94,773.2,765.4,0.89,6.82,5833693,7949336832.0,1.02,0.46
2019-06-28,770.78,759.83,770.78,753.81,-1.31,-10.11,5314564,6521198592.0,2.2,0.42
2019-07-01,774.8,782.36,782.36,771.28,2.97,22.53,7640964,10897523456.0,1.46,0.6
2019-07-02,783.71,783.44,784.88,780.24,0.14,1.08,5737096,7806787072.0,0.59,0.45
2019-07-03,780.82,771.59,781.06,768.52,-1.51,-11.85,6344283,7504868096.0,1.6,0.5
2019-07-04,772.0,764.76,773.42,760.63,-0.89,-6.83,4655873,5979682304.0,1.66,0.37
2019-07-05,764.34,770.5,771.93,764.22,0.75,5.74,6001217,5879333632.0,1.01,0.47
2019-07-08,767.13,742.3,767.13,739.35,-3.66,-28.2,7644847,8171234560.0,3.61,0.6
2019-07-09,741.84,744.95,746.48,737.95,0.36,2.65,5393800,5865448960.0,1.15,0.43
2019-07-10,747.3,746.22,751.74,743.44,0.17,1.27,5990724,6757123840.0,1.11,0.47
2019-07-11,750.66,750.07,758.49,746.76,0.52,3.85,6967444,7820717824.0,1.57,0.55
2019-07-12,752.09,754.46,756.42,744.3,0.59,4.39,7644190,7747817984.0,1.62,0.6
2019-07-15,752.07,764.43,769.16,740.74,1.32,9.97,9606835,10900869632.0,3.77,0.76
2019-07-16,765.85,770.21,774.53,765.44,0.76,5.78,8058740,8251623424.0,1.19,0.64
2019-07-17,767.62,763.08,769.28,762.23,-0.93,-7.13,7460587,7384680192.0,0.92,0.59
2019-07-18,759.33,744.91,759.34,744.91,-2.38,-18.17,6694943,6992984064.0,1.89,0.53
2019-07-19,746.77,748.11,755.64,746.72,0.43,3.2,5858288,6436764928.0,1.2,0.46
2019-07-22,748.58,728.67,748.99,726.81,-2.6,-19.44,6516360,6681581568.0,2.96,0.51
2019-07-23,728.63,737.99,738.14,728.63,1.28,9.32,5134410,6698865152.0,1.31,0.4
2019-07-24,738.33,744.0,750.63,738.33,0.81,6.01,6114060,8076811008.0,1.67,0.48
2019-07-25,744.9,746.69,749.94,743.06,0.36,2.69,5221115,6644398336.0,0.92,0.41
2019-07-26,745.02,746.36,748.37,742.75,-0.04,-0.33,5535717,7202165504.0,0.75,0.44
2019-07-29,745.78,742.22,746.54,739.28,-0.55,-4.14,4479538,5751308032.0,0.97,0.35
2019-07-30,742.35,747.26,751.16,742.26,0.68,5.04,5293122,6910865920.0,1.2,0.42
2019-07-31,745.83,741.33,745.83,740.06,-0.79,-5.93,4754365,5995821056.0,0.77,0.37
2019-08-01,737.46,736.72,741.11,733.77,-0.62,-4.61,4800854,6200884736.0,0.99,0.38
2019-08-02,719.76,724.25,726.02,716.15,-1.69,-12.47,6031629,7443502336.0,1.34,0.48
2019-08-05,721.26,712.21,727.33,712.21,-1.66,-12.04,5422180,7028061440.0,2.09,0.43
2019-08-06,696.49,690.24,697.09,674.31,-3.08,-21.97,7632104,8653279488.0,3.2,0.6
2019-08-07,693.83,688.62,697.25,688.24,-0.23,-1.62,4540991,5247174144.0,1.31,0.36
2019-08-08,692.17,694.43,697.88,692.13,0.84,5.81,4890156,5815400960.0,0.84,0.39
2019-08-09,697.97,688.09,701.65,686.66,-0.91,-6.34,5257549,6422612992.0,2.16,0.41
2019-08-12,688.02,700.51,700.51,687.86,1.8,12.42,4397974,5353881088.0,1.84,0.35
2019-08-13,696.05,695.26,698.31,692.22,-0.75,-5.25,4765293,5285866240.0,0.87,0.38
2019-08-14,704.58,700.77,706.09,699.46,0.79,5.51,5160488,6169442816.0,0.95,0.41
2019-08-15,684.45,711.73,711.73,682.2,1.56,10.96,6926896,8471184384.0,4.21,0.55
2019-08-16,711.0,714.95,720.27,709.66,0.45,3.22,7030002,9170889216.0,1.49,0.55
2019-08-19,723.68,739.81,739.81,723.44,3.48,24.86,8383596,11855354112.0,2.29,0.66
2019-08-20,742.38,745.85,750.17,741.85,0.82,6.04,8058650,9912542720.0,1.12,0.64
2019-08-21,745.73,741.9,745.75,738.94,-0.53,-3.95,9147295,8713648640.0,0.91,0.72
2019-08-22,743.86,747.85,747.99,738.47,0.8,5.95,7800674,7991494912.0,1.28,0.61
2019-08-23,749.8,752.06,755.99,746.26,0.56,4.21,10119661,11167706112.0,1.3,0.8
2019-08-26,736.73,754.89,759.48,736.65,0.38,2.83,10716616,10736934912.0,3.04,0.84
2019-08-27,759.08,771.61,774.13,758.6,2.21,16.72,12811063,14059704832.0,2.06,1.01
2019-08-28,770.06,763.59,771.0,763.05,-1.04,-8.02,9938763,10430111232.0,1.03,0.78
2019-08-29,763.45,763.64,768.1,759.33,0.01,0.05,8723895,9587363584.0,1.15,0.69
2019-08-30,765.56,745.95,767.19,742.62,-2.32,-17.69,9439232,11078823168.0,3.22,0.74
2019-09-02,748.48,767.82,768.61,748.48,2.93,21.87,8862926,11999140352.0,2.7,0.7
2019-09-03,769.42,770.35,771.49,764.82,0.33,2.53,8279839,10014507008.0,0.87,0.65
2019-09-04,769.2,770.8,772.33,761.83,0.06,0.45,7476576,9721421056.0,1.36,0.59
2019-09-05,775.91,777.77,787.54,775.24,0.9,6.97,10798730,15124014592.0,1.6,0.85
2019-09-06,780.16,782.87,784.01,775.59,0.66,5.1,9062147,11284414208.0,1.08,0.71
2019-09-09,790.14,803.11,803.11,784.36,2.59,20.24,11185560,14384118016.0,2.4,0.88
2019-09-10,803.66,809.88,810.72,799.35,0.84,6.77,11406968,13827406848.0,1.42,0.9
2019-09-11,812.14,803.09,814.97,801.78,-0.84,-6.79,9796865,11646449408.0,1.63,0.77
2019-09-12,806.27,808.07,810.57,800.95,0.62,4.98,8401172,10038409984.0,1.2,0.66
2019-09-16,809.31,814.68,817.7,807.36,0.82,6.61,9457527,10892289792.0,1.28,0.75
2019-09-17,812.71,793.39,812.71,788.78,-2.61,-21.29,8913385,10963472640.0,2.94,0.7
2019-09-18,795.32,796.75,799.15,792.69,0.42,3.36,7396825,8803210752.0,0.81,0.58
2019-09-19,800.17,809.17,809.17,795.53,1.56,12.42,7897418,9729170176.0,1.71,0.62
2019-09-20,811.44,807.2,812.3,803.09,-0.24,-1.97,9570012,10367473152.0,1.14,0.75
2019-09-23,804.25,793.65,804.25,787.59,-1.68,-13.55,8157911,10834022400.0,2.06,0.64
2019-09-24,795.69,799.65,807.68,795.64,0.76,6.0,10356797,13188030720.0,1.52,0.82
2019-09-25,794.84,782.52,794.89,781.4,-2.14,-17.13,9250830,11525825280.0,1.69,0.73
2019-09-26,785.89,758.1,787.76,758.1,-3.12,-24.42,8459850,10457143296.0,3.79,0.67
2019-09-27,760.23,769.32,772.11,760.23,1.48,11.22,7061853,9315652864.0,1.57,0.56
2019-09-30,770.64,759.16,774.02,759.16,-1.32,-10.16,6069876,7680486656.0,1.93,0.48
2019-10-08,760.19,763.47,772.48,760.19,0.57,4.31,6285628,8031083520.0,1.62,0.5
2019-10-09,760.61,765.86,766.04,754.23,0.31,2.39,4877718,6172804864.0,1.55,0.38
2019-10-10,767.81,775.41,775.96,766.13,1.25,9.55,6147259,8162788864.0,1.28,0.48
2019-10-11,776.16,776.8,780.67,771.62,0.18,1.39,6892804,8925192960.0,1.17,0.54
2019-10-14,782.79,789.42,791.06,781.37,1.62,12.62,7470848,9367120896.0,1.25,0.59
2019-10-15,788.57,783.53,788.57,779.46,-0.75,-5.89,7568976,8961464832.0,1.15,0.6
2019-10-16,784.94,780.73,788.46,780.17,-0.36,-2.8,7734710,8305140736.0,1.06,0.61
2019-10-17,780.22,781.92,784.12,779.01,0.15,1.19,5736764,6797947648.0,0.65,0.45
2019-10-18,782.17,773.38,787.14,771.16,-1.09,-8.54,7396336,8508286208.0,2.04,0.58
2019-10-21,773.78,767.86,773.85,760.6,-0.71,-5.52,6135663,7415121664.0,1.71,0.48
2019-10-22,767.38,779.42,779.42,767.38,1.51,11.56,5965467,7167511808.0,1.57,0.47
2019-10-23,779.73,774.75,782.0,772.52,-0.6,-4.67,5735727,6516363776.0,1.22,0.45
2019-10-24,773.04,772.35,774.43,765.87,-0.31,-2.4,5037142,5589414912.0,1.1,0.4
2019-10-25,772.05,782.68,783.23,768.73,1.34,10.33,5925455,6911433472.0,1.88,0.47
2019-10-28,798.77,811.74,811.74,797.06,3.71,29.06,10593008,15960908032.0,1.88,0.83
2019-10-29,816.48,806.25,816.48,806.25,-0.68,-5.49,10995795,18263394304.0,1.26,0.87
2019-10-30,803.17,795.52,803.81,793.7,-1.33,-10.73,10483647,15598923008.0,1.25,0.83
2019-10-31,792.18,784.3,796.89,783.12,-1.41,-11.22,11220867,14783634944.0,1.73,0.88
2019-11-01,778.9,788.02,789.56,777.44,0.47,3.72,8423580,11035745280.0,1.55,0.66
2019-11-04,789.99,793.52,799.14,789.99,0.7,5.5,9279644,12460557824.0,1.16,0.73
2019-11-05,792.98,795.98,797.69,788.99,0.31,2.46,8713469,11964968704.0,1.1,0.69
2019-11-06,794.49,787.95,795.45,784.93,-1.01,-8.03,8889254,11671577344.0,1.32,0.7
2019-11-07,788.96,799.4,800.24,787.52,1.45,11.45,8555331,11704361216.0,1.61,0.67
2019-11-08,803.5,793.73,805.1,793.36,-0.71,-5.67,8966903,12749838336.0,1.47,0.71
2019-11-11,788.35,773.54,788.35,772.42,-2.54,-20.19,8631919,11194679040.0,2.01,0.68
2019-11-12,772.8,775.28,775.99,765.51,0.22,1.74,8023611,10103107328.0,1.35,0.63
2019-11-13,773.78,772.59,774.77,769.04,-0.35,-2.69,7633185,9901574656.0,0.74,0.6
2019-11-14,770.58,775.7,778.07,769.63,0.4,3.11,7277024,9387817216.0,1.09,0.57
2019-11-15,774.92,769.65,779.84,769.65,-0.78,-6.05,8178169,10926692352.0,1.31,0.64
2019-11-18,766.54,772.68,774.49,765.8,0.39,3.03,6453151,8412869632.0,1.13,0.51
2019-11-19,772.03,789.22,789.22,771.33,2.14,16.54,7156308,10372579328.0,2.32,0.56
2019-11-20,789.94,788.07,797.58,786.43,-0.15,-1.15,8753917,12903210240.0,1.41,0.69
2019-11-21,784.73,785.45,790.5,781.91,-0.33,-2.62,7175328,10472329984.0,1.09,0.57
2019-11-22,786.91,771.24,791.75,766.62,-1.81,-14.21,8288867,13088105216.0,3.2,0.65
2019-11-25,772.84,763.63,772.84,756.53,-0.99,-7.61,7089302,10077089536.0,2.11,0.56
2019-11-26,764.27,759.57,766.23,757.95,-0.53,-4.06,5262250,8080316928.0,1.08,0.41
2019-11-27,758.91,754.93,761.05,753.19,-0.61,-4.64,4988722,6761923584.0,1.03,0.39
2019-11-28,754.9,751.9,756.86,750.06,-0.4,-3.03,4369534,5742049024.0,0.9,0.34
2019-11-29,752.06,751.59,753.32,744.94,-0.04,-0.31,4524719,7420601088.0,1.11,0.36
2019-12-02,754.02,752.34,755.73,750.9,0.1,0.75,5005405,6518511872.0,0.64,0.39
2019-12-03,749.04,752.98,752.98,742.03,0.09,0.64,5176697,7266191872.0,1.46,0.41
2019-12-04,749.01,753.06,754.06,747.57,0.01,0.08,4458683,6370722304.0,0.86,0.35
2019-12-05,754.67,764.04,764.39,754.67,1.46,10.98,6799625,9252916224.0,1.29,0.54
2019-12-06,764.35,767.17,767.18,761.08,0.41,3.13,5798062,7899796480.0,0.8,0.46
2019-12-09,767.93,767.06,769.54,764.07,-0.01,-0.11,6535481,9283479296.0,0.71,0.52
2019-12-10,765.77,773.14,773.14,763.74,0.79,6.08,6516536,9177564928.0,1.23,0.51
2019-12-11,772.26,765.8,772.39,765.09,-0.95,-7.34,6097573,8021510656.0,0.94,0.48
2019-12-12,766.06,761.33,766.57,760.99,-0.58,-4.47,5608646,7016428800.0,0.73,0.44
2019-12-13,766.92,771.26,771.52,765.9,1.3,9.93,6449164,10042028800.0,0.74,0.51
2019-12-16,774.78,787.4,787.4,772.96,2.09,16.14,8276031,11515049984.0,1.87,0.65
2019-12-17,787.57,795.37,797.22,786.68,1.01,7.97,9730287,13763560448.0,1.34,0.77
2019-12-18,795.6,796.67,801.06,794.44,0.16,1.3,8412341,10920772608.0,0.83,0.66
2019-12-19,796.25,800.36,802.08,793.89,0.46,3.69,7721928,9495732480.0,1.03,0.61
2019-12-20,801.04,790.33,802.36,789.96,-1.25,-10.03,7083711,9015806976.0,1.55,0.56
2019-12-23,789.86,772.4,789.86,771.89,-2.27,-17.93,6879828,8996623360.0,2.27,0.54
2019-12-24,773.87,783.5,783.65,773.74,1.44,11.1,5285050,7072772608.0,1.28,0.42
2019-12-25,781.93,785.13,787.28,780.75,0.21,1.63,6182477,7627877120.0,0.83,0.49
2019-12-26,784.91,787.59,787.59,781.31,0.31,2.46,6274454,7515265536.0,0.8,0.49
2019-12-27,788.35,777.13,790.38,776.58,-1.33,-10.46,7134353,9535552000.0,1.75,0.56
2019-12-30,773.74,776.9,777.77,762.36,-0.03,-0.23,6531537,8803271168.0,1.98,0.51
2019-12-31,777.16,786.39,786.56,776.25,1.22,9.49,6863421,8961985536.0,1.33,0.54
2020-01-02,790.11,798.99,799.32,787.13,1.6,12.6,8182256,11365153280.0,1.55,0.64
2020-01-03,799.13,803.78,804.49,796.37,0.6,4.79,7404376,9835100416.0,1.02,0.58
2020-01-06,798.71,804.34,810.38,795.62,0.07,0.56,8547562,11606937856.0,1.84,0.67
2020-01-07,805.36,816.95,816.97,804.64,1.57,12.61,8781242,12104186880.0,1.53,0.69
2020-01-08,813.32,801.21,815.38,799.54,-1.93,-15.74,9215458,12009571840.0,1.94,0.73
2020-01-09,808.54,825.29,825.36,808.54,3.01,24.08,10348924,14907540992.0,2.1,0.82
2020-01-10,829.75,827.1,830.29,821.57,0.22,1.81,10904323,13050072320.0,1.06,0.86
2020-01-13,827.49,833.2,833.2,820.05,0.74,6.1,9425728,12923986432.0,1.59,0.74
2020-01-14,836.32,829.4,836.54,828.44,-0.46,-3.8,8620197,11332280320.0,0.97,0.68
2020-01-15,829.56,834.32,836.03,828.05,0.59,4.92,9711793,12683626752.0,0.96,0.77
2020-01-16,833.77,827.75,835.0,825.93,-0.79,-6.57,8889178,13080812544.0,1.09,0.7
2020-01-17,830.42,828.11,836.9,826.81,0.04,0.36,8522757,14492668416.0,1.22,0.67
2020-01-20,829.36,834.21,834.21,820.61,0.74,6.1,10975947,16878767616.0,1.64,0.86
2020-01-21,836.14,837.62,842.56,834.21,0.41,3.41,12824123,16334273536.0,1.0,1.01
2020-01-22,838.52,833.88,838.52,819.92,-0.45,-3.74,10968869,15636836096.0,2.22,0.86
2020-01-23,826.12,805.14,831.66,795.99,-3.45,-28.74,13210486,18934164992.0,4.28,1.04
2020-02-03,749.23,754.98,764.3,747.83,-6.23,-50.16,11445199,16343011840.0,2.05,0.9
2020-02-04,734.58,780.51,782.61,734.58,3.38,25.53,17024983,22579862528.0,6.36,1.34
2020-02-05,787.45,810.96,810.96,784.94,3.9,30.45,17088896,23694557184.0,3.33,1.35
2020-02-06,816.34,850.58,857.36,811.01,4.89,39.62,23793371,31039329280.0,5.72,1.88
2020-02-07,861.76,856.36,868.95,839.57,0.68,5.78,24170103,30211281408.0,3.45,1.9
2020-02-10,868.7,854.62,868.81,844.82,-0.2,-1.74,18942965,26104114944.0,2.8,1.49
2020-02-11,849.21,842.48,849.21,831.97,-1.42,-12.14,14328902,18536199936.0,2.02,1.13
2020-02-12,839.01,861.59,862.05,838.27,2.27,19.11,15732003,22794742016.0,2.82,1.24
2020-02-13,864.06,851.69,867.94,843.96,-1.15,-9.9,17108016,25041081600.0,2.78,1.35
2020-02-14,851.39,847.3,859.98,840.52,-0.52,-4.39,13337409,19762253056.0,2.28,1.05
2020-02-17,856.83,879.3,879.39,856.82,3.78,32.0,13643232,19968699392.0,2.66,1.08
2020-02-18,882.54,889.78,889.78,876.0,1.19,10.48,17516125,23719822336.0,1.57,1.38
2020-02-19,884.76,869.98,884.76,869.73,-2.23,-19.8,14144233,19631585792.0,1.69,1.11
2020-02-20,871.06,881.67,882.89,862.11,1.34,11.69,14040287,22969707264.0,2.39,1.11
2020-02-21,879.27,895.61,902.02,878.75,1.58,13.94,15962107,24616013312.0,2.64,1.26
2020-02-24,896.11,914.41,917.42,896.03,2.1,18.8,16195374,25551149824.0,2.39,1.28
2020-02-25,897.34,918.63,920.68,882.2,0.46,4.22,20766759,31195991040.0,4.21,1.64
2020-02-26,905.93,891.47,910.13,888.66,-2.96,-27.16,17009464,26544033536.0,2.34,1.34
2020-02-27,895.91,906.03,913.18,884.79,1.63,14.56,15476273,26917801472.0,3.18,1.22
2020-02-28,881.26,862.89,897.77,862.82,-4.76,-43.14,17895043,28326223104.0,3.86,1.41
2020-03-02,870.12,896.95,899.38,866.7,3.95,34.06,14989181,24327671296.0,3.79,1.18
2020-03-03,911.82,914.05,932.8,906.34,1.91,17.1,18030938,32952934144.0,2.95,1.42
2020-03-04,911.19,910.58,917.79,896.99,-0.38,-3.47,15160475,26839100416.0,2.28,1.19
2020-03-05,924.58,917.7,926.88,910.47,0.78,7.12,15556920,26813418752.0,1.8,1.23
2020-03-06,913.24,920.43,928.66,911.72,0.3,2.73,13166169,20295870720.0,1.85,1.04
2020-03-09,911.62,898.54,917.07,898.54,-2.38,-21.89,15902987,24690379008.0,2.01,1.25
2020-03-10,889.97,916.46,916.6,875.59,1.99,17.92,17262401,25600626688.0,4.56,1.36
2020-03-11,915.29,904.54,922.13,904.47,-1.3,-11.92,14077895,20997776640.0,1.93,1.11
2020-03-12,893.12,887.95,900.23,879.55,-1.83,-16.59,12888199,19977984256.0,2.29,1.02
2020-03-13,840.94,873.34,881.82,839.92,-1.65,-14.61,13606972,21029148928.0,4.72,1.07
2020-03-16,884.72,848.82,890.19,845.35,-2.81,-24.52,15674743,22828518656.0,5.13,1.24
2020-03-17,856.29,849.39,862.17,817.31,0.07,0.57,14893995,22048343040.0,5.28,1.17
2020-03-18,860.14,836.77,868.27,836.77,-1.49,-12.62,13592431,21758246912.0,3.71,1.07
2020-03-19,837.59,837.04,845.86,816.47,0.03,0.27,13106721,20100370176.0,3.51,1.03
2020-03-20,846.4,853.82,854.01,838.61,2.0,16.78,11240157,16863321344.0,1.84,0.89
2020-03-23,836.3,832.44,850.89,828.79,-2.5,-21.38,12586117,18096593664.0,2.59,0.99
2020-03-24,847.68,845.8,849.72,823.23,1.6,13.36,13022052,20317443328.0,3.18,1.03
2020-03-25,859.03,869.16,869.2,854.38,2.76,23.36,13722404,20737165056.0,1.75,1.08
2020-03-26,865.18,873.72,880.06,861.16,0.52,4.56,15091501,22794869760.0,2.17,1.19
2020-03-27,883.19,864.89,883.39,863.93,-1.01,-8.83,13879425,22914944768.0,2.23,1.09
2020-03-30,857.07,844.72,857.14,839.8,-2.33,-20.17,15211179,23061651968.0,2.0,1.2
2020-03-31,847.55,833.99,848.78,832.8,-1.27,-10.73,12726781,19191390464.0,1.89,1.0
2020-04-01,829.72,824.89,836.92,822.65,-1.09,-9.1,12094032,17606941440.0,1.71,0.95
2020-04-02,820.6,845.9,845.9,820.31,2.55,21.01,12165388,18950401024.0,3.1,0.96
2020-04-03,848.01,845.77,857.98,843.25,-0.02,-0.13,12661075,20495340032.0,1.74,1.0
2020-04-07,860.0,874.26,876.55,859.85,3.37,28.49,13912832,23093253376.0,1.97,1.1
2020-04-08,872.83,881.96,884.29,869.96,0.88,7.7,15966558,22760495872.0,1.64,1.26
2020-04-09,884.5,904.53,907.48,883.53,2.56,22.57,16381701,24528175360.0,2.72,1.29
2020-04-10,901.91,880.28,902.28,877.47,-2.68,-24.25,16127088,21804342784.0,2.74,1.27
2020-04-13,871.57,868.79,879.67,865.79,-1.31,-11.49,11797782,15106595840.0,1.58,0.93
2020-04-14,871.84,887.79,887.79,869.45,2.19,19.0,13707698,17331835136.0,2.11,1.08
2020-04-15,889.21,890.06,899.69,888.1,0.26,2.27,14238644,20517381888.0,1.31,1.12
2020-04-16,885.18,901.4,903.41,882.19,1.27,11.34,14187428,21674484480.0,2.38,1.12
2020-04-17,905.22,892.91,907.07,889.81,-0.94,-8.49,12629314,20054419968.0,1.91,1.0
2020-04-20,891.83,903.77,904.14,890.29,1.22,10.86,16599063,23158309632.0,1.55,1.31
2020-04-21,898.78,898.07,902.32,890.37,-0.63,-5.7,16653952,21882807808.0,1.32,1.31
2020-04-22,889.23,899.54,899.81,886.7,0.16,1.47,14930236,19608300544.0,1.46,1.18
2020-04-23,901.56,889.31,904.8,889.04,-1.14,-10.23,14471603,19643974144.0,1.75,1.14
2020-04-24,887.04,862.85,887.05,859.9,-2.98,-26.46,13836936,18107075328.0,3.05,1.09
2020-04-27,858.49,852.44,860.82,845.95,-1.21,-10.41,11801906,16817734912.0,1.72,0.93
2020-04-28,849.56,828.27,850.75,806.64,-2.84,-24.17,12692977,17578108672.0,5.17,1.0
2020-04-29,823.55,818.85,832.6,817.33,-1.14,-9.42,9354752,12398320640.0,1.84,0.74
2020-04-30,818.61,831.17,834.08,818.61,1.5,12.32,11239683,17080652544.0,1.89,0.89
2020-05-06,824.65,848.14,848.14,823.62,2.04,16.97,11894040,16936879104.0,2.95,0.94
2020-05-07,848.09,845.58,849.92,841.71,-0.3,-2.56,11613872,14944288768.0,0.97,0.92
2020-05-08,848.13,849.92,856.38,847.35,0.51,4.34,11949300,16428825344.0,1.07,0.94
2020-05-11,852.25,844.32,853.82,839.27,-0.66,-5.6,12177994,16399606272.0,1.71,0.96
2020-05-12,843.2,843.17,844.32,831.97,-0.14,-1.15,9826459,13255234048.0,1.46,0.77
2020-05-13,841.41,850.54,851.22,838.89,0.87,7.37,9499597,14916174080.0,1.46,0.75
2020-05-14,846.63,837.78,847.0,837.78,-1.5,-12.76,9602169,14323143424.0,1.08,0.76
2020-05-15,841.43,837.56,843.34,835.23,-0.03,-0.22,8785279,13630064640.0,0.97,0.69
2020-05-18,838.29,826.55,838.29,824.52,-1.31,-11.01,10938439,15253108992.0,1.64,0.86
2020-05-19,831.94,829.74,834.33,826.53,0.39,3.19,8766759,12927968000.0,0.94,0.69
2020-05-20,829.03,818.17,829.03,815.45,-1.39,-11.57,9265564,13828220416.0,1.64,0.73
2020-05-21,819.93,814.6,825.47,812.84,-0.44,-3.57,9634422,15636300032.0,1.54,0.76
2020-05-22,813.67,796.13,813.84,792.14,-2.27,-18.47,9503014,12815334656.0,2.66,0.75
2020-05-25,794.29,792.26,797.11,788.9,-0.49,-3.87,7836097,9846783488.0,1.03,0.62
2020-05-26,794.96,810.37,810.43,794.94,2.29,18.11,8632164,10846024704.0,1.96,0.68
2020-05-27,811.56,803.16,812.04,800.28,-0.89,-7.21,9520099,12220992000.0,1.45,0.75
2020-05-28,802.59,793.98,803.97,784.97,-1.14,-9.18,8120588,10970818816.0,2.37,0.64
2020-05-29,792.27,803.42,806.29,789.5,1.19,9.44,8788023,11467521280.0,2.11,0.69
2020-06-01,808.05,820.54,821.72,808.05,2.13,17.12,9930937,14441715456.0,1.7,0.78
2020-06-02,821.78,816.52,822.13,813.66,-0.49,-4.02,8793146,11719715840.0,1.03,0.69
2020-06-03,819.12,817.9,824.53,817.12,0.17,1.38,11471967,14600285184.0,0.91,0.9
2020-06-04,818.21,817.19,818.37,808.22,-0.09,-0.71,11255864,12273383680.0,1.24,0.89
2020-06-05,814.49,816.14,817.21,810.88,-0.13,-1.05,9435480,11344022016.0,0.77,0.74
2020-06-08,818.94,813.49,820.55,812.37,-0.32,-2.65,9264893,12441442816.0,1.0,0.73
2020-06-09,811.54,818.26,819.02,807.72,0.59,4.77,8526975,11502376448.0,1.39,0.67
2020-06-10,818.0,815.57,818.0,810.94,-0.33,-2.69,10056856,14308202752.0,0.86,0.79
2020-06-11,813.23,806.83,818.7,803.22,-1.07,-8.74,9620017,13534573568.0,1.9,0.76
2020-06-12,792.27,811.22,813.29,790.51,0.54,4.39,11464116,17521626880.0,2.82,0.9
2020-06-15,814.24,817.92,825.14,814.24,0.83,6.7,14666487,20870197760.0,1.34,1.16
2020-06-16,818.47,824.5,824.5,816.07,0.8,6.58,11356646,15922642688.0,1.03,0.89
2020-06-17,822.29,833.35,833.35,821.35,1.07,8.85,14769844,19503904256.0,1.46,1.16
2020-06-18,829.71,821.49,829.71,817.72,-1.42,-11.86,12351912,17424173312.0,1.44,0.97
2020-06-19,819.75,821.04,822.44,817.53,-0.05,-0.45,10438177,15481836544.0,0.6,0.82
2020-06-22,819.71,818.32,820.56,815.59,-0.33,-2.72,10818863,16179329792.0,0.61,0.85
2020-06-23,814.58,820.97,822.3,812.49,0.32,2.65,12689316,17461920768.0,1.2,1.0
2020-06-24,819.36,814.1,821.66,810.75,-0.84,-6.87,11236345,17449934336.0,1.33,0.89
2020-06-29,810.56,809.83,812.47,807.2,-0.52,-4.27,10947212,18076270848.0,0.65,0.86
2020-06-30,810.65,821.21,824.25,808.58,1.41,11.38,11012427,18937688576.0,1.93,0.87
2020-07-01,819.83,814.26,819.83,804.79,-0.85,-6.95,11698236,18802905088.0,1.83,0.92
2020-07-02,811.72,817.46,818.15,807.68,0.39,3.2,17761939,21898384128.0,1.29,1.4
2020-07-03,815.32,827.38,827.69,812.82,1.21,9.92,15020626,22692457984.0,1.82,1.18
2020-07-06,827.72,849.46,852.05,825.98,2.67,22.08,20834267,30001191680.0,3.15,1.64
2020-07-07,854.98,858.65,870.63,847.47,1.08,9.19,25551841,33954092288.0,2.73,2.01
2020-07-08,857.97,872.74,872.97,853.69,1.64,14.09,21377996,30007435776.0,2.25,1.68
2020-07-09,874.17,900.76,903.03,872.01,3.21,28.02,24238185,33045621248.0,3.55,1.91
2020-07-10,900.7,899.48,914.54,892.01,-0.14,-1.28,23159027,31929858048.0,2.5,1.83
2020-07-13,902.33,921.45,922.55,901.68,2.44,21.97,23614396,32450907648.0,2.32,1.86
2020-07-14,921.14,903.52,922.05,889.82,-1.95,-17.93,36898926,40778474752.0,3.5,2.91
2020-07-15,908.79,887.95,911.16,881.74,-1.72,-15.57,33501028,40794824960.0,3.26,2.64
2020-07-16,889.46,844.64,891.1,843.6,-4.88,-43.31,33566272,39453800192.0,5.35,2.65
2020-07-17,844.92,845.91,858.29,836.45,0.15,1.27,25556119,28484528640.0,2.59,2.01
2020-07-20,852.76,863.65,863.65,841.37,2.1,17.74,23379639,24820958976.0,2.63,1.84
2020-07-21,868.73,879.91,881.19,863.26,1.88,16.26,31291931,40277533184.0,2.08,2.47
2020-07-22,876.26,882.37,890.85,871.99,0.28,2.46,30604335,37890763264.0,2.14,2.41
2020-07-23,875.85,883.29,884.89,857.5,0.1,0.92,34248780,43309907456.0,3.1,2.7
2020-07-24,879.75,842.79,883.54,838.97,-4.59,-40.5,33408660,46181570816.0,5.05,2.63
2020-07-27,845.33,846.44,850.43,836.71,0.43,3.65,23547543,32463483136.0,1.63,1.86
2020-07-28,850.89,850.31,854.53,842.34,0.46,3.87,21952919,32835682048.0,1.44,1.73
2020-07-29,848.65,875.62,875.62,846.61,2.98,25.31,25646961,36990604544.0,3.41,2.02
2020-07-30,878.98,876.48,887.22,873.68,0.1,0.86,28799809,43846557184.0,1.55,2.27
2020-07-31,875.04,892.15,892.26,868.75,1.79,15.67,29978342,42749371136.0,2.68,2.36
2020-08-03,900.12,919.68,919.68,898.11,3.09,27.53,35938174,52150942208.0,2.42,2.83
2020-08-04,923.71,913.7,927.47,910.47,-0.65,-5.98,35925778,58249097216.0,1.85,2.83
2020-08-05,913.93,922.09,924.07,906.19,0.92,8.39,30924274,46400465152.0,1.96,2.44
2020-08-06,923.31,921.36,929.6,907.45,-0.08,-0.73,40370027,55409132800.0,2.4,3.18
2020-08-07,918.56,906.76,922.24,890.63,-1.58,-14.6,31657167,47271286528.0,3.43,2.49
2020-08-10,903.98,912.19,917.43,900.47,0.6,5.43,26288383,39783597568.0,1.87,2.07
2020-08-11,911.65,885.42,912.09,884.21,-2.93,-26.77,26035719,37014191872.0,3.06,2.05
2020-08-12,882.83,873.78,885.28,855.62,-1.31,-11.64,23564646,35449499648.0,3.35,1.86
2020-08-13,876.22,875.07,880.36,872.51,0.15,1.29,23348032,29056569088.0,0.9,1.84
2020-08-14,873.95,883.11,883.11,866.44,0.92,8.04,23234435,27695017216.0,1.9,1.83
2020-08-17,885.72,896.05,896.78,883.76,1.47,12.94,34970499,37074652672.0,1.47,2.76
2020-08-18,896.39,901.68,902.79,895.64,0.63,5.63,27088320,31167209472.0,0.8,2.13
2020-08-19,902.22,881.18,902.22,880.36,-2.27,-20.5,25507556,31467354112.0,2.42,2.01
2020-08-20,876.34,877.04,884.7,870.26,-0.47,-4.14,21956913,25430756608.0,1.64,1.73
2020-08-21,880.7,880.31,885.77,874.67,0.37,3.27,21343035,25232177152.0,1.27,1.68
2020-08-24,883.38,889.67,892.05,870.67,1.06,9.36,29882333,30871470848.0,2.43,2.35
2020-08-25,891.5,897.54,901.62,891.2,0.88,7.87,26725093,30144802304.0,1.17,2.11
2020-08-26,898.85,882.27,902.34,879.06,-1.7,-15.27,29402805,33807488000.0,2.59,2.32
2020-08-27,882.19,892.39,894.56,874.24,1.15,10.12,21944929,26862733312.0,2.3,1.73
2020-08-28,892.19,904.72,904.94,888.37,1.38,12.33,31897611,35972857088.0,1.86,2.51
2020-08-31,908.23,902.33,914.73,901.84,-0.26,-2.39,33414729,36923869696.0,1.42,2.63
2020-09-01,902.46,907.39,907.39,897.07,0.56,5.06,19712929,24260193280.0,1.14,1.55
2020-09-02,910.06,921.56,924.24,907.99,1.56,14.17,34745204,33962869248.0,1.79,2.74
2020-09-03,920.96,916.43,928.03,912.69,-0.56,-5.13,31892126,33290295296.0,1.66,2.51
2020-09-04,901.66,919.57,920.57,898.91,0.34,3.14,25545087,27987160576.0,2.36,2.01
2020-09-07,920.7,911.56,929.32,907.02,-0.87,-8.01,32901529,34644254464.0,2.43,2.59
2020-09-08,914.26,928.64,928.64,909.43,1.87,17.08,29506565,29103141376.0,2.11,2.33
2020-09-09,917.13,893.66,917.53,893.66,-3.77,-34.98,33402073,34699511808.0,2.57,2.63
2020-09-10,900.24,849.76,902.17,848.26,-4.91,-43.9,30122920,29567542016.0,6.03,2.37
2020-09-11,844.87,865.47,868.02,844.78,1.85,15.71,20977528,22425829632.0,2.73,1.65
2020-09-14,870.31,886.87,888.32,869.15,2.47,21.4,22444117,25234033408.0,2.21,1.77
2020-09-15,888.69,890.84,891.96,883.42,0.45,3.97,20251301,24990970624.0,0.96,1.6
2020-09-16,890.8,880.5,890.8,875.03,-1.16,-10.34,19369979,23888749824.0,1.77,1.53
2020-09-17,877.79,878.69,885.95,871.31,-0.21,-1.81,19628109,23445884672.0,1.66,1.55
2020-09-18,877.88,889.24,889.49,875.19,1.2,10.55,22465556,23204086528.0,1.63,1.77
2020-09-21,890.02,884.64,891.35,882.18,-0.52,-4.6,20362159,21720571648.0,1.03,1.6
2020-09-22,879.5,882.84,893.95,878.04,-0.2,-1.8,20529601,23753832448.0,1.8,1.62
2020-09-23,886.15,898.53,900.13,882.97,1.78,15.69,20373097,27482187264.0,1.94,1.61
2020-09-24,891.81,874.71,893.81,874.1,-2.65,-23.82,23303821,27059427328.0,2.19,1.84
2020-09-25,878.36,870.91,884.05,867.95,-0.43,-3.8,17134666,21490372096.0,1.84,1.35
2020-09-28,872.02,855.58,873.5,854.61,-1.76,-15.33,14671649,17770355456.0,2.17,1.16
2020-09-29,858.82,857.4,863.64,848.75,0.21,1.82,15900973,17936373504.0,1.74,1.25
2020-09-30,859.65,856.26,863.93,852.02,-0.13,-1.14,14527488,17114042880.0,1.39,1.14
2020-10-09,866.9,882.97,884.11,866.9,3.12,26.71,19661648,24680000512.0,2.01,1.55
2020-10-12,889.71,910.92,912.09,889.69,3.17,27.95,23316058,31600561664.0,2.54,1.84
2020-10-13,911.86,915.85,918.21,906.73,0.54,4.93,20365376,29342300416.0,1.26,1.6
2020-10-14,913.34,910.62,916.08,907.76,-0.57,-5.23,22100211,30347097856.0,0.91,1.74
2020-10-15,910.53,895.37,910.53,895.02,-1.67,-15.25,18794799,28990984448.0,1.7,1.48
2020-10-16,894.62,903.86,903.86,888.65,0.95,8.49,18335037,24524543744.0,1.7,1.44
2020-10-19,908.16,893.99,908.73,891.86,-1.09,-9.87,18692366,26209997824.0,1.87,1.47
2020-10-20,893.18,902.99,902.99,889.92,1.01,9.0,17778809,21561054720.0,1.46,1.4
2020-10-21,904.41,895.12,904.83,891.35,-0.87,-7.87,17152323,23103607808.0,1.49,1.35
2020-10-22,891.23,891.11,895.36,884.94,-0.45,-4.01,15541109,20767105280.0,1.16,1.22
2020-10-23,891.09,882.64,899.31,879.98,-0.95,-8.47,14828250,20247896832.0,2.17,1.17
2020-10-26,881.98,884.72,888.07,873.22,0.24,2.08,13929507,18990371072.0,1.68,1.1
2020-10-27,880.15,882.74,884.73,876.4,-0.22,-1.98,14791708,19279945216.0,0.94,1.17
2020-10-28,883.06,880.24,884.05,869.22,-0.28,-2.5,16466491,19923829504.0,1.68,1.3
2020-10-29,870.46,884.39,887.94,868.47,0.47,4.15,21403543,26232568320.0,2.21,1.69
2020-10-30,883.55,856.69,887.43,855.69,-3.13,-27.7,22923987,26736555264.0,3.59,1.81
2020-11-02,858.09,852.79,859.69,845.53,-0.46,-3.9,24340456,27416515328.0,1.65,1.92
2020-11-03,854.38,870.57,871.15,850.34,2.08,17.78,21501937,23441044224.0,2.44,1.69
2020-11-04,870.86,866.15,871.0,860.85,-0.51,-4.42,15490574,19208576512.0,1.17,1.22
2020-11-05,872.37,878.55,879.05,866.64,1.43,12.4,20219687,24444382720.0,1.43,1.59
2020-11-06,879.29,869.28,879.29,864.64,-1.06,-9.27,25218736,27391120128.0,1.67,1.99
2020-11-09,873.4,886.64,890.82,873.4,2.0,17.36,27242908,30596610560.0,2.0,2.15
2020-11-10,889.94,876.55,889.94,873.17,-1.14,-10.09,23466012,29534481920.0,1.89,1.85
2020-11-11,874.02,859.75,874.18,858.82,-1.92,-16.8,23173267,29791300608.0,1.75,1.83
2020-11-12,861.14,860.85,865.85,858.52,0.13,1.1,22166651,27207996416.0,0.85,1.75
2020-11-13,858.58,862.85,862.85,852.48,0.23,2.0,17314543,20599670016.0,1.2,1.36
2020-11-16,864.82,866.23,866.82,859.2,0.39,3.38,16039535,20241514496.0,0.88,1.26
2020-11-17,865.3,854.39,865.3,850.35,-1.37,-11.84,19047582,23964073728.0,1.73,1.5
2020-11-18,854.8,854.65,862.36,851.19,0.03,0.26,23923277,26072872448.0,1.31,1.89
2020-11-19,852.44,857.31,858.33,847.53,0.31,2.66,16906535,18943823872.0,1.26,1.33
2020-11-20,858.52,858.4,859.67,854.51,0.13,1.09,14556805,16080848896.0,0.6,1.15
2020-11-23,859.58,860.58,863.23,854.55,0.25,2.18,18314006,21942736640.0,1.01,1.44
2020-11-24,859.52,854.95,860.18,853.91,-0.65,-5.63,15122413,18049131264.0,0.73,1.19
2020-11-25,856.0,846.46,856.4,846.46,-0.99,-8.49,18721831,22762769920.0,1.16,1.48
2020-11-26,845.68,840.05,848.48,838.78,-0.76,-6.41,16060272,17816430592.0,1.15,1.27
2020-11-27,841.39,839.82,843.53,833.3,-0.03,-0.23,12121452,13607851264.0,1.22,0.96
2020-11-30,839.99,835.91,843.09,833.88,-0.47,-3.91,21799297,21950646528.0,1.1,1.72
2020-12-01,835.96,849.44,850.31,835.1,1.62,13.53,21957522,23674214656.0,1.82,1.73
2020-12-02,849.2,849.07,850.24,845.06,-0.04,-0.37,25396929,23548372736.0,0.61,2.0
2020-12-03,848.96,855.99,859.71,847.47,0.82,6.92,22166123,27339748096.0,1.44,1.75
2020-12-04,855.45,857.4,858.37,853.41,0.16,1.41,16651560,20312534784.0,0.58,1.31
2020-12-07,857.96,847.2,857.96,846.99,-1.19,-10.2,16247167,19215773696.0,1.28,1.28
2020-12-08,846.8,843.98,850.41,843.5,-0.38,-3.22,14141944,16151959296.0,0.82,1.11
2020-12-09,844.27,829.2,844.65,829.2,-1.75,-14.78,16149255,21597156352.0,1.83,1.27
2020-12-10,827.57,830.68,835.67,824.12,0.18,1.48,15432825,18779233024.0,1.39,1.22
2020-12-11,831.0,815.77,831.38,808.91,-1.79,-14.91,19606943,25590873344.0,2.71,1.55
2020-12-14,815.16,818.99,819.21,808.52,0.39,3.22,14944124,18642330112.0,1.31,1.18
2020-12-15,816.88,819.4,825.12,814.72,0.05,0.41,16406496,20012794624.0,1.27,1.29
2020-12-16,818.51,803.57,818.51,802.87,-1.93,-15.83,14729999,19388667392.0,1.91,1.16
2020-12-17,800.48,809.69,810.54,793.87,0.76,6.12,15976960,21834302976.0,2.07,1.26
2020-12-18,809.4,801.16,809.4,799.37,-1.05,-8.53,13399909,17246331392.0,1.24,1.06
2020-12-21,802.82,810.98,811.31,799.54,1.23,9.82,21905048,23350444800.0,1.47,1.73
2020-12-22,809.54,803.62,820.46,803.03,-0.91,-7.36,25950210,31709182208.0,2.15,2.05
2020-12-23,802.89,797.91,803.5,792.84,-0.71,-5.71,24947395,26693416192.0,1.33,1.97
2020-12-24,796.03,776.83,796.14,775.81,-2.64,-21.08,23265879,26246403584.0,2.55,1.83
2020-12-25,774.91,780.28,783.83,773.4,0.44,3.45,17399259,19518643456.0,1.34,1.37
2020-12-28,781.49,772.7,782.41,771.03,-0.97,-7.58,18391962,21379468800.0,1.46,1.45
2020-12-29,772.04,776.92,783.98,771.74,0.55,4.22,24293344,24852908032.0,1.58,1.91
2020-12-30,774.76,778.8,780.69,772.14,0.24,1.88,28350522,26871169792.0,1.1,2.23
2020-12-31,779.34,789.65,790.88,779.32,1.39,10.85,23663732,27669956352.0,1.48,1.86
2021-01-04,788.9,795.35,796.52,785.38,0.72,5.7,28998287,40021233920.0,1.41,2.29
2021-01-05,793.6,793.72,797.3,786.31,-0.2,-1.63,29736737,35867671040.0,1.38,2.34
2021-01-06,793.06,788.4,794.13,782.34,-0.67,-5.32,24305234,32731819008.0,1.49,1.92
2021-01-07,786.52,762.26,786.52,757.19,-3.32,-26.14,26405874,36409795328.0,3.72,2.08
2021-01-08,758.75,767.23,772.76,752.05,0.65,4.97,25881955,31563672576.0,2.72,2.04
2021-01-11,767.27,748.83,767.27,746.46,-2.4,-18.4,27401349,32994597888.0,2.71,2.16
2021-01-12,748.01,752.18,755.8,746.9,0.45,3.35,31482856,44459752960.0,1.19,2.48
2021-01-13,752.59,737.06,752.59,734.62,-2.01,-15.12,31727866,46293792256.0,2.39,2.5
2021-01-14,735.77,745.02,750.51,733.82,1.08,7.96,32392067,46067399680.0,2.26,2.55
2021-01-15,745.07,752.47,754.23,744.93,1.0,7.45,31522557,45208209664.0,1.25,2.48
2021-01-18,752.84,760.79,761.63,751.41,1.11,8.32,30803486,39758768128.0,1.36,2.43
2021-01-19,761.17,762.82,768.14,759.92,0.27,2.03,27150431,37681600512.0,1.08,2.14
2021-01-20,763.3,762.46,765.31,758.9,-0.05,-0.36,21658735,35517239296.0,0.84,1.71
2021-01-21,763.58,769.18,771.79,763.58,0.88,6.72,28246542,41695086848.0,1.08,2.23
2021-01-22,768.25,770.78,771.07,764.12,0.21,1.6,25589097,42122268416.0,0.9,2.02
2021-01-25,771.03,754.52,771.03,753.35,-2.11,-16.26,25833288,42814597888.0,2.29,2.04
2021-01-26,753.55,745.68,758.29,745.05,-1.17,-8.84,23440706,35295867648.0,1.75,1.85
2021-01-27,745.06,745.23,747.46,741.59,-0.06,-0.45,19879047,29159891456.0,0.79,1.57
2021-01-28,739.24,733.73,746.25,733.09,-1.54,-11.5,26081145,35830928128.0,1.77,2.06
2021-01-29,736.18,724.71,740.57,717.29,-1.23,-9.02,29279936,38807825152.0,3.17,2.31
2021-02-01,722.14,731.85,732.29,722.14,0.99,7.14,22348045,30943473664.0,1.4,1.76
2021-02-02,730.24,729.68,733.0,724.43,-0.3,-2.17,20464671,31389233408.0,1.17,1.61
2021-02-03,728.37,718.26,728.56,716.49,-1.57,-11.42,23105939,34558695936.0,1.65,1.82
2021-02-04,715.24,703.18,715.49,696.81,-2.1,-15.08,26033415,38118786816.0,2.6,2.05
2021-02-05,704.63,698.93,711.46,698.59,-0.6,-4.25,21044530,30115212288.0,1.83,1.66
2021-02-08,699.76,695.2,701.67,693.35,-0.53,-3.73,17065526,26979177472.0,1.19,1.34
2021-02-09,695.89,706.36,707.88,693.09,1.61,11.16,18942340,30162107904.0,2.13,1.49
2021-02-10,708.24,716.35,717.59,706.66,1.41,9.99,17871494,31875644672.0,1.55,1.41
2021-02-18,723.87,728.58,733.64,723.57,1.71,12.23,23700022,39667788544.0,1.41,1.87
2021-02-19,728.72,748.1,748.13,725.47,2.68,19.52,21659583,35549965824.0,3.11,1.71
2021-02-22,749.29,750.58,762.2,749.22,0.33,2.48,26752482,39410778624.0,1.74,2.11
2021-02-23,746.99,744.54,750.16,739.83,-0.8,-6.04,23066164,33244275968.0,1.38,1.82
2021-02-24,743.68,747.78,752.98,742.2,0.44,3.24,23974038,38840160512.0,1.45,1.89
2021-02-25,749.76,739.03,752.29,738.87,-1.17,-8.75,21108856,40191937280.0,1.79,1.66
2021-02-26,731.28,737.16,742.68,731.08,-0.25,-1.87,20386126,34034934272.0,1.57,1.61
2021-03-01,739.49,751.69,751.71,739.49,1.97,14.53,18176634,29419705856.0,1.66,1.43
2021-03-02,753.85,745.84,753.93,741.37,-0.78,-5.85,17868178,29248686336.0,1.67,1.41
2021-03-03,744.24,752.43,752.63,742.09,0.88,6.59,19056044,29957226240.0,1.41,1.5
2021-03-04,750.1,745.99,752.93,744.32,-0.86,-6.44,18520530,30245222144.0,1.14,1.46
2021-03-05,743.27,756.51,757.96,743.04,1.41,10.52,20876648,28926039040.0,2.0,1.65
2021-03-08,760.31,745.71,764.05,745.67,-1.43,-10.8,25498487,36781602560.0,2.43,2.01
2021-03-09,745.49,727.51,746.91,719.85,-2.44,-18.2,25073703,34354948096.0,3.63,1.98
2021-03-10,731.58,716.15,733.76,715.14,-1.56,-11.36,19357571,26595915776.0,2.56,1.53
2021-03-11,716.11,723.94,723.94,709.24,1.09,7.79,19793562,27359866880.0,2.05,1.56
2021-03-12,725.59,720.1,726.55,717.26,-0.53,-3.84,18923870,24439674112.0,1.28,1.49
2021-03-15,718.56,721.74,726.36,716.32,0.23,1.64,17821911,23144225536.0,1.39,1.4
2021-03-16,722.8,731.8,732.14,722.71,1.39,10.06,15706972,20837324800.0,1.31,1.24
2021-03-17,731.78,735.14,736.38,728.29,0.46,3.34,20506650,27598238976.0,1.11,1.62
2021-03-18,735.92,736.75,741.18,734.68,0.22,1.61,18377255,25214379008.0,0.88,1.45
2021-03-19,732.27,737.93,743.9,731.11,0.16,1.18,19358714,27744725248.0,1.74,1.53
2021-03-22,738.59,747.35,747.35,737.58,1.28,9.42,23482078,26003102208.0,1.32,1.85
2021-03-23,746.41,745.01,748.51,740.8,-0.31,-2.34,21914560,25363800832.0,1.03,1.73
2021-03-24,741.94,738.07,745.18,737.03,-0.93,-6.94,17395791,23261574400.0,1.09,1.37
2021-03-25,734.76,737.6,744.23,730.93,-0.06,-0.47,17720072,21196940800.0,1.8,1.4
2021-03-26,738.65,743.56,745.36,737.16,0.81,5.96,19023391,22966875648.0,1.11,1.5
2021-03-29,744.21,740.15,745.55,738.83,-0.46,-3.41,16945161,24120491008.0,0.9,1.34
2021-03-30,738.51,734.3,738.7,732.56,-0.79,-5.85,16358664,22734016768.0,0.83,1.29
2021-03-31,733.39,737.3,737.49,732.37,0.41,3.0,13330309,18583250176.0,0.7,1.05
2021-04-01,737.28,740.63,741.6,733.78,0.45,3.33,14779607,18641707776.0,1.06,1.16
2021-04-02,741.7,742.14,744.54,739.25,0.2,1.51,18871429,22892205568.0,0.71,1.49
2021-04-06,742.88,751.63,751.85,741.83,1.28,9.49,18480193,21309156096.0,1.35,1.46
2021-04-07,750.55,750.47,750.55,744.85,-0.15,-1.16,24779502,25923501312.0,0.76,1.95
2021-04-08,748.72,745.96,750.99,745.55,-0.6,-4.51,17698228,21293752064.0,0.72,1.39
2021-04-09,745.92,748.92,749.84,744.18,0.4,2.96,23534945,27810102784.0,0.76,1.85
2021-04-12,748.39,741.32,750.84,739.89,-1.01,-7.6,26578415,29093616896.0,1.46,2.09
2021-04-13,739.66,739.3,744.61,737.43,-0.27,-2.02,28846494,29278195968.0,0.97,2.27
2021-04-14,737.61,745.97,746.08,734.61,0.9,6.67,29645979,28212925440.0,1.55,2.34
2021-04-15,745.61,747.64,749.04,742.9,0.22,1.67,22524961,26047312128.0,0.82,1.78
2021-04-16,746.58,760.18,761.14,745.78,1.68,12.54,20985242,25129131520.0,2.05,1.65
2021-04-19,757.75,767.9,768.36,756.8,1.02,7.72,24017164,30140918528.0,1.52,1.89
2021-04-20,764.64,760.08,768.2,759.75,-1.02,-7.82,19581034,25518577664.0,1.1,1.54
2021-04-21,756.49,767.94,770.45,756.03,1.03,7.86,23747110,28298323712.0,1.9,1.87
2021-04-22,768.9,773.93,774.59,767.44,0.78,5.99,20979070,27901162496.0,0.93,1.65
2021-04-23,773.07,768.96,773.14,766.88,-0.64,-4.97,23790201,35033100032.0,0.81,1.87
2021-04-26,771.86,772.08,783.12,771.45,0.41,3.12,33476564,46503696640.0,1.52,2.64
2021-04-27,769.98,774.34,774.83,761.62,0.29,2.26,26727679,37569640704.0,1.71,2.11
2021-04-28,771.85,773.62,773.93,764.83,-0.09,-0.72,28245200,40847986688.0,1.18,2.23
2021-04-29,771.06,768.12,777.97,768.0,-0.71,-5.5,29664127,39853947392.0,1.29,2.34
2021-04-30,764.01,772.66,773.58,764.01,0.59,4.54,32817154,40949162240.0,1.25,2.59
2021-05-06,774.08,769.94,778.05,767.15,-0.35,-2.72,35884222,49279535872.0,1.41,2.83
2021-05-07,769.86,760.12,770.5,759.24,-1.28,-9.82,34067267,41804763648.0,1.46,2.68
2021-05-10,761.9,767.19,768.18,761.9,0.93,7.07,24156695,29333448448.0,0.83,1.9
2021-05-11,766.77,783.2,784.03,765.55,2.09,16.01,29172099,42603658752.0,2.41,2.3
2021-05-12,782.13,797.39,797.47,779.25,1.81,14.19,29928002,40268838400.0,2.33,2.36
2021-05-13,792.55,803.18,812.25,792.24,0.73,5.79,33834866,43744853504.0,2.51,2.67
2021-05-14,803.68,806.25,808.18,800.59,0.38,3.07,31069164,47131659264.0,0.94,2.45
2021-05-17,803.46,799.83,804.75,797.73,-0.8,-6.42,30385963,44237744640.0,0.87,2.39
2021-05-18,796.09,807.06,807.06,792.4,0.9,7.23,28825221,39448916224.0,1.83,2.27
2021-05-19,804.32,802.88,807.66,802.22,-0.52,-4.18,27781020,38102677504.0,0.67,2.19
2021-05-20,801.76,800.37,806.43,797.83,-0.31,-2.51,28231642,38300775936.0,1.07,2.22
2021-05-21,801.94,798.92,803.79,797.64,-0.18,-1.45,27792308,35915262976.0,0.77,2.19
2021-05-24,797.36,804.58,804.58,795.95,0.71,5.66,28189003,37026415104.0,1.08,2.22
2021-05-25,805.85,816.86,817.01,804.89,1.53,12.28,31606770,51121677056.0,1.51,2.49
2021-05-26,816.82,823.22,825.86,815.31,0.78,6.36,28745591,46033930752.0,1.29,2.27
2021-05-27,821.98,827.0,828.49,821.42,0.46,3.78,25417905,38434808576.0,0.86,2.0
2021-05-28,828.84,821.01,828.84,818.75,-0.72,-5.99,32933055,44404374784.0,1.22,2.6
2021-05-31,821.63,835.09,835.17,820.73,1.71,14.08,26240544,38804711680.0,1.76,2.07
2021-06-01,836.16,843.34,844.47,835.69,0.99,8.25,28094931,40284791040.0,1.05,2.21
2021-06-02,842.17,827.89,842.98,826.09,-1.83,-15.45,28832432,38949888512.0,2.0,2.27
2021-06-03,826.91,824.81,832.13,824.32,-0.37,-3.08,22669554,31327516160.0,0.94,1.79
2021-06-04,824.47,824.43,827.18,821.55,-0.05,-0.38,23828874,32230118656.0,0.68,1.88
2021-06-07,823.47,830.01,830.01,819.45,0.68,5.58,23541848,30615371520.0,1.28,1.86
2021-06-08,830.5,827.7,833.96,825.42,-0.28,-2.31,23971034,33791750400.0,1.03,1.89
2021-06-09,826.21,826.18,830.16,823.43,-0.18,-1.52,20682591,28867168768.0,0.81,1.63
2021-06-10,826.87,835.57,835.85,826.41,1.14,9.39,28840090,38996371712.0,1.14,2.27
2021-06-11,837.65,831.7,838.85,831.44,-0.46,-3.87,31232249,44313890560.0,0.89,2.46
2021-06-15,832.58,827.28,832.58,826.53,-0.53,-4.42,24871726,40361077248.0,0.73,1.96
2021-06-16,825.67,816.73,826.84,815.34,-1.28,-10.55,21815684,30740993024.0,1.39,1.72
2021-06-17,815.83,824.46,824.71,815.83,0.95,7.73,19945861,28074305280.0,1.09,1.57
2021-06-18,823.77,828.72,829.75,821.74,0.52,4.26,28860162,38219275520.0,0.97,2.27
2021-06-21,826.64,841.74,841.81,825.56,1.57,13.02,25079661,35465597952.0,1.96,1.98
2021-06-22,843.94,843.98,845.51,841.36,0.27,2.24,24695803,36149827840.0,0.49,1.95
2021-06-23,843.12,845.26,846.37,837.39,0.15,1.28,23406073,36516892160.0,1.06,1.84
2021-06-24,845.96,833.87,845.96,833.87,-1.35,-11.39,21232045,28979049472.0,1.43,1.67
2021-06-25,834.03,835.42,836.2,831.3,0.19,1.55,20086706,30200718336.0,0.59,1.58
2021-06-28,835.83,845.88,846.51,834.7,1.25,10.46,21701140,35571234304.0,1.41,1.71
2021-06-29,846.71,844.97,851.2,844.97,-0.11,-0.91,23833761,36330065152.0,0.74,1.88
2021-06-30,844.49,854.59,854.59,844.16,1.14,9.62,21307243,35035156992.0,1.23,1.68
2021-07-01,853.73,853.89,866.79,852.6,-0.08,-0.7,27644416,41851573504.0,1.66,2.18
2021-07-02,853.07,846.03,853.27,843.77,-0.92,-7.86,24309844,41512442880.0,1.11,1.92
2021-07-05,846.46,851.57,851.95,844.19,0.65,5.54,21489752,37197777920.0,0.92,1.69
2021-07-06,852.11,842.94,852.11,835.49,-1.01,-8.63,24447439,42450045440.0,1.95,1.93
2021-07-07,838.32,847.56,848.33,836.66,0.55,4.62,21773779,34215890944.0,1.38,1.72
2021-07-08,848.64,834.47,848.67,833.48,-1.54,-13.09,27939380,41488075776.0,1.79,2.2
2021-07-09,830.35,832.15,833.42,824.77,-0.28,-2.32,21244105,35191922176.0,1.04,1.67
2021-07-12,836.91,845.0,847.11,834.41,1.54,12.85,27633162,39775742464.0,1.53,2.18
2021-07-13,846.9,854.34,854.36,845.33,1.11,9.34,26368697,37167486720.0,1.07,2.08
2021-07-14,851.62,855.5,861.62,849.34,0.14,1.16,38940580,48335258880.0,1.44,3.07
2021-07-15,853.96,845.45,853.96,837.85,-1.17,-10.05,29226921,41654463744.0,1.88,2.3
2021-07-16,845.12,843.83,849.77,843.69,-0.19,-1.62,25427146,37610744320.0,0.72,2.0
2021-07-19,842.95,852.45,852.45,836.48,1.02,8.62,24976438,36576351232.0,1.89,1.97
2021-07-20,849.27,854.01,854.9,848.57,0.18,1.56,22546956,33503490816.0,0.74,1.78
2021-07-21,856.92,859.68,863.46,856.92,0.66,5.67,26349014,42029136128.0,0.77,2.08
2021-07-22,859.3,853.01,859.54,852.26,-0.78,-6.67,22014227,39574317824.0,0.85,1.73
2021-07-23,851.7,834.38,851.87,833.15,-2.18,-18.63,27732553,38641030144.0,2.19,2.19
2021-07-26,830.57,807.87,830.78,798.97,-3.18,-26.51,29287368,50145068032.0,3.81,2.31
2021-07-27,807.32,792.87,812.02,792.82,-1.86,-15.0,25697893,42754881024.0,2.38,2.03
2021-07-28,787.02,782.87,791.26,765.71,-1.26,-10.0,25357137,38521882880.0,3.22,2.0
2021-07-29,788.73,796.18,798.81,788.73,1.7,13.31,20724853,35003676672.0,1.29,1.63
2021-07-30,794.55,800.22,800.39,786.1,0.51,4.04,23668750,38355941376.0,1.79,1.87
2021-08-02,800.22,817.02,817.09,794.79,2.1,16.8,27812134,44140207104.0,2.79,2.19
2021-08-03,815.34,834.13,837.46,814.51,2.09,17.11,28599707,44696154368.0,2.81,2.25
2021-08-04,833.53,832.37,833.68,827.02,-0.21,-1.76,23488007,36847269888.0,0.8,1.85
2021-08-05,830.2,820.14,833.6,818.68,-1.47,-12.23,22760071,36579183104.0,1.79,1.79
2021-08-06,819.21,813.89,819.29,808.19,-0.76,-6.25,21810198,34778262016.0,1.35,1.72
2021-08-09,812.34,822.34,822.69,811.13,1.04,8.45,20330858,34470436352.0,1.42,1.6
2021-08-10,820.71,831.63,832.06,819.11,1.13,9.29,20121449,32923327744.0,1.57,1.59
2021-08-11,830.26,825.71,830.26,824.48,-0.71,-5.92,18972676,31596658432.0,0.7,1.5
2021-08-12,825.59,826.65,832.97,825.14,0.11,0.94,19682910,30064275968.0,0.95,1.55
2021-08-13,824.63,818.27,825.54,814.59,-1.01,-8.38,20324833,29838377728.0,1.32,1.6
2021-08-16,818.6,823.16,827.67,816.77,0.6,4.89,15998250,24379011840.0,1.33,1.26
2021-08-17,823.54,800.99,823.54,799.66,-2.69,-22.17,20917995,30876411648.0,2.9,1.65
2021-08-18,799.75,807.67,807.67,799.33,0.83,6.68,15855814,27543750400.0,1.04,1.25
2021-08-19,805.68,802.99,809.4,802.75,-0.58,-4.68,20522349,32149690880.0,0.82,1.62
2021-08-20,798.11,788.46,798.21,781.84,-1.81,-14.53,18401200,31392203520.0,2.04,1.45
2021-08-23,788.29,801.61,802.01,788.29,1.67,13.15,18163344,29353236992.0,1.74,1.43
2021-08-24,802.23,802.96,803.55,798.29,0.17,1.35,18908198,31338715392.0,0.66,1.49
2021-08-25,801.84,803.52,803.76,797.74,0.07,0.56,16467244,27681153280.0,0.75,1.3
2021-08-26,802.17,792.04,802.17,791.87,-1.43,-11.48,17985742,28291351040.0,1.28,1.42
2021-08-27,790.51,786.46,790.51,784.73,-0.7,-5.58,20733882,30273973504.0,0.73,1.63
2021-08-30,787.55,785.49,792.11,783.23,-0.12,-0.97,21925271,31600891648.0,1.13,1.73
2021-08-31,784.86,779.29,785.33,774.06,-0.79,-6.2,25132966,35226779136.0,1.43,1.98
2021-09-01,779.16,785.1,786.17,772.64,0.75,5.81,24017081,35420690688.0,1.74,1.89
2021-09-02,784.85,784.74,785.42,781.73,-0.05,-0.36,21394661,27936674816.0,0.47,1.69
2021-09-03,786.74,795.09,796.93,786.73,1.32,10.35,22953912,29394335232.0,1.3,1.81
2021-09-06,796.92,809.47,809.71,793.69,1.81,14.38,23651559,35438724864.0,2.01,1.86
2021-09-07,810.68,814.21,814.72,808.81,0.59,4.74,23775002,33932858112.0,0.73,1.87
2021-09-08,814.52,821.23,821.44,812.92,0.86,7.02,31997907,36440625408.0,1.05,2.52
2021-09-09,820.24,815.81,820.69,813.52,-0.66,-5.42,24580488,30199285248.0,0.87,1.94
2021-09-10,814.57,813.23,817.15,810.2,-0.32,-2.58,23178162,29190718720.0,0.85,1.83
2021-09-13,813.16,814.24,816.32,811.59,0.12,1.01,22304124,28717417472.0,0.58,1.76
2021-09-14,813.99,811.6,822.35,810.09,-0.32,-2.64,24355984,32288003840.0,1.51,1.92
2021-09-15,809.77,806.77,810.58,803.05,-0.6,-4.83,19751889,26554539776.0,0.93,1.56
2021-09-16,805.09,796.22,809.45,796.06,-1.31,-10.55,22590673,28360366336.0,1.66,1.78
2021-09-17,796.78,798.69,799.14,787.77,0.31,2.47,22139446,29723621120.0,1.43,1.74
2021-09-22,790.77,797.05,798.88,788.59,-0.21,-1.64,20277555,24819506944.0,1.29,1.6
2021-09-23,798.3,805.54,806.96,798.3,1.07,8.49,20754212,25489237504.0,1.09,1.64
2021-09-24,805.76,802.12,807.01,801.74,-0.42,-3.42,24472818,29164855808.0,0.65,1.93
2021-09-27,802.4,789.62,804.78,785.69,-1.56,-12.5,24307454,33442903552.0,2.38,1.92
2021-09-28,786.46,784.77,786.46,779.66,-0.61,-4.85,16345453,22194297088.0,0.86,1.29
2021-09-29,780.21,765.79,780.53,765.79,-2.42,-18.98,18580144,24255557120.0,1.88,1.46
2021-09-30,770.48,778.12,779.38,770.48,1.61,12.33,13519726,19097813504.0,1.16,1.07
2021-10-08,782.23,797.62,797.62,782.23,2.51,19.5,23205592,34059232768.0,1.98,1.83
2021-10-11,800.38,800.81,803.33,795.79,0.4,3.19,18244266,26840823808.0,0.95,1.44
2021-10-12,799.35,796.08,802.43,790.51,-0.59,-4.73,19899201,24636532224.0,1.49,1.57
2021-10-13,796.53,804.01,804.38,794.75,1.0,7.93,18271352,21623153664.0,1.21,1.44
2021-10-14,803.74,801.61,803.74,796.42,-0.3,-2.4,16355571,21022175488.0,0.91,1.29
2021-10-15,799.05,794.06,799.29,793.45,-0.94,-7.55,19133238,24216325376.0,0.73,1.51
2021-10-18,791.59,787.51,791.8,784.13,-0.82,-6.55,17210200,21097528064.0,0.97,1.36
2021-10-19,785.74,788.19,789.91,784.9,0.09,0.68,15298810,22243019008.0,0.64,1.21
2021-10-20,790.27,788.32,791.99,785.34,0.02,0.13,17747392,21882206976.0,0.84,1.4
2021-10-21,786.27,783.91,787.83,781.7,-0.56,-4.41,20934768,29253692160.0,0.78,1.65
2021-10-22,782.58,775.58,782.97,775.46,-1.06,-8.33,17499877,23022266624.0,0.96,1.38
2021-10-25,774.05,775.8,775.89,771.16,0.03,0.22,15855099,20373697792.0,0.61,1.25
2021-10-26,774.18,769.11,775.36,767.76,-0.86,-6.69,15978456,24569810944.0,0.98,1.26
2021-10-27,767.69,746.83,767.69,744.96,-2.9,-22.28,17639656,22095531776.0,2.96,1.39
2021-10-28,745.42,736.73,745.68,735.25,-1.35,-10.1,18295714,23326673152.0,1.4,1.44
2021-10-29,735.27,747.12,747.27,734.43,1.41,10.39,19098788,28928285952.0,1.74,1.51
2021-11-01,747.07,752.31,753.43,743.44,0.69,5.19,20719765,24726750720.0,1.34,1.63
2021-11-02,752.72,740.82,755.91,736.43,-1.53,-11.49,20249690,24927476224.0,2.59,1.6
2021-11-03,741.4,753.18,753.21,741.32,1.67,12.36,20953899,23976626432.0,1.6,1.65
2021-11-04,753.45,759.92,760.15,751.91,0.89,6.74,16641427,20648389120.0,1.09,1.31
2021-11-05,759.48,762.54,766.88,758.31,0.34,2.62,16829196,21476927744.0,1.13,1.33
2021-11-08,762.78,762.17,762.78,754.61,-0.05,-0.37,14611791,19584086784.0,1.07,1.15
2021-11-09,761.25,769.06,769.27,760.5,0.9,6.89,14526008,19386552832.0,1.15,1.14
2021-11-10,768.86,778.03,778.39,767.5,1.17,8.97,17231943,23381722880.0,1.42,1.36
2021-11-11,775.45,783.35,784.48,774.8,0.68,5.32,18960653,24522244608.0,1.24,1.49
2021-11-12,782.89,788.95,789.55,782.26,0.71,5.6,15899368,20199045632.0,0.93,1.25
2021-11-15,791.43,802.51,802.51,791.34,1.72,13.56,17312319,22506558720.0,1.42,1.36
2021-11-16,803.21,803.51,808.43,802.7,0.12,1.0,19409002,27153372416.0,0.71,1.53
2021-11-17,803.19,811.19,811.3,801.67,0.96,7.68,19280163,23193719296.0,1.2,1.52
2021-11-18,812.36,800.78,812.36,800.78,-1.28,-10.41,20186661,24563871232.0,1.43,1.59
2021-11-19,800.55,808.4,810.32,799.54,0.95,7.62,16605794,20285252096.0,1.35,1.31
2021-11-22,810.45,812.47,813.17,807.78,0.5,4.07,18240098,22705538560.0,0.67,1.44
2021-11-23,812.51,818.11,818.61,811.02,0.69,5.64,18085141,21359152896.0,0.93,1.43
2021-11-24,818.6,823.85,824.83,814.75,0.7,5.74,18512721,22500173056.0,1.23,1.46
2021-11-25,827.84,835.35,840.44,827.84,1.4,11.5,21828366,26170275840.0,1.53,1.72
2021-11-26,835.8,832.39,836.48,825.84,-0.35,-2.96,20838649,27913534464.0,1.27,1.64
2021-11-29,829.26,834.58,837.38,829.26,0.26,2.19,23467132,31856587008.0,0.98,1.85
2021-11-30,835.03,846.69,846.8,833.65,1.45,12.11,23751581,31533455104.0,1.58,1.87
2021-12-01,847.2,852.45,852.95,844.26,0.68,5.76,20898013,26340485120.0,1.03,1.65
2021-12-02,853.19,840.69,853.91,840.54,-1.38,-11.76,18979098,25172818176.0,1.57,1.5
2021-12-03,841.1,842.78,843.88,839.1,0.25,2.09,18971016,23073056000.0,0.57,1.5
2021-12-06,840.34,830.31,841.02,830.08,-1.48,-12.47,20639653,25950356736.0,1.3,1.63
2021-12-07,832.72,832.81,836.01,828.3,0.3,2.5,20431556,28412044288.0,0.93,1.61
2021-12-08,834.4,840.29,842.25,830.15,0.9,7.48,21495557,28401610752.0,1.45,1.69
2021-12-09,840.57,850.44,851.69,839.63,1.21,10.15,35178302,44540283648.0,1.44,2.77
2021-12-10,848.92,844.94,849.17,844.31,-0.65,-5.5,29522531,34460426752.0,0.57,2.33
2021-12-13,845.46,849.65,850.51,842.28,0.56,4.71,23699532,30454222848.0,0.97,1.87
2021-12-14,849.47,865.23,865.23,848.48,1.83,15.58,23113071,30460049920.0,1.97,1.82
2021-12-15,865.42,863.35,870.63,861.54,-0.22,-1.88,23768883,29455015424.0,1.05,1.87
2021-12-16,863.4,866.36,867.18,860.78,0.35,3.01,21624386,28233101824.0,0.74,1.7
2021-12-17,863.58,864.71,867.43,859.74,-0.19,-1.65,20591054,27927682560.0,0.89,1.62
2021-12-20,865.11,865.71,874.44,864.99,0.12,1.0,24008456,28621934336.0,1.09,1.89
2021-12-21,865.12,877.5,877.5,865.12,1.36,11.79,19604882,24342888704.0,1.43,1.54
2021-12-22,881.32,887.78,889.38,878.48,1.17,10.28,24426282,31881061632.0,1.24,1.92
2021-12-23,888.93,877.95,888.93,877.24,-1.11,-9.83,24377384,31614704384.0,1.32,1.92
2021-12-24,878.18,878.98,885.41,875.11,0.12,1.03,32801409,36602203904.0,1.17,2.58
2021-12-27,878.62,892.25,894.4,878.36,1.51,13.27,36635596,38095163392.0,1.82,2.89
2021-12-28,890.0,894.88,895.5,888.63,0.29,2.63,32329793,37303990272.0,0.77,2.55
2021-12-29,893.03,898.48,904.43,890.8,0.4,3.6,29612794,33457890048.0,1.52,2.33
2021-12-30,897.53,920.24,921.68,897.53,2.42,21.76,38234588,40433603584.0,2.69,3.01
2021-12-31,922.85,932.89,937.58,921.59,1.37,12.65,37419293,47611061504.0,1.74,2.95
2022-01-04,940.29,953.72,959.21,940.29,2.23,20.83,42806571,54922219008.0,2.03,3.37
2022-01-05,952.45,934.48,952.45,927.97,-2.02,-19.24,45127749,53955042048.0,2.57,3.56
2022-01-06,929.15,941.27,941.44,925.58,0.73,6.79,36936756,52252803584.0,1.7,2.91
2022-01-07,943.03,922.73,944.53,922.29,-1.97,-18.54,40060390,56562898944.0,2.36,3.16
2022-01-10,921.1,932.13,935.54,916.33,1.02,9.4,33475884,49198778624.0,2.08,2.64
2022-01-11,931.32,933.78,940.94,931.32,0.18,1.65,36163390,48250402560.0,1.03,2.85
2022-01-12,933.17,943.32,943.73,929.9,1.02,9.54,33377287,42880059648.0,1.48,2.63
2022-01-13,942.95,931.44,943.78,931.44,-1.26,-11.88,37054800,47588387328.0,1.31,2.92
2022-01-14,927.04,944.48,949.39,926.16,1.4,13.04,37876766,49037840896.0,2.49,2.98
2022-01-17,949.61,964.51,964.51,944.04,2.12,20.03,37176813,49130922496.0,2.17,2.93
2022-01-18,965.85,943.5,965.89,943.44,-2.18,-21.01,39771186,59130947328.0,2.33,3.13
2022-01-19,934.33,947.67,950.47,934.26,0.44,4.17,34550800,49427717376.0,1.72,2.72
2022-01-20,946.54,931.04,948.31,930.24,-1.75,-16.63,37974774,55859650304.0,1.91,2.99
2022-01-21,924.99,911.36,930.82,911.24,-2.11,-19.68,37258605,53920936704.0,2.1,2.94
2022-01-24,901.96,903.46,911.51,901.52,-0.87,-7.9,26847098,36557494784.0,1.1,2.12
2022-01-25,896.64,856.49,899.69,856.29,-5.2,-46.97,32743655,45817756416.0,4.8,2.58
2022-01-26,857.8,853.63,865.8,843.32,-0.33,-2.86,24850817,34015155968.0,2.62,1.96
2022-01-27,854.26,819.12,854.4,818.62,-4.04,-34.51,26788033,37622467840.0,4.19,2.11
2022-01-28,822.68,827.64,838.44,817.04,1.04,8.52,25277879,35706769408.0,2.61,1.99
2022-02-07,836.22,828.74,839.34,825.26,0.13,1.1,21621516,31469516032.0,1.7,1.7
2022-02-08,825.6,843.76,843.76,819.94,1.81,15.02,23522919,33755959552.0,2.87,1.85
2022-02-09,843.64,868.75,868.83,841.72,2.96,24.99,29201500,41808315136.0,3.21,2.3
2022-02-10,866.17,866.45,871.11,862.27,-0.26,-2.3,25519986,40760246016.0,1.02,2.01
2022-02-11,861.29,842.7,863.16,840.91,-2.74,-23.75,26655471,43015342848.0,2.57,2.1
2022-02-14,837.39,843.58,849.48,834.28,0.1,0.88,20444854,32165842432.0,1.8,1.61
2022-02-15,844.13,847.87,851.99,837.89,0.51,4.29,19730802,30321445632.0,1.67,1.55
2022-02-16,854.84,856.05,859.0,852.24,0.96,8.18,19157458,29210986496.0,0.8,1.51
2022-02-17,853.84,850.74,860.62,849.7,-0.62,-5.31,21592186,30889678080.0,1.28,1.7
2022-02-18,848.22,865.79,865.94,848.03,1.77,15.05,22127564,33868779008.0,2.11,1.74
2022-02-21,870.67,896.9,897.05,870.42,3.59,31.11,34186625,43913500160.0,3.08,2.69
2022-02-22,892.51,884.47,892.51,879.7,-1.39,-12.43,33229547,43705273344.0,1.43,2.62
2022-02-23,885.4,895.03,897.21,885.17,1.19,10.56,31946031,41398523136.0,1.36,2.52
2022-02-24,888.32,860.43,892.49,849.91,-3.87,-34.6,42229816,52256937472.0,4.76,3.33
2022-02-25,865.88,869.82,878.17,865.88,1.09,9.39,27005200,36006786560.0,1.43,2.13
2022-02-28,869.9,867.89,872.82,856.16,-0.22,-1.93,25038556,33657678848.0,1.92,1.97
2022-03-01,867.62,871.9,872.01,865.73,0.46,4.01,22004591,30704300032.0,0.72,1.73
2022-03-02,867.23,879.78,880.2,863.93,0.9,7.88,23796697,30885315584.0,1.87,1.88
2022-03-03,880.58,878.78,883.26,875.79,-0.11,-1.0,24957379,32764062720.0,0.85,1.97
2022-03-04,877.73,882.67,893.49,876.62,0.44,3.89,29645218,38673584896.0,1.92,2.34
2022-03-07,882.86,872.51,882.86,868.36,-1.15,-10.16,30430236,37567086592.0,1.64,2.4
2022-03-08,869.41,836.13,869.74,835.34,-4.17,-36.38,33984016,39898324992.0,3.94,2.68
2022-03-09,833.72,819.05,837.14,785.62,-2.04,-17.08,34907089,41363557888.0,6.16,2.75
2022-03-10,833.41,839.58,843.69,831.78,2.51,20.53,32264707,38148954112.0,1.45,2.54
2022-03-11,826.86,856.08,856.75,822.68,1.97,16.5,32642731,42333262080.0,4.06,2.57
2022-03-14,860.5,836.27,863.22,836.27,-2.31,-19.81,32974742,51083308288.0,3.15,2.6
2022-03-15,828.7,800.33,836.81,800.33,-4.3,-35.94,37629533,54547993856.0,4.36,2.97
2022-03-16,810.47,817.58,820.06,779.77,2.16,17.25,39311684,51648025600.0,5.03,3.1
2022-03-17,821.92,836.24,849.74,818.4,2.28,18.66,39341296,57076111104.0,3.83,3.1
2022-03-18,832.97,850.21,850.34,831.18,1.67,13.97,37712303,52011022592.0,2.29,2.97
2022-03-21,853.24,865.8,865.8,852.49,1.83,15.59,39341538,54129664256.0,1.57,3.1
2022-03-22,860.65,855.77,860.65,850.74,-1.16,-10.03,33886510,51403134208.0,1.14,2.67
2022-03-23,852.89,854.45,859.58,849.08,-0.15,-1.32,30554443,44768685312.0,1.23,2.41
2022-03-24,848.58,853.23,857.33,840.92,-0.14,-1.22,31538860,46689765376.0,1.92,2.49
2022-03-25,853.96,841.98,858.27,841.98,-1.32,-11.25,30280559,45142009344.0,1.91,2.39
2022-03-28,838.15,838.01,843.44,829.22,-0.47,-3.97,27251306,37189801728.0,1.69,2.15
2022-03-29,839.07,836.01,843.51,832.32,-0.24,-2.0,30119179,42243310592.0,1.34,2.37
2022-03-30,838.64,850.38,851.37,830.58,1.72,14.37,34483450,49292946176.0,2.49,2.72
2022-03-31,847.1,850.85,862.47,845.65,0.06,0.47,38655257,56569129472.0,1.98,3.05
2022-04-01,845.72,841.8,845.72,837.95,-1.06,-9.05,32561568,44254199040.0,0.91,2.57
2022-04-06,845.36,853.67,856.86,845.36,1.41,11.87,32177097,44477111040.0,1.37,2.54
2022-04-07,851.31,828.48,852.92,828.48,-2.95,-25.19,36119290,45347272192.0,2.86,2.85
2022-04-08,826.62,809.76,828.01,803.77,-2.26,-18.72,28431244,37669419520.0,2.93,2.24
2022-04-11,805.81,785.02,805.81,779.7,-3.06,-24.74,27563700,38613010944.0,3.22,2.17
2022-04-12,784.36,797.69,798.02,777.08,1.61,12.67,23987566,36970046720.0,2.67,1.89
2022-04-13,793.77,773.83,793.77,773.83,-2.99,-23.86,21974121,32048164096.0,2.5,1.73
2022-04-14,778.97,783.63,789.87,778.97,1.27,9.8,19268295,30553375488.0,1.41,1.52
2022-04-15,780.68,767.66,780.68,766.08,-2.04,-15.97,21471254,40650511360.0,1.86,1.69
2022-04-18,763.35,765.66,767.83,751.86,-0.26,-2.0,16664683,27204648448.0,2.08,1.31
2022-04-19,763.91,765.46,770.64,760.47,-0.03,-0.2,17945562,29142319616.0,1.33,1.41
2022-04-20,767.79,755.3,771.32,752.42,-1.33,-10.16,20250448,28649692160.0,2.47,1.6
2022-04-21,749.26,727.51,752.71,725.36,-3.68,-27.79,23875104,32056101376.0,3.62,1.88
2022-04-22,724.07,721.02,728.5,713.67,-0.89,-6.49,19957274,28866980864.0,2.04,1.57
2022-04-25,712.72,666.72,712.72,666.72,-7.53,-54.3,28231474,35919047424.0,6.38,2.22
2022-04-26,663.8,644.95,668.52,644.21,-3.27,-21.77,26152285,34939190528.0,3.65,2.06
2022-04-27,633.55,660.01,660.12,626.38,2.34,15.06,26979705,32534005504.0,5.23,2.13
2022-04-28,655.7,647.04,657.39,640.81,-1.97,-12.97,22916075,27602787840.0,2.51,1.81
2022-04-29,649.26,678.8,680.49,649.26,4.91,31.76,27701307,34457154560.0,4.83,2.18
2022-05-05,677.09,688.58,694.16,672.55,1.44,9.78,24369060,32973646336.0,3.18,1.92
2022-05-06,672.96,691.87,694.79,670.11,0.48,3.29,23200967,30873437952.0,3.58,1.83
2022-05-09,691.01,699.79,703.32,691.01,1.14,7.92,21977468,30321926144.0,1.78,1.73
2022-05-10,689.91,703.68,703.68,688.3,0.56,3.89,21739060,29240982016.0,2.2,1.71
2022-05-11,702.84,701.96,720.28,701.74,-0.24,-1.72,29671514,38886400256.0,2.63,2.34
2022-05-12,695.22,710.23,711.24,694.98,1.18,8.27,23590721,32988229120.0,2.32,1.86
2022-05-13,713.17,715.09,718.43,705.73,0.68,4.86,20233030,27228885248.0,1.79,1.59
2022-05-16,717.4,708.81,719.54,705.73,-0.88,-6.28,19945896,24992159744.0,1.93,1.57
2022-05-17,707.82,701.1,707.82,692.41,-1.09,-7.71,17745553,21220372224.0,2.17,1.4
2022-05-18,703.84,706.16,711.7,703.84,0.72,5.06,16887668,19489041664.0,1.12,1.33
2022-05-19,695.58,707.27,707.29,693.32,0.16,1.11,16654251,20154342400.0,1.98,1.31
2022-05-20,710.17,716.45,716.45,707.52,1.3,9.18,22280343,26263899648.0,1.26,1.76
2022-05-23,718.93,728.41,728.41,718.93,1.67,11.96,19307281,21156205824.0,1.32,1.52
2022-05-24,727.92,691.3,728.11,691.3,-5.09,-37.11,23737542,26666649088.0,5.05,1.87
2022-05-25,691.02,704.67,705.13,691.02,1.93,13.37,16815611,18902615296.0,2.04,1.33
2022-05-26,706.61,705.77,709.21,691.72,0.16,1.1,17945314,19130986496.0,2.48,1.41
2022-05-27,707.86,703.76,710.56,698.13,-0.28,-2.01,16712035,18724077312.0,1.76,1.32
2022-05-30,705.38,707.45,707.76,698.69,0.52,3.69,17153308,20455872768.0,1.29,1.35
2022-05-31,707.13,716.79,717.72,699.41,1.32,9.34,18303498,22455892992.0,2.59,1.44
2022-06-01,716.44,720.48,725.42,715.05,0.51,3.69,15945491,19270771968.0,1.45,1.26
2022-06-02,720.21,723.26,723.79,711.56,0.39,2.78,14627621,18547479808.0,1.7,1.15
2022-06-06,721.73,735.55,736.29,721.72,1.7,12.29,19452463,23844362240.0,2.01,1.53
2022-06-07,735.63,739.72,739.84,727.28,0.57,4.17,22800027,28680466944.0,1.71,1.8
2022-06-08,739.37,737.26,744.41,728.0,-0.33,-2.46,21653826,26593533440.0,2.22,1.71
2022-06-09,736.05,720.36,736.05,717.84,-2.29,-16.9,19211928,23122062592.0,2.47,1.51
2022-06-10,716.85,729.24,729.62,715.7,1.23,8.88,17828627,21908015872.0,1.93,1.4
2022-06-13,724.91,732.59,732.75,723.91,0.46,3.35,17960925,20266458112.0,1.21,1.42
2022-06-14,727.97,730.92,731.11,710.06,-0.23,-1.67,18799878,21288604416.0,2.87,1.48
2022-06-15,731.67,734.91,743.73,731.26,0.55,3.99,32327058,35650039808.0,1.71,2.55
2022-06-16,734.15,743.94,748.47,734.15,1.23,9.03,29228973,28610647808.0,1.95,2.3
2022-06-17,739.51,744.85,745.96,729.66,0.12,0.91,21661733,24419958758.0,2.19,1.71
2022-06-20,746.26,756.9,756.94,746.19,1.62,12.05,23167215,29166820562.0,1.44,1.83
2022-06-21,758.98,759.91,764.76,751.93,0.4,3.01,23034635,29274110559.0,1.7,1.82
2022-06-22,761.19,757.08,764.64,754.56,-0.37,-2.83,23009105,31347325847.0,1.33,1.81
2022-06-23,758.43,764.08,764.84,751.18,0.92,7.0,21784088,30806019293.0,1.8,1.72
2022-06-24,765.52,766.75,771.46,763.84,0.35,2.67,21646480,29135399517.0,1.0,1.71
2022-06-27,770.25,766.14,772.87,763.33,-0.08,-0.61,21254849,27302193260.0,1.24,1.67
2022-06-28,765.34,776.64,776.64,758.43,1.37,10.5,22333533,25952288237.0,2.38,1.76
2022-06-29,776.01,767.45,779.47,767.18,-1.18,-9.19,24007083,27830820304.0,1.58,1.89
2022-06-30,768.12,772.81,777.77,767.92,0.7,5.36,23161130,29407817030.0,1.28,1.83
2022-07-01,772.76,767.89,774.88,765.85,-0.64,-4.92,17748382,23071079565.0,1.17,1.4
2022-07-04,768.94,777.65,777.87,765.58,1.27,9.76,20225585,28795555262.0,1.6,1.59
2022-07-05,776.62,766.16,777.04,758.65,-1.48,-11.49,19394011,27102426950.0,2.36,1.53
2022-07-06,765.62,760.31,768.06,754.63,-0.76,-5.85,18902358,23586228704.0,1.75,1.49
2022-07-07,762.62,759.53,763.38,757.04,-0.1,-0.78,18058425,20169228225.0,0.83,1.42
2022-07-08,760.46,770.45,773.5,760.46,1.44,10.92,22167002,24559094375.0,1.72,1.75
2022-07-11,771.9,770.62,774.98,765.13,0.02,0.17,24215530,29082874195.0,1.28,1.91
2022-07-12,769.06,756.16,769.09,755.81,-1.88,-14.46,26524916,28189019844.0,1.72,2.09
2022-07-13,754.55,757.86,760.93,752.8,0.22,1.7,20008349,20445321971.0,1.08,1.58
2022-07-14,756.65,761.59,765.07,754.94,0.49,3.73,20058531,25275762606.0,1.34,1.58
2022-07-15,757.64,742.34,757.64,742.34,-2.53,-19.25,23419894,27354587392.0,2.01,1.85
2022-07-18,741.87,759.74,759.74,741.87,2.34,17.4,19693743,24142609842.0,2.41,1.55
2022-07-19,759.49,770.4,770.4,758.65,1.4,10.66,19532498,21958573738.0,1.55,1.54
2022-07-20,773.93,782.12,782.21,773.67,1.52,11.72,20333121,23288108174.0,1.11,1.6
2022-07-21,780.48,782.09,787.89,779.17,0.0,-0.03,19335978,22748540309.0,1.11,1.52
2022-07-22,782.1,773.81,786.5,767.88,-1.06,-8.28,17444863,20343072179.0,2.38,1.37
2022-07-25,775.76,774.01,779.94,771.3,0.03,0.2,17550333,17703201705.0,1.12,1.38
2022-07-26,776.38,779.33,779.51,769.32,0.69,5.32,15932849,21017292635.0,1.32,1.26
2022-07-27,778.54,784.22,785.97,777.47,0.63,4.89,15326473,18540910715.0,1.09,1.21
2022-07-28,785.92,787.68,790.99,785.03,0.44,3.46,20051748,22560493825.0,0.76,1.58
2022-07-29,788.18,780.04,788.99,779.27,-0.97,-7.64,17649169,21976777811.0,1.23,1.39
2022-08-01,779.22,783.55,784.34,773.09,0.45,3.51,15693932,18470698409.0,1.44,1.24
2022-08-02,777.12,747.59,777.12,741.31,-4.59,-35.96,25491227,25887148499.0,4.57,2.01
2022-08-03,747.04,748.75,763.84,747.04,0.16,1.16,19165753,20781908029.0,2.25,1.51
2022-08-04,753.96,762.97,762.97,751.53,1.9,14.22,16665120,17230228309.0,1.53,1.31
2022-08-05,765.31,777.34,777.56,765.31,1.88,14.37,19935774,20649588947.0,1.61,1.57
2022-08-08,778.44,786.45,786.55,776.4,1.17,9.11,17748560,19910513199.0,1.31,1.4
2022-08-09,786.92,782.19,786.92,777.22,-0.54,-4.26,15842203,16980511398.0,1.23,1.25
2022-08-10,780.75,783.52,783.52,777.73,0.17,1.33,15031682,17076017270.0,0.74,1.18
2022-08-11,786.64,795.6,795.62,786.26,1.54,12.08,18641356,20176419533.0,1.19,1.47
2022-08-12,796.24,796.54,800.16,793.55,0.12,0.94,17670132,20107414789.0,0.83,1.39
2022-08-15,794.58,794.83,795.16,789.45,-0.21,-1.71,16022881,17473902265.0,0.72,1.26
2022-08-16,795.44,795.45,797.75,791.88,0.08,0.62,15050638,17790456600.0,0.74,1.19
2022-08-17,798.68,796.65,799.35,792.13,0.15,1.2,16532259,18199756098.0,0.91,1.3
2022-08-18,795.09,794.09,796.28,788.69,-0.32,-2.56,15543397,16330364436.0,0.95,1.22
2022-08-19,794.7,788.96,800.32,788.89,-0.65,-5.13,18501263,19892240881.0,1.44,1.46
2022-08-22,786.98,793.06,794.1,781.14,0.52,4.1,15629970,18000244077.0,1.64,1.23
2022-08-23,791.72,790.75,793.1,788.15,-0.29,-2.31,14689545,17029557165.0,0.62,1.16
2022-08-24,789.86,769.69,790.0,768.25,-2.66,-21.06,18516130,22794220055.0,2.75,1.46
2022-08-25,770.58,766.94,772.52,758.02,-0.36,-2.75,16044242,20284984765.0,1.88,1.26
2022-08-26,766.72,763.34,773.52,761.95,-0.47,-3.6,14164939,17285673811.0,1.51,1.12
2022-08-29,755.24,766.65,766.75,748.68,0.43,3.31,13857109,16034792894.0,2.37,1.09
2022-08-30,767.71,772.88,775.82,767.69,0.81,6.23,15691395,18282268079.0,1.06,1.24
2022-08-31,771.72,759.53,773.88,758.48,-1.73,-13.35,16740028,21039049330.0,1.99,1.32
2022-09-01,761.89,759.33,769.33,758.94,-0.03,-0.2,18243027,21101068802.0,1.37,1.44
2022-09-02,760.32,771.96,772.56,760.32,1.66,12.63,15281755,17224973057.0,1.61,1.2
2022-09-05,771.73,768.01,773.32,763.72,-0.51,-3.95,15909376,19779913504.0,1.24,1.25
2022-09-06,768.65,771.78,771.78,763.67,0.49,3.77,14753146,16528498859.0,1.06,1.16
2022-09-07,770.01,767.66,770.01,764.0,-0.53,-4.12,13562666,15302878782.0,0.78,1.07
2022-09-08,767.56,761.36,767.92,761.3,-0.82,-6.3,13006194,15601658245.0,0.86,1.02
2022-09-09,762.34,768.13,769.36,761.39,0.89,6.77,15808785,19064468006.0,1.05,1.25
2022-09-13,769.46,769.66,775.56,768.16,0.2,1.53,15955694,17990689603.0,0.96,1.26
2022-09-14,761.05,766.11,766.77,755.89,-0.46,-3.55,15802668,15796408981.0,1.41,1.25
2022-09-15,766.92,751.67,768.18,745.09,-1.88,-14.44,16487003,17896989683.0,3.01,1.3
2022-09-16,750.63,735.72,752.23,735.64,-2.12,-15.95,17144422,19152770707.0,2.21,1.35
2022-09-19,735.28,722.88,735.57,719.75,-1.75,-12.84,14035746,14584136345.0,2.15,1.11
2022-09-20,725.45,729.08,731.61,725.45,0.86,6.2,10117612,10914057023.0,0.85,0.8
2022-09-21,726.94,732.55,735.32,716.09,0.48,3.47,11445138,11291087193.0,2.64,0.9
2022-09-22,728.21,726.08,735.54,725.88,-0.88,-6.47,10446790,12152253442.0,1.32,0.82
2022-09-23,726.35,711.51,726.36,707.71,-2.01,-14.57,11484973,12979480748.0,2.57,0.91
2022-09-26,706.55,693.61,706.8,693.34,-2.52,-17.9,12256693,12296521957.0,1.89,0.97
2022-09-27,694.51,717.35,717.62,694.51,3.42,23.74,13391737,16032531041.0,3.33,1.06
2022-09-28,715.53,702.57,721.0,702.57,-2.06,-14.78,12555618,16058153654.0,2.57,0.99
2022-09-29,707.61,701.0,715.39,698.02,-0.22,-1.57,12486118,15325619630.0,2.47,0.98
2022-09-30,700.25,701.69,710.57,700.25,0.1,0.69,13818460,14611544781.0,1.47,1.09
2022-10-10,703.44,689.84,709.14,687.88,-1.69,-11.85,13781076,15960714491.0,3.03,1.09
2022-10-11,690.35,689.75,691.15,678.98,-0.01,-0.09,11460274,12160891307.0,1.76,0.9
2022-10-12,689.18,709.82,709.82,681.87,2.91,20.07,17955266,16203888012.0,4.05,1.41
2022-10-13,709.28,728.59,734.91,707.51,2.64,18.77,18714260,19978624270.0,3.86,1.47
2022-10-14,730.57,759.43,763.71,730.55,4.23,30.84,25777516,31205814949.0,4.55,2.03
2022-10-17,760.37,777.64,780.71,759.69,2.4,18.21,26155314,30217188665.0,2.77,2.06
2022-10-18,778.89,783.28,787.89,770.07,0.73,5.64,24080638,30223634119.0,2.29,1.9
2022-10-19,782.52,776.25,783.15,773.98,-0.9,-7.03,19651145,22475230961.0,1.17,1.55
2022-10-20,772.51,779.97,790.98,771.23,0.48,3.72,23975671,29095275153.0,2.54,1.89
2022-10-21,778.32,782.79,787.91,771.77,0.36,2.82,20280696,25005206205.0,2.07,1.6
2022-10-24,784.19,768.45,794.32,764.79,-1.83,-14.34,23361607,31619476969.0,3.77,1.84
2022-10-25,763.74,757.24,769.81,749.35,-1.46,-11.21,18970581,23807020613.0,2.66,1.49
2022-10-26,758.12,789.32,795.2,758.12,4.24,32.08,25744872,32113983619.0,4.9,2.03
2022-10-27,790.52,795.89,801.71,785.6,0.83,6.57,27471399,37530209597.0,2.04,2.16
2022-10-28,790.42,773.4,795.03,770.29,-2.83,-22.49,24437736,32774162954.0,3.11,1.93
2022-10-31,769.62,796.38,801.76,769.62,2.97,22.98,29684198,37220773236.0,4.16,2.34
2022-11-01,798.47,808.77,808.79,790.86,1.56,12.39,27568150,37443315510.0,2.25,2.17
2022-11-02,806.79,815.86,824.85,806.14,0.88,7.09,31985795,47110457233.0,2.31,2.52
2022-11-03,806.64,805.57,810.84,800.12,-1.26,-10.29,22771837,31688651114.0,1.31,1.79
2022-11-04,806.15,813.83,818.11,804.09,1.03,8.26,23228465,34505960165.0,1.74,1.83
2022-11-07,813.44,814.94,821.25,810.75,0.14,1.11,23664135,32595206359.0,1.29,1.86
2022-11-08,814.5,823.02,823.02,802.73,0.99,8.08,23113813,29153794943.0,2.49,1.82
2022-11-09,821.61,824.24,829.94,815.95,0.15,1.22,23370534,27823407205.0,1.7,1.84
2022-11-10,822.38,830.85,837.45,821.69,0.8,6.61,27552120,29745148038.0,1.91,2.17
2022-11-11,846.45,823.28,848.52,823.28,-0.91,-7.57,39561455,49783317824.0,3.04,3.12
2022-11-14,819.29,844.32,844.36,817.32,2.56,21.04,34987116,45230120148.0,3.28,2.76
2022-11-15,843.02,849.6,849.6,837.61,0.63,5.28,35210543,44592160479.0,1.42,2.77
2022-11-16,848.24,847.63,857.34,844.96,-0.23,-1.97,30867096,41805207488.0,1.46,2.43
2022-11-17,848.26,867.83,867.83,847.12,2.38,20.2,33852259,44707287254.0,2.44,2.67
2022-11-18,869.01,868.93,880.17,867.43,0.13,1.1,42213979,56818127458.0,1.47,3.33
2022-11-21,862.91,865.58,865.61,855.16,-0.39,-3.35,32533450,45883749100.0,1.2,2.56
2022-11-22,862.17,844.02,870.15,839.47,-2.49,-21.56,35192955,47345790934.0,3.54,2.77
2022-11-23,840.54,824.45,841.77,814.33,-2.32,-19.57,28073159,38128819293.0,3.25,2.21
2022-11-24,823.71,828.0,830.41,822.7,0.43,3.55,24148544,34398859984.0,0.94,1.9
2022-11-25,825.13,821.71,825.53,813.87,-0.76,-6.29,24281273,34164286441.0,1.41,1.91
2022-11-28,815.13,821.59,827.83,814.71,-0.01,-0.12,28087603,37373883023.0,1.6,2.21
2022-11-29,818.79,840.23,841.27,818.79,2.27,18.64,32341630,49840031890.0,2.74,2.55
2022-11-30,838.74,837.07,841.25,832.2,-0.38,-3.16,27288386,39877943656.0,1.08,2.15
2022-12-01,844.78,844.37,847.58,834.52,0.87,7.3,36019716,47181498423.0,1.56,2.84
2022-12-02,841.36,857.2,861.15,841.36,1.52,12.83,28760836,35867721332.0,2.34,2.27
2022-12-05,865.5,872.86,875.82,862.18,1.83,15.66,36443792,50869512328.0,1.59,2.87
2022-12-06,871.03,859.5,875.0,857.15,-1.53,-13.36,35002968,51166489260.0,2.05,2.76
2022-12-07,858.73,872.89,873.97,854.2,1.56,13.39,37836969,51247003570.0,2.3,2.98
2022-12-08,873.08,864.21,874.52,859.28,-0.99,-8.68,37358651,52514055806.0,1.75,2.94
2022-12-09,861.79,866.08,872.42,858.98,0.22,1.87,36795732,56852953188.0,1.56,2.9
2022-12-12,871.53,878.41,880.71,869.97,1.42,12.33,37509505,53986364014.0,1.24,2.96
2022-12-13,888.09,869.84,891.3,864.51,-0.98,-8.57,37737268,49452841685.0,3.05,2.97
2022-12-14,864.26,848.53,864.7,847.68,-2.45,-21.31,33824581,47051815319.0,1.96,2.67
2022-12-15,845.58,854.74,857.07,845.58,0.73,6.21,28820875,37514302148.0,1.35,2.27
2022-12-16,851.73,851.28,855.41,847.61,-0.4,-3.46,30458829,41546621916.0,0.91,2.4
2022-12-19,850.55,819.9,852.31,817.46,-3.69,-31.38,28542862,39460092672.0,4.09,2.25
2022-12-20,822.02,809.86,827.59,808.93,-1.22,-10.04,24565433,31085501231.0,2.28,1.94
2022-12-21,809.28,804.93,816.95,802.16,-0.61,-4.93,20457172,27251486141.0,1.83,1.61
2022-12-22,808.12,792.98,809.24,791.65,-1.48,-11.95,20720843,28636799728.0,2.19,1.63
2022-12-23,788.58,804.38,806.07,788.58,1.44,11.4,17752799,27064065370.0,2.21,1.4
2022-12-26,804.99,803.85,808.13,799.67,-0.07,-0.53,19385657,27835366226.0,1.05,1.53
2022-12-27,804.22,794.63,804.22,785.7,-1.15,-9.22,20129179,28468343575.0,2.3,1.59
2022-12-28,793.0,789.75,795.79,787.05,-0.61,-4.88,19344946,26468760401.0,1.1,1.52
2022-12-29,787.41,795.61,803.01,786.44,0.74,5.86,20024900,27701185049.0,2.1,1.58
2022-12-30,796.33,794.92,800.26,789.75,-0.09,-0.69,17495183,23840533112.0,1.32,1.38
2023-01-03,796.72,821.93,822.82,796.72,3.4,27.01,25451500,30512038637.0,3.28,2.01
2023-01-04,822.56,823.52,825.1,818.28,0.19,1.59,25377129,31535036520.0,0.83,2.0
2023-01-05,823.3,823.7,825.06,817.97,0.02,0.18,20751656,26644566092.0,0.86,1.64
2023-01-06,823.1,816.2,823.28,814.31,-0.91,-7.5,22812035,26498304041.0,1.09,1.8
2023-01-09,818.01,817.89,822.11,816.43,0.21,1.69,19532938,25152894995.0,0.7,1.54
2023-01-10,817.41,815.7,818.92,811.38,-0.27,-2.19,17354905,22484245488.0,0.92,1.37
2023-01-11,815.59,807.32,816.97,806.35,-1.03,-8.38,19502393,25014267347.0,1.3,1.54
2023-01-12,807.34,806.21,810.6,801.88,-0.14,-1.11,18118502,21215183480.0,1.08,1.43
2023-01-13,806.69,811.24,811.24,802.73,0.62,5.03,17341759,23096852863.0,1.06,1.37
2023-01-16,811.47,821.82,826.78,811.47,1.3,10.58,26662278,35019117160.0,1.89,2.1
2023-01-17,822.89,815.3,824.02,813.76,-0.79,-6.52,20381735,24450419497.0,1.25,1.61
2023-01-18,814.76,821.69,823.27,813.42,0.78,6.39,17128126,20082505480.0,1.21,1.35
2023-01-19,820.61,833.01,834.69,819.63,1.38,11.32,22473235,26885366469.0,1.83,1.77
2023-01-20,834.61,840.16,844.64,834.61,0.86,7.15,21697677,27656122050.0,1.2,1.71
2023-01-30,848.14,844.98,850.22,841.89,0.57,4.82,29294788,39769809201.0,0.99,2.31
2023-01-31,842.4,844.64,845.0,838.44,-0.04,-0.34,27810053,31877598276.0,0.78,2.19
2023-02-01,845.68,862.09,862.3,844.6,2.07,17.45,27959505,35495920714.0,2.1,2.2
2023-02-02,863.39,863.4,869.89,861.78,0.15,1.31,24577626,35553859522.0,0.94,1.94
2023-02-03,862.8,868.69,869.58,857.86,0.61,5.29,24181005,34017023048.0,1.36,1.91
2023-02-06,867.97,869.96,876.35,865.92,0.15,1.27,24359064,35808637286.0,1.2,1.92
2023-02-07,869.51,870.69,871.45,865.16,0.08,0.73,21731713,32655086811.0,0.72,1.71
2023-02-08,870.46,864.98,871.81,864.65,-0.66,-5.71,20272848,29548190130.0,0.82,1.6
2023-02-09,862.02,874.28,874.4,858.5,1.08,9.3,24360399,32414536615.0,1.84,1.92
2023-02-10,873.16,872.97,879.76,868.93,-0.15,-1.31,23619132,33478909627.0,1.24,1.86
2023-02-13,873.34,882.87,883.18,872.94,1.13,9.9,21940422,31767583347.0,1.17,1.73
2023-02-14,884.22,883.28,885.59,878.86,0.05,0.41,20952914,29058820145.0,0.76,1.65
2023-02-15,883.6,892.22,893.96,883.45,1.01,8.94,33042258,41766653504.0,1.19,2.6
2023-02-16,894.47,886.81,907.47,880.18,-0.61,-5.41,39449709,54936951036.0,3.06,3.11
2023-02-17,884.95,879.45,887.06,877.97,-0.83,-7.36,32994029,46006059812.0,1.03,2.6
2023-02-20,880.22,887.4,887.4,872.92,0.9,7.95,27169485,40237253300.0,1.65,2.14
2023-02-21,887.08,889.64,896.36,883.83,0.25,2.24,25264729,35134998424.0,1.41,1.99
2023-02-22,883.96,890.31,892.36,880.2,0.08,0.67,21396300,30572177904.0,1.37,1.69
2023-02-23,890.02,878.22,890.25,874.65,-1.36,-12.09,20630014,29112352689.0,1.75,1.63
2023-02-24,879.09,879.98,885.78,876.52,0.2,1.76,17592324,24688882622.0,1.05,1.39
2023-02-27,877.17,867.53,881.68,866.85,-1.41,-12.45,20845119,26323376703.0,1.69,1.64
2023-02-28,873.61,888.14,888.16,873.61,2.38,20.61,24894728,32482597934.0,1.68,1.96
2023-03-01,888.88,903.81,903.81,888.87,1.76,15.67,31644631,44157140840.0,1.68,2.49
2023-03-02,902.51,898.81,904.69,897.57,-0.55,-5.0,24701719,36744770980.0,0.79,1.95
2023-03-03,897.17,895.68,900.92,890.32,-0.35,-3.13,22748724,32492981768.0,1.18,1.79
2023-03-06,896.33,897.93,901.33,893.78,0.25,2.25,22064481,32019313534.0,0.84,1.74
2023-03-07,897.41,880.07,902.39,879.61,-1.99,-17.86,27203372,34405707118.0,2.54,2.14
2023-03-08,879.67,891.57,891.59,879.46,1.31,11.5,18684374,25783709176.0,1.38,1.47
2023-03-09,891.47,893.54,896.33,883.65,0.22,1.97,17665836,25197650132.0,1.42,1.39
2023-03-10,888.73,890.69,895.08,885.84,-0.32,-2.85,20164288,27563443006.0,1.03,1.59
2023-03-13,887.6,907.12,907.12,884.98,1.84,16.43,25759374,37513812339.0,2.49,2.03
2023-03-14,902.9,892.3,905.8,886.67,-1.63,-14.82,23828545,33627561203.0,2.11,1.88
2023-03-15,895.15,895.75,903.98,894.46,0.39,3.45,23547673,32625966914.0,1.07,1.86
2023-03-16,891.59,892.1,902.48,884.82,-0.41,-3.65,24513903,36962695165.0,1.97,1.93
2023-03-17,896.36,900.22,904.87,896.03,0.91,8.12,28246740,45146434682.0,0.99,2.23
2023-03-20,899.26,884.47,899.99,883.23,-1.75,-15.75,27163134,41825172701.0,1.86,2.14
2023-03-21,884.77,900.96,900.97,884.18,1.86,16.49,21587490,31781161405.0,1.9,1.7
2023-03-22,901.92,909.43,909.43,900.09,0.94,8.47,30600358,37793091427.0,1.04,2.41
2023-03-23,907.37,914.69,914.69,904.58,0.58,5.26,30583424,44739000714.0,1.11,2.41
2023-03-24,924.31,916.78,931.15,908.85,0.23,2.09,38608009,53101652761.0,2.44,3.04
2023-03-27,916.05,924.97,925.8,912.12,0.89,8.19,36019868,51201683822.0,1.49,2.84
2023-03-28,922.34,919.33,929.84,911.22,-0.61,-5.64,38988456,46158610778.0,2.01,3.07
2023-03-29,919.52,918.63,923.76,908.82,-0.08,-0.7,40119039,47969674282.0,1.63,3.16
2023-03-30,914.95,903.05,915.11,900.47,-1.7,-15.58,31301326,37211822583.0,1.59,2.47
2023-03-31,903.8,925.99,926.56,903.33,2.54,22.94,36087220,47256354970.0,2.57,2.84
2023-04-03,926.0,938.87,939.39,920.64,1.39,12.88,45090840,63413915720.0,2.02,3.55
2023-04-04,937.71,940.53,944.63,933.26,0.18,1.66,41590930,60236567046.0,1.21,3.28
2023-04-06,933.12,939.15,943.91,932.14,-0.15,-1.38,36879432,50920371935.0,1.25,2.91
2023-04-07,941.8,964.73,964.9,937.3,2.72,25.58,36737494,48990776357.0,2.94,2.9
2023-04-10,965.55,937.01,965.67,933.96,-2.87,-27.72,40426523,55559569486.0,3.29,3.19
2023-04-11,934.85,940.5,940.87,930.08,0.37,3.49,31993599,44993571912.0,1.15,2.52
2023-04-12,938.71,949.74,951.12,936.95,0.98,9.24,34063000,45342831881.0,1.51,2.68
2023-04-13,944.88,948.39,958.65,940.3,-0.14,-1.35,32611514,45703273753.0,1.93,2.57
2023-04-14,948.1,946.12,956.45,937.8,-0.24,-2.27,29729771,41111750812.0,1.97,2.34
2023-04-17,943.83,937.53,943.83,932.88,-0.91,-8.59,28752200,41817757601.0,1.16,2.27
2023-04-18,935.81,930.51,936.4,923.63,-0.75,-7.02,26626449,40562399677.0,1.36,2.1
2023-04-19,929.92,929.1,938.39,927.45,-0.15,-1.41,31421044,41798173904.0,1.18,2.48
2023-04-20,925.83,926.68,928.64,920.37,-0.26,-2.42,29913030,45140671937.0,0.89,2.36
2023-04-21,924.49,897.83,924.7,897.83,-3.11,-28.85,34975485,53731569156.0,2.9,2.76
2023-04-24,897.31,898.17,906.11,893.31,0.04,0.34,27656668,40837977107.0,1.43,2.18
2023-04-25,893.73,878.73,894.07,867.82,-2.16,-19.44,31374926,45174581770.0,2.92,2.47
2023-04-26,875.47,874.26,888.46,866.76,-0.51,-4.47,31014109,43241035357.0,2.47,2.44
2023-04-27,868.78,879.2,887.56,868.78,0.57,4.94,31280873,51222779333.0,2.15,2.47
2023-04-28,876.64,898.5,898.5,876.0,2.2,19.3,30281145,50327061902.0,2.56,2.39
2023-05-04,894.79,906.48,907.0,894.14,0.89,7.98,31872168,51481849127.0,1.43,2.51
2023-05-05,906.0,905.64,907.82,893.85,-0.09,-0.84,28636556,42793273067.0,1.54,2.26
2023-05-08,907.18,917.13,917.86,899.8,1.27,11.49,28883091,53122443715.0,1.99,2.28
2023-05-09,914.92,902.07,915.9,900.94,-1.64,-15.06,33400197,55970720562.0,1.63,2.63
2023-05-10,898.55,902.09,908.99,895.89,0.0,0.02,29223088,44736651373.0,1.45,2.3
2023-05-11,902.88,899.42,908.73,897.11,-0.3,-2.67,27274788,39974709221.0,1.29,2.15
2023-05-12,897.01,897.23,904.7,895.79,-0.24,-2.19,26136720,35455117104.0,0.99,2.06
2023-05-15,896.96,898.3,901.05,879.64,0.12,1.07,28452596,40441758115.0,2.39,2.24
2023-05-16,896.12,883.75,896.58,881.85,-1.62,-14.55,25620730,38525905800.0,1.64,2.02
2023-05-17,878.79,889.09,889.32,875.86,0.6,5.34,21336223,30813135236.0,1.52,1.68
2023-05-18,888.83,899.64,900.2,888.83,1.19,10.55,24841500,34727999390.0,1.28,1.96
2023-05-19,898.59,903.58,906.04,896.95,0.44,3.94,22396549,30379778495.0,1.01,1.76
2023-05-22,902.16,902.83,905.8,898.26,-0.08,-0.75,20852978,28138461001.0,0.83,1.64
2023-05-23,902.31,896.31,906.72,896.21,-0.72,-6.52,23146468,32021255869.0,1.16,1.82
2023-05-24,893.69,890.9,898.98,884.52,-0.6,-5.41,22818594,33178649120.0,1.61,1.8
2023-05-25,888.26,884.36,892.26,871.77,-0.73,-6.54,22027723,30746707744.0,2.3,1.74
2023-05-26,883.11,903.22,904.44,881.91,2.13,18.86,23438347,31935737447.0,2.55,1.85
2023-05-29,906.08,908.92,917.06,905.72,0.63,5.7,28139555,36150186833.0,1.26,2.22
2023-05-30,906.24,917.07,917.07,900.42,0.9,8.15,24686058,38666568741.0,1.83,1.95
2023-05-31,915.56,923.86,928.7,914.4,0.74,6.79,28198973,38889478295.0,1.56,2.22
2023-06-01,919.26,924.87,934.91,915.37,0.11,1.01,27605973,43180558306.0,2.12,2.18
2023-06-02,925.56,923.61,928.82,922.84,-0.14,-1.26,23078291,39179847683.0,0.65,1.82
2023-06-05,922.55,932.49,932.56,921.8,0.96,8.88,24433206,34684763631.0,1.16,1.93
2023-06-06,932.39,912.01,932.39,909.02,-2.2,-20.48,26320659,41451482440.0,2.51,2.07
2023-06-07,912.08,927.8,932.14,909.48,1.73,15.79,23973326,37427253948.0,2.48,1.89
2023-06-08,927.59,917.06,927.72,911.83,-1.16,-10.74,28655516,40116492255.0,1.71,2.26
2023-06-09,915.97,923.88,925.88,914.87,0.74,6.82,31668001,45152757272.0,1.2,2.5
2023-06-12,922.54,917.08,923.95,913.08,-0.74,-6.8,28417054,42613655642.0,1.18,2.24
2023-06-13,916.09,922.82,924.45,913.32,0.63,5.74,30261405,48588234166.0,1.21,2.38
2023-06-14,921.3,926.54,929.39,921.11,0.4,3.72,27763654,43040313076.0,0.9,2.19
2023-06-15,928.2,924.85,930.75,922.4,-0.18,-1.69,27238426,41246519203.0,0.9,2.15
2023-06-16,924.44,940.42,941.55,922.38,1.68,15.57,31872043,47088397405.0,2.07,2.51
2023-06-19,942.35,949.04,950.71,940.44,0.92,8.62,30324466,51156738881.0,1.09,2.39
2023-06-20,947.57,944.97,950.17,941.73,-0.43,-4.07,29251166,50082290331.0,0.89,2.31
2023-06-21,943.01,922.27,943.01,922.17,-2.4,-22.7,25867243,43330059146.0,2.21,2.04
2023-06-26,917.38,896.25,920.56,894.01,-2.82,-26.02,28131139,42047180785.0,2.88,2.22
2023-06-27,897.39,910.4,912.74,897.39,1.58,14.15,22490024,33059227534.0,1.71,1.77
2023-06-28,909.86,896.9,909.91,880.61,-1.48,-13.5,24631736,36593248524.0,3.22,1.94
2023-06-29,895.68,908.08,911.51,895.68,1.25,11.18,21233834,31274443507.0,1.76,1.67
2023-06-30,907.14,915.62,919.32,906.01,0.83,7.54,24138778,33730576005.0,1.47,1.9
2023-07-03,914.99,908.03,915.59,894.16,-0.83,-7.59,26956350,40223443149.0,2.34,2.12
2023-07-04,905.48,906.62,906.98,901.79,-0.16,-1.41,22313638,31309397070.0,0.57,1.76
2023-07-05,905.84,898.64,910.59,898.04,-0.88,-7.98,20940832,29140556171.0,1.38,1.65
2023-07-06,897.99,891.34,903.6,890.16,-0.81,-7.3,23614593,33523639196.0,1.5,1.86
2023-07-07,890.6,884.05,890.6,877.5,-0.82,-7.29,24066136,31811447134.0,1.47,1.9
2023-07-10,886.84,881.32,888.0,879.36,-0.31,-2.73,19730611,27313599630.0,0.98,1.55
2023-07-11,882.33,885.75,885.75,880.15,0.5,4.43,17673159,28597626646.0,0.64,1.39
2023-07-12,885.69,868.51,886.13,868.08,-1.95,-17.24,21556895,31000608824.0,2.04,1.7
2023-07-13,871.0,879.35,880.71,870.16,1.25,10.84,19198259,34230355645.0,1.21,1.51
2023-07-14,881.09,888.78,893.67,881.09,1.07,9.43,22360328,36108470244.0,1.43,1.76
2023-07-17,888.38,890.68,890.68,882.23,0.21,1.9,19195953,32347126752.0,0.95,1.51
2023-07-18,890.84,881.65,891.13,880.69,-1.01,-9.03,15309036,25649222679.0,1.17,1.21
2023-07-19,881.74,881.55,886.21,878.23,-0.01,-0.1,15278177,25349825926.0,0.91,1.2
2023-07-20,881.27,867.77,882.23,866.7,-1.56,-13.78,17852986,28436155830.0,1.76,1.41
2023-07-21,866.28,868.12,874.54,864.59,0.04,0.35,16028089,23377832851.0,1.15,1.26
2023-07-24,866.99,876.28,881.14,864.76,0.94,8.16,15901586,23792411610.0,1.89,1.25
2023-07-25,883.16,885.28,885.48,878.45,1.03,9.0,20160999,32649382735.0,0.8,1.59
2023-07-26,884.16,875.93,884.16,874.34,-1.06,-9.35,17707654,24159491862.0,1.11,1.4
2023-07-27,875.67,868.39,877.32,867.36,-0.86,-7.54,15654494,22639170806.0,1.14,1.23
2023-07-28,866.74,875.21,875.58,862.54,0.79,6.82,18860208,29929765145.0,1.5,1.49
2023-07-31,875.41,877.92,880.31,873.7,0.31,2.71,22484159,35024799239.0,0.76,1.77
2023-08-01,875.71,870.63,875.71,868.32,-0.83,-7.29,19012380,28558623759.0,0.84,1.5
2023-08-02,868.62,867.1,869.37,863.84,-0.41,-3.53,15722630,24861794884.0,0.64,1.24
2023-08-03,865.01,873.46,874.56,864.25,0.73,6.36,17535600,25596118667.0,1.19,1.38
2023-08-04,874.3,880.77,884.03,874.2,0.84,7.31,22787625,35837529525.0,1.13,1.8
2023-08-07,879.86,869.45,879.86,867.32,-1.29,-11.32,21539287,31070258568.0,1.42,1.7
2023-08-08,869.02,872.08,876.96,865.03,0.3,2.63,18279454,25800171069.0,1.37,1.44
2023-08-09,871.14,876.17,881.6,870.16,0.47,4.09,20664069,28411678875.0,1.31,1.63
2023-08-10,875.49,873.86,878.54,868.98,-0.26,-2.31,15749610,21356274358.0,1.09,1.24
2023-08-11,874.61,867.55,882.9,867.5,-0.72,-6.31,20863443,27968731429.0,1.76,1.64
2023-08-14,862.75,881.08,881.08,860.52,1.56,13.53,21984654,31681572871.0,2.37,1.73
2023-08-15,880.88,880.45,883.3,871.76,-0.07,-0.63,23200780,32742040387.0,1.31,1.83
2023-08-16,876.36,865.91,880.23,865.75,-1.65,-14.54,21634700,33069551943.0,1.64,1.7
2023-08-17,862.12,871.24,871.51,859.07,0.62,5.33,20331501,29328692497.0,1.44,1.6
2023-08-18,870.41,844.22,870.41,844.22,-3.1,-27.02,23485861,30656296185.0,3.01,1.85
2023-08-21,842.14,838.39,853.03,838.39,-0.69,-5.83,17268922,23953767647.0,1.73,1.36
2023-08-22,842.81,849.81,850.61,831.61,1.36,11.42,21546722,30719196523.0,2.27,1.7
2023-08-23,848.19,837.55,852.66,837.4,-1.44,-12.26,20736258,31922580824.0,1.8,1.63
2023-08-24,838.67,835.87,845.81,829.93,-0.2,-1.68,21280478,31253096485.0,1.9,1.68
2023-08-25,831.02,815.53,833.17,812.03,-2.43,-20.34,22013338,30376393744.0,2.53,1.73
2023-08-28,859.81,819.36,860.47,817.74,0.47,3.83,27227427,40338590075.0,5.24,2.15
2023-08-29,817.38,849.01,850.41,817.22,3.62,29.65,24277007,35667564212.0,4.05,1.91
2023-08-30,848.75,862.53,864.8,848.63,1.59,13.52,27009926,42096981638.0,1.9,2.13
2023-08-31,860.12,864.02,866.74,854.65,0.17,1.49,22112150,34429995799.0,1.4,1.74
2023-09-01,863.36,856.65,863.44,853.94,-0.85,-7.37,16565738,28505318648.0,1.1,1.31
2023-09-04,859.13,866.96,866.98,855.98,1.2,10.31,19898387,31284648775.0,1.28,1.57
2023-09-05,864.76,859.08,867.37,857.35,-0.91,-7.88,20032998,27325186223.0,1.16,1.58
2023-09-06,856.5,861.13,861.98,851.01,0.24,2.05,15539246,22635177901.0,1.28,1.22
2023-09-07,859.5,848.45,860.74,848.4,-1.47,-12.68,16740285,22587040318.0,1.43,1.32
2023-09-08,846.44,852.02,854.72,843.88,0.42,3.57,14154494,20226791686.0,1.28,1.12
2023-09-11,853.44,868.9,871.0,850.13,1.98,16.88,22133456,29710275960.0,2.45,1.74
2023-09-12,868.38,870.89,874.01,867.22,0.23,1.99,21855378,25446468059.0,0.78,1.72
2023-09-13,871.63,858.2,871.7,852.29,-1.46,-12.69,25104511,27521169051.0,2.23,1.98
2023-09-14,859.28,854.49,861.67,850.46,-0.43,-3.71,20103235,22462316152.0,1.31,1.58
2023-09-15,854.74,858.74,863.76,850.28,0.5,4.25,24071154,25820635571.0,1.58,1.9
2023-09-18,858.09,864.58,866.35,854.45,0.68,5.84,23058569,26898961249.0,1.39,1.82
2023-09-19,863.41,855.01,863.42,852.48,-1.11,-9.57,19950301,23497874961.0,1.27,1.57
2023-09-20,854.61,851.24,860.59,850.77,-0.44,-3.77,20632462,23428382067.0,1.15,1.63
2023-09-21,847.77,845.46,854.29,843.56,-0.68,-5.78,22077138,24773463458.0,1.26,1.74
2023-09-22,843.54,862.26,862.35,839.43,1.99,16.8,26245237,33414378867.0,2.71,2.07
2023-09-25,861.44,861.23,865.42,858.63,-0.12,-1.03,25153108,31403778392.0,0.79,1.98
2023-09-26,859.43,860.85,865.3,857.77,-0.04,-0.38,21480216,31689300264.0,0.87,1.69
2023-09-27,860.13,867.61,872.31,859.64,0.79,6.76,23276513,28426823793.0,1.47,1.83
2023-09-28,869.81,871.74,875.52,868.95,0.48,4.13,23289519,28305675891.0,0.76,1.84
2023-10-09,871.09,870.67,872.72,862.27,-0.12,-1.07,21628755,26929750998.0,1.2,1.7
2023-10-10,872.67,871.02,874.31,868.85,0.04,0.35,26114160,30534250383.0,0.63,2.06
2023-10-11,873.36,884.86,890.65,873.3,1.59,13.84,27991699,39652915662.0,1.99,2.21
2023-10-12,890.19,888.77,892.62,882.53,0.44,3.91,32158979,38370106521.0,1.14,2.53
2023-10-13,885.75,891.38,893.59,885.04,0.29,2.61,34440776,39852807730.0,0.96,2.71
2023-10-16,892.3,886.05,893.93,881.15,-0.6,-5.33,29523699,36306099846.0,1.43,2.33
2023-10-17,887.75,886.82,888.04,878.52,0.09,0.77,33784431,37418597990.0,1.07,2.66
2023-10-18,884.09,870.76,884.09,866.75,-1.81,-16.06,32218635,36269484708.0,1.96,2.54
2023-10-19,866.07,857.54,874.25,857.15,-1.52,-13.22,35583253,39214400220.0,1.96,2.8
2023-10-20,851.16,839.57,855.24,838.15,-2.1,-17.97,31335040,34959519443.0,1.99,2.47
2023-10-23,836.2,824.49,836.93,820.63,-1.8,-15.08,28046214,29819561840.0,1.94,2.21
2023-10-24,828.27,837.12,840.38,820.26,1.53,12.63,30938857,35980120634.0,2.44,2.44
2023-10-25,839.93,847.63,855.44,838.85,1.26,10.51,31928524,38314945203.0,1.98,2.52
2023-10-26,842.84,855.34,856.4,839.79,0.91,7.71,31275923,36501951058.0,1.96,2.46
2023-10-27,851.47,867.21,870.51,843.3,1.39,11.87,33520501,38400572991.0,3.18,2.64
2023-10-30,866.0,886.05,887.61,865.66,2.17,18.84,33708168,37134324458.0,2.53,2.66
2023-10-31,886.05,881.44,890.38,876.89,-0.52,-4.61,31744029,35888558276.0,1.52,2.5
2023-11-01,880.32,879.66,885.28,876.34,-0.2,-1.78,27039011,28814615156.0,1.01,2.13
2023-11-02,879.53,872.97,884.53,872.79,-0.76,-6.69,24276089,27135353291.0,1.33,1.91
2023-11-03,874.9,882.2,887.14,874.62,1.06,9.23,25514578,30443255802.0,1.43,2.01
2023-11-06,887.72,898.95,901.19,887.72,1.9,16.75,33318698,39503478036.0,1.53,2.63
2023-11-07,898.72,902.26,904.11,894.7,0.37,3.31,28947058,35911558265.0,1.05,2.28
2023-11-08,902.36,911.25,915.36,902.36,1.0,8.99,35353126,41392293209.0,1.44,2.79
2023-11-09,909.87,904.58,918.04,902.41,-0.73,-6.67,33218187,41652596709.0,1.72,2.62
2023-11-10,900.88,903.6,908.23,896.03,-0.11,-0.98,24039015,32819363661.0,1.35,1.89
2023-11-13,907.47,916.05,916.05,905.49,1.38,12.45,25771448,35407172644.0,1.17,2.03
2023-11-14,917.18,929.61,929.82,915.25,1.48,13.56,28266754,35605481799.0,1.59,2.23
2023-11-15,935.82,931.97,937.25,929.96,0.25,2.36,29809690,39941852642.0,0.78,2.35
2023-11-16,929.05,924.52,932.31,924.39,-0.8,-7.45,26305930,31274922430.0,0.85,2.07
2023-11-17,923.56,930.51,930.57,919.9,0.65,5.99,25531844,30050850263.0,1.15,2.01
2023-11-20,932.25,941.15,941.76,932.16,1.14,10.64,27365923,32288307939.0,1.03,2.16
2023-11-21,944.26,940.55,948.74,937.78,-0.06,-0.6,28327659,33140802279.0,1.16,2.23
2023-11-22,936.78,941.45,948.81,936.78,0.1,0.9,28039131,33322261919.0,1.28,2.21
2023-11-23,939.26,946.69,947.41,935.95,0.56,5.24,26985420,30832687383.0,1.22,2.13
2023-11-24,947.59,945.25,948.32,938.15,-0.15,-1.44,28525259,34271447965.0,1.07,2.25
2023-11-27,948.68,947.2,954.6,945.76,0.21,1.95,28629924,34605840514.0,0.94,2.26
2023-11-28,944.9,954.36,954.92,939.46,0.76,7.16,23766224,29280613749.0,1.63,1.87
2023-11-29,951.22,938.75,951.88,937.41,-1.64,-15.61,20731349,25310958232.0,1.52,1.63
2023-11-30,937.13,935.33,941.0,926.74,-0.36,-3.42,21117751,25341791415.0,1.52,1.66
2023-12-01,935.54,948.72,950.98,934.54,1.43,13.39,23154107,31017090931.0,1.76,1.82
2023-12-04,949.16,945.28,953.44,942.54,-0.36,-3.44,22400459,29082620273.0,1.15,1.77
2023-12-05,943.37,928.87,943.37,928.87,-1.74,-16.41,23371020,28749677273.0,1.53,1.84
2023-12-06,925.23,927.91,935.86,919.42,-0.1,-0.96,20003852,23776070196.0,1.77,1.58
2023-12-07,926.7,934.39,937.81,926.7,0.7,6.48,19977723,27978073345.0,1.2,1.57
2023-12-08,935.09,933.19,940.05,931.2,-0.13,-1.2,22500298,30869159942.0,0.95,1.77
2023-12-11,931.45,942.48,943.04,924.22,1.0,9.29,23431163,29095577450.0,2.02,1.85
2023-12-12,943.46,946.98,948.51,942.04,0.48,4.5,18209887,25862713626.0,0.69,1.44
2023-12-13,946.34,949.74,958.53,945.96,0.29,2.76,21939022,29500737756.0,1.33,1.73
2023-12-14,953.18,941.53,958.12,941.05,-0.86,-8.21,21026417,28022986969.0,1.8,1.66
2023-12-15,941.98,927.87,943.54,926.89,-1.45,-13.66,22672675,27018499360.0,1.77,1.79
2023-12-18,926.31,919.37,936.38,917.12,-0.92,-8.5,19284850,23353990749.0,2.08,1.52
2023-12-19,918.39,918.86,921.59,911.78,-0.06,-0.51,16123721,20071758925.0,1.07,1.27
2023-12-20,919.33,906.05,921.59,905.96,-1.39,-12.81,17436638,21795170391.0,1.7,1.37
2023-12-21,902.5,902.93,905.76,890.76,-0.34,-3.12,18857318,22862285838.0,1.66,1.49
2023-12-22,901.56,886.05,901.59,883.67,-1.87,-16.88,19854073,23823219481.0,1.98,1.56
2023-12-25,885.18,886.24,889.67,878.45,0.02,0.19,15167699,18146322740.0,1.27,1.2
2023-12-26,886.48,874.33,886.48,870.54,-1.34,-11.91,14768966,18074353557.0,1.8,1.16
2023-12-27,875.99,882.73,884.16,874.62,0.96,8.4,16479822,19073391313.0,1.09,1.3
2023-12-28,881.13,892.01,895.77,872.45,1.05,9.28,19530460,25115391831.0,2.64,1.54
2023-12-29,890.94,907.12,908.2,890.41,1.69,15.11,20333211,23609520478.0,1.99,1.6
2024-01-02,907.13,905.79,911.82,901.77,-0.15,-1.33,18625937,22508594131.0,1.11,1.47
2024-01-03,902.77,904.45,911.84,898.01,-0.15,-1.34,18859964,23321966896.0,1.53,1.49
2024-01-04,902.76,903.94,906.94,896.53,-0.06,-0.51,17727897,22536581951.0,1.15,1.4
2024-01-05,905.72,889.33,906.18,884.84,-1.62,-14.61,19290462,24057888266.0,2.36,1.52
2024-01-08,887.56,869.3,887.67,869.26,-2.25,-20.03,23136331,24689641143.0,2.07,1.82
2024-01-09,869.41,868.48,878.72,861.92,-0.09,-0.82,20181393,21399714475.0,1.93,1.59
2024-01-10,865.36,854.11,865.97,850.44,-1.65,-14.37,17741775,19673173012.0,1.79,1.4
2024-01-11,853.79,872.74,874.9,853.79,2.18,18.63,18115824,20851799854.0,2.47,1.43
2024-01-12,871.97,857.52,873.05,857.52,-1.74,-15.22,17346610,19448572016.0,1.78,1.37
2024-01-15,855.47,856.29,863.3,851.85,-0.14,-1.23,15578586,17844664696.0,1.34,1.23
2024-01-16,856.28,854.54,857.05,842.14,-0.2,-1.75,19205488,21262515126.0,1.74,1.51
2024-01-17,852.4,835.94,855.2,835.94,-2.18,-18.6,17807909,20068469838.0,2.25,1.4
2024-01-18,829.35,834.83,835.29,809.98,-0.13,-1.11,24962010,26279792300.0,3.03,1.97
2024-01-19,832.1,822.31,835.83,822.31,-1.5,-12.52,17146826,18675434268.0,1.62,1.35
2024-01-22,820.57,777.53,820.91,772.01,-5.45,-44.78,21433033,23833983311.0,5.95,1.69
2024-01-23,776.15,786.05,788.33,768.86,1.1,8.52,22201551,23441469709.0,2.5,1.75
2024-01-24,787.74,796.57,797.03,769.06,1.34,10.52,21155106,23608426921.0,3.56,1.67
2024-01-25,796.59,822.13,823.42,791.87,3.21,25.56,25131287,30371963714.0,3.96,1.98
2024-01-26,821.06,817.43,832.76,816.05,-0.57,-4.7,22525494,25645256752.0,2.03,1.78
2024-01-29,817.15,790.83,820.18,790.83,-3.25,-26.6,19812694,23218195175.0,3.59,1.56
2024-01-30,786.89,770.03,793.67,769.07,-2.63,-20.8,17879941,21017521539.0,3.11,1.41
2024-01-31,764.54,732.64,766.71,730.69,-4.86,-37.39,22619312,24355852041.0,4.68,1.78
2024-02-01,728.41,727.14,743.81,717.68,-0.75,-5.5,21385168,23236092667.0,3.57,1.69
2024-02-02,727.94,695.58,738.42,672.91,-4.34,-31.56,25712124,25890303710.0,9.01,2.03
2024-02-05,689.04,643.26,689.04,626.9,-7.52,-52.32,32001060,30094768249.0,8.93,2.52
2024-02-06,632.29,673.95,686.05,619.94,4.77,30.69,33960499,32261655309.0,10.28,2.68
2024-02-07,675.92,673.92,692.49,663.65,0.0,-0.03,37028859,37018763717.0,4.28,2.92
2024-02-08,675.71,711.73,711.92,672.79,5.61,37.81,34736444,34336184828.0,5.81,2.74
2024-02-19,727.1,736.32,741.61,721.9,3.45,24.59,30735094,32382438079.0,2.77,2.42
2024-02-20,736.45,751.79,753.33,728.06,2.1,15.47,26458452,29123521179.0,3.43,2.09
2024-02-21,743.52,755.9,774.7,738.76,0.55,4.11,32845400,35756202534.0,4.78,2.59
2024-02-22,757.89,777.22,777.22,757.89,2.82,21.32,27592389,30640051667.0,2.56,2.17
2024-02-23,781.36,798.07,798.07,775.84,2.68,20.85,28552488,31900952347.0,2.86,2.25
2024-02-26,800.11,804.56,815.69,793.42,0.81,6.49,30507599,32921387089.0,2.79,2.4
2024-02-27,800.58,827.94,827.94,797.71,2.91,23.38,31813332,35296322576.0,3.76,2.51
2024-02-28,828.73,781.17,842.79,781.16,-5.65,-46.77,41585756,46009387958.0,7.44,3.28
2024-02-29,773.18,808.2,808.32,773.18,3.46,27.03,30632319,33971903250.0,4.5,2.41
2024-03-01,808.54,819.56,820.58,803.36,1.41,11.36,32942292,39783540991.0,2.13,2.6
2024-03-04,822.08,828.67,828.88,811.31,1.11,9.11,35106343,41508410852.0,2.14,2.77
2024-03-05,823.95,814.85,824.58,811.56,-1.67,-13.82,35981053,41761651729.0,1.57,2.84
2024-03-06,810.57,818.52,824.69,805.64,0.45,3.67,26972061,30789498902.0,2.34,2.13
2024-03-07,819.28,800.28,822.43,800.24,-2.23,-18.24,27578762,32682865817.0,2.71,2.17
2024-03-08,800.66,810.82,812.76,797.1,1.32,10.54,22794462,26090526429.0,1.96,1.8
2024-03-11,807.32,825.59,825.6,807.01,1.82,14.77,26444897,28784143836.0,2.29,2.08
2024-03-12,828.19,838.12,839.81,826.8,1.52,12.53,31144838,35352718137.0,1.58,2.45
2024-03-13,838.26,838.53,845.79,832.16,0.05,0.41,28798968,35074676424.0,1.63,2.27
2024-03-14,840.8,830.58,844.54,819.88,-0.95,-7.95,29384041,31759638936.0,2.94,2.32
2024-03-15,828.25,840.46,840.46,826.09,1.19,9.88,24649347,27718683007.0,1.73,1.94
2024-03-18,845.13,863.49,863.49,842.5,2.74,23.03,33093195,36768364764.0,2.5,2.61
2024-03-19,862.16,859.92,868.02,859.82,-0.41,-3.57,30778841,33594886755.0,0.95,2.43
2024-03-20,858.32,875.45,875.94,858.13,1.81,15.53,32657736,39246855906.0,2.07,2.57
2024-03-21,876.35,872.02,880.16,867.38,-0.39,-3.43,31982585,40567505608.0,1.46,2.52
2024-03-22,868.43,855.6,868.46,845.84,-1.88,-16.42,33757795,41475499160.0,2.59,2.66
2024-03-25,852.65,831.51,856.13,831.35,-2.82,-24.09,29549805,34176820805.0,2.9,2.33
2024-03-26,827.99,821.42,835.03,812.13,-1.21,-10.09,24773108,27723847086.0,2.75,1.95
2024-03-27,819.94,796.47,822.28,796.47,-3.04,-24.95,25270054,26622112657.0,3.14,1.99
2024-03-28,794.57,814.77,821.59,793.51,2.3,18.3,25837162,28200526425.0,3.53,2.04
2024-03-29,814.48,819.01,819.01,806.74,0.52,4.24,20308128,21175279344.0,1.51,1.6
2024-04-01,819.49,833.67,833.67,819.49,1.79,14.66,32515101,28758345871.0,1.73,2.56
2024-04-02,832.44,823.49,832.81,818.78,-1.22,-10.18,25185626,24074747293.0,1.68,1.98
2024-04-03,820.35,810.74,821.18,805.92,-1.55,-12.75,24500551,22751011519.0,1.85,1.93
2024-04-08,806.54,789.15,806.54,789.13,-2.66,-21.59,23551701,22899411799.0,2.15,1.86
2024-04-09,787.42,797.92,797.92,784.02,1.11,8.77,20019721,19013826129.0,1.76,1.58
2024-04-10,795.6,779.64,795.6,773.3,-2.29,-18.28,20775897,20541577254.0,2.79,1.64
2024-04-11,774.01,779.32,788.17,772.69,-0.04,-0.32,17303279,18375736747.0,1.99,1.36
2024-04-12,778.81,769.43,785.1,768.67,-1.27,-9.89,19881209,20399533904.0,2.11,1.57
2024-04-15,765.77,749.07,770.89,739.58,-2.65,-20.36,25552004,25527450714.0,4.07,2.01
2024-04-16,744.12,706.89,745.96,706.37,-5.63,-42.18,25639523,24768161660.0,5.29,2.02
2024-04-17,714.18,745.77,745.77,714.18,5.5,38.88,24501194,24275662455.0,4.47,1.93
2024-04-18,745.31,742.66,753.87,738.06,-0.42,-3.11,23817654,24423423365.0,2.12,1.88
2024-04-19,739.17,736.03,744.84,730.77,-0.89,-6.63,19699830,20001546121.0,1.89,1.55
2024-04-22,732.6,734.53,742.71,721.41,-0.2,-1.5,17653324,18833939349.0,2.89,1.39
2024-04-23,734.81,742.91,745.97,734.81,1.14,8.38,18399612,20293496869.0,1.52,1.45
2024-04-24,743.59,757.89,757.9,741.88,2.02,14.98,20149453,21516245851.0,2.16,1.59
2024-04-25,755.78,759.55,765.89,754.48,0.22,1.66,20161011,20382701692.0,1.51,1.59
2024-04-26,756.27,773.64,774.48,756.0,1.86,14.09,27113243,29247017173.0,2.43,2.14
2024-04-29,773.87,790.2,790.49,773.71,2.14,16.56,30358717,34865865246.0,2.17,2.39
2024-04-30,790.13,787.64,793.68,783.12,-0.32,-2.56,28021232,28605967169.0,1.34,2.21
2024-05-06,793.3,798.21,800.87,793.3,1.34,10.57,31520909,34880496476.0,0.96,2.48
2024-05-07,796.05,799.73,799.73,793.94,0.19,1.52,24439900,25462187892.0,0.73,1.93
2024-05-08,796.82,789.91,797.57,788.27,-1.23,-9.82,27631585,26375405711.0,1.16,2.18
2024-05-09,788.26,797.78,800.36,787.0,1.0,7.87,24225034,24750830228.0,1.69,1.91
2024-05-10,797.17,783.43,798.48,781.84,-1.8,-14.35,23956934,25926454187.0,2.09,1.89
2024-05-13,777.68,766.59,777.68,764.77,-2.15,-16.84,21256577,22980919542.0,1.65,1.68
2024-05-14,766.39,773.09,775.41,766.39,0.85,6.5,19947265,20490713557.0,1.18,1.57
2024-05-15,770.14,763.74,772.71,763.11,-1.21,-9.35,19199684,17639090989.0,1.24,1.51
2024-05-16,764.95,764.66,769.99,763.11,0.12,0.92,20215195,21822314058.0,0.9,1.59
2024-05-17,765.48,773.58,773.58,762.12,1.17,8.92,21563803,25623933572.0,1.5,1.7
2024-05-20,774.72,775.33,779.59,770.39,0.23,1.75,24905864,28265860736.0,1.19,1.96
2024-05-21,775.54,769.2,775.54,766.39,-0.79,-6.13,18373455,18659078668.0,1.18,1.45
2024-05-22,770.15,773.01,774.64,768.21,0.5,3.81,18458536,19647964362.0,0.84,1.45
2024-05-23,771.71,758.67,772.0,756.7,-1.86,-14.34,21205754,20965102366.0,1.98,1.67
2024-05-24,758.36,751.95,763.57,751.95,-0.89,-6.72,17710673,18207393990.0,1.53,1.4
2024-05-27,753.18,755.24,755.39,741.13,0.44,3.29,17635844,18058225096.0,1.9,1.39
2024-05-28,753.57,745.93,754.04,745.28,-1.23,-9.31,21176234,17914157127.0,1.16,1.67
2024-05-29,744.87,741.58,748.95,738.66,-0.58,-4.35,17379486,15901438213.0,1.38,1.37
2024-05-30,737.91,737.73,743.43,732.67,-0.52,-3.85,15750425,15395394647.0,1.45,1.24
2024-05-31,737.5,747.47,750.42,737.5,1.32,9.74,16340690,17186734378.0,1.75,1.29
2024-06-03,743.91,727.58,744.29,722.86,-2.66,-19.89,21105267,20863695350.0,2.87,1.66
2024-06-04,723.84,724.13,725.04,715.5,-0.47,-3.45,19941786,18354526047.0,1.31,1.57
2024-06-05,724.71,718.53,729.72,718.53,-0.77,-5.6,17139326,17895017768.0,1.55,1.35
2024-06-06,719.2,689.81,720.92,687.76,-4.0,-28.72,22347636,21174025168.0,4.61,1.76
2024-06-07,697.86,699.98,705.95,690.51,1.47,10.17,16606878,15260105780.0,2.24,1.31
2024-06-11,697.52,707.41,708.88,688.36,1.06,7.43,15826843,14980282774.0,2.93,1.25
2024-06-12,706.45,713.98,717.75,705.83,0.93,6.57,16069162,15780897254.0,1.69,1.27
2024-06-13,714.12,708.59,717.05,707.25,-0.75,-5.39,17762295,17403802498.0,1.37,1.4
2024-06-14,707.22,708.42,709.91,701.89,-0.02,-0.17,17539360,19364150507.0,1.13,1.38
2024-06-17,705.07,704.95,708.9,703.47,-0.49,-3.47,16868229,16548983485.0,0.77,1.33
2024-06-18,705.51,718.55,718.95,704.45,1.93,13.6,18445092,18243073977.0,2.06,1.45
2024-06-19,719.71,716.47,723.24,716.24,-0.29,-2.08,17429613,17231622276.0,0.97,1.37
2024-06-20,714.23,697.84,717.19,697.84,-2.6,-18.63,19032277,17979724020.0,2.7,1.5
2024-06-21,695.12,697.39,702.66,690.3,-0.06,-0.45,15569508,14860121605.0,1.77,1.23
2024-06-24,691.51,670.8,691.51,669.87,-3.81,-26.59,18770419,17292132982.0,3.1,1.48
2024-06-25,671.48,666.88,675.82,661.11,-0.58,-3.92,17729021,15836844569.0,2.19,1.4
2024-06-26,665.11,690.34,690.36,661.65,3.52,23.46,18863323,18859364997.0,4.31,1.49
2024-06-27,687.16,678.96,689.94,678.96,-1.65,-11.38,17567024,17556637166.0,1.59,1.38
2024-06-28,678.15,675.25,686.58,673.66,-0.55,-3.71,21315673,18754521991.0,1.9,1.68
2024-07-01,674.96,679.87,680.88,666.36,0.68,4.62,16347226,16771464490.0,2.15,1.29
2024-07-02,680.92,688.26,693.04,680.92,1.23,8.39,17794172,17525196235.0,1.78,1.4
2024-07-03,686.52,680.07,688.14,679.31,-1.19,-8.19,14986678,14546232688.0,1.28,1.18
2024-07-04,681.29,662.98,682.58,662.34,-2.51,-17.09,16889602,15053789223.0,2.98,1.33
2024-07-05,662.74,677.42,679.04,655.09,2.18,14.44,24954634,18228359114.0,3.61,1.97
2024-07-08,674.08,654.55,674.08,652.37,-3.38,-22.87,18357919,15674885585.0,3.2,1.45
2024-07-09,653.78,659.69,661.19,639.59,0.79,5.14,19835399,16553298265.0,3.3,1.56
2024-07-10,656.44,654.6,663.24,653.2,-0.77,-5.09,17196104,14253221262.0,1.52,1.36
2024-07-11,663.35,672.55,672.6,661.56,2.74,17.95,22450505,18477151385.0,1.69,1.77
2024-07-12,672.42,671.79,677.67,669.41,-0.11,-0.76,18640707,15983805583.0,1.23,1.47
2024-07-15,668.98,658.5,668.98,657.12,-1.98,-13.29,23794323,16624909700.0,1.77,1.88
2024-07-16,657.24,661.59,662.77,654.31,0.47,3.09,18946923,17158218105.0,1.28,1.49
2024-07-17,660.85,661.41,664.8,656.73,-0.03,-0.18,16509853,16410460330.0,1.22,1.3
2024-07-18,657.56,660.85,662.41,647.56,-0.08,-0.56,17545719,16554991249.0,2.25,1.38
2024-07-19,659.55,667.9,671.09,658.32,1.07,7.05,16468533,16990533120.0,1.93,1.3
2024-07-22,671.6,680.84,683.95,670.8,1.94,12.94,18590612,16862696541.0,1.97,1.47
2024-07-23,679.38,682.47,693.13,674.5,0.24,1.63,26396305,20942502962.0,2.74,2.08
2024-07-24,678.14,668.54,682.87,668.05,-2.04,-13.93,27324095,20295532973.0,2.17,2.15
2024-07-25,663.41,666.43,673.45,660.75,-0.32,-2.11,19196781,15732952433.0,1.9,1.51
2024-07-26,666.09,668.84,673.09,664.36,0.36,2.41,19191478,15918650379.0,1.31,1.51
2024-07-29,668.77,670.54,672.78,664.05,0.25,1.7,15717016,13394158400.0,1.31,1.24
2024-07-30,668.66,673.34,675.22,666.32,0.42,2.8,15138064,12628066251.0,1.33,1.19
2024-07-31,672.36,696.24,696.24,671.35,3.4,22.9,25357816,23043182021.0,3.7,2.0
2024-08-01,695.62,694.78,701.53,691.95,-0.21,-1.46,19141502,16536313026.0,1.38,1.51
2024-08-02,691.95,693.69,707.69,691.54,-0.16,-1.09,23196824,18370073756.0,2.32,1.83
2024-08-05,688.64,679.51,701.35,679.51,-2.04,-14.18,25509539,19692069138.0,3.15,2.01
2024-08-06,685.79,694.7,694.7,681.69,2.24,15.19,21177535,18649467206.0,1.91,1.67
2024-08-07,694.0,690.21,694.97,688.33,-0.65,-4.49,15801392,13063471503.0,0.96,1.25
2024-08-08,688.1,692.45,697.68,684.86,0.32,2.24,18970779,14416982299.0,1.86,1.49
2024-08-09,693.97,682.28,696.72,682.28,-1.47,-10.17,17758889,13978977484.0,2.09,1.4
2024-08-12,681.63,681.37,688.73,678.66,-0.13,-0.91,18538320,15319409347.0,1.48,1.46
2024-08-13,680.26,681.83,681.9,673.24,0.07,0.46,15069568,12803958447.0,1.27,1.19
2024-08-14,680.89,676.94,680.94,675.08,-0.72,-4.89,13330467,11346921157.0,0.86,1.05
2024-08-15,676.19,683.5,688.02,672.75,0.97,6.56,19091849,15404921852.0,2.26,1.5
2024-08-16,683.67,686.16,688.06,680.74,0.39,2.66,17751234,12898906096.0,1.07,1.4
2024-08-19,684.5,681.61,689.0,680.86,-0.66,-4.55,18883606,13800943696.0,1.19,1.49
2024-08-20,681.38,671.69,682.02,670.29,-1.46,-9.92,21729677,14864037284.0,1.72,1.71
2024-08-21,669.67,665.65,672.71,664.2,-0.9,-6.04,16872261,12269076533.0,1.27,1.33
2024-08-22,665.52,655.6,673.0,655.33,-1.51,-10.05,18505379,14167692989.0,2.65,1.46
2024-08-23,655.71,656.6,659.99,651.12,0.15,1.0,19977131,17283417183.0,1.35,1.57
2024-08-26,655.12,656.16,658.09,649.8,-0.07,-0.44,21115496,17092629073.0,1.26,1.66
2024-08-27,655.4,648.68,658.29,647.19,-1.14,-7.48,19191702,14218037392.0,1.69,1.51
2024-08-28,646.48,654.15,659.13,644.08,0.84,5.47,18779190,13552910147.0,2.32,1.48
2024-08-29,651.43,665.43,667.19,649.37,1.72,11.28,21196741,16543873910.0,2.72,1.67
2024-08-30,665.18,678.14,686.65,664.93,1.91,12.71,29273542,26437918298.0,3.26,2.31
2024-09-02,677.04,662.93,678.58,662.7,-2.24,-15.21,20748564,17470799438.0,2.34,1.64
2024-09-03,662.19,672.57,673.75,662.19,1.45,9.64,18795020,15154915811.0,1.74,1.48
2024-09-04,669.42,668.48,676.03,667.93,-0.61,-4.09,19560378,15034937767.0,1.2,1.54
2024-09-05,671.08,681.63,681.88,671.08,1.97,13.15,19303110,16279543920.0,1.62,1.52
2024-09-06,683.79,670.36,685.19,670.17,-1.65,-11.27,18073203,15170810413.0,2.2,1.42
2024-09-09,669.54,674.91,681.96,665.31,0.68,4.55,22113782,16763258906.0,2.48,1.74
2024-09-10,678.45,679.77,682.53,667.84,0.72,4.86,24177107,17846202273.0,2.18,1.91
2024-09-11,676.54,675.1,678.71,672.28,-0.69,-4.67,20207486,14804184727.0,0.95,1.59
2024-09-12,676.67,677.11,685.81,676.67,0.3,2.01,19965083,15521801477.0,1.35,1.57
2024-09-13,677.35,671.13,679.05,670.7,-0.88,-5.98,21685774,15602250499.0,1.23,1.71
2024-09-18,668.45,660.9,669.01,654.21,-1.52,-10.23,17671707,13086626574.0,2.21,1.39
2024-09-19,662.4,675.21,677.98,659.74,2.17,14.31,22521986,17837938307.0,2.76,1.77
2024-09-20,675.08,676.46,677.85,672.38,0.19,1.25,24347216,18824905891.0,0.81,1.92
2024-09-23,675.6,676.32,679.39,672.71,-0.02,-0.14,20640024,15873289323.0,0.99,1.63
2024-09-24,676.41,697.02,697.02,672.48,3.06,20.7,33985924,30253898109.0,3.63,2.68
2024-09-25,701.62,706.65,718.92,701.62,1.38,9.63,38981206,35721995879.0,2.48,3.07
2024-09-26,704.42,727.71,727.71,703.05,2.98,21.06,37208851,36571465096.0,3.49,2.93
2024-09-27,737.28,767.6,774.93,737.25,5.48,39.89,50212331,50365969541.0,5.18,3.96
2024-09-30,801.77,859.94,864.03,793.57,12.03,92.34,82976667,89504487831.0,9.18,6.54
2024-10-08,975.38,948.45,975.38,888.65,10.29,88.51,102576006,126817219803.0,10.09,8.08
2024-10-09,922.6,876.75,934.91,876.75,-7.56,-71.7,86895917,104977115229.0,6.13,6.85
2024-10-10,888.14,868.98,901.08,860.97,-0.89,-7.77,59998339,77571741389.0,4.57,4.73
2024-10-11,859.69,825.91,860.13,815.98,-4.96,-43.07,46269834,52754461417.0,5.08,3.65
2024-10-14,829.18,856.41,856.41,814.75,3.69,30.5,44061959,50994479693.0,5.04,3.47
2024-10-15,853.72,844.47,873.77,843.88,-1.39,-11.94,45862054,54535541334.0,3.49,3.61
2024-10-16,831.58,850.96,859.91,831.08,0.77,6.49,41312201,47609512779.0,3.41,3.26
2024-10-17,860.46,856.55,872.11,855.94,0.66,5.59,50424982,58389344068.0,1.9,3.97
2024-10-18,854.85,886.78,904.2,852.31,3.53,30.23,61901347,75243984651.0,6.06,4.88
2024-10-21,892.58,908.19,916.54,891.78,2.41,21.41,53230619,65119654962.0,2.79,4.19
2024-10-22,907.42,912.1,920.61,897.08,0.43,3.91,46713088,56988211695.0,2.59,3.68
2024-10-23,908.62,915.38,928.45,903.44,0.36,3.28,63988205,70153120785.0,2.74,5.04
2024-10-24,909.98,915.86,921.46,909.38,0.05,0.48,58863626,62855509790.0,1.32,4.64
2024-10-25,916.13,927.88,934.13,912.57,1.31,12.02,57598412,64210617812.0,2.35,4.54
2024-10-28,925.08,945.16,945.24,921.57,1.86,17.28,52457468,57928976317.0,2.55,4.13
2024-10-29,950.68,936.78,952.38,935.27,-0.89,-8.38,56467391,66709230181.0,1.81,4.45
2024-10-30,931.8,935.83,943.05,924.5,-0.1,-0.95,63186589,68015113243.0,1.98,4.98
2024-10-31,937.66,947.22,953.28,932.99,1.22,11.39,71408186,75940713722.0,2.17,5.63
2024-11-01,943.75,909.53,947.52,907.32,-3.98,-37.69,78758464,94199408488.0,4.24,6.21
2024-11-04,909.43,931.46,931.46,909.43,2.41,21.93,56335988,69905321137.0,2.42,4.44
2024-11-05,932.29,964.06,965.57,930.39,3.5,32.6,72668945,92958264318.0,3.78,5.73
2024-11-06,966.16,964.53,979.95,956.45,0.05,0.47,72180789,94600902667.0,2.44,5.69
2024-11-07,957.14,996.32,996.32,953.72,3.3,31.79,81284153,104652792331.0,4.42,6.41
2024-11-08,1009.32,1001.99,1014.61,996.86,0.57,5.67,88418848,102042761219.0,1.78,6.97
2024-11-11,997.22,1023.74,1023.77,996.77,2.17,21.75,80379857,98846382333.0,2.69,6.33
2024-11-12,1029.0,1031.03,1049.81,1021.51,0.71,7.29,98938080,111117795245.0,2.76,7.8
2024-11-13,1028.05,1029.28,1037.57,1011.52,-0.17,-1.75,77482456,95813356173.0,2.53,6.11
2024-11-14,1027.88,999.07,1028.26,998.07,-2.94,-30.21,66630797,83689212648.0,2.93,5.25
2024-11-15,993.64,977.54,1011.54,977.28,-2.16,-21.53,64681667,83315811430.0,3.43,5.1
2024-11-18,979.02,938.54,982.77,933.14,-3.99,-39.0,58588457,68214083029.0,5.08,4.62
2024-11-19,937.73,955.48,955.48,924.22,1.8,16.94,50651569,59062296316.0,3.33,3.99
2024-11-20,952.94,987.67,991.71,951.33,3.37,32.19,54507885,67920440483.0,4.23,4.3
2024-11-21,985.85,991.6,996.8,980.27,0.4,3.93,56589421,69514863039.0,1.67,4.46
2024-11-22,987.06,952.16,995.76,951.62,-3.98,-39.44,58224495,73716789619.0,4.45,4.59
2024-11-25,964.62,960.97,972.35,941.48,0.93,8.81,45504395,54741121420.0,3.24,3.59
2024-11-26,958.47,953.35,971.91,952.31,-0.79,-7.62,40029152,44686167622.0,2.04,3.15
2024-11-27,948.26,975.05,975.13,929.22,2.28,21.7,44164086,48671566700.0,4.82,3.48
2024-11-28,976.54,973.61,986.07,971.8,-0.15,-1.44,43038259,48734153828.0,1.46,3.39
2024-11-29,972.51,989.43,997.85,969.78,1.62,15.82,48805989,61534677401.0,2.88,3.85
2024-12-02,991.16,1006.9,1009.05,990.33,1.77,17.47,50767129,57316579494.0,1.89,4.0
2024-12-03,1006.09,1009.57,1013.89,993.05,0.27,2.67,48038915,54428319534.0,2.07,3.79
2024-12-04,1003.98,993.04,1007.27,988.57,-1.64,-16.53,46574691,52329488238.0,1.85,3.67
2024-12-05,990.83,1007.22,1008.85,990.83,1.43,14.18,45687985,48515264636.0,1.81,3.6
2024-12-06,1013.07,1020.88,1026.74,1004.4,1.36,13.66,54644458,58995562242.0,2.22,4.31
2024-12-09,1025.29,1019.03,1035.6,1011.32,-0.18,-1.85,58938747,57896103869.0,2.38,4.64
2024-12-10,1046.25,1029.25,1048.57,1027.47,1.0,10.22,67001049,78139415218.0,2.07,5.28
2024-12-11,1026.01,1035.91,1036.1,1026.01,0.65,6.66,48448369,54111066944.0,0.98,3.82
2024-12-12,1034.42,1044.3,1044.43,1029.62,0.81,8.39,48175537,55157596232.0,1.43,3.8
2024-12-13,1039.1,1023.23,1039.34,1022.96,-2.02,-21.07,53218157,62158113318.0,1.57,4.19
2024-12-16,1024.25,1018.49,1030.84,1013.21,-0.46,-4.74,47419850,52378172533.0,1.72,3.74
2024-12-17,1014.46,983.2,1014.78,980.88,-3.46,-35.29,42181031,43078362173.0,3.33,3.32
2024-12-18,984.92,989.09,996.48,974.62,0.6,5.89,36174837,39820446796.0,2.22,2.85
2024-12-19,977.4,988.79,991.54,970.68,-0.03,-0.3,35131869,39849048442.0,2.11,2.77
2024-12-20,986.36,999.22,1005.1,984.54,1.05,10.43,34590087,41375498149.0,2.08,2.73
2024-12-23,996.06,954.31,996.06,954.31,-4.49,-44.91,40271154,40547561568.0,4.18,3.17
2024-12-24,956.51,957.96,963.23,944.3,0.38,3.65,35956232,38523307600.0,1.98,2.83
2024-12-25,961.03,939.48,962.54,931.03,-1.93,-18.48,32179002,33571430574.0,3.29,2.54
2024-12-26,938.4,944.1,949.94,937.24,0.49,4.62,32794547,33525277038.0,1.35,2.58
2024-12-27,943.25,946.55,958.18,939.4,0.26,2.45,35716921,36458090540.0,1.99,2.81
2024-12-30,944.4,935.74,945.15,929.51,-1.14,-10.81,34342539,34427149117.0,1.65,2.71
2024-12-31,939.38,911.3,941.78,911.3,-2.61,-24.44,36403239,39054722336.0,3.26,2.87
2025-01-02,910.45,887.23,914.78,879.62,-2.64,-24.07,36776938,39470565637.0,3.86,2.9
2025-01-03,889.58,856.58,892.76,855.07,-3.45,-30.65,33681779,33396919854.0,4.25,2.65
2025-01-06,855.88,857.05,868.62,844.95,0.05,0.47,32214955,30624837263.0,2.76,2.54
2025-01-07,858.36,866.25,866.34,846.67,1.07,9.2,35748504,31471694116.0,2.3,2.82
2025-01-08,866.02,866.32,872.05,844.97,0.01,0.07,35630782,33217030343.0,3.13,2.81
2025-01-09,861.83,866.91,873.4,859.54,0.07,0.59,25162252,25460436590.0,1.6,1.98
2025-01-10,866.56,841.85,872.77,841.85,-2.89,-25.06,25051301,25042535816.0,3.57,1.97
2025-01-13,834.1,844.49,848.64,824.86,0.31,2.64,22891797,25254637516.0,2.82,1.8
2025-01-14,847.49,882.24,882.24,847.46,4.47,37.75,33634690,37188605868.0,4.12,2.65
2025-01-15,882.35,875.22,883.34,873.0,-0.8,-7.02,24519862,28940392390.0,1.17,1.93
2025-01-16,879.26,878.63,894.73,872.49,0.39,3.41,26429149,31715600155.0,2.54,2.08
2025-01-17,875.01,874.86,881.55,869.62,-0.43,-3.77,22223663,24528715870.0,1.36,1.75
2025-01-20,880.02,878.95,885.66,872.64,0.47,4.09,24879933,26453141972.0,1.49,1.96
2025-01-21,883.52,875.05,884.5,867.92,-0.44,-3.9,25848299,25807496458.0,1.89,2.04
2025-01-22,870.9,867.44,871.7,863.78,-0.87,-7.61,20231728,22452239997.0,0.91,1.59
2025-01-23,876.37,865.26,888.42,865.26,-0.25,-2.18,30175087,34156820253.0,2.67,2.38
2025-01-24,866.29,884.24,884.94,865.02,2.19,18.98,28209493,33959880426.0,2.3,2.22
2025-01-27,889.53,877.03,892.86,876.41,-0.82,-7.21,25003079,31916154701.0,1.86,1.97
2025-02-05,891.56,906.26,909.95,891.04,3.33,29.23,36230956,45780720482.0,2.16,2.86
2025-02-06,904.19,925.16,925.23,898.28,2.09,18.9,40935952,47197235972.0,2.97,3.23
2025-02-07,924.96,951.9,961.8,924.64,2.89,26.74,56694330,70611282143.0,4.02,4.47
2025-02-10,959.28,994.13,994.13,958.56,4.44,42.23,62521854,77841952879.0,3.74,4.93
2025-02-11,993.16,983.04,995.4,979.24,-1.12,-11.09,54702387,67999835760.0,1.63,4.31
2025-02-12,980.3,989.99,996.19,980.3,0.71,6.95,48597515,60215085066.0,1.62,3.83
2025-02-13,990.36,984.82,996.93,980.24,-0.52,-5.17,57072005,73045664407.0,1.69,4.5
2025-02-14,986.38,1028.06,1033.71,986.38,4.39,43.24,77593672,105204453118.0,4.81,6.11
2025-02-17,1047.81,1043.34,1062.07,1034.45,1.49,15.28,79210458,110284071684.0,2.69,6.24
2025-02-18,1037.26,1003.49,1037.4,1000.43,-3.82,-39.85,62048168,79701198565.0,3.54,4.89
2025-02-19,1003.44,1023.59,1023.59,997.21,2.0,20.1,60433864,76799137480.0,2.63,4.76
2025-02-20,1023.44,1039.18,1048.11,1023.44,1.52,15.59,64908715,87304060769.0,2.41,5.12
2025-02-21,1039.48,1048.79,1050.98,1025.65,0.92,9.61,73052950,103232490313.0,2.44,5.76
2025-02-24,1045.06,1043.56,1049.91,1033.18,-0.5,-5.23,62298347,88672669044.0,1.6,4.91
2025-02-25,1025.1,1031.05,1045.57,1023.21,-1.2,-12.51,58296693,80130252530.0,2.14,4.59
2025-02-26,1031.29,1041.08,1042.37,1024.74,0.97,10.03,49315752,67494838991.0,1.71,3.89
2025-02-27,1041.72,1038.33,1047.24,1020.42,-0.26,-2.75,51002358,68426775688.0,2.58,4.02
2025-02-28,1031.86,996.02,1033.7,994.03,-4.07,-42.31,47725763,62057442255.0,3.82,3.76
2025-03-03,999.34,1007.45,1020.59,993.16,1.15,11.43,40267784,51002503728.0,2.75,3.17
2025-03-04,998.28,1025.52,1025.59,997.66,1.79,18.07,40896268,49650116283.0,2.77,3.22
2025-03-05,1024.05,1024.22,1027.08,1011.95,-0.13,-1.3,39315708,50731276419.0,1.48,3.1
2025-03-06,1030.44,1045.98,1050.82,1027.31,2.12,21.76,49729746,69151335716.0,2.3,3.92
2025-03-07,1043.7,1031.07,1047.82,1024.25,-1.43,-14.91,45912020,61866478956.0,2.25,3.62
2025-03-10,1052.04,1043.82,1058.42,1034.39,1.24,12.75,47804527,62231999404.0,2.33,3.77
2025-03-11,1026.53,1040.38,1041.08,1025.56,-0.33,-3.44,41074802,52223203457.0,1.49,3.24
2025-03-12,1045.4,1043.93,1052.56,1041.12,0.34,3.55,42034787,56470304421.0,1.1,3.31
2025-03-13,1040.92,1032.76,1041.81,1020.83,-1.07,-11.17,42167800,53410955179.0,2.01,3.32
2025-03-14,1028.87,1047.63,1047.63,1021.49,1.44,14.87,40606812,55909865664.0,2.53,3.2
2025-03-17,1047.9,1045.24,1051.94,1041.28,-0.23,-2.39,40582282,51144145337.0,1.02,3.2
2025-03-18,1048.37,1049.59,1054.41,1044.19,0.42,4.35,36065612,48302422695.0,0.98,2.84
2025-03-19,1044.68,1039.61,1051.06,1036.4,-0.95,-9.98,32300803,43167203217.0,1.4,2.55
2025-03-20,1037.53,1030.46,1041.36,1030.26,-0.88,-9.15,34821176,46736995700.0,1.07,2.74
2025-03-21,1030.82,1012.53,1032.63,1009.74,-1.74,-17.93,42479589,50059199728.0,2.22,3.35
2025-03-24,1010.0,988.96,1010.87,971.66,-2.33,-23.57,36488804,40849607033.0,3.87,2.88
2025-03-25,987.87,989.04,995.04,978.8,0.01,0.08,27814752,30707956947.0,1.64,2.19
2025-03-26,986.24,990.09,994.95,986.24,0.11,1.05,21335623,24894865667.0,0.88,1.68
2025-03-27,990.23,991.36,995.65,977.27,0.13,1.27,25946496,30470661297.0,1.86,2.04
2025-03-28,989.5,980.54,995.85,980.52,-1.09,-10.82,23284227,26765963136.0,1.55,1.83
2025-03-31,972.57,969.71,972.57,953.18,-1.1,-10.83,28530461,33539051491.0,1.98,2.25
2025-04-01,972.62,982.44,995.3,972.62,1.31,12.73,23835699,29702876740.0,2.34,1.88
2025-04-02,980.34,982.54,987.89,979.69,0.01,0.1,15725059,19817981794.0,0.83,1.24
2025-04-03,972.84,978.34,989.96,971.91,-0.43,-4.2,17541213,22161360393.0,1.84,1.38
2025-04-07,921.61,850.88,931.83,843.07,-13.03,-127.46,35373955,45790559013.0,9.07,2.79
2025-04-08,850.36,864.51,881.49,845.4,1.6,13.63,34177121,43170740187.0,4.24,2.69
2025-04-09,851.39,885.66,891.37,813.36,2.45,21.15,35838094,42662285468.0,9.02,2.82
2025-04-10,902.69,905.93,920.63,902.15,2.29,20.27,31468943,41554215103.0,2.09,2.48
2025-04-11,900.87,912.96,921.21,900.2,0.78,7.03,24356799,31816052352.0,2.32,1.92
2025-04-14,922.78,925.22,933.26,922.0,1.34,12.26,23737534,29402110337.0,1.23,1.87
2025-04-15,925.11,923.59,927.73,916.3,-0.18,-1.63,20452712,25344112909.0,1.24,1.61
2025-04-16,920.58,912.43,920.58,897.52,-1.21,-11.16,19567674,24844589639.0,2.5,1.54
2025-04-17,907.55,913.44,922.06,906.65,0.11,1.01,16468018,20635206269.0,1.69,1.3
2025-04-18,912.67,913.86,919.98,907.98,0.05,0.42,16068303,18977096379.0,1.31,1.27
2025-04-21,912.26,931.59,931.67,907.33,1.94,17.73,19770462,23766653454.0,2.66,1.56
2025-04-22,931.01,932.0,936.13,929.61,0.04,0.41,19833925,24634522286.0,0.7,1.56
2025-04-23,935.02,934.34,940.38,931.25,0.25,2.34,21379727,27330469209.0,0.98,1.68
2025-04-24,934.72,921.37,934.81,918.16,-1.39,-12.97,19442073,25062579081.0,1.78,1.53
2025-04-25,929.68,929.31,937.12,926.68,0.86,7.94,22636303,26973426091.0,1.13,1.78
2025-04-28,926.35,916.84,929.06,916.79,-1.34,-12.47,20639154,25707887789.0,1.32,1.63
2025-04-29,912.54,923.62,927.48,908.86,0.74,6.78,22876287,26788206505.0,2.03,1.8
2025-04-30,923.99,937.26,941.04,923.99,1.48,13.64,24487081,29826069402.0,1.85,1.93
2025-05-06,945.42,963.87,963.9,945.08,2.84,26.61,26606449,34415019575.0,2.01,2.1
2025-05-07,973.68,962.1,975.94,953.77,-0.18,-1.77,26898942,35188773575.0,2.3,2.12
2025-05-08,958.39,971.72,972.45,957.96,1.0,9.62,23517740,29875474882.0,1.51,1.85
2025-05-09,970.14,958.63,970.25,956.85,-1.35,-13.09,21535147,26542765293.0,1.38,1.7
2025-05-12,964.13,967.91,967.96,959.08,0.97,9.28,18997691,25711619206.0,0.93,1.5
2025-05-13,975.86,971.37,977.6,969.33,0.36,3.46,22450813,27660365690.0,0.85,1.77
2025-05-14,970.68,973.79,978.75,965.05,0.25,2.42,21044041,31741404875.0,1.41,1.66
2025-05-15,972.22,957.55,972.22,957.55,-1.67,-16.24,19271586,24121890066.0,1.51,1.52
2025-05-16,956.39,964.59,966.72,954.92,0.74,7.04,18219077,22254326799.0,1.23,1.44
2025-05-19,967.81,970.74,970.75,958.35,0.64,6.15,17991471,22096300156.0,1.29,1.42
2025-05-20,972.15,980.7,982.42,970.74,1.03,9.96,19539759,23829656208.0,1.2,1.54
2025-05-21,979.86,976.03,983.09,974.91,-0.48,-4.67,18354992,21738467795.0,0.83,1.45
2025-05-22,973.38,964.1,976.77,961.8,-1.22,-11.93,17136015,19935213555.0,1.53,1.35
2025-05-23,963.76,962.98,983.3,962.98,-0.12,-1.12,24482086,28981474070.0,2.11,1.93
2025-05-26,963.53,968.16,969.92,960.92,0.54,5.18,20066814,25099647081.0,0.93,1.58
2025-05-27,966.21,970.21,971.83,960.95,0.21,2.05,21283104,26681003167.0,1.12,1.68
2025-05-28,969.35,959.76,971.25,957.17,-1.08,-10.45,18287866,22042540549.0,1.45,1.44
2025-05-29,959.26,984.26,984.27,959.26,2.55,24.5,22276866,27243352046.0,2.61,1.76
2025-05-30,981.18,979.56,986.47,977.29,-0.48,-4.7,21409295,28350842215.0,0.93,1.69
2025-06-03,974.13,991.87,992.75,974.13,1.26,12.31,23172051,30387179886.0,1.9,1.83
2025-06-04,994.38,997.99,998.75,992.46,0.62,6.12,25318989,30742669362.0,0.63,2.0
2025-06-05,998.17,1000.02,1001.16,991.97,0.2,2.03,28715376,34094711194.0,0.92,2.26
2025-06-06,999.47,999.39,1001.77,995.82,-0.06,-0.63,22182047,26659344091.0,0.59,1.75
2025-06-09,998.82,1013.99,1016.61,998.82,1.46,14.6,29001488,33666052716.0,1.78,2.29
2025-06-10,1016.52,1005.94,1017.35,993.66,-0.79,-8.05,30835626,37725518317.0,2.34,2.43
2025-06-11,1006.15,1006.24,1013.8,1005.06,0.03,0.3,21257331,27853840360.0,0.87,1.68
2025-06-12,1003.44,1007.5,1010.08,1001.68,0.13,1.26,20792322,28814288471.0,0.83,1.64
2025-06-13,1004.01,983.14,1006.44,982.66,-2.42,-24.36,26222459,35693590433.0,2.36,2.07
2025-06-16,980.32,993.39,993.72,980.32,1.04,10.25,19696985,28324291320.0,1.36,1.55
2025-06-17,997.95,997.18,1010.44,993.48,0.38,3.79,24467829,34757699312.0,1.71,1.93
2025-06-18,993.36,987.31,994.65,983.86,-0.99,-9.87,19539905,27725381965.0,1.08,1.54
2025-06-19,986.91,967.05,989.55,965.15,-2.05,-20.26,19620914,26895315611.0,2.47,1.55
2025-06-20,967.82,959.48,970.98,957.2,-0.78,-7.57,15420568,23722517235.0,1.42,1.22
2025-06-23,954.23,975.83,977.17,953.47,1.7,16.35,17920411,24974508284.0,2.47,1.41
2025-06-24,979.35,996.8,996.83,979.35,2.15,20.97,22251032,33051756269.0,1.79,1.75
2025-06-25,999.0,1008.28,1008.76,993.19,1.15,11.48,24164272,38326737464.0,1.56,1.9
2025-06-26,1008.16,1009.43,1019.18,1005.83,0.11,1.15,26503200,39698156157.0,1.32,2.09
2025-06-27,1009.49,1014.73,1025.23,1007.36,0.53,5.3,26449825,39066989797.0,1.77,2.08
2025-06-30,1015.09,1023.24,1023.46,1012.11,0.84,8.51,24421996,34523306588.0,1.12,1.92
2025-07-01,1024.97,1030.44,1031.87,1021.86,0.7,7.2,29450781,35652449994.0,0.98,2.32
2025-07-02,1028.95,1021.81,1030.05,1016.63,-0.84,-8.63,24601791,29646107691.0,1.3,1.94
2025-07-03,1021.58,1029.06,1030.43,1021.52,0.71,7.25,22646895,28131008649.0,0.87,1.78
2025-07-04,1031.47,1027.95,1038.21,1026.25,-0.11,-1.11,25233760,34445909730.0,1.16,1.99
2025-07-07,1025.76,1027.07,1034.24,1023.94,-0.09,-0.88,20900170,27874279333.0,1.0,1.65
2025-07-08,1025.9,1035.82,1036.12,1025.21,0.85,8.75,23613675,32272747583.0,1.06,1.86
2025-07-09,1035.53,1036.82,1043.14,1032.9,0.1,1.0,31605213,36233480380.0,0.99,2.49
2025-07-10,1035.3,1042.12,1044.23,1031.41,0.51,5.3,30096832,35451691934.0,1.24,2.37
2025-07-11,1041.71,1053.16,1055.84,1037.52,1.06,11.04,34746503,48679330317.0,1.76,2.74
2025-07-14,1054.7,1052.23,1056.62,1046.87,-0.09,-0.93,27764591,35229870447.0,0.93,2.19
2025-07-15,1050.86,1048.52,1051.06,1030.37,-0.35,-3.71,31822148,40163089727.0,1.97,2.51
2025-07-16,1048.83,1057.32,1059.23,1048.81,0.84,8.8,32210468,42470404548.0,0.99,2.54
2025-07-17,1057.72,1069.25,1069.25,1056.73,1.13,11.93,32544636,40837707105.0,1.18,2.56
2025-07-18,1072.04,1072.47,1075.62,1064.35,0.3,3.22,29036616,38920648251.0,1.05,2.29
2025-07-21,1068.89,1076.57,1077.32,1068.18,0.38,4.1,31006320,39271517432.0,0.85,2.44
2025-07-22,1075.8,1073.44,1079.86,1068.68,-0.29,-3.13,31553515,42840277076.0,1.04,2.49
2025-07-23,1071.43,1070.79,1080.31,1066.65,-0.25,-2.65,32883926,44526982107.0,1.27,2.59
2025-07-24,1070.05,1086.93,1086.93,1070.05,1.51,16.14,37764463,45373238346.0,1.58,2.98
2025-07-25,1089.16,1097.65,1104.66,1087.94,0.99,10.72,36913781,50335620393.0,1.54,2.91
2025-07-28,1100.66,1098.7,1103.8,1093.9,0.1,1.05,31843202,49071340872.0,0.9,2.51
2025-07-29,1097.16,1101.23,1101.23,1084.21,0.23,2.53,33519482,50750772423.0,1.55,2.64
2025-07-30,1096.73,1096.89,1108.44,1086.95,-0.39,-4.34,37819692,57622879282.0,1.95,2.98
2025-07-31,1095.56,1096.98,1108.86,1093.94,0.01,0.09,38789943,57663141878.0,1.36,3.06
2025-08-01,1099.19,1109.21,1114.61,1095.55,1.11,12.23,39008128,52879756228.0,1.74,3.07
2025-08-04,1102.49,1120.4,1120.41,1094.26,1.01,11.19,36560043,50475567142.0,2.36,2.88
2025-08-05,1119.9,1122.81,1127.54,1114.94,0.22,2.41,32768280,48864605531.0,1.12,2.58
2025-08-06,1122.58,1123.29,1126.02,1116.76,0.04,0.48,34837645,48412936038.0,0.82,2.75
2025-08-07,1123.31,1131.09,1136.91,1123.31,0.69,7.8,35915104,52332624847.0,1.21,2.83
2025-08-08,1128.98,1117.95,1129.41,1115.67,-1.16,-13.14,34293097,51714554417.0,1.21,2.7
2025-08-11,1115.56,1131.13,1132.14,1115.56,1.18,13.18,28558666,44374409988.0,1.48,2.25
2025-08-12,1131.97,1128.48,1136.05,1123.11,-0.23,-2.65,32575217,48025477894.0,1.14,2.57
2025-08-13,1128.79,1134.33,1137.21,1121.7,0.52,5.85,38567078,61805644098.0,1.37,3.04
2025-08-14,1135.04,1115.9,1136.64,1115.9,-1.62,-18.43,43374394,68638391290.0,1.83,3.42
2025-08-15,1115.9,1134.67,1134.76,1115.87,1.68,18.77,41213683,62480456939.0,1.69,3.25
2025-08-18,1137.55,1158.13,1158.72,1137.55,2.07,23.46,52034396,80415096882.0,1.87,4.1
2025-08-19,1157.06,1163.38,1175.03,1157.06,0.45,5.25,48636657,76151724698.0,1.55,3.83
2025-08-20,1161.17,1164.95,1164.95,1146.39,0.13,1.57,43920815,68926635054.0,1.6,3.46
2025-08-21,1168.26,1166.09,1174.93,1159.98,0.1,1.14,40770389,64628826222.0,1.28,3.21
2025-08-22,1164.76,1177.45,1177.5,1160.9,0.97,11.36,48678150,75832980359.0,1.42,3.84
2025-08-25,1186.19,1190.03,1193.45,1179.21,1.07,12.58,57586253,89185354842.0,1.21,4.54
2025-08-26,1186.22,1191.01,1197.09,1183.03,0.08,0.98,47777668,72910737515.0,1.18,3.77
2025-08-27,1196.93,1155.23,1198.95,1155.23,-3.0,-35.78,57252994,90176544977.0,3.67,4.51
2025-08-28,1153.47,1157.49,1164.56,1121.85,0.2,2.26,48142792,72499790105.0,3.7,3.79
2025-08-29,1155.98,1145.99,1156.75,1143.65,-0.99,-11.5,34628851,58236679646.0,1.13,2.73
2025-09-01,1149.27,1155.3,1157.25,1149.27,0.81,9.31,40160532,61198813681.0,0.7,3.16
2025-09-02,1154.75,1134.11,1154.84,1123.36,-1.83,-21.19,39913788,64068550702.0,2.72,3.15
2025-09-03,1134.82,1110.36,1139.08,1107.55,-2.09,-23.75,29251126,46908551062.0,2.78,2.31
2025-09-04,1111.66,1101.41,1121.38,1087.02,-0.81,-8.95,31641651,48781504833.0,3.09,2.49
2025-09-05,1103.23,1119.6,1119.64,1090.63,1.65,18.19,27183726,40781469939.0,2.63,2.14
2025-09-08,1119.08,1136.49,1136.83,1119.05,1.51,16.89,28711927,48602667815.0,1.59,2.26
2025-09-09,1136.4,1120.15,1136.4,1115.6,-1.44,-16.34,24689460,41479817392.0,1.83,1.95
2025-09-10,1119.81,1121.15,1129.59,1117.9,0.09,1.0,20196460,31665064745.0,1.04,1.59
2025-09-11,1118.65,1135.38,1135.38,1105.52,1.27,14.23,30155047,48052601772.0,2.66,2.38
2025-09-12,1137.38,1133.76,1143.34,1130.47,-0.14,-1.62,32862419,47697881475.0,1.13,2.59
2025-09-15,1132.67,1135.29,1136.75,1127.54,0.13,1.53,32753348,42341008758.0,0.81,2.58
2025-09-16,1135.7,1146.95,1147.02,1131.33,1.03,11.66,31200414,45593636022.0,1.38,2.46
2025-09-17,1146.83,1146.88,1149.85,1142.63,-0.01,-0.07,29879561,46934482424.0,0.63,2.35
2025-09-18,1148.57,1133.59,1156.41,1123.93,-1.16,-13.29,44515736,69662629396.0,2.83,3.51
2025-09-19,1134.62,1119.21,1137.19,1115.72,-1.27,-14.38,30804895,45876978230.0,1.89,2.43
2025-09-22,1124.53,1118.87,1128.22,1111.78,-0.03,-0.34,27597414,42344733827.0,1.47,2.17
2025-09-23,1118.17,1097.41,1118.45,1080.39,-1.92,-21.46,38118267,56390294572.0,3.4,3.0
2025-09-24,1092.95,1116.73,1116.73,1089.34,1.76,19.32,30938269,52015852236.0,2.5,2.44
2025-09-25,1115.71,1115.88,1125.51,1113.0,-0.08,-0.85,31329985,52725188847.0,1.12,2.47
2025-09-26,1110.72,1095.2,1110.72,1095.2,-1.85,-20.68,25750936,41763619220.0,1.39,2.03
2025-09-29,1097.02,1100.7,1103.13,1082.73,0.5,5.5,23360775,39507795151.0,1.86,1.84
2025-09-30,1103.66,1104.47,1108.3,1101.96,0.34,3.77,21940309,36575380932.0,0.58,1.73
2025-10-09,1105.55,1109.85,1110.07,1095.14,0.49,5.38,29563085,51084135921.0,1.35,2.33
2025-10-10,1106.41,1099.59,1109.02,1098.11,-0.92,-10.26,25344390,42549846139.0,0.98,2.0
2025-10-13,1062.97,1093.34,1095.27,1061.41,-0.57,-6.25,25890960,40672206571.0,3.08,2.04
2025-10-14,1096.95,1082.1,1103.97,1079.32,-1.03,-11.24,25090350,42297210848.0,2.25,1.98
2025-10-15,1083.42,1099.66,1099.68,1076.92,1.62,17.56,21967805,35834589389.0,2.1,1.73
2025-10-16,1098.08,1097.63,1103.51,1092.99,-0.18,-2.03,27785129,36314323556.0,0.96,2.19
2025-10-17,1096.27,1079.14,1099.3,1078.45,-1.68,-18.49,29877297,36953425594.0,1.9,2.35
2025-10-20,1088.19,1086.78,1092.04,1080.93,0.71,7.64,22613305,29103680142.0,1.03,1.78
2025-10-21,1087.55,1098.85,1098.99,1083.77,1.11,12.07,23248792,32606053540.0,1.4,1.83
2025-10-22,1096.14,1098.71,1103.99,1094.04,-0.01,-0.14,21759226,26051259916.0,0.91,1.71
2025-10-23,1097.33,1103.92,1104.49,1086.58,0.47,5.21,21306912,28774998154.0,1.63,1.68
2025-10-24,1106.33,1106.87,1113.04,1104.85,0.27,2.95,21886196,33039197357.0,0.74,1.72
2025-10-27,1113.6,1113.85,1115.94,1107.07,0.63,6.98,24721951,39003958925.0,0.8,1.95
2025-10-28,1113.05,1118.85,1125.48,1108.87,0.45,5.0,23539354,37277121879.0,1.49,1.86
2025-10-29,1119.53,1123.98,1124.29,1113.28,0.46,5.13,25240967,43819304764.0,0.98,1.99
2025-10-30,1122.33,1113.11,1127.67,1113.11,-0.97,-10.87,29027528,48539555190.0,1.3,2.29
2025-10-31,1110.26,1134.03,1136.54,1110.13,1.88,20.92,32597513,50499794249.0,2.37,2.57
2025-11-03,1137.1,1145.14,1145.54,1132.6,0.98,11.11,30303639,45601645178.0,1.14,2.39
2025-11-04,1140.88,1142.11,1143.07,1135.13,-0.26,-3.03,28197820,45535871389.0,0.69,2.22
2025-11-05,1130.14,1141.69,1144.79,1129.19,-0.04,-0.42,26469664,40019895807.0,1.37,2.09
2025-11-06,1139.42,1134.58,1139.83,1128.2,-0.62,-7.11,24529081,38661911383.0,1.02,1.93
2025-11-07,1131.99,1131.86,1134.38,1127.44,-0.24,-2.72,23761747,34247941609.0,0.61,1.87
2025-11-10,1134.05,1144.03,1145.28,1134.05,1.08,12.17,25348524,38393566066.0,0.99,2.0
2025-11-11,1144.09,1147.62,1151.81,1140.43,0.31,3.59,25682063,34846925967.0,0.99,2.02
2025-11-12,1147.48,1150.14,1157.3,1146.03,0.22,2.52,27122581,42814285774.0,0.98,2.14
2025-11-13,1149.56,1156.89,1156.91,1141.62,0.59,6.75,25681554,36857510724.0,1.33,2.02
2025-11-14,1150.87,1157.39,1168.39,1150.86,0.04,0.5,28803404,39944750859.0,1.52,2.27
2025-11-17,1157.37,1160.24,1161.55,1151.2,0.25,2.85,28985338,38671723662.0,0.89,2.28
2025-11-18,1156.39,1156.33,1160.0,1151.79,-0.34,-3.91,29768691,37669169329.0,0.71,2.35
2025-11-19,1153.03,1134.25,1153.68,1131.22,-1.91,-22.08,22845824,30857737390.0,1.94,1.8
2025-11-20,1138.01,1128.79,1139.49,1122.25,-0.48,-5.46,21619136,28257025809.0,1.52,1.7
2025-11-21,1117.75,1093.61,1129.61,1093.61,-3.12,-35.18,33722566,42665763370.0,3.19,2.66
2025-11-24,1098.83,1111.86,1116.43,1094.14,1.67,18.25,27760376,36865940857.0,2.04,2.19
2025-11-25,1116.22,1130.95,1136.88,1115.68,1.72,19.09,28738588,40711575225.0,1.91,2.26
2025-11-26,1132.44,1133.7,1151.39,1131.42,0.24,2.75,32655382,39726856262.0,1.77,2.57
2025-11-27,1131.9,1123.55,1131.95,1121.97,-0.9,-10.15,26837868,32586642180.0,0.88,2.11
2025-11-28,1124.89,1129.1,1129.1,1116.22,0.49,5.55,22238254,29238490470.0,1.15,1.75
2025-12-01,1127.56,1133.33,1135.34,1125.26,0.37,4.23,23105309,32392470061.0,0.89,1.82
2025-12-02,1131.03,1129.48,1131.09,1122.5,-0.34,-3.85,22551799,29448128207.0,0.76,1.78
2025-12-03,1128.63,1116.36,1130.31,1112.8,-1.16,-13.12,25123623,31709134846.0,1.55,1.98
2025-12-04,1114.6,1109.61,1116.51,1102.92,-0.6,-6.75,28049582,31028828266.0,1.22,2.21
2025-12-05,1110.3,1123.4,1124.03,1099.44,1.24,13.79,24515600,38816772116.0,2.22,1.93
2025-12-08,1128.98,1133.5,1138.03,1128.98,0.9,10.1,29527707,42448325739.0,0.81,2.33
2025-12-09,1130.9,1120.84,1133.25,1120.61,-1.12,-12.66,24006384,32739343198.0,1.12,1.89
2025-12-10,1118.99,1118.71,1119.9,1110.32,-0.19,-2.13,25039028,30925284863.0,0.85,1.97
2025-12-11,1120.36,1102.55,1121.19,1102.52,-1.44,-16.16,25059564,32020987995.0,1.67,1.97
2025-12-12,1100.55,1098.49,1103.84,1093.35,-0.37,-4.06,26330988,39551126982.0,0.95,2.08
2025-12-15,1092.98,1093.83,1101.04,1086.16,-0.42,-4.66,23458562,39033461834.0,1.35,1.85
2025-12-16,1093.25,1080.85,1093.79,1078.31,-1.19,-12.98,23437099,34803472222.0,1.42,1.85
2025-12-17,1079.55,1090.56,1092.31,1074.57,0.9,9.71,23355494,34869125610.0,1.64,1.84
2025-12-18,1085.88,1111.42,1116.44,1085.84,1.91,20.86,25788681,35385447520.0,2.81,2.03
2025-12-19,1111.72,1123.91,1127.82,1109.88,1.12,12.49,27904099,37985952527.0,1.61,2.2
2025-12-22,1124.18,1121.54,1125.05,1120.17,-0.21,-2.37,24478971,34840664849.0,0.43,1.93
2025-12-23,1119.02,1105.69,1120.0,1102.61,-1.41,-15.85,24111204,34873477536.0,1.55,1.9
2025-12-24,1103.41,1113.61,1114.49,1102.45,0.72,7.92,21203811,31474759203.0,1.09,1.67
2025-12-25,1113.18,1119.6,1122.02,1110.52,0.54,5.99,20611103,34139016224.0,1.03,1.62
2025-12-26,1119.08,1118.27,1126.88,1114.23,-0.12,-1.33,23732692,36777252834.0,1.13,1.87
2025-12-29,1116.32,1105.1,1116.32,1103.57,-1.18,-13.17,22226933,34677871861.0,1.14,1.75
2025-12-30,1102.72,1101.52,1108.97,1097.43,-0.32,-3.58,20630013,34444758627.0,1.04,1.63
2025-12-31,1103.72,1103.11,1107.19,1096.61,0.14,1.59,19642620,30751557950.0,0.96,1.55
2026-01-05,1107.55,1142.94,1143.06,1107.55,3.61,39.83,33679828,59325045112.0,3.22,2.65
2026-01-06,1147.57,1155.34,1155.34,1144.82,1.08,12.4,34454980,65098474938.0,0.92,2.72
2026-01-07,1152.7,1141.04,1152.74,1139.19,-1.24,-14.3,31705539,54064021011.0,1.17,2.5
2026-01-08,1139.56,1157.9,1162.88,1139.56,1.48,16.86,35769951,60909047703.0,2.04,2.82
2026-01-09,1156.76,1186.2,1186.64,1156.76,2.44,28.3,43517178,76569644629.0,2.58,3.43
2026-01-12,1200.36,1234.02,1235.65,1200.36,4.03,47.82,56666045,99773585185.0,2.98,4.47
2026-01-13,1253.44,1241.9,1268.64,1232.84,0.64,7.88,73927795,121645968908.0,2.9,5.83
2026-01-14,1242.61,1269.34,1289.97,1242.61,2.21,27.44,82514748,139398176074.0,3.81,6.5
2026-01-15,1259.75,1239.56,1263.73,1231.85,-2.35,-29.78,65079374,104627125528.0,2.51,5.13
2026-01-16,1234.12,1204.86,1240.06,1203.01,-2.8,-34.7,49408234,82009760443.0,2.99,3.89
2026-01-19,1197.9,1202.65,1207.09,1193.26,-0.18,-2.21,34230819,57446173945.0,1.15,2.7
2026-01-20,1206.07,1193.58,1208.54,1185.98,-0.75,-9.07,38193841,61558714631.0,1.88,3.01
2026-01-21,1185.85,1194.15,1203.98,1182.72,0.05,0.57,33499621,51516587171.0,1.78,2.64
2026-01-22,1196.65,1202.52,1206.06,1194.15,0.7,8.37,36077369,59893622936.0,1.0,2.84
2026-01-23,1211.17,1226.04,1227.55,1208.8,1.96,23.52,45150992,70840944699.0,1.56,3.56
2026-01-26,1230.25,1212.61,1230.67,1201.78,-1.1,-13.43,48765326,75472069986.0,2.36,3.84
2026-01-27,1211.54,1203.02,1211.54,1181.06,-0.79,-9.59,38922543,60443320662.0,2.51,3.07
2026-01-28,1200.94,1183.48,1203.1,1182.07,-1.62,-19.54,32101334,57120995201.0,1.75,2.53
2026-01-29,1178.69,1185.36,1206.5,1166.64,0.16,1.88,39371344,78937995563.0,3.37,3.1
2026-01-30,1178.77,1168.13,1185.72,1162.18,-1.45,-17.23,33446862,58970195248.0,1.99,2.64
2026-02-02,1162.16,1144.26,1172.44,1143.97,-2.04,-23.87,27794591,49405613185.0,2.44,2.19
2026-02-03,1152.68,1167.11,1167.16,1147.85,2.0,22.85,24420437,42037742024.0,1.69,1.92
2026-02-04,1162.61,1165.33,1165.61,1153.72,-0.15,-1.78,23994866,40006681106.0,1.02,1.89
2026-02-05,1161.52,1162.72,1170.91,1160.28,-0.22,-2.61,22904617,37188788682.0,0.91,1.8
2026-02-06,1160.71,1158.56,1171.54,1157.64,-0.36,-4.16,29126611,40024995551.0,1.2,2.3
2026-02-09,1169.01,1179.55,1179.58,1168.07,1.81,20.99,26264508,41816960805.0,0.99,2.07
2026-02-10,1180.73,1184.68,1190.47,1176.85,0.43,5.13,24251942,38116465123.0,1.15,1.91
2026-02-11,1185.31,1177.15,1186.5,1176.58,-0.64,-7.53,20574511,32665815422.0,0.84,1.62
2026-02-12,1177.98,1175.07,1181.19,1165.45,-0.18,-2.08,22266771,37389571101.0,1.34,1.75
2026-02-13,1174.06,1168.45,1185.65,1168.02,-0.56,-6.62,21640889,37746644559.0,1.5,1.71
2026-02-24,1178.62,1168.79,1179.59,1163.6,0.03,0.34,23351502,39805773614.0,1.37,1.84
2026-02-25,1171.91,1176.74,1181.88,1170.21,0.68,7.95,24453022,35816706476.0,1.0,1.93
2026-02-26,1177.48,1169.26,1178.47,1166.37,-0.64,-7.48,23761259,36263610433.0,1.03,1.87
2026-02-27,1167.56,1180.77,1180.92,1166.39,0.98,11.51,24385920,35962050010.0,1.24,1.92
2026-03-02,1161.83,1145.82,1165.59,1138.25,-2.96,-34.95,30950675,47648926803.0,2.32,2.44
2026-03-03,1145.87,1109.89,1150.17,1107.83,-3.14,-35.93,32483635,48483246708.0,3.7,2.56
2026-03-04,1099.13,1104.21,1113.79,1096.72,-0.51,-5.68,23331931,35534791679.0,1.54,1.84
2026-03-05,1121.99,1119.22,1129.09,1115.84,1.36,15.01,21969463,33328608168.0,1.2,1.73
2026-03-06,1115.7,1141.7,1141.77,1115.6,2.01,22.48,22059164,29838258670.0,2.34,1.74
2026-03-09,1126.62,1144.44,1147.05,1120.1,0.24,2.74,27631531,41884472938.0,2.36,2.18
2026-03-10,1152.34,1156.58,1161.43,1148.64,1.06,12.14,23138895,36744958108.0,1.12,1.82
2026-03-11,1156.7,1152.53,1158.05,1149.59,-0.35,-4.05,23302429,34534889686.0,0.73,1.84
2026-03-12,1150.4,1142.45,1152.77,1139.17,-0.87,-10.08,22167117,32038078012.0,1.18,1.75
2026-03-13,1138.49,1130.2,1140.61,1127.8,-1.07,-12.25,21790051,30957059405.0,1.12,1.72
2026-03-16,1128.39,1132.81,1132.83,1122.2,0.23,2.61,18852087,29516014953.0,0.94,1.49
2026-03-17,1135.16,1115.96,1139.32,1115.96,-1.49,-16.85,19820036,29430272250.0,2.06,1.56
2026-03-18,1117.65,1130.04,1131.14,1113.15,1.26,14.08,17255040,24862649220.0,1.61,1.36
2026-03-19,1118.5,1109.99,1124.19,1106.52,-1.77,-20.05,20469468,31607747767.0,1.56,1.61
2026-03-20,1112.88,1075.87,1117.3,1075.78,-3.07,-34.12,21915051,32860803816.0,3.74,1.73
2026-03-23,1059.0,1016.11,1059.0,1010.2,-5.55,-59.76,28519487,39870573502.0,4.54,2.25
2026-03-24,1035.33,1047.3,1047.58,1020.0,3.07,31.19,20558013,27390210417.0,2.71,1.62
2026-03-25,1053.07,1065.11,1066.13,1053.07,1.7,17.81,19701479,27916312424.0,1.25,1.55
2026-03-26,1065.36,1048.56,1074.18,1045.7,-1.55,-16.55,22828950,29441795644.0,2.67,1.8
2026-03-27,1039.34,1069.9,1069.91,1038.25,2.04,21.34,22708163,29026359153.0,3.02,1.79
2026-03-30,1059.39,1081.33,1081.55,1058.02,1.07,11.43,23862664,32109067928.0,2.2,1.88
2026-03-31,1081.52,1074.01,1094.98,1073.69,-0.68,-7.32,23120080,33570417748.0,1.97,1.82
2026-04-01,1089.38,1094.92,1094.92,1077.63,1.95,20.91,24388261,30988450008.0,1.61,1.92
2026-04-02,1094.02,1088.07,1096.52,1082.53,-0.63,-6.85,29952260,35308530300.0,1.28,2.36
2026-04-03,1086.15,1066.63,1086.92,1066.56,-1.97,-21.44,27717260,29839787127.0,1.87,2.18
2026-04-07,1067.45,1074.42,1080.88,1059.07,0.73,7.79,25572892,28461676537.0,2.04,2.02
2026-04-08,1093.54,1111.84,1111.84,1093.54,3.48,37.42,32208839,43353009065.0,1.7,2.54
2026-04-09,1102.06,1086.12,1106.24,1084.9,-2.31,-25.72,28924050,33418979674.0,1.92,2.28
2026-04-10,1091.73,1095.64,1104.3,1090.36,0.88,9.52,25221978,33683332140.0,1.28,1.99
2026-04-13,1089.81,1087.68,1091.62,1082.9,-0.73,-7.96,21401101,29005542657.0,0.8,1.69
2026-04-14,1095.09,1094.65,1098.0,1081.9,0.64,6.97,21801861,31994246652.0,1.48,1.72
2026-04-15,1102.5,1102.38,1107.77,1095.8,0.71,7.73,31890911,38847503077.0,1.09,2.51
2026-04-16,1105.8,1111.37,1112.57,1098.06,0.82,8.99,34483644,37627629242.0,1.32,2.72
2026-04-17,1107.39,1101.6,1107.39,1092.72,-0.88,-9.77,26816862,31975582242.0,1.32,2.11
2026-04-20,1101.0,1108.09,1109.13,1098.61,0.59,6.49,26387936,35264818381.0,0.95,2.08
2026-04-21,1104.82,1095.06,1105.83,1090.46,-1.18,-13.03,22015617,29693238871.0,1.39,1.73
2026-04-22,1091.46,1104.17,1104.17,1087.51,0.83,9.11,23242604,32187872016.0,1.52,1.83
2026-04-23,1102.88,1089.69,1106.0,1086.8,-1.31,-14.48,27856038,39466339956.0,1.74,2.2
2026-04-24,1085.69,1086.61,1091.56,1074.43,-0.28,-3.08,28025281,38648628138.0,1.57,2.21
2026-04-27,1079.32,1085.57,1086.43,1067.88,-0.1,-1.04,26320341,37282906769.0,1.71,2.07
2026-04-28,1080.22,1073.05,1084.44,1069.28,-1.15,-12.52,27223785,40344478948.0,1.4,2.15
2026-04-29,1068.47,1082.31,1087.16,1068.27,0.86,9.26,25874265,42998857613.0,1.76,2.04
2026-04-30,1080.42,1081.16,1084.7,1076.39,-0.11,-1.15,26094051,40738266739.0,0.77,2.06
2026-05-06,1086.75,1092.46,1096.47,1086.75,1.05,11.3,24603943,38674585185.0,0.9,1.94
2026-05-07,1095.29,1097.45,1097.76,1091.55,0.46,4.99,28432382,49913048137.0,0.57,2.24
2026-05-08,1098.69,1107.0,1108.87,1097.47,0.87,9.55,31894445,52794864706.0,1.04,2.51
2026-05-11,1110.12,1114.7,1115.36,1103.14,0.7,7.7,34486226,56691025385.0,1.1,2.72
2026-05-12,1112.59,1098.42,1112.59,1096.76,-1.46,-16.28,31160926,51272336662.0,1.42,2.46
2026-05-13,1096.68,1107.92,1108.05,1091.77,0.86,9.5,30102964,52666435871.0,1.48,2.37
2026-05-14,1110.07,1081.07,1111.02,1081.07,-2.42,-26.85,31355959,51567193808.0,2.7,2.47
2026-05-15,1079.85,1072.53,1088.6,1067.79,-0.79,-8.54,29052966,48226251758.0,1.92,2.29
2026-05-18,1069.97,1075.21,1079.34,1064.32,0.25,2.68,24240322,40257944202.0,1.4,1.91
2026-05-19,1075.58,1091.51,1091.83,1075.58,1.52,16.3,23447337,39391758774.0,1.51,1.85
2026-05-20,1088.37,1072.12,1088.37,1069.07,-1.78,-19.39,24790559,38149903764.0,1.77,1.95
2026-05-21,1074.13,1047.58,1083.65,1046.72,-2.29,-24.54,26880462,46101721403.0,3.44,2.12
2026-05-22,1055.27,1052.87,1058.71,1042.04,0.5,5.29,23087512,37138477908.0,1.59,1.82
2026-05-25,1053.54,1053.14,1063.19,1043.87,0.03,0.27,23749204,39337058610.0,1.83,1.87
2026-05-26,1048.88,1037.62,1048.88,1025.51,-1.47,-15.52,23938685,40411349529.0,2.22,1.89
2026-05-27,1035.57,1015.94,1037.46,1011.67,-2.09,-21.68,23048987,38522419073.0,2.49,1.82
2026-05-28,1014.24,1010.84,1017.79,995.38,-0.5,-5.1,21034697,34751947403.0,2.21,1.66
2026-05-29,1013.93,996.5,1018.94,994.35,-1.42,-14.34,23451464,36058127629.0,2.43,1.85
2026-06-01,995.85,1015.63,1021.58,994.78,1.92,19.13,22722099,35102927322.0,2.69,1.79
2026-06-02,1015.11,1001.78,1015.73,995.85,-1.36,-13.85,20466351,30622216047.0,1.96,1.61
2026-06-03,999.81,988.96,999.81,984.27,-1.28,-12.82,19865218,29201808257.0,1.55,1.57
2026-06-04,984.95,971.41,987.83,966.43,-1.77,-17.55,17824399,26363197476.0,2.16,1.4
2026-06-05,974.37,979.53,990.3,969.2,0.84,8.12,19223633,29909292754.0,2.17,1.51
2026-06-08,961.29,958.02,978.26,946.83,-2.2,-21.51,20973290,28096318457.0,3.21,1.65
2026-06-09,964.09,965.61,968.16,952.44,0.79,7.59,17995844,24697026870.0,1.64,1.42
2026-06-10,959.97,957.32,965.21,945.15,-0.86,-8.29,20213131,28301004148.0,2.08,1.59
2026-06-11,950.05,933.53,952.12,927.24,-2.49,-23.79,18767876,24552579106.0,2.6,1.48
2026-06-12,942.21,950.24,955.84,937.05,1.79,16.71,20992392,29870797002.0,2.01,1.65
2026-06-15,955.01,960.76,968.33,952.98,1.11,10.52,19861603,27568753764.0,1.62,1.57
2026-06-16,959.06,956.34,959.06,947.05,-0.46,-4.42,19552972,27054297610.0,1.25,1.54
2026-06-17,953.96,945.09,953.96,939.42,-1.18,-11.25,19535335,26347140164.0,1.52,1.54
2026-06-18,942.62,944.89,956.09,935.69,-0.02,-0.2,26218794,37551061185.0,2.16,2.07
2026-06-22,941.46,951.6,952.25,916.9,0.71,6.71,28778241,41067523222.0,3.74,2.27
2026-06-23,948.1,956.11,972.87,947.09,0.47,4.51,25816808,35555939180.0,2.71,2.03
2026-06-24,956.32,939.47,958.42,933.41,-1.74,-16.64,25979438,35690635438.0,2.62,2.05
2026-06-25,933.92,917.38,933.92,908.6,-2.35,-22.09,27347858,37989106746.0,2.7,2.16
2026-06-26,912.35,883.6,912.77,883.6,-3.68,-33.78,24469876,35072853516.0,3.18,1.93
2026-06-30,895.94,900.47,905.86,889.87,0.09,0,26093848.0,32710510933.0,0,0
2026-07-01,898.83,924.99,930.42,895.56,2.72,0,30609721.0,38129872399.0,0,0
2026-07-02,923.37,924.83,943.40,922.79,-0.02,0,30131180.0,35004831218.0,0,0
2026-07-03,0.00,937.45,0.00,0.00,1.36,0,0,0,0,0
