日期,开盘,收盘,最高,最低,涨跌幅,涨跌额,成交量,成交额,振幅,换手率
2013-11-13,995.26,971.26,995.26,970.63,-2.87,-28.74,535852,984479216.0,2.46,0.05
2013-11-14,1004.46,1037.94,1039.18,996.96,6.87,66.68,567727,1107082256.0,4.35,0.05
2013-11-15,1039.96,1081.39,1088.69,1039.96,4.19,43.45,910989,1705552320.0,4.69,0.08
2013-11-18,1157.94,1136.25,1159.83,1121.88,5.07,54.86,1805888,3438640784.0,3.51,0.17
2013-11-19,1164.35,1128.57,1164.35,1125.04,-0.68,-7.68,3570133,5157922048.0,3.46,0.33
2013-11-20,1107.92,1128.61,1130.12,1107.92,0.0,0.04,2955457,3704847392.0,1.97,0.27
2013-11-21,1119.08,1106.82,1124.18,1100.16,-1.93,-21.79,2216629,2925223040.0,2.13,0.2
2013-11-22,1105.5,1086.32,1109.49,1085.49,-1.85,-20.5,1729444,2157175200.0,2.17,0.16
2013-11-25,1079.98,1070.47,1081.16,1058.26,-1.46,-15.85,1370568,1880622112.0,2.11,0.13
2013-11-26,1069.38,1078.82,1082.08,1067.63,0.78,8.35,1191239,1637835680.0,1.35,0.11
2013-11-27,1075.74,1082.59,1083.1,1060.64,0.35,3.77,1301206,1794839312.0,2.08,0.12
2013-11-28,1084.25,1099.5,1105.86,1083.44,1.56,16.91,1617505,2196081952.0,2.07,0.15
2013-11-29,1098.89,1100.27,1102.67,1087.41,0.07,0.77,1470684,2098065664.0,1.39,0.14
2013-12-02,1059.03,1027.66,1071.82,1016.98,-6.6,-72.61,1659126,2185563392.0,4.98,0.15
2013-12-03,1009.52,1040.0,1045.37,1009.52,1.2,12.34,1157422,1487720336.0,3.49,0.11
2013-12-04,1038.33,1053.28,1064.89,1032.41,1.28,13.28,1339872,1865442368.0,3.12,0.12
2013-12-05,1050.82,1046.79,1052.41,1040.77,-0.62,-6.49,956543,1495332016.0,1.11,0.09
2013-12-06,1045.93,1038.71,1049.13,1035.52,-0.77,-8.08,707658,1038131520.0,1.3,0.07
2013-12-09,1040.91,1051.95,1052.21,1040.91,1.27,13.24,697926,985404880.0,1.09,0.06
2013-12-10,1052.88,1059.21,1063.57,1046.26,0.69,7.26,1242993,1642929776.0,1.65,0.11
2013-12-11,1057.37,1045.59,1057.37,1034.16,-1.29,-13.62,972662,1242678624.0,2.19,0.09
2013-12-12,1047.78,1045.72,1053.68,1041.93,0.01,0.13,915155,1318069904.0,1.12,0.08
2013-12-13,1039.43,1039.21,1046.43,1033.53,-0.62,-6.51,734547,994733392.0,1.23,0.07
2013-12-16,1036.75,1028.25,1044.05,1025.89,-1.05,-10.96,832567,1082107072.0,1.75,0.08
2013-12-17,1028.39,1021.07,1031.81,1018.47,-0.7,-7.18,614142,943949824.0,1.3,0.06
2013-12-18,1020.82,1023.83,1028.17,1016.88,0.27,2.76,540520,768790672.0,1.11,0.05
2013-12-19,1027.57,1020.3,1033.96,1018.95,-0.34,-3.53,638525,915724336.0,1.47,0.06
2013-12-20,1020.9,1017.59,1027.58,1007.42,-0.27,-2.71,720950,1052766624.0,1.98,0.07
2013-12-23,1015.22,1012.53,1026.7,993.26,-0.5,-5.06,861630,1239057920.0,3.29,0.08
2013-12-24,1018.04,1031.61,1039.24,1018.04,1.88,19.08,989705,1501307584.0,2.09,0.09
2013-12-25,1029.37,1045.0,1045.2,1024.24,1.3,13.39,937539,1411128336.0,2.03,0.09
2013-12-26,1045.48,1027.4,1049.04,1026.71,-1.68,-17.6,769293,1161932240.0,2.14,0.07
2013-12-27,1027.4,1050.71,1052.87,1026.22,2.27,23.31,745121,1059852096.0,2.59,0.07
2013-12-30,1058.23,1061.57,1061.58,1049.36,1.03,10.86,729037,1139124256.0,1.16,0.07
2013-12-31,1060.55,1064.52,1068.17,1053.75,0.28,2.95,731959,1039190080.0,1.36,0.07
2014-01-02,1060.83,1050.12,1060.83,1041.17,-1.35,-14.4,758593,1032958496.0,1.85,0.07
2014-01-03,1045.6,1039.5,1045.6,1033.47,-1.01,-10.62,1156194,1677970432.0,1.16,0.11
2014-01-06,1036.14,1007.36,1036.14,1003.47,-3.09,-32.14,804873,1118025024.0,3.14,0.07
2014-01-07,1001.91,1015.35,1016.18,998.72,0.79,7.99,732062,1063190576.0,1.73,0.07
2014-01-08,1017.26,1034.19,1036.39,1013.85,1.86,18.84,1016589,1696850624.0,2.22,0.09
2014-01-09,1033.4,1019.49,1047.53,1017.63,-1.42,-14.7,1288636,1960125584.0,2.89,0.12
2014-01-10,1016.23,1011.06,1021.49,1003.83,-0.83,-8.43,1048139,1641918880.0,1.73,0.1
2014-01-13,1008.9,997.75,1014.84,994.03,-1.32,-13.31,1187344,1945015072.0,2.06,0.11
2014-01-14,997.02,1010.6,1011.22,989.7,1.29,12.85,1133689,1864623728.0,2.16,0.1
2014-01-15,1004.64,1011.65,1012.89,999.67,0.1,1.05,1003573,1534093712.0,1.31,0.09
2014-01-16,1010.87,1008.67,1014.78,1002.7,-0.29,-2.98,933387,1401858304.0,1.19,0.09
2014-01-17,1006.7,999.1,1008.49,997.64,-0.95,-9.57,981766,1344128896.0,1.08,0.09
2014-01-20,999.41,995.01,1004.18,988.03,-0.41,-4.09,1023515,1343021984.0,1.62,0.09
2014-01-21,991.45,1010.93,1012.01,991.45,1.6,15.92,1179159,1646742912.0,2.07,0.11
2014-01-22,1011.76,1029.87,1030.14,1010.5,1.87,18.94,1306347,2216992832.0,1.94,0.12
2014-01-23,1034.35,1045.26,1051.55,1034.35,1.49,15.39,1599157,2457238784.0,1.67,0.15
2014-01-24,1040.57,1053.38,1055.65,1036.9,0.78,8.12,1455154,2372369632.0,1.79,0.13
2014-01-27,1049.71,1047.23,1058.1,1041.95,-0.58,-6.15,1263967,2280615664.0,1.53,0.12
2014-01-28,1047.59,1040.07,1051.97,1032.21,-0.68,-7.16,1099820,2176359488.0,1.89,0.1
2014-01-29,1044.28,1054.91,1058.02,1043.54,1.43,14.84,1043240,1873887888.0,1.39,0.1
2014-01-30,1053.72,1050.15,1060.3,1048.25,-0.45,-4.76,882060,1611572240.0,1.14,0.08
2014-02-07,1044.04,1095.47,1095.87,1038.43,4.32,45.32,1125605,1850357552.0,5.47,0.1
2014-02-10,1097.18,1128.26,1130.27,1095.41,2.99,32.79,1723234,2952976656.0,3.18,0.16
2014-02-11,1140.61,1144.67,1149.36,1128.85,1.45,16.41,1921848,3522937712.0,1.82,0.18
2014-02-12,1145.5,1158.19,1159.15,1140.42,1.18,13.52,1357508,2432853600.0,1.64,0.13
2014-02-13,1158.54,1151.26,1176.58,1147.64,-0.6,-6.93,1689531,2913222720.0,2.5,0.16
2014-02-14,1143.18,1154.91,1156.35,1136.85,0.32,3.65,1278133,2198775840.0,1.69,0.12
2014-02-17,1158.22,1172.22,1173.99,1154.42,1.5,17.31,1844384,3052247520.0,1.69,0.17
2014-02-18,1175.84,1182.63,1186.55,1163.75,0.89,10.41,1927667,3483877088.0,1.95,0.18
2014-02-19,1181.21,1175.42,1184.42,1168.91,-0.61,-7.21,1620715,2784970832.0,1.31,0.15
2014-02-20,1174.69,1159.32,1177.65,1151.45,-1.37,-16.1,1440491,2437370464.0,2.23,0.13
2014-02-21,1152.51,1143.23,1160.39,1134.24,-1.39,-16.09,1176021,1869223552.0,2.26,0.11
2014-02-24,1137.05,1147.31,1147.96,1126.23,0.36,4.08,1314140,2328567856.0,1.9,0.12
2014-02-25,1152.93,1123.85,1171.07,1115.64,-2.04,-23.46,1951554,3545838304.0,4.83,0.18
2014-02-26,1108.9,1112.22,1116.12,1093.12,-1.03,-11.63,1305606,2275234976.0,2.05,0.12
2014-02-27,1112.53,1084.74,1123.78,1083.05,-2.47,-27.48,1694136,3161537680.0,3.66,0.16
2014-02-28,1071.75,1085.9,1086.79,1063.48,0.11,1.16,1065612,1914589440.0,2.15,0.1
2014-03-03,1090.22,1109.76,1110.11,1086.42,2.2,23.86,1193429,1864320512.0,2.18,0.11
2014-03-04,1134.35,1142.05,1145.3,1129.08,2.91,32.29,1363749,2047104688.0,1.46,0.13
2014-03-05,1160.5,1127.59,1160.53,1125.51,-1.27,-14.46,1523662,2083982288.0,3.07,0.14
2014-03-06,1124.54,1135.09,1142.07,1113.52,0.67,7.5,1343134,1922997824.0,2.53,0.12
2014-03-07,1133.82,1144.89,1152.12,1130.47,0.86,9.8,1427064,2196379792.0,1.91,0.13
2014-03-10,1137.97,1111.76,1140.92,1110.13,-2.89,-33.13,1562413,2275852352.0,2.69,0.14
2014-03-11,1101.52,1111.34,1116.9,1092.3,-0.04,-0.42,1134465,1677761728.0,2.21,0.1
2014-03-12,1110.48,1116.08,1121.69,1091.93,0.43,4.74,950724,1364805488.0,2.68,0.09
2014-03-13,1113.84,1130.64,1135.75,1113.84,1.3,14.56,896341,1295243104.0,1.96,0.08
2014-03-14,1127.71,1136.33,1137.77,1118.51,0.5,5.69,934624,1456863776.0,1.7,0.09
2014-03-17,1137.18,1139.23,1143.56,1127.61,0.26,2.9,1013130,1288934928.0,1.4,0.09
2014-03-18,1138.39,1138.54,1147.8,1131.49,-0.06,-0.69,1013121,1505747680.0,1.43,0.09
2014-03-19,1132.93,1127.59,1132.93,1120.09,-0.96,-10.95,929120,1409246064.0,1.13,0.09
2014-03-20,1124.0,1101.44,1129.88,1101.13,-2.32,-26.15,985196,1418349904.0,2.55,0.09
2014-03-21,1096.2,1110.6,1111.81,1076.24,0.83,9.16,886041,1237832448.0,3.23,0.08
2014-03-24,1109.52,1110.74,1114.49,1102.96,0.01,0.14,795842,1120901904.0,1.04,0.07
2014-03-25,1109.36,1117.59,1123.34,1108.93,0.62,6.85,759013,1040155136.0,1.3,0.07
2014-03-26,1119.39,1124.75,1127.38,1117.51,0.64,7.16,771946,1053521408.0,0.88,0.07
2014-03-27,1122.82,1100.03,1123.63,1098.45,-2.2,-24.72,986176,1188993536.0,2.24,0.09
2014-03-28,1094.85,1077.32,1099.43,1070.39,-2.06,-22.71,854606,1139692416.0,2.64,0.08
2014-03-31,1074.93,1073.85,1082.83,1065.56,-0.32,-3.47,775028,993902624.0,1.6,0.07
2014-04-01,1071.9,1087.96,1092.79,1068.61,1.31,14.11,747574,706466992.0,2.25,0.07
2014-04-02,1088.73,1081.5,1092.62,1076.68,-0.59,-6.46,768947,767153632.0,1.47,0.07
2014-04-03,1077.74,1073.75,1081.52,1066.3,-0.72,-7.75,666855,697213024.0,1.41,0.06
2014-04-04,1069.27,1078.29,1079.25,1064.28,0.42,4.54,523500,622667632.0,1.39,0.05
2014-04-08,1074.42,1092.11,1092.34,1071.53,1.28,13.82,495339,699142688.0,1.93,0.05
2014-04-09,1097.7,1103.4,1105.04,1096.02,1.03,11.29,784114,1462787872.0,0.83,0.07
2014-04-10,1102.05,1105.9,1109.44,1098.41,0.23,2.5,787733,1396789840.0,1.0,0.07
2014-04-11,1101.65,1101.69,1108.37,1097.09,-0.38,-4.21,685478,1294877120.0,1.02,0.06
2014-04-14,1098.79,1111.89,1113.55,1098.2,0.93,10.2,579159,1064001392.0,1.39,0.05
2014-04-15,1111.98,1104.02,1112.95,1103.08,-0.71,-7.87,522273,949299856.0,0.89,0.05
2014-04-16,1102.38,1099.45,1107.23,1096.09,-0.41,-4.57,472183,728729184.0,1.01,0.04
2014-04-17,1100.43,1091.75,1103.56,1091.4,-0.7,-7.7,488113,853856656.0,1.11,0.05
2014-04-18,1090.28,1093.96,1096.04,1087.66,0.2,2.21,550567,848205888.0,0.77,0.05
2014-04-21,1086.62,1083.8,1098.84,1080.51,-0.93,-10.16,561711,911364496.0,1.68,0.05
2014-04-22,1078.69,1063.97,1084.67,1053.05,-1.83,-19.83,715365,980628944.0,2.92,0.07
2014-04-23,1061.45,1069.41,1070.47,1059.9,0.51,5.44,465327,869081520.0,0.99,0.04
2014-04-24,1067.47,1056.67,1072.42,1053.94,-1.19,-12.74,542181,933961696.0,1.73,0.05
2014-04-25,1053.62,1024.51,1055.19,1023.11,-3.04,-32.16,724970,1020203856.0,3.04,0.07
2014-04-28,1017.59,989.86,1019.97,986.84,-3.38,-34.65,583986,915868896.0,3.23,0.05
2014-04-29,972.85,985.06,985.32,970.56,-0.48,-4.8,593048,781991392.0,1.49,0.05
2014-04-30,975.15,994.48,998.12,974.64,0.96,9.42,832582,1274212640.0,2.38,0.08
2014-05-05,995.56,1009.32,1012.09,990.27,1.49,14.84,642996,976968688.0,2.19,0.06
2014-05-06,1007.17,1014.41,1017.5,1004.01,0.5,5.09,835436,1068190208.0,1.34,0.08
2014-05-07,1010.38,994.86,1013.0,993.31,-1.93,-19.55,719294,966113936.0,1.94,0.07
2014-05-08,989.29,992.28,1003.52,985.43,-0.26,-2.58,720855,827436064.0,1.82,0.07
2014-05-09,990.24,979.46,990.24,968.67,-1.29,-12.82,689804,792290288.0,2.17,0.06
2014-05-12,982.0,998.07,998.33,978.9,1.9,18.61,735881,888577728.0,1.98,0.07
2014-05-13,998.32,999.13,1002.48,994.51,0.11,1.06,694962,841445104.0,0.8,0.06
2014-05-14,998.67,995.12,1000.77,992.33,-0.4,-4.01,604267,725925696.0,0.84,0.06
2014-05-15,990.88,974.75,996.38,974.56,-2.05,-20.37,554674,778034624.0,2.19,0.05
2014-05-16,973.17,972.93,979.78,963.82,-0.19,-1.82,512203,683320352.0,1.64,0.05
2014-05-19,974.21,971.09,974.25,959.31,-0.19,-1.84,500290,584202000.0,1.54,0.05
2014-05-20,974.41,977.58,983.38,974.1,0.67,6.49,733191,885452096.0,0.96,0.07
2014-05-21,974.23,982.15,983.09,965.38,0.47,4.57,554657,646986992.0,1.81,0.05
2014-05-22,981.32,975.95,989.69,975.39,-0.63,-6.2,584691,748792560.0,1.46,0.05
2014-05-23,975.06,977.07,977.92,967.4,0.11,1.12,507356,680818784.0,1.08,0.05
2014-05-26,979.27,993.97,994.6,979.27,1.73,16.9,784182,1123983472.0,1.57,0.07
2014-05-27,994.01,994.94,998.74,990.12,0.1,0.97,638066,864978752.0,0.87,0.06
2014-05-28,994.26,1003.17,1003.74,991.87,0.83,8.23,672889,896633200.0,1.19,0.06
2014-05-29,1003.8,991.7,1005.14,990.33,-1.14,-11.47,627183,843420736.0,1.48,0.06
2014-05-30,989.61,993.59,996.29,984.07,0.19,1.89,592628,826693520.0,1.23,0.05
2014-06-03,999.98,995.9,1005.84,995.79,0.23,2.31,694679,1017356368.0,1.01,0.06
2014-06-04,995.27,986.82,995.27,976.79,-0.91,-9.08,629272,923233824.0,1.86,0.06
2014-06-05,984.54,993.97,994.63,980.48,0.72,7.15,612348,858601360.0,1.43,0.06
2014-06-06,992.85,983.56,993.79,979.5,-1.05,-10.41,608908,948405424.0,1.44,0.06
2014-06-09,981.09,972.73,984.45,971.99,-1.1,-10.83,649067,892253344.0,1.27,0.06
2014-06-10,973.28,982.92,982.97,966.11,1.05,10.19,704862,1064847472.0,1.73,0.07
2014-06-11,983.83,990.23,992.5,982.35,0.74,7.31,650570,965541472.0,1.03,0.06
2014-06-12,995.66,1011.66,1017.51,993.72,2.16,21.43,1092574,1497185376.0,2.4,0.1
2014-06-13,1011.31,1017.4,1021.1,1008.77,0.57,5.74,1064302,1458077968.0,1.22,0.1
2014-06-16,1020.63,1024.52,1025.86,1019.9,0.7,7.12,1012428,1450125920.0,0.59,0.09
2014-06-17,1025.35,1011.86,1025.35,1008.22,-1.24,-12.66,1069200,1416119344.0,1.67,0.1
2014-06-18,1009.73,1012.12,1013.36,1001.35,0.03,0.26,897962,1282733456.0,1.19,0.08
2014-06-19,1012.16,991.04,1012.37,987.43,-2.08,-21.08,725456,1083235712.0,2.46,0.07
2014-06-20,993.62,995.97,997.41,987.27,0.5,4.93,675092,895971408.0,1.02,0.06
2014-06-23,998.39,1008.93,1011.22,998.39,1.3,12.96,837235,1267311584.0,1.29,0.08
2014-06-24,1010.03,1015.85,1016.64,1007.47,0.69,6.92,987992,1357411104.0,0.91,0.09
2014-06-25,1015.25,1014.68,1016.86,1008.78,-0.12,-1.17,925766,1305850032.0,0.8,0.09
2014-06-26,1014.0,1023.98,1025.69,1012.98,0.92,9.3,978114,1435393536.0,1.25,0.09
2014-06-27,1023.72,1035.87,1038.46,1022.2,1.16,11.89,1146769,1621954768.0,1.59,0.11
2014-06-30,1034.65,1041.07,1041.07,1028.45,0.5,5.2,991800,1406529152.0,1.22,0.09
2014-07-01,1040.14,1038.15,1041.16,1036.2,-0.28,-2.92,857860,1279877024.0,0.48,0.08
2014-07-02,1038.67,1038.02,1039.67,1031.73,-0.01,-0.13,1007442,1461344064.0,0.76,0.09
2014-07-03,1038.31,1042.79,1045.45,1034.87,0.46,4.77,992863,1470006768.0,1.02,0.09
2014-07-04,1042.4,1046.25,1047.78,1039.22,0.33,3.46,945440,1308163072.0,0.82,0.09
2014-07-07,1046.97,1045.86,1046.97,1041.7,-0.04,-0.39,849699,1136009712.0,0.5,0.08
2014-07-08,1046.8,1053.54,1054.49,1039.73,0.73,7.68,871315,1078320576.0,1.41,0.08
2014-07-09,1051.55,1038.11,1054.41,1037.89,-1.46,-15.43,937985,1129663104.0,1.57,0.09
2014-07-10,1037.82,1042.44,1046.83,1036.74,0.42,4.33,774231,894481568.0,0.97,0.07
2014-07-11,1042.68,1049.33,1052.48,1042.51,0.66,6.89,885112,932378848.0,0.96,0.08
2014-07-14,1051.46,1053.88,1054.22,1045.29,0.43,4.55,886601,1060681424.0,0.85,0.08
2014-07-15,1054.89,1048.08,1054.92,1043.97,-0.55,-5.8,908366,1079559776.0,1.04,0.08
2014-07-16,1049.98,1037.16,1050.12,1037.16,-1.04,-10.92,958512,1194247824.0,1.24,0.09
2014-07-17,1039.92,1040.73,1044.42,1031.85,0.34,3.57,901583,1035471680.0,1.21,0.08
2014-07-18,1036.78,1040.29,1044.19,1034.5,-0.04,-0.44,683655,994147280.0,0.93,0.06
2014-07-21,1038.89,1035.67,1041.37,1032.89,-0.44,-4.62,634343,891525456.0,0.82,0.06
2014-07-22,1039.81,1049.3,1049.73,1037.11,1.32,13.63,774433,988343968.0,1.22,0.07
2014-07-23,1051.49,1033.63,1051.49,1030.57,-1.49,-15.67,1099448,1435791648.0,1.99,0.1
2014-07-24,1030.41,1020.75,1031.6,1013.47,-1.25,-12.88,1175729,1434053808.0,1.75,0.11
2014-07-25,1017.71,1019.84,1022.23,1014.54,-0.09,-0.91,968090,1213856208.0,0.75,0.09
2014-07-28,1022.8,1038.07,1038.56,1021.48,1.79,18.23,1525930,1718819600.0,1.67,0.14
2014-07-29,1038.4,1046.27,1049.36,1031.08,0.79,8.2,1572039,1908450784.0,1.76,0.15
2014-07-30,1045.52,1057.65,1058.18,1043.04,1.09,11.38,1592726,1759878128.0,1.45,0.15
2014-07-31,1056.75,1069.48,1070.25,1052.93,1.12,11.83,1199116,1480994544.0,1.64,0.11
2014-08-01,1063.22,1065.17,1078.72,1061.72,-0.4,-4.31,1452807,1670581520.0,1.59,0.13
2014-08-04,1062.65,1070.47,1071.48,1061.96,0.5,5.3,1324911,1376682480.0,0.89,0.12
2014-08-05,1070.71,1076.73,1076.97,1063.73,0.58,6.26,1106096,1458579632.0,1.24,0.1
2014-08-06,1075.12,1075.67,1081.3,1071.4,-0.1,-1.06,1474054,1586896032.0,0.92,0.14
2014-08-07,1075.81,1057.91,1075.98,1057.46,-1.65,-17.76,1223695,1473112320.0,1.72,0.11
2014-08-08,1059.4,1068.88,1069.31,1059.19,1.04,10.97,941737,1212006256.0,0.96,0.09
2014-08-11,1070.54,1080.0,1080.45,1068.39,1.04,11.12,1409503,1834909264.0,1.13,0.13
2014-08-12,1079.77,1092.82,1093.23,1078.12,1.19,12.82,1459506,1976394592.0,1.4,0.13
2014-08-13,1091.12,1093.5,1093.5,1078.15,0.06,0.68,1624424,1820852208.0,1.4,0.15
2014-08-14,1089.41,1091.66,1097.72,1089.41,-0.17,-1.84,1689709,1956671120.0,0.76,0.16
2014-08-15,1091.66,1098.53,1098.98,1087.02,0.63,6.87,1163096,1446920016.0,1.1,0.11
2014-08-18,1099.71,1112.41,1112.41,1099.61,1.26,13.88,1467259,1713791200.0,1.17,0.14
2014-08-19,1112.7,1114.64,1118.06,1106.15,0.2,2.23,1639750,2166005040.0,1.07,0.15
2014-08-20,1111.44,1114.25,1119.6,1108.01,-0.03,-0.39,1326384,1622030976.0,1.04,0.12
2014-08-21,1113.22,1115.76,1116.22,1104.59,0.14,1.51,1193321,1598103296.0,1.04,0.11
2014-08-22,1115.28,1126.7,1128.85,1112.56,0.98,10.94,1271058,1770566096.0,1.46,0.12
2014-08-25,1125.59,1115.11,1125.97,1109.58,-1.03,-11.59,1280616,1770624992.0,1.45,0.12
2014-08-26,1113.34,1094.33,1115.03,1090.68,-1.86,-20.78,1182423,1649484448.0,2.18,0.11
2014-08-27,1092.55,1100.78,1101.53,1091.96,0.59,6.45,775898,1021929072.0,0.87,0.07
2014-08-28,1100.28,1089.03,1103.17,1087.99,-1.07,-11.75,896369,1272943648.0,1.38,0.08
2014-08-29,1089.56,1094.39,1094.59,1084.48,0.49,5.36,593068,824822640.0,0.93,0.05
2014-09-01,1094.15,1112.02,1115.45,1094.03,1.61,17.63,887800,1220830896.0,1.96,0.08
2014-09-02,1115.26,1128.35,1129.29,1115.26,1.47,16.33,1336359,1708694256.0,1.26,0.12
2014-09-03,1131.27,1139.05,1141.44,1126.07,0.95,10.7,2015015,2530696144.0,1.36,0.19
2014-09-04,1137.31,1152.93,1153.91,1133.96,1.22,13.88,1947142,2505501552.0,1.75,0.18
2014-09-05,1151.35,1157.99,1159.35,1149.01,0.44,5.06,1764907,2335782288.0,0.9,0.16
2014-09-09,1181.68,1184.59,1189.37,1174.29,2.3,26.6,1725285,2343178080.0,1.3,0.16
2014-09-10,1201.45,1213.9,1215.14,1194.89,2.47,29.31,1796590,2156710736.0,1.71,0.17
2014-09-11,1219.83,1218.31,1234.07,1208.84,0.36,4.41,2935625,4274703328.0,2.08,0.27
2014-09-12,1220.01,1224.58,1225.02,1207.43,0.51,6.27,1888846,2555357936.0,1.44,0.17
2014-09-15,1223.23,1230.36,1232.51,1214.3,0.47,5.78,2169957,3013270864.0,1.49,0.2
2014-09-16,1226.84,1179.72,1227.2,1179.33,-4.12,-50.64,2299149,2980544816.0,3.89,0.21
2014-09-17,1179.24,1189.51,1189.59,1171.86,0.83,9.79,1349708,1764123472.0,1.5,0.12
2014-09-18,1187.68,1196.18,1201.36,1183.02,0.56,6.67,1117465,1589001952.0,1.54,0.1
2014-09-19,1195.47,1211.0,1211.59,1194.47,1.24,14.82,1264683,1764663488.0,1.43,0.12
2014-09-22,1210.16,1200.73,1210.62,1197.7,-0.85,-10.27,1255367,1584692672.0,1.07,0.12
2014-09-23,1199.74,1208.44,1208.44,1196.71,0.64,7.71,1039915,1336660496.0,0.98,0.1
2014-09-24,1205.52,1226.06,1226.06,1203.01,1.46,17.62,1528928,1908520928.0,1.91,0.14
2014-09-25,1227.89,1224.61,1229.67,1220.08,-0.12,-1.45,1618377,1968087152.0,0.78,0.15
2014-09-26,1221.61,1228.02,1228.02,1215.69,0.28,3.41,1282605,1653686896.0,1.01,0.12
2014-09-29,1235.88,1236.81,1238.78,1226.65,0.72,8.79,1644099,2067786112.0,0.99,0.15
2014-09-30,1238.64,1240.66,1241.18,1233.64,0.31,3.85,1253255,1688712144.0,0.61,0.12
2014-10-08,1243.33,1251.81,1252.16,1235.51,0.9,11.15,1496618,2069768016.0,1.34,0.14
2014-10-09,1259.99,1261.47,1269.91,1246.69,0.77,9.66,1717311,2268170736.0,1.85,0.16
2014-10-10,1261.29,1260.54,1266.37,1251.85,-0.07,-0.93,2162573,2734752304.0,1.15,0.2
2014-10-13,1259.01,1253.49,1259.01,1235.85,-0.56,-7.05,1748737,2263307984.0,1.84,0.16
2014-10-14,1250.36,1242.05,1256.77,1235.75,-0.91,-11.44,1433681,1836144672.0,1.68,0.13
2014-10-15,1239.64,1245.8,1245.99,1229.59,0.3,3.75,1282955,1783681024.0,1.32,0.12
2014-10-16,1238.69,1223.55,1251.19,1222.56,-1.79,-22.25,1498265,1802145136.0,2.3,0.14
2014-10-17,1223.73,1207.34,1226.65,1183.83,-1.32,-16.21,1598681,1850480576.0,3.5,0.15
2014-10-20,1208.88,1227.07,1227.09,1208.88,1.63,19.73,1308092,1414680640.0,1.51,0.12
2014-10-21,1226.16,1213.1,1227.66,1212.55,-1.14,-13.97,1113422,1337981008.0,1.23,0.1
2014-10-22,1212.38,1194.91,1216.48,1194.06,-1.5,-18.19,993785,1148194784.0,1.85,0.09
2014-10-23,1193.22,1174.49,1203.28,1171.41,-1.71,-20.42,1093955,1250427152.0,2.67,0.1
2014-10-24,1174.8,1174.37,1185.33,1171.5,-0.01,-0.12,647634,838680224.0,1.18,0.06
2014-10-27,1174.28,1191.71,1191.72,1169.14,1.48,17.34,648847,914702496.0,1.92,0.06
2014-10-28,1189.55,1214.38,1214.77,1189.55,1.9,22.67,1065733,1377092528.0,2.12,0.1
2014-10-29,1215.38,1222.87,1226.66,1211.18,0.7,8.49,1198545,1529335808.0,1.27,0.11
2014-10-30,1221.79,1214.73,1226.99,1212.39,-0.67,-8.14,1150584,1468440448.0,1.19,0.11
2014-10-31,1214.28,1210.95,1217.89,1199.83,-0.31,-3.78,1073203,1357348032.0,1.49,0.1
2014-11-03,1211.59,1231.69,1231.69,1210.66,1.71,20.74,1254834,1621116768.0,1.74,0.12
2014-11-04,1228.64,1218.78,1235.13,1217.98,-1.05,-12.91,1284175,1630916304.0,1.39,0.12
2014-11-05,1220.04,1214.67,1221.53,1209.24,-0.34,-4.11,1027864,1343448640.0,1.01,0.1
2014-11-06,1213.84,1228.11,1228.45,1209.77,1.11,13.44,970143,1284283328.0,1.54,0.09
2014-11-07,1221.68,1202.17,1225.28,1200.81,-2.11,-25.94,1303933,1716008000.0,1.99,0.12
2014-11-10,1201.72,1211.08,1211.55,1197.69,0.74,8.91,987278,1291943632.0,1.15,0.09
2014-11-11,1212.15,1164.1,1213.41,1156.09,-3.88,-46.98,1361695,1730937744.0,4.73,0.13
2014-11-12,1161.64,1177.55,1178.72,1158.18,1.16,13.45,674607,863200336.0,1.76,0.06
2014-11-13,1177.04,1162.05,1179.23,1156.66,-1.32,-15.5,979274,1220379936.0,1.92,0.09
2014-11-14,1160.53,1168.81,1168.82,1154.56,0.58,6.76,720271,879775008.0,1.23,0.07
2014-11-17,1170.51,1181.23,1183.43,1164.4,1.06,12.42,800764,1030737232.0,1.63,0.07
2014-11-18,1179.33,1182.14,1184.75,1177.71,0.08,0.91,741008,957429520.0,0.6,0.07
2014-11-19,1181.01,1183.05,1185.56,1176.8,0.08,0.91,788400,1071801264.0,0.74,0.07
2014-11-20,1180.05,1172.67,1180.05,1168.03,-0.88,-10.38,853452,1114099936.0,1.02,0.08
2014-11-21,1172.39,1180.83,1181.17,1169.96,0.7,8.16,942907,1226484640.0,0.96,0.09
2014-11-24,1188.08,1188.88,1191.25,1180.25,0.68,8.05,1248590,1569718112.0,0.93,0.12
2014-11-25,1189.06,1207.94,1208.23,1184.81,1.6,19.06,1435872,1817204256.0,1.97,0.13
2014-11-26,1205.44,1213.69,1214.78,1204.49,0.48,5.75,1271838,1680585184.0,0.85,0.12
2014-11-27,1219.52,1227.87,1228.48,1219.49,1.17,14.18,1681761,2242650464.0,0.74,0.16
2014-11-28,1229.57,1223.73,1232.13,1214.54,-0.34,-4.14,1446883,1915751216.0,1.43,0.13
2014-12-01,1221.99,1209.94,1222.76,1201.62,-1.13,-13.79,1433774,1847497408.0,1.73,0.13
2014-12-02,1208.45,1217.67,1220.36,1205.65,0.64,7.73,1334229,1637161984.0,1.22,0.12
2014-12-03,1215.01,1230.93,1231.22,1207.45,1.09,13.26,1837908,2241701664.0,1.95,0.17
2014-12-04,1231.08,1236.93,1240.52,1225.32,0.49,6.0,1996275,2600317904.0,1.23,0.18
2014-12-05,1234.38,1192.58,1234.38,1180.1,-3.59,-44.35,1947396,2500492640.0,4.39,0.18
2014-12-08,1184.81,1182.92,1189.61,1173.36,-0.81,-9.66,1578362,2095069264.0,1.36,0.15
2014-12-09,1180.34,1151.37,1182.79,1147.95,-2.67,-31.55,1833007,2258083216.0,2.95,0.17
2014-12-10,1147.58,1180.52,1180.82,1142.35,2.53,29.15,1254403,1703140832.0,3.34,0.12
2014-12-11,1176.99,1192.11,1194.58,1171.4,0.98,11.59,1400671,1873421696.0,1.96,0.13
2014-12-12,1193.04,1212.14,1212.14,1187.56,1.68,20.03,1575902,2060401952.0,2.06,0.15
2014-12-15,1208.51,1225.16,1227.08,1206.23,1.07,13.02,1650004,2183729856.0,1.72,0.15
2014-12-16,1224.63,1220.02,1227.67,1210.29,-0.42,-5.14,1516690,2061858608.0,1.42,0.14
2014-12-17,1214.37,1195.33,1214.81,1188.34,-2.02,-24.69,1509773,1932959632.0,2.17,0.14
2014-12-18,1193.4,1187.21,1201.36,1186.44,-0.68,-8.12,1044732,1388972464.0,1.25,0.1
2014-12-19,1187.39,1164.0,1187.65,1156.71,-1.96,-23.21,1137167,1433492944.0,2.61,0.11
2014-12-22,1156.6,1108.11,1156.99,1103.59,-4.8,-55.89,1416161,1724418272.0,4.59,0.13
2014-12-23,1103.68,1110.84,1123.77,1102.43,0.25,2.73,1223356,1666576368.0,1.93,0.11
2014-12-24,1114.97,1126.67,1127.0,1114.8,1.43,15.83,982375,1296650928.0,1.1,0.09
2014-12-25,1127.19,1135.2,1136.13,1125.61,0.76,8.53,866870,1075134608.0,0.93,0.08
2014-12-26,1136.44,1140.11,1141.85,1132.65,0.43,4.91,922263,1137797952.0,0.81,0.09
2014-12-29,1131.23,1109.26,1133.64,1105.74,-2.71,-30.85,1781505,1794582016.0,2.45,0.16
2014-12-30,1108.62,1092.4,1111.77,1090.67,-1.52,-16.86,1041424,1247665712.0,1.9,0.1
2014-12-31,1092.23,1103.87,1104.79,1081.89,1.05,11.47,1095674,1376415888.0,2.1,0.1
2015-01-05,1099.32,1108.11,1108.43,1084.79,0.38,4.24,1321545,1566605440.0,2.14,0.12
2015-01-06,1104.65,1130.18,1132.21,1098.7,1.99,22.07,1430898,1791135968.0,3.02,0.13
2015-01-07,1132.67,1132.2,1137.31,1121.93,0.18,2.02,1339798,1744318560.0,1.36,0.12
2015-01-08,1131.47,1133.37,1141.0,1124.63,0.1,1.17,1366762,1676439088.0,1.45,0.13
2015-01-09,1131.29,1132.99,1144.8,1130.1,-0.03,-0.38,1111730,1510406528.0,1.3,0.1
2015-01-12,1134.28,1113.13,1134.28,1106.66,-1.75,-19.86,1323235,1782359408.0,2.44,0.12
2015-01-13,1111.29,1122.87,1126.2,1109.84,0.88,9.74,916135,1271989616.0,1.47,0.08
2015-01-14,1123.39,1122.44,1129.81,1117.95,-0.04,-0.43,992811,1390312960.0,1.06,0.09
2015-01-15,1123.07,1125.2,1130.53,1123.07,0.25,2.76,903093,1231020512.0,0.66,0.08
2015-01-16,1125.15,1136.41,1136.43,1125.15,1.0,11.21,1012400,1380026224.0,1.0,0.09
2015-01-19,1122.19,1116.34,1145.06,1104.53,-1.77,-20.07,1460976,1940777056.0,3.57,0.14
2015-01-20,1119.28,1148.58,1149.02,1119.28,2.89,32.24,1425859,2084256096.0,2.66,0.13
2015-01-21,1151.96,1173.56,1174.12,1150.48,2.17,24.98,2060730,2786181408.0,2.06,0.19
2015-01-22,1172.59,1179.98,1181.41,1167.9,0.55,6.42,1529129,1970463888.0,1.15,0.14
2015-01-23,1177.36,1166.5,1178.66,1164.23,-1.14,-13.48,1227031,1663118992.0,1.22,0.11
2015-01-26,1169.57,1189.96,1192.33,1167.03,2.01,23.46,1406550,1822063040.0,2.17,0.13
2015-01-27,1191.26,1190.09,1193.42,1174.06,0.01,0.13,1471962,1783894976.0,1.63,0.14
2015-01-28,1186.59,1186.39,1195.76,1181.61,-0.31,-3.7,1219096,1591618176.0,1.19,0.11
2015-01-29,1180.0,1182.59,1189.09,1176.72,-0.32,-3.8,979033,1309059312.0,1.04,0.09
2015-01-30,1184.4,1179.82,1191.54,1175.43,-0.23,-2.77,1133883,1450816608.0,1.36,0.1
2015-02-02,1169.85,1178.3,1186.77,1164.0,-0.13,-1.52,1096766,1904561104.0,1.93,0.1
2015-02-03,1180.57,1194.9,1196.73,1180.57,1.41,16.6,1082143,1822540832.0,1.37,0.1
2015-02-04,1196.57,1188.7,1200.91,1187.4,-0.52,-6.2,938704,1608367152.0,1.13,0.09
2015-02-05,1192.03,1190.73,1199.46,1188.26,0.17,2.03,1351834,2101994880.0,0.94,0.12
2015-02-06,1184.53,1162.33,1187.89,1159.9,-2.39,-28.4,1198445,1981132832.0,2.35,0.11
2015-02-09,1158.86,1156.25,1166.91,1151.66,-0.52,-6.08,893838,1481753536.0,1.31,0.08
2015-02-10,1156.41,1162.55,1162.55,1153.8,0.54,6.3,798470,1388556544.0,0.76,0.07
2015-02-11,1163.39,1176.78,1176.78,1163.07,1.22,14.23,906381,1611958816.0,1.18,0.08
2015-02-12,1184.51,1204.45,1205.73,1184.34,2.35,27.67,1597432,2619922384.0,1.82,0.15
2015-02-13,1208.33,1215.97,1220.49,1206.17,0.96,11.52,1619947,2631606160.0,1.19,0.15
2015-02-16,1219.41,1243.49,1243.49,1219.13,2.26,27.52,1781121,3015455200.0,2.0,0.16
2015-02-17,1244.68,1245.81,1246.86,1235.26,0.19,2.32,1429447,2495183488.0,0.93,0.13
2015-02-25,1244.16,1250.91,1254.94,1237.15,0.41,5.1,1409951,2326478640.0,1.43,0.13
2015-02-26,1248.82,1259.64,1260.66,1247.25,0.7,8.73,1425069,2205366656.0,1.07,0.13
2015-02-27,1258.13,1267.82,1268.27,1254.75,0.65,8.18,1631581,2446780976.0,1.07,0.15
2015-03-02,1270.26,1286.03,1286.47,1264.7,1.44,18.21,2049981,3317802576.0,1.72,0.19
2015-03-03,1283.78,1278.85,1292.72,1277.05,-0.56,-7.18,2044790,3338165024.0,1.22,0.19
2015-03-04,1278.14,1308.03,1309.02,1277.41,2.28,29.18,2607242,4475417344.0,2.47,0.24
2015-03-05,1308.76,1310.68,1316.42,1302.7,0.2,2.65,2092655,3504333056.0,1.05,0.19
2015-03-06,1310.43,1304.89,1312.55,1290.17,-0.44,-5.79,1774150,2789476720.0,1.71,0.16
2015-03-09,1302.6,1334.04,1334.83,1298.05,2.23,29.15,2292601,3763999680.0,2.82,0.21
2015-03-10,1335.59,1354.97,1355.58,1335.49,1.57,20.93,2564876,4526036480.0,1.51,0.24
2015-03-11,1349.61,1347.86,1354.82,1345.16,-0.52,-7.11,2303254,3703093168.0,0.71,0.21
2015-03-12,1348.17,1349.45,1359.94,1338.85,0.12,1.59,2148606,3451988496.0,1.56,0.2
2015-03-13,1352.7,1365.12,1365.99,1346.95,1.16,15.67,1866927,3247886880.0,1.41,0.17
2015-03-16,1372.94,1402.08,1403.54,1372.94,2.71,36.96,2079266,3794728992.0,2.24,0.19
2015-03-17,1407.54,1411.15,1417.14,1398.6,0.65,9.07,2423482,4183762064.0,1.32,0.22
2015-03-18,1408.64,1441.9,1442.79,1404.8,2.18,30.75,2365855,4124915616.0,2.69,0.22
2015-03-19,1459.56,1458.63,1459.83,1440.6,1.16,16.73,2969636,4795603200.0,1.33,0.27
2015-03-20,1457.55,1472.6,1473.42,1453.74,0.96,13.97,2703645,4472039424.0,1.35,0.25
2015-03-23,1474.89,1528.45,1528.58,1469.29,3.79,55.85,3920755,6637593088.0,4.03,0.36
2015-03-24,1537.58,1541.59,1552.95,1482.89,0.86,13.14,4589381,7981373184.0,4.58,0.42
2015-03-25,1538.65,1557.5,1571.71,1518.62,1.03,15.91,3779243,6978318848.0,3.44,0.35
2015-03-26,1543.62,1532.11,1556.74,1518.3,-1.63,-25.39,3503106,6381533184.0,2.47,0.32
2015-03-27,1528.29,1543.2,1549.05,1526.29,0.72,11.09,2503918,4894019072.0,1.49,0.23
2015-03-30,1543.05,1551.14,1552.02,1538.25,0.51,7.94,2758235,5111392000.0,0.89,0.25
2015-03-31,1550.5,1555.12,1575.72,1540.52,0.26,3.98,2938296,5587619584.0,2.27,0.27
2015-04-01,1554.47,1602.53,1603.33,1552.67,3.05,47.41,2886298,5348796672.0,3.26,0.27
2015-04-02,1614.54,1640.89,1640.89,1606.97,2.39,38.36,3838433,6910760448.0,2.12,0.35
2015-04-03,1636.46,1682.42,1683.27,1626.3,2.53,41.53,3615764,6750315008.0,3.47,0.33
2015-04-07,1686.85,1720.59,1722.66,1686.4,2.27,38.17,3311913,6405180928.0,2.16,0.31
2015-04-08,1720.6,1710.81,1723.28,1665.3,-0.57,-9.78,3845216,7154070016.0,3.37,0.36
2015-04-09,1706.5,1711.44,1717.26,1646.95,0.04,0.63,3691001,6899479296.0,4.11,0.34
2015-04-10,1704.52,1737.31,1741.17,1696.97,1.51,25.87,3026160,6252954112.0,2.58,0.28
2015-04-13,1737.44,1752.21,1759.07,1722.53,0.86,14.9,3111128,6464428800.0,2.1,0.29
2015-04-14,1751.75,1741.91,1763.44,1724.58,-0.59,-10.3,2810606,5771793408.0,2.22,0.26
2015-04-15,1738.8,1667.92,1738.8,1664.4,-4.25,-73.99,2757759,5435521280.0,4.27,0.25
2015-04-16,1643.2,1669.81,1700.3,1618.69,0.11,1.89,2309481,4303929088.0,4.89,0.21
2015-04-17,1677.58,1673.75,1686.99,1666.08,0.24,3.94,2577689,4809166592.0,1.25,0.24
2015-04-20,1671.94,1625.65,1677.22,1617.18,-2.87,-48.1,2983772,5239211776.0,3.59,0.28
2015-04-21,1616.82,1682.42,1683.33,1616.82,3.49,56.77,2387360,4577842688.0,4.09,0.22
2015-04-22,1689.93,1720.38,1725.31,1689.93,2.26,37.96,2609573,5025078016.0,2.1,0.24
2015-04-23,1725.82,1734.08,1746.33,1707.54,0.8,13.7,2725286,5257944832.0,2.25,0.25
2015-04-24,1719.51,1735.11,1739.9,1698.38,0.06,1.03,2774155,5589141248.0,2.39,0.26
2015-04-27,1737.43,1754.91,1762.53,1730.04,1.14,19.8,2888734,5524053504.0,1.87,0.27
2015-04-28,1751.73,1708.65,1764.52,1697.39,-2.64,-46.26,3865752,5875193600.0,3.83,0.36
2015-04-29,1697.14,1743.71,1752.1,1684.86,2.05,35.06,3086459,4554706944.0,3.94,0.29
2015-04-30,1748.07,1750.03,1767.56,1744.22,0.36,6.32,3076534,5093356800.0,1.34,0.28
2015-05-04,1751.58,1773.0,1773.42,1731.35,1.31,22.97,2291408,3978968128.0,2.4,0.21
2015-05-05,1773.7,1736.42,1783.98,1718.77,-2.06,-36.58,2499801,4011914480.0,3.68,0.23
2015-05-06,1738.64,1728.87,1784.05,1714.2,-0.43,-7.55,2534329,4341677568.0,4.02,0.23
2015-05-07,1725.33,1693.63,1733.85,1688.45,-2.04,-35.24,2273711,3918210128.0,2.63,0.21
2015-05-08,1708.59,1775.86,1776.08,1708.59,4.86,82.23,2710924,4949812736.0,3.98,0.25
2015-05-11,1795.77,1868.28,1869.1,1790.8,5.2,92.42,3478972,6666654464.0,4.41,0.32
2015-05-12,1881.35,1877.7,1887.04,1845.77,0.5,9.42,3391135,6760350208.0,2.21,0.31
2015-05-13,1862.08,1908.28,1926.34,1836.12,1.63,30.58,3255006,6439154176.0,4.8,0.3
2015-05-14,1905.04,1915.32,1930.53,1895.28,0.37,7.04,2907803,5495377664.0,1.85,0.27
2015-05-15,1908.41,1910.85,1934.01,1875.42,-0.23,-4.47,2687793,5656018432.0,3.06,0.25
2015-05-18,1904.56,1943.38,1948.67,1902.75,1.7,32.53,2635529,5949325824.0,2.4,0.24
2015-05-19,1942.69,1975.19,1979.54,1929.81,1.64,31.81,2700085,6074397952.0,2.56,0.25
2015-05-20,1976.39,2031.83,2069.9,1976.09,2.87,56.64,3637710,7830555136.0,4.75,0.34
2015-05-21,2048.88,2116.54,2116.89,2046.81,4.17,84.71,3586850,7337468672.0,3.45,0.33
2015-05-22,2147.33,2156.42,2168.5,2082.68,1.88,39.88,4273727,9461829632.0,4.05,0.4
2015-05-25,2124.98,2183.44,2189.98,2104.89,1.25,27.02,3752691,7396970496.0,3.95,0.35
2015-05-26,2185.07,2257.26,2259.27,2179.36,3.38,73.82,3690008,8652645376.0,3.66,0.34
2015-05-27,2267.07,2313.5,2318.3,2215.29,2.49,56.24,3925092,8947850752.0,4.56,0.36
2015-05-28,2311.03,2171.74,2349.32,2170.88,-6.13,-141.76,3827368,8831651840.0,7.71,0.35
2015-05-29,2158.98,2253.96,2274.06,2088.47,3.79,82.22,3361615,7502217216.0,8.55,0.31
2015-06-01,2288.11,2366.51,2368.33,2281.76,4.99,112.55,2718166,6924715008.0,3.84,0.25
2015-06-02,2400.89,2436.78,2437.58,2380.16,2.97,70.27,3094526,7577801216.0,2.43,0.29
2015-06-03,2442.53,2470.72,2476.76,2405.36,1.39,33.94,3169473,8968528896.0,2.93,0.29
2015-06-04,2480.55,2489.14,2496.94,2321.45,0.75,18.42,3648167,8694317568.0,7.1,0.34
2015-06-05,2498.23,2493.36,2521.69,2453.09,0.17,4.22,3958629,9104717824.0,2.76,0.37
2015-06-08,2498.38,2478.1,2501.68,2445.33,-0.61,-15.26,3189104,8072292352.0,2.26,0.29
2015-06-09,2478.34,2467.43,2496.68,2449.18,-0.43,-10.67,2396031,6084655104.0,1.92,0.22
2015-06-10,2456.65,2536.11,2553.28,2432.63,2.78,68.68,2985354,7757606144.0,4.89,0.28
2015-06-11,2546.06,2591.61,2601.92,2546.06,2.19,55.5,3377439,8837293824.0,2.2,0.31
2015-06-12,2610.72,2700.47,2714.42,2610.72,4.2,108.86,3742767,10106134784.0,4.0,0.35
2015-06-15,2705.98,2651.61,2723.64,2637.85,-1.81,-48.86,3855663,10781572864.0,3.18,0.36
2015-06-16,2621.95,2563.11,2621.95,2530.86,-3.34,-88.5,3090953,8495838464.0,3.44,0.29
2015-06-17,2556.6,2618.05,2621.83,2497.74,2.14,54.94,3017795,7954006016.0,4.84,0.28
2015-06-18,2610.41,2514.23,2646.88,2512.35,-3.97,-103.82,2531517,7048858880.0,5.14,0.23
2015-06-19,2443.07,2327.5,2466.94,2318.15,-7.43,-186.73,2366816,6265168128.0,5.92,0.22
2015-06-23,2304.7,2295.1,2347.45,2167.79,-1.39,-32.4,2475667,5798041600.0,7.72,0.23
2015-06-24,2318.52,2338.83,2354.0,2257.68,1.91,43.73,2465667,5899831808.0,4.2,0.23
2015-06-25,2342.86,2263.85,2352.01,2231.49,-3.21,-74.98,2938623,6656174080.0,5.15,0.27
2015-06-26,2185.51,2086.17,2197.15,2080.28,-7.85,-177.68,2704012,6232530688.0,5.16,0.25
2015-06-29,2121.15,1955.97,2122.58,1917.68,-6.24,-130.2,3170237,6992145920.0,9.82,0.29
2015-06-30,1920.05,2052.87,2054.85,1833.52,4.95,96.9,3381587,7590241536.0,11.32,0.31
2015-07-01,2031.45,1940.33,2094.69,1929.08,-5.48,-112.54,3311064,8158388736.0,8.07,0.31
2015-07-02,1933.28,1807.19,1949.46,1806.87,-6.86,-133.14,2613471,5493228544.0,7.35,0.24
2015-07-03,1741.22,1705.04,1838.59,1680.15,-5.65,-102.15,2545929,4483196928.0,8.77,0.24
2015-07-06,1819.02,1648.12,1819.02,1591.74,-3.34,-56.92,2748347,4706151680.0,13.33,0.25
2015-07-07,1589.45,1553.16,1603.59,1552.97,-5.76,-94.96,984580,1304882784.0,3.07,0.09
2015-07-08,1497.98,1535.09,1543.11,1497.98,-1.16,-18.07,1395385,2292221632.0,2.91,0.13
2015-07-09,1516.76,1588.15,1588.15,1516.76,3.46,53.06,1501061,1473628208.0,4.65,0.14
2015-07-10,1609.13,1646.17,1646.17,1608.44,3.65,58.02,1134747,1496251760.0,2.38,0.1
2015-07-13,1680.74,1706.25,1706.25,1660.43,3.65,60.08,1771114,2248974400.0,2.78,0.16
2015-07-14,1699.91,1695.99,1743.34,1684.65,-0.6,-10.26,2272191,4035023056.0,3.44,0.21
2015-07-15,1695.42,1645.81,1695.65,1645.76,-2.96,-50.18,1599543,3466116416.0,2.94,0.15
2015-07-16,1608.71,1662.09,1694.5,1563.5,0.99,16.28,3142795,5267345664.0,7.96,0.29
2015-07-17,1661.63,1741.53,1750.89,1661.63,4.78,79.44,2936431,5711918080.0,5.37,0.27
2015-07-20,1773.87,1787.56,1818.61,1754.89,2.64,46.03,2970370,6270085376.0,3.66,0.27
2015-07-21,1804.03,1858.12,1865.24,1785.75,3.95,70.56,2800262,5960424192.0,4.45,0.26
2015-07-22,1904.01,1957.72,1969.05,1881.34,5.36,99.6,4115596,8537342976.0,4.72,0.38
2015-07-23,1952.92,2007.55,2019.2,1939.29,2.55,49.83,4789077,9855837440.0,4.08,0.44
2015-07-24,1991.1,1941.0,2012.49,1925.69,-3.31,-66.55,3984552,8366477312.0,4.32,0.37
2015-07-27,1887.07,1787.49,1951.89,1787.14,-7.91,-153.51,3402981,6704718080.0,8.49,0.31
2015-07-28,1695.65,1726.27,1801.46,1656.54,-3.42,-61.22,3697728,6309591808.0,8.11,0.34
2015-07-29,1751.31,1814.12,1820.9,1687.19,5.09,87.85,3005470,5706953472.0,7.75,0.28
2015-07-30,1808.84,1737.28,1839.34,1734.74,-4.24,-76.84,2625587,5017768704.0,5.77,0.24
2015-07-31,1709.36,1725.88,1760.03,1699.47,-0.66,-11.4,1964671,3585459856.0,3.49,0.18
2015-08-03,1707.81,1669.36,1712.87,1635.6,-3.27,-56.52,1938098,3282304000.0,4.48,0.18
2015-08-04,1668.64,1766.18,1767.28,1668.64,5.8,96.82,2249052,3943525056.0,5.91,0.21
2015-08-05,1757.69,1738.15,1783.94,1717.05,-1.59,-28.03,2248996,4374567680.0,3.79,0.21
2015-08-06,1701.34,1721.41,1740.01,1692.98,-0.96,-16.74,1415307,2687566432.0,2.71,0.13
2015-08-07,1734.85,1774.21,1779.57,1734.85,3.07,52.8,1982243,3899250848.0,2.6,0.18
2015-08-10,1793.92,1868.53,1880.49,1789.95,5.32,94.32,2902470,5396565760.0,5.1,0.27
2015-08-11,1865.26,1871.16,1899.84,1845.47,0.14,2.63,2848209,5568993792.0,2.91,0.26
2015-08-12,1851.2,1839.46,1877.88,1837.83,-1.69,-31.7,2215418,4115574448.0,2.14,0.2
2015-08-13,1831.48,1878.71,1879.14,1818.72,2.13,39.25,2023525,3842912656.0,3.28,0.19
2015-08-14,1908.89,1907.35,1936.93,1899.62,1.52,28.64,2447502,4660280576.0,1.99,0.23
2015-08-17,1905.39,1944.41,1945.09,1884.04,1.94,37.06,2425140,4299153152.0,3.2,0.22
2015-08-18,1947.89,1793.21,1960.89,1787.65,-7.78,-151.2,2944923,5433647360.0,8.91,0.27
2015-08-19,1728.55,1839.41,1840.27,1678.97,2.58,46.2,2554218,4472224768.0,9.0,0.24
2015-08-20,1813.98,1791.28,1860.0,1789.47,-2.62,-48.13,2022559,3747859760.0,3.83,0.19
2015-08-21,1759.12,1710.33,1792.15,1700.32,-4.52,-80.95,2081448,3790048160.0,5.13,0.19
2015-08-24,1628.34,1574.79,1641.41,1574.79,-7.92,-135.54,1687079,2722389728.0,3.9,0.16
2015-08-25,1455.87,1449.96,1476.29,1449.96,-7.93,-124.83,1565082,2339315536.0,1.67,0.14
2015-08-26,1438.73,1358.02,1484.08,1349.44,-6.34,-91.94,2492299,3385605040.0,9.29,0.23
2015-08-27,1393.32,1402.58,1411.13,1317.57,3.28,44.56,2070636,2822698608.0,6.89,0.19
2015-08-28,1426.4,1491.96,1492.18,1406.18,6.37,89.38,2377552,3211086128.0,6.13,0.22
2015-08-31,1485.07,1420.93,1485.07,1420.93,-4.76,-71.03,1702091,2363262768.0,4.3,0.16
2015-09-01,1405.75,1337.37,1405.75,1328.45,-5.88,-83.56,1610076,2019638432.0,5.44,0.15
2015-09-02,1274.85,1307.6,1370.74,1270.35,-2.23,-29.77,1682965,2129063568.0,7.51,0.16
2015-09-07,1321.71,1328.2,1373.22,1319.4,1.58,20.6,1734810,2457803984.0,4.12,0.16
2015-09-08,1324.7,1401.15,1402.99,1310.58,5.49,72.95,1615333,2305080336.0,6.96,0.15
2015-09-09,1406.1,1447.03,1453.99,1401.41,3.27,45.88,2447497,3119976800.0,3.75,0.23
2015-09-10,1428.41,1428.49,1462.19,1424.31,-1.28,-18.54,1776400,2260787952.0,2.62,0.16
2015-09-11,1421.48,1439.24,1450.5,1415.44,0.75,10.75,1321401,1656675408.0,2.45,0.12
2015-09-14,1448.66,1333.09,1457.64,1329.07,-7.38,-106.15,1609858,1868281152.0,8.93,0.15
2015-09-15,1298.18,1252.51,1322.28,1247.88,-6.04,-80.58,1427640,1576886368.0,5.58,0.13
2015-09-16,1260.45,1344.84,1350.19,1256.78,7.37,92.33,1508977,1632646432.0,7.46,0.14
2015-09-17,1340.92,1314.77,1381.35,1314.77,-2.24,-30.07,1935513,2829488864.0,4.95,0.18
2015-09-18,1322.71,1334.38,1342.39,1308.53,1.49,19.61,1283218,1858973712.0,2.58,0.12
2015-09-21,1317.6,1388.44,1388.54,1310.34,4.05,54.06,1742146,2758853040.0,5.86,0.16
2015-09-22,1396.36,1401.03,1412.44,1380.16,0.91,12.59,2015189,3342661888.0,2.32,0.19
2015-09-23,1380.16,1409.23,1421.77,1375.76,0.59,8.2,1987221,2973354672.0,3.28,0.18
2015-09-24,1410.92,1438.07,1438.29,1410.92,2.05,28.84,2551639,3018413520.0,1.94,0.24
2015-09-25,1432.3,1427.14,1449.3,1399.36,-0.76,-10.93,2753937,3592129408.0,3.47,0.25
2015-09-28,1427.57,1510.22,1513.83,1423.72,5.82,83.08,3132319,4057487888.0,6.31,0.29
2015-09-29,1514.22,1547.72,1563.13,1509.69,2.48,37.5,3928793,5575095552.0,3.54,0.36
2015-09-30,1541.99,1500.0,1550.93,1486.18,-3.08,-47.72,3138397,4744124416.0,4.18,0.29
2015-10-08,1533.12,1566.61,1583.26,1526.16,4.44,66.61,3199195,4911438080.0,3.81,0.3
2015-10-09,1561.94,1563.28,1571.39,1544.83,-0.21,-3.33,2852854,4502052608.0,1.7,0.26
2015-10-12,1572.77,1613.19,1629.63,1570.52,3.19,49.91,3791055,5998320384.0,3.78,0.35
2015-10-13,1601.46,1647.64,1673.53,1592.24,2.14,34.45,3471436,5366555392.0,5.04,0.32
2015-10-14,1631.53,1610.14,1640.12,1602.87,-2.28,-37.5,3032434,5051175168.0,2.26,0.28
2015-10-15,1609.06,1666.08,1667.86,1606.41,3.47,55.94,3369975,5426960128.0,3.82,0.31
2015-10-16,1689.95,1732.07,1741.31,1665.57,3.96,65.99,5122380,8266871552.0,4.55,0.47
2015-10-19,1728.27,1811.39,1813.07,1708.84,4.58,79.32,5124177,8871873792.0,6.02,0.47
2015-10-20,1796.74,1808.66,1828.14,1767.97,-0.15,-2.73,3828937,7098180352.0,3.32,0.35
2015-10-21,1814.02,1708.25,1853.32,1703.43,-5.55,-100.41,4963303,9154168576.0,8.29,0.46
2015-10-22,1706.61,1779.75,1782.46,1706.61,4.19,71.5,3879121,7253970432.0,4.44,0.36
2015-10-23,1788.02,1847.69,1859.87,1781.99,3.82,67.94,4059471,8111731712.0,4.38,0.38
2015-10-26,1863.68,1813.3,1863.68,1789.76,-1.86,-34.39,3981270,7749033728.0,4.0,0.37
2015-10-27,1800.98,1795.43,1815.27,1737.37,-0.99,-17.87,2948667,6135302912.0,4.3,0.27
2015-10-28,1785.53,1767.92,1817.36,1758.51,-1.53,-27.51,3823520,8086920960.0,3.28,0.35
2015-10-29,1785.73,1786.28,1804.56,1754.95,1.04,18.36,3291031,6907244544.0,2.81,0.3
2015-10-30,1875.56,1878.11,1897.75,1854.14,5.14,91.83,6035362,13672585216.0,2.44,0.56
2015-11-02,1841.06,1829.48,1882.4,1824.51,-2.59,-48.63,7123271,13208607232.0,3.08,0.66
2015-11-03,1823.6,1766.8,1833.03,1753.46,-3.43,-62.68,6358292,10320192768.0,4.35,0.59
2015-11-04,1766.54,1830.65,1831.07,1762.11,3.61,63.85,5957244,10112759808.0,3.9,0.55
2015-11-05,1832.14,1812.99,1838.38,1792.79,-0.96,-17.66,5705970,10228138752.0,2.49,0.53
2015-11-06,1809.87,1834.4,1837.49,1809.31,1.18,21.41,4495938,8490549504.0,1.55,0.42
2015-11-09,1806.11,1847.44,1854.51,1780.44,0.71,13.04,5469126,10446883584.0,4.04,0.51
2015-11-10,1832.92,1879.01,1890.51,1825.87,1.71,31.57,5716917,11343366656.0,3.5,0.53
2015-11-11,1877.1,1931.7,1939.82,1866.13,2.8,52.69,5759315,11163159040.0,3.92,0.53
2015-11-12,1930.45,1892.8,1933.06,1883.09,-2.01,-38.9,4570731,9467950080.0,2.59,0.42
2015-11-13,1863.87,1826.42,1866.08,1815.19,-3.51,-66.38,3813632,7550735360.0,2.69,0.35
2015-11-16,1786.9,1874.06,1874.06,1780.56,2.61,47.64,3241164,6362439168.0,5.12,0.3
2015-11-17,1888.81,1855.26,1905.73,1850.07,-1.0,-18.8,4300201,8865166848.0,2.97,0.4
2015-11-18,1852.65,1813.07,1861.79,1807.48,-2.27,-42.19,2700210,5276349952.0,2.93,0.25
2015-11-19,1815.6,1871.78,1872.78,1813.95,3.24,58.71,3483111,6279673344.0,3.24,0.32
2015-11-20,1873.4,1871.77,1880.32,1854.26,0.0,-0.01,3426154,6837679104.0,1.39,0.32
2015-11-23,1867.86,1883.78,1924.31,1867.47,0.64,12.01,3602016,7571812608.0,3.04,0.33
2015-11-24,1875.13,1878.2,1878.2,1843.06,-0.3,-5.58,2502200,5257519360.0,1.87,0.23
2015-11-25,1876.05,1908.77,1910.16,1871.61,1.63,30.57,3398996,7032383744.0,2.05,0.31
2015-11-26,1920.98,1879.43,1923.99,1872.41,-1.54,-29.34,3265985,6482807552.0,2.7,0.3
2015-11-27,1862.33,1746.53,1868.55,1738.43,-7.07,-132.9,3414027,6566809088.0,6.92,0.32
2015-11-30,1740.69,1718.27,1759.31,1640.29,-1.62,-28.26,2873156,5204177408.0,6.81,0.27
2015-12-01,1714.72,1717.07,1737.06,1696.56,-0.07,-1.2,2097473,3970873520.0,2.36,0.19
2015-12-02,1713.45,1734.12,1740.03,1664.7,0.99,17.05,2154540,4051118032.0,4.39,0.2
2015-12-03,1742.64,1786.76,1786.76,1742.41,3.04,52.64,2608751,5331282944.0,2.56,0.24
2015-12-04,1777.67,1784.42,1804.13,1769.33,-0.13,-2.34,2697837,5701334272.0,1.95,0.25
2015-12-07,1790.75,1836.46,1838.04,1790.75,2.92,52.04,2879502,6183832320.0,2.65,0.27
2015-12-08,1827.01,1791.02,1827.01,1790.04,-2.47,-45.44,2688350,6538692608.0,2.01,0.25
2015-12-09,1775.99,1778.88,1785.57,1750.69,-0.68,-12.14,2175979,5274281472.0,1.95,0.2
2015-12-10,1770.36,1773.64,1793.98,1761.17,-0.29,-5.24,1872033,4488056832.0,1.84,0.17
2015-12-11,1765.71,1757.52,1767.99,1745.42,-0.91,-16.12,1481953,3323138256.0,1.27,0.14
2015-12-14,1745.95,1803.51,1803.51,1740.58,2.62,45.99,1797361,4076305744.0,3.58,0.17
2015-12-15,1801.48,1820.99,1836.63,1799.14,0.97,17.48,2641629,6926537984.0,2.08,0.24
2015-12-16,1821.16,1833.88,1853.55,1819.31,0.71,12.89,2569881,6244961536.0,1.88,0.24
2015-12-17,1837.21,1868.12,1871.53,1837.21,1.87,34.24,2237728,5654928896.0,1.87,0.21
2015-12-18,1878.02,1865.38,1888.09,1854.22,-0.15,-2.74,2201762,5628344576.0,1.81,0.2
2015-12-21,1865.87,1893.16,1897.12,1862.85,1.49,27.78,2470096,5769729536.0,1.84,0.23
2015-12-22,1896.92,1903.21,1905.99,1881.02,0.53,10.05,2715272,6361872896.0,1.32,0.25
2015-12-23,1895.36,1879.93,1905.64,1875.73,-1.22,-23.28,2682215,6638359808.0,1.57,0.25
2015-12-24,1875.02,1876.81,1880.14,1852.77,-0.17,-3.12,1868172,4040781152.0,1.46,0.17
2015-12-25,1878.81,1892.72,1893.67,1875.57,0.85,15.91,1922801,4088891408.0,0.96,0.18
2015-12-28,1908.76,1887.83,1923.47,1883.95,-0.26,-4.89,2854248,5896716800.0,2.09,0.26
2015-12-29,1881.07,1894.61,1894.65,1867.24,0.36,6.78,2076426,4615455232.0,1.45,0.19
2015-12-30,1898.39,1914.12,1914.73,1891.48,1.03,19.51,2133921,4566331904.0,1.23,0.2
2015-12-31,1919.9,1895.56,1920.64,1895.56,-0.97,-18.56,2593655,7505984512.0,1.31,0.24
2016-01-04,1887.23,1777.85,1888.83,1777.11,-6.21,-117.71,1853049,4846497024.0,5.89,0.17
2016-01-05,1701.84,1722.57,1764.41,1684.43,-3.11,-55.28,2782825,7216799488.0,4.5,0.26
2016-01-06,1724.96,1761.01,1762.81,1724.43,2.23,38.44,2919093,7060831744.0,2.23,0.27
2016-01-07,1733.03,1643.77,1734.32,1641.17,-6.66,-117.24,812352,2112982608.0,5.29,0.08
2016-01-08,1672.48,1624.67,1687.06,1572.25,-1.16,-19.1,3143264,7006330624.0,6.98,0.29
2016-01-11,1583.31,1514.0,1590.9,1513.8,-6.81,-110.67,2320906,5069271296.0,4.75,0.21
2016-01-12,1503.43,1523.87,1536.16,1484.32,0.65,9.87,2614430,5853031680.0,3.42,0.24
2016-01-13,1536.94,1473.43,1549.21,1472.77,-3.31,-50.44,2651069,5834839296.0,5.02,0.25
2016-01-14,1428.42,1528.55,1529.08,1422.96,3.74,55.12,2976104,6483847936.0,7.2,0.28
2016-01-15,1521.93,1517.59,1558.34,1506.18,-0.72,-10.96,3392324,7711996160.0,3.41,0.31
2016-01-18,1485.47,1544.72,1561.05,1485.47,1.79,27.13,2931934,6842006016.0,4.98,0.27
2016-01-19,1520.69,1576.39,1576.39,1517.14,2.05,31.67,3115397,7195851264.0,3.84,0.29
2016-01-20,1572.15,1581.51,1607.63,1567.28,0.32,5.12,3362384,7828235264.0,2.56,0.31
2016-01-21,1553.22,1499.86,1581.52,1499.69,-5.16,-81.65,2810045,6146932480.0,5.17,0.26
2016-01-22,1512.16,1512.7,1521.93,1462.61,0.86,12.84,2281606,5085763584.0,3.96,0.21
2016-01-25,1524.49,1530.71,1543.65,1514.43,1.19,18.01,2036162,4852582400.0,1.93,0.19
2016-01-26,1516.25,1421.57,1518.62,1416.25,-7.13,-109.14,2594117,5771144704.0,6.69,0.24
2016-01-27,1427.28,1401.23,1442.68,1332.95,-1.43,-20.34,3036647,5572732160.0,7.72,0.28
2016-01-28,1375.59,1327.03,1394.33,1322.24,-5.3,-74.2,2126459,3798959632.0,5.14,0.2
2016-01-29,1320.16,1377.5,1392.27,1306.0,3.8,50.47,2251318,3876364912.0,6.5,0.21
2016-02-01,1367.13,1366.0,1385.94,1338.94,-0.83,-11.5,2105087,3671729392.0,3.41,0.19
2016-02-02,1362.68,1416.09,1420.62,1362.6,3.67,50.09,2104528,3900449216.0,4.25,0.19
2016-02-03,1390.83,1433.16,1444.22,1383.31,1.21,17.07,2012419,3810164400.0,4.3,0.19
2016-02-04,1435.5,1478.03,1485.5,1435.5,3.13,44.87,2464439,4767111168.0,3.49,0.23
2016-02-05,1478.92,1460.07,1487.29,1455.16,-1.22,-17.96,2117036,4084373680.0,2.17,0.2
2016-02-15,1407.28,1474.25,1483.11,1407.28,0.97,14.18,1600715,3016176272.0,5.19,0.15
2016-02-16,1490.12,1547.09,1553.37,1489.11,4.94,72.84,2431674,4839270912.0,4.36,0.22
2016-02-17,1548.2,1564.35,1568.85,1525.25,1.12,17.26,3238694,6829584128.0,2.82,0.3
2016-02-18,1565.64,1556.37,1585.92,1546.11,-0.51,-7.98,3097330,6617613568.0,2.54,0.29
2016-02-19,1552.46,1557.55,1566.8,1542.24,0.08,1.18,2724869,6269993728.0,1.58,0.25
2016-02-22,1581.85,1601.21,1601.28,1577.97,2.8,43.66,2935935,7150587392.0,1.5,0.27
2016-02-23,1602.78,1614.52,1621.36,1591.0,0.83,13.31,3256459,7748820736.0,1.9,0.3
2016-02-24,1611.02,1626.36,1633.24,1595.72,0.73,11.84,3632115,8260996608.0,2.32,0.34
2016-02-25,1610.94,1499.68,1613.07,1494.33,-7.79,-126.68,3366396,7200456704.0,7.3,0.31
2016-02-26,1506.05,1494.13,1514.49,1454.94,-0.37,-5.55,2531102,5437337088.0,3.97,0.23
2016-02-29,1486.82,1408.95,1486.82,1384.92,-5.7,-85.18,1928576,3304613168.0,6.82,0.18
2016-03-01,1399.22,1443.6,1455.57,1375.9,2.46,34.65,2449778,5112331776.0,5.65,0.23
2016-03-02,1439.49,1504.87,1507.86,1435.8,4.24,61.27,2713778,5424825344.0,4.99,0.25
2016-03-03,1501.11,1537.65,1575.3,1496.35,2.18,32.78,3624985,6828370944.0,5.25,0.34
2016-03-04,1523.29,1469.11,1534.46,1452.43,-4.46,-68.54,2924346,5473121536.0,5.33,0.27
2016-03-07,1476.18,1505.58,1521.68,1476.18,2.48,36.47,2135465,3943122304.0,3.1,0.2
2016-03-08,1498.02,1522.72,1522.78,1443.55,1.14,17.14,2571943,5012324864.0,5.26,0.24
2016-03-09,1493.08,1503.4,1530.88,1474.81,-1.27,-19.32,2890319,5701086464.0,3.68,0.27
2016-03-10,1496.49,1459.4,1512.31,1453.27,-2.93,-44.0,2084015,4091947552.0,3.93,0.19
2016-03-11,1440.18,1444.37,1459.63,1427.07,-1.03,-15.03,1376893,2748935824.0,2.23,0.13
2016-03-14,1463.86,1499.65,1515.84,1463.4,3.83,55.28,2423424,5422891008.0,3.63,0.22
2016-03-15,1496.45,1483.55,1506.53,1478.99,-1.07,-16.1,1827295,4047335504.0,1.84,0.17
2016-03-16,1494.67,1468.56,1500.39,1455.52,-1.01,-14.99,1795805,3929578176.0,3.02,0.17
2016-03-17,1474.64,1522.98,1525.04,1474.64,3.71,54.42,2642462,6175500544.0,3.43,0.24
2016-03-18,1529.97,1579.95,1586.89,1529.97,3.74,56.97,3546041,8266897152.0,3.74,0.33
2016-03-21,1594.4,1625.53,1625.53,1584.62,2.88,45.58,3932796,9097182464.0,2.59,0.36
2016-03-22,1606.52,1606.68,1623.89,1599.96,-1.16,-18.85,3071799,6811497472.0,1.47,0.28
2016-03-23,1607.2,1628.96,1628.96,1599.16,1.39,22.28,2857382,7092249344.0,1.85,0.26
2016-03-24,1616.87,1603.65,1631.03,1601.47,-1.55,-25.31,2955844,7144002816.0,1.81,0.27
2016-03-25,1605.93,1617.93,1618.4,1589.51,0.89,14.28,2373586,5208072448.0,1.8,0.22
2016-03-28,1624.87,1592.34,1635.13,1585.14,-1.58,-25.59,2467305,5432712960.0,3.09,0.23
2016-03-29,1587.49,1569.52,1593.11,1546.86,-1.43,-22.82,2260291,4711922688.0,2.9,0.21
2016-03-30,1579.62,1629.38,1629.53,1579.33,3.81,59.86,2533415,5638284032.0,3.2,0.23
2016-03-31,1632.91,1630.67,1653.93,1626.11,0.08,1.29,2782971,6405712640.0,1.71,0.26
2016-04-01,1620.48,1618.41,1630.34,1589.96,-0.75,-12.26,2289162,4848505088.0,2.48,0.21
2016-04-05,1619.7,1656.66,1661.32,1608.93,2.36,38.25,2717511,5874212352.0,3.24,0.25
2016-04-06,1648.49,1665.67,1671.7,1645.15,0.54,9.01,2730868,5847057920.0,1.6,0.25
2016-04-07,1668.8,1628.33,1674.0,1625.69,-2.24,-37.34,2727926,5819516416.0,2.9,0.25
2016-04-08,1613.78,1615.12,1617.25,1589.87,-0.81,-13.21,2240296,4707551488.0,1.68,0.21
2016-04-11,1631.2,1653.76,1658.75,1631.2,2.39,38.64,2736050,5985157376.0,1.71,0.25
2016-04-12,1647.64,1651.52,1655.95,1629.31,-0.14,-2.24,2228246,5212248064.0,1.61,0.21
2016-04-13,1660.65,1680.14,1700.36,1660.65,1.73,28.62,3274837,7515047680.0,2.4,0.3
2016-04-14,1688.57,1698.16,1699.04,1680.67,1.07,18.02,2617785,6156186624.0,1.09,0.24
2016-04-15,1696.09,1695.69,1702.09,1684.57,-0.15,-2.47,2292217,5087062784.0,1.03,0.21
2016-04-18,1683.35,1667.46,1683.35,1650.7,-1.66,-28.23,2120769,4632707584.0,1.93,0.2
2016-04-19,1674.39,1666.66,1678.25,1653.74,-0.05,-0.8,1703273,3807301616.0,1.47,0.16
2016-04-20,1669.79,1584.74,1677.24,1552.85,-4.92,-81.92,3556574,7112373248.0,7.46,0.33
2016-04-21,1577.79,1570.63,1600.29,1563.61,-0.89,-14.11,2388797,4640662272.0,2.31,0.22
2016-04-22,1562.23,1597.16,1603.72,1556.96,1.69,26.53,2124813,3845770304.0,2.98,0.2
2016-04-25,1588.43,1601.48,1607.84,1568.66,0.27,4.32,2141895,3632391520.0,2.45,0.2
2016-04-26,1596.35,1621.76,1621.76,1596.35,1.27,20.28,1859609,3454687008.0,1.59,0.17
2016-04-27,1621.73,1616.68,1633.9,1613.56,-0.31,-5.08,1953678,3510560960.0,1.25,0.18
2016-04-28,1612.96,1622.25,1624.16,1584.81,0.34,5.57,1831306,3406676992.0,2.43,0.17
2016-04-29,1614.95,1623.46,1632.58,1609.44,0.07,1.21,1508488,2722167136.0,1.43,0.14
2016-05-03,1625.49,1686.12,1686.12,1611.05,3.86,62.66,2163599,4094906496.0,4.62,0.2
2016-05-04,1680.24,1675.08,1690.0,1670.04,-0.65,-11.04,2095754,3985728576.0,1.18,0.19
2016-05-05,1675.15,1683.92,1684.76,1663.64,0.53,8.84,1770036,3702306256.0,1.26,0.16
2016-05-06,1686.49,1627.42,1702.96,1622.81,-3.36,-56.5,2674982,5510924800.0,4.76,0.25
2016-05-09,1604.32,1562.71,1604.32,1548.55,-3.98,-64.71,2167878,4214969232.0,3.43,0.2
2016-05-10,1552.84,1583.9,1584.64,1543.86,1.36,21.19,1827150,3104653616.0,2.61,0.17
2016-05-11,1596.0,1593.71,1606.52,1565.46,0.62,9.81,2812096,4291404096.0,2.59,0.26
2016-05-12,1565.97,1590.34,1592.6,1533.98,-0.21,-3.37,2612189,3851266016.0,3.68,0.24
2016-05-13,1580.74,1584.24,1600.78,1570.66,-0.38,-6.1,1991514,2963130240.0,1.89,0.18
2016-05-16,1579.84,1612.62,1613.1,1568.73,1.79,28.38,2021135,2965798400.0,2.8,0.19
2016-05-17,1615.22,1591.77,1617.57,1583.85,-1.29,-20.85,2130411,3246843488.0,2.09,0.2
2016-05-18,1576.63,1544.58,1576.63,1520.67,-2.96,-47.19,2046200,3021561104.0,3.52,0.19
2016-05-19,1545.13,1551.84,1580.58,1544.69,0.47,7.26,1905490,3279160544.0,2.32,0.18
2016-05-20,1540.63,1570.36,1570.52,1526.83,1.19,18.52,1605749,2640540608.0,2.82,0.15
2016-05-23,1573.4,1596.1,1596.1,1572.69,1.64,25.74,2064693,3482519024.0,1.49,0.19
2016-05-24,1595.59,1576.38,1596.28,1568.13,-1.24,-19.72,1855173,2996393040.0,1.76,0.17
2016-05-25,1583.98,1575.6,1594.37,1564.96,-0.05,-0.78,1593710,2836720624.0,1.87,0.15
2016-05-26,1572.41,1573.82,1580.2,1534.67,-0.11,-1.78,1665821,2985988512.0,2.89,0.15
2016-05-27,1570.65,1578.91,1592.84,1567.98,0.32,5.09,1474725,2767516416.0,1.58,0.14
2016-05-30,1565.71,1563.74,1577.68,1549.72,-0.96,-15.17,1192692,2130027984.0,1.77,0.11
2016-05-31,1568.42,1634.0,1634.0,1568.42,4.49,70.26,2725529,4913814016.0,4.19,0.25
2016-06-01,1638.02,1634.38,1642.98,1625.98,0.02,0.38,2541507,4879206912.0,1.04,0.23
2016-06-02,1630.86,1650.78,1651.34,1625.16,1.0,16.4,2369776,4491491072.0,1.6,0.22
2016-06-03,1650.71,1658.12,1671.0,1635.54,0.44,7.34,2595031,5270976000.0,2.15,0.24
2016-06-06,1658.02,1660.39,1671.56,1650.98,0.14,2.27,2239461,4035495648.0,1.24,0.21
2016-06-07,1658.14,1659.0,1662.85,1649.12,-0.08,-1.39,1829617,3376043056.0,0.83,0.17
2016-06-08,1658.3,1662.34,1673.31,1639.28,0.2,3.34,2287951,4318989824.0,2.05,0.21
2016-06-13,1632.78,1585.17,1655.56,1581.25,-4.64,-77.17,2609475,4385655296.0,4.47,0.24
2016-06-14,1568.99,1579.51,1586.2,1561.19,-0.36,-5.66,1749121,2785826128.0,1.58,0.16
2016-06-15,1559.93,1628.54,1635.49,1557.31,3.1,49.03,2262566,3680942512.0,4.95,0.21
2016-06-16,1628.54,1616.37,1630.56,1609.76,-0.75,-12.17,2088704,3496683408.0,1.28,0.19
2016-06-17,1618.95,1631.61,1645.47,1618.11,0.94,15.24,1992263,3469076272.0,1.69,0.18
2016-06-20,1620.73,1612.26,1624.89,1591.88,-1.19,-19.35,1871108,3218925568.0,2.02,0.17
2016-06-21,1612.02,1578.33,1619.88,1567.54,-2.1,-33.93,2726221,4283256768.0,3.25,0.25
2016-06-22,1573.66,1600.48,1600.48,1571.09,1.4,22.15,1576028,2617496384.0,1.86,0.15
2016-06-23,1599.85,1591.51,1603.4,1578.18,-0.56,-8.97,1755205,3100580320.0,1.58,0.16
2016-06-24,1589.61,1576.5,1603.7,1517.28,-0.94,-15.01,2460645,4039424240.0,5.43,0.23
2016-06-27,1555.8,1609.39,1609.77,1555.8,2.09,32.89,2011640,3387052192.0,3.42,0.19
2016-06-28,1604.05,1633.08,1634.88,1601.48,1.47,23.69,2635879,4769614080.0,2.08,0.24
2016-06-29,1640.63,1638.26,1649.15,1628.1,0.32,5.18,2421247,4286382992.0,1.29,0.22
2016-06-30,1642.52,1646.83,1651.81,1633.58,0.52,8.57,2099148,3642918864.0,1.11,0.19
2016-07-01,1646.84,1642.27,1654.73,1634.36,-0.28,-4.56,2051810,3474371728.0,1.24,0.19
2016-07-04,1630.2,1663.95,1667.16,1627.67,1.32,21.68,2595423,4114466176.0,2.4,0.24
2016-07-05,1663.85,1680.58,1682.95,1652.37,1.0,16.63,3289900,4741858816.0,1.84,0.3
2016-07-06,1671.38,1677.98,1679.82,1659.75,-0.15,-2.6,2416774,3576001680.0,1.19,0.22
2016-07-07,1675.31,1671.55,1682.48,1651.61,-0.38,-6.43,3059210,4651458304.0,1.84,0.28
2016-07-08,1668.48,1663.66,1674.26,1658.55,-0.47,-7.89,2446063,3807310224.0,0.94,0.23
2016-07-11,1669.76,1660.61,1681.77,1656.9,-0.18,-3.05,3750679,6050353408.0,1.49,0.35
2016-07-12,1662.05,1692.23,1692.73,1650.5,1.9,31.62,4956112,8019672576.0,2.54,0.46
2016-07-13,1698.62,1712.21,1714.4,1687.04,1.18,19.98,5376095,8773139712.0,1.62,0.5
2016-07-14,1712.49,1728.9,1733.68,1708.89,0.97,16.69,5228019,9226405632.0,1.45,0.48
2016-07-15,1718.43,1709.56,1721.19,1704.88,-1.12,-19.34,5383609,8427905792.0,0.94,0.5
2016-07-18,1707.44,1710.6,1723.5,1698.51,0.06,1.04,4643037,7534539776.0,1.46,0.43
2016-07-19,1708.78,1708.42,1711.22,1686.09,-0.13,-2.18,3784915,6058127360.0,1.47,0.35
2016-07-20,1707.8,1706.31,1717.11,1702.49,-0.12,-2.11,3540539,6120489216.0,0.86,0.33
2016-07-21,1707.72,1707.25,1724.85,1702.39,0.06,0.94,3532292,5987886336.0,1.32,0.33
2016-07-22,1703.96,1695.04,1714.04,1691.95,-0.72,-12.21,3105937,4908977920.0,1.29,0.29
2016-07-25,1690.18,1703.48,1710.46,1687.93,0.5,8.44,3199037,5193167104.0,1.33,0.3
2016-07-26,1701.74,1724.37,1724.43,1701.23,1.23,20.89,3309432,4954941696.0,1.36,0.31
2016-07-27,1724.52,1636.99,1726.57,1613.89,-5.07,-87.38,4938124,7934723840.0,6.53,0.46
2016-07-28,1633.56,1638.52,1648.2,1604.71,0.09,1.53,3467371,5376759040.0,2.66,0.32
2016-07-29,1636.0,1626.69,1643.18,1619.42,-0.72,-11.83,2699533,4018075136.0,1.45,0.25
2016-08-01,1617.65,1623.25,1632.08,1590.49,-0.21,-3.44,2732453,3826065216.0,2.56,0.25
2016-08-02,1618.41,1626.38,1626.76,1612.54,0.19,3.13,2097066,2963991728.0,0.88,0.19
2016-08-03,1625.97,1634.21,1634.65,1616.5,0.48,7.83,2114160,3012611616.0,1.12,0.2
2016-08-04,1632.65,1645.56,1653.28,1620.7,0.69,11.35,2404462,3261225328.0,1.99,0.22
2016-08-05,1657.14,1643.05,1665.64,1639.59,-0.15,-2.51,2857081,3367385808.0,1.58,0.26
2016-08-08,1644.61,1676.45,1676.45,1637.97,2.03,33.4,5052215,4564480512.0,2.34,0.47
2016-08-09,1674.42,1684.73,1684.88,1665.92,0.49,8.28,4093503,4657618176.0,1.13,0.38
2016-08-10,1678.85,1664.64,1682.61,1662.78,-1.19,-20.09,4077933,4739948800.0,1.18,0.38
2016-08-11,1661.66,1629.64,1664.01,1628.37,-2.1,-35.0,3139038,3795812480.0,2.14,0.29
2016-08-12,1625.8,1656.43,1660.97,1623.1,1.64,26.79,3619925,3485547648.0,2.32,0.33
2016-08-15,1665.09,1693.2,1703.37,1664.39,2.22,36.77,5423296,5547493120.0,2.35,0.5
2016-08-16,1698.27,1722.61,1736.23,1694.5,1.74,29.41,5599904,5468143872.0,2.46,0.52
2016-08-17,1712.28,1707.03,1718.96,1695.24,-0.9,-15.58,4225849,4656867328.0,1.38,0.39
2016-08-18,1710.22,1739.09,1754.98,1705.15,1.88,32.06,6652435,6076842240.0,2.92,0.61
2016-08-19,1723.05,1725.21,1733.15,1717.67,-0.8,-13.88,4234827,4188500288.0,0.89,0.39
2016-08-22,1730.17,1700.24,1739.93,1698.58,-1.45,-24.97,3558233,4006760160.0,2.4,0.33
2016-08-23,1697.87,1693.72,1705.1,1681.83,-0.38,-6.52,2335286,2680533776.0,1.37,0.22
2016-08-24,1698.2,1702.0,1714.96,1691.27,0.49,8.28,3119709,3565776496.0,1.4,0.29
2016-08-25,1687.75,1684.79,1687.9,1663.36,-1.01,-17.21,3084655,3975359136.0,1.44,0.29
2016-08-26,1690.01,1691.57,1701.53,1686.4,0.4,6.78,2929930,4343975680.0,0.9,0.27
2016-08-29,1693.75,1700.38,1705.07,1686.57,0.52,8.81,3243850,4158586128.0,1.09,0.3
2016-08-30,1702.55,1697.67,1707.29,1691.62,-0.16,-2.71,2729252,3304152800.0,0.92,0.25
2016-08-31,1698.56,1710.13,1720.76,1694.92,0.73,12.46,3350351,3455373152.0,1.52,0.31
2016-09-01,1708.32,1684.42,1713.81,1684.42,-1.5,-25.71,2845985,3156022416.0,1.72,0.26
2016-09-02,1679.39,1678.96,1692.46,1673.59,-0.32,-5.46,2113298,2624436400.0,1.12,0.2
2016-09-05,1685.98,1684.26,1695.56,1680.47,0.32,5.3,2140762,2620208576.0,0.9,0.2
2016-09-06,1683.36,1701.15,1702.13,1663.2,1.0,16.89,3040615,3833664816.0,2.31,0.28
2016-09-07,1699.77,1718.45,1730.59,1698.43,1.02,17.3,4553327,5994750208.0,1.89,0.42
2016-09-08,1711.91,1716.24,1722.53,1707.15,-0.13,-2.21,2938685,3806583440.0,0.89,0.27
2016-09-09,1713.4,1699.67,1716.51,1699.1,-0.97,-16.57,2370901,3141141952.0,1.01,0.22
2016-09-12,1666.83,1656.36,1681.59,1650.99,-2.55,-43.31,3099031,3677616992.0,1.8,0.29
2016-09-13,1668.18,1674.77,1676.08,1657.3,1.11,18.41,2836923,2932654128.0,1.13,0.26
2016-09-14,1669.29,1658.2,1672.52,1652.0,-0.99,-16.57,2082185,2209017040.0,1.23,0.19
2016-09-19,1661.24,1680.94,1681.68,1661.24,1.37,22.74,1998723,2121097792.0,1.23,0.18
2016-09-20,1682.6,1677.18,1682.99,1672.49,-0.22,-3.76,1738478,1918852912.0,0.62,0.16
2016-09-21,1676.91,1683.6,1690.4,1674.67,0.38,6.42,1982997,2349830944.0,0.94,0.18
2016-09-22,1722.02,1723.88,1732.69,1719.41,2.39,40.28,2818501,3101797104.0,0.79,0.26
2016-09-23,1765.08,1762.98,1769.31,1756.51,2.27,39.1,6412271,4962331904.0,0.74,0.59
2016-09-26,1759.69,1748.82,1783.93,1745.59,-0.8,-14.16,7869466,6365957120.0,2.17,0.73
2016-09-27,1744.33,1758.49,1758.49,1739.17,0.55,9.67,1773178,2653790000.0,1.1,0.16
2016-09-28,1758.37,1757.78,1760.0,1752.47,-0.04,-0.71,1749940,2518188896.0,0.43,0.16
2016-09-29,1759.26,1761.41,1765.74,1758.64,0.21,3.63,1584847,2642983056.0,0.4,0.15
2016-09-30,1760.68,1767.39,1769.17,1759.39,0.34,5.98,1726049,2425433232.0,0.56,0.16
2016-10-10,1774.72,1796.01,1796.01,1771.7,1.62,28.62,2022671,3222990032.0,1.38,0.19
2016-10-11,1809.37,1807.63,1826.17,1793.5,0.65,11.62,6045884,5272180736.0,1.82,0.56
2016-10-12,1796.69,1792.63,1796.88,1779.3,-0.83,-15.0,4592003,4410936576.0,0.97,0.42
2016-10-13,1788.62,1787.68,1798.12,1777.11,-0.28,-4.95,3719933,4078881696.0,1.17,0.34
2016-10-14,1783.35,1775.77,1793.75,1769.07,-0.67,-11.91,3216186,3468571936.0,1.38,0.3
2016-10-17,1777.14,1772.85,1793.26,1763.38,-0.16,-2.92,3598879,4513033728.0,1.68,0.33
2016-10-18,1771.32,1783.42,1784.11,1760.23,0.6,10.57,3490814,3836482144.0,1.35,0.32
2016-10-19,1783.37,1780.38,1798.61,1774.05,-0.17,-3.04,3344215,4208106352.0,1.38,0.31
2016-10-20,1784.52,1798.56,1799.67,1783.0,1.02,18.18,5560532,6689050880.0,0.94,0.51
2016-10-21,1790.69,1783.47,1801.96,1767.59,-0.84,-15.09,4837026,5393272064.0,1.91,0.45
2016-10-24,1780.2,1795.55,1796.41,1772.6,0.68,12.08,3464325,3918427632.0,1.34,0.32
2016-10-25,1794.08,1805.4,1805.42,1788.82,0.55,9.85,3337545,3959169936.0,0.92,0.31
2016-10-26,1808.03,1823.49,1834.58,1806.33,1.0,18.09,5682409,5750947584.0,1.56,0.53
2016-10-27,1812.63,1809.72,1812.63,1801.9,-0.76,-13.77,3271334,3564031808.0,0.59,0.3
2016-10-28,1808.13,1783.43,1808.96,1782.98,-1.45,-26.29,3139913,3410468144.0,1.44,0.29
2016-10-31,1773.76,1789.36,1790.64,1767.0,0.33,5.93,2709967,3262832016.0,1.33,0.25
2016-11-01,1786.53,1826.64,1828.2,1782.57,2.08,37.28,4228380,4898275584.0,2.55,0.39
2016-11-02,1811.05,1799.69,1814.62,1796.8,-1.48,-26.95,3772763,4607205888.0,0.98,0.35
2016-11-03,1788.24,1802.07,1815.21,1785.46,0.13,2.38,3715852,4887283968.0,1.65,0.34
2016-11-04,1801.51,1812.46,1813.51,1797.74,0.58,10.39,3278161,4501443840.0,0.88,0.3
2016-11-07,1807.21,1797.54,1808.38,1793.4,-0.82,-14.92,2459037,3255693728.0,0.83,0.23
2016-11-08,1805.25,1800.52,1808.5,1794.43,0.17,2.98,2373940,3167183168.0,0.78,0.22
2016-11-09,1800.21,1794.96,1814.73,1775.05,-0.31,-5.56,3979255,5163642880.0,2.2,0.37
2016-11-10,1806.35,1818.32,1818.65,1804.55,1.3,23.36,3476813,4865844736.0,0.79,0.32
2016-11-11,1815.56,1819.82,1819.93,1805.02,0.08,1.5,3280007,4554304000.0,0.82,0.3
2016-11-14,1818.04,1825.93,1828.28,1813.04,0.34,6.11,3237596,4517346560.0,0.84,0.3
2016-11-15,1829.58,1848.97,1849.06,1824.31,1.26,23.04,4124235,4890078720.0,1.36,0.38
2016-11-16,1853.74,1853.54,1856.75,1845.27,0.25,4.57,3819408,5302449408.0,0.62,0.35
2016-11-17,1852.47,1845.15,1852.53,1834.44,-0.45,-8.39,2974973,3936175472.0,0.98,0.27
2016-11-18,1845.77,1839.74,1848.79,1834.08,-0.29,-5.41,2472584,3272187920.0,0.8,0.23
2016-11-21,1836.53,1839.78,1842.37,1832.61,0.0,0.04,2399130,3008766480.0,0.53,0.22
2016-11-22,1841.91,1871.15,1871.15,1840.41,1.71,31.37,3679775,5004908800.0,1.67,0.34
2016-11-23,1872.34,1858.11,1872.34,1852.88,-0.7,-13.04,3630562,4851996928.0,1.04,0.34
2016-11-24,1853.4,1852.87,1857.27,1842.08,-0.28,-5.24,2951953,4080442064.0,0.82,0.27
2016-11-25,1851.28,1856.76,1858.5,1823.04,0.21,3.89,3518539,4229961408.0,1.91,0.33
2016-11-28,1860.9,1851.58,1864.38,1846.66,-0.28,-5.18,3224117,4918848000.0,0.95,0.3
2016-11-29,1846.83,1826.1,1851.35,1819.7,-1.38,-25.48,4430007,5695616512.0,1.71,0.41
2016-11-30,1860.21,1852.58,1865.63,1849.45,1.45,26.48,4057411,4703237376.0,0.89,0.38
2016-12-01,1863.59,1874.41,1879.85,1858.12,1.18,21.83,6951742,7077710592.0,1.17,0.64
2016-12-02,1861.22,1823.78,1862.27,1822.52,-2.7,-50.63,4296204,4974549248.0,2.12,0.4
2016-12-05,1790.12,1797.11,1815.42,1788.49,-1.46,-26.67,2679997,3249628704.0,1.48,0.25
2016-12-06,1806.87,1806.01,1819.24,1803.56,0.5,8.9,2347104,3196715504.0,0.87,0.22
2016-12-07,1805.62,1827.03,1828.32,1801.19,1.16,21.02,2442200,2892852192.0,1.5,0.23
2016-12-08,1824.89,1806.41,1824.96,1803.44,-1.13,-20.62,2079216,2700268944.0,1.18,0.19
2016-12-09,1801.9,1812.43,1814.72,1801.32,0.33,6.02,2492040,3232920976.0,0.74,0.23
2016-12-12,1811.64,1743.8,1819.94,1739.76,-3.79,-68.63,4356389,5242870016.0,4.42,0.4
2016-12-13,1748.77,1752.98,1759.57,1721.31,0.53,9.18,2921112,3583170288.0,2.19,0.27
2016-12-14,1745.8,1741.57,1754.27,1731.35,-0.65,-11.41,2801500,3497299696.0,1.31,0.26
2016-12-15,1731.87,1759.24,1765.3,1727.8,1.01,17.67,2306474,2740437920.0,2.15,0.21
2016-12-16,1761.87,1789.27,1795.06,1757.77,1.71,30.03,3188263,3447944688.0,2.12,0.29
2016-12-19,1783.53,1783.56,1789.51,1777.14,-0.32,-5.71,2102936,2314873008.0,0.69,0.19
2016-12-20,1783.84,1782.23,1793.71,1774.02,-0.07,-1.33,2080808,2327128928.0,1.1,0.19
2016-12-21,1783.12,1788.07,1791.68,1778.83,0.33,5.84,1932100,2336575136.0,0.72,0.18
2016-12-22,1784.42,1780.41,1785.12,1764.73,-0.43,-7.66,2041785,2416944528.0,1.14,0.19
2016-12-23,1777.17,1761.44,1778.91,1757.51,-1.07,-18.97,2088142,2617111056.0,1.2,0.19
2016-12-26,1751.7,1770.76,1771.44,1739.93,0.53,9.32,1828092,2350532848.0,1.79,0.17
2016-12-27,1769.89,1776.24,1779.92,1767.28,0.31,5.48,2003649,2442205232.0,0.71,0.19
2016-12-28,1774.23,1781.96,1786.98,1769.52,0.32,5.72,2073669,2306718368.0,0.98,0.19
2016-12-29,1777.66,1765.8,1782.06,1764.32,-0.91,-16.16,1599624,1873034752.0,1.0,0.15
2016-12-30,1763.34,1774.94,1782.07,1761.87,0.52,9.14,1935639,1951058960.0,1.14,0.18
2017-01-03,1777.05,1786.24,1788.04,1777.04,0.64,11.3,1547474,2101196160.0,0.62,0.14
2017-01-04,1785.88,1801.62,1801.8,1780.66,0.86,15.38,2053465,2789813520.0,1.18,0.19
2017-01-05,1802.84,1788.91,1804.83,1787.87,-0.71,-12.71,1720132,2329310032.0,0.94,0.16
2017-01-06,1789.0,1780.78,1792.05,1778.45,-0.45,-8.13,1608204,2228094864.0,0.76,0.15
2017-01-09,1778.97,1788.76,1788.76,1769.29,0.45,7.98,1675036,2245784640.0,1.09,0.15
2017-01-10,1789.7,1782.2,1793.91,1780.26,-0.37,-6.56,1807308,2345724032.0,0.76,0.17
2017-01-11,1778.0,1754.05,1778.56,1753.92,-1.58,-28.15,1915980,2373994800.0,1.38,0.18
2017-01-12,1754.73,1726.85,1755.64,1721.69,-1.55,-27.2,1730647,2229314528.0,1.94,0.16
2017-01-13,1724.65,1703.59,1733.24,1703.59,-1.35,-23.26,1641782,2305522032.0,1.72,0.15
2017-01-16,1700.88,1639.32,1702.52,1584.43,-3.77,-64.27,2623813,3351390752.0,6.93,0.24
2017-01-17,1631.33,1653.93,1656.4,1610.78,0.89,14.61,1534670,2029588000.0,2.78,0.14
2017-01-18,1650.66,1655.12,1661.2,1642.01,0.07,1.19,1621478,2026619072.0,1.16,0.15
2017-01-19,1654.62,1646.48,1657.05,1642.57,-0.52,-8.64,1283743,1662056640.0,0.87,0.12
2017-01-20,1643.67,1665.48,1670.35,1638.98,1.15,19.0,1411606,2121678304.0,1.91,0.13
2017-01-23,1666.74,1714.68,1714.69,1666.74,2.95,49.2,2510209,2706723376.0,2.88,0.23
2017-01-24,1724.13,1725.55,1740.46,1712.75,0.63,10.87,3575647,3099896960.0,1.62,0.33
2017-01-25,1728.85,1722.16,1742.3,1716.44,-0.2,-3.39,2445419,2288724288.0,1.5,0.23
2017-01-26,1726.21,1738.44,1739.18,1723.85,0.95,16.28,1681432,2025820976.0,0.89,0.16
2017-02-03,1738.39,1732.4,1740.07,1722.04,-0.35,-6.04,1363682,1536236096.0,1.04,0.13
2017-02-06,1729.55,1761.87,1762.44,1724.38,1.7,29.47,2199356,2379558224.0,2.2,0.2
2017-02-07,1752.79,1761.88,1765.53,1748.58,0.0,0.01,2386149,2688200320.0,0.96,0.22
2017-02-08,1754.79,1795.3,1795.64,1754.1,1.9,33.42,3743944,3408549472.0,2.36,0.35
2017-02-09,1789.41,1793.48,1795.1,1781.45,-0.1,-1.82,2908727,2840597184.0,0.76,0.27
2017-02-10,1793.51,1783.6,1802.3,1781.41,-0.55,-9.88,2211381,2322199024.0,1.16,0.2
2017-02-13,1778.13,1800.5,1800.5,1773.6,0.95,16.9,2530403,2845381984.0,1.51,0.23
2017-02-14,1799.41,1797.64,1800.15,1789.77,-0.16,-2.86,1816158,2385344320.0,0.58,0.17
2017-02-15,1793.78,1774.94,1802.19,1771.74,-1.26,-22.7,2158990,2661464032.0,1.69,0.2
2017-02-16,1773.71,1782.94,1785.83,1769.37,0.45,8.0,1601587,2032716336.0,0.93,0.15
2017-02-17,1780.56,1774.48,1792.22,1765.51,-0.47,-8.46,1957895,2301496192.0,1.5,0.18
2017-02-20,1775.15,1784.47,1784.47,1767.4,0.56,9.99,2316090,2758247024.0,0.96,0.21
2017-02-21,1788.19,1804.94,1807.15,1785.7,1.15,20.47,2824528,3797526848.0,1.2,0.26
2017-02-22,1802.61,1812.51,1813.51,1798.61,0.42,7.57,2890410,3696727696.0,0.83,0.27
2017-02-23,1807.82,1814.04,1814.05,1800.88,0.08,1.53,2535215,3412805376.0,0.73,0.23
2017-02-24,1813.56,1815.01,1817.33,1807.53,0.05,0.97,2145936,2821318432.0,0.54,0.2
2017-02-27,1809.68,1790.21,1809.68,1788.02,-1.37,-24.8,2599984,2939128928.0,1.19,0.24
2017-02-28,1786.04,1799.94,1802.04,1786.04,0.54,9.73,2147512,3186702480.0,0.89,0.2
2017-03-01,1798.81,1805.64,1809.42,1798.81,0.32,5.7,2388358,3567492480.0,0.59,0.22
2017-03-02,1804.81,1793.2,1808.66,1791.92,-0.69,-12.44,1982471,2858698864.0,0.93,0.18
2017-03-03,1789.1,1797.72,1808.28,1781.38,0.25,4.52,2273102,3236387184.0,1.5,0.21
2017-03-06,1799.1,1815.68,1815.93,1797.52,1.0,17.96,2549207,3478369136.0,1.02,0.24
2017-03-07,1818.82,1824.44,1824.8,1810.66,0.48,8.76,2896721,4229494944.0,0.78,0.27
2017-03-08,1821.49,1812.38,1823.59,1809.03,-0.66,-12.06,2572341,3657703792.0,0.8,0.24
2017-03-09,1808.82,1797.26,1809.38,1795.45,-0.83,-15.12,2632994,3305513616.0,0.77,0.24
2017-03-10,1791.96,1800.0,1805.18,1791.96,0.15,2.74,1894488,2593505008.0,0.74,0.18
2017-03-13,1796.55,1807.6,1807.6,1782.37,0.42,7.6,2139117,2750180592.0,1.4,0.2
2017-03-14,1806.85,1804.69,1814.56,1801.04,-0.16,-2.91,2382163,3053870880.0,0.75,0.22
2017-03-15,1798.6,1799.71,1801.12,1792.47,-0.28,-4.98,2243026,2696452080.0,0.48,0.21
2017-03-16,1807.31,1816.95,1818.58,1807.31,0.96,17.24,2640177,3531673808.0,0.63,0.24
2017-03-17,1818.93,1806.8,1824.9,1806.06,-0.56,-10.15,2936888,3947881744.0,1.04,0.27
2017-03-20,1805.71,1811.84,1814.11,1803.18,0.28,5.04,2782919,3628886496.0,0.6,0.26
2017-03-21,1811.84,1811.7,1814.56,1805.92,-0.01,-0.14,2800415,3789765200.0,0.48,0.26
2017-03-22,1802.96,1797.03,1807.0,1787.13,-0.81,-14.67,2742959,3827773712.0,1.1,0.25
2017-03-23,1797.76,1798.24,1804.96,1782.28,0.07,1.21,2487814,3442329632.0,1.26,0.23
2017-03-24,1799.68,1798.89,1799.68,1788.05,0.04,0.65,2483633,3608498400.0,0.65,0.23
2017-03-27,1797.65,1788.23,1798.52,1786.38,-0.59,-10.66,2318836,3474607200.0,0.67,0.21
2017-03-28,1784.8,1780.1,1786.74,1773.04,-0.45,-8.13,1972364,3227955840.0,0.77,0.18
2017-03-29,1782.84,1785.03,1797.06,1764.44,0.28,4.93,2447153,3263732896.0,1.83,0.23
2017-03-30,1783.59,1750.11,1786.73,1748.16,-1.96,-34.92,2828448,4268614208.0,2.16,0.26
2017-03-31,1750.1,1761.88,1762.82,1750.1,0.67,11.77,2282831,2801918688.0,0.73,0.21
2017-04-05,1773.66,1790.93,1790.93,1772.41,1.65,29.05,2059587,2521925584.0,1.05,0.19
2017-04-06,1795.82,1794.27,1799.03,1791.26,0.19,3.34,1793751,2534958672.0,0.43,0.17
2017-04-07,1796.8,1793.68,1798.48,1781.64,-0.03,-0.59,4319514,5508888064.0,0.94,0.4
2017-04-10,1797.92,1792.75,1799.72,1785.02,-0.05,-0.93,3128186,4137679984.0,0.82,0.29
2017-04-11,1793.58,1803.2,1809.99,1785.5,0.58,10.45,5995897,8514426624.0,1.37,0.55
2017-04-12,1793.08,1781.74,1794.35,1779.85,-1.19,-21.46,4757206,6547285248.0,0.8,0.44
2017-04-13,1807.06,1785.81,1808.67,1782.57,0.23,4.07,3970232,4995182592.0,1.46,0.37
2017-04-14,1785.97,1761.27,1787.85,1757.51,-1.37,-24.54,4199573,6161091328.0,1.7,0.39
2017-04-17,1753.55,1743.09,1753.95,1733.34,-1.03,-18.18,3395495,4295053824.0,1.17,0.31
2017-04-18,1740.67,1728.99,1749.86,1727.49,-0.81,-14.1,3062484,3904763504.0,1.28,0.28
2017-04-19,1719.92,1717.35,1722.96,1685.0,-0.67,-11.64,3745575,5019101184.0,2.2,0.35
2017-04-20,1717.18,1707.34,1719.15,1695.94,-0.58,-10.01,3231787,4269853664.0,1.35,0.3
2017-04-21,1705.98,1704.77,1716.49,1703.38,-0.15,-2.57,3120075,3814787984.0,0.77,0.29
2017-04-24,1703.54,1672.16,1703.54,1665.69,-1.91,-32.61,2709320,3489113920.0,2.22,0.25
2017-04-25,1672.63,1680.65,1689.87,1672.62,0.51,8.49,2662203,3277536336.0,1.03,0.25
2017-04-26,1678.67,1683.5,1684.12,1672.35,0.17,2.85,2725764,3284730320.0,0.7,0.25
2017-04-27,1672.38,1677.66,1679.8,1644.15,-0.35,-5.84,3438324,4100185456.0,2.12,0.32
2017-04-28,1667.19,1682.1,1683.43,1664.42,0.26,4.44,2699067,3425185616.0,1.13,0.25
2017-05-02,1702.71,1689.36,1707.37,1681.63,0.43,7.26,3114877,3550518752.0,1.53,0.29
2017-05-03,1685.46,1702.83,1715.47,1679.85,0.8,13.47,3438089,3625174560.0,2.11,0.32
2017-05-04,1697.74,1703.79,1725.89,1694.36,0.06,0.96,4094057,4598457600.0,1.85,0.38
2017-05-05,1699.11,1690.13,1699.78,1689.08,-0.8,-13.66,2168166,2829327552.0,0.63,0.2
2017-05-08,1685.2,1662.75,1687.36,1662.43,-1.62,-27.38,2221855,2722628928.0,1.48,0.21
2017-05-09,1657.28,1672.15,1672.31,1650.45,0.57,9.4,1756520,2258793328.0,1.31,0.16
2017-05-10,1671.09,1641.58,1676.53,1640.25,-1.83,-30.57,1984899,2468317696.0,2.17,0.18
2017-05-11,1636.69,1625.19,1636.69,1594.78,-1.0,-16.39,2209736,2649059376.0,2.55,0.2
2017-05-12,1623.61,1618.91,1625.05,1611.59,-0.39,-6.28,1711746,2077515792.0,0.83,0.16
2017-05-15,1621.59,1617.57,1629.2,1616.49,-0.08,-1.34,1380322,1702508928.0,0.79,0.13
2017-05-16,1616.07,1647.44,1647.52,1609.49,1.85,29.87,2519762,3141689968.0,2.35,0.23
2017-05-17,1645.51,1656.53,1664.19,1643.7,0.55,9.09,2879422,3600800688.0,1.24,0.27
2017-05-18,1647.01,1654.72,1664.05,1643.7,-0.11,-1.81,2700553,3349253488.0,1.23,0.25
2017-05-19,1652.96,1650.85,1657.93,1644.19,-0.23,-3.87,1907697,2366589568.0,0.83,0.18
2017-05-22,1655.56,1634.12,1659.23,1632.64,-1.01,-16.73,2390179,3029458560.0,1.61,0.22
2017-05-23,1635.35,1600.19,1636.73,1599.26,-2.08,-33.93,2584786,3270916816.0,2.29,0.24
2017-05-24,1589.09,1609.53,1610.11,1570.2,0.58,9.34,2794350,3444699856.0,2.49,0.26
2017-05-25,1601.81,1617.43,1622.27,1591.84,0.49,7.9,2756840,3420110912.0,1.89,0.25
2017-05-26,1615.58,1613.69,1621.9,1611.5,-0.23,-3.74,2143628,2828568448.0,0.64,0.2
2017-05-31,1628.03,1613.05,1632.11,1612.97,-0.04,-0.64,2002846,2614054128.0,1.19,0.19
2017-06-01,1610.69,1571.14,1610.69,1570.67,-2.6,-41.91,2217188,2792264416.0,2.48,0.2
2017-06-02,1569.77,1588.79,1590.18,1558.41,1.12,17.65,2085709,2547191024.0,2.02,0.19
2017-06-05,1590.2,1599.94,1605.07,1588.03,0.7,11.15,2136490,2660096096.0,1.07,0.2
2017-06-06,1606.52,1622.22,1623.79,1603.79,1.39,22.28,2235373,2693981776.0,1.25,0.21
2017-06-07,1618.03,1643.23,1643.91,1617.31,1.3,21.01,3267196,4058498848.0,1.64,0.3
2017-06-08,1641.73,1641.95,1644.54,1636.25,-0.08,-1.28,2892023,3545090000.0,0.5,0.27
2017-06-09,1641.16,1644.56,1645.38,1625.74,0.16,2.61,2925355,3584644800.0,1.2,0.27
2017-06-12,1637.93,1630.97,1641.02,1630.16,-0.83,-13.59,2882396,3530235712.0,0.66,0.27
2017-06-13,1631.0,1650.4,1652.47,1630.26,1.19,19.43,2684417,3364933872.0,1.36,0.25
2017-06-14,1649.05,1649.97,1653.53,1642.77,-0.03,-0.43,3293230,4439018240.0,0.65,0.3
2017-06-15,1649.81,1660.6,1665.91,1649.22,0.64,10.63,3263612,4280308592.0,1.01,0.3
2017-06-16,1658.42,1651.6,1661.71,1650.43,-0.54,-9.0,2232420,2936912336.0,0.68,0.21
2017-06-19,1650.37,1660.48,1660.55,1649.09,0.54,8.88,2007162,2453526816.0,0.69,0.19
2017-06-20,1662.09,1654.24,1663.97,1653.63,-0.38,-6.24,2042729,2642898832.0,0.62,0.19
2017-06-21,1657.86,1653.19,1658.36,1641.77,-0.06,-1.05,2030198,2779512016.0,1.0,0.19
2017-06-22,1652.31,1634.47,1658.06,1634.47,-1.13,-18.72,2894900,4079057280.0,1.43,0.27
2017-06-23,1629.91,1634.0,1634.68,1614.85,-0.03,-0.47,2475397,3225839040.0,1.21,0.23
2017-06-26,1634.67,1653.04,1653.04,1633.91,1.17,19.04,2003110,2651265152.0,1.17,0.19
2017-06-27,1652.67,1656.41,1659.62,1649.58,0.2,3.37,1741329,2431007072.0,0.61,0.16
2017-06-28,1653.08,1646.25,1653.12,1644.14,-0.61,-10.16,1806490,2356130320.0,0.54,0.17
2017-06-29,1647.47,1648.57,1654.74,1644.52,0.14,2.32,1516485,1929704384.0,0.62,0.14
2017-06-30,1645.22,1649.45,1652.19,1638.62,0.05,0.88,1604394,2230616640.0,0.82,0.15
2017-07-03,1648.86,1666.51,1666.51,1645.39,1.03,17.06,1880721,2256779936.0,1.28,0.17
2017-07-04,1665.87,1666.45,1668.09,1659.17,0.0,-0.06,1782671,2291109264.0,0.54,0.16
2017-07-05,1633.16,1670.1,1670.1,1633.16,0.22,3.65,3299759,3316647008.0,2.22,0.31
2017-07-06,1674.39,1663.07,1674.39,1656.34,-0.42,-7.03,4026814,4202617776.0,1.08,0.37
2017-07-07,1654.03,1665.29,1665.84,1654.03,0.13,2.22,3635824,3831743872.0,0.71,0.34
2017-07-10,1659.99,1645.27,1661.5,1642.51,-1.2,-20.02,3946798,4048054496.0,1.14,0.36
2017-07-11,1640.23,1614.58,1645.53,1614.21,-1.87,-30.69,3572732,3683514048.0,1.9,0.33
2017-07-12,1614.04,1612.38,1617.44,1591.38,-0.14,-2.2,2901587,2977447184.0,1.61,0.27
2017-07-13,1608.59,1614.59,1618.31,1608.59,0.14,2.21,2303301,2389128208.0,0.6,0.21
2017-07-14,1614.12,1603.73,1614.34,1600.57,-0.67,-10.86,2098691,2151972080.0,0.85,0.19
2017-07-17,1594.94,1509.37,1596.95,1508.91,-5.88,-94.36,3820884,3966740048.0,5.49,0.35
2017-07-18,1503.22,1513.01,1515.51,1478.86,0.24,3.64,2357576,2356230528.0,2.43,0.22
2017-07-19,1509.17,1524.25,1524.33,1500.92,0.74,11.24,2012413,2081833648.0,1.55,0.19
2017-07-20,1520.61,1527.04,1538.15,1519.17,0.18,2.79,2088505,2279118944.0,1.25,0.19
2017-07-21,1525.72,1522.61,1532.63,1520.65,-0.29,-4.43,2007793,2313902448.0,0.78,0.19
2017-07-24,1520.32,1526.13,1526.45,1509.83,0.23,3.52,2327911,2604515216.0,1.09,0.22
2017-07-25,1523.15,1528.99,1531.92,1518.34,0.19,2.86,1880283,2196549232.0,0.89,0.17
2017-07-26,1527.25,1526.77,1534.09,1519.05,-0.15,-2.22,1887033,2206536560.0,0.98,0.17
2017-07-27,1522.25,1554.5,1556.75,1518.18,1.82,27.73,2902014,3445983440.0,2.53,0.27
2017-07-28,1555.73,1547.72,1556.84,1547.5,-0.44,-6.78,2212913,2714103520.0,0.6,0.2
2017-07-31,1550.12,1559.48,1564.1,1543.19,0.76,11.76,2444147,2913897984.0,1.35,0.23
2017-08-01,1565.11,1564.16,1569.37,1553.48,0.3,4.68,2873531,3202881728.0,1.02,0.27
2017-08-02,1560.91,1544.02,1562.18,1542.45,-1.29,-20.14,2639360,2881390464.0,1.26,0.24
2017-08-03,1541.51,1547.07,1558.94,1537.99,0.2,3.05,2254216,2449610576.0,1.36,0.21
2017-08-04,1545.37,1534.87,1547.8,1534.87,-0.79,-12.2,2378887,2552888704.0,0.84,0.22
2017-08-07,1529.77,1550.16,1550.35,1529.77,1.0,15.29,2178434,2412107744.0,1.34,0.2
2017-08-08,1549.67,1556.52,1557.92,1542.59,0.41,6.36,2162984,2424606864.0,0.99,0.2
2017-08-09,1555.11,1577.66,1582.12,1552.32,1.36,21.14,2464384,2639220864.0,1.91,0.23
2017-08-10,1574.05,1553.21,1577.61,1546.6,-1.55,-24.45,2658747,2841590704.0,1.97,0.25
2017-08-11,1544.13,1536.14,1549.21,1534.22,-1.1,-17.07,2069667,2174619920.0,0.97,0.19
2017-08-14,1539.29,1563.16,1563.16,1538.38,1.76,27.02,2126685,2381734240.0,1.61,0.2
2017-08-15,1565.23,1570.57,1570.7,1561.98,0.47,7.41,2408541,2879333152.0,0.56,0.22
2017-08-16,1567.73,1583.04,1585.66,1565.15,0.79,12.47,2552701,3042386240.0,1.31,0.24
2017-08-17,1580.21,1594.06,1594.99,1577.43,0.7,11.02,2803428,3267935904.0,1.11,0.26
2017-08-18,1585.08,1583.02,1590.41,1580.36,-0.69,-11.04,2451363,2730313856.0,0.63,0.23
2017-08-21,1585.92,1598.65,1598.65,1584.88,0.99,15.63,2090061,2328209152.0,0.87,0.19
2017-08-22,1599.84,1585.98,1599.84,1583.5,-0.79,-12.67,3441827,3963552080.0,1.02,0.32
2017-08-23,1584.17,1585.5,1591.16,1578.99,-0.03,-0.48,2502274,2870544784.0,0.77,0.23
2017-08-24,1581.49,1569.45,1584.96,1567.31,-1.01,-16.05,1926179,2177050208.0,1.11,0.18
2017-08-25,1567.15,1583.67,1585.12,1566.96,0.91,14.22,1777444,2039088144.0,1.16,0.16
2017-08-28,1584.02,1603.32,1605.73,1584.02,1.24,19.65,2433630,2933531120.0,1.37,0.22
2017-08-29,1603.22,1598.53,1606.25,1597.54,-0.3,-4.79,2050345,2609213296.0,0.54,0.19
2017-08-30,1597.84,1597.22,1604.02,1595.09,-0.08,-1.31,1986982,2547530432.0,0.56,0.18
2017-08-31,1599.22,1609.98,1609.98,1598.24,0.8,12.76,2280089,2966120752.0,0.74,0.21
2017-09-01,1610.25,1615.26,1615.26,1604.68,0.33,5.28,2424628,2810143904.0,0.66,0.22
2017-09-04,1613.6,1620.06,1620.24,1607.93,0.3,4.8,2419016,2688068880.0,0.76,0.22
2017-09-05,1613.03,1621.41,1622.04,1611.63,0.08,1.35,2265171,2693569008.0,0.64,0.21
2017-09-06,1612.62,1626.41,1626.41,1612.01,0.31,5.0,4271509,4788418304.0,0.89,0.39
2017-09-07,1624.99,1629.33,1639.68,1623.43,0.18,2.92,4755167,4976803328.0,1.0,0.44
2017-09-08,1625.61,1632.66,1637.49,1623.61,0.2,3.33,3033592,3307053264.0,0.85,0.28
2017-09-11,1634.58,1644.58,1644.58,1629.97,0.73,11.92,2749862,3057481104.0,0.89,0.25
2017-09-12,1646.51,1626.7,1646.51,1625.12,-1.09,-17.88,3131255,3502514208.0,1.3,0.29
2017-09-13,1624.81,1631.96,1632.92,1622.35,0.32,5.26,2142841,2396983056.0,0.65,0.2
2017-09-14,1630.29,1630.03,1636.1,1624.42,-0.12,-1.93,2386479,2660040832.0,0.72,0.22
2017-09-15,1629.69,1629.03,1632.32,1623.24,-0.06,-1.0,2378708,2454110384.0,0.56,0.22
2017-09-18,1629.12,1639.13,1639.88,1626.98,0.62,10.1,2335710,2547405120.0,0.79,0.22
2017-09-19,1638.3,1635.1,1643.23,1629.87,-0.25,-4.03,4088525,3554994096.0,0.82,0.38
2017-09-20,1632.67,1639.76,1639.76,1625.72,0.28,4.66,2970098,2962489696.0,0.86,0.27
2017-09-21,1637.51,1623.92,1642.72,1623.6,-0.97,-15.84,2987837,2949723520.0,1.17,0.28
2017-09-22,1619.13,1605.61,1619.13,1600.15,-1.13,-18.31,2075081,2235412256.0,1.17,0.19
2017-09-25,1597.0,1589.63,1605.28,1589.09,-1.0,-15.98,2255376,2217344464.0,1.01,0.21
2017-09-26,1586.74,1569.91,1591.43,1562.55,-1.24,-19.72,2064330,2338862256.0,1.82,0.19
2017-09-27,1570.34,1584.83,1585.07,1568.29,0.95,14.92,1900023,2099703504.0,1.07,0.18
2017-09-28,1584.18,1576.37,1589.5,1576.2,-0.53,-8.46,2233082,2455477184.0,0.84,0.21
2017-09-29,1576.65,1596.14,1597.12,1576.65,1.25,19.77,1904962,2141918544.0,1.3,0.18
2017-10-09,1613.66,1609.83,1614.86,1601.38,0.86,13.69,2371029,2940232576.0,0.84,0.22
2017-10-10,1612.26,1642.85,1642.85,1609.65,2.05,33.02,3049754,4015118048.0,2.06,0.28
2017-10-11,1647.89,1643.12,1652.57,1640.37,0.02,0.27,3698130,4899756544.0,0.74,0.34
2017-10-12,1642.11,1635.1,1642.61,1624.51,-0.49,-8.02,2768514,3498621536.0,1.1,0.26
2017-10-13,1634.17,1652.02,1653.67,1632.54,1.03,16.92,2806324,3653306544.0,1.29,0.26
2017-10-16,1648.07,1613.88,1648.07,1610.32,-2.31,-38.14,2810866,3467607696.0,2.29,0.26
2017-10-17,1611.1,1614.73,1624.07,1605.23,0.05,0.85,1506964,2045476080.0,1.17,0.14
2017-10-18,1614.04,1602.98,1621.52,1602.21,-0.73,-11.75,2176097,2652610480.0,1.2,0.2
2017-10-19,1598.8,1587.97,1603.59,1583.97,-0.94,-15.01,2052454,2419270704.0,1.22,0.19
2017-10-20,1584.3,1600.24,1600.24,1579.75,0.77,12.27,1489615,1797668016.0,1.29,0.14
2017-10-23,1599.96,1611.05,1611.22,1597.83,0.68,10.81,1728825,2172611360.0,0.84,0.16
2017-10-24,1614.17,1603.09,1614.17,1594.5,-0.49,-7.96,1928491,2850470032.0,1.22,0.18
2017-10-25,1601.09,1618.36,1618.47,1598.47,0.95,15.27,1681156,2618274128.0,1.25,0.16
2017-10-26,1618.3,1625.88,1627.34,1616.34,0.46,7.52,2198936,3088790800.0,0.68,0.2
2017-10-27,1624.16,1617.52,1626.7,1612.68,-0.51,-8.36,2147958,2780768032.0,0.86,0.2
2017-10-30,1612.08,1563.69,1613.03,1556.03,-3.33,-53.83,2530666,3123419536.0,3.52,0.23
2017-10-31,1561.42,1569.63,1569.63,1557.62,0.38,5.94,1464495,1835328096.0,0.77,0.14
2017-11-01,1571.82,1575.55,1578.08,1566.73,0.38,5.92,1936593,2390484784.0,0.72,0.18
2017-11-02,1571.64,1559.17,1572.98,1558.57,-1.04,-16.38,2029914,2590756352.0,0.91,0.19
2017-11-03,1563.26,1555.43,1566.96,1545.9,-0.24,-3.74,2040401,2520080224.0,1.35,0.19
2017-11-06,1555.52,1570.23,1570.89,1548.66,0.95,14.8,1910806,2402707248.0,1.43,0.18
2017-11-07,1570.53,1583.62,1583.62,1562.83,0.85,13.39,2196836,2604607104.0,1.32,0.2
2017-11-08,1583.96,1587.13,1599.84,1581.58,0.22,3.51,2559347,2992355136.0,1.15,0.24
2017-11-09,1584.67,1594.53,1594.53,1582.38,0.47,7.4,1919553,2249909232.0,0.77,0.18
2017-11-10,1594.07,1598.96,1600.56,1588.64,0.28,4.43,2145595,2789947424.0,0.75,0.2
2017-11-13,1597.35,1592.18,1598.71,1585.63,-0.42,-6.78,2129761,2598746896.0,0.82,0.2
2017-11-14,1592.28,1578.22,1594.34,1574.68,-0.88,-13.96,2115911,2620572624.0,1.23,0.2
2017-11-15,1573.65,1568.05,1576.45,1561.57,-0.64,-10.17,1818263,2303269776.0,0.94,0.17
2017-11-16,1564.88,1562.27,1571.88,1559.65,-0.37,-5.78,1894471,2349802528.0,0.78,0.18
2017-11-17,1560.18,1503.27,1560.95,1498.21,-3.78,-59.0,2714443,3009997040.0,4.02,0.25
2017-11-20,1497.04,1502.29,1503.55,1467.99,-0.07,-0.98,1945170,2199644192.0,2.37,0.18
2017-11-21,1500.61,1490.43,1503.33,1481.77,-0.79,-11.86,1603234,1862075664.0,1.44,0.15
2017-11-22,1491.18,1490.54,1499.99,1480.37,0.01,0.11,1756303,2094092176.0,1.32,0.16
2017-11-23,1484.49,1455.76,1484.49,1454.46,-2.33,-34.78,1914727,2238787584.0,2.01,0.18
2017-11-24,1451.77,1453.3,1458.91,1447.0,-0.17,-2.46,1295248,1520698880.0,0.82,0.12
2017-11-27,1450.81,1435.71,1452.83,1434.53,-1.21,-17.59,1362266,1449652640.0,1.26,0.13
2017-11-28,1435.74,1451.06,1451.09,1435.36,1.07,15.35,1118712,1274940176.0,1.1,0.1
2017-11-29,1450.14,1449.32,1450.91,1434.39,-0.12,-1.74,1632349,1814704704.0,1.14,0.15
2017-11-30,1445.06,1441.72,1450.24,1439.07,-0.52,-7.6,1152485,1308040032.0,0.77,0.11
2017-12-01,1440.06,1453.44,1456.85,1440.01,0.81,11.72,1456671,1600400480.0,1.17,0.13
2017-12-04,1450.31,1425.9,1450.31,1423.84,-1.89,-27.54,1461192,1587140128.0,1.82,0.14
2017-12-05,1421.89,1381.11,1424.22,1375.45,-3.14,-44.79,1711942,1890301152.0,3.42,0.16
2017-12-06,1377.57,1393.72,1394.09,1363.2,0.91,12.61,1472259,1487263520.0,2.24,0.14
2017-12-07,1389.87,1393.24,1398.39,1385.93,-0.03,-0.48,1169955,1241709600.0,0.89,0.11
2017-12-08,1390.24,1406.89,1411.81,1389.87,0.98,13.65,1162216,1330138256.0,1.57,0.11
2017-12-11,1406.46,1422.42,1422.48,1404.94,1.1,15.53,1269588,1400026256.0,1.25,0.12
2017-12-12,1421.3,1401.94,1421.3,1401.94,-1.44,-20.48,1047149,1124330928.0,1.36,0.1
2017-12-13,1399.16,1414.74,1414.74,1397.47,0.91,12.8,991366,1117106688.0,1.23,0.09
2017-12-14,1414.59,1414.06,1416.57,1407.08,-0.05,-0.68,1088099,1230689968.0,0.67,0.1
2017-12-15,1413.14,1406.19,1413.53,1398.49,-0.56,-7.87,1006077,1136074240.0,1.06,0.09
2017-12-18,1405.45,1394.25,1407.89,1388.97,-0.85,-11.94,1202334,1345329648.0,1.35,0.11
2017-12-19,1393.68,1405.05,1407.12,1393.65,0.77,10.8,1045397,1152296512.0,0.97,0.1
2017-12-20,1404.86,1385.1,1406.43,1384.41,-1.42,-19.95,1083455,1200156464.0,1.57,0.1
2017-12-21,1382.85,1386.94,1389.8,1368.44,0.13,1.84,1126342,1187182192.0,1.54,0.1
2017-12-22,1385.61,1387.2,1393.04,1383.48,0.02,0.26,1218502,1379908336.0,0.69,0.11
2017-12-25,1386.8,1371.8,1387.57,1364.69,-1.11,-15.4,1704826,1793373936.0,1.65,0.16
2017-12-26,1376.77,1390.48,1391.85,1375.34,1.36,18.68,1395489,1463058672.0,1.2,0.13
2017-12-27,1391.12,1381.26,1391.12,1380.71,-0.66,-9.22,1934131,1761333488.0,0.75,0.18
2017-12-28,1377.51,1388.61,1395.2,1374.38,0.53,7.35,1810872,2020168912.0,1.51,0.17
2017-12-29,1389.17,1401.18,1401.47,1387.62,0.91,12.57,1478906,1563447744.0,1.0,0.14
2018-01-02,1401.51,1411.38,1411.49,1397.46,0.73,10.2,1680883,1710008432.0,1.0,0.16
2018-01-03,1413.17,1423.99,1425.37,1409.95,0.89,12.61,2447772,2484545504.0,1.09,0.23
2018-01-04,1426.56,1424.6,1427.01,1421.36,0.04,0.61,2115129,2423947376.0,0.4,0.2
2018-01-05,1423.51,1429.29,1430.6,1421.64,0.33,4.69,2626696,2527961952.0,0.63,0.24
2018-01-08,1429.09,1431.04,1431.04,1419.6,0.12,1.75,2471505,2350503264.0,0.8,0.23
2018-01-09,1429.61,1443.18,1450.66,1428.21,0.85,12.14,2594022,2702396416.0,1.57,0.24
2018-01-10,1439.04,1419.78,1439.16,1411.11,-1.62,-23.4,2242161,2360288624.0,1.94,0.21
2018-01-11,1417.17,1433.91,1433.91,1412.31,1.0,14.13,2004168,2153940752.0,1.52,0.19
2018-01-12,1431.16,1432.71,1443.73,1424.05,-0.08,-1.2,2129718,2191797648.0,1.37,0.2
2018-01-15,1426.01,1393.59,1426.01,1390.78,-2.73,-39.12,2753028,3001964992.0,2.46,0.25
2018-01-16,1391.91,1407.58,1407.78,1390.41,1.0,13.99,2168616,2247721488.0,1.25,0.2
2018-01-17,1408.04,1413.52,1418.97,1384.53,0.42,5.94,2278607,2488576640.0,2.45,0.21
2018-01-18,1409.49,1420.1,1423.97,1408.79,0.47,6.58,1724424,1955518160.0,1.07,0.16
2018-01-19,1418.41,1406.58,1422.85,1404.85,-0.95,-13.52,1820809,2145845248.0,1.27,0.17
2018-01-22,1393.89,1402.33,1404.35,1378.8,-0.3,-4.25,2028740,2339272320.0,1.82,0.19
2018-01-23,1399.29,1397.85,1405.89,1394.5,-0.32,-4.48,1833038,1810277920.0,0.81,0.17
2018-01-24,1395.3,1412.44,1413.49,1389.57,1.04,14.59,2421783,2824941920.0,1.71,0.22
2018-01-25,1408.93,1406.96,1422.08,1406.75,-0.39,-5.48,2270129,2439796224.0,1.09,0.21
2018-01-26,1405.45,1399.87,1408.0,1398.39,-0.5,-7.09,1834024,1946023280.0,0.68,0.17
2018-01-29,1401.8,1383.38,1404.97,1380.88,-1.18,-16.49,2005348,2335951680.0,1.72,0.19
2018-01-30,1382.46,1384.65,1391.02,1382.04,0.09,1.27,1660740,1994471312.0,0.65,0.15
2018-01-31,1374.62,1351.36,1375.7,1345.1,-2.4,-33.29,3010282,3014933984.0,2.21,0.28
2018-02-01,1344.57,1284.31,1347.78,1283.21,-4.96,-67.05,2734549,2639301840.0,4.78,0.25
2018-02-02,1275.94,1269.02,1280.23,1245.98,-1.19,-15.29,2275599,2123603792.0,2.67,0.21
2018-02-05,1251.87,1258.36,1268.15,1244.41,-0.84,-10.66,2657976,2165972048.0,1.87,0.25
2018-02-06,1232.45,1181.15,1235.58,1176.04,-6.14,-77.21,2938596,2496412528.0,4.73,0.27
2018-02-07,1201.29,1201.3,1208.79,1156.87,1.71,20.15,2982198,2484533504.0,4.4,0.28
2018-02-08,1201.25,1226.41,1227.41,1198.13,2.09,25.11,2398432,1824677952.0,2.44,0.22
2018-02-09,1195.15,1191.54,1207.47,1175.78,-2.84,-34.87,2435836,1885859872.0,2.58,0.23
2018-02-12,1197.02,1222.1,1225.6,1197.02,2.56,30.56,1806012,1517802752.0,2.4,0.17
2018-02-13,1226.31,1216.04,1230.15,1214.49,-0.5,-6.06,1713709,1508407632.0,1.28,0.16
2018-02-14,1215.11,1219.94,1221.19,1210.6,0.32,3.9,1057356,955920912.0,0.87,0.1
2018-02-22,1228.77,1242.68,1243.24,1225.1,1.86,22.74,1389246,1280278624.0,1.49,0.13
2018-02-23,1241.76,1246.89,1247.33,1237.19,0.34,4.21,1452898,1375235392.0,0.82,0.13
2018-02-26,1252.71,1275.96,1275.96,1250.91,2.33,29.07,2084208,2011115152.0,2.01,0.19
2018-02-27,1273.97,1276.82,1280.44,1269.23,0.07,0.86,1755379,1692602448.0,0.88,0.16
2018-02-28,1268.75,1274.89,1278.93,1258.36,-0.15,-1.93,1640615,1548942800.0,1.61,0.15
2018-03-01,1268.8,1291.58,1294.43,1265.49,1.31,16.69,1975434,1935830288.0,2.27,0.18
2018-03-02,1285.82,1289.02,1297.66,1282.88,-0.2,-2.56,1756406,1678832624.0,1.14,0.16
2018-03-05,1287.9,1297.44,1297.49,1286.75,0.65,8.42,1713169,1749949248.0,0.83,0.16
2018-03-06,1298.56,1319.03,1320.33,1298.31,1.66,21.59,1980149,2266596800.0,1.7,0.18
2018-03-07,1319.48,1306.02,1319.48,1305.62,-0.99,-13.01,1895446,1911181744.0,1.05,0.18
2018-03-08,1305.06,1320.01,1320.54,1303.64,1.07,13.99,1940187,1985786096.0,1.29,0.18
2018-03-09,1321.02,1342.68,1344.24,1317.96,1.72,22.67,2706433,2565215968.0,1.99,0.25
2018-03-12,1344.97,1361.92,1361.99,1344.97,1.43,19.24,2934428,2869311808.0,1.27,0.27
2018-03-13,1357.87,1363.67,1378.96,1354.5,0.13,1.75,3058942,3236017792.0,1.8,0.28
2018-03-14,1354.22,1344.13,1357.31,1343.37,-1.43,-19.54,2301572,2300396176.0,1.02,0.21
2018-03-15,1337.47,1328.69,1338.77,1310.96,-1.15,-15.44,2247370,2215705712.0,2.07,0.21
2018-03-16,1326.63,1323.48,1335.31,1322.82,-0.39,-5.21,1791280,1740791024.0,0.94,0.17
2018-03-19,1325.26,1339.63,1348.0,1325.19,1.22,16.15,1742237,1779344800.0,1.72,0.16
2018-03-20,1332.1,1350.78,1351.69,1327.46,0.83,11.15,2417610,2369307584.0,1.81,0.22
2018-03-21,1350.93,1342.39,1361.07,1341.02,-0.62,-8.39,2645977,2520255712.0,1.48,0.24
2018-03-22,1341.84,1344.22,1352.2,1335.07,0.14,1.83,2159207,2083924592.0,1.28,0.2
2018-03-23,1304.59,1264.88,1316.58,1247.13,-5.9,-79.34,3186694,2977754528.0,5.17,0.29
2018-03-26,1239.53,1278.71,1278.98,1222.38,1.09,13.83,1911376,1835024336.0,4.47,0.18
2018-03-27,1286.38,1310.38,1313.28,1286.38,2.48,31.67,2277854,2322032912.0,2.1,0.21
2018-03-28,1296.23,1306.86,1313.36,1289.14,-0.27,-3.52,1983102,2120618752.0,1.85,0.18
2018-03-29,1309.47,1318.14,1318.63,1304.71,0.86,11.28,1993246,2083770752.0,1.07,0.18
2018-03-30,1330.06,1356.79,1357.14,1330.06,2.93,38.65,2259025,2323706640.0,2.05,0.21
2018-04-02,1361.61,1357.82,1368.05,1354.73,0.08,1.03,2909516,2795807008.0,0.98,0.27
2018-04-03,1348.48,1347.86,1351.58,1340.32,-0.73,-9.96,2598807,2513940752.0,0.83,0.24
2018-04-04,1353.33,1346.0,1361.5,1342.38,-0.14,-1.86,2142081,2191961376.0,1.42,0.2
2018-04-09,1340.18,1344.24,1350.33,1328.36,-0.13,-1.76,2075453,2092609152.0,1.63,0.19
2018-04-10,1345.55,1350.27,1350.79,1334.42,0.45,6.03,2425037,2394356240.0,1.22,0.22
2018-04-11,1352.16,1368.22,1369.18,1350.96,1.33,17.95,2709736,2752547568.0,1.35,0.25
2018-04-12,1367.18,1370.86,1382.43,1365.48,0.19,2.64,2407348,2441785904.0,1.24,0.22
2018-04-13,1375.78,1369.95,1382.82,1366.8,-0.07,-0.91,2241726,2250782592.0,1.17,0.21
2018-04-16,1366.6,1355.71,1370.63,1346.93,-1.04,-14.24,2146649,3074910256.0,1.73,0.2
2018-04-17,1351.05,1314.11,1356.79,1311.77,-3.07,-41.6,2243778,2743267152.0,3.32,0.21
2018-04-18,1318.65,1326.25,1327.79,1288.3,0.92,12.14,1886740,2386457360.0,3.01,0.17
2018-04-19,1322.19,1327.93,1334.95,1319.9,0.13,1.68,1584846,2051421232.0,1.13,0.15
2018-04-20,1322.13,1290.5,1323.59,1288.73,-2.82,-37.43,1888158,2110977632.0,2.63,0.17
2018-04-23,1289.26,1277.57,1296.4,1266.17,-1.0,-12.93,1871873,2045936704.0,2.34,0.17
2018-04-24,1277.65,1315.68,1316.44,1277.45,2.98,38.11,2253222,2535804496.0,3.05,0.21
2018-04-25,1310.01,1318.82,1319.86,1308.17,0.24,3.14,2114698,2839214224.0,0.89,0.2
2018-04-26,1317.4,1288.0,1317.73,1287.36,-2.34,-30.82,1876693,2447565632.0,2.3,0.17
2018-04-27,1294.78,1297.31,1299.44,1282.13,0.72,9.31,2068518,2722116192.0,1.34,0.19
2018-05-02,1297.94,1296.74,1309.87,1287.29,-0.04,-0.57,2461797,2874516128.0,1.74,0.23
2018-05-03,1291.36,1308.92,1309.0,1273.35,0.94,12.18,2329250,2641688096.0,2.75,0.22
2018-05-04,1306.58,1306.16,1312.11,1302.01,-0.21,-2.76,1930142,2403487312.0,0.77,0.18
2018-05-07,1307.31,1337.1,1337.11,1307.31,2.37,30.94,2438890,3055966928.0,2.28,0.23
2018-05-08,1338.84,1347.44,1349.36,1336.57,0.77,10.34,2412703,3133453456.0,0.96,0.22
2018-05-09,1351.58,1351.17,1356.99,1345.27,0.28,3.73,2269598,3400281440.0,0.87,0.21
2018-05-10,1356.16,1368.43,1368.97,1354.48,1.28,17.26,2276436,3206376448.0,1.07,0.21
2018-05-11,1369.39,1352.38,1371.15,1350.51,-1.17,-16.05,2588966,3611032992.0,1.51,0.24
2018-05-14,1348.09,1341.98,1353.13,1335.83,-0.77,-10.4,1994616,2772912672.0,1.28,0.18
2018-05-15,1341.83,1358.6,1358.63,1336.48,1.24,16.62,1955260,2797956688.0,1.65,0.18
2018-05-16,1355.37,1370.03,1378.37,1353.08,0.84,11.43,2880623,4012633728.0,1.86,0.27
2018-05-17,1368.3,1374.05,1378.49,1366.4,0.29,4.02,2908528,3992153904.0,0.88,0.27
2018-05-18,1372.83,1380.13,1381.01,1370.56,0.44,6.08,2674787,3398914624.0,0.76,0.25
2018-05-21,1386.75,1394.48,1394.73,1382.32,1.04,14.35,2878936,3697483488.0,0.9,0.27
2018-05-22,1421.82,1428.45,1437.57,1421.82,2.44,33.97,4265945,5318468352.0,1.13,0.39
2018-05-23,1422.02,1416.69,1443.75,1416.33,-0.82,-11.76,3865228,5694626560.0,1.92,0.36
2018-05-24,1411.05,1407.23,1418.13,1406.17,-0.67,-9.46,3039693,4193144528.0,0.84,0.28
2018-05-25,1402.9,1393.0,1403.72,1387.88,-1.01,-14.23,2442144,3437796128.0,1.13,0.23
2018-05-28,1388.98,1385.27,1392.4,1367.72,-0.55,-7.73,2652338,3449167296.0,1.77,0.25
2018-05-29,1380.26,1365.96,1395.58,1365.96,-1.39,-19.31,2824625,3636895360.0,2.14,0.26
2018-05-30,1350.42,1321.05,1350.85,1319.97,-3.29,-44.91,3171382,3984969008.0,2.26,0.29
2018-05-31,1339.12,1371.22,1371.22,1339.12,3.8,50.17,2912957,3554161024.0,2.43,0.27
2018-06-01,1371.26,1354.6,1381.23,1342.55,-1.21,-16.62,2628632,3917537808.0,2.82,0.24
2018-06-04,1355.82,1342.16,1363.18,1339.38,-0.92,-12.44,2332246,3073563248.0,1.76,0.22
2018-06-05,1342.32,1365.37,1365.37,1342.32,1.73,23.21,2064288,3028429024.0,1.72,0.19
2018-06-06,1362.99,1362.66,1363.87,1355.48,-0.2,-2.71,1821413,2790079040.0,0.61,0.17
2018-06-07,1360.13,1337.8,1363.3,1336.99,-1.82,-24.86,1917002,2663573152.0,1.93,0.18
2018-06-08,1333.84,1323.1,1333.84,1312.17,-1.1,-14.7,1971942,2469192384.0,1.62,0.18
2018-06-11,1315.98,1301.72,1316.92,1296.07,-1.62,-21.38,1973109,2514376800.0,1.58,0.18
2018-06-12,1304.13,1316.56,1317.15,1284.3,1.14,14.84,1804505,2257901648.0,2.52,0.17
2018-06-13,1315.23,1289.26,1315.23,1288.14,-2.07,-27.3,1853481,2269398384.0,2.06,0.17
2018-06-14,1284.07,1280.48,1296.24,1277.76,-0.68,-8.78,1688246,2147710032.0,1.43,0.16
2018-06-15,1273.81,1233.76,1276.83,1230.41,-3.65,-46.72,2063508,2274093072.0,3.63,0.19
2018-06-19,1210.27,1139.31,1210.27,1129.0,-7.66,-94.45,2547418,2516773024.0,6.59,0.24
2018-06-20,1130.78,1150.32,1158.97,1123.09,0.97,11.01,2082223,2166947440.0,3.15,0.19
2018-06-21,1145.24,1114.75,1150.68,1113.88,-3.09,-35.57,1989544,2157115616.0,3.2,0.18
2018-06-22,1103.12,1130.36,1133.52,1094.92,1.4,15.61,1534364,1603612336.0,3.46,0.14
2018-06-25,1135.65,1129.42,1140.36,1126.55,-0.08,-0.94,2019625,2096437408.0,1.22,0.19
2018-06-26,1112.55,1140.6,1140.6,1106.14,0.99,11.18,1952931,1942453280.0,3.05,0.18
2018-06-27,1141.05,1127.11,1146.97,1122.72,-1.18,-13.49,1898822,1983801776.0,2.13,0.18
2018-06-28,1122.35,1107.41,1135.1,1106.49,-1.75,-19.7,1785293,1687937200.0,2.54,0.17
2018-06-29,1107.71,1145.84,1147.92,1107.71,3.47,38.43,2265784,2270991680.0,3.63,0.21
2018-07-02,1144.65,1132.9,1149.75,1123.56,-1.13,-12.94,2241412,2421947520.0,2.29,0.21
2018-07-03,1133.83,1142.59,1142.62,1112.58,0.86,9.69,2340260,2666600720.0,2.65,0.22
2018-07-04,1131.22,1114.48,1131.94,1107.95,-2.46,-28.11,1918520,1941216112.0,2.1,0.18
2018-07-05,1107.44,1063.61,1109.52,1063.61,-4.56,-50.87,2270515,2107303872.0,4.12,0.21
2018-07-06,1060.9,1068.08,1077.34,1034.33,0.42,4.47,2432788,2130315472.0,4.04,0.22
2018-07-09,1066.46,1095.29,1095.36,1066.34,2.55,27.21,2156821,2415110752.0,2.72,0.2
2018-07-10,1096.82,1111.49,1111.49,1090.47,1.48,16.2,2268754,2774469904.0,1.92,0.21
2018-07-11,1092.64,1074.67,1092.64,1059.55,-3.31,-36.82,2355259,2597143280.0,2.98,0.22
2018-07-12,1076.88,1108.42,1112.09,1076.88,3.14,33.75,2462830,2897899616.0,3.28,0.23
2018-07-13,1106.62,1121.2,1126.16,1105.26,1.15,12.78,2455278,2769018896.0,1.89,0.23
2018-07-16,1117.33,1124.17,1124.2,1113.75,0.26,2.97,2009535,2039219472.0,0.93,0.19
2018-07-17,1123.8,1132.4,1132.4,1116.02,0.73,8.23,2583820,2396762832.0,1.46,0.24
2018-07-18,1132.4,1128.54,1142.59,1127.84,-0.34,-3.86,2456132,2509627504.0,1.3,0.23
2018-07-19,1126.02,1113.91,1128.49,1110.29,-1.3,-14.63,2081395,2196366672.0,1.61,0.19
2018-07-20,1111.15,1126.32,1128.47,1107.14,1.11,12.41,2039883,2160408480.0,1.91,0.19
2018-07-23,1121.66,1127.89,1128.86,1117.03,0.14,1.57,2381859,2840760400.0,1.05,0.22
2018-07-24,1131.45,1154.52,1154.55,1129.09,2.36,26.63,2732486,2810619536.0,2.26,0.25
2018-07-25,1153.93,1153.74,1159.47,1150.16,-0.07,-0.78,2617818,2607795328.0,0.81,0.24
2018-07-26,1151.23,1162.94,1164.73,1149.28,0.8,9.2,3256351,2556466912.0,1.34,0.3
2018-07-27,1159.35,1153.8,1164.85,1150.06,-0.79,-9.14,2889960,2192458688.0,1.27,0.27
2018-07-30,1146.51,1123.5,1148.46,1117.43,-2.63,-30.3,2556047,2144714272.0,2.69,0.24
2018-07-31,1124.19,1144.98,1145.0,1124.19,1.91,21.48,2127554,2008102672.0,1.85,0.2
2018-08-01,1141.03,1121.02,1148.57,1121.02,-2.09,-23.96,2235228,2182099712.0,2.41,0.21
2018-08-02,1115.79,1097.58,1116.56,1065.96,-2.09,-23.44,2919177,2594221744.0,4.51,0.27
2018-08-03,1093.74,1080.54,1100.86,1080.54,-1.55,-17.04,2053093,1973950720.0,1.85,0.19
2018-08-06,1076.88,1064.97,1089.07,1055.92,-1.44,-15.57,2327835,2582393472.0,3.07,0.22
2018-08-07,1065.02,1089.28,1089.29,1051.76,2.28,24.31,2343976,2484206032.0,3.52,0.22
2018-08-08,1085.23,1074.63,1089.0,1074.28,-1.34,-14.65,2981118,2526668752.0,1.35,0.28
2018-08-09,1065.54,1092.8,1097.88,1062.1,1.69,18.17,3208345,2789966464.0,3.33,0.3
2018-08-10,1089.12,1106.8,1107.61,1087.91,1.28,14.0,2546448,2454308080.0,1.8,0.24
2018-08-13,1094.36,1118.95,1120.42,1090.58,1.1,12.15,2757415,2889399072.0,2.7,0.25
2018-08-14,1130.02,1130.93,1146.54,1127.95,1.07,11.98,3144952,3219055184.0,1.66,0.29
2018-08-15,1122.84,1105.31,1127.7,1103.93,-2.27,-25.62,3081158,2771941728.0,2.1,0.28
2018-08-16,1090.58,1123.0,1138.58,1083.93,1.6,17.69,4995103,3515219584.0,4.94,0.46
2018-08-17,1138.53,1105.25,1146.64,1102.44,-1.58,-17.75,5348827,3884922064.0,3.94,0.49
2018-08-20,1093.43,1084.93,1095.76,1062.85,-1.84,-20.32,4389932,3177217584.0,2.98,0.41
2018-08-21,1082.59,1093.97,1094.25,1077.4,0.83,9.04,3345965,2531871232.0,1.55,0.31
2018-08-22,1089.19,1075.14,1089.52,1072.74,-1.72,-18.83,2601672,2054611024.0,1.53,0.24
2018-08-23,1073.49,1079.92,1085.2,1069.32,0.44,4.78,2318987,1788666608.0,1.48,0.21
2018-08-24,1079.13,1078.47,1086.01,1076.21,-0.13,-1.45,2465824,1845302192.0,0.91,0.23
2018-08-27,1078.82,1097.43,1097.48,1078.42,1.76,18.96,2503911,2156264848.0,1.77,0.23
2018-08-28,1102.89,1101.02,1105.39,1095.68,0.33,3.59,2440238,2015917136.0,0.88,0.23
2018-08-29,1100.31,1097.7,1100.31,1092.78,-0.3,-3.32,1861454,1456121760.0,0.68,0.17
2018-08-30,1091.4,1073.77,1093.75,1072.69,-2.18,-23.93,2159842,1718513536.0,1.92,0.2
2018-08-31,1068.84,1056.28,1070.25,1055.34,-1.63,-17.49,2398812,1827480768.0,1.39,0.22
2018-09-03,1052.33,1049.38,1052.6,1034.1,-0.65,-6.9,2285641,1734950880.0,1.75,0.21
2018-09-04,1051.16,1061.37,1062.7,1047.2,1.14,11.99,2627793,2083838160.0,1.48,0.24
2018-09-05,1059.03,1043.87,1063.15,1043.51,-1.65,-17.5,2635676,2170191472.0,1.85,0.24
2018-09-06,1038.53,1038.49,1049.23,1034.48,-0.52,-5.38,2394296,1941684352.0,1.41,0.22
2018-09-07,1038.18,1040.76,1051.15,1033.15,0.22,2.27,2101291,1724677120.0,1.73,0.19
2018-09-10,1042.6,1022.9,1043.14,1021.62,-1.72,-17.86,2181143,1705390080.0,2.07,0.2
2018-09-11,1027.0,1027.27,1034.74,1021.47,0.43,4.37,2165254,1674798240.0,1.3,0.2
2018-09-12,1023.74,1024.74,1031.68,1019.58,-0.25,-2.53,1826511,1606352496.0,1.18,0.17
2018-09-13,1030.81,1030.69,1034.85,1016.58,0.58,5.95,1817995,1638220480.0,1.78,0.17
2018-09-14,1030.61,1014.08,1030.61,1012.5,-1.61,-16.61,1655566,1321402048.0,1.76,0.15
2018-09-17,1010.42,993.86,1010.42,990.58,-1.99,-20.22,1628578,1219251760.0,1.96,0.15
2018-09-18,993.31,1011.31,1011.37,991.32,1.76,17.45,1740475,1402170384.0,2.02,0.16
2018-09-19,1009.71,1020.13,1026.95,1006.23,0.87,8.82,2050348,1650740896.0,2.05,0.19
2018-09-20,1017.79,1018.26,1025.07,1015.52,-0.18,-1.87,1732856,1244102000.0,0.94,0.16
2018-09-21,1021.52,1034.03,1035.26,1021.36,1.55,15.77,2447049,1783308784.0,1.37,0.23
2018-09-25,1025.33,1026.18,1029.46,1023.18,-0.76,-7.85,1630201,1213190448.0,0.61,0.15
2018-09-26,1026.58,1032.02,1037.07,1026.44,0.57,5.84,1953676,1559787008.0,1.04,0.18
2018-09-27,1031.83,1011.58,1032.14,1011.58,-1.98,-20.44,1864788,1434283440.0,1.99,0.17
2018-09-28,1011.28,1020.07,1020.7,1011.02,0.84,8.49,1328265,1063141200.0,0.96,0.12
2018-10-08,1005.08,981.21,1005.08,979.14,-3.81,-38.86,1775053,1324517008.0,2.54,0.16
2018-10-09,984.5,985.41,993.93,981.98,0.43,4.2,1277541,1010236736.0,1.22,0.12
2018-10-10,987.21,989.94,994.12,979.95,0.46,4.53,1528667,1180510432.0,1.44,0.14
2018-10-11,962.5,907.2,962.5,904.58,-8.36,-82.74,2966404,2035945344.0,5.85,0.27
2018-10-12,898.64,898.52,903.61,860.19,-0.96,-8.68,2575674,1700129824.0,4.79,0.24
2018-10-15,901.35,885.02,907.86,883.94,-1.5,-13.5,1768362,1302350320.0,2.66,0.16
2018-10-16,885.7,867.1,894.49,864.1,-2.02,-17.92,1700208,1448302336.0,3.43,0.16
2018-10-17,878.06,876.15,884.01,856.47,1.04,9.05,1712711,1310648576.0,3.18,0.16
2018-10-18,871.4,853.61,871.4,851.34,-2.57,-22.54,1853457,1281566864.0,2.29,0.17
2018-10-19,841.21,872.39,873.52,835.6,2.2,18.78,1953154,1493755360.0,4.44,0.18
2018-10-22,881.93,918.74,926.0,881.93,5.31,46.35,2995288,2342342256.0,5.05,0.28
2018-10-23,920.82,909.16,923.93,904.39,-1.04,-9.58,2551951,1905485232.0,2.13,0.24
2018-10-24,907.68,910.66,921.56,905.75,0.16,1.5,2287849,1519963200.0,1.74,0.21
2018-10-25,882.86,900.28,901.82,877.76,-1.14,-10.38,2324961,1591668160.0,2.64,0.21
2018-10-26,908.12,917.82,917.82,903.6,1.95,17.54,2548840,1716614064.0,1.58,0.24
2018-10-29,913.61,897.47,913.83,894.19,-2.22,-20.35,2409035,1799659952.0,2.14,0.22
2018-10-30,893.93,908.47,911.9,884.58,1.23,11.0,2668788,2027680736.0,3.04,0.25
2018-10-31,909.4,919.44,924.03,908.29,1.21,10.97,2615347,1874200608.0,1.73,0.24
2018-11-01,924.16,931.38,941.91,923.84,1.3,11.94,3140370,2235134944.0,1.97,0.29
2018-11-02,940.38,959.77,959.77,940.21,3.05,28.39,3553455,2543715696.0,2.1,0.33
2018-11-05,962.78,971.79,972.94,955.7,1.25,12.02,3296120,2530363472.0,1.8,0.3
2018-11-06,969.24,971.82,972.58,956.48,0.0,0.03,2561646,2013348240.0,1.66,0.24
2018-11-07,972.6,972.71,983.4,970.86,0.09,0.89,2626770,1983845328.0,1.29,0.24
2018-11-08,980.3,974.82,984.2,973.51,0.22,2.11,2716301,2002495328.0,1.1,0.25
2018-11-09,977.07,976.59,981.93,973.51,0.18,1.77,2288904,1638539936.0,0.86,0.21
2018-11-12,980.63,1009.85,1010.09,980.36,3.41,33.26,3438516,2465439440.0,3.04,0.32
2018-11-13,1003.48,1038.74,1043.31,1002.17,2.86,28.89,4539187,3099047200.0,4.07,0.42
2018-11-14,1044.79,1037.96,1054.33,1035.58,-0.08,-0.78,6296716,4254830496.0,1.81,0.58
2018-11-15,1033.51,1051.09,1051.09,1032.4,1.26,13.13,4645952,3378190144.0,1.8,0.43
2018-11-16,1046.76,1055.49,1059.88,1043.11,0.42,4.4,4839296,3510315024.0,1.6,0.45
2018-11-19,1051.69,1060.13,1060.13,1041.87,0.44,4.64,6112388,4162898336.0,1.73,0.56
2018-11-20,1049.34,1025.83,1049.44,1025.78,-3.24,-34.3,4361545,3036903840.0,2.23,0.4
2018-11-21,1015.96,1028.53,1028.53,1008.88,0.26,2.7,3701002,2482477888.0,1.92,0.34
2018-11-22,1027.81,1030.28,1036.4,1023.67,0.17,1.75,3602662,2419651632.0,1.24,0.33
2018-11-23,1024.43,979.03,1024.53,978.95,-4.97,-51.25,4062029,2705408480.0,4.42,0.38
2018-11-26,974.91,980.79,984.9,969.72,0.18,1.76,3771865,2438957664.0,1.55,0.35
2018-11-27,986.94,986.91,992.04,981.95,0.62,6.12,3932182,2614785136.0,1.03,0.36
2018-11-28,985.71,996.57,996.57,970.83,0.98,9.66,3599110,2319087168.0,2.61,0.33
2018-11-29,997.87,972.47,1003.39,972.47,-2.42,-24.1,3834024,2541035280.0,3.1,0.35
2018-11-30,970.38,980.23,981.2,955.43,0.8,7.76,3441849,2276766704.0,2.65,0.32
2018-12-03,999.94,1007.24,1013.15,994.49,2.76,27.01,4788207,3439736432.0,1.9,0.44
2018-12-04,1003.05,1018.59,1019.5,1002.39,1.13,11.35,4762588,3402403120.0,1.7,0.44
2018-12-05,994.87,1008.77,1016.23,992.23,-0.96,-9.82,4258707,2910999888.0,2.36,0.39
2018-12-06,1007.39,995.94,1011.21,995.94,-1.27,-12.83,3544155,2588295840.0,1.51,0.33
2018-12-07,999.91,992.94,1004.22,987.23,-0.3,-3.0,3891330,2781199696.0,1.71,0.36
2018-12-10,986.28,973.8,986.52,971.15,-1.93,-19.14,2811011,1944154736.0,1.55,0.26
2018-12-11,975.38,991.12,991.12,975.31,1.78,17.32,2393612,1755823856.0,1.62,0.22
2018-12-12,993.3,989.3,996.05,985.84,-0.18,-1.82,2707473,1919173104.0,1.03,0.25
2018-12-13,989.88,996.63,1002.5,983.34,0.74,7.33,2747472,2018856976.0,1.94,0.25
2018-12-14,996.14,969.61,996.14,967.87,-2.71,-27.02,3059433,2072953936.0,2.84,0.28
2018-12-17,965.96,974.37,974.37,955.19,0.49,4.76,2186807,1622977520.0,1.98,0.2
2018-12-18,970.15,968.33,974.97,957.02,-0.62,-6.04,2073407,1544930416.0,1.84,0.19
2018-12-19,970.42,965.97,971.48,961.56,-0.24,-2.36,2750352,2171387536.0,1.02,0.25
2018-12-20,961.17,969.45,970.04,959.9,0.36,3.48,2633187,2022291232.0,1.05,0.24
2018-12-21,968.3,965.15,972.04,959.83,-0.44,-4.3,2647646,2060069760.0,1.26,0.24
2018-12-24,961.98,970.41,970.86,958.87,0.54,5.26,2337132,1809753568.0,1.24,0.22
2018-12-25,960.82,958.4,960.86,935.22,-1.24,-12.01,3012373,2161815792.0,2.64,0.28
2018-12-26,958.45,959.38,964.56,956.76,0.1,0.98,2347849,1751322192.0,0.81,0.22
2018-12-27,971.54,942.68,974.1,942.03,-1.74,-16.7,2911539,2074059616.0,3.34,0.27
2018-12-28,945.04,942.52,951.68,939.06,-0.02,-0.16,2551605,1782201696.0,1.34,0.24
2019-01-02,944.94,937.84,946.8,934.69,-0.5,-4.68,2431917,1831113760.0,1.28,0.22
2019-01-03,937.63,937.87,947.42,935.87,0.0,0.03,2493339,1907891808.0,1.23,0.23
2019-01-04,929.49,956.61,956.84,925.73,2.0,18.74,3140618,2125541808.0,3.32,0.29
2019-01-07,962.18,969.21,971.68,956.03,1.32,12.6,3189504,2152961872.0,1.64,0.29
2019-01-08,967.26,970.67,973.08,965.09,0.15,1.46,3312435,2175449312.0,0.82,0.31
2019-01-09,970.63,975.21,983.56,968.95,0.47,4.54,3977455,2871609216.0,1.51,0.37
2019-01-10,973.11,968.81,978.93,967.01,-0.66,-6.4,2980661,2045072032.0,1.22,0.28
2019-01-11,969.81,976.48,976.48,965.88,0.79,7.67,2585135,1780477376.0,1.09,0.24
2019-01-14,976.46,972.55,978.98,970.83,-0.4,-3.93,2953407,2166903152.0,0.83,0.27
2019-01-15,971.58,981.76,981.76,967.88,0.95,9.21,2655946,1883680432.0,1.43,0.25
2019-01-16,981.0,982.44,985.13,980.18,0.07,0.68,2786432,1952296592.0,0.5,0.26
2019-01-17,981.41,973.56,982.04,972.58,-0.9,-8.88,2890987,1996592496.0,0.96,0.27
2019-01-18,973.91,984.54,984.96,969.74,1.13,10.98,3292399,2359365792.0,1.56,0.3
2019-01-21,982.19,986.32,991.13,982.15,0.18,1.78,2749269,2036142768.0,0.91,0.25
2019-01-22,985.42,978.0,986.59,975.63,-0.84,-8.32,3388679,2087987648.0,1.11,0.31
2019-01-23,975.97,980.2,980.58,970.82,0.22,2.2,3123206,1810377200.0,1.0,0.29
2019-01-24,979.35,981.19,984.55,972.8,0.1,0.99,3232543,2084437152.0,1.2,0.3
2019-01-25,979.05,964.55,980.16,964.03,-1.7,-16.64,2869374,2015137744.0,1.64,0.27
2019-01-28,970.08,960.0,973.81,958.83,-0.47,-4.55,2669469,1850182240.0,1.55,0.25
2019-01-29,956.85,934.63,956.85,920.76,-2.64,-25.37,3063492,1961412064.0,3.76,0.28
2019-01-30,925.29,917.41,931.62,917.41,-1.84,-17.22,2417767,1502083872.0,1.52,0.22
2019-01-31,913.09,902.56,922.15,896.47,-1.62,-14.85,2567660,1684375888.0,2.8,0.24
2019-02-01,906.71,930.51,930.57,906.48,3.1,27.95,2064086,1464035104.0,2.67,0.19
2019-02-11,933.8,955.11,955.11,933.74,2.64,24.6,2347185,1702377712.0,2.3,0.22
2019-02-12,956.25,980.71,983.46,954.47,2.68,25.6,3409489,2563076432.0,3.04,0.32
2019-02-13,979.75,988.23,990.16,973.1,0.77,7.52,3711725,2673397312.0,1.74,0.34
2019-02-14,986.09,991.41,995.9,982.86,0.32,3.18,3405210,2414517152.0,1.32,0.31
2019-02-15,987.91,990.86,998.08,986.9,-0.06,-0.55,3498339,2435562880.0,1.13,0.32
2019-02-18,996.94,1025.04,1025.04,996.94,3.45,34.18,4328585,3244131200.0,2.84,0.4
2019-02-19,1032.2,1036.88,1039.64,1020.47,1.16,11.84,6117105,4322784256.0,1.87,0.57
2019-02-20,1047.1,1049.44,1051.09,1034.11,1.21,12.56,5698383,4070202400.0,1.64,0.53
2019-02-21,1043.79,1044.07,1062.5,1041.04,-0.51,-5.37,6466351,4466133504.0,2.04,0.6
2019-02-22,1040.72,1065.73,1065.73,1039.67,2.07,21.66,5831513,4133962624.0,2.5,0.54
2019-02-25,1075.37,1113.84,1113.84,1069.29,4.51,48.11,9506335,6921356032.0,4.18,0.88
2019-02-26,1111.21,1112.77,1136.84,1098.03,-0.1,-1.07,9528218,7144555264.0,3.48,0.88
2019-02-27,1109.09,1113.6,1127.87,1096.31,0.07,0.83,7973552,5923053056.0,2.84,0.74
2019-02-28,1113.09,1121.93,1128.76,1109.69,0.75,8.33,6321080,4908566784.0,1.71,0.58
2019-03-01,1126.85,1131.54,1132.0,1111.02,0.86,9.61,6090872,4665533440.0,1.87,0.56
2019-03-04,1138.53,1144.43,1163.27,1133.66,1.14,12.89,8974428,6776974592.0,2.62,0.83
2019-03-05,1139.08,1168.69,1168.69,1134.05,2.12,24.26,8405803,6162767104.0,3.03,0.78
2019-03-06,1169.16,1194.37,1194.37,1158.35,2.2,25.68,9548684,7122209536.0,3.08,0.88
2019-03-07,1191.78,1223.42,1234.57,1186.68,2.43,29.05,10737485,8432450304.0,4.01,0.99
2019-03-08,1196.61,1175.06,1224.24,1174.45,-3.95,-48.36,10331945,7965596928.0,4.07,0.95
2019-03-11,1180.6,1222.13,1222.14,1176.88,4.01,47.07,8446319,6732677632.0,3.85,0.78
2019-03-12,1226.98,1247.39,1258.66,1226.74,2.07,25.26,10265008,8383035136.0,2.61,0.95
2019-03-13,1245.59,1224.61,1254.39,1215.23,-1.83,-22.78,8767548,7388765696.0,3.14,0.81
2019-03-14,1217.17,1178.54,1221.67,1166.82,-3.76,-46.07,6500136,5192481024.0,4.48,0.6
2019-03-15,1182.88,1195.24,1200.37,1178.85,1.42,16.7,5147828,4294848544.0,1.83,0.48
2019-03-18,1199.09,1228.59,1228.59,1189.64,2.79,33.35,6039299,5181386240.0,3.26,0.56
2019-03-19,1227.41,1233.13,1236.73,1220.68,0.37,4.54,5906799,4990999296.0,1.31,0.55
2019-03-20,1234.15,1242.32,1244.26,1219.89,0.75,9.19,6463607,5505877760.0,1.98,0.6
2019-03-21,1242.44,1256.09,1265.72,1238.68,1.11,13.77,7695954,6154697216.0,2.18,0.71
2019-03-22,1254.0,1260.79,1260.79,1234.28,0.37,4.7,6342667,5249852416.0,2.11,0.59
2019-03-25,1236.77,1238.6,1261.09,1230.48,-1.76,-22.19,5447195,4673975296.0,2.43,0.5
2019-03-26,1242.78,1205.83,1248.73,1201.5,-2.65,-32.77,5053488,4133473920.0,3.81,0.47
2019-03-27,1208.1,1222.25,1222.71,1188.26,1.36,16.42,5812626,4801570816.0,2.86,0.54
2019-03-28,1214.91,1197.08,1221.52,1195.78,-2.06,-25.17,4762114,4128142240.0,2.11,0.44
2019-03-29,1196.87,1227.87,1227.87,1179.93,2.57,30.79,5445288,4715337472.0,4.0,0.5
2019-04-01,1232.49,1265.43,1267.24,1232.49,3.06,37.56,6859164,5954861824.0,2.83,0.63
2019-04-02,1271.69,1273.36,1283.9,1268.85,0.63,7.93,6469585,5617377280.0,1.19,0.6
2019-04-03,1269.72,1287.28,1289.64,1265.2,1.09,13.92,7163746,5782677504.0,1.92,0.66
2019-04-04,1292.94,1291.94,1297.02,1279.23,0.36,4.66,7327325,5689407232.0,1.38,0.68
2019-04-08,1299.99,1275.38,1304.07,1259.26,-1.28,-16.56,6889215,5480748800.0,3.47,0.64
2019-04-09,1276.21,1293.71,1294.88,1268.73,1.44,18.33,6018232,5845446144.0,2.05,0.56
2019-04-10,1288.07,1293.42,1304.02,1276.47,-0.02,-0.29,6645675,6099838720.0,2.13,0.61
2019-04-11,1289.94,1269.15,1294.27,1267.46,-1.88,-24.27,5454312,4760165376.0,2.07,0.5
2019-04-12,1267.27,1269.14,1275.13,1256.37,0.0,-0.01,4625977,3948354832.0,1.48,0.43
2019-04-15,1281.65,1258.14,1286.95,1257.02,-0.87,-11.0,5392549,4995385344.0,2.36,0.5
2019-04-16,1253.52,1278.55,1278.55,1242.05,1.62,20.41,5000667,4371279616.0,2.9,0.46
2019-04-17,1276.54,1293.24,1299.65,1275.18,1.15,14.69,5395137,5152973056.0,1.91,0.5
2019-04-18,1294.54,1285.89,1297.91,1283.52,-0.57,-7.35,6778638,6255258624.0,1.11,0.63
2019-04-19,1286.12,1287.06,1292.63,1273.51,0.09,1.17,5592549,5385045760.0,1.49,0.52
2019-04-22,1288.73,1266.42,1291.01,1262.35,-1.6,-20.64,5283080,4831831296.0,2.23,0.49
2019-04-23,1264.53,1250.83,1269.56,1247.49,-1.23,-15.59,5134216,4557880832.0,1.74,0.47
2019-04-24,1252.11,1257.91,1258.42,1235.88,0.57,7.08,3930727,3465172640.0,1.8,0.36
2019-04-25,1257.36,1207.67,1257.56,1207.17,-3.99,-50.24,4725780,4170570960.0,4.01,0.44
2019-04-26,1203.22,1187.24,1207.03,1185.43,-1.69,-20.43,3569312,3228740512.0,1.79,0.33
2019-04-29,1187.45,1148.96,1190.37,1147.6,-3.22,-38.28,3852793,3488886112.0,3.6,0.36
2019-04-30,1148.45,1162.74,1169.17,1147.99,1.2,13.78,2832267,2564824880.0,1.84,0.26
2019-05-06,1126.63,1080.12,1132.31,1069.1,-7.11,-82.62,4666524,3707485232.0,5.44,0.43
2019-05-07,1086.55,1114.03,1114.03,1086.55,3.14,33.91,4437463,3835978896.0,2.54,0.41
2019-05-08,1090.46,1112.13,1127.04,1083.35,-0.17,-1.9,3961062,3261868272.0,3.92,0.37
2019-05-09,1097.43,1093.37,1108.04,1090.04,-1.69,-18.76,3021130,2746900976.0,1.62,0.28
2019-05-10,1109.79,1136.56,1138.06,1090.32,3.95,43.19,4482555,3806713824.0,4.37,0.41
2019-05-13,1125.48,1129.37,1136.48,1118.95,-0.63,-7.19,3685779,3231801312.0,1.54,0.34
2019-05-14,1109.6,1113.26,1125.64,1108.57,-1.43,-16.11,3116075,2671317008.0,1.51,0.29
2019-05-15,1122.0,1140.41,1142.69,1120.29,2.44,27.15,4060712,3459370176.0,2.01,0.38
2019-05-16,1140.04,1149.44,1152.8,1137.86,0.79,9.03,4867710,3621856480.0,1.31,0.45
2019-05-17,1148.72,1108.31,1148.72,1100.92,-3.58,-41.13,4729704,3524723200.0,4.16,0.44
2019-05-20,1106.9,1098.13,1109.6,1074.71,-0.92,-10.18,3618630,2744541472.0,3.15,0.33
2019-05-21,1097.55,1116.73,1121.19,1094.69,1.69,18.6,3261066,2484794400.0,2.41,0.3
2019-05-22,1118.06,1107.02,1119.31,1098.66,-0.87,-9.71,2769413,2117731040.0,1.85,0.26
2019-05-23,1104.53,1081.52,1104.53,1078.55,-2.3,-25.5,2697015,2066842512.0,2.35,0.25
2019-05-24,1076.13,1077.01,1090.14,1075.2,-0.42,-4.51,2245740,1747124144.0,1.38,0.21
2019-05-27,1080.32,1102.17,1103.39,1073.13,2.34,25.16,2787262,2178981952.0,2.81,0.26
2019-05-28,1102.21,1104.41,1116.97,1099.61,0.2,2.24,3071478,2476605664.0,1.58,0.28
2019-05-29,1099.37,1102.58,1111.14,1097.94,-0.17,-1.83,2255497,1784320704.0,1.2,0.21
2019-05-30,1101.0,1097.81,1101.0,1087.29,-0.43,-4.77,2471898,2085965392.0,1.24,0.23
2019-05-31,1098.37,1093.66,1104.71,1090.82,-0.38,-4.15,2195144,1839986944.0,1.27,0.2
2019-06-03,1092.64,1087.61,1097.58,1071.0,-0.55,-6.05,3083305,2466816880.0,2.43,0.28
2019-06-04,1086.05,1063.3,1086.13,1057.97,-2.24,-24.31,2955699,2377651584.0,2.59,0.27
2019-06-05,1072.1,1066.46,1075.73,1063.39,0.3,3.16,2373497,1961328880.0,1.16,0.22
2019-06-06,1067.65,1037.29,1067.65,1035.15,-2.74,-29.17,2488508,1834801792.0,3.05,0.23
2019-06-10,1038.68,1051.56,1052.46,1034.76,1.38,14.27,1940781,1550037184.0,1.71,0.18
2019-06-11,1053.69,1091.21,1092.99,1051.99,3.77,39.65,3199871,2554014992.0,3.9,0.3
2019-06-12,1089.6,1084.11,1095.58,1084.01,-0.65,-7.1,3029107,2347851584.0,1.06,0.28
2019-06-13,1083.76,1092.4,1095.1,1079.01,0.76,8.29,2945325,2247849392.0,1.48,0.27
2019-06-14,1091.61,1074.51,1095.25,1072.96,-1.64,-17.89,3162540,2534137728.0,2.04,0.29
2019-06-17,1074.19,1077.22,1083.7,1068.74,0.25,2.71,2196343,1921210640.0,1.39,0.2
2019-06-18,1077.85,1078.81,1080.54,1070.43,0.15,1.59,2151115,1764853328.0,0.94,0.2
2019-06-19,1097.94,1091.18,1103.2,1090.63,1.15,12.37,3073206,2516684336.0,1.17,0.28
2019-06-20,1089.51,1105.15,1107.49,1085.29,1.28,13.97,3060034,2456688336.0,2.03,0.28
2019-06-21,1122.65,1128.85,1132.64,1118.43,2.14,23.7,4286880,3148721952.0,1.29,0.4
2019-06-24,1127.73,1131.79,1131.79,1123.5,0.26,2.94,3148148,2396177760.0,0.73,0.29
2019-06-25,1129.08,1117.83,1129.08,1105.58,-1.23,-13.96,2924683,2308660704.0,2.08,0.27
2019-06-26,1115.15,1124.17,1129.16,1108.62,0.57,6.34,2643120,2303498992.0,1.84,0.24
2019-06-27,1124.6,1126.77,1132.76,1122.95,0.23,2.6,2741618,2459414400.0,0.87,0.25
2019-06-28,1129.23,1116.16,1129.23,1107.05,-0.94,-10.61,2881230,2288658624.0,1.97,0.27
2019-07-01,1134.63,1146.5,1146.5,1130.43,2.72,30.34,4055048,3348772304.0,1.44,0.37
2019-07-02,1144.15,1150.69,1153.73,1140.54,0.37,4.19,3296522,2862647008.0,1.15,0.3
2019-07-03,1147.73,1140.51,1148.07,1135.52,-0.88,-10.18,3659684,2928380352.0,1.09,0.34
2019-07-04,1139.96,1132.06,1143.1,1126.28,-0.74,-8.45,2773405,2371909760.0,1.47,0.26
2019-07-05,1133.05,1134.67,1135.58,1126.29,0.23,2.61,2045756,1800878976.0,0.82,0.19
2019-07-08,1132.34,1101.4,1132.34,1092.87,-2.93,-33.27,3411155,2803311600.0,3.48,0.32
2019-07-09,1101.3,1110.45,1112.88,1098.88,0.82,9.05,2754303,2419759296.0,1.27,0.25
2019-07-10,1111.42,1098.29,1112.41,1095.69,-1.1,-12.16,2602647,2124648240.0,1.51,0.24
2019-07-11,1099.28,1099.85,1111.22,1094.72,0.14,1.56,2208288,1899559024.0,1.5,0.2
2019-07-12,1100.99,1103.03,1104.6,1093.49,0.29,3.18,1805126,1515150144.0,1.01,0.17
2019-07-15,1096.63,1107.18,1108.67,1082.49,0.38,4.15,2747362,2348228832.0,2.37,0.25
2019-07-16,1106.42,1108.77,1112.22,1102.85,0.14,1.59,2057160,2030055936.0,0.85,0.19
2019-07-17,1106.69,1104.72,1108.82,1101.32,-0.37,-4.05,2152952,2026724272.0,0.68,0.2
2019-07-18,1100.98,1088.19,1100.98,1088.09,-1.5,-16.53,1965460,1650969392.0,1.17,0.18
2019-07-19,1088.88,1091.99,1100.5,1088.88,0.35,3.8,1852521,1552362160.0,1.07,0.17
2019-07-22,1089.61,1065.9,1091.41,1062.46,-2.39,-26.09,2195998,1717661296.0,2.65,0.2
2019-07-23,1067.46,1077.89,1078.45,1065.85,1.12,11.99,1512891,1331175472.0,1.18,0.14
2019-07-24,1080.24,1089.91,1094.02,1080.1,1.12,12.02,1963577,1729680464.0,1.29,0.18
2019-07-25,1091.69,1091.19,1093.16,1086.15,0.12,1.28,1839517,1878700288.0,0.64,0.17
2019-07-26,1089.75,1089.16,1090.39,1083.89,-0.19,-2.03,1520000,1685530240.0,0.6,0.14
2019-07-29,1090.62,1087.77,1090.62,1082.5,-0.13,-1.39,1476072,1512811360.0,0.75,0.14
2019-07-30,1087.22,1091.5,1094.79,1085.65,0.34,3.73,1880342,1723324560.0,0.84,0.17
2019-07-31,1089.03,1081.45,1089.03,1078.46,-0.92,-10.05,1706699,1485210912.0,0.97,0.16
2019-08-01,1075.94,1071.98,1082.4,1069.89,-0.88,-9.47,1742800,1568567984.0,1.16,0.16
2019-08-02,1052.35,1052.05,1055.94,1043.76,-1.86,-19.93,2080856,2084619248.0,1.14,0.19
2019-08-05,1046.97,1038.85,1054.84,1038.03,-1.25,-13.2,2086801,1785450576.0,1.6,0.19
2019-08-06,1020.68,1007.19,1020.86,987.14,-3.05,-31.66,2959181,2439198784.0,3.25,0.27
2019-08-07,1012.03,1007.13,1015.12,1005.21,-0.01,-0.06,1876987,1674334080.0,0.98,0.17
2019-08-08,1009.6,1008.2,1013.29,1007.15,0.11,1.07,1623616,1454986304.0,0.61,0.15
2019-08-09,1011.52,997.62,1014.89,994.64,-1.05,-10.58,1685967,1432373360.0,2.01,0.16
2019-08-12,998.12,1015.45,1015.45,998.12,1.79,17.83,1525850,1429023536.0,1.74,0.14
2019-08-13,1011.12,1010.16,1013.02,1005.91,-0.52,-5.29,1351608,1228339888.0,0.7,0.12
2019-08-14,1033.37,1026.19,1036.89,1025.55,1.59,16.03,1994760,1709649792.0,1.12,0.18
2019-08-15,1002.29,1024.04,1025.43,996.94,-0.21,-2.15,2424732,1924979392.0,2.78,0.22
2019-08-16,1022.27,1028.68,1036.76,1021.78,0.45,4.64,2175346,1817939760.0,1.46,0.2
2019-08-19,1034.81,1051.59,1051.59,1034.51,2.23,22.91,3309103,2622985568.0,1.66,0.31
2019-08-20,1053.51,1047.83,1055.95,1046.77,-0.36,-3.76,2989840,2449193760.0,0.87,0.28
2019-08-21,1048.35,1049.56,1053.14,1046.26,0.17,1.73,2512563,1983122288.0,0.66,0.23
2019-08-22,1051.74,1053.99,1053.99,1045.2,0.42,4.43,2121566,1706546832.0,0.84,0.2
2019-08-23,1055.64,1050.08,1055.64,1046.36,-0.37,-3.91,2333838,1950046176.0,0.88,0.22
2019-08-26,1028.25,1040.11,1042.21,1024.77,-0.95,-9.97,2235399,1798045472.0,1.66,0.21
2019-08-27,1043.72,1058.84,1062.65,1043.72,1.8,18.73,3164592,2587899776.0,1.82,0.29
2019-08-28,1059.26,1057.6,1061.03,1053.6,-0.12,-1.24,2763180,2181279184.0,0.7,0.26
2019-08-29,1060.14,1059.07,1065.6,1055.48,0.14,1.47,2661243,1939857792.0,0.96,0.25
2019-08-30,1060.55,1038.05,1063.64,1035.67,-1.98,-21.02,2678935,2131856048.0,2.64,0.25
2019-09-02,1038.73,1060.5,1060.5,1038.73,2.16,22.45,2675327,2005026400.0,2.1,0.25
2019-09-03,1062.12,1060.71,1062.23,1054.23,0.02,0.21,2317155,1756030944.0,0.75,0.21
2019-09-04,1058.94,1066.55,1066.55,1056.61,0.55,5.84,2604576,2049961168.0,0.94,0.24
2019-09-05,1070.36,1072.69,1082.33,1070.36,0.58,6.14,3481411,3109647216.0,1.12,0.32
2019-09-06,1075.03,1076.65,1077.3,1070.36,0.37,3.96,2493108,2200850608.0,0.65,0.23
2019-09-09,1083.89,1093.02,1093.43,1079.75,1.52,16.37,3004745,2392329168.0,1.27,0.28
2019-09-10,1094.2,1101.35,1102.53,1088.97,0.76,8.33,3607206,2954341248.0,1.24,0.33
2019-09-11,1103.29,1094.82,1106.92,1093.47,-0.59,-6.53,3479139,2936684688.0,1.22,0.32
2019-09-12,1096.04,1099.07,1099.95,1089.92,0.39,4.25,2727065,2273954352.0,0.92,0.25
2019-09-16,1102.7,1103.29,1107.65,1099.25,0.38,4.22,2835135,2370017312.0,0.76,0.26
2019-09-17,1101.86,1078.0,1101.86,1072.49,-2.29,-25.29,3157284,2325682448.0,2.66,0.29
2019-09-18,1078.46,1082.94,1085.55,1078.34,0.46,4.94,2758380,2308272336.0,0.67,0.25
2019-09-19,1085.47,1091.97,1092.02,1082.02,0.83,9.03,2765522,2398094528.0,0.92,0.26
2019-09-20,1092.78,1091.81,1098.61,1090.66,-0.01,-0.16,2655498,2210590576.0,0.73,0.25
2019-09-23,1089.81,1079.95,1089.81,1072.48,-1.09,-11.86,2585132,2068571856.0,1.59,0.24
2019-09-24,1082.03,1080.99,1090.85,1080.58,0.1,1.04,2414172,2041723136.0,0.95,0.22
2019-09-25,1081.73,1063.83,1081.73,1062.71,-1.59,-17.16,2790592,2362142560.0,1.76,0.26
2019-09-26,1067.63,1042.69,1071.0,1042.49,-1.99,-21.14,2728471,2218503120.0,2.68,0.25
2019-09-27,1044.68,1050.58,1053.55,1041.14,0.76,7.89,2194930,2410550416.0,1.19,0.2
2019-09-30,1047.09,1046.09,1054.74,1044.23,-0.43,-4.49,2149542,2005190512.0,1.0,0.2
2019-10-08,1050.44,1049.77,1059.04,1047.71,0.35,3.68,2407828,2386540944.0,1.08,0.22
2019-10-09,1047.5,1058.11,1058.11,1040.61,0.79,8.34,2650109,2287648592.0,1.67,0.24
2019-10-10,1057.83,1074.51,1074.75,1055.97,1.55,16.4,3409985,2538125840.0,1.77,0.32
2019-10-11,1073.86,1074.02,1077.49,1065.68,-0.05,-0.49,3416277,2572114960.0,1.1,0.32
2019-10-14,1080.85,1089.73,1091.46,1080.21,1.46,15.71,3553535,2991849424.0,1.05,0.33
2019-10-15,1083.55,1081.4,1085.09,1078.45,-0.76,-8.33,3405285,2740390624.0,0.61,0.31
2019-10-16,1081.96,1077.02,1086.51,1075.46,-0.41,-4.38,3002489,2588238992.0,1.02,0.28
2019-10-17,1074.78,1084.93,1088.4,1074.57,0.73,7.91,3853532,3076830096.0,1.28,0.36
2019-10-18,1083.83,1092.25,1102.53,1083.83,0.67,7.32,5155539,3693628384.0,1.72,0.48
2019-10-21,1092.05,1090.35,1092.05,1074.0,-0.17,-1.9,4844882,3561919296.0,1.65,0.45
2019-10-22,1085.73,1105.56,1105.79,1085.73,1.39,15.21,4131271,2978639168.0,1.84,0.38
2019-10-23,1106.15,1097.5,1109.31,1095.47,-0.73,-8.06,4056598,2957171328.0,1.25,0.37
2019-10-24,1095.84,1092.03,1095.99,1084.74,-0.5,-5.47,3317103,2810323120.0,1.03,0.31
2019-10-25,1089.83,1102.98,1102.98,1087.03,1.0,10.95,3298953,2622349360.0,1.46,0.3
2019-10-28,1097.44,1125.73,1125.73,1097.44,2.06,22.75,5503822,4347622656.0,2.56,0.51
2019-10-29,1121.51,1112.54,1123.51,1112.33,-1.17,-13.19,4769295,3675271136.0,0.99,0.44
2019-10-30,1105.18,1110.32,1114.96,1096.0,-0.2,-2.22,4768734,4492175360.0,1.7,0.44
2019-10-31,1106.25,1072.16,1106.89,1070.68,-3.44,-38.16,5435294,4269948160.0,3.26,0.5
2019-11-01,1062.58,1078.8,1079.92,1056.66,0.62,6.64,4447565,3814368192.0,2.17,0.41
2019-11-04,1080.37,1076.98,1083.54,1075.55,-0.17,-1.82,4024088,3306415936.0,0.74,0.37
2019-11-05,1075.56,1079.85,1079.85,1063.6,0.27,2.87,3573729,2969691888.0,1.51,0.33
2019-11-06,1075.34,1059.51,1075.34,1057.64,-1.88,-20.34,3332254,2820175568.0,1.64,0.31
2019-11-07,1059.08,1071.86,1073.26,1057.81,1.17,12.35,2668905,2423014608.0,1.46,0.25
2019-11-08,1076.07,1071.34,1081.94,1071.34,-0.05,-0.52,3072868,2912824704.0,0.99,0.28
2019-11-11,1066.3,1049.45,1066.3,1046.32,-2.04,-21.89,3001234,2581181424.0,1.86,0.28
2019-11-12,1047.37,1054.2,1054.32,1040.0,0.45,4.75,2199247,1911500624.0,1.36,0.2
2019-11-13,1054.64,1053.93,1057.82,1049.63,-0.03,-0.27,1957743,2253082800.0,0.78,0.18
2019-11-14,1053.33,1062.05,1062.05,1051.58,0.77,8.12,2148481,2018685712.0,0.99,0.2
2019-11-15,1060.83,1049.14,1061.73,1048.44,-1.22,-12.91,2657023,2313035536.0,1.25,0.25
2019-11-18,1047.85,1058.25,1059.03,1045.42,0.87,9.11,3369702,2639243056.0,1.3,0.31
2019-11-19,1057.06,1079.71,1079.71,1055.72,2.03,21.46,3889358,3236330480.0,2.27,0.36
2019-11-20,1081.27,1074.8,1084.53,1072.6,-0.45,-4.91,3506970,2789678384.0,1.1,0.32
2019-11-21,1071.23,1073.91,1075.81,1069.1,-0.08,-0.89,3913640,3003579856.0,0.62,0.36
2019-11-22,1073.53,1063.41,1085.04,1060.02,-0.98,-10.5,3901898,3539023920.0,2.33,0.36
2019-11-25,1060.95,1055.3,1063.21,1050.11,-0.76,-8.11,3096262,2863882800.0,1.23,0.29
2019-11-26,1054.69,1052.29,1056.18,1048.68,-0.29,-3.01,2910462,2368812624.0,0.71,0.27
2019-11-27,1050.01,1051.84,1055.02,1043.29,-0.04,-0.45,2698496,2397119680.0,1.11,0.25
2019-11-28,1049.83,1047.58,1054.23,1045.55,-0.41,-4.26,2535812,2101914048.0,0.83,0.23
2019-11-29,1047.53,1043.28,1048.32,1035.78,-0.41,-4.3,2615830,2376732864.0,1.2,0.24
2019-12-02,1044.07,1041.62,1045.16,1038.8,-0.16,-1.66,2563587,2093730944.0,0.61,0.24
2019-12-03,1037.39,1047.8,1048.14,1034.48,0.59,6.18,2440422,2058730928.0,1.31,0.23
2019-12-04,1044.19,1049.84,1049.84,1043.07,0.19,2.04,2360528,1853364176.0,0.65,0.22
2019-12-05,1050.52,1055.7,1056.05,1049.93,0.56,5.86,2447714,2062061568.0,0.58,0.23
2019-12-06,1057.34,1064.2,1064.26,1053.74,0.81,8.5,3039685,2132932544.0,1.0,0.28
2019-12-09,1065.35,1064.6,1065.78,1060.46,0.04,0.4,3539351,2631169472.0,0.5,0.33
2019-12-10,1064.62,1072.73,1072.81,1059.25,0.76,8.13,3643087,2654561136.0,1.27,0.34
2019-12-11,1071.41,1070.47,1074.29,1066.72,-0.21,-2.26,4071537,2863791488.0,0.71,0.38
2019-12-12,1068.11,1062.31,1070.04,1062.28,-0.76,-8.16,3110653,2329477312.0,0.72,0.29
2019-12-13,1067.28,1072.29,1072.9,1066.44,0.94,9.98,3274454,2765052160.0,0.61,0.3
2019-12-16,1075.96,1083.21,1083.21,1071.11,1.02,10.92,3625341,3035350656.0,1.13,0.34
2019-12-17,1083.5,1093.36,1095.26,1082.66,0.94,10.15,4680117,3487764800.0,1.16,0.43
2019-12-18,1092.58,1095.84,1098.97,1090.23,0.23,2.48,4417046,3285455200.0,0.8,0.41
2019-12-19,1095.11,1111.53,1113.57,1095.11,1.43,15.69,4760383,3321612592.0,1.68,0.44
2019-12-20,1114.0,1102.46,1119.19,1102.46,-0.82,-9.07,4903240,3522077904.0,1.51,0.45
2019-12-23,1099.75,1079.38,1099.77,1078.83,-2.09,-23.08,4070987,2953646640.0,1.9,0.38
2019-12-24,1079.82,1091.89,1091.93,1078.73,1.16,12.51,2873370,2277898304.0,1.22,0.27
2019-12-25,1090.82,1091.54,1094.84,1086.4,-0.03,-0.35,2803783,2162812992.0,0.77,0.26
2019-12-26,1090.85,1096.03,1096.03,1088.11,0.41,4.49,3069691,2650621296.0,0.73,0.28
2019-12-27,1097.14,1088.99,1101.98,1088.41,-0.64,-7.04,3725886,3020805792.0,1.24,0.34
2019-12-30,1085.35,1096.08,1096.52,1071.82,0.65,7.09,3467907,2978510832.0,2.27,0.32
2019-12-31,1094.29,1111.71,1113.07,1092.75,1.43,15.63,4063349,3392220224.0,1.85,0.38
2020-01-02,1119.13,1133.14,1133.17,1113.11,1.93,21.43,6296194,5310215424.0,1.8,0.58
2020-01-03,1134.28,1135.95,1139.68,1128.9,0.25,2.81,5309382,4866812672.0,0.95,0.49
2020-01-06,1130.45,1139.14,1145.36,1123.97,0.28,3.19,6158725,5109616384.0,1.88,0.57
2020-01-07,1140.26,1160.05,1162.49,1140.26,1.84,20.91,6543334,5209097216.0,1.95,0.6
2020-01-08,1151.15,1132.85,1152.65,1130.64,-2.34,-27.2,5876395,4535154176.0,1.9,0.54
2020-01-09,1142.96,1151.52,1152.15,1142.02,1.65,18.67,4626817,3884114800.0,0.89,0.43
2020-01-10,1152.81,1147.69,1154.16,1142.47,-0.33,-3.83,3835342,3247124480.0,1.02,0.35
2020-01-13,1145.76,1151.02,1151.02,1137.99,0.29,3.33,3582970,3005205248.0,1.14,0.33
2020-01-14,1154.37,1149.28,1157.65,1148.71,-0.15,-1.74,4498090,3906191232.0,0.78,0.42
2020-01-15,1147.49,1143.43,1149.32,1138.53,-0.51,-5.85,3615387,3149973248.0,0.94,0.33
2020-01-16,1147.63,1145.13,1152.56,1143.85,0.15,1.7,3591758,3529608032.0,0.76,0.33
2020-01-17,1144.45,1137.88,1149.0,1136.69,-0.63,-7.25,3697023,3486232640.0,1.07,0.34
2020-01-20,1141.44,1147.61,1147.89,1132.55,0.86,9.73,4854921,4060224784.0,1.35,0.45
2020-01-21,1152.51,1143.84,1152.72,1143.66,-0.33,-3.77,4723436,3954843344.0,0.79,0.44
2020-01-22,1142.56,1138.15,1142.98,1123.65,-0.5,-5.69,7018462,4342577152.0,1.69,0.65
2020-01-23,1126.65,1099.91,1135.04,1089.67,-3.36,-38.24,7266004,4864310016.0,3.99,0.67
2020-02-03,1004.5,1008.88,1014.67,1002.68,-8.28,-91.03,3223642,3050063504.0,1.09,0.3
2020-02-04,958.01,1020.42,1023.92,958.01,1.14,11.54,10006275,6268193024.0,6.53,0.92
2020-02-05,1027.18,1055.84,1057.11,1025.98,3.47,35.42,8230584,5324414208.0,3.05,0.76
2020-02-06,1068.05,1096.95,1104.59,1061.26,3.89,41.11,8581684,6224044800.0,4.1,0.79
2020-02-07,1106.88,1110.29,1116.38,1091.96,1.22,13.34,10341483,7490083328.0,2.23,0.96
2020-02-10,1110.5,1115.57,1115.87,1100.87,0.48,5.28,8776342,6287744000.0,1.35,0.81
2020-02-11,1114.01,1101.33,1114.94,1093.69,-1.28,-14.24,7746507,5399920128.0,1.9,0.72
2020-02-12,1100.94,1116.95,1117.27,1098.63,1.42,15.62,6098075,4317509632.0,1.69,0.56
2020-02-13,1118.46,1104.45,1119.59,1099.98,-1.12,-12.5,6163982,4526049792.0,1.76,0.57
2020-02-14,1105.74,1106.55,1117.48,1101.06,0.19,2.1,6062306,4605625344.0,1.49,0.56
2020-02-17,1113.49,1145.64,1145.64,1113.43,3.53,39.09,6484991,5357380864.0,2.91,0.6
2020-02-18,1153.6,1162.21,1162.32,1140.95,1.45,16.57,8364882,6613342976.0,1.87,0.77
2020-02-19,1155.76,1145.58,1156.42,1144.91,-1.43,-16.63,7780817,6490509568.0,0.99,0.72
2020-02-20,1144.96,1164.85,1166.17,1144.73,1.68,19.27,6438496,6051578368.0,1.87,0.6
2020-02-21,1164.21,1173.24,1181.47,1164.21,0.72,8.39,8154763,7437828864.0,1.48,0.75
2020-02-24,1168.68,1184.7,1186.39,1163.16,0.98,11.46,8882611,7560820480.0,1.98,0.82
2020-02-25,1165.86,1188.23,1188.23,1148.68,0.3,3.53,10922412,8984017152.0,3.34,1.01
2020-02-26,1174.44,1172.35,1190.47,1169.6,-1.34,-15.88,10655600,7833487872.0,1.76,0.98
2020-02-27,1175.15,1179.41,1185.1,1158.94,0.6,7.06,8565731,6237369088.0,2.23,0.79
2020-02-28,1153.71,1131.63,1166.48,1130.46,-4.05,-47.78,10787921,8088883712.0,3.05,1.0
2020-03-02,1137.13,1165.42,1166.29,1137.13,2.99,33.79,9013949,7045660160.0,2.58,0.83
2020-03-03,1173.72,1167.26,1185.51,1160.05,0.16,1.84,8348948,6738440448.0,2.18,0.77
2020-03-04,1160.32,1179.89,1179.89,1158.94,1.08,12.63,7654520,6288919808.0,1.79,0.71
2020-03-05,1187.97,1206.83,1207.35,1185.87,2.28,26.94,8683164,7596787200.0,1.82,0.8
2020-03-06,1198.32,1210.79,1220.21,1194.43,0.33,3.96,9175001,8191979776.0,2.14,0.85
2020-03-09,1190.53,1178.27,1202.54,1177.88,-2.69,-32.52,9334403,8380163584.0,2.04,0.86
2020-03-10,1155.36,1183.99,1183.99,1137.94,0.49,5.72,7924110,6855338752.0,3.91,0.73
2020-03-11,1183.45,1181.29,1197.66,1180.97,-0.23,-2.7,6512045,5429352960.0,1.41,0.6
2020-03-12,1168.13,1151.92,1171.48,1143.43,-2.49,-29.37,6010972,4666721024.0,2.37,0.56
2020-03-13,1089.18,1133.15,1138.77,1086.91,-1.63,-18.77,6587257,4849303552.0,4.5,0.61
2020-03-16,1141.51,1095.75,1146.95,1095.57,-3.3,-37.4,6846195,5233191936.0,4.53,0.63
2020-03-17,1096.39,1088.83,1107.14,1051.65,-0.63,-6.92,6321884,4803772160.0,5.06,0.58
2020-03-18,1096.71,1072.47,1110.23,1071.25,-1.5,-16.36,5373970,4215570256.0,3.58,0.5
2020-03-19,1068.98,1077.88,1080.28,1051.38,0.5,5.41,5261062,4156345168.0,2.69,0.49
2020-03-20,1087.95,1098.62,1098.73,1080.87,1.92,20.74,4600407,3701692208.0,1.66,0.43
2020-03-23,1074.66,1069.53,1093.19,1066.1,-2.65,-29.09,4839853,3831166272.0,2.47,0.45
2020-03-24,1085.39,1090.05,1090.05,1064.28,1.92,20.52,5126712,4092750320.0,2.41,0.47
2020-03-25,1108.41,1114.95,1116.81,1098.38,2.28,24.9,5848495,4624796160.0,1.69,0.54
2020-03-26,1107.22,1107.71,1118.21,1102.96,-0.65,-7.24,5216650,3800698032.0,1.37,0.48
2020-03-27,1120.64,1110.58,1129.86,1110.04,0.26,2.87,5406647,4094216160.0,1.79,0.5
2020-03-30,1103.57,1103.95,1111.04,1096.06,-0.6,-6.63,5928698,4538019072.0,1.35,0.55
2020-03-31,1110.39,1113.65,1122.8,1103.36,0.88,9.7,6206743,4849745152.0,1.76,0.57
2020-04-01,1109.04,1105.8,1116.97,1101.86,-0.7,-7.85,6850202,4608552960.0,1.36,0.63
2020-04-02,1097.51,1117.85,1117.85,1097.0,1.09,12.05,7386728,4926707200.0,1.89,0.68
2020-04-03,1112.17,1123.92,1132.0,1110.16,0.54,6.07,6943163,4682776064.0,1.95,0.64
2020-04-07,1143.1,1164.09,1164.09,1139.58,3.57,40.17,6797391,5115603968.0,2.18,0.63
2020-04-08,1164.81,1166.72,1175.07,1157.8,0.23,2.63,9438872,5816571648.0,1.48,0.87
2020-04-09,1175.07,1185.66,1186.93,1170.62,1.62,18.94,7816505,5526599168.0,1.4,0.72
2020-04-10,1179.73,1157.28,1181.84,1151.29,-2.39,-28.38,10800339,6745396224.0,2.58,1.0
2020-04-13,1151.13,1144.83,1154.36,1140.83,-1.08,-12.45,6917396,4938548736.0,1.17,0.64
2020-04-14,1149.18,1170.82,1170.82,1147.28,2.27,25.99,8669802,5738122752.0,2.06,0.8
2020-04-15,1169.93,1167.08,1175.1,1162.92,-0.32,-3.74,9072624,6539040000.0,1.04,0.84
2020-04-16,1161.37,1169.02,1172.6,1160.03,0.17,1.94,10115933,6347013120.0,1.08,0.94
2020-04-17,1173.69,1158.45,1176.08,1158.45,-0.9,-10.57,10168408,6484038400.0,1.51,0.94
2020-04-20,1159.58,1170.31,1170.31,1154.67,1.02,11.86,8295768,5576099328.0,1.35,0.77
2020-04-21,1168.67,1169.62,1170.84,1161.16,-0.06,-0.69,10450584,6777355776.0,0.83,0.97
2020-04-22,1155.65,1184.73,1184.98,1153.88,1.29,15.11,8876067,5872399616.0,2.66,0.82
2020-04-23,1186.61,1185.03,1197.4,1180.15,0.03,0.3,10388463,6882548480.0,1.46,0.96
2020-04-24,1180.77,1156.89,1181.29,1152.0,-2.37,-28.14,8520207,5890328320.0,2.47,0.79
2020-04-27,1148.89,1137.31,1149.32,1133.96,-1.69,-19.58,6038548,4141811856.0,1.33,0.56
2020-04-28,1130.37,1102.95,1130.83,1075.14,-3.02,-34.36,7202098,4687411968.0,4.9,0.67
2020-04-29,1096.93,1086.42,1105.37,1084.71,-1.5,-16.53,5618999,3862922176.0,1.87,0.52
2020-04-30,1087.89,1096.29,1098.68,1085.02,0.91,9.87,5932844,4223465792.0,1.26,0.55
2020-05-06,1080.71,1107.51,1107.51,1079.3,1.02,11.22,5267235,3840791072.0,2.57,0.49
2020-05-07,1101.8,1109.13,1114.95,1101.09,0.15,1.62,5892570,4226150800.0,1.25,0.54
2020-05-08,1109.19,1119.06,1120.52,1106.26,0.9,9.93,5721145,4231444704.0,1.29,0.53
2020-05-11,1117.89,1111.98,1121.54,1106.01,-0.63,-7.08,5252569,4018420240.0,1.39,0.49
2020-05-12,1109.26,1116.14,1117.54,1102.96,0.37,4.16,5615213,4444507392.0,1.31,0.52
2020-05-13,1112.25,1128.72,1128.72,1109.51,1.13,12.58,6078343,4591083264.0,1.72,0.56
2020-05-14,1120.23,1118.64,1125.67,1115.87,-0.89,-10.08,5899806,4338061312.0,0.87,0.55
2020-05-15,1121.06,1126.66,1129.83,1118.99,0.72,8.02,5924430,4972693504.0,0.97,0.55
2020-05-18,1128.99,1132.1,1139.84,1121.71,0.48,5.44,6750879,5094145536.0,1.61,0.62
2020-05-19,1138.54,1144.95,1145.16,1134.61,1.14,12.85,5349044,4617323776.0,0.93,0.49
2020-05-20,1146.0,1135.93,1146.4,1132.03,-0.79,-9.02,5886448,4756492288.0,1.26,0.54
2020-05-21,1133.97,1123.28,1138.53,1121.37,-1.11,-12.65,4840333,3658077376.0,1.51,0.45
2020-05-22,1120.56,1096.8,1120.56,1093.2,-2.36,-26.48,4331742,3418378656.0,2.44,0.4
2020-05-25,1097.39,1111.02,1114.13,1096.82,1.3,14.22,4612576,3511628512.0,1.58,0.43
2020-05-26,1116.61,1134.5,1134.81,1113.68,2.11,23.48,6119993,4171719792.0,1.9,0.57
2020-05-27,1134.54,1149.03,1153.62,1132.37,1.28,14.53,6442363,4526665472.0,1.87,0.6
2020-05-28,1146.58,1133.15,1146.58,1119.58,-1.38,-15.88,6051416,4015864320.0,2.35,0.56
2020-05-29,1128.44,1149.28,1153.38,1126.91,1.42,16.13,5428542,4053284368.0,2.34,0.5
2020-06-01,1155.04,1183.62,1184.35,1154.04,2.99,34.34,7959138,5774797056.0,2.64,0.74
2020-06-02,1186.61,1183.22,1187.92,1177.26,-0.03,-0.4,6710259,4946861056.0,0.9,0.62
2020-06-03,1184.79,1192.99,1200.63,1180.34,0.83,9.77,8364009,5551900160.0,1.71,0.77
2020-06-04,1195.68,1200.95,1202.74,1192.68,0.67,7.96,7260597,5106071808.0,0.84,0.67
2020-06-05,1196.94,1187.74,1197.57,1182.17,-1.1,-13.21,6465996,4592217600.0,1.28,0.6
2020-06-08,1193.14,1193.17,1197.74,1188.52,0.46,5.43,6562936,5392734720.0,0.78,0.61
2020-06-09,1194.05,1204.94,1204.94,1192.35,0.99,11.77,6064997,4281858608.0,1.06,0.56
2020-06-10,1207.51,1203.76,1207.51,1198.41,-0.1,-1.18,6785275,5249946112.0,0.76,0.63
2020-06-11,1209.6,1201.76,1217.36,1198.29,-0.17,-2.0,6010785,5118869504.0,1.58,0.56
2020-06-12,1175.22,1221.08,1223.73,1175.22,1.61,19.32,9127083,7545928192.0,4.04,0.84
2020-06-15,1228.39,1234.03,1244.06,1225.7,1.06,12.95,10475982,7884724736.0,1.5,0.97
2020-06-16,1236.6,1246.73,1247.15,1233.54,1.03,12.7,8293273,6352323328.0,1.1,0.77
2020-06-17,1245.46,1256.28,1257.15,1242.2,0.77,9.55,9137094,6673574912.0,1.2,0.84
2020-06-18,1251.44,1238.75,1253.17,1233.27,-1.4,-17.53,7221807,5807525888.0,1.58,0.67
2020-06-19,1234.31,1239.6,1241.38,1232.04,0.07,0.85,6353003,5276089856.0,0.75,0.59
2020-06-22,1240.86,1235.27,1240.86,1228.5,-0.35,-4.33,6237691,5074505728.0,1.0,0.58
2020-06-23,1237.21,1239.25,1241.61,1233.43,0.32,3.98,6201591,5654709504.0,0.66,0.57
2020-06-24,1237.16,1246.53,1248.53,1235.87,0.59,7.28,6385190,5948659968.0,1.02,0.59
2020-06-29,1247.89,1246.66,1251.85,1244.25,0.01,0.13,6357138,5550918144.0,0.61,0.59
2020-06-30,1249.38,1266.27,1270.1,1248.89,1.57,19.61,6335513,5980868096.0,1.7,0.59
2020-07-01,1266.58,1262.98,1272.92,1253.78,-0.26,-3.29,6945771,6563189760.0,1.51,0.64
2020-07-02,1265.25,1282.26,1282.96,1262.44,1.53,19.28,7419166,7196607744.0,1.62,0.69
2020-07-03,1283.16,1291.63,1292.67,1276.35,0.73,9.37,8402502,8243657216.0,1.27,0.78
2020-07-06,1289.41,1322.44,1323.18,1289.41,2.39,30.81,10661116,9874262016.0,2.61,0.99
2020-07-07,1326.0,1333.42,1345.53,1311.93,0.83,10.98,11644357,9758896384.0,2.54,1.08
2020-07-08,1325.7,1352.16,1352.16,1319.29,1.41,18.74,9635763,8232665088.0,2.47,0.89
2020-07-09,1354.99,1387.99,1388.82,1352.0,2.65,35.83,10897163,9421608448.0,2.72,1.01
2020-07-10,1383.35,1382.93,1396.98,1373.42,-0.36,-5.06,9738030,8486900224.0,1.7,0.9
2020-07-13,1390.48,1429.1,1429.1,1388.32,3.34,46.17,11301909,10106189824.0,2.95,1.04
2020-07-14,1429.78,1414.83,1433.89,1388.51,-1.0,-14.27,11205699,9346074880.0,3.18,1.04
2020-07-15,1417.83,1389.59,1422.18,1378.61,-1.78,-25.24,10188312,8952320768.0,3.08,0.94
2020-07-16,1385.63,1336.59,1391.59,1334.33,-3.81,-53.0,9818420,8891132416.0,4.12,0.91
2020-07-17,1336.79,1330.55,1344.7,1313.05,-0.45,-6.04,8223860,6906270720.0,2.37,0.76
2020-07-20,1339.61,1373.61,1373.61,1335.11,3.24,43.06,7609546,6811518208.0,2.89,0.7
2020-07-21,1378.26,1396.31,1397.87,1373.91,1.65,22.7,8259865,7645487360.0,1.74,0.76
2020-07-22,1394.12,1399.58,1410.99,1387.18,0.23,3.27,7549826,7178057472.0,1.71,0.7
2020-07-23,1388.13,1401.13,1401.14,1364.33,0.11,1.55,7243977,6807482880.0,2.63,0.67
2020-07-24,1403.59,1343.7,1405.66,1336.62,-4.1,-57.43,7512106,6974348288.0,4.93,0.69
2020-07-27,1349.78,1346.1,1353.97,1332.35,0.18,2.4,5393823,5004258816.0,1.61,0.5
2020-07-28,1352.5,1371.81,1371.81,1351.24,1.91,25.71,6444090,5569938432.0,1.53,0.6
2020-07-29,1363.84,1408.04,1408.04,1360.15,2.64,36.23,7213388,6095107584.0,3.49,0.67
2020-07-30,1411.21,1412.78,1424.14,1408.97,0.34,4.74,6944658,6275117824.0,1.08,0.64
2020-07-31,1414.17,1436.03,1437.92,1411.71,1.65,23.25,7297714,6944143104.0,1.86,0.67
2020-08-03,1446.03,1480.56,1480.86,1446.03,3.1,44.53,8313608,7707718144.0,2.43,0.77
2020-08-04,1485.11,1479.34,1488.84,1472.52,-0.08,-1.22,8355648,8234560768.0,1.1,0.77
2020-08-05,1483.53,1507.49,1508.58,1468.28,1.9,28.15,9515802,8957653504.0,2.72,0.88
2020-08-06,1508.03,1494.87,1508.03,1476.14,-0.84,-12.62,8273712,7765435648.0,2.12,0.76
2020-08-07,1491.01,1479.07,1492.98,1455.37,-1.06,-15.8,9492960,9299969792.0,2.52,0.88
2020-08-10,1475.31,1482.49,1492.6,1467.22,0.23,3.42,8855152,8252483584.0,1.72,0.82
2020-08-11,1478.17,1461.59,1487.04,1460.0,-1.41,-20.9,9906305,8729781248.0,1.82,0.92
2020-08-12,1454.38,1444.92,1455.88,1413.98,-1.14,-16.67,8455049,7898482432.0,2.87,0.78
2020-08-13,1441.33,1438.55,1450.72,1435.21,-0.44,-6.37,6782624,5965365248.0,1.07,0.63
2020-08-14,1433.21,1446.6,1446.6,1419.79,0.56,8.05,5870027,5467913728.0,1.86,0.54
2020-08-17,1447.94,1481.57,1481.88,1447.28,2.42,34.97,7660324,7015302656.0,2.39,0.71
2020-08-18,1486.64,1495.69,1500.34,1485.38,0.95,14.12,7175746,6525876224.0,1.01,0.66
2020-08-19,1492.68,1465.58,1493.4,1465.58,-2.01,-30.11,6827648,6202454272.0,1.86,0.63
2020-08-20,1457.72,1457.44,1470.37,1451.0,-0.56,-8.14,5815764,5610114304.0,1.32,0.54
2020-08-21,1465.65,1477.23,1481.21,1465.65,1.36,19.79,6678757,5980968448.0,1.07,0.62
2020-08-24,1481.48,1491.87,1497.32,1463.92,0.99,14.64,6222641,6081651712.0,2.26,0.58
2020-08-25,1493.71,1521.47,1527.7,1493.71,1.98,29.6,7682385,7580276480.0,2.28,0.71
2020-08-26,1516.18,1497.51,1520.66,1485.19,-1.57,-23.96,7799948,8490027776.0,2.33,0.72
2020-08-27,1485.86,1518.68,1524.09,1483.94,1.41,21.17,8001710,7810291456.0,2.68,0.74
2020-08-28,1513.69,1546.18,1550.33,1509.44,1.81,27.5,9180227,8809082112.0,2.69,0.85
2020-08-31,1550.84,1552.5,1569.13,1545.35,0.41,6.32,7680554,8128530688.0,1.54,0.71
2020-09-01,1550.69,1559.56,1559.56,1531.92,0.45,7.06,7162134,7533690624.0,1.78,0.66
2020-09-02,1562.4,1584.15,1588.43,1553.65,1.58,24.59,8579710,8652663040.0,2.23,0.79
2020-09-03,1576.95,1569.63,1596.92,1561.57,-0.92,-14.52,8008176,8733594112.0,2.23,0.74
2020-09-04,1541.99,1573.95,1576.52,1536.16,0.28,4.32,7058028,8272888064.0,2.57,0.65
2020-09-07,1579.22,1566.97,1594.33,1563.31,-0.44,-6.98,8565219,8956365312.0,1.97,0.79
2020-09-08,1566.78,1586.85,1587.73,1556.31,1.27,19.88,7905440,8154898176.0,2.01,0.73
2020-09-09,1565.67,1527.45,1574.14,1527.45,-3.74,-59.4,9669218,9426758400.0,2.94,0.89
2020-09-10,1528.32,1460.63,1532.7,1455.33,-4.37,-66.82,8184812,6950995456.0,5.07,0.76
2020-09-11,1448.0,1473.78,1477.01,1444.29,0.9,13.15,6026478,5286061312.0,2.24,0.56
2020-09-14,1482.09,1493.26,1499.23,1477.1,1.32,19.48,6063052,5818358016.0,1.5,0.56
2020-09-15,1495.08,1504.65,1504.65,1480.72,0.76,11.39,5576184,5380241152.0,1.6,0.52
2020-09-16,1506.52,1484.47,1509.89,1474.6,-1.34,-20.18,4711745,4747930624.0,2.35,0.44
2020-09-17,1489.09,1479.84,1489.13,1465.5,-0.31,-4.63,4685797,5195176960.0,1.59,0.43
2020-09-18,1484.14,1508.27,1509.4,1483.39,1.92,28.43,4723241,5302011904.0,1.76,0.44
2020-09-21,1515.18,1510.79,1519.36,1503.74,0.17,2.52,4369652,6001095936.0,1.04,0.4
2020-09-22,1505.81,1513.78,1526.57,1501.7,0.2,2.99,4685962,7000083712.0,1.65,0.43
2020-09-23,1526.73,1537.79,1543.32,1520.47,1.59,24.01,5324658,6611079168.0,1.51,0.49
2020-09-24,1534.56,1500.54,1534.56,1499.81,-2.42,-37.25,5834765,8708564736.0,2.26,0.54
2020-09-25,1503.84,1488.1,1507.0,1479.13,-0.83,-12.44,5737280,8138856448.0,1.86,0.53
2020-09-28,1486.26,1452.33,1489.18,1449.08,-2.4,-35.77,4958006,6709863680.0,2.69,0.46
2020-09-29,1452.33,1468.77,1480.15,1450.1,1.13,16.44,4872503,6858163200.0,2.07,0.45
2020-09-30,1476.08,1468.19,1478.04,1457.82,-0.04,-0.58,4416764,6858872576.0,1.38,0.41
2020-10-09,1483.47,1518.91,1520.22,1483.47,3.45,50.72,5473653,8001981696.0,2.5,0.51
2020-10-12,1529.03,1558.22,1560.31,1527.06,2.59,39.31,6474726,9246452480.0,2.19,0.6
2020-10-13,1559.23,1577.26,1580.33,1550.9,1.22,19.04,5567083,8324091136.0,1.89,0.51
2020-10-14,1573.59,1564.72,1580.41,1559.98,-0.8,-12.54,7698655,9071275264.0,1.3,0.71
2020-10-15,1561.17,1550.99,1561.95,1542.73,-0.88,-13.73,6567517,8190561280.0,1.23,0.61
2020-10-16,1552.41,1558.74,1559.55,1544.91,0.5,7.75,6249312,7554939392.0,0.94,0.58
2020-10-19,1563.55,1551.73,1569.27,1547.04,-0.45,-7.01,6334185,7822360320.0,1.43,0.59
2020-10-20,1546.72,1566.48,1566.48,1539.28,0.95,14.75,6607281,7040816896.0,1.75,0.61
2020-10-21,1567.76,1546.64,1569.83,1543.8,-1.27,-19.84,6958312,7821865728.0,1.66,0.64
2020-10-22,1540.64,1551.46,1554.96,1531.37,0.31,4.82,7909215,8738478336.0,1.53,0.73
2020-10-23,1546.56,1508.62,1552.72,1507.08,-2.76,-42.84,6690816,7571958784.0,2.94,0.62
2020-10-26,1509.1,1509.75,1519.0,1496.92,0.07,1.13,5306686,6091705088.0,1.46,0.49
2020-10-27,1500.57,1515.14,1523.08,1500.12,0.36,5.39,5763159,7538927104.0,1.52,0.53
2020-10-28,1512.48,1509.05,1513.4,1488.05,-0.4,-6.09,5412664,6357840384.0,1.67,0.5
2020-10-29,1493.56,1521.39,1529.94,1488.66,0.82,12.34,6241502,7759902720.0,2.74,0.58
2020-10-30,1517.88,1469.79,1519.4,1468.86,-3.39,-51.6,7873754,8767516160.0,3.32,0.73
2020-11-02,1471.08,1474.84,1478.45,1459.11,0.34,5.05,6370288,6606265856.0,1.32,0.59
2020-11-03,1477.82,1502.48,1503.4,1469.6,1.87,27.64,5916385,6292470528.0,2.29,0.55
2020-11-04,1502.67,1503.26,1506.76,1487.06,0.05,0.78,5362516,6353224192.0,1.31,0.5
2020-11-05,1514.64,1523.5,1525.6,1510.59,1.35,20.24,6163689,6929910016.0,1.0,0.57
2020-11-06,1526.44,1508.24,1526.69,1497.9,-1.0,-15.26,6649444,7416264960.0,1.89,0.61
2020-11-09,1512.28,1538.85,1541.87,1511.79,2.03,30.61,8098179,8598575360.0,1.99,0.75
2020-11-10,1548.91,1529.09,1548.91,1522.89,-0.63,-9.76,6569265,7835386368.0,1.69,0.61
2020-11-11,1524.49,1511.82,1526.26,1510.89,-1.13,-17.27,6255071,6892245504.0,1.01,0.58
2020-11-12,1515.09,1528.88,1529.36,1512.01,1.13,17.06,6914308,6860905728.0,1.15,0.64
2020-11-13,1525.4,1522.03,1526.19,1512.43,-0.45,-6.85,5960765,5688427264.0,0.9,0.55
2020-11-16,1525.05,1530.05,1531.64,1520.8,0.53,8.02,6218716,6346511872.0,0.71,0.57
2020-11-17,1530.6,1514.2,1531.1,1505.15,-1.04,-15.85,6944900,7904602368.0,1.7,0.64
2020-11-18,1512.08,1510.55,1522.02,1503.36,-0.24,-3.65,7224932,7280803072.0,1.23,0.67
2020-11-19,1501.79,1513.73,1516.39,1495.03,0.21,3.18,6760028,6841130240.0,1.41,0.62
2020-11-20,1509.33,1510.02,1510.61,1502.16,-0.25,-3.71,5356520,5569876992.0,0.56,0.5
2020-11-23,1509.57,1510.5,1512.8,1499.66,0.03,0.48,6483924,6716038400.0,0.87,0.6
2020-11-24,1505.74,1498.81,1505.74,1494.59,-0.77,-11.69,5022996,5300398848.0,0.74,0.46
2020-11-25,1496.78,1468.37,1497.26,1468.37,-2.03,-30.44,5249765,5709971200.0,1.93,0.49
2020-11-26,1467.1,1468.24,1473.47,1459.73,-0.01,-0.13,4847578,4699080704.0,0.94,0.45
2020-11-27,1465.78,1463.03,1472.05,1448.62,-0.35,-5.21,4417519,4320238592.0,1.6,0.41
2020-11-30,1460.12,1465.71,1474.74,1455.41,0.18,2.68,5781347,5765575936.0,1.32,0.53
2020-12-01,1463.75,1487.5,1488.87,1461.47,1.49,21.79,7051204,6466705920.0,1.87,0.65
2020-12-02,1490.51,1483.37,1491.81,1477.62,-0.28,-4.13,5420662,5657036288.0,0.95,0.5
2020-12-03,1479.11,1492.35,1495.57,1474.1,0.61,8.98,5905035,6492493568.0,1.45,0.55
2020-12-04,1491.16,1504.59,1505.35,1488.47,0.82,12.24,5817741,6276087552.0,1.13,0.54
2020-12-07,1502.97,1504.7,1509.01,1495.99,0.01,0.11,5634507,6106924288.0,0.87,0.52
2020-12-08,1503.55,1494.17,1504.58,1493.47,-0.7,-10.53,4741495,5103229696.0,0.74,0.44
2020-12-09,1492.23,1464.23,1493.4,1464.23,-2.0,-29.94,5538557,5819769856.0,1.95,0.51
2020-12-10,1462.41,1474.02,1483.55,1454.95,0.67,9.79,5415595,7049395712.0,1.95,0.5
2020-12-11,1475.61,1449.89,1477.03,1437.41,-1.64,-24.13,6360169,8837387264.0,2.69,0.59
2020-12-14,1444.19,1462.24,1463.78,1434.78,0.85,12.35,5544445,7009080064.0,2.0,0.51
2020-12-15,1456.84,1460.23,1467.11,1454.53,-0.14,-2.01,5837909,8095168256.0,0.86,0.54
2020-12-16,1457.37,1445.96,1457.37,1439.11,-0.98,-14.27,6456147,7226086912.0,1.25,0.6
2020-12-17,1440.54,1455.84,1457.86,1427.13,0.68,9.88,6455916,8067277824.0,2.13,0.6
2020-12-18,1451.58,1436.45,1451.58,1434.14,-1.33,-19.39,4790910,6254471424.0,1.2,0.44
2020-12-21,1434.36,1452.13,1453.52,1428.33,1.09,15.68,5242114,7229071872.0,1.75,0.48
2020-12-22,1441.15,1430.48,1451.96,1428.5,-1.49,-21.65,7978237,8111949568.0,1.62,0.74
2020-12-23,1422.93,1416.44,1432.54,1409.6,-0.98,-14.04,7400393,8070496768.0,1.6,0.68
2020-12-24,1413.29,1381.17,1413.79,1378.82,-2.49,-35.27,5956243,6540805632.0,2.47,0.55
2020-12-25,1374.46,1389.45,1395.33,1370.05,0.6,8.28,5287977,5999617792.0,1.83,0.49
2020-12-28,1387.69,1370.74,1387.69,1367.81,-1.35,-18.71,5452992,6384459520.0,1.43,0.5
2020-12-29,1369.46,1366.52,1379.21,1364.45,-0.31,-4.22,5697077,7072874240.0,1.08,0.53
2020-12-30,1366.26,1369.61,1376.52,1363.39,0.23,3.09,4398624,4838840576.0,0.96,0.41
2020-12-31,1373.08,1381.14,1389.17,1370.37,0.84,11.53,4944529,7059983360.0,1.37,0.46
2021-01-04,1378.57,1389.38,1394.35,1375.87,0.6,8.24,6167743,8323373824.0,1.34,0.57
2021-01-05,1388.44,1406.87,1407.91,1386.64,1.26,17.49,7360460,9181262592.0,1.53,0.68
2021-01-06,1414.14,1392.52,1419.48,1384.17,-1.02,-14.35,7788826,9667297024.0,2.51,0.72
2021-01-07,1386.71,1341.57,1387.5,1335.34,-3.66,-50.95,7403581,8347616000.0,3.75,0.68
2021-01-08,1337.89,1351.65,1361.38,1313.98,0.75,10.08,7036752,7287168000.0,3.53,0.65
2021-01-11,1348.19,1317.45,1350.41,1309.78,-2.53,-34.2,8081155,7912003328.0,3.01,0.75
2021-01-12,1313.02,1328.54,1335.33,1311.61,0.84,11.09,5918968,6092227072.0,1.8,0.55
2021-01-13,1328.18,1297.71,1328.32,1288.72,-2.32,-30.83,6033282,6272604160.0,2.98,0.56
2021-01-14,1292.9,1302.1,1308.7,1284.65,0.34,4.39,5393858,5820028416.0,1.85,0.5
2021-01-15,1299.74,1321.71,1323.22,1299.32,1.51,19.61,5338201,5592274944.0,1.84,0.49
2021-01-18,1320.89,1337.74,1341.59,1317.66,1.21,16.03,4841621,5305792256.0,1.81,0.45
2021-01-19,1338.2,1352.31,1361.61,1337.63,1.09,14.57,6475466,6244253952.0,1.79,0.6
2021-01-20,1351.04,1357.68,1358.98,1347.47,0.4,5.37,5401042,5887360256.0,0.85,0.5
2021-01-21,1358.62,1360.15,1365.69,1353.47,0.18,2.47,6897446,6970410752.0,0.9,0.64
2021-01-22,1355.75,1351.66,1356.91,1342.87,-0.62,-8.49,5829813,6596844800.0,1.03,0.54
2021-01-25,1346.76,1322.8,1346.76,1318.25,-2.14,-28.86,5303569,6759257856.0,2.11,0.49
2021-01-26,1316.95,1312.81,1325.19,1310.52,-0.76,-9.99,4618719,5651814912.0,1.11,0.43
2021-01-27,1312.6,1316.86,1320.14,1304.11,0.31,4.05,7055101,6449689856.0,1.22,0.65
2021-01-28,1304.91,1307.44,1325.92,1301.77,-0.72,-9.42,7142216,5980246272.0,1.83,0.66
2021-01-29,1311.81,1289.54,1315.91,1274.21,-1.37,-17.9,5957753,5821546496.0,3.19,0.55
2021-02-01,1283.74,1294.09,1302.26,1283.74,0.35,4.55,5020352,5500288512.0,1.44,0.46
2021-02-02,1293.49,1298.43,1304.22,1281.64,0.34,4.34,5586680,5903821312.0,1.74,0.52
2021-02-03,1293.97,1278.01,1295.67,1277.76,-1.57,-20.42,5243549,5707484928.0,1.38,0.48
2021-02-04,1274.8,1250.77,1275.98,1237.26,-2.13,-27.24,5855994,5715641600.0,3.03,0.54
2021-02-05,1254.34,1256.84,1272.75,1254.34,0.49,6.07,5626850,6832657920.0,1.47,0.52
2021-02-08,1258.89,1255.17,1259.87,1240.33,-0.13,-1.67,4998412,6282334976.0,1.55,0.46
2021-02-09,1254.71,1272.42,1276.04,1252.26,1.37,17.25,4808159,6178298112.0,1.89,0.44
2021-02-10,1271.82,1289.81,1289.81,1269.63,1.37,17.39,4690836,6252878592.0,1.59,0.43
2021-02-18,1303.0,1319.47,1319.96,1303.0,2.3,29.66,6043149,8443528448.0,1.31,0.56
2021-02-19,1327.94,1383.44,1384.07,1327.94,4.85,63.97,8263559,14125390080.0,4.25,0.76
2021-02-22,1380.79,1383.85,1407.38,1379.48,0.03,0.41,10656642,16210667520.0,2.02,0.99
2021-02-23,1371.77,1361.84,1378.96,1357.7,-1.59,-22.01,7914694,13521291264.0,1.54,0.73
2021-02-24,1360.64,1356.37,1368.28,1347.66,-0.4,-5.47,7234205,13430340352.0,1.51,0.67
2021-02-25,1359.68,1345.07,1362.83,1338.08,-0.83,-11.3,7405591,11295525120.0,1.82,0.68
2021-02-26,1325.3,1341.17,1350.01,1322.73,-0.29,-3.9,6925522,11725667328.0,2.03,0.64
2021-03-01,1346.91,1370.51,1370.88,1346.64,2.19,29.34,6904041,11614552320.0,1.81,0.64
2021-03-02,1369.86,1356.11,1369.95,1346.08,-1.05,-14.4,6861903,10687189504.0,1.74,0.63
2021-03-03,1353.07,1365.35,1365.35,1348.48,0.68,9.24,5873533,8721852928.0,1.24,0.54
2021-03-04,1358.45,1346.46,1364.08,1343.58,-1.38,-18.89,6342436,11575204608.0,1.5,0.59
2021-03-05,1337.99,1358.69,1361.19,1336.66,0.91,12.23,6258168,9587270912.0,1.82,0.58
2021-03-08,1361.24,1331.05,1368.97,1331.05,-2.03,-27.64,6334907,11030409472.0,2.79,0.59
2021-03-09,1327.27,1297.73,1329.56,1277.28,-2.5,-33.32,7158551,12531523584.0,3.93,0.66
2021-03-10,1304.68,1279.37,1307.12,1278.27,-1.41,-18.36,5409922,10322679040.0,2.22,0.5
2021-03-11,1277.84,1299.07,1299.29,1269.28,1.54,19.7,5174069,9493848576.0,2.35,0.48
2021-03-12,1297.85,1297.27,1299.07,1288.42,-0.14,-1.8,4558919,7597135616.0,0.82,0.42
2021-03-15,1293.55,1287.67,1296.56,1279.88,-0.74,-9.6,4469294,7742647296.0,1.29,0.41
2021-03-16,1290.56,1311.89,1312.41,1290.56,1.88,24.22,5430386,7648400384.0,1.7,0.5
2021-03-17,1309.57,1322.35,1322.63,1305.63,0.8,10.46,4892031,7245846528.0,1.3,0.45
2021-03-18,1320.02,1326.12,1331.54,1318.17,0.29,3.77,5409622,8700261376.0,1.01,0.5
2021-03-19,1316.15,1320.69,1333.08,1312.15,-0.41,-5.43,5806005,8736853248.0,1.58,0.54
2021-03-22,1320.88,1334.14,1334.54,1320.88,1.02,13.45,4977806,7214215168.0,1.03,0.46
2021-03-23,1333.45,1316.76,1334.31,1308.59,-1.3,-17.38,5215732,7702781184.0,1.93,0.48
2021-03-24,1313.85,1318.56,1320.55,1308.02,0.14,1.8,5407653,9106864128.0,0.95,0.5
2021-03-25,1319.3,1334.14,1337.6,1314.34,1.18,15.58,6557493,9108743936.0,1.76,0.61
2021-03-26,1337.12,1356.13,1356.49,1334.59,1.65,21.99,7670927,10937346048.0,1.64,0.71
2021-03-29,1353.7,1353.01,1363.07,1350.53,-0.23,-3.12,7696305,10024869632.0,0.92,0.71
2021-03-30,1344.99,1351.07,1355.59,1337.78,-0.14,-1.94,7818592,10676746240.0,1.32,0.72
2021-03-31,1341.39,1348.21,1348.28,1332.46,-0.21,-2.86,7531922,9771027712.0,1.17,0.7
2021-04-01,1342.37,1358.0,1360.34,1340.19,0.73,9.79,6678730,10933924864.0,1.49,0.62
2021-04-02,1363.46,1372.57,1377.36,1363.46,1.07,14.57,6274263,11278203392.0,1.02,0.58
2021-04-06,1373.83,1384.11,1385.53,1371.58,0.84,11.54,8126430,11842334464.0,1.02,0.75
2021-04-07,1382.98,1403.62,1403.63,1382.85,1.41,19.51,9890768,13461695232.0,1.5,0.91
2021-04-08,1401.74,1409.0,1415.09,1398.57,0.38,5.38,10008873,15263649536.0,1.18,0.93
2021-04-09,1407.79,1432.35,1436.33,1403.89,1.66,23.35,10051861,13857179648.0,2.3,0.93
2021-04-12,1430.88,1411.84,1431.15,1408.77,-1.43,-20.51,10411270,14793913600.0,1.56,0.96
2021-04-13,1406.44,1401.38,1413.7,1400.16,-0.74,-10.46,10177293,13211365888.0,0.96,0.94
2021-04-14,1392.81,1424.4,1428.06,1391.72,1.64,23.02,9189072,12748166400.0,2.59,0.85
2021-04-15,1459.68,1449.17,1468.65,1447.51,1.74,24.77,11618716,15763855360.0,1.48,1.07
2021-04-16,1445.61,1487.48,1490.55,1445.61,2.64,38.31,21528185,19175203584.0,3.1,1.99
2021-04-19,1479.97,1486.04,1488.76,1469.51,-0.1,-1.44,22182059,19019865600.0,1.29,2.05
2021-04-20,1470.64,1466.33,1482.79,1464.56,-1.33,-19.71,20357088,18494332416.0,1.23,1.88
2021-04-21,1457.87,1492.38,1492.38,1457.78,1.78,26.05,21480359,20268571648.0,2.36,1.99
2021-04-22,1494.12,1502.18,1507.98,1494.09,0.66,9.8,20157813,21847119872.0,0.93,1.86
2021-04-23,1493.64,1468.3,1493.64,1465.43,-2.26,-33.88,20135284,20885875968.0,1.88,1.86
2021-04-26,1463.09,1460.03,1479.85,1457.35,-0.56,-8.27,18899170,22425532416.0,1.53,1.75
2021-04-27,1455.3,1493.57,1495.71,1443.03,2.3,33.54,21624860,22985481728.0,3.61,2.0
2021-04-28,1488.22,1511.51,1511.51,1485.04,1.2,17.94,21486131,24789147648.0,1.77,1.99
2021-04-29,1505.99,1498.59,1526.24,1498.14,-0.85,-12.92,25463282,31458264320.0,1.86,2.35
2021-04-30,1487.35,1496.53,1497.01,1482.57,-0.14,-2.06,22879822,27752605440.0,0.96,2.11
2021-05-06,1492.79,1495.95,1504.28,1487.32,-0.04,-0.58,19960432,26138057984.0,1.13,1.84
2021-05-07,1494.26,1481.86,1497.02,1474.55,-0.94,-14.09,20116074,24255325440.0,1.5,1.86
2021-05-10,1482.86,1515.29,1515.51,1482.86,2.26,33.43,23133813,25603430912.0,2.2,2.14
2021-05-11,1506.17,1503.62,1516.29,1491.56,-0.77,-11.67,27074755,28091003648.0,1.63,2.5
2021-05-12,1487.52,1522.76,1523.11,1483.77,1.27,19.14,24052559,25708675840.0,2.62,2.22
2021-05-13,1509.62,1532.96,1548.92,1507.32,0.67,10.2,25215402,27970263808.0,2.73,2.33
2021-05-14,1536.19,1539.49,1544.21,1530.7,0.43,6.53,21737361,26655152640.0,0.88,2.01
2021-05-17,1529.66,1519.54,1530.25,1511.88,-1.3,-19.95,18796321,24922076672.0,1.19,1.74
2021-05-18,1514.28,1529.78,1529.78,1510.14,0.67,10.24,15744496,20836560640.0,1.29,1.46
2021-05-19,1526.09,1528.22,1535.33,1522.0,-0.1,-1.56,16998342,21758779136.0,0.87,1.57
2021-05-20,1521.84,1519.78,1529.28,1513.4,-0.55,-8.44,18039342,23785940480.0,1.04,1.67
2021-05-21,1517.54,1516.5,1524.79,1513.63,-0.22,-3.28,16190792,19993253376.0,0.73,1.5
2021-05-24,1513.25,1524.81,1524.81,1506.04,0.55,8.31,17552120,20217914624.0,1.24,1.62
2021-05-25,1524.18,1559.59,1560.71,1524.18,2.28,34.78,20877103,28416159488.0,2.4,1.93
2021-05-26,1559.24,1563.64,1569.09,1553.46,0.26,4.05,21208278,25939217408.0,1.0,1.96
2021-05-27,1558.91,1580.26,1580.26,1556.61,1.06,16.62,21777802,26040312832.0,1.51,2.01
2021-05-28,1577.53,1566.61,1581.11,1563.03,-0.86,-13.65,19601860,24225763328.0,1.14,1.81
2021-05-31,1563.46,1593.5,1593.5,1555.23,1.72,26.89,20818607,25348736512.0,2.44,1.92
2021-06-01,1636.79,1624.59,1657.57,1624.59,1.95,31.09,28446440,34902331648.0,2.07,2.63
2021-06-02,1611.36,1602.48,1625.22,1599.34,-1.36,-22.11,26747423,33286617856.0,1.59,2.47
2021-06-03,1596.0,1593.22,1608.34,1585.45,-0.58,-9.26,25085076,28605320448.0,1.43,2.32
2021-06-04,1587.22,1581.08,1594.04,1578.83,-0.76,-12.14,19404926,23869237248.0,0.95,1.79
2021-06-07,1573.05,1570.04,1574.26,1562.23,-0.7,-11.04,19741459,27529120512.0,0.76,1.82
2021-06-08,1568.47,1571.7,1575.28,1563.9,0.11,1.66,19538429,25172213760.0,0.72,1.81
2021-06-09,1567.52,1568.08,1573.28,1558.54,-0.23,-3.62,21692117,29918525184.0,0.94,2.01
2021-06-10,1566.59,1561.0,1568.3,1556.03,-0.45,-7.08,21082590,25593606144.0,0.78,1.95
2021-06-11,1559.03,1542.47,1559.91,1542.28,-1.19,-18.53,21077135,26511486720.0,1.13,1.95
2021-06-15,1540.16,1513.75,1540.16,1512.3,-1.86,-28.72,17376931,20901200640.0,1.81,1.61
2021-06-16,1510.87,1495.86,1513.72,1495.01,-1.18,-17.89,16901224,20920953344.0,1.24,1.56
2021-06-17,1494.86,1504.27,1509.14,1494.86,0.56,8.41,16158023,18197118720.0,0.95,1.49
2021-06-18,1503.43,1518.09,1518.09,1495.31,0.92,13.82,16951609,21029430528.0,1.51,1.57
2021-06-21,1513.21,1541.14,1541.2,1512.05,1.52,23.05,16702283,22827890176.0,1.92,1.54
2021-06-22,1541.2,1538.85,1542.96,1535.1,-0.15,-2.29,15806958,21017869056.0,0.51,1.46
2021-06-23,1537.49,1534.45,1537.49,1529.2,-0.29,-4.4,15222512,19220834048.0,0.54,1.41
2021-06-24,1533.41,1508.76,1533.41,1508.76,-1.67,-25.69,15517642,19708640256.0,1.61,1.43
2021-06-25,1507.77,1524.77,1525.03,1504.57,1.06,16.01,15007646,20107691264.0,1.36,1.39
2021-06-28,1522.56,1537.2,1537.2,1522.15,0.82,12.43,15244144,21546655744.0,0.99,1.41
2021-06-29,1535.99,1533.55,1540.22,1522.99,-0.24,-3.65,18637935,24191504896.0,1.12,1.72
2021-06-30,1530.41,1526.53,1532.65,1521.18,-0.46,-7.02,15406484,19927147776.0,0.75,1.42
2021-07-01,1523.45,1529.67,1548.38,1521.32,0.21,3.14,18731181,24883072000.0,1.77,1.73
2021-07-02,1528.1,1508.64,1528.22,1506.46,-1.37,-21.03,16692781,23831017728.0,1.42,1.54
2021-07-05,1507.06,1513.3,1513.3,1501.35,0.31,4.66,15748563,23026957568.0,0.79,1.46
2021-07-06,1511.72,1499.34,1512.65,1486.1,-0.92,-13.96,15809762,23691655680.0,1.75,1.46
2021-07-07,1492.58,1504.93,1505.45,1490.17,0.37,5.59,15113773,21815437824.0,1.02,1.4
2021-07-08,1503.12,1475.64,1503.46,1475.64,-1.95,-29.29,16937920,23081285376.0,1.85,1.57
2021-07-09,1470.09,1480.32,1481.3,1462.27,0.32,4.68,15111758,20458535168.0,1.29,1.4
2021-07-12,1482.66,1492.8,1495.24,1479.22,0.84,12.48,16081911,20650183680.0,1.08,1.49
2021-07-13,1493.34,1497.59,1497.74,1489.64,0.32,4.79,16895748,20220772096.0,0.54,1.56
2021-07-14,1494.86,1501.96,1512.46,1490.63,0.29,4.37,17095270,22238315264.0,1.46,1.58
2021-07-15,1496.49,1482.76,1496.49,1467.82,-1.28,-19.2,18059980,22662754304.0,1.91,1.67
2021-07-16,1479.89,1466.4,1480.69,1466.4,-1.1,-16.36,15267581,18792536320.0,0.96,1.41
2021-07-19,1462.08,1464.33,1466.09,1450.49,-0.14,-2.07,15415169,18805083392.0,1.06,1.42
2021-07-20,1455.32,1467.03,1467.33,1453.27,0.18,2.7,15721647,18100302848.0,0.96,1.45
2021-07-21,1487.78,1482.14,1501.19,1480.91,1.03,15.11,18071408,22244733696.0,1.38,1.67
2021-07-22,1476.74,1465.98,1476.74,1464.25,-1.09,-16.16,17057277,20382514688.0,0.84,1.58
2021-07-23,1462.86,1433.43,1462.86,1431.32,-2.22,-32.55,17283544,22172522496.0,2.15,1.6
2021-07-26,1428.78,1405.94,1428.78,1387.67,-1.92,-27.49,20298289,23548509440.0,2.87,1.88
2021-07-27,1402.49,1366.85,1409.86,1366.85,-2.78,-39.09,18489252,24800144128.0,3.06,1.71
2021-07-28,1361.83,1384.38,1385.55,1335.05,1.28,17.53,21129010,26561339136.0,3.69,1.95
2021-07-29,1406.93,1413.03,1416.74,1406.93,2.07,28.65,19894327,23555849472.0,0.71,1.84
2021-07-30,1403.66,1416.33,1418.02,1386.0,0.23,3.3,22126197,28835267072.0,2.27,2.05
2021-08-02,1407.93,1438.95,1438.95,1396.66,1.6,22.62,21864612,30640510464.0,2.99,2.02
2021-08-03,1432.0,1466.73,1468.66,1429.79,1.93,27.78,23100589,31637410816.0,2.7,2.14
2021-08-04,1464.72,1465.4,1466.58,1456.48,-0.09,-1.33,19586966,26679037184.0,0.69,1.81
2021-08-05,1459.4,1441.12,1467.52,1438.66,-1.66,-24.28,20489919,26060109824.0,1.97,1.89
2021-08-06,1436.07,1424.26,1436.78,1414.93,-1.17,-16.86,16857775,21460910848.0,1.52,1.56
2021-08-09,1419.22,1450.73,1451.3,1417.93,1.86,26.47,18489615,23888759040.0,2.34,1.71
2021-08-10,1447.81,1462.51,1462.91,1443.13,0.81,11.78,17197871,24556609792.0,1.36,1.59
2021-08-11,1460.89,1456.25,1461.0,1453.39,-0.43,-6.26,17762699,23989180672.0,0.52,1.64
2021-08-12,1455.84,1451.02,1458.05,1447.39,-0.36,-5.23,16022199,20448634624.0,0.73,1.48
2021-08-13,1450.18,1451.11,1452.4,1442.82,0.01,0.09,16274833,20677212928.0,0.66,1.5
2021-08-16,1446.86,1463.92,1468.15,1445.53,0.88,12.81,16978816,21050086144.0,1.56,1.57
2021-08-17,1463.92,1434.53,1466.2,1432.67,-2.01,-29.39,18867783,23417661184.0,2.29,1.74
2021-08-18,1430.93,1438.99,1442.3,1428.22,0.31,4.46,15364141,19589344768.0,0.98,1.42
2021-08-19,1434.89,1438.97,1447.55,1434.66,0.0,-0.02,15337743,18817420800.0,0.9,1.42
2021-08-20,1431.63,1405.3,1431.63,1395.9,-2.34,-33.67,15098946,20970246400.0,2.48,1.4
2021-08-23,1405.2,1432.39,1432.95,1405.2,1.93,27.09,14248975,20420817408.0,1.97,1.32
2021-08-24,1432.4,1437.7,1439.77,1430.87,0.37,5.31,15529152,20859369472.0,0.62,1.44
2021-08-25,1437.71,1452.36,1452.38,1431.03,1.02,14.66,16426945,21175257600.0,1.49,1.52
2021-08-26,1450.05,1435.4,1450.05,1434.51,-1.17,-16.96,17273511,20601371136.0,1.07,1.6
2021-08-27,1431.2,1428.83,1431.35,1422.51,-0.46,-6.57,15487606,19461916160.0,0.62,1.43
2021-08-30,1425.4,1420.1,1426.55,1415.72,-0.61,-8.73,17765879,22800265984.0,0.76,1.64
2021-08-31,1415.6,1407.44,1421.58,1397.68,-0.89,-12.66,16541294,23822051328.0,1.68,1.53
2021-09-01,1408.01,1413.86,1414.64,1393.02,0.46,6.42,18201977,24590086656.0,1.54,1.68
2021-09-02,1411.3,1411.16,1413.96,1407.61,-0.19,-2.7,14910267,19081640192.0,0.45,1.38
2021-09-03,1410.81,1420.04,1424.15,1410.67,0.63,8.88,16446851,20855865344.0,0.96,1.52
2021-09-06,1421.83,1443.33,1444.12,1421.3,1.64,23.29,15930678,21518062592.0,1.61,1.47
2021-09-07,1442.68,1451.05,1451.37,1438.73,0.53,7.72,18466141,21030213120.0,0.88,1.71
2021-09-08,1452.68,1469.61,1470.1,1451.33,1.28,18.56,23558783,22757571328.0,1.29,2.18
2021-09-09,1465.48,1464.08,1469.5,1460.52,-0.38,-5.53,25721364,23576653568.0,0.61,2.38
2021-09-10,1462.55,1451.55,1465.41,1448.16,-0.86,-12.53,22627272,21974961664.0,1.18,2.09
2021-09-13,1451.23,1461.1,1461.1,1447.98,0.66,9.55,22448007,22566106368.0,0.9,2.07
2021-09-14,1460.63,1443.86,1464.69,1442.11,-1.18,-17.24,24868201,25785237248.0,1.55,2.3
2021-09-15,1439.03,1438.48,1442.01,1431.24,-0.37,-5.38,19112725,20699970048.0,0.75,1.77
2021-09-16,1437.2,1430.7,1452.32,1430.58,-0.54,-7.78,22568294,25087537152.0,1.51,2.09
2021-09-17,1428.58,1431.28,1432.53,1412.73,0.04,0.58,19894665,24113731840.0,1.38,1.84
2021-09-22,1415.21,1426.52,1426.81,1410.85,-0.33,-4.76,15552633,17973089024.0,1.12,1.44
2021-09-23,1429.01,1441.33,1446.65,1429.01,1.04,14.81,18141372,21782641152.0,1.24,1.68
2021-09-24,1438.12,1433.98,1445.22,1430.21,-0.51,-7.35,20166616,25521165568.0,1.04,1.86
2021-09-27,1430.53,1403.75,1430.55,1397.08,-2.11,-30.23,20385089,27074852864.0,2.33,1.88
2021-09-28,1399.5,1391.35,1399.51,1387.81,-0.88,-12.4,15365854,18660164096.0,0.83,1.42
2021-09-29,1382.7,1349.3,1382.7,1349.3,-3.02,-42.05,15258714,19140700160.0,2.4,1.41
2021-09-30,1354.45,1374.64,1376.79,1354.45,1.88,25.34,12446708,15593979904.0,1.66,1.15
2021-10-08,1384.35,1410.54,1410.54,1384.35,2.61,35.9,15783812,21361652480.0,1.91,1.46
2021-10-11,1413.24,1415.01,1424.86,1411.59,0.32,4.47,14552259,18738768896.0,0.94,1.35
2021-10-12,1411.9,1414.64,1424.13,1403.43,-0.03,-0.37,17478842,21081617920.0,1.46,1.62
2021-10-13,1414.45,1431.68,1432.74,1414.45,1.2,17.04,16695911,21931756800.0,1.29,1.54
2021-10-14,1428.31,1429.01,1431.17,1421.16,-0.19,-2.67,15603512,20252128256.0,0.7,1.44
2021-10-15,1420.79,1402.3,1420.79,1402.3,-1.87,-26.71,15287740,21160286976.0,1.29,1.41
2021-10-18,1398.29,1398.16,1398.79,1382.51,-0.3,-4.14,14368898,20119906816.0,1.16,1.33
2021-10-19,1397.03,1396.16,1401.2,1393.16,-0.14,-2.0,13336065,17655895808.0,0.58,1.23
2021-10-20,1395.1,1392.85,1395.71,1381.52,-0.24,-3.31,15958557,19423149824.0,1.02,1.48
2021-10-21,1391.4,1391.3,1394.49,1384.27,-0.11,-1.55,16814809,19941351424.0,0.73,1.55
2021-10-22,1389.45,1387.62,1396.74,1387.1,-0.26,-3.68,20538514,23519169024.0,0.69,1.9
2021-10-25,1385.12,1386.56,1386.68,1378.62,-0.08,-1.06,17489841,21489733120.0,0.58,1.62
2021-10-26,1384.31,1369.9,1384.31,1368.87,-1.2,-16.66,15870491,19668948480.0,1.11,1.47
2021-10-27,1366.94,1336.07,1366.94,1333.52,-2.47,-33.83,15143118,18773534208.0,2.44,1.4
2021-10-28,1330.15,1324.15,1333.17,1317.35,-0.89,-11.92,14578138,19580474624.0,1.18,1.35
2021-10-29,1322.78,1350.45,1352.47,1322.71,1.99,26.3,19395199,27153898240.0,2.25,1.79
2021-11-01,1347.56,1358.25,1359.72,1340.97,0.58,7.8,20608585,26077488384.0,1.39,1.9
2021-11-02,1355.88,1335.09,1362.34,1326.36,-1.71,-23.16,18598008,23835033088.0,2.65,1.72
2021-11-03,1335.12,1350.77,1351.01,1335.12,1.17,15.68,16984120,20455297280.0,1.19,1.57
2021-11-04,1351.26,1367.26,1367.26,1347.62,1.22,16.49,17823740,23153266688.0,1.45,1.65
2021-11-05,1366.6,1366.79,1377.67,1363.65,-0.03,-0.47,23082410,24625925888.0,1.03,2.13
2021-11-08,1366.61,1368.84,1369.74,1358.85,0.15,2.05,19640587,20953724928.0,0.8,1.82
2021-11-09,1369.89,1382.17,1382.17,1369.36,0.97,13.33,17392552,19451267072.0,0.94,1.61
2021-11-10,1382.34,1388.49,1388.49,1368.43,0.46,6.32,19408582,23175341824.0,1.45,1.79
2021-11-11,1384.14,1398.48,1400.02,1382.08,0.72,9.99,20382005,21065316864.0,1.29,1.88
2021-11-12,1396.81,1400.08,1401.1,1391.2,0.11,1.6,18055258,19683836672.0,0.71,1.67
2021-11-15,1399.77,1424.16,1424.16,1399.76,1.72,24.08,18826342,21815525632.0,1.74,1.74
2021-11-16,1423.09,1418.81,1427.95,1416.78,-0.38,-5.35,17765687,22018685952.0,0.78,1.64
2021-11-17,1415.99,1427.15,1427.15,1415.47,0.59,8.34,16301597,19200744960.0,0.82,1.51
2021-11-18,1425.37,1404.11,1425.37,1404.05,-1.61,-23.04,16071626,18271591168.0,1.49,1.49
2021-11-19,1403.13,1413.51,1413.87,1398.9,0.67,9.4,14447930,16671355136.0,1.07,1.34
2021-11-22,1415.81,1419.18,1419.52,1409.43,0.4,5.67,16711573,19906840576.0,0.71,1.54
2021-11-23,1417.1,1424.01,1424.14,1412.0,0.34,4.83,16851756,21206816256.0,0.86,1.56
2021-11-24,1425.41,1452.61,1453.15,1422.84,2.01,28.6,20905850,25951335424.0,2.13,1.93
2021-11-25,1455.94,1467.21,1471.61,1455.84,1.01,14.6,24491697,27472416256.0,1.09,2.26
2021-11-26,1463.18,1461.4,1464.74,1457.11,-0.4,-5.81,21598992,24007134208.0,0.52,2.0
2021-11-29,1449.87,1451.55,1458.89,1445.46,-0.67,-9.85,20777135,25281381376.0,0.92,1.92
2021-11-30,1451.45,1458.96,1458.96,1447.62,0.51,7.41,19824221,22886547456.0,0.78,1.83
2021-12-01,1455.37,1466.67,1466.67,1451.58,0.53,7.71,17492098,20649905408.0,1.03,1.62
2021-12-02,1466.03,1448.7,1468.15,1448.7,-1.23,-17.97,19345224,21766446848.0,1.33,1.79
2021-12-03,1446.61,1446.85,1449.27,1440.27,-0.13,-1.85,15461269,19504867072.0,0.62,1.43
2021-12-06,1445.33,1418.98,1445.33,1418.74,-1.93,-27.87,16724897,18974059520.0,1.84,1.55
2021-12-07,1423.93,1424.05,1428.96,1413.93,0.36,5.07,17133385,18702272512.0,1.06,1.58
2021-12-08,1425.53,1433.95,1433.95,1417.19,0.7,9.9,15956401,18775026944.0,1.18,1.47
2021-12-09,1433.67,1451.94,1455.3,1433.63,1.25,17.99,18737476,24335639808.0,1.51,1.73
2021-12-10,1448.06,1464.27,1468.38,1446.57,0.85,12.33,24271666,27115337472.0,1.5,2.24
2021-12-13,1466.24,1466.64,1471.13,1463.2,0.16,2.37,21674101,25382679040.0,0.54,2.0
2021-12-14,1466.91,1475.61,1478.05,1465.56,0.61,8.97,20366697,23500903936.0,0.85,1.88
2021-12-15,1473.78,1473.13,1482.42,1470.06,-0.17,-2.48,21561827,22690173440.0,0.84,1.99
2021-12-16,1470.79,1478.62,1478.62,1466.24,0.37,5.49,18376321,19845097728.0,0.84,1.7
2021-12-17,1476.46,1466.94,1476.46,1461.66,-0.79,-11.68,25089946,23682256384.0,1.0,2.32
2021-12-20,1464.64,1463.39,1477.8,1463.39,-0.24,-3.55,26294304,26005708544.0,0.98,2.43
2021-12-21,1462.45,1492.6,1492.67,1462.45,2.0,29.21,25633766,23453446912.0,2.07,2.37
2021-12-22,1498.15,1506.18,1507.62,1489.77,0.91,13.58,31133021,27110056704.0,1.2,2.88
2021-12-23,1501.15,1480.4,1501.15,1479.54,-1.71,-25.78,22143166,21160171776.0,1.43,2.05
2021-12-24,1478.59,1470.29,1480.14,1466.97,-0.68,-10.11,22105206,23165331712.0,0.89,2.04
2021-12-27,1469.09,1494.75,1494.75,1467.31,1.66,24.46,22050086,23560479232.0,1.87,2.04
2021-12-28,1495.72,1500.58,1500.58,1487.34,0.39,5.83,20549900,22849174784.0,0.89,1.9
2021-12-29,1497.24,1508.89,1516.32,1493.5,0.55,8.31,20934336,24307373824.0,1.52,1.93
2021-12-30,1508.77,1532.4,1536.65,1506.71,1.56,23.51,25894749,27053496064.0,1.98,2.39
2021-12-31,1533.79,1533.87,1544.06,1532.76,0.1,1.47,25283835,27535825664.0,0.74,2.34
2022-01-04,1539.53,1566.71,1570.41,1539.26,2.14,32.84,29229442,31989953536.0,2.03,2.7
2022-01-05,1567.34,1559.48,1569.69,1548.9,-0.46,-7.23,34752620,36390747904.0,1.33,3.21
2022-01-06,1552.85,1572.77,1573.42,1550.89,0.85,13.29,30052600,33312467200.0,1.44,2.78
2022-01-07,1575.99,1546.75,1580.0,1545.2,-1.65,-26.02,29611035,32960597504.0,2.21,2.74
2022-01-10,1544.16,1572.01,1572.01,1535.65,1.63,25.26,24494061,28778494208.0,2.35,2.26
2022-01-11,1572.84,1587.47,1600.51,1572.83,0.98,15.46,29732008,33708335616.0,1.76,2.75
2022-01-12,1584.63,1596.94,1599.98,1574.44,0.6,9.47,26521575,28185205504.0,1.61,2.45
2022-01-13,1595.16,1575.03,1599.84,1574.42,-1.37,-21.91,28897604,30006929664.0,1.59,2.67
2022-01-14,1568.2,1584.2,1597.16,1566.81,0.58,9.17,30925287,34029530368.0,1.93,2.86
2022-01-17,1587.75,1595.98,1598.04,1571.54,0.74,11.78,29577863,32201510400.0,1.67,2.73
2022-01-18,1593.23,1540.69,1593.23,1539.47,-3.46,-55.29,28644449,30625749504.0,3.37,2.65
2022-01-19,1534.53,1557.77,1559.82,1534.45,1.11,17.08,27409999,27435471872.0,1.65,2.53
2022-01-20,1553.84,1522.24,1557.07,1520.17,-2.28,-35.53,29742858,29257150464.0,2.37,2.75
2022-01-21,1512.69,1491.45,1521.12,1489.24,-2.02,-30.79,22682692,22740387328.0,2.09,2.1
2022-01-24,1482.11,1476.47,1485.8,1468.83,-1.0,-14.98,16901389,17344438784.0,1.14,1.56
2022-01-25,1472.09,1409.04,1472.31,1408.93,-4.57,-67.43,20328609,19698227456.0,4.29,1.88
2022-01-26,1412.05,1414.33,1428.33,1397.08,0.38,5.29,15102907,15496369152.0,2.22,1.4
2022-01-27,1415.13,1366.62,1415.19,1365.7,-3.37,-47.71,17475841,17474349568.0,3.5,1.62
2022-01-28,1374.66,1395.13,1407.25,1365.39,2.09,28.51,16984620,16656177920.0,3.06,1.57
2022-02-07,1402.96,1400.31,1409.77,1383.31,0.37,5.18,17454889,16399890944.0,1.9,1.61
2022-02-08,1397.15,1423.7,1424.73,1391.23,1.67,23.39,17589974,16427729664.0,2.39,1.63
2022-02-09,1424.0,1442.28,1442.28,1417.96,1.31,18.58,18976663,18369362432.0,1.71,1.75
2022-02-10,1442.4,1442.42,1458.23,1434.96,0.01,0.14,18819471,18467084032.0,1.61,1.74
2022-02-11,1438.14,1412.46,1438.14,1410.37,-2.08,-29.96,20814330,19067915008.0,1.93,1.92
2022-02-14,1403.15,1429.34,1437.11,1400.41,1.2,16.88,20146010,18358953472.0,2.6,1.86
2022-02-15,1431.17,1437.73,1444.85,1424.41,0.59,8.39,21374416,19409610496.0,1.43,1.98
2022-02-16,1439.19,1452.09,1452.78,1436.57,1.0,14.36,19058630,17661253632.0,1.13,1.76
2022-02-17,1448.19,1436.66,1452.38,1434.53,-1.06,-15.43,18816871,17062676736.0,1.23,1.74
2022-02-18,1428.47,1446.27,1446.98,1424.74,0.67,9.61,17374054,14619915008.0,1.55,1.61
2022-02-21,1446.23,1487.24,1487.24,1445.23,2.83,40.97,22504734,19673990656.0,2.9,2.08
2022-02-22,1483.21,1461.9,1483.21,1457.15,-1.7,-25.34,23329744,20354690304.0,1.75,2.16
2022-02-23,1463.71,1489.18,1489.2,1463.11,1.87,27.28,24208602,21684258816.0,1.78,2.24
2022-02-24,1479.66,1437.55,1489.45,1418.4,-3.47,-51.63,29963681,27290676224.0,4.77,2.77
2022-02-25,1441.84,1451.35,1465.99,1441.84,0.96,13.8,20918922,20811278592.0,1.68,1.93
2022-02-28,1448.19,1441.05,1448.19,1419.18,-0.71,-10.3,17679778,17212878336.0,2.0,1.63
2022-03-01,1442.31,1452.33,1454.78,1440.69,0.78,11.28,15801870,16294018560.0,0.98,1.46
2022-03-02,1447.68,1470.35,1470.91,1444.41,1.24,18.02,19824796,17982354432.0,1.82,1.83
2022-03-03,1473.44,1475.28,1478.3,1466.38,0.34,4.93,20927820,20111319296.0,0.81,1.93
2022-03-04,1470.9,1490.67,1502.96,1469.56,1.04,15.39,27739263,26914072832.0,2.26,2.56
2022-03-07,1494.25,1525.6,1531.11,1489.19,2.34,34.93,34843000,35334403072.0,2.81,3.22
2022-03-08,1520.12,1435.09,1520.12,1433.86,-5.93,-90.51,40909716,37573775104.0,5.65,3.78
2022-03-09,1424.45,1396.81,1435.67,1347.13,-2.67,-38.28,34045971,30956256768.0,6.17,3.15
2022-03-10,1422.79,1436.16,1444.86,1422.42,2.82,39.35,27682238,26533856768.0,1.61,2.56
2022-03-11,1412.92,1446.71,1449.69,1402.69,0.73,10.55,27315644,28017993984.0,3.27,2.52
2022-03-14,1441.52,1404.02,1450.22,1404.02,-2.95,-42.69,26916028,28322358784.0,3.19,2.49
2022-03-15,1390.78,1322.89,1390.78,1322.49,-5.78,-81.13,28919421,27740926464.0,4.86,2.67
2022-03-16,1342.69,1353.59,1359.56,1293.63,2.32,30.7,27867665,27743669248.0,4.98,2.58
2022-03-17,1364.29,1386.91,1410.62,1362.03,2.46,33.32,28966323,29072070400.0,3.59,2.68
2022-03-18,1381.25,1405.68,1408.32,1378.51,1.35,18.77,23118123,22832989184.0,2.15,2.14
2022-03-21,1408.42,1423.06,1423.06,1404.48,1.24,17.38,23280218,22990867712.0,1.32,2.15
2022-03-22,1423.38,1418.49,1427.39,1403.06,-0.32,-4.57,28087056,24447189248.0,1.71,2.6
2022-03-23,1415.08,1418.52,1429.84,1409.33,0.0,0.03,26687999,24270120960.0,1.45,2.47
2022-03-24,1408.13,1413.12,1418.92,1396.47,-0.38,-5.4,24295668,23577793792.0,1.58,2.25
2022-03-25,1415.19,1413.38,1437.41,1413.33,0.02,0.26,27130720,25291285760.0,1.7,2.51
2022-03-28,1405.15,1401.56,1418.72,1392.59,-0.84,-11.82,25736523,22580288000.0,1.85,2.38
2022-03-29,1410.02,1404.28,1422.59,1398.76,0.19,2.72,27690208,24373589248.0,1.7,2.56
2022-03-30,1405.66,1421.31,1421.83,1390.46,1.21,17.03,31027409,27941368832.0,2.23,2.87
2022-03-31,1415.7,1413.01,1435.6,1411.51,-0.58,-8.3,30988054,28941769728.0,1.69,2.86
2022-04-01,1402.72,1408.17,1410.55,1392.89,-0.34,-4.84,29230341,25467581184.0,1.25,2.7
2022-04-06,1411.25,1429.54,1438.01,1411.25,1.52,21.37,31428584,26824306432.0,1.9,2.9
2022-04-07,1423.12,1387.68,1423.22,1387.67,-2.93,-41.86,27720889,23352038144.0,2.49,2.56
2022-04-08,1387.39,1364.5,1389.79,1350.61,-1.67,-23.18,23961800,20440715520.0,2.82,2.21
2022-04-11,1358.39,1326.86,1361.46,1317.85,-2.76,-37.64,20632707,18481299200.0,3.2,1.91
2022-04-12,1323.51,1351.98,1351.98,1314.4,1.89,25.12,20684194,17710443264.0,2.83,1.91
2022-04-13,1344.08,1319.81,1344.08,1319.81,-2.38,-32.17,21149593,18783745024.0,1.8,1.95
2022-04-14,1323.55,1337.07,1343.58,1322.03,1.31,17.26,19464883,18680012544.0,1.63,1.8
2022-04-15,1331.27,1309.7,1331.27,1306.15,-2.05,-27.37,23138949,19415577856.0,1.88,2.14
2022-04-18,1301.52,1311.95,1314.8,1284.14,0.17,2.25,16963349,14968257792.0,2.34,1.57
2022-04-19,1309.54,1318.96,1320.55,1304.9,0.53,7.01,15607276,14270464768.0,1.19,1.44
2022-04-20,1318.27,1312.13,1331.79,1305.71,-0.52,-6.83,19500192,17974284544.0,1.98,1.8
2022-04-21,1307.03,1270.48,1320.77,1264.99,-3.17,-41.65,21401745,18864202496.0,4.25,1.98
2022-04-22,1265.32,1272.92,1284.61,1252.49,0.19,2.44,21436535,18385258240.0,2.53,1.98
2022-04-25,1260.3,1179.93,1260.54,1179.93,-7.31,-92.99,24203906,20746314240.0,6.33,2.24
2022-04-26,1175.01,1140.07,1184.25,1137.15,-3.38,-39.86,20619463,18323757312.0,3.99,1.91
2022-04-27,1114.11,1150.68,1150.68,1090.32,0.93,10.61,22947712,19620703744.0,5.29,2.12
2022-04-28,1138.25,1122.2,1146.87,1111.14,-2.48,-28.48,20484045,18709970432.0,3.11,1.89
2022-04-29,1126.1,1177.31,1182.05,1126.1,4.91,55.11,23800252,20486256640.0,4.99,2.2
2022-05-05,1179.58,1204.22,1212.03,1168.66,2.29,26.91,22170950,20004445440.0,3.68,2.05
2022-05-06,1179.47,1197.76,1209.83,1174.92,-0.54,-6.46,19187390,16532065280.0,2.9,1.77
2022-05-09,1199.51,1220.59,1223.41,1199.51,1.91,22.83,18158323,15787192832.0,2.0,1.68
2022-05-10,1206.85,1231.58,1231.58,1204.49,0.9,10.99,19200374,17220082944.0,2.22,1.77
2022-05-11,1235.0,1231.0,1262.85,1231.0,-0.05,-0.58,21919974,20920633344.0,2.59,2.03
2022-05-12,1223.1,1252.52,1252.61,1222.67,1.75,21.52,20673179,18099622656.0,2.43,1.91
2022-05-13,1257.36,1257.53,1266.24,1240.77,0.4,5.01,20462980,17323960064.0,2.03,1.89
2022-05-16,1263.74,1261.71,1268.14,1252.14,0.33,4.18,22134198,19886242304.0,1.27,2.05
2022-05-17,1260.58,1247.26,1261.17,1233.03,-1.15,-14.45,18646456,16553997312.0,2.23,1.72
2022-05-18,1246.05,1259.9,1268.25,1242.82,1.01,12.64,20852125,17620563456.0,2.04,1.93
2022-05-19,1241.35,1264.2,1264.67,1237.19,0.34,4.3,26003356,19436701952.0,2.18,2.4
2022-05-20,1265.79,1277.14,1277.14,1263.42,1.02,12.94,28688634,21570476544.0,1.09,2.65
2022-05-23,1283.16,1293.26,1293.57,1282.72,1.26,16.12,24672929,18520645120.0,0.85,2.28
2022-05-24,1295.12,1234.87,1296.13,1234.87,-4.51,-58.39,26751070,20826677504.0,4.74,2.47
2022-05-25,1234.95,1257.76,1258.0,1234.93,1.85,22.89,19400169,14365051904.0,1.87,1.79
2022-05-26,1261.54,1265.42,1265.83,1238.45,0.61,7.66,22507613,16844128768.0,2.18,2.08
2022-05-27,1267.69,1264.5,1274.63,1253.92,-0.07,-0.92,21721399,17376250880.0,1.64,2.01
2022-05-30,1267.38,1269.72,1269.72,1255.07,0.41,5.22,19479788,17655059456.0,1.16,1.8
2022-05-31,1268.22,1283.77,1285.19,1257.76,1.11,14.05,18605971,19065418752.0,2.16,1.72
2022-06-01,1284.91,1291.4,1300.07,1281.9,0.59,7.63,20090119,18199245568.0,1.42,1.86
2022-06-02,1290.72,1285.65,1290.72,1268.79,-0.45,-5.75,18852861,15134486272.0,1.7,1.74
2022-06-06,1283.4,1301.95,1303.0,1283.14,1.27,16.3,18440361,17327054848.0,1.54,1.7
2022-06-07,1303.95,1302.03,1306.77,1288.25,0.01,0.08,18969560,18232856576.0,1.42,1.75
2022-06-08,1299.23,1296.51,1303.47,1276.51,-0.42,-5.52,20295625,19550557952.0,2.07,1.88
2022-06-09,1294.07,1264.86,1294.07,1261.3,-2.44,-31.65,16906052,15849452544.0,2.53,1.56
2022-06-10,1257.67,1276.68,1277.73,1256.01,0.93,11.82,17741985,15915284992.0,1.72,1.64
2022-06-13,1269.0,1280.77,1282.97,1265.96,0.32,4.09,17596313,16235064064.0,1.33,1.63
2022-06-14,1271.69,1278.58,1278.62,1244.54,-0.17,-2.19,16820631,15993057024.0,2.66,1.55
2022-06-15,1283.32,1282.45,1296.53,1282.45,0.3,3.87,25491322,21804489984.0,1.1,2.36
2022-06-16,1283.98,1309.02,1312.81,1283.82,2.07,26.57,24939252,20210435072.0,2.26,2.31
2022-06-17,1305.88,1306.64,1310.04,1285.41,-0.18,-2.38,24650004,21043766551.0,1.88,2.28
2022-06-20,1305.75,1324.26,1325.31,1305.71,1.35,17.62,23376085,21322529997.0,1.5,2.16
2022-06-21,1323.4,1319.59,1327.46,1307.59,-0.35,-4.67,22777175,19415545871.0,1.5,2.11
2022-06-22,1319.12,1301.96,1319.48,1301.08,-1.34,-17.63,19146381,16954314824.0,1.39,1.77
2022-06-23,1299.52,1311.84,1311.84,1292.62,0.76,9.88,18917206,16030623342.0,1.48,1.75
2022-06-24,1312.68,1324.38,1325.49,1311.27,0.96,12.54,19553363,18327054978.0,1.08,1.81
2022-06-27,1329.6,1332.16,1336.91,1325.01,0.59,7.78,20515229,20311413471.0,0.9,1.9
2022-06-28,1331.82,1346.75,1346.75,1322.72,1.1,14.59,21029094,17973611116.0,1.8,1.94
2022-06-29,1347.74,1330.03,1353.72,1330.03,-1.24,-16.72,23043673,21529842519.0,1.76,2.13
2022-06-30,1332.09,1349.33,1355.78,1332.09,1.45,19.3,22452227,22447559315.0,1.78,2.08
2022-07-01,1347.94,1341.85,1349.65,1333.97,-0.55,-7.48,18790828,18269990731.0,1.16,1.74
2022-07-04,1339.83,1348.77,1349.01,1334.6,0.52,6.92,19614610,19907864629.0,1.07,1.81
2022-07-05,1353.63,1339.27,1358.32,1326.67,-0.7,-9.5,18539670,19195233542.0,2.35,1.71
2022-07-06,1337.52,1327.02,1337.52,1317.66,-0.91,-12.25,19007582,18699320291.0,1.48,1.76
2022-07-07,1326.15,1321.16,1326.42,1314.9,-0.44,-5.86,18506734,16170987837.0,0.87,1.71
2022-07-08,1319.89,1332.28,1335.95,1319.89,0.84,11.12,21874114,16819411670.0,1.22,2.02
2022-07-11,1329.02,1325.4,1333.75,1317.75,-0.52,-6.88,20690109,17090863701.0,1.2,1.91
2022-07-12,1324.74,1294.73,1324.79,1294.73,-2.31,-30.67,17884923,15248030245.0,2.27,1.65
2022-07-13,1295.05,1309.14,1314.8,1294.28,1.11,14.41,16385775,13662974957.0,1.58,1.51
2022-07-14,1310.1,1312.8,1319.23,1306.07,0.28,3.66,17606124,14363860532.0,1.01,1.63
2022-07-15,1307.8,1282.88,1307.8,1282.88,-2.28,-29.92,21440387,18171920460.0,1.9,1.98
2022-07-18,1283.27,1314.1,1314.1,1283.27,2.43,31.22,19591441,16626095288.0,2.4,1.81
2022-07-19,1314.94,1329.3,1329.3,1311.4,1.16,15.2,19798084,16409316249.0,1.36,1.83
2022-07-20,1334.19,1344.94,1347.55,1331.07,1.18,15.64,18633707,17979658019.0,1.24,1.72
2022-07-21,1344.08,1340.07,1350.22,1339.51,-0.36,-4.87,19435252,16503458554.0,0.8,1.8
2022-07-22,1339.47,1328.01,1346.96,1317.1,-0.9,-12.06,16662543,14391017604.0,2.23,1.54
2022-07-25,1328.19,1330.79,1336.86,1325.49,0.21,2.78,16550374,13933135303.0,0.86,1.53
2022-07-26,1331.29,1341.25,1341.25,1321.08,0.79,10.46,19632072,15586822534.0,1.52,1.81
2022-07-27,1338.3,1349.71,1352.17,1337.0,0.63,8.46,18590236,15827729275.0,1.13,1.72
2022-07-28,1352.61,1351.72,1358.25,1349.22,0.15,2.01,19090909,16572598624.0,0.67,1.76
2022-07-29,1353.47,1335.28,1353.58,1333.96,-1.22,-16.44,17486554,16456769004.0,1.45,1.62
2022-08-01,1330.73,1332.91,1335.79,1323.26,-0.18,-2.37,14579121,13742548821.0,0.94,1.35
2022-08-02,1323.04,1268.95,1323.04,1257.34,-4.8,-63.96,21603444,18391332046.0,4.93,2.0
2022-08-03,1269.35,1266.86,1294.64,1264.48,-0.16,-2.09,17273340,14793946493.0,2.38,1.6
2022-08-04,1274.06,1287.49,1287.52,1267.22,1.63,20.63,14164687,12249637297.0,1.6,1.31
2022-08-05,1290.08,1304.46,1304.46,1288.67,1.32,16.97,14521204,13652216451.0,1.23,1.34
2022-08-08,1304.2,1321.45,1321.62,1301.16,1.3,16.99,14331805,12922762810.0,1.57,1.32
2022-08-09,1322.18,1321.47,1325.41,1316.72,0.0,0.02,14087484,13285326263.0,0.66,1.3
2022-08-10,1321.49,1321.69,1323.83,1314.39,0.02,0.22,12782253,12553331169.0,0.71,1.18
2022-08-11,1326.43,1343.34,1343.49,1326.25,1.64,21.65,15873928,14605215025.0,1.3,1.47
2022-08-12,1345.5,1350.88,1354.97,1341.69,0.56,7.54,15792919,13883865505.0,0.99,1.46
2022-08-15,1351.24,1355.95,1355.95,1338.19,0.38,5.07,18479129,19350553942.0,1.31,1.71
2022-08-16,1357.19,1361.48,1362.06,1354.49,0.41,5.53,18353311,17855089805.0,0.56,1.7
2022-08-17,1369.3,1362.35,1374.54,1357.45,0.06,0.87,24464147,21111150200.0,1.26,2.26
2022-08-18,1359.51,1351.96,1359.58,1347.24,-0.76,-10.39,22981772,20253198232.0,0.91,2.12
2022-08-19,1351.13,1338.53,1359.28,1338.53,-0.99,-13.43,21604719,19746330482.0,1.53,2.0
2022-08-22,1336.1,1352.26,1352.26,1328.36,1.03,13.73,18004768,16487325379.0,1.79,1.66
2022-08-23,1349.86,1349.81,1350.13,1343.67,-0.18,-2.45,16164481,15258286896.0,0.48,1.49
2022-08-24,1349.03,1324.09,1350.71,1321.88,-1.91,-25.72,19081799,17480807076.0,2.14,1.76
2022-08-25,1325.19,1321.14,1326.63,1304.3,-0.22,-2.95,16145678,15137432624.0,1.69,1.49
2022-08-26,1321.21,1320.51,1336.52,1318.1,-0.05,-0.63,15539948,15252842332.0,1.39,1.44
2022-08-29,1305.8,1331.46,1331.52,1298.46,0.83,10.95,15162243,14355153273.0,2.5,1.4
2022-08-30,1330.67,1336.11,1340.99,1328.12,0.35,4.65,18780933,15903000328.0,0.97,1.74
2022-08-31,1332.7,1319.85,1335.97,1311.88,-1.22,-16.26,19991555,18769519109.0,1.8,1.85
2022-09-01,1318.4,1311.94,1329.14,1308.19,-0.6,-7.91,18296929,16462255584.0,1.59,1.69
2022-09-02,1312.16,1324.27,1324.69,1312.16,0.94,12.33,16572182,14886483430.0,0.96,1.53
2022-09-05,1323.57,1320.64,1329.57,1313.19,-0.27,-3.63,15181402,13325590130.0,1.24,1.4
2022-09-06,1321.92,1327.06,1327.06,1314.4,0.49,6.42,16791130,13471406209.0,0.96,1.55
2022-09-07,1324.55,1320.25,1324.98,1316.61,-0.51,-6.81,15910538,14319635089.0,0.63,1.47
2022-09-08,1320.84,1307.67,1321.04,1306.65,-0.95,-12.58,15903136,13401324387.0,1.09,1.47
2022-09-09,1308.06,1316.51,1317.17,1305.72,0.68,8.84,17557437,13739118362.0,0.88,1.62
2022-09-13,1317.92,1322.09,1325.99,1316.36,0.42,5.58,16051129,15909365724.0,0.73,1.48
2022-09-14,1306.37,1316.7,1317.37,1302.97,-0.41,-5.39,14685081,13386914528.0,1.09,1.36
2022-09-15,1320.0,1296.36,1322.56,1283.55,-1.54,-20.34,19879792,16328876439.0,2.96,1.84
2022-09-16,1295.54,1258.13,1295.98,1258.13,-2.95,-38.23,20629166,15258581864.0,2.92,1.91
2022-09-19,1254.82,1235.54,1255.86,1227.65,-1.8,-22.59,15214710,11994957364.0,2.24,1.41
2022-09-20,1240.85,1254.21,1256.64,1240.78,1.51,18.67,14684826,11926213962.0,1.28,1.36
2022-09-21,1251.07,1256.87,1261.03,1235.62,0.21,2.66,13941909,11134982678.0,2.03,1.29
2022-09-22,1250.05,1239.43,1257.98,1239.43,-1.39,-17.44,12481739,10546010774.0,1.48,1.15
2022-09-23,1240.87,1215.39,1241.0,1210.33,-1.94,-24.04,13308983,11322277650.0,2.47,1.23
2022-09-26,1206.97,1190.56,1211.87,1189.17,-2.04,-24.83,12504422,10480149090.0,1.87,1.16
2022-09-27,1191.79,1238.81,1238.81,1191.79,4.05,48.25,14842585,13732859155.0,3.95,1.37
2022-09-28,1236.71,1215.83,1244.69,1215.83,-1.86,-22.98,13253803,12619082843.0,2.33,1.23
2022-09-29,1224.04,1207.09,1230.88,1201.44,-0.72,-8.74,12923540,11481625956.0,2.42,1.19
2022-09-30,1206.27,1201.74,1216.47,1200.27,-0.44,-5.35,11522099,10155916950.0,1.34,1.06
2022-10-10,1204.98,1182.89,1214.92,1179.51,-1.57,-18.85,11685827,10910270300.0,2.95,1.08
2022-10-11,1183.1,1184.16,1185.03,1159.27,0.11,1.27,10129592,8886835862.0,2.18,0.94
2022-10-12,1182.96,1207.74,1207.74,1165.39,1.99,23.58,12013490,10755556034.0,3.58,1.11
2022-10-13,1202.53,1224.18,1233.88,1199.03,1.36,16.44,13128542,11516945244.0,2.89,1.21
2022-10-14,1228.22,1264.58,1269.03,1228.22,3.3,40.4,18037982,16581895540.0,3.33,1.67
2022-10-17,1263.05,1286.48,1287.18,1262.34,1.73,21.9,19201598,17784426594.0,1.96,1.77
2022-10-18,1288.66,1295.83,1302.16,1277.05,0.73,9.35,18689776,18680859118.0,1.95,1.73
2022-10-19,1293.2,1279.33,1293.2,1276.64,-1.27,-16.5,17027470,16607110637.0,1.28,1.57
2022-10-20,1275.81,1276.41,1293.6,1273.89,-0.23,-2.92,19737005,19108798600.0,1.54,1.82
2022-10-21,1274.69,1272.17,1281.6,1264.61,-0.33,-4.24,18002817,16193606906.0,1.33,1.66
2022-10-24,1273.47,1238.4,1282.46,1234.02,-2.65,-33.77,18418611,17001644374.0,3.81,1.7
2022-10-25,1233.02,1223.21,1238.98,1204.51,-1.23,-15.19,15618530,14699729936.0,2.78,1.44
2022-10-26,1226.83,1262.09,1269.59,1226.83,3.18,38.88,16386800,17178299847.0,3.5,1.51
2022-10-27,1265.57,1267.98,1278.07,1256.85,0.47,5.89,17567003,16865312856.0,1.68,1.62
2022-10-28,1261.41,1217.44,1261.41,1212.89,-3.99,-50.54,18350049,18302214845.0,3.83,1.7
2022-10-31,1210.9,1228.88,1236.98,1210.9,0.94,11.44,16660656,16590387878.0,2.14,1.54
2022-11-01,1235.44,1267.78,1267.78,1231.34,3.17,38.9,18705827,19031198534.0,2.97,1.73
2022-11-02,1269.13,1284.75,1296.28,1268.21,1.34,16.97,21321147,21461969740.0,2.21,1.97
2022-11-03,1276.68,1285.78,1290.04,1274.05,0.08,1.03,14389536,14547893805.0,1.24,1.33
2022-11-04,1287.72,1303.78,1307.94,1286.89,1.4,18.0,18777791,18341758236.0,1.64,1.74
2022-11-07,1300.74,1315.46,1315.46,1298.73,0.9,11.68,17996871,16781974295.0,1.28,1.66
2022-11-08,1316.22,1314.61,1316.22,1302.5,-0.06,-0.85,15007128,14052904196.0,1.04,1.39
2022-11-09,1313.76,1324.83,1330.03,1312.08,0.78,10.22,17860230,15243194380.0,1.37,1.65
2022-11-10,1320.75,1332.99,1338.39,1318.48,0.62,8.16,21770613,18591244053.0,1.5,2.01
2022-11-11,1352.88,1334.79,1361.78,1334.45,0.14,1.8,32563396,29106019730.0,2.05,3.01
2022-11-14,1333.67,1352.08,1356.75,1329.03,1.3,17.29,29445552,26354570379.0,2.08,2.72
2022-11-15,1353.22,1366.37,1366.37,1348.31,1.06,14.29,24364296,24455601308.0,1.34,2.25
2022-11-16,1365.6,1367.52,1378.61,1361.09,0.08,1.15,22930688,22197427286.0,1.28,2.12
2022-11-17,1365.44,1377.63,1377.63,1362.67,0.74,10.11,22569769,20916293333.0,1.09,2.09
2022-11-18,1380.64,1386.26,1399.89,1380.64,0.63,8.63,26730107,26323295522.0,1.4,2.47
2022-11-21,1378.96,1380.34,1380.34,1363.86,-0.43,-5.92,21840843,22561350103.0,1.19,2.02
2022-11-22,1380.84,1354.12,1392.09,1347.99,-1.9,-26.22,20203341,20708192917.0,3.19,1.87
2022-11-23,1354.16,1335.27,1355.27,1315.02,-1.39,-18.85,18748607,17811478217.0,2.97,1.73
2022-11-24,1337.72,1345.78,1350.88,1336.82,0.79,10.51,19779641,16016864728.0,1.05,1.83
2022-11-25,1344.92,1343.9,1350.79,1330.11,-0.14,-1.88,19829470,15684650207.0,1.54,1.83
2022-11-28,1335.07,1336.02,1347.37,1326.61,-0.59,-7.88,21399519,17687731893.0,1.54,1.98
2022-11-29,1338.13,1374.03,1374.17,1338.13,2.85,38.01,27351036,23023380281.0,2.7,2.53
2022-11-30,1374.48,1365.99,1378.81,1360.02,-0.59,-8.04,29698661,21724160942.0,1.37,2.75
2022-12-01,1382.07,1385.34,1388.6,1376.16,1.42,19.35,27898401,26896763439.0,0.91,2.58
2022-12-02,1384.88,1409.14,1410.73,1384.14,1.72,23.8,24621388,22369652164.0,1.92,2.28
2022-12-05,1420.59,1415.89,1425.03,1408.43,0.48,6.75,26522762,27206192706.0,1.18,2.45
2022-12-06,1411.96,1408.82,1425.53,1402.59,-0.5,-7.07,24370696,26175134402.0,1.62,2.25
2022-12-07,1406.32,1434.52,1438.08,1402.33,1.82,25.7,27956350,27654810049.0,2.54,2.58
2022-12-08,1434.53,1430.53,1436.01,1420.53,-0.28,-3.99,28575537,27143444930.0,1.08,2.64
2022-12-09,1427.71,1431.47,1435.48,1413.52,0.07,0.94,30836500,30721643634.0,1.54,2.85
2022-12-12,1433.98,1438.31,1440.58,1429.38,0.48,6.84,28169245,28447544489.0,0.78,2.6
2022-12-13,1437.0,1451.46,1451.46,1429.9,0.91,13.15,25615252,25958924888.0,1.5,2.37
2022-12-14,1443.16,1447.94,1451.37,1434.73,-0.24,-3.52,26778671,27752681444.0,1.15,2.48
2022-12-15,1449.2,1437.48,1460.7,1436.37,-0.72,-10.46,27147196,24603304512.0,1.68,2.51
2022-12-16,1430.82,1441.01,1447.19,1429.91,0.25,3.53,26242972,22603128123.0,1.2,2.43
2022-12-19,1444.65,1404.93,1450.69,1401.12,-2.5,-36.08,27322010,24352319137.0,3.44,2.53
2022-12-20,1402.16,1385.77,1406.11,1380.95,-1.36,-19.16,22996173,20432471832.0,1.79,2.13
2022-12-21,1385.82,1385.29,1394.75,1379.71,-0.03,-0.48,21368628,18771628833.0,1.09,1.98
2022-12-22,1392.39,1383.42,1406.99,1380.54,-0.13,-1.87,22829450,21879588385.0,1.91,2.11
2022-12-23,1375.22,1379.65,1390.82,1371.62,-0.27,-3.77,20575179,20500587060.0,1.39,1.9
2022-12-26,1379.88,1385.4,1392.85,1378.79,0.42,5.75,19407019,18752428071.0,1.02,1.79
2022-12-27,1387.48,1386.81,1388.23,1364.32,0.1,1.41,21042634,21906281202.0,1.73,1.94
2022-12-28,1382.17,1377.98,1388.95,1371.5,-0.64,-8.83,19608610,20289127090.0,1.26,1.81
2022-12-29,1372.22,1372.72,1387.7,1367.14,-0.38,-5.26,20652833,20601017778.0,1.49,1.91
2022-12-30,1375.73,1385.25,1385.48,1366.39,0.91,12.53,19152374,19450930342.0,1.39,1.77
2023-01-03,1390.7,1412.51,1412.56,1390.37,1.97,27.26,21899165,23714972942.0,1.6,2.02
2023-01-04,1413.32,1421.65,1426.43,1407.28,0.65,9.14,25436713,23692762748.0,1.36,2.35
2023-01-05,1421.06,1422.18,1427.27,1404.91,0.04,0.53,21850582,22225746845.0,1.57,2.02
2023-01-06,1419.36,1404.34,1419.36,1400.69,-1.25,-17.84,19844070,20332065773.0,1.31,1.83
2023-01-09,1406.36,1413.83,1414.7,1405.34,0.68,9.49,16908736,17891043714.0,0.67,1.56
2023-01-10,1413.13,1412.38,1413.99,1403.45,-0.1,-1.45,16237838,17181809206.0,0.75,1.5
2023-01-11,1411.86,1409.34,1420.08,1400.94,-0.22,-3.04,19383974,19844154580.0,1.36,1.79
2023-01-12,1408.55,1407.82,1415.53,1400.86,-0.11,-1.52,19745070,19421808605.0,1.04,1.83
2023-01-13,1407.67,1418.94,1418.94,1403.84,0.79,11.12,16565617,18586612382.0,1.07,1.53
2023-01-16,1418.01,1434.03,1436.27,1418.01,1.06,15.09,20230452,23344497417.0,1.29,1.87
2023-01-17,1432.72,1420.84,1432.79,1414.44,-0.92,-13.19,18494412,19106685933.0,1.28,1.71
2023-01-18,1420.66,1423.34,1428.56,1418.78,0.18,2.5,17878499,18210033650.0,0.69,1.65
2023-01-19,1418.57,1418.24,1421.73,1411.32,-0.36,-5.1,16615876,16626591298.0,0.73,1.54
2023-01-20,1420.0,1427.98,1430.91,1420.0,0.69,9.74,15300308,15489971760.0,0.77,1.41
2023-01-30,1437.98,1446.81,1447.83,1436.01,1.32,18.83,22738523,22692627010.0,0.83,2.1
2023-01-31,1441.0,1444.04,1452.23,1434.73,-0.19,-2.77,21076081,19812149311.0,1.21,1.95
2023-02-01,1444.36,1468.98,1468.98,1442.36,1.73,24.94,23600875,20985868436.0,1.84,2.18
2023-02-02,1470.68,1479.67,1480.13,1462.5,0.73,10.69,22912334,22316139229.0,1.2,2.12
2023-02-03,1477.04,1471.76,1477.04,1457.8,-0.53,-7.91,20045705,18913728711.0,1.3,1.85
2023-02-06,1467.87,1462.88,1470.69,1458.86,-0.6,-8.88,19048954,18069520473.0,0.8,1.76
2023-02-07,1465.02,1471.08,1471.08,1462.82,0.56,8.2,21088613,17762958721.0,0.56,1.95
2023-02-08,1469.68,1465.87,1474.23,1464.76,-0.35,-5.21,21770076,17858981450.0,0.64,2.01
2023-02-09,1462.32,1473.31,1473.31,1457.74,0.51,7.44,18308009,15856753849.0,1.06,1.69
2023-02-10,1470.95,1475.22,1479.89,1468.79,0.13,1.91,18352588,16659737658.0,0.75,1.7
2023-02-13,1475.23,1498.1,1498.1,1473.88,1.55,22.88,20865249,21121240559.0,1.64,1.93
2023-02-14,1500.18,1497.35,1500.18,1490.13,-0.05,-0.75,17977481,17800782092.0,0.67,1.66
2023-02-15,1498.44,1498.98,1500.2,1490.49,0.11,1.63,19252090,18871782809.0,0.65,1.78
2023-02-16,1500.82,1483.8,1519.89,1472.45,-1.01,-15.18,34328512,29122572147.0,3.16,3.17
2023-02-17,1484.55,1499.28,1506.9,1484.55,1.04,15.48,30156149,26750646461.0,1.51,2.79
2023-02-20,1501.7,1518.43,1518.43,1488.41,1.28,19.15,29440269,26691878252.0,2.0,2.72
2023-02-21,1519.57,1517.49,1522.99,1506.71,-0.06,-0.94,25650776,24210838398.0,1.07,2.37
2023-02-22,1509.94,1521.01,1522.75,1502.81,0.23,3.52,21532694,20666346996.0,1.31,1.99
2023-02-23,1523.73,1512.4,1529.7,1506.46,-0.57,-8.61,23306946,21858196085.0,1.53,2.15
2023-02-24,1512.47,1507.78,1513.85,1496.95,-0.31,-4.62,20286722,17624185953.0,1.12,1.88
2023-02-27,1504.3,1492.6,1508.29,1490.61,-1.01,-15.18,19846401,18578040218.0,1.17,1.83
2023-02-28,1493.46,1516.55,1516.55,1493.46,1.6,23.95,20841023,19744265806.0,1.55,1.93
2023-03-01,1516.49,1523.33,1523.33,1506.64,0.45,6.78,22928352,21238670138.0,1.1,2.12
2023-03-02,1521.54,1519.19,1526.61,1514.22,-0.27,-4.14,27293403,22509138284.0,0.81,2.52
2023-03-03,1518.4,1516.55,1523.07,1504.25,-0.17,-2.64,24075346,21127897382.0,1.24,2.23
2023-03-06,1514.56,1505.0,1514.58,1500.73,-0.76,-11.55,21105387,19634960679.0,0.91,1.95
2023-03-07,1504.82,1469.38,1507.05,1469.38,-2.37,-35.62,21540217,20304461451.0,2.5,1.99
2023-03-08,1467.39,1476.77,1476.78,1463.15,0.5,7.39,15069661,13829702305.0,0.93,1.39
2023-03-09,1480.12,1475.87,1480.14,1467.14,-0.06,-0.9,17768996,15675301498.0,0.88,1.64
2023-03-10,1468.51,1455.26,1469.34,1454.45,-1.4,-20.61,17937685,16016247120.0,1.01,1.66
2023-03-13,1452.09,1459.11,1459.11,1440.45,0.26,3.85,18087454,16789956646.0,1.28,1.67
2023-03-14,1457.88,1432.99,1458.58,1423.3,-1.79,-26.12,18213838,16293146398.0,2.42,1.68
2023-03-15,1438.74,1443.54,1454.27,1438.74,0.74,10.55,14340219,13795133040.0,1.08,1.33
2023-03-16,1438.7,1434.87,1446.46,1430.94,-0.6,-8.67,18398259,16956173605.0,1.08,1.7
2023-03-17,1440.62,1437.87,1448.23,1433.68,0.21,3.0,22880280,20444774661.0,1.01,2.11
2023-03-20,1435.72,1422.01,1436.01,1412.65,-1.1,-15.86,21766969,20604780085.0,1.62,2.01
2023-03-21,1423.3,1454.27,1454.27,1421.35,2.27,32.26,18801617,17654717462.0,2.32,1.74
2023-03-22,1457.12,1460.39,1467.66,1454.73,0.42,6.12,20183314,18657103746.0,0.89,1.87
2023-03-23,1456.33,1451.71,1457.01,1446.81,-0.59,-8.68,19432751,17758067183.0,0.7,1.8
2023-03-24,1454.45,1452.64,1458.07,1448.99,0.06,0.93,21836342,20375975448.0,0.63,2.02
2023-03-27,1452.7,1449.65,1453.03,1439.32,-0.21,-2.99,21617427,21595125264.0,0.94,2.0
2023-03-28,1451.39,1448.19,1459.37,1442.16,-0.1,-1.46,18276153,20205482627.0,1.19,1.69
2023-03-29,1448.8,1440.49,1449.46,1434.0,-0.53,-7.7,18491026,19102677425.0,1.07,1.71
2023-03-30,1441.21,1432.91,1441.24,1423.04,-0.53,-7.58,16447201,16853554460.0,1.26,1.52
2023-03-31,1434.89,1453.86,1454.51,1434.35,1.46,20.95,18425613,19333840253.0,1.41,1.7
2023-04-03,1453.4,1458.43,1460.98,1451.55,0.31,4.57,19997288,21150017104.0,0.65,1.85
2023-04-04,1460.1,1444.5,1460.1,1439.32,-0.96,-13.93,19569730,21386646973.0,1.42,1.81
2023-04-06,1442.31,1436.18,1443.43,1432.3,-0.58,-8.32,19689026,20442480844.0,0.77,1.82
2023-04-07,1437.24,1453.19,1454.01,1435.71,1.18,17.01,20053222,19449261112.0,1.27,1.85
2023-04-10,1453.73,1432.69,1453.73,1429.45,-1.41,-20.5,18837450,19494124623.0,1.67,1.74
2023-04-11,1432.61,1436.54,1440.23,1428.77,0.27,3.85,16965831,17892116029.0,0.8,1.57
2023-04-12,1437.99,1445.24,1449.31,1436.72,0.61,8.7,19262439,20383622549.0,0.88,1.78
2023-04-13,1444.08,1461.29,1465.08,1440.3,1.11,16.05,21147743,22106968296.0,1.71,1.95
2023-04-14,1463.28,1452.83,1471.98,1445.7,-0.58,-8.46,20787173,21286373243.0,1.8,1.92
2023-04-17,1450.93,1449.85,1451.23,1443.01,-0.21,-2.98,17488066,19853867853.0,0.57,1.62
2023-04-18,1448.58,1444.27,1448.58,1436.32,-0.38,-5.58,17670019,19053712800.0,0.85,1.63
2023-04-19,1442.21,1435.27,1443.08,1433.14,-0.62,-9.0,18764310,19205009415.0,0.69,1.73
2023-04-20,1432.01,1422.7,1432.44,1417.1,-0.88,-12.57,20234252,19769510266.0,1.07,1.87
2023-04-21,1422.97,1398.2,1433.16,1397.86,-1.72,-24.5,23255371,22243337542.0,2.48,2.15
2023-04-24,1399.04,1402.81,1408.43,1388.63,0.33,4.61,24783714,24104008991.0,1.42,2.29
2023-04-25,1399.94,1375.38,1400.25,1357.0,-1.96,-27.43,26195129,25178663442.0,3.08,2.42
2023-04-26,1369.69,1390.79,1397.47,1368.89,1.12,15.41,23395049,23227857733.0,2.08,2.16
2023-04-27,1386.61,1402.35,1413.14,1386.28,0.83,11.56,23317172,24370997451.0,1.93,2.16
2023-04-28,1400.07,1428.61,1428.87,1400.07,1.87,26.26,27102347,27801398548.0,2.05,2.51
2023-05-04,1425.47,1455.75,1456.31,1425.47,1.9,27.14,27023974,27291180192.0,2.16,2.5
2023-05-05,1452.77,1446.52,1452.78,1436.81,-0.63,-9.23,23764707,23038315735.0,1.1,2.2
2023-05-08,1445.8,1442.09,1453.07,1433.72,-0.31,-4.43,22143971,23117741181.0,1.34,2.05
2023-05-09,1434.94,1410.42,1435.79,1410.18,-2.2,-31.67,21580295,20456655806.0,1.78,1.99
2023-05-10,1406.96,1417.1,1422.19,1405.34,0.47,6.68,19949121,18245945768.0,1.19,1.84
2023-05-11,1418.31,1437.77,1439.95,1418.31,1.46,20.67,20214844,18685339055.0,1.53,1.87
2023-05-12,1435.01,1436.85,1450.8,1430.41,-0.06,-0.92,23853721,21864853905.0,1.42,2.2
2023-05-15,1431.86,1434.71,1438.31,1408.8,-0.15,-2.14,21045285,19349411268.0,2.05,1.95
2023-05-16,1431.87,1420.02,1432.45,1416.85,-1.02,-14.69,17489234,17061445290.0,1.09,1.62
2023-05-17,1414.43,1429.65,1429.82,1408.71,0.68,9.63,16135882,15159594718.0,1.49,1.49
2023-05-18,1429.48,1429.36,1435.55,1421.65,-0.02,-0.29,17752343,15964481251.0,0.97,1.64
2023-05-19,1425.5,1431.84,1436.35,1414.53,0.17,2.48,16670873,15661513963.0,1.53,1.54
2023-05-22,1427.39,1433.65,1435.21,1426.52,0.13,1.81,17130761,16651901499.0,0.61,1.58
2023-05-23,1432.77,1429.47,1441.43,1428.51,-0.29,-4.18,21710045,16556000608.0,0.9,2.01
2023-05-24,1425.24,1417.34,1427.61,1411.5,-0.85,-12.13,16832411,14908242708.0,1.13,1.56
2023-05-25,1411.86,1408.05,1413.42,1392.82,-0.66,-9.29,16894094,15417652490.0,1.45,1.56
2023-05-26,1404.74,1414.57,1416.74,1392.03,0.46,6.52,24717459,15647451888.0,1.75,2.28
2023-05-29,1415.18,1407.33,1422.89,1401.79,-0.51,-7.24,26443920,18433598192.0,1.49,2.44
2023-05-30,1407.22,1410.4,1410.4,1392.16,0.22,3.07,25860589,18285536413.0,1.3,2.39
2023-05-31,1410.51,1406.23,1419.61,1403.61,-0.3,-4.17,21930285,18686133354.0,1.13,2.03
2023-06-01,1403.18,1414.04,1425.12,1396.96,0.56,7.81,22727386,19884101320.0,2.0,2.1
2023-06-02,1416.27,1420.54,1422.16,1411.37,0.46,6.5,22778756,19039049508.0,0.76,2.11
2023-06-05,1419.77,1432.64,1432.89,1414.76,0.85,12.1,24555585,19099107838.0,1.28,2.27
2023-06-06,1430.06,1407.16,1430.06,1404.28,-1.78,-25.48,24886753,19161830474.0,1.8,2.3
2023-06-07,1406.23,1416.69,1419.39,1402.08,0.68,9.53,16688487,18987308455.0,1.23,1.54
2023-06-08,1415.86,1401.79,1415.89,1397.32,-1.05,-14.9,16973664,17435495444.0,1.31,1.57
2023-06-09,1400.74,1400.19,1404.92,1393.22,-0.11,-1.6,18149751,19048342104.0,0.83,1.68
2023-06-12,1398.65,1409.39,1412.01,1386.07,0.66,9.2,18033114,19348138665.0,1.85,1.67
2023-06-13,1406.61,1409.37,1414.7,1403.93,0.0,-0.02,18634114,18348875685.0,0.76,1.72
2023-06-14,1408.76,1418.19,1422.8,1405.86,0.63,8.82,18559351,19751307918.0,1.2,1.72
2023-06-15,1417.55,1413.37,1417.62,1406.88,-0.34,-4.82,15499645,16789689349.0,0.76,1.43
2023-06-16,1414.16,1416.2,1423.94,1410.24,0.2,2.83,15549850,16810394058.0,0.97,1.44
2023-06-19,1418.33,1409.53,1420.3,1408.06,-0.47,-6.67,21371993,21353917928.0,0.86,1.98
2023-06-20,1410.18,1398.76,1410.68,1398.71,-0.76,-10.77,19726747,20029344226.0,0.85,1.82
2023-06-21,1396.42,1376.59,1401.39,1376.57,-1.58,-22.17,22095891,17581759664.0,1.77,2.04
2023-06-26,1371.54,1346.76,1372.45,1344.92,-2.17,-29.83,26250493,16369711830.0,2.0,2.43
2023-06-27,1347.83,1379.08,1379.14,1347.83,2.4,32.32,20297242,13480748735.0,2.32,1.88
2023-06-28,1376.79,1369.32,1376.79,1345.96,-0.71,-9.76,19237669,13494923956.0,2.24,1.78
2023-06-29,1368.36,1381.94,1386.76,1367.63,0.92,12.62,17986958,13568450765.0,1.4,1.66
2023-06-30,1382.81,1399.82,1403.78,1382.1,1.29,17.88,18875231,13369149748.0,1.57,1.74
2023-07-03,1402.22,1408.74,1409.14,1397.13,0.64,8.92,16241089,15093269061.0,0.86,1.5
2023-07-04,1406.96,1408.47,1408.48,1401.45,-0.02,-0.27,22460360,14614442392.0,0.5,2.08
2023-07-05,1408.46,1397.66,1408.54,1395.49,-0.77,-10.81,18428725,12546443080.0,0.93,1.7
2023-07-06,1396.67,1390.93,1402.47,1389.41,-0.48,-6.73,19583553,11908708497.0,0.93,1.81
2023-07-07,1389.31,1388.26,1394.26,1379.59,-0.19,-2.67,24067321,11682492289.0,1.05,2.22
2023-07-10,1390.56,1390.24,1396.43,1386.95,0.14,1.98,17223260,11203779246.0,0.68,1.59
2023-07-11,1391.55,1396.78,1396.78,1386.45,0.47,6.54,18033410,11167623340.0,0.74,1.67
2023-07-12,1396.44,1378.55,1398.26,1377.31,-1.31,-18.23,21334303,13089631801.0,1.5,1.97
2023-07-13,1380.51,1391.63,1392.21,1380.29,0.95,13.08,16857172,13461820862.0,0.86,1.56
2023-07-14,1392.0,1386.4,1393.04,1385.38,-0.38,-5.23,18650149,15653663158.0,0.55,1.72
2023-07-17,1383.01,1380.06,1383.01,1364.68,-0.46,-6.34,15567511,12797598054.0,1.32,1.44
2023-07-18,1380.76,1376.66,1381.13,1371.4,-0.25,-3.4,13059774,10324672772.0,0.71,1.21
2023-07-19,1375.9,1381.24,1384.16,1373.75,0.33,4.58,13624180,10305726352.0,0.76,1.26
2023-07-20,1383.65,1381.78,1393.11,1380.3,0.04,0.54,20319917,15569068627.0,0.93,1.88
2023-07-21,1379.39,1398.2,1404.42,1377.15,1.19,16.42,26022541,16903947727.0,1.97,2.41
2023-07-24,1395.62,1402.88,1403.98,1387.29,0.33,4.68,29601396,15939794606.0,1.19,2.74
2023-07-25,1407.7,1418.84,1418.84,1405.63,1.14,15.96,24500491,18183137128.0,0.94,2.26
2023-07-26,1418.65,1423.35,1426.22,1415.4,0.32,4.51,18760589,15315743420.0,0.76,1.73
2023-07-27,1422.5,1413.97,1427.22,1413.19,-0.66,-9.38,33526760,19115165609.0,0.99,3.1
2023-07-28,1410.37,1429.7,1430.8,1407.88,1.11,15.73,38872461,22728491120.0,1.62,3.59
2023-07-31,1431.24,1445.14,1445.14,1431.24,1.08,15.44,36667758,24403676269.0,0.97,3.39
2023-08-01,1442.85,1429.41,1442.85,1426.49,-1.09,-15.73,40232165,22845623134.0,1.13,3.72
2023-08-02,1427.07,1419.51,1427.51,1415.08,-0.69,-9.9,29781504,16965108318.0,0.87,2.75
2023-08-03,1417.62,1428.3,1428.58,1416.28,0.62,8.79,31380452,18141051616.0,0.87,2.9
2023-08-04,1429.35,1417.84,1435.27,1417.57,-0.73,-10.46,32234274,19815439701.0,1.24,2.98
2023-08-07,1414.62,1402.09,1414.62,1399.47,-1.11,-15.75,30099976,19018913556.0,1.07,2.78
2023-08-08,1401.97,1406.71,1409.1,1394.43,0.33,4.62,26994876,16836556084.0,1.05,2.5
2023-08-09,1404.2,1401.67,1409.14,1398.58,-0.36,-5.04,25857175,16599228671.0,0.75,2.39
2023-08-10,1400.3,1406.23,1406.8,1397.21,0.33,4.56,20860586,13677908526.0,0.68,1.93
2023-08-11,1409.27,1398.07,1418.25,1397.65,-0.58,-8.16,28155174,17799740589.0,1.46,2.6
2023-08-14,1388.38,1402.4,1402.4,1381.01,0.31,4.33,24917058,17138220934.0,1.53,2.3
2023-08-15,1400.26,1403.69,1405.99,1390.8,0.09,1.29,22973275,15497088078.0,1.08,2.12
2023-08-16,1400.56,1399.12,1415.75,1398.12,-0.33,-4.57,27474377,17429720075.0,1.26,2.54
2023-08-17,1393.49,1404.55,1404.97,1386.38,0.39,5.43,22776899,15024588377.0,1.33,2.11
2023-08-18,1403.01,1371.66,1405.7,1371.64,-2.34,-32.89,23698850,15458109916.0,2.42,2.19
2023-08-21,1367.9,1365.69,1384.41,1365.45,-0.44,-5.97,18863542,12512488469.0,1.38,1.74
2023-08-22,1367.28,1357.04,1373.37,1335.29,-0.63,-8.65,20964457,14354134623.0,2.79,1.94
2023-08-23,1355.48,1333.0,1355.48,1332.99,-1.77,-24.04,18119011,11809938530.0,1.66,1.67
2023-08-24,1333.14,1340.62,1346.85,1318.97,0.57,7.62,18771870,13270940400.0,2.09,1.74
2023-08-25,1337.96,1316.73,1343.36,1312.89,-1.78,-23.89,20996676,14752286387.0,2.27,1.94
2023-08-28,1380.21,1333.25,1380.86,1329.62,1.25,16.52,26064988,19797166794.0,3.89,2.41
2023-08-29,1331.23,1375.25,1375.26,1329.57,3.15,42.0,31081820,20423735997.0,3.43,2.87
2023-08-30,1374.43,1383.45,1390.64,1374.06,0.6,8.2,31654683,18434928422.0,1.21,2.93
2023-08-31,1381.08,1376.68,1382.63,1369.57,-0.49,-6.77,26913544,15777322816.0,0.94,2.49
2023-09-01,1381.58,1385.16,1391.38,1377.56,0.62,8.48,26968399,16401572217.0,1.0,2.49
2023-09-04,1388.83,1396.75,1396.78,1385.91,0.84,11.59,26120496,18263321165.0,0.78,2.41
2023-09-05,1392.64,1383.73,1392.9,1379.9,-0.93,-13.02,21270032,14222356459.0,0.93,1.97
2023-09-06,1381.44,1380.51,1383.35,1374.68,-0.23,-3.22,22304680,12496276776.0,0.63,2.06
2023-09-07,1379.24,1364.76,1385.31,1364.32,-1.14,-15.75,27314113,15187360897.0,1.52,2.52
2023-09-08,1362.73,1360.11,1365.53,1355.68,-0.34,-4.65,20286516,11704170437.0,0.72,1.88
2023-09-11,1361.2,1380.63,1382.36,1356.26,1.51,20.52,19791020,14122166140.0,1.92,1.83
2023-09-12,1379.69,1380.21,1386.45,1373.82,-0.03,-0.42,17535962,12219892871.0,0.91,1.62
2023-09-13,1378.38,1368.18,1380.79,1358.51,-0.87,-12.03,17627334,12585902218.0,1.61,1.63
2023-09-14,1367.12,1357.79,1367.31,1350.96,-0.76,-10.39,16010682,10942533388.0,1.2,1.48
2023-09-15,1360.97,1372.33,1379.17,1356.49,1.07,14.54,17027626,12217716649.0,1.67,1.57
2023-09-18,1370.34,1394.03,1395.24,1361.82,1.58,21.7,19256657,13692208045.0,2.44,1.78
2023-09-19,1392.72,1378.14,1393.92,1374.85,-1.14,-15.89,18697013,12551606826.0,1.37,1.73
2023-09-20,1376.09,1374.09,1384.89,1373.12,-0.29,-4.05,17527638,11714314638.0,0.85,1.62
2023-09-21,1370.61,1355.05,1371.95,1353.41,-1.39,-19.04,16161715,11426550157.0,1.35,1.49
2023-09-22,1352.69,1377.66,1378.19,1346.96,1.67,22.61,20320763,14112057019.0,2.3,1.88
2023-09-25,1374.81,1372.5,1380.72,1368.97,-0.37,-5.16,17099485,12503773806.0,0.85,1.58
2023-09-26,1370.22,1364.25,1372.19,1364.06,-0.6,-8.25,14527814,10443991294.0,0.59,1.34
2023-09-27,1364.49,1377.2,1384.86,1362.44,0.95,12.95,15857765,12104917611.0,1.64,1.47
2023-09-28,1380.23,1386.22,1391.31,1379.7,0.65,9.02,17748444,13173178285.0,0.84,1.64
2023-10-09,1383.9,1368.15,1384.66,1365.34,-1.3,-18.07,16379508,12437516850.0,1.39,1.51
2023-10-10,1370.15,1359.38,1372.56,1357.7,-0.64,-8.77,14009727,10883524464.0,1.09,1.29
2023-10-11,1361.12,1370.52,1377.46,1359.79,0.82,11.14,18320952,13938358125.0,1.3,1.69
2023-10-12,1375.54,1378.61,1381.53,1370.83,0.59,8.09,16652416,12119691405.0,0.78,1.54
2023-10-13,1375.04,1373.03,1379.27,1369.47,-0.4,-5.58,16191820,13118814907.0,0.71,1.5
2023-10-16,1373.91,1370.98,1379.5,1365.19,-0.15,-2.05,15550123,12861004048.0,1.04,1.44
2023-10-17,1371.65,1370.45,1374.18,1363.22,-0.04,-0.53,17144282,13005176701.0,0.8,1.58
2023-10-18,1367.2,1337.47,1367.2,1336.56,-2.41,-32.98,16264279,11997336299.0,2.24,1.5
2023-10-19,1331.87,1321.02,1340.38,1320.2,-1.23,-16.45,16056363,12459948633.0,1.51,1.48
2023-10-20,1316.36,1309.02,1323.79,1307.95,-0.91,-12.0,16075681,10598966069.0,1.2,1.49
2023-10-23,1306.82,1278.55,1307.01,1273.75,-2.33,-30.47,18994929,10973662649.0,2.54,1.76
2023-10-24,1283.04,1320.38,1320.77,1283.04,3.27,41.83,19366080,12857058870.0,2.95,1.79
2023-10-25,1325.51,1326.79,1331.35,1321.27,0.49,6.41,19747055,14861335373.0,0.76,1.83
2023-10-26,1318.04,1324.88,1326.25,1312.25,-0.14,-1.91,16462190,13020432033.0,1.06,1.52
2023-10-27,1320.6,1359.29,1362.83,1316.6,2.6,34.41,19941319,17585077965.0,3.49,1.84
2023-10-30,1355.22,1374.22,1375.86,1355.22,1.1,14.93,25772579,19003866911.0,1.52,2.38
2023-10-31,1373.64,1382.69,1385.71,1373.2,0.62,8.47,27914724,19348611129.0,0.91,2.58
2023-11-01,1382.59,1385.17,1386.52,1378.62,0.18,2.48,21354673,15894332247.0,0.57,1.97
2023-11-02,1383.09,1379.55,1388.79,1374.96,-0.41,-5.62,22389758,15854612107.0,1.0,2.07
2023-11-03,1379.05,1380.55,1387.68,1377.42,0.07,1.0,19437554,15220245215.0,0.74,1.8
2023-11-06,1385.4,1402.86,1403.29,1385.4,1.62,22.31,22638004,16962736688.0,1.3,2.09
2023-11-07,1401.76,1404.87,1407.66,1394.06,0.14,2.01,20752505,15894134394.0,0.97,1.92
2023-11-08,1402.86,1415.86,1418.88,1401.82,0.78,10.99,27179989,19430387601.0,1.21,2.51
2023-11-09,1416.58,1404.73,1423.28,1401.58,-0.79,-11.13,21739873,15744210990.0,1.53,2.01
2023-11-10,1399.73,1403.9,1406.3,1392.14,-0.06,-0.83,18972092,14452245510.0,1.01,1.75
2023-11-13,1408.62,1417.89,1417.89,1405.16,1.0,13.99,21123559,16315632319.0,0.91,1.95
2023-11-14,1415.74,1421.44,1422.45,1413.03,0.25,3.55,20291231,16394584508.0,0.66,1.88
2023-11-15,1427.68,1431.88,1432.05,1421.77,0.73,10.44,22124948,17766183919.0,0.72,2.05
2023-11-16,1426.77,1426.27,1431.97,1421.65,-0.39,-5.61,20587532,16073309931.0,0.72,1.9
2023-11-17,1424.75,1436.7,1437.42,1423.06,0.73,10.43,18857402,16194054017.0,1.01,1.74
2023-11-20,1439.58,1453.93,1453.93,1435.61,1.2,17.23,23010755,19526976806.0,1.28,2.13
2023-11-21,1455.68,1457.41,1467.9,1454.74,0.24,3.48,32352701,23582662242.0,0.91,2.99
2023-11-22,1453.78,1449.04,1459.99,1449.04,-0.57,-8.37,27500907,19063345883.0,0.75,2.54
2023-11-23,1449.42,1457.57,1457.75,1448.16,0.59,8.53,27064260,19316140909.0,0.66,2.5
2023-11-24,1456.4,1452.89,1460.15,1446.37,-0.32,-4.68,30988328,20923635393.0,0.95,2.86
2023-11-27,1450.65,1437.21,1450.65,1433.5,-1.08,-15.68,25017637,18636989373.0,1.18,2.31
2023-11-28,1435.17,1449.36,1450.02,1426.9,0.85,12.15,18915475,14888663509.0,1.61,1.75
2023-11-29,1448.39,1440.17,1449.73,1438.05,-0.63,-9.19,19345674,14567135971.0,0.81,1.79
2023-11-30,1438.39,1443.05,1444.35,1431.84,0.2,2.88,19822073,16480856964.0,0.87,1.83
2023-12-01,1441.01,1459.2,1461.95,1439.69,1.12,16.15,29570421,21797830089.0,1.54,2.73
2023-12-04,1458.53,1455.61,1460.42,1451.66,-0.25,-3.59,25112899,19270145333.0,0.6,2.32
2023-12-05,1452.86,1441.75,1459.44,1441.75,-0.95,-13.86,22440473,18710613305.0,1.22,2.07
2023-12-06,1437.76,1453.14,1458.72,1434.08,0.79,11.39,27418585,23374270216.0,1.71,2.53
2023-12-07,1452.39,1450.38,1456.41,1443.29,-0.19,-2.76,30091240,25607214654.0,0.9,2.78
2023-12-08,1446.84,1424.41,1447.63,1424.03,-1.79,-25.97,28380599,24669225577.0,1.63,2.62
2023-12-11,1415.81,1434.64,1434.64,1407.47,0.72,10.23,26872348,22995887084.0,1.91,2.48
2023-12-12,1436.05,1447.48,1448.31,1435.67,0.89,12.84,27098213,22053158167.0,0.88,2.5
2023-12-13,1445.21,1440.06,1450.8,1439.93,-0.51,-7.42,23333934,19435194172.0,0.75,2.16
2023-12-14,1443.27,1438.61,1456.37,1437.48,-0.1,-1.45,21842887,19445304844.0,1.31,2.02
2023-12-15,1437.81,1436.04,1442.63,1428.96,-0.18,-2.57,24454851,20980178115.0,0.95,2.26
2023-12-18,1437.54,1422.68,1440.19,1419.77,-0.93,-13.36,27278066,21981292813.0,1.42,2.52
2023-12-19,1424.08,1426.01,1429.78,1416.38,0.23,3.33,22192135,18774162725.0,0.94,2.05
2023-12-20,1429.68,1409.32,1434.55,1409.27,-1.17,-16.69,19145997,16766601123.0,1.77,1.77
2023-12-21,1404.26,1427.13,1427.68,1392.62,1.26,17.81,29073134,22080514902.0,2.49,2.69
2023-12-22,1427.75,1400.34,1427.75,1395.52,-1.88,-26.79,31893632,24770541255.0,2.26,2.95
2023-12-25,1395.76,1392.04,1399.94,1379.98,-0.59,-8.3,23045920,18973245119.0,1.43,2.13
2023-12-26,1393.88,1375.76,1394.67,1373.64,-1.17,-16.28,21862963,18946348478.0,1.51,2.02
2023-12-27,1374.92,1380.0,1381.94,1361.67,0.31,4.24,25678689,19710252953.0,1.47,2.37
2023-12-28,1377.09,1394.96,1401.02,1364.68,1.08,14.96,25772571,21693809228.0,2.63,2.38
2023-12-29,1391.05,1416.14,1416.56,1391.05,1.52,21.18,23723333,20873769910.0,1.83,2.19
2024-01-02,1418.16,1423.96,1429.3,1415.04,0.55,7.82,23568004,20906919324.0,1.01,2.18
2024-01-03,1421.34,1423.56,1430.26,1414.64,-0.03,-0.4,22791588,20075839891.0,1.1,2.11
2024-01-04,1421.47,1421.7,1422.2,1409.76,-0.13,-1.86,18995133,16404224772.0,0.87,1.76
2024-01-05,1420.31,1398.38,1425.26,1393.77,-1.64,-23.32,21003075,17828718280.0,2.21,1.94
2024-01-08,1396.47,1378.54,1398.98,1378.51,-1.42,-19.84,23045951,17494017922.0,1.46,2.13
2024-01-09,1378.15,1390.63,1398.08,1377.88,0.88,12.09,20675379,17374177502.0,1.47,1.91
2024-01-10,1390.23,1393.19,1404.64,1376.1,0.18,2.56,23186895,20646550558.0,2.05,2.14
2024-01-11,1386.5,1406.08,1407.72,1386.5,0.93,12.89,23666433,20386661191.0,1.52,2.19
2024-01-12,1401.84,1385.18,1409.04,1385.08,-1.49,-20.9,20731210,17733766664.0,1.7,1.92
2024-01-15,1382.56,1393.76,1401.47,1381.32,0.62,8.58,17806122,15848326776.0,1.45,1.65
2024-01-16,1394.98,1387.47,1396.02,1369.0,-0.45,-6.29,22925746,19757867648.0,1.94,2.12
2024-01-17,1384.07,1362.04,1388.9,1362.04,-1.83,-25.43,22193456,18661283517.0,1.94,2.05
2024-01-18,1353.29,1344.43,1353.29,1310.26,-1.29,-17.61,26130663,21802760399.0,3.16,2.42
2024-01-19,1343.76,1335.38,1360.01,1334.07,-0.67,-9.05,19570218,17060706153.0,1.93,1.81
2024-01-22,1333.36,1253.04,1333.36,1245.39,-6.17,-82.34,24474380,19601654895.0,6.59,2.26
2024-01-23,1245.49,1243.89,1248.41,1219.84,-0.73,-9.15,22200119,16847503989.0,2.28,2.05
2024-01-24,1247.18,1270.38,1275.08,1226.84,2.13,26.49,23740915,17353409143.0,3.88,2.19
2024-01-25,1270.1,1308.67,1309.14,1262.48,3.01,38.29,25750882,18897549134.0,3.67,2.38
2024-01-26,1305.43,1306.82,1329.03,1302.18,-0.14,-1.85,25462939,18975088018.0,2.05,2.35
2024-01-29,1308.68,1267.25,1311.43,1266.79,-3.03,-39.57,21508212,16989791175.0,3.42,1.99
2024-01-30,1261.76,1221.66,1261.76,1220.63,-3.6,-45.59,17502367,13247993545.0,3.25,1.62
2024-01-31,1213.81,1162.95,1218.98,1160.96,-4.81,-58.71,21407632,15404903212.0,4.75,1.98
2024-02-01,1154.4,1147.27,1167.87,1126.01,-1.35,-15.68,21946261,14840876391.0,3.6,2.03
2024-02-02,1147.31,1100.17,1166.94,1065.29,-4.11,-47.1,25416438,17648267847.0,8.86,2.35
2024-02-05,1085.54,1007.54,1085.54,988.61,-8.42,-92.63,25529017,17338348857.0,8.81,2.36
2024-02-06,973.71,1019.67,1047.35,942.96,1.2,12.13,28712565,19422562332.0,10.36,2.65
2024-02-07,1020.11,993.37,1027.48,980.32,-2.58,-26.3,28076591,19899153762.0,4.63,2.6
2024-02-08,991.04,1063.21,1064.35,983.85,7.03,69.84,30568678,20452570126.0,8.1,2.83
2024-02-19,1075.63,1104.89,1110.77,1075.63,3.92,41.68,28848536,18989419048.0,3.31,2.67
2024-02-20,1104.25,1123.17,1125.71,1090.37,1.65,18.28,24653163,16654114143.0,3.2,2.28
2024-02-21,1116.51,1145.9,1170.34,1109.97,2.02,22.73,27480078,19320950841.0,5.37,2.54
2024-02-22,1143.12,1171.09,1171.09,1141.89,2.2,25.19,24014253,15956685063.0,2.55,2.22
2024-02-23,1172.82,1197.79,1197.79,1166.4,2.28,26.7,25839443,17320870524.0,2.68,2.39
2024-02-26,1198.79,1217.74,1235.51,1191.15,1.67,19.95,26890160,18639226197.0,3.7,2.49
2024-02-27,1211.93,1245.53,1245.53,1204.58,2.28,27.79,25124455,17697662714.0,3.36,2.32
2024-02-28,1248.36,1171.8,1273.66,1171.56,-5.92,-73.73,36041559,25098162301.0,8.2,3.33
2024-02-29,1157.04,1208.48,1208.48,1156.23,3.13,36.68,25919711,18219567446.0,4.46,2.4
2024-03-01,1210.44,1218.15,1219.17,1200.53,0.8,9.67,23325674,16296447263.0,1.54,2.16
2024-03-04,1218.63,1235.72,1235.81,1199.37,1.44,17.57,27447789,19498973260.0,2.99,2.54
2024-03-05,1226.36,1212.44,1226.51,1208.39,-1.88,-23.28,24523756,19160448699.0,1.47,2.27
2024-03-06,1205.93,1221.52,1227.98,1200.95,0.75,9.08,19408907,14777687406.0,2.23,1.79
2024-03-07,1221.8,1205.78,1231.3,1205.66,-1.29,-15.74,22267509,16963097441.0,2.1,2.06
2024-03-08,1205.58,1215.91,1217.82,1198.46,0.84,10.13,18687828,14707459878.0,1.61,1.73
2024-03-11,1216.07,1239.78,1239.78,1214.66,1.96,23.87,20818776,16439351716.0,2.07,1.92
2024-03-12,1242.63,1266.25,1266.25,1240.76,2.14,26.47,26840823,20533791485.0,2.06,2.48
2024-03-13,1264.2,1265.26,1274.45,1256.17,-0.08,-0.99,25581279,20055850537.0,1.44,2.36
2024-03-14,1264.97,1259.97,1271.85,1245.79,-0.42,-5.29,22325874,17597976425.0,2.06,2.06
2024-03-15,1257.05,1272.07,1272.07,1256.14,0.96,12.1,18861028,16498152837.0,1.26,1.74
2024-03-18,1274.54,1300.39,1300.44,1271.78,2.23,28.32,23166399,20388485924.0,2.25,2.14
2024-03-19,1299.02,1297.77,1308.75,1296.53,-0.2,-2.62,22589292,19247948374.0,0.94,2.09
2024-03-20,1293.81,1318.28,1318.28,1293.66,1.58,20.51,22769819,19200516028.0,1.9,2.1
2024-03-21,1322.21,1322.76,1328.94,1312.75,0.34,4.48,27331778,21264851751.0,1.23,2.53
2024-03-22,1318.44,1297.51,1319.16,1285.49,-1.91,-25.25,27316754,21608980310.0,2.55,2.52
2024-03-25,1289.46,1259.78,1294.72,1259.77,-2.91,-37.73,21801036,17867566633.0,2.69,2.02
2024-03-26,1254.85,1257.54,1265.26,1237.39,-0.18,-2.24,19411504,15558164835.0,2.21,1.79
2024-03-27,1254.89,1234.52,1262.97,1234.52,-1.83,-23.02,18821085,15316016415.0,2.26,1.74
2024-03-28,1226.87,1251.65,1261.58,1224.16,1.39,17.13,19859762,15863705234.0,3.03,1.84
2024-03-29,1247.78,1259.7,1259.7,1239.98,0.64,8.05,17890104,13592780754.0,1.58,1.65
2024-04-01,1260.12,1287.17,1287.23,1260.12,2.18,27.47,19450114,16205324372.0,2.15,1.8
2024-04-02,1284.38,1281.28,1285.78,1271.76,-0.46,-5.89,20384184,16053390827.0,1.09,1.88
2024-04-03,1279.91,1277.28,1282.37,1264.16,-0.31,-4.0,19459545,15507862464.0,1.42,1.8
2024-04-08,1271.95,1246.49,1271.95,1246.35,-2.41,-30.79,17639778,15240257104.0,2.0,1.63
2024-04-09,1243.85,1266.9,1266.9,1239.9,1.64,20.41,15474432,13113140691.0,2.17,1.43
2024-04-10,1261.45,1236.77,1261.59,1226.57,-2.38,-30.13,16150943,13229192301.0,2.76,1.49
2024-04-11,1227.87,1234.78,1248.48,1223.63,-0.16,-1.99,13842202,12494804748.0,2.01,1.28
2024-04-12,1231.95,1227.71,1240.41,1225.71,-0.57,-7.07,13895298,12353709194.0,1.19,1.28
2024-04-15,1218.17,1170.22,1223.61,1156.03,-4.68,-57.49,20763948,16460973739.0,5.5,1.92
2024-04-16,1156.85,1095.89,1156.85,1095.3,-6.35,-74.33,19315297,14525502420.0,5.26,1.79
2024-04-17,1100.02,1155.96,1155.96,1100.02,5.48,60.07,18955887,14727954787.0,5.1,1.75
2024-04-18,1154.3,1154.09,1167.89,1135.01,-0.16,-1.87,15827941,13935195283.0,2.84,1.46
2024-04-19,1148.41,1145.65,1156.86,1135.94,-0.73,-8.44,13120458,11422908252.0,1.81,1.21
2024-04-22,1142.87,1145.6,1154.6,1124.63,0.0,-0.05,13188742,12319832732.0,2.62,1.22
2024-04-23,1145.63,1159.8,1164.96,1144.57,1.24,14.2,12758930,13443629261.0,1.78,1.18
2024-04-24,1158.41,1175.28,1175.28,1155.18,1.33,15.48,12996063,11933801834.0,1.73,1.2
2024-04-25,1170.32,1179.77,1187.43,1169.5,0.38,4.49,11780823,11066296700.0,1.53,1.09
2024-04-26,1175.31,1189.26,1192.11,1172.8,0.8,9.49,15969192,15221413006.0,1.64,1.48
2024-04-29,1187.75,1221.64,1221.65,1187.75,2.72,32.38,22173860,18064266526.0,2.85,2.05
2024-04-30,1222.69,1225.88,1228.58,1214.54,0.35,4.24,18989874,18329393755.0,1.15,1.76
2024-05-06,1237.93,1257.21,1257.31,1237.78,2.56,31.33,18909096,19920923948.0,1.59,1.75
2024-05-07,1259.84,1267.78,1267.91,1254.46,0.84,10.57,19706601,17467537537.0,1.07,1.82
2024-05-08,1265.91,1262.26,1270.53,1255.86,-0.44,-5.52,18388172,16011826877.0,1.16,1.7
2024-05-09,1258.63,1277.71,1282.52,1258.63,1.22,15.45,20087125,17474062836.0,1.89,1.86
2024-05-10,1276.11,1258.76,1277.6,1256.6,-1.48,-18.95,18209183,16239745710.0,1.64,1.68
2024-05-13,1249.99,1239.05,1251.51,1236.01,-1.57,-19.71,16036639,14904060779.0,1.23,1.48
2024-05-14,1240.58,1264.85,1268.85,1240.58,2.08,25.8,22314572,17379160710.0,2.28,2.06
2024-05-15,1264.11,1257.15,1266.74,1255.65,-0.61,-7.7,21722762,15908272116.0,0.88,2.01
2024-05-16,1256.41,1258.8,1265.43,1253.99,0.13,1.65,19577622,15042039943.0,0.91,1.81
2024-05-17,1257.83,1263.4,1263.4,1247.53,0.37,4.6,23445014,15505023520.0,1.26,2.17
2024-05-20,1261.44,1264.1,1268.77,1259.32,0.06,0.7,20840226,16126411198.0,0.75,1.93
2024-05-21,1260.13,1254.82,1260.13,1248.03,-0.73,-9.28,20317282,15803813414.0,0.96,1.88
2024-05-22,1259.75,1258.15,1267.21,1255.33,0.27,3.33,20054218,16311933035.0,0.95,1.85
2024-05-23,1250.17,1225.77,1250.2,1221.53,-2.57,-32.38,20031340,15485199242.0,2.28,1.85
2024-05-24,1222.74,1214.51,1228.31,1214.51,-0.92,-11.26,15774425,12472573584.0,1.13,1.46
2024-05-27,1218.57,1219.94,1222.16,1202.55,0.45,5.43,15832605,12935038759.0,1.61,1.46
2024-05-28,1214.38,1198.78,1214.38,1198.07,-1.73,-21.16,14498526,11182431824.0,1.34,1.34
2024-05-29,1195.67,1200.56,1207.42,1193.81,0.15,1.78,13867339,9866939701.0,1.14,1.28
2024-05-30,1196.8,1189.81,1203.54,1187.97,-0.9,-10.75,13053570,9687716886.0,1.3,1.21
2024-05-31,1190.38,1193.86,1197.92,1188.09,0.34,4.05,11849735,8960172801.0,0.83,1.1
2024-06-03,1190.98,1169.19,1191.12,1160.33,-2.07,-24.67,14483148,11246999973.0,2.58,1.34
2024-06-04,1163.44,1161.11,1163.44,1144.06,-0.69,-8.08,12490252,10418156635.0,1.66,1.15
2024-06-05,1156.25,1135.48,1156.25,1135.44,-2.21,-25.63,13442260,9767060321.0,1.79,1.24
2024-06-06,1134.49,1090.49,1139.44,1082.78,-3.96,-44.99,18363389,12067635898.0,4.99,1.7
2024-06-07,1099.94,1115.44,1118.44,1097.0,2.29,24.95,12796888,9098507234.0,1.97,1.18
2024-06-11,1112.11,1118.86,1120.07,1095.67,0.31,3.42,11073647,8350422251.0,2.19,1.02
2024-06-12,1117.75,1137.26,1139.07,1117.21,1.64,18.4,13255078,9370429681.0,1.95,1.23
2024-06-13,1136.32,1121.74,1137.38,1118.47,-1.36,-15.52,14197186,10408788413.0,1.66,1.31
2024-06-14,1119.79,1122.62,1123.71,1110.56,0.08,0.88,13087741,10249795861.0,1.17,1.21
2024-06-17,1117.0,1112.46,1120.8,1110.67,-0.91,-10.16,11518108,8650409054.0,0.9,1.06
2024-06-18,1112.32,1119.75,1121.1,1109.44,0.66,7.29,10634742,8503187248.0,1.05,0.98
2024-06-19,1120.47,1110.54,1122.91,1108.96,-0.82,-9.21,10264301,7945876931.0,1.25,0.95
2024-06-20,1108.87,1086.15,1115.42,1085.59,-2.2,-24.39,12399142,10348933788.0,2.69,1.15
2024-06-21,1083.29,1084.44,1096.88,1076.28,-0.16,-1.71,10290264,8985527421.0,1.9,0.95
2024-06-24,1079.8,1049.09,1079.8,1045.36,-3.26,-35.35,14728474,10260448064.0,3.18,1.36
2024-06-25,1050.21,1057.46,1065.99,1050.21,0.8,8.37,14232462,9005499453.0,1.5,1.32
2024-06-26,1055.12,1090.6,1090.63,1053.14,3.13,33.14,16363864,9550386808.0,3.55,1.51
2024-06-27,1088.89,1071.18,1093.42,1071.18,-1.78,-19.42,12171239,9054038234.0,2.04,1.12
2024-06-28,1069.0,1069.41,1083.32,1066.52,-0.17,-1.77,10663494,8801719642.0,1.57,0.99
2024-07-01,1069.68,1083.35,1083.59,1061.88,1.3,13.94,13682450,9452665272.0,2.03,1.26
2024-07-02,1084.55,1088.36,1095.57,1080.88,0.46,5.01,14411357,9239734634.0,1.36,1.33
2024-07-03,1086.9,1083.09,1094.35,1081.45,-0.48,-5.27,13914649,8350734821.0,1.19,1.29
2024-07-04,1081.1,1048.56,1082.49,1045.31,-3.19,-34.53,14005024,8839288831.0,3.43,1.29
2024-07-05,1045.78,1067.68,1069.69,1035.28,1.82,19.12,11811869,8548003565.0,3.28,1.09
2024-07-08,1065.21,1036.1,1065.5,1033.61,-2.96,-31.58,11976995,8369231980.0,2.99,1.11
2024-07-09,1034.85,1043.12,1044.75,1011.71,0.68,7.02,12965503,9291114453.0,3.19,1.2
2024-07-10,1037.21,1032.54,1043.79,1027.98,-1.01,-10.58,11191144,8319209495.0,1.52,1.03
2024-07-11,1046.64,1065.27,1065.27,1045.62,3.17,32.73,13017177,9718646069.0,1.9,1.2
2024-07-12,1066.11,1065.81,1075.7,1062.56,0.05,0.54,12987128,8851079369.0,1.23,1.2
2024-07-15,1064.02,1054.2,1064.14,1050.05,-1.09,-11.61,12979748,8795152798.0,1.32,1.2
2024-07-16,1051.14,1046.14,1051.59,1039.93,-0.76,-8.06,11282244,7702596673.0,1.11,1.04
2024-07-17,1044.59,1042.01,1048.62,1035.64,-0.39,-4.13,12481312,9309490656.0,1.24,1.15
2024-07-18,1035.03,1041.72,1042.37,1021.59,-0.03,-0.29,11865156,9439521720.0,1.99,1.1
2024-07-19,1037.89,1040.68,1045.84,1031.62,-0.1,-1.04,11179932,8872923741.0,1.37,1.03
2024-07-22,1039.52,1043.53,1047.02,1034.04,0.27,2.85,11272890,8357415432.0,1.25,1.04
2024-07-23,1042.45,1022.97,1045.24,1022.95,-1.97,-20.56,11886752,8718820317.0,2.14,1.1
2024-07-24,1018.89,1003.42,1023.2,1002.88,-1.91,-19.55,11939546,8208725410.0,1.99,1.1
2024-07-25,1000.73,1009.53,1018.11,996.02,0.61,6.11,10023225,7499547675.0,2.2,0.93
2024-07-26,1011.01,1022.32,1024.01,1011.01,1.27,12.79,10373247,7332510314.0,1.29,0.96
2024-07-29,1022.96,1017.7,1023.13,1012.66,-0.45,-4.62,11249988,7885124814.0,1.02,1.04
2024-07-30,1015.15,1021.02,1022.78,1011.29,0.33,3.32,11040407,7770053570.0,1.13,1.02
2024-07-31,1020.31,1056.45,1056.45,1018.86,3.47,35.43,16490956,12269571770.0,3.68,1.52
2024-08-01,1056.78,1055.25,1063.89,1050.9,-0.11,-1.2,14766825,10996618553.0,1.23,1.36
2024-08-02,1049.94,1053.36,1067.69,1047.37,-0.18,-1.89,15821708,10647046505.0,1.93,1.46
2024-08-05,1050.45,1044.88,1072.37,1044.35,-0.81,-8.48,19905777,12854928466.0,2.66,1.84
2024-08-06,1050.23,1070.77,1070.84,1047.75,2.48,25.89,18748123,12452565498.0,2.21,1.73
2024-08-07,1068.02,1061.96,1068.02,1059.74,-0.82,-8.81,16285897,10787569381.0,0.77,1.51
2024-08-08,1057.02,1068.43,1072.44,1053.48,0.61,6.47,17107173,10901231191.0,1.79,1.58
2024-08-09,1070.01,1054.86,1072.65,1054.86,-1.27,-13.57,15286152,9553156417.0,1.67,1.41
2024-08-12,1053.08,1056.75,1064.52,1048.44,0.18,1.89,13316453,9592100250.0,1.52,1.23
2024-08-13,1055.09,1053.51,1055.44,1041.47,-0.31,-3.24,12331833,7884859676.0,1.32,1.14
2024-08-14,1052.28,1046.41,1052.37,1043.15,-0.67,-7.1,11965752,7727093362.0,0.88,1.11
2024-08-15,1045.69,1054.85,1061.55,1039.7,0.81,8.44,15926680,9830454075.0,2.09,1.47
2024-08-16,1054.76,1052.73,1057.05,1048.22,-0.2,-2.12,14888405,9055597279.0,0.84,1.38
2024-08-19,1049.03,1047.1,1055.66,1045.78,-0.53,-5.63,14260276,8850957477.0,0.94,1.32
2024-08-20,1045.62,1028.35,1045.62,1024.44,-1.79,-18.75,15138012,9924262372.0,2.02,1.4
2024-08-21,1024.51,1020.75,1028.67,1017.78,-0.74,-7.6,12251725,7693261059.0,1.06,1.13
2024-08-22,1022.66,1006.87,1024.84,1005.12,-1.36,-13.88,13295655,8811238768.0,1.93,1.23
2024-08-23,1003.07,1000.04,1006.08,990.65,-0.68,-6.83,11018772,7576851472.0,1.53,1.02
2024-08-26,999.1,1009.56,1011.77,993.4,0.95,9.52,10986696,8438163265.0,1.84,1.02
2024-08-27,1006.85,1000.93,1012.03,999.36,-0.85,-8.63,11592819,8052958378.0,1.26,1.07
2024-08-28,996.35,1010.77,1013.91,990.96,0.98,9.84,13837762,9824512601.0,2.29,1.28
2024-08-29,1006.92,1024.23,1025.69,1001.08,1.33,13.46,12761178,10395469621.0,2.43,1.18
2024-08-30,1021.74,1039.96,1050.05,1019.17,1.54,15.73,21546300,16463054087.0,3.01,1.99
2024-09-02,1038.61,1026.56,1044.75,1026.41,-1.29,-13.4,15495445,12170742268.0,1.76,1.43
2024-09-03,1025.48,1033.29,1039.4,1022.03,0.66,6.73,12615759,9723432279.0,1.69,1.17
2024-09-04,1028.52,1027.01,1035.73,1024.64,-0.61,-6.28,11539333,8199792830.0,1.07,1.07
2024-09-05,1027.08,1039.23,1039.37,1027.08,1.19,12.22,12818306,8719293019.0,1.2,1.18
2024-09-06,1040.38,1019.11,1041.48,1018.86,-1.94,-20.12,12104711,7872371634.0,2.18,1.12
2024-09-09,1015.96,1023.74,1031.54,1010.26,0.45,4.63,12682210,8686528843.0,2.09,1.17
2024-09-10,1024.93,1023.69,1028.21,1008.86,0.0,-0.05,13879556,9865870793.0,1.89,1.28
2024-09-11,1020.45,1016.44,1022.87,1012.2,-0.71,-7.25,11851171,8597532180.0,1.04,1.1
2024-09-12,1017.25,1015.37,1028.92,1015.24,-0.11,-1.07,11159607,8196554113.0,1.35,1.03
2024-09-13,1014.5,1002.07,1016.44,1001.8,-1.31,-13.3,11681367,8508308052.0,1.44,1.08
2024-09-18,1001.15,990.27,1002.65,977.48,-1.18,-11.8,11615043,7854038675.0,2.51,1.07
2024-09-19,994.63,1017.7,1019.9,992.51,2.77,27.43,14845387,10614404122.0,2.77,1.37
2024-09-20,1017.35,1008.9,1017.43,1003.51,-0.86,-8.8,11655068,8091013239.0,1.37,1.08
2024-09-23,1008.78,1012.91,1016.72,1005.08,0.4,4.01,11223487,8168738185.0,1.15,1.04
2024-09-24,1016.74,1048.48,1048.48,1015.11,3.51,35.57,20099892,15517374721.0,3.29,1.86
2024-09-25,1055.86,1065.47,1081.74,1055.86,1.62,16.99,26416907,18603533995.0,2.47,2.44
2024-09-26,1063.06,1103.78,1103.78,1061.7,3.6,38.31,26791757,20649100168.0,3.95,2.48
2024-09-27,1129.63,1157.4,1168.05,1123.27,4.86,53.62,32370448,26405516336.0,4.06,2.99
2024-09-30,1199.87,1277.33,1285.04,1178.94,10.36,119.93,51032814,45993885441.0,9.17,4.72
2024-10-08,1430.31,1357.75,1430.31,1286.67,6.3,80.42,67058642,61366331275.0,11.25,6.2
2024-10-09,1314.01,1223.28,1314.01,1223.28,-9.9,-134.47,43986707,40223908825.0,6.68,4.07
2024-10-10,1230.1,1225.27,1255.8,1206.19,0.16,1.99,33753286,30572122275.0,4.06,3.12
2024-10-11,1222.68,1200.19,1233.96,1187.7,-2.05,-25.08,28245050,23605090831.0,3.78,2.61
2024-10-14,1196.65,1219.42,1219.42,1173.73,1.6,19.23,26553722,22834386967.0,3.81,2.45
2024-10-15,1212.46,1201.07,1229.43,1200.11,-1.5,-18.35,25058422,20746689900.0,2.4,2.32
2024-10-16,1187.32,1203.52,1216.45,1185.93,0.2,2.45,23362656,17492547067.0,2.54,2.16
2024-10-17,1207.81,1197.25,1220.34,1197.25,-0.52,-6.27,24888338,18921135959.0,1.92,2.3
2024-10-18,1195.74,1226.92,1244.55,1191.55,2.48,29.67,29017423,25067808659.0,4.43,2.68
2024-10-21,1228.22,1241.73,1250.07,1220.27,1.21,14.81,29443767,25274809997.0,2.43,2.72
2024-10-22,1243.17,1269.9,1277.87,1241.8,2.27,28.17,31843962,27956182612.0,2.9,2.94
2024-10-23,1269.09,1264.09,1274.95,1257.22,-0.46,-5.81,29385791,25827560394.0,1.4,2.72
2024-10-24,1259.12,1267.57,1271.84,1257.79,0.28,3.48,23329087,20074366179.0,1.11,2.16
2024-10-25,1266.31,1288.62,1290.73,1266.24,1.66,21.05,26853460,23214239732.0,1.93,2.48
2024-10-28,1287.8,1325.45,1325.45,1287.8,2.86,36.83,35419403,29309684414.0,2.92,3.27
2024-10-29,1350.14,1299.09,1352.6,1299.09,-1.99,-26.36,43443590,36540405330.0,4.04,4.02
2024-10-30,1285.63,1287.71,1296.13,1271.32,-0.88,-11.38,32718582,27535431853.0,1.91,3.02
2024-10-31,1284.56,1299.1,1305.37,1282.67,0.88,11.39,40121334,33145365827.0,1.76,3.71
2024-11-01,1298.87,1269.55,1304.49,1266.59,-2.27,-29.55,39294441,31398041107.0,2.92,3.63
2024-11-04,1268.54,1293.02,1293.02,1266.64,1.85,23.47,27522181,23553263306.0,2.08,2.54
2024-11-05,1293.63,1321.59,1321.59,1290.88,2.21,28.57,34963508,30265456277.0,2.38,3.23
2024-11-06,1322.58,1329.92,1338.12,1308.77,0.63,8.33,41251114,33219134066.0,2.22,3.81
2024-11-07,1321.81,1376.76,1376.76,1319.83,3.52,46.84,51963614,40818483183.0,4.28,4.8
2024-11-08,1385.78,1372.07,1391.24,1363.72,-0.34,-4.69,45461798,38232901770.0,2.0,4.2
2024-11-11,1360.73,1384.74,1384.74,1355.56,0.92,12.67,37285779,32372642689.0,2.13,3.45
2024-11-12,1389.14,1384.02,1410.18,1372.72,-0.05,-0.72,40443347,35454167547.0,2.71,3.74
2024-11-13,1379.95,1377.76,1390.9,1350.45,-0.45,-6.26,32072991,27252580172.0,2.92,2.96
2024-11-14,1376.44,1342.39,1380.23,1340.85,-2.57,-35.37,30502838,25811575487.0,2.86,2.82
2024-11-15,1336.8,1321.11,1357.46,1321.11,-1.59,-21.28,28856958,23910046679.0,2.71,2.67
2024-11-18,1326.4,1290.28,1333.38,1283.24,-2.33,-30.83,30045936,22900544729.0,3.8,2.78
2024-11-19,1289.14,1315.43,1315.43,1280.54,1.95,25.15,24067601,18568397856.0,2.7,2.22
2024-11-20,1312.61,1350.58,1350.79,1310.74,2.67,35.15,32296963,25565287324.0,3.04,2.99
2024-11-21,1349.19,1364.2,1365.64,1344.33,1.01,13.62,38497596,30131330408.0,1.58,3.56
2024-11-22,1364.28,1320.93,1369.15,1319.86,-3.17,-43.27,45351770,34294963570.0,3.61,4.19
2024-11-25,1328.44,1358.36,1358.36,1325.94,2.83,37.43,40569530,30151919390.0,2.45,3.75
2024-11-26,1361.81,1377.13,1388.63,1361.74,1.38,18.77,45830533,36785222067.0,1.98,4.24
2024-11-27,1366.99,1400.75,1400.75,1344.97,1.72,23.62,51940979,42807443584.0,4.05,4.8
2024-11-28,1400.15,1408.24,1428.8,1400.15,0.53,7.49,59032791,47910447147.0,2.05,5.46
2024-11-29,1403.05,1429.1,1437.65,1401.25,1.48,20.86,55569345,42210585852.0,2.58,5.14
2024-12-02,1435.76,1462.26,1466.52,1435.76,2.32,33.16,55282458,45685272009.0,2.15,5.11
2024-12-03,1463.72,1459.72,1465.8,1444.45,-0.17,-2.54,52921301,41206174197.0,1.46,4.89
2024-12-04,1450.94,1426.43,1454.92,1419.4,-2.28,-33.29,44731746,35533767536.0,2.43,4.13
2024-12-05,1420.18,1443.76,1443.76,1419.5,1.21,17.33,39292289,30929907568.0,1.7,3.63
2024-12-06,1442.64,1461.26,1464.31,1438.29,1.21,17.5,48494933,38239071011.0,1.8,4.48
2024-12-09,1462.58,1457.25,1465.97,1442.97,-0.27,-4.01,40337878,33335395380.0,1.57,3.73
2024-12-10,1498.04,1480.88,1501.19,1476.5,1.62,23.63,54200455,48804886495.0,1.69,5.01
2024-12-11,1475.85,1511.17,1511.17,1475.85,2.05,30.29,58371998,47063895566.0,2.39,5.4
2024-12-12,1506.6,1544.92,1545.72,1501.32,2.23,33.75,60839882,52197184919.0,2.94,5.62
2024-12-13,1535.67,1533.06,1552.73,1529.43,-0.77,-11.86,64200130,56168350391.0,1.51,5.93
2024-12-16,1537.16,1536.44,1553.76,1527.85,0.22,3.38,54782546,47225670139.0,1.69,5.06
2024-12-17,1533.3,1461.77,1533.3,1457.26,-4.86,-74.67,44943901,37770721911.0,4.95,4.15
2024-12-18,1457.55,1464.81,1476.0,1439.85,0.21,3.04,40339066,30535847541.0,2.47,3.73
2024-12-19,1449.59,1454.77,1459.78,1432.61,-0.69,-10.04,36811095,30462274149.0,1.85,3.4
2024-12-20,1455.84,1478.67,1489.18,1455.84,1.64,23.9,33707626,30536883776.0,2.29,3.12
2024-12-23,1471.2,1402.34,1472.1,1399.23,-5.16,-76.33,38644724,33371089010.0,4.93,3.57
2024-12-24,1402.86,1410.82,1410.82,1385.07,0.6,8.48,28858659,24671932909.0,1.84,2.67
2024-12-25,1410.67,1381.65,1412.72,1364.49,-2.07,-29.17,28708206,23378283127.0,3.42,2.65
2024-12-26,1377.96,1390.36,1398.82,1377.96,0.63,8.71,22865838,20050067611.0,1.51,2.11
2024-12-27,1389.57,1401.84,1411.0,1381.07,0.83,11.48,27240679,23066322117.0,2.15,2.52
2024-12-30,1394.64,1379.69,1394.97,1368.91,-1.58,-22.15,24729246,21641900214.0,1.86,2.29
2024-12-31,1380.97,1357.85,1389.06,1356.3,-1.58,-21.84,26437217,23438426383.0,2.37,2.44
2025-01-02,1355.58,1355.73,1394.71,1344.67,-0.16,-2.12,33603019,28006311107.0,3.69,3.11
2025-01-03,1358.84,1302.68,1362.82,1301.02,-3.91,-53.05,32496221,25136765686.0,4.56,3.0
2025-01-06,1300.07,1301.6,1321.39,1268.38,-0.08,-1.08,31016889,22847942014.0,4.07,2.87
2025-01-07,1302.08,1321.49,1321.49,1289.57,1.53,19.89,26633394,20457783616.0,2.45,2.46
2025-01-08,1319.47,1329.13,1337.5,1295.27,0.58,7.64,33011774,24399172665.0,3.2,3.05
2025-01-09,1320.91,1324.61,1336.37,1314.33,-0.34,-4.52,29828323,21763026626.0,1.66,2.76
2025-01-10,1322.69,1276.8,1327.58,1276.78,-3.61,-47.81,27438499,20690775998.0,3.84,2.54
2025-01-13,1261.73,1276.87,1280.37,1246.45,0.01,0.07,23039278,17386089505.0,2.66,2.13
2025-01-14,1283.05,1332.57,1332.57,1283.05,4.36,55.7,30963568,23651472482.0,3.88,2.86
2025-01-15,1336.52,1337.15,1348.35,1329.71,0.34,4.58,31715094,24175366534.0,1.4,2.93
2025-01-16,1340.97,1348.25,1362.77,1334.94,0.83,11.1,31011668,23877289733.0,2.08,2.87
2025-01-17,1344.01,1340.32,1348.46,1331.39,-0.59,-7.93,23426448,18880585651.0,1.27,2.17
2025-01-20,1348.84,1358.33,1364.96,1337.59,1.34,18.01,26535638,23131440009.0,2.04,2.45
2025-01-21,1364.01,1352.14,1366.19,1340.36,-0.46,-6.19,28030267,23720904000.0,1.9,2.59
2025-01-22,1343.45,1327.66,1343.45,1323.9,-1.81,-24.48,23713107,19353852472.0,1.45,2.19
2025-01-23,1338.07,1322.59,1348.86,1322.54,-0.38,-5.07,23173115,19388937177.0,1.98,2.14
2025-01-24,1319.7,1336.92,1338.17,1314.33,1.08,14.33,22365642,19331288632.0,1.8,2.07
2025-01-27,1340.0,1330.74,1354.89,1330.09,-0.46,-6.18,22422968,18739177399.0,1.86,2.07
2025-02-05,1339.21,1338.4,1340.74,1330.26,0.58,7.66,24355048,21221418215.0,0.79,2.25
2025-02-06,1335.68,1355.88,1355.9,1326.96,1.31,17.48,26992933,23031234394.0,2.16,2.49
2025-02-07,1356.32,1375.25,1386.58,1355.19,1.43,19.37,31390959,28149854179.0,2.32,2.9
2025-02-10,1379.11,1411.21,1411.3,1375.93,2.61,35.96,32199646,30475565442.0,2.57,2.98
2025-02-11,1413.22,1407.42,1413.62,1397.65,-0.27,-3.79,30837213,28852618178.0,1.13,2.85
2025-02-12,1404.85,1410.28,1411.09,1398.98,0.2,2.86,28251855,26402225925.0,0.86,2.61
2025-02-13,1409.43,1401.65,1415.37,1396.99,-0.61,-8.63,32507230,28756600758.0,1.3,3.0
2025-02-14,1400.57,1411.23,1414.55,1400.37,0.68,9.58,31773625,29411956920.0,1.01,2.94
2025-02-17,1419.3,1427.27,1436.35,1415.66,1.14,16.04,37444680,37171198762.0,1.47,3.46
2025-02-18,1425.34,1377.15,1425.34,1373.52,-3.51,-50.12,32937198,29976679047.0,3.63,3.04
2025-02-19,1376.18,1397.38,1397.38,1371.71,1.47,20.23,25873117,25318911784.0,1.86,2.39
2025-02-20,1397.41,1420.04,1421.46,1397.41,1.62,22.66,30917023,29555364952.0,1.72,2.86
2025-02-21,1419.48,1412.93,1420.79,1395.32,-0.5,-7.11,32016946,31212884019.0,1.79,2.96
2025-02-24,1411.73,1416.89,1423.75,1406.02,0.28,3.96,27866188,27138162382.0,1.25,2.58
2025-02-25,1405.77,1409.24,1421.06,1399.05,-0.54,-7.65,29036442,28456326525.0,1.55,2.68
2025-02-26,1411.45,1418.34,1419.24,1409.22,0.65,9.1,27202587,26475282011.0,0.71,2.51
2025-02-27,1419.93,1435.25,1435.57,1412.83,1.19,16.91,39390939,35515542071.0,1.6,3.64
2025-02-28,1431.17,1402.27,1436.88,1399.9,-2.3,-32.98,33759988,30961016085.0,2.58,3.12
2025-03-03,1406.08,1416.71,1431.26,1406.08,1.03,14.44,28011843,27276563828.0,1.8,2.59
2025-03-04,1411.92,1429.89,1429.95,1408.21,0.93,13.18,24143656,26428373641.0,1.53,2.23
2025-03-05,1428.31,1424.83,1428.44,1408.99,-0.35,-5.06,24572143,25045628935.0,1.36,2.27
2025-03-06,1426.84,1446.31,1447.97,1423.55,1.51,21.48,30361875,31864941957.0,1.71,2.81
2025-03-07,1443.73,1437.35,1448.26,1430.41,-0.62,-8.96,27383183,29364275126.0,1.23,2.53
2025-03-10,1443.62,1445.15,1450.05,1434.48,0.54,7.8,24527284,26976528408.0,1.08,2.27
2025-03-11,1427.88,1453.51,1453.51,1425.74,0.58,8.36,24710286,25094378624.0,1.92,2.28
2025-03-12,1455.95,1457.77,1464.97,1451.34,0.29,4.26,30167498,30637877914.0,0.94,2.79
2025-03-13,1456.0,1448.64,1459.34,1433.78,-0.63,-9.13,26768460,27455113908.0,1.75,2.47
2025-03-14,1456.84,1521.16,1521.16,1456.84,5.01,72.52,44878929,47237287905.0,4.44,4.15
2025-03-17,1533.59,1523.01,1537.5,1519.54,0.12,1.85,43578583,46308230699.0,1.18,4.03
2025-03-18,1523.73,1523.97,1526.21,1516.26,0.06,0.96,36562502,36361281229.0,0.65,3.38
2025-03-19,1517.66,1513.32,1524.51,1507.94,-0.7,-10.65,31697548,31314518550.0,1.09,2.93
2025-03-20,1513.35,1504.45,1516.73,1501.99,-0.59,-8.87,30362244,30054466657.0,0.97,2.81
2025-03-21,1503.6,1476.66,1505.29,1472.08,-1.85,-27.79,30159386,30698171428.0,2.21,2.79
2025-03-24,1472.83,1454.03,1476.76,1428.89,-1.53,-22.63,27636731,26754826415.0,3.24,2.55
2025-03-25,1451.75,1454.98,1459.98,1430.88,0.07,0.95,27609349,26145675930.0,2.0,2.55
2025-03-26,1448.93,1464.99,1470.04,1448.93,0.69,10.01,22376747,20609031951.0,1.45,2.07
2025-03-27,1462.78,1469.57,1475.22,1449.72,0.31,4.58,23798798,22706383810.0,1.74,2.2
2025-03-28,1465.35,1449.46,1469.25,1448.78,-1.37,-20.11,23591838,22455009422.0,1.39,2.18
2025-03-31,1440.16,1431.04,1440.53,1411.68,-1.27,-18.42,23541955,22631617550.0,1.99,2.18
2025-04-01,1433.75,1452.96,1468.55,1433.75,1.53,21.92,23330388,23847937358.0,2.43,2.16
2025-04-02,1449.01,1460.33,1465.85,1447.49,0.51,7.37,19477737,19185148102.0,1.26,1.8
2025-04-03,1447.95,1463.87,1471.23,1446.84,0.24,3.54,22412660,23667833621.0,1.67,2.07
2025-04-07,1379.05,1296.35,1388.73,1283.75,-11.44,-167.52,30816928,29749712823.0,7.17,2.85
2025-04-08,1285.79,1314.95,1326.58,1285.79,1.43,18.6,34579653,32376652576.0,3.15,3.2
2025-04-09,1291.41,1341.22,1351.11,1225.74,2.0,26.27,41670500,37182785546.0,9.53,3.85
2025-04-10,1357.47,1401.11,1413.07,1357.47,4.47,59.89,38416355,37586060830.0,4.15,3.55
2025-04-11,1392.91,1402.52,1414.5,1392.88,0.1,1.41,31952053,30775993502.0,1.54,2.95
2025-04-14,1416.86,1440.47,1449.08,1416.86,2.71,37.95,31899030,31041780295.0,2.3,2.95
2025-04-15,1443.96,1455.08,1462.15,1437.48,1.01,14.61,35304947,35175853840.0,1.71,3.26
2025-04-16,1447.1,1436.77,1451.04,1410.86,-1.26,-18.31,33971329,32401041167.0,2.76,3.14
2025-04-17,1422.37,1447.36,1456.03,1420.52,0.74,10.59,34517613,30302282181.0,2.47,3.19
2025-04-18,1445.98,1426.28,1453.07,1420.3,-1.46,-21.08,29466020,26034705648.0,2.26,2.72
2025-04-21,1421.33,1455.75,1455.75,1415.17,2.07,29.47,31431059,28032877679.0,2.85,2.91
2025-04-22,1455.85,1460.31,1464.08,1448.44,0.31,4.56,32260651,29636931469.0,1.07,2.98
2025-04-23,1460.63,1452.39,1468.44,1449.9,-0.54,-7.92,32789132,29901915618.0,1.27,3.03
2025-04-24,1448.56,1451.73,1461.17,1442.83,-0.05,-0.66,30883702,30232385479.0,1.26,2.85
2025-04-25,1454.6,1449.38,1460.42,1447.25,-0.16,-2.35,32267886,32695865533.0,0.91,2.98
2025-04-28,1441.82,1423.73,1442.13,1415.02,-1.77,-25.65,28251018,26612955634.0,1.87,2.61
2025-04-29,1417.52,1437.07,1439.56,1413.2,0.94,13.34,23716133,24045780469.0,1.85,2.19
2025-04-30,1442.22,1453.02,1462.0,1442.22,1.11,15.95,25382047,26560332804.0,1.38,2.35
2025-05-06,1460.74,1488.8,1488.8,1460.74,2.46,35.78,26439413,26772497637.0,1.93,2.44
2025-05-07,1504.37,1494.45,1512.64,1482.95,0.38,5.65,29527412,30005427221.0,1.99,2.73
2025-05-08,1492.61,1507.08,1509.89,1491.58,0.85,12.63,26480639,25658754451.0,1.23,2.45
2025-05-09,1502.48,1499.2,1507.47,1492.6,-0.52,-7.88,27167233,25708443569.0,0.99,2.51
2025-05-12,1511.4,1510.81,1514.71,1496.93,0.77,11.61,23855133,25221193728.0,1.19,2.2
2025-05-13,1523.09,1522.75,1526.87,1512.57,0.79,11.94,27014083,29393224748.0,0.95,2.5
2025-05-14,1516.53,1518.67,1523.47,1506.48,-0.27,-4.08,28812636,26648976338.0,1.12,2.66
2025-05-15,1515.09,1528.13,1530.67,1505.67,0.62,9.46,29102890,27658715263.0,1.65,2.69
2025-05-16,1522.33,1536.33,1539.95,1513.99,0.54,8.2,27313357,26873049609.0,1.7,2.52
2025-05-19,1534.24,1553.35,1553.35,1522.99,1.11,17.02,26857810,26539136777.0,1.98,2.48
2025-05-20,1552.35,1590.66,1595.28,1552.35,2.4,37.31,37489965,39672389717.0,2.76,3.47
2025-05-21,1585.73,1586.55,1592.19,1580.42,-0.26,-4.11,35533650,37584591490.0,0.74,3.28
2025-05-22,1576.66,1564.08,1592.87,1561.32,-1.42,-22.47,32889519,33129214418.0,1.99,3.04
2025-05-23,1561.14,1547.79,1574.45,1547.75,-1.04,-16.29,28946873,29481521033.0,1.71,2.68
2025-05-26,1545.64,1557.38,1557.42,1537.17,0.62,9.59,25987145,28157179822.0,1.31,2.4
2025-05-27,1560.42,1576.48,1579.73,1556.5,1.23,19.1,30896880,32311474725.0,1.49,2.86
2025-05-28,1574.17,1573.12,1577.15,1561.24,-0.21,-3.36,28216274,29268394376.0,1.01,2.61
2025-05-29,1571.39,1595.75,1595.79,1565.68,1.44,22.63,29758992,31497726781.0,1.91,2.75
2025-05-30,1594.14,1590.29,1607.61,1586.2,-0.34,-5.46,32277122,34482906876.0,1.34,2.98
2025-06-03,1579.1,1628.01,1631.16,1578.63,2.37,37.72,36142244,40354987582.0,3.3,3.34
2025-06-04,1627.06,1657.81,1657.82,1627.05,1.83,29.8,36547067,40998334567.0,1.89,3.38
2025-06-05,1655.33,1636.56,1655.82,1629.86,-1.28,-21.25,36750021,38653180402.0,1.57,3.4
2025-06-06,1632.22,1626.75,1634.59,1615.91,-0.6,-9.81,30288969,31883945274.0,1.14,2.8
2025-06-09,1627.67,1664.85,1665.06,1627.67,2.34,38.1,33236377,36177468731.0,2.3,3.07
2025-06-10,1664.2,1669.14,1682.29,1646.44,0.26,4.29,44595820,46669437403.0,2.15,4.12
2025-06-11,1672.1,1677.89,1682.52,1669.34,0.52,8.75,37354882,38534400372.0,0.79,3.45
2025-06-12,1676.04,1695.77,1696.61,1676.04,1.07,17.88,39411446,42071348750.0,1.23,3.64
2025-06-13,1682.68,1645.74,1683.13,1640.88,-2.95,-50.03,40378859,43086505594.0,2.49,3.73
2025-06-16,1638.79,1656.97,1660.16,1636.21,0.68,11.23,35357275,35253098950.0,1.46,3.27
2025-06-17,1666.92,1648.57,1674.09,1641.72,-0.51,-8.4,38817221,38683263142.0,1.95,3.59
2025-06-18,1639.89,1612.13,1640.41,1611.83,-2.21,-36.44,33515535,33752180693.0,1.73,3.1
2025-06-19,1608.77,1579.69,1611.66,1575.4,-2.01,-32.44,30155025,29545913754.0,2.25,2.79
2025-06-20,1576.45,1563.93,1580.99,1561.46,-1.0,-15.76,24040890,25025407585.0,1.24,2.22
2025-06-23,1552.13,1582.31,1582.4,1549.64,1.18,18.38,21924866,22866349767.0,2.09,2.03
2025-06-24,1588.06,1605.42,1605.99,1588.06,1.46,23.11,24752385,24665156462.0,1.13,2.29
2025-06-25,1610.68,1609.8,1612.17,1591.82,0.27,4.38,26513502,26248500393.0,1.27,2.45
2025-06-26,1606.57,1602.91,1613.71,1595.28,-0.43,-6.89,26192717,26860971848.0,1.14,2.42
2025-06-27,1604.11,1614.38,1620.21,1600.27,0.72,11.47,25165336,25479284067.0,1.24,2.33
2025-06-30,1618.32,1639.89,1639.89,1615.19,1.58,25.51,28296092,30065079837.0,1.53,2.62
2025-07-01,1640.02,1658.58,1658.58,1636.09,1.14,18.69,29600218,32578847144.0,1.37,2.74
2025-07-02,1654.36,1641.92,1656.02,1634.0,-1.0,-16.66,28994165,30111141187.0,1.33,2.68
2025-07-03,1641.7,1655.21,1655.21,1641.7,0.81,13.29,25929222,27489428843.0,0.82,2.4
2025-07-04,1658.53,1641.52,1658.82,1640.46,-0.83,-13.69,28573018,30607847444.0,1.11,2.64
2025-07-07,1637.59,1648.81,1654.94,1637.11,0.44,7.29,23520661,24895791566.0,1.09,2.17
2025-07-08,1647.29,1661.14,1661.83,1646.59,0.75,12.33,26026332,25808185673.0,0.92,2.41
2025-07-09,1663.52,1661.48,1670.62,1656.94,0.02,0.34,29932235,28961425520.0,0.82,2.77
2025-07-10,1657.9,1667.66,1671.3,1651.68,0.37,6.18,30163028,28188995317.0,1.18,2.79
2025-07-11,1667.3,1666.76,1669.74,1653.42,-0.05,-0.9,27204480,26814101581.0,0.98,2.51
2025-07-14,1665.24,1671.57,1672.2,1661.02,0.29,4.81,22001582,23222408832.0,0.67,2.03
2025-07-15,1667.95,1651.94,1667.95,1635.0,-1.17,-19.63,27028434,27151716939.0,1.97,2.5
2025-07-16,1651.52,1671.98,1672.79,1650.97,1.21,20.04,24109768,24784576962.0,1.32,2.23
2025-07-17,1675.59,1686.89,1687.11,1673.73,0.89,14.91,24589859,26149873780.0,0.8,2.27
2025-07-18,1691.82,1687.13,1693.23,1675.32,0.01,0.24,25770913,26447537117.0,1.06,2.38
2025-07-21,1684.63,1704.84,1705.6,1682.97,1.05,17.71,28264401,29954780258.0,1.34,2.61
2025-07-22,1703.02,1703.16,1707.04,1694.18,-0.1,-1.68,26807094,29950278417.0,0.75,2.48
2025-07-23,1698.61,1702.86,1712.44,1691.83,-0.02,-0.3,28488430,32337441251.0,1.21,2.63
2025-07-24,1708.45,1727.62,1727.62,1708.45,1.45,24.76,31209279,34398099276.0,1.13,2.88
2025-07-25,1730.1,1733.35,1741.4,1725.48,0.33,5.73,33501372,37517629138.0,0.92,3.1
2025-07-28,1732.9,1739.8,1739.97,1729.22,0.37,6.45,30185383,34681704007.0,0.62,2.79
2025-07-29,1773.2,1746.1,1779.19,1737.65,0.36,6.3,46260741,50749850467.0,2.39,4.28
2025-07-30,1734.48,1753.06,1755.72,1729.15,0.4,6.96,45519795,49975923726.0,1.52,4.21
2025-07-31,1751.36,1743.96,1757.81,1740.46,-0.52,-9.1,42701664,47552615392.0,0.99,3.95
2025-08-01,1742.71,1749.08,1759.05,1742.71,0.29,5.12,35478316,40459201576.0,0.94,3.28
2025-08-04,1738.9,1757.16,1757.18,1724.03,0.46,8.08,32177239,36725128790.0,1.9,2.97
2025-08-05,1756.51,1762.12,1767.35,1750.88,0.28,4.96,30910207,35036366872.0,0.94,2.86
2025-08-06,1767.63,1766.86,1772.7,1756.26,0.27,4.74,32827164,36585158191.0,0.93,3.03
2025-08-07,1762.56,1775.82,1779.91,1762.1,0.51,8.96,32105976,38990591958.0,1.01,2.97
2025-08-08,1775.06,1775.13,1780.41,1760.63,-0.04,-0.69,30780190,38251432531.0,1.11,2.85
2025-08-11,1774.05,1794.66,1795.48,1773.5,1.1,19.53,28374730,34672769103.0,1.24,2.62
2025-08-12,1793.33,1795.31,1803.48,1786.95,0.04,0.65,28076937,35261786469.0,0.92,2.6
2025-08-13,1799.82,1799.92,1802.15,1782.38,0.26,4.61,29083699,36470387240.0,1.1,2.69
2025-08-14,1800.69,1774.11,1801.12,1772.01,-1.43,-25.81,31029366,37921085735.0,1.62,2.87
2025-08-15,1772.57,1790.8,1791.0,1772.42,0.94,16.69,26968822,35635108527.0,1.05,2.49
2025-08-18,1794.03,1809.19,1814.62,1794.03,1.03,18.39,35807367,45005756175.0,1.15,3.31
2025-08-19,1810.3,1828.87,1832.38,1808.55,1.09,19.68,35364657,43285000107.0,1.32,3.27
2025-08-20,1827.32,1841.57,1841.57,1818.81,0.69,12.7,37364962,46208883542.0,1.24,3.45
2025-08-21,1843.21,1843.71,1854.52,1835.96,0.12,2.14,36719985,43580194197.0,1.01,3.39
2025-08-22,1844.77,1844.01,1847.44,1826.89,0.02,0.3,37460426,41867387724.0,1.11,3.46
2025-08-25,1850.2,1858.91,1859.2,1840.49,0.81,14.9,44340420,51217965940.0,1.01,4.1
2025-08-26,1855.07,1865.84,1876.18,1848.94,0.37,6.93,36756917,43386044031.0,1.47,3.4
2025-08-27,1866.08,1815.01,1869.33,1814.95,-2.72,-50.83,40691733,47796716045.0,2.91,3.76
2025-08-28,1811.31,1811.65,1830.2,1762.63,-0.19,-3.36,37973332,44943568188.0,3.72,3.51
2025-08-29,1814.41,1815.79,1829.67,1813.07,0.23,4.14,34021617,43863789240.0,0.92,3.14
2025-09-01,1811.67,1830.34,1835.75,1802.01,0.8,14.55,36102110,41062612330.0,1.86,3.34
2025-09-02,1829.24,1808.16,1829.34,1790.99,-1.21,-22.18,35270723,39774116699.0,2.1,3.26
2025-09-03,1812.2,1781.35,1820.35,1776.24,-1.48,-26.81,31002446,32959972530.0,2.44,2.87
2025-09-04,1786.44,1801.46,1814.19,1777.69,1.13,20.11,37493162,39973430967.0,2.05,3.47
2025-09-05,1805.82,1825.92,1825.92,1773.41,1.36,24.46,36022980,36657187170.0,2.91,3.33
2025-09-08,1822.6,1846.06,1846.82,1822.6,1.1,20.14,32708877,38339884428.0,1.33,3.02
2025-09-09,1845.58,1827.33,1848.09,1818.93,-1.01,-18.73,31412178,34765464795.0,1.58,2.9
2025-09-10,1825.2,1834.2,1839.22,1823.47,0.38,6.87,33311743,31728251248.0,0.86,3.08
2025-09-11,1827.9,1846.04,1846.06,1804.49,0.65,11.84,30418120,33408624663.0,2.27,2.81
2025-09-12,1846.82,1842.52,1851.44,1833.68,-0.19,-3.52,33537122,34989426443.0,0.96,3.1
2025-09-15,1839.85,1844.76,1845.05,1830.74,0.12,2.24,32567773,33740706038.0,0.78,3.01
2025-09-16,1847.05,1868.77,1868.77,1842.23,1.3,24.01,40121046,38723121156.0,1.44,3.71
2025-09-17,1869.41,1859.67,1871.84,1857.67,-0.49,-9.1,35324622,34404590934.0,0.76,3.27
2025-09-18,1859.61,1829.47,1862.18,1814.41,-1.62,-30.2,44055167,41227460776.0,2.57,4.07
2025-09-19,1827.44,1819.05,1832.0,1809.03,-0.57,-10.42,30584079,29539648945.0,1.26,2.83
2025-09-22,1816.85,1804.94,1821.72,1793.73,-0.78,-14.11,33088939,28377580557.0,1.54,3.06
2025-09-23,1800.59,1780.48,1800.64,1744.6,-1.36,-24.46,33319480,30810446240.0,3.1,3.08
2025-09-24,1776.55,1800.03,1800.04,1770.56,1.1,19.55,25210171,24896516146.0,1.66,2.33
2025-09-25,1798.17,1785.94,1809.56,1784.28,-0.78,-14.09,26283620,26569343494.0,1.4,2.43
2025-09-26,1779.69,1777.56,1793.65,1766.38,-0.47,-8.38,24270353,24148620397.0,1.53,2.24
2025-09-29,1778.3,1783.07,1783.82,1753.42,0.31,5.51,22212317,22025391101.0,1.71,2.05
2025-09-30,1785.23,1789.51,1793.42,1781.81,0.36,6.44,21201071,21869977833.0,0.65,1.96
2025-10-09,1791.14,1788.49,1793.19,1774.5,-0.06,-1.02,23585343,25038879532.0,1.04,2.18
2025-10-10,1784.51,1802.34,1811.28,1782.32,0.77,13.85,25599098,27246718853.0,1.62,2.37
2025-10-13,1741.68,1784.82,1786.6,1733.79,-0.97,-17.52,23664866,25965035341.0,2.93,2.19
2025-10-14,1789.52,1782.87,1803.8,1776.76,-0.11,-1.95,25906749,27320843761.0,1.51,2.39
2025-10-15,1786.42,1818.4,1818.4,1778.58,1.99,35.53,24629131,28823255516.0,2.23,2.28
2025-10-16,1816.73,1803.1,1820.93,1797.6,-0.84,-15.3,24598464,28904523578.0,1.28,2.27
2025-10-17,1803.08,1779.38,1808.78,1777.64,-1.32,-23.72,27756783,28833417731.0,1.73,2.57
2025-10-20,1792.11,1798.94,1801.83,1788.94,1.1,19.56,24672002,26734638487.0,0.72,2.28
2025-10-21,1797.78,1821.09,1821.42,1789.44,1.23,22.15,25913193,26526465891.0,1.78,2.4
2025-10-22,1818.31,1822.8,1834.01,1818.15,0.09,1.71,26165324,26594341893.0,0.87,2.42
2025-10-23,1819.85,1827.75,1829.35,1808.44,0.27,4.95,24369336,25607249348.0,1.15,2.25
2025-10-24,1828.16,1824.27,1839.02,1822.71,-0.19,-3.48,24453922,27993208509.0,0.89,2.26
2025-10-27,1830.57,1833.36,1839.25,1821.28,0.5,9.09,25182212,30158966726.0,0.99,2.33
2025-10-28,1832.66,1833.05,1841.94,1826.2,-0.02,-0.31,23382906,27795094069.0,0.86,2.16
2025-10-29,1832.05,1829.0,1832.05,1811.56,-0.22,-4.05,25630725,28671446797.0,1.12,2.37
2025-10-30,1830.32,1813.36,1832.49,1813.35,-0.86,-15.64,30789671,31671979944.0,1.05,2.85
2025-10-31,1814.46,1848.69,1852.34,1814.46,1.95,35.33,33658066,36333125313.0,2.09,3.11
2025-11-03,1854.16,1865.26,1865.26,1847.73,0.9,16.57,31745409,35713810072.0,0.95,2.93
2025-11-04,1865.26,1855.11,1865.26,1842.76,-0.54,-10.15,28541201,31037345187.0,1.21,2.64
2025-11-05,1844.64,1866.59,1871.62,1843.15,0.62,11.48,28425581,29251047180.0,1.53,2.63
2025-11-06,1868.19,1858.34,1868.19,1851.51,-0.44,-8.25,29944475,31540103019.0,0.89,2.77
2025-11-07,1860.57,1859.88,1868.86,1855.74,0.08,1.54,28556215,31933249849.0,0.71,2.64
2025-11-10,1865.17,1889.95,1890.79,1862.71,1.62,30.07,39253973,44266608575.0,1.51,3.63
2025-11-11,1890.36,1898.05,1900.85,1880.67,0.43,8.1,36910639,37147528953.0,1.07,3.41
2025-11-12,1902.6,1910.59,1913.92,1902.59,0.66,12.54,40284063,40739141319.0,0.6,3.72
2025-11-13,1912.14,1929.58,1929.87,1897.0,0.99,18.99,35216805,34571148887.0,1.72,3.26
2025-11-14,1925.76,1932.55,1950.2,1925.76,0.15,2.97,40712333,39602124150.0,1.27,3.76
2025-11-17,1933.33,1922.63,1933.33,1914.62,-0.51,-9.92,38570337,37656783852.0,0.97,3.57
2025-11-18,1922.89,1917.6,1929.14,1908.66,-0.26,-5.03,41987297,44634172467.0,1.07,3.88
2025-11-19,1915.11,1895.54,1919.42,1887.78,-1.15,-22.06,35421289,37082301309.0,1.65,3.27
2025-11-20,1896.23,1874.24,1897.85,1862.27,-1.12,-21.3,35851054,34936836629.0,1.88,3.31
2025-11-21,1859.99,1808.12,1878.22,1808.02,-3.53,-66.12,36657848,35816022222.0,3.75,3.39
2025-11-24,1815.48,1828.01,1836.37,1807.61,1.1,19.89,29716369,29248402238.0,1.59,2.75
2025-11-25,1833.83,1854.53,1860.38,1831.51,1.45,26.52,31757688,31255182565.0,1.58,2.94
2025-11-26,1852.25,1855.97,1878.29,1852.25,0.08,1.44,31013844,30597892892.0,1.4,2.87
2025-11-27,1856.15,1856.19,1866.07,1846.67,0.01,0.22,28295406,28114365477.0,1.05,2.62
2025-11-28,1855.2,1875.55,1875.55,1843.68,1.04,19.36,28016614,27454135527.0,1.72,2.59
2025-12-01,1880.33,1886.04,1891.73,1876.88,0.56,10.49,28444763,29576585709.0,0.79,2.63
2025-12-02,1881.83,1878.9,1882.55,1865.94,-0.38,-7.14,27736203,27791847508.0,0.88,2.56
2025-12-03,1880.49,1863.81,1886.99,1856.48,-0.8,-15.09,30318598,30230491766.0,1.62,2.8
2025-12-04,1860.0,1832.18,1863.69,1828.61,-1.7,-31.63,24725270,23830706459.0,1.88,2.29
2025-12-05,1832.66,1844.92,1845.1,1814.0,0.7,12.74,23777227,23780077360.0,1.7,2.2
2025-12-08,1848.79,1852.21,1858.58,1846.02,0.4,7.29,26094179,26436408636.0,0.68,2.41
2025-12-09,1851.29,1840.01,1857.51,1839.71,-0.66,-12.2,26824327,26199307465.0,0.96,2.48
2025-12-10,1839.67,1842.79,1846.1,1829.79,0.15,2.78,29538157,27549642471.0,0.89,2.73
2025-12-11,1843.18,1806.99,1843.46,1806.73,-1.94,-35.8,31014634,29300895744.0,1.99,2.87
2025-12-12,1807.0,1799.43,1816.49,1795.37,-0.42,-7.56,26229554,27022158324.0,1.17,2.42
2025-12-15,1798.47,1812.57,1823.47,1797.63,0.73,13.14,26778538,26296812752.0,1.44,2.48
2025-12-16,1811.01,1793.56,1823.18,1787.86,-1.05,-19.01,30667929,28971725904.0,1.95,2.83
2025-12-17,1790.39,1802.63,1805.12,1775.77,0.51,9.07,30818955,28530987719.0,1.64,2.85
2025-12-18,1798.02,1816.07,1832.14,1796.73,0.75,13.44,28949917,28686746845.0,1.96,2.68
2025-12-19,1818.12,1856.3,1857.27,1810.46,2.22,40.23,35275578,32330659855.0,2.58,3.26
2025-12-22,1854.08,1854.41,1858.22,1847.88,-0.1,-1.89,29227736,29186387304.0,0.56,2.7
2025-12-23,1859.28,1830.31,1860.71,1825.85,-1.3,-24.1,32487087,31741534502.0,1.88,3.0
2025-12-24,1825.81,1841.01,1841.81,1820.27,0.58,10.7,24168506,25061399286.0,1.18,2.23
2025-12-25,1843.94,1855.45,1857.36,1838.76,0.78,14.44,24171706,25531084555.0,1.01,2.23
2025-12-26,1856.59,1846.36,1860.11,1840.68,-0.49,-9.09,26190046,26703482623.0,1.05,2.42
2025-12-29,1842.95,1832.24,1842.95,1826.1,-0.76,-14.12,24931876,26452396978.0,0.91,2.3
2025-12-30,1827.45,1824.65,1837.38,1817.6,-0.41,-7.59,24122576,24975208324.0,1.08,2.23
2025-12-31,1826.07,1828.32,1833.38,1815.8,0.2,3.67,22270758,23452986674.0,0.96,2.06
2026-01-05,1838.83,1869.49,1869.54,1835.01,2.25,41.17,33983428,35273205359.0,1.89,3.14
2026-01-06,1879.14,1889.79,1894.82,1877.77,1.09,20.3,33086698,36933499678.0,0.91,3.06
2026-01-07,1889.68,1873.29,1889.69,1870.88,-0.87,-16.5,28732212,34245303525.0,1.0,2.66
2026-01-08,1872.48,1893.97,1897.84,1872.44,1.1,20.68,28831063,36264397826.0,1.36,2.66
2026-01-09,1892.07,1919.18,1919.18,1891.7,1.33,25.21,35692688,45019712314.0,1.45,3.3
2026-01-12,1930.31,1961.33,1961.33,1930.31,2.2,42.15,45993047,56686792506.0,1.62,4.25
2026-01-13,1972.79,1957.44,1986.41,1950.96,-0.2,-3.89,52225190,62956547194.0,1.81,4.83
2026-01-14,1952.71,1962.0,1988.69,1935.49,0.23,4.56,53646629,66657291733.0,2.72,4.96
2026-01-15,1950.46,1940.28,1960.81,1930.83,-1.11,-21.72,36668384,43911418302.0,1.53,3.39
2026-01-16,1944.38,1920.52,1945.61,1910.72,-1.02,-19.76,33611497,39640176805.0,1.8,3.11
2026-01-19,1919.89,1946.49,1946.69,1917.45,1.35,25.97,30747817,35641686319.0,1.52,2.84
2026-01-20,1948.39,1943.39,1957.23,1932.82,-0.16,-3.1,34283847,39122037873.0,1.25,3.17
2026-01-21,1934.78,1949.69,1950.7,1921.97,0.32,6.3,30867688,35820102425.0,1.48,2.85
2026-01-22,1950.23,1955.81,1958.32,1941.08,0.31,6.12,26989027,30734830254.0,0.88,2.49
2026-01-23,1960.58,1975.2,1975.21,1955.01,0.99,19.39,30200027,37140728910.0,1.03,2.79
2026-01-26,1976.81,1955.73,1977.76,1942.33,-0.99,-19.47,34235356,41160341013.0,1.79,3.16
2026-01-27,1950.49,1935.63,1950.49,1903.56,-1.03,-20.1,29034354,34048994802.0,2.4,2.68
2026-01-28,1930.75,1905.83,1934.2,1902.88,-1.54,-29.8,25907408,31310701447.0,1.62,2.39
2026-01-29,1899.53,1913.25,1930.07,1884.28,0.39,7.42,32923554,39430671674.0,2.4,3.04
2026-01-30,1904.34,1904.02,1916.09,1887.17,-0.48,-9.23,28784623,31879454114.0,1.51,2.66
2026-02-02,1896.4,1877.08,1916.65,1876.52,-1.41,-26.94,31011598,32097267233.0,2.11,2.87
2026-02-03,1889.64,1904.62,1904.7,1879.99,1.47,27.54,25115267,27551589084.0,1.32,2.32
2026-02-04,1902.71,1914.81,1914.81,1898.15,0.54,10.19,24706376,27138065743.0,0.87,2.28
2026-02-05,1909.0,1928.11,1938.3,1907.55,0.69,13.3,26218373,32080775096.0,1.61,2.42
2026-02-06,1924.74,1927.1,1942.28,1916.25,-0.05,-1.01,25056235,30884006188.0,1.35,2.32
2026-02-09,1943.18,1951.42,1951.42,1935.8,1.26,24.32,25210297,30331961811.0,0.81,2.33
2026-02-10,1956.97,1961.77,1967.19,1947.73,0.53,10.35,27610506,30105670817.0,1.0,2.55
2026-02-11,1962.23,1952.39,1964.7,1951.81,-0.48,-9.38,23903453,29037899547.0,0.66,2.21
2026-02-12,1952.52,1925.47,1952.52,1925.39,-1.38,-26.92,23491152,26585262231.0,1.39,2.17
2026-02-13,1927.76,1913.2,1936.06,1912.42,-0.64,-12.27,19011869,22857802630.0,1.23,1.76
2026-02-24,1925.15,1925.89,1929.62,1914.34,0.66,12.69,20714674,25319831246.0,0.8,1.91
2026-02-25,1930.01,1948.14,1950.03,1930.01,1.16,22.25,24693015,27824546888.0,1.04,2.28
2026-02-26,1950.71,1937.09,1950.71,1931.72,-0.57,-11.05,23918454,25980726490.0,0.97,2.21
2026-02-27,1934.98,1947.73,1947.73,1931.17,0.55,10.64,20808650,23399930842.0,0.85,1.92
2026-03-02,1923.2,1896.18,1930.72,1883.48,-2.65,-51.55,28108648,32082815324.0,2.43,2.6
2026-03-03,1899.89,1847.56,1910.8,1845.48,-2.56,-48.62,28123646,31975189231.0,3.44,2.6
2026-03-04,1832.06,1829.58,1851.1,1817.42,-0.97,-17.98,22309929,24118505100.0,1.82,2.06
2026-03-05,1855.16,1845.34,1860.48,1838.54,0.86,15.76,22588966,24671471416.0,1.2,2.09
2026-03-06,1840.71,1885.74,1885.91,1837.29,2.19,40.4,22683895,26287702572.0,2.63,2.1
2026-03-09,1863.68,1862.65,1867.93,1836.42,-1.22,-23.09,24191000,29012432495.0,1.67,2.24
2026-03-10,1874.0,1899.51,1899.51,1874.0,1.98,36.86,19517679,24538057007.0,1.37,1.8
2026-03-11,1904.26,1900.71,1905.12,1894.26,0.06,1.2,20399406,26570774465.0,0.57,1.89
2026-03-12,1898.67,1882.8,1900.13,1878.58,-0.94,-17.91,22275653,25884775136.0,1.13,2.06
2026-03-13,1876.65,1878.34,1895.71,1872.2,-0.24,-4.46,23789007,27799686713.0,1.25,2.2
2026-03-16,1875.08,1885.16,1890.29,1872.47,0.36,6.82,20863587,25672720914.0,0.95,1.93
2026-03-17,1890.45,1863.22,1897.67,1862.71,-1.16,-21.94,23755809,25601031869.0,1.85,2.2
2026-03-18,1865.95,1877.77,1878.48,1853.96,0.78,14.55,21796667,23114006003.0,1.32,2.01
2026-03-19,1863.04,1831.74,1866.39,1825.15,-2.45,-46.03,21583342,22614623756.0,2.2,1.99
2026-03-20,1835.07,1785.74,1844.58,1785.74,-2.51,-46.0,21964277,22554741223.0,3.21,2.03
2026-03-23,1758.58,1689.2,1758.74,1679.73,-5.41,-96.54,30371441,29317943815.0,4.42,2.81
2026-03-24,1722.27,1753.31,1753.31,1699.4,3.8,64.11,25376422,23784202200.0,3.19,2.35
2026-03-25,1761.5,1785.68,1786.18,1761.5,1.85,32.37,21336559,22311211988.0,1.41,1.97
2026-03-26,1787.22,1763.16,1801.84,1756.89,-1.26,-22.52,24211552,22530518701.0,2.52,2.24
2026-03-27,1747.79,1795.22,1795.64,1746.32,1.82,32.06,23579759,22766802058.0,2.8,2.18
2026-03-30,1777.88,1810.07,1810.13,1777.07,0.83,14.85,21940713,22715035117.0,1.84,2.03
2026-03-31,1811.64,1791.33,1827.23,1790.42,-1.04,-18.74,21333541,21219649225.0,2.03,1.97
2026-04-01,1817.32,1831.28,1831.33,1799.88,2.23,39.95,23848304,25620688527.0,1.76,2.2
2026-04-02,1829.56,1814.53,1830.11,1804.37,-0.91,-16.75,23751715,25488271493.0,1.41,2.2
2026-04-03,1812.43,1762.77,1813.12,1761.89,-2.85,-51.76,20783145,21677893422.0,2.82,1.92
2026-04-07,1765.57,1786.81,1791.14,1755.31,1.36,24.04,19749721,20951292610.0,2.03,1.83
2026-04-08,1813.74,1836.72,1836.72,1811.73,2.79,49.91,25518122,26927145820.0,1.4,2.36
2026-04-09,1828.52,1803.09,1832.94,1800.12,-1.83,-33.63,21734148,22715395142.0,1.79,2.01
2026-04-10,1811.09,1815.42,1832.37,1808.31,0.68,12.33,20506638,22627344512.0,1.33,1.9
2026-04-13,1809.63,1814.97,1816.81,1802.5,-0.02,-0.45,21545767,22208575921.0,0.79,1.99
2026-04-14,1824.61,1826.92,1826.92,1805.09,0.66,11.95,23131675,23149301537.0,1.2,2.14
2026-04-15,1834.2,1825.8,1835.24,1820.65,-0.06,-1.12,23891187,26636285536.0,0.8,2.21
2026-04-16,1827.72,1847.27,1849.29,1818.56,1.18,21.47,24859668,25643978781.0,1.68,2.3
2026-04-17,1842.72,1836.59,1842.72,1824.99,-0.58,-10.68,21866320,23977988237.0,0.96,2.02
2026-04-20,1833.8,1850.83,1851.28,1831.71,0.78,14.24,21549376,25037907517.0,1.07,1.99
2026-04-21,1848.79,1847.28,1855.51,1837.87,-0.19,-3.55,21461129,24252317703.0,0.95,1.98
2026-04-22,1842.93,1845.78,1846.25,1831.02,-0.08,-1.5,20412598,22046982841.0,0.82,1.89
2026-04-23,1842.9,1826.67,1842.95,1821.1,-1.04,-19.11,22231838,24497930357.0,1.18,2.05
2026-04-24,1819.24,1825.19,1833.99,1805.68,-0.08,-1.48,22145594,23664005033.0,1.55,2.05
2026-04-27,1824.4,1841.33,1843.25,1811.7,0.88,16.14,26230033,26663209272.0,1.73,2.42
2026-04-28,1836.32,1823.86,1843.56,1813.42,-0.95,-17.47,23169664,25691733462.0,1.64,2.14
2026-04-29,1817.06,1845.13,1851.07,1816.77,1.17,21.27,27464911,29178486950.0,1.88,2.54
2026-04-30,1848.04,1857.91,1863.31,1848.04,0.69,12.78,29525184,31568859154.0,0.83,2.73
2026-05-06,1860.47,1864.36,1868.21,1856.81,0.35,6.45,28029953,30306628324.0,0.61,2.59
2026-05-07,1864.74,1865.46,1868.42,1858.83,0.06,1.1,29125248,29274610124.0,0.51,2.69
2026-05-08,1866.11,1887.08,1889.05,1866.05,1.16,21.62,28764567,30462046855.0,1.23,2.66
2026-05-11,1888.12,1900.1,1900.63,1880.5,0.69,13.02,33779413,35864538948.0,1.07,3.12
2026-05-12,1896.7,1865.46,1896.7,1860.48,-1.82,-34.64,27918301,28988885922.0,1.91,2.58
2026-05-13,1865.48,1865.62,1869.72,1858.41,0.01,0.16,24655437,25500807433.0,0.61,2.28
2026-05-14,1868.07,1836.2,1869.86,1836.2,-1.58,-29.42,27316924,26646524282.0,1.8,2.52
2026-05-15,1836.09,1826.03,1843.02,1814.77,-0.55,-10.17,23650135,25220408037.0,1.54,2.19
2026-05-18,1823.47,1817.16,1823.47,1801.67,-0.49,-8.87,21657210,22297241758.0,1.19,2.0
2026-05-19,1817.23,1825.0,1831.91,1807.91,0.43,7.84,21166726,22565618896.0,1.32,1.96
2026-05-20,1818.65,1799.23,1818.65,1789.22,-1.41,-25.77,21068040,22461902123.0,1.61,1.95
2026-05-21,1799.83,1754.96,1813.32,1753.02,-2.46,-44.27,23461997,24287983993.0,3.35,2.17
2026-05-22,1762.46,1764.27,1772.13,1743.66,0.53,9.31,19097898,20193315810.0,1.62,1.77
2026-05-25,1766.81,1747.09,1776.27,1732.58,-0.97,-17.18,19285683,20949941342.0,2.48,1.78
2026-05-26,1743.65,1723.17,1743.65,1704.4,-1.37,-23.92,18442719,19612777517.0,2.25,1.7
2026-05-27,1723.16,1695.52,1723.58,1680.58,-1.6,-27.65,19311403,19386219623.0,2.5,1.78
2026-05-28,1693.39,1696.82,1706.11,1672.88,0.08,1.3,18251510,18507064916.0,1.96,1.69
2026-05-29,1700.38,1695.25,1710.77,1688.4,-0.09,-1.57,24205433,23925759753.0,1.32,2.24
2026-06-01,1690.03,1729.63,1734.85,1686.56,2.03,34.38,22870482,22620757190.0,2.85,2.11
2026-06-02,1726.96,1696.62,1728.0,1686.15,-1.91,-33.01,19963116,19846735181.0,2.42,1.85
2026-06-03,1695.82,1675.41,1695.82,1665.49,-1.25,-21.21,18701066,19352105179.0,1.79,1.73
2026-06-04,1668.44,1649.74,1676.94,1637.09,-1.53,-25.67,19143280,18382056759.0,2.38,1.77
2026-06-05,1651.11,1658.61,1673.75,1640.93,0.54,8.87,20661530,20524781380.0,1.99,1.91
2026-06-08,1629.85,1617.95,1659.25,1599.07,-2.45,-40.66,20790143,20264650711.0,3.63,1.92
2026-06-09,1624.78,1623.69,1632.66,1605.06,0.35,5.74,18043037,17536304040.0,1.71,1.67
2026-06-10,1616.57,1612.43,1625.28,1593.56,-0.69,-11.26,18779347,17422105696.0,1.95,1.74
2026-06-11,1602.5,1590.21,1607.91,1571.07,-1.38,-22.22,17492825,16683595433.0,2.28,1.62
2026-06-12,1600.59,1617.18,1622.84,1586.57,1.7,26.97,20741564,21878966560.0,2.28,1.92
2026-06-15,1621.75,1628.32,1642.54,1615.69,0.69,11.14,20298579,21368409064.0,1.66,1.88
2026-06-16,1625.5,1620.84,1625.5,1599.58,-0.46,-7.48,19061992,19041753908.0,1.59,1.76
2026-06-17,1616.69,1595.7,1616.73,1590.29,-1.55,-25.14,20171000,18410750248.0,1.63,1.86
2026-06-18,1589.93,1586.74,1601.33,1572.47,-0.56,-8.96,19293160,18760963955.0,1.81,1.78
2026-06-22,1581.41,1581.23,1582.21,1535.06,-0.35,-5.51,22706833,22463861677.0,2.97,2.1
2026-06-23,1577.44,1602.83,1623.97,1576.4,1.37,21.6,22028633,20813362178.0,3.01,2.04
2026-06-24,1603.8,1566.18,1604.56,1561.17,-2.29,-36.65,22662914,25470950210.0,2.71,2.09
2026-06-25,1561.12,1532.54,1561.12,1521.46,-2.15,-33.64,23476660,26542814416.0,2.53,2.17
2026-06-26,1526.59,1490.83,1526.59,1490.83,-2.72,-41.71,22556262,22147914452.0,2.33,2.08
2026-06-30,1509.17,1499.46,1520.97,1484.91,-0.89,0,21892769.0,20970483444.0,0,0
2026-07-01,1498.89,1550.69,1556.13,1493.56,3.42,0,24676272.0,26122823704.0,0,0
2026-07-02,1551.15,1567.61,1590.39,1550.81,1.09,0,23862001.0,25329937462.0,0,0
2026-07-03,0.00,1590.83,0.00,0.00,1.48,0,0,0,0,0
