日期,开盘,收盘,最高,最低,涨跌幅,涨跌额,成交量,成交额,振幅,换手率
2021-02-05,1012.41,970.44,1027.05,970.03,-2.96,-29.56,7549791,4958169344.0,5.7,2.38
2021-02-08,956.74,946.46,961.61,941.17,-2.47,-23.98,5456024,3447484944.0,2.11,1.72
2021-02-09,948.35,958.32,963.19,942.92,1.25,11.86,4892091,3106011888.0,2.14,1.54
2021-02-10,958.89,956.88,968.51,954.06,-0.15,-1.44,4379464,2896103456.0,1.51,1.38
2021-02-18,977.44,987.24,995.44,977.07,3.17,30.36,5551845,3487491920.0,1.92,1.75
2021-02-19,987.34,1028.05,1028.54,981.37,4.13,40.81,7217088,4240150016.0,4.78,2.28
2021-02-22,1027.4,1030.05,1055.62,1026.92,0.19,2.0,8192392,5137453824.0,2.79,2.59
2021-02-23,1024.74,1010.05,1028.22,1006.63,-1.94,-20.0,5419176,3456011168.0,2.1,1.71
2021-02-24,1007.45,1016.98,1024.04,1006.9,0.69,6.93,5921670,3688621040.0,1.7,1.87
2021-02-25,1020.45,1003.82,1022.84,1002.43,-1.29,-13.16,4968164,3173790784.0,2.01,1.57
2021-02-26,989.94,999.9,1010.03,987.57,-0.39,-3.92,4461931,2712842656.0,2.24,1.41
2021-03-01,1006.58,1029.83,1029.83,1006.58,2.99,29.93,5608020,3605843824.0,2.33,1.77
2021-03-02,1032.36,1017.95,1033.65,1011.7,-1.15,-11.88,4627374,3384763152.0,2.13,1.46
2021-03-03,1016.75,1027.23,1027.72,1011.33,0.91,9.28,4084328,2802356304.0,1.61,1.29
2021-03-04,1021.14,1016.72,1025.5,1015.11,-1.02,-10.51,4313475,2980023248.0,1.01,1.36
2021-03-05,1013.24,1043.9,1047.97,1013.15,2.67,27.18,5285763,3616028576.0,3.42,1.67
2021-03-08,1046.31,1032.25,1057.04,1031.9,-1.12,-11.65,5482646,4106770720.0,2.41,1.73
2021-03-09,1030.03,1010.38,1031.9,987.87,-2.12,-21.87,5569153,3766207200.0,4.27,1.76
2021-03-10,1019.15,984.83,1021.27,982.34,-2.53,-25.55,4156606,2805015392.0,3.85,1.31
2021-03-11,980.9,998.22,999.62,971.59,1.36,13.39,3815355,2576611712.0,2.85,1.2
2021-03-12,998.24,987.06,998.69,984.14,-1.12,-11.16,3477937,2337166672.0,1.46,1.1
2021-03-15,985.13,982.41,991.43,977.09,-0.47,-4.65,3093952,2264156224.0,1.45,0.98
2021-03-16,982.56,997.27,998.16,981.81,1.51,14.86,3339049,2482865456.0,1.66,1.05
2021-03-17,995.22,998.6,999.74,992.01,0.13,1.33,3112676,2335865360.0,0.78,0.98
2021-03-18,998.37,993.35,1000.07,989.24,-0.53,-5.25,3600743,2577495168.0,1.08,1.14
2021-03-19,987.03,986.66,998.19,984.4,-0.67,-6.69,3426808,2688772304.0,1.39,1.08
2021-03-22,986.74,1004.1,1004.49,986.48,1.77,17.44,3275202,2625976880.0,1.83,1.03
2021-03-23,1005.3,997.57,1011.34,992.86,-0.65,-6.53,3813995,2755470208.0,1.84,1.2
2021-03-24,998.69,1003.05,1010.88,996.75,0.55,5.48,5022477,3504100384.0,1.42,1.58
2021-03-25,993.13,1001.65,1012.54,991.31,-0.14,-1.4,4999008,3209671680.0,2.12,1.58
2021-03-26,999.2,1006.35,1008.34,997.63,0.47,4.7,4559399,3272187840.0,1.07,1.44
2021-03-29,1004.95,998.93,1006.48,996.9,-0.74,-7.42,4183596,2987143984.0,0.95,1.32
2021-03-30,997.58,980.03,999.04,976.37,-1.89,-18.9,4071454,2661862000.0,2.27,1.28
2021-03-31,978.32,978.97,983.55,972.59,-0.11,-1.06,2715938,1898190960.0,1.12,0.86
2021-04-01,981.09,983.5,988.09,974.74,0.46,4.53,2690626,1975612784.0,1.36,0.85
2021-04-02,983.18,999.56,1007.22,981.06,1.63,16.06,3852543,2954375008.0,2.66,1.22
2021-04-06,1001.55,1007.07,1011.72,998.6,0.75,7.51,3357042,2844266384.0,1.31,1.06
2021-04-07,1004.99,1012.54,1012.57,1003.65,0.54,5.47,3642741,2753053024.0,0.89,1.15
2021-04-08,1012.03,997.61,1012.16,997.51,-1.47,-14.93,3038319,2435845088.0,1.45,0.96
2021-04-09,997.23,1017.54,1020.63,993.01,2.0,19.93,4711564,3332282928.0,2.77,1.49
2021-04-12,1021.29,997.26,1021.29,997.24,-1.99,-20.28,4388424,3488354256.0,2.36,1.38
2021-04-13,995.28,992.02,999.26,984.9,-0.53,-5.24,3665068,2583854624.0,1.44,1.16
2021-04-14,989.53,1016.76,1020.63,984.06,2.49,24.74,4500798,3303105616.0,3.69,1.42
2021-04-15,1006.04,1000.0,1006.04,998.01,-1.65,-16.76,5729558,3506580368.0,0.79,1.81
2021-04-16,999.3,1022.67,1024.25,996.12,2.27,22.67,4995841,3538560240.0,2.81,1.58
2021-04-19,1016.74,1022.56,1025.52,1015.69,-0.01,-0.11,4407778,3105729296.0,0.96,1.39
2021-04-20,1021.19,1025.94,1043.97,1018.78,0.33,3.38,5004511,3659536720.0,2.46,1.58
2021-04-21,1021.15,1015.12,1022.51,1012.98,-1.05,-10.82,4519734,2880282320.0,0.93,1.43
2021-04-22,1014.54,1018.6,1022.23,1013.02,0.34,3.48,5915410,3356756752.0,0.91,1.87
2021-04-23,1018.0,1003.08,1018.0,997.9,-1.52,-15.52,5262265,3135025184.0,1.97,1.66
2021-04-26,997.16,989.16,1004.88,989.15,-1.39,-13.92,4023510,2803780096.0,1.57,1.27
2021-04-27,986.16,976.67,991.77,969.89,-1.26,-12.49,3678177,2588035296.0,2.21,1.16
2021-04-28,973.2,974.67,980.74,972.06,-0.2,-2.0,2864900,2017848080.0,0.89,0.9
2021-04-29,973.42,981.35,984.01,971.93,0.69,6.68,3600397,2889182736.0,1.24,1.14
2021-04-30,971.67,952.31,973.65,949.51,-2.96,-29.04,4976991,2941132000.0,2.46,1.57
2021-05-06,952.09,946.2,954.18,945.87,-0.64,-6.11,4284309,2551132416.0,0.87,1.35
2021-05-07,945.85,950.85,959.68,943.85,0.49,4.65,4288601,2598932160.0,1.67,1.35
2021-05-10,951.05,958.24,963.11,948.28,0.78,7.39,4908663,2976952784.0,1.56,1.55
2021-05-11,951.46,960.52,961.22,944.93,0.24,2.28,4104244,2526728480.0,1.7,1.3
2021-05-12,958.96,978.29,978.66,952.11,1.85,17.77,4176644,2832418000.0,2.76,1.32
2021-05-13,971.92,981.32,991.35,970.61,0.31,3.03,5142034,3430240608.0,2.12,1.62
2021-05-14,985.13,989.8,992.1,983.61,0.86,8.48,4727766,3565074464.0,0.87,1.49
2021-05-17,983.96,958.64,983.96,958.19,-3.15,-31.16,4708469,3378431984.0,2.6,1.49
2021-05-18,957.23,964.43,964.99,955.04,0.6,5.79,3558727,3115573968.0,1.04,1.12
2021-05-19,961.61,959.25,961.87,955.83,-0.54,-5.18,3304787,2710830368.0,0.63,1.04
2021-05-20,955.89,961.73,964.53,951.52,0.26,2.48,3969360,3237960752.0,1.36,1.25
2021-05-21,962.64,974.17,978.51,962.64,1.29,12.44,3900585,3122464352.0,1.65,1.23
2021-05-24,970.02,978.57,982.1,967.92,0.45,4.4,3718794,2921833792.0,1.46,1.17
2021-05-25,979.97,981.43,982.62,972.8,0.29,2.86,3566661,2770085680.0,1.0,1.13
2021-05-26,981.28,988.48,989.83,979.53,0.72,7.05,4654361,3295682944.0,1.05,1.47
2021-05-27,990.89,992.91,999.0,990.45,0.45,4.43,5661164,3507538176.0,0.86,1.79
2021-05-28,992.53,980.78,993.25,977.33,-1.22,-12.13,4362097,3068725936.0,1.6,1.38
2021-05-31,981.66,995.15,995.31,974.63,1.47,14.37,4172951,3381683056.0,2.11,1.32
2021-06-01,996.0,1015.45,1015.45,990.63,2.04,20.3,5973277,4703771392.0,2.49,1.88
2021-06-02,1015.39,991.03,1015.39,989.86,-2.4,-24.42,4534789,3588983696.0,2.51,1.43
2021-06-03,991.4,987.92,1001.99,986.63,-0.31,-3.11,3966122,2938861952.0,1.55,1.25
2021-06-04,987.02,982.79,991.25,980.06,-0.52,-5.13,3254952,2308422672.0,1.13,1.03
2021-06-07,980.33,988.81,988.81,978.68,0.61,6.02,3755653,2696626016.0,1.03,1.19
2021-06-08,988.25,991.76,994.63,982.86,0.3,2.95,4129258,2875361328.0,1.19,1.3
2021-06-09,994.19,994.02,999.15,988.88,0.23,2.26,4918340,2748425088.0,1.04,1.55
2021-06-10,1013.08,1019.32,1027.19,1011.02,2.55,25.3,7869283,5820368896.0,1.63,2.48
2021-06-11,1021.42,1016.6,1029.19,1015.37,-0.27,-2.72,8131554,5439554560.0,1.36,2.57
2021-06-15,1016.75,1003.39,1017.39,1000.72,-1.3,-13.21,5462733,3698982896.0,1.64,1.72
2021-06-16,1007.75,1004.91,1015.31,1002.22,0.15,1.52,5186994,3585513344.0,1.3,1.64
2021-06-17,1006.98,1001.87,1007.54,994.17,-0.3,-3.04,5652435,4006968192.0,1.33,1.78
2021-06-18,998.22,1001.28,1001.28,992.04,-0.06,-0.59,5062311,3286694528.0,0.92,1.6
2021-06-21,993.79,1010.75,1011.39,990.85,0.95,9.47,4792214,3438796320.0,2.05,1.51
2021-06-22,1009.97,1008.55,1015.29,1002.93,-0.22,-2.2,4726073,3262287376.0,1.22,1.49
2021-06-23,1006.89,1006.87,1009.56,1000.49,-0.17,-1.68,4269768,2941460864.0,0.9,1.35
2021-06-24,1006.44,991.58,1006.44,990.24,-1.52,-15.29,4542747,2762393808.0,1.61,1.43
2021-06-25,991.13,995.61,995.9,986.24,0.41,4.03,3631799,2280156016.0,0.97,1.15
2021-06-28,994.82,995.76,997.2,993.0,0.02,0.15,3156859,2131391056.0,0.42,1.0
2021-06-29,996.9,981.51,996.97,981.42,-1.43,-14.25,3420185,2391741024.0,1.56,1.08
2021-06-30,979.66,987.54,988.17,979.66,0.61,6.03,2837565,2076075872.0,0.87,0.9
2021-07-01,984.23,968.09,985.24,968.09,-1.97,-19.45,3480916,2735243392.0,1.74,1.1
2021-07-02,965.98,959.91,967.36,957.26,-0.84,-8.18,3196764,2481163584.0,1.04,1.01
2021-07-05,959.73,975.21,975.99,959.73,1.59,15.3,3321374,2329205168.0,1.69,1.05
2021-07-06,975.21,973.98,975.29,964.65,-0.13,-1.23,3137728,2228682976.0,1.09,0.99
2021-07-07,971.24,975.85,976.37,968.67,0.19,1.87,2931488,2288882896.0,0.79,0.93
2021-07-08,976.54,976.2,979.07,969.69,0.04,0.35,3653047,3047309472.0,0.96,1.15
2021-07-09,970.97,977.51,978.62,967.24,0.13,1.31,4064448,2667844064.0,1.17,1.28
2021-07-12,978.94,993.81,996.45,978.94,1.67,16.3,5286659,3976851056.0,1.79,1.67
2021-07-13,997.07,1006.77,1008.63,995.06,1.3,12.96,7549194,4544049408.0,1.37,2.38
2021-07-14,1003.61,995.33,1003.97,995.33,-1.14,-11.44,5690259,3818031392.0,0.86,1.8
2021-07-15,993.24,984.25,994.41,974.53,-1.11,-11.08,5357928,3573332608.0,2.0,1.69
2021-07-16,984.61,983.87,989.96,981.94,-0.04,-0.38,3516096,2946539696.0,0.81,1.11
2021-07-19,981.29,970.65,981.29,964.78,-1.34,-13.22,3775227,2800650368.0,1.68,1.19
2021-07-20,963.96,973.31,973.48,962.18,0.27,2.66,2871378,2238546160.0,1.16,0.91
2021-07-21,973.64,974.47,980.54,972.69,0.12,1.16,4128873,2588989392.0,0.81,1.3
2021-07-22,975.57,978.03,983.26,972.46,0.37,3.56,5639802,2969480192.0,1.11,1.78
2021-07-23,977.11,957.34,978.4,955.16,-2.12,-20.69,5036317,3252558144.0,2.38,1.59
2021-07-26,951.39,925.46,953.08,917.96,-3.33,-31.88,4998866,3319651792.0,3.67,1.58
2021-07-27,925.5,909.01,933.65,909.01,-1.78,-16.45,4696631,2772455392.0,2.66,1.48
2021-07-28,907.09,884.64,908.66,875.33,-2.68,-24.37,4589335,2543475248.0,3.67,1.45
2021-07-29,891.56,899.45,903.23,891.56,1.67,14.81,3266515,1924231536.0,1.32,1.03
2021-07-30,897.2,902.57,906.59,893.54,0.35,3.12,3499588,2244905120.0,1.45,1.1
2021-08-02,900.61,918.0,918.02,895.08,1.71,15.43,3677968,2272587408.0,2.54,1.16
2021-08-03,915.08,916.58,924.6,913.1,-0.15,-1.42,3815558,2449462576.0,1.25,1.2
2021-08-04,917.31,915.65,920.7,912.49,-0.1,-0.93,3471713,2210492320.0,0.9,1.1
2021-08-05,911.31,898.61,911.31,897.38,-1.86,-17.04,3436673,2178657040.0,1.52,1.08
2021-08-06,897.45,894.78,899.28,889.4,-0.43,-3.83,3213598,1906643184.0,1.1,1.01
2021-08-09,893.32,912.32,912.32,893.31,1.96,17.54,3635558,2144011552.0,2.12,1.15
2021-08-10,912.2,922.11,922.11,908.03,1.07,9.79,3158869,2024950608.0,1.54,1.0
2021-08-11,921.38,924.76,925.23,917.66,0.29,2.65,3749805,2235502032.0,0.82,1.18
2021-08-12,922.8,923.7,930.6,921.87,-0.11,-1.06,3622270,2120635200.0,0.94,1.14
2021-08-13,923.24,917.22,923.53,910.87,-0.7,-6.48,3016591,1813724432.0,1.37,0.95
2021-08-16,917.21,926.99,928.8,915.16,1.07,9.77,3331797,2462770912.0,1.49,1.05
2021-08-17,928.14,909.87,928.79,907.62,-1.85,-17.12,4074028,2736603312.0,2.28,1.29
2021-08-18,911.53,923.7,923.7,908.61,1.52,13.83,3621137,2511720640.0,1.66,1.14
2021-08-19,925.22,924.1,935.16,924.0,0.04,0.4,5278168,2771282544.0,1.21,1.67
2021-08-20,920.41,922.1,922.1,908.55,-0.22,-2.0,4746008,2879643264.0,1.47,1.5
2021-08-23,921.3,939.0,939.81,921.3,1.83,16.9,4165636,2988810352.0,2.01,1.31
2021-08-24,935.85,931.14,936.74,926.92,-0.84,-7.86,4011312,2901145152.0,1.05,1.27
2021-08-25,932.37,936.41,940.47,930.85,0.57,5.27,3613277,2581396560.0,1.03,1.14
2021-08-26,934.19,925.65,934.61,924.11,-1.15,-10.76,3969133,2362470736.0,1.12,1.25
2021-08-27,924.33,932.07,932.45,920.58,0.69,6.42,5624039,2920430288.0,1.28,1.77
2021-08-30,933.7,932.61,939.79,930.36,0.06,0.54,4829142,2870391216.0,1.01,1.52
2021-08-31,930.02,924.27,932.21,917.88,-0.89,-8.34,4340011,2405319904.0,1.54,1.37
2021-09-01,925.79,938.03,938.03,918.67,1.49,13.76,8100713,3751117776.0,2.09,2.56
2021-09-02,936.68,941.26,942.46,929.53,0.34,3.23,5904039,3166522896.0,1.38,1.86
2021-09-03,944.88,954.7,958.54,944.88,1.43,13.44,7816023,3795902432.0,1.45,2.47
2021-09-06,953.24,961.63,963.51,952.34,0.73,6.93,5401008,3009609968.0,1.17,1.7
2021-09-07,961.31,974.83,975.7,959.54,1.37,13.2,7201205,3983159536.0,1.68,2.27
2021-09-08,977.77,1009.57,1009.57,977.77,3.56,34.74,11110802,5834377984.0,3.26,3.51
2021-09-09,1002.68,994.73,1005.78,993.17,-1.47,-14.84,12818949,6450364160.0,1.25,4.05
2021-09-10,993.04,988.89,1001.52,985.68,-0.59,-5.84,10546926,5332298240.0,1.59,3.33
2021-09-13,987.39,1007.53,1009.2,983.23,1.88,18.64,12936503,6691584768.0,2.63,4.08
2021-09-14,1007.18,984.83,1013.32,982.13,-2.25,-22.7,11463233,6523718912.0,3.1,3.62
2021-09-15,981.94,989.39,994.45,978.96,0.46,4.56,8197735,4613663232.0,1.57,2.59
2021-09-16,989.86,975.24,1002.41,974.82,-1.43,-14.15,8494258,4674495744.0,2.79,2.68
2021-09-17,973.47,957.67,975.41,947.27,-1.8,-17.57,8202545,4007054240.0,2.89,2.59
2021-09-22,954.36,957.74,957.74,948.41,0.01,0.07,5989599,3192268176.0,0.97,1.89
2021-09-23,963.52,964.97,977.16,963.52,0.75,7.23,6150774,3290070768.0,1.42,1.94
2021-09-24,965.48,952.93,968.39,951.78,-1.25,-12.04,6446268,3579414528.0,1.72,2.03
2021-09-27,953.54,923.79,954.4,916.76,-3.06,-29.14,7350381,3612714096.0,3.95,2.32
2021-09-28,920.65,921.79,923.68,915.74,-0.22,-2.0,4040461,2230771168.0,0.86,1.27
2021-09-29,915.65,892.01,915.65,892.01,-3.23,-29.78,5164845,2758058544.0,2.56,1.63
2021-09-30,895.02,912.39,914.3,894.84,2.28,20.38,4369110,2228727712.0,2.18,1.38
2021-10-08,920.34,939.27,939.27,920.34,2.95,26.88,5619598,2802599952.0,2.07,1.77
2021-10-11,940.92,941.38,946.22,934.51,0.22,2.11,5060518,2751715072.0,1.25,1.6
2021-10-12,939.37,925.32,939.37,919.12,-1.71,-16.06,4367730,2309792816.0,2.15,1.38
2021-10-13,926.49,923.61,932.62,917.12,-0.18,-1.71,3756839,1994765600.0,1.68,1.19
2021-10-14,924.02,933.14,934.52,919.64,1.03,9.53,3657535,1970869200.0,1.61,1.15
2021-10-15,931.0,920.29,931.0,919.75,-1.38,-12.85,5547069,2572837472.0,1.21,1.75
2021-10-18,920.07,926.58,928.21,914.48,0.68,6.29,6159002,2881949040.0,1.49,1.94
2021-10-19,924.77,921.57,926.74,920.19,-0.54,-5.01,5037543,2453693168.0,0.71,1.59
2021-10-20,921.58,919.18,924.9,917.08,-0.26,-2.39,5249515,2628368544.0,0.85,1.66
2021-10-21,917.55,907.91,918.24,905.79,-1.23,-11.27,4557959,2559448944.0,1.35,1.44
2021-10-22,909.38,920.29,926.66,909.14,1.36,12.38,7383186,4275200384.0,1.93,2.33
2021-10-25,917.09,909.61,917.15,905.88,-1.16,-10.68,6125131,3385974224.0,1.22,1.93
2021-10-26,907.65,897.43,908.52,894.99,-1.34,-12.18,5183635,2701447680.0,1.49,1.64
2021-10-27,898.22,873.13,898.22,866.68,-2.71,-24.3,5729708,3458849728.0,3.51,1.81
2021-10-28,871.77,881.03,887.67,863.17,0.9,7.9,5002799,3204353408.0,2.81,1.58
2021-10-29,879.32,907.06,911.66,879.32,2.95,26.03,8811276,5480633600.0,3.67,2.78
2021-11-01,910.55,922.31,928.73,908.92,1.68,15.25,11004383,6659858688.0,2.18,3.47
2021-11-02,920.98,900.34,923.51,893.91,-2.38,-21.97,8548987,5515132416.0,3.21,2.7
2021-11-03,900.55,917.17,922.78,900.55,1.87,16.83,9041095,5978662400.0,2.47,2.85
2021-11-04,917.39,936.08,936.8,913.89,2.06,18.91,9045060,6089516032.0,2.5,2.85
2021-11-05,931.87,971.6,980.1,930.68,3.79,35.52,14928794,10025364992.0,5.28,4.71
2021-11-08,969.71,983.67,988.16,966.89,1.24,12.07,14800802,10109595392.0,2.19,4.67
2021-11-09,977.28,980.85,988.1,974.57,-0.29,-2.82,10749946,7490993408.0,1.38,3.39
2021-11-10,983.06,995.53,998.16,979.52,1.5,14.68,11035368,8155347200.0,1.9,3.48
2021-11-11,991.96,1011.59,1020.13,989.39,1.61,16.06,13294163,9897704448.0,3.09,4.2
2021-11-12,1005.93,1019.61,1023.9,1005.14,0.79,8.02,12017000,9395191296.0,1.85,3.79
2021-11-15,1018.66,1041.18,1045.37,1011.44,2.12,21.57,11029831,9907961344.0,3.33,3.48
2021-11-16,1034.7,1040.68,1053.85,1034.6,-0.05,-0.5,12812855,10719653632.0,1.85,4.04
2021-11-17,1039.87,1054.67,1058.17,1038.82,1.34,13.99,9788831,8726929152.0,1.86,3.09
2021-11-18,1058.2,1029.74,1060.83,1025.88,-2.36,-24.93,12193686,10188952320.0,3.31,3.85
2021-11-19,1031.89,1042.02,1047.79,1029.99,1.19,12.28,17768591,10687937280.0,1.73,5.61
2021-11-22,1039.07,1049.42,1052.31,1035.78,0.71,7.4,14445278,10428375296.0,1.59,4.56
2021-11-23,1044.68,1057.37,1059.96,1031.23,0.76,7.95,13804641,10221520640.0,2.74,4.36
2021-11-24,1059.64,1075.5,1083.83,1051.54,1.71,18.13,16584422,12541088256.0,3.05,5.23
2021-11-25,1071.24,1047.54,1071.24,1047.09,-2.6,-27.96,15624074,10425316096.0,2.25,4.93
2021-11-26,1043.8,1033.13,1049.96,1033.12,-1.38,-14.41,11704041,8640795648.0,1.61,3.69
2021-11-29,1019.72,1024.45,1028.72,1018.47,-0.84,-8.68,8636164,6589621504.0,0.99,2.73
2021-11-30,1033.09,1037.14,1048.84,1033.09,1.24,12.69,9216453,7359368960.0,1.54,2.91
2021-12-01,1037.24,1065.06,1066.02,1037.24,2.69,27.92,9385244,8155147008.0,2.77,2.96
2021-12-02,1060.48,1031.95,1060.48,1031.95,-3.11,-33.11,8602845,7073390592.0,2.68,2.71
2021-12-03,1033.75,1033.05,1043.81,1031.44,0.11,1.1,5613044,4514596352.0,1.2,1.77
2021-12-06,1029.84,1026.58,1034.86,1018.69,-0.63,-6.47,8333632,6544775680.0,1.57,2.63
2021-12-07,1029.59,1035.03,1042.33,1027.09,0.82,8.45,9250352,7473375232.0,1.48,2.92
2021-12-08,1031.95,1055.4,1059.91,1027.1,1.97,20.37,9916002,8925520128.0,3.17,3.13
2021-12-09,1055.47,1066.59,1074.8,1055.47,1.06,11.19,10311057,9181179648.0,1.83,3.25
2021-12-10,1065.47,1082.75,1095.79,1063.27,1.52,16.16,13475685,11235021568.0,3.05,4.25
2021-12-13,1085.92,1121.76,1122.02,1085.92,3.6,39.01,15822219,14388042496.0,3.33,4.99
2021-12-14,1118.58,1129.78,1137.96,1111.73,0.71,8.02,14935287,14533045760.0,2.34,4.71
2021-12-15,1120.89,1143.52,1152.74,1118.05,1.22,13.74,15291773,13906998272.0,3.07,4.83
2021-12-16,1139.44,1164.54,1174.39,1136.96,1.84,21.02,14999888,14811690240.0,3.27,4.73
2021-12-17,1164.46,1159.34,1169.39,1138.23,-0.45,-5.2,19194030,16755105536.0,2.68,6.06
2021-12-20,1155.02,1136.62,1164.97,1135.73,-1.96,-22.72,15690439,13195594240.0,2.52,4.95
2021-12-21,1138.08,1165.89,1166.08,1138.08,2.58,29.27,13793939,11699696128.0,2.46,4.35
2021-12-22,1170.83,1190.04,1203.43,1164.92,2.07,24.15,16642150,14113237248.0,3.3,5.25
2021-12-23,1179.15,1161.85,1186.82,1159.85,-2.37,-28.19,12611628,11066860544.0,2.27,3.98
2021-12-24,1167.58,1141.14,1174.38,1138.8,-1.78,-20.71,10808763,10181715200.0,3.06,3.41
2021-12-27,1139.86,1118.55,1141.97,1107.46,-1.98,-22.59,9897237,8739095808.0,3.02,3.12
2021-12-28,1112.66,1125.71,1134.9,1112.66,0.64,7.16,9620685,8342845696.0,1.99,3.04
2021-12-29,1120.5,1108.06,1120.5,1101.53,-1.57,-17.65,8489698,7064575232.0,1.69,2.68
2021-12-30,1108.14,1151.48,1155.05,1107.73,3.92,43.42,11472920,9946067712.0,4.27,3.62
2021-12-31,1159.13,1158.41,1167.98,1146.87,0.6,6.93,12642679,11068645888.0,1.83,3.99
2022-01-04,1167.3,1211.75,1221.54,1161.95,4.6,53.34,18921459,16710673408.0,5.14,5.97
2022-01-05,1203.46,1226.88,1227.51,1201.24,1.25,15.13,18815526,16656157440.0,2.17,5.94
2022-01-06,1216.76,1215.23,1224.97,1200.66,-0.95,-11.65,13364037,11590624512.0,1.98,4.22
2022-01-07,1215.58,1170.85,1240.1,1170.85,-3.65,-44.38,13388051,11825603584.0,5.7,4.22
2022-01-10,1160.49,1182.33,1183.53,1136.61,0.98,11.48,9435439,8263924992.0,4.01,2.98
2022-01-11,1185.67,1175.69,1200.69,1172.38,-0.56,-6.64,10229442,8940550400.0,2.39,3.23
2022-01-12,1183.81,1208.14,1210.66,1178.24,2.76,32.45,8505115,7810480128.0,2.76,2.68
2022-01-13,1218.43,1206.01,1224.53,1205.45,-0.18,-2.13,10640072,9819310336.0,1.58,3.36
2022-01-14,1200.82,1222.53,1236.53,1195.91,1.37,16.52,11386984,10337874176.0,3.37,3.59
2022-01-17,1229.28,1267.01,1271.66,1229.28,3.64,44.48,13246002,11729560320.0,3.47,4.18
2022-01-18,1272.19,1223.38,1272.19,1218.44,-3.44,-43.63,13416794,11729998080.0,4.24,4.23
2022-01-19,1212.26,1245.28,1252.56,1212.26,1.79,21.9,14459841,13101490176.0,3.29,4.56
2022-01-20,1243.4,1205.74,1243.4,1197.85,-3.18,-39.54,13745519,12587127552.0,3.66,4.34
2022-01-21,1196.76,1181.82,1213.7,1177.98,-1.98,-23.92,10122800,8681060352.0,2.96,3.19
2022-01-24,1164.66,1170.56,1176.13,1160.03,-0.95,-11.26,6852150,5576611584.0,1.36,2.16
2022-01-25,1159.52,1099.92,1160.08,1098.54,-6.03,-70.64,9976168,7403440384.0,5.26,3.15
2022-01-26,1099.45,1096.15,1117.05,1084.57,-0.34,-3.77,7270136,5863900416.0,2.95,2.29
2022-01-27,1089.37,1039.36,1089.84,1038.53,-5.18,-56.79,7319016,5358924800.0,4.68,2.31
2022-01-28,1046.78,1056.76,1070.45,1035.83,1.67,17.4,6714480,4731572736.0,3.33,2.12
2022-02-07,1065.55,1062.89,1072.55,1047.51,0.58,6.13,8734128,5997167360.0,2.37,2.76
2022-02-08,1060.28,1082.94,1083.24,1052.81,1.89,20.05,7449651,5146982144.0,2.86,2.35
2022-02-09,1088.39,1117.78,1117.78,1082.98,3.22,34.84,8584369,6367714048.0,3.21,2.71
2022-02-10,1118.33,1133.41,1134.39,1113.06,1.4,15.63,8090975,6221735168.0,1.91,2.55
2022-02-11,1139.68,1106.52,1147.85,1104.77,-2.37,-26.89,9702632,7620305152.0,3.8,3.06
2022-02-14,1094.38,1120.68,1124.19,1091.25,1.28,14.16,7218046,6449563136.0,2.98,2.28
2022-02-15,1121.02,1120.48,1130.1,1110.94,-0.02,-0.2,8258515,6500055808.0,1.71,2.61
2022-02-16,1125.92,1130.32,1137.01,1119.56,0.88,9.84,7954015,6773469184.0,1.56,2.51
2022-02-17,1121.24,1102.82,1122.02,1100.06,-2.43,-27.5,8583126,6728317696.0,1.94,2.71
2022-02-18,1098.58,1113.79,1114.68,1097.25,0.99,10.97,6639391,5239785728.0,1.58,2.1
2022-02-21,1123.02,1148.55,1151.14,1123.02,3.12,34.76,7612580,5917399808.0,2.52,2.4
2022-02-22,1148.19,1130.34,1148.19,1124.29,-1.59,-18.21,8425976,7096665088.0,2.08,2.66
2022-02-23,1142.23,1143.07,1150.55,1135.2,1.13,12.73,7430569,8736665088.0,1.36,2.34
2022-02-24,1133.55,1087.84,1138.63,1067.12,-4.83,-55.23,11537860,9674680064.0,6.26,3.64
2022-02-25,1095.02,1093.06,1105.73,1090.47,0.48,5.22,6641919,5766712576.0,1.4,2.1
2022-02-28,1089.12,1092.02,1093.07,1067.78,-0.1,-1.04,5609275,5093929216.0,2.31,1.77
2022-03-01,1092.4,1102.97,1106.27,1088.78,1.0,10.95,5673788,5679841792.0,1.6,1.79
2022-03-02,1094.28,1108.76,1110.72,1091.3,0.52,5.79,5253981,5215013120.0,1.76,1.66
2022-03-03,1114.39,1097.36,1115.96,1092.75,-1.03,-11.4,6273507,5245714432.0,2.09,1.98
2022-03-04,1091.46,1097.94,1108.52,1082.01,0.05,0.58,9763333,8113406208.0,2.42,3.08
2022-03-07,1090.0,1092.32,1101.04,1083.29,-0.51,-5.62,8513952,6890183424.0,1.62,2.69
2022-03-08,1087.6,1051.72,1092.7,1050.8,-3.72,-40.6,9084633,6784981504.0,3.84,2.87
2022-03-09,1046.66,1037.97,1053.42,987.39,-1.31,-13.75,9498141,7138731520.0,6.28,3.0
2022-03-10,1053.54,1049.1,1070.81,1047.55,1.07,11.13,8086603,6622215168.0,2.24,2.55
2022-03-11,1030.54,1057.39,1059.98,1019.52,0.79,8.29,6915894,5256478464.0,3.86,2.18
2022-03-14,1049.39,1040.88,1062.07,1040.88,-1.56,-16.51,6849683,5686516224.0,2.0,2.16
2022-03-15,1029.81,993.84,1036.12,993.84,-4.52,-47.04,8738748,6546117120.0,4.06,2.76
2022-03-16,1010.3,1033.44,1036.44,989.0,3.98,39.6,9700149,7563026176.0,4.77,3.06
2022-03-17,1039.6,1056.94,1071.38,1036.69,2.27,23.5,10413631,8588377088.0,3.36,3.29
2022-03-18,1047.24,1065.11,1068.41,1043.97,0.77,8.17,6848292,5581363712.0,2.31,2.16
2022-03-21,1069.77,1078.68,1081.95,1061.99,1.27,13.57,7213006,5584651776.0,1.87,2.28
2022-03-22,1073.19,1092.33,1097.04,1061.79,1.27,13.65,8916813,7572680704.0,3.27,2.81
2022-03-23,1086.48,1083.49,1096.23,1079.52,-0.81,-8.84,6606803,5879366912.0,1.53,2.08
2022-03-24,1075.99,1053.5,1075.99,1051.66,-2.77,-29.99,5659429,4705669888.0,2.25,1.79
2022-03-25,1054.59,1067.72,1081.15,1054.59,1.35,14.22,7153092,5714355456.0,2.52,2.26
2022-03-28,1066.83,1081.44,1095.08,1059.77,1.28,13.72,8614168,6670721536.0,3.31,2.72
2022-03-29,1082.72,1068.07,1085.75,1063.13,-1.24,-13.37,7266378,5938159616.0,2.09,2.29
2022-03-30,1067.56,1070.01,1070.01,1053.27,0.18,1.94,6833747,5264031232.0,1.57,2.16
2022-03-31,1063.62,1063.53,1079.84,1058.36,-0.61,-6.48,7637622,5779175424.0,2.01,2.41
2022-04-01,1054.61,1090.75,1091.16,1046.97,2.56,27.22,10664759,8324145664.0,4.16,3.37
2022-04-06,1089.83,1105.19,1112.13,1088.36,1.32,14.44,10019612,8164576768.0,2.18,3.16
2022-04-07,1097.06,1077.35,1110.6,1077.35,-2.52,-27.84,9205378,7476797696.0,3.01,2.9
2022-04-08,1074.43,1040.46,1076.03,1039.06,-3.42,-36.89,8678417,6797678592.0,3.43,2.74
2022-04-11,1036.08,1003.36,1039.16,997.78,-3.57,-37.1,7185629,5390603776.0,3.98,2.27
2022-04-12,1010.09,1021.62,1022.46,992.78,1.82,18.26,6787396,4960247296.0,2.96,2.14
2022-04-13,1014.51,979.86,1014.51,979.86,-4.09,-41.76,6724213,4801474048.0,3.39,2.12
2022-04-14,980.62,983.59,993.45,979.34,0.38,3.73,4928229,3430864800.0,1.44,1.56
2022-04-15,977.29,945.48,977.48,941.68,-3.87,-38.11,6627943,4270544336.0,3.64,2.09
2022-04-18,936.11,945.63,948.99,916.89,0.02,0.15,4439811,2958004224.0,3.4,1.4
2022-04-19,934.52,956.97,957.17,934.16,1.2,11.34,6148033,3914912480.0,2.43,1.94
2022-04-20,961.54,943.73,969.58,941.6,-1.38,-13.24,5622489,3653952784.0,2.92,1.77
2022-04-21,937.64,908.6,944.03,906.8,-3.72,-35.13,6441058,3620995456.0,3.94,2.03
2022-04-22,904.88,879.99,907.45,878.9,-3.15,-28.61,6036726,3273700992.0,3.14,1.9
2022-04-25,864.12,799.81,864.12,799.81,-9.11,-80.18,7009308,3569137456.0,7.31,2.21
2022-04-26,800.32,771.38,807.93,769.63,-3.55,-28.43,6148493,3111834880.0,4.79,1.94
2022-04-27,751.77,791.46,791.87,744.32,2.6,20.08,6454350,3482201648.0,6.16,2.04
2022-04-28,785.84,767.61,790.48,757.98,-3.01,-23.85,6680661,3318973360.0,4.11,2.11
2022-04-29,777.35,820.18,824.05,777.35,6.85,52.57,6410116,3698686752.0,6.08,2.02
2022-05-05,819.07,825.9,832.98,811.29,0.7,5.72,4978750,3065498448.0,2.64,1.57
2022-05-06,807.16,828.66,844.83,801.56,0.33,2.76,4580805,3076629232.0,5.24,1.45
2022-05-09,845.77,853.07,862.99,845.77,2.95,24.41,5364603,3469736800.0,2.08,1.69
2022-05-10,836.53,853.09,855.32,835.08,0.0,0.02,5241133,3292304496.0,2.37,1.65
2022-05-11,850.17,842.12,868.93,842.12,-1.29,-10.97,6470044,4003909968.0,3.14,2.04
2022-05-12,835.92,852.73,858.07,835.92,1.26,10.61,4530599,2838026944.0,2.63,1.43
2022-05-13,856.58,848.49,860.54,840.75,-0.5,-4.24,4046995,2472889152.0,2.32,1.28
2022-05-16,853.57,861.81,865.85,845.75,1.57,13.32,4507663,2801963776.0,2.37,1.42
2022-05-17,860.74,856.68,861.92,843.35,-0.6,-5.13,4573489,3019021184.0,2.15,1.44
2022-05-18,864.06,859.81,873.28,858.14,0.37,3.13,5284445,3276444176.0,1.77,1.67
2022-05-19,845.48,858.74,858.96,843.14,-0.12,-1.07,4312261,2590419104.0,1.84,1.36
2022-05-20,862.89,864.43,868.14,855.09,0.66,5.69,4215239,2475487296.0,1.52,1.33
2022-05-23,879.92,886.66,894.4,878.83,2.57,22.23,5824023,3875547856.0,1.8,1.84
2022-05-24,888.46,842.5,889.33,842.5,-4.98,-44.16,6090233,3983543536.0,5.28,1.92
2022-05-25,841.35,882.68,883.01,841.35,4.77,40.18,6895389,4209108800.0,4.94,2.18
2022-05-26,885.21,898.63,900.5,871.57,1.81,15.95,8367107,5620908288.0,3.28,2.64
2022-05-27,897.2,890.02,903.14,880.37,-0.96,-8.61,6251706,4386662144.0,2.53,1.97
2022-05-30,890.09,890.56,891.46,877.63,0.06,0.54,6221654,3959196000.0,1.55,1.96
2022-05-31,887.83,896.77,898.56,877.14,0.7,6.21,6028712,4037328080.0,2.41,1.9
2022-06-01,893.98,901.1,908.24,892.49,0.48,4.33,5629491,3731137056.0,1.76,1.78
2022-06-02,895.53,901.76,901.91,881.23,0.07,0.66,4978661,3375174032.0,2.29,1.57
2022-06-06,901.5,922.4,923.1,900.91,2.29,20.64,5607717,3697920144.0,2.46,1.77
2022-06-07,921.91,911.46,924.65,903.91,-1.19,-10.94,5136435,3259329952.0,2.25,1.62
2022-06-08,914.02,917.96,922.6,895.57,0.71,6.5,7108998,4533892864.0,2.97,2.24
2022-06-09,916.02,907.23,919.03,902.83,-1.17,-10.73,6980876,4520126720.0,1.76,2.2
2022-06-10,893.57,914.39,919.3,893.4,0.79,7.16,7375203,4388629504.0,2.85,2.33
2022-06-13,909.39,924.49,925.1,909.02,1.1,10.1,7576550,4783675392.0,1.76,2.39
2022-06-14,920.14,920.52,920.85,888.62,-0.43,-3.97,8027648,5014856960.0,3.49,2.53
2022-06-15,921.1,924.25,935.06,920.26,0.41,3.73,8700095,5318832384.0,1.61,2.75
2022-06-16,924.67,962.19,969.31,924.67,4.1,37.94,12300432,8445377280.0,4.83,3.88
2022-06-17,960.32,945.58,960.72,932.8,-1.73,-16.61,9743446,6831643040.0,2.9,3.07
2022-06-20,943.34,957.6,961.56,943.34,1.27,12.02,7646450,5159073226.0,1.93,2.41
2022-06-21,954.3,965.83,966.6,947.85,0.86,8.23,9722050,6763531854.0,1.96,3.07
2022-06-22,966.5,940.97,969.07,940.45,-2.57,-24.86,9110375,5744960683.0,2.96,2.87
2022-06-23,941.91,949.08,950.04,923.76,0.86,8.11,9987477,5128638815.0,2.79,3.15
2022-06-24,953.43,947.6,959.32,947.12,-0.16,-1.48,8744086,4597453069.0,1.29,2.76
2022-06-27,951.33,958.77,966.08,951.25,1.18,11.17,7531975,4975288931.0,1.57,2.38
2022-06-28,955.81,966.56,968.52,948.58,0.81,7.79,7939940,5615162676.0,2.08,2.51
2022-06-29,965.0,950.5,975.48,949.7,-1.66,-16.06,8334241,5343398383.0,2.67,2.63
2022-06-30,950.45,954.8,964.31,950.34,0.45,4.3,5777620,4202077521.0,1.47,1.82
2022-07-01,956.73,948.61,959.06,946.26,-0.65,-6.19,5227638,3788417835.0,1.34,1.65
2022-07-04,947.52,942.23,947.52,934.2,-0.67,-6.38,3881611,2966520047.0,1.4,1.22
2022-07-05,940.54,925.59,944.2,914.49,-1.77,-16.64,4800768,3408118616.0,3.15,1.51
2022-07-06,923.89,915.69,926.17,908.43,-1.07,-9.9,4190690,2922379027.0,1.92,1.32
2022-07-07,915.66,918.86,919.08,912.67,0.35,3.17,3428015,2547969277.0,0.7,1.08
2022-07-08,917.96,932.85,942.15,917.96,1.52,13.99,6745060,4095390914.0,2.63,2.13
2022-07-11,930.41,919.75,930.41,913.43,-1.4,-13.1,6332733,3765568555.0,1.82,2.0
2022-07-12,917.43,899.52,917.99,899.52,-2.2,-20.23,4903163,3052321965.0,2.01,1.55
2022-07-13,901.4,913.03,915.81,901.4,1.5,13.51,4313098,2440543632.0,1.6,1.36
2022-07-14,916.25,908.5,916.31,906.76,-0.5,-4.53,4668255,2755547251.0,1.05,1.47
2022-07-15,900.85,874.83,901.09,874.83,-3.71,-33.67,5246845,3006822491.0,2.89,1.66
2022-07-18,873.26,900.2,900.66,873.26,2.9,25.37,3989388,2313162414.0,3.13,1.26
2022-07-19,903.11,924.92,924.96,900.9,2.75,24.72,6203430,3478678075.0,2.67,1.96
2022-07-20,930.64,934.8,935.22,923.14,1.07,9.88,6060351,3389772327.0,1.31,1.91
2022-07-21,934.93,932.69,950.34,932.58,-0.23,-2.11,6730005,4059932706.0,1.9,2.12
2022-07-22,931.84,923.37,939.95,914.62,-1.0,-9.32,4851609,2887045843.0,2.72,1.53
2022-07-25,924.8,919.66,931.11,915.98,-0.4,-3.71,3730151,2260426185.0,1.64,1.18
2022-07-26,923.22,935.68,935.68,918.91,1.74,16.02,3835941,2435613759.0,1.82,1.21
2022-07-27,940.29,944.89,949.57,938.67,0.98,9.21,4335823,3292982168.0,1.16,1.37
2022-07-28,951.25,949.27,958.3,948.94,0.46,4.38,5048752,3550360067.0,0.99,1.59
2022-07-29,953.2,944.67,958.63,943.13,-0.48,-4.6,5829249,3799844151.0,1.63,1.84
2022-08-01,943.19,952.16,955.84,940.4,0.79,7.49,4824835,3242245802.0,1.63,1.52
2022-08-02,941.96,898.98,941.96,893.18,-5.59,-53.18,7458076,4569431772.0,5.12,2.35
2022-08-03,898.48,897.4,924.16,895.58,-0.18,-1.58,5811439,3615274642.0,3.18,1.83
2022-08-04,904.02,925.25,925.25,902.69,3.1,27.85,5223173,3165883320.0,2.51,1.65
2022-08-05,925.29,940.23,941.28,923.65,1.62,14.98,5765021,3365820939.0,1.91,1.82
2022-08-08,937.39,947.05,947.52,931.61,0.73,6.82,4443918,2851167667.0,1.69,1.4
2022-08-09,943.38,952.7,954.5,937.15,0.6,5.65,5345517,3670557909.0,1.83,1.69
2022-08-10,952.57,956.07,958.08,947.98,0.35,3.37,4155859,2799296624.0,1.06,1.31
2022-08-11,963.56,983.5,984.15,963.56,2.87,27.43,6385071,3903450016.0,2.15,2.01
2022-08-12,984.53,984.08,990.28,976.05,0.06,0.58,7037094,4693755214.0,1.45,2.22
2022-08-15,981.84,986.41,986.75,975.87,0.24,2.33,5620704,3828120593.0,1.11,1.77
2022-08-16,989.6,988.56,992.58,982.06,0.22,2.15,6926049,4868978197.0,1.07,2.19
2022-08-17,991.31,996.76,999.33,984.79,0.83,8.2,7061738,4671834994.0,1.47,2.23
2022-08-18,992.38,991.19,992.7,979.88,-0.56,-5.57,6793821,4565386588.0,1.29,2.14
2022-08-19,990.59,989.86,1014.7,989.74,-0.13,-1.33,8503918,5660786466.0,2.52,2.68
2022-08-22,987.35,1003.17,1004.03,978.05,1.34,13.31,8191196,5313100098.0,2.62,2.58
2022-08-23,998.97,994.94,1003.4,989.25,-0.82,-8.23,6618812,4670457045.0,1.41,2.09
2022-08-24,995.03,959.03,995.15,957.67,-3.61,-35.91,6735538,4577856258.0,3.77,2.13
2022-08-25,963.94,950.62,966.39,935.49,-0.88,-8.41,4823212,3108531232.0,3.22,1.52
2022-08-26,952.13,939.21,959.3,936.53,-1.2,-11.41,4177031,2842271913.0,2.4,1.32
2022-08-29,924.58,942.15,945.59,915.3,0.31,2.94,4143935,2777391964.0,3.23,1.31
2022-08-30,942.67,964.43,970.6,942.67,2.36,22.28,7321476,4338216253.0,2.96,2.31
2022-08-31,960.02,948.15,973.04,945.23,-1.69,-16.28,7057708,4063503983.0,2.88,2.23
2022-09-01,949.43,937.91,954.55,934.74,-1.08,-10.24,6118261,3690176917.0,2.09,1.93
2022-09-02,938.05,964.02,965.92,938.05,2.78,26.11,6135071,3744002599.0,2.97,1.94
2022-09-05,962.58,956.22,963.19,946.39,-0.81,-7.8,5860434,3643982700.0,1.74,1.85
2022-09-06,957.9,959.0,959.0,947.97,0.29,2.78,4803553,3148512767.0,1.15,1.52
2022-09-07,954.18,945.87,954.18,940.8,-1.37,-13.13,4999663,3249910169.0,1.4,1.58
2022-09-08,945.87,930.02,946.8,928.75,-1.68,-15.85,4109845,2688167640.0,1.91,1.3
2022-09-09,931.59,928.18,932.4,919.73,-0.2,-1.84,3256759,2140224616.0,1.36,1.03
2022-09-13,932.98,932.01,944.12,929.72,0.41,3.83,3226951,1968761378.0,1.55,1.02
2022-09-14,921.11,925.83,930.28,918.68,-0.66,-6.18,3385413,2184077888.0,1.24,1.07
2022-09-15,923.47,903.85,928.14,894.12,-2.37,-21.98,4346009,2872618321.0,3.67,1.37
2022-09-16,901.15,892.3,912.46,891.87,-1.28,-11.55,3946028,2630620199.0,2.28,1.25
2022-09-19,891.71,873.56,892.65,868.23,-2.1,-18.74,3796749,2440232444.0,2.74,1.2
2022-09-20,879.16,884.43,889.21,879.05,1.24,10.87,2954138,1928563149.0,1.16,0.93
2022-09-21,882.53,894.98,897.88,868.13,1.19,10.55,3327149,2176798081.0,3.36,1.05
2022-09-22,887.86,886.54,900.49,885.91,-0.94,-8.44,3208649,1919272562.0,1.63,1.01
2022-09-23,890.01,862.84,890.82,861.16,-2.67,-23.7,4173437,2508098985.0,3.35,1.32
2022-09-26,858.63,843.53,859.13,842.46,-2.24,-19.31,3729155,2103398321.0,1.93,1.18
2022-09-27,844.92,871.75,871.78,844.86,3.35,28.22,4053384,2775215409.0,3.19,1.28
2022-09-28,871.13,857.8,872.38,857.8,-1.6,-13.95,4507626,3202753116.0,1.67,1.42
2022-09-29,867.12,841.5,868.62,837.0,-1.9,-16.3,6206591,4108899275.0,3.69,1.96
2022-09-30,840.45,835.51,846.36,831.75,-0.71,-5.99,4600268,2778846677.0,1.74,1.45
2022-10-10,834.48,816.17,839.35,814.06,-2.31,-19.34,4202590,2568042372.0,3.03,1.33
2022-10-11,817.92,826.26,828.55,804.23,1.24,10.09,4289520,2509905578.0,2.98,1.35
2022-10-12,824.92,851.52,851.68,819.8,3.06,25.26,4895117,2901895876.0,3.86,1.54
2022-10-13,848.11,863.88,873.92,844.82,1.45,12.36,5656251,3641652784.0,3.42,1.78
2022-10-14,869.27,879.35,879.44,867.45,1.79,15.47,5003086,3244127024.0,1.39,1.58
2022-10-17,875.22,896.54,897.56,872.43,1.95,17.19,5895399,3621066895.0,2.86,1.86
2022-10-18,897.67,889.82,897.68,886.76,-0.75,-6.72,4327340,2799986250.0,1.22,1.37
2022-10-19,886.58,875.65,886.75,875.32,-1.59,-14.17,4037933,2584391018.0,1.28,1.27
2022-10-20,871.85,878.66,888.32,867.54,0.34,3.01,4078243,2501320453.0,2.37,1.29
2022-10-21,878.93,871.88,880.73,864.19,-0.77,-6.78,3664885,2212375865.0,1.88,1.16
2022-10-24,874.61,851.04,885.03,845.86,-2.39,-20.84,4158222,2398746361.0,4.49,1.31
2022-10-25,847.38,841.51,851.68,829.67,-1.12,-9.53,3800292,2160036260.0,2.59,1.2
2022-10-26,842.86,871.63,875.67,842.86,3.58,30.12,4346629,2687978806.0,3.9,1.37
2022-10-27,872.96,877.65,888.2,872.96,0.69,6.02,5564062,3288257472.0,1.75,1.76
2022-10-28,875.42,852.92,877.11,848.69,-2.82,-24.73,7342421,4676819875.0,3.24,2.32
2022-10-31,851.1,868.62,874.21,851.07,1.84,15.7,5803089,3730320649.0,2.71,1.83
2022-11-01,873.16,883.01,883.01,862.39,1.66,14.39,7003700,4615147067.0,2.37,2.21
2022-11-02,900.46,910.02,915.4,898.88,3.06,27.01,10731676,6850736856.0,1.87,3.39
2022-11-03,899.84,893.2,906.46,885.69,-1.85,-16.82,7676306,5005460904.0,2.28,2.42
2022-11-04,892.14,912.71,915.09,891.31,2.18,19.51,7379746,4942485096.0,2.66,2.33
2022-11-07,912.5,941.88,948.78,911.28,3.2,29.17,10121204,6945435470.0,4.11,3.19
2022-11-08,939.52,945.09,947.28,934.36,0.34,3.21,9680339,7209053305.0,1.37,3.05
2022-11-09,937.71,932.4,942.03,927.87,-1.34,-12.69,7171961,5243544975.0,1.5,2.26
2022-11-10,928.45,968.04,974.44,926.01,3.82,35.64,11832525,8694613239.0,5.19,3.73
2022-11-11,984.63,956.75,990.28,956.54,-1.17,-11.29,12438832,9414774771.0,3.49,3.93
2022-11-14,957.24,958.38,966.2,952.75,0.17,1.63,9732176,7181878176.0,1.41,3.07
2022-11-15,953.05,961.99,967.78,951.92,0.38,3.61,8577885,6210357545.0,1.65,2.71
2022-11-16,964.7,980.22,984.04,964.7,1.9,18.23,11376838,8173003796.0,2.01,3.59
2022-11-17,986.4,983.71,988.51,966.87,0.36,3.49,9946237,6848724459.0,2.21,3.14
2022-11-18,982.72,969.39,1000.85,966.29,-1.46,-14.32,10580067,6786030770.0,3.51,3.34
2022-11-21,965.71,953.34,972.51,945.74,-1.66,-16.05,7509503,4967144495.0,2.76,2.37
2022-11-22,952.33,940.98,957.04,938.4,-1.3,-12.36,6433658,4177028333.0,1.96,2.03
2022-11-23,939.39,922.85,939.39,908.58,-1.93,-18.13,5625611,3607192044.0,3.27,1.78
2022-11-24,924.96,932.0,939.59,924.96,0.99,9.15,4385894,3001754062.0,1.59,1.38
2022-11-25,931.13,924.03,934.01,922.46,-0.86,-7.97,4316407,2999836041.0,1.24,1.36
2022-11-28,912.54,922.16,925.34,906.36,-0.2,-1.87,4688629,2868084524.0,2.05,1.48
2022-11-29,922.65,939.57,940.05,922.65,1.89,17.41,5346874,3291957100.0,1.89,1.69
2022-11-30,941.66,936.93,942.0,932.55,-0.28,-2.64,5306961,3420894043.0,1.01,1.67
2022-12-01,942.42,948.44,952.85,942.31,1.23,11.51,6324822,4274307189.0,1.12,2.0
2022-12-02,948.32,962.72,970.18,947.94,1.51,14.28,6747959,4711954527.0,2.34,2.13
2022-12-05,968.36,972.7,977.54,960.04,1.04,9.98,7449949,4873614296.0,1.82,2.35
2022-12-06,969.43,958.98,969.43,954.78,-1.41,-13.72,5599195,3628186477.0,1.51,1.77
2022-12-07,957.45,960.81,967.37,952.31,0.19,1.83,5042524,3364810611.0,1.57,1.59
2022-12-08,957.78,949.19,958.59,941.58,-1.21,-11.62,5233422,3315314133.0,1.77,1.65
2022-12-09,950.57,942.25,950.94,937.67,-0.73,-6.94,5099327,3210212643.0,1.4,1.61
2022-12-12,942.25,940.76,949.51,936.8,-0.16,-1.49,4456717,2966485444.0,1.35,1.41
2022-12-13,939.68,937.53,947.89,935.29,-0.34,-3.23,4108571,2613154688.0,1.34,1.3
2022-12-14,937.33,944.71,950.54,934.89,0.77,7.18,4056492,2702698866.0,1.67,1.28
2022-12-15,944.62,951.41,961.6,941.81,0.71,6.7,4785385,3164416726.0,2.09,1.51
2022-12-16,945.66,937.97,949.43,936.3,-1.41,-13.44,4733902,3060040570.0,1.38,1.49
2022-12-19,939.95,915.57,941.51,912.02,-2.39,-22.4,4252923,2827679271.0,3.14,1.34
2022-12-20,919.35,895.95,922.8,894.95,-2.14,-19.62,3890097,2622466499.0,3.04,1.23
2022-12-21,893.42,893.28,903.49,888.54,-0.3,-2.67,3042953,1937623374.0,1.67,0.96
2022-12-22,895.22,886.04,904.53,883.94,-0.81,-7.24,3781251,2275865732.0,2.3,1.19
2022-12-23,882.37,912.14,922.51,881.95,2.95,26.1,5817379,3728663738.0,4.58,1.84
2022-12-26,909.81,914.66,917.22,908.36,0.28,2.52,5597665,3586017633.0,0.97,1.77
2022-12-27,916.16,908.9,916.35,903.91,-0.63,-5.76,4074842,2707664285.0,1.36,1.29
2022-12-28,907.68,900.12,912.77,890.68,-0.97,-8.78,4834305,3084923857.0,2.43,1.53
2022-12-29,902.91,902.49,921.59,901.78,0.26,2.37,7849284,4842948741.0,2.2,2.48
2022-12-30,903.72,929.56,930.53,903.72,3.0,27.07,8015963,5209184437.0,2.97,2.53
2023-01-03,929.95,965.36,965.36,929.77,3.85,35.8,9364016,6415058907.0,3.83,2.95
2023-01-04,967.92,970.82,976.76,962.08,0.57,5.46,9432206,6433274597.0,1.52,2.98
2023-01-05,971.53,964.15,972.72,960.26,-0.69,-6.67,9090436,6291048238.0,1.28,2.87
2023-01-06,962.91,951.56,963.46,949.55,-1.31,-12.59,8804527,6128700075.0,1.44,2.78
2023-01-09,952.61,957.26,962.02,950.08,0.6,5.7,7457081,5765622771.0,1.25,2.35
2023-01-10,958.71,966.94,967.74,947.88,1.01,9.68,7454142,6242088948.0,2.07,2.35
2023-01-11,964.83,950.41,965.41,948.73,-1.71,-16.53,7479359,6101020727.0,1.73,2.36
2023-01-12,950.11,962.1,967.91,948.52,1.23,11.69,8205617,6731767065.0,2.04,2.59
2023-01-13,966.29,960.47,968.23,956.45,-0.17,-1.63,8630860,7725089341.0,1.22,2.72
2023-01-16,962.93,964.91,971.91,959.36,0.46,4.44,6608974,5771957642.0,1.31,2.09
2023-01-17,968.07,953.28,968.63,948.99,-1.21,-11.63,8441316,7199440072.0,2.04,2.66
2023-01-18,955.29,957.2,960.76,952.81,0.41,3.92,7160115,5502069589.0,0.83,2.26
2023-01-19,954.35,958.01,961.91,950.29,0.08,0.81,6632372,5005017554.0,1.21,2.09
2023-01-20,956.81,968.02,968.96,956.16,1.04,10.01,5037936,3632386182.0,1.34,1.59
2023-01-30,984.06,996.27,1001.79,981.86,2.92,28.25,10181330,7545416329.0,2.06,3.21
2023-01-31,992.3,994.14,994.97,984.19,-0.21,-2.13,8843353,6924949993.0,1.08,2.79
2023-02-01,994.05,1021.72,1021.94,992.67,2.77,27.58,11101751,7496421657.0,2.94,3.5
2023-02-02,1022.53,1029.54,1047.67,1021.05,0.77,7.82,12437073,8983358360.0,2.61,3.92
2023-02-03,1026.98,1049.86,1050.4,1026.69,1.97,20.32,11285661,8230054385.0,2.3,3.56
2023-02-06,1049.07,1055.39,1059.84,1040.4,0.53,5.53,11767980,8647144834.0,1.85,3.71
2023-02-07,1050.59,1074.56,1077.95,1048.01,1.82,19.17,12687743,9735080138.0,2.84,4.0
2023-02-08,1070.32,1055.3,1075.04,1048.23,-1.79,-19.26,10172800,7725204803.0,2.49,3.21
2023-02-09,1047.95,1066.65,1066.65,1038.66,1.08,11.35,8928171,6515642012.0,2.65,2.82
2023-02-10,1065.04,1074.6,1094.66,1064.98,0.75,7.95,14573639,9045994391.0,2.78,4.6
2023-02-13,1072.3,1076.23,1076.44,1061.19,0.15,1.63,14802239,7734551087.0,1.42,4.67
2023-02-14,1080.05,1071.21,1083.94,1069.54,-0.47,-5.02,10752532,7234766172.0,1.34,3.39
2023-02-15,1071.75,1104.61,1106.19,1066.97,3.12,33.4,12626704,9241309011.0,3.66,3.98
2023-02-16,1106.77,1098.87,1134.01,1090.86,-0.52,-5.74,26437700,15407371195.0,3.91,8.34
2023-02-17,1104.17,1098.35,1114.59,1093.08,-0.05,-0.52,21104318,13072447704.0,1.96,6.66
2023-02-20,1109.37,1138.7,1138.7,1105.26,3.67,40.35,21390714,13086410882.0,3.04,6.75
2023-02-21,1135.61,1130.34,1150.22,1118.96,-0.73,-8.36,20625424,13853058342.0,2.75,6.51
2023-02-22,1116.97,1120.62,1125.61,1099.16,-0.86,-9.72,16396729,10503600920.0,2.34,5.17
2023-02-23,1117.19,1089.7,1117.73,1087.05,-2.76,-30.92,15077267,9354767580.0,2.74,4.76
2023-02-24,1090.59,1092.56,1098.19,1081.63,0.26,2.86,12112105,7644323063.0,1.52,3.82
2023-02-27,1087.64,1065.19,1089.39,1064.18,-2.51,-27.37,10888423,6505085815.0,2.31,3.44
2023-02-28,1074.5,1085.52,1085.52,1066.98,1.91,20.33,9859517,6264157078.0,1.74,3.11
2023-03-01,1081.48,1121.12,1121.2,1080.13,3.28,35.6,16569653,10593862240.0,3.78,5.23
2023-03-02,1128.83,1159.56,1161.67,1128.22,3.43,38.44,24506535,15682639075.0,2.98,7.73
2023-03-03,1149.02,1149.52,1158.61,1136.67,-0.87,-10.04,19111178,12685146562.0,1.89,6.03
2023-03-06,1151.07,1138.58,1151.17,1131.0,-0.95,-10.94,14294049,9733048662.0,1.75,4.51
2023-03-07,1139.13,1123.83,1146.45,1123.31,-1.3,-14.75,16325748,11839873741.0,2.03,5.15
2023-03-08,1120.43,1143.95,1143.95,1120.25,1.79,20.12,13260230,9855110145.0,2.11,4.18
2023-03-09,1141.05,1138.28,1144.09,1125.54,-0.5,-5.67,13052188,9434816908.0,1.62,4.12
2023-03-10,1127.98,1117.81,1136.77,1117.68,-1.8,-20.47,13310423,9165599491.0,1.68,4.2
2023-03-13,1113.67,1137.72,1137.72,1103.72,1.78,19.91,14493172,9936723200.0,3.04,4.57
2023-03-14,1138.2,1118.47,1149.85,1116.5,-1.69,-19.25,18736934,12435429675.0,2.93,5.91
2023-03-15,1126.77,1114.04,1131.68,1112.04,-0.4,-4.43,13481379,8638106973.0,1.76,4.25
2023-03-16,1106.56,1116.36,1130.78,1093.48,0.21,2.32,17669590,12043408659.0,3.35,5.58
2023-03-17,1125.88,1186.71,1188.11,1125.88,6.3,70.35,26848071,19712181794.0,5.57,8.47
2023-03-20,1195.75,1201.84,1215.55,1195.75,1.27,15.13,25699646,18235805619.0,1.67,8.11
2023-03-21,1200.77,1225.13,1229.58,1191.72,1.94,23.29,18084452,13600686152.0,3.15,5.71
2023-03-22,1231.44,1259.41,1260.45,1227.11,2.8,34.28,25906102,19228666568.0,2.72,8.17
2023-03-23,1251.18,1257.58,1259.27,1235.4,-0.15,-1.83,25753433,19328265487.0,1.9,8.13
2023-03-24,1254.72,1298.61,1300.58,1254.32,3.26,41.03,24565411,21980948879.0,3.68,7.75
2023-03-27,1291.82,1299.5,1304.38,1265.17,0.07,0.89,25363042,22719667987.0,3.02,8.0
2023-03-28,1289.13,1277.36,1304.37,1269.74,-1.7,-22.14,19739146,18580413162.0,2.66,6.23
2023-03-29,1276.64,1275.02,1299.9,1262.05,-0.18,-2.34,19941493,18161041743.0,2.96,6.29
2023-03-30,1271.64,1252.59,1279.41,1244.81,-1.76,-22.43,16552842,14950054939.0,2.71,5.22
2023-03-31,1253.71,1291.02,1293.07,1238.53,3.07,38.43,19207301,17366740707.0,4.35,6.06
2023-04-03,1286.52,1330.13,1331.8,1282.45,3.03,39.11,22091823,21277241736.0,3.82,6.97
2023-04-04,1325.76,1306.22,1341.88,1298.6,-1.8,-23.91,19751953,19806225059.0,3.25,6.23
2023-04-06,1288.31,1261.26,1289.92,1254.6,-3.44,-44.96,18692712,17547140699.0,2.7,5.9
2023-04-07,1267.85,1304.12,1307.98,1250.58,3.4,42.86,16629951,16245785104.0,4.55,5.25
2023-04-10,1304.66,1258.84,1315.44,1254.24,-3.47,-45.28,17928493,17766637101.0,4.69,5.66
2023-04-11,1260.24,1322.39,1331.86,1254.97,5.05,63.55,19468691,20105398184.0,6.11,6.14
2023-04-12,1329.13,1383.68,1383.88,1324.99,4.63,61.29,22140096,23605987364.0,4.45,6.99
2023-04-13,1388.62,1373.56,1419.26,1368.69,-0.73,-10.12,25992795,28695944580.0,3.65,8.2
2023-04-14,1372.98,1346.84,1391.71,1323.13,-1.95,-26.72,19410992,21097846536.0,4.99,6.13
2023-04-17,1338.43,1310.13,1338.43,1304.2,-2.73,-36.71,15293429,14983416535.0,2.54,4.83
2023-04-18,1310.49,1299.17,1313.49,1276.39,-0.84,-10.96,14188682,14426987454.0,2.83,4.48
2023-04-19,1289.65,1301.71,1331.45,1289.43,0.2,2.54,14972174,15762233724.0,3.23,4.72
2023-04-20,1304.55,1359.07,1359.55,1301.99,4.41,57.36,22938804,24204347425.0,4.42,7.24
2023-04-21,1349.5,1269.58,1355.42,1269.58,-6.58,-89.49,21232475,21689731429.0,6.32,6.7
2023-04-24,1267.24,1303.21,1317.63,1264.11,2.65,33.63,20929576,21941538978.0,4.22,6.6
2023-04-25,1303.7,1305.36,1322.66,1277.93,0.16,2.15,24251199,25924606124.0,3.43,7.65
2023-04-26,1293.32,1278.36,1308.56,1245.56,-2.07,-27.0,22878979,25274776294.0,4.83,7.22
2023-04-27,1262.83,1241.06,1280.82,1224.22,-2.92,-37.3,20702644,21225967422.0,4.43,6.53
2023-04-28,1230.24,1331.61,1335.5,1230.24,7.3,90.55,23322078,24375494049.0,8.48,7.36
2023-05-04,1331.93,1373.76,1373.99,1319.0,3.17,42.15,25968411,26932480114.0,4.13,8.19
2023-05-05,1367.82,1352.54,1367.82,1333.04,-1.54,-21.22,23613989,24720391831.0,2.53,7.45
2023-05-08,1346.64,1357.88,1369.81,1333.43,0.39,5.34,20897285,21401269423.0,2.69,6.59
2023-05-09,1349.45,1314.0,1363.08,1311.52,-3.23,-43.88,19852908,21341759142.0,3.8,6.26
2023-05-10,1304.48,1329.9,1351.33,1304.48,1.21,15.9,19135149,20398875248.0,3.57,6.04
2023-05-11,1336.74,1353.07,1365.33,1332.4,1.74,23.17,18407299,19357833657.0,2.48,5.81
2023-05-12,1347.8,1313.0,1365.37,1311.75,-2.96,-40.07,19972675,21008974547.0,3.96,6.3
2023-05-15,1311.07,1287.18,1317.54,1259.55,-1.97,-25.82,17931064,19175643949.0,4.42,5.66
2023-05-16,1278.66,1226.5,1278.75,1221.67,-4.71,-60.68,15902075,16100657786.0,4.43,5.02
2023-05-17,1215.49,1239.45,1253.75,1210.58,1.06,12.95,13195310,12356817999.0,3.52,4.16
2023-05-18,1235.51,1268.71,1273.28,1229.03,2.36,29.26,16042843,14860396400.0,3.57,5.06
2023-05-19,1260.82,1247.67,1269.05,1245.28,-1.66,-21.04,14136624,13889079872.0,1.87,4.46
2023-05-22,1246.6,1233.84,1253.55,1224.92,-1.11,-13.83,12952126,11899419401.0,2.29,4.09
2023-05-23,1232.86,1210.55,1233.93,1210.5,-1.89,-23.29,11547070,9970007763.0,1.9,3.64
2023-05-24,1207.89,1219.41,1228.62,1195.38,0.73,8.86,10872028,9667361322.0,2.75,3.43
2023-05-25,1216.0,1203.86,1231.06,1181.91,-1.28,-15.55,13353149,11168005114.0,4.03,4.21
2023-05-26,1203.48,1236.95,1240.7,1201.39,2.75,33.09,12805623,11334691417.0,3.27,4.04
2023-05-29,1237.03,1243.17,1259.65,1235.59,0.5,6.22,15804570,14068377638.0,1.95,4.99
2023-05-30,1233.9,1275.47,1277.09,1220.04,2.6,32.3,19126420,17179829751.0,4.59,6.04
2023-05-31,1277.75,1294.03,1298.18,1277.18,1.46,18.56,15887456,15696954887.0,1.65,5.01
2023-06-01,1286.21,1320.75,1335.73,1285.12,2.06,26.72,20335193,19473020749.0,3.91,6.42
2023-06-02,1327.65,1323.27,1336.52,1316.37,0.19,2.52,15448149,15575498976.0,1.53,4.87
2023-06-05,1317.28,1357.68,1361.68,1313.95,2.6,34.41,14656037,15118207571.0,3.61,4.62
2023-06-06,1351.67,1321.42,1366.52,1315.35,-2.67,-36.26,14722060,14777278559.0,3.77,4.65
2023-06-07,1319.04,1341.94,1343.22,1300.21,1.55,20.52,12190869,12314132626.0,3.25,3.85
2023-06-08,1340.55,1327.36,1340.94,1306.0,-1.09,-14.58,14040495,14270296316.0,2.6,4.43
2023-06-09,1323.23,1346.03,1347.25,1308.63,1.41,18.67,15840158,16285235456.0,2.91,5.0
2023-06-12,1342.13,1357.81,1361.96,1340.3,0.88,11.78,14958681,15046265474.0,1.61,4.72
2023-06-13,1353.59,1381.1,1392.77,1348.29,1.72,23.29,18817454,18708667724.0,3.28,5.94
2023-06-14,1378.96,1392.77,1401.86,1377.25,0.84,11.67,17884098,18250870371.0,1.78,5.64
2023-06-15,1393.56,1373.89,1404.27,1373.07,-1.36,-18.88,15128036,16597798139.0,2.24,4.77
2023-06-16,1366.24,1395.44,1408.21,1351.7,1.57,21.55,15735248,16775085507.0,4.11,4.97
2023-06-19,1396.85,1411.02,1415.53,1389.09,1.12,15.58,19763299,21075437047.0,1.89,6.24
2023-06-20,1406.64,1395.72,1413.31,1387.98,-1.08,-15.3,17640411,19177737343.0,1.8,5.57
2023-06-21,1387.06,1319.08,1387.06,1319.01,-5.49,-76.64,17459310,17091199143.0,4.88,5.51
2023-06-26,1306.98,1245.27,1328.67,1242.8,-5.6,-73.81,14243311,13721029543.0,6.51,4.49
2023-06-27,1247.79,1267.48,1273.32,1246.19,1.78,22.21,10510545,9349351249.0,2.18,3.32
2023-06-28,1261.5,1231.24,1261.5,1197.84,-2.86,-36.24,12558760,10580291371.0,5.02,3.96
2023-06-29,1230.74,1251.38,1258.96,1230.74,1.64,20.14,9429764,8083610296.0,2.29,2.98
2023-06-30,1251.78,1253.59,1259.33,1239.69,0.18,2.21,9856090,8089216053.0,1.57,3.11
2023-07-03,1254.44,1238.62,1258.18,1212.71,-1.19,-14.97,9911190,8392022098.0,3.63,3.13
2023-07-04,1233.34,1240.39,1240.94,1230.62,0.14,1.77,8044283,6651975279.0,0.83,2.54
2023-07-05,1238.55,1230.08,1253.43,1228.91,-0.83,-10.31,9794984,7958920576.0,1.98,3.09
2023-07-06,1229.03,1235.66,1255.47,1225.11,0.45,5.58,9777291,7772209081.0,2.47,3.09
2023-07-07,1235.35,1223.88,1235.35,1204.92,-0.95,-11.78,10156066,8454004877.0,2.46,3.2
2023-07-10,1226.54,1227.93,1232.11,1220.07,0.33,4.05,7947366,6540452948.0,0.98,2.51
2023-07-11,1227.31,1228.18,1236.18,1218.73,0.02,0.25,8792111,7624410844.0,1.42,2.77
2023-07-12,1227.89,1193.71,1230.91,1192.47,-2.81,-34.47,11738532,9332818507.0,3.13,3.7
2023-07-13,1195.42,1227.22,1228.96,1193.3,2.81,33.51,12179337,10212352534.0,2.99,3.84
2023-07-14,1235.09,1258.0,1269.48,1232.42,2.51,30.78,14268783,13143515149.0,3.02,4.5
2023-07-17,1254.55,1254.25,1266.03,1244.98,-0.3,-3.75,10770318,9565407506.0,1.67,3.4
2023-07-18,1251.17,1233.65,1253.25,1231.68,-1.64,-20.6,9972037,9229652297.0,1.72,3.15
2023-07-19,1235.51,1239.89,1248.35,1228.99,0.51,6.24,8498644,8324433858.0,1.57,2.68
2023-07-20,1237.1,1218.45,1242.32,1216.16,-1.73,-21.44,8993883,8214293468.0,2.11,2.84
2023-07-21,1212.77,1205.55,1222.82,1198.4,-1.06,-12.9,7641384,6613724174.0,2.0,2.41
2023-07-24,1199.87,1207.84,1225.35,1196.41,0.19,2.29,6045765,5196449842.0,2.4,1.91
2023-07-25,1218.17,1233.8,1239.2,1213.21,2.15,25.96,8761190,7263354638.0,2.15,2.76
2023-07-26,1230.63,1203.07,1230.63,1198.98,-2.49,-30.73,8791431,7084142405.0,2.57,2.77
2023-07-27,1201.92,1187.63,1211.17,1186.12,-1.28,-15.44,8135285,6150874196.0,2.08,2.57
2023-07-28,1185.58,1189.67,1194.81,1176.61,0.17,2.04,7572015,5974722977.0,1.53,2.39
2023-07-31,1187.81,1206.65,1216.09,1182.66,1.43,16.98,11381261,8107651442.0,2.81,3.59
2023-08-01,1204.57,1198.35,1204.57,1188.02,-0.69,-8.3,7928328,5786468528.0,1.37,2.5
2023-08-02,1194.06,1194.42,1196.05,1186.21,-0.33,-3.93,8035655,5357268170.0,0.82,2.54
2023-08-03,1188.76,1185.89,1198.44,1182.82,-0.71,-8.53,6819789,5044376553.0,1.31,2.15
2023-08-04,1187.67,1212.05,1216.33,1187.65,2.21,26.16,10044559,7845909174.0,2.42,3.17
2023-08-07,1212.65,1223.67,1232.46,1210.36,0.96,11.62,9217428,7783402132.0,1.82,2.91
2023-08-08,1219.8,1222.55,1236.67,1217.14,-0.09,-1.12,8299230,7115292735.0,1.6,2.62
2023-08-09,1213.28,1196.11,1223.3,1194.41,-2.16,-26.44,7714793,6374500793.0,2.36,2.43
2023-08-10,1193.71,1199.79,1207.47,1191.12,0.31,3.68,6058677,4841436566.0,1.37,1.91
2023-08-11,1201.56,1177.13,1205.15,1177.01,-1.89,-22.66,7354321,5532717654.0,2.35,2.32
2023-08-14,1166.49,1207.82,1207.89,1162.54,2.61,30.69,8289381,6708618731.0,3.85,2.62
2023-08-15,1204.22,1184.73,1206.49,1176.59,-1.91,-23.09,6827294,5682460538.0,2.48,2.15
2023-08-16,1182.34,1167.49,1182.91,1159.98,-1.46,-17.24,7496548,5985171161.0,1.94,2.37
2023-08-17,1161.38,1181.23,1181.92,1152.22,1.18,13.74,6589418,5435247512.0,2.54,2.08
2023-08-18,1176.76,1145.79,1185.35,1145.79,-3.0,-35.44,7671331,6091026203.0,3.35,2.42
2023-08-21,1141.26,1150.37,1173.03,1141.26,0.4,4.58,6723096,5721630255.0,2.77,2.12
2023-08-22,1162.8,1182.38,1182.45,1152.08,2.78,32.01,9179703,8186213125.0,2.64,2.9
2023-08-23,1181.19,1170.63,1196.0,1170.63,-0.99,-11.75,13533935,11965355913.0,2.15,4.27
2023-08-24,1177.09,1188.41,1207.1,1177.09,1.52,17.78,14816581,13808387680.0,2.56,4.68
2023-08-25,1177.28,1144.97,1179.02,1136.62,-3.66,-43.44,12817710,10652562699.0,3.57,4.04
2023-08-28,1211.36,1144.77,1211.62,1142.74,-0.02,-0.2,14171079,10972156031.0,6.02,4.47
2023-08-29,1139.27,1202.95,1203.44,1139.27,5.08,58.18,15567524,12331314357.0,5.61,4.91
2023-08-30,1204.37,1231.25,1236.19,1204.32,2.35,28.3,18445134,15066338351.0,2.65,5.82
2023-08-31,1222.1,1221.91,1231.6,1215.08,-0.76,-9.34,12669201,11115389440.0,1.34,4.0
2023-09-01,1221.53,1221.71,1228.41,1211.74,-0.02,-0.2,9681713,8671063250.0,1.36,3.06
2023-09-04,1223.94,1235.07,1235.07,1216.91,1.09,13.36,10169664,8894918843.0,1.49,3.21
2023-09-05,1229.87,1212.73,1229.87,1208.32,-1.81,-22.34,9430970,8262878313.0,1.74,2.98
2023-09-06,1205.18,1205.03,1208.27,1190.3,-0.63,-7.7,8589133,7003352367.0,1.48,2.71
2023-09-07,1204.2,1198.01,1214.12,1197.68,-0.58,-7.02,10355389,8368680438.0,1.36,3.27
2023-09-08,1191.78,1182.12,1194.0,1169.61,-1.33,-15.89,11438641,9849057396.0,2.04,3.61
2023-09-11,1184.44,1193.09,1202.66,1180.49,0.93,10.97,10525004,8703809043.0,1.88,3.32
2023-09-12,1186.94,1178.95,1186.94,1175.17,-1.19,-14.14,8286050,6852371676.0,0.99,2.61
2023-09-13,1174.59,1160.89,1174.59,1151.88,-1.53,-18.06,7859169,6281600223.0,1.93,2.48
2023-09-14,1159.24,1147.56,1159.57,1141.23,-1.15,-13.33,6072856,4695483934.0,1.58,1.92
2023-09-15,1150.69,1145.4,1154.95,1140.77,-0.19,-2.16,5773495,4357794608.0,1.24,1.82
2023-09-18,1139.54,1153.97,1157.77,1133.66,0.75,8.57,6013630,4941802552.0,2.1,1.9
2023-09-19,1152.5,1135.48,1152.89,1133.13,-1.6,-18.49,7286291,6190378141.0,1.71,2.3
2023-09-20,1132.76,1126.3,1145.09,1126.3,-0.81,-9.18,5622266,4909471031.0,1.65,1.77
2023-09-21,1124.02,1124.61,1135.49,1118.27,-0.15,-1.69,6718939,5696297716.0,1.53,2.12
2023-09-22,1124.48,1164.24,1166.11,1124.48,3.52,39.63,9816142,8170246649.0,3.7,3.1
2023-09-25,1161.61,1148.2,1165.63,1144.03,-1.38,-16.04,7278945,6378276092.0,1.86,2.3
2023-09-26,1143.03,1148.06,1160.05,1140.85,-0.01,-0.14,7923967,6890618373.0,1.67,2.5
2023-09-27,1144.13,1149.21,1158.27,1141.42,0.1,1.15,6599208,5812104886.0,1.47,2.08
2023-09-28,1153.24,1166.33,1169.74,1153.17,1.49,17.12,7863010,6743239456.0,1.44,2.48
2023-10-09,1161.43,1154.19,1161.43,1148.6,-1.04,-12.14,6603770,5822551140.0,1.1,2.08
2023-10-10,1157.42,1169.61,1173.87,1157.42,1.34,15.42,8676143,7818534308.0,1.43,2.74
2023-10-11,1170.01,1174.75,1186.28,1157.05,0.44,5.14,8533043,7235831394.0,2.5,2.69
2023-10-12,1177.58,1167.41,1180.0,1163.46,-0.62,-7.34,7845260,6807046275.0,1.41,2.48
2023-10-13,1161.13,1160.35,1171.46,1157.96,-0.6,-7.06,7724592,6284179530.0,1.16,2.44
2023-10-16,1161.92,1150.17,1161.92,1141.38,-0.88,-10.18,7956293,7354500154.0,1.77,2.51
2023-10-17,1151.42,1160.41,1161.58,1143.59,0.89,10.24,7341768,7456995345.0,1.56,2.32
2023-10-18,1153.87,1129.78,1153.87,1124.1,-2.64,-30.63,8379361,8167151659.0,2.57,2.64
2023-10-19,1125.89,1126.32,1149.77,1124.48,-0.31,-3.46,8472008,8189781441.0,2.24,2.67
2023-10-20,1121.04,1101.36,1128.6,1100.54,-2.22,-24.96,7699488,6946971204.0,2.49,2.43
2023-10-23,1096.0,1066.35,1098.75,1062.13,-3.18,-35.01,8266028,6375149214.0,3.32,2.61
2023-10-24,1075.0,1101.06,1108.68,1072.47,3.26,34.71,8365318,6828835268.0,3.4,2.64
2023-10-25,1108.39,1133.1,1140.15,1106.96,2.91,32.04,9553551,8618762012.0,3.01,3.01
2023-10-26,1132.45,1132.97,1140.24,1118.56,-0.01,-0.13,11099405,10565225426.0,1.91,3.5
2023-10-27,1127.72,1145.85,1148.94,1118.4,1.14,12.88,11117511,10786369217.0,2.7,3.51
2023-10-30,1143.53,1184.33,1185.5,1143.24,3.36,38.48,12719723,12336156167.0,3.69,4.01
2023-10-31,1195.57,1182.23,1204.41,1171.82,-0.18,-2.1,12990866,13225274475.0,2.75,4.1
2023-11-01,1181.15,1181.93,1201.33,1179.84,-0.03,-0.3,10360684,9668863833.0,1.82,3.27
2023-11-02,1181.04,1189.54,1205.85,1180.88,0.64,7.61,15883071,13877045756.0,2.11,5.01
2023-11-03,1187.28,1199.02,1204.98,1183.25,0.8,9.48,11586426,11130574935.0,1.83,3.66
2023-11-06,1210.17,1262.75,1263.34,1210.17,5.32,63.73,15389852,15531073446.0,4.43,4.86
2023-11-07,1267.34,1281.0,1284.84,1264.25,1.45,18.25,16203054,18693200062.0,1.63,5.11
2023-11-08,1280.05,1308.91,1324.51,1278.65,2.18,27.91,19408891,20445076797.0,3.58,6.12
2023-11-09,1308.92,1300.62,1312.6,1291.57,-0.63,-8.29,16011123,19904106945.0,1.61,5.05
2023-11-10,1286.69,1270.74,1295.68,1268.86,-2.3,-29.88,11938916,15878502017.0,2.06,3.77
2023-11-13,1280.3,1291.79,1303.75,1280.3,1.66,21.05,12968239,17408733996.0,1.85,4.09
2023-11-14,1288.46,1309.4,1309.4,1284.97,1.36,17.61,13255201,17942612030.0,1.89,4.18
2023-11-15,1315.23,1305.13,1321.52,1301.02,-0.33,-4.27,14972032,19261039602.0,1.57,4.72
2023-11-16,1295.43,1332.02,1339.97,1290.05,2.06,26.89,18043634,19601354504.0,3.82,5.69
2023-11-17,1342.09,1338.35,1348.17,1326.26,0.48,6.33,16529517,18812272601.0,1.64,5.22
2023-11-20,1327.23,1351.03,1355.26,1327.23,0.95,12.68,16491106,18035788197.0,2.09,5.2
2023-11-21,1352.31,1368.48,1382.73,1351.26,1.29,17.45,20063940,21947858385.0,2.33,6.33
2023-11-22,1365.88,1385.68,1401.2,1365.88,1.26,17.2,18930955,23083826874.0,2.58,5.97
2023-11-23,1378.96,1370.31,1379.08,1352.15,-1.11,-15.37,14589366,17819743693.0,1.94,4.6
2023-11-24,1372.54,1336.96,1385.55,1333.24,-2.43,-33.35,12829995,16195786487.0,3.82,4.05
2023-11-27,1320.58,1308.35,1322.76,1301.25,-2.14,-28.61,10904709,13623897500.0,1.61,3.44
2023-11-28,1304.17,1306.81,1315.42,1293.7,-0.12,-1.54,8305626,9321987955.0,1.66,2.62
2023-11-29,1304.08,1302.05,1318.5,1294.36,-0.36,-4.76,8387486,9986496575.0,1.85,2.65
2023-11-30,1298.01,1300.52,1307.59,1284.78,-0.12,-1.53,9088718,11980931221.0,1.75,2.87
2023-12-01,1300.72,1368.8,1369.68,1300.72,5.25,68.28,17707354,18273985511.0,5.3,5.59
2023-12-04,1381.33,1392.05,1408.06,1381.28,1.7,23.25,16296350,17970387763.0,1.96,5.14
2023-12-05,1387.9,1344.49,1390.98,1344.24,-3.42,-47.56,12133888,15158775860.0,3.36,3.83
2023-12-06,1334.96,1370.12,1390.54,1324.44,1.91,25.63,15563846,16942690751.0,4.92,4.91
2023-12-07,1370.14,1400.87,1406.68,1370.14,2.24,30.75,17877410,19331678485.0,2.67,5.64
2023-12-08,1391.48,1394.34,1409.37,1386.32,-0.47,-6.53,15249913,17735611765.0,1.65,4.81
2023-12-11,1385.77,1433.92,1434.53,1385.77,2.84,39.58,17006233,19936697717.0,3.5,5.37
2023-12-12,1426.55,1443.69,1445.4,1425.35,0.68,9.77,14531250,18196602764.0,1.4,4.59
2023-12-13,1437.63,1420.64,1448.07,1420.38,-1.6,-23.05,12035653,14609972468.0,1.92,3.8
2023-12-14,1423.92,1419.11,1452.95,1414.5,-0.11,-1.53,12324836,15533445664.0,2.71,3.89
2023-12-15,1418.66,1447.1,1460.35,1406.47,1.97,27.99,16398999,19600219031.0,3.8,5.17
2023-12-18,1451.06,1425.81,1454.51,1413.37,-1.47,-21.29,13017095,16966411596.0,2.84,4.11
2023-12-19,1416.78,1440.65,1459.33,1416.78,1.04,14.84,12442092,15363830413.0,2.98,3.93
2023-12-20,1441.0,1394.96,1443.31,1393.89,-3.17,-45.69,11710221,14769853031.0,3.43,3.7
2023-12-21,1379.22,1414.98,1417.99,1379.22,1.44,20.02,11117739,13699119367.0,2.78,3.51
2023-12-22,1417.75,1325.64,1418.26,1319.63,-6.31,-89.34,17372782,20019542510.0,6.97,5.48
2023-12-25,1322.03,1307.54,1340.0,1291.69,-1.37,-18.1,10450603,11878685669.0,3.64,3.3
2023-12-26,1308.53,1278.11,1309.53,1273.33,-2.25,-29.43,8623876,9715337684.0,2.77,2.72
2023-12-27,1280.95,1277.46,1287.39,1264.57,-0.05,-0.65,7550300,8465379405.0,1.79,2.38
2023-12-28,1263.59,1273.57,1284.55,1244.46,-0.3,-3.89,9450319,9603508546.0,3.14,2.98
2023-12-29,1273.3,1309.72,1315.8,1273.3,2.84,36.15,10657459,11844992994.0,3.34,3.36
2024-01-02,1313.82,1295.1,1329.34,1293.76,-1.12,-14.62,9019140,10598163787.0,2.72,2.85
2024-01-03,1290.72,1293.84,1304.23,1281.25,-0.1,-1.26,8257155,9062774818.0,1.77,2.61
2024-01-04,1289.51,1291.56,1294.27,1270.37,-0.18,-2.28,7349363,8340502519.0,1.85,2.32
2024-01-05,1291.36,1257.42,1291.64,1250.52,-2.64,-34.14,7454544,8327549975.0,3.18,2.35
2024-01-08,1252.51,1236.71,1257.1,1236.71,-1.65,-20.71,5493504,5771251633.0,1.62,1.73
2024-01-09,1239.57,1232.33,1252.37,1219.44,-0.35,-4.38,5803078,6325198166.0,2.66,1.83
2024-01-10,1229.29,1202.47,1229.29,1197.85,-2.42,-29.86,5948235,5756318804.0,2.55,1.88
2024-01-11,1200.01,1235.77,1239.46,1200.01,2.77,33.3,6329084,6175041842.0,3.28,2.0
2024-01-12,1232.01,1211.66,1238.72,1211.66,-1.95,-24.11,5450371,5560023838.0,2.19,1.72
2024-01-15,1207.86,1211.33,1221.53,1204.73,-0.03,-0.33,5209700,5080512572.0,1.39,1.64
2024-01-16,1210.02,1199.68,1210.5,1179.38,-0.96,-11.65,6296317,5490086686.0,2.57,1.99
2024-01-17,1195.3,1170.9,1202.46,1170.8,-2.4,-28.78,5115414,4749025892.0,2.64,1.61
2024-01-18,1158.74,1171.66,1171.82,1137.53,0.06,0.76,7812693,7061793685.0,2.93,2.47
2024-01-19,1172.94,1166.95,1195.13,1166.56,-0.4,-4.71,7862549,8121585999.0,2.44,2.48
2024-01-22,1160.86,1085.75,1167.39,1076.59,-6.96,-81.2,8311147,7239022936.0,7.78,2.62
2024-01-23,1082.56,1101.61,1107.87,1071.61,1.46,15.86,7237661,6375075341.0,3.34,2.28
2024-01-24,1103.93,1112.66,1114.22,1071.31,1.0,11.05,6822281,5800981547.0,3.9,2.15
2024-01-25,1111.61,1156.09,1156.3,1099.95,3.9,43.43,8326645,7369572005.0,5.06,2.63
2024-01-26,1153.6,1152.62,1181.34,1147.07,-0.3,-3.47,8879214,7610345023.0,2.96,2.8
2024-01-29,1152.89,1103.69,1156.5,1102.83,-4.25,-48.93,6762987,5701937592.0,4.66,2.13
2024-01-30,1097.3,1065.4,1104.93,1064.32,-3.47,-38.29,5181573,4301943265.0,3.68,1.64
2024-01-31,1053.34,1014.83,1068.72,1013.59,-4.75,-50.57,8562042,7432056896.0,5.17,2.7
2024-02-01,1004.79,997.96,1023.09,977.53,-1.66,-16.87,9120997,7036755650.0,4.49,2.88
2024-02-02,997.37,956.03,1023.38,921.6,-4.2,-41.93,9596784,7161756488.0,10.2,3.03
2024-02-05,946.67,855.53,946.67,848.59,-10.51,-100.5,10463980,6674804548.0,10.26,3.3
2024-02-06,824.5,869.94,894.96,798.72,1.68,14.41,11899994,7304760635.0,11.25,3.76
2024-02-07,870.13,849.12,886.5,835.91,-2.39,-20.82,12845679,8181300225.0,5.82,4.05
2024-02-08,851.09,913.29,914.1,842.22,7.56,64.17,12608958,8272231848.0,8.47,3.98
2024-02-19,957.51,996.81,997.04,957.51,9.14,83.52,13916608,10584889199.0,4.33,4.39
2024-02-20,1007.23,1028.81,1031.56,995.81,3.21,32.0,12731853,12177651075.0,3.59,4.02
2024-02-21,1023.37,1042.05,1069.73,1017.58,1.29,13.24,14508617,15269273243.0,5.07,4.58
2024-02-22,1046.2,1086.98,1086.98,1046.2,4.31,44.93,12529856,14209475842.0,3.91,3.95
2024-02-23,1094.79,1141.19,1141.39,1086.11,4.99,54.21,19028950,18927480554.0,5.09,6.0
2024-02-26,1130.44,1150.9,1160.29,1116.39,0.85,9.71,15930181,15401078516.0,3.85,5.03
2024-02-27,1145.4,1191.44,1191.44,1137.16,3.52,40.54,15856165,16970552461.0,4.72,5.0
2024-02-28,1187.45,1103.55,1214.43,1103.12,-7.38,-87.89,20609986,19960434036.0,9.34,6.5
2024-02-29,1092.66,1160.64,1160.83,1092.66,5.17,57.09,13951947,14599063999.0,6.18,4.4
2024-03-01,1161.81,1186.1,1189.48,1157.16,2.19,25.46,14235363,16670347856.0,2.78,4.49
2024-03-04,1189.46,1195.94,1196.9,1153.96,0.83,9.84,14500186,16030730847.0,3.62,4.58
2024-03-05,1180.87,1177.63,1201.97,1165.67,-1.53,-18.31,13501635,16718563777.0,3.04,4.26
2024-03-06,1166.69,1176.67,1186.37,1157.69,-0.08,-0.96,10103403,12993734504.0,2.44,3.19
2024-03-07,1176.81,1147.53,1184.46,1141.25,-2.48,-29.14,11175377,12763757431.0,3.67,3.53
2024-03-08,1146.85,1166.75,1168.22,1134.9,1.67,19.22,8413884,9367835909.0,2.9,2.66
2024-03-11,1158.03,1182.8,1182.97,1154.3,1.38,16.05,9382160,10317239719.0,2.46,2.96
2024-03-12,1186.26,1196.74,1206.5,1181.91,1.18,13.94,11760878,12083658473.0,2.08,3.71
2024-03-13,1197.38,1228.67,1241.3,1197.38,2.67,31.93,16764900,18349341441.0,3.67,5.29
2024-03-14,1214.45,1208.53,1222.27,1185.97,-1.64,-20.14,13000183,13061871716.0,2.95,4.1
2024-03-15,1202.85,1214.48,1214.48,1188.89,0.49,5.95,9607322,9711160374.0,2.12,3.03
2024-03-18,1215.91,1245.83,1245.95,1208.85,2.58,31.35,12366207,13574869025.0,3.05,3.9
2024-03-19,1242.79,1239.23,1263.96,1238.79,-0.53,-6.6,11991431,13361449118.0,2.02,3.78
2024-03-20,1234.65,1283.52,1285.92,1234.49,3.57,44.29,16125515,18637386620.0,4.15,5.09
2024-03-21,1300.61,1297.31,1316.75,1291.03,1.07,13.79,20832656,21580807146.0,2.0,6.57
2024-03-22,1295.72,1319.75,1338.46,1277.51,1.73,22.44,22215829,26267300686.0,4.7,7.01
2024-03-25,1308.52,1272.94,1315.71,1271.33,-3.55,-46.81,17824027,19879534964.0,3.36,5.62
2024-03-26,1262.77,1231.49,1274.5,1223.62,-3.26,-41.45,13989955,15265465956.0,4.0,4.41
2024-03-27,1224.34,1180.93,1236.79,1180.93,-4.11,-50.56,12124888,12896361325.0,4.54,3.83
2024-03-28,1176.58,1227.36,1240.1,1176.58,3.93,46.43,12589241,12751321304.0,5.38,3.97
2024-03-29,1224.85,1220.2,1228.77,1196.78,-0.58,-7.16,11150574,11023518518.0,2.61,3.52
2024-04-01,1222.84,1244.55,1244.55,1222.84,2.0,24.35,10089940,10068907237.0,1.78,3.18
2024-04-02,1240.62,1209.61,1240.62,1201.97,-2.81,-34.94,9958997,10099883318.0,3.11,3.14
2024-04-03,1201.71,1171.27,1201.75,1162.26,-3.17,-38.34,8497179,8098941018.0,3.26,2.68
2024-04-08,1165.4,1137.05,1165.4,1135.51,-2.92,-34.22,7351639,6962780288.0,2.55,2.32
2024-04-09,1142.27,1147.4,1149.51,1129.15,0.91,10.35,5702984,5479250279.0,1.79,1.8
2024-04-10,1142.84,1111.02,1142.84,1099.47,-3.17,-36.38,8081326,6771716199.0,3.78,2.55
2024-04-11,1106.23,1124.92,1139.81,1105.2,1.25,13.9,6878418,6763081234.0,3.12,2.17
2024-04-12,1122.83,1111.27,1132.06,1110.35,-1.21,-13.65,8025708,6967257014.0,1.93,2.53
2024-04-15,1101.04,1061.12,1110.51,1043.76,-4.51,-50.15,9733480,7669563173.0,6.01,3.07
2024-04-16,1045.96,973.83,1047.14,973.83,-8.23,-87.29,9886096,7241500837.0,6.91,3.12
2024-04-17,984.87,1049.96,1050.17,984.87,7.82,76.13,9233867,7445826876.0,6.71,2.91
2024-04-18,1046.8,1045.91,1063.39,1030.88,-0.39,-4.05,8271870,7109268581.0,3.1,2.61
2024-04-19,1041.63,1027.85,1050.64,1023.53,-1.73,-18.06,6834765,5600032476.0,2.59,2.16
2024-04-22,1008.8,1007.32,1020.76,986.59,-2.0,-20.53,5755010,4758256166.0,3.32,1.82
2024-04-23,1009.86,1018.65,1028.03,1009.86,1.12,11.33,6291938,6686390309.0,1.8,1.99
2024-04-24,1017.67,1053.83,1053.83,1015.36,3.45,35.18,8590349,7776376024.0,3.78,2.71
2024-04-25,1042.97,1050.63,1064.58,1038.54,-0.3,-3.2,8890250,7820963199.0,2.47,2.81
2024-04-26,1053.65,1088.73,1093.76,1053.54,3.63,38.1,10917088,9471273718.0,3.83,3.44
2024-04-29,1096.8,1121.51,1126.63,1096.8,3.01,32.78,12510696,10658280672.0,2.74,3.95
2024-04-30,1118.9,1117.76,1132.09,1105.56,-0.33,-3.75,10182526,9692241181.0,2.37,3.21
2024-05-06,1128.6,1130.38,1136.47,1121.63,1.13,12.62,10756435,8656697087.0,1.33,3.39
2024-05-07,1133.99,1133.75,1148.09,1126.47,0.3,3.37,10119993,8976202408.0,1.91,3.19
2024-05-08,1125.04,1096.24,1125.04,1095.47,-3.31,-37.51,9572416,7647316070.0,2.61,3.02
2024-05-09,1094.64,1098.4,1103.5,1094.45,0.2,2.16,8152811,5932062854.0,0.83,2.57
2024-05-10,1101.79,1086.97,1110.46,1081.5,-1.04,-11.43,7885510,6872954055.0,2.64,2.49
2024-05-13,1072.71,1056.96,1073.96,1047.68,-2.76,-30.01,7531120,6105709275.0,2.42,2.38
2024-05-14,1064.18,1083.53,1086.73,1064.18,2.51,26.57,13321928,9103991893.0,2.13,4.2
2024-05-15,1081.56,1075.99,1093.11,1074.6,-0.7,-7.54,12308631,8084914013.0,1.71,3.88
2024-05-16,1072.66,1081.15,1091.42,1072.66,0.48,5.16,11587289,7543257530.0,1.74,3.66
2024-05-17,1077.22,1082.98,1083.97,1065.24,0.17,1.83,10078503,6703268678.0,1.73,3.18
2024-05-20,1079.73,1083.12,1091.31,1071.27,0.01,0.14,8343230,6088239639.0,1.85,2.63
2024-05-21,1086.95,1081.87,1097.94,1078.59,-0.12,-1.25,10406401,6765447773.0,1.79,3.28
2024-05-22,1078.28,1089.3,1089.3,1071.6,0.69,7.43,8899846,5690784958.0,1.64,2.81
2024-05-23,1087.16,1059.41,1087.29,1055.76,-2.74,-29.89,8053979,5599461909.0,2.89,2.54
2024-05-24,1055.75,1042.44,1061.92,1041.16,-1.6,-16.97,8010224,5273380668.0,1.96,2.53
2024-05-27,1047.26,1045.87,1050.21,1025.06,0.33,3.43,8909813,5166562654.0,2.41,2.81
2024-05-28,1039.8,1024.97,1042.35,1023.41,-2.0,-20.9,6985885,4486848545.0,1.81,2.2
2024-05-29,1018.43,1017.15,1032.05,1012.57,-0.76,-7.82,8062225,4853068917.0,1.9,2.54
2024-05-30,1009.03,1014.57,1023.76,1002.2,-0.25,-2.58,7189101,4993766735.0,2.12,2.27
2024-05-31,1015.32,1031.12,1035.99,1015.32,1.63,16.55,8275313,6017632576.0,2.04,2.61
2024-06-03,1027.41,1018.21,1036.83,1009.6,-1.25,-12.91,9490658,6286789509.0,2.64,2.99
2024-06-04,1009.97,1000.11,1011.09,990.88,-1.78,-18.1,8367419,6284323709.0,1.98,2.64
2024-06-05,994.36,977.38,995.16,976.26,-2.27,-22.73,7256747,5261182222.0,1.89,2.29
2024-06-06,974.78,925.26,984.56,918.43,-5.33,-52.12,11940297,7096381271.0,6.77,3.77
2024-06-07,938.59,943.56,952.61,924.92,1.98,18.3,7592712,4687460348.0,2.99,2.4
2024-06-11,940.71,952.99,955.36,923.75,1.0,9.43,6300422,4046352201.0,3.35,1.99
2024-06-12,953.87,981.03,983.22,953.46,2.94,28.04,9347399,7564585879.0,3.12,2.95
2024-06-13,978.33,971.67,985.64,967.67,-0.95,-9.36,8159839,5933192255.0,1.83,2.57
2024-06-14,969.32,977.13,977.74,962.25,0.56,5.46,10201828,5333349083.0,1.59,3.22
2024-06-17,969.89,970.93,977.89,966.07,-0.63,-6.2,9546600,4864141588.0,1.21,3.01
2024-06-18,972.14,983.85,984.89,970.1,1.33,12.92,7997883,4693899117.0,1.52,2.52
2024-06-19,986.14,974.31,990.86,974.19,-0.97,-9.54,7691449,5109281328.0,1.69,2.43
2024-06-20,972.21,939.91,972.42,939.67,-3.53,-34.4,7682878,4978997712.0,3.36,2.42
2024-06-21,934.48,933.47,943.23,921.52,-0.69,-6.44,5313571,3279510560.0,2.31,1.68
2024-06-24,931.56,901.78,931.56,896.25,-3.39,-31.69,8169794,4285564442.0,3.78,2.58
2024-06-25,901.17,900.26,912.51,890.71,-0.17,-1.52,6284363,3568762973.0,2.42,1.98
2024-06-26,900.01,960.11,960.26,895.6,6.65,59.85,9676894,7520086662.0,7.18,3.05
2024-06-27,956.59,952.41,976.63,951.82,-0.8,-7.7,8870231,9559812818.0,2.58,2.8
2024-06-28,950.52,945.23,965.34,942.84,-0.75,-7.18,7827708,7707912587.0,2.36,2.47
2024-07-01,940.08,948.56,951.08,926.63,0.35,3.33,5726375,5066786053.0,2.59,1.81
2024-07-02,953.61,964.77,975.33,953.61,1.71,16.21,6721891,6303016472.0,2.29,2.12
2024-07-03,965.04,955.91,966.6,954.52,-0.92,-8.86,5828336,4738174753.0,1.25,1.84
2024-07-04,954.44,922.84,956.93,922.84,-3.46,-33.07,6618979,5095978660.0,3.57,2.09
2024-07-05,919.36,940.74,945.61,907.57,1.94,17.9,6341243,5788319421.0,4.12,2.0
2024-07-08,934.02,902.77,934.02,900.72,-4.04,-37.97,6307177,4435103796.0,3.54,1.99
2024-07-09,901.73,919.69,920.25,881.15,1.87,16.92,7686937,5225522734.0,4.33,2.43
2024-07-10,912.39,907.28,925.17,904.4,-1.35,-12.41,6566731,5188773383.0,2.26,2.07
2024-07-11,925.96,942.44,942.44,919.69,3.88,35.16,7879346,5702112695.0,2.51,2.49
2024-07-12,938.45,932.77,951.3,930.05,-1.03,-9.67,6977722,4855134035.0,2.25,2.2
2024-07-15,930.48,914.78,930.48,910.8,-1.93,-17.99,6786492,4629325310.0,2.11,2.14
2024-07-16,909.71,910.66,914.85,898.67,-0.45,-4.12,5096398,3777762979.0,1.77,1.61
2024-07-17,908.97,902.36,925.03,901.81,-0.91,-8.3,6478271,5669507345.0,2.55,2.04
2024-07-18,889.68,896.64,899.57,873.68,-0.63,-5.72,6166156,4817825834.0,2.87,1.95
2024-07-19,893.86,905.9,911.35,891.88,1.03,9.26,5942212,4965828387.0,2.17,1.88
2024-07-22,905.17,922.65,924.63,900.37,1.85,16.75,6970511,5289524729.0,2.68,2.2
2024-07-23,919.04,900.97,927.71,900.7,-2.35,-21.68,6460296,5346091352.0,2.93,2.04
2024-07-24,895.72,889.13,905.21,886.86,-1.31,-11.84,5712416,4708621971.0,2.04,1.8
2024-07-25,884.76,898.18,907.43,881.07,1.02,9.05,4748185,4181970175.0,2.96,1.5
2024-07-26,903.95,922.77,923.43,903.95,2.74,24.59,5988759,4566447709.0,2.17,1.89
2024-07-29,919.07,921.64,923.72,907.31,-0.12,-1.13,6292339,4456204136.0,1.78,1.99
2024-07-30,919.15,920.18,926.16,913.81,-0.16,-1.46,5361063,4034235969.0,1.34,1.69
2024-07-31,916.51,956.22,956.67,916.51,3.92,36.04,9195991,7050522899.0,4.36,2.9
2024-08-01,954.89,961.58,967.07,950.17,0.56,5.36,8706625,6237112368.0,1.77,2.75
2024-08-02,953.84,942.44,966.06,941.58,-1.99,-19.14,7821000,5472036302.0,2.55,2.47
2024-08-05,934.76,915.98,957.32,915.98,-2.81,-26.46,7992382,5133178084.0,4.39,2.52
2024-08-06,930.37,938.01,938.91,926.12,2.41,22.03,6009890,4144592806.0,1.4,1.9
2024-08-07,939.74,937.94,949.47,936.56,-0.01,-0.07,5445263,3673333715.0,1.38,1.72
2024-08-08,935.5,932.9,940.06,917.59,-0.54,-5.04,5243291,3633274235.0,2.4,1.65
2024-08-09,937.78,917.85,941.41,917.85,-1.61,-15.05,4399567,2962016597.0,2.53,1.39
2024-08-12,915.9,907.83,919.4,899.9,-1.09,-10.02,4317947,2534800455.0,2.12,1.36
2024-08-13,906.73,914.25,914.25,900.3,0.71,6.42,3128611,1982076620.0,1.54,0.99
2024-08-14,915.72,923.32,929.33,912.41,0.99,9.07,4732596,2933523522.0,1.85,1.49
2024-08-15,921.8,942.54,951.41,916.95,2.08,19.22,8357768,4767210947.0,3.73,2.64
2024-08-16,941.93,935.14,946.48,934.03,-0.79,-7.4,7324659,4013261590.0,1.32,2.31
2024-08-19,931.22,947.5,952.86,931.22,1.32,12.36,6974870,3982073154.0,2.31,2.2
2024-08-20,944.61,937.99,953.56,931.47,-1.0,-9.51,8234146,4391193696.0,2.33,2.6
2024-08-21,933.98,921.98,945.11,921.15,-1.71,-16.01,6424794,3557895773.0,2.55,2.03
2024-08-22,922.17,904.12,932.81,900.97,-1.94,-17.86,6576484,3614306441.0,3.45,2.08
2024-08-23,904.91,912.34,917.02,897.34,0.91,8.22,5842804,3280049162.0,2.18,1.84
2024-08-26,911.47,914.43,919.75,902.79,0.23,2.09,4302718,2455230761.0,1.86,1.36
2024-08-27,913.17,900.67,922.52,898.04,-1.5,-13.76,5683980,3452091468.0,2.68,1.79
2024-08-28,896.54,905.49,911.45,886.03,0.54,4.82,5984596,3886544920.0,2.82,1.89
2024-08-29,897.05,916.05,919.28,895.89,1.17,10.56,5223802,3197553534.0,2.58,1.65
2024-08-30,917.95,947.23,957.73,917.95,3.4,31.18,9115922,5538508190.0,4.34,2.88
2024-09-02,948.52,930.41,954.72,930.01,-1.78,-16.82,6012720,3870710888.0,2.61,1.9
2024-09-03,933.92,949.13,951.35,933.92,2.01,18.72,5527213,3920997658.0,1.87,1.74
2024-09-04,940.52,936.98,948.1,934.47,-1.28,-12.15,4703288,3025924738.0,1.44,1.48
2024-09-05,940.96,954.12,959.7,940.96,1.83,17.14,5804421,3640968620.0,2.0,1.83
2024-09-06,950.75,936.51,956.53,935.37,-1.85,-17.61,5212291,3138807677.0,2.22,1.64
2024-09-09,921.12,925.34,935.45,914.11,-1.19,-11.17,4279104,2577588043.0,2.28,1.35
2024-09-10,926.79,939.43,942.13,911.34,1.52,14.09,4797686,3021094449.0,3.33,1.51
2024-09-11,933.72,929.63,936.39,925.48,-1.04,-9.8,4388304,2831007566.0,1.16,1.38
2024-09-12,929.94,934.63,946.64,929.94,0.54,5.0,6075519,3802169163.0,1.8,1.92
2024-09-13,932.03,919.24,934.92,919.1,-1.65,-15.39,6133364,3995966360.0,1.69,1.94
2024-09-18,913.94,912.41,923.5,897.01,-0.74,-6.83,4639118,2982948525.0,2.88,1.46
2024-09-19,913.54,938.92,940.33,910.09,2.91,26.51,7429056,4367757133.0,3.31,2.34
2024-09-20,934.85,935.63,939.98,929.72,-0.35,-3.29,5951767,3437241691.0,1.09,1.88
2024-09-23,932.29,939.27,942.3,927.15,0.39,3.64,5848090,3736882964.0,1.62,1.85
2024-09-24,936.33,961.79,961.79,927.54,2.4,22.52,9439676,6132135849.0,3.65,2.98
2024-09-25,965.28,983.51,1006.88,965.28,2.26,21.72,12934619,9588503558.0,4.33,4.08
2024-09-26,977.29,1004.38,1004.38,976.5,2.12,20.87,12918246,8192204743.0,2.83,4.08
2024-09-27,1016.49,1053.82,1067.73,1013.09,4.92,49.44,17666139,11326352954.0,5.44,5.57
2024-09-30,1097.0,1178.89,1186.52,1079.8,11.87,125.07,26336541,19203078009.0,10.13,8.31
2024-10-08,1332.73,1303.35,1332.73,1203.26,10.56,124.46,31268390,26697633709.0,10.98,9.87
2024-10-09,1247.13,1154.58,1247.13,1153.91,-11.41,-148.77,22835706,19005663215.0,7.15,7.21
2024-10-10,1168.49,1138.54,1189.35,1124.52,-1.39,-16.04,14183097,11049631388.0,5.62,4.48
2024-10-11,1126.66,1093.99,1131.76,1079.6,-3.91,-44.55,11637552,9105443644.0,4.58,3.67
2024-10-14,1101.38,1135.8,1135.94,1080.03,3.82,41.81,10902699,8826496342.0,5.11,3.44
2024-10-15,1128.75,1134.72,1176.36,1119.48,-0.1,-1.08,14713272,13356352362.0,5.01,4.64
2024-10-16,1114.23,1148.13,1160.46,1112.76,1.18,13.41,12702089,10172035198.0,4.2,4.01
2024-10-17,1155.75,1155.29,1178.29,1155.02,0.62,7.16,15241330,13800679483.0,2.03,4.81
2024-10-18,1150.97,1179.45,1203.46,1144.36,2.09,24.16,16914370,14976895360.0,5.12,5.34
2024-10-21,1185.09,1216.66,1230.65,1184.98,3.15,37.21,19329292,19227728417.0,3.87,6.1
2024-10-22,1215.8,1236.42,1268.33,1214.98,1.62,19.76,20292240,20470473970.0,4.38,6.4
2024-10-23,1238.31,1221.6,1246.76,1216.23,-1.2,-14.82,18159526,20346848711.0,2.47,5.73
2024-10-24,1210.14,1217.65,1227.24,1202.48,-0.32,-3.95,12714699,12784412093.0,2.03,4.01
2024-10-25,1219.61,1244.95,1251.07,1218.95,2.24,27.3,13738802,14797107186.0,2.64,4.34
2024-10-28,1245.22,1298.52,1298.6,1245.22,4.3,53.57,17731314,17671562793.0,4.29,5.6
2024-10-29,1322.58,1267.89,1323.52,1266.78,-2.36,-30.63,19531151,19886971926.0,4.37,6.16
2024-10-30,1262.25,1278.82,1285.52,1256.08,0.86,10.93,19118051,21916602614.0,2.32,6.03
2024-10-31,1275.96,1290.12,1299.29,1257.87,0.88,11.3,21617111,22298774975.0,3.24,6.82
2024-11-01,1280.76,1212.81,1285.08,1212.29,-5.99,-77.31,19596538,17382120733.0,5.64,6.18
2024-11-04,1203.69,1233.05,1233.05,1200.38,1.67,20.24,11796753,9776833686.0,2.69,3.72
2024-11-05,1233.1,1276.79,1279.99,1233.1,3.55,43.74,19954817,17385328775.0,3.8,6.3
2024-11-06,1279.57,1298.84,1312.06,1270.38,1.73,22.05,24097035,19841009352.0,3.26,7.6
2024-11-07,1298.15,1343.9,1343.9,1297.76,3.47,45.06,23034331,18731791912.0,3.55,7.27
2024-11-08,1360.9,1345.97,1372.6,1339.81,0.15,2.07,22576913,20128990743.0,2.44,7.12
2024-11-11,1341.63,1410.31,1410.63,1341.63,4.78,64.34,27467265,25958078947.0,5.13,8.67
2024-11-12,1417.19,1399.55,1428.04,1385.94,-0.76,-10.76,29956701,28481721114.0,2.99,9.45
2024-11-13,1396.2,1430.12,1446.46,1395.32,2.18,30.57,24316890,25450616098.0,3.65,7.67
2024-11-14,1430.63,1392.29,1444.65,1391.82,-2.65,-37.83,25010366,23511983966.0,3.69,7.89
2024-11-15,1392.21,1406.6,1456.43,1392.21,1.03,14.31,32403045,29844163799.0,4.61,10.22
2024-11-18,1412.44,1317.81,1414.57,1307.97,-6.31,-88.79,28880795,23321960895.0,7.58,9.11
2024-11-19,1311.7,1349.71,1349.71,1298.91,2.42,31.9,22039887,18504684459.0,3.85,6.95
2024-11-20,1343.54,1425.59,1434.89,1343.33,5.62,75.88,32721849,29112764930.0,6.78,10.33
2024-11-21,1429.06,1444.72,1467.89,1428.07,1.34,19.13,43287430,34597457452.0,2.79,13.66
2024-11-22,1441.51,1423.46,1500.13,1418.49,-1.47,-21.26,46491367,38865119082.0,5.65,14.67
2024-11-25,1448.26,1471.58,1471.71,1404.48,3.38,48.12,37832827,32317968360.0,4.72,11.94
2024-11-26,1473.26,1467.07,1512.67,1463.9,-0.31,-4.51,42533789,34524484548.0,3.31,13.42
2024-11-27,1450.46,1526.83,1526.83,1430.79,4.07,59.76,44462146,35280524597.0,6.55,14.03
2024-11-28,1535.85,1520.25,1572.66,1515.66,-0.43,-6.58,48400871,38876961991.0,3.73,15.27
2024-11-29,1511.92,1556.75,1570.13,1508.84,2.4,36.5,33118099,34965817816.0,4.03,10.45
2024-12-02,1551.08,1605.11,1613.29,1551.08,3.11,48.36,31442828,36855980912.0,4.0,9.92
2024-12-03,1598.1,1583.86,1601.24,1568.61,-1.32,-21.25,41210569,37299319949.0,2.03,13.0
2024-12-04,1582.43,1540.92,1586.93,1525.25,-2.71,-42.94,53354728,39485470527.0,3.89,16.84
2024-12-05,1533.68,1605.81,1609.65,1533.68,4.21,64.89,42723123,40880111376.0,4.93,13.48
2024-12-06,1624.5,1640.36,1667.14,1608.99,2.15,34.55,58514323,52761565664.0,3.62,18.46
2024-12-09,1643.54,1630.15,1654.71,1604.52,-0.62,-10.21,46107222,40516575861.0,3.06,14.55
2024-12-10,1660.0,1650.62,1686.78,1630.91,1.26,20.47,55805757,49243804406.0,3.43,17.61
2024-12-11,1641.69,1688.7,1689.31,1641.69,2.31,38.08,44278180,37077069192.0,2.88,13.97
2024-12-12,1711.98,1711.29,1732.42,1679.67,1.34,22.59,41190800,36227824335.0,3.12,13.0
2024-12-13,1701.35,1757.53,1787.92,1699.9,2.7,46.24,43000512,44176990739.0,5.14,13.57
2024-12-16,1773.91,1734.18,1783.71,1732.07,-1.33,-23.35,36986939,36464902835.0,2.94,11.67
2024-12-17,1726.38,1623.0,1728.93,1618.77,-6.41,-111.18,39687625,36948801197.0,6.35,12.52
2024-12-18,1600.24,1643.33,1662.58,1587.8,1.25,20.33,33788664,29835585983.0,4.61,10.66
2024-12-19,1611.13,1648.39,1655.17,1587.78,0.31,5.06,34309477,30749713082.0,4.1,10.83
2024-12-20,1637.71,1663.12,1672.37,1637.71,0.89,14.73,37299479,29302502443.0,2.1,11.77
2024-12-23,1653.07,1544.53,1653.07,1544.16,-7.13,-118.59,33390345,27323149209.0,6.55,10.54
2024-12-24,1541.61,1556.48,1557.23,1509.02,0.77,11.95,28520038,22161440268.0,3.12,9.0
2024-12-25,1546.09,1492.48,1546.09,1471.0,-4.11,-64.0,25251586,19516755607.0,4.82,7.97
2024-12-26,1497.77,1514.85,1531.26,1497.77,1.5,22.37,21089230,17196679286.0,2.24,6.65
2024-12-27,1508.2,1502.91,1535.87,1495.35,-0.79,-11.94,21023590,17564862603.0,2.67,6.63
2024-12-30,1499.89,1494.31,1502.9,1461.8,-0.57,-8.6,19724734,16765099776.0,2.73,6.22
2024-12-31,1493.36,1434.92,1499.72,1434.92,-3.97,-59.39,21505039,16127127684.0,4.34,6.79
2025-01-02,1434.26,1438.83,1480.65,1423.0,0.27,3.91,22348585,18716851540.0,4.02,7.05
2025-01-03,1436.44,1344.29,1442.28,1342.37,-6.57,-94.54,23197519,17936437825.0,6.94,7.32
2025-01-06,1329.3,1322.04,1347.9,1289.69,-1.66,-22.25,17865320,14712565682.0,4.33,5.64
2025-01-07,1321.8,1364.32,1364.51,1321.8,3.2,42.28,21428192,15253797142.0,3.23,6.76
2025-01-08,1355.61,1383.09,1392.26,1329.97,1.38,18.77,31092824,20051519344.0,4.57,9.81
2025-01-09,1374.08,1397.54,1414.15,1373.58,1.04,14.45,36752703,24226255304.0,2.93,11.6
2025-01-10,1392.48,1325.68,1402.74,1325.68,-5.14,-71.86,39417492,24543946207.0,5.51,12.44
2025-01-13,1294.58,1311.54,1319.62,1268.89,-1.07,-14.14,27245612,15471671440.0,3.83,8.6
2025-01-14,1344.6,1420.51,1420.51,1341.73,8.31,108.97,31518708,23986715272.0,6.01,9.95
2025-01-15,1455.23,1468.74,1484.94,1453.7,3.4,48.23,33305839,30789868459.0,2.2,10.51
2025-01-16,1493.7,1505.37,1526.62,1484.59,2.49,36.63,54712269,39506523789.0,2.86,17.26
2025-01-17,1488.78,1470.14,1495.37,1467.85,-2.34,-35.23,40982536,29685863919.0,1.83,12.93
2025-01-20,1482.52,1481.16,1491.12,1458.92,0.75,11.02,31483808,23614767258.0,2.19,9.93
2025-01-21,1490.85,1469.97,1495.28,1446.34,-0.76,-11.19,32709302,24107837576.0,3.3,10.32
2025-01-22,1448.9,1435.5,1451.77,1430.7,-2.34,-34.47,29039228,20099774665.0,1.43,9.16
2025-01-23,1449.2,1447.43,1484.25,1445.31,0.83,11.93,30590815,24377677788.0,2.71,9.65
2025-01-24,1435.34,1482.47,1484.42,1424.94,2.42,35.04,29820187,24527083036.0,4.11,9.41
2025-01-27,1506.26,1478.06,1515.69,1476.1,-0.3,-4.41,22822616,18547187042.0,2.67,7.2
2025-02-05,1510.18,1536.73,1543.56,1510.18,3.97,58.67,35823666,27548230327.0,2.26,11.3
2025-02-06,1538.88,1589.38,1589.83,1523.42,3.43,52.65,42813347,35051743829.0,4.32,13.51
2025-02-07,1588.69,1612.04,1637.82,1583.53,1.43,22.66,44207712,42280497495.0,3.42,13.95
2025-02-10,1619.75,1681.43,1681.43,1614.32,4.3,69.39,42904074,40949395831.0,4.16,13.54
2025-02-11,1681.88,1715.76,1735.82,1657.85,2.04,34.33,55798969,55632508125.0,4.64,17.61
2025-02-12,1700.29,1742.79,1742.79,1697.83,1.58,27.03,43853858,47171854168.0,2.62,13.84
2025-02-13,1766.53,1761.29,1794.73,1737.91,1.06,18.5,49641771,56536139208.0,3.26,15.66
2025-02-14,1742.78,1718.24,1742.78,1697.92,-2.44,-43.05,45153081,48973654430.0,2.55,14.25
2025-02-17,1728.0,1740.29,1744.59,1710.17,1.28,22.05,41426642,44004214815.0,2.0,13.07
2025-02-18,1724.84,1664.82,1732.31,1660.42,-4.34,-75.47,38816892,44046804214.0,4.13,12.25
2025-02-19,1663.34,1714.35,1715.36,1654.99,2.98,49.53,29950419,38436829405.0,3.63,9.45
2025-02-20,1703.37,1716.41,1730.93,1702.26,0.12,2.06,29377871,35423170516.0,1.67,9.27
2025-02-21,1718.22,1739.14,1748.48,1684.05,1.32,22.73,37411068,42673758782.0,3.75,11.81
2025-02-24,1726.92,1708.36,1727.95,1688.74,-1.77,-30.78,34409700,37780905669.0,2.25,10.86
2025-02-25,1670.73,1688.89,1710.78,1666.19,-1.14,-19.47,27863299,30067270666.0,2.61,8.79
2025-02-26,1694.5,1702.32,1705.79,1680.75,0.8,13.43,25000056,29236502605.0,1.48,7.89
2025-02-27,1695.6,1690.76,1710.74,1665.34,-0.68,-11.56,31866485,34077823645.0,2.67,10.06
2025-02-28,1673.72,1604.44,1674.55,1600.08,-5.11,-86.32,27002416,30478107018.0,4.4,8.52
2025-03-03,1601.42,1586.88,1618.82,1573.79,-1.09,-17.56,20114972,24026593936.0,2.81,6.35
2025-03-04,1565.33,1600.74,1601.12,1561.45,0.87,13.86,17585704,20506357565.0,2.5,5.55
2025-03-05,1596.09,1616.89,1616.9,1578.36,1.01,16.15,24223379,26538034258.0,2.41,7.64
2025-03-06,1628.01,1692.92,1704.41,1628.01,4.7,76.03,35695664,40075922315.0,4.73,11.26
2025-03-07,1687.87,1668.25,1709.3,1658.25,-1.46,-24.67,51654059,49988082787.0,3.02,16.3
2025-03-10,1657.26,1649.02,1662.11,1639.57,-1.15,-19.23,31081491,27982957304.0,1.35,9.81
2025-03-11,1618.99,1651.99,1652.52,1618.64,0.18,2.97,24027629,22002536774.0,2.05,7.58
2025-03-12,1658.34,1669.45,1689.88,1656.3,1.06,17.46,28599543,29536272310.0,2.03,9.02
2025-03-13,1653.23,1614.76,1658.1,1596.92,-3.28,-54.69,24497908,24399820723.0,3.66,7.73
2025-03-14,1603.28,1645.41,1645.52,1593.72,1.9,30.65,22346227,23142177179.0,3.21,7.05
2025-03-17,1645.36,1659.35,1669.34,1643.55,0.85,13.94,20979325,21491391211.0,1.57,6.62
2025-03-18,1662.07,1661.2,1666.82,1646.27,0.11,1.85,19967099,21362450600.0,1.24,6.3
2025-03-19,1650.57,1635.25,1651.42,1628.66,-1.56,-25.95,18198433,20046870390.0,1.37,5.74
2025-03-20,1630.06,1628.95,1652.62,1618.08,-0.39,-6.3,17589132,25905751276.0,2.11,5.55
2025-03-21,1614.33,1600.16,1628.75,1598.62,-1.77,-28.79,19359866,24985940165.0,1.85,6.11
2025-03-24,1595.17,1564.1,1596.2,1531.26,-2.25,-36.06,21175890,23772173074.0,4.06,6.68
2025-03-25,1556.49,1519.35,1558.92,1514.06,-2.86,-44.75,15166508,18264340863.0,2.87,4.79
2025-03-26,1516.98,1539.83,1547.06,1515.22,1.35,20.48,12990775,14225201847.0,2.1,4.1
2025-03-27,1537.53,1532.33,1544.85,1517.08,-0.49,-7.5,15049859,15526902591.0,1.8,4.75
2025-03-28,1521.97,1514.31,1535.06,1509.92,-1.18,-18.02,12795214,13004295927.0,1.64,4.04
2025-03-31,1497.46,1503.99,1507.3,1469.22,-0.68,-10.32,15289730,14928539441.0,2.51,4.82
2025-04-01,1501.34,1489.61,1509.5,1488.57,-0.96,-14.38,11066541,11142695258.0,1.39,3.49
2025-04-02,1482.09,1491.59,1503.29,1482.09,0.13,1.98,11800913,10972188748.0,1.42,3.72
2025-04-03,1467.43,1472.08,1491.56,1463.49,-1.31,-19.51,11199999,10437748561.0,1.88,3.53
2025-04-07,1359.68,1280.19,1377.12,1276.33,-13.04,-191.89,12929868,11666393797.0,6.85,4.08
2025-04-08,1249.25,1255.46,1295.13,1223.11,-1.93,-24.73,20075837,14776493723.0,5.63,6.34
2025-04-09,1226.09,1291.3,1300.67,1153.16,2.85,35.84,20424947,15147853197.0,11.75,6.45
2025-04-10,1314.27,1321.3,1348.22,1312.68,2.32,30.0,17429626,14110939672.0,2.75,5.5
2025-04-11,1310.11,1327.7,1345.52,1307.34,0.48,6.4,12616019,10325518171.0,2.89,3.98
2025-04-14,1348.44,1360.84,1374.31,1348.44,2.5,33.14,12545578,10186370095.0,1.95,3.96
2025-04-15,1366.35,1375.84,1391.17,1360.67,1.1,15.0,13227203,11056878683.0,2.24,4.17
2025-04-16,1372.84,1355.39,1383.44,1335.5,-1.49,-20.45,13882018,11843144794.0,3.48,4.38
2025-04-17,1344.1,1352.31,1369.77,1344.1,-0.23,-3.08,10378696,8936819258.0,1.89,3.28
2025-04-18,1347.9,1348.78,1356.07,1338.75,-0.26,-3.53,9677523,7937719200.0,1.28,3.05
2025-04-21,1346.81,1389.63,1389.63,1343.99,3.03,40.85,13776365,11218520474.0,3.38,4.35
2025-04-22,1393.65,1382.75,1401.45,1376.63,-0.5,-6.88,20111607,13628705852.0,1.79,6.35
2025-04-23,1389.46,1384.31,1402.1,1381.44,0.11,1.56,15977627,12944920084.0,1.49,5.04
2025-04-24,1383.13,1354.73,1383.97,1348.04,-2.14,-29.58,12400402,10491005708.0,2.6,3.91
2025-04-25,1357.72,1364.02,1376.73,1357.72,0.69,9.29,11644600,11638515305.0,1.4,3.67
2025-04-28,1361.01,1351.66,1372.47,1347.38,-0.91,-12.36,12788273,12622270915.0,1.84,4.04
2025-04-29,1345.15,1370.0,1376.99,1335.36,1.36,18.34,14402554,12385778664.0,3.08,4.54
2025-04-30,1377.11,1402.0,1408.62,1377.11,2.34,32.0,21230530,17045407453.0,2.3,6.7
2025-05-06,1415.26,1450.28,1450.28,1411.12,3.44,48.28,23147577,19252702154.0,2.79,7.3
2025-05-07,1465.43,1441.86,1470.87,1425.95,-0.58,-8.42,19410574,16367938571.0,3.1,6.13
2025-05-08,1437.56,1468.67,1471.19,1436.06,1.86,26.81,20354423,16543048102.0,2.44,6.42
2025-05-09,1463.36,1439.53,1463.36,1435.03,-1.98,-29.14,14684430,12068348224.0,1.93,4.63
2025-05-12,1450.99,1459.13,1459.13,1442.29,1.36,19.6,13054012,10555777794.0,1.17,4.12
2025-05-13,1472.58,1451.66,1483.21,1449.81,-0.51,-7.47,14795527,13271668118.0,2.29,4.67
2025-05-14,1449.47,1463.67,1470.24,1446.91,0.83,12.01,14357212,13390019465.0,1.61,4.53
2025-05-15,1462.98,1433.78,1462.98,1433.78,-2.04,-29.89,13664124,13487678416.0,1.99,4.31
2025-05-16,1423.58,1438.06,1447.36,1418.22,0.3,4.28,9756477,10203575727.0,2.03,3.08
2025-05-19,1436.44,1446.7,1446.76,1418.95,0.6,8.64,10151548,9163911913.0,1.93,3.2
2025-05-20,1444.8,1486.24,1487.19,1437.03,2.73,39.54,16539375,13786145711.0,3.47,5.22
2025-05-21,1480.61,1465.59,1480.61,1462.52,-1.39,-20.65,13522222,12200629690.0,1.22,4.27
2025-05-22,1457.94,1456.17,1476.25,1446.4,-0.64,-9.42,14825177,12673438430.0,2.04,4.68
2025-05-23,1449.09,1411.94,1453.26,1411.93,-3.04,-44.23,12620846,11098796996.0,2.84,3.98
2025-05-26,1412.25,1445.09,1445.31,1412.25,2.35,33.15,10425210,9158728287.0,2.34,3.29
2025-05-27,1442.92,1439.25,1446.96,1428.44,-0.4,-5.84,9413199,8460635740.0,1.28,2.97
2025-05-28,1437.28,1435.33,1442.45,1421.9,-0.27,-3.92,13079125,10262730441.0,1.43,4.13
2025-05-29,1431.91,1478.33,1478.33,1430.21,3.0,43.0,15721574,13089321904.0,3.35,4.96
2025-05-30,1473.8,1448.26,1477.79,1443.95,-2.03,-30.07,11618023,10253462711.0,2.29,3.67
2025-06-03,1446.88,1458.18,1481.97,1446.24,0.68,9.92,12591694,11624297896.0,2.47,3.97
2025-06-04,1459.0,1468.39,1468.59,1453.01,0.7,10.21,10736237,9463674883.0,1.07,3.39
2025-06-05,1470.78,1502.08,1504.42,1467.71,2.29,33.69,16205092,14952603895.0,2.5,5.11
2025-06-06,1504.8,1500.09,1508.38,1489.06,-0.13,-1.99,13497089,14279301705.0,1.29,4.26
2025-06-09,1506.79,1543.88,1545.85,1506.79,2.92,43.79,16014530,15777412935.0,2.6,5.05
2025-06-10,1549.52,1540.51,1551.42,1507.66,-0.22,-3.37,19636641,19758506834.0,2.83,6.2
2025-06-11,1543.67,1565.78,1568.92,1539.12,1.64,25.27,19176128,19029966137.0,1.93,6.05
2025-06-12,1562.09,1581.26,1592.79,1557.53,0.99,15.48,19459496,18897195128.0,2.25,6.14
2025-06-13,1579.65,1539.28,1579.65,1525.45,-2.65,-41.98,21019874,19475037569.0,3.43,6.63
2025-06-16,1531.49,1584.38,1586.23,1531.49,2.93,45.1,16188380,17062309643.0,3.56,5.11
2025-06-17,1585.18,1567.27,1587.22,1558.93,-1.08,-17.11,17525309,17705094220.0,1.79,5.53
2025-06-18,1557.72,1540.58,1558.93,1529.25,-1.7,-26.69,13691547,12960600347.0,1.89,4.32
2025-06-19,1537.22,1526.42,1549.03,1520.82,-0.92,-14.16,14434727,15076372471.0,1.83,4.55
2025-06-20,1524.01,1478.88,1529.53,1478.49,-3.11,-47.54,12345982,12193187164.0,3.34,3.9
2025-06-23,1452.75,1501.88,1504.1,1452.75,1.56,23.0,10970568,10504815920.0,3.47,3.46
2025-06-24,1506.71,1529.96,1532.48,1506.71,1.87,28.08,12647713,12042518250.0,1.72,3.99
2025-06-25,1530.7,1548.01,1548.63,1519.53,1.18,18.05,14721759,14306752504.0,1.9,4.65
2025-06-26,1547.76,1560.82,1577.16,1533.94,0.83,12.81,15563196,15532168602.0,2.79,4.91
2025-06-27,1558.38,1556.01,1571.3,1549.94,-0.31,-4.81,13556622,12911155346.0,1.37,4.28
2025-06-30,1557.41,1579.01,1579.22,1557.04,1.48,23.0,15196237,13794220626.0,1.43,4.8
2025-07-01,1577.78,1559.76,1577.78,1545.08,-1.22,-19.25,12547560,11454497099.0,2.07,3.96
2025-07-02,1553.31,1537.68,1553.74,1528.77,-1.42,-22.08,9811755,8832689450.0,1.6,3.1
2025-07-03,1536.93,1539.18,1549.02,1529.9,0.1,1.5,8607314,8367202970.0,1.24,2.72
2025-07-04,1540.82,1526.46,1547.15,1521.63,-0.83,-12.72,10690949,9848209439.0,1.66,3.37
2025-07-07,1511.41,1529.23,1532.64,1511.38,0.18,2.77,9588294,8554268222.0,1.39,3.03
2025-07-08,1519.64,1547.36,1547.36,1516.37,1.19,18.13,11637072,11050312095.0,2.03,3.67
2025-07-09,1542.29,1550.78,1566.38,1538.05,0.22,3.42,15176486,15810026044.0,1.83,4.79
2025-07-10,1541.19,1566.02,1567.33,1538.62,0.98,15.24,14436867,13882365631.0,1.85,4.56
2025-07-11,1558.77,1573.43,1581.91,1547.47,0.47,7.41,18048398,16461532082.0,2.2,5.7
2025-07-14,1556.83,1539.95,1559.26,1535.29,-2.13,-33.48,15477230,14505725071.0,1.52,4.88
2025-07-15,1532.82,1547.38,1548.5,1515.73,0.48,7.43,24030135,19585995431.0,2.13,7.58
2025-07-16,1543.2,1546.31,1566.93,1537.58,-0.07,-1.07,26443191,20237843268.0,1.9,8.34
2025-07-17,1539.87,1548.29,1552.05,1534.69,0.13,1.98,16829486,14011636160.0,1.12,5.31
2025-07-18,1549.58,1533.93,1555.95,1533.12,-0.93,-14.36,14625252,13934678161.0,1.47,4.62
2025-07-21,1527.45,1538.25,1538.25,1526.95,0.28,4.32,20416702,14833560550.0,0.74,6.44
2025-07-22,1533.86,1520.42,1533.86,1512.76,-1.16,-17.83,15846419,11995679927.0,1.37,5.0
2025-07-23,1516.88,1507.83,1526.91,1506.3,-0.83,-12.59,12492954,10678618986.0,1.36,3.94
2025-07-24,1506.2,1527.49,1527.49,1506.2,1.3,19.66,12785756,11433483268.0,1.41,4.03
2025-07-25,1533.04,1559.94,1559.94,1525.41,2.12,32.45,22134289,20768890663.0,2.26,6.98
2025-07-28,1558.31,1551.35,1558.31,1539.49,-0.55,-8.59,14552256,14492008160.0,1.21,4.59
2025-07-29,1549.9,1548.47,1549.9,1531.0,-0.19,-2.88,12713152,12373303992.0,1.22,4.01
2025-07-30,1545.05,1544.83,1559.93,1528.89,-0.24,-3.64,16420065,15923122266.0,2.0,5.18
2025-07-31,1546.51,1564.31,1585.81,1546.51,1.26,19.48,29042934,25704644023.0,2.54,9.16
2025-08-01,1574.61,1582.74,1585.54,1546.72,1.18,18.43,25832039,24876958428.0,2.48,8.15
2025-08-04,1573.29,1577.4,1580.11,1556.2,-0.34,-5.34,19328735,17384914618.0,1.51,6.1
2025-08-05,1572.36,1577.14,1577.56,1563.36,-0.02,-0.26,16605477,15260696058.0,0.9,5.24
2025-08-06,1573.22,1585.06,1585.06,1564.15,0.5,7.92,15349448,15018310076.0,1.33,4.84
2025-08-07,1583.18,1581.23,1589.37,1574.8,-0.24,-3.83,15952788,15353387652.0,0.92,5.03
2025-08-08,1578.69,1557.97,1578.69,1557.38,-1.47,-23.26,16778874,15431000064.0,1.35,5.29
2025-08-11,1552.99,1575.52,1579.03,1552.87,1.13,17.55,20599529,15453829067.0,1.68,6.5
2025-08-12,1574.31,1575.95,1576.84,1565.13,0.03,0.43,17233155,16479760073.0,0.74,5.44
2025-08-13,1575.79,1585.63,1598.85,1573.31,0.61,9.68,23526732,23904368328.0,1.62,7.42
2025-08-14,1586.48,1560.82,1589.32,1557.28,-1.56,-24.81,21001953,19794788284.0,2.02,6.63
2025-08-15,1556.68,1578.6,1580.07,1556.36,1.14,17.78,15775166,15297662756.0,1.52,4.98
2025-08-18,1580.75,1621.22,1625.77,1580.75,2.7,42.62,31517801,28353441821.0,2.85,9.95
2025-08-19,1622.02,1633.03,1640.7,1614.19,0.73,11.81,27946155,25297266472.0,1.64,8.82
2025-08-20,1630.4,1649.86,1649.97,1624.3,1.03,16.83,38117349,28881473602.0,1.57,12.03
2025-08-21,1653.87,1652.71,1659.99,1635.14,0.17,2.85,32428462,28296858950.0,1.51,10.23
2025-08-22,1649.0,1674.7,1675.41,1649.0,1.33,21.99,31545243,32662609680.0,1.6,9.95
2025-08-25,1686.71,1697.48,1707.24,1680.76,1.36,22.78,32777753,35406003912.0,1.58,10.34
2025-08-26,1688.73,1721.12,1728.68,1684.21,1.39,23.64,35343429,35647863481.0,2.62,11.15
2025-08-27,1731.99,1675.32,1741.01,1675.25,-2.66,-45.8,42673341,40875601622.0,3.82,13.47
2025-08-28,1667.71,1680.36,1691.25,1626.26,0.3,5.04,32690094,30558372695.0,3.88,10.32
2025-08-29,1684.39,1665.2,1685.26,1659.69,-0.9,-15.16,25105826,23595983004.0,1.52,7.92
2025-09-01,1672.81,1703.2,1703.47,1672.81,2.28,38.0,29010599,27549598467.0,1.84,9.15
2025-09-02,1702.55,1660.34,1705.5,1654.24,-2.52,-42.86,40872310,36054794911.0,3.01,12.9
2025-09-03,1665.17,1624.53,1675.82,1617.66,-2.16,-35.81,29441710,25331594609.0,3.5,9.29
2025-09-04,1621.51,1606.2,1638.16,1585.85,-1.13,-18.33,27546679,23989562762.0,3.22,8.69
2025-09-05,1613.13,1634.37,1634.55,1582.6,1.75,28.17,23594003,20839012361.0,3.23,7.45
2025-09-08,1629.82,1652.89,1653.06,1627.15,1.13,18.52,23317549,20543407567.0,1.59,7.36
2025-09-09,1659.33,1640.7,1659.8,1631.42,-0.74,-12.19,23128225,22826002206.0,1.72,7.3
2025-09-10,1642.15,1681.64,1686.04,1642.15,2.5,40.94,28807284,27239985742.0,2.68,9.09
2025-09-11,1677.75,1692.09,1692.18,1651.07,0.62,10.45,32810454,30105728749.0,2.44,10.35
2025-09-12,1693.38,1689.5,1716.52,1686.7,-0.15,-2.59,31764524,30916044201.0,1.76,10.02
2025-09-15,1681.74,1676.22,1684.76,1658.75,-0.79,-13.28,23675203,22178442527.0,1.54,7.47
2025-09-16,1687.99,1696.98,1697.68,1676.78,1.24,20.76,36289529,30412116652.0,1.25,11.45
2025-09-17,1691.15,1676.27,1691.15,1673.44,-1.22,-20.71,27679650,24615486689.0,1.04,8.73
2025-09-18,1671.68,1641.16,1679.75,1625.41,-2.09,-35.11,31988838,28720757506.0,3.24,10.09
2025-09-19,1639.97,1640.43,1653.23,1625.29,-0.04,-0.73,22319512,21192312684.0,1.7,7.04
2025-09-22,1642.43,1642.23,1644.58,1628.35,0.11,1.8,21120666,21364712973.0,0.99,6.66
2025-09-23,1633.8,1598.91,1634.31,1562.15,-2.64,-43.32,23147740,22078375895.0,4.39,7.3
2025-09-24,1591.1,1625.98,1625.98,1581.99,1.69,27.07,20215562,19395255296.0,2.75,6.38
2025-09-25,1619.3,1636.76,1658.48,1617.88,0.66,10.78,21196764,22383326522.0,2.5,6.69
2025-09-26,1639.56,1617.8,1639.56,1614.79,-1.16,-18.96,26986701,24819744037.0,1.51,8.52
2025-09-29,1607.71,1612.7,1617.01,1590.69,-0.32,-5.1,19414859,18683726957.0,1.63,6.13
2025-09-30,1624.62,1622.81,1640.17,1620.91,0.63,10.11,19426324,20523976477.0,1.19,6.13
2025-10-09,1629.75,1625.59,1631.84,1611.35,0.17,2.78,21715155,22095678039.0,1.26,6.85
2025-10-10,1617.33,1610.84,1621.37,1602.57,-0.91,-14.75,18978731,18751407815.0,1.16,5.99
2025-10-13,1541.44,1580.28,1586.6,1539.22,-1.9,-30.56,16095288,14968966846.0,2.94,5.08
2025-10-14,1585.06,1557.86,1596.69,1552.69,-1.42,-22.42,16336646,15280862712.0,2.78,5.16
2025-10-15,1558.32,1586.52,1586.81,1545.83,1.84,28.66,14299651,12645714275.0,2.63,4.51
2025-10-16,1579.46,1571.48,1584.33,1565.9,-0.95,-15.04,16278647,13967613233.0,1.16,5.14
2025-10-17,1568.81,1538.58,1577.79,1538.33,-2.09,-32.9,16907465,14921216632.0,2.51,5.34
2025-10-20,1553.64,1562.44,1566.13,1552.31,1.55,23.86,12659377,11610656243.0,0.9,3.99
2025-10-21,1560.83,1581.8,1583.09,1556.86,1.24,19.36,13360881,13639381976.0,1.68,4.22
2025-10-22,1571.73,1579.29,1588.6,1566.96,-0.16,-2.51,13360984,13818640221.0,1.37,4.22
2025-10-23,1574.86,1593.01,1593.38,1561.57,0.87,13.72,13989390,14364358852.0,2.01,4.41
2025-10-24,1591.89,1594.68,1600.23,1588.94,0.1,1.67,14187586,14693671687.0,0.71,4.48
2025-10-27,1598.61,1591.27,1601.47,1579.34,-0.21,-3.41,16148442,14953932217.0,1.39,5.1
2025-10-28,1585.97,1605.48,1612.23,1576.1,0.89,14.21,16560337,16220237788.0,2.27,5.23
2025-10-29,1598.76,1599.6,1599.64,1585.87,-0.37,-5.88,14363053,13393387241.0,0.86,4.53
2025-10-30,1602.32,1591.13,1618.7,1590.93,-0.53,-8.47,20288668,18403193553.0,1.74,6.4
2025-10-31,1588.87,1640.01,1652.15,1588.87,3.07,48.88,31596213,28199046650.0,3.98,9.97
2025-11-03,1646.31,1674.29,1674.29,1643.25,2.09,34.28,27845531,26057842632.0,1.89,8.79
2025-11-04,1661.92,1668.35,1669.37,1652.66,-0.35,-5.94,22017413,19881474044.0,1.0,6.95
2025-11-05,1643.33,1666.54,1671.83,1642.08,-0.11,-1.81,22291986,19982081787.0,1.78,7.03
2025-11-06,1666.21,1649.0,1666.21,1631.41,-1.05,-17.54,19084310,17142604675.0,2.09,6.02
2025-11-07,1638.81,1629.6,1638.81,1627.15,-1.18,-19.4,15387428,14697655036.0,0.71,4.86
2025-11-10,1634.89,1655.34,1659.44,1634.64,1.58,25.74,20498839,20094140607.0,1.52,6.47
2025-11-11,1652.21,1652.97,1661.68,1640.43,-0.14,-2.37,16825120,17365641618.0,1.28,5.31
2025-11-12,1651.49,1650.01,1655.59,1631.67,-0.18,-2.96,18750208,17792255514.0,1.45,5.92
2025-11-13,1648.8,1670.16,1670.16,1636.24,1.22,20.15,19148938,18301181374.0,2.06,6.04
2025-11-14,1652.25,1637.93,1662.93,1637.93,-1.93,-32.23,18523638,18471877321.0,1.5,5.85
2025-11-17,1642.52,1682.19,1684.99,1642.26,2.7,44.26,26141874,23572392971.0,2.61,8.25
2025-11-18,1680.13,1717.45,1732.64,1673.09,2.1,35.26,44890952,41043464071.0,3.54,14.17
2025-11-19,1710.02,1676.3,1710.02,1668.32,-2.4,-41.15,31647759,29564098254.0,2.43,9.99
2025-11-20,1678.04,1651.28,1681.16,1645.25,-1.49,-25.02,24322086,22049456469.0,2.14,7.67
2025-11-21,1635.27,1647.52,1677.05,1624.86,-0.23,-3.76,33876468,35007094871.0,3.16,10.69
2025-11-24,1672.27,1727.73,1740.8,1650.36,4.87,80.21,43400265,47109705003.0,5.49,13.7
2025-11-25,1725.01,1760.01,1780.77,1725.01,1.87,32.28,50448048,55709886580.0,3.23,15.92
2025-11-26,1754.66,1747.49,1787.49,1735.92,-0.71,-12.52,35849061,39576467154.0,2.93,11.31
2025-11-27,1751.19,1719.12,1761.93,1718.05,-1.62,-28.37,32151112,36252027289.0,2.51,10.15
2025-11-28,1719.52,1724.19,1746.14,1710.87,0.29,5.07,29291737,33321185258.0,2.05,9.24
2025-12-01,1720.55,1720.07,1729.31,1704.65,-0.24,-4.12,26175460,28848450198.0,1.43,8.26
2025-12-02,1715.78,1710.32,1715.78,1684.79,-0.57,-9.75,25627010,27422072203.0,1.8,8.09
2025-12-03,1704.25,1647.29,1705.02,1641.34,-3.69,-63.03,23726023,24586307468.0,3.72,7.49
2025-12-04,1641.54,1623.17,1645.51,1618.85,-1.46,-24.12,19071027,18900172269.0,1.62,6.02
2025-12-05,1619.24,1636.69,1636.69,1599.41,0.83,13.52,16923337,16996326936.0,2.3,5.34
2025-12-08,1637.31,1661.02,1669.41,1637.31,1.49,24.33,21683827,21310083936.0,1.96,6.84
2025-12-09,1655.65,1648.22,1673.0,1646.56,-0.77,-12.8,17287234,17198615603.0,1.59,5.46
2025-12-10,1643.27,1645.59,1651.73,1631.69,-0.16,-2.63,15246966,15440008034.0,1.22,4.81
2025-12-11,1640.57,1594.06,1641.88,1594.06,-3.13,-51.53,18426367,16815039671.0,2.91,5.81
2025-12-12,1589.14,1585.83,1597.12,1580.91,-0.52,-8.23,16613049,13698785574.0,1.02,5.24
2025-12-15,1573.67,1575.07,1588.78,1560.97,-0.68,-10.76,14897133,13584087060.0,1.75,4.7
2025-12-16,1569.52,1535.97,1573.76,1531.87,-2.48,-39.1,15983437,14777357434.0,2.66,5.04
2025-12-17,1533.49,1551.71,1551.75,1516.87,1.02,15.74,13903046,12507415894.0,2.27,4.39
2025-12-18,1539.25,1554.47,1572.87,1537.15,0.18,2.76,13721799,13668837147.0,2.3,4.33
2025-12-19,1563.28,1580.42,1585.43,1556.45,1.67,25.95,15084745,14649306455.0,1.86,4.76
2025-12-22,1581.73,1579.13,1589.14,1576.9,-0.08,-1.29,13265416,12752566450.0,0.77,4.19
2025-12-23,1576.2,1557.02,1578.48,1551.16,-1.4,-22.11,13333106,12190224923.0,1.73,4.21
2025-12-24,1553.3,1577.43,1578.55,1549.33,1.31,20.41,15921510,13401133244.0,1.88,5.02
2025-12-25,1578.56,1599.78,1603.11,1577.52,1.42,22.35,15748159,15263546861.0,1.62,4.97
2025-12-26,1595.85,1596.22,1603.21,1579.75,-0.22,-3.56,16582713,16683981142.0,1.47,5.23
2025-12-29,1591.92,1581.24,1594.68,1577.91,-0.94,-14.98,13964862,14134202369.0,1.05,4.41
2025-12-30,1585.68,1594.57,1615.19,1584.74,0.84,13.33,21378387,22257314820.0,1.93,6.75
2025-12-31,1600.44,1649.59,1663.46,1597.81,3.45,55.02,35965784,36981307129.0,4.12,11.35
2026-01-05,1657.75,1725.21,1736.32,1656.4,4.58,75.62,57129645,57843688156.0,4.84,18.03
2026-01-06,1714.66,1738.65,1743.26,1711.12,0.78,13.44,56616772,55186759120.0,1.86,17.87
2026-01-07,1735.59,1740.66,1764.86,1731.79,0.12,2.01,46089820,47269495230.0,1.9,14.54
2026-01-08,1737.29,1781.04,1799.42,1724.65,2.32,40.38,48541453,54413078095.0,4.3,15.32
2026-01-09,1776.88,1888.43,1888.43,1776.88,6.03,107.39,48659284,62652245561.0,6.26,15.35
2026-01-12,1955.93,2044.63,2053.18,1950.5,8.27,156.2,42354305,64484938168.0,5.44,13.37
2026-01-13,2123.7,2064.04,2137.71,2052.92,0.95,19.41,52268402,93031323336.0,4.15,16.49
2026-01-14,2064.1,2175.79,2213.08,2064.1,5.41,111.75,54262968,94516525259.0,7.22,17.12
2026-01-15,2132.66,2089.11,2132.66,2063.0,-3.98,-86.68,67763281,92125190717.0,3.2,21.38
2026-01-16,2040.73,1976.6,2041.98,1962.18,-5.39,-112.51,27462075,39654285070.0,3.82,8.67
2026-01-19,1933.81,1939.23,1965.2,1930.94,-1.89,-37.37,24270100,31692363011.0,1.73,7.66
2026-01-20,1947.32,1931.69,1960.52,1915.97,-0.39,-7.54,28538022,39851109236.0,2.3,9.01
2026-01-21,1907.55,1930.43,1959.0,1899.82,-0.07,-1.26,27961827,44257798887.0,3.06,8.82
2026-01-22,1925.63,1960.58,1970.57,1916.56,1.56,30.15,31364061,47275180045.0,2.8,9.9
2026-01-23,1967.93,2018.46,2030.25,1953.33,2.95,57.88,56442673,74016639208.0,3.92,17.81
2026-01-26,2046.3,2002.69,2052.8,1960.84,-0.78,-15.77,46373737,63936641082.0,4.56,14.63
2026-01-27,2014.45,2047.38,2049.07,2001.85,2.23,44.69,45966440,67532860622.0,2.36,14.5
2026-01-28,2042.8,2022.0,2083.52,2022.0,-1.24,-25.38,49485499,72824693324.0,3.0,15.62
2026-01-29,1992.54,2102.95,2161.38,1985.2,4.0,80.95,60891007,95318409870.0,8.71,19.21
2026-01-30,2070.86,2075.83,2110.25,2055.87,-1.29,-27.12,49891008,76533442219.0,2.59,15.74
2026-02-02,2055.68,2053.08,2117.3,2046.53,-1.1,-22.75,47548787,70712418231.0,3.41,15.0
2026-02-03,2085.26,2118.77,2118.77,2067.73,3.2,65.69,49123908,72813638046.0,2.49,15.5
2026-02-04,2098.17,2039.55,2101.06,2011.94,-3.74,-79.22,46194990,66473082360.0,4.21,14.58
2026-02-05,2009.28,2047.47,2075.44,2009.28,0.39,7.92,38108556,53263052339.0,3.24,12.03
2026-02-06,2014.68,2005.21,2043.55,1967.19,-2.06,-42.26,37426983,48870845915.0,3.73,11.81
2026-02-09,2062.29,2087.09,2091.88,2031.96,4.08,81.88,38043962,54079465022.0,2.99,12.0
2026-02-10,2108.46,2142.29,2173.17,2086.36,2.64,55.2,46996582,72213514220.0,4.16,14.83
2026-02-11,2131.68,2081.78,2132.66,2077.03,-2.82,-60.51,35927421,56453283244.0,2.6,11.34
2026-02-12,2078.91,2082.2,2107.99,2047.94,0.02,0.42,40009381,61633484724.0,2.88,12.63
2026-02-13,2076.65,2041.94,2103.5,2040.41,-1.93,-40.26,35151674,53742461415.0,3.03,11.09
2026-02-24,2054.49,2005.17,2055.58,1994.68,-1.8,-36.77,29522718,44531141355.0,2.98,9.32
2026-02-25,2003.31,1996.12,2012.97,1985.91,-0.45,-9.05,27611121,39325836384.0,1.35,8.71
2026-02-26,1996.98,1977.2,1999.6,1972.47,-0.95,-18.92,26105630,34927646520.0,1.36,8.24
2026-02-27,1971.94,2005.67,2020.79,1971.66,1.44,28.47,28195921,40807726122.0,2.48,8.9
2026-03-02,1951.06,1920.22,1969.97,1915.54,-4.26,-85.45,29786392,40253624387.0,2.71,9.4
2026-03-03,1921.32,1820.51,1926.37,1817.45,-5.19,-99.71,27994127,35925205678.0,5.67,8.83
2026-03-04,1796.99,1815.55,1836.77,1796.99,-0.27,-4.96,16546590,21185241282.0,2.19,5.22
2026-03-05,1850.66,1847.45,1865.5,1837.54,1.76,31.9,20009759,26025123621.0,1.54,6.31
2026-03-06,1836.81,1866.44,1866.44,1833.94,1.03,18.99,15675097,21798130829.0,1.76,4.95
2026-03-09,1834.19,1891.13,1897.07,1826.93,1.32,24.69,18937897,27336359830.0,3.76,5.98
2026-03-10,1908.31,1905.09,1932.71,1890.27,0.74,13.96,19929476,30129322782.0,2.24,6.29
2026-03-11,1905.79,1885.02,1907.44,1880.2,-1.05,-20.07,18170731,25676159007.0,1.43,5.73
2026-03-12,1882.31,1855.38,1887.53,1851.75,-1.57,-29.64,16866429,23246715102.0,1.9,5.32
2026-03-13,1846.1,1822.12,1849.56,1817.75,-1.79,-33.26,17898323,22138457634.0,1.71,5.65
2026-03-16,1815.77,1841.82,1841.82,1811.15,1.08,19.7,16519401,20402882054.0,1.68,5.21
2026-03-17,1844.18,1802.75,1849.84,1801.88,-2.12,-39.07,14370129,17976663146.0,2.6,4.53
2026-03-18,1812.63,1851.87,1852.1,1802.91,2.72,49.12,14759865,18684720626.0,2.73,4.66
2026-03-19,1823.93,1819.8,1841.66,1812.61,-1.73,-32.07,13867268,17872657202.0,1.57,4.38
2026-03-20,1823.3,1752.4,1826.79,1752.4,-3.7,-67.4,15419779,18521668189.0,4.09,4.87
2026-03-23,1720.95,1657.97,1730.35,1646.23,-5.39,-94.43,17317250,18837613146.0,4.8,5.46
2026-03-24,1690.06,1716.43,1716.52,1658.23,3.53,58.46,15089744,16665579366.0,3.52,4.76
2026-03-25,1723.2,1755.06,1761.28,1723.2,2.25,38.63,15433043,18220874569.0,2.22,4.87
2026-03-26,1754.74,1719.08,1762.61,1711.29,-2.05,-35.98,12049923,13646428083.0,2.92,3.8
2026-03-27,1701.19,1739.07,1745.91,1700.66,1.16,19.99,14086836,15204513584.0,2.63,4.45
2026-03-30,1711.63,1748.23,1748.23,1695.22,0.53,9.16,12952058,15094009160.0,3.05,4.09
2026-03-31,1746.69,1733.3,1774.57,1732.71,-0.85,-14.93,19096306,23893324744.0,2.39,6.03
2026-04-01,1764.86,1754.65,1767.52,1738.65,1.23,21.35,17559834,22316214030.0,1.67,5.54
2026-04-02,1745.1,1699.92,1745.1,1691.28,-3.12,-54.73,15295598,18400758192.0,3.07,4.83
2026-04-03,1710.13,1648.07,1712.05,1648.01,-3.05,-51.85,12691004,14177800486.0,3.77,4.0
2026-04-07,1654.71,1676.01,1685.33,1647.5,1.7,27.94,10756672,12467078100.0,2.3,3.39
2026-04-08,1717.62,1795.24,1795.24,1717.62,7.11,119.23,24372758,33558010152.0,4.63,7.69
2026-04-09,1769.79,1754.88,1778.32,1742.91,-2.25,-40.36,29339069,38168647357.0,1.97,9.26
2026-04-10,1768.44,1762.99,1787.5,1759.57,0.46,8.11,20639725,26430794446.0,1.59,6.51
2026-04-13,1744.16,1759.93,1766.71,1741.82,-0.17,-3.06,16860391,21201542979.0,1.41,5.32
2026-04-14,1781.54,1782.27,1791.0,1761.73,1.27,22.34,22415516,31021662205.0,1.66,7.07
2026-04-15,1786.52,1760.74,1788.77,1756.17,-1.21,-21.53,18634430,24625230243.0,1.83,5.88
2026-04-16,1768.96,1803.38,1805.48,1768.96,2.42,42.64,22446441,30639295772.0,2.07,7.08
2026-04-17,1792.79,1799.8,1804.29,1779.74,-0.2,-3.58,19506130,28938886571.0,1.36,6.16
2026-04-20,1797.89,1831.87,1846.2,1794.69,1.78,32.07,27693220,40431135582.0,2.86,8.74
2026-04-21,1823.79,1803.94,1825.3,1793.15,-1.52,-27.93,19953876,28101377226.0,1.76,6.3
2026-04-22,1796.47,1801.88,1802.26,1780.8,-0.11,-2.06,19078093,27354760022.0,1.19,6.02
2026-04-23,1803.67,1786.22,1817.06,1780.73,-0.87,-15.66,23756117,34222784842.0,2.02,7.5
2026-04-24,1761.59,1750.49,1767.25,1729.27,-2.0,-35.73,26256164,35308261254.0,2.13,8.29
2026-04-27,1746.83,1739.93,1748.54,1710.74,-0.6,-10.56,21820178,25408270749.0,2.16,6.89
2026-04-28,1727.66,1701.13,1733.38,1692.23,-2.23,-38.8,19456768,23125211663.0,2.37,6.14
2026-04-29,1693.69,1739.2,1750.79,1693.69,2.24,38.07,20725354,24637844976.0,3.36,6.54
2026-04-30,1734.27,1736.2,1745.37,1724.1,-0.17,-3.0,18848227,20922448485.0,1.22,5.95
2026-05-06,1753.57,1784.4,1795.45,1753.57,2.78,48.2,24046051,30454948665.0,2.41,7.59
2026-05-07,1790.12,1846.76,1847.16,1783.92,3.49,62.36,27900126,39345166993.0,3.54,8.8
2026-05-08,1854.92,1846.36,1871.31,1846.12,-0.02,-0.4,27264271,41352221650.0,1.36,8.6
2026-05-11,1856.87,1859.61,1871.35,1848.96,0.72,13.25,25183955,36006532517.0,1.21,7.95
2026-05-12,1856.89,1838.11,1869.97,1828.79,-1.16,-21.5,23825990,30332850504.0,2.21,7.52
2026-05-13,1828.09,1862.73,1868.17,1827.15,1.34,24.62,21084065,29286013553.0,2.23,6.65
2026-05-14,1879.05,1789.89,1883.19,1789.89,-3.91,-72.84,23361453,31449382498.0,5.01,7.37
2026-05-15,1796.18,1802.67,1838.59,1790.45,0.71,12.78,22779319,30937657555.0,2.69,7.19
2026-05-18,1790.64,1805.84,1815.15,1785.96,0.18,3.17,20748827,26809142121.0,1.62,6.55
2026-05-19,1794.38,1829.61,1839.73,1789.52,1.32,23.77,29084266,37926173433.0,2.78,9.18
2026-05-20,1821.72,1774.19,1821.72,1766.48,-3.03,-55.42,24428199,31860941847.0,3.02,7.71
2026-05-21,1781.44,1699.06,1793.47,1695.85,-4.23,-75.13,22775959,29967499405.0,5.5,7.19
2026-05-22,1710.55,1705.8,1713.85,1681.4,0.4,6.74,16265066,20343984125.0,1.91,5.13
2026-05-25,1716.79,1681.38,1728.43,1663.91,-1.43,-24.42,16394394,20788018480.0,3.78,5.17
2026-05-26,1669.43,1637.15,1669.43,1612.37,-2.63,-44.23,16246704,19635734552.0,3.39,5.13
2026-05-27,1644.11,1595.53,1650.32,1589.45,-2.54,-41.62,15638740,19644772935.0,3.72,4.93
2026-05-28,1593.67,1610.85,1619.74,1572.32,0.96,15.32,14672454,17788502210.0,2.97,4.63
2026-05-29,1615.71,1600.2,1634.24,1593.64,-0.66,-10.65,17912923,24620970696.0,2.52,5.65
2026-06-01,1601.28,1662.73,1681.58,1597.87,3.91,62.53,21503555,30280663667.0,5.23,6.79
2026-06-02,1661.42,1628.29,1661.56,1593.52,-2.07,-34.44,18877665,24445590649.0,4.09,5.96
2026-06-03,1613.93,1606.35,1632.4,1593.31,-1.35,-21.94,17025988,21370578190.0,2.4,5.37
2026-06-04,1589.83,1579.04,1601.77,1563.98,-1.7,-27.31,14504392,17562020462.0,2.35,4.58
2026-06-05,1584.53,1582.29,1605.33,1562.86,0.21,3.25,16191728,19085119829.0,2.69,5.11
2026-06-08,1534.21,1545.08,1583.7,1526.45,-2.35,-37.21,13898513,15803720561.0,3.62,4.39
2026-06-09,1557.22,1573.32,1577.24,1531.66,1.83,28.24,12862314,15251858516.0,2.95,4.06
2026-06-10,1558.19,1550.34,1590.3,1536.29,-1.46,-22.98,14823844,16165249907.0,3.43,4.68
2026-06-11,1534.23,1500.38,1534.23,1486.07,-3.22,-49.96,13884199,14591105404.0,3.11,4.38
2026-06-12,1522.24,1509.82,1530.93,1498.9,0.63,9.44,13573353,14920323960.0,2.13,4.28
2026-06-15,1522.41,1543.83,1549.99,1521.23,2.25,34.01,13837859,15459696481.0,1.9,4.37
2026-06-16,1541.0,1543.15,1548.42,1521.05,-0.04,-0.68,12941343,13921419320.0,1.77,4.08
2026-06-17,1534.29,1514.46,1534.29,1500.81,-1.86,-28.69,12313280,12870988539.0,2.17,3.89
2026-06-18,1507.59,1515.03,1532.48,1487.74,0.04,0.57,14230899,16905521006.0,2.95,4.49
2026-06-22,1507.91,1545.81,1546.09,1490.83,2.03,30.78,17786426,22035735794.0,3.65,5.61
2026-06-23,1531.06,1517.77,1550.59,1507.21,-1.81,-28.04,16909887,18984787853.0,2.81,5.34
2026-06-24,1509.78,1489.87,1511.91,1465.31,-1.84,-27.9,12988055,14061452338.0,3.07,4.1
2026-06-25,1482.31,1452.37,1483.55,1447.93,-2.52,-37.5,13729617,15190176647.0,2.39,4.33
2026-06-26,1444.33,1398.28,1444.33,1397.69,-3.72,-54.09,14294412,15068372492.0,3.21,4.51
2026-06-30,1390.02,1412.82,1417.49,1379.71,1.75,0,12157680.0,12558720480.0,0,0
2026-07-01,1413.26,1433.85,1453.57,1406.44,1.49,0,14846342.0,15754203125.0,0,0
2026-07-02,1445.53,1431.20,1470.65,1425.37,-0.18,0,20942819.0,23442946597.0,0,0
2026-07-03,0.00,1415.08,0.00,0.00,-1.13,0,0,0,0,0
